"","V1","V2","V3","V4","V5","V6"
"AAAGCAATCTATGTGG-D1_Stim",0.0066309044851736,0.311391744896439,0.00271941588436895,0.0200417225450753,0.184771271047534,0.47444494114141
"AACCGCGGTACACCGC-D1_Stim",0.0109905254091301,0.247786391042205,0.00313522825150732,0.00509905254091301,0.0036520241171404,0.729336778639104
"AACGTTGTCTCTTATG-D1_Stim",0.214327339327339,0.00353812853812854,0.168623043623044,0.00740925740925741,0.00703463203463203,0.599067599067599
"AACTCCCAGCCTATGT-D1_Stim",0.511467764060357,0.00331961591220851,0.00422496570644719,0.160438957475995,0.0117146776406036,0.30883401920439
"AACTCTTAGTCGTTTG-D1_Stim",0.00296131778641495,0.278919119007959,0.126543454694482,0.265672509981227,0.0221570027233547,0.303746595806562
"AACTGGTGTAAGTAGT-D1_Stim",0.302514008783886,0.0784113281841587,0.00208238679388157,0.0037861578070574,0.00548992882023323,0.607716189610783
"AACTGGTTCCGCTGTT-D1_Stim",0.317761769628174,0.00516626646292658,0.00407480171723787,0.448082660263407,0.00909553954740595,0.215818962380848
"AAGACCTAGTTACGGG-D1_Stim",0.00634592171063977,0.00489739610277634,0.335678565269874,0.230970857044318,0.124711157096051,0.297396102776341
"AAGCCGCGTCAGAAGC-D1_Stim",0.146012342398205,0.190568990462692,0.00534443558626391,0.325390498125018,0.00605309002864145,0.326630643399179
"AAGGAGCTCTCACATT-D1_Stim",0.0715762027409457,0.103246526121657,0.145219243855131,0.172501510381888,0.00775859327800566,0.499697923622373
"AAGGTTCTCTACTATC-D1_Stim",0.221779107123075,0.191868837930652,0.0020217126398582,0.00285255345075883,0.0973191536501606,0.484158635205495
"AAGTCTGAGAGTAATC-D1_Stim",0.0648544181478313,0.00288312264360169,0.0180908025219402,0.249437632671166,0.322814688084149,0.341919335931312
"AAGTCTGCAGGACCCT-D1_Stim",0.21926505213589,0.00660107635385133,0.00697948200470905,0.0303144971409351,0.143836192398251,0.593003699966364
"AATCCAGAGGCGATAC-D1_Stim",0.00570740931751762,0.00292246862643975,0.00704830668729586,0.00611999312360323,0.519683685748668,0.458518136496476
"AATCGGTTCATCGCTC-D1_Stim",0.00381034235782839,0.117261137372869,0.291562813350523,0.00260707635009311,0.329207849878241,0.255550780690446
"ACACCAAAGCACACAG-D1_Stim",0.00870153429880392,0.278787319742951,0.00353595916735849,0.218553024013775,0.0120222611690188,0.478399901608093
"ACACCGGAGCGATATA-D1_Stim",0.0124501686599203,0.00389451088623122,0.0218337933149341,0.304722477767556,0.21704998466728,0.440049064704078
"ACACCGGCATCTACGA-D1_Stim",0.00500231895580733,0.00212018816669979,0.121380772543563,0.389418935930564,0.14582919234082,0.336248592062546
"ACACTGAAGACGACGT-D1_Stim",0.111155404956481,0.0632183908045977,0.243206431466348,0.131286957677231,0.0614244900671052,0.389708325028237
"ACACTGATCCCTTGTG-D1_Stim",0.241037376048818,0.170282227307399,0.241586575133486,0.169000762776506,0.00616323417238749,0.171929824561403
"ACATACGCAGTGGGAT-D1_Stim",0.295515421539767,0.00225422335375395,0.0044023656085077,0.309120322486541,0.0118810830880208,0.376826583923409
"ACATACGGTCTAGCGC-D1_Stim",0.0350412249705536,0.0892594228504123,0.00224528857479388,0.00655182567726737,0.159930800942285,0.706971436984688
"ACATGGTAGTACGACG-D1_Stim",0.0211354828399057,0.00351592153102401,0.219385512805146,0.256422549842183,0.0111870230532582,0.488353509928483
"ACCTTTATCTTCCTTC-D1_Stim",0.00444364378790608,0.00147120638923918,0.00264216657659281,0.324115774935447,0.17180087671891,0.495526331591905
"ACGAGCCAGAAGATTC-D1_Stim",0.201529834826598,0.00249893338209301,0.00441884561467666,0.148412263058451,0.201438410434571,0.441701712683611
"ACGAGGAAGCGTTGCC-D1_Stim",0.029894866002956,0.00471290331576452,0.159485763685546,0.0827686215454976,0.137984885244987,0.585152960205248
"ACGATGTGTACCGCTG-D1_Stim",0.00525488248924197,0.0156818934127772,0.00537901357166501,0.41327375041377,0.12814465408805,0.432265806024495
"ACGCAGCAGACAAGCC-D1_Stim",0.00792579517530198,0.0070951441525629,0.0164399681583775,0.620115598933998,0.157339147890492,0.191084345689267
"ACGCCGACAATCTACG-D1_Stim",0.288646378611777,0.00499807766243752,0.0537958773252891,0.453050601839529,0.0542394936858605,0.145269570875107
"ACGGGCTAGGGCTTCC-D1_Stim",0.00923242997556957,0.0536333162888472,0.0782625987159821,0.00565308789273337,0.467388216578603,0.385830350548264
"ACGTCAAGTCTGCGGT-D1_Stim",0.0767428816523145,0.454056550859481,0.00270546702299647,0.300042891550365,0.00706060906001518,0.159391599854829
"ACTATCTAGAAACCTA-D1_Stim",0.0331669313970199,0.00355495045760533,0.00264730353225928,0.00434914151728311,0.534982225247712,0.42129944784812
"ACTATCTGTCTCATCC-D1_Stim",0.0125133569540521,0.330971261458861,0.0813508801529723,0.00576458016984422,0.0152128676677352,0.554187053596536
"ACTGATGCATCAGTAC-D1_Stim",0.0284374619412983,0.185269760077944,0.234319814882475,0.0025879917184265,0.276884666910242,0.272500304469614
"ACTGCTCAGCACAGGT-D1_Stim",0.53852382169948,0.00285519474985085,0.0818631211113952,0.119577260717634,0.00298303929088895,0.254197562430751
"ACTTACTAGAGGTTGC-D1_Stim",0.00767506364223565,0.209430449485163,0.155515027166686,0.0156540902009955,0.0125764656711881,0.599148903833732
"ACTTACTAGCGATGAC-D1_Stim",0.0105441252001571,0.177950995498353,0.00637481494909212,0.233511586452763,0.00265869059488202,0.568959787304752
"ACTTACTAGTGAACAT-D1_Stim",0.14892529524117,0.00309364323568181,0.153364000753235,0.0224625400156027,0.411858069028596,0.260296451725715
"ACTTACTCAAGGCTCC-D1_Stim",0.131343482905983,0.00303819444444444,0.0723490918803419,0.0175614316239316,0.284288194444444,0.491419604700855
"ACTTTCATCCTCGCAT-D1_Stim",0.010031919744642,0.148455312357501,0.00208048335613315,0.368787049703602,0.00302097583219334,0.467624259005928
"AGAATAGAGGTTACCT-D1_Stim",0.312296704850799,0.20251732428228,0.0130816009051054,0.00894498656484231,0.00565690849950502,0.457502474897468
"AGAATAGCAGAGTGTG-D1_Stim",0.00425317185697809,0.164828431372549,0.00241493656286044,0.0112817185697809,0.34021770472895,0.477004036908881
"AGACGTTCAAGCTGGA-D1_Stim",0.0101666666666667,0.286666666666667,0.00404166666666667,0.0550416666666667,0.0215416666666667,0.622541666666667
"AGACGTTCATTAACCG-D1_Stim",0.148896765335122,0.00836606316058371,0.00300156464540026,0.0194782386563209,0.281763898202254,0.538493470000319
"AGACGTTGTGTCCTCT-D1_Stim",0.0030801516382345,0.00277552125643109,0.00186163011102085,0.209721093961549,0.47139859193068,0.311163011102085
"AGAGTGGTCGATGAGG-D1_Stim",0.00190064228601389,0.095785817276183,0.00190064228601389,0.478208153100013,0.144153886485778,0.278050858565998
"AGCAGCCGTCATATCG-D1_Stim",0.162549194695241,0.130899229420908,0.00469623309190727,0.2014419419916,0.275953302245593,0.224460098554751
"AGCAGCCTCCCACTTG-D1_Stim",0.0118544219162239,0.00708373992554845,0.00318045466045032,0.423651017384076,0.00665004156275977,0.547580324550941
"AGCGGTCAGTACGACG-D1_Stim",0.302706552706553,0.0087962962962963,0.00911680911680912,0.302492877492878,0.0337962962962963,0.343091168091168
"AGCGGTCAGTTCCACA-D1_Stim",0.00574082199795232,0.00672809711861928,0.262651747842621,0.297864560479743,0.0101287114231388,0.416886061137926
"AGCTCCTGTCCAGTGC-D1_Stim",0.0186635033610123,0.291617240015817,0.139066824831949,0.0306445235270858,0.00490312376433373,0.515104784499802
"AGCTCCTTCTGAGTGT-D1_Stim",0.00335709120958579,0.0520090899700444,0.343146369176738,0.103759942154736,0.0355076954860035,0.462219812002892
"AGCTCTCAGACCACGA-D1_Stim",0.00193969750540169,0.00120310351600864,0.215183657434689,0.552249066980947,0.00437045767039874,0.225054016892555
"AGGCCACCATGGTTGT-D1_Stim",0.0082352035711537,0.234741784037559,0.00407911952589856,0.0680366351112137,0.0082352035711537,0.676672054183022
"AGGCCGTGTCTCTTAT-D1_Stim",0.0327039368135259,0.3162100456621,0.00327039368135259,0.00845365913859064,0.00882389238553622,0.630538072318894
"AGGGATGTCATATCGG-D1_Stim",0.0121909712552987,0.13388409294842,0.00281568117825428,0.0703920294563569,0.124137504254463,0.656579720907206
"AGTCTTTGTAAGTGTA-D1_Stim",0.443361293735359,0.00389178568729691,0.014546965918537,0.0331368548326154,0.00729237512279906,0.497770724703393
"AGTGGGAAGTACGACG-D1_Stim",0.0672257162823201,0.0017120894479385,0.0498252969951083,0.123305380852551,0.183577917540182,0.574353598881901
"ATAACGCTCTGCGACG-D1_Stim",0.186809587613518,0.00396010123567069,0.00154831025755546,0.441119547417002,0.00413875241923478,0.36242370105702
"ATCATGGCACAGACAG-D1_Stim",0.308950113596365,0.00550382387763592,0.00262391603468689,0.104284662890787,0.0216313077981505,0.557006175802374
"ATCCACCCATCTCGCT-D1_Stim",0.0024238124796784,0.227927049156099,0.12506281221365,0.00419733380627235,0.00428600987260205,0.636102982471697
"ATCCGAACAACGCACC-D1_Stim",0.0534312715956157,0.0914624379304821,0.110821262671335,0.121873641335439,0.00393583670854214,0.618475549758587
"ATCCGAAGTAAATACG-D1_Stim",0.0110002558199028,0.0019003764207141,0.00332565873624968,0.461389467529145,0.0834703797098271,0.438913861784161
"ATGCGATAGCCATCGC-D1_Stim",0.252744255812368,0.0052498806845299,0.0194654666939388,0.0163973546055771,0.0797027340287721,0.626440308174814
"ATGGGAGAGAGTCGGT-D1_Stim",0.129738725245465,0.00312864037277417,0.277517057746713,0.282010317856549,0.11296388750208,0.194641371276419
"ATGGGAGGTAGAAAGG-D1_Stim",0.00792799818045943,0.00510121194398414,0.00168957338272086,0.609838515774767,0.00363908113201417,0.371803619586055
"ATTACTCAGTCCGTAT-D1_Stim",0.255755042588898,0.133118013995757,0.249770431588613,0.00981602862480605,0.181849846426649,0.169690636775276
"ATTACTCCATCCGGGT-D1_Stim",0.370670312719114,0.00340064507081756,0.0676623194502875,0.00950077128032534,0.155377927359417,0.393388024120039
"ATTGGTGGTGGTTTCA-D1_Stim",0.0164568581169683,0.00662208234985576,0.195351429320745,0.0127196433254655,0.0582546551271964,0.710595331759769
"ATTTCTGTCAACGCTA-D1_Stim",0.065619700656197,0.115387451153874,0.00335471503354715,0.118926491189265,0.0161837351618374,0.680527906805279
"CAAGAAAAGAATGTGT-D1_Stim",0.224533692895438,0.00465504510578189,0.317281453658223,0.00455873382773123,0.136312562201034,0.312658512311792
"CAAGGCCGTCTCCACT-D1_Stim",0.00801006980203685,0.0253461494450166,0.0779551436091086,0.00414807186176908,0.227199908456345,0.657340656825724
"CACAAACCAGTGGAGT-D1_Stim",0.00502698307089525,0.00314186441930953,0.058142973312634,0.0181119242995491,0.457122791454129,0.458453463443483
"CACACAAAGGGCACTA-D1_Stim",0.00586879815654929,0.00273637214661194,0.264023907251386,0.132462014834017,0.278065816951105,0.31684309066033
"CACACAATCGTGGACC-D1_Stim",0.22827029551064,0.265092388766593,0.00803815622706957,0.0556667333733574,0.125208458408378,0.317723967713962
"CACACCTTCAACGGGA-D1_Stim",0.193894835477709,0.234223519659783,0.00349587342775796,0.13150971276174,0.00630698814286229,0.430569070530147
"CACACTCGTTGCTCCT-D1_Stim",0.00438633252311905,0.169334786131366,0.00405107143854944,0.0980918056603246,0.00170424384656218,0.722431760400078
"CACAGTACAGACAAAT-D1_Stim",0.329306325127926,0.158900293699095,0.00302782571835165,0.0143821721621703,0.204771853332122,0.289611529960336
"CACCAGGGTAGCCTAT-D1_Stim",0.346852066434917,0.00430816769171346,0.239712392667201,0.100395162967585,0.00412989868378049,0.304602311554803
"CACCAGGGTTCCACGG-D1_Stim",0.154766343524733,0.00320034799900572,0.00403927417350236,0.00357320407655978,0.0658401690280885,0.768580661198111
"CACCTTGGTACCTACA-D1_Stim",0.0257472149988764,0.00388455488137661,0.00484766766188321,0.0284439307842948,0.56345308035571,0.373623551317859
"CACCTTGGTCCCGACA-D1_Stim",0.00335023820500999,0.00353465498693714,0.293345627785462,0.273613032119256,0.183341017365914,0.242815429537421
"CACTCCACAATAGCGG-D1_Stim",0.00714335493762632,0.171788974841452,0.140114293679002,0.389016656212977,0.0925500034845634,0.199386716844379
"CAGAATCAGTTTCCTT-D1_Stim",0.194922713988944,0.00901376712087603,0.00161966127953241,0.446111052427731,0.109573606563149,0.238759198619767
"CAGAATCCAGGGTATG-D1_Stim",0.278435927216415,0.00468447541618273,0.0531165311653116,0.0212930700735579,0.0100271002710027,0.63244289585753
"CAGAATCGTTGACGTT-D1_Stim",0.390088017238231,0.00661042328622037,0.0551477301778606,0.00518607793725576,0.21029180818816,0.332675943172273
"CAGCATACAACTGCTA-D1_Stim",0.00842618106305659,0.121520706042091,0.00399345074078511,0.480691665668304,0.00662912822970329,0.37873886825606
"CAGCGACAGGGTCGAT-D1_Stim",0.0364089969984017,0.00635403266674463,0.183994074767084,0.222352161540561,0.00413207032315909,0.54675866370405
"CAGCTAATCAGTCAGT-D1_Stim",0.135974433188616,0.00473347805113362,0.00283405692233478,0.200735648818138,0.0086227689339122,0.647099614085866
"CAGCTAATCTGTCTAT-D1_Stim",0.00738200228646088,0.00130654907724971,0.206696064020905,0.364853829821983,0.00346235505471174,0.41629919973869
"CAGCTGGGTGTTCGAT-D1_Stim",0.00331768388106416,0.0742097026604069,0.0895148669796557,0.20547730829421,0.00237871674491393,0.62510172143975
"CAGCTGGTCTCCGGTT-D1_Stim",0.157840240422254,0.176705305957522,0.176326489380509,0.00570750309366871,0.329974493017148,0.153445968128899
"CAGGTGCTCCCTCTTT-D1_Stim",0.00251969508499984,0.00357222594329091,0.00280674895544286,0.1869039645329,0.00682550314164514,0.797371862341722
"CAGTAACGTGTTGAGG-D1_Stim",0.277817178881009,0.00488573680063042,0.00240346729708432,0.0702521670606777,0.00795902285263987,0.636682427107959
"CAGTCCTGTGTTAAGA-D1_Stim",0.222293421213231,0.0716160136702063,0.22787745636519,0.0358232637617478,0.0641096057610155,0.37828023922861
"CAGTCCTTCTGCTGCT-D1_Stim",0.381352019337842,0.00304190771069285,0.00475298079795758,0.00336782639398137,0.00516037915206823,0.602324886607458
"CATATGGTCTAGCACA-D1_Stim",0.132481213097155,0.00275093934514224,0.00959473966720343,0.179884594739667,0.255568974771873,0.419719538378959
"CATATTCAGTACACCT-D1_Stim",0.0266365829964589,0.143492839459747,0.00285168123844442,0.010466610259785,0.21625771677478,0.600294569270784
"CATCAAGAGGATGGTC-D1_Stim",0.0313965341488277,0.177049657783603,0.140352410077181,0.165690985874472,0.0563856123489151,0.429124799767002
"CATCAAGTCCCTTGTG-D1_Stim",0.0136742869190687,0.0110538839191591,0.291165928737086,0.351615915183278,0.157886810638234,0.174603174603175
"CATGCCTCAGACGCCT-D1_Stim",0.00400662750414219,0.418195511372195,0.00174725109203193,0.00635637897273686,0.207621629763519,0.362072601295376
"CATGCCTCATTACCTT-D1_Stim",0.0251726533447755,0.00322831106207348,0.0235789301622328,0.423603448980426,0.184177189326141,0.340239467124351
"CATTATCTCCTAGAAC-D1_Stim",0.00529100529100529,0.00616675789089582,0.00529100529100529,0.319248312351761,0.158985586571793,0.505017332603539
"CCACCTAAGTATTGGA-D1_Stim",0.0169501231174483,0.11976750844643,0.199221210559469,0.307278245433202,0.233493672335796,0.123289240107656
"CCACGGAAGCGACGTA-D1_Stim",0.222849139655862,0.00976390556222489,0.131612645058023,0.421528611444578,0.0110844337735094,0.203161264505802
"CCACTACAGATAGTCA-D1_Stim",0.00953840912962017,0.0152614546073923,0.00289558848577755,0.24132175097939,0.0056549139839891,0.725327882813831
"CCAGCGAAGCGGCTTC-D1_Stim",0.277690790999768,0.224541869635815,0.0145557875202969,0.224802829969845,0.0122071445140339,0.246201577360241
"CCATGTCCATAGACTC-D1_Stim",0.0738171826832864,0.152325425546173,0.0019434392172631,0.0247620962337488,0.13634231336282,0.610809542956708
"CCATGTCTCTGCGACG-D1_Stim",0.2541354556804,0.180633583021223,0.0980024968789014,0.105493133583021,0.00179463171036205,0.359940699126092
"CCATTCGTCTACTTAC-D1_Stim",0.0222532101562954,0.289727499854744,0.125268723490791,0.0835221660565917,0.00525826506304108,0.473970135378537
"CCCAGTTGTTCGTCTC-D1_Stim",0.180706428913029,0.00218624034979846,0.00638792102206736,0.378287900526064,0.0338525654164105,0.398578943772631
"CCCAGTTTCAGCCTAA-D1_Stim",0.104960912896892,0.00414953132525657,0.096180208217554,0.0229335704494091,0.211885443295913,0.559890333814975
"CCCATACTCCTATGTT-D1_Stim",0.289039306495666,0.00305783161144757,0.00697660610378815,0.00323595772473578,0.25029687685548,0.447393421208883
"CCCTCCTAGGCTCAGA-D1_Stim",0.228780319432678,0.221720166933384,0.00454987605510057,0.111393517211083,0.00746807242147541,0.42608804794628
"CCTACACTCAGGTAAA-D1_Stim",0.0196924941301219,0.00265091267136257,0.171703400742256,0.0238960842232826,0.265432098765432,0.516625009467545
"CCTACCACACAACGCC-D1_Stim",0.0708382952618094,0.0109703727761539,0.00263433293637906,0.156796939843383,0.360001443470102,0.398758615712172
"CCTACCACAGGGTATG-D1_Stim",0.027234013325091,0.00837969640772031,0.00219795315612336,0.516312933580603,0.0229067930489731,0.422968610481489
"CCTAGCTTCAGTCCCT-D1_Stim",0.00470142602495544,0.0986185383244207,0.177896613190731,0.00236185383244207,0.00423351158645276,0.712188057040998
"CCTATTAAGACAATAC-D1_Stim",0.220951588869252,0.00575250372526597,0.0032574418685241,0.111896593547493,0.211283224174377,0.446858647815088
"CCTATTATCTGCTGCT-D1_Stim",0.00435392221976238,0.00247214227732271,0.176370747546307,0.16341967382481,0.194303003468379,0.45908051066342
"CCTCAGTAGCTGATAA-D1_Stim",0.306270837766901,0.00152514719443853,0.00493012697737107,0.00365325955877137,0.00344044832233809,0.68018018018018
"CCTCAGTGTATGAATG-D1_Stim",0.0671946765035623,0.00665437054717732,0.00220606849661857,0.151929405808108,0.405048642002098,0.366966836642436
"CCTCTGAAGGCACATG-D1_Stim",0.0499231950844854,0.0301876711413878,0.00273826220530288,0.450744673746076,0.17845455152608,0.287951646296667
"CCTCTGATCCACGACG-D1_Stim",0.0138098490022005,0.0132407618180439,0.240192730859701,0.178048410349799,0.0151756582441763,0.539532589726079
"CCTTCCCAGTGTGGCA-D1_Stim",0.168195417036526,0.0379064339020942,0.130815004767071,0.362691915705033,0.00890949140283394,0.291481737186442
"CCTTCCCCAACACCTA-D1_Stim",0.205169989775051,0.189544989775051,0.00242842535787321,0.205457566462168,0.0032911554192229,0.394107873210634
"CCTTCGATCAGAGCTT-D1_Stim",0.281225327648824,0.00382125375019738,0.096668245697142,0.0731722722248539,0.120827411969051,0.424285488709932
"CCTTTCTAGAGGGATA-D1_Stim",0.178037307380373,0.236723438767234,0.0056772100567721,0.0275750202757502,0.10455798864558,0.44742903487429
"CGAACATTCATCTGCC-D1_Stim",0.403857362369523,0.227971175753722,0.00209293699994701,0.00908705558204843,0.00400042388597467,0.352991045408785
"CGAACATTCTTGCATT-D1_Stim",0.359083325463531,0.00399785941385715,0.10891805962162,0.375893222526521,0.00654767526049045,0.14555985771398
"CGAATGTTCAACACGT-D1_Stim",0.0312902112167718,0.0796849009823306,0.00276182405925368,0.375984684430217,0.127608825283244,0.382669554028183
"CGACCTTCACAGACAG-D1_Stim",0.278152632714052,0.00178697969621345,0.00455987922482053,0.154019163816742,0.124164278892073,0.437317065656099
"CGACTTCCAAAGCGGT-D1_Stim",0.00341320226636631,0.448324117687214,0.00372039047033927,0.274865178510479,0.0121168680456004,0.257560243020001
"CGAGAAGAGAATAGGG-D1_Stim",0.344473934270454,0.00514433631508241,0.00652052819555031,0.00681542645565058,0.00180215603394607,0.635243618729316
"CGAGAAGTCTTGTCAT-D1_Stim",0.00425417880949988,0.00244531537868891,0.00164137607610625,0.313770810303822,0.0723880347033799,0.605500284728503
"CGAGCACGTTACGGAG-D1_Stim",0.193525049737746,0.0468077410019895,0.162814252125158,0.0050280340025321,0.0050280340025321,0.586796889130042
"CGAGCCAAGTGGTCCC-D1_Stim",0.00354353734475522,0.00385316682148141,0.190662951112946,0.160112842742629,0.00158255065882272,0.640244951319366
"CGATGGCTCAACGGGA-D1_Stim",0.0532161740651984,0.12819049792689,0.00745558979040663,0.00494503404465746,0.0338164251207729,0.772376279052075
"CGATGTACAAGCCATT-D1_Stim",0.0295133326213108,0.0906048631136744,0.0633700024920787,0.146676634981665,0.151803196981025,0.518031969810246
"CGATGTACAAGTTGTC-D1_Stim",0.0148738379814077,0.161387782204515,0.00411686586985392,0.00541168658698539,0.449535192563081,0.364674634794157
"CGATTGATCGCGGATC-D1_Stim",0.158671737619106,0.00421216210689895,0.196458512247986,0.205414468572363,0.00421216210689895,0.431030957346747
"CGCGGTAAGCTGATAA-D1_Stim",0.163816604708798,0.00300938219153833,0.148840502743848,0.00566471941936626,0.033492653567003,0.645176137369446
"CGCGTTTCAGCTTAAC-D1_Stim",0.149566153651276,0.00278675026917474,0.0047818101209703,0.00212173031857622,0.00345177021977326,0.837291785420229
"CGCGTTTGTATTAGCC-D1_Stim",0.0466306904663069,0.00480835754808358,0.127680918776809,0.00522346755223468,0.349972325999723,0.465684239656842
"CGGACACCAGCTCGAC-D1_Stim",0.100954887471741,0.0632992543104903,0.00307048621655363,0.00195701319296825,0.130917434288221,0.699800924520026
"CGGACACTCATGTCTT-D1_Stim",0.112348104489558,0.00352906934439351,0.00418394819180674,0.00800407480171724,0.356945353998399,0.514989449174125
"CGGACTGAGTCTCGGC-D1_Stim",0.00768882858435097,0.0032482217014103,0.256979564984992,0.430533283993257,0.00620862629003742,0.295341474445952
"CGGAGCTCAGTCCTTC-D1_Stim",0.229656779179452,0.122940106830322,0.103165132401409,0.0121320604614161,0.0349755654051597,0.497130355722241
"CGGAGTCAGAGTCTGG-D1_Stim",0.277799277605779,0.00303147574819401,0.00245098039215686,0.204947110423117,0.203108875128999,0.308662280701754
"CGGAGTCAGGACAGAA-D1_Stim",0.00829705696320274,0.169810618744652,0.00204635934070023,0.0183428209993675,0.200506008855155,0.600997135096923
"CGGGTCAGTAGGCTGA-D1_Stim",0.00683159511682432,0.00913574258226211,0.0720753496644838,0.45262349421942,0.00634651143989005,0.45298730697712
"CGGGTCATCACATAGC-D1_Stim",0.222413249663314,0.138943809278203,0.0106879853290925,0.00922662540473939,0.135935127081005,0.482793203243646
"CGGTTAACATCAGTAC-D1_Stim",0.287566424616754,0.00520268202431628,0.00278218290070389,0.187658236652478,0.0133822997523857,0.503408174053362
"CGGTTAACATTGAGCT-D1_Stim",0.0975684122265417,0.0109002210534339,0.132555835048403,0.0152450644103971,0.172116777193384,0.57161369006784
"CGTAGGCTCCTTAATC-D1_Stim",0.0687754924932743,0.00733315976742168,0.0884318319881975,0.181506552113165,0.00368827562266771,0.650264688015274
"CGTCTACAGGCCCTTG-D1_Stim",0.00411978633935675,0.232810546653029,0.00130696670076145,0.105296056370042,0.00411978633935675,0.652346857597454
"CGTCTACTCGATCCCT-D1_Stim",0.196248753337837,0.0685583759611363,0.108033330116141,0.0159572756812406,0.0231959592059968,0.588006305697648
"CGTTGGGCAAGCGCTC-D1_Stim",0.252426634971843,0.00223561705860713,0.0946033902142231,0.0102159209893313,0.119053683108357,0.521464753657639
"CGTTGGGTCCTTTACA-D1_Stim",0.22124973951356,0.00351284570271799,0.0116400226251079,0.00976452025840255,0.42380399511774,0.330028876782472
"CGTTGGGTCGTTGCCT-D1_Stim",0.275499885833578,0.00228332844048668,0.00335975470528754,0.00658903349969012,0.096813125876635,0.615454871644323
"CTAAGACCACAACGTT-D1_Stim",0.270531400966184,0.00624118582530681,0.214360728538422,0.264770306358208,0.0124523659495304,0.231644012362349
"CTACACCGTCGGGTCT-D1_Stim",0.566804020727977,0.00368358618967347,0.14256727227321,0.00480739214584504,0.008366111007055,0.27377161765624
"CTACATTTCGTTGCCT-D1_Stim",0.0132761632523424,0.512561537239955,0.00336668254724472,0.166587263776401,0.00832142289979355,0.295886930284262
"CTACGTCAGTATTGGA-D1_Stim",0.176223948698976,0.137655691207301,0.0721728943149587,0.0734677518806265,0.181403378961648,0.35907633493649
"CTACGTCAGTCGTACT-D1_Stim",0.0214330218068536,0.152274143302181,0.127414330218069,0.0143302180685358,0.241152647975078,0.443395638629283
"CTACGTCGTTGAGTTC-D1_Stim",0.314463050903941,0.00279096892443556,0.00291593768224611,0.00591518786969924,0.00529034408064651,0.668624510539032
"CTAGAGTTCATAGCAC-D1_Stim",0.0559253389681282,0.204789575629512,0.00193696073252333,0.280859306215883,0.323859834477901,0.132628983976052
"CTAGTGACAAGCGATG-D1_Stim",0.00614636935391652,0.00378787878787879,0.00593196112064037,0.0676815323041738,0.521690966266438,0.394761292166953
"CTAGTGATCTTGAGGT-D1_Stim",0.0191956791475075,0.00452521713743522,0.00463469819721188,0.0417487774614992,0.416611926136778,0.513283701919568
"CTCAGAATCATCTGCC-D1_Stim",0.00621360602187189,0.00323107513137338,0.00717227666524641,0.271019741513989,0.0623490981394688,0.65001420252805
"CTCATTAGTTAAGTAG-D1_Stim",0.00600523679417122,0.109147313296903,0.00583447176684882,0.314919171220401,0.0314492258652095,0.532644581056466
"CTCGAGGAGCTAACTC-D1_Stim",0.0891858186353109,0.00270799928736861,0.00901478710137182,0.185391056476038,0.106930340281489,0.606769998218421
"CTCGGAGAGTCTCCTC-D1_Stim",0.00400435768336131,0.00179607219621353,0.328268998616141,0.131554927421017,0.00418102052233313,0.530194623560934
"CTCTAATCAGTATCTG-D1_Stim",0.00433036493801292,0.00296839532041208,0.00296839532041208,0.00328269600139689,0.242360747337175,0.744089401082591
"CTCTAATCATCTCGCT-D1_Stim",0.209364450315573,0.0077792455599589,0.00381623367092324,0.111610157052693,0.131865551152209,0.535564362248642
"CTCTAATCATGGTCTA-D1_Stim",0.00732814526588846,0.234273670557717,0.00372892347600519,0.145849546044099,0.338748378728923,0.270071335927367
"CTCTAATTCATGTCCC-D1_Stim",0.136178680685497,0.00582137871632659,0.00626689239359648,0.118090825388339,0.2157474234459,0.517894799370341
"CTCTAATTCGGCTACG-D1_Stim",0.0038480892756712,0.246366515703164,0.218216262617293,0.404611786993458,0.0176124086078797,0.109344936802534
"CTCTACGCAGGACCCT-D1_Stim",0.00448365213846915,0.080036102134102,0.00334818179171398,0.423559553963956,0.010423035490727,0.478149474481032
"CTCTACGGTAGGCTGA-D1_Stim",0.00737151613036816,0.0784362446680747,0.00501097444817162,0.520354495382449,0.111235350147016,0.27759141922392
"CTCTGGTGTACATCCA-D1_Stim",0.00708580585392724,0.127419314454543,0.167530483988082,0.00610931670797967,0.0730363804802324,0.618818698515236
"CTCTGGTGTTACGTCA-D1_Stim",0.0719773252778399,0.0129037070187216,0.0217423733870366,0.0125680614604311,0.0738793167748191,0.806929216081152
"CTGAAACAGGCTCTTA-D1_Stim",0.0232205085739917,0.214919090501328,0.00458889693958527,0.00562398647483007,0.00262222682262016,0.749025290687644
"CTGAAACCACTGTGTA-D1_Stim",0.0127124907612712,0.266016260162602,0.168987435328899,0.014220251293422,0.224242424242424,0.313821138211382
"CTGAAACGTCCGTTAA-D1_Stim",0.0421372432468133,0.0029060167756423,0.00419391057393831,0.440393633181428,0.283666864804174,0.226702331418004
"CTGAAACTCTTACCGC-D1_Stim",0.386950260330121,0.205826963553783,0.111526531516561,0.00384956242383959,0.00576049628891104,0.286086185886784
"CTGAAGTCAGCCACCA-D1_Stim",0.14061281037312,0.00591827401608694,0.0729023753799801,0.123180803271191,0.00906571974282409,0.648320017216797
"CTGATCCCAAGGTTTC-D1_Stim",0.120374736709736,0.094250055015876,0.00578452639190166,0.00323807727372756,0.250620893457826,0.525731711150932
"CTGCCTACATCACCCT-D1_Stim",0.0354584419866319,0.00569493151095525,0.211162065761472,0.0101909300722357,0.116296496118455,0.62119713455025
"CTGCTGTGTGATGTCT-D1_Stim",0.00271658389575109,0.0019525446750711,0.156543146992657,0.171696591536143,0.00577274077847107,0.661318392121907
"CTGCTGTTCCGCGCAA-D1_Stim",0.00658693014387242,0.00232275957704975,0.0116831339920263,0.342728375801699,0.348240596290518,0.288438204194834
"CTGGTCTGTCTAGTCA-D1_Stim",0.190687850702982,0.0049492465796608,0.158249795094887,0.451327154656075,0.00674610680284976,0.188039846163546
"CTTAACTCAGTAACGG-D1_Stim",0.00493334441950057,0.164491006346831,0.241151852775699,0.0033535655885369,0.252293450846706,0.333776780022727
"CTTAACTGTCCTCCAT-D1_Stim",0.372825930717263,0.105038091131235,0.00434813856547362,0.0115710794882852,0.0044559436538738,0.501760816443869
"CTTAACTGTCTAAACC-D1_Stim",0.0406462585034014,0.212585034013605,0.0115646258503401,0.14687074829932,0.00329931972789116,0.585034013605442
"CTTACCGCACACCGCA-D1_Stim",0.00435914322451156,0.00181892307209835,0.231944052435162,0.00407689654091009,0.00238341643930128,0.755417568288017
"CTTACCGTCATTTGGG-D1_Stim",0.196547966186563,0.317958233925363,0.00215015758004183,0.232158110217667,0.00179670701893906,0.249388825071426
"CTTAGGAGTCTCCATC-D1_Stim",0.00570708076182892,0.0028203596788108,0.0522927865153627,0.00700112814387152,0.161291392925874,0.770887251974252
"CTTCTCTCACAAGTAA-D1_Stim",0.00616057805797852,0.0019287791116101,0.00175605262400322,0.240032242277687,0.0924374586176123,0.657684889311109
"CTTGGCTGTGGTTTCA-D1_Stim",0.00474338821323185,0.00325418493698464,0.00449518766719065,0.433716665287775,0.013595874355368,0.54019469953945
"CTTGGCTTCCCGACTT-D1_Stim",0.163963787937997,0.00462420216230298,0.00306109157222874,0.221310407711346,0.176859450306109,0.430181060310017
"CTTTGCGAGCCCGAAA-D1_Stim",0.343790414957691,0.00835088497210213,0.128293241695304,0.217751173188486,0.00912685215977534,0.292687433026642
"GAAACTCGTCCGAAGA-D1_Stim",0.117852008868747,0.106303145481568,0.372292473747046,0.0835708890675633,0.00163243427624686,0.318349048558829
"GAAATGATCTATGTGG-D1_Stim",0.00584139921888266,0.00186788928510783,0.197588724741043,0.230599422652403,0.0607573442010528,0.503345219901511
"GAACATCCATGTTGAC-D1_Stim",0.244047619047619,0.0820227173438183,0.00354958497160332,0.375682612494539,0.100780908693753,0.193916557448668
"GAACCTACATGTAAGA-D1_Stim",0.19078547553935,0.0158766332421756,0.0101792768155576,0.173579459130963,0.0108629595867517,0.598716195685202
"GAACCTATCGTTACAG-D1_Stim",0.110298429157794,0.0111409437397772,0.00271579791994568,0.0044748942999105,0.249452211215011,0.621917723667562
"GAAGCAGGTTCACGGC-D1_Stim",0.0685635424007517,0.28597016678412,0.00240779891942683,0.00628376791167489,0.0124500822175241,0.624324641766502
"GAAGCAGTCCAAATGC-D1_Stim",0.352808844324463,0.165573981231521,0.00205681964262759,0.112064532716287,0.262083815400437,0.105412006684664
"GAATAAGCAGCCAGAA-D1_Stim",0.324065264122353,0.0387285477675582,0.00162103111674948,0.0111357789759312,0.0304824329562674,0.593966945061141
"GACACGCAGGCATTGG-D1_Stim",0.0465000356049277,0.0473545538702556,0.00623086235134943,0.0246030050558997,0.424837997578865,0.450473545538703
"GACAGAGAGGACTGGT-D1_Stim",0.272695518530162,0.0795696671207517,0.0030738062803451,0.232456599951099,0.00454085018687345,0.40766355793077
"GACAGAGAGTTTGCGT-D1_Stim",0.00944161687689017,0.00136460868923803,0.0379877554031128,0.00313491185365494,0.397691229623073,0.550379877554031
"GACAGAGTCTAGCACA-D1_Stim",0.0129392583342006,0.00201200263641725,0.00149165712699899,0.399347833628196,0.353141152391855,0.231068095882333
"GACGCGTGTCATGCAT-D1_Stim",0.284732554020546,0.183457314913213,0.00460503010981226,0.0159759121501948,0.0175699610343606,0.493659227771874
"GACGTGCAGCGACGTA-D1_Stim",0.186034000430385,0.00462664084355498,0.154884871960405,0.28069184420056,0.00914568538842264,0.364616957176673
"GACGTTAAGAAGGTTT-D1_Stim",0.069941999317639,0.258683043329922,0.0819174343227567,0.0818150801774139,0.00719890822244968,0.500443534629819
"GACTAACTCCAAACTG-D1_Stim",0.0121248459411745,0.00343093168115652,0.057193298024716,0.0154225375570434,0.463109156923487,0.448719229872423
"GACTACAAGTGACATA-D1_Stim",0.255954165417541,0.00263149128943073,0.00283135138736218,0.32280736817561,0.00343093168115652,0.412344692048899
"GACTACATCCAACCAA-D1_Stim",0.209412300942939,0.00319061048913198,0.245733982850469,0.00883115403241888,0.117197960288294,0.415633991396747
"GAGGTGATCTTTCCTC-D1_Stim",0.175339640950995,0.00212275594371664,0.0443352741387676,0.00357836001940805,0.097828723920427,0.676795245026686
"GATCAGTAGGTGTTAA-D1_Stim",0.333736477860646,0.00638312168245649,0.00366189612309346,0.00759255526439562,0.215211986830612,0.433413962238796
"GATCGCGAGGGATCTG-D1_Stim",0.007089072543618,0.148025711662075,0.00191000918273646,0.007089072543618,0.0370615243342516,0.798824609733701
"GATCGTAAGTGCTGCC-D1_Stim",0.017006081176637,0.00342950077782492,0.0405529628058266,0.190425682364588,0.321948804978079,0.426636967897044
"GATCGTACAAATTGCC-D1_Stim",0.346947966465738,0.00699785214439133,0.00128178479872514,0.363992240005543,0.0199889142936326,0.26079124229197
"GATCTAGTCAACACCA-D1_Stim",0.00472160902624479,0.119603875398577,0.260056414029924,0.00435369143978416,0.00591734118224184,0.605347068923228
"GATGAGGAGAGGTAGA-D1_Stim",0.35196484346626,0.00690055930849132,0.265344664778093,0.0134379312849568,0.00330500472143532,0.359046996440764
"GATTCAGTCAGCTCGG-D1_Stim",0.00483829895594601,0.00309214594928881,0.00243733857179235,0.479464513077958,0.00341954963803703,0.506748153806977
"GCAAACTCAACCGCCA-D1_Stim",0.322014115092291,0.140418023887079,0.0589033659066232,0.293919652551574,0.00475027144408252,0.17999457111835
"GCAAACTGTACCGTAT-D1_Stim",0.171310541310541,0.10011396011396,0.00378917378917379,0.00695156695156695,0.129259259259259,0.588575498575499
"GCAAACTTCCCATTAT-D1_Stim",0.269157978046179,0.0028216510099446,0.131034720071574,0.00416365575857679,0.00302811327896494,0.589793881834761
"GCACTCTAGACTAGAT-D1_Stim",0.137746895708679,0.00427845332303931,0.0847648459113427,0.00331338866370714,0.00379592099337322,0.766100495399858
"GCAGCCACATTTGCCC-D1_Stim",0.269246774864752,0.00208073241781107,0.00253471039987894,0.0248931260167215,0.0634812544924905,0.637763401808346
"GCAGTTAGTGCGAAAC-D1_Stim",0.0943122986133739,0.00253430360957243,0.110495637377358,0.00340320770428297,0.00687882408312516,0.782375728612288
"GCATACAAGTTCGCGC-D1_Stim",0.00750606873642519,0.0034815382649802,0.254918870576211,0.0836846812316341,0.149227034623738,0.501181806567012
"GCATACACAACACGCC-D1_Stim",0.00224688313467598,0.0018358679271133,0.00298671050828881,0.299410878202494,0.339772571585149,0.35374708864228
"GCATGCGTCAGCAACT-D1_Stim",0.0415522219874639,0.274808085076414,0.00257060356363124,0.450489471089513,0.0151419114022114,0.215437706880766
"GCATGTAGTTACAGAA-D1_Stim",0.180525427813931,0.00156664256447337,0.00192817546396722,0.428898529766209,0.331375030127742,0.055706194263678
"GCCAAATCATTGTGCA-D1_Stim",0.317374646010328,0.00303181742462102,0.00543061802432117,0.403231717474596,0.0633016824920873,0.207629518574046
"GCCTCTACATATGAGA-D1_Stim",0.00400062145576012,0.00586498873611435,0.00504932805095937,0.0266060747300552,0.564592558067273,0.393886428959838
"GCCTCTAGTCCAGTAT-D1_Stim",0.00730484444001727,0.161005412225653,0.120264302553375,0.00531261413819438,0.103031510442607,0.603081316200153
"GCGCAACAGTAACCCT-D1_Stim",0.00539860366942686,0.414068842344536,0.00345023542782919,0.0392515018671862,0.0334063971423932,0.504424419548628
"GCGGGTTAGTACGTTC-D1_Stim",0.019856398525861,0.00250984877366883,0.146238403863261,0.00632227729063413,0.54797305883848,0.277100012708095
"GCGGGTTCAAGGACAC-D1_Stim",0.0125268550652785,0.00300776731118823,0.0907618575442076,0.150553627499587,0.16265080152041,0.580499091059329
"GCGGGTTGTATTCTCT-D1_Stim",0.00699887114981455,0.00235445895823254,0.00312852765682954,0.114497661667473,0.104338009998387,0.768682470569263
"GCTCTGTGTGCACCAC-D1_Stim",0.0498477571648303,0.123301001349782,0.00408073578805286,0.0494710738613178,0.474181498571742,0.299117933264275
"GCTGCAGTCCTAAGTG-D1_Stim",0.388656773759785,0.109014070979206,0.00405801277433607,0.0070114776929357,0.00160879796379004,0.489650866829948
"GCTGCTTCAACTTGAC-D1_Stim",0.0053672845284903,0.234912313549273,0.133807651500967,0.00340136054421769,0.18173875054609,0.440772639330962
"GGAATAAAGGACATTA-D1_Stim",0.011136607006272,0.120819947988374,0.176350007648769,0.229126510631788,0.0101269695579012,0.452439957166896
"GGAATAATCGGAGCAA-D1_Stim",0.0149184736930577,0.254958816607833,0.162296184232644,0.480626996133804,0.00508488821650698,0.082114641116154
"GGAGCAAGTCCAGTGC-D1_Stim",0.0663737971430279,0.00675392983085291,0.163200047815432,0.00666427589504513,0.102414679337756,0.654593269977885
"GGAGCAATCTAAGCCA-D1_Stim",0.234717097170972,0.212761377613776,0.0030750307503075,0.00464329643296433,0.0694034440344403,0.47539975399754
"GGATGTTGTCTAGCGC-D1_Stim",0.00945602780005346,0.00715049452018177,0.198209035017375,0.204724672547447,0.00664929163325314,0.573810478481689
"GGATGTTTCGTCTGCT-D1_Stim",0.312289716767603,0.00250810546277604,0.0915152627393406,0.285037009848902,0.00379274484614914,0.30485716033523
"GGCAATTTCTGCAGTA-D1_Stim",0.0276540276540277,0.164670164670165,0.121704121704122,0.232584232584233,0.0786390786390786,0.374748374748375
"GGCCGATGTTCTGGTA-D1_Stim",0.102527209002029,0.00302527209002029,0.307618520568161,0.0161962737502306,0.0106622394392179,0.559970485150341
"GGCGACTCATTCCTGC-D1_Stim",0.00320100603046672,0.35474006116208,0.00337248849638458,0.232987510360399,0.110549029695047,0.295149904255623
"GGCGTGTTCAGTTGAC-D1_Stim",0.0058713637576728,0.00358381943650158,0.00644324983796561,0.00495634602920432,0.14758473445423,0.831560486484426
"GGCTGGTTCGACAGCC-D1_Stim",0.0205856942830756,0.110137933089046,0.221944171358775,0.195489617779367,0.00119164655763101,0.450650936932106
"GGGAGATCAGATCGGA-D1_Stim",0.297743375517058,0.00851865503542614,0.00237539419257075,0.0153991071794242,0.290740058156203,0.385223409919319
"GGGCACTTCCGCTGTT-D1_Stim",0.0137013114112351,0.244806084500741,0.0602578083494114,0.00950703240779577,0.00740989290607611,0.664317870424741
"GGGCATCTCAACCAAC-D1_Stim",0.139066654977938,0.00292218228573098,0.124514187194997,0.0105490780514889,0.00520148446860115,0.717746413021244
"GGGTTGCAGTTAAGTG-D1_Stim",0.0524856723977076,0.137891510062642,0.136532053845129,0.148127415700387,0.145488471278155,0.37947487671598
"GGGTTGCCAGTACACT-D1_Stim",0.192842139279367,0.00282759735013734,0.00149458717078688,0.668726773307481,0.00682662788818872,0.127282275004039
"GGTGAAGAGTTACGGG-D1_Stim",0.0216432313206507,0.28229252826027,0.00272263578715192,0.174041907912876,0.0580369451337193,0.461262751585332
"GGTGAAGGTGGAAAGA-D1_Stim",0.238948047757341,0.00167796063246208,0.00787350758309132,0.0103904485317844,0.154146498870603,0.586963536624718
"GGTGCGTTCTACCTGC-D1_Stim",0.0363717238075686,0.00619311571888045,0.237357147745158,0.443988229658523,0.00393485252857045,0.272154930541299
"GGTGTTACAAGCGAGT-D1_Stim",0.268436903187895,0.00532540032319671,0.132914646687234,0.463787277802262,0.105259291905392,0.0242764800940209
"GGTGTTAGTCACTGGC-D1_Stim",0.142794829090332,0.0105083670394163,0.0050360853358712,0.0118169561424379,0.0187167895947339,0.811126972797208
"GTAACGTCATATGGTC-D1_Stim",0.0684440516521825,0.00363332842343006,0.108656159473658,0.282393086856189,0.00370697697255364,0.533166396621987
"GTACGTAAGCTTATCG-D1_Stim",0.0522171322494685,0.00218569418246055,0.0117967603820474,0.00712596185514536,0.252522530614689,0.674151920716189
"GTACTCCTCAGTTAGC-D1_Stim",0.379968652843084,0.00688609676507618,0.00503610061923482,0.00380276985534058,0.317222950229965,0.287083429687299
"GTAGTCACATGGTAGG-D1_Stim",0.0713487209837575,0.100052607351877,0.0106858683501019,0.341816268823568,0.00289340435325837,0.473203130137437
"GTAGTCAGTCAACATC-D1_Stim",0.015002305960229,0.00320121537668539,0.190960635902444,0.00368953636634926,0.00417785735601313,0.782968449038279
"GTAGTCATCTTACCTA-D1_Stim",0.0641292611445319,0.00443467530464291,0.00466604966836341,0.0372898349529539,0.376716026530927,0.512764152398581
"GTATCTTGTCCCGACA-D1_Stim",0.00485258851742136,0.151276625758217,0.161179291860629,0.196727324023134,0.397319791225843,0.0886443786147552
"GTATTCTAGGGAAACA-D1_Stim",0.00299156153867863,0.0040075635706827,0.0909604041430305,0.0946857449270454,0.171309231507352,0.636045494313211
"GTATTCTCACTTCTGC-D1_Stim",0.0516705516705517,0.0703185703185703,0.0796425796425796,0.0735965423465424,0.422591297591298,0.302180458430458
"GTATTCTTCTAAGCCA-D1_Stim",0.0100150061982123,0.00375154955307627,0.0107000717687741,0.531545638415867,0.116200169635284,0.327787564428786
"GTCACAACAAGCGCTC-D1_Stim",0.156610525016966,0.0970140045653649,0.233974952187057,0.215004010117836,0.176414337713616,0.120982170399161
"GTCACGGTCTGTGCAA-D1_Stim",0.0233800226372383,0.0156338426711941,0.00300650820599887,0.240803621958121,0.0559564233163554,0.661219581211092
"GTCATTTGTAAGTGTA-D1_Stim",0.00242470648289944,0.14149438489025,0.309277692700357,0.00395610005104645,0.00864599285349668,0.53420112302195
"GTCCTCAGTCAGAATA-D1_Stim",0.27562718486531,0.194735759819042,0.00573205840016451,0.300226197820276,0.00233909109603126,0.221339707999177
"GTCCTCATCCCAACGG-D1_Stim",0.00477269605823376,0.269090784232935,0.252300508171954,0.128691113857987,0.00889300920203269,0.336251888476858
"GTCGTAAAGGCAGTCA-D1_Stim",0.135322455322455,0.104273504273504,0.00236208236208236,0.00385392385392385,0.0018026418026418,0.752385392385392
"GTCTCGTCAACGATGG-D1_Stim",0.0339363456910305,0.163651604878181,0.15010410751467,0.117492766555799,0.0113842243314134,0.523430951028907
"GTCTCGTGTAAGAGAG-D1_Stim",0.0780747061905831,0.00407964668014073,0.00654989145894154,0.00800958155550565,0.00902013623774234,0.894266037877087
"GTCTCGTTCAGCACAT-D1_Stim",0.0116598761138163,0.121567458345755,0.00430620424657988,0.502765908112226,0.00450495213488357,0.355195601046739
"GTCTTCGCAAGAAAGG-D1_Stim",0.253325508607199,0.00567292644757434,0.175860719874804,0.0165884194053208,0.00426447574334898,0.544287949921753
"GTCTTCGCATACGCTA-D1_Stim",0.0210173733804476,0.322254122497055,0.004674617196702,0.0932346878680801,0.0156065959952886,0.543212603062426
"GTCTTCGCATGGTAGG-D1_Stim",0.195184198845983,0.212660896582335,0.00477141588992454,0.00502108300044385,0.00427208166888593,0.578090324012428
"GTGAAGGGTTGGGACA-D1_Stim",0.110988078101355,0.127486804709704,0.00457682796294246,0.191710035802606,0.020632635736168,0.544605617687225
"GTGCAGCTCTTACCTA-D1_Stim",0.080283780359793,0.0490100264234264,0.183443732580447,0.026640605205053,0.026640605205053,0.633981250226228
"GTGCGGTTCTGTCAAG-D1_Stim",0.00692550403764907,0.00227284881544468,0.0143055778383871,0.00219263062195839,0.405128616503556,0.569174822183004
"GTGTGCGTCCGTACAA-D1_Stim",0.145928824296628,0.00350288801937768,0.414011552077511,0.00618595118315633,0.0033910937208869,0.426979690702441
"GTTAAGCTCAACGGCC-D1_Stim",0.10992491021874,0.0915115899444989,0.106790728044401,0.0991511589944499,0.00453803460659484,0.588083578191316
"GTTCTCGAGTGGACGT-D1_Stim",0.133746207500547,0.21087860873917,0.0500453536017015,0.194175971974602,0.0045353601701542,0.406618498013825
"GTTTCTAGTGCAACTT-D1_Stim",0.00273726355354006,0.00543367242717653,0.00285982759325081,0.0469828818891204,0.0347264779180455,0.907259876618867
"GTTTCTATCCCAGGTG-D1_Stim",0.0752856562844383,0.00168203700481411,0.401716837770431,0.00350907719969839,0.00429209442607737,0.513514297314541
"TAAACCGGTCTGATCA-D1_Stim",0.413388694638695,0.00309586247086247,0.251566142191142,0.074009324009324,0.00244026806526807,0.255499708624709
"TAAGCGTCAGCTGTAT-D1_Stim",0.0113971993467459,0.128670210917683,0.26574933110949,0.37999930504882,0.0701900691476424,0.143993884429619
"TAAGCGTTCACAATGC-D1_Stim",0.0649490668451186,0.00795598185738717,0.171239497360399,0.0114134879916722,0.0129749423748978,0.731467023570526
"TAAGCGTTCATGCAAC-D1_Stim",0.0776949193646174,0.00648720746938281,0.124166363526131,0.00412271128895356,0.0237662180186735,0.763762580332242
"TACAGTGTCCTCAATT-D1_Stim",0.167458651047998,0.00158396876266254,0.00302059159391461,0.00224702545400965,0.154529045566729,0.671160717574686
"TACCTATTCTGAGTGT-D1_Stim",0.0483331495570993,0.00378579042158268,0.0183408681589297,0.0582570661961995,0.0440327856801558,0.827250339986033
"TACCTTACAAGTCTGT-D1_Stim",0.279902101013954,0.00508566161279044,0.00241568926607546,0.176536028733988,0.00384603159467277,0.532214487778519
"TACGGGCAGAGGGCTT-D1_Stim",0.060770023557126,0.0338265606595995,0.00257656065959953,0.0200235571260306,0.542881330977621,0.339921967020024
"TACGGTATCGAATGGG-D1_Stim",0.00733847026251709,0.0044364388405217,0.0191467360485673,0.231795590246506,0.276126621968711,0.461156142633177
"TACTCATGTGCTAGCC-D1_Stim",0.112974135915065,0.0897525840699687,0.184532996585754,0.000935409943407698,0.127706842523736,0.484098030962069
"TACTCATTCAAGATCC-D1_Stim",0.00689894262437164,0.00367481365921304,0.00492286358120992,0.222707574969665,0.255260877101751,0.506534928063789
"TACTCGCTCAACACGT-D1_Stim",0.0418149195633002,0.0071465498890004,0.128577076300824,0.00614299181948119,0.309126296262506,0.507192166164888
"TACTTACCATCAGTCA-D1_Stim",0.122633333333333,0.00823333333333333,0.00563333333333333,0.0480333333333333,0.0208333333333333,0.794633333333333
"TACTTGTCAAGCTGAG-D1_Stim",0.283967906637491,0.287118891320204,0.0037928519328957,0.144974471188913,0.00405543398978848,0.276090444930708
"TAGACCACATGTAAGA-D1_Stim",0.243521910188577,0.00328991995658662,0.0839777506444173,0.303147469814136,0.213403880070547,0.152659069325736
"TAGACCAGTAGGAGTC-D1_Stim",0.454148089867995,0.00620683626191101,0.011452050004371,0.0414808986799545,0.0239094326427135,0.462802692543055
"TAGACCAGTTCGTGAT-D1_Stim",0.14835201494529,0.00793968508139845,0.00503736322391246,0.46530557779557,0.19679076594609,0.17657459300774
"TAGAGCTTCAGCTCGG-D1_Stim",0.0669592247211556,0.00277930151764491,0.0650941671237886,0.347266410678369,0.138050831961967,0.379850063997074
"TAGGCATCAATGAAAC-D1_Stim",0.187481804949054,0.0039665211062591,0.225909752547307,0.00363901018922853,0.00342066957787482,0.575582241630276
"TAGTGGTTCATCATTC-D1_Stim",0.0797115829860422,0.0172984057683403,0.00410134285903288,0.255440894357346,0.17715155123371,0.466296222795528
"TAGTGGTTCCACTCCA-D1_Stim",0.15048875419675,0.0022580741004843,0.00306028463618267,0.155836824434739,0.185964286775411,0.502391775856434
"TAGTTGGCACTATCTT-D1_Stim",0.016912267611764,0.130044145992663,0.00497419635640117,0.340545918050115,0.205403220792141,0.302120251196916
"TAGTTGGCATGCTGGC-D1_Stim",0.0286905196543751,0.104082998661312,0.00505050505050505,0.217536813922356,0.237160764269198,0.407478398442254
"TATCAGGCATCCCATC-D1_Stim",0.264647538080057,0.0042862203329791,0.167835635848388,0.00821820758058803,0.00577399929153383,0.549238398866454
"TATCTCAAGGCTAGGT-D1_Stim",0.175977474883215,0.00195175017597748,0.117712932744609,0.137486401740577,0.00204773788955014,0.564823702566072
"TCACGAATCGCACTCT-D1_Stim",0.00735673371881532,0.259494529956294,0.110296712544453,0.00361050031218612,0.143442734207454,0.475798789260798
"TCAGATGAGATGTCGG-D1_Stim",0.225804305153542,0.0154040656086768,0.220015304255248,0.00282796020893635,0.00282796020893635,0.53312040456466
"TCAGATGGTGGCAAAC-D1_Stim",0.00535887824517562,0.116479244759128,0.0970706650006942,0.10098570040261,0.0148549215604609,0.665250590031931
"TCAGATGTCGCATGGC-D1_Stim",0.00515846507830476,0.00348845839827804,0.442811549023974,0.00838714465968975,0.0136198322571068,0.526534550582647
"TCAGCTCAGAATTCCC-D1_Stim",0.0233469181436199,0.183616086942786,0.112343221811519,0.00496003538369191,0.00496003538369191,0.670773702334692
"TCAGGATCACTATCTT-D1_Stim",0.0042654929768794,0.00369494933029043,0.00173879968484256,0.677262477246176,0.00149428097916157,0.31154399978265
"TCATTACGTTACCGAT-D1_Stim",0.0340552914245466,0.00299348476844515,0.0050008804366966,0.38239126606797,0.276527557668604,0.299031519633738
"TCATTACTCACCTCGT-D1_Stim",0.00621473780679898,0.577999255377037,0.101669673797863,0.0144628690895552,0.00552739353323596,0.294126070395509
"TCATTTGCAGCCTTTC-D1_Stim",0.00565031606455486,0.00300173040929477,0.00512059893350284,0.197301974079175,0.144436204400184,0.644489176113289
"TCATTTGGTAATTGGA-D1_Stim",0.180882116343745,0.0516674710979338,0.145441173090625,0.00326369256935347,0.113792548668092,0.504952998230251
"TCCCGATCAAGCGTAG-D1_Stim",0.00571028201086005,0.185952005605185,0.00959887896304081,0.0292520581537923,0.464459625153267,0.305027150113855
"TCGGTAACACAGGTTT-D1_Stim",0.00294667241627138,0.00348569785827224,0.0886517176944085,0.194192899238177,0.310406784533563,0.400316228259307
"TCTATTGCACCCATTC-D1_Stim",0.308221917495143,0.105273683007656,0.0031139298365901,0.0037995657639127,0.0186264426922637,0.560964461204434
"TCTATTGTCAGCACAT-D1_Stim",0.252957730300942,0.138467723409143,0.240552492533885,0.00614518722719963,0.0103664139673788,0.351510452561452
"TCTCTAACATGCCACG-D1_Stim",0.106911636045494,0.00255468066491689,0.00297462817147857,0.213683289588801,0.0644969378827647,0.609378827646544
"TGAAAGACAGTCTTCC-D1_Stim",0.128373604634732,0.00692383778437191,0.0062879751307051,0.177441006076021,0.00310866186237106,0.677864914511799
"TGACAACTCGCATGAT-D1_Stim",0.0122784733563177,0.00311498215689832,0.0335087400955664,0.150728845339624,0.394332547027158,0.406036412024436
"TGACAACTCTTGTACT-D1_Stim",0.161003875531475,0.163148587124205,0.00421417014711969,0.030515107047447,0.0223877789065734,0.61873048124318
"TGACTTTTCACTTATC-D1_Stim",0.0340164505785585,0.24010177052837,0.0734351038617036,0.333681862540081,0.0148821971281193,0.303882615363167
"TGAGCCGAGAACTGTA-D1_Stim",0.0167863657090743,0.00250797993616051,0.282005243958048,0.163246694026448,0.375199498404013,0.160254217966256
"TGAGGGACAGCGTCCA-D1_Stim",0.208936033429765,0.00679042108646737,0.068265830922533,0.0518723882995821,0.00305368048858888,0.661081645773063
"TGCACCTCACCAGGTC-D1_Stim",0.0318033715823771,0.132844595551778,0.00460405156537753,0.0851395381782122,0.00832270859895169,0.737285734523304
"TGCCCTAGTTGTCTTT-D1_Stim",0.00306083028736145,0.00306083028736145,0.0621675433122344,0.523609996731152,0.012332471546165,0.395768327835726
"TGCGTGGCATCTACGA-D1_Stim",0.00777018192685569,0.00552878329410886,0.145504127909149,0.347902424446188,0.00687362247375696,0.486420859949942
"TGCTGCTCACCAGTTA-D1_Stim",0.0680579056213574,0.0108667042677195,0.00240646738108667,0.00421131791690167,0.430381650686219,0.484075954126716
"TGGGAAGGTGCACCAC-D1_Stim",0.00513415892672859,0.0562951496388029,0.00513415892672859,0.0407378740970072,0.483152734778122,0.409545923632611
"TGTCCCACAGCCTTTC-D1_Stim",0.0885776012265663,0.316258972750714,0.00432085859641787,0.15851278834762,0.00672520733152136,0.42560457174716
"TTAACTCTCCTCATTA-D1_Stim",0.127524075799938,0.00683442062752408,0.323423423423423,0.0354457906182044,0.00804597701149425,0.498726312519416
"TTAACTCTCTGGCGAC-D1_Stim",0.0636288998357964,0.00496342737722048,0.00406777130915062,0.0859083445290342,0.350126884609643,0.491304672339155
"TTAGGCATCTGATTCT-D1_Stim",0.00643934985841189,0.00539198572481477,0.00190077194615773,0.108266418402576,0.386050661391055,0.491950812676985
"TTCCCAGTCTAGCACA-D1_Stim",0.268936070655671,0.00292448967655144,0.00327542843773762,0.298239457214716,0.00625840790782009,0.420366146107504
"TTCGAAGGTGAACCTT-D1_Stim",0.334889478337754,0.12788682581786,0.00162687886825818,0.198125552608311,0.00767462422634836,0.329796640141468
"TTCGGTCAGTGAATTG-D1_Stim",0.0170519044513683,0.00147332318914088,0.175156389633601,0.00248774243412313,0.256889597372171,0.546941042919595
"TTCTCAAAGGACCACA-D1_Stim",0.0668978599798447,0.00394214239136878,0.00314185784575256,0.0630742782619005,0.376430138123184,0.486513723397949
"TTCTCAACAACTTGAC-D1_Stim",0.00701932428432492,0.00473592963761681,0.169647765233202,0.389741638124234,0.00587762696097087,0.422977715759652
"TTCTCAACAAGACACG-D1_Stim",0.0853305137844612,0.00403352130325815,0.00285870927318296,0.563009085213033,0.00556077694235589,0.339207393483709
"TTCTCAAGTATAGTAG-D1_Stim",0.135690069991251,0.0309492563429571,0.00109361329833771,0.00945975503062117,0.0570319335083115,0.765775371828522
"TTCTCAAGTGCACTTA-D1_Stim",0.329408833239893,0.00189995639444341,0.2497975456301,0.00442284931165514,0.037313897713823,0.377156917710085
"TTCTCCTCAATGAAAC-D1_Stim",0.00211497122252271,0.163546217321961,0.0041952707856598,0.00481936065460093,0.0104361694750711,0.814888010540184
"TTCTTAGCATACTACG-D1_Stim",0.0224675050514189,0.00428239693597515,0.00319671883953075,0.558521065170843,0.373865315600591,0.0376669984016406
"TTGAACGGTTGCCTCT-D1_Stim",0.0112393514701841,0.113053036548502,0.186424841989558,0.363836218741412,0.107776861775213,0.217669689475131
"TTGCCGTAGACACGAC-D1_Stim",0.00487455197132616,0.199928315412186,0.234444444444444,0.0284229390681004,0.0168100358422939,0.515519713261649
"TTGCCGTTCACCATAG-D1_Stim",0.00258964750327514,0.216738262803522,0.00789080827468543,0.00341224141608019,0.253937787527039,0.515431252475398
"TTTACTGGTTAAAGTG-D1_Stim",0.149565758578743,0.00495063509575943,0.00461116297490735,0.00342301055192509,0.00588418342810263,0.831565249370562
"TTTATGCGTTCCACTC-D1_Stim",0.240442054958184,0.00451015531660693,0.170011947431302,0.0123058542413381,0.308273596176822,0.264456391875747
"AAACCTGTCCGTAGGC-D2_Stim",0.205409356725146,0.250434027777778,0.145650584795322,0.0984329312865497,0.257561220760234,0.0425118786549708
"AAAGTAGCATGGTAGG-D2_Stim",0.0658636038223301,0.116101721293616,0.335263174277088,0.114514271485044,0.0249634264014692,0.343293802720453
"AAAGTAGGTAGAGGAA-D2_Stim",0.0316394716394716,0.00655788655788656,0.0587723387723388,0.095975135975136,0.294763014763015,0.512292152292152
"AAAGTAGTCAATCACG-D2_Stim",0.185716222628974,0.197003592976747,0.00206765643007254,0.380550471154498,0.124703409938309,0.109958646871399
"AAAGTAGTCAGCTTAG-D2_Stim",0.0223896378535554,0.00224689399947132,0.226592651334919,0.176790906687814,0.401691779011367,0.170288131112873
"AAAGTAGTCGACGGAA-D2_Stim",0.0902740073116878,0.00383682629311905,0.0162160205595975,0.332645600318529,0.245556882759619,0.311470662757447
"AACCATGCAAAGAATC-D2_Stim",0.334339836894807,0.0848043770001032,0.292763497470837,0.00606482915247239,0.240347888923299,0.0416795705584804
"AACCATGCACAGAGGT-D2_Stim",0.0547322031488787,0.149411806518108,0.00579308383978391,0.190247716529836,0.306464797242066,0.293350392721328
"AACCATGTCATAGCAC-D2_Stim",0.339454954456614,0.223512925471107,0.0061216211232806,0.0154146845152487,0.00601098941623336,0.409484825017517
"AACCATGTCATCTGCC-D2_Stim",0.584525153682098,0.00548864634299335,0.240057709195835,0.153305733283151,0.00934638062978296,0.00727637686613976
"AACCGCGAGATAGCAT-D2_Stim",0.242299303874996,0.139762779719757,0.00433210839233964,0.100594544531087,0.175704341071375,0.337306922410445
"AACTGGTAGTCCGTAT-D2_Stim",0.699964414620507,0.00307559351329368,0.230542422855981,0.00284683035941233,0.00566824259061563,0.0579024960601901
"AACTTTCCATTACCTT-D2_Stim",0.31230276482502,0.0600772455371862,0.00313221233102539,0.170293438839433,0.226390655174038,0.227803683293298
"AAGACCTCAGCGTTCG-D2_Stim",0.477783957483624,0.00364602644914102,0.0968977876653071,0.119608206649363,0.0524039055740947,0.24966011617847
"AAGACCTGTAAATGTG-D2_Stim",0.142869728003524,0.0567778878978086,0.422618654333223,0.194736262526154,0.167184230811585,0.0158132364277062
"AAGACCTGTGTCCTCT-D2_Stim",0.0316135726427799,0.297326533766033,0.184272689140561,0.104797227189439,0.334878689537938,0.0471112877232488
"AAGACCTGTTCTCATT-D2_Stim",0.0519013620942833,0.00177224163248772,0.220061775279761,0.251582358600435,0.0117980657248468,0.462884196668186
"AAGACCTTCCGTCATC-D2_Stim",0.191010010091918,0.00272754548182091,0.199765431088563,0.16875323896026,0.17742683359245,0.260316940784988
"AAGCCGCAGCACCGCT-D2_Stim",0.207807807807808,0.121795479690217,0.0819661767030188,0.464137822032559,0.00866129287181919,0.115631420894579
"AAGCCGCTCGTGACAT-D2_Stim",0.00793271147253448,0.00589970501474926,0.0145100853065455,0.351989157298892,0.0842302479470621,0.535438092960217
"AAGGAGCAGCTAGGCA-D2_Stim",0.0082890622056441,0.00195923288497042,0.245092498398704,0.735654270750914,0.00320259221581704,0.00580234354395087
"AAGGAGCAGTACGCCC-D2_Stim",0.326595614357467,0.00215607007227735,0.00134754379517334,0.199877496018621,0.160333210829352,0.30969006492711
"AAGGTTCCATGGGAAC-D2_Stim",0.526430143014301,0.0977997799779978,0.0058030803080308,0.0344334433443344,0.332370737073707,0.00316281628162816
"AAGTCTGTCCATGCTC-D2_Stim",0.683041231322323,0.00221885181440288,0.0463711942478373,0.00365127513762499,0.260307830580834,0.00440961689697787
"AATCCAGCAGCTATTG-D2_Stim",0.0144874336196559,0.129310133861929,0.468051782786384,0.0072926608423268,0.358074541761496,0.0227834471282089
"AATCGGTAGTACCGGA-D2_Stim",0.426552633192324,0.00324934093556496,0.185702899883514,0.00591625283550978,0.00472074060450003,0.373858132548587
"AATCGGTTCTTAGCCC-D2_Stim",0.176794871794872,0.193102564102564,0.118102564102564,0.500641025641026,0.00787179487179487,0.00348717948717949
"ACACCAAAGGATGTAT-D2_Stim",0.253420835286502,0.366258175405701,0.0718096386080046,0.0175003906337195,0.281345565749235,0.00966539431683743
"ACACCCTCAGTCGATT-D2_Stim",0.00822972694941657,0.241983364194809,0.153190488786997,0.575640008229727,0.0122858066602005,0.0086706051788496
"ACACCGGGTTCAGGCC-D2_Stim",0.477128866595008,0.23255702854413,0.00138540546996298,0.056706079063657,0.17816792069748,0.0540546996297623
"ACACTGAGTCGGGTCT-D2_Stim",0.0127723254680866,0.00212292058188905,0.0680030625739542,0.590345931648918,0.195378297487297,0.131377462239855
"ACAGCTAAGGATGGAA-D2_Stim",0.245845304489888,0.00340825868965129,0.00214072446622725,0.164300602782942,0.569827051997071,0.0144780575742212
"ACAGCTAGTTCCACTC-D2_Stim",0.54819503453857,0.00557819590161565,0.213763403566577,0.209341310442498,0.0158097054828174,0.00731235006792104
"ACATACGAGGATGGTC-D2_Stim",0.0770424763439897,0.347303065580132,0.00468642727082774,0.00943255425211188,0.299931345332975,0.261604131219964
"ACATCAGCAGACGTAG-D2_Stim",0.657957318014763,0.00216189505543717,0.314771920071651,0.00420025325056364,0.0156891812594583,0.00521943234812687
"ACATCAGTCTTTACAC-D2_Stim",0.163818735446892,0.00659143829482357,0.00325989611320079,0.340605409278166,0.0949310406591438,0.390793480207774
"ACATGGTTCGCTTAGA-D2_Stim",0.132597386118513,0.00250602715391448,0.102715391447786,0.334062936175612,0.193217865753077,0.234900393351098
"ACCCACTGTGGGTCAA-D2_Stim",0.0853488224465181,0.21941852345585,0.0702088491081064,0.0316447660763029,0.128864343299689,0.464514695613534
"ACGAGCCGTTTGCATG-D2_Stim",0.155148905633297,0.00552565482597775,0.00369573017581629,0.701112307140294,0.00412630068173663,0.130391101542878
"ACGAGGAAGCGGCTTC-D2_Stim",0.0186129044436894,0.00558764677011364,0.0030958583456035,0.753803752784385,0.00717333031298373,0.211726507343225
"ACGAGGAAGTCAAGCG-D2_Stim",0.00388999105302058,0.00225619481075194,0.00750768273232971,0.0513867818104018,0.471855914731396,0.4631034348621
"ACGATACTCTGGGCCA-D2_Stim",0.258542706235957,0.00414368671393971,0.00125477837112259,0.00817064985847267,0.556362893577286,0.171525285243223
"ACGATGTTCCTGTAGA-D2_Stim",0.26221146774844,0.00308400351101938,0.113681114036961,0.213673997105781,0.274310250753209,0.13303916684459
"ACGCAGCTCGAGAACG-D2_Stim",0.486734059606765,0.00523440311446985,0.00866948015834069,0.31959302515785,0.123989923774005,0.0557791081885694
"ACGCCAGAGACCTTTG-D2_Stim",0.00484782495981749,0.187380100585887,0.343158604241199,0.0139472183335926,0.422642194224089,0.0280240576554156
"ACGCCGAAGGCTCAGA-D2_Stim",0.18848152341142,0.0860692618073094,0.276176376672763,0.388255101744608,0.0420041220354727,0.0190136143284275
"ACGCCGACACGGACAA-D2_Stim",0.341173853810437,0.382294881419079,0.245586231823616,0.0024466872410821,0.00711763561042066,0.0213807100953652
"ACGCCGACACTCGACG-D2_Stim",0.468913981153328,0.198164784746834,0.0024176488365065,0.00250006868320558,0.00612654193796533,0.321876974642161
"ACGCCGATCGCAAACT-D2_Stim",0.0047585394581861,0.237550058892815,0.0767726737338045,0.317267373380448,0.362355712603062,0.00129564193168433
"ACGGCCAGTCCATCCT-D2_Stim",0.198156396931453,0.222748082157882,0.00272209849047266,0.102202425142292,0.00634125216530562,0.467829745112596
"ACGGCCAGTGCTTCTC-D2_Stim",0.143324876948763,0.00223335284806696,0.323120622736833,0.00808777293523277,0.452373208439038,0.0708601660920662
"ACGTCAAGTATTCTCT-D2_Stim",0.405797101449275,0.152498750624688,0.180309845077461,0.240279860069965,0.00797101449275362,0.0131434282858571
"ACTATCTCAAGCGTAG-D2_Stim",0.0718113612004287,0.189836706386735,0.0794716600466553,0.375575310510056,0.187188701847298,0.0961162600088267
"ACTGAACGTGTTCTTT-D2_Stim",0.0128463322348346,0.343311363358965,0.111436592212865,0.0073538386427438,0.1478701330404,0.377181740510192
"ACTGAACGTTCGAATC-D2_Stim",0.306947048843647,0.259063309224038,0.0832663630681311,0.00250022323421734,0.258929368693633,0.0892936869363336
"ACTGATGCACGCATCG-D2_Stim",0.338612289963082,0.00376082531138944,0.0120415415933478,0.148362833385088,0.0288099920643136,0.46841251768278
"ACTGATGCACTGAAGG-D2_Stim",0.361097659402744,0.0041000807102502,0.00477804681194512,0.041000807102502,0.460274414850686,0.128748991121872
"ACTGATGGTGTTGGGA-D2_Stim",0.0716814626928768,0.177975058127246,0.0986313675755654,0.414896427816529,0.163707461424646,0.0731082223631368
"ACTGCTCAGGCTAGGT-D2_Stim",0.337706563429759,0.00422984550310069,0.0592895293400724,0.311252105961214,0.0356310714413736,0.251890884324479
"ACTGCTCAGGTCGGAT-D2_Stim",0.0309584393553859,0.154686174724343,0.00527459711620017,0.380990245971162,0.397291136556404,0.0307994062765055
"ACTGCTCTCCAAGTAC-D2_Stim",0.587031739545021,0.0146574036234845,0.0852744857648822,0.0776733415066067,0.119193570358262,0.116169459201744
"ACTGTCCAGTTCGCAT-D2_Stim",0.219196942875608,0.00339992694371856,0.157323892213886,0.00264126555958302,0.0861783135238416,0.531259658883363
"ACTTGTTCAGACAAAT-D2_Stim",0.0233391103408434,0.00652801848642403,0.175938763720393,0.00947429231658001,0.760167533217793,0.0245522819179665
"ACTTGTTGTGCAGGTA-D2_Stim",0.447544064282011,0.00178201140487299,0.00615603939865215,0.182477967858994,0.00353162260238466,0.358508294453085
"ACTTGTTGTTGTGGAG-D2_Stim",0.457810747425308,0.185326807382482,0.0911848679514632,0.259661466299582,0.0023197715917202,0.00369633934944427
"ACTTGTTTCACTCCTG-D2_Stim",0.233018323794312,0.00474732685567239,0.2240338968011,0.0805492701539554,0.0054793912773415,0.452171791117618
"AGAATAGAGTTCGATC-D2_Stim",0.0105360905746634,0.00217864923747277,0.00700025000892889,0.969070323940141,0.00260723597271331,0.00860745026608093
"AGAATAGGTGAGCGAT-D2_Stim",0.676389277172056,0.00506321249961172,0.00273351349672289,0.00487683657938061,0.214736122759606,0.0962010374926226
"AGACGTTAGGGATACC-D2_Stim",0.141544326846478,0.00856378741322408,0.00421076590417663,0.416467508819847,0.3745590076249,0.0546546033913736
"AGACGTTGTTATTCTC-D2_Stim",0.158498215042052,0.162128637986325,0.0219035517637805,0.0998668844920433,0.12110485871604,0.436497851999758
"AGACGTTTCAGAGGTG-D2_Stim",0.367597924219805,0.227269495983508,0.00899267789862799,0.261178645055804,0.105388497902893,0.0295727589393616
"AGAGCTTGTGACCAAG-D2_Stim",0.384424494562441,0.00222611488212539,0.00233559594190205,0.0234654404787972,0.15998832202029,0.427560032114444
"AGAGCTTGTTTGACTG-D2_Stim",0.458857501569366,0.00228499686126805,0.136522284996861,0.391663527934714,0.00236032642812304,0.00831136220966729
"AGAGCTTTCAGTTTGG-D2_Stim",0.170469701885296,0.00338848635593526,0.00209076817706644,0.690205832522259,0.00695721134782452,0.126887999711618
"AGAGTGGCAGCATGAG-D2_Stim",0.199691892932794,0.00593106104371269,0.0171384556133256,0.102176006162141,0.273522048911997,0.401540535336029
"AGATCTGAGTGCGTGA-D2_Stim",0.381848810275848,0.00534849441987787,0.00572752158349126,0.173257527900611,0.00332701621393978,0.430490629606233
"AGATCTGCATGTCCTC-D2_Stim",0.0223228540741386,0.184127260588116,0.00734418996197277,0.491276960143981,0.0482742605010305,0.246654474730761
"AGCAGCCAGCTAACTC-D2_Stim",0.264474074074074,0.346607407407407,0.00207407407407407,0.147051851851852,0.00456296296296296,0.23522962962963
"AGCAGCCTCTGATTCT-D2_Stim",0.597221268511525,0.0108036347822106,0.00146489963148619,0.197990340818055,0.12142644601616,0.071093410240564
"AGCATACAGACAATAC-D2_Stim",0.409306245822071,0.184962362309995,0.0019472781701398,0.020257505740111,0.00316796000813788,0.380358647949545
"AGCATACAGCGTTGCC-D2_Stim",0.397249104895601,0.00226877946754582,0.179978021198908,0.0160941543479032,0.0031195717678755,0.401290368322167
"AGCATACCAACTGGCC-D2_Stim",0.27596853874155,0.299271970878835,0.00432267290691628,0.199525481019241,0.00364014560582423,0.217271190847634
"AGCATACTCGCCGTGA-D2_Stim",0.0213643282136433,0.151044693510447,0.0839629168396292,0.176034315760343,0.411069600110696,0.156524145565241
"AGCCTAAAGCGTTTAC-D2_Stim",0.148691779905586,0.104084245933911,0.111136593849741,0.160904382393976,0.422987978518051,0.0521950193987348
"AGCCTAAGTGATGATA-D2_Stim",0.369564074249356,0.00925487721512331,0.337461218909397,0.00712520376505232,0.173081979281695,0.103512646579376
"AGCCTAATCAATACCG-D2_Stim",0.202187618347479,0.323553654570162,0.00155940208068792,0.168304038851389,0.301165096126,0.00323019002428212
"AGCGTATGTAAATGTG-D2_Stim",0.00484274246611396,0.117515462560863,0.117199631530465,0.164732201605474,0.133780760626398,0.461929201210686
"AGCGTATTCGCCAAAT-D2_Stim",0.182919772626706,0.00942850335273495,0.00309745055992376,0.471799584737397,0.127880458831138,0.2048742298921
"AGCTCTCCACTATCTT-D2_Stim",0.333819488480237,0.28860705981822,0.158106108645107,0.0745296977383217,0.138829000211372,0.00610864510674276
"AGCTTGACACAAGTAA-D2_Stim",0.249521269320202,0.00711257009984954,0.175044453563124,0.111954588975516,0.198228696484749,0.258138421556559
"AGGCCACGTACCTACA-D2_Stim",0.165076611737496,0.00393177218849378,0.164556230124313,0.415813819022839,0.00852847643827696,0.242093090488581
"AGGCCACTCCTAGGGC-D2_Stim",0.0351701193771143,0.522882943330817,0.00136990131119126,0.262629651374095,0.163074170370992,0.0148732142357908
"AGGCCGTAGATGCCAG-D2_Stim",0.583308052718509,0.106111167290255,0.00812350423028955,0.00498870799204503,0.00357299356187009,0.293895574207031
"AGGCCGTTCGCCAGCA-D2_Stim",0.231017821285141,0.099617218875502,0.118913152610442,0.54144703815261,0.00285517068273092,0.0061495983935743
"AGGGAGTCAAAGTGCG-D2_Stim",0.136312980233445,0.108774708194029,0.0185054841926213,0.274708194028975,0.00486832072262303,0.456830312628307
"AGGGAGTGTGAAAGAG-D2_Stim",0.517677512369344,0.0884039450833907,0.00425964153478161,0.00593073167534978,0.025099118581867,0.358629050755267
"AGGGATGGTCACTTCC-D2_Stim",0.55731197526961,0.0027751431482067,0.0618962307232936,0.255067270875048,0.0040397653423262,0.118909614641515
"AGGGATGGTGCCTGGT-D2_Stim",0.402704655724166,0.00258077836275421,0.138923299267059,0.132574584494684,0.129322803757613,0.193893878393724
"AGGGATGTCGCGATCG-D2_Stim",0.0235782786634903,0.3273165964205,0.0989860118502229,0.00873495815771792,0.201056746686213,0.340327408221856
"AGGGTGAGTACCGTAT-D2_Stim",0.0035021640730829,0.00241186771070803,0.00389863547758285,0.169524564707437,0.157233951167939,0.66342881686325
"AGGGTGAGTGTGCCTG-D2_Stim",0.0509389510281571,0.248839177474325,0.103639150026304,0.00482627690477824,0.390470962281845,0.20128548228459
"AGGGTGATCATGTCTT-D2_Stim",0.121755215914605,0.00567079087821446,0.0475194080543426,0.436984473556526,0.124757399320718,0.263312712275594
"AGGTCCGCAAGTTCTG-D2_Stim",0.00227960940423939,0.00238168146711578,0.00503555510190194,0.00911843761695757,0.678200809771699,0.302983906638086
"AGGTCCGGTTTGCATG-D2_Stim",0.00144288787449499,0.289574479248649,0.123353796106826,0.0614932577784774,0.236607377092187,0.287528201899365
"AGGTCCGTCATTTGGG-D2_Stim",0.175663653321854,0.00545271918496197,0.0549576696800115,0.207174630506529,0.364815611995982,0.191935715310662
"AGGTCCGTCTTCTGGC-D2_Stim",0.460005022917059,0.228605512651472,0.00200916682363282,0.0356313178878634,0.0115213160042695,0.262227663715703
"AGTCTTTTCACGGTTA-D2_Stim",0.007939679748488,0.0760397516851837,0.00130551781099299,0.370900274425172,0.45122958463219,0.0925851916979724
"AGTGAGGAGTGCGTGA-D2_Stim",0.113468473199594,0.00570668347162413,0.0376361026502818,0.0463536743339285,0.306515422049505,0.490319644295067
"AGTGTCATCCGCGTTT-D2_Stim",0.213542590293787,0.181976709818526,0.139770644913401,0.222498078855589,0.110155464916947,0.13205651120175
"AGTTGGTCATATACGC-D2_Stim",0.093770124597508,0.00607587848243035,0.00515189696206076,0.0752064958700826,0.301665966680666,0.518129637407252
"AGTTGGTTCCCTTGTG-D2_Stim",0.351499118165785,0.00267069790879315,0.392617787855883,0.247039556563366,0.00304862685815067,0.00312421264802217
"ATAACGCGTTGCGCAC-D2_Stim",0.364339831216803,0.00310064978834695,0.147402194720807,0.171749036102348,0.0235649383914368,0.289843349780258
"ATAGACCGTTATCACG-D2_Stim",0.0122360159817352,0.0107377283105023,0.00495861872146119,0.0260416666666667,0.408961187214612,0.537064783105023
"ATCACGACAACTTGAC-D2_Stim",0.0672985556822501,0.0068652603572786,0.194792854427974,0.400109274040289,0.303259217027746,0.0276748384644622
"ATCATCTAGCGCTCCA-D2_Stim",0.00591200108976979,0.00198882985969214,0.173464105707669,0.129900558507015,0.674976161285928,0.0137583435499251
"ATCATCTGTTGATTGC-D2_Stim",0.00590603315853594,0.483023465225912,0.00884580751099105,0.00527040627151862,0.00574712643678161,0.49120716139626
"ATCATGGAGGAGTTTA-D2_Stim",0.250851581508516,0.0662712895377129,0.00468369829683698,0.533333333333333,0.0059610705596107,0.13889902676399
"ATCATGGGTTGAACTC-D2_Stim",0.00787341091523601,0.00672120443983562,0.0125974574643776,0.589161577754734,0.183930560356416,0.199715789069401
"ATCCACCTCGGCATCG-D2_Stim",0.323735800371314,0.00409075175430316,0.0466660373202429,0.366499889864376,0.253500739482048,0.00550678120771579
"ATCCGAAAGCTGAACG-D2_Stim",0.230530510910754,0.359695544231021,0.00395269828825297,0.120279628903698,0.00581471318437214,0.279726904481903
"ATCCGAAGTCAACTGT-D2_Stim",0.444562262098967,0.087221315932572,0.055410549211528,0.220581837955411,0.176454594888526,0.0157694399129962
"ATCCGAATCATAAAGG-D2_Stim",0.177465362673187,0.00291069973221563,0.0208115030853417,0.155111188729771,0.590755617650483,0.0529456281290022
"ATCCGAATCATGCAAC-D2_Stim",0.513019250253293,0.00298885511651469,0.12532928064843,0.01887031408308,0.092806484295846,0.246985815602837
"ATCTACTAGGTTCCTA-D2_Stim",0.00609470229723394,0.283818385084208,0.00328176277543366,0.401853655018212,0.228100544556241,0.0768509502686718
"ATCTACTTCATAAAGG-D2_Stim",0.0981645103607868,0.158830335542232,0.12411907015883,0.417744819606606,0.159303670979278,0.0418375933522668
"ATCTGCCCATCCGCGA-D2_Stim",0.43475984818741,0.114579243554509,0.130283994241591,0.00435152466954587,0.0820900405706059,0.233935348776338
"ATCTGCCTCACCTTAT-D2_Stim",0.366952203600248,0.176710117939168,0.174549968963377,0.00754810676598386,0.216337678460583,0.0579019242706394
"ATGAGGGGTGTGAATA-D2_Stim",0.00320547845408516,0.00353331147779842,0.0036425891523695,0.422285360434197,0.20110734710232,0.36622591337923
"ATGAGGGGTTAAGATG-D2_Stim",0.411956574655567,0.0716615549389027,0.197264008568229,0.0037486003602551,0.306801032082177,0.0085682293948688
"ATGAGGGTCATCGCTC-D2_Stim",0.196363892112389,0.183809825227696,0.00246158174209656,0.593452192566023,0.00615395435524141,0.0177585539965538
"ATGCGATGTTCACCTC-D2_Stim",0.0377718688211632,0.00228403899911366,0.00801118156405536,0.0212040635440104,0.465057612326993,0.465671234744665
"ATGGGAGCAGATCTGT-D2_Stim",0.311937528451868,0.00360682144482964,0.00528767027348811,0.500717862520573,0.13376755261407,0.0446825646951711
"ATGGGAGGTTAGGGTG-D2_Stim",0.0103373637856396,0.301537542916853,0.172786983131811,0.00720256754739513,0.105500821018062,0.402634721600239
"ATGTGTGAGTTGCAGG-D2_Stim",0.00524087185894766,0.00409551575732334,0.00492850201305012,0.340101346661113,0.288976815215882,0.356656948493683
"ATGTGTGGTATTCTCT-D2_Stim",0.220901746155851,0.212144904873599,0.00612457649205108,0.402293458431066,0.00557727391191035,0.152958040135523
"ATTACTCCAACAACCT-D2_Stim",0.00573969463917058,0.00818984096735407,0.14995802990086,0.00825790058758139,0.448059166496518,0.379795367408516
"ATTACTCTCTCATTCA-D2_Stim",0.231395917897343,0.00676512076460258,0.00244695857443072,0.447304027405936,0.22880502058324,0.083282954774448
"ATTATCCAGCCAGTAG-D2_Stim",0.642782399414011,0.171506304609428,0.170407575995396,0.00614764819756187,0.00332234604719301,0.00583372573640977
"ATTATCCAGTGACTCT-D2_Stim",0.0134075537199976,0.380798467708146,0.0696115400730233,0.0120608128329443,0.0321721434129407,0.491949482252948
"ATTATCCCAGGTGCCT-D2_Stim",0.599496569083825,0.00613771938898659,0.00168959691045136,0.219026930105858,0.00644805351539602,0.167201130995483
"ATTATCCTCAGCTGGC-D2_Stim",0.35477190526193,0.141348734103372,0.0378310582195776,0.373935363434838,0.00615447439038619,0.0859584645898962
"ATTCTACAGATGGGTC-D2_Stim",0.251143627495532,0.122724105546972,0.0607410100275682,0.505619679481354,0.0138447090187525,0.0459268684298222
"ATTCTACCAAGTTAAG-D2_Stim",0.40225637993891,0.119445265543403,0.00246329687653956,0.0715587742634742,0.00601044437875653,0.398265838998916
"ATTGGTGAGGCTACGA-D2_Stim",0.458309083149032,0.00376362860357739,0.00539324098863151,0.300818686222015,0.00364722771893066,0.228068133317813
"ATTTCTGGTATTCTCT-D2_Stim",0.00392416956834135,0.169485436356602,0.00210025976897143,0.504421599513624,0.282319128944896,0.0377494058475654
"ATTTCTGGTTAAAGAC-D2_Stim",0.274301835583173,0.00753517605885294,0.00207128062281266,0.171452039140061,0.311156345975288,0.233483322619813
"ATTTCTGTCCTAAGTG-D2_Stim",0.258280733393448,0.0966035467388037,0.00417793808235648,0.0171626089570183,0.0742410580102194,0.549534114818155
"CAACCAAAGGGCTTCC-D2_Stim",0.432051282051282,0.179147043432758,0.0381737310308739,0.00402930402930403,0.00591313448456306,0.340685504971219
"CAACCTCGTTGGGACA-D2_Stim",0.564600678384212,0.00188097440641381,0.0827320382362011,0.00641381436941104,0.16145544249152,0.182917052112242
"CAACCTCTCCTGCCAT-D2_Stim",0.00766638367934964,0.128913585963829,0.585809472357284,0.00241825525455995,0.269532556404518,0.00565974634045947
"CAACTAGAGGTGCAAC-D2_Stim",0.515762231216101,0.206106660058919,0.00457035874562925,0.253930233198425,0.0159687233281022,0.00366179345282344
"CAAGTTGCAGCGTTCG-D2_Stim",0.00495399858457183,0.00562446455842366,0.248780124408686,0.261630722240846,0.179163407457072,0.2998472827504
"CAAGTTGGTATCGCAT-D2_Stim",0.28041184041184,0.345045045045045,0.155778635778636,0.212149292149292,0.00404118404118404,0.00257400257400257
"CAAGTTGGTATGAAAC-D2_Stim",0.279939838315473,0.00550586845003089,0.00373324738806972,0.40797142319985,0.276475169876185,0.0263744527703919
"CAAGTTGGTATTCGTG-D2_Stim",0.3137729512844,0.23049413406603,0.0798333987526713,0.0976274586767849,0.0152645121898033,0.263007545030311
"CACACAAAGAGCTATA-D2_Stim",0.619163492735224,0.00627733107631542,0.00373818592185075,0.00945126251939625,0.0397094089434335,0.321660318803781
"CACACCTAGGGATCTG-D2_Stim",0.457106322163301,0.0101921847380496,0.109030050020685,0.0097408702847042,0.00297115348452368,0.410959419308737
"CACACCTCACATCCAA-D2_Stim",0.0985558009086525,0.316099393385619,0.00642148277875073,0.00619305058504023,0.351963247798167,0.22076702454377
"CACACCTTCCTCTAGC-D2_Stim",0.179240235420011,0.00147137506688069,0.00331728196896736,0.155965757089353,0.242562867843767,0.417442482611022
"CACACTCAGCCACCTG-D2_Stim",0.569060476612665,0.212568173880336,0.00873162999382069,0.146637650788533,0.00848983100937643,0.0545122377152683
"CACACTCGTTAGATGA-D2_Stim",0.490266071723682,0.00320608163939845,0.0025119814906627,0.127747479755412,0.305139646339448,0.0711287390513965
"CACAGGCTCATTGCGA-D2_Stim",0.218518518518519,0.0791871517535234,0.00317928548017044,0.00435922648312029,0.168666011143887,0.52608980662078
"CACAGTAAGTCTCCTC-D2_Stim",0.24803241477333,0.0852372769893294,0.00180317783576232,0.260888012049471,0.350686268270434,0.0533528500816733
"CACATAGCAATCACAC-D2_Stim",0.314726723155443,0.0047073980476686,0.136564094940786,0.00723452752589069,0.341410237351965,0.195357018978247
"CACATAGCACACAGAG-D2_Stim",0.279684495290245,0.0732701020175353,0.10446204491379,0.0678921808285258,0.00912616929044034,0.465565007659463
"CACATAGCACTTCTGC-D2_Stim",0.530239099859353,0.250319652218386,0.00204577419767293,0.005498018156246,0.0044431658355709,0.207454289732771
"CACATAGCATGCATGT-D2_Stim",0.603670459632012,0.293330506278418,0.00419346479138691,0.0276580205903833,0.00687916696115155,0.0642683817466488
"CACATTTTCACCTTAT-D2_Stim",0.234202443965236,0.0021891132457688,0.0404169117166569,0.169313206560805,0.00856041299091681,0.545317911520617
"CACCACTCATACGCCG-D2_Stim",0.127421318031647,0.263571552773431,0.00420796383237698,0.253347243957573,0.00253868892366545,0.348913232481308
"CACCACTCATCCCACT-D2_Stim",0.38346507650349,0.190218647436786,0.077266213655064,0.328965007164979,0.00938381176905653,0.0107012434706236
"CACCACTCATCGTCGG-D2_Stim",0.152773039159938,0.265931233177907,0.0584934986163236,0.46324728003336,0.021418552636567,0.0381363963759051
"CACCACTTCATCTGCC-D2_Stim",0.0810527660661812,0.710719304969976,0.00477833141689025,0.189523444487032,0.00692474766832758,0.0070014053915932
"CACCAGGAGCTTATCG-D2_Stim",0.368878035544702,0.00349342016008683,0.00349342016008683,0.275267941934609,0.0432777099443766,0.305589472256139
"CACCTTGGTTACCGAT-D2_Stim",0.371693121693122,0.0151492462813218,0.0766197464310672,0.406733552959968,0.120570030947389,0.00923430168713188
"CACTCCATCTTGTTTG-D2_Stim",0.215097948002274,0.280069261384194,0.153770610430558,0.112368842714633,0.219904894815734,0.0187884426526076
"CAGAATCAGTACGTAA-D2_Stim",0.354907095647836,0.20264372116224,0.184312258386332,0.19089662052625,0.0198528494824791,0.0473874547948622
"CAGAATCTCTAAGCCA-D2_Stim",0.323891478427154,0.00791801123461217,0.00361539380901159,0.0848272977172224,0.0752360463726545,0.504511772439345
"CAGAATCTCTTACCGC-D2_Stim",0.181671171483355,0.244322775891145,0.141266431030101,0.211541571372467,0.0065377596045002,0.21466029061843
"CAGATCACAAGCCCAC-D2_Stim",0.16444147752559,0.00747027783075847,0.00499078135927268,0.579947866997266,0.00499078135927268,0.23815881492784
"CAGATCAGTAAGAGAG-D2_Stim",0.107690257230441,0.00932960149273624,0.32270425163268,0.00573104091696655,0.207050513128082,0.347494335599094
"CAGCAGCCATAGTAAG-D2_Stim",0.256206045363514,0.296865539564995,0.00267803083228541,0.0598947417446789,0.305458525452937,0.078897117041591
"CAGCAGCTCCTATGTT-D2_Stim",0.0280630858169164,0.320368187685918,0.208901610821126,0.0115619913565696,0.00280630858169164,0.428298815737779
"CAGCATACATCCTTGC-D2_Stim",0.332578948471323,0.187862785775654,0.0980909871964125,0.373692923450892,0.00297562917793005,0.0047987259277886
"CAGCATATCCAGATCA-D2_Stim",0.525988173046997,0.00133831310301899,0.00264550264550265,0.00834111422346716,0.114596949891068,0.347089947089947
"CAGCCGAAGATGCCAG-D2_Stim",0.130602685801131,0.00510750678924683,0.0475620998081571,0.490196078431373,0.282482497446247,0.0440491317238458
"CAGCCGAGTAGCGCTC-D2_Stim",0.00562405364481938,0.00473177590309323,0.00278498810296344,0.382084144494917,0.599962145792775,0.00481289206143197
"CAGCTAAAGACAATAC-D2_Stim",0.44635013133788,0.173056971944463,0.148555283314571,0.00286956713683421,0.115444893274176,0.113723152992076
"CAGCTGGAGATCCCGC-D2_Stim",0.32573626637817,0.198725808390432,0.111599951917298,0.0888808751051809,0.218992667387907,0.0560644308210121
"CAGCTGGGTCGGCATC-D2_Stim",0.00682583683567319,0.302006021043846,0.293689826820472,0.0160362454916689,0.00307013621866524,0.378371933589675
"CAGCTGGTCAACGCTA-D2_Stim",0.176894822917504,0.359714737660527,0.00364621035416499,0.00541569479074506,0.323520737821389,0.130807796455669
"CAGCTGGTCGCTTAGA-D2_Stim",0.360668247349631,0.158150055868967,0.448968468100183,0.0158068296405309,0.00951135093887117,0.00689504810181779
"CAGGTGCCAAGAGGCT-D2_Stim",0.235492888520259,0.0673056246736092,0.0110896077166467,0.409486068872301,0.0121954965748165,0.264430313642368
"CAGTCCTAGTAGGCCA-D2_Stim",0.523441642051049,0.00355979701582974,0.00265091267136257,0.287472544118761,0.0044686813602969,0.178406422782701
"CAGTCCTCATTAACCG-D2_Stim",0.008488595991647,0.19643099286741,0.00368833563854311,0.445800450193909,0.293412524069102,0.0521791012393893
"CAGTCCTTCTGTCAAG-D2_Stim",0.0781011439175064,0.64078171611115,0.00277170976910248,0.121015667206915,0.0205294435440303,0.136800319451295
"CATATTCGTAGCCTAT-D2_Stim",0.136805490853753,0.0386036833442032,0.137364514425914,0.558402434858225,0.0945060405602658,0.0343178359576384
"CATCAAGAGACATAAC-D2_Stim",0.473268086739589,0.00349261178276722,0.124851276146613,0.0333141431587027,0.00314718863941662,0.361926693532911
"CATCAAGCATGCCCGA-D2_Stim",0.00627966411098941,0.00288426433004746,0.00310332238043081,0.541657539247901,0.400912741876597,0.0451624680540343
"CATCAAGGTGGTACAG-D2_Stim",0.0644113568352675,0.20651777242537,0.0067148383329684,0.258192832639953,0.120903583680023,0.343259616086417
"CATCCACGTCCTCCAT-D2_Stim",0.34704495174191,0.498164490798143,0.141224807332312,0.00469209637031094,0.00578610847737826,0.00308754527994554
"CATCGAAAGCTCCCAG-D2_Stim",0.462844808430943,0.100498365235057,0.00441227819572739,0.0026981557312002,0.15687394851284,0.272672443894232
"CATCGAACAATGGTCT-D2_Stim",0.0588348989137578,0.00421353743863311,0.0947852642158568,0.697475743167498,0.112296571185589,0.0323939850786656
"CATCGAATCCCTCTTT-D2_Stim",0.553098342185739,0.00292934170288106,0.1052953484629,0.00853050056333494,0.00437791727023982,0.325768549814904
"CATCGGGAGCTTTGGT-D2_Stim",0.260951288668005,0.307496256650419,0.00490617732326611,0.0897766733569085,0.0764917646309217,0.26037783937048
"CATCGGGCACCGCTAG-D2_Stim",0.00770622738050668,0.0888556096343442,0.122550854860851,0.115437414201922,0.497223262198927,0.168226631723449
"CATCGGGTCCGAGCCA-D2_Stim",0.00624651865998249,0.153537041457786,0.00672395957666905,0.385692687196626,0.00600779820163921,0.441791994907297
"CATGACAGTATCGCAT-D2_Stim",0.170026779849427,0.276969329493204,0.0655095750593704,0.00442120155626295,0.47948562477894,0.00358748926279622
"CATGACATCTCCAGGG-D2_Stim",0.500683358050539,0.00500159934862892,0.00351856698362849,0.00744424089098258,0.191689202942801,0.291663031783419
"CATGCCTGTATTAGCC-D2_Stim",0.00964490722199973,0.0039380590041383,0.125083433453477,0.0301695367774663,0.423040982512348,0.40812308103057
"CATGCCTTCAGTCAGT-D2_Stim",0.152149769950817,0.00307789941297795,0.259527209265429,0.157385372045058,0.00850388703791845,0.419355862287799
"CATGGCGTCTGTACGA-D2_Stim",0.475304410276499,0.00287271896320961,0.053700257891816,0.0266705840107074,0.0963013743348676,0.3451506545229
"CATTATCAGACGCACA-D2_Stim",0.0286339131319296,0.137956464245753,0.315481639711118,0.192655884447157,0.319448682738277,0.00582341572576544
"CATTATCGTATTCGTG-D2_Stim",0.458978827782081,0.00342112057836303,0.00390524141492383,0.202685256906791,0.121837077201136,0.209172476116705
"CATTATCTCCGAAGAG-D2_Stim",0.00729200014228293,0.00195639028207591,0.00494433180379184,0.349411304378757,0.0436808593888948,0.592715114004197
"CCAATCCAGGAATTAC-D2_Stim",0.358231242762236,0.00405314804656549,0.0026817821661486,0.0857865545194124,0.0453769732431279,0.50387029926251
"CCAATCCGTTACCGAT-D2_Stim",0.196235039110357,0.18980303458675,0.150645556497974,0.246489492036566,0.0571341061162944,0.159692771652059
"CCAATCCGTTTGCATG-D2_Stim",0.358634166409544,0.00280263293222257,0.108248482978505,0.00503959683225342,0.296153450581096,0.229121670266379
"CCAATCCTCACCTCGT-D2_Stim",0.0827102606344781,0.531069150509019,0.116039369746124,0.0933552992861065,0.174713808980695,0.00211211084357707
"CCAATCCTCTGCCAGG-D2_Stim",0.324312188750102,0.00297983508857866,0.00346967099355049,0.409788554167687,0.00763327618581109,0.251816474814271
"CCACCTAGTAAGCACG-D2_Stim",0.580163082905313,0.00751574243347552,0.00316299585038159,0.00873451147674182,0.25562229766983,0.144801369664258
"CCACCTAGTAGGCATG-D2_Stim",0.119796608520059,0.125124686762523,0.00308979879814126,0.11125708585748,0.636547210665888,0.00418460939590784
"CCACCTATCAAAGACA-D2_Stim",0.0420255807883059,0.00326285565126599,0.00238188462542417,0.554554946489167,0.156062385800052,0.241712346645784
"CCACCTATCGAGGTAG-D2_Stim",0.248461148526323,0.00633644724455066,0.014048808747918,0.0178506770946484,0.561409225867188,0.151893692519371
"CCACGGAAGTGTACTC-D2_Stim",0.00234200607457826,0.161525231456069,0.22640611849087,0.381198082482526,0.0162842609873019,0.212244300508654
"CCACGGATCACGCGGT-D2_Stim",0.356525306070933,0.00561655938407169,0.00164079262905465,0.0043859649122807,0.482329925533258,0.149501451470403
"CCACGGATCCCTCTTT-D2_Stim",0.176650842689574,0.121040866048778,0.341747670358928,0.110868309346193,0.183357194886093,0.0663351166704343
"CCACTACCAAAGTGCG-D2_Stim",0.179563862928349,0.171152647975078,0.00292834890965732,0.584143302180685,0.00423676012461059,0.0579750778816199
"CCACTACCACGTTGGC-D2_Stim",0.464800277436237,0.14606387338819,0.119770484567609,0.213594375610833,0.00353100665216432,0.0522399823449667
"CCAGCGACAGGACGTA-D2_Stim",0.131155654540955,0.166233605543182,0.00467087354615194,0.183865379856471,0.129856471170502,0.384218015342737
"CCATGTCCAAGTTCTG-D2_Stim",0.605284031972665,0.0385624504240649,0.00213557874183904,0.331716395143084,0.00625419488681433,0.0160473488315333
"CCATGTCCACCAGCAC-D2_Stim",0.153064113453273,0.00157002033305022,0.176537204334286,0.0223406171981572,0.614032378452114,0.03245566622912
"CCATGTCCATGTCCTC-D2_Stim",0.339946615672682,0.00565714513366001,0.129476913270388,0.299788853033744,0.0911119078921159,0.13401856499741
"CCATGTCGTCCCTTGT-D2_Stim",0.0074291512647677,0.0732043197796623,0.129738348916431,0.613974052330217,0.00808146698557657,0.167572660723346
"CCATTCGAGACTAGAT-D2_Stim",0.190987339238353,0.00910774158034329,0.161862583195716,0.146549567132062,0.481559325426613,0.00993344342691288
"CCATTCGGTGATGATA-D2_Stim",0.289514455260312,0.0187085269958198,0.00502791663012658,0.21944517524628,0.462802186559093,0.00450173930836914
"CCATTCGTCGTCACGG-D2_Stim",0.116670300123538,0.00417847540149698,0.00733958287915122,0.568490662015842,0.0532301431582007,0.250090836421772
"CCATTCGTCTATGTGG-D2_Stim",0.488735746706521,0.165172146573674,0.00293368758994797,0.0224454776929038,0.0299180781578656,0.290794863279088
"CCCAATCCAATCACAC-D2_Stim",0.219551532178347,0.0471619582748036,0.0600384995577754,0.00322563862442121,0.1398730555122,0.530149315852453
"CCCAGTTGTTCCACTC-D2_Stim",0.364806033885145,0.00210742312064997,0.588165155422455,0.00443668025399994,0.00194104761112498,0.0385436597066245
"CCCAGTTTCACTATTC-D2_Stim",0.578992431247645,0.00547963971368883,0.00157539641768554,0.402582280215076,0.00414397753347717,0.00722627487242714
"CCCATACAGTACGCCC-D2_Stim",0.133721782468484,0.0042143066549399,0.107666373497508,0.0429126355907359,0.414174728818528,0.297310172969804
"CCGGGATCATGACATC-D2_Stim",0.172982957931117,0.00440948635442736,0.00575020855678703,0.228667620069122,0.257448456679776,0.330741270408771
"CCGGTAGAGGATTCGG-D2_Stim",0.160770718362341,0.159001933871044,0.106787415687939,0.00936276590726853,0.551601339559455,0.0124758266119523
"CCGTACTGTGCTCTTC-D2_Stim",0.664361034821822,0.0801885193096667,0.0041026684297969,0.00532329705353813,0.00450954463771064,0.241514935747466
"CCGTGGACAAGTTCTG-D2_Stim",0.0553118195703747,0.106496376458354,0.00295732995352767,0.497058919112151,0.183126970199214,0.155048584706379
"CCGTGGACAATCCGAT-D2_Stim",0.017747895087528,0.242080077533467,0.00402810588164032,0.672663395723545,0.0100248349385184,0.053455690835302
"CCGTGGAGTCCTGCTT-D2_Stim",0.662777469111305,0.308781120194724,0.00256634124401408,0.0121702780643966,0.0034394264095034,0.0102653649760563
"CCGTGGATCTCTTGAT-D2_Stim",0.445182140724347,0.00245898759967682,0.00245898759967682,0.111321881476798,0.196578494397021,0.24199950820248
"CCGTTCAGTCACTTCC-D2_Stim",0.438081820944173,0.286345681058534,0.00267948399215491,0.195436590149443,0.0016850363249634,0.0757713875307312
"CCTACACAGACGACGT-D2_Stim",0.0198446447808584,0.00887339116629812,0.131853489822532,0.299058796847536,0.299484039235698,0.240885638147077
"CCTACACTCAACGCTA-D2_Stim",0.231253938248267,0.0109136735979836,0.125696282293636,0.18119722747322,0.176282293635791,0.274656584751103
"CCTACACTCACATGCA-D2_Stim",0.0290919565060848,0.00489666594656873,0.00435659249657953,0.936091308417945,0.00392453373658818,0.0216389428962339
"CCTACCAAGACAATAC-D2_Stim",0.00626367821296506,0.330239227228134,0.00275450909365331,0.648668025054713,0.0044524941513848,0.00762206625915025
"CCTACCAAGGCGATAC-D2_Stim",0.136902806671776,0.00463520566444031,0.160881784006716,0.514325340340888,0.00967188583524946,0.17358297748093
"CCTACCAAGTGGCACA-D2_Stim",0.274845157657658,0.216356981981982,0.127991272522523,0.282552083333333,0.00953688063063063,0.0887176238738739
"CCTAGCTCAGTCAGCC-D2_Stim",0.441118226474295,0.00210889077488877,0.349072859604454,0.00812694493737623,0.152560244837075,0.0470128333719106
"CCTAGCTGTTCCACAA-D2_Stim",0.213143971038708,0.00211640211640212,0.00420495683653578,0.461849067112225,0.313979392926761,0.00470620996936786
"CCTAGCTTCACCACCT-D2_Stim",0.397087500786312,0.004560608919922,0.10580612694219,0.00673082971629867,0.00522111090142794,0.480593822733849
"CCTAGCTTCGCAAACT-D2_Stim",0.387275364893271,0.0771234863960683,0.0102436569263108,0.0375995499896379,0.174911922314001,0.312846019480712
"CCTATTACAAACCCAT-D2_Stim",0.0153831567470194,0.256156818127948,0.219464789400081,0.0191519116357344,0.282395885183342,0.207447438905876
"CCTCTGACACCAGCAC-D2_Stim",0.1743414950844,0.168359302541273,0.10888517900204,0.167663698757188,0.153542941940271,0.227207382674828
"CCTCTGACATCCCACT-D2_Stim",0.386017842660178,0.00227088402270884,0.173657745336577,0.221443633414436,0.086455798864558,0.130154095701541
"CCTCTGACATTCCTGC-D2_Stim",0.529181199136356,0.166550406909151,0.00242484637103471,0.285235010795549,0.00670984886231523,0.00989868792559375
"CCTCTGAGTGATGTGG-D2_Stim",0.408798831690398,0.00693683826213947,0.00573201898503103,0.2350857977364,0.0045271997079226,0.338919313618109
"CCTCTGATCAAGGCTT-D2_Stim",0.392410705241192,0.00166129783828684,0.00251220648716546,0.289450758726879,0.310054903867582,0.00391012783889463
"CCTCTGATCCATGAAC-D2_Stim",0.289346289137325,0.00379618987914882,0.0510221850729635,0.225194162922718,0.0601121443248703,0.370529028662975
"CCTTACGAGGTTCCTA-D2_Stim",0.344932108502675,0.00253626550369614,0.231635272648542,0.275803408493396,0.00754693637685194,0.137546008474838
"CCTTCCCGTTCCAACA-D2_Stim",0.274041277203833,0.295898048586221,0.00838662824747581,0.00206151755803875,0.412209806264202,0.00740272214023005
"CCTTCCCTCACTCCTG-D2_Stim",0.00990468437298599,0.00390081747566229,0.00217088972558597,0.0360571215359045,0.532546385807808,0.415420101082053
"CCTTCGAAGTGACTCT-D2_Stim",0.0122583275098998,0.100570696482646,0.190280689494526,0.443600046587468,0.0126077335196832,0.240682506405777
"CCTTCGACACATGACT-D2_Stim",0.23826081787922,0.00386352829291488,0.312618877793628,0.0377436994769377,0.0819662387066096,0.325546837850689
"CCTTTCTTCACCGTAA-D2_Stim",0.00849148002507551,0.459765202028837,0.0657662278452157,0.0106285974810509,0.446002165612355,0.00934632700746566
"CGAATGTGTAATCGTC-D2_Stim",0.340353299959722,0.00615685597560274,0.00322227976293227,0.113268887738075,0.144686115426664,0.392312561137004
"CGACCTTCACGTTGGC-D2_Stim",0.333955012998757,0.103792245959082,0.180597942805471,0.186193059794281,0.0155419916355827,0.179919746806827
"CGACTTCCAGTGACAG-D2_Stim",0.0835737087035114,0.248451982616053,0.0173454867120495,0.452790277297027,0.0304988269681935,0.167339717703165
"CGAGCACGTCACCTAA-D2_Stim",0.341682265204861,0.00733874082657397,0.177853046914461,0.4535460676828,0.00644739578690911,0.0131324835843955
"CGAGCCAGTGCAACTT-D2_Stim",0.316324086052417,0.0708159647357578,0.302309424560395,0.0123856068228643,0.00354558957405012,0.294619328254516
"CGAGCCATCACAGGCC-D2_Stim",0.146300430295383,0.00216765343427481,0.00197353521628005,0.237244815425928,0.358665760781649,0.253647804846485
"CGATCGGTCCTTGCCA-D2_Stim",0.154107454500125,0.217402144103715,0.0148965345300424,0.262839690850162,0.0677200199451508,0.283034156070805
"CGATCGGTCGGAAACG-D2_Stim",0.0731076433302067,0.390324322787868,0.179187629686479,0.0083852079247321,0.333958670873483,0.0150365253972315
"CGATGGCAGAATTGTG-D2_Stim",0.345834291995807,0.00332336324360253,0.083314160083851,0.56126492317918,0.00393690722703684,0.00232635427052177
"CGATGGCCATGTAAGA-D2_Stim",0.112557043277669,0.00310917205756983,0.0838222757133544,0.359510556140615,0.216588937365227,0.224412015445564
"CGATGGCCATTGCGGC-D2_Stim",0.430968096809681,0.00286814395725287,0.00734716328775735,0.30979883702656,0.0432971868615433,0.205720572057206
"CGATGGCTCATTGCGA-D2_Stim",0.139648374377868,0.10794389502941,0.00381358671061987,0.483743778682697,0.229332299140327,0.0355180660590783
"CGATGTACATTATCTC-D2_Stim",0.37377648703883,0.010514144347639,0.00357642250188233,0.35836829084651,0.244702592234054,0.0090620630310853
"CGATGTAGTTATGTGC-D2_Stim",0.457746107152283,0.168197413565585,0.187358141989971,0.155529163367643,0.0264713644761151,0.00469780944840327
"CGATGTAGTTTACTCT-D2_Stim",0.199354207881393,0.0927985083111627,0.309320781317507,0.00452509266207336,0.360824976692362,0.0331764331355026
"CGATTGACAAGTTCTG-D2_Stim",0.347785776614311,0.0889506980802792,0.00477203315881326,0.00722622164048866,0.242173865619546,0.309091404886562
"CGATTGAGTACCGGCT-D2_Stim",0.556419561085191,0.0907452664839912,0.0897084598484287,0.244562936631366,0.00476437334913229,0.0137994026018909
"CGATTGAGTTGGTTTG-D2_Stim",0.11408678569365,0.00418905645114693,0.00479574738545097,0.222424452533657,0.381377477321315,0.27312648061478
"CGATTGATCAATACCG-D2_Stim",0.0204360604196569,0.336101428473789,0.381621215227941,0.184061239833231,0.0093636798578361,0.068416376187547
"CGCGGTAGTCTCCCTA-D2_Stim",0.0735509520820255,0.302992257794518,0.159787612471228,0.193058171165516,0.0762188742414731,0.19439213224524
"CGCGGTAGTCTCGTTC-D2_Stim",0.390984148902506,0.150801185236328,0.00322200166853658,0.0636345329535974,0.21751388049826,0.173844250740773
"CGCGTTTCACCGATAT-D2_Stim",0.540067276556949,0.0657675500644472,0.12565626080669,0.0043698324373605,0.260240812348706,0.00389826778584677
"CGCGTTTCATACGCTA-D2_Stim",0.413545347467609,0.106301531213192,0.0056831566548881,0.420789163722026,0.0479093050647821,0.00577149587750294
"CGCGTTTGTAACGTTC-D2_Stim",0.310488694383662,0.0697884755652808,0.0512326768781911,0.108650619985412,0.127731582786287,0.332107950401167
"CGCTATCTCAACACCA-D2_Stim",0.561557022777292,0.134065176464349,0.00241296104791451,0.118075995014982,0.158406915387267,0.0254819293081961
"CGCTGGATCAACACAC-D2_Stim",0.00876286687330195,0.00394137680327555,0.0946313090728198,0.358320896950216,0.0229977423181418,0.511345807982245
"CGCTGGATCCTCGCAT-D2_Stim",0.425119870477614,0.00358054673391867,0.157419515536459,0.253347032816489,0.00255308549722897,0.15797994893829
"CGCTTCAGTCGAGATG-D2_Stim",0.541655168184466,0.00656180050899948,0.00490601907214914,0.0115291448195505,0.408916689663631,0.0264311777512035
"CGCTTCATCGACAGCC-D2_Stim",0.404361546794781,0.00284960670717347,0.132353633837313,0.067354340351373,0.358438132918845,0.0346427393905139
"CGGACACAGATATGGT-D2_Stim",0.664560027119957,0.00394692236912199,0.00300256671025231,0.321758922950264,0.00489127802799167,0.00184028282241271
"CGGACACTCAATCACG-D2_Stim",0.579667304236944,0.0048107575494117,0.133918738770069,0.0080275894047412,0.245551498290152,0.0280241117486814
"CGGACACTCTTGGGTA-D2_Stim",0.320824268793812,0.00438119410200629,0.00265893159294175,0.0679236161469664,0.527767706067198,0.0764442832970752
"CGGACTGAGCTAGCCC-D2_Stim",0.6861962169495,0.288515191072206,0.00194527630602268,0.0131562108065218,0.00432568020681359,0.00586142465893675
"CGGACTGGTATGGTTC-D2_Stim",0.501964672615769,0.00466380228416143,0.00763835334728802,0.0108332415262018,0.39113510337483,0.0837648268517499
"CGGAGCTAGGACTGGT-D2_Stim",0.0493613262671559,0.371823617339312,0.0627123250441636,0.342675635276532,0.00563935317298546,0.167787742899851
"CGGAGCTAGTGGTAGC-D2_Stim",0.250798440839935,0.144876147365774,0.00719225449515906,0.145328806739595,0.36992329938388,0.081881051175657
"CGGAGTCCAGGTCGTC-D2_Stim",0.124682424827143,0.0216433510210645,0.0129602830036983,0.0478855121402155,0.29043254542531,0.502395883582569
"CGGAGTCGTAGCGATG-D2_Stim",0.00731745290362759,0.502693445430484,0.190035808812082,0.18349680834501,0.00507550988634594,0.111380974622451
"CGGCTAGGTCATCCCT-D2_Stim",0.00683188678587612,0.00578618982885427,0.00306737774059744,0.557391334657883,0.417581651504061,0.00934155948272857
"CGGTTAATCCATTCTA-D2_Stim",0.208119098027355,0.181201061935007,0.00396545350673791,0.21890647578721,0.172833282925026,0.214974627818665
"CGTAGCGTCCGCATCT-D2_Stim",0.0362782757148954,0.125808463836633,0.0150037755671559,0.466200466200466,0.00761679634919071,0.349092222331659
"CGTCCATGTGTGAAAT-D2_Stim",0.619159204396463,0.00195274360476469,0.044550450525846,0.265824197282897,0.00504923703517728,0.0634641671548526
"CGTCCATTCACATACG-D2_Stim",0.424543946932007,0.116309002252419,0.00240093067003292,0.391648721566298,0.0373010569045321,0.027796341674711
"CGTCTACAGAAACCTA-D2_Stim",0.0608840377767456,0.00410280229137637,0.0119987614181762,0.314832017340146,0.221590029416318,0.386592351757238
"CGTCTACAGAAAGTGG-D2_Stim",0.295696375895491,0.0934207753898019,0.0815686894226717,0.19637589549094,0.08899599662874,0.243942267172356
"CGTCTACAGAAGCCCA-D2_Stim",0.263748338955331,0.154042727179802,0.00171215373607278,0.00224879893693141,0.575002555453337,0.00324542573852601
"CGTTAGAGTGTTAAGA-D2_Stim",0.0194167826676661,0.250704929150159,0.0891244601491951,0.00699575257879145,0.195345682978192,0.438412392475997
"CGTTCTGAGAGCAATT-D2_Stim",0.114556692242114,0.260816283034953,0.0901001705029838,0.483962063086104,0.0323156436487639,0.018249147485081
"CGTTCTGTCGCCCTTA-D2_Stim",0.127839614658595,0.0062813252619931,0.141020633990757,0.278005597865,0.193647074139166,0.253205754084489
"CGTTCTGTCGTGGACC-D2_Stim",0.00640541221346576,0.00208715678865738,0.378962898988809,0.0121271006513369,0.253949404440606,0.346468026917125
"CTAACTTTCAGGCCCA-D2_Stim",0.0360932632398754,0.28448695482866,0.126922702492212,0.00243380062305296,0.489583333333333,0.060479945482866
"CTAAGACGTCTGATCA-D2_Stim",0.595613135738031,0.00403889769161463,0.345729642402212,0.00981762823500171,0.0199770093516016,0.0248236865815391
"CTAAGACTCTGCGTAA-D2_Stim",0.00633937785640572,0.263305322128852,0.00224826772814389,0.558307533539732,0.0115361934247383,0.158263305322129
"CTACATTGTGACTCAT-D2_Stim",0.0213472338577058,0.0107356728412299,0.00273046014459028,0.833038567749542,0.099537683452791,0.0326103819541407
"CTACATTTCCCTAACC-D2_Stim",0.00690211256248992,0.346331236897275,0.122335107240768,0.342073859054991,0.00487018222867279,0.177487502015804
"CTACCCATCTCCTATA-D2_Stim",0.275063443959889,0.328208539680193,0.330869490230862,0.00394214896395398,0.0063813536354005,0.0555350235297016
"CTACCCATCTTGTACT-D2_Stim",0.584786258556115,0.0160144646777735,0.0014852124499548,0.00400361616944337,0.0457510009040424,0.347959447242671
"CTACGTCAGCTAGCCC-D2_Stim",0.516134594541334,0.00298058922061287,0.00423687062764804,0.0189427529805892,0.451694748251059,0.00601044437875653
"CTAGAGTCACCAACCG-D2_Stim",0.52593469134759,0.259177866058096,0.003578170343448,0.193841039078128,0.00391626517904939,0.0135519679936889
"CTAGAGTGTTCCACTC-D2_Stim",0.100866036821705,0.00202882751937985,0.0946887112403101,0.0023921996124031,0.0373667635658915,0.76265746124031
"CTAGCCTCAAGACGTG-D2_Stim",0.0419202768826829,0.0078171619525003,0.307226399331663,0.350996538966464,0.244927795679675,0.0471118271870152
"CTAGCCTCAAGCCTAT-D2_Stim",0.177459392369543,0.341373913981976,0.343478495494037,0.1129458744806,0.00245534509740435,0.0222869785764395
"CTAGTGAGTTATTCTC-D2_Stim",0.00734339885417656,0.0929952837653911,0.00895768049884468,0.462570822650587,0.125375874402558,0.302756939828443
"CTCACACTCTCGATGA-D2_Stim",0.549340396800665,0.00173989820297081,0.0570530798795056,0.382310169315467,0.00610262802534538,0.00345382777604654
"CTCAGAACATGGTAGG-D2_Stim",0.358290952470647,0.0021975262133484,0.00426947950021975,0.236893325798958,0.123783512274754,0.274565203742073
"CTCAGAAGTGGTAACG-D2_Stim",0.435910093131931,0.00299470168164018,0.00437687168855103,0.143383683812157,0.00536413597920163,0.407970513706519
"CTCAGAAGTTAAGACA-D2_Stim",0.168991949709741,0.0116745245197088,0.00272619391256936,0.304948843773052,0.062189294076141,0.449469194008788
"CTCATTACATGCTAGT-D2_Stim",0.00532592335301609,0.00289452356142179,0.268003936552044,0.0114912585388445,0.703832349195322,0.00845200879935163
"CTCATTAGTTTGACTG-D2_Stim",0.00440021662604928,0.189209314920119,0.00287706471703222,0.219367722718657,0.274708908746277,0.309436772271866
"CTCATTATCCGCATAA-D2_Stim",0.342643110764701,0.00145059322767818,0.12485927080627,0.147592448254958,0.157724950203516,0.225729626742877
"CTCCTAGCAATCACAC-D2_Stim",0.338157134604275,0.00176198729058348,0.00297515886770653,0.00444829578278452,0.126718659734258,0.525938763720393
"CTCGAGGAGCGCTCCA-D2_Stim",0.12499580438358,0.31128117343,0.00617594737018763,0.0887456785150874,0.204645386500185,0.26415600980096
"CTCGGAGAGTGCTGCC-D2_Stim",0.461703987626925,0.00638827247663237,0.212157891197633,0.31060453231121,0.0056822002555309,0.00346311613206913
"CTCGGAGGTCTGCCAG-D2_Stim",0.43437454172166,0.0775773573837806,0.194273353864203,0.00630590995747177,0.00564598914796891,0.281822847924916
"CTCGGAGTCGTGGGAA-D2_Stim",0.0176791688677584,0.157351646416623,0.00288783236485297,0.600246522275048,0.00405000880436697,0.217784821271351
"CTCGTACGTATAATGG-D2_Stim",0.00864351098778426,0.00357222594329091,0.968455969125762,0.0100787803399994,0.00414633368417695,0.00510317991898702
"CTCGTACTCATATCGG-D2_Stim",0.159369987641661,0.00318161499829087,0.114248902211354,0.11480108332676,0.309326601982593,0.299071809839342
"CTCGTCAAGCGTTCCG-D2_Stim",0.355543911739877,0.0364451430733851,0.0794108229266731,0.00526882659447501,0.116525485401566,0.406805810264024
"CTCGTCACAAGGTGTG-D2_Stim",0.203812485602396,0.121746141442064,0.135308684634877,0.236379866390233,0.00408891960377793,0.298663902326653
"CTCTAATAGGACCACA-D2_Stim",0.0467196107891536,0.00475781641267797,0.0125921156185161,0.457108106174429,0.3607354940259,0.118086856979323
"CTCTAATCAAGCCATT-D2_Stim",0.147501864280388,0.30607009694258,0.0062938105891126,0.208262490678598,0.00683072334079045,0.325041014168531
"CTCTAATCACCGATAT-D2_Stim",0.253987792993794,0.00379545571113505,0.226522029030107,0.0130276452787608,0.470251833615428,0.032415243370775
"CTCTAATCACTTGGAT-D2_Stim",0.00313575706134767,0.26604423067855,0.165605696232376,0.0148771632008299,0.407294761163767,0.14304239166313
"CTCTAATGTAGCCTCG-D2_Stim",0.0622942580726222,0.31936172886041,0.078125392637266,0.00726221887171755,0.0638019851740168,0.469154416383968
"CTCTAATGTTGTCTTT-D2_Stim",0.408925235076113,0.135838769947012,0.122790897117829,0.288186468191981,0.00627890593892615,0.0379797237281387
"CTCTACGAGAGGTTGC-D2_Stim",0.00243426156274242,0.509375919535618,0.316534253537704,0.00387876842415001,0.161972019367092,0.00580477757269347
"CTCTACGGTACATGTC-D2_Stim",0.00854241796465383,0.130847336249009,0.199749354203432,0.270262666564362,0.381979078748817,0.00861914626972557
"CTCTACGTCGCCCTTA-D2_Stim",0.879701335109779,0.0191800593998945,0.00177644544369501,0.00760540705581925,0.00977044994032254,0.0819663030504899
"CTCTGGTCAGAGTGTG-D2_Stim",0.549486995943689,0.00195657361011692,0.0040324504891434,0.397232164161298,0.0450489143402529,0.00224290145549988
"CTCTGGTTCCCAAGTA-D2_Stim",0.237559694364852,0.262416427889207,0.00353390639923591,0.201241642788921,0.256255969436485,0.038992359121299
"CTGAAGTCACAGTCGC-D2_Stim",0.698778166635967,0.0020568551605575,0.10695646834899,0.166635967335912,0.00896420458034015,0.0166083379382329
"CTGATCCAGCTGAACG-D2_Stim",0.245238095238095,0.141017316017316,0.0923160173160173,0.2441829004329,0.2691829004329,0.00806277056277056
"CTGCCTAAGAGTAAGG-D2_Stim",0.250195710036011,0.350054798810083,0.00444653201816189,0.00660717081571943,0.335493972130891,0.0532018161891342
"CTGCGGACAAGTCATC-D2_Stim",0.3944809531442,0.0848159427258642,0.00211038093711599,0.0166159106694449,0.49401613506438,0.0079606774589945
"CTGCGGAGTAAGTGTA-D2_Stim",0.239288158795346,0.00898015058179329,0.131526351813826,0.348939082819986,0.257932922655715,0.0133333333333333
"CTGCGGAGTCACTTCC-D2_Stim",0.758936162976567,0.00217664864129511,0.00472740876781281,0.00472740876781281,0.163792810257457,0.0656395605890555
"CTGCTGTAGATCTGAA-D2_Stim",0.246742286138681,0.00388224967929242,0.00236310850043886,0.181824319762339,0.0794342043076092,0.48575383161164
"CTGCTGTAGGCGCTCT-D2_Stim",0.11866205725376,0.275776322173702,0.00303250849102378,0.148138039786511,0.267315623483746,0.187075448811257
"CTGCTGTTCAAGAAGT-D2_Stim",0.324185304554481,0.401927271543445,0.00940847087931764,0.0242536706058534,0.006087834098382,0.234137448318521
"CTGCTGTTCGCTAGCG-D2_Stim",0.501591505773565,0.14444366998908,0.04686229409168,0.103738296043308,0.201249970957924,0.00211426314444367
"CTGGTCTGTTACGTCA-D2_Stim",0.0144268077601411,0.00680776014109347,0.275485008818342,0.42363315696649,0.007336860670194,0.272310405643739
"CTGTGCTAGCCATCGC-D2_Stim",0.267102512000471,0.00329828901257473,0.00250316576847189,0.305445121771652,0.148364107547781,0.273286803899049
"CTGTGCTCACGCTTTC-D2_Stim",0.129684418145957,0.0305719921104536,0.00362778247393632,0.617955762186531,0.0148281205973514,0.203331924485771
"CTTAACTAGGGTATCG-D2_Stim",0.0180218775883243,0.00482677862508211,0.00199925741867306,0.181504012795247,0.708194099334533,0.0854539742381401
"CTTAACTCAGTTCATG-D2_Stim",0.495762939125771,0.0026816840976133,0.0148297130598016,0.0323679270581925,0.449986591579512,0.00437114507910968
"CTTACCGCAAAGTCAA-D2_Stim",0.572814989341411,0.203074161337372,0.00187927745989005,0.21493885336026,0.00474026702569281,0.00255245147537305
"CTTACCGCAGACGCCT-D2_Stim",0.173256148129901,0.0681939483516032,0.0642525762614443,0.155889477357638,0.533645358623804,0.00476249127560865
"CTTCTCTGTTCCACTC-D2_Stim",0.502113768930272,0.00235457804891101,0.103574677583347,0.284181516562316,0.0108631669074758,0.0969122919676781
"CTTCTCTTCGAATCCA-D2_Stim",0.00409281142294436,0.448793697685869,0.127615706548498,0.186238306253077,0.00307730182176268,0.230182176267848
"CTTTGCGAGGGTATCG-D2_Stim",0.262890081494733,0.00683760683760684,0.00254422580003975,0.0139932419002186,0.205764261578215,0.507970582389187
"CTTTGCGCAAACCTAC-D2_Stim",0.438480796238627,0.0044269402210417,0.175795322708677,0.0127618000854857,0.185412468706112,0.183122672040056
"CTTTGCGGTTATTCTC-D2_Stim",0.00963635084757684,0.294190054160512,0.00140676654709151,0.680980516283323,0.00657663360765281,0.00720967855384399
"GAAATGAGTATGAATG-D2_Stim",0.266037219485495,0.151915708812261,0.207744937055282,0.150519978106185,0.0142309797482211,0.209551176792556
"GAAATGATCTCGTATT-D2_Stim",0.563607943443817,0.00493800845500728,0.00227361540374436,0.0146363991616043,0.0749582578421969,0.33958577569363
"GAACCTAAGACCCACC-D2_Stim",0.180740027068566,0.00291331177023834,0.00518431858325878,0.126029408391255,0.524831968435299,0.160300965751382
"GAACCTATCCGGGTGT-D2_Stim",0.684271771771772,0.00217717717717718,0.00262762762762763,0.017042042042042,0.00555555555555556,0.288325825825826
"GAACGGACAGATTGCT-D2_Stim",0.00301427515213559,0.183870784280271,0.00250241710743332,0.152476824205198,0.499260649490986,0.158875049763977
"GAAGCAGAGGCGTACA-D2_Stim",0.0939018943275269,0.258795092089015,0.115971729591971,0.370563043535377,0.00751425343527495,0.153253987020835
"GAATAAGAGTAGCGGT-D2_Stim",0.151932099741684,0.0580684274342348,0.134139912488798,0.32898413200485,0.0962623227370974,0.230613105593337
"GAATGAAAGACAGAGA-D2_Stim",0.463264567499095,0.00723850886717336,0.00398117987694535,0.00407988681604317,0.229230414898167,0.292205442042576
"GAATGAAAGTCCATAC-D2_Stim",0.234348687469044,0.00299653293709757,0.342372461614661,0.00663694898464586,0.058197127290738,0.355448241703814
"GAATGAAGTGGTAACG-D2_Stim",0.107337252340518,0.12142701626699,0.0671207738484029,0.541600572299462,0.00805573699107337,0.154458648253554
"GACACGCCAAAGTCAA-D2_Stim",0.0161099265576878,0.00615967780146885,0.274105662165364,0.363657900971334,0.326522151149017,0.0134446813551291
"GACACGCTCCCGACTT-D2_Stim",0.148070967555208,0.385372348123064,0.0863361407774015,0.0260773928395705,0.0901565801279268,0.263986570576828
"GACCAATAGAACTCGG-D2_Stim",0.219633989080034,0.00224984223667243,0.0200290833264741,0.308365571926359,0.354048344170988,0.0956731692594727
"GACCAATCAGCTCGAC-D2_Stim",0.273355946464726,0.00294496594883122,0.00215613578396571,0.00191948673450606,0.712576582261839,0.00704688280613184
"GACCAATGTATATCCG-D2_Stim",0.0082223022446285,0.00435121834113552,0.00219061337174409,0.0705197455287481,0.678009842755972,0.236706277757772
"GACCAATTCCTTCAAT-D2_Stim",0.625043643074468,0.00167090627961494,0.0479824430146142,0.243029577535039,0.00369095715497032,0.0785824729412938
"GACCTGGGTTACGACT-D2_Stim",0.0846345326997058,0.353388775741118,0.128931885041865,0.0119088028965829,0.00936297804933243,0.411773025571396
"GACGTGCAGTCGTACT-D2_Stim",0.372932146897838,0.00241568051860686,0.00406690517689509,0.547870225973152,0.00388343577041862,0.068831605663089
"GACGTTAAGCGTAGTG-D2_Stim",0.122522224062724,0.252139583678427,0.00325768869747667,0.00607365689360057,0.596930042515598,0.0190768041521727
"GACGTTACACAGAGGT-D2_Stim",0.0964710688933149,0.175067667636995,0.197819314641745,0.0946325519636382,0.209233440580154,0.226775956284153
"GACTAACGTACTCTCC-D2_Stim",0.281807950847097,0.125315570155428,0.293487848647991,0.00541411929312285,0.00404538126958056,0.289929129786781
"GACTGCGCAGACTCGC-D2_Stim",0.115834188618999,0.274917322385677,0.0581879347702133,0.050490363781503,0.409710343254647,0.0908598471889611
"GACTGCGTCTCGATGA-D2_Stim",0.442809946096331,0.109685272126587,0.13263780212137,0.00410363415058251,0.112397843853243,0.198365501651887
"GAGCAGAAGGGATACC-D2_Stim",0.343300330033003,0.0280528052805281,0.0144884488448845,0.0133003300330033,0.135577557755776,0.465280528052805
"GAGCAGAGTACAAGTA-D2_Stim",0.291137078037447,0.010386770534372,0.003006696733634,0.403785704523712,0.0525146918135848,0.23916905835725
"GAGGTGACACTTCGAA-D2_Stim",0.00775128009278905,0.245551500749668,0.00265919828000792,0.0113157373617358,0.392542929078616,0.340179354437184
"GAGGTGATCACGACTA-D2_Stim",0.140028235993461,0.0051642145935503,0.00404963590429484,0.500705899836528,0.227857036706791,0.122194976965374
"GAGTCCGGTACCGGCT-D2_Stim",0.00543577681954789,0.81358944204887,0.157062589834052,0.00990461257023389,0.00527897556513785,0.00872860316215863
"GAGTCCGGTAGCTAAA-D2_Stim",0.198984705920393,0.172211983056876,0.00168137873055906,0.0116726484948427,0.300643450706502,0.314805833090827
"GAGTCCGTCCCAAGTA-D2_Stim",0.291555784473632,0.134374910578877,0.158239619995994,0.366927060978052,0.0443242624545741,0.00457836151887143
"GATCAGTGTACATGTC-D2_Stim",0.138254295532646,0.14493470790378,0.138171821305842,0.141553264604811,0.353347079037801,0.0837388316151203
"GATCAGTGTGTGCCTG-D2_Stim",0.193496380118026,0.0109813226257833,0.00349820526860133,0.296982417716128,0.267141205816147,0.227900468455314
"GATCGATAGAGACTAT-D2_Stim",0.381535721961254,0.00343864173651408,0.0508734764053913,0.291087163427589,0.00334653526142888,0.269718461207823
"GATCGATGTAATCGTC-D2_Stim",0.408203234290191,0.00304963348441609,0.00153880588663197,0.309999440434223,0.145822841475015,0.131386044429523
"GATCGTACAATAACGA-D2_Stim",0.238088492232139,0.00101525239646787,0.102587713084951,0.0146857439675119,0.41644236671861,0.227180431600321
"GATCTAGGTCCTGCTT-D2_Stim",0.0239498758017277,0.0192785377970563,0.00192785377970563,0.673377080784488,0.00782263745226708,0.273644014384755
"GATGAAAGTCTAGTCA-D2_Stim",0.00580228837915514,0.903231928854184,0.00482620248359633,0.00263000921858901,0.0102760154004664,0.0732335556640095
"GATGAGGGTGCGAAAC-D2_Stim",0.183205186190261,0.00437207899894467,0.00419116538519524,0.0401929745213327,0.304417307402382,0.463621287501884
"GATGCTACAGGACCCT-D2_Stim",0.00242954324586978,0.11425794807719,0.0926003054282938,0.506802721088435,0.278876856865195,0.00503262529501597
"GATTCAGGTGTAATGA-D2_Stim",0.372389965449902,0.0028541385008262,0.137824846026739,0.113038906414301,0.0528766711732011,0.321015472435031
"GCACATACAAAGCGGT-D2_Stim",0.188235597105256,0.153235983414458,0.429678848283499,0.215740812279482,0.00713384326147982,0.00597491565582426
"GCACATATCAAGCCTA-D2_Stim",0.360325540472599,0.00427350427350427,0.145676219205631,0.372580442433384,0.00625314228255405,0.110891151332328
"GCACATATCCGAGCCA-D2_Stim",0.008672974284328,0.00157690441533236,0.00376031052886948,0.965186802523047,0.00312348374575449,0.0176795245026686
"GCACTCTTCCGCGTTT-D2_Stim",0.134224044800141,0.0985735388142955,0.354410565072646,0.194810062393897,0.210551844257777,0.00742994466124303
"GCAGCCAGTCATGCAT-D2_Stim",0.270504788651257,0.00608482753654497,0.0129977676964067,0.661517966443436,0.00684093036652985,0.0420537193058256
"GCATACACATTCTCAT-D2_Stim",0.561931308471101,0.313373061642958,0.00243496091246956,0.0137767525310778,0.00339612969370755,0.105087786748686
"GCATGATCATGCAATC-D2_Stim",0.148374193993311,0.00220682045446709,0.00220682045446709,0.839591738215924,0.00168959691045136,0.0059308299713803
"GCATGATGTACCGAGA-D2_Stim",0.264474074074074,0.00376296296296296,0.00278518518518519,0.335407407407407,0.227140740740741,0.16642962962963
"GCATGATGTAGGCTGA-D2_Stim",0.0405334898584752,0.0138263875301637,0.164481836561664,0.379508250179352,0.267103632687667,0.134546403182678
"GCATGATTCCTTTCGG-D2_Stim",0.00407689654091009,0.00454730768024587,0.506664157807257,0.022705177658607,0.136262426694264,0.325744033618716
"GCCAAATAGACTTTCG-D2_Stim",0.0591933116344374,0.0870508647648223,0.432063309719829,0.00462697045120939,0.00424404875869551,0.412821494671006
"GCCAAATAGGACCACA-D2_Stim",0.00373771263758903,0.0023250338454294,0.312761198422509,0.314968509035258,0.0929130613926658,0.273294484666549
"GCGACCATCATAAAGG-D2_Stim",0.504275032025501,0.00351535734501147,0.393630649149462,0.00941400780528495,0.0442696696159919,0.0448952840587482
"GCGAGAACAGTATGCT-D2_Stim",0.193361850443599,0.00360424588086185,0.00253485424588086,0.0538656527249683,0.0132287705956907,0.733404626108999
"GCGAGAACATCCGTGG-D2_Stim",0.15483055967485,0.825122205745043,0.00274619651782282,0.00562970286153677,0.00670071950348767,0.0049706156972593
"GCGCAACAGGAGTCTG-D2_Stim",0.299298501847795,0.33913120449667,0.158157958795282,0.198322600632897,0.00241209143818186,0.00267764278917436
"GCGCCAAAGAGTGAGA-D2_Stim",0.601613386749516,0.218652058975826,0.00248003706429019,0.0100019077208187,0.0154797917858992,0.151772817703649
"GCGCCAAAGCTATGCT-D2_Stim",0.615713293809753,0.17579981840517,0.00114832024782353,0.00443305025903968,0.129573252149762,0.0733322651284516
"GCGCCAACACGTTGGC-D2_Stim",0.0642544851500075,0.0113372531282979,0.0543946932006634,0.423277551635761,0.165566108849691,0.28116990803558
"GCGCCAATCTGGCGTG-D2_Stim",0.0105112130002183,0.0990299741118493,0.221889523096597,0.110258569601697,0.327251177442999,0.231059542746639
"GCGCGATAGCCCAATT-D2_Stim",0.132673334006802,0.00397346533319864,0.503215813045089,0.00801427753645149,0.0099336633329966,0.342189446745463
"GCGCGATAGTCCGGTC-D2_Stim",0.252415855303942,0.00561572402727637,0.0034277796010648,0.255041388615396,0.0103198045436313,0.47317944790869
"GCGGGTTCACGAAACG-D2_Stim",0.2450063043334,0.0028203596788108,0.423087132523724,0.0651337182294777,0.00321852810405468,0.260733957130533
"GCTCCTAGTGGTTTCA-D2_Stim",0.634035803308407,0.00283254022207115,0.00691139814185361,0.0039372309086789,0.0143893043281215,0.337893723090868
"GCTCCTATCCAAATGC-D2_Stim",0.582344809849873,0.00215385604526312,0.00533641945542804,0.00977271996656701,0.234480984987302,0.165911209695567
"GCTCTGTTCGGAGCAA-D2_Stim",0.390388784935698,0.102586949419347,0.135287653330957,0.00715791974813627,0.317680952805251,0.0468977397606107
"GCTGCAGCACGACTCG-D2_Stim",0.0323632444085152,0.315952573430342,0.00447318781999461,0.314659121530585,0.0992993802209647,0.233252492589599
"GCTGCGAAGCCGCCTA-D2_Stim",0.542771238954277,0.183184834818318,0.00212664540021267,0.00333663330033366,0.00575660910057566,0.262824038426282
"GCTGGGTGTTGCCTCT-D2_Stim",0.242230813030058,0.00281698582516707,0.00254727441637448,0.549522011447751,0.136953459798016,0.0659294554826336
"GCTTCCAGTACCGGCT-D2_Stim",0.401187559322782,0.399598260600843,0.00545217755998499,0.164646932874203,0.0196896452773547,0.00942542436483235
"GCTTGAAAGGCTCTTA-D2_Stim",0.202635540030104,0.0499559796654455,0.00454403453466246,0.333248132685808,0.355229899747238,0.0543864133367414
"GGAAAGCCACGTGAGA-D2_Stim",0.00845378499009784,0.150512843250273,0.11043126126925,0.327244243445361,0.0743401022730632,0.329017764771955
"GGAAAGCTCGGAAACG-D2_Stim",0.00560914612361558,0.00239371204001429,0.207109682029296,0.778385137549125,0.00217934976777421,0.00432297249017506
"GGAATAAGTGGGTCAA-D2_Stim",0.201777154214895,0.4764176312405,0.160668771191395,0.00563544954986554,0.153373085467088,0.00212790833625628
"GGACAAGGTACCGGCT-D2_Stim",0.409192500854566,0.368725513396966,0.00168283768504641,0.0214824748231706,0.193605216796824,0.00531145644342773
"GGACAGACAGCTTAAC-D2_Stim",0.229738921153142,0.467378224245278,0.206430178412599,0.0704232721184534,0.00967927588552294,0.016350128185005
"GGACAGAGTACTCTCC-D2_Stim",0.261574964730024,0.376042067461844,0.00436065153264076,0.00532255995895857,0.0173464152879313,0.335353341028601
"GGATTACTCCATGAAC-D2_Stim",0.209591227704907,0.415504198764661,0.00263724061350545,0.0125268929141509,0.0833159830661392,0.276424456936637
"GGCAATTCACCCAGTG-D2_Stim",0.71452344063809,0.0493487117690939,0.00243874447696104,0.00286911114936593,0.216330980662191,0.0144890113042979
"GGCCGATAGACAGGCT-D2_Stim",0.379729006450886,0.00315501845122398,0.00264796191442012,0.0179441674413364,0.183667145553396,0.412856700188738
"GGCCGATAGTAAGTAC-D2_Stim",0.218606872910169,0.412739891539521,0.00542302396808002,0.00407429261850572,0.155806569445615,0.20334934951811
"GGCCGATGTCGAGTTT-D2_Stim",0.389441680486457,0.0834715312327253,0.00198502437308407,0.0601789034624856,0.449293934368561,0.0156289260766873
"GGCCGATTCGTTGCCT-D2_Stim",0.0265435508904848,0.0959934759161339,0.00223607713150764,0.201667850472207,0.477573461710467,0.195985583879199
"GGCTCGAAGACTCGGA-D2_Stim",0.0023638539796529,0.00191502094554159,0.121214841412328,0.320945541591861,0.468162776780371,0.0853979652902454
"GGCTCGAAGTAGCCGA-D2_Stim",0.175151015925316,0.809335529928611,0.00134541460735859,0.00299286106534871,0.00348709500274574,0.00768808347062054
"GGCTCGATCCGCAGTG-D2_Stim",0.00438864184613596,0.201267184003255,0.445316360043015,0.00159851193071177,0.227860609759642,0.119568692417241
"GGGAATGAGGTGTGGT-D2_Stim",0.0145247775617229,0.162571445406871,0.00259265806375582,0.00701196158152142,0.581344646750339,0.23195451063579
"GGGACCTTCGGACAAG-D2_Stim",0.441507512095747,0.011484593837535,0.0939139292080469,0.00766488413547237,0.00575502928444105,0.439674051438757
"GGGAGATAGTGGCACA-D2_Stim",0.00644523527085805,0.00585211546065639,0.416172400158165,0.434559114274417,0.0113088177145117,0.125662317121392
"GGGATGAAGATCTGCT-D2_Stim",0.00642545442050648,0.00312682541318764,0.539154039102498,0.132185685324537,0.0984778201559977,0.220630175583273
"GGGCACTGTAGCTGCC-D2_Stim",0.560280869104398,0.0036036036036036,0.00177530471648119,0.0431107578166402,0.373953365129836,0.0172760996290408
"GGGCACTGTTCGTTGA-D2_Stim",0.0380815948906199,0.064135852209986,0.00316351807085087,0.0474826155728654,0.493090995911302,0.354045423344376
"GGGTTGCAGTGGGATC-D2_Stim",0.420972809013108,0.179016357924385,0.00392698515870437,0.00790813562994258,0.17747264651717,0.210703065756689
"GGGTTGCCAGACGCCT-D2_Stim",0.011547784405044,0.263447449410355,0.0452923713811041,0.301032219407904,0.20919465097911,0.169485524416483
"GGGTTGCTCTTGGGTA-D2_Stim",0.302315575373543,0.00543690839396073,0.00426347492763827,0.0091918954861926,0.118321207854181,0.560470937964484
"GGTATTGAGCTCAACT-D2_Stim",0.433131610511395,0.303183949405736,0.00452513357321993,0.00697851924544761,0.240459055719115,0.0117217315450878
"GGTATTGAGGATGTAT-D2_Stim",0.523036445720094,0.425000747451191,0.00307949890872126,0.0255927287948097,0.00711573534248214,0.016174843782701
"GGTGCGTCAATGAAAC-D2_Stim",0.276770251282554,0.00503218638695553,0.00326765349802307,0.0265006698689671,0.413325490964938,0.275103747998562
"GTAACGTCATGACGGA-D2_Stim",0.394749132639445,0.00433680277555378,0.00223512143047772,0.00313584200693888,0.319488924472912,0.276054176674673
"GTAACTGCAGGCAGTA-D2_Stim",0.00502627370344985,0.119781977218578,0.0030679852475603,0.498221221319234,0.300434087274389,0.0734684552367897
"GTACGTAAGAATCTCC-D2_Stim",0.76804017131886,0.00321961305567863,0.112479692807562,0.108403485452666,0.00357406586914784,0.00428297149608625
"GTACGTACAATGCCAT-D2_Stim",0.362725308969864,0.00417861822302489,0.0035412018839194,0.00736569991855236,0.0712135698856192,0.55097560111902
"GTACGTAGTTATGCGT-D2_Stim",0.0929968981150083,0.262735623956096,0.00128251014077786,0.00915652588880935,0.258977570985445,0.374850870913863
"GTACGTATCGATCCCT-D2_Stim",0.560934843376272,0.00348693121235699,0.005994063571655,0.00487017665196968,0.258955073340826,0.165758911846921
"GTACTCCGTACTTGAC-D2_Stim",0.488607270865335,0.00444828469022017,0.320116487455197,0.17149897593446,0.00761648745519713,0.00771249359959037
"GTACTTTCAAAGTGCG-D2_Stim",0.00772852735833739,0.1386588731937,0.0739730475726579,0.584250690047086,0.00558532229257996,0.189803539535639
"GTAGGCCCACAGCCCA-D2_Stim",0.323878084595824,0.00712725188925898,0.204720461301529,0.436588947387271,0.0124995523082984,0.0151857025178181
"GTAGTCAAGAGACGAA-D2_Stim",0.0176255518763797,0.215680187637969,0.215059326710817,0.532422737306843,0.00883002207505519,0.010382174392936
"GTATCTTAGACTGTAA-D2_Stim",0.22180937439793,0.00803677097955027,0.275809869815319,0.00655051881209919,0.00489912751493133,0.482894338480169
"GTATCTTTCCACGAAT-D2_Stim",0.540003285690816,0.229308362083128,0.00348283226548382,0.205749958928865,0.00269426646952522,0.0187612945621817
"GTATTCTAGTACATGA-D2_Stim",0.643645083932854,0.00362709832134293,0.00155875299760192,0.213699040767386,0.132853717026379,0.00461630695443645
"GTCACAACAGTCTTCC-D2_Stim",0.455122035487772,0.00668789022975741,0.00306014165494435,0.0444460896818933,0.195256780434836,0.295427062510797
"GTCACGGCAATGCCAT-D2_Stim",0.123757378067723,0.0862457284871078,0.00598011804908357,0.405793724759242,0.233729419074247,0.144493631562597
"GTCCTCATCGAATGCT-D2_Stim",0.283140491409769,0.00310165331607196,0.0762467297785689,0.00787550233298271,0.00415351835369636,0.625482104808911
"GTCCTCATCTCGCATC-D2_Stim",0.00670593166126222,0.391921999426466,0.0101471334348047,0.420179560143825,0.144552533474511,0.0264928418591313
"GTCGGGTAGATGGCGT-D2_Stim",0.206538982395047,0.111936544786226,0.202592377635906,0.0234861675372412,0.177984136196556,0.277461791449023
"GTCGTAAGTAAACGCG-D2_Stim",0.103837170503837,0.00313646980313647,0.00643977310643977,0.400333667000334,0.479112445779112,0.00714047380714047
"GTCGTAATCAGTCCCT-D2_Stim",0.168360789811894,0.00686411964014488,0.0410386727421428,0.0559352728122444,0.261420726720411,0.466380418273163
"GTCTCGTGTCGCGAAA-D2_Stim",0.267347710934544,0.00412410139992433,0.00491865304578131,0.172682557699584,0.274158153613318,0.276768823306848
"GTCTTCGAGTGTTAGA-D2_Stim",0.675654552559594,0.00823639041692969,0.00228454624703159,0.0139176962154688,0.259205819580966,0.0407009949800102
"GTGAAGGAGACCCACC-D2_Stim",0.454884688322016,0.00672906343671622,0.120694928733101,0.0152627393405518,0.330274668134826,0.0721539120327889
"GTGAAGGGTTGAGTTC-D2_Stim",0.52712215320911,0.0861283643892339,0.0601190476190476,0.0115942028985507,0.128830227743271,0.186206004140787
"GTGCAGCAGTCTCAAC-D2_Stim",0.142334339032294,0.0407587439937423,0.00187171751033635,0.621549893842888,0.109481506313555,0.0840037993071852
"GTGCAGCGTCGCGGTT-D2_Stim",0.209430609701117,0.288354947357255,0.0843609939798976,0.00376587901450659,0.161694115151033,0.252393454796192
"GTGCAGCTCAGCATGT-D2_Stim",0.243935855519228,0.00563599564066636,0.0113342674762572,0.0984898022730811,0.179853650941927,0.46075042814884
"GTGCAGCTCTTACCTA-D2_Stim",0.0263483642793988,0.00194518125552608,0.302210433244916,0.0269849690539346,0.195366931918656,0.447144120247568
"GTGCATACAGATCTGT-D2_Stim",0.0983058768547728,0.00479027923822876,0.0883514429255754,0.328940296763641,0.273419792031779,0.206192312186003
"GTGCGGTGTCATTAGC-D2_Stim",0.0107800032567986,0.0572870867936818,0.224165445367204,0.57756065787331,0.015860609021332,0.114346197687673
"GTGCTTCTCTATGTGG-D2_Stim",0.105851049816908,0.762770357490977,0.00192312758502595,0.0234990384362075,0.0025553887088701,0.103401037962012
"GTGTGCGTCCGGCACA-D2_Stim",0.277115795905897,0.00608004888481515,0.274457684081882,0.0148793156125878,0.417445768408188,0.01002138710663
"GTGTTAGAGTGCTGCC-D2_Stim",0.239297886843899,0.00391956373551466,0.00903203817314247,0.264962508520791,0.253510565780504,0.229277436946149
"GTGTTAGCAGACACTT-D2_Stim",0.380933018893497,0.00246672630180803,0.00279200889105744,0.322138190886666,0.00287332953836979,0.288796725488602
"GTTACAGAGGTCATCT-D2_Stim",0.663058344245599,0.292215917357777,0.00290993743634512,0.00579077549832679,0.0025607449439837,0.0334642805179689
"GTTACAGGTGCGAAAC-D2_Stim",0.0869957178273608,0.132296596799639,0.179710389903088,0.0282567049808429,0.207178273608294,0.365562316880775
"GTTCTCGTCAGTTTGG-D2_Stim",0.403677914658097,0.00367791465809677,0.00464202820924835,0.0484556329226924,0.0122478128905553,0.52729869666131
"GTTTCTACATTGGGCC-D2_Stim",0.235463108753902,0.00814894616170824,0.350487555592387,0.0297781829231237,0.00690588657771885,0.36921631999116
"GTTTCTAGTTAGGGTG-D2_Stim",0.341359904050189,0.531091429098625,0.062851739090322,0.0148307039394778,0.0195359350493588,0.0303302887720269
"TAAACCGTCCTTAATC-D2_Stim",0.11923231626731,0.126644831350917,0.00235591564672758,0.0048554846865483,0.68775498477274,0.0591564672757571
"TAAGAGACATTAACCG-D2_Stim",0.924352398464467,0.00438723829800961,0.00283880125165328,0.0455175973418497,0.0164844027226685,0.0064195619213523
"TAAGAGAGTGTTTGTG-D2_Stim",0.00394275247586228,0.117195988947875,0.0589860606625066,0.72518704790289,0.0120455744931856,0.0826425755176803
"TAAGAGAGTTATGCGT-D2_Stim",0.317950308953179,0.225341916802399,0.00157708317174694,0.211691098528918,0.239458103880659,0.00398148866309884
"TAAGTGCAGCCAGTAG-D2_Stim",0.598173887127801,0.00254680430247365,0.00262808529085047,0.00547291988403912,0.366929475195752,0.0242488281990842
"TAAGTGCCACTCGACG-D2_Stim",0.487345363749858,0.0102428782204063,0.0015605493133583,0.172483259561911,0.0474406991260924,0.280927250028374
"TACACGAAGAAGGACA-D2_Stim",0.439126851187153,0.172635665097977,0.00170162984233336,0.010316130919146,0.359043896732339,0.0171758262210524
"TACACGAAGCCATCGC-D2_Stim",0.706801983775085,0.118665221532499,0.00308733208526292,0.00998456333957369,0.00673301146254146,0.154727887805038
"TACACGAAGGTCATCT-D2_Stim",0.25064329015657,0.200270399930219,0.131710933752017,0.0943564917789699,0.317894369575647,0.00512451480657682
"TACACGAAGTATGACA-D2_Stim",0.199923174659457,0.243359040274207,0.0057914487486334,0.147179623555831,0.00392991165085838,0.399816801111013
"TACACGACAAGAAAGG-D2_Stim",0.323700840542365,0.617553224124179,0.00444812565188048,0.00426406528007853,0.00177925026075219,0.0482544941407448
"TACAGTGCACGGTTTA-D2_Stim",0.292457291481941,0.00490630726488148,0.00339894780398416,0.0584619022285275,0.636223916770113,0.0045516344505527
"TACAGTGGTGTGCGTC-D2_Stim",0.158703838048848,0.301931115486924,0.0138183576881888,0.0106055895256849,0.345044391474073,0.169896707776281
"TACCTATAGAGTGAGA-D2_Stim",0.0683621624707427,0.083347605183536,0.00311126334417994,0.125392475880573,0.260603984700577,0.459182508420392
"TACCTTAAGAAGGGTA-D2_Stim",0.351905823189897,0.279901708669067,0.135293445339734,0.195896908394765,0.00834333390479456,0.028658780501743
"TACCTTACATGGGAAC-D2_Stim",0.190391341648518,0.165346796013991,0.00221078334323236,0.00765524978552102,0.129017356299083,0.505378472909655
"TACGGGCAGAGCCCAA-D2_Stim",0.292628526820564,0.326753652280584,0.0835284933645589,0.271149771383963,0.00430467268874763,0.0216348834615814
"TACGGGCGTCTGCAAT-D2_Stim",0.181560524898676,0.00300427968143299,0.00181390471331803,0.461043562055381,0.314542414193804,0.0380353144573874
"TACGGGCTCTCGATGA-D2_Stim",0.227107536490915,0.180369377420316,0.00280011915400655,0.295918975275544,0.254095918975276,0.039708072683944
"TACGGTAAGGTCATCT-D2_Stim",0.374545703901803,0.0019886168826716,0.0861276829184667,0.177364054035521,0.0030172118219845,0.356956730439553
"TACGGTATCTTTCCTC-D2_Stim",0.381294112074274,0.341575481976221,0.00286580455686609,0.0999952631329638,0.161953483965705,0.01231585429397
"TACTCATTCTCTGCTG-D2_Stim",0.26825245797653,0.00364732001268633,0.0698699651125912,0.214969869965113,0.0746273390421821,0.368633047890898
"TACTCGCCACAACGTT-D2_Stim",0.322354272778721,0.410215053763441,0.00291454442558008,0.0172608941709111,0.242303338992643,0.00495189586870402
"TACTCGCCAGACAAAT-D2_Stim",0.0172887380836969,0.00264986265955728,0.00284375504928098,0.0938762320245597,0.435999353692034,0.447342058490871
"TACTCGCGTTCCTCCA-D2_Stim",0.22472688515854,0.333759658939515,0.0629363176125766,0.0130562216893152,0.355901945110578,0.00961897148947509
"TACTTACGTTCTGGTA-D2_Stim",0.0976452490829488,0.133356999171696,0.0839427286711632,0.164524908294876,0.207691397467755,0.312838717311561
"TACTTACTCACCTTAT-D2_Stim",0.583479874951153,0.00464048456428292,0.00639898397811645,0.0105754200859711,0.387846815162173,0.00705842125830402
"TAGACCACACCTCGTT-D2_Stim",0.020727759009009,0.229553772522523,0.18384009009009,0.0747818130630631,0.00225225225225225,0.488844313063063
"TAGAGCTAGTCTCGGC-D2_Stim",0.292110753961541,0.00180454519821801,0.00273501381604917,0.0730276884903852,0.157531156600688,0.472790841933119
"TAGAGCTTCTGCTGTC-D2_Stim",0.0315179672488457,0.00217958645214947,0.00527689351573031,0.180102669993404,0.77461355358628,0.00630932920359058
"TAGCCGGCAAAGGTGC-D2_Stim",0.0436594506908318,0.00220954298819712,0.0021256362924428,0.603317111372154,0.331627230519662,0.017061028136712
"TAGCCGGTCCGGGTGT-D2_Stim",0.0404673419320362,0.310452039155675,0.11239039082805,0.00891447448322767,0.300250188248439,0.227525565352571
"TAGGCATTCGCCGTGA-D2_Stim",0.371409485637943,0.00625813029567908,0.307703125549344,0.00910593116056675,0.00562528565903737,0.29989804169743
"TAGTGGTCATTTGCCC-D2_Stim",0.174014548314165,0.289909564533569,0.140691044922835,0.226875061437138,0.161849995085029,0.00665978570726433
"TAGTTGGCACTACAGT-D2_Stim",0.080209021941008,0.452104385053672,0.0526332357477886,0.0203355683571001,0.00192023168697076,0.39279755721346
"TATGCCCAGATGCCTT-D2_Stim",0.236125569667106,0.133967196428158,0.367987600342379,0.0114743100377079,0.0851782450783075,0.165267078446341
"TATGCCCAGGGCATGT-D2_Stim",0.0372247656420318,0.371757139742751,0.00272509265315021,0.217816655766296,0.171789840854589,0.198686505341182
"TATTACCGTTGGTGGA-D2_Stim",0.00163697274250038,0.00323587635145424,0.0149992386173291,0.627721943048576,0.227767626008832,0.124638343231308
"TATTACCTCAGGCAAG-D2_Stim",0.0171551763680565,0.00710976560708224,0.00731617815696528,0.240080730241732,0.707123526443741,0.0212146231824228
"TCAACGAAGAAACCAT-D2_Stim",0.160698154600594,0.147631952510001,0.00564588979223126,0.0113563040392309,0.259904503806943,0.414763195251
"TCAACGACACCCTATC-D2_Stim",0.576466036588736,0.00591388934947217,0.299231747084508,0.102166583761676,0.0119659536837451,0.00425578953186315
"TCAACGACAGCTATTG-D2_Stim",0.256772211874653,0.161683495082181,0.136097768192661,0.176191876613404,0.00277750547331961,0.266477142763781
"TCAATCTGTCTGCCAG-D2_Stim",0.219348131841252,0.174310524062863,0.00232373264844371,0.318412523695958,0.269889316944903,0.0157157708065798
"TCAATCTTCTTAACCT-D2_Stim",0.423451372074253,0.00146287328490718,0.22407183212268,0.0127370863599677,0.00759180790960452,0.330685028248588
"TCACAAGAGGATGGTC-D2_Stim",0.0897098482633135,0.116613055203561,0.00666081814341879,0.27120901972252,0.120901972252006,0.39490528641518
"TCACAAGTCAGCAACT-D2_Stim",0.216973287600042,0.120231784637772,0.00727575096143852,0.211906246751897,0.128339049994803,0.315273880054048
"TCAGATGCACTTAAGC-D2_Stim",0.316834658144172,0.00232183342893824,0.535797208336748,0.0242016990357562,0.00363298642410336,0.117211614630282
"TCAGATGGTCATTAGC-D2_Stim",0.0239965095986038,0.0648744797959458,0.0061753255470533,0.31457242582897,0.27953416565982,0.310847093569607
"TCAGCTCCAGGACCCT-D2_Stim",0.0391528545119705,0.00998158379373849,0.26744014732965,0.0306445672191529,0.00887661141804788,0.64390423572744
"TCAGCTCGTCACTTCC-D2_Stim",0.00662274739447175,0.00474049287183241,0.00275366865349089,0.952351075325037,0.0091324200913242,0.0243995956638433
"TCAGGATTCATCATTC-D2_Stim",0.462016366460347,0.00405684215406727,0.213876718362427,0.00280501657509794,0.314092310545471,0.00315274590258942
"TCATTACCATGAAGTA-D2_Stim",0.143220857907119,0.00525315027877147,0.179477263205389,0.184504818073415,0.129008347030198,0.358535563505108
"TCATTTGAGCTGCCCA-D2_Stim",0.571233155796152,0.00657760703163654,0.00194999854477721,0.013737303181117,0.253325184085684,0.153176751360633
"TCATTTGGTAATAGCA-D2_Stim",0.0839516702203269,0.478493248045487,0.137768301350391,0.0193887704335466,0.00753375977256574,0.272864250177683
"TCCACACCAAACGCGA-D2_Stim",0.515364115951487,0.00671670201772992,0.00190351879044977,0.0132430521564149,0.0831565780170773,0.379616033066841
"TCCACACTCCGCATCT-D2_Stim",0.122518268690275,0.469971894322653,0.00508150646430579,0.373243395165823,0.0244406970207982,0.0047442383361439
"TCGAGGCCACGACGAA-D2_Stim",0.208051049371206,0.118983984917231,0.156027927983923,0.194252802121532,0.296247954088715,0.0264362815173928
"TCGCGAGAGGTGATTA-D2_Stim",0.08036876737394,0.00404658854991379,0.0063689785002991,0.472113726732116,0.433266476652943,0.00383546219078785
"TCGCGAGCAAACCCAT-D2_Stim",0.54600071925705,0.21605212498149,0.00154428719510905,0.232806583317467,0.00211546191110829,0.0014808233377758
"TCGCGAGCAGAAGCAC-D2_Stim",0.154169149147445,0.12786903849973,0.0102420064118932,0.011688938065651,0.350270945044968,0.345759922830312
"TCGCGAGCAGCATACT-D2_Stim",0.0179509317217066,0.181451903014605,0.00359738110655443,0.00521620260450392,0.462047629325851,0.329735952226779
"TCGCGTTAGGTGTGGT-D2_Stim",0.00407430426075547,0.035045922242939,0.00407430426075547,0.688661004074304,0.00925350459222429,0.258890960569021
"TCGGTAATCTATCGCC-D2_Stim",0.489317197071567,0.00200209173763634,0.147228447631854,0.00442253100253997,0.0858210070222621,0.27120872553414
"TCGTACCAGCTGCAAG-D2_Stim",0.427395091053048,0.0111480601741884,0.00478226444972288,0.135803642121932,0.164497228820269,0.256373713380839
"TCGTAGAAGATCCTGT-D2_Stim",0.12577527765758,0.0055675753642002,0.00600028847540747,0.267878263378047,0.234386268570604,0.360392326554161
"TCGTAGACAAACGTGG-D2_Stim",0.00766481061387228,0.1403725854128,0.00446827524575514,0.504262047157489,0.0162232762768956,0.327009005293188
"TCGTAGACATGCGCAC-D2_Stim",0.600588053234293,0.00383782110801609,0.00355926957598267,0.0157226864747756,0.0355926957598267,0.340699473847106
"TCTCATAGTAAGTGTA-D2_Stim",0.157629522343924,0.0492743127847681,0.00229323194834193,0.00980658398962011,0.439968618931233,0.341027730002112
"TCTCATAGTAGAGCTG-D2_Stim",0.00865756424733942,0.00352462101769154,0.00444855079902816,0.0878075488485097,0.461485815966875,0.434075899120556
"TCTCATATCATCGATG-D2_Stim",0.159853285976275,0.303735171901479,0.161803282494138,0.160758641502426,0.19363001137498,0.0202196067507022
"TCTGAGACACGGTAGA-D2_Stim",0.495657982631931,0.310327321309285,0.0797060788243153,0.0913293253173013,0.00299265197060788,0.0199866399465598
"TCTTCGGCAACTTGAC-D2_Stim",0.0868017064731768,0.00658403036716047,0.2484463703853,0.371292283919514,0.152507642178105,0.134367966676744
"TCTTTCCGTCGTTGTA-D2_Stim",0.374186355953537,0.145466968748876,0.00262523824936167,0.239004567195311,0.0190239867659223,0.219692883086992
"TCTTTCCGTTAAAGTG-D2_Stim",0.339002472709728,0.00283456968819733,0.254508172004101,0.39237681683855,0.00192991978770882,0.00934804897171461
"TGACAACGTTAAAGAC-D2_Stim",0.380116379025326,0.187793427230047,0.00330622231038815,0.00568670237386762,0.139886265952523,0.283211003107849
"TGACAACTCACAAACC-D2_Stim",0.777042437838848,0.00609459712095719,0.00687979061506824,0.00598242662179847,0.00889885959992522,0.195101888203402
"TGACGGCAGCTCCCAG-D2_Stim",0.00517099960771727,0.00238935843942798,0.308583859348811,0.103063371491744,0.324952747762205,0.255839663350095
"TGACGGCGTGTTGAGG-D2_Stim",0.15653212491657,0.140935117855763,0.0040397653423262,0.469420732778305,0.0289106684933432,0.200161590613693
"TGACGGCTCTTATCTG-D2_Stim",0.293426694066012,0.00261308572443362,0.0031458507750463,0.358347920947814,0.339092269832813,0.00337417865388031
"TGACTAGAGAAGGACA-D2_Stim",0.154896068119209,0.00313047833708991,0.00144002003506136,0.749092161282244,0.0437953919358878,0.0476458802905084
"TGAGCCGAGGATGGTC-D2_Stim",0.306329790789386,0.168371098188624,0.00264019784773745,0.245672080743266,0.0237952008555578,0.253191631575429
"TGATTTCAGAAAGTGG-D2_Stim",0.203541438481198,0.00967506389193136,0.0947791164658635,0.550200803212851,0.0206279664110989,0.121175611537057
"TGATTTCGTGTTCTTT-D2_Stim",0.073775989268947,0.386049631120054,0.00556673373574782,0.0252850435949028,0.0409792085848424,0.468343393695506
"TGATTTCTCACAGTAC-D2_Stim",0.239471057884232,0.318962075848303,0.132584830339321,0.239246506986028,0.0134231536926148,0.056312375249501
"TGCACCTAGGATGCGT-D2_Stim",0.00651332440077416,0.173440524043472,0.00606669644186393,0.212967098407027,0.301176120291797,0.299836236415066
"TGCCAAACAAGAGTCG-D2_Stim",0.0143568607247123,0.179632491842693,0.00394985402713378,0.309256397046196,0.178808174480508,0.313996221878757
"TGCCAAACATAGAAAC-D2_Stim",0.00948477444102887,0.382937915451512,0.00278500302146554,0.402406662988361,0.0799506056067891,0.122435038490844
"TGCCCATAGGCTCTTA-D2_Stim",0.00298233539802707,0.00190082915478648,0.00809491036607348,0.455248582571363,0.482384557401763,0.0493887851079868
"TGCCCATCATCCGCGA-D2_Stim",0.120589829154901,0.00285217192892388,0.0802886397992071,0.34956219160891,0.285217192892388,0.16148997461567
"TGCCCATGTAACGTTC-D2_Stim",0.446247941660786,0.00567933595456531,0.00477198642336257,0.181201061935007,0.00406627012131599,0.358033403904964
"TGCCCATGTCTGCGGT-D2_Stim",0.0145526057030482,0.327826941986234,0.079803343166175,0.063992133726647,0.144228121927237,0.369596853490659
"TGCGCAGCACATGTGT-D2_Stim",0.16388243269417,0.00670637226418749,0.00205791206662793,0.016874878946349,0.751622118923107,0.0588562851055588
"TGCGCAGTCAGTACGT-D2_Stim",0.178938112602478,0.0536374686425117,0.109343884966509,0.249618537771226,0.10841285850984,0.300049137507435
"TGCGGGTTCAACGCTA-D2_Stim",0.359846784570727,0.170781338839513,0.00164586886913846,0.0729269533470988,0.044647933686447,0.350151120687075
"TGCTACCCAGAGCCAA-D2_Stim",0.180321848290598,0.00674412393162393,0.197649572649573,0.234809027777778,0.0857705662393162,0.294704861111111
"TGCTGCTCAGACGCCT-D2_Stim",0.559370144615752,0.00307756663081152,0.00971076849527907,0.001643360822278,0.373281940958528,0.0529162184773515
"TGGACGCAGAAGATTC-D2_Stim",0.355815167208639,0.0049781203581035,0.00582118912842748,0.404110963908627,0.00666425789875146,0.222610301497451
"TGGCGCAAGCACGCCT-D2_Stim",0.33180966892042,0.138304288480462,0.0679300384090404,0.00345998793765673,0.00288861378281434,0.455607402469606
"TGGCGCACATTCCTGC-D2_Stim",0.00155855932443538,0.210773895548188,0.00478902774235597,0.495140128651988,0.0761143699169713,0.211624018816062
"TGGCTGGGTGAAGGCT-D2_Stim",0.30770981692843,0.00247130361265568,0.166162650798296,0.0684160894872045,0.020615874873996,0.434624264299418
"TGGGAAGAGGTCGGAT-D2_Stim",0.174518667336347,0.130018416206262,0.00234388079691947,0.0118868240415202,0.35472961660807,0.326502595010882
"TGGGCGTCATTTCAGG-D2_Stim",0.419665467146475,0.0248234039717446,0.00203252032520325,0.244835399173664,0.0454151672664268,0.263228042116487
"TGGGCGTGTACCGCTG-D2_Stim",0.712938726111064,0.261870584592868,0.00273016409130569,0.0101607137831068,0.00880970474823384,0.00349010667342171
"TGGTTAGAGTGCGATG-D2_Stim",0.60268507193197,0.00343642611683849,0.00247539169433281,0.0856485526239152,0.233909953986837,0.0718446036461064
"TGGTTAGCAAAGAATC-D2_Stim",0.335542560103964,0.12688758934373,0.00454840805717999,0.322053281351527,0.0114100064977258,0.199558154645874
"TGGTTCCAGTTCGCGC-D2_Stim",0.364933353606001,0.136865845623638,0.441944148801379,0.0171304039328975,0.00679134357103036,0.032334904465055
"TGTATTCAGATCTGCT-D2_Stim",0.256916786150497,0.00289416387871064,0.0851786947055387,0.471191121023844,0.00799214061919176,0.175827093622219
"TGTATTCTCCATGAGT-D2_Stim",0.127206155782488,0.141108155267599,0.00294630853285277,0.616436396922109,0.0110129008266827,0.101290082668269
"TGTCCCACAGCTCGAC-D2_Stim",0.380683156654888,0.00285630153121319,0.158156654888104,0.432979976442874,0.0149587750294464,0.0103651354534747
"TGTGGTAAGTCTCCTC-D2_Stim",0.375846534801158,0.00244637369849936,0.00396789880366359,0.30558787553328,0.00146185745398132,0.310689459709419
"TGTGGTATCCACGACG-D2_Stim",0.204022406695012,0.402949314976041,0.00327326719308902,0.0100560167375312,0.0777822771141257,0.301916717284201
"TGTGTTTGTAAGTTCC-D2_Stim",0.27006435006435,0.00118404118404118,0.311454311454311,0.242496782496782,0.136164736164736,0.0386357786357786
"TGTTCCGAGCTCTCGG-D2_Stim",0.033361176500367,0.125775179082188,0.0783152352747614,0.234439466423672,0.43164502493229,0.0964639177867213
"TGTTCCGTCTTAGCCC-D2_Stim",0.458025284045447,0.00588894223075692,0.00291246599455913,0.155096815490478,0.00233637381981117,0.375740118418947
"TTAACTCCACCACGTG-D2_Stim",0.16148842922145,0.00346146330569746,0.250928174636407,0.566982106467912,0.00748122714457192,0.00965859922396226
"TTAACTCGTATAATGG-D2_Stim",0.0371596762325239,0.134841795437822,0.0503258698622937,0.00160306948386419,0.208793230316409,0.567276358667087
"TTAACTCTCATCTGCC-D2_Stim",0.136529006882989,0.174582104228122,0.0981071779744346,0.222590953785644,0.121558505408063,0.246632251720747
"TTAGGACAGTCCATAC-D2_Stim",0.120144851352141,0.141259272238771,0.00178143800011682,0.150458501255768,0.574499153086852,0.0118567840663513
"TTAGGACCATTGCGGC-D2_Stim",0.424009816976058,0.00284587869768413,0.304404584736691,0.00394245581055325,0.257095115010052,0.00770214876896165
"TTAGGCACATCAGTAC-D2_Stim",0.00291757840991977,0.0847755453882369,0.00639877992175585,0.258636695179365,0.570552350639878,0.0767190504608448
"TTAGGCATCTGTCTAT-D2_Stim",0.00294882511377357,0.638432246679669,0.331034642890313,0.00322745425838209,0.0138153617535061,0.0105414693043559
"TTAGTTCAGCGGCTTC-D2_Stim",0.319611661945231,0.162299338999056,0.0027738432483475,0.00950188857412653,0.00985599622285175,0.495957271010387
"TTAGTTCCAATGTTGC-D2_Stim",0.669048444906926,0.0741126141750491,0.096103595791421,0.00252052260376922,0.00508729332870852,0.153127529194127
"TTAGTTCCAATTCCTT-D2_Stim",0.0591320934668574,0.466857415355269,0.00171240299995665,0.296549182815277,0.172670915160186,0.00307799020245372
"TTAGTTCTCCGTTGTC-D2_Stim",0.00196869297992894,0.055699606261404,0.300225679439163,0.00268894650917123,0.494117929511188,0.145299145299145
"TTATGCTCAGCTGCAC-D2_Stim",0.398188121402407,0.00788199895342752,0.163101779173208,0.0167124542124542,0.147795656724228,0.266319989534275
"TTCCCAGCACGGATAG-D2_Stim",0.467392883079158,0.0753231663035585,0.0466521423384169,0.00316630355846042,0.00212055192447349,0.405344952795933
"TTCGAAGGTGCCTGTG-D2_Stim",0.511580209516597,0.169190963019058,0.00211409819512811,0.248990281459043,0.00372333711977786,0.0644011106903951
"TTCTACACATGTAAGA-D2_Stim",0.00270398763891365,0.00306055743745171,0.0836453319070541,0.120639448505378,0.476139537647828,0.313811136863374
"TTCTACATCGTGGACC-D2_Stim",0.344254442688126,0.00519710686401303,0.146237486228864,0.169660391818748,0.172390669157446,0.162259903242803
"TTCTCAAGTCACACGC-D2_Stim",0.0469452489311819,0.192497586539788,0.0112812025927458,0.0171562543097504,0.361881119845539,0.370238587780996
"TTCTCAAGTTATGTGC-D2_Stim",0.0143617830518789,0.00349916324357219,0.554297885288301,0.159227141335768,0.00304275064658451,0.265571276433896
"TTCTCCTCAAACAACA-D2_Stim",0.186449864498645,0.132222222222222,0.122791327913279,0.363279132791328,0.0249864498644986,0.170271002710027
"TTCTCCTCACTCTGTC-D2_Stim",0.19698416195442,0.138674695845879,0.00318229663900517,0.391006340114073,0.209101368387555,0.0610511370590683
"TTCTCCTTCAGAAATG-D2_Stim",0.114845429497078,0.00529869500711539,0.280891391891483,0.137099948526963,0.258091864232295,0.203772670845066
"TTCTTAGCATACAGCT-D2_Stim",0.434680882570709,0.00411668887901673,0.147164223308159,0.172752850584925,0.233703539167777,0.00758181548941211
"TTCTTAGCATACTACG-D2_Stim",0.201710869426954,0.287572346244355,0.00346625961966546,0.0714876295872289,0.180627106786237,0.255135788335559
"TTGAACGAGCATCATC-D2_Stim",0.0362041711284483,0.13196675335271,0.00989240732242109,0.00193768803222681,0.812018764978838,0.00798021518535516
"TTGAACGCAGCGTAAG-D2_Stim",0.00939944486500126,0.457923290436538,0.266117840020187,0.0203759777946001,0.0288922533434267,0.217291193540247
"TTGAACGCATGTAGTC-D2_Stim",0.512539139086413,0.00231176659936207,0.172094928744916,0.0412021186316683,0.0106516840780733,0.261200362859567
"TTGAACGTCAATACCG-D2_Stim",0.297200048379294,0.00755926463473633,0.127842283502661,0.218281325592646,0.0662493952588292,0.282867682631834
"TTGAACGTCGGTCCGA-D2_Stim",0.265456021850663,0.00402317941903813,0.00247296349610601,0.712139667072676,0.00656996272099804,0.00933820544051969
"TTGAACGTCTTTACAC-D2_Stim",0.196533752736917,0.153976624417923,0.0126129460017886,0.403028340580381,0.00928238813334567,0.224565948129645
"TTGACTTCAATCACAC-D2_Stim",0.307337803902089,0.323233159477882,0.00582277782377128,0.00284239865331015,0.232497171399398,0.128266688743549
"TTGACTTTCACCGTAA-D2_Stim",0.124071194055642,0.0836357352687057,0.0937816287738527,0.323804586635069,0.0166135920412748,0.358093263225456
"TTGCGTCAGGCATGGT-D2_Stim",0.306803284344166,0.00386393431311668,0.10498171531084,0.272648864969296,0.00510591319947561,0.306596287863106
"TTGCGTCAGGTAAACT-D2_Stim",0.228375254459511,0.0632784735879654,0.00489942380015871,0.624814546458269,0.0310871890418521,0.0475451126522444
"TTGCGTCCAAACCTAC-D2_Stim",0.286189839885599,0.107977588672434,0.189980542466653,0.23435778418548,0.150596619546616,0.0308976252432192
"TTGCGTCCAAGCCGCT-D2_Stim",0.551571608518616,0.00328089755983244,0.00872953100741131,0.0966985968304186,0.094413686029821,0.2453056800539
"TTGCGTCCAGTTAACC-D2_Stim",0.237998707327105,0.274487337681415,0.0474469710323756,0.0355485046124919,0.0243551324989717,0.380163346847641
"TTGGAACTCAGTGCAT-D2_Stim",0.26583841038506,0.0189145064309322,0.00398200135388046,0.208139210767332,0.031577270736272,0.471548600326524
"TTGGCAAAGAGCAATT-D2_Stim",0.258893671762901,0.250432932561476,0.003216070456682,0.00306763643560437,0.444213547078324,0.0401761417050121
"TTGGCAAAGGACATTA-D2_Stim",0.689738572748519,0.205228545029621,0.00500027175389967,0.00899505407902603,0.0684276319365183,0.0226099244524159
"TTGGCAAAGTCCGGTC-D2_Stim",0.250623995623483,0.0742982186207132,0.00188053475570144,0.154203849967518,0.185078811502034,0.33391458953055
"TTGGCAATCACGGTTA-D2_Stim",0.404041799014869,0.166298393407909,0.0394512728444506,0.203931317037242,0.0428347834092897,0.14344243428624
"TTTACTGAGTCTCGGC-D2_Stim",0.0115772192028986,0.49510303442029,0.00597259963768116,0.308537137681159,0.0229562952898551,0.155853713768116
"TTTATGCAGAGCTATA-D2_Stim",0.00792244857789588,0.291728176360594,0.114801692746777,0.00674146245448283,0.334834169865171,0.243972049995079
"TTTGCGCAGAAACGCC-D2_Stim",0.0155404225598044,0.00914964204644666,0.214911821197835,0.0506373319364414,0.457237646237122,0.25252313602235
"TTTGCGCAGGTGATAT-D2_Stim",0.135361552028219,0.0904706790123457,0.179921737213404,0.0737709435626102,0.0575672398589065,0.462907848324515
"TTTGTCACACGACTCG-D2_Stim",0.283930785706234,0.00264908127606809,0.192452936534776,0.00949723819186112,0.0597170555743434,0.451752902716717
"TTTGTCATCTTATCTG-D2_Stim",0.388343895592789,0.235205602338166,0.142749659982059,0.00245970425673525,0.174610064531065,0.0566310732991869
