cell_barcode,factor_1,factor_2,factor_3,factor_4,factor_5,factor_6,factor_7,factor_8
AAACGGGAGCTATGCT-D1_Stim,-0.15832338724090889,-0.06925240344475725,-0.2843358612929734,0.09625327553138163,-0.1747767962768041,0.04343669178607357,0.3043582598651877,0.08881896854268057
AAACGGGCAAGACACG-D1_Stim,-0.0457863264413767,-0.00670502426065589,-0.12639512964150423,0.09847236072822518,-0.3141237980157694,-0.002781209461090839,0.05783614514243851,0.0692938136325747
AAACGGGCAGATTGCT-D1_Stim,-0.07459377193800343,0.009017497310113143,-0.11542708872422303,0.17520271982470348,0.0013076621612579942,-0.0520281378714742,0.1340222090467087,0.13163429356212397
AAACGGGGTAGGAGTC-D1_Stim,-0.21713629577012483,-0.12641048060562987,-0.36359362923866634,0.20995124757951444,-0.09934471103985665,0.24015731294086962,0.5369546602925936,0.11006685328301202
AAACGGGGTGCACCAC-D1_Stim,-0.21683911226941,-0.0853192486027119,-0.48791727960984765,0.13005017326126023,-0.12103856356664444,0.107786349188574,0.2407711245736337,0.08213517675309667
AAAGATGAGTACGCCC-D1_Stim,-0.09463126551495549,0.008499504959955217,-0.12595279110524782,0.09849773467138334,-0.043095455872007804,-0.06683576882453224,-0.01120315025544727,0.0693263989061812
AAAGCAAAGAGCTATA-D1_Stim,-0.040431372706596136,0.033534623970032484,-0.12818504470473435,0.08299174843602941,-0.03418629884021662,0.08659538108475928,0.051662277784746635,0.08365537963587144
AAAGCAAAGTACACCT-D1_Stim,-0.10911020482563139,-0.035674369073911194,-0.37440331783765046,0.22358665578750347,-0.1279582155818293,0.2736381623020545,0.7843398633448224,0.08641156149345619
AAAGCAATCTATGTGG-D1_Stim,-0.148460396439134,-0.044428444748879414,-0.22089133596737298,0.1039963413209648,-0.07349619460406309,-0.07768354049360937,0.04683410230543217,0.05007305623738034
AAATGCCAGACGCTTT-D1_Stim,-0.0973017026160452,0.015622930238162525,-0.18766846027354323,0.1081164187976782,-0.12144380646848596,0.03151615251973183,0.07778619718996183,0.12092729333229357
AAATGCCAGGTGCAAC-D1_Stim,-0.06753008833521257,0.01805403517997206,-0.1176950632830236,0.1543468307394349,0.00048783886731484927,-0.024008810978960682,0.1506108470380063,0.09695912694212616
AAATGCCCAGTCGATT-D1_Stim,-0.08114119987983415,-0.01556559995624518,-0.44260817192301616,0.19376610856663667,-0.21144939366189242,0.21832615220301044,0.39706836159964354,0.1428430520515782
AAATGCCGTCCGCTGA-D1_Stim,-0.04411580211729138,0.04263282652394018,-0.0996874034562989,0.09862877029089745,-0.13449222142498662,0.007501173666824457,0.087605558836092,0.08364495142159178
AAATGCCGTTAGATGA-D1_Stim,-0.20124799237016333,-0.0837351156590298,-0.49090241130183365,0.16514200467153728,-0.25311691257482316,0.10487651637964035,0.23245657036792267,0.11107281722707896
AACACGTGTCTCATCC-D1_Stim,-0.15195958344231109,-0.026465856272983146,-0.4288839956917636,0.14002849119584404,-0.09329765037653104,0.13189351896063428,0.18458821691720928,0.1150197229009482
AACACGTTCGAACGGA-D1_Stim,-0.196766302309884,-0.06620495791809944,-0.29609128894975534,0.1533866655793208,-0.14549549199288236,0.2018375728525843,0.6428516138572977,0.10534767148214286
AACCATGAGACATAAC-D1_Stim,-0.09137922452234015,-0.03041725888585134,-0.2549427573230334,0.1109092576703059,-0.2756723041701452,-0.010702243659627797,0.10206759619102357,0.0550506172604468
AACCATGAGATGCGAC-D1_Stim,0.04111236710710031,0.08956040919837349,-0.4240683621773922,0.09510623057492218,-0.1506358168940114,0.20968675366309064,0.06993972494138845,0.06047367282759275
AACCGCGAGGACATTA-D1_Stim,-0.13193863936560035,-0.03968232928894189,-0.20815316685239615,0.11784942230931783,-0.1191674892071557,-0.06645408794050311,-0.0109454189731224,0.05434774334249681
AACCGCGAGGTAGCCA-D1_Stim,-0.1285706426571931,-0.1055016243193787,-0.4700435749780052,0.270555023466434,-0.12417905074133273,0.5593630490744292,0.6248222481078791,0.1531438199415689
AACCGCGAGGTGCTTT-D1_Stim,-0.2849583052920899,-0.1484512045684987,-0.6365450029373498,0.16588975737359135,-0.2522840005266005,0.2115291055015831,0.5144516573482054,0.08400520045773163
AACCGCGCAATGAATG-D1_Stim,-0.13444979992103612,-0.06699498943173943,-0.2518978200528359,0.10643147380224782,-0.15026272148990572,0.053492872419973025,0.21264433320292753,0.13136348390347052
AACCGCGGTACACCGC-D1_Stim,-0.057217557060667446,0.03804728630418808,-0.10316707036963546,0.15498746050062806,0.02921345937587283,-0.0007357141335386785,0.14099543804135806,0.11605575881006125
AACCGCGGTTCTCATT-D1_Stim,-0.054859000508709954,-0.002809022616352408,-0.1893047695220309,0.06770040460685323,-0.08453986462749796,0.09220369941480477,-0.06932233881703098,0.06847900569216847
AACTCAGGTTTGGCGC-D1_Stim,-0.12103493132994281,-0.04065143610098865,-0.23256566307840743,0.12209911722607103,-0.2868591218234773,0.02558906108292902,0.10599668039450094,0.08831797066436309
AACTCAGTCCGATATG-D1_Stim,-0.0693178446190128,0.005179676367632169,-0.3402489040022285,0.2091437175520472,-0.11741488055113791,0.2406704171235834,0.3292735167911953,0.1501451851884319
AACTCTTCACTTACGA-D1_Stim,-0.07981790383440845,-0.009475613039303,-0.1340908463791406,-0.04301691513922812,0.029186233767969583,-0.14004892128179058,-0.4210484192776285,-0.014590451473104338
AACTCTTCATGGTCTA-D1_Stim,-0.2519993207750968,-0.09939447392513046,-0.3944267620553621,0.16486604034810348,-0.20533877768098563,0.13257290443843317,0.37856758308605976,0.0954215955566795
AACTCTTGTCTAGTGT-D1_Stim,-0.157902273883888,-0.0768377815252066,-0.40050924804349997,0.14967413373140914,-0.30731902561415225,0.027598054445579834,0.042707731929800374,0.09021092813866716
AACTCTTGTGTGAATA-D1_Stim,-0.08981792678094891,0.012290779149642717,-0.16036525976554827,0.07405908000206729,-0.12381446912396932,0.04889748707266861,-0.03906367692604462,0.1184835650591225
AACTGGTAGTGGACGT-D1_Stim,-0.036447054060737116,0.08524443064605158,-0.23022471951529866,0.08145887185468936,0.06954353130601731,0.19763549112647638,-0.23841507617705204,0.0912334022332022
AACTTTCCATGCCACG-D1_Stim,-0.08368180826541227,-0.0834923455675547,-0.46922907024530236,0.1644757131032577,-0.09670914191660529,0.2181055018686937,0.3150560838285692,0.1264481110950353
AACTTTCTCTGTTTGT-D1_Stim,-0.08778116833925154,0.005406445115450964,-0.2737782167203058,0.12889382230464896,-0.11397508976026138,0.13603137865278647,0.2513353797868678,0.12034630292269632
AAGACCTAGTATGACA-D1_Stim,-0.06370991672557658,0.05083024581309559,-0.11783614798346331,0.2134324143145392,-0.0394888524760546,0.028974364551382692,0.23033479079111174,0.14765432657643096
AAGACCTCACTCTGTC-D1_Stim,-0.12307203376181874,0.04302993899113794,-0.06281373972966176,0.040990380605505194,0.020627463739993246,-0.12219146540739878,-0.27559018741773755,0.007208977689126428
AAGCCGCCAGCCACCA-D1_Stim,-0.09793231935394431,-0.03657854920502146,-0.41963649312059204,0.14694348779333133,-0.18666198480583596,0.12659417975564935,0.13670851229959524,0.0640572868080298
AAGCCGCGTTCTCATT-D1_Stim,-0.06998083379192721,-0.004829319897210027,-0.21141516397465665,0.11611273011269851,-0.10514429990769614,0.06469949496347027,0.11926674343457577,0.10286232431949571
AAGCCGCGTTTGGCGC-D1_Stim,-0.05001129818788108,0.038438427293426614,-0.26412964327669286,0.1751424613546675,-0.16056974923434275,0.049875952625304976,0.1287690416441052,0.10149417742719002
AAGCCGCTCGGTTCGG-D1_Stim,-0.17188807454020072,-0.06344095222820911,-0.20645320936290368,0.0792927953523499,-0.09544814668542578,0.025771393474588677,0.4208448568277028,0.07714018455879135
AAGCCGCTCTCAACTT-D1_Stim,-0.18362284564347853,-0.09972782932752366,-0.4906846430961487,0.2040206810805909,-0.24039712916273537,0.14343539624704604,0.5584236082292069,0.11359823555696202
AAGCCGCTCTCCAACC-D1_Stim,-0.11303386950426209,-0.012015137738739412,-0.33528748006199827,0.14708445691145045,-0.22193259467449167,0.058661082557957656,0.1504664136546232,0.1259649873563209
AAGGAGCGTCGTCTTC-D1_Stim,-0.02675671311638972,0.03862100719766026,-0.154964508616378,0.08731890357019445,-0.04145994244205298,0.11234184320360008,-0.1127047738910889,0.10236029375336031
AAGGAGCGTTAAGATG-D1_Stim,-0.10361244115659751,-0.04693311996399707,-0.2853196892689942,0.04472573657480794,-0.18512030753097797,0.02348134894852194,0.01193301924792678,0.035791130346249034
AAGGTTCGTGTAACGG-D1_Stim,-0.1827711107575869,-0.059778207280265505,-0.24651289312375635,0.11125959994783763,-0.3755938238627845,0.018645219125119183,0.2248676190381751,0.05065652402934617
AAGGTTCTCAACACTG-D1_Stim,-0.03695448952989011,0.024522853596671723,-0.10073463478512679,0.11870308338058067,-0.031824242515295253,-0.022253631970150067,0.0830097538446175,0.06601381775882587
AAGGTTCTCCACGACG-D1_Stim,-0.05061744215622532,0.03758860524312979,-0.1324270360049855,0.1766580906862849,-0.020377998742709735,0.020027003114376996,0.2136201161630744,0.14663382697090022
AAGTCTGAGAGTGAGA-D1_Stim,-0.06932862418401697,0.0005230252757701948,-0.14712401256313434,0.0613670068506611,-0.06695331434407947,0.01756638897830598,-0.03323697403119397,0.08277048371310691
AAGTCTGAGCTGTCTA-D1_Stim,-0.10231751927718236,-0.03894464946213283,-0.33540642989617275,0.12527566758930675,-0.23608280646215185,0.18009384793883143,0.4644368911265655,0.08967648506418158
AAGTCTGTCATGGTCA-D1_Stim,-0.06744339046248804,-0.008161208323343772,-0.11733860451964606,0.1002886862029051,-0.10357118449744718,0.02087453799873451,0.09992344827883315,0.08342697734944338
AAGTCTGTCTCGGACG-D1_Stim,-0.15494292757499295,-0.06238615427103689,-0.3502166720096058,0.16910649415251022,-0.19423732285726203,0.13801904626488692,0.29365130996525934,0.12811608501818839
AATCCAGAGGCGATAC-D1_Stim,-0.08846485450774644,0.03598088920287701,-0.1555197523579741,0.058555961209485474,-0.04168675844668712,-0.09349799694626526,-0.09480380729653959,0.04112123511471033
AATCCAGGTGTGAAAT-D1_Stim,-0.07438346283264607,0.03916384775792103,-0.088572935446666,0.17548628116288967,0.016727622270462206,-0.007162247738289551,0.17219950247072546,0.11902186968939787
AATCGGTCAGATGGCA-D1_Stim,-0.0481719724756875,0.038145070998750086,-0.2589214068819512,0.16267939602529857,-0.20036681437495218,0.05293749871209741,0.09201262945413191,0.09374018254635352
AATCGGTTCCACTGGG-D1_Stim,-0.13619744565977676,0.05355239084006769,-0.27225121476356584,0.16947367701939342,-0.15401861069442369,0.046074527883554595,0.15534847975575516,0.1779880524652544
ACACCAAGTGTTTGGT-D1_Stim,-0.1538776598578977,-0.05396753903830387,-0.4360665702088582,0.2009195055491908,-0.3892066411140327,0.10342825473409256,0.3297979577055514,0.11591490287621653
ACACCAATCTGGTGTA-D1_Stim,-0.04843546774052676,0.0027124206326423206,-0.15619019272021095,0.14698628294584992,-0.2655499693303671,0.043179377202896774,0.07629924265889443,0.07195592083714608
ACACCCTAGAGACTTA-D1_Stim,-0.048060933286684815,0.006502925356006273,-0.1335827158384113,0.08283197010861798,-0.015514874566246561,-0.036095588125055755,0.09883352946753377,0.05996297115757798
ACACCCTCAAGCGCTC-D1_Stim,-0.07378563665719895,0.011454210515719154,-0.1152882030026392,0.10270359116075056,-0.09570395778011687,-0.09795135833472024,0.008532887384440357,0.03948763712354619
ACACCGGAGAATAGGG-D1_Stim,-0.17038703593195947,-0.07170399417192108,-0.18154624908458583,0.06486501735672512,-0.07778411383610617,0.026845703045529135,0.2865678460781833,0.057856324951728766
ACACCGGAGGAACTGC-D1_Stim,-0.08275104201898209,0.028159200761779246,-0.26416678585064446,0.18817077813561767,-0.07877111352282107,0.2163358638725974,0.2820020420577283,0.1496955849866204
ACACCGGTCAAGGTAA-D1_Stim,-0.1123043077694561,0.0028655604675957846,-0.22338679152058205,0.1580522212597213,-0.056341355647631985,0.14385573224761927,0.4185499927419869,0.13501780523196416
ACACTGAGTGTTTGGT-D1_Stim,-0.014294030040911565,0.08416854410174146,-0.1571036778513637,0.13850303699518562,-0.04118378449081561,0.14588744793773323,-0.10807771110292919,0.12373119271839705
ACAGCCGAGATAGTCA-D1_Stim,-0.06751313166805062,-0.05560162828688142,-0.2851249794812496,0.19050455086534157,-0.1850728351725337,0.17117797449894034,0.5485625588201799,0.09702633110916992
ACAGCCGAGTGGCACA-D1_Stim,-0.11950972929407655,-0.040099381980231996,-0.14178565813332789,0.06935591621098425,-0.09613009193389921,-0.0038699401064334893,0.10428171690769972,0.0691199117065473
ACAGCCGCATGGGAAC-D1_Stim,-0.018362504724358075,0.0690002128525471,-0.11465862404220228,0.10139603733208169,-0.0377297027248531,0.16812628067388857,-0.0548566656303926,0.11692378343039245
ACAGCCGGTAAGAGGA-D1_Stim,-0.11559088325473077,-0.052452421749450195,-0.3851128423765875,0.2088145720225505,-0.17861867803220122,0.18539792399320731,0.6478803095952461,0.13073022348812025
ACAGCCGTCAGCTTAG-D1_Stim,-0.04162647983305234,0.03494266694383796,-0.2725587369332878,0.1689477014720815,-0.1571429484735436,0.19657748491466798,0.2886570145528342,0.1526125729827772
ACAGCTAGTGTTTGGT-D1_Stim,-0.07260787977369709,-0.022724108935888054,-0.3306901433376561,0.18729622936813506,-0.3529115176624842,0.09413372495052741,0.1878206292937321,0.09957609958727254
ACAGCTATCCGGCACA-D1_Stim,-0.2115911423460215,-0.07205888557120943,-0.4378097471693385,0.10916208714287734,-0.27897866876027244,0.022149405473767203,0.21975696186323468,0.07552618554011126
ACAGCTATCTCCCTGA-D1_Stim,-0.026597075570462536,0.024067376473107416,-0.10791206173811663,0.06573272801189844,0.014222021789997541,0.16871069626753332,-0.11799699817106557,0.10050494309735925
ACAGCTATCTTACCGC-D1_Stim,-0.15658449710097422,-0.07942286403413412,-0.27997637508735274,0.17106722182107426,-0.31340221499281107,0.014606261668509646,0.324956172863601,0.11887190055351837
ACATACGAGTTGCAGG-D1_Stim,-0.05240885370567483,-0.011405758419098078,-0.19119786345534173,0.07455858142886918,-0.11038343463213351,0.0227613050335993,0.05730833017900139,0.07587175977131366
ACATACGCACCATCCT-D1_Stim,-0.050423743436734725,-0.09053334215858477,-0.6782421805528696,0.29046687474357746,-0.3018363301357958,0.34569889554440003,0.52289342329588,0.1286509512122489
ACATACGCATCACAAC-D1_Stim,-0.12565213585155632,-0.05499684924080306,-0.16629502225327286,0.07293638387564094,-0.11949792471861542,0.020534706996407692,0.28539385798068295,0.06294747101686582
ACATACGCATCTGGTA-D1_Stim,-0.056949000184506104,0.026210235294103157,-0.10932648808613532,0.10678889998727925,-0.06994346598632539,-0.015330665917042907,0.0645135920636477,0.07878043660850409
ACATACGCATTCTTAC-D1_Stim,-0.05899799116995297,0.028961872482279105,-0.20148462077679508,0.09911313060344185,-0.20159061801783906,-0.010565895120780766,-0.10603598887858112,0.07554108286768013
ACATACGGTGCAGGTA-D1_Stim,-0.1518983433476606,-0.06337209665479371,-0.37244367939574374,0.09047432135663769,-0.18983275382029952,0.03346045354819971,0.025347702260575034,0.032274599953073135
ACATACGTCTGTTGAG-D1_Stim,-0.12406265336239741,-0.051184714161152556,-0.504420640583259,0.2081991050978722,-0.24211198134923606,0.15963087779484297,0.5246640423915654,0.12429932292951484
ACATCAGAGGCTAGCA-D1_Stim,-0.16584736883697815,-0.06384191849133636,-0.18416306959271367,0.08343368119039951,-0.14979449525670674,0.025921159313647024,0.3581466749187392,0.06142445931017804
ACATCAGCAAGTCATC-D1_Stim,-0.09752709935586878,-0.09879048107671018,-0.4800498979278025,0.15070116253858146,-0.17946086714279375,0.218443918984228,0.5739637535012587,0.04733070000478001
ACATCAGCATGTAAGA-D1_Stim,-0.19464845061676428,-0.06814198852817377,-0.2768670715114503,0.27116426717048725,-0.1512896768907357,0.21879362848588713,0.8209596795439946,0.1387324478671914
ACATCAGGTACTCGCG-D1_Stim,-0.0777824859917775,0.012429637112612468,-0.29165877947533314,0.14689782138963992,-0.08219203514979867,0.09736003083402522,0.1465006779020328,0.09314323790055212
ACATGGTGTATAGTAG-D1_Stim,-0.09655279293672159,-0.0268433861465045,-0.2678322929664887,0.09482141895545304,-0.04939494255405741,0.12220800390552355,0.3314283806896938,0.09319765677338232
ACATGGTGTCGATTGT-D1_Stim,-0.04740729729088855,0.02516559551852282,-0.14470364652237144,0.08012077848014698,-0.07268574881065781,0.03914100157385825,-0.021650205733081407,0.0932048478175318
ACATGGTTCGGTCTAA-D1_Stim,-0.025269377683930117,-0.01694949515732347,-0.44535080787885484,0.16933005421336134,-0.3459290694339021,0.1573626273367612,0.1662839228164632,0.11942699311052607
ACCCACTCACACAGAG-D1_Stim,-0.05149913445836596,0.06372725766962795,-0.1281817338365947,0.13118419256651137,-0.1279829649134694,0.000572949125507094,0.06831769170575086,0.09649297577910865
ACCCACTCATGAACCT-D1_Stim,-0.10579497697630735,0.008123398593923525,-0.21412105486759714,0.10247985044655294,-0.15226205477570254,0.05535228079923371,-0.12634209728185297,0.07494120095559076
ACCCACTTCACATACG-D1_Stim,-0.14019766354712537,-0.0665531907727086,-0.22837858463306304,0.11072922301984711,-0.15802807019263376,0.06637611922171693,0.3270529757751035,0.08766788589811192
ACCCACTTCACGAAGG-D1_Stim,-0.14426308528931386,-0.07105283160682951,-0.4779024917980941,0.21168208432704638,-0.2460599274261135,0.19545296348104202,0.31452995046245924,0.10991773910687641
ACCGTAAAGGCTAGAC-D1_Stim,-0.14509834181529158,-0.04165162703867331,-0.38710471261608426,0.14870466982495145,-0.26861024056741556,0.12206735003275959,0.24498164799231503,0.10264041741853447
ACCGTAACAGGGTACA-D1_Stim,-0.06804502034116666,0.042807275967406966,-0.13015288061920938,0.15470394913964114,-0.026744898165558695,-0.018585920477216078,0.15759598205366387,0.08191151325047841
ACCGTAATCGCATGAT-D1_Stim,-0.038562092565729955,0.05486468718163273,-0.15005453761725107,0.11546869717036934,-0.19440330184703036,-0.03585095449881592,0.001799592554057483,0.11165862941491334
ACCTTTACAATCCGAT-D1_Stim,-0.07735089101663384,0.014304761781950504,-0.14218373911472426,0.19344607390386415,-0.029077293787771907,-0.03090286282492727,0.1966388815748381,0.10669048541107706
ACCTTTACACACAGAG-D1_Stim,-0.14999240324477547,-0.04008359238526005,-0.33019249097240255,0.06122755615997555,-0.23851339175898367,0.026268381393586893,-0.026225924871688733,0.040344498103413784
ACGAGCCCAACAACCT-D1_Stim,-0.08926115886694319,-0.017540525629316406,-0.19759505146400613,0.0949052579396863,-0.038519193113089045,-0.06986797374921849,0.07412811276649478,0.024667961688349394
ACGAGCCCACATAACC-D1_Stim,-0.06181066300776372,-0.0011339539120349684,-0.24243846741597785,0.09987491923530101,-0.12980638372777342,0.14991539440141466,0.18198645087815102,0.10463029802568968
ACGAGCCTCCTTTCGG-D1_Stim,-0.03855457443031973,0.04062372154874083,-0.07527828405141346,0.11395636949163546,0.03095241273932814,0.010553033954643354,0.0763683343128001,0.08143499639193053
ACGAGGAAGGGTTTCT-D1_Stim,-0.110855749071467,-0.0243628322267746,-0.17742062202278852,0.10360116201263203,-0.08978636655015393,0.06027693265516554,0.10162693816703339,0.1325474015192878
ACGAGGACACCTATCC-D1_Stim,-0.05271252007133853,0.02615185006319365,-0.11165426894340413,0.10702137949418855,-0.1086254431212339,-0.019039988500624716,0.06939058153879785,0.06639916499140419
ACGAGGATCCAATGGT-D1_Stim,-0.08207171842760808,-0.003405094773906825,-0.23140691743378472,0.11138777415798451,-0.22397112268158992,0.0002192709062693865,-0.06928719012798012,0.07581980932472554
ACGATACCAGGTCTCG-D1_Stim,-0.20681896410672884,-0.07261063574114068,-0.2550027796523544,0.06698336585246523,-0.1951109330735772,0.02219355346021601,0.36203747668659325,0.05368422299668296
ACGATGTAGGTTACCT-D1_Stim,-0.10376599026553102,-0.014298361597127496,-0.20849215722360182,0.10518991966299396,-0.2243649676968964,-0.021431056676494364,0.07532229566502835,0.03964909228835545
ACGCAGCAGGGTTCCC-D1_Stim,-0.03056337151642552,-0.057621891485121424,-0.38769566948659673,0.2775268247989455,-0.1908553764324985,0.29202287008276073,0.8612363920412438,0.10807725701682358
ACGCAGCGTATTCTCT-D1_Stim,-0.03007187199649053,0.049446755929007935,-0.09982038731028009,0.10382375873754057,-0.016808063297137465,0.05995025741285609,0.005616875276377442,0.09061584020859392
ACGCAGCGTGCCTGCA-D1_Stim,-0.20272246246151404,-0.1094939370699688,-0.4018257574317161,0.11303777577685281,-0.17763420502254235,0.037989517229256364,0.36471813609542636,0.08473074242981049
ACGCAGCTCGAACTGT-D1_Stim,-0.051591437708099264,0.06628234258347909,-0.13586126961769107,0.12827820061898265,-0.06821160460632747,0.003132975281879169,0.08964564740428216,0.0954481939362477
ACGCCAGGTCAATGTC-D1_Stim,-0.020319892098733305,0.04391304008786712,-0.056361210614378265,0.1155844827935617,0.04799742035702437,0.02335572742188141,0.1205006359070957,0.09496641121771887
ACGCCAGGTCCAGTAT-D1_Stim,-0.06892330574746985,0.03814178394803491,-0.1679683226038513,0.11291292195011593,-0.06799256921825858,-0.0019894276584988546,0.06917919317096732,0.09704778945513048
ACGGAGACACATTCGA-D1_Stim,-0.21420418952863862,-0.11446651664242324,-0.5889857705241965,0.2262892416919975,-0.22284810915329878,0.28062714715547443,0.33425038460934786,0.12022953937050751
ACGGCCAAGAAACCTA-D1_Stim,-0.05717642587477023,0.03810649953619105,-0.22245688317904921,0.15164018319222095,-0.0822249475830219,-0.013701503205989951,0.0831133827824253,0.08719038569459414
ACGGCCACATGGTCAT-D1_Stim,-0.003957612315705461,0.028777624071711472,-0.2517514834956174,-0.09800086923642404,0.11413594169799346,0.10972275854058466,-0.18794048254112283,-0.024013200739796403
ACGGGTCAGCGATGAC-D1_Stim,-0.03376704282823084,0.05112632232321879,-0.10348819978293289,0.11951670431968253,0.021438766398674147,-0.013720179573068592,-0.034158440797600775,0.1115398396898879
ACGGGTCGTCAACTGT-D1_Stim,-0.10102334925716505,-0.03211772979937777,-0.24759607107396597,0.08189297724898736,-0.09443188752633702,0.20452823703578815,0.14684262806087212,0.06274495769244659
ACGGGTCTCTACTCAT-D1_Stim,-0.05431162459311878,-0.03629490640610378,-0.24952209294231764,0.0328545219729488,0.24403414972782933,0.2485667055616414,0.0857579322303943,0.04366091417838547
ACTATCTCAACTGGCC-D1_Stim,-0.10076274610813307,-0.026195333200289994,-0.5644240932001345,0.20275315497131885,-0.22049376284129352,0.2359556172220323,0.35216128225273735,0.1350563387654855
ACTATCTGTCTCATCC-D1_Stim,-0.12492721212613667,-0.1320011788710591,-0.5810406562636494,0.20583603622005953,0.03290540586326607,0.18490263476285307,0.3915314008943227,0.06655622204889333
ACTATCTTCCATTCTA-D1_Stim,-0.08329082446931935,0.010694989154375278,-0.10580876626895286,0.13386781094289546,-0.0017793274686255245,-0.08659613629111007,0.09484431318032449,0.07349151819098587
ACTATCTTCGACAGCC-D1_Stim,-0.04388297708108091,0.037923961117334315,-0.07910834919961207,0.12119584186409327,-0.053431328495502584,-0.01313030739064125,0.16613879493045047,0.06916886297730862
ACTGAACCACCTGGTG-D1_Stim,-0.10742089081154838,-0.017218345047496086,-0.2757649230919812,0.187303495261256,-0.3161039041865781,-0.015111653762138744,0.10504261833008854,0.1023462068698553
ACTGAACGTAGAGCTG-D1_Stim,-0.1301758350417206,0.006801834642743643,-0.23271807678219414,0.12579464498339732,-0.2578065515684518,0.026234819818986566,0.07770774164044525,0.1287361035785377
ACTGAGTAGCCAGAAC-D1_Stim,-0.04024744069999464,0.049283436301884365,-0.15139022448903727,0.0901442238293022,-0.04842996732629956,0.06534892329233521,-0.04312104448329279,0.12201632387080608
ACTGAGTAGGACACCA-D1_Stim,-0.18278213108217756,-0.08709431161109649,-0.21012114889943145,0.06701769392607737,-0.16761438134110485,-0.04385346443591409,0.2998609009361033,0.06933900614591337
ACTGAGTAGGCTCTTA-D1_Stim,-0.16287604376676335,-0.1054158418029143,-0.4712094407993037,0.24001062435254994,-0.21739005937283906,0.177987923155964,0.3047909320866431,0.1441035874217711
ACTGAGTCAGTAAGCG-D1_Stim,-0.11726477902148957,-0.015273240481981532,-0.205736553448002,0.14793561833334934,-0.2726269684473177,0.06247152940981948,0.21171520626425533,0.12855585761384525
ACTGAGTGTCTGATCA-D1_Stim,-0.046499162277500616,-5.841792332539342e-05,-0.17025677393069394,0.08479832765447881,-0.06534396209928417,0.03845286851697338,0.06769279223698632,0.07190155322889069
ACTGAGTTCCACGAAT-D1_Stim,-0.14380698724937524,-0.01874581792770158,-0.31709837445261435,0.12923511137460153,-0.12521099953387171,0.15304757133035451,0.2653175023643968,0.14874168369398078
ACTGATGCAGCTTCGG-D1_Stim,-0.0415286611735155,0.05893531912876249,-0.08677966253225655,0.12432417233351956,-0.09600219446843283,0.006643062171715286,0.11402512583409674,0.10384885676210942
ACTGATGGTGTTGGGA-D1_Stim,-0.17314279773596652,-0.0735134071696617,-0.3850121035804115,0.10076566294464584,-0.2620045418672614,0.04052450561460752,0.21879514562760605,0.11017446200143688
ACTGCTCAGAGTGAGA-D1_Stim,-0.10220884119579132,-0.06459999299116426,-0.21860734495725875,0.07191094061874637,-0.10147434599256044,0.055548611761826905,0.12229927737475066,0.06425275816891585
ACTGCTCAGGATGCGT-D1_Stim,-0.0676437979142257,0.05188291353246477,-0.1177789323505225,0.09798151085337992,-0.06812736396268626,-0.006889391301758252,-0.020968372519014622,0.07102659031693825
ACTGCTCGTACTCTCC-D1_Stim,-0.16660487157454007,-0.05009691610896638,-0.2592226086469598,0.07796226806400952,-0.1979535852245604,-0.024278442123987887,0.13036739490807392,0.082698779859534
ACTTACTGTTTGCATG-D1_Stim,0.03449794007151574,-0.02110404336742988,-0.5498920484744936,0.2913495610056529,-0.12418981251124706,0.3718166680008377,0.9604224553555714,0.1463526614027515
ACTTACTTCTTGCCGT-D1_Stim,-0.01226082200077272,0.05635759470035673,-0.12169150263368156,0.14501287264804397,-0.11559239400951604,0.009106909786540385,0.13671156251915662,0.07196451258361947
ACTTGTTAGTAGGTGC-D1_Stim,0.048118900680112375,0.1181402586373359,-0.10253831056621987,0.18585400784720107,0.10743522204647782,0.23246709757231265,0.175779061712646,0.1822135783229406
ACTTGTTAGTTGAGTA-D1_Stim,-0.07379374712420272,0.0025822887379263193,-0.10492973858376331,0.1122655163333075,-0.08043339787463388,-0.0007767704440500012,0.009053801248313675,0.08105149952032065
ACTTGTTCAATAGCGG-D1_Stim,-0.047717821568427965,-0.025889703645402662,-0.45739454704970584,0.21021820273807457,-0.2610808233973998,0.31762490697999546,0.21151730598125162,0.12139952423296307
ACTTGTTCAGGTTTCA-D1_Stim,-0.1341664821598343,-0.03007730144389953,-0.38969981256220443,0.2482778286053957,-0.2580596642882611,0.21859252653933403,0.30776000965481387,0.13993268762487077
ACTTGTTGTACTCTCC-D1_Stim,-0.027202020191046117,0.04754966493876722,-0.07629100772856834,0.15723061846477826,-0.10603473389443252,-0.01998626229084799,0.21028809989203268,0.10574637016232558
ACTTGTTTCCGAAGAG-D1_Stim,-0.14625527963743323,-0.03945101263710704,-0.32463219124058007,0.06490383702066715,-0.04304044187852618,0.07903888545093096,0.4365204319957119,0.07961909153291735
ACTTGTTTCTCTGCTG-D1_Stim,-0.17341701716093816,-0.08796306557989908,-0.4025635346683307,0.0884619131858102,-0.19155413824022993,0.10634316891130524,0.23551600054685018,0.08491234716329643
ACTTTCACAAGTAGTA-D1_Stim,-0.12972949724570526,-0.028311844747635817,-0.31083327611627887,0.10906199905609881,0.06318276064081552,0.09823313911954656,0.028296732945022995,0.06878761342206374
ACTTTCATCACCACCT-D1_Stim,-0.04036259360748495,0.03175522594620439,-0.1588527268241462,0.1366942769550743,-0.03585485853750292,0.03800322515485277,-0.02464157288501667,0.11599477045949769
ACTTTCATCATACGGT-D1_Stim,-0.08103881544598757,-0.0010860671671224509,-0.11697693964296096,0.014489133570460666,-0.003286478349766142,-0.09940248649265726,-0.060209619319607555,0.008848127743052103
ACTTTCATCCAAGTAC-D1_Stim,-0.11694904428251895,-0.025855865365745245,-0.20024801014696259,0.04061434518862583,-0.13954927615281854,-0.09452921277124915,-0.33125315415074397,-0.007261700711804764
AGAATAGGTCCGTCAG-D1_Stim,-0.09811071753506617,0.0007849109253577069,-0.25159861399499217,0.12099714076061474,-0.21631653222920733,0.01976401320728094,0.043816610986560534,0.10003075665024319
AGAATAGTCTTGAGAC-D1_Stim,-0.3148573416821119,-0.1631789514844062,-0.7658809505110487,0.2563447075679335,-0.26900348870282365,0.22310911608438033,0.8394415349438873,0.1042919376203244
AGACGTTCAAGCTGGA-D1_Stim,-0.06631820685687018,-0.009015104028895493,-0.09944900812259672,0.06755364870722147,-0.04063709814209915,-0.09342562493416295,-0.0017487326028771122,0.008003623823643835
AGACGTTCAAGGACTG-D1_Stim,-0.07976690840954959,0.003922080475938117,-0.18748145021386442,0.10793438488166096,-0.29751299478582816,0.035011758109138924,0.1417812573833359,0.07806209718125423
AGACGTTGTCAATGTC-D1_Stim,-0.10050105673651011,0.042063411899061265,-0.15123705729411707,0.03713978396098483,-0.207821077703624,-0.060515506713514355,-0.04810391109982248,0.03997877957108287
AGAGCGACAAGAGTCG-D1_Stim,0.01057400209278292,0.03691453442175252,-0.11653041621840021,0.07550813989990424,-0.006042654694114802,0.0994176392926871,-0.04265027121499543,0.07851503299434981
AGAGCGATCAAGCCTA-D1_Stim,-0.10711702490333508,0.0001274645351916348,-0.3096582501309433,0.15801034194872265,-0.14002424514350054,-0.006601596538132526,0.09358919346486161,0.08414828384470852
AGAGCTTGTCTAGTCA-D1_Stim,-0.1351467745227115,-0.06722802015636553,-0.12346099775871267,0.051808582289078586,-0.11823550385554427,-0.01960446069278987,0.11198921421313912,0.06877997643683997
AGAGCTTGTTCAGACT-D1_Stim,-0.23132161258591744,-0.08602602498391754,-0.2617516236653321,0.03675440139146602,-0.16291605148675004,-0.07884541120686883,0.4249827846089822,0.017021834655855272
AGAGCTTTCCTTTCGG-D1_Stim,-0.05820386896972174,-0.2391908730707346,-1.0436082337013435,0.13850969182181672,-0.05418659097791334,0.3686017464124678,0.46062789200861154,-0.01761991953272357
AGAGTGGAGGTACTCT-D1_Stim,-0.058115002734060894,0.012237621202066506,-0.16721892796205573,0.10794966944650142,-0.07861623724368982,0.07092666588825303,0.0871868768408035,0.09552316264846539
AGAGTGGCAGTAAGCG-D1_Stim,-0.28706346617071254,-0.11782574698717951,-0.3902353222500743,0.1515011363845744,-0.17708970410763492,0.18029994839731067,0.5022016740339339,0.09688195436250702
AGAGTGGGTTAGAACA-D1_Stim,-0.16357049559834458,-0.06088706487036255,-0.41673030447965687,0.11694245955969684,-0.15592940809063194,0.10285972663896281,0.02087376062499402,0.036474516614854124
AGATCTGAGACAAAGG-D1_Stim,-0.1975436167819904,-0.08499924092576272,-0.3055874458851857,0.11176621798589537,-0.14525125906745728,0.06413386866047688,0.3898140903530134,0.11695519111133024
AGATCTGAGTGGTCCC-D1_Stim,-0.14600099169274472,-0.08893938632280829,-0.15672137826388433,0.038757585473643275,-0.11552289218012035,0.003119498855820524,0.24334958419902541,0.03615908742787255
AGATCTGAGTGTACGG-D1_Stim,-0.10489780477843702,0.022200124083481043,-0.2100033822370886,0.12942013571152344,-0.1771826321021308,0.00662728734367235,0.0427198969772995,0.13290902517784708
AGATCTGCATGATCCA-D1_Stim,-0.08844799985375573,0.0020281001040078905,-0.1522590410625071,0.13488750162115792,-0.019219006993861143,-0.055832683653113335,0.085146551684673,0.11726041168609136
AGATCTGCATGCCTTC-D1_Stim,-0.060957085159436986,0.030998642930171627,-0.12921788363375786,0.16982193861188577,-0.044291714795782866,0.01770633453468129,0.12826362991350493,0.1287617309780007
AGATCTGGTATTCGTG-D1_Stim,-0.06360134757591318,-0.010653078703805718,-0.29557067505911316,0.1578871919511542,-0.3320102625941086,0.10177128693871573,0.2721173118219724,0.07687929585483566
AGATCTGTCATCACCC-D1_Stim,-0.12342967992647402,-0.0023586271427973315,-0.2323312352955451,0.08765961421158153,-0.24105886082399408,0.004561042070925225,-0.0930153512214531,0.09483020557259536
AGATTGCCATTATCTC-D1_Stim,-0.045964384949751746,-0.0008716659239080826,-0.19872311818434163,0.10158685067226259,-0.08374426067066132,0.087787811964116,0.1257302564245144,0.07467808504126161
AGATTGCTCACCCGAG-D1_Stim,-0.15019097506400492,-0.004700823902016538,-0.17202430157394133,0.10823641890261548,-0.058277348456403644,-0.06720386069229356,0.027542540194051668,0.07200307118437088
AGCAGCCCACACATGT-D1_Stim,-0.07680680211191238,-0.054929035861949416,-0.25136172230218,0.07162189340725433,-0.08099432878172408,0.04849187341943306,0.08700918489302012,0.08911782740422858
AGCAGCCCACCAGATT-D1_Stim,-0.0674869681379775,-0.01702212711548512,-0.3785374043579033,0.12600651755768766,-0.09662604415859377,0.21061618993176623,0.03593699758532409,0.03899915283994915
AGCAGCCGTCGTTGTA-D1_Stim,-0.007308142959574937,0.05001793820906819,-0.1896793566490711,0.11895650953060155,-0.043045228790369094,0.11916016259145756,0.011496807605244186,0.09778969840195906
AGCAGCCGTGTGACCC-D1_Stim,-0.05011515465377947,-0.018786652623047573,-0.32445143822335787,0.20023419907025186,-0.11758167306966882,0.2353087180426776,0.45522522974009405,0.14021999811942898
AGCATACAGCCAGTAG-D1_Stim,0.049803764471461065,0.03804532947202688,-0.30665893951236,-0.015869231828531838,0.414726426266407,0.3340996547440618,0.14304852420945835,0.04051297992762848
AGCATACAGCCGTCGT-D1_Stim,-0.14531500399936093,-0.047231643736607154,-0.24311081869409357,0.05338212858389291,-0.17717802866850718,0.049868323011940774,0.042074595936188786,0.10919117745604012
AGCATACGTCTCAACA-D1_Stim,-0.12556320927816067,-0.02648586098750627,-0.36679368553448555,0.19725933289493014,-0.16706398033144687,0.13968642363916928,0.4563172163276672,0.1353874868674687
AGCATACTCACCACCT-D1_Stim,-0.16336169679719603,-0.0703941840309632,-0.21126616119581954,0.062284950506819925,-0.2577308883067282,-0.03955685719819435,0.10943768686287925,0.08015873677364915
AGCATACTCCGCTGTT-D1_Stim,-0.14604700577398688,-0.09015014563504309,-0.7241576480199381,0.2525937488515346,-0.11865996805406454,0.3720748684562416,0.4864958779782729,0.15227314592545582
AGCCTAACATTTCACT-D1_Stim,-0.2074303813124896,-0.046264431707751186,-0.3220084490201698,0.16666366621796946,-0.1954308903107993,0.13527344315127365,0.46731995377172986,0.09006808299445446
AGCCTAAGTCCCTACT-D1_Stim,-0.040892384733503206,0.02784723424585067,-0.10330663112006011,0.12496290011223721,-0.06979655888500247,-0.02817795371974796,0.06614175435891667,0.06774058829819296
AGCCTAATCCAAGTAC-D1_Stim,0.07366455931080296,0.1966549899038661,0.13829772982631283,0.02623535665668264,0.21990511082966613,0.1924011043605418,-0.2328692207332992,0.07998775320648654
AGCGGTCGTGAGTATA-D1_Stim,-0.14640393786380734,-0.06169486910570576,-0.2968786532580525,0.10699997820085727,-0.23233104997482457,-0.021003761540502097,0.051820753625957394,0.07117168761771175
AGCGGTCGTTCCATGA-D1_Stim,-0.025945742300894636,0.051577324283732295,-0.12224990936464764,0.12176077899998816,-0.0611380881306296,-0.013332203583729552,0.09795180648459478,0.0646629040799187
AGCGGTCTCCTTGACC-D1_Stim,-0.16124361725720426,-0.08535135234985525,-0.20594154704624756,0.035940689891944544,-0.1231738403311784,0.026081349183774805,0.2079465077130287,0.03877384664180461
AGCGTATAGAGGTTGC-D1_Stim,0.023766684436912655,0.050652731907197435,-0.19316304661903683,0.12859758642294317,-0.004020772124839311,0.16873483086219387,0.13521298432970674,0.10189098873403069
AGCGTATAGCCAGTTT-D1_Stim,0.0034002869780920264,0.033816915260567626,-0.15765349050064614,0.14862709423043619,0.041798096861827005,0.28383351755565833,0.1599501446705638,0.1130251832873359
AGCGTATAGCTACCGC-D1_Stim,-0.10571588495760054,0.005850728897893731,-0.20807346338661148,0.12949255112014946,-0.12043902205392598,-0.12588608683974556,-0.06374192254363464,0.050512165202363235
AGCGTATGTCTAGTGT-D1_Stim,-0.10553128657286948,-0.015343538552899716,-0.19126198010088125,0.09367059024757296,-0.23033276974638994,-0.006964541601213625,0.010375898611780343,0.06284002907230857
AGCGTCGCAACTGCTA-D1_Stim,-0.17230137781280952,-0.05700353607922892,-0.2900681750333627,0.11660406435883708,-0.32119808335672495,0.06690052825425319,0.21642871184750412,0.06395985393569426
AGCTCCTAGACAAGCC-D1_Stim,-0.12409683475797628,-0.0465093182748042,-0.2842622836189488,0.09600904240028285,-0.12095832673918672,0.05657960588387212,0.47375517627375885,0.07428425018141738
AGCTCCTTCTCATTCA-D1_Stim,-0.03699119138788198,0.0281692508098228,-0.27285959279259764,0.1579806758149438,-0.07840951535085061,0.14345746461482278,-0.01741318208360454,0.10956666297889583
AGCTCCTTCTGAGTGT-D1_Stim,-0.03360658238421799,0.06519501348660661,-0.16889480085566344,0.14796006161706998,-0.1757499597117036,0.04673095352366552,0.10613910978987207,0.10658993088836333
AGCTCTCTCATGTGGT-D1_Stim,-0.1654765504077531,-0.07965944015698412,-0.1645896504373141,0.08193512225755484,0.020329417789385573,0.020609228919964195,-0.05792378334754744,0.03159311414770016
AGCTTGAAGAGGGATA-D1_Stim,-0.1396693673930649,-0.06873226362509932,-0.24838634131574366,0.10491106856138366,-0.22765401821993336,0.10761124987944548,0.2165856866862832,0.10004774471364009
AGCTTGAAGGGCTTGA-D1_Stim,-0.09226109637618407,0.03012459809446888,-0.19010066892471578,0.14262261424271294,-0.17767527752431,0.024853728302820954,0.1519958219324522,0.1106551385667558
AGCTTGATCATTTGGG-D1_Stim,-0.033685936937709826,0.021877062464351837,-0.09061584515159904,0.08492636285151889,-0.027217518916508254,-0.023622101333360845,0.14846830929959154,0.06287083384084902
AGGCCACAGTGTGAAT-D1_Stim,-0.050923433267572094,-0.013179458833816327,-0.3740134999125546,0.10210074677986114,-0.0893983445207791,0.15789205026362296,0.07051615863666783,0.07312715478182241
AGGCCACCAGTCGTGC-D1_Stim,-0.1597313529457054,-0.05782141987900502,-0.20813239534866135,0.05148241258084241,-0.06379715001027364,-0.010761527367902701,0.39188896080065483,0.04091028296865318
AGGCCACCATGGTTGT-D1_Stim,-0.10649394163779746,-0.020107804958593434,-0.21483091968825008,0.14641784983265183,-0.19450855392891064,-0.0887324762898043,0.12001504804188912,0.06925236790648093
AGGCCACTCGTTACGA-D1_Stim,-0.040000049663309056,-0.0117250425903066,-0.22403913310463874,0.09827868866304357,-0.1193207524273685,0.026116416840356038,-0.03921113715206559,0.06170979049393566
AGGCCGTAGACCACGA-D1_Stim,-0.1301016600895739,-0.021196082576574682,-0.14919912095628796,0.07893924597123458,-0.05875649831553886,-0.10368437430260258,0.020111340388968557,0.018912547881649644
AGGCCGTCAGGTCTCG-D1_Stim,0.009835433940756033,0.014317702064337468,-0.4233194424283502,0.1874259776670666,-0.036477418256996685,0.2850287366822144,0.07610468836636386,0.1546235636538391
AGGCCGTGTAGATTAG-D1_Stim,-0.24828276799822646,-0.08799539556612501,-0.41293583512374354,0.09804410459416069,-0.2715982057273223,0.022613353179194107,0.30493621663300274,0.07442956779395615
AGGCCGTGTCGACTAT-D1_Stim,-0.04017174358148701,-0.012936886632763489,-0.19846639386497777,0.12097994028539993,-0.009358950047737125,0.10726136581241086,0.3173776137720843,0.09594277994250078
AGGCCGTTCTCTTATG-D1_Stim,-0.15682518465445483,-0.07942790565467028,-0.20384570761045495,0.07247908748630572,-0.2262189174775635,-0.001856569614574255,0.2907930470307605,0.07459586212861247
AGGGAGTAGACAGACC-D1_Stim,-0.08944761936175638,0.02355073634435101,-0.11941861026781986,0.09912415735717772,-0.012496681476969584,-0.04635169572287445,0.08656819415732997,0.09210110116540449
AGGGAGTCACCCAGTG-D1_Stim,-0.09318993822219923,-0.0658043012094236,-0.40439478369679094,0.1958039277058532,-0.13305801549023322,0.19881278425650883,0.6504300919402368,0.0694361734826856
AGGGAGTCAGTAAGAT-D1_Stim,-0.13641570336659115,-0.04508990558501047,-0.4263400747925754,0.20078264162944315,-0.3316835123661299,0.08074709887174514,0.32846504649710795,0.09197604191320607
AGGGTGAAGCTAGGCA-D1_Stim,-0.04702391306691389,0.031092022218485837,-0.23231207618815475,0.1636613670320166,-0.11342569226786381,0.06566642255244659,0.09328604050400102,0.1489309078651342
AGGGTGACAAAGGAAG-D1_Stim,0.00600852705080257,0.060930137452647415,-0.07527427968459488,0.11667277790191477,-0.04351274599271271,0.03354760373939136,0.10548528049502082,0.09276338485674884
AGGGTGACAAGTCTAC-D1_Stim,0.01575225398401514,-0.039814507392563314,-0.6820280681375976,0.25438430846143945,-0.10600044536053765,0.31210796443101607,0.7434913463242339,0.0956264631744066
AGGTCCGAGTAGGCCA-D1_Stim,-0.1772621620449275,-0.08466973147258017,-0.3091720340303432,0.13995494825270605,-0.2657420164637454,0.07421025336748066,0.31704857349431137,0.08795328296945826
AGGTCCGCAAGGACAC-D1_Stim,-0.10885823079553525,-0.027687267791783654,-0.14695783068291224,0.12931436513818895,-0.3293982268779434,-0.0009170051597600093,0.17734520234563078,0.08220958884785645
AGGTCCGCACAGTCGC-D1_Stim,-0.06855873620117059,-0.026878370742563717,-0.40035930548906595,0.11641030209181835,-0.16658954587760277,0.212138719487017,0.09367501269947454,0.06171396520468164
AGTAGTCCAAGTCTAC-D1_Stim,-0.03045345485774753,0.054725214013425116,-0.19031721651000844,0.1019525268428012,-0.02077988868840741,0.07352037645426712,0.008300092580014962,0.08535866547343218
AGTCTTTGTAAGTGTA-D1_Stim,-0.16490021189859227,-0.08597527758311152,-0.47048075018632396,0.1459250541184396,-0.14696922244105792,0.16660787936900157,0.5607099807701594,0.06232643585545539
AGTCTTTGTGCCTTGG-D1_Stim,-0.1193301963710276,-0.07446550370332972,-0.5550488664934186,0.21769071488158076,-0.11449935779999798,0.19696765599762678,0.49874867023814495,0.08888692208893723
AGTGAGGAGACGCAAC-D1_Stim,-0.24063309301067193,-0.09427469271408029,-0.5453873664207318,0.140608462385174,-0.3229309240480376,0.09894644304803535,0.30413519419482604,0.0958740137186318
AGTGAGGCAAGCCCAC-D1_Stim,-0.12545965095721634,-0.03654468346485906,-0.3158824563073104,0.13017275349158375,-0.24692892889338047,0.04773180253810061,0.19537822803044946,0.08797115220946772
AGTGAGGCACGGTAGA-D1_Stim,-0.1968521037467319,-0.06555995434488615,-0.407259536302063,0.1890063695201185,-0.21418113738278066,0.09931774081726097,0.34230870416512715,0.1723937120655723
AGTGAGGCATCTCGCT-D1_Stim,-0.03659404693117807,0.018030627698749413,-0.08125672022811248,0.1174532210022825,-0.06215654237885637,0.011620704283057393,0.04909211330586061,0.10499989667605014
AGTGAGGTCCTCAATT-D1_Stim,-0.09177805931285121,-0.010964675450470196,-0.17057542260642933,0.0877662661893428,-0.21292825283008732,-0.013774209840583751,0.05433739458958442,0.06921008731222855
AGTGGGACAAAGTCAA-D1_Stim,-0.24801104396562756,-0.13033242928944055,-0.44678619986790924,0.13950333927906478,-0.23655015475866747,-9.323817529605094e-05,0.4156346566876117,0.0742814899615265
AGTGGGAGTATGCTTG-D1_Stim,-0.03464976615865467,0.10056865333480935,-0.024986731967786113,-0.03435861141997876,0.006142033976104244,-0.13765658917389167,-0.3308386045610696,-0.014913010755922329
AGTTGGTAGGCATGGT-D1_Stim,-0.0754302514183749,-0.006012979297208787,-0.15504712676005017,0.12891041441088902,-0.2110472829487211,-0.00040448940791293353,0.07189539597120742,0.10311737413884359
AGTTGGTGTAGCGATG-D1_Stim,-0.052171069628830224,-0.02870268620909222,-0.15144355441920165,0.1401165833864617,-0.15812181865838326,0.16500567995705673,0.1976182255654777,0.11556185169279587
AGTTGGTGTAGTGAAT-D1_Stim,-0.05766270046416011,0.04741567247860701,-0.13246392081115665,0.13347793313593037,-0.03254163859588921,0.042423999185217554,0.11214032904798543,0.13456242327267276
AGTTGGTGTGCAGGTA-D1_Stim,-0.12186934910825009,0.012832915271546952,-0.18032789896983736,0.05322338043102981,-0.06989016423121086,-0.03962400645597164,-0.22987148560079973,0.03050873536575871
ATAACGCAGCTAGCCC-D1_Stim,-0.054385111836847244,0.01350209804786573,-0.3747074852847856,0.16243948984654466,-0.10914559961908665,0.084576772762615,0.12174724211625687,0.06824355563905016
ATAAGAGAGAGCTGGT-D1_Stim,-0.08972935524710479,0.0015925024096539175,-0.11859362060593437,0.10457834974653579,-0.11070009825486693,-0.038265705631253866,-0.0061740389733202505,0.055907340001057904
ATAAGAGAGGACGAAA-D1_Stim,-0.15433445628721998,-0.060818006310043415,-0.41830489463905174,0.15468823312632196,-0.2619630594318991,0.15122624234519044,0.19277915052128236,0.10387964631929769
ATAAGAGGTCTAAACC-D1_Stim,-0.1522109053408336,-0.08990866119259167,-0.44866783402040156,0.2913902670945898,-0.20144794429963753,0.2563910593720049,0.7772552692138941,0.1422104756772118
ATAAGAGTCCAATGGT-D1_Stim,-0.32614417623695857,-0.19143908803488152,-0.7432383034137295,0.2729750298822644,-0.2411884263566133,0.21105681241296104,0.7193360496748671,0.10988337662580783
ATAGACCGTAATTGGA-D1_Stim,-0.13102038475755862,-0.06712354100265827,-0.44048863984494524,0.1114416623511314,-0.3323177411220577,0.07484945900071338,0.3370655766851378,0.08038752757745726
ATAGACCTCTCCGGTT-D1_Stim,-0.06546752111034948,-0.11327721259698542,-0.6002988834103036,0.19955136603365808,-0.11809884196868126,0.26330518863960783,0.32943627248915863,0.06154354380813842
ATCACGAAGTAGGTGC-D1_Stim,-0.14987887575695957,-0.04829014260629627,-0.30219430166918215,0.12703437434888087,-0.24784097973358854,0.10380812032767928,0.43912852838911576,0.08630651547099966
ATCATCTCATTTCAGG-D1_Stim,-0.10115075822515252,-0.020569837458673135,-0.3445382453551087,0.12151649964395794,-0.207798635409695,0.08619816946758085,0.26326696623201506,0.1110297345759168
ATCATCTGTCCGTTAA-D1_Stim,-0.28231930514173165,-0.07808922228586823,-0.34633750369799543,0.20441484209394467,-0.17732919224870614,0.14830524726642302,0.6802206654113352,0.12353082924114744
ATCATCTGTGCGGTAA-D1_Stim,-0.08415098072727112,-0.0395738293889103,-0.20940895354372824,0.12546628741632126,-0.11969290831609491,0.09365226136955229,0.024898825155508675,0.10441419223950099
ATCCACCGTAACGCGA-D1_Stim,-0.17068424524677717,-0.09410801356970744,-0.35350585846278015,0.1850685973061026,-0.21590577797812394,0.1893280439064302,0.6760792017504968,0.08839091090990436
ATCCGAAAGCTGGAAC-D1_Stim,-0.14527338838128045,-0.05218180188684585,-0.2242088122255934,0.15378807760097146,-0.2003859643028285,0.00950610150932718,0.33344608811861676,0.0935105067946651
ATCCGAAGTAAATACG-D1_Stim,-0.10565997960742024,-0.07313815488901554,-0.39333987949871485,0.08921889072753508,-0.053910234345242,0.10383016172599824,0.3325777854208205,0.07283333006377823
ATCGAGTAGCCAGTAG-D1_Stim,-0.08163834432587258,-0.03263463371267328,-0.3640043131179116,0.1363788205500427,-0.24139090388940154,0.1315220395183836,0.0583462385114899,0.09513263321825072
ATCTACTAGGCCATAG-D1_Stim,-0.15864203343910255,-0.08066227782445523,-0.4839202661371811,0.19097747198066273,-0.18373171220420126,0.24305872872596623,0.4534121175453283,0.09358462342335727
ATCTACTCATTAGCCA-D1_Stim,-0.2910511295114926,-0.10111616519814781,-0.41101725203819317,0.12923905255325252,-0.26273473807736814,0.07727590110753724,0.5898263814802274,0.09835257050397317
ATCTGCCCAAAGCAAT-D1_Stim,-0.1284051349964752,-0.055192690522337884,-0.43623785085678257,0.18198344837437475,-0.18615517645447888,0.11771199456423176,0.2345393648975822,0.09319148646092046
ATCTGCCCAGGGTTAG-D1_Stim,-0.24734042227046693,-0.1065887612436871,-0.6052151397491858,0.09643011287422709,-0.17379917503763842,0.06506623786346388,0.17925735298450363,0.0226281355192004
ATCTGCCGTAGGGACT-D1_Stim,-0.03603416652305924,0.03977355602349064,-0.1531084463971224,0.1698955271482383,0.03151775923538125,0.020197652672719002,0.1610148531132971,0.10106956262534617
ATCTGCCGTCATATGC-D1_Stim,-0.11871277622192089,-0.036798157019244826,-0.3327621974142305,0.10839251634135039,-0.15838287964911935,0.14480487297878142,0.1200709577565604,0.06649376392569373
ATCTGCCTCTTGGGTA-D1_Stim,-0.056234103183030015,-0.007772618162114497,-0.1890429348978797,0.10227114847398866,-0.10545433180816488,0.07074551040696342,0.11932074075444987,0.1055497118983375
ATGAGGGAGACACGAC-D1_Stim,-0.2433072913766825,-0.05680183504648362,-0.47615843935646573,0.14633330454967108,-0.28746247762193455,0.02973376589242882,0.5920617138950597,0.08000149519981825
ATGAGGGAGTACTTGC-D1_Stim,-0.003153404949978622,0.01347445971699024,-0.27117014243797755,0.17438256166405708,-0.01585694388690051,0.23375148554577763,0.25428953510332164,0.1369825062399599
ATGCGATCAAGGACAC-D1_Stim,-0.1000316733209683,-0.036119567961852894,-0.5208708269453268,0.20738209212294123,-0.32951053294316246,0.19066504031493636,0.42003151655791626,0.1219270885203283
ATGGGAGAGTACGTAA-D1_Stim,-0.23035040780771432,-0.05404511085619568,-0.44786672815476614,0.23017758128320942,-0.21738540911881366,0.225486522723358,0.6389853903178597,0.1663353805416179
ATGTGTGAGGACTGGT-D1_Stim,-0.16667766111391735,-0.02806323580884751,-0.38818385095650854,0.14136967430897052,-0.26948652881592494,0.14336090497520182,0.21248326470143297,0.12051858215315292
ATTACTCAGTTCCACA-D1_Stim,-0.08386881699718352,-0.01832837322371539,-0.13196361582345073,0.09357344469752427,-0.12573327967249526,0.0016561628352622648,0.07094583174194824,0.08765409524767698
ATTACTCCATCCGGGT-D1_Stim,-0.09962499375216183,-0.04230995691648509,-0.1795432706986979,0.12869113873860627,-0.13733664947854152,-0.020063838499511988,0.16019220429101466,0.05960893605100104
ATTACTCTCAGAGACG-D1_Stim,-0.21471001570885662,-0.0903182867867347,-0.2765923478718033,0.15494918552856873,-0.14097073850020614,-0.06385133879807015,0.13578327915339727,0.08853258917024931
ATTCTACAGCCCAACC-D1_Stim,-0.17859643209188292,-0.0633079473989735,-0.2729963802685731,0.1158839410385859,-0.30346087582642944,0.055649294643794533,0.14671193434269014,0.10589392185750945
ATTCTACAGCTAAGAT-D1_Stim,-0.07833096210543822,-0.09310900676225131,-0.9796430388027382,0.2588522437262668,-0.2765031316501556,0.4145861810234699,0.2609890944784645,0.11854749202527692
ATTCTACAGGCATGGT-D1_Stim,-0.09198229125894031,-0.012654969996683363,-0.1843570877630789,0.09341907295951302,-0.13022948597486916,0.03425423932264948,0.01193403569473972,0.09213331871045405
ATTCTACCAAGGACTG-D1_Stim,-0.19426821489812163,-0.03805933598572864,-0.2728033817185551,0.11218090637589562,-0.0897891739478105,0.09724459854855994,0.5106020176613502,0.08131655511752633
ATTCTACGTAATCACC-D1_Stim,-0.0568787794249932,0.03413887371985247,-0.15752189659199178,0.10359006891851053,-0.15737500956751838,0.016229962777492446,-0.014584368767636136,0.09086362431864714
ATTCTACGTTATCCGA-D1_Stim,-0.20617118804432444,-0.06252592870945506,-0.44282434615456445,0.19139933025120826,-0.2541117046628223,0.17664646581270382,0.43654548237289603,0.1571168898161801
ATTGGACCAGGGATTG-D1_Stim,0.021724165937945017,0.06418819816189725,-0.13242039492714763,0.09352221353660362,-0.0017279940385357406,0.09641139636246088,0.02707379257608622,0.11538678931839286
ATTGGTGCACCAACCG-D1_Stim,0.019535775978193115,0.09883260197262089,0.039399426134525406,0.061582282418644496,0.002831791609700929,0.18321553701271398,0.044756076632261,0.08491231191009696
ATTGGTGGTGGTTTCA-D1_Stim,-0.042923818397641256,0.052285452354338346,-0.2669618211825391,0.18711982432959218,-0.23586814578364113,0.059907121093576876,0.13864002717626178,0.10299377187222802
ATTGGTGGTTACCGAT-D1_Stim,-0.27125124638491904,-0.072508617994691,-0.36033063128261933,0.1714659768640754,-0.19860519687627765,0.05860500969688509,0.5613808618295586,0.10875685851023675
ATTGGTGTCCTAGTGA-D1_Stim,-0.13728621872967928,-0.06806276434238967,-0.3765413476123758,0.1105822712126372,-0.3432215608987459,0.05948611749870025,0.10987676054916307,0.05542859753311902
ATTTCTGCAATGTAAG-D1_Stim,-0.00840343591913495,0.0686427541032888,-0.09267229464090576,0.12638547658129262,-0.07668731549849284,0.009574310858329937,0.1680982510994724,0.086870779561675
ATTTCTGGTCTTCAAG-D1_Stim,-0.08587521567578627,-0.006579781537837448,-0.36559434606609287,0.1965493146877879,-0.27269040176477866,0.21835855644250124,0.23905303349986085,0.12932785572973593
ATTTCTGTCAACGCTA-D1_Stim,-0.055166441032163505,0.08086886932211179,-0.04510850340270167,0.025790732606026268,0.09692187509073058,-0.11676745826589219,-0.23429464955291834,0.0012968969190652047
ATTTCTGTCACTGGGC-D1_Stim,-0.12248953962481046,-0.062329430726126844,-0.4429823746973991,0.16751665639452895,-0.21404950728175187,0.11998958677292215,0.3320143370086015,0.08597208525279854
ATTTCTGTCTATCCTA-D1_Stim,-0.03539842508747881,0.03276437603967608,-0.21478405169829173,0.10592265502679865,-0.08496334553753826,0.11066875420286415,-0.0310958168027895,0.08651882964185198
CAACCAAAGACTAGAT-D1_Stim,-0.16436389538547402,-0.08029262050062513,-0.26338067305139834,0.05868045207866501,-0.20104890358466143,-0.017708057657484844,0.1614620363863999,0.04270634269813556
CAACCAAAGTAAGTAC-D1_Stim,-0.07822923120597025,-0.043487757157807394,-0.2151798687305586,0.1421461222313578,-0.18590218415723037,-0.013354997475268249,0.21059212366574442,0.09407592855552238
CAACCAAGTGACAAAT-D1_Stim,-0.1297336037537722,-0.03522801893343264,-0.24212675363213876,0.1004211096524017,0.0038687447626717386,-0.019774912093675212,0.006305244741803051,0.03699598852724506
CAACCAAGTTGAGTTC-D1_Stim,-0.10276331523408544,-0.006953095239872198,-0.20146812607893416,0.12336989920357766,-0.2212014160627973,-0.023665635331203916,0.03614084675800555,0.08086024339269393
CAACCTCTCCATTCTA-D1_Stim,-0.07589930318832039,0.03432810773035122,-0.0034627217754064077,-0.026603568259771393,-0.1390835935145862,-0.1379864300881568,-0.4822998890766286,0.0036092510726923877
CAACTAGGTGCACGAA-D1_Stim,-0.18948603678813747,-0.09728454976788115,-0.4280686958919402,0.15920176526901564,-0.2647746699286557,0.07149499380499336,0.27635234094264227,0.1072674834063374
CAAGAAAAGAAGGTGA-D1_Stim,-0.06672419058943468,-0.08215788570106142,-0.4759034769957644,0.21265713665420982,-0.18334057893204658,0.2767093346256715,0.7349796516729423,0.06718581798488898
CAAGAAAAGACAATAC-D1_Stim,-0.21667166084795397,-0.0988943127598656,-0.19992732455572781,0.061580537272389435,-0.14570251617515773,-0.00890539787748068,0.47580726446951616,0.06515047621253345
CAAGAAAAGTGCGATG-D1_Stim,-0.05439308435826362,0.011151896975363229,-0.10257385153646581,0.11625219604865045,-0.23109962523393968,-0.030055496664711967,0.08809889567299578,0.07407685624964877
CAAGAAACACAACGTT-D1_Stim,-0.06464123585605286,-0.0603570885845901,-0.5512065945298019,0.21689239777006541,-0.3027228026485549,0.268782278280689,0.43634780309624155,0.11247426689621776
CAAGAAAGTCGCTTCT-D1_Stim,-0.10505848335577816,-0.07304891619315157,-0.17715082725058373,0.13343196123404155,-0.19430870385144772,0.031164490805428713,0.4931851973014716,0.08144643500167881
CAAGAAATCTGCGACG-D1_Stim,-0.13898404261007968,-0.060843948753841914,-0.2717675575623453,0.04734531558960775,-0.11878920500575063,0.05232379066553072,0.3427411581666977,0.04549693076138084
CAAGATCAGCGAAGGG-D1_Stim,-0.10520000702091714,0.0076679815406546226,-0.12791935659836629,0.1482735751883233,-0.057365064420665135,-0.06533439299602328,0.08085576151239948,0.06917489899908169
CAAGATCGTCTTCTCG-D1_Stim,-0.0442537334711357,0.037264397716224806,-0.10323926275927864,0.15372246216530527,-0.04963184559749223,-0.0023459217690078304,0.1109717384980975,0.08642680751064447
CAAGGCCTCGCACTCT-D1_Stim,-0.10316540150705222,-0.04050846225565152,-0.16372173338452622,0.08666274316571787,-0.010136660237119344,0.011850025572341494,0.08126282129370921,0.10784413798536896
CAAGGCCTCTGTCCGT-D1_Stim,-0.16201590057399073,-0.05341433827180886,-0.3204141332457038,0.18475595844362402,-0.23977324410966006,-0.023447541561345986,0.2670696985997907,0.09207716523967946
CAAGTTGAGCTTATCG-D1_Stim,-0.28646932751215815,-0.16968763907148876,-0.7843731983100533,0.23249146729337333,-0.2941321848394942,0.16007315540502454,0.5099962489588066,0.0974311735347051
CAAGTTGCAATGCCAT-D1_Stim,-0.10159918648877841,-0.05588543027988102,-0.144046433604192,0.07788195196958725,-0.13477828889798715,-0.023879722665739678,0.239946357792725,0.06550615882435729
CAAGTTGGTACTCAAC-D1_Stim,-0.192995930190472,-0.10529987801284335,-0.22350122780147608,0.06289922690309169,-0.1406701933577672,-0.026962261697315526,0.2994850216675502,0.054754478342404767
CAAGTTGGTAGCGTCC-D1_Stim,0.019055089362860045,0.0454195145139451,-0.19038958608591905,0.17922828564839932,-0.009034272872099791,0.14063876374981277,0.10133749379417978,0.1313867709299288
CACACAAAGACCTTTG-D1_Stim,-0.09516777552653721,-0.03186656352522377,-0.14926168460990663,0.10049151651412025,-0.16486910401854438,0.008099693621755222,0.03586315224902137,0.09302094191730248
CACACAACAGTGGAGT-D1_Stim,-0.14628003015984703,-0.10839900703798655,-0.27220515578803095,0.11729841200268076,-0.05918797603323611,0.16970591879304386,0.48638248480369484,0.12541487887520653
CACACAATCGTGGACC-D1_Stim,-0.14379318547040398,-0.05284269099959005,-0.3370628452726372,0.13607452569768697,-0.1504243068386284,-0.05173525748084273,-0.016030306140546458,0.05583059814666669
CACACCTAGGATGGAA-D1_Stim,-0.09549644304687988,-0.011047447370522434,-0.17116425085015496,0.08357722157666636,-0.28072201121807616,-0.008163518412958481,0.11458211500704252,0.09449950702822285
CACACCTTCCACGACG-D1_Stim,-0.020690738231582628,0.049105682864805544,-0.106339037615923,0.11704048671668232,-0.0017915489024797893,0.06523736617207199,0.013121055942306725,0.1080893819237918
CACACTCAGGGTGTTG-D1_Stim,-0.22507244222201095,-0.09250198955369626,-0.46442287616156364,0.2059755299506527,-0.22722590471695092,0.18443133351337515,0.6616175421666668,0.11223404274639925
CACACTCAGTTCGCGC-D1_Stim,-0.06577279951761916,0.0017309715633206935,-0.3957499364346697,0.1667861724628601,-0.1604684095526281,0.10153408825754262,0.23982935465266664,0.06260942211243403
CACACTCCAGTTAACC-D1_Stim,0.009202457107289064,0.046163567720526544,-0.034026937648865996,0.07848274117350584,0.01897309050352547,0.02861052182553614,0.06136980106596468,0.04871870976107928
CACACTCTCTGCAGTA-D1_Stim,-0.11961728775958491,-0.030514425578816784,-0.41051749643753155,0.2093951207906386,-0.23027810481304378,0.22407979979380777,0.3204891210159939,0.14909090348257514
CACAGGCCAAGGTGTG-D1_Stim,-0.07988928398892092,-0.00016224505759865337,-0.27867210314621893,0.1998262997498017,-0.13605095816594037,0.20659247022975258,0.417437129093182,0.13207129793664052
CACAGGCGTACCGGCT-D1_Stim,-0.014327920444888065,0.05150729958549327,-0.14756731517403132,0.10625959535126839,0.00952389512415941,0.03314632928676353,0.11496599344256708,0.06246315637298672
CACAGGCGTACTCGCG-D1_Stim,-0.18591292782700464,-0.03460637958094104,-0.3860366548017842,0.1102235449268747,-0.3104065317671463,0.06696392037984111,0.11129174599606628,0.13800624752983914
CACAGGCGTCTCGTTC-D1_Stim,-0.11624065957963126,0.0139480298193142,-0.09489869611102897,0.013479959755544613,-0.030004192834891086,-0.09126970666191703,-0.20037956038096638,-0.004216825981956163
CACAGGCTCCTTAATC-D1_Stim,-0.07776044875621224,0.02354617608816767,-0.14685542831175802,0.09811694498091406,-0.1313482153123431,-0.013123875139122276,-0.008326754051907415,0.06690105857135364
CACAGTAAGCCACTAT-D1_Stim,-0.013760483220313091,0.06857603392830036,-0.1467820432554392,0.13028990768998483,-0.20856951517834155,0.013517111054850872,0.05887398367568153,0.077909026635826
CACAGTAAGGTGTTAA-D1_Stim,-0.003821190081616521,-0.0025893115354165275,-0.3494779912651298,0.13762978752547284,-0.06089889591451758,0.2196367264473249,0.15899397604249543,0.1222273513619001
CACAGTACACTAAGTC-D1_Stim,-0.18407137223359804,-0.08089942001635109,-0.4304620200333229,0.12138814497347283,-0.06733584834284123,0.08895310727637984,0.10792024481701645,0.029971972743785713
CACAGTATCGGCCGAT-D1_Stim,-0.13615397550201003,-0.03295482676978878,-0.16113600370471648,0.08465445595049559,-0.09788517563344534,-0.014461853858808382,0.16241129217395311,0.10798975425759139
CACAGTATCTTGCAAG-D1_Stim,-0.1186953947729048,-0.07321753448827728,-0.4928116347648217,0.18034525301271742,-0.21712138878227094,0.14483729265235823,0.597642735764035,0.10357254698336327
CACATAGCACCGAATT-D1_Stim,-0.098135303835992,-0.01649857571176483,-0.17943942549270897,0.12361509633876011,-0.058541697374485224,-0.024579544713571266,0.10738573402572271,0.0619410818374142
CACATAGCAGCGTTCG-D1_Stim,-0.17221223131575947,-0.045880725049412874,-0.19923617872278943,0.0861599651150442,-0.15090138996617775,0.03134974414359881,0.2593532055838548,0.0655407893511839
CACATAGGTTATGTGC-D1_Stim,-0.06720605699509719,0.02641952300907846,-0.15671197293459826,0.10947037626019807,-0.022212435625714733,-0.03074353105012051,0.05841346649296142,0.06242573682115804
CACATTTAGTACCGGA-D1_Stim,-0.21026033223969698,-0.03938528244690609,-0.260957723977846,0.12892724600684247,-0.15348628348615634,0.122184331550379,0.450226351420719,0.11521629818422241
CACATTTTCAAGATCC-D1_Stim,-0.1265086502908126,-0.0258215547419276,-0.19527066302674623,0.15114536828673764,-0.08791839405921564,-0.06455484206354178,0.1914233531789833,0.059257177615100076
CACATTTTCCCAAGAT-D1_Stim,-0.2623658694376285,-0.07393710842321077,-0.3326672560802715,0.1975203045241578,-0.270276915089374,0.13352251541129156,0.5384241022698966,0.11701239876088287
CACATTTTCTTTACGT-D1_Stim,-0.1273644359090369,-0.04694379396904402,-0.23393917878544546,0.10575221824547931,-0.20185260227931678,0.05736420627750505,0.060246876915311276,0.09052247721394657
CACCACTAGCGATATA-D1_Stim,-0.06695394865035276,-0.002013905762611401,-0.3419612905720104,0.1723819422591628,-0.13924488728556206,0.21335358426967588,0.2708831154670861,0.12345290093333539
CACCACTTCGAATGGG-D1_Stim,-0.041737598962107825,0.02919302020023018,-0.07967030678702969,0.13048104842843777,-0.1783395317084775,-0.023769035958226326,0.1054068115540936,0.05607590032283838
CACCAGGCAGTATGCT-D1_Stim,-0.059539720358307235,-0.041242865110953986,-0.24935514321762753,0.05840440830854199,-0.14709172765347667,0.09668775937200813,0.10705461357720125,0.05402961145634855
CACCAGGGTAGCCTAT-D1_Stim,-0.11487121306810621,-0.040265712785682695,-0.26412847277940354,0.09241103786494342,-0.17118299689136585,-0.11767583796804004,-0.00853730791311591,0.005509036338944284
CACCAGGTCCAGAGGA-D1_Stim,-0.18783792919132303,-0.06201640697243249,-0.1566591270576767,0.021994418685320483,-0.11729331880827587,-0.03442048373597473,0.29020731171444325,0.009913714271474916
CACCTTGGTCTTCAAG-D1_Stim,-0.033646620234385693,0.05894752346245902,-0.1448476499992859,0.12175041756302107,-0.10399733356691954,0.026607791020182958,0.06479348129470708,0.07488765306090706
CACCTTGTCATCTGCC-D1_Stim,-0.03213377665443673,0.010063508525952614,-0.07486760515145718,0.12468708227061143,0.011556762581266256,0.0015081907215499513,0.17156850205546803,0.09302019187342125
CACTCCACAATAGCGG-D1_Stim,-0.04229230603590928,-0.11559761236243737,-0.6835674452169798,0.21611314539850923,-0.1971880680581588,0.2553400627313298,0.7721871964924585,0.07486652829591911
CACTCCAGTAGTACCT-D1_Stim,-0.08157548044697194,-0.028600845846531442,-0.36746681196323294,0.10485681203521935,-0.1417525645266906,0.2909699347941075,0.046769202492274786,0.04139006267602241
CACTCCAGTGTGCCTG-D1_Stim,-0.14296832524922465,-0.03439312504828962,-0.4814641196019176,0.15558389540118966,-0.17766077125530444,0.1182626428555249,0.46268642887848443,0.14232568994683348
CACTCCATCATAGCAC-D1_Stim,-0.03257262121728921,0.048889751563528705,-0.17063388608432994,0.12248463332980641,-0.22587219561034821,-0.011732827954345382,-0.01748839079656861,0.08988547230103627
CAGAATCCACTAAGTC-D1_Stim,-0.09502163935615116,0.014242109801307024,-0.16698456224190306,0.08421676810334588,-0.10741214821571532,0.024987555296100084,-0.04999953300924176,0.11738910197616548
CAGAATCCAGGGTATG-D1_Stim,-0.12483331210405169,-0.05066723583849608,-0.18586296623252707,0.07233531954164718,-0.2894269274673409,0.008454691689156135,0.14151158206307457,0.07283687278596673
CAGAATCCAGTGAGTG-D1_Stim,-0.04015812295568999,0.030177776005118062,-0.16176678178718085,0.0494586074538752,-0.04917663521761462,-0.024737371284322407,-0.16346648685306775,0.02906541561980802
CAGAATCGTTGACGTT-D1_Stim,-0.0604474506266115,-0.06427639112397898,-0.26257119154246844,0.06608753325459915,-0.057156618191060105,0.08481905431857228,0.09475292640973265,0.08180912997782386
CAGAGAGAGCTCCCAG-D1_Stim,-0.2042695706384805,-0.09229013208760506,-0.2662878152795898,0.07963298088631987,-0.15230505133492578,0.0281465347566332,0.3590720997081167,0.05880816695253088
CAGAGAGCACGGACAA-D1_Stim,-0.16853090193261444,-0.07973269489263046,-0.20052060171506003,0.044346718227114224,-0.14534004255420285,0.003589440857192372,0.20547985945219693,0.04941039996661267
CAGAGAGTCAAACAAG-D1_Stim,0.022731419777185735,0.14412736426865713,-0.012373464652545962,0.1732784127129996,0.03193580930908624,0.11013950976684228,0.06174651448271362,0.15518015136479413
CAGATCATCAACACCA-D1_Stim,-0.01051683971363282,0.03432494861869806,-0.1278037012789346,0.10738059806351075,-0.20460962712938624,-0.0013399783036565083,0.02402927474740224,0.07352148055439933
CAGCAGCAGCAGATCG-D1_Stim,-0.3254864450036372,-0.14043370794280108,-0.27838861944667315,0.30007503894599274,-0.04359771903492948,0.3725432222194076,1.1969030762278532,0.1690451387249965
CAGCAGCCACCCATTC-D1_Stim,-0.24894156638734444,-0.10649654798447905,-0.6741712343693687,0.186413043598602,-0.27077178178394234,0.1339911121570676,0.32654176000541213,0.08558201206500726
CAGCAGCCAGGCAGTA-D1_Stim,-0.2893690101048829,-0.09879409909015635,-0.5893023796429606,0.11439724601254397,-0.20880388945406025,0.038496074495885324,0.2785343534054121,0.035582858746266766
CAGCAGCGTAAGGATT-D1_Stim,-0.07432242760955177,0.019972130550657496,-0.0744747693718999,0.09281072948962787,-0.022449737140648907,-0.07948475139765421,-0.006797940977996575,0.032067598211591886
CAGCAGCTCGGTTAAC-D1_Stim,-0.1044582585127678,-0.03168062314279929,-0.4334668501973127,0.14918076670458902,-0.3051891647066576,0.17255919466060732,0.17107096897992236,0.0955985528654093
CAGCATATCAAACAAG-D1_Stim,-0.035070055606114536,-0.026598072080492585,-0.5085062217888972,0.12242748302436723,-0.20359088715981244,0.15132967825490695,0.13935165701084706,0.10332959544414422
CAGCATATCTGGTTCC-D1_Stim,-0.24471868971998667,-0.08478492887776135,-0.3890583696057419,0.12592642360466755,-0.26156284348937575,0.0701000705315078,0.2667800216260119,0.10226182989013566
CAGCCGAAGAAACCGC-D1_Stim,-0.012250617986525825,0.024054989460061904,-0.11265958843644341,0.06994945373950046,-0.02492684050483973,-0.012942796359544317,0.08312481925161208,0.0363626976183955
CAGCCGAAGGTGTTAA-D1_Stim,-0.053091647537462094,0.026209522888626324,-0.20339587442566742,0.13127297442555985,-0.11889285026124874,0.09219222774508573,-0.05660833243728547,0.14416474888682984
CAGCTAAAGCACGCCT-D1_Stim,-0.28310175158231843,-0.19325889672497176,-0.9883674057353087,0.25210026341254554,-0.2835172129779977,0.24204680552976576,0.6907914764000544,0.1034996930739176
CAGCTAACACGCGAAA-D1_Stim,-0.08290147581372764,-0.03413618581959632,-0.3998725890413457,0.15236848226677502,-0.27368094400616627,0.20607283330556037,0.18921719370608336,0.1372838778482528
CAGCTAACAGTAAGCG-D1_Stim,-0.03507888003696635,-0.03412946622473889,-0.31428711810917775,0.1301790429848353,-0.14654516349130908,0.09775300180516489,0.3024441141659757,0.09349506355009751
CAGCTAAGTCGACTAT-D1_Stim,-0.10065463056067436,0.02156712203503197,-0.09099772798529404,0.05523238013696208,-0.09001372525424856,0.009644893267864774,-0.06670130822622866,0.05877943393314844
CAGCTGGAGGCCGAAT-D1_Stim,-0.12979788765804834,-0.03450698192500923,-0.24217268167193584,0.12598429300301106,-0.26472116205325946,0.1017177750980256,0.10267312804982787,0.10603395012930505
CAGCTGGAGGTGGGTT-D1_Stim,-0.23506224234388817,-0.09981040828125565,-0.6060247621935648,0.20413416197643564,-0.22602457961768074,0.1681646732395592,0.6332043741503597,0.11658976541713884
CAGCTGGGTGTTCGAT-D1_Stim,-0.14067436895551033,0.05118275117271587,-0.35872652279270856,0.24966978053144473,-0.2907527648605601,0.06625166910012048,0.20687097661485865,0.22983537694582878
CAGCTGGTCTCCGGTT-D1_Stim,0.06585925087232525,-0.006114665046666801,-0.4298254821870451,0.26850285328038836,-0.1385572559733106,0.32354425954777355,0.5467702976037039,0.10753112541003951
CAGGTGCGTCGGCATC-D1_Stim,-0.16743492092719414,-3.740245954553245e-05,-0.23942606726203053,0.09962137099681279,-0.12410245375121143,0.07253792392585723,-0.09718303033120179,0.11754154853892018
CAGGTGCTCAGCCTAA-D1_Stim,-0.030962258521185504,0.03922889309538391,-0.07961200354496434,0.08288752104740382,0.007549175433332778,0.027201087430082538,-0.005929744497283451,0.09186999326106893
CAGGTGCTCAGGCAAG-D1_Stim,-0.004017959187001097,0.0505683226722482,-0.0654915237794329,0.08348905582624866,0.005204672817782807,0.03453440878072023,0.02902427301817667,0.05131810993956876
CAGTAACAGTACCGGA-D1_Stim,-0.053425122441959516,0.005507014628740592,-0.14591167778445513,0.13088037007157993,-0.02748702956916027,-0.04099949313845741,0.09978168878944516,0.05692784817995289
CAGTAACGTCATCCCT-D1_Stim,-0.17189429117333965,-0.21210383366389962,-0.652707441844214,0.22905105364182532,-0.011593297731018026,0.33852729873284204,0.8203471595766985,0.07761917142920183
CAGTAACGTCTTCAAG-D1_Stim,-0.05508127434054266,0.04858142762193296,-0.08941643060967586,0.12227647693109134,-0.11367515472016798,-0.021536962481235378,0.06468566331092163,0.09025363914101803
CAGTAACGTGTTGAGG-D1_Stim,-0.11417049711574201,-0.021216305904037114,-0.17939674997618305,0.07428351179551207,-0.08995448865847422,-0.09831297758132607,0.0034103031591428135,0.0219308238663114
CAGTAACTCAGCAACT-D1_Stim,-0.10289628233153891,-0.019959679182766976,-0.1397085091633894,0.11955910857564689,-0.1907838403608988,0.016300416249103833,0.07688017545706671,0.11422500157136817
CAGTCCTAGTCCCACG-D1_Stim,-0.12864332437677284,-0.021507208222306673,-0.283239338263785,0.15100688076249114,-0.12341239545883731,0.14159685175396497,0.5068488054257259,0.12387381819213061
CATATGGAGCTGAACG-D1_Stim,-0.2136591873146969,-0.08213149320081214,-0.6338835546563377,0.16672164121156285,-0.22438302944390465,0.17060780577775958,0.33035552373731747,0.10171008371277068
CATATGGAGGACTGGT-D1_Stim,-0.09329445985644114,-0.047079560808729326,-0.45044231952484104,0.14085421239899176,-0.13436574511398014,0.3518999444785127,0.22057740345445964,0.08398854845479242
CATATGGAGGGTCTCC-D1_Stim,-0.0486554958577603,-0.2274373308297566,-0.746555674449974,0.1744532081984893,0.03971129757897707,0.4114010769302485,0.5443872638683045,0.06724232317854906
CATATGGCAGACAAAT-D1_Stim,0.07915831457592581,-0.08715848201989651,-0.5580249898376,0.1270305358336774,0.08165836815960503,0.3599638019965692,0.3782520700468446,0.021801313254337984
CATATTCAGACACTAA-D1_Stim,-0.12062930600293242,-0.011583279645135391,-0.2080839966102932,0.10624211491714952,-0.06788875459735522,-0.0887325864058841,-0.07836941232978845,0.02072592440290677
CATATTCAGTACACCT-D1_Stim,-0.06581805108328176,0.03296316494569318,-0.12630916818141102,0.12263699992568888,-0.1298805703053052,-0.026264300563376253,0.08994952829225511,0.07362843230663074
CATATTCTCAGAAATG-D1_Stim,-0.16536848696520323,-0.10059833535178164,-0.33202007105233466,0.09159419257259671,-0.12845278062478194,0.0639631068880977,0.2512439194816185,0.05809690011191293
CATCAAGGTCCTAGCG-D1_Stim,-0.03573498398509045,0.03216113563910028,-0.15195764246528132,0.09383183756344415,-0.06858410492252354,0.1277482475146723,-0.0990258602808467,0.08512962799817103
CATCAAGTCCCTTGTG-D1_Stim,-0.10111532088038011,-0.057787776456789786,-0.5000246299234608,0.1978685979868331,-0.20666794807562283,0.2315324052090162,0.2733934450164277,0.10009396552493577
CATCAGATCAGCAACT-D1_Stim,-0.047658491642446066,0.005882530566317712,-0.06544863248351973,0.11559564955115675,0.029365370354772935,-0.012311419708538551,0.11804675086842664,0.0673349475303393
CATCCACAGCTAGCCC-D1_Stim,-0.09772508889092357,-0.015941682046731742,-0.20257965638971775,0.14166154627843497,-0.1173830509276943,-0.033561861184571384,0.0625139476384291,0.05690435681455952
CATCCACTCGCGTTTC-D1_Stim,-0.1026199020746148,-0.02785748093202578,-0.1686048341660875,0.0899722887587302,-0.16936595155721612,-0.006226953877938257,0.06928069525061886,0.08425660642658883
CATCGAAAGATGGCGT-D1_Stim,-0.23788619086066554,-0.12116371227574518,-0.2380606152610758,0.06624523603295884,-0.16277418632995122,-0.03366177851853358,0.40334137630307865,0.07721576171887179
CATCGAACAGCCTGTG-D1_Stim,-0.06478256924341608,-0.00022941669312359636,-0.1866486657504316,0.110009005083473,-0.06479378314461925,0.12887555206785883,-0.12282608991567656,0.0953594471173318
CATCGAATCAAACAAG-D1_Stim,-0.1820527006299848,-0.08136528878099725,-0.49893200955245476,0.19192567744017985,-0.03286977785409917,0.2229675162751068,0.5914867290522281,0.11540137578237797
CATCGAATCAGCGATT-D1_Stim,-0.1340543959851388,-0.04859451485443245,-0.30481775668249966,0.0882905540835317,-0.2546880364469377,0.017908548636407673,0.2398280011123468,0.058588414861310056
CATCGGGAGTAGGCCA-D1_Stim,-0.07871524033529198,0.03494727305064238,-0.29876351381431654,0.21183800176484802,-0.12976148598059822,0.22733247421797564,0.3235137873849574,0.17361385522239559
CATCGGGGTTTGCATG-D1_Stim,-0.1571298064462443,-0.048291683647819994,-0.32668159907723027,0.18795441487096198,-0.17346506661541916,0.17699978597940813,0.4941074911522758,0.12926036555927034
CATGACATCTCTTATG-D1_Stim,-0.08203006165989457,-0.07594059155230504,-0.3985911373708344,0.11851951593573773,-0.2515222339542209,0.17170463632151112,0.07058597568977198,0.08033422411825697
CATGCCTCAGACGCCT-D1_Stim,-0.08136711184409684,-0.0005700651323703454,-0.17013327363509312,0.15555163716413034,-0.1043076926718367,-0.03371973173611842,0.22324540742126686,0.09540028051882743
CATGCCTCATTACCTT-D1_Stim,-0.09761891190660776,0.041197859543599336,-0.044150557955020986,-0.01865847780970853,-0.0019736224673856384,-0.099236062442845,-0.21535781835306267,-7.054074279366773e-05
CATGGCGAGGAATTAC-D1_Stim,-0.18224393594853971,-0.09828445163525856,-0.41937381097664783,0.0711144861616333,-0.15615416656063097,-0.0030353655965953408,0.15960370141421976,0.014627863985134937
CATGGCGAGTGCCAGA-D1_Stim,-0.016583162718546873,0.113202062652066,-0.24490506241225773,0.002375003425331812,-0.28934982606803317,-0.005256945646431532,-0.2856771171265109,0.028255616282640617
CATGGCGCATACAGCT-D1_Stim,-0.14012540785119398,-0.0419100948970943,-0.41525635882441314,0.2440985178627635,-0.14432956679019782,0.23994165394581657,0.6385575158006382,0.1238056022007239
CATGGCGTCAGCGACC-D1_Stim,-0.04116233567138572,-0.0439960688850789,-0.41224390101204555,0.17593663618622912,-0.1359713534109055,0.19892937647104425,0.23398524626064976,0.08815016164553846
CATGGCGTCAGCTCGG-D1_Stim,-0.17411447812839498,-0.07299451163400761,-0.27124665039271445,0.10352288407950105,-0.15170863789775346,0.029346501307514927,0.3743597188625163,0.0960378054506954
CATGGCGTCTCGTTTA-D1_Stim,-0.20755173126904936,-0.07489838518597303,-0.23526503952493805,0.05899977825783509,-0.13285163388886012,-0.0117919296824045,0.32112326076980224,0.05155543238318927
CATTATCAGCTGTCTA-D1_Stim,-0.16019314989364553,-0.03261472436296842,-0.1587860344387737,0.13232678085230098,-0.028389443268435954,-0.10402541331000137,0.07542120993821655,0.04690993692371315
CATTATCGTATATGAG-D1_Stim,-0.12485522279304995,-0.0778989132156287,-0.2270489349900009,0.07724078697247805,-0.12413326643046396,0.1462294908555286,-0.07154137144491557,0.1098123102708346
CATTCGCAGTGCGATG-D1_Stim,-0.012542585050898225,0.05615530814661973,-0.20364991744729455,0.10133155199881827,-0.057394670305153994,0.09645886988537633,-0.023310102057266135,0.07377777925339934
CATTCGCCAACACCCG-D1_Stim,-0.13753505223821705,-0.03069336241360432,-0.21104576755411752,0.10011621705527318,-0.012179464736336243,-0.0788781382684558,-0.06097566253562903,0.11044472574301167
CCAATCCTCAGGCAAG-D1_Stim,-0.1522708467639191,-0.050369518224488985,-0.6489382672759696,0.2551922033357972,-0.2811511438583487,0.3096302427441522,0.55757932871553,0.1634371230245275
CCACCTAAGTATTGGA-D1_Stim,-0.12928944942762577,-0.0801433958742308,-0.39524326922621,0.14124494121641007,-0.17297389650697426,0.1868329962156725,0.14909497843511943,0.08707790296907092
CCACCTAGTCCTCCAT-D1_Stim,-0.07911886433750226,-0.01485771271074654,-0.30859521877839846,0.11973187342379354,-0.15043220675666902,0.16129522294750487,0.30755352259133417,0.10999903286169577
CCACCTAGTGTTGAGG-D1_Stim,-0.049781558190902686,0.056578027457668156,-0.17175341332651684,0.11664318313968636,-0.024934667901703733,0.024128973791489372,0.05115706807776732,0.07533243724525285
CCACCTATCGACAGCC-D1_Stim,-0.030440787862547225,0.016587683122775587,-0.0957976627757855,0.11695730995704423,-0.034903219136630526,0.07863993207346276,-0.04183013124738011,0.11204888722642714
CCACGGACAAGTTCTG-D1_Stim,-0.1448796265887733,-0.05604941225607618,-0.20544406977256102,0.05227210382653169,-0.1740490746614043,0.019595163913891156,0.03853649566267059,0.027240618505912195
CCACTACAGATAGGAG-D1_Stim,-0.12180184686141438,-0.08473904568991131,-0.29268738259468563,0.15016779878031805,0.0016773508421099592,0.19609490336949698,0.4677368992632296,0.12196413464070943
CCACTACAGTGGTCCC-D1_Stim,-0.07003567437281788,0.023873552221289174,-0.10943295113123686,0.09709927509499927,-0.052347724248745564,-0.04661173432167587,0.07078078472424565,0.06000360414926398
CCACTACCACAGAGGT-D1_Stim,-0.12443824229297995,-0.05563773400588623,-0.3854477219492658,0.1430122840733361,-0.2354992036241903,0.06957010713619027,0.5458581199468426,0.12285359425554887
CCATGTCAGATGTGGC-D1_Stim,-0.06718708482912206,0.007019508529124252,-0.4210934102912187,0.18975850422784823,-0.12199283339050027,0.23557687673305416,0.4214042563382012,0.1382702995881342
CCATGTCAGGCCATAG-D1_Stim,-0.08663251764355628,-0.0036618051353194403,-0.3452593547216143,0.1987514828115753,-0.3242895771169412,0.07246565439407782,0.31122842048471,0.10780602668564399
CCATGTCAGTTTAGGA-D1_Stim,-0.03117857643517219,-0.0015794036585266014,-0.11490246719203778,0.12698108963838628,-0.2250550763779895,-0.015063525566587188,0.01779572187055578,0.08271538162783365
CCATGTCCATAGACTC-D1_Stim,-0.11335200737203976,-0.09605475588290169,-0.6277529432219513,0.14006389688266374,-0.1331043156620364,0.2484049872889642,0.35654433214132375,0.06968172146783402
CCATTCGTCGTAGATC-D1_Stim,0.02384231409166304,0.13388920504462476,-0.05458598120425062,0.09540595744546643,0.034238577325545805,0.11056616122335505,-0.061088273029707096,0.13964044073798298
CCATTCGTCTACTTAC-D1_Stim,-0.09236957365036425,-0.039477069138770915,-0.2752659476119286,0.09911361976954502,-0.14689677527945477,0.025177889706059275,-0.03405568568093287,0.06469570161941895
CCCAATCAGACGACGT-D1_Stim,-0.1829963016855718,-0.07149005145700293,-0.5134931179423514,0.10170386197488135,-0.31865888451033264,0.029301566842319104,0.2137888578980185,0.044256036826006095
CCCAATCAGTCATCCA-D1_Stim,-0.08841489756564336,-0.005446480854773839,-0.29754901414806767,0.13919099211703667,-0.11594816396432961,0.14166926932480628,0.3687655150373299,0.10704801252125229
CCCAATCAGTGCAAGC-D1_Stim,-0.12834900891175138,-0.004874265730741456,-0.2951553254322281,0.14101150548100172,-0.08633621404886682,0.12509874891209272,0.34265823717951704,0.10587094526755436
CCCAATCTCATAAAGG-D1_Stim,-0.10333623893875732,0.022425583307505548,-0.12694252544102813,0.14183648860188036,-0.05930579551195514,-0.06252750963448861,0.09643374264204851,0.07517988481066595
CCCAGTTCAATCTGCA-D1_Stim,-0.06434996829585948,0.0025547530058815937,-0.1564916970753938,0.06842414381501172,-0.09612427259532552,0.007692914579543242,-0.04670160898238507,0.0998475940730259
CCCAGTTGTTCGTCTC-D1_Stim,-0.024082444549122783,0.056340844086596675,-0.04787257149363455,-0.07153335568414398,0.11759514676754357,-0.01153875610231303,-0.4014881631477607,0.004595831172128584
CCCAGTTTCAATCACG-D1_Stim,-0.0925918921200708,0.024029189935635742,-0.12173651262591711,0.14582426149429928,-0.053268745742036216,-0.04268733815587389,0.06606301094296185,0.0828052147587588
CCCATACAGCCAGGAT-D1_Stim,-0.13370578886076956,0.053732884786356294,-0.2510671234085695,0.04290217574063426,-0.18130288757431678,-0.0029032316865258423,-0.17694522341123786,0.050161534691696374
CCCATACAGCTAGTTC-D1_Stim,-0.26013559411645204,-0.0967678154499989,-0.3655763508334555,0.1702849946645557,-0.2131076549980655,0.13818427870125483,0.442445680756828,0.09547149674731337
CCCATACGTATAGGTA-D1_Stim,-0.22647258174704454,-0.02363233656827113,-0.33683773774572856,0.21326144409687942,-0.08953511202369313,0.1946533071018539,0.24264480850597536,0.15467122346686324
CCCATACGTATATGAG-D1_Stim,-0.18798710955419828,-0.028874207404049557,-0.4116488727095895,0.2272165514450819,-0.2633384135151253,0.21258452067769973,0.586682983461575,0.15355923976512642
CCCATACTCCTATGTT-D1_Stim,-0.15594266188692174,-0.059158896472055744,-0.3199564601753835,0.11751931286621975,-0.18521250530175237,-0.058151398846154834,0.013970626184516277,0.0459812022380266
CCCTCCTAGGCTCAGA-D1_Stim,-0.21384433767448918,-0.10144206725758487,-0.534995689246105,0.23181023070740991,-0.2686387834869617,0.10284729994269881,0.2723608686668335,0.10573553389502344
CCGGGATCAATCCAAC-D1_Stim,-0.22190968465663374,-0.07041966696987423,-0.4625642358920583,0.14564893665697198,-0.37300448943863884,0.09298618746786325,0.3796118151761849,0.12191625025254282
CCGGGATGTAAGAGAG-D1_Stim,-0.12920785263268897,-0.037685959619592424,-0.22002963798426922,0.09323391071421838,-0.12757827896905916,-0.1303670082745203,0.04998301349829859,0.021067133281469808
CCGGGATTCCACGAAT-D1_Stim,-0.10482277153548125,0.009874742400043601,-0.12010852638718372,0.15923772259652935,-0.006594947441255883,-0.06142013207562691,0.13774388053397146,0.09740595828739806
CCGGTAGCAGACGCCT-D1_Stim,-0.1004035827767833,0.014509079497154076,-0.3468387507224433,0.13434776558775852,-0.1972439056489339,0.10101505835607227,0.12336122430345853,0.11524249126718011
CCGTACTAGCAGCGTA-D1_Stim,-0.15117546014341698,-0.05188714332591182,-0.18022366169615012,0.06449554564289706,-0.3007560974166683,0.01264341715545747,0.17692151086260388,0.06692262533679205
CCGTGGAAGGCCATAG-D1_Stim,-0.021986332064674485,0.06604333280414387,-0.22173109176841255,0.13515139316895208,-0.22784557697633545,0.04149552644550347,-0.06553831977571534,0.07900374056021242
CCGTTCACAGGCGATA-D1_Stim,-0.17224082246623595,-0.008486202294568201,-0.2264138048105666,0.11939065299839591,-0.17281228534351634,-0.08333859747416739,0.08718267011814973,0.08051709340179869
CCGTTCACAGTCCTTC-D1_Stim,-0.11393165908475389,-0.03083431956352456,-0.19798005860844636,0.07677307347523232,-0.08531852343204349,0.041820313977479984,0.2031045332997934,0.08491588653373938
CCTAAAGAGAGGACGG-D1_Stim,-0.06305902015526321,-0.08321276262433663,-0.3291835471954503,0.13616077671819937,-0.06065781274525506,0.002509203077446287,0.23360998627391893,0.009139066890369918
CCTAAAGAGCGTGAAC-D1_Stim,-0.054276379172369715,0.04125706384624017,-0.22787348424076903,0.13760134622099862,-0.20237685526659277,0.056612514960955096,0.03186518532860916,0.10181974737406385
CCTAAAGGTGCTAGCC-D1_Stim,-0.1603789387689858,-0.029481813146736258,-0.34752024911235146,0.13243358671287986,-0.13628652981957678,0.10862612219577095,0.35820152676711636,0.07607530737366197
CCTAAAGTCAGGATCT-D1_Stim,-0.09637492447040685,-0.014559129255156122,-0.14534401963490584,0.14394200739010543,-0.028218903582153843,-0.07330163637047882,0.16056679042127442,0.0544171208281643
CCTACACAGTGGAGAA-D1_Stim,0.002914583361484091,0.06573931487440632,-0.10418694502851178,0.13577225259935766,-0.26886291704492393,-0.000651802394878942,0.12225430759426104,0.06889872084275162
CCTACCACACACTGCG-D1_Stim,-0.18732178287614332,-0.05506999429572623,-0.34800533537839584,0.2063312337658889,-0.1497256841932728,0.20772338373465438,0.543982478409891,0.11370084995236951
CCTACCATCGTTACAG-D1_Stim,-0.13295182931446448,-0.055790376007832876,-0.2762916521672123,0.08311739673760243,-0.13458255464592384,0.022313425413953425,0.19575504916018005,0.05719372837850045
CCTAGCTAGGCAAAGA-D1_Stim,-0.0813180197436072,-0.02683306158167298,-0.22551454750894262,0.11026786813390999,-0.1249567902472073,0.03355147401420133,0.057204324307260634,0.06831895432275026
CCTAGCTAGTAGGTGC-D1_Stim,-0.17707528157066932,-0.09300391296850741,-0.42775742465558686,0.23465858648090254,-0.10278041100469615,0.3137852054548844,0.6130926799452521,0.13990187561987355
CCTAGCTAGTGTGGCA-D1_Stim,-0.05366326462512028,0.05166094261822529,-0.22869311464907494,0.17668701241592366,-0.026798008602504808,0.06200777366682253,0.04112178577439707,0.14902183592271712
CCTAGCTCACCAACCG-D1_Stim,0.06322811102099202,0.11554960956904203,-0.022632503787633595,0.1381062382936431,0.07308796794693073,0.17578802536849203,-0.08656009373794404,0.12762752164527313
CCTAGCTGTTACGACT-D1_Stim,-0.08527720219961132,-0.036887808200589234,-0.34879861997975503,0.20910657006252542,-0.18268242544057856,0.18858531459638606,0.6487182590899874,0.12334486319766569
CCTAGCTTCCTGTAGA-D1_Stim,-0.16625546884564457,-0.05504943466484846,-0.28869112488798354,0.057912053749470616,-0.14186557599557226,0.04158196785847146,0.32017401799095957,0.05182970980448687
CCTATTAGTGCACCAC-D1_Stim,-0.019808681097646996,0.035041762390150666,-0.1425402674593954,0.1436925540164502,-0.1668577284446009,0.060618703816878394,0.018055137314075154,0.08719241527096777
CCTCAGTTCTAGCACA-D1_Stim,-0.17058377783077994,-0.0695550369218143,-0.22449067514623433,0.09582705227818344,-0.28006433967034106,0.0023913594737283717,0.10177851417260086,0.08335453427077333
CCTCTGAAGAACAACT-D1_Stim,-0.033739708603391705,-0.04197251587416062,-0.3738127511278009,0.15482805195564886,-0.055163733922370284,0.33320258300907923,0.28908439967875577,0.09140256282377024
CCTCTGAAGCCGGTAA-D1_Stim,-0.05719861030832618,-0.017334429866473045,-0.1562209889328372,0.07773182712089266,-0.1763053235714125,-0.010033193720342837,0.12696534692531358,0.07354567886945595
CCTCTGAAGGCTAGGT-D1_Stim,-0.1524723234807812,-0.0376914134245947,-0.3643881444118904,0.15524030768733255,-0.16437616196379068,0.14550754710720248,0.3267181469832252,0.10933289851363881
CCTCTGACATACGCCG-D1_Stim,-0.04354345297980977,-0.0738129186736245,-0.5486850128429488,0.20594508171675407,-0.08479747549094796,0.3646084559183631,0.6873918239332619,0.02601174156773922
CCTCTGATCGCCGTGA-D1_Stim,0.02155898956486446,0.07762867787872807,-0.1217222144061374,0.12013912723302056,-0.01686147914088032,0.06998964452552592,0.0773820907167071,0.05929225978909969
CCTTACGCAATCTACG-D1_Stim,-0.09868874239812797,-0.004874693547183284,-0.22766405027566528,0.19728095008856528,-0.1756121649115432,0.00648921850927664,0.300746693354796,0.10988246904418908
CCTTACGGTCAGGACA-D1_Stim,-0.025225790818479865,-0.05901193182064546,-0.40858962716773206,0.14195865758140336,-0.027051191555747423,0.18877778048319627,0.39556257298348996,0.07595487223299813
CCTTACGGTCTAGCCG-D1_Stim,-0.26527968332881535,-0.09402803441443908,-0.42468587133132907,0.10086617759548488,-0.1744763250599508,0.034191266421045086,0.586122945460902,0.04994482468731043
CCTTCCCAGCCAGTTT-D1_Stim,-0.0709620214847888,-0.013100525817721476,-0.18376362993951467,0.1413973133003612,-0.017193162560849018,-0.00019406587956360966,0.22994214482993058,0.09605313774227753
CCTTCCCGTAAGTAGT-D1_Stim,-0.08188946552022891,-0.014103104997566618,-0.1898963630474224,0.11174495862935352,-0.17839639872741664,0.12843026842768523,-0.06142070051361159,0.10019744886826842
CCTTCCCGTAGATTAG-D1_Stim,-0.12155715744965612,0.022224129708140694,-0.20513588264924287,0.10602036482984722,-0.187209695119261,0.01579214689559194,0.03656903304631243,0.11506309940569182
CCTTCCCGTATGCTTG-D1_Stim,-0.04678095294407392,0.0502814566975438,-0.07196315151481603,0.0636354824639227,-0.15585496339843097,-0.06477103743194235,-0.21022370323735728,0.05463204700076396
CCTTCCCGTCTCCCTA-D1_Stim,-0.1035012137118052,-0.026649325988978845,-0.34762770048919833,0.19215004712651051,-0.01823921008041829,0.3304083650958578,0.576938933717404,0.14057564932929623
CCTTCGAAGGAGTTGC-D1_Stim,-0.03164530980929925,0.05640828194790792,-0.08232741095841334,0.13541856088541238,-0.061961364747388004,0.03170713009534154,0.10482886541339909,0.10140911117870566
CCTTCGAAGTAGATGT-D1_Stim,-0.17235439682816,-0.056791911228048164,-0.438055521676068,0.15967175959283075,-0.34180192047740476,0.10264510710504027,0.24744033055715242,0.08851316916147489
CCTTCGACATGTTGAC-D1_Stim,-0.12589162797526043,-0.09080447788236157,-0.5308936701747928,0.221019111743594,-0.12537796394845913,0.3533207402308314,0.5125465656329373,0.14361605005880662
CCTTCGATCAGAGCTT-D1_Stim,-0.08720297916055841,-0.04419540529154098,-0.5102750227309008,0.20491096922459562,-0.11524876597795419,0.24237545852512632,0.2956366687224623,0.12620255816653803
CCTTTCTGTTAAGACA-D1_Stim,-0.15346995110992978,-0.04970373680156115,-0.2283336182577198,0.12995205288799205,-0.22630992921039095,-0.025029300209324035,0.2525177516261472,0.10070499045635906
CGAATGTGTACGCTGC-D1_Stim,-0.18132504236937663,-0.057265087231920475,-0.33599514174006373,0.11223774877281834,-0.3053356953104007,0.00019638564104695888,0.22469196858340368,0.06320489231188198
CGAATGTGTTGAGGTG-D1_Stim,-0.025084815477596223,0.04919377946626469,-0.1899908528987586,0.14836666666417742,0.02145837204503742,0.05367921783321705,0.14136593862587787,0.08757122367373604
CGAATGTTCTTATCTG-D1_Stim,-0.17066008243354958,-0.042185081775617306,-0.37208965658300386,0.17833124116672927,-0.3427035956459381,0.06435468436258063,0.10100363033252968,0.11873370226851065
CGACCTTAGCTGAACG-D1_Stim,-0.2875987724579314,-0.08038707407676782,-0.39408347483748596,0.1292488813539414,-0.24629857921844156,0.07211793638401254,0.4765641967896226,0.0865751711137257
CGACCTTCACAGACAG-D1_Stim,-0.11487426756120733,-0.016086893171433303,-0.23780305695140846,0.10600938206903798,-0.060660320252369004,-0.05026729707843813,0.008480217060753859,0.0724724974032469
CGACCTTGTAGATTAG-D1_Stim,-0.17134797781866062,-0.04926698931266493,-0.30589409595602746,0.12210525961183727,-0.15539050572225221,0.10459860025499879,0.631038826175347,0.10009023582682808
CGACCTTGTGCACTTA-D1_Stim,-0.19975087461968855,-0.08653645650996644,-0.3291813159264123,0.18627533465565804,-0.25916781768344777,-0.017031469688834733,0.3465192623622677,0.10541136160571263
CGACCTTGTGCCTTGG-D1_Stim,-0.01395558633193339,0.04059415266690536,-0.05794201133709809,0.07596769694436745,0.016327273227370043,-0.008602374926734768,0.10135361207133187,0.060180764797925335
CGACCTTTCCTTAATC-D1_Stim,-0.10412635844180151,9.041378564766944e-05,-0.11411900962015853,0.09963791462958937,-0.01994029775356765,-0.05613997050880393,0.04855916010630423,0.07089816216640621
CGACTTCAGAGCCCAA-D1_Stim,-0.12949210986095316,-0.06371283310762621,-0.3105326582969212,0.12462910578022779,-0.2186345016726321,0.07169877297203264,0.1387870588166109,0.0621818431573562
CGACTTCGTCCAGTTA-D1_Stim,-0.20475851829561442,-0.0602695064869998,-0.3592614076035119,0.14650554281753614,-0.19313608530978144,0.09143670759907074,0.5172857163621138,0.1090482607500558
CGAGAAGAGACCTAGG-D1_Stim,-0.16755021430605588,-0.052336601895403234,-0.24586810468098452,0.09253153715698126,-0.2922842955050715,-0.015467845565856564,0.1986968107187863,0.08002812924353186
CGAGAAGGTATAATGG-D1_Stim,-0.24211305222203983,-0.06928257167623819,-0.5531045911271537,0.18971017373133137,-0.3444947387267483,0.16507672493695402,0.43660267355730653,0.09494130961312486
CGAGAAGTCACAGGCC-D1_Stim,-0.10772789357587165,0.06797569979884521,-0.10911742183607842,-0.0035752638146107074,0.08126393906645824,-0.12473675079243307,-0.4430888971652287,-0.019903454237537588
CGAGCACCATCGATTG-D1_Stim,-0.08862125532160903,-0.04466539332087649,-0.18544104302033482,0.07527568759631542,-0.10954420712526414,0.04650799208103784,0.0683531081398776,0.06435943996376103
CGAGCCACAGATCTGT-D1_Stim,-0.10098362464021626,-0.006976193009627707,-0.21637291853777896,0.07138650089531673,-0.07462224888791802,0.07261085258121724,0.21186212346653122,0.07775372624822552
CGAGCCATCAGTGTTG-D1_Stim,-0.19426081082999502,-0.020846812747262078,-0.3404549702869506,0.1691216769761077,-0.22459786128097825,0.16788479545953372,0.3600035621718565,0.1472451140501132
CGATCGGCACGAAAGC-D1_Stim,-0.17169553082589317,-0.04802132236605594,-0.4616924825945041,0.17815966535969707,-0.14652830937465033,0.18864039802864063,0.372407314294227,0.13895586409046068
CGATCGGGTTCGCTAA-D1_Stim,0.0820276805821436,0.15137633603617573,-0.07870506373892017,0.13370221296493412,0.03446760707839047,0.1702640100833399,-0.22973816755222032,0.1471250268298352
CGATGGCCAAAGGCGT-D1_Stim,-0.23989015308735695,-0.09792259307309159,-0.31647428070527983,0.07230430821777745,-0.11796197534868469,-0.03572898675689373,0.577602184157632,0.01868817013133217
CGATGGCTCAACGGGA-D1_Stim,-0.027323340873214974,0.04162815790399499,-0.19581879657908807,0.12771304550387796,-0.13307991332272096,0.029777780558710276,0.1561597941496693,0.07422152576755536
CGATGTAAGCTAGCCC-D1_Stim,-0.11787664015112931,-0.007150689813487432,-0.22403177830904575,0.16346417459014262,-0.20679633718914303,0.10010905193192698,0.3017025915150917,0.13428366994333274
CGATGTAAGGAACTGC-D1_Stim,0.0005788245959230665,0.04321944789750631,-0.13539520284639828,0.11167441546048451,-0.14473218339078286,0.028385079250350387,0.149682298063194,0.0542993910994074
CGATTGACAGCTTAAC-D1_Stim,-0.12039542615430321,-0.04236894401135061,-0.2358538983166225,0.0775384201024707,-0.2076964377454118,-0.01686449123280731,0.17154679948093943,0.07873903019389061
CGATTGACATGCCACG-D1_Stim,-0.2612549890032252,-0.08857576750092733,-0.3713143083739503,0.1332334439083489,-0.28907107784322683,0.04022226880164226,0.1411945222468205,0.10349755794547022
CGATTGAGTCATTAGC-D1_Stim,-0.0283414844892782,0.05641439127184711,-0.11919158158020604,0.12611578727348416,-0.11878866304326685,0.015853719096202923,0.19674318700289106,0.09421544222489864
CGATTGATCCGAACGC-D1_Stim,-0.1939815174977806,-0.09900778844916402,-0.2286929586447055,0.23293446867099377,-0.07819865917784519,0.25715756101531717,0.8656238327166221,0.15438243668530838
CGCCAAGTCTGCGACG-D1_Stim,-0.026216275540534184,0.04030427750622856,-0.1727668804242546,0.09972655315043966,-0.07018891855201836,0.0866434749237186,-0.07165282363000713,0.14606074894097354
CGCGGTAAGTTAGGTA-D1_Stim,-0.15310188778004985,-0.03911014457816009,-0.4118322810448731,0.16793755297725,-0.23571462798787834,0.1786309076097794,0.3095410449860143,0.14351853981156637
CGCGGTACAAGAAGAG-D1_Stim,-0.1730350704591075,-0.09298364519215951,-0.36003239377170715,0.14104286617298456,-0.28848894065793473,0.06286766353294126,0.31012707437760767,0.08915094472989438
CGCGTTTCAATTCCTT-D1_Stim,-0.21454138745241025,-0.006260535767321329,-0.26855756499129857,0.13158888673733848,-0.18827883220060215,0.028383837240394172,0.10696189024125502,0.14553922474505399
CGCGTTTCAGCTTAAC-D1_Stim,-0.07694095182135463,0.004433010424408579,-0.37790596530618714,0.13882831149426167,-0.22678983593315039,0.07484570057571638,0.04853816403243982,0.11128070251871591
CGCGTTTCATAGACTC-D1_Stim,-0.06961151436663116,0.012259255814717207,-0.22545256219377308,0.17953811696627753,-0.21296787355122504,0.043463877746040325,0.26124945315093484,0.13290629014332467
CGCTATCCACCGAAAG-D1_Stim,-0.12876200302470941,-0.019807136398348746,-0.23209772184338373,0.13859512478155267,-0.29914691235026325,0.01641161533866331,0.066640421202397,0.09353250218578069
CGCTATCGTGCACTTA-D1_Stim,0.006323989886251269,-0.05521943352937164,-0.5400470769675305,0.24331192717171568,0.028264396178595774,0.28478018811728667,0.7623535159254278,0.08956607824065799
CGCTGGACAAGCCATT-D1_Stim,-0.07135414757503256,0.015150527536077263,-0.28369799036250676,0.1465951475899292,-0.07448978111020921,0.23656693116698868,0.08850672655592007,0.1230042188599807
CGCTGGAGTGCTAGCC-D1_Stim,-0.09677409050911656,0.015570528167708986,-0.2623442089539516,0.16926579726516877,-0.06339703325783042,0.18399883530301153,0.38108448396154415,0.12990158433576582
CGGACACGTACGAAAT-D1_Stim,-0.10527228355589635,-0.03148381196917249,-0.15103844246423126,0.0925521961480058,0.015921869713046988,-0.08017212825677689,0.06286667994195838,0.05420305803996506
CGGACGTGTAAACCTC-D1_Stim,-0.1007447863715516,0.0020830565934950585,-0.23472471422747532,0.11480006230497253,-0.11363903171582557,-0.020420222854690806,0.057728151000841166,0.06660966352024111
CGGACGTGTGTTAAGA-D1_Stim,-0.11090490355449134,-0.008086753512095868,-0.36489249521027745,0.16441247706001683,-0.22033437085075747,0.19903977585506105,0.23484632387963345,0.13554858704134176
CGGACGTGTTCACGGC-D1_Stim,-0.1924287872614041,-0.07014908886162452,-0.23623004729889363,0.07940044619622988,-0.20459610051168298,0.05267815860848657,0.2810982845138952,0.039799815423059215
CGGACTGAGCTGCGAA-D1_Stim,-0.13122822436995207,-0.06143312890012176,-0.17880562052516957,0.035725609988956464,-0.15974911099406164,0.03358412205818517,0.08723294955755634,0.053813716730832795
CGGACTGAGCTTCGCG-D1_Stim,-0.05753265863709878,-0.07863558196965847,-0.3921915708594348,0.1521364893778241,-0.13378133217778831,0.25694447247646757,0.48018860295042654,0.050467691777488
CGGACTGTCGCCAAAT-D1_Stim,-0.00961132287521771,0.03553880892532568,-0.12097486214799602,0.09195759418332194,-0.008074370855988278,0.2476364821828021,0.04552621530861778,0.10070897453958416
CGGAGCTAGCTAGTGG-D1_Stim,-0.08553716543280743,-0.053670605402446725,-0.18650530669138377,0.0663524177786119,-0.11983150406982723,0.08900706800381109,0.15017693894125017,0.08457708291463994
CGGAGCTCAGTCCTTC-D1_Stim,-0.1543282494772633,-0.024486043087156517,-0.4990247484473631,0.21403484128073735,-0.3648113304854732,0.1843809317322016,0.08857069213239832,0.14792848015443738
CGGAGTCAGCTGAACG-D1_Stim,-0.2362912928110834,-0.07686937040398689,-0.5166717551961106,0.1695948799453113,-0.26015063917226655,0.08370917553169477,0.299121187609936,0.10853155673064308
CGGAGTCAGGACAGAA-D1_Stim,-0.09016592311080984,0.010392582823250507,-0.08387409265837853,0.06606740085449836,0.012878102175754691,0.0011639652772377218,-0.09443232476465724,0.017716073367095575
CGGAGTCAGGGTGTGT-D1_Stim,-0.2886024771363047,-0.15842850651576512,-0.6270674072433273,0.1269327611776152,-0.11041788270583552,0.11580216539341315,0.24812520009764683,0.04960726041277219
CGGAGTCGTAGCGTGA-D1_Stim,-0.07452021076873727,-0.034257686820279076,-0.13207998023200407,0.07516836245550351,-0.16948706733016827,-0.005990632061710244,0.021977459566610236,0.06805238943915093
CGGAGTCTCACAATGC-D1_Stim,-0.07573253944879355,0.015304242577936833,-0.12869856124676105,0.14700613656148676,-0.14344862707566008,-0.003927767814145611,0.08877697249894112,0.09530679489551197
CGGCTAGAGAGCTGGT-D1_Stim,-0.02783759938361996,0.02266029664077429,-0.19156703792409235,0.17363906557332243,-0.16530282605194202,-0.004928170694691758,0.1700358043343435,0.0948962527667021
CGGCTAGGTATGCTTG-D1_Stim,-0.3049142846275039,-0.08449249286661953,-0.5359153200632676,0.16906137437741187,-0.22501748393156795,0.1708058003003856,0.6384513779780061,0.10779391620221013
CGGGTCAAGGCTACGA-D1_Stim,-0.20250276050324167,-0.052782529734361816,-0.25255742827109984,0.1414883729469878,-0.07198403168210987,0.11919846951247237,0.4516955375451346,0.10404533607501776
CGGGTCAGTAGGCTGA-D1_Stim,-0.17691811069594898,-0.03866623950466419,-0.2581363061160902,0.0647659773849405,-0.11635232243756377,-0.11853379654975527,-0.03710763081234347,0.026865277698492562
CGGGTCATCACATAGC-D1_Stim,-0.04022578336055638,-0.0837363225453771,-0.30959889513774996,0.0880958392385125,0.10368682780105942,0.16547937550741487,0.42034861578157035,0.07885710891815023
CGGGTCATCCCTAACC-D1_Stim,-0.20005781454916338,-0.06622436607771398,-0.25771875963516955,0.07040112578484425,-0.16385966208882685,-0.015079748242273538,0.31670740407691156,0.044088290381550266
CGGTTAACAGCGAACA-D1_Stim,0.05711869923840851,0.0760962802399483,-0.079776365309705,0.10426683216038768,0.11184180991295278,0.22950395307450044,-0.050119669675234846,0.10073131891066467
CGGTTAACATCAGTAC-D1_Stim,-0.06419968309412383,0.038754610811341905,-0.17110553484953162,0.09870742219989204,-0.22833574455075478,-0.050221176574744675,-0.028271413691047798,0.0804859904032238
CGGTTAATCCGCTGTT-D1_Stim,-0.0958421573023962,-0.08146436168229876,-0.2872254638926588,0.10329449448082428,-0.19123801956312292,0.05968747914086947,0.20771052903712572,0.07188630473989477
CGTAGCGAGAGCTGGT-D1_Stim,-0.12385973591509725,-0.058427910208351364,-0.2308032076670008,0.0932483728727469,-0.11276381546848313,0.050009358060002285,0.15182809042562084,0.09018020997283216
CGTAGCGAGCGATCCC-D1_Stim,-0.10096251697284941,0.005744920207021664,-0.25784841852725293,0.11102428536577591,-0.1446564852515433,0.1598844685783316,-0.005959835717693096,0.11075291402948295
CGTAGCGCACTCTGTC-D1_Stim,-0.07477201267634292,0.03592110149654282,-0.11237383551257718,0.1038936661720875,-0.00022557545804069434,-0.03510527618017001,0.03769739439873021,0.09150597169145058
CGTAGCGGTAGAGGAA-D1_Stim,-0.27765359857557925,-0.1454928934172468,-0.23173033746935268,0.33169546881464207,0.004087206966154611,0.36410023898006116,1.2668442048989075,0.1182055629459331
CGTAGGCCACCTATCC-D1_Stim,0.0003672488042862909,0.0520686302965192,-0.16164907221345004,0.11184488817166383,-0.042784661188044026,0.05030559175127891,0.11192113803263837,0.06504729778877127
CGTAGGCTCACTTACT-D1_Stim,-0.14075470728954542,-0.04956110754574006,-0.44689468810616795,0.26882367410138563,-0.21368834385696722,0.17825129564093167,0.5594811791472125,0.13018088385830495
CGTAGGCTCCTTAATC-D1_Stim,-0.08606063361643379,0.024247084228637306,-0.18075994793225458,0.12498757859284204,-0.15242886470224626,-0.004968669469244347,0.10023886069905075,0.07982497730568383
CGTCACTAGGACATTA-D1_Stim,-0.08553477662083253,0.0018987473829081836,-0.21517254833139088,0.0879616407754149,-0.08094893183434415,0.024362127740399586,-0.0696728628355423,0.08861693320433517
CGTCACTGTCTCCATC-D1_Stim,-0.07665798568715587,-0.04887933158746094,-0.5250703902109883,0.1633291221638089,-0.4971401009841063,0.25146245698248215,0.07646428385410076,0.11414057948561585
CGTCACTTCAACACTG-D1_Stim,-0.07062482969648087,0.040441296724964104,-0.12636394930675188,0.12356171035879271,-0.06230478558737218,0.04017534212737672,0.041071704388109254,0.1053282229451451
CGTCAGGCAAGGTTCT-D1_Stim,-0.2097668853852923,-0.014977119556277785,-0.39427085951101404,0.20810890749405964,-0.2310013554296475,0.2801402360838825,0.502024098544231,0.15471553458936427
CGTCAGGCACCGATAT-D1_Stim,-0.01636088847066297,0.03342284642095095,-0.14591837917813333,0.10645576583280913,-0.12105038223583087,0.04612496073622019,0.09102992174947033,0.0978217020757377
CGTCAGGGTGGCCCTA-D1_Stim,-0.10612391157709133,-0.01580132622457242,-0.161689900057727,0.06975527552018157,-0.22239458667993084,-0.02259438660631119,0.1187950372425135,0.0661091138700769
CGTCAGGGTTGACGTT-D1_Stim,-0.10400191942875558,0.018586438755285428,-0.12900808461980073,0.1018388583701153,0.00866629605337721,-0.0855532049765042,0.07981557781125304,0.09226149409419371
CGTCCATCATGGATGG-D1_Stim,-0.1090207213865515,-0.0041805156078833505,-0.15021781942708579,0.09325779945265467,-0.21701020968072804,-0.00040294687841857524,0.03322298577212024,0.09719521754061056
CGTCCATTCCGCATAA-D1_Stim,-0.03284261121994625,0.052039445051686783,-0.09172998762955942,0.12856167481273317,-0.06196544759438183,0.010327754140739387,0.10647207661169134,0.0853250846012461
CGTCCATTCCTGCTTG-D1_Stim,-0.15315695886357616,-0.02429181732075314,-0.19402298837303,0.08794280824533729,-0.14007107416803066,-0.007670326238834235,0.15530301795088874,0.09973945394548167
CGTGAGCCAATCGGTT-D1_Stim,-0.04005450840544711,0.03766642598546888,-0.10208678239200442,0.1347436848566428,-0.13663379870667391,0.005422767769861281,0.1227729463370899,0.08063663951335442
CGTGTAAAGCACGCCT-D1_Stim,-0.04373206153124265,0.05408229635633255,-0.13282346072454132,0.12732642389613424,-0.3052316898467211,0.020042856615150484,0.03522304365963436,0.09651725364691721
CGTGTAACACACAGAG-D1_Stim,-0.051949526061310536,0.023987500411934093,-0.20363615056823292,0.11799041884862405,-0.09912256066045444,0.056026457905373306,0.18446374386872577,0.07927174899042377
CGTGTAATCGTTTATC-D1_Stim,-0.08982965532315745,0.028157043486446653,-0.14067640240806867,0.15752273054921417,-0.008675129250740099,-0.02190634439061867,0.16558835913693315,0.10322381680977522
CGTGTCTCAGGGTTAG-D1_Stim,-0.1561596526008433,-0.061775572408549806,-0.46560522856377773,0.19077840596267137,-0.33619608388841016,0.16360083343168697,0.5337832063597467,0.16190499396171631
CGTGTCTCATGTCCTC-D1_Stim,-0.09211068088710128,-0.04054966346944333,-0.4585647301381073,0.18301661536420433,-0.3236650534743166,0.18269436062881006,0.30957365758575506,0.12575343855490928
CGTGTCTGTTCCATGA-D1_Stim,-0.10024663100994324,-0.03878761452357615,-0.23749474575335405,0.1502399966922443,-0.2976289975995652,0.04183294806738935,0.2740123729209891,0.1078616507077399
CGTGTCTTCACAATGC-D1_Stim,-0.09692172628959561,0.011902606785710645,-0.14794085647051158,0.14595627624248309,-0.1353838725468215,-0.02354120575092722,0.06994025583170682,0.09232623088310454
CGTGTCTTCATAACCG-D1_Stim,-0.07166697672684741,0.026476142340149167,-0.13464266065739583,0.17327858292524922,0.025857331791129923,-0.01420072062693123,0.17598813236607924,0.1056957619085761
CGTTAGACAGCTGTGC-D1_Stim,-0.1742373455941184,-0.02852783605658793,-0.37250610747366153,0.2222222865398038,-0.15191613676727656,0.227945902142217,0.4869962561065595,0.12341904603715115
CGTTAGAGTCCAACTA-D1_Stim,-0.09234636400241314,-0.08737862683366693,-0.6092844414346157,0.1965162572677297,-0.1410897818551522,0.4783205278697693,0.29211019126403137,0.049114724144226685
CGTTAGAGTCTGGTCG-D1_Stim,-0.11032939377215634,-0.02839982069193603,-0.19023631436968547,0.0659834876334191,-0.14084685089385474,0.004604236427324437,0.17128072132219785,0.0654110830178336
CGTTCTGAGAACTCGG-D1_Stim,-0.13389092020901927,-0.027206037492025104,-0.3560557994549418,0.12349783393132441,-0.1506942113468437,0.11744242571294805,0.1261159131832592,0.09547143797369984
CGTTCTGAGTACGTTC-D1_Stim,-0.09241202094617584,-0.004221426184127353,-0.16704313970088513,0.07916993583967624,-0.10340799344102791,0.0421294522193012,-0.0014895100387626314,0.10792066357755736
CGTTCTGTCTAACTCT-D1_Stim,-0.028950706093189282,0.06375555407857192,-0.17813574597174053,0.09996912651004664,-0.04584455975993684,0.03380269183884721,0.07758681646389576,0.07901911853502774
CGTTGGGAGAAACGCC-D1_Stim,-0.07199684283162178,0.0026478189343848157,-0.26243006540733393,0.14371019415567332,-0.07458120355553,0.021006526172913098,0.15022432641833916,0.06954065801608955
CGTTGGGGTGACGGTA-D1_Stim,-0.15821471667485199,-0.07240989789770857,-0.24667045627732875,0.06657460670055215,-0.13447005377230603,-0.02243916223411091,0.14575033085287714,0.04551069940052699
CGTTGGGGTGAGGGAG-D1_Stim,-0.1572117397000543,-0.09772360003093894,-0.17825010961141619,0.027772253168439676,-0.16984970320841342,-0.0056252840055943665,0.12189383476658833,0.033757047316255395
CTAACTTTCCTGCAGG-D1_Stim,-0.130588516238614,-0.13339245775005004,-0.6175680244348616,0.2493334615391607,-0.05421122897787356,0.2894837920064699,0.6946150113260501,0.13187762459053864
CTAAGACCAGGACGTA-D1_Stim,-0.019739340481809364,0.036776206095192165,-0.18295319957181988,0.11345860731168855,-0.04004073971867683,0.02553067999343206,0.08125939137024218,0.07424157584914148
CTAAGACGTAGCTGCC-D1_Stim,-0.07726940984457187,0.05422984262292374,-0.11178612365276575,0.14586208552286273,-0.15978130592273132,-0.002483651085766425,0.1714888576369482,0.09433308374393867
CTACACCGTTCCTCCA-D1_Stim,-0.05379297854735299,0.008173403794193845,-0.2148889231345521,0.11093959782957796,-0.10193915943508891,0.08197260200006085,0.07341485958835392,0.09741592080043304
CTACATTGTCTAAAGA-D1_Stim,-0.1591583235041636,-0.053448897707859544,-0.293192603880553,0.08014666600186438,-0.09912703278948953,0.059564223512666103,0.41858719120360277,0.05621832697207729
CTACCCAAGTAACCCT-D1_Stim,-0.12070213226901494,-0.05109526090441108,-0.23454678755942293,0.0641444606806374,-0.13653922503047866,0.020375947721802845,0.0649687328365367,0.1156753884027637
CTACCCACAGCCAATT-D1_Stim,-0.12394917020062657,-0.062298871124191635,-0.19661493993968016,0.0843096375523622,-0.20968222071045162,-0.008699161404205569,0.25894634188038523,0.07672913694084471
CTACCCACATACGCTA-D1_Stim,-0.20040289277068446,-0.10900927552118667,-0.1788281350787999,0.046882499061892347,-0.15057620381483972,-0.04079677772766033,0.3641702036084009,0.04401132775009664
CTACCCACATGTCTCC-D1_Stim,-0.03484041210024991,0.032390420898998684,-0.09717239864154692,0.14147027327154582,-0.011162161896523415,0.03929242663577526,0.13968557172707463,0.11221879436731719
CTACCCAGTAGAAAGG-D1_Stim,-0.11982679733053203,-0.04360619230186202,-0.2960107628043307,0.14539119569593772,-0.10656972359021566,0.15902621500611858,0.17802446204031241,0.1339302026134881
CTACCCAGTTTGACAC-D1_Stim,-0.14121925509729572,-0.05074288839274921,-0.4232626858101014,0.1665860455040935,-0.1326038204919886,0.24575242263958152,0.3192621190815661,0.08258482900511943
CTACGTCAGTCGTACT-D1_Stim,-0.08915205570451157,0.03464357742188362,-0.027575895276247486,-0.012418934027524031,-0.02870859039117235,-0.11835594020044304,-0.1599017879802247,-0.009002632396368782
CTAGAGTAGTCGATAA-D1_Stim,-0.13873558951832443,-0.04528171414028215,-0.4396175300511924,0.20092047438747862,-0.22205124467549453,0.17108595762093692,0.44673707840171595,0.09505954942978256
CTAGAGTCAATGACCT-D1_Stim,-0.13506270950955113,-0.017899650226471664,-0.29677974912300265,0.11506537650400972,-0.010985648355207545,-0.0866976637391712,-0.08518365057409127,0.018880476858109674
CTAGAGTCAGACGCCT-D1_Stim,-0.03630140842339635,0.035371216699452646,-0.11979505429557502,0.1440648266439286,-0.10377372240583327,0.01716729985328236,0.09232979387977736,0.08453766620358216
CTAGAGTGTTGTTTGG-D1_Stim,-0.26931438889327275,-0.09538961311071503,-0.4405098917722263,0.16282944947241695,-0.19235162554674723,0.19685927131852488,0.6495255925386463,0.1129668668542525
CTAGCCTAGCTAAACA-D1_Stim,-0.16700404702622684,-0.05595250773129479,-0.33810274085330416,0.14019726500488439,-0.3234846538115459,0.044724246825909475,0.06468690446042835,0.10090322032775312
CTAGCCTTCCGAGCCA-D1_Stim,-0.1147467881509403,-0.08734567317002018,-0.4514703659108399,0.2336046077523175,-0.11675006661146092,0.3250907570541415,0.5789819049381997,0.11765621100333945
CTAGTGAAGTAGGTGC-D1_Stim,-0.1599864672992677,-0.06213578143907661,-0.23814514761615957,0.04686871314385854,-0.0978655503495176,-0.02152803909380019,0.5198995484131768,0.05165598809001004
CTAGTGAGTTAAGGGC-D1_Stim,-0.07001784138396516,-0.02026299950796684,-0.386960160606451,0.24126696072373122,-0.31050269066447456,0.21422124366303308,0.4050822572401529,0.15458165274443125
CTCACACTCATAAAGG-D1_Stim,-0.12716917753533252,-0.060501930289335704,-0.35185653096916614,0.1783842896892427,-0.14819315086951335,-0.05771406600799445,0.14822095597565976,0.07664908566698614
CTCACACTCCATGCTC-D1_Stim,-0.19845887852964594,-0.10146169709526731,-0.3605522868243254,0.11811861456843786,-0.27206780083368187,0.07321785277767212,0.4108705196965552,0.11878716132025424
CTCACACTCTTCTGGC-D1_Stim,-0.13266948734814932,-0.044080013485954694,-0.44185384733273203,0.1325326145073653,-0.3054213241478685,0.11844626035473738,0.03293155478630183,0.11825583903293513
CTCAGAACAGTATAAG-D1_Stim,-0.16424208189529388,-0.06415283916513381,-0.3564661542747327,0.11764739825959936,-0.29220965004669885,0.06882439063351775,0.23164249390016955,0.10202907863135025
CTCAGAATCAGCTGGC-D1_Stim,-0.08203866009016814,0.06010639749389135,-0.14910323587741914,0.26154652022416514,-0.0235738461858368,0.015533017406381688,0.39976193901449975,0.21658097970003176
CTCATTAAGAGACGAA-D1_Stim,-0.05315401620796578,0.03558046818384142,-0.3340533791428051,0.2304158135358172,-0.158232181564955,0.2687512501484779,0.2352153468553002,0.18345462533275025
CTCATTAAGCTGCAAG-D1_Stim,-0.1513666417718369,-0.05423343893847132,-0.2963423832443688,0.09890312314929339,-0.2708512751212879,0.05268934631510902,0.21863520655249147,0.0824504019753114
CTCATTAAGGGAGTAA-D1_Stim,-0.04547228636879197,-0.021370772582843145,-0.18675637349857155,0.15192653684225377,-0.07834823413623226,-0.0084425655437812,0.12825770548689164,0.08702863320181642
CTCATTACAAAGGTGC-D1_Stim,-0.07419528536249054,0.016507076543533117,-0.33069745527753014,0.1988051239263129,-0.21726770682635532,0.0658626512056184,0.23095130359438443,0.10738449946294182
CTCATTATCGCCAGCA-D1_Stim,-0.042766234194219876,-0.047375165384700324,-0.28791589351584257,0.23367841359138808,-0.1500054192291902,0.283160462325899,0.7386917393524381,0.07643702837423128
CTCCTAGAGCTCCCAG-D1_Stim,-0.17716587840272346,-0.05588149263147102,-0.3271650691748844,0.06528527367565218,-0.19631960430030837,0.01646096994115176,0.03904125509852108,0.040980096281812095
CTCCTAGCATATACGC-D1_Stim,-0.08123737989431135,-0.056668030642748946,-0.1610512752036124,0.04627045131523744,-0.08098778946184915,0.048373722453476375,-0.025374752559510938,0.045158071413951006
CTCCTAGCATCACGAT-D1_Stim,-0.22869134405517322,-0.1442411385147757,-0.5546192375757748,0.18473093519625117,-0.2714197580373501,0.10951011060543436,0.6592963477954914,0.08304491068778752
CTCCTAGCATGGTCTA-D1_Stim,-0.1759260069496147,-0.06763308605104967,-0.3508635025290374,0.1997763392009695,-0.2575697327984834,0.030202514593209884,0.28873392822231025,0.11705510824341303
CTCCTAGGTATTAGCC-D1_Stim,-0.10159357512119271,0.002738506046984668,-0.13023074161395343,0.10379894108585574,-0.044121279220934895,-0.041571460784044945,0.08672152261081578,0.06726167363309443
CTCCTAGGTTACCGAT-D1_Stim,-0.12311135047877109,-0.09493016582447034,-0.39253292379208204,0.17883101731089646,-0.19322156923563938,0.17881266249769823,0.2927317042153508,0.08819155566874493
CTCCTAGTCTGGTATG-D1_Stim,-0.043064206050210885,0.05680227245059477,-0.14704919857146947,0.11895737581365395,-0.060692970098306986,0.03410139782922883,0.08711312138519745,0.06237639751944002
CTCGAAACACGAAATA-D1_Stim,-0.12507586398024806,-0.07422241568020382,-0.41505169259544417,0.11497568687344284,-0.2455309539788253,0.09199362886538864,0.08697938104231184,0.09325721577724266
CTCGAAAGTAAACGCG-D1_Stim,-0.08690903014517204,0.0395901613854015,-0.15879570074007443,0.18302544992049796,-0.0320840770759645,-0.03059035186291048,0.18059973367094528,0.13970604377930051
CTCGAAAGTTAAGGGC-D1_Stim,-0.05599584517238654,-0.04523262712927867,-0.07651493961370104,0.07733187729013302,-0.00558387359350121,0.13620598382793503,0.09413001796333731,0.08376787612761127
CTCGAGGAGAAGATTC-D1_Stim,-0.1498252977025345,0.018817242934852985,-0.22150380451206608,0.08733472489140404,-0.20661175382706887,-0.011539848392647656,-0.0787158873154219,0.09524087313049101
CTCGAGGCAAGGACTG-D1_Stim,-0.09561747371095741,-0.04241269732764685,-0.14961294242425627,0.07913554183765825,-0.05648897212214088,0.03569590481199292,0.10396221578198706,0.07835714700034657
CTCGAGGTCAGCGATT-D1_Stim,-0.03542330137149463,0.004047455387597765,-0.15164908035308677,0.12746612402842494,-0.19807073827581867,-0.028893167078855697,0.168103428472147,0.07705964963837175
CTCGAGGTCCCATTTA-D1_Stim,-0.05868419126684721,0.03225240656998274,-0.04492117387974037,0.03264177479859853,0.07980506083796257,-0.14300362706814518,-0.19232492391372702,0.005389401161991714
CTCGGAGAGGAGCGAG-D1_Stim,-0.18978186920343276,-0.07238159338675487,-0.4740717346395904,0.1498184251464263,-0.22606149678347975,0.17863336193283352,0.21126989402954877,0.11357186042370593
CTCGGAGCATAGGATA-D1_Stim,-0.09740602750080285,-0.016735528242891817,-0.451276975834741,0.20758755333067214,-0.29390806534338765,0.1673136476638284,0.16475394387030207,0.14427227083621297
CTCGGAGGTTTGTGTG-D1_Stim,-0.002628932781265192,0.05621822311858615,-0.1281513369770959,0.1245873715154211,-0.18157280315126023,-0.004471651293380674,0.08497236214275716,0.07076511851405343
CTCGGGACACTGTCGG-D1_Stim,-0.06663249102236612,0.009405016877929384,-0.09862025728846469,0.07772413877015438,0.02607985066258145,-0.055198082530514725,0.08807502784550181,0.05962890879746929
CTCGGGACACTTCGAA-D1_Stim,-0.2952946406842596,-0.1138626370746465,-0.4475974511510561,0.23047003366029628,-0.19824140990677463,0.19606981214881003,0.8037563488642334,0.1499196303818966
CTCGGGACATTAGCCA-D1_Stim,-0.1188852092338859,-0.07523435094446818,-0.14405779057183565,0.035213349261510984,-0.10483430329060894,-0.0022992259658352054,0.032731066606018544,0.043455868040167545
CTCGGGATCTTATCTG-D1_Stim,-0.1289657605407939,-0.01457281096986307,-0.17450944119241907,0.08836503418407204,-0.15305256453042126,0.006186045197983603,-0.0420826063336186,0.10613256460596077
CTCGTACCAGTGGAGT-D1_Stim,0.08589434855198874,0.1933525858618097,-0.012178127874863165,0.16095978841856784,0.17332691977771475,0.25033997383270545,-0.08767802016958015,0.17510177184079545
CTCGTACGTAGCTGCC-D1_Stim,-0.10648818590749087,0.0007851712856972171,-0.212130092624351,0.0869817060195004,-0.21917084156679323,0.03060743941175481,-0.001415932927667285,0.08189818042469099
CTCGTACTCAGAGACG-D1_Stim,-0.11206044828809247,-0.015283743646220316,-0.3723461392115359,0.1443357351885357,-0.11304474624790295,0.2127344169511165,0.17813439081125892,0.050859994975439804
CTCGTCACATCCGCGA-D1_Stim,-0.21262320657621636,-0.06565526927891874,-0.41352174149437637,0.0985407766505908,-0.20440172815833613,0.1091697342000213,0.4378447467814084,0.09067800471321696
CTCGTCAGTATAATGG-D1_Stim,-0.0426388447835393,0.014164530912772477,-0.15894083317846874,0.17725029834294048,0.004497552011928363,0.003508465795285076,0.24088525606264,0.10616128169029615
CTCGTCATCACAAACC-D1_Stim,-0.21138616384427955,-0.0717253620902607,-0.24698096732876262,0.08336475707899993,-0.18998758435551721,0.013575052451660241,0.29667803465530795,0.06714330923370859
CTCGTCATCTGCGACG-D1_Stim,-0.061610318452155255,-0.07782438351113541,-0.1369346423995772,0.18906860798755254,0.021251690889219077,0.19649255744827165,0.9686969961639091,0.04949880089469616
CTCTAATAGCTCCTCT-D1_Stim,-0.08422323907799445,-0.16557756056522877,-0.710761431383478,0.22236769457924943,-0.16649040071787802,0.283383658296966,0.4788179967218378,0.07578981919522043
CTCTAATAGTGTGAAT-D1_Stim,-0.033488848837341934,0.030159440102291768,-0.09852943476921805,0.09911641227162171,-0.06563406821965323,0.006438504876824069,0.011713794217062201,0.09040039681490164
CTCTAATCAAAGCAAT-D1_Stim,-0.057104033118113406,0.04028790441015673,-0.10289001688939692,0.14139573447827303,-0.026198251899474556,-0.028174330443745177,0.09391731750748278,0.10954157840783196
CTCTAATCATGGTCTA-D1_Stim,-0.12022185531480645,-0.06953275362051947,-0.3564192605154659,0.11051350105164737,-0.3817026163832722,0.02015174760030547,0.035559768156968374,0.061751632403563406
CTCTACGAGACTAAGT-D1_Stim,-0.17577589844383645,-0.08235239410855932,-0.23342760518430605,0.0694594234813053,-0.21228677453312272,-0.008543961112682297,0.21861319605362084,0.06128250754447784
CTCTACGCATATACGC-D1_Stim,-0.055378210085018864,0.013198660948459562,-0.12257790538909141,0.08837528701177533,-0.0800299160482858,0.014349768646471972,0.008665773151701472,0.09327249281709449
CTCTACGTCACAGGCC-D1_Stim,-0.0898420847230117,-0.005432231659723286,-0.4064111320403523,0.20878427706168345,-0.23154252168983724,0.27692622874420003,0.302976855890412,0.17597138353789354
CTCTGGTCACCATGTA-D1_Stim,-0.238898188445809,-0.08043418302430716,-0.3308338031207745,0.0751064532806538,-0.17113636018649636,-0.027815603286617474,0.4209675121413028,0.053153523174527706
CTCTGGTGTTACGTCA-D1_Stim,-0.08261511999293347,0.01056371078860252,-0.21533244078258118,0.12189239077081027,-0.11364946934152265,-0.044229412216783004,0.10981267761379954,0.051288560835635266
CTGAAACAGGCTCTTA-D1_Stim,-0.042723322832614485,0.04482537352698479,-0.1089149755509089,0.1476127405759815,-0.07712468765287817,0.03910746676054799,0.10444460867353911,0.12933326493657127
CTGAAACAGGGCATGT-D1_Stim,-0.16164936701732202,-0.0452784273194311,-0.28605087420453756,0.09765886318896833,-0.14949676158583358,0.07208086824713256,0.3712569764920257,0.0926096659421205
CTGAAGTCAGCCACCA-D1_Stim,-0.10951265079879313,0.04053073865367374,-0.27395162599645584,0.1284180853265191,-0.2664558076166479,0.030792024272871643,0.08662630065077437,0.11791047946942612
CTGAAGTTCTAACCGA-D1_Stim,-0.16244231689532285,-0.13156688628396296,-0.44676713470632023,0.14981627689631694,-0.22261349728787216,0.11190829320346296,0.31091762842861215,0.12238748008059375
CTGATAGGTCAAAGAT-D1_Stim,-0.1700457945151559,-0.029296640139826025,-0.47016392052767486,0.19699601096469266,-0.33101245084540487,0.1538334962878789,0.253129919086593,0.12164849022571822
CTGATAGTCTGGCGTG-D1_Stim,-0.12451107929295091,-0.025217925179669365,-0.21577152717486925,0.04037009683669268,-0.11859112571615427,0.021013250702333508,-0.14014366595752747,0.1145107613191243
CTGATCCTCATCTGCC-D1_Stim,-0.041434147207576544,0.03987396551925748,-0.14859969456689726,0.1107403811023211,-0.023532447177737836,0.023075478485088396,0.07673172742912016,0.09173202505967026
CTGATCCTCGTGGTCG-D1_Stim,-0.1585516514453662,-0.0786315546771803,-0.32168576234096413,0.13032424435459866,-0.09649382455988231,0.146925724129229,0.3409500423765941,0.10333568459353693
CTGCCTAGTCAGAAGC-D1_Stim,-0.12682557910772374,-0.051779793795756035,-0.21609074088638636,0.07293548848154785,-0.2057132307864311,-0.024100839655400108,0.24558456688013663,0.0948358806025773
CTGCCTAGTTCCGTCT-D1_Stim,-0.16029798803769424,-0.054523924163248694,-0.47977975061751366,0.14051704893559247,-0.343371042007691,0.13419533339044065,0.2760305898560045,0.10173322228102855
CTGCGGAGTAAAGTCA-D1_Stim,-0.04934992563971363,0.023638961634146582,-0.088979958416469,0.08516320106169495,-0.04097599735162483,-0.02778672969989593,0.0463116993517545,0.050751156592349744
CTGGTCTAGAAGGCCT-D1_Stim,-0.23625981170565247,-0.0845554869337537,-0.4303858320331617,0.16373960128383658,-0.26766481083300775,0.11839520610308796,0.20487454270695338,0.174155570795282
CTGTTTAAGCAATCTC-D1_Stim,-0.021690446028443944,-0.003122268161586561,-0.2702087363462038,0.036468051985062644,0.2015634591666018,0.33424773912367733,0.36338363520178163,0.04365089017282919
CTGTTTAAGCAGACTG-D1_Stim,-0.11537134716852293,0.0007927678311681063,-0.22803710778274144,0.1527167508118037,-0.2540230284092537,0.010554142595378124,-0.019332947699808756,0.08481330744304749
CTGTTTAGTCAGAATA-D1_Stim,-0.1631616120326278,-0.058975660850462575,-0.3463165900659302,0.16130465852414133,-0.13940729654190775,-0.028865689732894495,0.11285926007418823,0.0775345824040734
CTTAACTAGACCCACC-D1_Stim,-0.05484903463360524,0.05147765260057113,-0.17893112587924698,0.11697156464925662,-0.0937942833237635,-0.0038636628593060607,0.07366086540762495,0.07806017145760258
CTTAACTCAAGGGTCA-D1_Stim,-0.07451933574207104,0.03278803644295003,-0.2881190609422024,0.07530858654702399,0.04612975080665471,0.06649461981296412,0.03991288123182457,0.027441119318609708
CTTAACTCATGCCACG-D1_Stim,-0.022825168461737988,0.04118261051875649,-0.12851646156095153,0.11091777105280265,-0.12830970767575955,0.004022928619887622,0.02131252698068664,0.09395511461973705
CTTAACTTCAACGCTA-D1_Stim,-0.0539904212016058,0.013666741024930928,-0.1494004450097286,0.16336815700525165,-0.027169832198042698,-0.030015025316409094,0.15488839851188274,0.08202581742806636
CTTACCGAGCTCAACT-D1_Stim,-0.10968818383470946,-0.04579834120833759,-0.3106113822967602,0.11375868823911084,-0.2136624500946649,0.05218698706336511,0.1931078701075606,0.07268912669828254
CTTACCGCAAGCGTAG-D1_Stim,-0.22204728759236403,-0.08347475063196441,-0.374634674750574,0.11900229532562534,-0.23922136615786016,0.013179696803954144,0.3263793054008275,0.07510836348269656
CTTACCGCACACCGCA-D1_Stim,-0.047531025084211365,0.037948341374432815,-0.1683893675578041,0.19253826918314232,-0.02377291265544379,0.04136817377094815,0.09890404762230531,0.14378101019220857
CTTAGGACAGCGAACA-D1_Stim,-0.19070488269960606,-0.08149619474183112,-0.1995131334063167,0.05479590463348849,-0.10920507400247104,0.017538190247183394,0.38581593486570753,0.05545731765406181
CTTAGGATCGGTGTCG-D1_Stim,-0.23831332139806527,-0.13809507046190106,-0.647788832958069,0.2610203272697138,0.012761341847447483,0.2828691545545716,0.9729306304934937,0.137623693704084
CTTCTCTAGGTGGGTT-D1_Stim,-0.10990674282309598,-0.003077735390499825,-0.08477173542254768,0.12457669206129296,0.015747124071500807,-0.07174295864393265,0.06263143206873423,0.05026134904098711
CTTCTCTAGTACGTTC-D1_Stim,-0.026622507789578975,0.027508170347530836,-0.09192668236971357,0.09537350535392264,-0.050866832972806364,-0.0018532208987434018,0.025673054347020496,0.07383396014481569
CTTCTCTTCCTTTCGG-D1_Stim,-0.07429528213183723,0.0072400819488951385,-0.1959270177969321,0.13465835687062366,-0.08514867553795291,-0.04598297658354511,0.10664929891169095,0.06035346721205137
CTTGGCTTCGTTACGA-D1_Stim,-0.2319994650373971,-0.08468582244111111,-0.2887665821646799,0.14196407778472597,-0.23696174090331645,0.03337375645883611,0.172761036221722,0.17054789522363656
CTTTGCGTCCAAGCCG-D1_Stim,-0.02976087250012327,0.05008339162456288,-0.09058374541396308,0.14554105733358114,-0.02090257289478359,0.00520516928922099,0.09605416918699206,0.10461590839670976
GAAACTCCAGCGAACA-D1_Stim,-0.13301843040578376,-0.030569902986048447,-0.32658738224194384,0.1522085976903469,-0.1476474868648623,-0.027827501765493423,0.11097592129773304,0.07644922517484787
GAAACTCTCCCTTGTG-D1_Stim,-0.14038738986496746,-0.0430876110554923,-0.2532285577841007,0.124478731277879,-0.23728292269526818,0.02387798325031376,0.21167994961328773,0.05133478213783427
GAAATGACACTCAGGC-D1_Stim,-0.14289177050246238,-0.0730838166846759,-0.2227623885606942,0.07489731408768563,-0.10397402717834936,0.016566190436012818,0.2118974330324157,0.06542863743046645
GAAATGAGTTAAGGGC-D1_Stim,-0.052458602443673286,0.04055626609605767,-0.09588929735692187,0.1111731248063279,-0.026882986464730863,-0.019844135779923278,0.08689379795735874,0.07835045264579144
GAACCTATCCGCAGTG-D1_Stim,-0.18149545857052196,-0.08552768780746511,-0.2956767293864484,0.09617153298495751,-0.23651810942092766,0.015728081571484864,0.24575705241453605,0.05364956971419588
GAACCTATCTGCGACG-D1_Stim,-0.0994477329776231,-0.0031010670232802795,-0.31238641719570026,0.1853214594445216,-0.20009092587894095,0.20081240659113497,0.34789157495060685,0.14758936723668725
GAAGCAGAGAGGTAGA-D1_Stim,-0.17546180166956482,-0.06202472128723535,-0.3410760031937494,0.1387245479128172,-0.2896410388926203,0.0448860930517494,0.285516208087909,0.07986336441067188
GAAGCAGAGCCAGGAT-D1_Stim,-0.020863616644298588,0.07720830013156998,-0.08679297532999186,0.09169520637174955,-0.016400734282054685,0.10344856238626399,-0.09922436365613052,0.0969864193354919
GAAGCAGCATCGGAAG-D1_Stim,-0.09287207195549207,0.029340136878243328,-0.1570894615828653,0.13287778112720972,-0.26276505873364187,0.005692842776769069,0.08593179132072137,0.10839623407464316
GAAGCAGCATGTCTCC-D1_Stim,-0.11731840196185139,-0.024608555815692768,-0.19935788806792054,0.06764184518519478,-0.10681003236192232,-0.074997927951447,-0.04746304317674799,0.019741232802465092
GAAGCAGGTAGAAGGA-D1_Stim,-0.24838046618035392,-0.11014264390313677,-0.4528876780366513,0.14008373462176138,-0.28023501425546904,0.0655066544395897,0.3443784261581726,0.0732041238110952
GAAGCAGGTGAAGGCT-D1_Stim,-0.057714798366040654,0.03156889404004026,-0.16463120329893588,0.08794167235662975,-0.038765081392272194,0.020743616379780505,-0.06043118061633379,0.09414618245199691
GAAGCAGGTTCACGGC-D1_Stim,-0.12047747505253348,-0.045301047304819875,-0.2938779908566751,0.1739336155272806,-0.32662140284625885,-0.02145729217659209,0.13158285880935594,0.09311961690277926
GAAGCAGTCACTATTC-D1_Stim,-0.07578852786586232,0.009045514249626407,-0.18274865600943357,0.09884660320332195,-0.13261268179081753,-0.03373711861769557,0.029956313455549832,0.06654594203943631
GAAGCAGTCATCACCC-D1_Stim,-0.08794121372756081,0.014294754469061033,-0.2763220059898934,0.13152024032287635,-0.3327115337926223,0.04061171636214844,0.07754177502538795,0.07232902942927666
GAAGCAGTCCAAATGC-D1_Stim,-0.12096020500819904,-0.05514620593139519,-0.42869979062162145,0.2251190075796874,-0.18902584513753418,0.27363051692737095,0.5194151503885003,0.12843827063904634
GAATAAGCAGCCAGAA-D1_Stim,-0.021217194940495787,0.05930249155046852,-0.08878302026824247,0.09959007202262171,-0.00245869350381156,0.01654914906632854,0.018998032095161932,0.06745685578716021
GAATAAGCATGTAGTC-D1_Stim,-0.15773390351120575,-0.12333171728900716,-0.3620983763591372,0.1322787224301294,-0.14291772776553913,0.0944567940323413,0.199305503173818,0.06115883471412431
GAATAAGTCGTCTGCT-D1_Stim,-0.07209384837275401,0.008415476216969253,-0.07870763843986239,-0.008450860413226735,0.09370529443331499,-0.11995409675471791,-0.1349390710143652,-0.026943276311527597
GAATGAACAGTGACAG-D1_Stim,-0.19783717155585379,-0.0965862406965119,-0.555526361395005,0.14852650526159827,-0.13974887281997184,0.10981573942784095,0.29395856012789956,0.07822106748346158
GACACGCAGGCGACAT-D1_Stim,-0.11376211603056241,-0.049060376978172116,-0.3452857758131138,0.12102311675102584,-0.09937546144746712,0.13859339097921541,0.46743336876017594,0.09418059090749509
GACACGCTCCCTTGCA-D1_Stim,-0.11391190474579282,-0.06686790405026954,-0.2506804147819688,0.0843744448742676,-0.08198504439217658,0.07355779405309804,0.2353169254447387,0.0958453272083073
GACAGAGCACTATCTT-D1_Stim,-0.12637365729262484,-0.06996936124163788,-0.47339089118509037,0.21869467214745342,-0.30557393280602874,0.22999462070563048,0.32357297466106516,0.1044905278521302
GACAGAGGTCGAGATG-D1_Stim,-0.11777173948101272,0.05076476361616855,-0.21053482524423117,0.1604769385392828,-0.09724499722423907,-0.003956826903692701,0.05881433106824474,0.15914397809715553
GACAGAGGTTAAAGAC-D1_Stim,-0.05140432507475978,0.013217278876208383,-0.16237012456649946,0.19168677281902546,-0.007496937734835285,-0.006434811148874786,0.2768776006438962,0.11280082200598507
GACCAATCAACTTGAC-D1_Stim,-0.122458618837884,-0.06197087016400715,-0.2824484272960621,0.10018823447081537,-0.25493211918701775,0.009676407411946641,0.005594028757620606,0.05152129569682451
GACCAATCAGGATTGG-D1_Stim,-0.1359748831683092,-0.01918450325438492,-0.2155235602883172,0.0577665215772285,-0.09592980423710173,0.026624792335123715,-0.0334970187510919,0.11246385003040515
GACCAATGTATTACCG-D1_Stim,-0.058259041130673594,0.02419178113565934,-0.13086444213667647,0.17449274951671612,-0.008337168445320842,-0.029649133676374007,0.1090855506780457,0.14164043352998945
GACCAATTCATGTAGC-D1_Stim,-0.09101330974146826,0.020567894850261226,-0.26846911173448085,0.13234284798176432,-0.18389743109607437,0.14595784840334147,0.09729084027849666,0.08366094851754724
GACCTGGGTAAACGCG-D1_Stim,-0.21849659477135752,-0.08007120625497244,-0.29959560042114664,0.10400049417978607,-0.17232341394335826,0.004634021119374054,0.3927080121013926,0.06268339546417145
GACCTGGGTGTGAATA-D1_Stim,-0.1001342104216505,-0.0268547929459082,-0.4164314563170013,0.17330220428564225,-0.27397351420385263,0.16458674187701305,0.32128965956731115,0.10171802648001815
GACCTGGGTGTTCGAT-D1_Stim,-0.0526599580645879,0.02179693798260196,-0.13700343061803544,0.12012199648736477,-0.05251158057426686,-0.03396529185025443,-0.08639631826380167,0.09695273911785662
GACGCGTGTCCGAATT-D1_Stim,-0.16731568132046704,-0.020634701190953564,-0.30478445376171415,0.08526978500230165,-0.04278633152957667,0.024381864682000653,-0.11114507248009531,0.021842588012900066
GACGCGTTCGTTACGA-D1_Stim,-0.052176499073976146,0.01520137046339265,-0.1764870335434665,0.10266280698639818,-0.0714003199624571,0.07321239140905256,0.0808789845757687,0.08285015362760006
GACGTGCAGCGACGTA-D1_Stim,-0.07445092397445308,-0.07195246610764094,-0.33777965622031125,0.11806876489072948,0.018047480856679954,0.16586792971165387,0.4114630085703759,0.0872376607381824
GACGTGCCACAACGTT-D1_Stim,-0.07827467497589247,0.012908320819441599,-0.3009740731352091,0.1621761342397008,-0.26170978634673503,0.09647438512174489,0.12336609036201196,0.12020498035755622
GACGTGCGTGCAACTT-D1_Stim,-0.10603595526664122,-0.02307405378291172,-0.2879978486733883,0.11695441275578489,-0.22867406183732797,0.06395011111227333,0.1462322447583837,0.08442872113317179
GACGTTAAGTCAAGGC-D1_Stim,-0.08621152565022783,-0.039386053131611476,-0.1591226701993813,0.07779885652466234,-0.14228280161129092,0.00343976213074626,0.11200754923868672,0.0840642139122405
GACGTTAGTGATGCCC-D1_Stim,-0.14430494379110925,-0.08108744177347837,-0.2958354086776609,0.09632850821548011,-0.16137464529898082,0.025583186578067796,0.38778677190182087,0.07696022648449308
GACGTTATCACCACCT-D1_Stim,-0.10374685388314475,-0.07326019239617487,-0.6438902860912759,0.2552024455752395,-0.28634568247003145,0.3207947621750762,0.5762587360329494,0.11088345593208082
GACGTTATCTTCAACT-D1_Stim,-0.04956408124888867,0.022357274604003052,-0.08746110954243758,0.1602033663015714,-0.2939535213385174,-0.021290069334789052,0.12345708694331492,0.08912205001141693
GACTAACAGGCCCTTG-D1_Stim,-0.26048877222594413,-0.09637485478243768,-0.3400329356753433,0.12303227398874839,-0.20335871805487749,0.0479584597045033,0.531389262650146,0.09732666882279517
GACTAACAGTACGCCC-D1_Stim,-0.15659716848028538,-0.0629109099084122,-0.16277596490774116,0.05710571293128375,-0.14627217682038918,0.01791019598392296,0.3033667199377099,0.05488441833196056
GACTAACCATGCGCAC-D1_Stim,-0.27912325074955824,-0.09860358436979944,-0.3925419516516939,0.15764564901464695,-0.2261571327577645,0.0464217898699264,0.3692371426891192,0.1320159112595718
GACTAACTCCTCATTA-D1_Stim,-0.2044280552140858,-0.09585865219989387,-0.38899019024656845,0.12645362223293688,-0.18913575941881078,-0.013766481174918965,0.10505706443595741,0.075539296902976
GACTACAAGCTGCGAA-D1_Stim,-0.15188253152465592,-0.059847298502058166,-0.4299251920966496,0.14607074326675118,-0.1913299024423729,0.13801564976035507,0.13126273919217368,0.08796974406235769
GACTGCGAGTTCGCGC-D1_Stim,-0.10682365818315986,-0.02539874629631278,-0.25006398326746915,0.09456882706503222,-0.08870257617547139,0.06615603984378637,0.21476741768576346,0.06867418874762699
GACTGCGCAGAGTGTG-D1_Stim,-0.06382964296868465,0.00875411768416079,-0.2058189617132511,0.12573063838461707,-0.09225030809486334,0.09738481008610833,0.11743656567450245,0.08277943698138479
GACTGCGGTTCGCTAA-D1_Stim,-0.06008594384280208,-0.03558140691867173,-0.18136709145462948,0.060999320140014746,-0.056593566832550124,0.059927394070317774,0.07356750669373824,0.07110702164533933
GAGGTGAAGAAGAAGC-D1_Stim,-0.25978561185524995,-0.3264515523811973,-1.0460468359356927,0.1725472817574243,-0.12998382505368333,0.40552034859495123,0.7209710922247119,0.031628607169073675
GAGGTGAAGACTTTCG-D1_Stim,-0.10937469418255219,-0.04896038016083892,-0.12667084957979213,0.05900242509810738,-0.09424549137945348,-0.0035619418191945584,0.12013456268003964,0.06936511889844788
GAGGTGAAGGCAGTCA-D1_Stim,-0.1104421429526301,-0.03630735239816829,-0.19107384434509367,0.04918843174564458,-0.3125829282299346,0.009846622314578113,0.08750527600317781,0.04812548542460249
GAGTCCGAGAACTGTA-D1_Stim,-0.14696891556354075,-0.04446842509375237,-0.2412299968972702,0.03511157658000563,-0.1348007001915441,0.05534153844937073,0.22340554531902157,0.06162904655734103
GAGTCCGCACACCGCA-D1_Stim,-0.10064932819125616,0.039746985326591044,-0.17767144571258786,0.14845207997352006,-0.10944536422576157,0.0428120788754498,0.09738609385355801,0.12842054269583159
GAGTCCGTCCATGCTC-D1_Stim,-0.22743396558042228,-0.08145423056681977,-0.4899015147249708,0.2116548279629491,-0.2149812674382776,0.12879216491573686,0.44715240632728204,0.14296511159838943
GAGTCCGTCCTTTCTC-D1_Stim,-0.15254878148362927,-0.07909374451507034,-0.39904767301515776,0.21149237423178313,-0.1294000910831521,0.20205985573970509,0.47700669934343765,0.09491103694798042
GATCAGTAGCCAGAAC-D1_Stim,-0.10794063362258122,-0.012079598175150252,-0.617565812224333,0.20140520062496137,-0.2567927007787958,0.2013158084370179,0.3151285145599303,0.15844568256564173
GATCAGTAGGATCGCA-D1_Stim,-0.11896277213806528,-0.011949750115341828,-0.18578919798283344,0.08871900019618018,-0.24402870454642844,0.0025960648132077324,0.05108943312638203,0.07799318025641355
GATCAGTTCTGTACGA-D1_Stim,-0.1800705557858091,-0.10888618595746102,-0.5635619860430054,0.2066653374477081,-0.22113352020540944,0.19268699768559294,0.7054256540754871,0.048806347650748094
GATCGATAGCGCCTCA-D1_Stim,-0.029817497691698946,0.02641723921406225,-0.09594794751882851,0.0801083070282953,-0.005396228281608018,0.1163926068014014,-0.0735410713746738,0.08524377449146492
GATCGATCACGAAGCA-D1_Stim,-0.10233617872948741,-0.03076112417280008,-0.2115482490680316,0.1167932221533654,-0.11724096666129036,0.03470123403437242,0.10275203384686193,0.11089797330809148
GATCGATTCTTTCCTC-D1_Stim,-0.07697157808892285,-0.068081151678971,-0.6288463798018462,0.3052141047568835,-0.0641829097630211,0.40253753302860673,1.301070086126776,0.0674582254279592
GATCGCGAGGGATCTG-D1_Stim,-0.1642146624166667,-0.0533876106365323,-0.41725354271307147,0.1396114552135348,-0.32697618907247517,0.05140306688799079,0.18581488579223304,0.09157879538682145
GATCGCGGTATAGGTA-D1_Stim,-0.054568686890240414,0.0028734161837338235,-0.12073865426117614,0.08971142166610946,-0.11992726212893956,0.0011151334849905936,0.0069072441394766315,0.07872621317405759
GATCGCGTCAGCCTAA-D1_Stim,-0.039330016400169754,-0.047221442186966556,-0.4569444110481946,0.14868447842733445,-0.24177712381217198,0.28596356459525474,0.24284452072388873,0.11100606250348477
GATCGTATCGGACAAG-D1_Stim,-0.2390874735884303,-0.10549380433253397,-0.43159757784218655,0.23397057666743315,-0.1868976057557994,0.31132771462182696,0.8617251756498288,0.12310568294915925
GATCTAGAGCACCGTC-D1_Stim,-0.03800193501013105,0.0573988209137255,-0.09129573193513174,0.15732319491232083,-0.007652248474618872,0.021908238971201754,0.13775745442049114,0.11095664230758295
GATCTAGAGCATGGCA-D1_Stim,-0.07407831709096158,0.009480297487273859,-0.13449514315540156,0.18622766703804672,0.012008000934573104,0.0035310013099021376,0.16627223852585615,0.12948239671741568
GATGAAAAGAAACCTA-D1_Stim,-0.0067591659981278696,0.03418727287971102,-0.08205999928757723,0.1047519249044555,-0.07195603538421658,0.04347869894513856,-0.05698291652234033,0.08601490253891342
GATGAAAAGAGTACAT-D1_Stim,-0.12872324180355044,-0.06655047577494955,-0.23501506816441697,0.06299273930249072,-0.30418515049856865,0.008561528979296185,0.16396292914353516,0.03530641055857231
GATGAAACAGGCGATA-D1_Stim,-0.03886185098558137,0.009529840191417449,-0.11363672536025948,0.11038144070836964,0.0022775696566270653,0.006540831893904198,0.037727788453068456,0.05905130539887793
GATGAAAGTCGGCACT-D1_Stim,-0.04517693688426938,-0.03252999792562328,-0.3664394650417542,0.11706096810985755,-0.259742279902321,0.16432557782651536,-0.008631499673496634,0.07633451827835103
GATGAGGTCAACACAC-D1_Stim,-0.04905307941792181,0.001695149749542324,-0.3353820979307276,0.12427445049770292,-0.13770923064074303,0.1418111557854207,0.11192350933966111,0.119145859378607
GATGCTACAAAGAATC-D1_Stim,-0.07725377552638157,-0.029792574575182584,-0.5053562214195173,0.1600789709932844,-0.16225375277817733,0.18334048522915403,0.2506108521754946,0.1195204014023954
GATTCAGAGAGTGAGA-D1_Stim,-0.04713805279546435,-0.09246018143096002,-0.9711347215553285,0.34315582728570604,-0.4122332884364397,0.49205167673721384,0.4899219065618574,0.17485187837455918
GCAAACTCATTAGGCT-D1_Stim,-0.2667100942174798,-0.16050225522483075,-0.3894789289737961,0.233579780780115,-0.04128825490445642,0.2964268562064518,0.8312125220366404,0.10124729460217985
GCAAACTGTCTAGTGT-D1_Stim,-0.13761303013483683,0.007440548284511905,-0.2617059236595578,0.10614297263412809,-0.18680989178468188,0.03576393205691275,0.08809507213991097,0.12770629274666767
GCAAACTTCCCATTAT-D1_Stim,-0.3231633940663645,-0.14247763105904632,-0.6870799346129228,0.2661515033518107,-0.2836467010846935,0.18145886055832783,0.7884289323093867,0.12858726196890302
GCAATCAAGCGATCCC-D1_Stim,-0.2898912778672589,-0.12448027945901785,-0.7372147885065008,0.2715768578300377,-0.11375910080155016,0.29170711640184166,0.9906287879086157,0.14343422752159896
GCAATCAAGTGTGGCA-D1_Stim,-0.13139046986675496,-0.01065346442211812,-0.15521319793772825,0.14978127639544958,-0.021577475056346884,-0.06909537497653595,0.09661148360815375,0.05441055301166742
GCAATCACAAGCGCTC-D1_Stim,-0.14162180807672442,-0.05364910776146736,-0.23177981831718775,0.06995531091597584,-0.1411033419124177,-0.010544258482815039,0.2025186138765882,0.10208758713340949
GCAATCACATCTCGCT-D1_Stim,-0.12432636081082826,-0.08265101745350023,-0.18054210293087802,0.07739467007460021,-0.15336242132672062,-0.03564762251172837,0.16311040599462956,0.07288707102894953
GCAATCATCATTCACT-D1_Stim,-0.2606048194802071,-0.10016962948565755,-0.34966884938413134,0.0849169406931587,-0.17411582331524578,0.01704058399004893,0.5808675783532884,0.06625069001665551
GCACATACACCGAAAG-D1_Stim,-0.18538459942164032,-0.08258521671202601,-0.24797513907030755,0.08884683713986874,-0.11639896649289838,-0.031254670966276876,0.2621622308950684,0.09186824584322828
GCACATAGTCCGACGT-D1_Stim,-0.16871069784507853,-0.07305034944517175,-0.18312124307289857,0.08388179974366139,-0.13236552798468537,-0.013687521815729298,0.37303679482079133,0.09473941255745899
GCACTCTAGACTAGAT-D1_Stim,-0.015751519223272226,-0.0007746162145085833,-0.11816568058629429,0.11802665639237375,-0.29426147818055703,-0.015845714277990197,0.004525837045125769,0.0757198737799154
GCAGCCAAGAAGGTTT-D1_Stim,-0.05632679931300899,-0.004492111342299765,-0.14954863635453375,0.09007864414876465,-0.26420946021821123,-0.016988271723160864,-0.0076951134023310885,0.04847863365586669
GCAGCCAAGCTAGCCC-D1_Stim,-0.08557084108904967,-0.0744703036147687,-0.2857288913039753,0.2230236707524469,0.11031415425414082,0.4004931342563083,0.7519936644415637,0.14802361869871206
GCAGCCAAGTTAGGTA-D1_Stim,-0.17000959551503136,-0.055924486242084015,-0.25244897822422185,0.10891226006104482,-0.1723551499493503,-0.0756498599649067,-0.03161254606181885,0.0612942702261936
GCAGCCACAATGTTGC-D1_Stim,-0.1141053501607967,-0.01648552504294898,-0.4221789330221757,0.11179388397624734,-0.12115288793222057,0.10683029439239355,0.19239515138884045,0.08733455345701735
GCAGCCAGTGAAAGAG-D1_Stim,-0.06510003140442677,0.014500363204270172,-0.1538879197540064,0.13136055711932038,-0.24138505502462415,0.007984419404929,0.05903053203084241,0.10365457262751043
GCAGCCATCTCCCTGA-D1_Stim,-0.10974716383533867,-0.016067006800636108,-0.19734152860748821,0.1438472380805731,-0.28761609371288266,0.034271403088006025,0.17134684865720473,0.09726752205264155
GCAGTTACAGTAACGG-D1_Stim,-0.14901921353149916,-0.07152001533736119,-0.32369624690409093,0.21758064202822425,-0.12344239010884017,0.19091949952624,0.4535672058697813,0.14287323592378876
GCAGTTAGTCAAGCGA-D1_Stim,-0.11101925434946658,-0.01011516841764859,-0.17784606067195607,0.1100029353093035,-0.06598854704332169,0.004179478791362712,0.05488161167028238,0.07527848767503009
GCAGTTAGTGCGAAAC-D1_Stim,-0.015095282571103041,0.058482919452714555,-0.21648778126067647,0.13191499692043251,-0.00020301246295595377,0.08710612246936478,0.09224934623682657,0.08726964746429466
GCAGTTAGTTCGGCAC-D1_Stim,-0.010331830288338395,0.03446143592331552,-0.19558026221134917,0.13754691557707233,-0.27016228221161853,0.016080113717237055,0.09851660753252389,0.06217548222028846
GCATACAAGTTCGCGC-D1_Stim,-0.048955451028266594,0.027771591928061667,-0.20035172286047231,0.1532550510421764,-0.19943610435130665,0.08100534916232327,0.20808480198294532,0.1213169982602409
GCATACACATTGTGCA-D1_Stim,-0.26087888589904296,-0.06287671687648455,-0.41873744714891536,0.16401308011472082,-0.29941084740774215,0.08832748715310856,0.3021133627711823,0.13674389455719194
GCATACAGTAGAGCTG-D1_Stim,-0.039704766013057835,-0.04856540951539756,-0.17800530809294113,0.11585290669461656,-0.046829900165345606,0.09293151025354263,0.14464558327301802,0.1289870901164285
GCATACAGTCGTTGTA-D1_Stim,-0.17205833216631738,-0.06001074209131474,-0.4504826799008148,0.20015163428668714,-0.2766167434444107,0.042707346351390285,0.25564165486445134,0.10614958303155042
GCATACAGTTCAGACT-D1_Stim,-0.09986098106780972,0.032734667224037395,-0.19236695146322358,0.057649818845909806,-0.09216379858846757,-0.026285915787978453,-0.13188019746014135,0.06693857683106152
GCATACATCATGTCCC-D1_Stim,-0.10114151705280428,0.04946438780297768,-0.15809400023957298,0.10414135839462446,-0.11415498578824135,0.03487770987024774,-0.016725396206638266,0.11795547707167309
GCATGCGAGGAATCGC-D1_Stim,-0.03604820700796374,0.03718511072837849,-0.10057708292365586,0.10243415271841094,-0.04323645544905119,0.04506611901830304,-0.0067658377117076896,0.10367754052500722
GCATGCGAGTACCGGA-D1_Stim,-0.249419508212803,-0.08800111899899754,-0.252213516024427,0.10361121692954,-0.2059740796324565,0.03608669120771779,0.35910453867767345,0.0933147767985485
GCATGCGCAAACCTAC-D1_Stim,-0.18164245605290397,-0.08795041132447423,-0.2350249701880074,0.10621873989410702,-0.14015585288479748,-0.003741349900012736,0.2265403932268768,0.09309702476010528
GCATGCGCAGGAACGT-D1_Stim,0.10361092405779182,0.027967663887439542,-0.6909849848585559,0.29063016129743247,-0.0916803018123531,0.4662272415449529,1.0013031410650992,0.14759996398799835
GCATGCGGTAGAGGAA-D1_Stim,-0.14840981653980734,-0.06856456385469478,-0.2661514068863431,0.12738610807880413,-0.2782330795531145,0.04131221748438918,0.22446641175740645,0.07865216881588388
GCATGTAGTGTTGAGG-D1_Stim,-0.23600940039047735,-0.1093802072909984,-0.25065194375869826,0.06514797205688794,-0.19166116848164272,-0.01783672859502161,0.41052875553453205,0.08087464382463594
GCATGTATCGCGTTTC-D1_Stim,-0.1885707036978843,-0.048735508186600995,-0.29770428402109594,0.1283636440328788,-0.26581998283096375,0.06711949152374075,0.07632399356622344,0.096185546968103
GCCAAATCAAGGACAC-D1_Stim,-0.2908219210484706,-0.10927274149614341,-0.5305847677283193,0.22559145697587368,-0.20415703826886045,0.28030391057858495,0.791443543830856,0.11234677351064803
GCCTCTAGTCTGCGGT-D1_Stim,-0.191262176236636,-0.08250635822062868,-0.33764609600224027,0.19106110000818077,-0.1610271521451665,0.21705965006846561,0.6614022116959521,0.1116550199221642
GCGACCAAGATGCCTT-D1_Stim,-0.04950788554363328,-0.003555979545081911,-0.1412934760536304,0.11803024117753758,-0.12667677872326166,0.027010840648532763,0.01560082579999289,0.08196561361062749
GCGACCAAGCACAGGT-D1_Stim,-0.14481308191593456,-0.1308299130952726,-0.7309419801703783,0.19100388757880538,-0.22624285256312682,0.24678756531602453,0.2695415319884784,0.11788656937823383
GCGACCAAGGGAGTAA-D1_Stim,-0.13932760738130234,-0.058176135447091326,-0.5048522518039782,0.17653280652624304,-0.27576836773735103,0.12223705774381344,0.15167908418778708,0.12306408967180893
GCGAGAACAAGGACAC-D1_Stim,-0.22647146080874414,-0.10696483776144561,-0.6578222081297884,0.19587115187170845,-0.18815693565275637,0.11255506129649895,0.62311604489736,0.09088940777609444
GCGCAACAGTAACCCT-D1_Stim,-0.117100513821363,0.08152296645982027,-0.011812599506065169,-0.035398508524195904,0.012105515371638731,-0.1392413109660815,-0.5035923169380467,-0.016629516344831785
GCGCAACTCACCCGAG-D1_Stim,-0.16893031572177897,-0.05346093741285429,-0.29975717968779314,0.1176249933211686,-0.27208700168031186,-0.00173653606958446,0.1787138833742894,0.15467977899024987
GCGCAACTCTGGTATG-D1_Stim,-0.044019623575850986,0.03630411061776151,-0.5441198118079766,0.28176378388070944,-0.17078811480276634,0.18206824927470677,0.39463448584000105,0.20908754935298468
GCGCAGTCACATTTCT-D1_Stim,-0.04885466483377776,0.033941456240480505,-0.14776545257824836,0.081813339465997,-0.1351161719449916,-0.004377818597639305,-0.16825604117015303,0.07443612846625491
GCGCAGTCAGATTGCT-D1_Stim,-0.13724643166514383,-0.05785813216892777,-0.2893075059237935,0.1360567793187606,-0.2848280228898652,0.013091322570389252,0.2163926483763028,0.09253227584987833
GCGCAGTCATCCGCGA-D1_Stim,-0.23640596565212313,-0.19422237507761864,-0.9256280900965894,0.2045037383755286,-0.17317010998528382,0.26489945446671825,0.71868947086495,0.06819790434754047
GCGCAGTGTTCCCGAG-D1_Stim,-0.06818866433115822,-0.015888126846625994,-0.12027315529732174,0.09276236892403134,-0.08095161553141494,0.02312271054895909,-0.0015255544257755105,0.09551509520881751
GCGCCAAGTCCGAACC-D1_Stim,-0.09157728096704254,-0.02378762177035476,-0.1331024153151299,0.08749000467886248,-0.14068228602100774,-0.01876264714488407,0.025291149023736637,0.09136201502429309
GCGCCAATCCAGTATG-D1_Stim,-0.06512794897520102,0.010707421800715267,-0.17409791418875642,0.22789943459898154,-0.03269196208259828,-0.031071058524869244,0.3168134173315522,0.14061146473341068
GCGCGATCACCTATCC-D1_Stim,-0.003426928151203157,0.03999568066176096,-0.07825171503418371,0.09139483577075325,0.024862159447105014,0.011845821754395303,0.07217142864665149,0.04029374296546351
GCGCGATGTTGATTGC-D1_Stim,-0.051340156275987425,0.03781417353008898,-0.16832481289219725,0.1259792541406597,-0.1806363501794408,0.006513275127684182,0.007935566006675998,0.11380363232734148
GCTCCTACATCCTAGA-D1_Stim,-0.05526098677176705,0.018325232258344926,-0.09911530364275567,0.12758762539650803,-0.018272379306560893,-0.05382372162011961,0.08250315055443025,0.058085289580331434
GCTCTGTAGACGACGT-D1_Stim,-0.3150628810613014,-0.10379899925007408,-0.5045170577298705,0.19220835841671757,-0.18192900280882718,0.18576204442700295,0.6736684985103274,0.13176395797154505
GCTCTGTCACCAGCAC-D1_Stim,-0.1772339672112473,-0.055887074504955336,-0.49744983905149454,0.2468616862429247,-0.2909686458916809,0.2324164342624826,0.6843016894857872,0.11260609730273075
GCTCTGTGTCTTGTCC-D1_Stim,0.05266247677955782,0.07649301053679736,-0.20419123755211732,0.10855441591636072,-0.006892345928083188,0.2747204777452019,-0.0742611866291476,0.10928951312300939
GCTCTGTTCGACCAGC-D1_Stim,-0.03948314396833297,0.0522307234079431,-0.100398199736639,0.14411226132116361,-0.013475219146014794,0.04568608397680052,0.07464712873712642,0.11324143911617135
GCTGCAGTCACTTATC-D1_Stim,0.03747086471086902,0.05902636017487772,-0.23568020932354283,0.11522829602798978,-0.042860541429163845,0.1636940863551981,0.0944385824104721,0.11408725135529885
GCTGCGAAGCCAGTAG-D1_Stim,-0.20560105375036386,-0.0645760740724679,-0.18206571992764253,0.052334096208944914,-0.10845923368158772,-0.03791941447200209,0.3611541921418162,0.03271058716763697
GCTGCTTCAACTTGAC-D1_Stim,-0.1509366643287411,-0.042981458887430435,-0.28252820970824377,0.09624802673588384,-0.2357000373731868,0.06323994596868232,0.24058606261958815,0.06652443447295298
GCTGGGTAGTGTTGAA-D1_Stim,0.0013481072598509058,0.064330351135224,-0.09232771255657912,0.11483101803193918,0.0006251780652029026,0.013490291768725626,0.102302504333597,0.059107630783234555
GCTGGGTTCTTACCTA-D1_Stim,-0.1948187802783714,-0.049877619634530745,-0.32093375575727556,0.16481623990554972,-0.1742597342428187,0.14347226131136281,0.41514459531208736,0.12089966912884265
GCTTCCAAGCCGCCTA-D1_Stim,-0.14012909128599205,-0.0567005089647985,-0.313626116569206,0.10371056040330728,-0.18926203311333367,0.107280513581955,0.1862141305389109,0.12478914224060134
GCTTCCACAATCCAAC-D1_Stim,-0.09359433091890956,-0.01094040516622563,-0.12438593011151866,0.05005795531427104,-0.1328405660809775,-0.05681423114497974,-0.0051227840463710095,0.03206530284055553
GCTTGAAAGCAACGGT-D1_Stim,-0.040667892020147534,0.03881449034807005,-0.17187210152722798,0.1305657184180813,-0.21577616679939915,0.005552469928765902,0.0533505604783997,0.10283110813124807
GGAAAGCAGAAGGACA-D1_Stim,-0.02794098027160885,0.051904028769953925,-0.12004146116840442,0.08738408405916687,-0.06593026527839108,0.005523245213506556,-0.001706537392955454,0.07114261324513294
GGAAAGCTCAGCGATT-D1_Stim,-0.1535108885193459,0.03254037215907246,-0.220532758903758,0.12661190105923303,-0.210583209403163,-0.01774153235589182,0.020834057473017253,0.11163137741352358
GGAAAGCTCCGCATAA-D1_Stim,-0.10493681096334129,-0.06592095444185908,-0.40865401848734706,0.15940023275551418,-0.15137891291882433,0.239602517542588,0.3379679032473888,0.05566308839965295
GGAACTTCACGACGAA-D1_Stim,-0.0649998839722965,-0.030314284784410006,-0.3035160416127489,0.21324760046696767,-0.13582440277257568,0.25840760667678886,0.4737005395520022,0.1363373503009555
GGAACTTTCGCAAGCC-D1_Stim,-0.10219456698359686,-0.014671314517622491,-0.26061664498929815,0.11017036859861307,-0.07507446052172106,0.12510438617552566,0.36770191149650167,0.09506800464947851
GGAATAAGTCTAGCGC-D1_Stim,-0.03612596042707672,0.03218383820832038,-0.11467789287004937,0.12068349814513368,-0.050495219543389425,-0.011941786095679419,0.06141475986049372,0.07991244223833505
GGAATAATCGCACTCT-D1_Stim,-0.18411535283041935,-0.06575401318269414,-0.21862732852445177,0.07128754368218537,-0.09991400493929348,0.005471206094215475,0.5035998332210063,0.058565500448519714
GGACAAGCAGACAAGC-D1_Stim,-0.18843243653086184,-0.07857732312694488,-0.2125088910583841,0.024318703119210028,-0.13439562168734476,-0.02081042016519774,0.36834784347355054,0.023148423472813207
GGACAAGGTCTTGCGG-D1_Stim,-0.15562877128660446,-0.07084670138099725,-0.16593355771904061,0.04410677436516153,-0.1403764697914962,-0.0232396974202409,0.0734663707857166,0.02231296372358571
GGACAGACAGACGCAA-D1_Stim,-0.11947805023124936,-0.064906719466153,-0.41314100249996333,0.11448106646175304,-0.14197284523590348,0.15409785617492489,0.25651020190120377,0.07197066269401198
GGACAGACAGCCTTGG-D1_Stim,-0.038278596123639375,-0.05860853700597879,-0.5115451816402992,0.17268195119852336,-0.21328255381552275,0.23811318290509043,0.7137111224424846,0.0612396960342938
GGACAGATCCCAAGAT-D1_Stim,-0.10653221858035522,-0.06653502181336712,-0.5561777413127462,0.22094151400875894,-0.23679352439733314,0.26946527246903784,0.42351737740388984,0.10370022242446808
GGACATTAGGCTCAGA-D1_Stim,-0.05929921927395654,0.037635101119718684,-0.13978411461820794,0.09930789080502223,-0.055351614488253986,0.02374819140592166,0.03688247639937359,0.11241463455993639
GGACATTCACTACAGT-D1_Stim,-0.03439431935924375,0.03916052688465044,-0.16362116475274568,0.12995409741748887,-0.0070192455876796345,0.11863706407852348,-0.017032252826140848,0.14401841237697255
GGACATTGTGTGCGTC-D1_Stim,-0.034510712760058126,0.06035806886109185,-0.0835444378331367,0.15955461419039807,0.014685886034676798,0.031496480606575616,0.10412043353015932,0.11516681048474631
GGACGTCAGAATAGGG-D1_Stim,-0.19597034674936964,-0.1012586573101828,-0.20947640115505983,0.038899780360857505,-0.13238309262251846,-0.024720486428694954,0.3261373428941603,0.0383963459163823
GGACGTCGTAGAAGGA-D1_Stim,-0.07305508404686911,0.03959576566959022,-0.10461173869288043,0.05440375133990294,-0.1375312496157246,-0.10597763929263238,-0.25387318804715164,0.042656561447708796
GGACGTCGTGGTGTAG-D1_Stim,-0.15111198903387013,0.04377694387106068,-0.3147167711842771,0.2151431253507603,-0.19078099515660263,0.045692559731747906,0.1505102691276683,0.19909302910287252
GGACGTCTCCACTCCA-D1_Stim,-0.03198359701333686,0.04152677339912003,-0.10829978476812485,0.0887700177465387,-0.018814385804249767,0.05287611206805565,-0.05946687817711549,0.11160529204205005
GGACGTCTCGTTTAGG-D1_Stim,-0.14550615730218475,-0.014136203464202524,-0.16900257072022917,0.09749392599099238,-0.14348565279486003,0.03236971522229304,0.166938340888084,0.10608510524024517
GGAGCAAGTATATGAG-D1_Stim,-0.047141213827284645,0.05189291959679032,-0.10895603834019685,0.140967391887294,-0.0764197017610293,-0.02478871345815392,0.12249913329276296,0.0919854923011787
GGAGCAAGTCCTAGCG-D1_Stim,-0.19194878537181737,-0.08802763901823596,-0.17690036872465775,0.04406308512038848,-0.12248116221226013,-0.0007559475537899374,0.3669556517681336,0.03478336572962881
GGAGCAAGTGAGCGAT-D1_Stim,-0.10839772175567042,-0.06634177556233034,-0.260774188087189,0.11271557347003736,-0.15441475686590778,0.050181914799939165,0.30980613687710346,0.08158824895174632
GGAGCAATCTTCCTTC-D1_Stim,-0.044506419724402946,0.024063464403164758,-0.12641610205417653,0.12483076606457821,0.007825038882147695,0.04609482061455772,0.062221761998017655,0.09681122397339692
GGATGTTAGGCGATAC-D1_Stim,-0.22972230946732353,-0.1376577599809803,-0.2745301987776436,0.0879524138220571,-0.07958857235176886,0.2081271538283147,0.15700618579530534,0.05856004143098836
GGATGTTTCACCATAG-D1_Stim,-0.150122322340291,-0.08604914301827726,-0.4628270516411259,0.1432957705507789,-0.20892932589838686,0.12350036461148228,0.13202031817007764,0.1452162774458845
GGATGTTTCCGCGGTA-D1_Stim,-0.01874583047116829,0.047607291288430886,-0.07331024765538974,0.09600554145286466,-0.06465484983847247,0.013577937268038909,0.07359400425055895,0.06017434510509112
GGATGTTTCTTGTATC-D1_Stim,-0.009951866707959667,0.0707172998364527,-0.1035117807764161,0.12647149164191163,0.019780994266692886,0.05851065999193139,0.05062593284991834,0.09511519901411525
GGATTACGTCCGTTAA-D1_Stim,-0.18971699996127356,-0.05409860226409613,-0.43359379212773597,0.17045656166404122,-0.20149268875928605,0.14213827622649156,0.3275757977200602,0.09243858898809698
GGATTACTCTAACTTC-D1_Stim,-0.11405305253568443,-0.03294117720228407,-0.42024795054889097,0.1515608989761219,-0.2927017869007873,0.16460102419417666,0.16528598032572006,0.12925182109763256
GGCAATTAGTCATGCT-D1_Stim,-0.07886150603936848,-0.017279058549702242,-0.22123867603012215,0.09096481505842569,-0.06497242429074568,0.06960134081284508,0.2222550032150714,0.0820877363215402
GGCAATTGTCCAGTGC-D1_Stim,-0.3639249926690127,-0.19906592475223484,-0.8678267193067235,0.25267848715350993,-0.3269352606835838,0.15287335304917526,0.457245012496287,0.11103008386233704
GGCAATTGTCTCATCC-D1_Stim,-0.08108756077978008,-0.0849763713726368,-0.47429177560340463,0.16615141069558703,-0.34929592197020476,0.24373182332828236,0.5929950332976279,0.0994911996080674
GGCCGATTCTGCGGCA-D1_Stim,-0.09969660801634284,-0.009294210520145896,-0.22174992030723306,0.13104473541159933,-0.020855011273626545,-0.043401920290234486,0.1354726226958327,0.11739081602257961
GGCCGATTCTTAACCT-D1_Stim,-0.04761632367999802,0.03288842111409984,-0.13337824481503358,0.14607325518236713,-0.14786030501175773,-0.0007117752869625349,0.09336617634797406,0.0988438234931781
GGCGACTAGCGTTGCC-D1_Stim,-0.02153653099925279,0.028030167943525086,-0.09377125412942355,0.1245176486981876,-0.225677532014803,-0.007769364606613038,0.10111780352421462,0.07544608076523751
GGCGACTCAGCTGCAC-D1_Stim,-0.0647331082861129,0.054721341455875816,-0.08482753691627742,0.19214698853913248,0.008096991434593193,0.020071361556526668,0.20781220304762726,0.13507391046549166
GGCGACTTCAGCAACT-D1_Stim,-0.2564201396399426,-0.07656697438060789,-0.5130263760015836,0.24026862071051092,-0.23110137049721935,0.20083590237616455,0.5634148177897096,0.13677632805886475
GGCGACTTCAGTTGAC-D1_Stim,-0.20636888264924913,-0.06060090856467504,-0.25409397525182786,0.11015640055803999,-0.24351635819251705,0.06520956140641054,0.3958802996989199,0.09590444568905454
GGCGTGTAGTAAGTAC-D1_Stim,-0.04674838737763665,0.041324699090729666,-0.09159420225863801,0.111747203069406,-0.030884309093291762,0.012618591086409836,0.04842699561846331,0.10412747882155671
GGCTCGATCCGGGTGT-D1_Stim,-0.06932574582629769,-0.006468808565498918,-0.12494302122311751,0.06520919495151034,-0.06595300526910464,0.0340854235196737,-0.06016558064503741,0.07145562382684467
GGGACCTCATCCGTGG-D1_Stim,-0.22596641426471287,-0.0751902518047487,-0.4313604269135478,0.2562060478535084,-0.26222655056650623,0.20125792985800572,0.6007073776113039,0.12428411436625808
GGGACCTGTCATTAGC-D1_Stim,-0.11820185745256495,-0.06684970683626723,-0.15631909645722608,0.06231102863605997,-0.15513738613264216,-0.016855648831166192,0.13771969302309373,0.09839903758478208
GGGACCTTCAACTCTT-D1_Stim,-0.12012535732581497,-0.0373576420363495,-0.3386647575484467,0.12512020586268946,-0.17859952310960558,0.05971625531540603,0.1981989493400782,0.10578895680884948
GGGACCTTCGCATGAT-D1_Stim,-0.09741121126030095,-0.007268879935358186,-0.22752617977553413,0.11176513366919139,-0.11643970833164197,-0.05801473673899338,0.07803018754638558,0.05830348738635749
GGGAGATAGTGTACTC-D1_Stim,-0.17390598841321747,-0.0659874293402627,-0.2366176830579061,0.0821051121047045,-0.2720232035307468,0.03621418085724315,0.16328793440570877,0.08793065807385148
GGGAGATCATGACATC-D1_Stim,-0.20528085616762048,-0.10453389306411509,-0.33645828031009994,0.09999804831299208,-0.2033169567885853,-0.018764520793913775,0.33029376710239866,0.062443590520224745
GGGAGATTCCCGACTT-D1_Stim,-0.04309815050622667,0.037868959661885526,-0.117653309959171,0.093888158986136,-0.03601709649002238,-0.032966567228466914,-0.009708341531911913,0.06170068736640211
GGGATGAGTGCCTGTG-D1_Stim,-0.1567063426551627,-0.050719042908703216,-0.3734865886881753,0.11823765003844855,-0.18763017356164546,0.1720995424571239,0.44131093737978944,0.10822728975742457
GGGATGAGTTTAAGCC-D1_Stim,-0.13542040839102576,-0.0008174835951599846,-0.12292696087531141,-0.015072578995305008,0.02302280652815547,0.004787134861917508,-0.2602696738420036,0.008146463391911496
GGGTCTGAGAATCTCC-D1_Stim,-0.070254834986482,0.007854891593570557,-0.11501301975871492,0.08953456138883098,0.03131888190325682,-0.06457691334915516,0.020350443183755118,0.08220762384470603
GGGTCTGAGTCAAGCG-D1_Stim,-0.0810777577666375,-0.06852658410892332,-0.43925732210522384,0.2313056460237295,-0.18676036449259037,0.26198147387864346,0.6634430726130081,0.07760165187951706
GGGTCTGTCCTATGTT-D1_Stim,-0.10168709896388961,0.0013433001547813461,-0.3071943557214727,0.14185810487318484,-0.1080928721412171,0.13161836455293674,0.29687646163073644,0.1138372788129498
GGGTTGCGTAGCCTAT-D1_Stim,-0.06090504247889861,-0.0025753109160273624,-0.2868993946810505,0.22661785003744406,-0.25681578855103027,0.23399284427874179,0.34232363202057137,0.12666737713129805
GGGTTGCTCAAGGTAA-D1_Stim,-0.03725794059169374,0.042081185393996634,-0.14292199026307273,0.09253906415879953,-0.031227424585814845,0.07684612787370604,0.04805161887977505,0.09463902518745293
GGGTTGCTCGCACTCT-D1_Stim,-0.10059354198250503,0.04359583632679076,-0.30790350228388075,0.2195933071112428,-0.18635932173363123,0.06323701623682787,0.18224103721180285,0.20745119343398066
GGTATTGAGCATCATC-D1_Stim,-0.27113413498208594,-0.10134338420867017,-0.4493124312691643,0.15713788627798309,-0.2560192427513215,0.09262038807861117,0.3662548183133776,0.0979309718525041
GGTATTGGTTTAGGAA-D1_Stim,-0.05419304291842231,0.05343497003199005,-0.0810392805814315,0.13454772765429368,0.016701116465581478,-0.0005435695926507833,0.09908066248149083,0.09623430502934838
GGTATTGTCAGAGCTT-D1_Stim,-0.1384338943331631,-0.03960916410309068,-0.4301360223828796,0.1245686433134825,-0.3398890558721135,-0.00064154164023833,0.072369941466226,0.06757791799265611
GGTGAAGAGGCCCGTT-D1_Stim,-0.25423847551546785,-0.1323795457781447,-0.6555162739842872,0.1407764924177961,-0.26536885861801274,0.1395874102875556,0.41558876934655054,0.08311831087184096
GGTGAAGGTGGAAAGA-D1_Stim,-0.10934988608320317,-0.0590129334330971,-0.18597506601626357,0.19928867417278795,-0.06936334913172715,0.19300462779371408,0.6256577525626437,0.10081972353386881
GGTGCGTAGTCCAGGA-D1_Stim,-0.09191014580170531,-0.07503605544195402,-0.26036645090926314,0.034855670844327946,0.07144159313394383,0.08331695309951925,0.3446333774765691,0.04049938630685901
GGTGCGTCAAGTAATG-D1_Stim,-0.04493207949066402,0.014277952514557768,-0.15427551642426174,0.10757213585987913,-0.15437478310743025,0.04442124983258644,0.02919124450722066,0.06821509308174356
GGTGCGTCATTCGACA-D1_Stim,-0.131234817400669,0.020444079228690626,-0.2705357315336432,0.18051296214703427,-0.2236702082417814,0.017695333878027242,0.1165841143653985,0.1701237580771302
GGTGCGTGTTTGTTTC-D1_Stim,-0.0645602310530844,0.03454726098507699,0.01033876021982394,-0.07916822342850516,0.07247392216288695,-0.10135077055488217,-0.3769520968066118,-0.03160818906965801
GGTGTTAAGCGTCAAG-D1_Stim,-0.08688152731256693,-0.01978782463288198,-0.39714030175615633,0.15712674739183186,-0.2893720066649781,0.2415310256114065,0.34593761465956874,0.13562558583633155
GTAACGTAGATGGCGT-D1_Stim,-0.13893512498615657,-0.05705939932613546,-0.31790042830291476,0.18062873296944204,-0.10577756027266894,0.20001945860673764,0.4408224539246106,0.14918580585357688
GTAACGTAGCTGGAAC-D1_Stim,-0.08491941936912362,0.031972930865036275,-0.11984095227113212,0.09352921698062033,-0.03294205216874779,-0.025410428548267916,0.09515441293577709,0.08043233815424777
GTAACTGGTTCGAATC-D1_Stim,-0.13064317658387203,-0.04641587423799898,-0.29552461957015375,0.122777333053115,-0.3131354629713261,0.003240671509479043,-0.1461442420321113,0.06770030064693167
GTAACTGTCTCAAACG-D1_Stim,-0.21750164800289973,-0.09174893708572185,-0.22840864525410343,0.05787512310572751,-0.15889965605296474,0.04243209466520703,0.31710418407118723,0.035030959195532674
GTACGTAAGGGCACTA-D1_Stim,-0.126290854517503,-0.057802189188068454,-0.2747587755868022,0.18064977372203117,-0.14089640067127362,0.13679464607858627,0.6470627843348051,0.09799631458773028
GTACGTAAGGGCTTCC-D1_Stim,-0.06893868564605299,0.073992600336652,-0.18676845366229688,0.10595984536266201,-0.07157262828385136,-0.0052704298804098215,-0.047462871999449874,0.12197474022791255
GTACGTACAATAACGA-D1_Stim,-0.04901237308734174,0.06190117442973175,-0.06718357146251286,-0.0002586348129955951,-0.07619951626866062,-0.015330382608171433,-0.4092761303134651,0.01772656515653459
GTACGTATCGCGCCAA-D1_Stim,-0.15240077187427126,-0.03799030311579088,-0.24392537672639314,0.09063911184423112,-0.25326216750502617,-0.026939780341425745,0.10280441627307013,0.0688916817096068
GTACGTATCGTTTAGG-D1_Stim,-0.024108308027040337,-0.004740992894344487,-0.18070580016839877,0.07588842648557481,-0.060647343756302874,0.11499102901635005,-0.06620210928158343,0.06861112381997536
GTACTCCAGGCAATTA-D1_Stim,-0.15636990882353174,-0.06344172436930151,-0.3260564940049342,0.10068155459274308,-0.2489864899027623,0.05310940441227707,0.20445628528472426,0.05256250099006721
GTACTCCCATACGCTA-D1_Stim,-0.022489838818520624,0.024353288396410377,-0.24176329232673588,0.12665417391751177,-0.13652166525085185,0.06847372485984593,0.11449891060160411,0.08695665013801701
GTACTTTAGCTATGCT-D1_Stim,-0.08825876500151963,0.06274461556247601,0.2152279041626688,-0.20247702462030404,0.5327454568339842,0.08997639555221681,-0.1902843527864384,-0.029956420848128218
GTACTTTGTGATAAAC-D1_Stim,-0.19554739301607427,-0.04056154518935351,-0.7267561098564848,0.2019916328323763,-0.3409939580036969,0.1966015113986863,0.30559992751555143,0.15333728185093065
GTACTTTTCCTCCTAG-D1_Stim,-0.20002369929651032,-0.08282307478096484,-0.19688163511264012,0.044067016637558964,-0.11704857794631884,-0.007861306167576743,0.30791261633310896,0.033055535040810824
GTAGGCCAGTGGAGAA-D1_Stim,-0.12836307308349326,-0.06821455603583004,-0.33214137749511075,0.1969244437327955,-0.294071795969824,0.09072209145515053,0.5064465085902761,0.13015842672211875
GTAGGCCGTACTTCTT-D1_Stim,-0.03214609653677947,0.03490868784524004,-0.254317882254087,0.1728203266818209,-0.3146948386830175,0.044186925040436975,0.20033631094193183,0.09453678493640005
GTAGGCCGTCATCCCT-D1_Stim,-0.029851934579312456,-0.06191156657078167,-0.6745385938914321,0.26203057586394074,-0.28315200928096473,0.302996064946905,0.4558070991619587,0.13655293933224577
GTAGGCCTCCCTCAGT-D1_Stim,-0.009906961471159548,0.0580905821511557,-0.05829646906666408,0.10554304918266766,0.03995382135991754,0.004161673722991921,0.17718974339976157,0.08536819654237782
GTAGGCCTCCGTTGCT-D1_Stim,-0.10896395173072193,-0.01856879502647324,-0.1328442183645695,0.08945454104376083,-0.01139251993552648,-0.08123862095196976,0.02637473192547546,0.04516043906895284
GTAGGCCTCTACTCAT-D1_Stim,-0.17723039021843867,-0.0769687538403474,-0.6030059629515545,0.21139674669382913,-0.22888179605944536,0.2265662960945125,0.5114928287903773,0.11910346548072326
GTAGTCAAGCGTTCCG-D1_Stim,-0.07930545115332599,-0.022985855767796437,-0.19542421433272406,0.09146914605409506,-0.01171023674556615,-0.058406249600675864,0.18549595148023812,0.030727561682049043
GTAGTCACATGGTAGG-D1_Stim,-0.014080358241630009,0.04922528282367544,-0.18775443971140593,0.11787228269593797,-0.0033618632021656936,0.04761126515111691,0.09895101109113469,0.06458173647270904
GTAGTCATCAGAGACG-D1_Stim,-0.08905263641347183,-0.18575643964336308,-0.5847113543244831,0.21516911219525525,-0.25912415087293716,0.2287272644166638,0.5654941408211887,0.06855657963856387
GTATCTTTCCACGACG-D1_Stim,0.014032703088147969,0.06131071535563848,-0.13992112138691315,0.12127374894613219,-0.016183180444924616,0.13947024010829523,-0.04071188517704627,0.13341406655215593
GTATTCTAGCAAATCA-D1_Stim,-0.044707888358214376,0.016377615869261675,-0.13138084236416958,0.10285973164199191,-0.028465978690048743,-0.0211319980088831,0.07717166934832065,0.05923649397230335
GTATTCTCATATACGC-D1_Stim,-0.10758770544937946,0.07404565235371052,-0.1572726416606418,-0.009277108247138344,-0.1951424133407329,-0.10405015136710283,-0.6412075414351222,0.0007696896701379075
GTATTCTGTCTAGCGC-D1_Stim,-0.2530163671864063,-0.09749776030934854,-0.5943123250918703,0.25042121610195345,-0.16515744057771364,0.290218722655851,0.6845937449576045,0.11429786153895627
GTATTCTGTGGCCCTA-D1_Stim,-0.04303207448112367,0.05788926735452371,-0.1227342810181371,0.1355673785662237,-0.05679943667717424,0.024466492946633167,-0.020863379258717174,0.12580386262241028
GTCACAAAGTGTACCT-D1_Stim,-0.10369273777967081,-0.005684703603044738,-0.37567847702368873,0.2013331409254686,-0.2148487539195827,0.18275252786874496,0.3680752308147479,0.1293451570205697
GTCACAACAATCACAC-D1_Stim,-0.07808586466492606,0.020980661026639424,-0.39505735075008097,0.16923443813029593,-0.14139685735946017,0.19795861810518822,0.27147584353842547,0.1484757771048688
GTCACAAGTCACCTAA-D1_Stim,-0.03595666641351869,0.05229849004081899,-0.05791256117003307,0.050655280646996204,-0.14122259594461006,-0.07158366053841014,-0.044794534957418364,0.03802865040573877
GTCACGGTCTGTGCAA-D1_Stim,-0.04248236121676996,0.025226389742359245,-0.19408351848535244,0.12411754165757216,-0.1787491100861498,0.015022048513579023,0.11912052272436569,0.09134651576480124
GTCATTTAGCATGGCA-D1_Stim,-0.02252470426735087,0.04625790746057845,-0.1446237240006294,0.14026183540332227,-0.004663019397623813,0.05458259943880073,0.1858086583247811,0.0888038669908795
GTCATTTCAATGTAAG-D1_Stim,-0.1691076828701057,-0.05249498042337564,-0.4068863025550442,0.12499662813068291,-0.3544401506102872,0.04110039902490392,0.15345706783379498,0.06546536463808472
GTCATTTGTTGGAGGT-D1_Stim,-0.19628804030115177,-0.04983399048564685,-0.5411961691507798,0.18535156853488566,-0.32921719312646935,0.12374853183694334,0.1683264147781518,0.1283074669476676
GTCATTTTCCCAACGG-D1_Stim,-0.3269309172256367,-0.1187392618725358,-0.6311696261425421,0.20943875681118307,-0.2566715045224637,0.1870074039050511,0.7356567275348755,0.08469104090550772
GTCCTCAAGTACGTTC-D1_Stim,-0.06444452736308826,0.008148894854588917,-0.10896566846439804,0.09257256134535652,-0.06410629250498268,0.009153426954865651,0.04503374568530916,0.0886618253681064
GTCCTCACACCCTATC-D1_Stim,-0.0012391705344629855,-0.030136430556535032,-0.7251534972714762,0.3083700209314717,-0.2477688239971947,0.3697516626291595,0.7003051253212131,0.12081365300126556
GTCCTCACAGATTGCT-D1_Stim,-0.17623690436152373,-0.11571738675216281,-0.4037762790898576,0.13685819987567527,-0.15708166195801,0.11188060045506987,0.631446279887184,0.05230620361098737
GTCCTCAGTCTAGCCG-D1_Stim,-0.15257445961205818,-0.056040561392327604,-0.3195831693532796,0.10315452498001498,-0.16902544057019675,0.11961344266886265,0.35461908179047263,0.09373554062892175
GTCCTCATCTTCGGTC-D1_Stim,-0.0632825929818761,-0.009543455815730795,-0.38682803681152755,0.16108010233927672,-0.3605082834355464,0.11867560921254316,0.08821304848056144,0.10685964642856227
GTCGGGTGTCGGGTCT-D1_Stim,-0.11351591108746817,-0.05452692923873137,-0.2631649098896993,0.13481486594378822,-0.12042944473989259,0.18838451580954896,0.24124541585273107,0.08333612128723367
GTCGGGTTCTTTACGT-D1_Stim,-0.08179211505510331,-0.0020314234169518386,-0.12521968291285024,0.05910463648823949,-0.09584537670063753,0.0010609199800875047,0.09868092476143175,0.05803118743305369
GTCGTAAAGAGTGAGA-D1_Stim,-0.1462916883051033,-0.06458449657340637,-0.1785781171430063,0.18147921240589504,0.06107926328563451,0.23564691243501912,0.7489717982275081,0.09809446018415713
GTCGTAAAGGTGTGGT-D1_Stim,-0.08510455326984712,-0.04107578863820649,-0.20208003869517466,0.10047519426488272,-0.09981496073277007,0.06905363236587547,0.1757345313586427,0.11961108417639998
GTCGTAACACGCCAGT-D1_Stim,-0.04261181613185272,0.05595721928060371,-0.13167743108319918,0.1168535578422194,-0.04454539303568161,-0.0012840997970169354,0.08373686167874794,0.07786927714225733
GTCGTAAGTCATGCAT-D1_Stim,-0.055584212769330676,0.044830619649170345,-0.08633296555217829,0.17660161264229046,0.017965823560999183,0.0013267757455821538,0.2402617987243012,0.10614736646316203
GTCTCGTAGCAATCTC-D1_Stim,-0.1709655208415608,-0.04613649974063172,-0.3927239542678995,0.1515773873406765,-0.250478226090987,0.10944395827310593,0.4453986063148392,0.11717032525706905
GTCTCGTGTGGTTTCA-D1_Stim,-0.07282482839212179,0.03029074829926337,-0.11125489482858963,0.1277322453079428,-0.011396879457532094,0.030631886604661318,0.06695383605982386,0.1211218579890545
GTCTCGTGTTGCGCAC-D1_Stim,-0.14539647232865605,-0.051911967663144765,-0.24320485410527137,0.09344001178066996,-0.21871287927196015,0.02336860130377616,0.3385050103453118,0.09577128199759599
GTCTCGTTCAGCACAT-D1_Stim,-0.08827680252366221,-0.08961151938145484,-0.4124929516321014,0.156914911602275,-0.03558709889107092,0.23809743242513726,0.600006753252007,0.10522216428595321
GTCTTCGCAAGAAAGG-D1_Stim,-0.189488768797764,-0.025665718832664552,-0.2274452115925536,0.043676298641466715,-0.1031750891267933,-0.09640480138339491,-0.05345800633778097,0.0678244733427622
GTCTTCGCATGGTAGG-D1_Stim,-0.09481221515098603,-0.030145843579422404,-0.2447657440194435,0.09980513340564201,-0.08838340863986893,0.0974781176001791,0.15090675646306906,0.12364423682844006
GTCTTCGGTTAGGGTG-D1_Stim,-0.1085642172898229,-0.08219590821389033,-0.3479236568291961,0.11773843492974123,-0.14751080424846208,0.04352927215990832,0.19785568192185465,0.08825599708367982
GTCTTCGTCGGCCGAT-D1_Stim,-0.17485235762002205,-0.04869531217034684,-0.25970249639457244,0.19333217780666345,-0.17885689066275923,0.16742380135599255,0.6449375594568814,0.11161909123828728
GTGAAGGAGTGGGCTA-D1_Stim,-0.1011155971260127,-0.0313050126003418,-0.2069789634285888,0.13519149510636197,-0.1446910410320026,-0.041035692330574136,0.18104994580036404,0.057627833567787334
GTGAAGGGTACCTACA-D1_Stim,-0.04071987110584452,0.033341009959031,-0.10460821296120582,0.10554128969906529,-0.10745253298717117,-0.011385800073323793,0.08542052364600039,0.06836217959369151
GTGAAGGTCATGTCTT-D1_Stim,-0.07808712342306023,0.028356912764362363,-0.1339713326099865,0.1221253978393193,-0.1394896810066104,0.004057925975399002,0.07816003884373757,0.09527058810223643
GTGCAGCAGGTAGCTG-D1_Stim,-0.046385728295161854,0.05748046818918695,-0.17982107664540248,0.1269549222721018,-0.21338937821974824,0.0007099065952633765,0.08678047953605272,0.10209559770026111
GTGCAGCCAATGTTGC-D1_Stim,-0.10589278073429753,0.009860044979172145,-0.32135264434344535,0.11848452627016215,-0.29188291212865636,0.06192233003094039,0.0645379636717287,0.0986682192666688
GTGCAGCCATGGTCAT-D1_Stim,-0.07528147071606739,-0.035272363997451706,-0.23768585790909835,0.11133484868273591,-0.2949512491171973,0.0003327291260681875,0.009580368168126796,0.07752484267443904
GTGCAGCGTCGAACAG-D1_Stim,-0.04680273174741956,0.04939417468734497,-0.1288225562934917,0.18156929319721016,0.0006427700722628771,0.03752715843251231,0.17317493765866487,0.13194998894798893
GTGCATAGTGCGATAG-D1_Stim,-0.09088096609275276,-0.018618807173560015,-0.16526708431743486,0.11909674814978821,-0.008510515823399345,-0.04025199719796646,0.06656648264280207,0.10576131211680284
GTGCATATCACAAACC-D1_Stim,-0.0643365561161513,0.03741726569494119,-0.1073041900053342,0.10613883215531317,-0.020254733732953056,0.005680122514901242,0.05861600769177144,0.09617080551679713
GTGCGGTAGAGTTGGC-D1_Stim,-0.2022944387752581,-0.07762065474267033,-0.36668693697430044,0.16006718809950016,-0.1884036432879146,0.12374557850369605,0.6254398183385916,0.11175337871508795
GTGCGGTTCTGCTGTC-D1_Stim,-0.0663128232886212,0.011260187628428397,-0.16335753074422854,0.116695815386473,-0.20290736092450068,0.004929280260574487,-0.006030841307772761,0.08637046866564191
GTGGGTCAGTGAACAT-D1_Stim,-0.11743230847159047,-0.041307599309723386,-0.17619826118266158,0.06917234042721887,-0.10145354605035983,0.0058124672235440045,0.11367445979370672,0.06904193572533046
GTGGGTCTCACAATGC-D1_Stim,-0.10206201801241299,-0.018749586496134896,-0.3727443905705048,0.18553037860815103,-0.2342600116502318,0.1987436954621522,0.38327109267607185,0.12870070132166234
GTGGGTCTCGCCATAA-D1_Stim,-0.13140415829755803,-0.03730872783736139,-0.22848473073576603,0.13074154621282474,-0.19661456130893207,-0.014199199295504172,0.266485380565868,0.08314485485890089
GTGTGCGTCAATCTCT-D1_Stim,-0.04347863957731768,0.050169130099485315,-0.061019077506458075,0.06497885700083117,0.028760518863258255,-0.013359264740241628,0.0255503529767509,0.056890834495924025
GTGTGCGTCGGCGCAT-D1_Stim,-0.05854728435451584,-0.0032641499559868947,-0.11271955690782054,0.11626809487073331,-0.11813127090180231,-0.029797087835788716,0.20562394879619816,0.0741854517093703
GTGTTAGAGAGGTACC-D1_Stim,-0.055624591476743035,-0.04346795320454433,-0.10676884215584259,0.06940370036353904,0.006378646529524801,0.22531022875040563,-0.05264518310631239,0.05429821587444472
GTGTTAGCAATCTGCA-D1_Stim,-0.07233986931168701,0.019035869911688152,-0.10683112947255324,0.04517970795875037,-0.06361373504997303,0.04520125820834586,-0.147650594435202,0.05376629603222405
GTGTTAGGTTCGAATC-D1_Stim,-0.040156485815572296,0.029888704527216703,-0.09806564101611404,0.0847039667876821,-0.056942386707438786,0.036547282010637616,-0.05872749503133434,0.0628725903574594
GTGTTAGTCTATGTGG-D1_Stim,-0.25016322576385797,-0.09111949073216508,-0.33513290918698413,0.16527462703461104,-0.21862734202926148,0.061805792523758285,0.5659996009853128,0.0888652451542793
GTTAAGCCAAACGTGG-D1_Stim,-0.2519166756868394,-0.09418739627620631,-0.5395045836892018,0.15960614497924297,-0.3497116047070037,0.04750850954251007,0.25668007428120276,0.11565122184742904
GTTAAGCCATTCTCAT-D1_Stim,-0.22865330286069963,-0.15434577652466608,-0.34112349843854783,0.08240095016417825,-0.1791818965156029,-0.017048657507773513,0.6280583931712229,0.07665000558224833
GTTAAGCGTCAAACTC-D1_Stim,-0.24251499360654982,-0.12464659695918989,-0.7305849397036592,0.26083423761032165,-0.19113200588307855,0.27932326518012474,0.7762362138322771,0.13691630145596
GTTAAGCTCAGAAATG-D1_Stim,-0.14761676491276887,-0.04619640556789939,-0.1644638509648546,0.06983744962719562,-0.11426760480079245,0.010565088173436266,0.21329327028428935,0.06976156137582379
GTTAAGCTCTTAGCCC-D1_Stim,-0.06025831239335844,0.007254798734109613,-0.10222640069781264,0.08748458780284807,-0.03549828580708336,-0.04084674166486124,0.07509563019513976,0.05259545944406163
GTTACAGAGGGTCGAT-D1_Stim,-0.1931492552354701,-0.07372094389436512,-0.19593702819776748,0.039700197414328287,-0.12989980202464046,0.008826821297743592,0.33341858764045007,0.03543122154896672
GTTACAGCAGATCGGA-D1_Stim,-0.2392950517362582,-0.1462493611176292,-0.5355077030012438,0.08015286591078308,-0.23416704653233822,0.0980801340375006,0.38849061528102524,0.050750116877051
GTTACAGCAGGTCCAC-D1_Stim,-0.02040060090950213,-0.041675729206605894,-0.21888119435418574,0.2309506959770129,-0.1945653697004861,0.21152775080633113,0.6166346791669746,0.10496374829052257
GTTACAGCAGTATAAG-D1_Stim,-0.11588283449612113,0.008569849476753433,-0.15903548094186615,0.08323682713360014,-0.10601924456448408,-0.005441058393984122,0.030383248235338556,0.10822135454997017
GTTACAGTCTGAGTGT-D1_Stim,-0.1656809846556424,-0.04076540206671808,-0.15968398627182534,0.08406741283799946,-0.07561805770950158,-0.14266078221874068,0.011364458574647074,0.01254740081668082
GTTCATTAGCAGATCG-D1_Stim,-0.19328852771076477,-0.1185160191744874,-0.4395667672755703,0.15993410116323403,-0.23330066667907623,0.015841661908487126,0.3135183952132081,0.057362924956645855
GTTCATTCAAGCGCTC-D1_Stim,-0.05492128808294083,0.027456884545951965,-0.12063314811145265,0.10302934069770053,-0.07949229419078385,-0.046390876354276855,0.037621944722449285,0.06325933632825809
GTTCATTCACGGTGTC-D1_Stim,-0.13384001341511542,-0.03810696684063508,-0.4590827281755985,0.21851495172878543,-0.2017680811213296,0.1920383544741977,0.7198606277725137,0.12234425053166298
GTTCATTCAGTCGATT-D1_Stim,-0.047807478068625286,0.05792238301335573,-0.14824689031898064,0.0639613436257278,-0.07980081802357653,0.03320105083419023,-0.07213330302658605,0.0965538069152938
GTTCATTTCTTCGAGA-D1_Stim,-0.17571426650655475,-0.05505983629470812,-0.4032715577860646,0.15083924671830928,-0.2441027984605828,0.11478449689564485,0.24515027616498308,0.08834910118879158
GTTCGGGAGCAATCTC-D1_Stim,-0.1673386475178038,-0.2412888266676685,-1.0188372516980095,0.18070940381710265,-0.13615947447362942,0.3115627704537225,0.6160184128668957,0.029145836352165944
GTTCGGGAGCACAGGT-D1_Stim,-0.07644938569710469,0.015611447974517745,-0.1794495059749659,0.12150282737080609,-0.1251985761294918,-0.03649659176483411,0.062464214609086355,0.0671142517834209
GTTCGGGAGTGGAGAA-D1_Stim,-0.22218015885622755,-0.06772451179806538,-0.46816462872704356,0.1581461130274633,-0.2389391295779344,0.09338125228595828,0.2124822060763858,0.11076029171952229
GTTCTCGAGTCTTGCA-D1_Stim,-0.1039599137441165,-0.06360076883611221,-0.46174622813354027,0.16159120036899743,-0.2008353818458346,0.16061109906454085,0.10053717674721163,0.10917581645792929
GTTCTCGAGTGGACGT-D1_Stim,-0.11294868097179567,-0.036205299866448826,-0.19018857509628972,0.08606628089306234,-0.08227427237921603,-0.09470613189511212,0.1145730398726954,0.035368182595997055
GTTCTCGCACATGGGA-D1_Stim,0.009349657970219027,0.06253865745951259,-0.10322642418490613,0.12717350022876062,-0.004049836923513794,0.05789526452753613,0.08235495856514419,0.0894153577264003
GTTCTCGCACGAAAGC-D1_Stim,-0.15338057239070402,-0.07011615823661543,-0.5248980568075741,0.26052003917099853,-0.13690182652589122,0.3335462726812146,0.4383635816688827,0.16904244890090503
GTTTCTAAGAAACGAG-D1_Stim,0.03415523145496735,0.07598988753587221,-0.09357649543975821,0.10706061615808338,-0.03945529002464809,0.08077202077388712,-0.027609134559657633,0.08127300929369241
GTTTCTACACAGGCCT-D1_Stim,0.0002678947465248882,0.11125139031465103,-0.09498525567419769,0.11188598585756893,0.007607203666692541,0.11054769414772991,-0.07388957629402171,0.12951958658552343
GTTTCTACAGATGAGC-D1_Stim,-0.07978261342944393,0.03776218984592461,-0.15192052847158521,0.12123170576910347,-0.05963783671609413,0.02080949749712424,0.045504915996826156,0.09460972339039131
GTTTCTATCCCAGGTG-D1_Stim,-0.22046770064896037,-0.08105790883977093,-0.5706097950791591,0.173682691709665,-0.24918312500441786,0.1395331306458747,0.34225440365009163,0.0869436389404381
TAAGAGAAGTCCGTAT-D1_Stim,-0.09733158249592044,0.016286723272981973,-0.1516820593045809,0.11440642232620135,-0.0023177222631964867,-0.046222000767208726,0.02278232765470989,0.09856317795964564
TAAGAGAAGTGAATTG-D1_Stim,-0.2537730565213643,-0.08730425228720762,-0.29958162697638624,0.11495649655230977,-0.21782052865252588,-0.02659359429171282,0.48618549833629743,0.07483076148960777
TAAGAGACAGACAAGC-D1_Stim,-0.1429761004812402,-0.021023412703058852,-0.17833082723616211,0.029550483719988918,-0.10946315984533861,-0.1278261219680168,-0.17383516111254593,-0.008846775146935215
TAAGCGTAGATCGATA-D1_Stim,-0.07258344311805054,-0.0009735533922530237,-0.13506752800800292,0.0829230167300885,-0.05361563266240488,-0.07828085246408989,-0.023965266972481913,0.007095758526617146
TAAGCGTCAGCTGTAT-D1_Stim,0.028219452296864844,0.06397918682295511,-0.187731365256532,-0.00122333782324624,0.03312421525964382,0.18994783864720155,-0.04562097687635713,0.049099497421822846
TAAGCGTGTCAACTGT-D1_Stim,-0.07234225284629758,-0.019573874062711383,-0.14147421339460653,0.16255794622243336,-0.3216076835662136,-0.025344443529409233,0.2343970566944087,0.09383660437259778
TAAGCGTTCACAATGC-D1_Stim,-0.11167290235367311,-0.05649329154538307,-0.3653945106013001,0.09830568227943637,-0.12206527255452038,0.06201268698415241,0.12855918011569756,0.06211439152839304
TAAGCGTTCCGCGTTT-D1_Stim,-0.03605522486535939,0.028535332709642702,-0.10469294270186857,0.08936319771101608,-0.06099545368638637,0.019677415506691887,-0.02280780624954204,0.08477489898988111
TAAGTGCAGCACCGTC-D1_Stim,-0.1860829001910531,-0.09242583219861977,-0.22849657006652002,0.0379945499269887,-0.13363193585378141,-0.021117469547363044,0.33827962280978774,0.033742875586943555
TACACGAAGTATCGAA-D1_Stim,-0.03879342205960157,0.04888902827924291,-0.0814203272374856,0.10810851777438657,-0.05182532805426909,-0.006469200684582788,0.06545740918305043,0.07388430096670007
TACACGAAGTTTAGGA-D1_Stim,-0.07198308231063777,0.024406673032112636,-0.10288858115612953,0.08984607743042972,-0.029124462109932026,-0.042785426409578164,0.010991845180246429,0.08129428697758989
TACACGACACCGGAAA-D1_Stim,-0.14477436875106164,-0.06458422944883324,-0.24401646606654115,0.12037119752443459,-0.14031871643864946,0.04070753672837846,0.20095906026126897,0.08369770683394506
TACACGACACTCGACG-D1_Stim,-0.21252919607429988,-0.08237069119100049,-0.251305069702215,0.04087530640643777,-0.14369455003107667,-0.038140641567412814,0.34335701583672673,0.023878530064529002
TACAGTGCAACTGCGC-D1_Stim,-0.10291904525464446,0.01965406401649261,-0.07564910332453056,0.03833884949285782,0.02864727250228505,-0.13677913009709997,-0.03713082710437021,0.005906841982366018
TACAGTGGTAAAGTCA-D1_Stim,-0.12308575968411262,-0.060122085540660564,-0.4863504335013733,0.18940911075533506,-0.172659988620266,0.19276645893726752,0.3908560929795808,0.13556653946643848
TACAGTGGTGGTACAG-D1_Stim,-0.11982750623476512,0.02689378873167314,-0.17516495437150859,0.1681429730340156,-0.09314207618324666,-0.00685536469077519,0.09522653140396287,0.14615683416655578
TACCTATTCTGAGTGT-D1_Stim,-0.13808051851802894,-0.05588681259786199,-0.36228131809911357,0.20147643760116551,-0.23830631802069924,0.0392647728796689,0.2999202718230798,0.11723869267137843
TACCTATTCTGCCAGG-D1_Stim,-0.022541144149888837,0.06116924020259873,-0.12098526058176873,0.20380098308911876,0.006796743601006128,0.06419781566104632,0.18073014133474885,0.14415039569824017
TACCTTACAGATAATG-D1_Stim,-0.03442377467352742,0.056817963094552226,-0.12028130437303819,0.09857631566066871,-0.10880378946848701,0.017369969800927976,0.026843835603614252,0.08208471191707467
TACGGATCAGTGGAGT-D1_Stim,0.049755264827629375,0.07377880028331596,-0.143354250721468,0.1205861708010616,0.007362317312241018,0.2706660677874595,0.011534452181248156,0.12444855424316792
TACGGATTCCTTGGTC-D1_Stim,-0.08604145898170579,0.01266968806365476,-0.09168869771880139,0.190961289942166,-0.046890345391103594,-0.06896434574069055,0.1737124470381417,0.10446691899347904
TACGGATTCGTTGACA-D1_Stim,-0.02247349407866217,0.05216914746586987,-0.14021615593471903,0.09015272774242611,-0.025196337444088,0.13929707611058895,-0.018949608485801406,0.09749147405856284
TACGGGCAGAGGGCTT-D1_Stim,-0.186743683529075,-0.10266320446903876,-0.47174877377545243,0.18290269397264147,-0.1358287860586973,0.1501230566693188,0.7044406382020458,0.08058888263853348
TACGGGCCATGGTCAT-D1_Stim,-0.06276987820638347,0.020716136595286372,-0.19756601308690236,0.13650456688743873,-0.17577476420685478,-0.009934272453497428,0.1345388125894864,0.08936676961346635
TACGGTAAGTACGCGA-D1_Stim,0.033143173169646545,0.06731525151980478,-0.16969078499654877,0.12420025136619195,-0.026833991642524424,0.17364488512685838,0.038571628224595145,0.11847724249738434
TACGGTAGTCAAAGCG-D1_Stim,-0.02342419569983356,0.037192603963209336,-0.07586338819802929,0.13690995217921653,0.009191435230835765,0.03720401951443719,0.07794085407926232,0.08387115556678992
TACGGTATCTATCCCG-D1_Stim,0.012814998481253781,0.06889928057816697,-0.13836088178124406,0.09163023415388949,0.014177526648275318,0.07439788844751405,0.07091709595156104,0.07042184171722354
TACTCATAGCCTTGAT-D1_Stim,-0.21630151367873474,-0.17685611839752902,-0.7591941111275808,0.20494512425765699,-0.08934755797271698,0.3553137835914999,0.7346706968252477,0.06385778887424642
TACTCATTCGAGGTAG-D1_Stim,-0.07346632796463837,-0.00917056898227564,-0.15480309713924978,0.12378148760371666,-0.1501573765297639,-0.0048378859712272515,0.07565900923076185,0.10571431557729483
TACTCGCCAGGTGCCT-D1_Stim,-0.07102070926713644,-0.006562470101215467,-0.2820093510621753,0.20551058212124929,-0.15196507622667177,0.20478490186050102,0.3447256169463504,0.14555048303961193
TACTCGCGTAAGTAGT-D1_Stim,-0.052570948975491305,0.018318466116834742,-0.11178496451357844,0.12134702056181013,-0.1380342090383646,0.04329878775949503,0.030555480562512116,0.10538133007392858
TACTCGCTCACGCGGT-D1_Stim,-0.12863652495555833,-0.023175613024065456,-0.1577479669610682,0.014016120180194491,0.02113435971126698,-0.09001762885916342,-0.11589405493214855,-0.0041175520143550415
TACTCGCTCGGACAAG-D1_Stim,-0.03297561944442684,0.04162802842633795,-0.129977496594468,0.14665714640886662,-0.22504330320809984,0.007707090412665707,0.1862197567880166,0.08703662062574224
TACTTACCATCAGTCA-D1_Stim,-0.015563624355809935,0.055315905115877584,-0.13223171759037022,0.10352675475554562,-0.1601538759153751,0.02455012712425031,0.054185966437291455,0.076826364245008
TACTTACGTACATGTC-D1_Stim,-0.04263323343215042,0.05215470843823233,-0.18339006498937316,0.13913570850426282,-0.029176993907213955,0.04378381178562307,0.06984816499017299,0.07219870914561355
TACTTACTCAGTTAGC-D1_Stim,-0.1020181572903116,-0.05437292329472143,-0.13350974483408606,0.08103558191684002,-0.17516416663768197,-0.012991278160653152,0.03482800623547888,0.06125827508929227
TACTTGTAGTAGGTGC-D1_Stim,-0.21043491802310577,-0.0764242874391119,-0.42753967809455773,0.15166762886830298,-0.15869691077009307,0.11816724818842239,0.4574905098806177,0.10179745383567429
TACTTGTGTGCATCTA-D1_Stim,-0.016081434743238532,0.039357603737412816,-0.17227492677451295,0.1269383076709012,-0.05852569521703366,0.08767262056757374,-0.009652388237796572,0.08137122840514088
TAGACCAAGTTGAGTA-D1_Stim,-0.15590763951702513,-0.0765191678618411,-0.1668761445619502,0.06455395898866279,-0.08798223462046195,0.0113935375608758,0.2572872414033789,0.08018296728996788
TAGACCACAAAGAATC-D1_Stim,-0.07767009600640051,-0.005433582662616843,-0.19789505637133864,0.1522266981756495,-0.2587733239350083,0.047549957475013116,0.07413150360112297,0.09457690390740936
TAGACCACACAAGTAA-D1_Stim,-0.05633775593727819,0.046045854104264095,-0.07107240385681379,0.018397386899719592,0.0738491009758917,-0.14728812596900553,-0.08151394556297475,0.011654739812657411
TAGACCAGTAGGAGTC-D1_Stim,-0.137025776074724,-0.030795311967713346,-0.2378872420712499,0.08026416758943355,-0.08662702002607503,-0.04451752103130957,-0.10943113877178945,0.07586833486053735
TAGACCAGTTCACGGC-D1_Stim,-0.054552333514497064,0.032191255260551443,-0.12544890993448643,0.08373557398186726,-0.08417729435325505,0.046207090037819754,-0.06262972865309635,0.07626722347168347
TAGACCAGTTCGTGAT-D1_Stim,-0.040621860065488846,-0.04945920715044494,-0.4352654862390093,0.14267267064071198,-0.22391193253244346,0.1542655031551412,0.35299704743068006,0.0750355640204532
TAGACCATCGACGGAA-D1_Stim,-0.18115546861944587,-0.08979712962661424,-0.2618550948713132,0.08415870614970977,-0.10774567273889701,0.0074786515986211555,0.61861465005002,0.08289699683553309
TAGAGCTAGGATGGAA-D1_Stim,-0.0749542664350944,-0.00019644426179610264,-0.2958412580754102,0.14570979690352814,-0.18082312282041713,0.11208624691421853,0.15538518527147005,0.11890558874508628
TAGAGCTAGGTGCAAC-D1_Stim,-0.1600071756442425,-0.05964696547838244,-0.2900598414864355,0.10076772611673057,-0.18265512853002974,-0.047625796637685625,0.1509664548000309,0.05737526973417495
TAGAGCTCACAGACAG-D1_Stim,-0.15210954547202782,-0.046739013394610396,-0.23436156855328605,0.07794579599690543,-0.0606240145792043,0.08267054555295239,0.3042560876804288,0.04287195722528203
TAGAGCTCATCGGAAG-D1_Stim,-0.07971566518980744,0.008592764250060725,-0.1320728963270259,0.12230843733369845,0.005205806455778728,-0.026946547064802928,0.05475035209641277,0.1204009216037818
TAGAGCTTCCTCATTA-D1_Stim,-0.05728562299325368,0.03426899724728827,-0.13709597667048445,0.14015834504144742,-0.052941273637847175,-0.029500331425319715,0.10580762004155275,0.09049757946473136
TAGCCGGAGCCGTCGT-D1_Stim,-0.16905368703521795,-0.05592454086625942,-0.2342721133725103,0.0565175418001278,-0.14880004879756292,-0.013711934283051619,0.2671478004901964,0.0686423410922643
TAGCCGGCATCACCCT-D1_Stim,-0.09133378822425797,0.017133793053575985,-0.21985188542780865,0.10946726971019594,-0.14898717879232848,-0.01996707664425479,-0.11344151682547121,0.08599294425742166
TAGCCGGGTAGAAAGG-D1_Stim,-0.02153477121236591,0.04480040040091282,-0.13001471342209214,0.10732694742706883,-0.05608015195827498,0.033367822483498344,0.02587158070720008,0.09035873538306127
TAGCCGGGTGAGTGAC-D1_Stim,0.009242928545747375,0.06996313411900168,-0.08031155394108946,0.1068785441376221,-0.009970907474698976,0.06432504699703578,0.06393111598369217,0.07531161817938248
TAGCCGGTCACCGTAA-D1_Stim,-0.19425995630646398,-0.08693472407245295,-0.233351085045844,0.06982075019982403,-0.13930574172902332,0.01957184656469302,0.3661639753938104,0.08890076183659978
TAGGCATAGTTGTCGT-D1_Stim,-0.08646435456953405,0.0352451636108686,-0.11605994317145107,0.15712549336991444,0.003183293748785232,0.0038227029310036187,0.13522928020776703,0.14494590852621236
TAGGCATGTATAATGG-D1_Stim,-0.09194529136904173,0.00382285625744494,-0.1969913385440778,0.11894196560197656,-0.11354742664125972,0.03424670504485583,0.07878415445398446,0.10384188753070056
TAGTGGTAGACAGAGA-D1_Stim,-0.1654889872015879,-0.09301942912612837,-0.32734787801807386,0.12439403148540151,-0.24836752939488527,0.06298361770382854,0.2777478225793928,0.08220017620216424
TAGTGGTAGCGTTGCC-D1_Stim,-0.06615552493725829,0.004035323367936883,-0.3601911709429526,0.20380736024424628,-0.2817790345936402,0.2726051367845592,0.22080153784849976,0.1593760461011211
TAGTGGTAGCTGATAA-D1_Stim,-0.23006119785900658,-0.06473331934043713,-0.3838894713998773,0.13286458359975128,-0.31732562784807783,0.10688883709774899,0.34189778700285167,0.10494156087163198
TAGTGGTCACCTCGGA-D1_Stim,-0.07163317085210075,0.04888865520709906,-0.11289363746523673,0.1696042006577123,-0.060374369740200606,0.006635100446446884,0.1426104971718729,0.11655258253189338
TAGTGGTGTAGCTAAA-D1_Stim,-0.4115973449610557,-0.1805278211962733,-0.5907088563059819,0.20604464161257852,-0.3476130128803465,0.22592023509437098,0.9325607874137347,0.09191308034639079
TAGTGGTTCTCCTATA-D1_Stim,-0.006048225891866821,0.0639003331794008,-0.16716134053408993,0.1465936849539453,-0.17100150933693392,0.018396888775926712,0.12198673836727636,0.08675506168785319
TAGTGGTTCTGTCTAT-D1_Stim,-0.0841682949308371,-0.04615480936710625,-0.38850787158724476,0.17541028570589567,-0.14236520000450703,0.1392830735637407,0.12975300734013118,0.11153402836971438
TAGTTGGGTCTCGTTC-D1_Stim,-0.021014187286928276,0.06042187020435463,-0.17466340759966048,0.12417763556644346,-0.18210933151765651,0.03984869984941142,0.05845195200804909,0.07152497924978007
TATCAGGCATGGGACA-D1_Stim,-0.08201816715745736,-0.04948697762266363,-0.3538824724983485,0.20158808550061025,-0.08021090095805405,0.47381726719084405,0.33559738963119834,0.11662824279259709
TATCAGGTCCCTCTTT-D1_Stim,-0.1342621060571254,-0.07619996313420963,-0.32403143428410175,0.12950410859134287,-0.2356612890597649,-0.0022160287941268564,0.20170519490871186,0.08584696631300837
TATCTCACAAGGTGTG-D1_Stim,-0.0816835514954466,0.002761579960832705,-0.2107988686061626,0.12543148786586045,-0.11732222774293888,-0.04070008851349094,-0.0030135078749644606,0.08105941847184184
TATCTCAGTGGCGAAT-D1_Stim,-0.11139762434622646,-0.007617108071817924,-0.19188759071659423,0.11770819808081612,-0.1908914191667055,-0.022142920449649495,-0.006358938508686407,0.0623362278759334
TATCTCAGTGTTTGTG-D1_Stim,-0.1497652737999431,-0.019499994862350434,-0.1798672646880819,0.14601498657504308,0.0011619774098896585,-0.07174672974182172,0.09741901227674532,0.06773760288196229
TATGCCCAGGAGTTGC-D1_Stim,-0.06900196300914097,0.04020433407816704,-0.2297420900253222,0.12152834341300789,-0.18900003676817967,0.05370387145779354,0.059595543793541594,0.11267439556430503
TATGCCCTCCGGGTGT-D1_Stim,-0.09741569800626237,-0.028225183216585847,-0.33386027546304486,0.14111718072283708,-0.22155775168827851,0.07784415461288674,0.3395755062163559,0.11811069197389834
TATTACCAGACTGTAA-D1_Stim,-0.2588964319076723,-0.15874167669907635,-0.6331832195933877,0.15562397137510153,-0.12728491163427336,0.1554593682699963,0.37128259751148107,0.07479614271704094
TATTACCGTATCTGCA-D1_Stim,-0.08618039840231262,-0.021708107389210696,-0.1995033669529791,0.07095838101476382,-0.04526342800657979,0.0764100890565853,0.0760569607116075,0.08161636199450584
TCAACGATCAGCTCTC-D1_Stim,-0.08715489608238691,0.004987148892412918,-0.13637718106527075,0.12459026937828455,-0.1555589191041804,-0.010696769515151416,0.09084826748655672,0.1068785552198257
TCAATCTAGCGCTCCA-D1_Stim,-0.26243569157093205,-0.12911594860002396,-0.4676085848264675,0.1212083280693772,-0.18407123390823088,0.06283316669845895,0.6480666404440178,0.03601710043226447
TCAATCTAGGAGCGAG-D1_Stim,-0.18063053932548812,-0.0721222270004418,-0.4300792108631324,0.15966664572143507,-0.18473175062999658,0.11256444426848589,0.3386965393324388,0.0974789177047306
TCAATCTAGGTCATCT-D1_Stim,-0.049400673559324204,-0.01866476682917728,-0.20773585555878604,0.0735583085215481,-0.11398844824400989,-0.009902099547861809,-0.02300358495152821,0.07709005133971658
TCACAAGCATCTCCCA-D1_Stim,-0.018091411663474943,0.04680809830291821,-0.18530542052639642,0.18810318902839462,-0.001738282531103863,0.08012614628372106,0.2482965798740011,0.11296985956863814
TCACAAGGTTTAGGAA-D1_Stim,-0.16636520850164338,-0.10175012756703516,-0.6008073641210565,0.1687608689531075,-0.21086279372849148,0.13987591734840343,0.3652075563449415,0.13756562328875432
TCACAAGTCAGCATGT-D1_Stim,-0.09039880730719929,0.012088774720774964,-0.28848593587123084,0.1713903557218952,-0.15454162660586057,0.16430182637773072,0.31689350639030067,0.14537693286671782
TCACAAGTCCCGGATG-D1_Stim,-0.09530763188542046,0.023831188596508568,-0.23616793211438836,0.13036077737461227,-0.24558335496699968,0.036687708924789675,0.061992925698334034,0.12046492112270712
TCACGAAAGAGTTGGC-D1_Stim,-0.04309499420344132,0.05479694963636916,-0.16269883155130493,0.12488014262684644,-0.029203105470232416,0.051705256885759,0.030032019660598763,0.14449529527350258
TCACGAAAGATACACA-D1_Stim,-0.10023366979363324,0.027477412987124694,-0.21738607881931138,0.08241119720515755,-0.04875789973806555,-0.07341613196681251,-0.08842816557272926,0.032741350831749116
TCACGAATCGCCAAAT-D1_Stim,-0.10843611720419055,-0.026535261508392693,-0.1634802354359879,0.14898001240515057,-0.06422939844859954,-0.06767722236626561,0.1244126224970401,0.09883347573918577
TCAGATGGTCACCTAA-D1_Stim,-0.02792180207569217,0.03190521540252611,-0.12758607823181833,0.07775324358328106,-0.0491701615713005,0.10098600529318524,-0.021398304367007626,0.10465621637646372
TCAGCAACACGAAATA-D1_Stim,-0.20683966520172525,-0.054292587707680084,-0.380492992355121,0.1805498039106137,-0.20200849794945874,0.192033104355815,0.5999108178062986,0.12513433936110374
TCAGCAATCGGCGGTT-D1_Stim,-0.22570023137833317,-0.05905726040023751,-0.21115794337142724,0.15916043639216504,-0.06827526235906944,0.1283847685340831,0.48445968908873205,0.10949779465279619
TCAGCTCAGATGTGGC-D1_Stim,-0.12514260104485508,0.014950368416094761,-0.18855131841008532,0.11841875093782761,-0.16755646270835278,-0.03502673324848615,0.08635977156344055,0.06590261675967746
TCAGCTCCAGGAACGT-D1_Stim,-0.1482594108808044,-0.06482989394300098,-0.2820541078903247,0.09388054109919608,-0.20170418378261878,0.03636402936745853,0.17945774376659962,0.08018984872816226
TCAGCTCCATCGATTG-D1_Stim,-0.16894413467017344,-0.05050909999103581,-0.22905603544303865,0.11613311808702953,-0.21744740819378094,0.03254705245324807,0.1385041324148375,0.10466627136330509
TCAGGATAGAAGGACA-D1_Stim,-0.1018007501960021,-0.02976993540926287,-0.30153775240242275,0.18175138909510657,-0.11353945961213974,0.19932746205379814,0.5151364180440741,0.12739118800893579
TCAGGATAGACCTAGG-D1_Stim,-0.0363318794201124,0.04121899711357102,-0.09691548645410997,0.11472679647267725,-0.11499249084422303,-0.02156619679389493,0.041379283861601834,0.08579123159733015
TCAGGATAGCACCGCT-D1_Stim,-0.024576026782765936,0.06187906978240321,-0.11663538884124591,0.15070437777703205,-0.006519769808337017,0.023213547888060404,0.0961782396912021,0.13619652990141162
TCAGGATTCCTTAATC-D1_Stim,-0.08150487241842796,-0.008994643412354009,-0.2767609783908531,0.18114422909375705,-0.2261627575107905,0.008184076994133704,0.21378766675172756,0.10672957401372862
TCAGGTAAGTTCGCAT-D1_Stim,-0.059967037807842516,0.0031173962607180528,-0.12003448353255575,0.13061228705825556,-0.06044841128902512,-0.055235913335499376,0.09893092185045305,0.05852168791315826
TCAGGTATCCTCTAGC-D1_Stim,-0.028463506197567767,-0.0618937783006821,-0.45610695536615964,0.19229444918739524,-0.1917075253361329,0.27923064129660524,0.2949375070719906,0.11167516634144015
TCATTACCAAGTTGTC-D1_Stim,-0.1166564514269357,-0.06527343158783694,-0.17177226860120243,0.03914397351431198,-0.11055199234005109,0.006873347819256637,0.02822009673266379,0.06732366090565378
TCATTTGAGATGGCGT-D1_Stim,-0.13398083678302974,0.016791883481978687,-0.18448044816532505,0.10629083642527526,-0.1677918945987269,-0.055874323715098484,-0.06331667227447824,0.11734095878827588
TCATTTGAGCAATCTC-D1_Stim,-0.026595863804002917,-0.04818940643801106,-0.5008883318086728,0.23223539647695546,-0.32966914800376124,0.3267464432632554,0.5002611291671695,0.1398482289892442
TCATTTGCACTAGTAC-D1_Stim,-0.06468465991824246,0.0023771346603407295,-0.137530946283408,0.08814351378551422,-0.22063250458756656,0.018626917026075773,-0.1324283604569274,0.060702648589938235
TCATTTGCATGGATGG-D1_Stim,-0.021179430890569506,0.014786093228870811,-0.46646401475135235,0.2568938895080173,-0.20807683986141434,0.3409664950539515,0.250150792782339,0.20658254901673168
TCATTTGTCACGGTTA-D1_Stim,-0.05857410689509912,0.048451670070610575,-0.10633738311368912,0.14511630832799227,-0.08690228937811995,-0.0041374667270659415,0.09924922219734,0.10382663207872866
TCCACACAGCAGACTG-D1_Stim,-0.08197146319925253,-0.036672095412557226,-0.2515622058344782,0.08409872635035143,-0.10882812505013995,0.04814399622414278,0.15640233529202519,0.09643881106110896
TCCACACGTTTAGGAA-D1_Stim,-0.09991192510511482,-0.008217836212844887,-0.43033042676477073,0.16100511061598155,-0.1569978725442862,0.17300535861159183,0.3334758820836363,0.12146428875640858
TCCACACTCTTCCTTC-D1_Stim,-0.010109495274772229,0.054183128566945626,-0.13044800889970531,0.15006508448179545,-0.09972737996386272,-0.0018884331408433042,0.1063641131882811,0.09300652341651094
TCCCGATAGGACATTA-D1_Stim,-0.10913436268220877,0.005686525102170492,-0.26955111066129334,0.09990057234393745,-0.2758061133861709,-0.003435653455646559,-0.05965866790339547,0.09295806948113139
TCGAGGCCAACTGCTA-D1_Stim,-0.05407415019811346,0.050553154965470526,-0.15412227919608412,0.11381594175123944,-0.13953218381050725,0.023462984410189236,0.048304186888699974,0.09877679475280843
TCGAGGCCAGTGAGTG-D1_Stim,-0.17617257793644292,-0.06346962330743722,-0.4970719094530107,0.16080450216237807,-0.22259934171551876,0.17603261125129244,0.39739723596622767,0.0872688646487223
TCGAGGCCATCTCGCT-D1_Stim,-0.1531822306089854,-0.028516465253380474,-0.3289013651262245,0.12419332404516048,-0.17355407332918737,0.07083562905077478,0.4406253670451932,0.11073906019520052
TCGCGAGAGGATGCGT-D1_Stim,-0.13707115228028321,-0.058389252834379235,-0.43671442155156903,0.0954462574299928,-0.2938357321212415,0.013295804407842837,0.2498146949597171,0.03396127122182513
TCGCGAGCAGTGGAGT-D1_Stim,-0.04011745789691368,0.021116697043929378,-0.13390424319519756,0.15799476977488247,0.020198277899623918,0.0765989628799506,0.12096362730630617,0.09921990054838759
TCGCGAGGTACTTCTT-D1_Stim,-0.015846982954757394,0.04649413892186516,-0.07729015737552736,0.10425995020773726,0.02505910387185395,0.02530505147588258,0.08036821121623561,0.08555751030018577
TCGCGAGTCCTCTAGC-D1_Stim,-0.08680394406348846,0.005375849438923552,-0.17363788307461991,0.11691640446070473,-0.17739970922042936,-0.06273961876321188,0.08407929380680557,0.03772383844678018
TCGCGTTAGCGGATCA-D1_Stim,-0.0711208551581155,-0.04705597173291487,-0.3872440184333854,0.14538307963612596,-0.12625100116223464,0.16038819894664869,0.2930148376470978,0.07711689334645833
TCGCGTTCAAGCCTAT-D1_Stim,-0.13820676139704524,-0.048026522244187575,-0.21610584259356003,0.14538097710905085,-0.1409304459108398,0.09748365536074033,0.527669969170038,0.09450112084853579
TCGCGTTCAGATTGCT-D1_Stim,-0.1252869159650416,-0.013703822521835107,-0.32194781010615436,0.08191354652995386,-0.12355360389543968,0.15769946005194768,0.30194378306472913,0.10196057994166097
TCGCGTTGTGCGCTTG-D1_Stim,-0.15718993967603545,-0.0702799195688435,-0.4333708452258307,0.07380810208270461,-0.29081307254396194,0.02138674273229313,0.07412713332452725,0.042995200829933466
TCGCGTTTCCTACAGA-D1_Stim,-0.19748114534931638,-0.06101987372397133,-0.28484464467435266,0.14808208358592623,-0.2518048192675586,0.07145796594246612,0.40295918986167223,0.10115419349715182
TCGGGACGTTTGTTTC-D1_Stim,-0.16911122109411103,-0.07872116902232307,-0.21412835977386013,0.06665700263878804,-0.12616604224132644,0.0194454195139393,0.36222356144731194,0.07500423021670244
TCGGTAAAGGATTCGG-D1_Stim,-0.13093352252510648,-0.06144446871241627,-0.21733857880185603,0.08885684992221243,-0.16351787554199326,0.023627134096425806,0.21437487211432682,0.08598277928541442
TCGGTAACACCCATGG-D1_Stim,-0.10061644656453872,-0.04085392314270209,-0.4204340201462866,0.18629369814042107,-0.24953241576856122,0.17646197582062229,0.4086002617136373,0.10306177982408649
TCGGTAAGTAGCCTAT-D1_Stim,-0.0685627793394854,-0.06213476789163863,-0.3507823533576957,0.1507911069623642,-0.18032152501661258,0.1928372340060207,0.6379483146463727,0.09340105575795121
TCGGTAAGTCCGAACC-D1_Stim,-0.1132776929532131,-0.04128473882976458,-0.28021069486374905,0.21065115166210902,-0.20804480189957886,0.21400821523194757,0.4481961711524818,0.10824037358985805
TCGTACCAGTGTCCAT-D1_Stim,-0.3261815354188293,-0.12582980291862,-0.5931547733802915,0.28717192390791446,-0.23540744100987077,0.3297146873162653,0.9380121590720805,0.15751945989594596
TCGTACCCAATGGACG-D1_Stim,-0.03208463444649823,-0.013968221698462457,-0.09459954659075365,0.1123972992839839,-0.16383503444001946,-0.01804262033257409,0.024436867115223748,0.06293914692803604
TCGTACCGTCGCGGTT-D1_Stim,-0.12683448709776357,0.004452536718650535,-0.24066620001451078,0.19380571643650413,-0.07565603442317048,-0.019354997871756652,0.18796719209956692,0.135686586261361
TCGTACCTCATGGTCA-D1_Stim,-0.048074665297836106,0.044882758526458844,-0.21485549922855984,0.14015839664950214,-0.11357638157101846,0.09086729679317607,0.12486848577486853,0.13275023093473415
TCGTACCTCTATCCTA-D1_Stim,-0.12291094402921665,0.04765746735091625,-0.22606112617528495,0.18238070940728335,-0.08276677222413475,0.0055012534464111695,0.15839236451892091,0.13985902556797392
TCGTAGACACGCATCG-D1_Stim,-0.003686818899872435,0.06343025597631247,-0.1485266895297137,0.11444605516450324,-0.07624332425583447,0.017683919221692435,0.03564220329267087,0.06382634634450746
TCTATTGCACACATGT-D1_Stim,-0.060871165011127104,-0.059044148929780604,-0.20090546230088524,0.008183788911187762,-0.030918402452462246,0.028544840149704598,-0.20116246858253106,0.031660219062283446
TCTATTGGTAGCAAAT-D1_Stim,-0.10539369979820457,-0.07657605026367875,-0.5281397047549508,0.18694216254986173,-0.1698610589912839,0.27913885468197996,0.6279878593517738,0.029836473200438363
TCTATTGGTGAAGGCT-D1_Stim,-0.11861044037750013,-0.06838445147666761,-0.42903222388813056,0.1756847373156134,-0.2069228865754944,0.02737313814011344,0.24622012890267087,0.10097994936588428
TCTATTGTCGCACTCT-D1_Stim,-0.0879853051760282,0.02697028213721886,-0.293323943201214,0.12463654484720266,-0.07972969899989124,0.06571639195622936,0.10077248043063491,0.0866058663033833
TCTCATAGTCTAACGT-D1_Stim,-0.12828804036558417,-0.028140016914205646,-0.19051985238386226,0.07814063415479566,-0.15612508931230096,-0.0004768991027415126,0.1758635067015284,0.09347021427091917
TCTCATATCGGCCGAT-D1_Stim,0.05868056992134285,0.06296045771374637,-0.23212928293510338,0.16063936232141707,0.0026549362031431656,0.15283419530875442,-0.001439005338756516,0.14203604070316445
TCTCATATCTCTAGGA-D1_Stim,-0.22163324312450605,-0.06866134817360603,-0.36246544555931415,0.14177062347026492,-0.1682853478948516,0.2596200800511781,0.3787925901431155,0.11612096813177786
TCTCTAAAGTGTCCCG-D1_Stim,-0.024559169788492596,0.04996150254742027,-0.1864414112924777,0.14169131492674225,-0.1285767977776775,0.04144462732703502,0.11999491725967104,0.08849311266590298
TCTCTAACACTGAAGG-D1_Stim,-0.051886578303381725,0.018446680702576046,-0.17782067600489437,0.07555734285283577,-0.0787004384245833,0.07090433249324235,-0.014552944183868988,0.08442089038839562
TCTCTAACATGCCACG-D1_Stim,-0.003153344122775792,0.11156416790596779,0.023113649029962602,-0.03036943592930008,0.08646186837256664,-0.15945916360639778,-0.4345301657421956,-0.017266311967979675
TCTCTAATCGAATCCA-D1_Stim,0.039853997840483046,0.04086256949259415,-0.11565040236069724,0.10028814539706588,0.09409296529745603,0.31431382176159595,0.02301350744579267,0.1046481239621766
TCTGAGACAGCTGTTA-D1_Stim,-0.12134965688381172,-0.033097489550748094,-0.1925692853437475,0.08478701111704012,-0.21295513778945185,-0.008760857054971538,0.10206328324886726,0.0841346527426925
TCTGAGATCTAACTTC-D1_Stim,-0.05485619057240143,0.00511992831133945,-0.09635502043251076,0.09279961282043914,-0.11246105201080425,-0.0061913054633855324,0.09233813436375371,0.07357956488866257
TCTGGAAAGGAGTAGA-D1_Stim,-0.2108533619439985,-0.11610586556661495,-0.41782796425911695,0.10767809300111075,-0.1933771713124557,0.016224273970403047,0.3484595643122894,0.06822486628143665
TCTTTCCTCCATGCTC-D1_Stim,0.06733478414887628,0.09709157016455272,-0.23156436624169618,0.19026524102564935,0.023981554455374976,0.2134000224084147,0.0028925424308461345,0.1439155203689353
TCTTTCCTCTTTACGT-D1_Stim,-0.1597136027812205,-0.0837004561782706,-0.4569970589855057,0.1599569016794984,-0.12975939106155998,0.15158332565161636,0.5545558705066806,0.09753731953743205
TGAAAGACAGTCTTCC-D1_Stim,-0.11567688506935347,-0.015507104976396846,-0.11115958136783188,0.11824044653180366,-0.030276439208813954,-0.10316040367229107,0.0792202042092498,0.056785478471450546
TGAAAGAGTTGCTCCT-D1_Stim,-0.16690277391050756,-0.0644592245682638,-0.557373097523346,0.17131882655606745,-0.12393565532279638,0.18382388852000453,0.39251109456204425,0.08840387279636808
TGAAAGATCACGATGT-D1_Stim,-0.05272819951682095,0.01789005440137892,-0.24800651101122284,0.1373324305420276,-0.24765772398462005,0.03731060146312437,-0.0902472606857323,0.09216491155197204
TGAAAGATCATGTAGC-D1_Stim,-0.2603720397342766,-0.09878806029638909,-0.39710166984399464,0.12046443580650923,-0.26470660908082877,0.05736158480583775,0.4326380357362094,0.10536724737428571
TGACAACGTCATGCAT-D1_Stim,-0.08790090571502418,-0.05720120601923284,-0.20334965122778392,0.11185398405782898,-0.23555418146177054,0.03658010765621178,0.24333426068840858,0.07211928186815264
TGACAACGTGCACTTA-D1_Stim,-0.10287343294738349,-0.03452476788282155,-0.198176503915243,0.089810503813748,-0.14873563953029212,0.016663652714886013,0.0073052224450798064,0.09609922443071817
TGACAACTCTTGTACT-D1_Stim,-0.11037944379336473,-0.029332926532140036,-0.2013862774741808,0.08841156861844013,-0.04150543847423194,-0.1137640091274168,-0.02407005969631726,0.045423898220137815
TGACGGCAGGCTCAGA-D1_Stim,-0.1981847286538052,-0.07662611003473074,-0.24572252624291835,0.11562105409012347,-0.2604079038253442,-0.05284864363721731,0.2865027809206957,0.09444235899187525
TGACGGCCACCCAGTG-D1_Stim,-0.057606595424381624,-0.01956530673211354,-0.33197922016092996,0.11364826515910664,-0.2031711712776243,0.13545979217518678,0.1788704062817601,0.1014314282594686
TGACGGCGTATAAACG-D1_Stim,-0.06357705223513932,0.021363132023473952,-0.0940016406868942,0.10115007233314444,-0.007367596396210985,0.00861862213760034,-0.023641547611529035,0.09875141258666886
TGACGGCGTGTGACCC-D1_Stim,-0.0869463668651651,-0.047590147805292915,-0.15070734240096506,0.08633890752736662,-0.11319589261893448,0.029055265585141044,-0.004605001781360585,0.08952758864953125
TGACTAGGTAGCTCCG-D1_Stim,-0.011524253232904513,0.013625759402115634,-0.23355576886464036,0.14269354242661514,-0.06302509889742325,0.18492221432660294,0.2358604154050159,0.11594236846037909
TGACTAGTCGCCCTTA-D1_Stim,-0.045160245882978955,-0.029400837128887858,-0.23046447210145526,0.13358376747849832,-0.1305426597143402,0.13695471339691778,0.20055930176578585,0.14864002695975742
TGACTTTAGAGATGAG-D1_Stim,-0.08348837353565841,-0.022088876776034994,-0.13545131767932528,0.0674508922121575,-0.07998214797468073,0.012156575218240206,0.05593529737466696,0.06537139464658992
TGACTTTTCCGCGTTT-D1_Stim,-0.05180939102252857,0.03853096168781889,-0.13333153543747844,0.10055659496589264,-0.10590630703345205,-0.09737217538066467,-0.12321308185086366,0.026424613664019603
TGAGAGGGTTCAGCGC-D1_Stim,-0.11886449815015254,-0.05173651929717238,-0.4680130747434328,0.17643529281380843,-0.17471632272322424,0.24129595196715492,0.42919103949310333,0.05542118194660617
TGAGAGGTCTGGGCCA-D1_Stim,-0.06492058688315261,0.004968603051617393,-0.1329338467449661,0.14061643269290514,-0.14701543337247358,-0.007571436110731966,0.2055755432436861,0.09123563082766495
TGAGCCGAGTTAGCGG-D1_Stim,-0.09312779298922536,0.03165055768974767,-0.22300342570384046,0.07554889092866901,-0.1927951476059988,-0.012974169468813912,-0.224016127107312,0.06438573813502302
TGAGCCGGTCGCGGTT-D1_Stim,-0.087856852171317,-0.06716543003030573,-0.31237992513747415,0.1274776998644782,-0.1405338065654398,0.20212969625556276,0.02508233719777664,0.08031196273522312
TGAGCCGTCTGGTGTA-D1_Stim,-0.017255036344574037,0.0128224659701619,-0.10004726690074328,0.106521213895725,-0.12367375517549384,0.00021711978227578754,0.07919842055786219,0.08524845929720648
TGAGGGATCAGTTGAC-D1_Stim,-0.15937288730527044,-0.09800499339531221,-0.19735888800161572,0.043467826852140234,-0.1414852528924797,-0.0377341924306176,0.10057701518846862,0.06534848737487842
TGATTTCAGGTTCCTA-D1_Stim,-0.19792035908164074,-0.07914130980024581,-0.5407424528361062,0.12781500314365246,-0.30726839710742126,0.05968154949869664,0.3817036065693067,0.06603393788989997
TGATTTCAGTATCTCG-D1_Stim,-0.017717056622581495,0.09288310093124608,0.20308131186032696,-0.03174152420890053,0.1452376049083508,0.13792210951304362,-0.2706462043303226,0.04384128334094406
TGATTTCCACCAGATT-D1_Stim,-0.03531688270544464,0.03128549367256106,-0.1548108721553101,0.1055915412150803,-0.07837596026974047,-0.009317736491487594,-0.013480653687299338,0.07955497184166482
TGATTTCCAGACGCTC-D1_Stim,-0.2717073232293359,-0.09397815190922643,-0.5644536109534943,0.17449591436990985,-0.314644745502628,0.06531785335305074,0.43251305993123346,0.10231220869683
TGATTTCTCACTTCAT-D1_Stim,-0.09653220294116593,0.010264857081356382,-0.35320960204792584,0.20334556070368137,-0.14925216202015257,0.2549643654844864,0.21173159211772052,0.1725376188200336
TGCACCTAGGGTTTCT-D1_Stim,-0.19264351992910989,-0.09087536531796658,-0.17738873454658588,0.0901270554095035,-0.13825228140791346,-0.029497845479200535,0.4412195334084963,0.08139060695821598
TGCACCTGTGATGCCC-D1_Stim,-0.13774604084894548,-0.0382733111190845,-0.33421253331366074,0.05863797866969023,-0.1435789673478851,0.013300450154396515,-0.27951389780833935,0.03283331862766481
TGCCAAAGTAAGCACG-D1_Stim,-0.10852728488915453,-0.05451204222593731,-0.20457188899769285,0.06914294484803385,-0.0903584159623314,0.05140669899262207,0.11481718383495121,0.07438048976934653
TGCCAAATCCAAAGTC-D1_Stim,-0.016863237289861388,0.0526899262189886,-0.15465905184967266,0.1341327405017516,-0.0850672972758364,0.024524047292647566,-0.02696790680947103,0.10979934401838953
TGCCCATGTTCAGTAC-D1_Stim,-0.2832440678836381,-0.18646056117157173,-0.7056037152977082,0.18081131429228847,-0.32900361712332504,0.12155006431005866,0.5641752666925512,0.10124751699005508
TGCCCTAAGTGTCCCG-D1_Stim,-0.16670643830962995,-0.038006954495465095,-0.44279895616268306,0.13532530682103605,-0.3454398076926388,0.0341233178886835,0.0960778722573643,0.09481290493250327
TGCCCTACAATTGCTG-D1_Stim,-0.055703800695125594,0.037620279954742486,-0.1323437742419502,0.12369060722245706,-0.10558903181120982,-0.02079420170512769,0.07908908167743078,0.05487322418290219
TGCCCTAGTTCTGAAC-D1_Stim,-0.08648396957929272,0.006978836731157401,-0.08803733762008203,0.09034116458816399,0.01875012501280615,-0.06779582434030651,0.0684056013238461,0.061996548991530176
TGCCCTATCAGCTCGG-D1_Stim,-0.11370967261806975,-0.019643091135586488,-0.16659040750751686,0.09056996406809859,-0.047095504923760245,-0.08133921145064171,0.027016160111738685,0.03819406377136936
TGCGCAGAGCACCGTC-D1_Stim,-0.039830652490934426,0.012387739444614354,-0.20788473969188992,0.10021328893119374,-0.11734122785835766,0.08080085091459921,0.12460327390959947,0.06417736881531866
TGCGCAGGTCAAACTC-D1_Stim,-0.13733592676416428,0.021965637337425292,-0.17374510669386023,0.16376427715768216,-0.15138268048760573,-0.007626493374244703,0.10975604780813697,0.1397675594062484
TGCGGGTCAGGGAGAG-D1_Stim,-0.14076892405322639,0.032250874919570904,-0.16549623320741436,0.14998212722604976,-0.0812086491890831,-0.0143583308799613,0.1373080324496705,0.12648027930803707
TGCGTGGCAGATGGCA-D1_Stim,-0.2096631015439474,-0.08534176704091756,-0.5168855726624582,0.2238436092049163,-0.2619064091183301,0.19132816009702758,0.6434344948881154,0.1070991019003511
TGCGTGGCAGATGGGT-D1_Stim,-0.07681127639804863,-0.028323957914055953,-0.1668814507221601,0.05912830018090709,-0.11075037141677413,0.04879889892734646,0.1490607509069264,0.08556646636594145
TGCGTGGGTTCGCGAC-D1_Stim,-0.17189549092348955,-0.061778305066777506,-0.37743430085048324,0.20893285949904872,-0.23800811120450405,0.24083365854776595,0.49335628111535357,0.12998849519695277
TGCTACCCATCTATGG-D1_Stim,-0.31884136204106817,-0.08507573641572819,-0.4102660056268608,0.110144912846728,-0.1795520362006009,0.0681546324030986,0.3396497460741319,0.08764663986414334
TGCTACCCATGTCTCC-D1_Stim,-0.31777975637183964,-0.0812112807304679,-0.5494951387275062,0.12256281938914881,-0.3336896077051943,0.050266267897725925,0.40888758642278766,0.0939461271580484
TGCTACCGTAGATTAG-D1_Stim,-0.05622942138113807,-0.02035771108178963,-0.3349844458688853,0.19117840510783068,-0.21148773341762883,0.2017498357011842,0.3295545922246408,0.11645676786210046
TGCTACCTCTTCATGT-D1_Stim,-0.14939822428642202,-0.04908185946696797,-0.38197768736574034,0.1269971844584159,-0.2818416898097702,0.057621212457686255,0.08128179621555809,0.071952507667568
TGCTGCTAGTGGGATC-D1_Stim,-0.16930950661241795,0.008469591795517317,-0.5452583989695707,0.11420535212534233,-0.1384673623312498,0.0599904896906871,-0.1868630202122894,0.03827779872846193
TGCTGCTGTAACGCGA-D1_Stim,-0.024836421946183407,-0.06842527184680236,-0.3467854488514366,0.31947465427326094,-0.17538149571797312,0.3309940849794337,0.725154149067647,0.12576925561575436
TGCTGCTGTCGCATAT-D1_Stim,-0.13803828100434856,-0.04325411270504276,-0.17508300968064905,0.035973816726725616,-0.05661992304383645,-0.014042387393535805,0.3523444140017933,0.0218409042634935
TGGACGCAGGCGCTCT-D1_Stim,-0.0921898297395014,0.026859197616520447,-0.24366391254020048,0.05841226553547507,-0.230715215552042,0.03660703338171878,-0.2336678622205106,0.06698632489070633
TGGACGCTCCGCGGTA-D1_Stim,-0.08635600515759911,-0.013291958268617066,-0.26020078973239347,0.08944555217613548,-0.07693814073470051,0.11914813493952536,0.2459374885689929,0.09965290030748264
TGGCCAGAGATGCCTT-D1_Stim,-0.08568404607522773,0.009984347376381209,-0.14448013044857966,0.16373220474679684,0.004131424519224325,-0.04879322657522067,0.17787985869570733,0.14240643401895703
TGGCCAGCAGCCTTGG-D1_Stim,-0.1416932510075135,-0.021465694840888006,-0.1433054038183137,0.11381987185092868,0.01381824713136659,-0.11003597990084835,0.053434625209661135,0.10236932465921456
TGGCCAGCATGCCACG-D1_Stim,-0.031366835256427805,0.036282353188733296,-0.05599953985099759,0.1279268699801186,0.03410036183145593,0.007431939973612245,0.14533121028410179,0.09031359384694682
TGGCGCACAGGATCGA-D1_Stim,-0.08496537774112589,-0.01263068627547348,-0.21055847791630988,0.07336358927775777,-0.05927465307383173,0.07429438953909795,0.2536516723757707,0.061281873733616266
TGGCTGGAGACCTAGG-D1_Stim,-0.13613870887437862,-0.027356657198012613,-0.3323286524425244,0.16047685066507,-0.1879293512329383,0.058866553766042884,0.289728925448685,0.08216194412507427
TGGGAAGAGTTCGCGC-D1_Stim,-0.09767197398922534,-0.0792638081974637,-0.5353254569289181,0.22800775457256606,-0.20386493447328569,0.27427177115036017,0.42785290421816846,0.13899191232120245
TGGGAAGGTAGCGCAA-D1_Stim,-0.07607418626347595,-0.03520140557565554,-0.170981670657131,0.06046375238247492,-0.08339222000279456,0.030601871403407088,0.1616532995057085,0.07653240890880397
TGGGAAGGTCAGAATA-D1_Stim,-0.14666276330525108,-0.06754157697249141,-0.35931802128305,0.18797116820452864,-0.1201384482566521,0.2482726371823567,0.4797714337956558,0.11381368279539039
TGGGAAGTCACTTACT-D1_Stim,-0.16036608263596008,-0.06040039719267831,-0.22118078347582237,0.09633152445410076,-0.1900693148791177,0.04098142028044016,0.40338662156682403,0.11054374185430582
TGGGCGTAGACTCGGA-D1_Stim,-0.14305395497270723,-0.028061517633243938,-0.26827325646527633,0.08330875304901753,-0.21746636931185392,0.015881894248169104,0.010831181615131413,0.1586998940026696
TGGGCGTCAGTATCTG-D1_Stim,-0.06873522791642728,0.05016309653041695,-0.12508150758561865,0.13490795650157672,-0.035438359785672446,0.0264315788226952,0.03572107556844273,0.13738064034435382
TGGGCGTCATTCGACA-D1_Stim,-0.08864750838221624,0.0009864428000039283,-0.32943804675235633,0.1616495847738193,-0.15896334748631347,0.18649150634809608,0.3836705241812286,0.14978378709651885
TGGGCGTTCACCTCGT-D1_Stim,-0.055312575302432165,0.04303933987233499,-0.11143798491912982,0.16250489823742598,-0.001415196744568803,0.0036132254667826658,0.11046079203818948,0.11306378866991906
TGGTTAGAGACAGAGA-D1_Stim,-0.19968882551795808,-0.10078293418783524,-0.3137680079792684,0.23124973486292433,-0.01563899637025301,0.33545171570230536,0.8218767004748715,0.08981516007255586
TGGTTAGAGGAGTACC-D1_Stim,-0.1267303091778924,-0.09386435182974395,-0.2534799817987299,0.07042264655671815,-0.11012519440453339,0.0036898533018909774,0.34121439294386136,0.08826718170683279
TGGTTAGGTTCGTCTC-D1_Stim,-0.06800530702361662,0.040405331422128654,-0.153424101088528,0.15125063825897556,0.005425136550130105,0.019747473678783933,0.1531051016046554,0.16847525834721466
TGGTTCCAGCTGAAAT-D1_Stim,-0.03178349116180179,0.07225214285732307,-0.12717034420461015,0.0985169157052539,-0.013754879917369678,0.0158186043595947,-0.06990917730553292,0.09728353395735034
TGGTTCCAGGTCGGAT-D1_Stim,-0.04392938824157788,0.042235340360855744,-0.06648638616957658,0.1352824740412153,0.018013955585423957,-0.003851605966998406,0.08890457815274644,0.10282104129735892
TGGTTCCAGTCGAGTG-D1_Stim,-0.008264573154210808,0.06819286910248046,-0.1017941839182841,0.12146404389857324,-0.10449823278131021,0.0025889265381220383,0.15015184534742687,0.07384321725540843
TGTATTCAGCCGATTT-D1_Stim,-0.03216870557725038,0.041339411114003966,-0.11091421782951283,0.17667485783918124,-0.04378176800855549,-0.0035268101663028517,0.1995824497164449,0.12357177054312096
TGTATTCAGGCCCTTG-D1_Stim,-0.17248604884034613,-0.09355671064667703,-0.2224259030337894,0.06596145832513578,-0.30997964047204896,-0.016469310249615177,0.2512774145248784,0.06340211089061576
TGTATTCCACACATGT-D1_Stim,-0.147785234609497,-0.03900347798881931,-0.44374871792629733,0.11753164106736413,-0.33752157237823965,0.13363849710212072,0.1915389693268743,0.10247346490095133
TGTATTCTCCGCAAGC-D1_Stim,-0.08467107105291483,0.03658314482026981,-0.14357655346583353,0.13715222182938192,-0.13064294394623488,-0.00359013217351567,0.07084674507468947,0.10164943531409776
TGTATTCTCGTATCAG-D1_Stim,-0.0748615268299222,-0.006530762278833535,-0.1499970307684375,0.1836484732655812,-0.015333052509832967,-0.05087742112235816,0.21303701083912685,0.09631434832268937
TGTCCCAAGATCCTGT-D1_Stim,-0.4277377458523315,-0.20981489697018318,-0.7079165686351523,0.35269463259409406,-0.18671327034978447,0.3232704032400502,1.211236637481866,0.1491870526735859
TGTCCCAAGCGCCTTG-D1_Stim,-0.1404698852061106,-0.053926964400361044,-0.19688516618770535,0.06808449769226499,-0.055955831239025144,-0.0004031724458197772,0.3707382807709827,0.0555290965724371
TGTCCCAGTAGCCTCG-D1_Stim,-0.24889120373004125,-0.09847896911498921,-0.4693922570689555,0.20612348639401645,-0.2423798825687502,0.24074743279895827,0.7791679236239073,0.13572115239541027
TGTCCCATCACCGGGT-D1_Stim,-0.008615918884350648,0.06401330805306493,-0.10049127014268588,0.13441675681217902,-0.11143178604066861,0.005909412933133851,0.11297491051760744,0.08681772212048955
TGTGGTACACTTAACG-D1_Stim,-0.0789672732122213,0.009999931266479578,-0.25693932253444274,0.18021774339102592,-0.18701996600262483,0.04980693129870062,0.16998855152163728,0.11420804061281764
TGTGGTACATGCCTAA-D1_Stim,-0.06870099841359689,-0.0027980039327282213,-0.18500108696246187,0.1466368815027863,-0.12059160571014083,-0.04068210818554796,0.16988662153154266,0.07718593877418378
TGTGTTTCATTGAGCT-D1_Stim,-0.06408395838620429,0.12661724531646534,-0.06711665289123303,0.004352756340548325,-0.04504483302103601,-0.08459853602057876,-0.4691776915026544,0.018006747213782148
TGTGTTTGTATCTGCA-D1_Stim,-0.14710302742838977,-0.0112416025609825,-0.36869984501142206,0.1729146067205818,-0.2717056007760945,0.17191260511034656,0.32439549172852367,0.1344172378889894
TGTGTTTTCCGTCATC-D1_Stim,-0.15733295045053808,-0.0933895361059065,-0.4102936616646433,0.07607898290634552,-0.1493761521188297,0.12259275140045034,0.09089098035473953,0.05675921982634691
TGTTCCGGTGCGCTTG-D1_Stim,-0.2008202293155783,-0.09720712633323103,-0.5670131512092258,0.13670014103185935,-0.266559397622423,0.09797368618220403,0.167556141890703,0.05895159690989793
TGTTCCGGTTCAGCGC-D1_Stim,-0.09949503966852191,-0.0056606802586980365,-0.28745167272180616,0.08789068593012672,-0.1114830196108283,0.1766458514111484,0.23240160686688505,0.12261159788732456
TGTTCCGTCAATCTCT-D1_Stim,-0.08284342183830518,0.042738212292144695,-0.12113321950585743,0.16721538202974884,0.02697904871767598,-0.023930919861184563,0.1908556412966469,0.13721821942923818
TGTTCCGTCACCAGGC-D1_Stim,-0.2206956270487801,-0.09960430222601246,-0.5892939374470618,0.29584146155668023,-0.06224224562227576,0.38156264750685587,1.0841481071885042,0.13983237641737922
TTAACTCAGTTCGCGC-D1_Stim,-0.08277234543227507,0.005366267265577207,-0.18020147824808141,0.11066185065651979,-0.12353404656059119,-0.0420105323375779,0.17548373937155404,0.05984032310340126
TTAGGACAGGTGCAAC-D1_Stim,-0.02340036671899348,0.060398510267608785,-0.10213450310072858,0.12423245818508555,-0.047157410942210376,0.010934116033025632,0.05509485242624734,0.09265400994560125
TTAGGACCATTTGCCC-D1_Stim,0.0019720068281579017,0.0798372734288737,-0.1241412927672858,0.0984374563230137,-0.032751232594741,0.14958085353978667,-0.037364280214614354,0.11829973709892272
TTAGGACTCAGCCTAA-D1_Stim,-0.024252263539942476,0.04618187845388988,-0.2881621061353137,0.13907201877544573,-0.30641114083626597,0.054872634529312236,0.11905444471720372,0.07649873781229566
TTAGGACTCCTTTACA-D1_Stim,-0.16426782277466856,-0.08343782413878742,-0.45972179510726896,0.1838769479944613,-0.12242285358997407,0.18208352736975186,0.3838634580324918,0.10042356387479501
TTAGTTCGTAGGCTGA-D1_Stim,-0.07717572006957063,0.005961585248678958,-0.17222753339403596,0.10713740862750498,-0.06145452989375677,0.03153252867178402,0.03785024400626469,0.10058231333944789
TTAGTTCGTGGCTCCA-D1_Stim,-0.06256230035469734,0.009230727716571963,-0.2989648919931547,0.19286786654498478,-0.1362385456554609,0.22990315789755833,0.2837870624602701,0.1287538856337207
TTATGCTTCGTCTGCT-D1_Stim,-0.09275815007784693,-0.09940625377358181,-0.3625653494232157,0.21693920547309098,-0.0779168844278324,0.23063373932970244,0.7048327713243232,0.08478353912992453
TTCCCAGAGTACTTGC-D1_Stim,-0.22003476933897836,-0.07978478572792724,-0.4124432360048509,0.22255486928150958,-0.14036167746888495,0.27216664028676263,0.5263191403812506,0.12424157476474207
TTCCCAGGTCGGGTCT-D1_Stim,-0.06884072932663088,-0.007812410146501136,-0.24370392127649332,0.14385351554350656,-0.09789282174677894,0.16713335649164662,0.40884063261219694,0.14574740165532596
TTCCCAGGTTGTCTTT-D1_Stim,-0.07409045428708794,0.039302757147128276,-0.1080862990131557,0.1262020594324511,0.024503327610869263,4.8233354961624286e-05,0.1004189404789031,0.10307983995478764
TTCGAAGAGCCAGTTT-D1_Stim,-0.17619382021520202,-0.07599960647295312,-0.3451431702753087,0.09749300785497539,-0.15354308751887835,0.07534201457768752,0.20377575236155998,0.041050868189332235
TTCGAAGCAACGATGG-D1_Stim,-0.04531764579610531,0.04453409568829514,-0.10689283834805874,0.11004539368211574,-0.1611953843884546,-0.019913575373157855,0.12415507487433786,0.07225922502500381
TTCGAAGGTCACAAGG-D1_Stim,-0.03879013607032533,0.009628077060572338,-0.1257516085590895,0.10879389065741663,-0.10300736570618696,-0.012301774013206312,0.13333915520989592,0.06163219204601944
TTCGAAGTCGAACTGT-D1_Stim,-0.04785016621965532,-0.010812430495523273,-0.2070362970437305,0.10072181692863325,-0.08267949055545643,-0.020932579605661417,-0.13254376181587801,0.08090247736243761
TTCGGTCAGTGTTTGC-D1_Stim,0.004121114129734593,0.031046053897897607,-0.1452504123572771,0.07486771647210233,-0.04086037504088047,0.14873182635875004,-0.053526897783232386,0.04251450768408738
TTCGGTCGTAGATTAG-D1_Stim,-0.2330587997265532,-0.09107722666738916,-0.6067615500287751,0.20570735802326467,-0.28205779658943797,0.1656514229492707,0.19449919256720172,0.12151572752020456
TTCGGTCTCGGCGCTA-D1_Stim,-0.1473748707530369,-0.06648141559885445,-0.4940480440460888,0.15177763934060273,0.005142828667622723,0.06937320973250216,0.13187103300576908,0.0218604119684791
TTCTACACAGGTTTCA-D1_Stim,-0.028407562851798573,-0.03399915971033174,-0.3501046014770708,0.11670263993746133,-0.13092288583333733,0.17106540389787916,0.22431579536339719,0.06384971354254176
TTCTACACATTGAGCT-D1_Stim,-0.03574188801838396,0.03304758774913985,-0.2949622857376273,0.2072353935663127,-0.14806290915546505,0.09293193070950245,0.13961352651417513,0.1115517586361765
TTCTCAACAACTTGAC-D1_Stim,-0.19119605580520727,-0.027933284616775467,-0.2840004540017036,0.06882416107788814,-0.1922621394237236,-0.05090382823615158,-0.18434310555026912,0.04760075003506614
TTCTCAACACATGGGA-D1_Stim,-0.23170316884233522,-0.1392623079168338,-0.48419331722540093,0.12593827122526235,-0.18484457471705618,0.05159259805105698,0.5410691260167138,0.021546635289576344
TTCTCAATCTATGTGG-D1_Stim,-0.026494028748581755,0.027659466600590932,-0.15621085188757,0.06586506643568413,-0.05203883234260687,0.05469847580689624,-0.06511316299788206,0.08963969958181295
TTCTCCTTCTGGAGCC-D1_Stim,-0.35601549163519053,-0.16137062302997407,-0.8987079851995485,0.3245547304620313,-0.3656782456516581,0.3090303058476138,1.0891535946752704,0.12833464567446207
TTCTTAGCAGCGTTCG-D1_Stim,-0.1266547468375201,-0.05096478025681073,-0.34831769425020553,0.07876203066716592,-0.31659742971822524,0.07158559732427072,0.00013464764533033247,0.06137052485554406
TTCTTAGTCGAACGGA-D1_Stim,0.02072967206454912,0.06736252653517028,-0.24923634970321817,0.09075212503739039,-0.015320525018214681,0.1950979203158827,-0.038438825575244806,0.04600256253671553
TTCTTAGTCGCAAGCC-D1_Stim,-0.014776309600698312,0.049624905841650246,-0.052383841431787204,0.08831380760653218,0.05581020988580221,0.01423304154961258,0.050183290643001754,0.05265168093828443
TTGAACGAGGACCACA-D1_Stim,-0.037849679069124065,0.03769458772809564,-0.09309948181829686,0.06306277132521032,-0.028014560752227524,-0.006089645237087993,0.08973898294143012,0.05953429455581727
TTGAACGAGTCCAGGA-D1_Stim,-0.05118260398265839,0.024689333903371136,-0.1125421714102206,0.11096785385783647,-0.0072341721680349025,-0.025928235135692645,0.1146757001310803,0.07649516733075501
TTGAACGGTAAGAGGA-D1_Stim,0.08471659353699934,0.1918053041822958,0.11482719513085726,0.09588393656360772,0.15073502210470835,0.16284203133694852,-0.1431157147233897,0.12720305078017446
TTGAACGGTCTGCAAT-D1_Stim,-0.08586467218076699,-0.02503543026841193,-0.23208138925669797,0.15354353744392313,-0.18651340825859108,0.036548234226804865,0.14391881656750627,0.08273777718218689
TTGCCGTCATGGTAGG-D1_Stim,-0.024337321031776327,0.032269016421009766,-0.12109826942356694,0.18966160297583912,0.03297097828864537,0.01806107716540062,0.20988858586922987,0.10545076752447713
TTGCCGTGTGATGTCT-D1_Stim,-0.03421488711049747,0.0503014711941816,-0.12204707559394379,0.12592190691548488,-0.008905377215084442,0.016141534580521366,0.11828760080499379,0.10965465582340883
TTGCCGTTCAAGAAGT-D1_Stim,-0.08028241332129582,-0.03937474719031009,-0.4027815916407711,0.18763479981443965,-0.03518618594102563,0.12415252135021859,0.14293464080781249,0.09963637309532558
TTGGAACAGAACAACT-D1_Stim,-0.1137012322296993,0.03281377654083251,-0.1864604937997436,0.13798541184132596,-0.10630696563604758,0.007202052440085538,0.10243872631148676,0.1303621841976046
TTGGAACAGCGGATCA-D1_Stim,-0.031397894239008295,0.04938366134297567,-0.09142287524615522,0.12950412356964236,-0.04263073952255425,-0.003906074922634062,0.09306776046177845,0.07176278676599779
TTGGAACGTGTAACGG-D1_Stim,-0.15384281853261506,-0.060282129816565444,-0.38971542562366324,0.14419631764158147,-0.22476028056519226,0.11109833524627355,0.45568981067718894,0.10987283485609645
TTGGCAAAGATCACGG-D1_Stim,-0.1119667129048878,-0.028210121659167697,-0.36271043877123255,0.18372979340527706,-0.19190816559367896,0.21904687626258124,0.5128308833750275,0.14983559543765246
TTGTAGGCATGGAATA-D1_Stim,-0.06282572728065361,0.02128181609568003,-0.1880442220673002,0.07073276593870759,-0.07797599526971943,0.0797773482664006,-0.03203972686790735,0.07359443472056704
TTTACTGGTCGGCACT-D1_Stim,-0.20547496550832456,-0.13026758824630136,-0.6851293814126507,0.16732378593970054,-0.12870905596368587,0.3045121930653476,0.21357319342898506,0.08503248388148599
TTTACTGTCATGGTCA-D1_Stim,-0.005214168474591219,-0.03938723263240007,-0.459719778475991,0.2034317589932364,-0.17631366840114815,0.2643862276789992,0.49730063867994545,0.08686605713970508
TTTATGCCACCTATCC-D1_Stim,-0.03425892306355394,0.03313789811375756,-0.09512852446296893,0.1389529969063723,-0.0744067439018945,-0.032295745960365,0.043578868551737315,0.08713410472227423
TTTATGCTCCGTACAA-D1_Stim,-0.12803339072105224,-0.007395311403426419,-0.3085160153738391,0.1371848943357339,-0.19931539473823712,0.023482783212827485,-0.018859489975074695,0.09389299883228475
TTTCCTCAGACCGGAT-D1_Stim,-0.0901964679759466,-0.05001667595365866,-0.23733165360942898,0.08631049306621286,-0.013733876280914714,-0.03474022711946034,-0.03896982982598729,0.03960268847041526
TTTCCTCAGTCGTTTG-D1_Stim,-0.10302790530185568,0.0008607312032502534,-0.314510425999476,0.1111327458113518,-0.1365686927687051,0.1648029672813749,0.2641022043134704,0.12428467531901788
TTTCCTCGTACAGTTC-D1_Stim,-0.057009519331490566,0.02017288959054575,-0.09439348630157518,0.13972365297256317,0.005314576303204532,-0.045004180898772006,0.09739157461921266,0.07627500817828903
TTTCCTCTCCCAAGAT-D1_Stim,-0.08867026613961748,-0.010441365529095137,-0.1245659224870348,0.09318844477539656,-0.21913147609074457,-0.036922846593842706,0.12295984616211797,0.06532068473079633
TTTCCTCTCTAGAGTC-D1_Stim,-0.10798021244117173,-0.05562852089568082,-0.2513488359093934,0.14196963450443256,-0.2622327745997204,-0.02171804459515947,-0.01654969797847272,0.09024912312139577
TTTGGTTCAAATTGCC-D1_Stim,-0.08770972936419774,-0.018641793198094447,-0.2768256753525016,0.10876276515751648,-0.05534626408581822,0.13799046557920036,0.26324291596300675,0.11499996816197289
TTTGGTTCATTCCTCG-D1_Stim,-0.09241090374599636,-0.02833372443636506,-0.39110268695064576,0.1643778239768885,-0.31870502249020305,0.18812131893723638,0.39434463550263565,0.12013862962949773
TTTGGTTTCATCACCC-D1_Stim,-0.1088577058353124,-0.022799165584093117,-0.2709454942783962,0.1672337829600714,-0.13605927964892217,-0.022581518733842287,0.2629690059120904,0.08777007743024612
TTTGTCAAGGCATTGG-D1_Stim,-0.05350055450952951,0.11920642752314237,-0.05302483805551361,-0.08402866390135522,-0.1997934495148268,-0.08525392827458589,-0.6918463600253784,-0.024325635218938046
AAACCTGCAGTGAGTG-D1_NoStim,-0.0016743513382238007,-0.041969125960703124,-0.47012720780310246,0.044224613894417786,-0.18763639078976446,0.15393843566582355,0.03950658717450928,-0.005944764595660956
AAACCTGTCCTTTCTC-D1_NoStim,0.028131527912474752,-0.0420224185028939,-0.6552624659656843,0.13928287487580704,-0.19260504805761158,0.3123027580102633,0.28734688078297754,0.06916765588072948
AAACGGGCAGATGGGT-D1_NoStim,0.037919354432068175,-0.025359280929437844,-0.3382102953582873,0.0020417844506077643,-0.04093059810580968,0.11361914601057599,0.04795316291763818,0.009427679539138367
AAACGGGCAGCCTATA-D1_NoStim,0.04817539758408529,-0.02010597698983041,-0.3910509510829563,0.03557937984106374,-0.07141771374023698,0.1880074906098823,0.005232915891045575,0.04794951967885552
AAACGGGGTTACGCGC-D1_NoStim,0.01426578158096703,-0.03575522647767393,-0.46278529391147316,0.09211654886058085,-0.21084090040747228,0.22441134423473663,0.059840815204880826,0.06359807456660604
AAACGGGTCCACTCCA-D1_NoStim,0.0644748927829717,-0.021612113621989337,-0.5688964423229379,0.09231892556838162,-0.10888547299309792,0.22873034403988157,0.17214078187968518,0.03947139888673057
AAAGATGGTATATGGA-D1_NoStim,-0.05004329210142622,0.02061126198154284,-0.3891640606796365,-0.043595369156205876,-0.22340195727156242,0.04289734204272477,-0.07201243374579303,-0.03539400828102757
AAAGATGTCTTCAACT-D1_NoStim,-0.018592445970414317,0.016890073579419962,-0.6067257463908255,-0.049160723188972355,-0.25547811125583664,0.1247285163130254,-0.029919227831456396,-0.02649235529677796
AAAGCAAAGGAGTCTG-D1_NoStim,-0.030899589347173517,0.014570120198351688,-0.19522138140609968,-0.024898976684911034,-0.017998965719876026,0.12328474664437117,0.04806954575277089,-0.0005970714702350222
AAAGCAAGTTGTCGCG-D1_NoStim,-0.13185179928616542,-0.06945006772484952,-0.5272937404607845,-0.03910892148224754,-0.10687532456161186,0.07873033925831407,0.010531081457127556,-0.03700865867669556
AAAGTAGGTATAGGTA-D1_NoStim,0.08258801608451627,0.018188906510014036,-0.5667648851257496,0.13255082893446968,-0.10830390490630215,0.19954482674215512,0.383466067464572,0.09238907415524089
AAATGCCAGTCGTTTG-D1_NoStim,-0.048817823301121166,-0.056446249692371,-0.31573701341573823,-0.05611725122249567,-0.027185581816075555,0.08986299290418387,0.010928617976492916,-0.036843792890845606
AAATGCCTCCTCTAGC-D1_NoStim,0.023633341230683058,-0.007805231264120138,-0.42884756692199133,-0.021203038516869555,-0.24705260186195233,0.06491979550426308,-0.03593108054066452,-0.03212839325140315
AACACGTTCGAGCCCA-D1_NoStim,0.02011136900338606,-0.05959216483295471,-0.6403635036630568,0.0259900017415724,0.05236737393409108,0.3087210217458889,0.1566025456498812,0.026193483630153835
AACCATGGTGGGTCAA-D1_NoStim,-0.08174190651089219,-0.0004320608270518278,-0.4619436129165777,-0.041973261677359375,0.07526212043145364,0.10493498605991647,0.21945849103152248,-0.012946547502904693
AACCGCGAGCAGGTCA-D1_NoStim,0.13841699686411602,-0.034256023144445535,-0.5706433960505795,0.11961769223457708,-0.10509643465473495,0.3628350289560984,0.14312418441392794,0.08528822491531152
AACGTTGCAGACGTAG-D1_NoStim,0.004589181436449152,-0.09728231841458701,-0.5368668244764496,0.0959747333190819,-0.005035548998762351,0.3274290841312837,0.16495561992928742,0.0029092740090632674
AACGTTGTCTAACGGT-D1_NoStim,-0.0775425253662867,-0.05662017950285758,-0.35914274075259556,0.0046559941810873084,-0.005724386670461712,0.16219921670084148,0.08222180167339044,0.0061663174756372285
AACTCAGCAGCTGTAT-D1_NoStim,-0.07295785968457835,-0.018727822271634054,-0.46641025740494335,0.18854492743861506,-0.11467803766374729,0.39947278881265724,1.3379976132546698,0.06931921895440318
AACTCAGGTATGAAAC-D1_NoStim,-0.04381352274325323,-0.01998103629270176,-0.7148198684205873,-0.010789393874393483,-0.15323963601184332,0.14054292834008564,0.012998544599255979,-0.02533202018978642
AACTCAGGTGACCAAG-D1_NoStim,0.025443483254536048,-0.10029067248943058,-0.41605497045560114,0.09552399106681264,-0.03507237125060669,0.32421185775685935,0.2508935064904039,0.015309467169258184
AACTCAGTCAGTTGAC-D1_NoStim,0.027358896523331566,-0.031884037192222436,-0.2567414276367117,-0.004860309949458852,-0.10748346181237878,0.09894812345933968,0.04055147169330109,-0.008719055631827288
AACTCTTCAATCTACG-D1_NoStim,0.10919774296492157,0.029307223693999518,-0.5556147125761228,0.07006899824394175,-0.16488687703881766,0.21226964443656904,0.10150183907088994,0.04221842378286489
AACTCTTCATGCATGT-D1_NoStim,-0.03080737713918502,-0.050558519074714425,-0.37161601150558,0.011596130290612905,-0.0687540544649341,0.13266267963549705,0.10571409944170096,-0.02229008958873102
AACTCTTGTGCAACGA-D1_NoStim,-0.045502106439000656,-0.04940476380228098,-0.18927478532615893,-0.0014562620209126464,0.07109790483700706,0.14450056638123066,0.02763686806789245,-0.022740886134601013
AACTCTTTCTAACTTC-D1_NoStim,-0.006076601872411658,-0.07465418066784402,-0.7416708729317634,0.16025198594352474,-0.27141832618405637,0.27739937629838085,0.3440434033283015,0.08701603809982394
AACTGGTAGGCTAGAC-D1_NoStim,-0.049141062845427186,-0.09858572383492437,-0.7578338664100528,0.09248353957005406,-0.2464413730582926,0.2608469544865235,0.42236780975651556,0.023700414406166104
AACTGGTAGTTCGCAT-D1_NoStim,-0.04393520146121155,-0.04744630879586076,-0.32802601105186113,-0.0415305864289266,-0.08743135704888161,0.0347601845884995,-0.020734739147035164,-0.04788210335100196
AACTGGTCAAGGACTG-D1_NoStim,0.09870943683117162,0.0016011961764235139,-0.503808863644359,0.08117783193870132,-0.12684204845312763,0.2281380810704814,0.186444055957665,0.06425651987503045
AACTGGTTCACATGCA-D1_NoStim,-0.022738200901184058,-0.037535090256128,-0.8345169599296156,0.38037432948644145,-0.34974926822967944,0.48489758748769596,0.8574720263564899,0.1759316409383338
AACTTTCAGACATAAC-D1_NoStim,0.018968034963227964,0.015557787531806255,-0.5245373205752983,0.04796868550285183,-0.14645408718764585,0.17656556084731534,0.02721043276633406,0.02241431904633906
AACTTTCAGAGTGACC-D1_NoStim,-0.0027851491908936765,-0.04126497149744246,-0.23335832466228723,-0.041492717112936006,-0.0958812042014543,0.05549225248638834,-0.014439840777107804,-0.041454912424912393
AACTTTCCACTTCTGC-D1_NoStim,-0.03147332564027039,-0.051476504119326805,-0.6349248125951803,0.05506747672353285,-0.1763310106005882,0.1640963564235074,0.24426169620411198,0.017354286813020536
AACTTTCCAGTCCTTC-D1_NoStim,-0.09043059615470561,-0.014734371867991314,-0.3054946186511138,-0.002174280909828852,-0.05767608772458388,0.07324046400368012,0.10963939945728907,-0.00466816970854822
AACTTTCGTAAATGAC-D1_NoStim,-0.0568733211681991,-0.09093880159322154,-0.5117639066290511,0.09311128755517828,-0.21577000380898959,0.2693575477342014,0.1954961975008329,0.022951027912235133
AACTTTCGTGTTGGGA-D1_NoStim,0.057297772532932,0.016188765037890462,-0.3429225153650055,0.039244579028492765,-0.08034383350037722,0.19485437238558667,0.18995256356980317,0.030962165009281506
AAGACCTAGGCAATTA-D1_NoStim,0.07742219303426978,-0.010271376993104653,-0.3375854342138602,0.017113407635015676,-0.04989961496579376,0.16236050177762706,0.06278294041105958,0.03214901141595483
AAGACCTTCCTTGCCA-D1_NoStim,-0.08110349133601424,-0.07421001290363094,-0.6126680028196922,0.03156573343867208,-0.21320250483165637,0.14754420461742335,0.47984796195978063,-0.01374143668552641
AAGCCGCTCCGCTGTT-D1_NoStim,0.0011829809461048058,0.025371464625537854,-0.4173617073153544,0.030743649194802103,-0.14020327757250328,0.19693274436468045,0.04424705816337404,0.01761027406516469
AAGCCGCTCTCCTATA-D1_NoStim,-0.09743189099562244,-0.07681345753913327,-0.24630330385803134,-0.017826601039750756,0.04716810721016529,0.10327432587583729,0.13907760331635188,-0.03876104869166319
AAGGAGCCAACGCACC-D1_NoStim,-0.004848918538616687,0.0017124591983463944,-0.3828012984566911,-0.041875222337340645,-0.05137280138050926,0.15669933319732543,-0.00738935313588307,-0.02198329726583026
AAGGAGCCACTGAAGG-D1_NoStim,0.056014319311906036,-0.04448961452370703,-0.35797861453376356,0.04475568525688445,-0.07049507676818756,0.21176674432256526,0.1978930297688466,0.038035679776442066
AAGGAGCGTCATTAGC-D1_NoStim,-0.005703149465940527,-0.0003395207156611235,-0.4474922363095253,0.12129419052730839,-0.1780372790798328,0.1821098081076844,0.5399853593335413,0.07112837914518266
AAGGCAGTCACTTCAT-D1_NoStim,0.04135655627283619,0.004655106405477838,-0.6142509112734214,0.19149217906248062,-0.18877373548231802,0.32598972720798436,1.1384503791099867,0.07577000406053891
AAGGTTCAGTCTCCTC-D1_NoStim,0.04332897697085869,-0.1192713231603193,-0.7164882921335458,0.12073760604905992,-0.1945654897729021,0.3393101353619654,0.12044367164254854,0.004948717992508733
AAGGTTCGTGTAATGA-D1_NoStim,0.060715228442603575,-0.0031270275001027414,-0.496389637857936,0.09778801734931442,-0.17533446941931707,0.23704299965354636,0.13750893500590422,0.058652372882058046
AAGGTTCTCGTCCAGG-D1_NoStim,-0.09032561270218586,-0.006675781201032294,-0.34318267024846705,-0.020583081904279155,-0.16647624559879404,0.04443548314784529,0.07344412899469877,-0.04241340657268822
AAGTCTGAGCTGTTCA-D1_NoStim,0.037610270194168294,0.0015542434977735553,-0.41570769832520327,0.11005270636715458,-0.05355718114807395,0.3510055264430534,0.23618769328354272,0.07820121357206489
AAGTCTGCAAGAAGAG-D1_NoStim,-0.035850782642009804,-0.09556366578439857,-0.32239084391655126,-0.04721292217931605,0.007024686347783415,0.11503330215470342,-0.06290438997118741,-0.06008234752681929
AAGTCTGCAATAGCGG-D1_NoStim,0.0809947488344136,-0.06303006030922731,-0.3117819797041719,0.02537201489225005,-0.032191993087456794,0.18536652749136806,0.05972506655156806,0.023956188842785053
AAGTCTGGTAGCAAAT-D1_NoStim,-0.030002298740953393,-0.09725207097902278,-0.7099072255907135,0.10688723348383533,-0.2156720508469281,0.28371406081212314,0.18486844936563074,0.07133387579528438
AATCCAGAGAGCTATA-D1_NoStim,-0.012713490307922015,-0.02734225938959689,-0.41032792148891417,0.03849291842262126,-0.07099356081556607,0.1664111127834662,0.11229403239942126,0.0010903037187066644
AATCCAGCAACGCACC-D1_NoStim,0.02290390504037454,-0.031114264586028284,-0.36451988938607727,0.03118422771530227,-0.04376822992279905,0.18936219334839066,0.10349856789816236,0.013047790454921326
AATCCAGGTGCGCTTG-D1_NoStim,0.06034079307984541,-0.05065591466472874,-0.22157850935127854,-0.019909514172027798,-0.0611654274547071,0.10909371804127943,0.024538827121998175,-0.002769371675384491
AATCGGTTCGCAGGCT-D1_NoStim,0.05474492191613223,-0.03181449969977912,-0.5508516769818463,0.03603989872089208,-0.0127310951875792,0.20979854639967233,0.08567285327971375,0.06246636850524112
ACACCAACACAGGCCT-D1_NoStim,0.09150383964849063,0.05344322345070118,-0.5002159138071391,0.2153438666504517,-0.19146023909392795,0.44051966721068325,0.9865541860481581,0.1067379958532122
ACACCAACACCCATTC-D1_NoStim,-0.055767745978277716,-0.1104304075240865,-0.42347965890343886,0.1333069352754439,-0.019649891919753415,0.29609489426552305,0.7618279115675133,0.098002989241321
ACACCGGTCATTTGGG-D1_NoStim,-0.09748636247635822,-0.04813796131642967,-0.38418868420874475,0.11666629940346773,-0.11074494603361629,0.1833467917594085,0.35896417593829266,0.017710902202443535
ACACCGGTCTCTTGAT-D1_NoStim,0.007985862727634796,0.014757771793091123,-0.3979510172966325,0.09580614069779259,-0.07284725995837782,0.17062785367642874,0.1740192300616803,0.05240684538407159
ACACTGACATGTCTCC-D1_NoStim,-0.06456386450267004,-0.06439153920099727,-0.4714524838638887,0.13965795996526786,-0.12184679813519139,0.24686986215297502,0.5998414999344037,0.05515117768175415
ACACTGATCGCTGATA-D1_NoStim,-0.10714976134118182,-0.18597159275562092,-0.4923854010532569,0.09005877144169538,0.08926917524864209,0.25375042274298476,0.4474947569021399,0.028460953008305978
ACACTGATCTCTGTCG-D1_NoStim,0.04796808343661674,-0.06026767780800135,-0.5521879273464663,0.06101231854783684,-0.11324301048800933,0.25022034569263507,0.035521166145405125,0.004044338583129914
ACAGCCGCAGCGTAAG-D1_NoStim,-0.014342395065158442,0.02333164147497868,-0.517569213907553,0.032683186019927035,-0.19947226607430935,0.13143410653722043,0.11198950349424752,-0.005505234402436443
ACAGCCGGTTGATTCG-D1_NoStim,0.13729754747369682,-0.055275564852374615,-0.4153983919672086,0.07166720283259487,-0.06587409509487507,0.24894624681701671,0.04886380505231713,0.045350024073540496
ACAGCCGTCTGGTATG-D1_NoStim,0.0741131656718359,0.000536582596456725,-0.36352619861435187,0.0975781449947366,-0.11190900215105515,0.12290929623374325,0.41818953623309074,0.07553822872896987
ACAGCTAAGATGTGGC-D1_NoStim,0.0848226254060016,-0.009976073048843404,-0.3329448155631489,0.029677266926125156,-0.050436243131308345,0.193818339271429,0.07319138424987148,0.036114852205551884
ACAGCTAAGGGCTCTC-D1_NoStim,-0.08077891717854868,-0.007440629700639079,-0.1304170302673615,0.055016279393752754,0.07657030639882834,0.13574554415213225,0.6247002395924346,0.017372546133186617
ACAGCTAGTTATCGGT-D1_NoStim,-0.18901977412967774,-0.1298183475784871,-0.8178658965477847,0.18386283478720244,-0.2943549557005696,0.3962082065141317,0.44675275892211186,0.04604498518927258
ACATACGCAATGACCT-D1_NoStim,0.0499228644502967,-0.010609813556692771,-0.4974048975531602,0.12202759181402456,-0.2529211865166392,0.2993731165918563,0.14545694590033253,0.01862899502712878
ACATACGTCCACTGGG-D1_NoStim,-0.07484080099026258,-0.04701297036911001,-0.3836946267175385,-0.049526955935359496,-0.22542378813924913,0.04974986210217658,-0.04368586941948305,-0.06149767685754881
ACATCAGTCCTAAGTG-D1_NoStim,0.06353765781060794,-0.004235138878801337,-0.8086353756767419,0.37730145528756687,-0.20525464305387686,0.5156866809692229,1.3124340008196995,0.15982242180135486
ACATCAGTCTGCCAGG-D1_NoStim,0.02006660585326081,-0.026711499944783057,-0.4758012975059227,0.11220604000384782,-0.09920240168188599,0.24366875462106208,0.1496526170062431,0.08122806538142946
ACATGGTAGAATAGGG-D1_NoStim,-0.0937873750112459,-7.682276209663996e-05,-0.37905099446192025,-0.05351028172072603,-0.08327389196695734,0.09850841073915184,-0.03822615210154279,-0.06457166989731533
ACCAGTACACGGTGTC-D1_NoStim,0.06391176076131444,-0.02349301691227268,-0.4682545614143194,0.05615609931976273,-0.09663481094623982,0.1660334748769312,0.047237562697572955,0.03487335505900013
ACCAGTACACTTACGA-D1_NoStim,-0.03882403912068355,-0.013739677201892064,-0.48103042278810193,0.08762762009576797,-0.06820363894957104,0.2769359554224131,0.17487243886303627,0.05331967337448873
ACCAGTAGTAATCACC-D1_NoStim,0.1315580379127681,-0.06572428472905756,-0.4458533195987613,0.10271563883978452,-0.01661895769889199,0.3155869275215437,0.14463376201907963,0.06768226352612139
ACCAGTAGTCTTGCGG-D1_NoStim,-0.15197357966306768,-0.20316828312565782,-0.5606778832402952,0.16403757909196237,0.024678508429383683,0.41112780262057846,0.629282008154668,0.03271305137599079
ACCAGTATCTGTACGA-D1_NoStim,0.089827030658169,-0.034908972597474275,-0.5163886789155434,0.06771662698383629,-0.11368246360069456,0.2701359472086118,0.1482245738108432,0.06984913080925459
ACCAGTATCTTGTTTG-D1_NoStim,0.030952943757796447,-0.05201125313128685,-0.3639595839669312,0.01116973217204631,0.015976198310486467,0.16462537670288668,0.08866908413841124,0.012184597246330142
ACCCACTAGATGCGAC-D1_NoStim,-0.001732870992865898,-0.06539901137669979,-0.4881037128201342,0.13215695250916504,-0.19134216050622754,0.27048915913740856,0.27739576499679064,0.024069826600758404
ACCGTAAAGATATACG-D1_NoStim,-0.01941690478136948,-0.06428849767164557,-0.7357532593988747,0.33523816489915426,-0.2292787079312859,0.4360406617739496,0.8067976218563864,0.1536884258839919
ACCGTAAAGTCTCAAC-D1_NoStim,0.11380966475679877,-0.025421394721645285,-0.37990160789758676,0.04954018897293544,-0.10335663894021963,0.19089314946418057,0.03540626037657457,0.03249711757851159
ACCGTAACATGCGCAC-D1_NoStim,0.017424045478561467,-0.03833496923352264,-0.41348459936239124,0.010334058188007589,-0.14845636945228158,0.12842613163895145,0.10003384405347848,0.037049061183399346
ACCGTAAGTGAACCTT-D1_NoStim,-0.08596374309627564,0.02678905481669247,-0.45174270502939073,-0.020339415123377336,-0.17238938533206039,0.038544350474214895,-0.0369139925138402,-0.04868644208777084
ACCGTAATCTGCGGCA-D1_NoStim,0.11369231751847941,0.02665607736055442,-0.5142150475704792,0.2820627683300394,-0.2731402661222724,0.44528699549837647,0.8054283014838095,0.10466235380417466
ACCTTTACAAGAGTCG-D1_NoStim,0.06427410100865316,-0.062243832958142065,-0.4986686484101952,0.14702645448133111,-0.15960073286021093,0.36605087019527893,0.31211388015472075,0.09574808613589703
ACCTTTACAAGTTAAG-D1_NoStim,0.0005197865558734804,0.022778512112108018,-0.31331969743517085,-0.15234612498762523,0.22972913082389823,0.2818194811341339,-0.2593542203189738,-0.09001561654731915
ACCTTTAGTCGATTGT-D1_NoStim,0.06840392404304119,-0.005602431425984378,-0.41357905892852287,0.11566542791332779,-0.24217648508531475,0.164574621553629,0.008546525204466526,0.008130942039803912
ACGAGCCAGTTTAGGA-D1_NoStim,-0.10654626250908628,-0.03929924571101395,-0.3091720738751249,-0.03863153576413758,0.3148102632705534,0.32959039954772784,0.1310740676056268,-0.0009978594056860857
ACGAGCCCAAATCCGT-D1_NoStim,0.049564450316964326,0.055941746290436356,-0.7673189944758505,0.2607868981331638,-0.2852889194963346,0.34040195328901035,0.23269784986034114,0.15189592985979772
ACGAGGAAGCGTGTCC-D1_NoStim,0.05874914410812515,-0.04793272732330678,-0.6424614704592528,0.054682859409449946,0.014617787143418326,0.31525316587484475,0.19700313484349152,0.03402238049804929
ACGAGGAAGCTGCGAA-D1_NoStim,-0.029450264031243734,-0.089262319701362,-0.3312072058756641,-0.06835700525634891,-0.025807351046836402,0.09922616370610093,-0.14997934330432905,-0.06744641241617266
ACGAGGACAACTGCGC-D1_NoStim,-0.05333616180273992,0.04706916482052925,-0.2491647180006069,0.0524927528432535,0.060699644000562714,0.25030745927571374,0.06699192045510127,0.04894363862427298
ACGAGGACACATCCAA-D1_NoStim,0.059943143494679774,-0.10161419404604821,-0.6641300698649459,0.10387261677871784,-0.08974421489086737,0.3389201881431285,0.10173403065269238,0.03508248785993828
ACGAGGAGTCCCTTGT-D1_NoStim,-0.0016108657611297872,-0.14756047281893636,-0.5180908416683074,0.10029558678349026,-0.07255694838600846,0.35088408711518504,0.3152709731142167,0.004728151148061244
ACGATACAGGGATACC-D1_NoStim,0.0363652803334098,-0.02824778251473603,-0.565603536962481,0.29391505814723473,-0.07294802878207207,0.3853004823458157,1.58154182384341,0.10746978995346446
ACGATACCAAGTTGTC-D1_NoStim,0.1089937767287168,-0.02247988269490797,-0.37558848481824114,0.06515525007337963,-0.1327513222290424,0.18826850388080807,0.03864468632951645,0.0527186658139005
ACGATACGTTCCAACA-D1_NoStim,0.024551934691720234,0.004323434515947966,-0.3833371254829885,-0.004965825490332421,-0.2778385638432255,0.09322191940252544,0.08213386566454428,-0.0035873246226270084
ACGATGTCACGGTAGA-D1_NoStim,0.07417048879643673,-0.012421511825605691,-0.3537110235998462,0.036929751731252125,-0.10205722253919092,0.18063962665013467,-0.007006676417828039,0.03339673139959487
ACGATGTTCTTAGCCC-D1_NoStim,-0.0957386873190007,-0.07828131147129724,-0.8932498289620359,0.3266688218803573,-0.2826792260485629,0.3260582799234344,0.6224454817702316,0.18982797623970527
ACGCAGCTCAATACCG-D1_NoStim,0.08247385479109148,0.02453877980811292,-0.5472695011166042,0.07597315375813452,-0.027603065544330008,0.2529097615207725,0.027896258861001222,0.06663189117564983
ACGCCAGGTGGACGAT-D1_NoStim,0.09085380880940441,-0.038366124725857986,-0.5957498442139499,0.1117479059407156,-0.23685918648955528,0.27165912326710995,0.09783098861438955,0.015410548029302973
ACGCCGACAAGAGTCG-D1_NoStim,0.08029731553711095,-0.06818797893441086,-0.5555877775260818,0.10560639106400416,-0.04870619175867574,0.3212999430644583,0.23845707615846745,0.05738879245635431
ACGGAGAAGGAACTGC-D1_NoStim,-0.07158536259893111,-0.08486332085728243,-0.48531400090499055,0.1934407890948755,-0.15740480239233712,0.34099677170315523,0.3811421645568691,0.11783287805683429
ACGGAGACAGATCTGT-D1_NoStim,-0.08682502492864863,0.003867636355499471,-0.38869939549941357,0.015707521585639483,-0.22411047954854268,0.10245988027546105,0.7234753480416289,-0.0030869915710844964
ACGGAGATCGTTTGCC-D1_NoStim,0.06788862393873174,0.03731583786410475,-0.5215824950217307,0.03484438108545085,-0.03737524993754704,0.14499236166743934,-0.004335605713721158,0.052995770686029786
ACGGAGATCTTTACAC-D1_NoStim,-0.04185735249773437,-0.039641718443663265,-0.4641436411500912,0.07263998046916242,0.07171910285685712,0.24674311727385678,0.23490641916189325,0.03030295072474587
ACGGCCAAGCAGATCG-D1_NoStim,0.020439730592178407,-0.041439973784836326,-0.6615637137479293,0.1941652875099109,-0.24164312015133405,0.2626023898288432,0.5126498017130157,0.13569469631554654
ACGGCCAAGGACAGAA-D1_NoStim,0.11030383732161653,-0.031811569849384824,-0.5267002909680016,0.11754277928040047,-0.09020224985746239,0.279929761354067,0.16193229473396542,0.058497582303742135
ACGGCCAAGGCCCTCA-D1_NoStim,-0.016669988580250816,-0.0974375386680979,-0.49570896466015846,0.11255482027309327,-0.11013269770951162,0.25091512286245177,0.23243601815221027,-0.0053415617084198175
ACGGCCATCCTGCTTG-D1_NoStim,-0.018078094240719267,-0.06488741784381702,-0.5328152076738917,0.07501473675869086,-0.04714426654037318,0.252646540353334,0.24007899327469762,0.0609252605184718
ACGGGCTAGTGTACGG-D1_NoStim,0.07311202613759527,0.025923566265337428,-0.4686272376907681,0.021655421550457632,-0.027788918211843594,0.1774537732657251,0.028431060441863387,0.022444068195532907
ACGGGTCGTCTTGCGG-D1_NoStim,0.11174975274233923,-0.03567628597296846,-0.6211707492573701,0.0460837794471356,-0.06731135875405592,0.32353029325917504,0.18812472533890157,0.06281143008846257
ACGGGTCGTTGGTGGA-D1_NoStim,-0.003963709932930826,0.0140218519820543,-0.48136703483397447,-0.020591842350391687,-0.00981107500108891,0.17348475260948248,-0.022043844838359306,-0.008637066232280333
ACGTCAAAGACTAAGT-D1_NoStim,0.013245668187542137,-0.007792360187353964,-0.23752462545945008,-0.015158228073222091,-0.30865752166890204,0.038911006400736525,-0.11442038637856466,-0.024659363245799426
ACGTCAATCATTCACT-D1_NoStim,-0.08820722309205742,0.0037612954684611566,-0.07084829853901731,-0.056970608904423514,-0.09488029839406309,0.024744838353369047,-0.07256368199318075,-0.05391627731351889
ACTATCTAGCGGATCA-D1_NoStim,-0.06673773392513382,-0.06011232511016473,-0.20371229182181239,0.03954634527012857,0.14963775932247358,0.1804392616896351,0.30223952590044956,-0.013788977332573893
ACTATCTCAATTGCTG-D1_NoStim,-0.030638254616683014,-0.052403635768422774,-0.5388708412491212,0.13134222596681688,-0.20960090572008028,0.23916962254575136,0.1570127512382422,0.0646676104640509
ACTATCTGTCGGCACT-D1_NoStim,-0.15982649184530828,-0.14087652181627064,-0.3115346568288473,0.15441200307262193,0.08193742953439376,0.3550012182499849,1.0166416075827458,0.07054370883566285
ACTGAACAGACTTGAA-D1_NoStim,-0.06980248026451541,0.0052186151175632745,-0.4719913926673662,-0.015734948194063847,-0.2361952783729393,0.07740999332463616,-0.024386232277870512,-0.03626154040852647
ACTGAACTCTAACTCT-D1_NoStim,-0.09619488584301017,0.024254628598342265,-0.31383573733364933,0.008992715652365035,-0.17626810402514792,0.04424604796283482,0.010311407744716838,-0.055450575521557965
ACTGAGTGTTAGTGGG-D1_NoStim,-0.011775264897293525,0.01671031439787285,-0.44812212973181786,0.005543279664484757,-0.008438886554714031,0.11459064576949451,-0.007605135856605827,0.009259047895726624
ACTGAGTTCATTCACT-D1_NoStim,-0.05551669028352357,-0.050632731679552734,-0.17840742337683224,-0.05457307547639623,-0.02118134554914164,0.07090587162825912,-0.1672835689785943,-0.05896351538238953
ACTGCTCAGCGTGAGT-D1_NoStim,0.05844639919668815,-0.03881397401380582,-0.5681120032419429,0.1028902801081788,-0.2078346918992402,0.19767271758724547,0.03340569979277852,0.016436343616447857
ACTGCTCCAAAGCAAT-D1_NoStim,0.02830991343531153,0.044395467442550185,-0.39510131762542144,0.03148290548309163,-0.022751851666185985,0.20306021741639135,0.12140711858420161,0.04271198336227755
ACTGCTCCACCAGGTC-D1_NoStim,-0.007446848097856673,-0.04006730513707879,-0.38918010958991545,0.03549937794149116,-0.09290301757657105,0.29770484414786225,0.4209130033560733,0.03446380748728295
ACTGTCCAGATTACCC-D1_NoStim,0.10698575440866165,0.021740335728429372,-0.529391721365414,0.07932768455577666,-0.12798460053330274,0.23345539196175835,0.05012131768286476,0.06345072301214927
ACTGTCCCATGCCACG-D1_NoStim,0.047174501517817546,-0.022962777860964678,-0.41545355721231303,0.031262730340857914,-0.026646702184379478,0.26116425202485516,0.06044494985512383,0.005935246874122058
ACTGTCCGTGGTCCGT-D1_NoStim,0.05374563115542941,-0.02711173297467262,-0.43361491935703,0.029196124870900064,0.004983325662582416,0.20148077405624143,0.07266491346211357,0.04596552936501652
ACTGTCCTCGCGTTTC-D1_NoStim,0.004915249850306225,-0.03868685903698399,-0.2799546378359352,-0.003968243686433226,-0.07855895985064265,0.12607088539295574,-0.012774218197551868,-0.010866282308830577
ACTTACTAGAAGCCCA-D1_NoStim,0.08334340215018798,0.007765039376451455,-0.48737090356090285,0.008954455005417472,0.0015865949603313112,0.17891041546253206,-0.010711929310057045,0.011350759356817619
ACTTACTAGTGCAAGC-D1_NoStim,-0.03283653741249992,-0.05076410062596004,-0.26111743532914033,0.008695633877881193,0.1348558283495489,0.1822699230726741,0.12896004826048735,0.0046181786816248405
ACTTGTTCACCTCGGA-D1_NoStim,-0.07917887207483432,-0.0798827044463426,-0.4815055244793953,0.13384914981295637,-0.05892638777657133,0.23816234815566517,0.5330349692176028,0.05513116650978134
ACTTGTTGTCTCACCT-D1_NoStim,0.0027703586998235608,-0.009911267211418107,-0.5821620251318791,0.029720800726178,-0.11483000169221214,0.28969151091648015,0.24136476945362784,0.03865314177252799
ACTTTCACATAGAAAC-D1_NoStim,0.10623441054403138,0.006476844571627893,-0.6432923822799346,0.11260472257060705,-0.12877749764911606,0.37114252652941815,0.16276270024870065,0.09480524355016229
ACTTTCAGTTGATTGC-D1_NoStim,-0.0036889498426670997,-0.04169670108555401,-0.33613741462707836,0.04964197699107409,0.0055668444177001675,0.2018310773989347,0.032572913765899436,0.03201460854994842
ACTTTCATCCCAACGG-D1_NoStim,0.0224746737659256,0.010426214985608695,-0.4399553601381019,0.10210899091349823,-0.25490424686852364,0.2250622200602681,0.1240323105357275,0.03242519114360931
AGAATAGAGTCGATAA-D1_NoStim,0.013339920943263195,0.04155652509949803,-0.5980476905223391,-0.01816654118164962,-0.18826385414250524,0.14627132097336037,-0.04944431473814159,0.0027987539347016366
AGAATAGGTCGAAAGC-D1_NoStim,-0.047121644919089434,0.03724334635823645,-0.4853171056469936,-0.006147962180000022,-0.22646340118738095,0.06141132276962935,-0.009642576300503691,-0.03657574262401653
AGACGTTCAGACGCAA-D1_NoStim,0.013739034683968754,0.025770777730693695,-0.47269425017120703,0.005390122720946522,-0.19863519775924132,0.16754573056807232,0.019656026872648447,0.02234567801639109
AGAGCGACAATGTTGC-D1_NoStim,-0.016814873145062137,-0.0499641749760098,-0.3349235568221012,0.004733539901247141,0.06884324219360849,0.176359517408871,0.09279643681742034,0.005561296099759971
AGAGCTTGTGCTAGCC-D1_NoStim,0.098464767072727,0.002464925337973156,-0.4803488152528086,0.16423810351570545,-0.17196307855177828,0.2824138604049784,0.1776881562415058,0.09470840060034114
AGAGCTTGTTCGGCAC-D1_NoStim,0.020301111073258937,0.03417341259898521,-0.4476393130685459,-0.01831491386691475,-0.1785308928182765,0.10679841501641185,0.015622968953545424,0.005364122535745253
AGAGCTTTCTTATCTG-D1_NoStim,-0.05918244783887339,-0.027007835136275915,-0.1568029764317025,-0.013846865665534835,-0.02749481567617096,0.07170481096825121,0.09307161089333515,-0.01309660483005004
AGATCTGTCAACGGGA-D1_NoStim,-0.009182125127372487,-0.03666447062895095,-0.3060835762014946,-0.007988770349307117,-0.06364480984047027,0.14489023779292864,0.026027096488483004,-0.019973068894554302
AGATTGCAGTATCTCG-D1_NoStim,0.01872867495816699,-0.10079595916567996,-0.4958337076956809,0.17042815606896689,-0.15434905205622584,0.36256713342726776,0.3557043969994762,0.07751034150921221
AGATTGCGTATAGGTA-D1_NoStim,0.008072782475002427,-0.06128358090270325,-0.6161958492019917,0.12443577003105055,-0.3128746070396158,0.3468049168934977,0.3283487460659913,0.08286909410985821
AGCAGCCAGCAGCGTA-D1_NoStim,0.1150794269508264,-0.024266192088985505,-0.6124367622329494,0.0895315895600568,0.027762683961901402,0.32175337764361167,0.10782453261099345,0.0740331451664602
AGCATACAGCGTTTAC-D1_NoStim,0.11436492803272635,-0.014954444162947667,-0.3856253695737131,0.07207700844172038,-0.1149480934668059,0.20385197022505164,0.05186578532557107,0.04534542253054141
AGCATACTCCCAAGAT-D1_NoStim,0.06523385929137504,-0.056471641858031774,-0.5839457891989426,0.0922373116246078,-0.19461970870011314,0.21996009313319398,0.07648710065515729,0.008214113350000218
AGCATACTCGCGTTTC-D1_NoStim,0.0008469942218347626,-0.05626664418126559,-0.30798604121937245,-0.02842577040681782,-0.025795630983777684,0.10050947899492968,0.00958636988341599,-0.022524917451738347
AGCATACTCTATGTGG-D1_NoStim,0.006975412468726461,-0.02503963786182517,-0.1967070410759746,-0.034036393230296724,-0.11788789545055067,0.0710387029377042,-0.027845030072802146,-0.018046619894226623
AGCGGTCTCTCGTTTA-D1_NoStim,-0.08831609811535479,-0.12831540359164784,-0.44650270305074713,0.09023651544588418,-0.03227776496991197,0.18573912178617746,0.6368552060625383,0.02375367126062855
AGCGTATGTAGAGGAA-D1_NoStim,0.13468782784953426,-0.013943437562385697,-0.40872509874487406,0.07303559076684074,-0.023966956567928577,0.1944615580560738,0.062480693866237225,0.0737382939042881
AGCGTATGTTCCGTCT-D1_NoStim,0.0472298953376189,-0.027289339495419895,-0.6197987782613055,0.0736362498628651,-0.09191063704141023,0.21325543486982745,0.12150828576497741,0.06101853120616063
AGCGTCGGTTGACGTT-D1_NoStim,0.050139800670999435,-0.09164876782573117,-0.469699986643743,0.11845702851000262,-0.18239487224499307,0.2062805148359672,0.1481477638329185,0.023002105690158814
AGCTCCTGTACCCAAT-D1_NoStim,0.059971777541656834,-0.029123535083023455,-0.3534729528081897,-0.0037596657775758047,0.03007616519041889,0.12596326313343198,0.008624393383216855,0.013191972817256925
AGCTCCTGTCTAAAGA-D1_NoStim,0.1388021041350722,-0.061219536203685365,-0.41422817227829967,0.10311622051306557,-0.07046574164605346,0.27099874013278047,0.07044985819469751,0.05412723631751071
AGCTCCTGTCTACCTC-D1_NoStim,0.054764048851854596,0.015580831854700605,-0.22624445502918888,-0.015450765078320217,-0.14904705115923633,0.06304733233245408,-0.03287989071575215,0.004424138641946129
AGCTCCTGTGCACGAA-D1_NoStim,0.03329087368759431,-0.04218399569673359,-0.446666943506175,0.10153720227516772,-0.18696839506842267,0.25785472865445236,0.08052102185683463,-0.01073224120110794
AGCTCCTTCACCACCT-D1_NoStim,-0.0680306153917769,-0.058238937498638066,-0.34609658904738083,0.1326705168442217,0.28358378961296005,0.3094922768542112,0.5411741424136958,0.0939257021124078
AGCTCCTTCTTAGCCC-D1_NoStim,-0.05969142768188007,0.015027205299544377,-0.3543468365931375,-0.02768739339375692,-0.1175242177225293,0.08038392639246439,0.027825580517403914,-0.023685631194879875
AGCTCTCAGCTCCTCT-D1_NoStim,-0.014471077806769372,-0.07013792331163593,-0.6683090261717854,0.15834132868669748,-0.1502818277652569,0.23936203408520385,0.33241306706279783,0.05705176621128594
AGCTTGAAGAAGGTGA-D1_NoStim,-0.03733515670598919,-0.04576541170660775,-0.7504470928844853,0.048726489141930784,-0.4112056927808112,0.19513565551588385,0.523129040234477,-0.010211292440599706
AGGCCACCACGGTAAG-D1_NoStim,-0.05739383988421842,-0.014575010115988718,-0.1943674343175541,-0.000795118804511219,-0.11174814276540346,0.0445415545097827,0.12345209570068771,-0.01736433905002066
AGGCCACGTACACCGC-D1_NoStim,0.10462847995146163,0.026214522716360378,-0.5375276039857599,0.12483630795263423,-0.08851058554396118,0.25071332030478644,0.15563399693671176,0.07870947869091971
AGGCCACGTGAGGGTT-D1_NoStim,0.05986943969326397,-0.015747385566568184,-0.4016097790786759,0.013385930370274579,-0.07193712405072361,0.14458232912294378,0.059119723668279,0.005011268589120377
AGGCCACGTGGTCCGT-D1_NoStim,0.061943822159884476,0.0053656742487451226,-0.40291325133236455,0.08124728279136129,-0.045340212553529824,0.24476780808740628,0.17140412721845255,0.05054808710141856
AGGCCACTCTGCGACG-D1_NoStim,-0.033045242880735515,-0.051663539051666874,-0.17996701094922685,0.02974116494466017,0.13881292631550934,0.20418795561196568,0.15698552371518204,0.0033522015642404313
AGGCCGTAGTCATGCT-D1_NoStim,0.11820545779686498,-0.006734929683668511,-0.42159271686906763,0.06505125545620771,-0.028502873104406135,0.17610089226062975,0.062131210748202825,0.06673297621467356
AGGCCGTCACCGAATT-D1_NoStim,0.05214978650368707,-0.030007107177571157,-0.5743995268377162,0.06304827770430244,-0.0892265875454985,0.2739541999396815,0.11658866606274154,0.07589921683144496
AGGCCGTGTCTTGTCC-D1_NoStim,-0.032770573396179614,-0.08905224163428294,-0.28696504998169914,-0.021267228441780972,-0.03277614558132491,0.08930907897567675,0.09226710939466276,-0.020163791391523134
AGGCCGTGTTCCTCCA-D1_NoStim,-0.025622339960525764,-0.055496728387090855,-0.3512920503670287,0.045653784086852056,-0.2574802450867182,0.24542205173468368,0.735726937936648,0.005385882910918127
AGGCCGTTCATAGCAC-D1_NoStim,0.013281593708960315,-0.07254624562313339,-0.472035060903476,0.067686243917084,-0.15550362583552158,0.1583077327872804,0.1682092705443372,0.023201842131427952
AGGGAGTAGGCAATTA-D1_NoStim,0.057937845102193464,0.03230942230088374,-0.5401270406959373,0.06992798124971955,-0.03176300151462996,0.28291527109107406,0.16164160097205738,0.060071820023582134
AGGGATGCAGAAGCAC-D1_NoStim,-0.016736681701694067,-0.10452343280600118,-0.2947796665164688,0.11184737130726496,-0.12366602921393088,0.2373550718243571,0.17314722679141958,0.023016176991447423
AGGGATGTCGGCTTGG-D1_NoStim,0.007747157538700478,-0.0447347209276181,-0.2565843997341659,-0.03309720042405395,-0.005089913780611965,0.08902345639082831,-0.013182333096745324,-0.03582448100605262
AGGGTGAAGCTATGCT-D1_NoStim,-0.07951614911935678,-0.029262173810909786,-0.2711692543129338,0.14207086260631563,-0.1376458420889044,0.220831597071534,0.2269945724374658,0.10123061129157485
AGGGTGAAGGAACTGC-D1_NoStim,0.1100867192379944,-0.032383994847265285,-0.6804102486136898,0.10771190674880415,-0.047975709492042995,0.30851961553549323,0.1563962345916936,0.07921440631234589
AGGGTGAAGGCCGAAT-D1_NoStim,0.08238747053133899,-0.041003724029904376,-0.5797962930879379,0.09503194455108499,-0.08892390147564555,0.276766398006453,0.10402554387111262,0.020115452883375795
AGGTCATTCACCGTAA-D1_NoStim,0.07725626013484899,-0.04028496834076378,-0.5323932374414362,0.04862217933784052,-0.0073899634924696755,0.2701164082732461,0.132667869433015,0.03279472239902681
AGGTCCGAGAAGGTTT-D1_NoStim,-0.14373580630925176,-0.06623459023990286,-0.4113214741679023,0.03367616217139968,-0.04368622988725157,0.13854597656192436,0.35210026173688114,-0.0010395104514930864
AGGTCCGCACGCCAGT-D1_NoStim,-0.00667931237166286,-0.15015878412619088,-0.8323196992080071,0.20391871776695503,-0.12030989565312922,0.30779790235901494,0.5358156338816711,0.037051131009629756
AGTAGTCAGTCATGCT-D1_NoStim,-0.021796291078331365,-0.02049915627174137,-0.6409535918009155,0.01570146224079849,-0.2323474961706502,0.16681716618156095,0.15862540380921164,-0.003927216345681828
AGTAGTCCACCATGTA-D1_NoStim,-0.040950801966939565,0.006688953453114266,-0.2456564478376535,0.07564577439504738,-0.14832757353239856,0.06281548315871532,0.37044755828031395,0.029561775572918947
AGTGAGGAGCTGATAA-D1_NoStim,-0.014552134980570841,-0.0005262652934110434,-0.39777998746777143,-0.012274817230371937,-0.04867819229281167,0.16763251382702826,0.009363388795357253,-0.007995015288289054
AGTGAGGCAATGGAGC-D1_NoStim,0.07771252073680657,-0.08466889135419287,-0.5572528226179436,0.08700335356107658,-0.12190718393344113,0.28685552345081433,0.0726592846586005,0.00207612825094472
AGTGGGAAGCGGATCA-D1_NoStim,-0.03815546103581546,-0.029496945734178937,-0.36566729784230745,0.0383873689127352,0.08723513780581094,0.20959008103871746,0.1913094117539531,0.02131604050787317
AGTGGGACATGCTAGT-D1_NoStim,0.050450263974033405,-0.11168337100561843,-0.49320712995912963,0.08241252000381394,-0.05863405674426936,0.3398457066750016,0.10047248188903746,0.024385318337579065
AGTGGGAGTCCGAATT-D1_NoStim,0.11919057380930553,-0.07709215268934777,-0.6501951649020281,0.13038607580625872,0.023417478182087947,0.3184985191428087,0.18116033690124933,0.03379793440351442
AGTGTCAAGTCTCCTC-D1_NoStim,0.05490966043626422,-0.06164930426804638,-0.21130747954274298,0.002428723587660997,0.05825025216245905,0.199599999633703,0.013149953652447977,0.016639114040504666
AGTGTCACATTAGCCA-D1_NoStim,0.05327793729166075,-0.05442063336795577,-0.32618158217653104,0.000671705204609907,-0.03380253582117021,0.1718691417671554,0.08662986802330952,-0.004103941672282119
AGTGTCAGTATATGAG-D1_NoStim,-0.02714523400508817,-0.06993031519816917,-0.3676493847048725,-0.0726364666966468,-0.03337112986961799,0.06553615872688745,-0.07025938246471153,-0.06289927135918205
AGTGTCATCCAAGTAC-D1_NoStim,-0.026060937706558818,-0.09496370494132123,-0.5681153210205885,0.13765312652881967,-0.08130131471761182,0.3272513390328786,0.3029319387935665,0.026247621049915182
AGTTGGTAGAAACCGC-D1_NoStim,-0.021104872324778867,-0.04355364689140018,-0.3926469494006959,0.004640807152602733,-0.07840377534338572,0.0712256339211983,0.059888838562789815,-0.017330021677986807
AGTTGGTAGATATGGT-D1_NoStim,0.057160505879508605,-0.029188687978402683,-0.3479516177525728,0.18102599260304508,-0.1643684548054427,0.24046269098638717,0.250408487522193,0.08462370835332678
AGTTGGTCACCACGTG-D1_NoStim,0.060029279498639454,0.052671201663022416,-0.30500008094684183,0.1136083107735768,-0.21139637008824153,0.19443856220472178,0.27834790631113293,0.0649975678711634
AGTTGGTTCATGCATG-D1_NoStim,0.016741610989187805,-0.0481374577585818,-0.3755086388624491,0.07241964935845324,-0.034743456770206294,0.20560853513416966,0.2464889176059728,0.008696645637005673
AGTTGGTTCATTATCC-D1_NoStim,0.0368560991345781,-0.022762643521648585,-0.5460639634735625,0.3946781940648343,-0.27524832626401086,0.5310539016446345,1.5626688519213365,0.1929119821905232
ATAACGCCAAGCCATT-D1_NoStim,-0.048920144264675613,-0.08424784581913514,-0.30539200145193846,-0.05643042023198319,-0.07244041558284664,0.057496369885981835,0.06568157787986983,-0.04912054709831892
ATAACGCGTATTCGTG-D1_NoStim,0.05197721091553653,-0.08375812601835264,-0.4269014822636894,0.06728927089953984,-0.08030534031109227,0.2622726208218529,0.06939490487315148,0.004156078430087362
ATAAGAGTCTACTCAT-D1_NoStim,0.02089436146541601,-0.07573458936485089,-0.34090099696356546,-0.020641936126365223,-0.025105255668890436,0.12113571090789499,0.03971103686754862,-0.03393047742818389
ATCACGACACCATCCT-D1_NoStim,0.05306988675624247,0.044852670254332594,-0.8753841644979534,0.2716671388660252,-0.14769541156757704,0.3104396844386388,0.553892148381613,0.2110966705353441
ATCATCTAGTCGAGTG-D1_NoStim,0.037337504858760084,-0.04880587659849844,-0.5687327924325238,0.08999222099817317,-0.2373183920907298,0.19903034451644963,0.18148997772680975,0.013869676867422243
ATCATCTCAGCGTAAG-D1_NoStim,-0.11714607482812411,-0.06669952830988812,-0.512806877317578,0.07880310928561407,0.07626480862394303,0.3607133025871203,0.48393323698054314,0.04130662685590636
ATCATCTGTTGGTGGA-D1_NoStim,-0.006807041024220695,-0.041995520055762015,-0.5207912931485765,0.10934619720939054,-0.15612654585913077,0.23716469599339796,0.261949267845317,0.04283006303166559
ATCATGGGTAGATTAG-D1_NoStim,-0.03273578849568004,0.005627480297158982,-0.2988101222010968,0.0026215504745561446,0.07983596089843559,0.16577978621299927,0.1139997484955595,0.030070846527296524
ATCATGGGTATCTGCA-D1_NoStim,0.0713450601500849,-0.0004825338890555031,-0.3133407093392844,0.10987724631436713,-0.08387461814548303,0.28416824075857683,0.30734508946722894,0.07504356510361454
ATCATGGGTCAGCTAT-D1_NoStim,0.008227701851417635,-0.055660305723261416,-0.47879142350585013,0.06799998713212929,-0.19289380780285548,0.1346869414586882,0.13880761988619028,0.04363037054256047
ATCATGGGTGACGCCT-D1_NoStim,-0.0213194538398902,-0.037805190357767415,-0.44007055926237904,0.01151885195893776,-0.11989204719093749,0.11575194491434893,0.3228622081104202,-0.00992062876073696
ATCCACCCATTCTTAC-D1_NoStim,-0.08038782364681651,0.014667193418993918,-0.9262544673466664,0.2792474992284877,-0.22231682697788635,0.27146550568571115,0.6323158113626208,0.21293527485016206
ATCCACCGTCTGGTCG-D1_NoStim,-0.023983664944752903,0.028676098031407804,-0.5736209216529708,-0.014280584896571469,-0.1716535366123786,0.10985399062710677,0.016817282979149084,-0.017522334407594542
ATCCGAACAATTGCTG-D1_NoStim,0.10637643570785826,0.03332996698749291,-0.6264149952823175,0.23474683734214175,-0.29735728765106373,0.38500212328240124,0.4954297903889735,0.11217007686578384
ATCCGAACACGAGGTA-D1_NoStim,-0.07473630624579819,-0.09789464284891203,-0.5406424334182027,0.11237449355106754,-0.23754826274893048,0.17624731143948758,0.34086376160743015,0.05187694864517667
ATCCGAAGTAGCTGCC-D1_NoStim,0.05699001334834719,-0.0353476918661606,-0.3777762285312072,0.009633409945244864,-0.024590094524063133,0.16883473247033542,0.035302477054866443,0.025245586108439966
ATCGAGTTCGAATCCA-D1_NoStim,0.043145020347020946,-0.0045639018583099045,-0.43215044392136903,0.06964669913609534,-0.16763664393746325,0.19885006617840162,0.06090008278473302,0.045085255356436704
ATCGAGTTCGGCGCAT-D1_NoStim,0.01437970610207806,0.012166870312890765,-0.29980896317175976,0.0312615560718541,0.005066588708277919,0.19800400890522418,-0.0004912617791150709,0.003961242879030991
ATCTACTTCATTGCGA-D1_NoStim,-0.03751001778442564,-0.019268374884745754,-0.34110979443997813,0.11276872145568717,-0.17680448996110698,0.235944130445656,0.21412006059036415,0.047501747404608
ATCTGCCAGCCGGTAA-D1_NoStim,0.11581786153004003,-0.020999169500562687,-0.5039698366727663,0.08129169454967666,-0.10635113966275789,0.2500957326740867,0.08138372281432726,0.051271550242393715
ATCTGCCCAAGACGTG-D1_NoStim,0.02229442798815029,-0.00274213271817203,-0.33248411396009914,0.06568522396692877,0.0207801131124441,0.3075215591863305,0.20947498120021635,0.03586041225670655
ATGAGGGAGGCGACAT-D1_NoStim,0.04837403945872154,-0.06816515224633157,-0.5036098449873787,0.0747750126308322,-0.1363030936045373,0.2368501505138898,0.045023359868241464,-0.005073169192039373
ATGCGATTCGTGGACC-D1_NoStim,0.08094729279109458,-0.037337847550979575,-0.5162057487476375,0.10552283865042611,-0.1879656609987279,0.19631550938918618,0.09231787927953139,0.004596007296591154
ATGGGAGAGATATACG-D1_NoStim,0.0720389712597953,-0.022336044464005056,-0.3294010606166875,0.071030025247941,0.016192450008015058,0.21319188117775312,0.0559341176082242,0.07725303152337837
ATGTGTGAGAATGTTG-D1_NoStim,0.03665735579706997,-0.027749253093009685,-0.5033728530116264,0.02466549024120468,-0.1936045454660711,0.1725259444407623,0.010886108436966246,0.016500717381846997
ATTACTCAGCTTATCG-D1_NoStim,-0.14784448329093713,-0.10527238985373089,-0.5781327684500273,0.08355189188431389,0.06520205663478151,0.20973407341250994,0.2658803417068185,0.02779756808499556
ATTACTCGTTGATTGC-D1_NoStim,0.08040273860820335,-0.052235795699504095,-0.6144353932289484,0.1079180885365556,-0.11481472339955978,0.29121729681297026,0.09672989165217949,0.023663715877097147
ATTATCCAGTCATCCA-D1_NoStim,-0.0007033526186095429,-0.07189989726967028,-0.35095309076170267,-0.041901808204267255,-0.014228746102922685,0.12117222891101775,-0.008195756590118286,-0.03650551742308927
ATTATCCGTGGTAACG-D1_NoStim,-0.022604885723090717,-0.045558181163602995,-0.42279818256887225,0.17139312197965317,0.05770017951520856,0.24218789046034228,0.5478701149790686,0.0932422470381713
ATTATCCTCCGTTGTC-D1_NoStim,0.019793479034419192,-0.035526134292508615,-0.34503290802328124,-0.03602034317905378,-0.01682936452024464,0.058017609706102036,0.0006835890861811578,-0.03490037345063257
ATTGGACTCTGACCTC-D1_NoStim,0.04769378959169046,-0.056028596154682475,-0.6789377185989256,0.3734130514894787,-0.17891368017466114,0.5157017229550096,1.7316933115508117,0.1901278829917139
ATTGGTGCATGCGCAC-D1_NoStim,0.09105889432863634,-0.06546700792483584,-0.8426481698650417,0.1907184017764827,-0.27219776613958224,0.36094309215199694,0.4163210377074815,0.09528882105819747
ATTGGTGGTTAAAGTG-D1_NoStim,0.03782646838057424,-0.06962780998831697,-0.33130812145319766,-0.012504570835313089,0.0045624091228155805,0.17078736019895224,0.042682537409790555,-0.019825902309008825
ATTTCTGAGGTGTGGT-D1_NoStim,-0.023226202800659124,-0.15378186224352675,-0.645657398871025,0.08118627567037606,0.2676794869776238,0.48079331357382316,0.2506732906872591,-0.03871322747890815
ATTTCTGGTAAAGGAG-D1_NoStim,-0.015512696739232723,0.014287070703719706,-0.46686779709609993,-0.021812880503333076,-0.13951684281044052,0.14560316394158157,-0.0351036647222811,-0.005679977034047212
ATTTCTGGTATAGGGC-D1_NoStim,0.09831834752585067,-0.0698931990541567,-0.646144988214088,0.10899157024259054,-0.017768229090362908,0.3353924934462764,0.1786174713315951,0.04052767323265272
ATTTCTGGTTATGCGT-D1_NoStim,0.14846708645757012,-0.03932415566681158,-0.45495361238928567,0.07367750018032382,-0.017733170281125865,0.3162772866158079,0.10966898117459944,0.05982463750880562
CAACCAAGTGTGCCTG-D1_NoStim,0.10034219553200963,-0.021308401691221945,-0.49933871802031504,0.039898984086374156,-0.09065567367285787,0.1795569604670737,0.007620130298152894,0.041167016816880064
CAACCAATCACCCGAG-D1_NoStim,-0.0027515300109222096,-0.04951351131732551,-0.6350647287265403,0.09111378208394783,-0.2362225592498124,0.19216066672092236,0.2582265092704894,0.06353696701248701
CAACCAATCTTTACGT-D1_NoStim,-0.08833150569235748,-0.04060012498488064,-0.3063246977826921,-0.004912913275727959,-0.10457533172588995,0.12090704792753826,0.4674438837483308,-0.003944707083022081
CAACCTCCAGGGTATG-D1_NoStim,-0.08940412454650648,0.019535381466644353,-0.4090528805951905,-0.11199675061113545,0.08187174334316794,0.05969825265710682,-0.1209211580656202,-0.059572157072773635
CAACTAGAGATGGGTC-D1_NoStim,0.012727306534843663,-0.02852426197610214,-0.36838539004567394,-0.03672918486375387,-0.05612963185067876,0.055490741519331976,-0.03514265833617447,-0.017770265576027455
CAACTAGGTCCCGACA-D1_NoStim,0.03515080402977944,0.009844435556731312,-0.41462954334938296,0.022052273059985694,-0.11029690347444898,0.16504481383847036,0.03274447270706826,0.013729389333425601
CAACTAGTCCTATGTT-D1_NoStim,0.04117996409482494,-0.03456466720144391,-0.29741149787018983,0.03304538889863906,0.0895875075522401,0.16309849441680413,0.06948640869241762,0.027669235344088605
CAAGAAACATTGGGCC-D1_NoStim,0.019483501045304052,-0.04121354833780444,-0.7419807578634412,0.23906017174102878,-0.26720043419489237,0.26103446213644954,0.36887609794392784,0.169342511751994
CAAGAAATCCTTTACA-D1_NoStim,0.08761489672592582,-0.040678221221753574,-0.41073770985417823,0.06678925918934375,-0.09620316111710991,0.2074869403731716,0.13217651032369293,0.04888045383657946
CAAGATCTCATAGCAC-D1_NoStim,0.04677216728987155,-0.06354580068641447,-0.5452683798580473,0.07804982765427049,-0.03260140452012017,0.26353143186968886,0.18775326241090795,0.03737348941247021
CAAGATCTCGCTGATA-D1_NoStim,0.06770599746406525,-0.026039900487498713,-0.4761597652499141,0.08578892997991261,0.020412191958438797,0.28496461599921474,0.12427015311368805,0.04866618026820291
CAAGATCTCTGAAAGA-D1_NoStim,0.13664672232587805,-0.031217734195298164,-0.4210647463140802,0.05068024976625196,-0.0228713221044039,0.2390076469853497,0.07930027532890627,0.047156315481057476
CAAGGCCAGTCGAGTG-D1_NoStim,0.11712081047951806,0.02593147718413924,-0.5705297711094772,0.07882809655970036,-0.15227953475779543,0.2471274627050999,0.13028531601093984,0.0846808926386089
CAAGTTGAGGCAGGTT-D1_NoStim,-0.00026605697912884807,-0.05079469569699668,-0.3697410516305908,-0.00021174860918549143,0.0021741113414286417,0.16450021948381277,0.049244286899226,-0.019969001292771793
CACAAACGTCTACCTC-D1_NoStim,-0.06127579797447247,-0.053087948226778536,-0.322130696675778,-0.005638408174812426,0.0014777939012624586,0.13437747646756737,0.17517731474868548,-0.008612819931780535
CACAAACGTTCGAATC-D1_NoStim,0.02827507903891835,0.015687634995249056,-0.41840297279217253,0.006030629013565658,-0.07763762684712106,0.2072271606211089,0.1513940126387876,0.011186483408776482
CACAAACGTTGGAGGT-D1_NoStim,0.08500118224249675,-0.002092228701151555,-0.44850960459674205,0.2708080003943927,-0.16500243296917638,0.460121813457242,1.3812854491143902,0.16698935910088153
CACACCTTCTGTACGA-D1_NoStim,0.02488851974108819,-0.03298941911713804,-0.33319909596261965,-0.020414052685953976,-0.047627967267054316,0.09267202964684174,0.043133634799237264,-0.009604704448422652
CACACTCAGATGTTAG-D1_NoStim,0.07390391649547823,-0.07782226570764017,-0.7345645432394114,0.1172920387606613,-0.2645411619360871,0.28718614962411326,0.1019615160739682,0.012074270266294818
CACACTCGTAAACCTC-D1_NoStim,-0.09502910738654435,-0.0040168623985863405,-0.4709693928407006,0.11327141773849192,-0.13785638381038368,-0.004590268205795667,0.5905947350858805,0.05488098837780875
CACACTCTCGGAAACG-D1_NoStim,0.033077978137235675,-0.038475934518299226,-0.47489990458714715,0.04518600601539546,0.09467078920808092,0.29320185510718755,0.11389777784819533,0.03717541638256705
CACAGGCCAATGCCAT-D1_NoStim,0.006159075639786238,-0.06636316309721657,-0.31347298304474336,0.07065311834059429,-0.006944215165976431,0.3203293058346066,0.33971737671245794,0.03794513528210075
CACAGTAAGTTGTAGA-D1_NoStim,-0.05010638137717116,-0.05943142700503401,-0.19512221583566713,-0.013680154630506536,0.06283960989437531,0.09808298821413786,-0.009726632969417892,-0.034315654732777645
CACAGTATCCGCATAA-D1_NoStim,0.1185770769085579,-0.004623311686366094,-0.4445462499399113,0.073109647976219,-0.018676619847134646,0.25231369274342796,0.10950382779908718,0.0648380848432435
CACATAGAGTTGAGAT-D1_NoStim,0.07615771524002213,-0.07823754209663392,-0.6086347285172042,0.14246643259296654,-0.13585678115470579,0.33964062011809926,0.20688994236415592,0.05161181277942717
CACCACTGTCCATCCT-D1_NoStim,-0.0555966833074617,-0.06866436122840369,-0.17818656638032593,0.1114720954201811,0.15654869168948338,0.1836630193865112,0.39344633348725466,0.051351038852050834
CACCAGGCAACGCACC-D1_NoStim,0.026991662913330217,-0.0256259805518102,-0.4514020894476687,0.06560917515207088,0.047432255376003596,0.2329349238249261,0.12412957714519646,0.06200678271144966
CACCAGGCACGTAAGG-D1_NoStim,0.05181070545929245,-0.00965710228506289,-0.491129762854694,0.04143424882192015,-0.14788501937346155,0.19982571971893215,0.17352134688664922,0.0384733418691976
CACTCCATCAGGCAAG-D1_NoStim,0.010121130762584585,-0.06761849068890413,-0.6111928749917208,0.11693926939259036,-0.1744681048016492,0.24681212475492487,0.204542039047225,0.024633825935248765
CAGAATCAGAGATGAG-D1_NoStim,-0.09842769585711508,-0.04234173039832001,-0.4249206098739684,-0.06019668895079988,0.04762808433791221,0.1558821839464546,-0.058767616998955496,-0.08551283811220856
CAGAATCAGCTTTGGT-D1_NoStim,0.021148123210553038,0.03526593896451935,-0.5390316232733081,0.02909941931068616,-0.15273002680912384,0.14653880121151808,0.09056852981223429,0.02359136769894654
CAGAATCTCTAGAGTC-D1_NoStim,0.09364469672514097,-0.07100043167207382,-0.4826294120848509,0.085451986727211,-0.02662619428511448,0.30608308638974613,0.05144339338353188,0.0076958869556413845
CAGAGAGGTATAGTAG-D1_NoStim,0.04830835712983372,0.011506714802942852,-0.41254931318091614,0.0631642115670985,-0.0996681340235348,0.22777177052990716,0.10980386327422487,0.05511990876107653
CAGAGAGTCCGATATG-D1_NoStim,0.023615170569216914,-0.02909897250018645,-0.4186204714481825,0.005104965580793319,-0.08057384602329876,0.19166709868708587,0.07148334235514842,0.02002777054332583
CAGATCAAGTGAATTG-D1_NoStim,0.11591339335527273,-0.025313229400600434,-0.4660989620628513,0.08388722221388534,-0.01477486328026778,0.2506976053364802,0.0687588617421957,0.057268260579981245
CAGATCACACATCTTT-D1_NoStim,0.03768149320024783,0.015301421086961753,-0.400617907143749,0.09101777973502934,-0.1492704096308124,0.2306916413494573,0.16080148310045939,0.023615945856692022
CAGATCAGTATATGAG-D1_NoStim,0.10530710728279757,-0.03298908918662313,-0.4387164953265881,0.09118588361280722,-0.049803250723803316,0.21982473040309447,0.10792001008907981,0.05003988244530255
CAGCAGCAGAGCTTCT-D1_NoStim,-0.01323354754566708,0.023237930743093216,-0.254087692833302,0.01916360848337817,-0.10912605687374999,0.1620981987682466,0.08368774141914326,0.008277670008292048
CAGCAGCTCACATACG-D1_NoStim,-0.016353712274352006,0.014100390667955764,-0.24462532475241794,-0.00038716242974423665,-0.05387660440153752,0.09953343883146104,0.15286439609488234,-0.003503425768386137
CAGCATAAGACAGGCT-D1_NoStim,0.00999502753706949,0.017037883656694675,-0.2576583665105723,0.04146929368849328,-0.14271042765181718,0.12925014256468614,0.023132780076775994,0.005346648984216884
CAGCATACAGTAACGG-D1_NoStim,0.07328351138396805,-0.05165389185173552,-0.5956361304048663,0.11782688517026685,-0.2513723737361673,0.21028970298659377,0.17579172516683172,0.05690654293338504
CAGCATAGTGCTAGCC-D1_NoStim,-0.1584190266401606,-0.10064900229700768,-0.35455493434643515,0.038487847913444284,0.06421982547127669,0.15358212943847604,0.31405772989730796,0.008716961490241815
CAGCATATCCTTTACA-D1_NoStim,-0.059840498376939166,-0.05573646591105863,-0.2283603555593423,-0.04006682567332298,-0.08791397569715897,0.030870747078093785,0.008318595231661341,-0.059919703123332724
CAGCCGACACCAGATT-D1_NoStim,-0.1254813426385848,-0.06896228810532534,-0.34210509161176006,0.06293968715224274,-0.10148890337374894,0.18727755625293607,0.39646812029355427,0.002847155244824151
CAGCCGATCTTGCAAG-D1_NoStim,0.02486394721098506,-0.07431165871594025,-0.47540992586575115,0.04436474689439862,-0.1086766138037234,0.24614987106889785,0.4526308231679357,0.06356806813206539
CAGCGACCAATAAGCA-D1_NoStim,0.04066879288176928,0.0025160886818564876,-0.4979360009227243,0.10839718759936545,-0.12305859743008085,0.26721546255442696,0.4294694871665188,0.03668334130802542
CAGCGACGTTTCGCTC-D1_NoStim,-0.009498901798966841,-0.04108334593879981,-0.3540602556783554,0.01719595054393075,-0.11083555803912581,0.1109768075439117,0.08360020780623412,0.00947920291146609
CAGCGACTCGTAGGAG-D1_NoStim,-0.0465705223227566,0.013128096248241405,-0.3382453204907119,-0.019473215411787592,-0.028100175158304097,0.14367892284195172,0.07930148129860992,-0.0025051509643212455
CAGCTAAAGTGCCATT-D1_NoStim,-0.024340358176310417,0.006466537657315641,-0.4702492494332091,-0.03916608614591155,-0.1981013621372263,0.08646758548421829,0.012517376027672888,-0.04238010772346357
CAGCTAACATCCTTGC-D1_NoStim,-0.04333407244648235,-0.05662499370757956,-0.4106274706488655,-0.07193853405120443,-0.2223999554629401,0.007865178223067204,-0.06757473496421973,-0.0775287034091594
CAGCTAAGTACAGACG-D1_NoStim,0.005647233916214134,0.02090280642265263,-0.5280348347116508,-0.014426353215458931,-0.12993688208674925,0.1493766786067372,0.08705528542564256,-0.034099276156311475
CAGCTAATCGGACAAG-D1_NoStim,-0.10110354679084921,-0.11489559781100667,-0.5883067959782764,0.17377554433629072,-0.09012512319280042,0.2218189322501738,0.593668271380813,0.05702305022654741
CAGCTGGAGCCGCCTA-D1_NoStim,0.06676982086961836,-0.06089660426146004,-0.525270634194051,0.1012982500346844,-0.03694763383837518,0.28300783418586484,0.15620665844839987,0.053596759080962286
CAGGTGCGTGTCTGAT-D1_NoStim,0.07581556101456854,-0.017436300044632702,-0.435494686464029,0.08031071997630868,-0.17829259083812943,0.16249305649812218,0.05084087632770329,0.04020267619609186
CAGTAACAGCTCCTCT-D1_NoStim,7.700997578119484e-05,-0.0545871674892755,-0.7880711038460735,0.2556064473504289,-0.20361587789323288,0.2971791828980104,0.7386590773822963,0.1688016269724475
CAGTAACCATACGCCG-D1_NoStim,0.0006162151962136875,-0.07060074701480801,-0.401630044025552,0.011259599625727645,0.06787090147184749,0.2595899720492838,0.3671954823766379,0.009801391699845396
CAGTAACGTCCAAGTT-D1_NoStim,-0.025320140687203008,-0.07779212446461514,-0.3958638414611766,0.13789101808281856,-0.11853090206594885,0.30719502568393153,0.5494602644517927,0.09019232181047165
CAGTAACTCTTGACGA-D1_NoStim,0.058733074922020734,-0.07532674634510528,-0.6825901680444364,0.11880148737726337,-0.2757506921832551,0.3014675186992237,0.09944383098100396,0.015531916294783343
CAGTCCTCACGCATCG-D1_NoStim,0.009416872341471816,-0.007993707122924576,-0.44129623722241185,0.06906352096489776,-0.13543118370610507,0.19991921979928406,0.3632538205458644,0.023594073234363577
CAGTCCTCACTACAGT-D1_NoStim,-0.07924811266278553,-0.07109793523660457,-0.323306886657587,-0.033061295900752796,0.18507645613673773,0.19389243740591589,0.1780137524321006,-0.05101113718781747
CAGTCCTTCATACGGT-D1_NoStim,0.035988868114181116,0.02811138903200039,-0.2735500650244127,0.01510944876805631,-0.30971621553279505,0.07897926480417361,-0.021901144366095693,0.010873802991849146
CATATGGAGGCAATTA-D1_NoStim,0.0642371116108702,-0.015064971144941097,-0.3422992836009833,0.01493670942408798,-0.09699180746882874,0.1069493745080905,0.015090262797830434,0.023076670089549722
CATATGGAGTTACCCA-D1_NoStim,0.05370665530849017,0.016584360702180945,-0.32935087563177845,0.06355164131971947,-0.14709471531977059,0.20113879339943175,0.38354478511964274,0.04006339297843198
CATATGGGTCACCCAG-D1_NoStim,-0.028775899580965714,-0.06327767303782572,-0.23169778078832692,-0.04298339456863509,0.0013897286558695043,0.11395436734114917,-0.03274675414854045,-0.05255702002860829
CATATGGTCATGCAAC-D1_NoStim,0.058099238562759226,-0.04357966578962902,-0.4302612735733753,0.057173047816599265,-0.07512277863897587,0.2438206415219355,0.13504660741318197,0.055511709734854975
CATATGGTCTGCGGCA-D1_NoStim,0.02856330167525023,-0.017541385589646907,-0.6742417930781492,0.329568606670259,-0.1254011622038096,0.5066942965115793,1.300655660810114,0.14963726181600556
CATATTCAGCTACCTA-D1_NoStim,0.060672356505092395,0.013083310897824774,-0.5072552177476588,0.02742690756962851,0.04754040145907723,0.16386274163352077,-0.0013195276292732316,0.018032893496254587
CATATTCGTGCTGTAT-D1_NoStim,0.004829081815616476,-0.04901703606487473,-0.2913538451569764,0.0011479110439651663,-0.012305510327115243,0.14085096871662373,0.057010959670768635,-0.002156216133629485
CATCAAGCATCACGTA-D1_NoStim,0.00885698654134437,-0.018007422389052508,-0.3891505541445479,0.0837954759472268,0.0005476921082312458,0.19715758151804863,0.4970096110976847,0.04641197873322689
CATCAGACAGATCGGA-D1_NoStim,0.06846619241225049,-0.004177886785955209,-0.46631281345012887,0.09156545641551794,-0.11877731323600393,0.23012494197647548,0.10459472487900978,0.03089675448254603
CATCGAAAGAGACGAA-D1_NoStim,-0.04567942443872042,-0.06883483120261857,-0.3767596130085842,-0.08497317501960566,-0.15673619339393596,0.011828772611581329,-0.04471683647878244,-0.08631142048148455
CATCGAACAGAAGCAC-D1_NoStim,0.07447654843736906,-0.013558906776435009,-0.813404842158997,0.37089549752297657,-0.1636215013289508,0.5229831657417403,1.6702765528261079,0.14359843443802056
CATCGGGCATAGACTC-D1_NoStim,0.052562239086492824,0.023574472609084296,-0.29632428160495117,0.1620552043996497,-0.07449621473793755,0.27160382378870196,0.22628975294814868,0.07383133891171845
CATGACAAGACGCTTT-D1_NoStim,-0.08353828946402331,0.0035534059200994506,-0.6052375226354059,-0.04800774710229305,0.024081160557734904,0.1648770362433254,-0.08274387377049308,-0.0458907202625749
CATGCCTAGTAATCCC-D1_NoStim,-0.03382030562580063,-0.06188857945727477,-0.33200525754912746,0.04600725900445646,0.16471425589373112,0.2690265083342567,0.1641474540016068,0.04015914616290672
CATGCCTAGTCGAGTG-D1_NoStim,-0.053804399568241124,-0.10162321566539312,-0.5830341891811379,0.12065217405421436,-0.06373045002393418,0.22784605494644516,0.4501036742463418,0.009933194496234421
CATGCCTCACGTGAGA-D1_NoStim,0.09762854448584513,0.024529401616543822,-0.42375160587459604,0.11981021131702718,-0.19897134162709307,0.2157150448198717,0.2734168616005208,0.07360742616590876
CATGCCTCATGCTAGT-D1_NoStim,-0.013587958030861103,-0.14168538520725882,-0.5824507084542017,0.1380845219546707,-0.09666080142023148,0.2775231807698697,0.23096501424176274,0.01926034175921565
CATGCCTTCTGAGGGA-D1_NoStim,0.007362249594082826,0.033163633322553565,-0.4510597421203304,0.10194468714109561,-0.25447206717985615,0.1855292699463682,0.7170921577501268,0.03608325653686251
CATGGCGCACATTCGA-D1_NoStim,0.04334208623356339,-0.041566658839959914,-0.36064792466050477,0.045097702587138855,-0.040091671080611846,0.2048868279853595,0.1549132628443246,0.05766993821300659
CATGGCGTCCCTCAGT-D1_NoStim,-0.02417003252374883,-0.06194526274947876,-0.40830807305372474,-0.045387565196001844,-0.09968206842472682,0.06432826655493962,-0.02095686291857124,-0.05541189059075613
CATGGCGTCGGAAACG-D1_NoStim,0.05709937440550128,-0.007035641219305333,-0.5108225262424426,0.06528227225062899,-0.2524980877031293,0.22576984942761236,0.21409085365519154,0.01986577043865978
CATTATCAGGCGATAC-D1_NoStim,0.057529276629873394,0.04343897699066268,-0.41428501095535886,0.0831766090945294,-0.005296234361559016,0.23655228518709848,0.23813247189544118,0.040198022607517814
CATTATCCAGACGCCT-D1_NoStim,-0.0871859958570056,0.0264194286835977,-0.48508190453856237,-0.057755858903705715,-0.1001189659632189,0.07021364532486274,-0.07405590697623854,-0.058872710576549636
CATTATCGTTGTCTTT-D1_NoStim,0.03924407464477575,-0.034886456119018305,-0.27808310803916925,0.029014472667338254,-0.03778930645458267,0.18690969161734294,0.028902469020637866,0.035647144871550296
CATTCGCGTAATCACC-D1_NoStim,-0.012609280710972115,0.0012015721087283993,-0.341778922975017,0.010953474308067257,-0.04925330014652651,0.22776229550327542,0.10847391207699264,0.009279709226452937
CATTCGCGTCAGAAGC-D1_NoStim,0.002670396527541641,0.005342483781133112,-0.43339156574425175,0.01314415797141244,-0.13240415393823923,0.21438851600582787,0.36097083728744295,0.009535062623072577
CCACCTAAGTAGCCGA-D1_NoStim,0.016311650142215584,-0.03936581076368384,-0.5278896294853368,0.11654806901414183,-0.3052375846577142,0.14782620273717484,0.0582211169311444,0.07722964576993441
CCACCTAAGTTGTCGT-D1_NoStim,-0.0067503437994140825,0.013099575317193413,-0.4381682673677414,-0.04676768328628533,-0.038919657357826765,0.09648222824435493,-0.02961782241181954,-0.03760610646993001
CCACCTAGTAGTACCT-D1_NoStim,-0.05142241837194206,0.0015452584448141238,-0.6437170293653018,-0.008136370704173501,-0.19858513951245627,0.09028810035935919,0.039483696332448304,-0.009649734173855506
CCACGGACAGCCAGAA-D1_NoStim,0.015693166135744008,-0.018645801920159855,-0.49663145330932323,0.05120042859272367,-0.04587047519367182,0.17891677343713752,0.09626909206168222,0.03451555001004003
CCACGGATCACATAGC-D1_NoStim,-0.01704797871643393,-0.061525702522933656,-0.42547766255075103,-0.0023499358161682693,-0.07094870762574601,0.1629546811532654,0.1472611149013412,-0.025455294986493016
CCACGGATCCTATGTT-D1_NoStim,0.007564206907074933,-0.010996681885245607,-0.29482665168719535,0.028644889774993132,-0.03539330714725253,0.14251347937529157,0.03902874801936829,0.020457279309217924
CCACTACGTAAGGATT-D1_NoStim,0.045311317229051795,-0.03927528534101121,-0.4021057307566487,-0.03989089971827653,-0.12332180687564431,0.09726709367657982,-0.01202172809668589,-0.03411523910454939
CCACTACTCAGTGCAT-D1_NoStim,0.04596936623346437,0.019661932456669362,-0.3187337959772414,0.01360560838826963,-0.12011797198965013,0.097961470220147,-0.022273505789351056,0.016239340442334438
CCAGCGAAGCTAAGAT-D1_NoStim,0.07515680271006886,-0.04309188962558963,-0.6380461781029965,0.12102452497463645,-0.2165024601715686,0.3208398973892326,0.13592609599379024,0.05903028308868663
CCAGCGAGTAGGGTAC-D1_NoStim,0.04198723541035321,-0.04822663096669544,-0.5794077733398275,0.13532491346666298,-0.3119221899458484,0.3115387015615525,0.1970136317935749,0.042889380050930015
CCAGCGAGTCCCTTGT-D1_NoStim,0.05749949248307473,0.02624720349934151,-0.35726951326691925,0.06782336500563702,-0.10783155195014338,0.23122998658939764,0.1302570668337628,0.04261035808453073
CCATGTCCACAACTGT-D1_NoStim,0.09993367349987636,-0.06946251252178115,-0.5972871305398151,0.10552407068048453,-0.12561896218520907,0.30645950447357606,0.1044743858625008,0.05814199728875202
CCATGTCGTGATGCCC-D1_NoStim,-0.016080614296063445,-0.013764746796844918,-0.5927847284242986,0.16610546846438723,-0.2530169305289238,0.3365698717925927,0.48140874489645924,0.033133490008182775
CCATTCGGTATGAATG-D1_NoStim,-0.05187427829519642,-0.058046628193242356,-0.3855295442579667,-0.07564046525632229,-0.12242907633083178,0.0016101577078977414,-0.09048476351955781,-0.08406787988227649
CCATTCGGTATTACCG-D1_NoStim,0.0710101439562667,-0.08898013655380943,-0.7360246979226446,0.13381799379166104,-0.25740429261452746,0.26622564831508555,0.13882428302743488,0.027765324396915148
CCATTCGTCGCGGATC-D1_NoStim,-0.06303795429468728,-0.06325759112831619,-0.5009476909466297,0.1678349789542306,-0.2867664553087561,0.2752402644728349,0.41064612269002154,0.08943879628260021
CCCAATCAGAGACTAT-D1_NoStim,0.029942662957731514,-0.043190852558748105,-0.701834281961661,0.2071277162078271,-0.3122768399781677,0.36819567462206315,0.23834864846910442,0.09495950351869276
CCCAATCCATTGGTAC-D1_NoStim,-0.04292034849346926,0.010524043875568267,-0.3026896863360786,0.02712312452239729,-0.1767731919652995,0.08186481011006919,0.24202556221175975,-0.015255884548794896
CCCAATCGTACAGTGG-D1_NoStim,-0.018355036562459404,-0.009285352555915338,-0.49627802609120764,-0.010913664850138005,-0.166462191011437,0.12336380313820072,0.0075331901797568435,-0.031155398845497118
CCCAATCGTATAGGGC-D1_NoStim,0.017859074038984346,-0.029739804866760977,-0.537190884445085,0.11162014501266349,0.03631920281395118,0.3376683059846197,0.253966831553627,0.08278547987526963
CCCAATCGTATAGGTA-D1_NoStim,0.018127139915256052,0.014066331785201669,-0.4126088872812499,0.1143298511506945,-0.09039069414685841,0.282259351954524,0.5831706994222312,0.07108658992897787
CCCAATCGTTTAAGCC-D1_NoStim,-0.038142542452293426,-0.015092727445807697,-0.5525252944285981,0.18640621733514706,-0.2184339961921733,0.32540179391141244,1.0344143089210824,0.05669791156797466
CCCAGTTAGCTGCCCA-D1_NoStim,-0.2323640940820173,-0.09480754344277464,-0.4149275328169306,0.2152219976401497,-0.056925871713996656,0.27171900402474236,0.9746810401433077,0.11280332298079365
CCCAGTTCAATACGCT-D1_NoStim,0.09565906308780825,0.017042839831715284,-0.5454072340629601,0.2822502133539224,-0.2575507433293449,0.4528549168851388,0.971923718861393,0.11536136746383363
CCCAGTTCACACATGT-D1_NoStim,-0.0280889393492032,-0.10106554311917115,-0.3176714231365736,-0.015911973096335075,-0.025198772186978857,0.16722364164013825,-0.030067134852714616,-0.04191419900031157
CCCATACAGCCCTAAT-D1_NoStim,-0.0828243406423308,0.01383973239216374,-0.25952507877394737,-0.03580072746729002,-0.09092964960475669,0.026552898368050748,0.06444048650531986,-0.03185910142373416
CCCATACAGTCTCAAC-D1_NoStim,0.013033668402865572,-0.031369068518039,-0.6206318266130566,0.15054180279667584,-0.1070570288549213,0.41681582374206094,0.41762844507005337,0.07435789362959433
CCCATACTCTGGCGTG-D1_NoStim,0.05859053657900759,-0.13764670695456793,-0.7881179156479536,0.11724106602538598,-0.021940092492950924,0.4578056860374602,0.2780572934346033,0.02190833854921692
CCCTCCTGTCTAAAGA-D1_NoStim,-0.029022353324750227,-0.037211055016724615,-0.25508805123576295,-0.010528777595025574,0.01826901536469805,0.12670742910778365,0.0464286643256564,-0.022118175381413252
CCCTCCTTCAACTCTT-D1_NoStim,-0.07678654658854711,-0.04057886771460417,-0.34628674667686,-0.07050321131563031,-0.15863200120528376,0.06985723853276937,-0.05073001787942921,-0.07770502352022568
CCCTCCTTCTAGCACA-D1_NoStim,-0.0040662771716473145,-0.0678839558985711,-0.6456986113538399,0.12715768956592122,-0.3566349336741812,0.22622738841176915,0.2661070825241856,0.08901433271005565
CCGGGATCAATGTTGC-D1_NoStim,0.0017368843301852621,0.008278529974692361,-0.6517008186419684,0.05480089029132884,-0.32001071740979015,0.20859722310501638,0.5449543110651245,0.009016768229898275
CCGGGATCATCACCCT-D1_NoStim,0.09845681210727442,-0.06644115863620037,-0.46815943271525917,0.10428390354506512,-0.05547024494912378,0.32899498094143986,0.14520756723044848,0.06296794801333405
CCGGGATGTCGGCTCA-D1_NoStim,0.07147721232103343,-0.057762242934714436,-0.6656240065798755,0.08325181367581891,-0.1325591658484857,0.3529270574565686,0.22593623383678985,0.04148982305322413
CCGGTAGTCTACTTAC-D1_NoStim,0.009287939761472686,-0.05447221016834014,-0.8178920947479575,0.21050353299627034,-0.16255824223526893,0.3201068522999275,0.5332591541729563,0.1383412331467042
CCGTACTAGTGCCAGA-D1_NoStim,0.08326503394821216,-0.057236409613381056,-0.5196015339929492,0.0950125105218973,-0.23369895646416694,0.22789113284789408,0.02084174280984641,-0.00459691389719552
CCGTACTGTTCAGTAC-D1_NoStim,-0.04741198518024703,-0.051481211660204806,-0.6108431522141249,0.1685065995284063,-0.1805102667574996,0.27823592850810996,0.1787655035661242,0.06085825633539521
CCGTGGACAACACGCC-D1_NoStim,-0.10558458925063441,0.03772825120200629,-0.37679319063863304,-0.04364393662234711,0.01912633742424319,0.10487430836674072,-0.14774424362474026,-0.03380083911629761
CCGTGGATCCTAAGTG-D1_NoStim,0.09285668827587124,-0.023665418827869544,-0.43576192992875207,0.06357819411115351,-0.04015577829600758,0.31542047721807265,0.09933104765736367,0.04505511291695541
CCGTTCAGTAACGACG-D1_NoStim,0.06750022066546535,-0.036942859295722386,-0.4635803527012854,0.09901994897608901,-0.19587124268519496,0.19654726519743537,0.0712927188605148,-0.000966215412917748
CCGTTCAGTTGAACTC-D1_NoStim,0.13744112836799793,-0.009406310267838336,-0.5024665868441751,0.10023564385659967,-0.15846752807623332,0.2762729959011221,0.14908349685017264,0.049870619772088176
CCGTTCATCCGCAGTG-D1_NoStim,0.007107950772351046,-0.017521248219155794,-0.4179045068678846,-0.003711442604856785,-0.1782283963742124,0.07642617483135794,-0.038306087057049076,-0.0027319346066292383
CCTAAAGAGCAGCCTC-D1_NoStim,-0.02317362110371768,0.033459160145463684,-0.41935255917043257,0.03228183145337482,-0.06618170216581198,0.19332357792263455,0.01507796181323684,0.037656829119356416
CCTAAAGTCGAGAGCA-D1_NoStim,-0.23884008040391436,-0.1260115722578412,-0.6339810455651413,0.19291944404860217,-0.2247828742757214,0.31596171380654603,0.33983028960452,0.06759349613123078
CCTACACAGATCGATA-D1_NoStim,-0.0306682288326936,-0.0415537135538635,-0.23513376161697508,-0.02929659549961272,-0.008083545735116715,0.07033704127369589,-0.06235884329937669,-0.04484787225125508
CCTACACAGCATCATC-D1_NoStim,-0.06753674295657497,-0.06682680628492577,-0.2660628799264799,0.08132693410322034,0.12578067873089083,0.1455455874933147,0.38238123225394993,0.03716060090339468
CCTACACCAACTTGAC-D1_NoStim,-0.054837736561891504,-0.05935172785095055,-0.3229098214475954,-0.03219296461677601,-0.06103063313152646,0.08391088798847335,0.06172680474334413,-0.061447501892111234
CCTACACGTGTATGGG-D1_NoStim,0.054185646255538344,-0.03175038284835452,-0.5678045857638789,0.12819907661248386,-0.18235264650836314,0.3023944674296306,0.2276982052392098,0.10607007870930829
CCTACACTCTATCGCC-D1_NoStim,-0.05838244678947113,0.017661715209676743,-0.3969043207193792,-0.04259081373860596,-0.18211543525944052,0.057059006300486104,-0.10396630397994855,-0.022843131277525686
CCTACCACATCAGTAC-D1_NoStim,0.06018163315661518,0.01155076856035997,-0.29921620919690994,0.17091668892104828,-0.2696829963444518,0.3600696456310164,0.9474108569779931,0.06551774326464255
CCTACCATCCTAAGTG-D1_NoStim,-0.09200695990931784,0.02749766419738897,-0.34223904358802315,-0.026816376675707687,-0.21543291269238551,0.04652186044531703,-0.0023987337283140064,-0.04422621021721618
CCTACCATCTCTAAGG-D1_NoStim,0.027993988676243475,-0.07672483910073424,-0.2783414403944029,-0.011470440384236724,-0.023963882311875295,0.1393734341960382,0.024251831498109944,-0.0026121888063954657
CCTAGCTAGGTGCAAC-D1_NoStim,-0.06365423623661925,-0.035733066622977816,-0.8652828118584583,0.31184482006240266,0.016644184607727652,0.4028421498113408,0.7962057650395042,0.15973831199388933
CCTAGCTCACAGATTC-D1_NoStim,0.013371132843852607,-0.04377103288247319,-0.37900289221854777,-0.0009913976629807308,-0.042295273559503244,0.11302889214709122,0.04035206767944377,-0.018927398015801344
CCTATTACAAGCCGCT-D1_NoStim,0.031391184632678204,-0.03234363493153403,-0.6343964033472478,0.2751630572820165,-0.24704389732069032,0.4398792245007659,1.0948934103909398,0.11215329261523266
CCTATTACAGCTTCGG-D1_NoStim,-0.02182476934833666,-0.060655563776785826,-0.36590696017433544,0.03316955742187311,-0.14888584593622234,0.14881965250817508,0.08714626853129737,0.013224759234343963
CCTATTAGTTATTCTC-D1_NoStim,-0.0247239436335569,-0.022521663284004845,-0.38032399093379965,-0.012296564555660083,0.02803313866383661,0.215591265746637,0.07419853326177961,-0.0036606777969581117
CCTATTATCACTGGGC-D1_NoStim,-0.05158961118109673,-0.04916045669577329,-0.40396479752330094,-0.011857121438255902,-0.10702023640325997,0.10305724305079256,0.041479201812768096,-0.004181489210838052
CCTCAGTCAGCCAATT-D1_NoStim,0.09468197019968372,-0.01909063037037484,-0.33526213609489375,0.03848939670065121,-0.11817975052226082,0.17916548806945176,0.0465015518959202,0.025392604477309177
CCTCTGACAACGCACC-D1_NoStim,0.06913964743733025,-0.04686677620775548,-0.38598171767628386,0.05717674912329862,-0.06787275623469213,0.1740417625848849,0.07972799352337745,0.03276824589288907
CCTCTGACATTACGAC-D1_NoStim,0.011239820085567231,-0.06644245714786301,-0.34297371881594074,0.04560139573414901,-0.053719867077044015,0.18477474614928724,0.09114722341432202,0.04594799544766559
CCTCTGATCGCCCTTA-D1_NoStim,0.08719055278954535,-0.029683106921229552,-0.4153001453267997,0.09252044154912298,-0.08850173845790898,0.20483047858798997,0.10469943416123328,0.10026494661416585
CCTTACGAGTACGTAA-D1_NoStim,-0.0023922790657984194,-0.05065397296269403,-0.28937812507338023,-0.02293292709490302,0.004749577597952026,0.20344493498493676,-0.012628527777532206,-0.011841537858224171
CCTTACGAGTCGCCGT-D1_NoStim,-0.005979117227067121,-0.03763788298736692,-0.3161899348033277,0.0721787529449287,-0.11873062764175124,0.21492980974827613,0.12912248481351618,0.007809831055350713
CCTTACGGTGTGAAAT-D1_NoStim,0.024963168809708947,-0.02627921386069154,-0.26337056182091345,-0.017519958587538298,-0.03838778944209764,0.10415974744362266,-0.004891605792465725,-0.008498071493539427
CCTTACGTCTCTGAGA-D1_NoStim,0.08597603975406187,0.07247326890939298,-0.593369984152595,0.13974981378130735,-0.045592678735527414,0.258446762941821,0.2201088309331709,0.08909513284341486
CCTTCCCCAAGCTGGA-D1_NoStim,-0.0703194021406226,-0.0717613753731392,-0.2475079408431995,0.0014553753210098108,0.0678445490928965,0.08945145747293815,0.05278328039461222,-0.04156190060045439
CCTTCCCGTACACCGC-D1_NoStim,-0.02511796382688125,0.0031150019695989073,-0.31078885917933974,0.03608922857770658,-0.3188720394202491,0.13206096620498187,0.3726855359138197,0.004834766295086723
CCTTCCCGTAGCACGA-D1_NoStim,0.11887922959109964,-0.04997100291225465,-0.46149454809693324,0.06225911909187687,0.0034313579234215297,0.2727983645888248,0.08246062482093652,0.04748760800945995
CCTTTCTAGCTATGCT-D1_NoStim,0.06305119050320407,-0.034661883511008185,-0.3375266765901692,0.001006903646860735,-0.12277673393323951,0.12534446422455758,0.04711183123568663,0.005502452326171081
CCTTTCTTCGGATGGA-D1_NoStim,0.020351723816121492,0.006451748181246941,-0.43297948855203927,-0.0012041634204180696,-0.061143725279883654,0.20852834203654247,0.03862108810670595,0.0010912182633102674
CGAACATCAAACGCGA-D1_NoStim,0.013683110377776586,-0.033371764125551096,-0.3155993535679684,-0.022334506495626627,-0.09442647754017308,0.08292123754292646,3.217321860304878e-05,-0.01873045769976578
CGAACATGTTCCACTC-D1_NoStim,-0.04851922581683965,0.015246298673766034,-0.2638433683748822,0.016393272117083413,-0.22963900075660604,0.09218232934881954,0.28898217694679573,-0.017842224366788173
CGAACATTCTGAGGGA-D1_NoStim,-0.03246998019247371,0.03836358200214107,-0.31102925619336474,-0.03739304739607974,-0.0918643920118889,0.12712080565713535,0.01161317703339293,-0.006462037773623308
CGAATGTAGGGCATGT-D1_NoStim,-0.009713886223831736,-0.0403954606353949,-0.6764631844583455,0.10473062078916762,-0.23500463927641668,0.2923558148544849,0.237729508594005,0.031298669539030044
CGACTTCAGCATGGCA-D1_NoStim,-0.020355736444676253,-0.0477882201607418,-0.25070795267195223,-0.028784374426166437,-0.012280774998071564,0.1029638034157756,-0.0005580031230758564,-0.010533414988712408
CGAGCACGTTACTGAC-D1_NoStim,0.03471513830674411,-0.052938321802397326,-0.6313354214284779,0.17450991298141716,-0.07770467607686271,0.31476924775200565,0.27171107525172467,0.0380929419723639
CGAGCCAAGTTGAGAT-D1_NoStim,0.14794656212901103,-0.03879424846800816,-0.5049589421618528,0.14701378638793727,-0.02760083951519121,0.3824000034009192,0.25364281064970484,0.07609589180962217
CGAGCCATCACCCTCA-D1_NoStim,-0.12462731345994804,-0.12328386236211308,-0.5033481326777522,0.0012224183391449372,-0.011517959859794757,0.2154676608699848,0.7170250933052689,0.022129829684633506
CGATCGGGTAAGAGAG-D1_NoStim,-0.06426161382047013,-0.040051643497731604,-0.2819895387974931,-0.026929954136972967,-0.07642958681779533,0.11310280855001942,0.03252622424847296,-0.03614759974410475
CGATCGGTCAACCATG-D1_NoStim,0.07433416863904796,0.08879647850077177,-0.47870829810659465,-0.014955665088917769,-0.17966332327841705,0.14051651971528756,-0.4464308851685068,-0.016754861189530956
CGATGGCCAGATTGCT-D1_NoStim,-0.03647415081177385,-0.005712699376402952,-0.3528551487805345,0.04313561700593027,-0.0816053496117135,0.22336245433830726,0.0965480206350744,-0.0052061446315292415
CGATGTACAGCTGCAC-D1_NoStim,0.06250777429112908,-0.024233741454974478,-0.54786271337165,0.03769661961192483,-0.024507395996788972,0.25780206019049423,0.0444475722097355,0.0505595553532725
CGATGTATCTATCCCG-D1_NoStim,-0.053814768894710596,-0.07243124465933093,-0.2913688792053186,0.03356255800667718,-0.011068905662895645,0.17478801597226035,0.1789527445674013,-0.00486712648193155
CGATTGAAGGTTACCT-D1_NoStim,0.15032562594204535,-0.03982001109588218,-0.381454175595092,0.0754325167542671,-0.04990108544599714,0.2619200755555653,0.09260064904433474,0.0651247911197288
CGATTGACAAGCCTAT-D1_NoStim,0.005643142746533769,-0.0715037650905348,-0.4794871798306275,0.060272815858212425,-0.0687272500535645,0.20267799507345785,0.19530239154013884,0.003923583881253023
CGATTGATCAGCGATT-D1_NoStim,0.013017949918943117,-0.1409100727676389,-0.8910671470775267,0.16319138245771292,-0.10753297649117854,0.40759722200213666,0.35333279319164657,0.06337214184982187
CGCCAAGAGGTTACCT-D1_NoStim,-0.06656371682737827,-0.05566204225487148,-0.2616938529961992,0.009398304847595185,0.09354446644801939,0.10357212065975574,0.15046584378679118,-0.022149538955845927
CGCCAAGAGTGCAAGC-D1_NoStim,0.01129899634274345,-0.045087859890045934,-0.4749746209162744,0.11831901927792288,0.04984274943787348,0.34050701304283315,0.3074241173171055,0.07515996782135304
CGCCAAGTCGCAGGCT-D1_NoStim,-0.05180608510637619,0.01440816754976737,-0.34427434738859297,-0.06484628440600382,-0.08851975462005157,0.0699378067504206,0.32160499402244813,-0.03345635979712469
CGCCAAGTCTGCGACG-D1_NoStim,-0.03938966706333069,-0.04111942548872349,-0.39673865260406416,-0.011986350717782202,0.04428752775390876,0.14040104276652876,0.0631505948512201,0.010302792942255223
CGCGGTAAGCGTTGCC-D1_NoStim,-0.09158624930356041,-0.07476659531642227,-0.6483787022549166,0.12463311344757777,-0.21903261699338472,0.33100753541889993,0.32786169892809713,0.022828366850545123
CGCGGTACAATCTGCA-D1_NoStim,-0.01933343467076476,-0.08276427631058958,-0.5877787880405876,0.15347345403252532,-0.11821934976291182,0.21194429104139623,0.08952298172149131,0.034857896023426704
CGCGTTTAGCTGTTCA-D1_NoStim,0.08520784353838629,0.02048010556134905,-0.6047717544072171,0.2786415508481017,-0.23804508882677133,0.40265326891277553,1.1416391694711407,0.12887462446996523
CGCGTTTTCGTGGGAA-D1_NoStim,0.035404389733470154,-0.051208674280228905,-0.5903693499205787,0.08582574257397546,-0.1234195346035456,0.26513220028462925,0.36788700017997567,0.0634659252711991
CGCGTTTTCTCCAACC-D1_NoStim,-0.08683856496052123,-0.10535888728469445,-0.8007575157457509,0.16211970362945927,0.18652112132335752,0.4771403071656817,1.0205397972015025,0.10652566743431002
CGCTATCCATTGGTAC-D1_NoStim,-0.04021644953562031,0.029753602689032377,-0.4026843726835949,-0.029122588361168766,-0.23553867191528255,0.06553555657435695,-0.08477517979005,-0.034532560600222695
CGCTATCTCTAGAGTC-D1_NoStim,-0.05755904891563546,0.016113983551328204,-0.3127229991152518,-0.03438965199747912,-0.09669725568694076,0.10304566727674747,-0.03952258904882111,-0.044636436509136956
CGCTGGACAAGGACTG-D1_NoStim,0.04492318654405558,-0.05380072677814063,-0.3537745115627615,0.0016466176847664826,0.009080331275931997,0.15999482228909478,0.027005079475021176,-0.015074902528366962
CGCTGGACACATCCAA-D1_NoStim,0.03522625334801255,-0.0760670602956317,-0.5877033267374969,0.14323785641123266,-0.1863384123040781,0.36374488238774916,0.24533618011225267,0.07589195397983772
CGCTTCACAATCCAAC-D1_NoStim,-0.021943815407945877,-0.0461005925683331,-0.25473020089982157,-0.04236035486144374,-0.127022318899229,0.06845011458893246,-0.026879156389029824,-0.051529208890318756
CGCTTCATCCCACTTG-D1_NoStim,-0.0024953037177830595,-0.03283143940088884,-0.4972461045186449,0.22708009605123003,0.00153653987711877,0.32525319628245164,0.5447830598809,0.13565397173553073
CGGACACAGAGTAATC-D1_NoStim,0.10675183145776401,-0.03214086440884678,-0.4028373534895664,0.10521020084437005,-0.0636939467645039,0.23721862976488062,0.24313849684530187,0.06460205920207329
CGGACACGTACTTCTT-D1_NoStim,1.0462034461866665e-05,0.0026252113214368933,-0.2387866361751847,-0.023529148795319088,0.018224014918036602,0.18662831782948253,0.021363346364949187,-0.017250538716739428
CGGACGTAGAGGGCTT-D1_NoStim,0.05656181588727094,0.017590937894702563,-0.44377793197314297,0.08754808141584824,-0.10771651457128861,0.21013183074610353,0.042939982279717626,0.008960193772477254
CGGACGTAGCAGCCTC-D1_NoStim,0.05523488772426255,0.0008025750880129578,-0.22803150913828318,0.1084626007015359,-0.0623940290310987,0.1996556165596104,0.2654749161715957,0.05935057086790607
CGGACGTGTCGGATCC-D1_NoStim,0.016210651904993156,-0.055783712152372544,-0.47941890730062653,0.0771376616490187,-0.31917049200101566,0.1835802686280692,0.08511178952096365,0.016277288292611658
CGGACGTTCATCATTC-D1_NoStim,-0.08087784113240737,-0.041210321894489255,-0.28773147975472746,0.04497986559305822,0.040375355412415104,0.2183962530413357,0.3064550941947175,0.030992159142170905
CGGACTGCATAAGACA-D1_NoStim,-0.019834520535630062,-0.005239137972273156,-0.5843634689115724,0.16152414420322359,-0.19389502305621775,0.177455721964062,0.4646838220996319,0.08718976434890635
CGGACTGTCCGAATGT-D1_NoStim,-0.021860517933223633,-0.07314506653647612,-0.25151148659005074,-0.04969334206095155,-0.0015699955285199962,0.06554876197817983,-0.04246537584699883,-0.05830012669646045
CGGAGCTCATTCTCAT-D1_NoStim,-0.0454812368742914,-0.0556916824561835,-0.6063241439820306,0.08015755365690502,-0.1456013104947207,0.28368702456284645,0.41011643644256335,0.059170074881988555
CGGCTAGAGAAGGCCT-D1_NoStim,-0.055559166384895775,-0.0594057777414605,-0.3604749474574831,-0.07976154068489194,-0.08666875834252252,0.03467578332869081,-0.12311138449176795,-0.08415381240904374
CGGCTAGAGACGCTTT-D1_NoStim,0.09914196973545408,-0.0559529982678324,-0.4348266336243114,0.07912465592611184,-0.05948087750162934,0.2395386700018367,0.0443121444821859,0.05236953780835307
CGGCTAGCAAGCCATT-D1_NoStim,0.004567266088740141,0.021726430953945552,-0.11006167610978146,0.10416546367519786,-0.2632189528825606,0.22085883985710097,1.0716794821871432,0.012047786132985294
CGGCTAGCAGGGCATA-D1_NoStim,-0.1438703481793926,-0.04990861247722478,-0.23756077420022947,0.03151543352941921,-0.10366726033610973,0.17807828186063013,0.06722091037599398,-0.03651030944997835
CGGGTCAAGAACTCGG-D1_NoStim,-0.028931641272897934,0.02856428066851535,-0.3838565950221966,0.0014935929924835278,-0.02630867159432171,0.14514381498318762,0.12699112762253595,-0.00752759559877525
CGGGTCAGTACAAGTA-D1_NoStim,-0.01608766735636813,-0.054518180720791065,-0.33691010074451455,-0.06758248129892941,-0.06417212887980739,0.02546029995617971,-0.045091132182344396,-0.0600259134433756
CGGGTCATCCGGCACA-D1_NoStim,-0.0065356983400484125,-0.05775851180885461,-0.21359895982907418,-0.056662699520543924,-0.019967982447926858,0.06432040825412777,-0.1264229402880499,-0.047516053225953314
CGTAGCGCAGGTCGTC-D1_NoStim,-0.09025730640273366,-0.06884449027438322,-0.22017357955986583,0.003832603004713775,0.14137362895594308,0.19982090159095645,0.24804040170583086,-0.01514124492868163
CGTAGCGTCTCAAGTG-D1_NoStim,0.0800555589772518,-0.059790412174843155,-0.45730475818646354,0.10239470475413448,-0.21894868911895848,0.20845405926206606,0.07872237310452235,0.02812200303291945
CGTAGGCCAAGCCATT-D1_NoStim,-0.03802154899492649,-0.07771763792533548,-0.2967936830925808,-0.040836486452757725,-0.003912317722122083,0.08448156154145536,0.08622319537086387,-0.05472358976894931
CGTAGGCGTCGGCATC-D1_NoStim,0.13399013709241636,-0.08571848483589939,-0.41150631296989104,0.060088061911820034,0.009923309944920078,0.334482419042585,0.1100013347248403,0.04109863622285559
CGTCACTAGGGTATCG-D1_NoStim,-0.051848604184080216,0.04381070643958296,-0.30021734673322165,-0.08285542652184219,-0.027192530908784818,0.06399249544175944,0.10806582712330393,-0.024343555987229593
CGTCACTCAAGGACTG-D1_NoStim,0.06676716300526131,-0.10069747674071117,-0.632329731030536,0.07445599995176977,0.13090766843742152,0.4738749754962317,0.19819418376468967,0.05629489228090989
CGTCACTGTAAATGTG-D1_NoStim,0.006073859769406553,-0.09478093668086096,-0.4699453893241188,0.1163532394961706,-0.19275403053558904,0.31060765934758017,0.4368130072900831,0.08493646074615491
CGTCACTTCCCTAATT-D1_NoStim,-0.04738550088527482,-0.08038444605173467,-0.333924121717871,-0.04074448887710247,-0.07429989313917851,0.07014748893153921,0.04113658932834774,-0.03245021531178871
CGTCCATCACGGTAAG-D1_NoStim,0.07243372798128256,-0.03383567702083212,-0.38871441845919463,0.06026189383842251,-0.14137854597382038,0.21532026972774876,0.09249982794073475,0.04947197210882237
CGTCTACAGCGAGAAA-D1_NoStim,0.0059284598288016355,-0.07545085157601505,-0.3644803511222712,-0.001571762542004862,-0.066965737167056,0.1634701116769488,-0.026110800608668328,0.007866201400323902
CGTCTACAGGATGTAT-D1_NoStim,0.09447771679842809,-0.026750837567352193,-0.41064424195613114,0.11837988131894228,-0.1903662096434715,0.22734992701562007,0.08355349719552141,0.016632566231693957
CGTGAGCTCATTCACT-D1_NoStim,0.03316753579982823,0.015348677042446468,-0.5392165629306085,0.01331662230275299,-0.1608848534605123,0.14303818461624296,0.04221397250601733,0.01108495197971493
CGTGTAAGTCCAGTAT-D1_NoStim,0.05212325472775525,0.03085925490392505,-0.31577888405772647,0.05574031800626145,-0.1299363285308015,0.1295444433285171,0.033427738435167775,0.013439304318081824
CGTGTAAGTCTCTCGT-D1_NoStim,0.05939086237797575,0.014133001266232625,-0.45929365825665336,0.11497407130288728,-0.14881829642872013,0.29339929179247903,0.5155427995418149,0.07350438942643578
CGTGTCTGTTGTCTTT-D1_NoStim,-0.06315784981454087,-0.04886388016265286,-0.5899509062830717,0.18801693405529818,0.08513116292573208,0.2956939442995914,0.4636063806328856,0.12047474576833217
CGTTAGACAAGCCCAC-D1_NoStim,0.07254230905662595,-0.13188979439345871,-0.773484256933548,0.1353403035167382,-0.22517597706498904,0.3527290274913888,0.1495888049548002,0.04102420216396041
CGTTAGACAGCGTTCG-D1_NoStim,0.08844299263650335,0.017903323038330754,-0.4532001394781844,0.2090458151483645,-0.1851195628313338,0.37243772220122473,0.7561740125591436,0.11079548020608421
CGTTAGACATTCCTCG-D1_NoStim,-0.07470343954168612,-0.017118094328834488,-0.16209246593165183,0.08803884344882107,-0.16702169531806987,0.2553429594077219,1.0836863891131365,0.02001688246295963
CGTTAGAGTTTGTTTC-D1_NoStim,0.05170495464834168,0.012912522490355016,-0.35827691957377183,0.03312973231919969,-0.09196288669376429,0.15962262490739576,0.04283016280229024,0.012552821252045376
CGTTAGATCGACGGAA-D1_NoStim,-0.09377933920708692,-0.06299964413823389,-0.3201095101473044,0.04799247706997889,-0.1773006045061294,0.22760935549823014,0.13052806975308506,0.023834152176569035
CGTTAGATCGGCCGAT-D1_NoStim,0.12041985949686307,-0.02725347972650205,-0.47842649714923624,0.05319145169922912,-0.1362067450584572,0.21045387600360055,0.12165203024307569,0.059515785047215886
CGTTCTGCATAAAGGT-D1_NoStim,0.009977661450799147,0.017255886384333508,-0.27342538728463417,0.03783170571626293,-0.06892284284914219,0.167355615441668,0.13235967108350177,0.02309024986939967
CGTTGGGAGATATGCA-D1_NoStim,0.0899990048923236,-0.017789953477535647,-0.47122933950794277,0.106035881446223,-0.1603376577869149,0.23736445265081674,0.08098336288507912,0.05552324584663637
CTAACTTTCCCAGGTG-D1_NoStim,0.13858557882944567,-0.05400482297507736,-0.5716562001997154,0.08224739791898195,-0.11809989761303363,0.34262671270556844,0.09629520920851142,0.05928025323780872
CTAAGACCATCACCCT-D1_NoStim,-0.07032444082897449,-0.054600638331539386,-0.19940765091080337,0.015317453839417183,0.0974996299124129,0.20513316227509826,0.17604298278280073,-0.022724100300997918
CTAAGACTCGCGATCG-D1_NoStim,-0.07246991656279,-0.010040452210857254,-0.3066887636831659,-0.023959304127517456,-0.024555641892394675,0.1786051604793979,-0.01899266300968705,-0.05197016390631326
CTAATGGAGATCCTGT-D1_NoStim,0.14167279284648693,-0.02087568646974347,-0.5754983532995617,0.09619067806782589,-0.1704470525601458,0.22981474381701705,0.12507960679398877,0.09089236827583846
CTAATGGAGGATGGTC-D1_NoStim,0.11443524728392873,-0.06575805267344492,-0.48534398348450836,0.08238835810928435,-0.09977221440403383,0.2621969684515131,0.11267546405503781,0.045444704469254305
CTACACCAGACTTTCG-D1_NoStim,-0.004066209209298677,-0.04301367692815283,-0.5249134938597848,0.0801965467919139,-0.11847653883830667,0.2527035030135547,0.1004472893366275,0.04772776894442643
CTACACCAGCACCGTC-D1_NoStim,0.030805438859317746,0.0002755087662471567,-0.458309838467196,0.09357722579405348,-0.15801250078611773,0.21720206133063336,0.20852462441899533,0.053303796169361206
CTACACCCACCAGTTA-D1_NoStim,-0.04921080957705648,-0.06048764718977573,-0.5111441090431068,0.049623942928484155,-0.12228206825311361,0.2806517150706167,0.21495977610790096,0.026716262474135277
CTACACCGTTGTCGCG-D1_NoStim,-0.07391885530017284,-0.09219636117138741,-0.3452242534936225,-0.049716654330609344,-0.05140245874807192,0.075024983275501,0.05424338770973414,-0.04708698145865675
CTACACCTCCAAAGTC-D1_NoStim,-0.002989822402296838,-0.048343475264072566,-0.3168311312889749,-0.0437281394047897,-0.06506230557666726,0.04533175212377927,-0.02827371693148617,-0.03406502360187247
CTACACCTCGGTTAAC-D1_NoStim,-0.04854310373649717,-0.04214525286900894,-0.19751601800796337,0.02119300377293243,0.16461605648009225,0.20293044438121477,0.24131263698483174,0.02678769261896541
CTACATTCACATCCAA-D1_NoStim,-0.010646233987040787,-0.044454906627873214,-0.17530061113741624,-0.026081972862012748,0.020080448652331384,0.10979987892296883,-0.007831417775656213,-0.014244553042180641
CTACATTCACATCCGG-D1_NoStim,0.08587506017613578,-0.027300619954162997,-0.4231814297007084,0.027110147379765692,0.08373005150443902,0.26628866174446486,0.12091259856295711,0.017877650573820958
CTACATTCATACTACG-D1_NoStim,-0.042360861978458786,-0.052557266423921334,-0.6321659851873882,0.11145735241895594,-0.14364611311623676,0.2327708277056857,0.45768948012836397,0.03834832609552663
CTACATTGTGCAACTT-D1_NoStim,0.04667740604810611,0.010495218451961108,-0.41689220876547495,0.053149881297814616,-0.015506692717440984,0.16554201535255864,0.008632666960323832,0.05970105751237753
CTACATTTCTATCCTA-D1_NoStim,-0.1354251957035011,-0.08595630582095026,-0.5465923996498994,-0.03227244559051279,-0.18486344430018242,0.13892079404240132,0.041913043143496864,-0.03468297390986663
CTACCCAGTGATGTCT-D1_NoStim,-0.06194247446277146,-0.011100081948566043,-0.4279367702121881,0.04509625538568329,-0.035796196639644506,0.24263897326821393,0.2830767443399065,0.03941147009934731
CTACCCAGTTGTACAC-D1_NoStim,-0.03559719378371895,-0.1130760787452374,-0.5075354044291167,0.03584582701104466,-0.056177045062296926,0.22575431075269403,0.2792842599644141,-0.008425748455058724
CTACGTCCAAGCCGCT-D1_NoStim,0.052314501103394306,-0.004896406959552735,-0.5376506071194278,0.058161079980163066,-0.15152800656820453,0.16456972008893445,0.07512872178986196,0.042246410899240416
CTACGTCCAATGACCT-D1_NoStim,0.05616931831657013,-0.06736725296915758,-0.520759491688576,0.11946907342742641,-0.30153623171392674,0.3059692243383587,0.11268617974803563,0.015175515568575548
CTAGAGTAGCTAGGCA-D1_NoStim,-0.12496571579053217,-0.22216531901600511,-0.8353909232754351,0.09174115273266104,0.0047820378480558645,0.44726925890663694,0.40637345993604423,-0.007862566252818226
CTAGCCTAGCTTATCG-D1_NoStim,-0.031284894108233985,-0.05305185047178007,-0.33640433964201577,-0.05103092463772185,-0.0950029851039833,0.04654442547852611,-0.05139181724095998,-0.0367950562597219
CTAGCCTAGTGCCAGA-D1_NoStim,0.10713744563584626,-0.007592385258792689,-0.3974404797133211,0.06156261076950997,-0.06286930854986217,0.20161040701797184,0.07605146953769992,0.05739137740285294
CTCACACCAAGTAATG-D1_NoStim,0.0018564880764255776,-0.03423517194767811,-0.6273661584388535,0.12672853237069148,0.05681455823315318,0.37523592669149597,0.14025568054332993,0.011819035895195285
CTCATTAAGGACAGAA-D1_NoStim,-0.010659288853386073,-0.026648675620469575,-0.3502510699835355,0.0030958037428980845,-0.05041528085597591,0.12519760171558758,0.044985650921706366,-0.004251346435468761
CTCATTAGTACCGTAT-D1_NoStim,-0.055419322237574065,-0.021744303294244816,-0.3554400089860543,0.020823119054210082,-0.27584234798499985,0.0991643106331459,0.3135383246880732,-0.015300834628863669
CTCCTAGCAAAGCAAT-D1_NoStim,0.017196990651273225,0.008915528071211654,-0.4676517693837461,0.016424344662569368,0.04681678064353889,0.16585079469285624,-0.02576774682016847,-0.018937395336150686
CTCCTAGTCATGTAGC-D1_NoStim,-0.07495899150278973,-0.03469340368956608,-0.416834915447442,-0.0325893961437842,-0.06351896903599652,0.17252848507851226,-0.05636304215869892,-0.04020572401073075
CTCGAAACAGGTGCCT-D1_NoStim,-0.10195632234051288,0.03603408783706996,-0.4163292845065403,-0.029379184374871414,-0.01591888079945214,0.16672766274854212,-0.022554270659406406,-0.051111046077927824
CTCGAAAGTCAATGTC-D1_NoStim,-0.07847471799338201,0.019399064437445546,-0.39941798141265217,-0.05918629849095858,-0.1051944986446216,0.10055090179550952,-0.12152527912662148,-0.06553861800442284
CTCGAAAGTCACACGC-D1_NoStim,0.04058621076792157,-0.01893590307779469,-0.5021254140046878,0.062081590951104104,-0.10936520100183067,0.20585917121661357,0.046667778610143706,0.027333876225778653
CTCGAGGCACGGTAGA-D1_NoStim,0.0998233836626401,-0.03339895877591381,-0.6233298881443403,0.1253379170848472,-0.03411999327012438,0.3688127624423032,0.2744186765517034,0.06315730071093739
CTCGAGGTCCGCATAA-D1_NoStim,0.06143111099763843,0.01395776791844483,-0.6105663019380412,0.2127132292115892,-0.2523184912589489,0.2951336190852967,0.511678192320085,0.10318823129827415
CTCGGAGGTCCTAGCG-D1_NoStim,0.009871027632222251,-0.03412926484250178,-0.5808712103475493,0.17249157101961643,-0.19480918297364802,0.3427270281195245,0.31185640272063964,0.08991696051606546
CTCGGGAAGCCACGCT-D1_NoStim,-0.06085384261761817,-0.07363081603100774,-0.7505097782559176,0.19467400561432946,-0.24946502531477321,0.2372307191690064,0.6326122321277952,0.08503784937165548
CTCGGGAAGTAGGCCA-D1_NoStim,0.05743878865548169,0.01675680442373384,-0.39082905170893945,0.16326851450396873,-0.14792855413317696,0.27222144716582974,0.4810371316254063,0.07704475045433767
CTCGGGACACATTAGC-D1_NoStim,0.05714612972830935,-0.026697892307041116,-0.35397068162474454,0.06628436378204228,-0.029086916276233055,0.20544636246457237,0.04305634595327712,0.043911248290994465
CTCGGGAGTTCCACAA-D1_NoStim,-0.08369006021985648,0.019364820019792006,-0.46304260684956056,0.006534133212010573,-0.04186334474976228,0.2223530061604002,0.1409068336261381,-0.030946822329411816
CTCGTACAGAGTAATC-D1_NoStim,0.09011953338257861,-0.03010352804268024,-0.43226587423779606,0.0614575628195162,-0.06752735243577668,0.22955626898524706,0.13743250888723946,0.039191331598722456
CTCGTCATCCGTCATC-D1_NoStim,-0.013782554694751425,-0.06309634174510492,-0.5577475396063605,0.08553277420182681,-0.14158456467029445,0.2122575432353475,0.14892191335967198,0.03145636548779862
CTCTAATCAATAGCAA-D1_NoStim,-0.07750962557718566,-0.06667679760636425,-0.5191748635058424,0.040948745846455026,-0.04487725783824281,0.200622788776343,0.0694918388683039,0.024038980180529634
CTCTAATTCGATCCCT-D1_NoStim,-0.02778815660531464,-0.12664584799312806,-0.8889432485025193,0.19608477900520782,-0.22474413534727056,0.38101928956724773,0.23164099142267958,0.06996493239862644
CTCTACGAGAGGTACC-D1_NoStim,0.07410159035519115,-0.04038801288892735,-0.5603092156993945,0.12992125773768493,0.011536471761232292,0.31365866139800325,0.22942457032087304,0.06433388753963065
CTCTACGTCCGTAGTA-D1_NoStim,0.09606402058125241,-0.006284461960852639,-0.6287118272072423,0.1298812573111281,-0.09752771363506874,0.27755431209358683,0.15826225861591947,0.0851386929007294
CTCTGGTAGGACAGCT-D1_NoStim,-0.061976920042278394,-0.03107156261972399,-0.26467749799329,-0.0461454156108001,-0.10288364020211915,0.07009645651487162,-0.03993761876916224,-0.04329010059571381
CTCTGGTGTTCTCATT-D1_NoStim,-0.053369435847869795,-0.07848101810855823,-0.14881370085414147,0.014901128377685424,0.10735739018151769,0.16920168229196797,0.16860222951331583,-0.03052992592147241
CTCTGGTTCCACGACG-D1_NoStim,0.039262663184723934,-0.022246328538415128,-0.5458542955057606,0.3205609227723265,-0.15773276716054951,0.5006501858054317,1.623008467413145,0.14394624195768202
CTGAAACGTAAGGATT-D1_NoStim,0.13357751908444015,-0.007051486354550107,-0.35573034497387823,0.056710326909993114,-0.15369587578268984,0.17075804834168196,0.07759347289530716,0.049566198809236184
CTGAAACTCTAGCACA-D1_NoStim,-0.012486588845497693,0.01754976396859398,-0.12422232098355579,0.022451886620398653,-0.25860918234847396,0.12642229238765523,0.26187447124294927,-0.011708875253587436
CTGAAGTCACATGGGA-D1_NoStim,-0.01020251134143102,-0.03342859509281482,-0.30484472088529024,0.05670258498513192,0.028045746114617742,0.24778298847202862,0.2104033937809886,0.049814694171759655
CTGATAGGTCGCGTGT-D1_NoStim,0.024324557579582518,-0.05688252668836924,-0.5092948768395278,0.14336118248954932,-0.2713612515633379,0.2962702346759887,0.23571167912504443,0.08569032359013384
CTGATCCGTGCCTGTG-D1_NoStim,0.0847012413462096,-0.00680708433474031,-0.37751832530929974,0.06519883580368102,-0.08974284580805936,0.18265708277330361,0.017085591763995822,0.04298579825212556
CTGCCTAAGTCTCGGC-D1_NoStim,0.051546965788332955,0.0012881524364907193,-0.6026401103401842,0.1877805403716426,-0.14405527905986126,0.32741748044136365,0.7301951037866568,0.09953601982941684
CTGCCTAGTACTTGAC-D1_NoStim,0.022156483765190416,-0.00467096780947962,-0.21448745492961407,0.005266051945753247,-0.047082386783021235,0.12947369612653858,-0.0692719256982004,0.010645548462919763
CTGCCTAGTCTCTCTG-D1_NoStim,0.07493870871505415,-0.0300267232193967,-0.445408338231168,0.006275282423025885,-0.11675736364735911,0.12427490413478104,0.03253367198056445,0.011891512350127087
CTGCCTATCGCCAAAT-D1_NoStim,-0.06845451190013208,-0.04950923387202977,-0.3993479694011093,0.10011600174994228,-0.10227750046353101,0.36262926749724933,0.287254777555642,0.07757364987749327
CTGCGGAGTTCCGGCA-D1_NoStim,0.12482105186777481,-0.0370294035991634,-0.35112769101703734,0.05231195558643975,-0.014363235242988992,0.2642518593460004,0.09765978095735406,0.03135033249214558
CTGCTGTGTCCTCTTG-D1_NoStim,-0.06542410559333689,-0.08125326248231701,-0.5829198898400456,0.14604100569374445,-0.20971472549160275,0.278603685035975,0.2173307857108986,0.07909782914168417
CTGCTGTTCGTACGGC-D1_NoStim,0.05847749773631783,-0.02411575637715835,-0.4666031821540919,0.05593957935984761,-0.019984120934111615,0.26862964737651573,0.11873823041015985,0.04336451337291081
CTGGTCTCATACGCCG-D1_NoStim,-0.018813695390813123,-0.052082169066489215,-0.33866216829979123,0.0009051052409247973,-0.010151617483646902,0.11947474905722544,0.105479322080404,-0.015040832500844203
CTGTGCTCACAGCGTC-D1_NoStim,-0.0373303384247361,0.022207555141301683,-0.45931620572087617,-0.0449666266311759,-0.04247716681527436,0.11971108729000335,-0.053896221369738484,-0.041800111693957476
CTGTGCTGTTGAGTTC-D1_NoStim,0.12661993030430807,-0.0959009659322696,-0.6456273570060382,0.1171759622421149,-0.03641845503799601,0.3923006752430762,0.19989529055279665,0.045167760381710664
CTGTTTACACACCGAC-D1_NoStim,0.05405358018951567,-0.02235042047179192,-0.40117546252268355,0.014698348536596129,0.00882833209374212,0.1784711148228446,0.039568418711295905,0.02267573543214141
CTGTTTAGTACCGTAT-D1_NoStim,0.20596871732147015,-0.09103046402572801,-0.6687527849236652,0.12557407202007376,-0.05863749385241768,0.3893990192345367,0.22985326043786358,0.06611240840014254
CTGTTTAGTCGAACAG-D1_NoStim,-0.019311436196801424,-0.009040401093463046,-0.47479091128492,0.039574142937826906,-0.25430423039063754,0.20193913404422048,0.1101955655755722,-0.011996643858305234
CTGTTTATCCAGTATG-D1_NoStim,0.038443684759075225,-0.020891409046042142,-0.48925138546976754,-0.008547953539480346,-0.007335507211042369,0.19658467047773875,0.013107809725352304,0.0027518584469792273
CTTAACTAGCAGACTG-D1_NoStim,0.045612225184189725,-0.022410580493673393,-0.42484996271261366,0.039679113352343975,-0.09932810585136487,0.18330004126043153,0.07345869652752235,0.03060734106708729
CTTAACTCAAGGACTG-D1_NoStim,0.027629170121279856,-0.04005643658872948,-0.35013765756849224,-0.02448799506392696,-0.08321373028305779,0.09955756389389592,0.022099760437753524,-0.0045227937321516976
CTTAACTCAAGTAATG-D1_NoStim,0.008247659800453278,-0.03373901881718844,-0.4348764010519304,0.030616423665476233,-0.2683712031320731,0.07667337956689746,0.024315560081322296,0.014554804963051282
CTTAACTTCAAGGCTT-D1_NoStim,-0.029584685320811488,-0.08018503041463099,-0.29491383920482406,-0.04907649395381597,-0.09045484862189035,0.06529668111330089,-0.06346468967544805,-0.05435936355464932
CTTAACTTCTATCGCC-D1_NoStim,-0.12936359425196464,-0.1303888940131852,-0.4204708037471079,-0.017834263112430193,-0.022815992898895132,0.1617204371101657,0.1982535760025952,-0.05322124433623543
CTTACCGAGTTAAGTG-D1_NoStim,0.09412319322007612,-0.0300761983604918,-0.5023666136463554,0.06752282625517658,-0.08871941942421735,0.30153254910208993,0.1128540704664287,0.0495304990320502
CTTACCGCAGATCCAT-D1_NoStim,0.02679594267661045,-0.01216950741929601,-0.5936373302589413,0.32084619046580265,-0.3150200751598362,0.5245073271636187,1.4104388658212734,0.14651655734923708
CTTACCGCATTGTGCA-D1_NoStim,0.01856231654882201,-0.058551290134307266,-0.6912830744691902,0.14850190920575201,-0.14228935261642484,0.24699172310982132,0.21035197595769883,0.08753522772453692
CTTACCGGTAAGAGAG-D1_NoStim,-0.015578600342841753,-0.0555112048162858,-0.1937010519021456,-0.042720643883335185,-0.07475174656619288,0.11155217596646239,-0.19938146906395993,-0.03314775521120339
CTTACCGGTTGCCTCT-D1_NoStim,0.004667869922181822,0.0029134165732944695,-0.45576096547197764,-0.03213957981942883,-0.1501521687847891,0.13011690828161626,-0.04190926484692259,-0.029336460018363653
CTTACCGTCATGCATG-D1_NoStim,0.022947128966491093,-0.017915655312952694,-0.5152370522438332,0.06115064104012902,-0.11231321730890542,0.24009443808524544,0.37448408923305987,0.041987313399260984
CTTAGGAAGTTTCCTT-D1_NoStim,0.020345602198185375,-0.030346387341342762,-0.41182958685149273,0.038320676531020226,-0.1052694768164315,0.14844265374447385,0.06856794461826521,0.02785931289759347
CTTAGGAGTAGTAGTA-D1_NoStim,0.02148572491871903,-0.030705333155989223,-0.6084840913506557,0.17937724782896858,-0.1841007555797045,0.2459638064588905,0.37674393948178864,0.08107198251513026
CTTAGGAGTTCGGGCT-D1_NoStim,0.10488905226640455,-0.019004973838626427,-0.3983510959772083,0.08161453498522953,-0.07361596225767641,0.2102327378582265,0.08012086173504329,0.08920090305820061
CTTAGGATCCCTCAGT-D1_NoStim,0.11138239792341942,-0.03357224328627595,-0.584840643650324,0.11090736865623185,-0.17965252240661833,0.23583626297295712,0.09997399805658436,0.09265626496086199
CTTCTCTCAATCCAAC-D1_NoStim,-0.11286730402570733,-0.035828213038026746,-0.6539530920254819,-0.0885279958041636,-0.12387303460501897,0.15344015120625087,-0.03492059559424199,-0.08428235518409366
CTTCTCTTCTCCCTGA-D1_NoStim,-0.008659623756713586,-0.02965732316612346,-0.5821207817280865,0.0709499889095433,-0.20250449946306937,0.18221046622910197,0.07393931407213117,0.0015230506765835372
CTTGGCTAGAAAGTGG-D1_NoStim,-0.05977899734390313,-0.027187244931248244,-0.25748752377027806,0.004388477086274989,0.03976288909414549,0.17410224308553346,0.2791228831446144,0.010207518366511792
CTTGGCTAGCGACGTA-D1_NoStim,-0.010887522101757696,-0.09159706622672914,-0.23594407462071132,-0.020262964753268164,-0.10140923281484149,0.10893136104579426,0.011927232364149276,-0.02479337089725142
CTTGGCTCACTTAACG-D1_NoStim,-0.029667341279871806,-0.06402417763008827,-0.2937529768747069,-0.0047867058742578905,-0.15888609617555005,0.12020627338583978,0.08729421688129158,0.01292959499255808
CTTGGCTCAGTATCTG-D1_NoStim,-0.026783103727067825,-0.072789086004029,-0.2516501322124931,-0.05719369468244473,-0.05791959190107576,0.028111659247716858,-0.1622934556670561,-0.07966535108405992
GAAACTCCAAGAAGAG-D1_NoStim,0.02834339384769713,0.01606136049253415,-0.6761415813859664,0.05204857762490356,-0.11156263040652092,0.21928843417746613,0.1582646731052204,0.03568038550806918
GAAACTCCAAGTCTGT-D1_NoStim,0.11069102536160003,-0.0361729375863149,-0.4087567491101076,0.05156870668567315,-0.07278362335673982,0.23806461069125007,0.06569734337286981,0.047537455005949525
GAAACTCTCTGCTTGC-D1_NoStim,0.03002269097424204,-0.025905344563694754,-0.5771644873591342,0.1135491718859889,-0.12529701568233342,0.19828784196025673,0.14178186495077139,0.04652042905563114
GAAATGACAAATTGCC-D1_NoStim,0.05578273188278082,0.014515253654403537,-0.7014343232124354,0.10788248880307627,-0.24055445906859063,0.23563213974052566,0.5145761914468325,0.05475489665949951
GAAATGATCTTCAACT-D1_NoStim,-0.02702804444474083,-0.016756435379523538,-0.538248666576834,-0.012718444602155543,-0.10358928905746367,0.10511301396868156,-0.03397068872026754,-0.026977316050841083
GAACATCAGCTATGCT-D1_NoStim,-0.016749390435748523,-0.0241809415957146,-0.46157247764908504,-0.005309684681531479,-0.17511655638059764,0.12324456144887996,-0.000843056910095008,-0.016580851264459184
GAACATCTCCTTTACA-D1_NoStim,0.0034001785036821275,-0.06491937480405952,-0.538457513201287,0.0595160038706517,-0.11296328574211856,0.16457168499757557,0.15049749316336314,0.013997588825159113
GAACATCTCTCCAACC-D1_NoStim,-0.07150015773287599,-0.10035411720437004,-0.2937824558509732,-0.04275630528362839,-0.0006019723183818826,0.06752965061619776,-0.07670720685174892,-0.07895803212400487
GAACCTAAGCCACCTG-D1_NoStim,0.042391102980982254,-0.05317673524091937,-0.38818196025456686,0.10600940518285817,-0.06492812567699602,0.19562495171203853,0.15253505074733287,0.03786635155675633
GAACCTAAGGCTAGAC-D1_NoStim,0.10314927575099375,-0.012693918326521114,-0.4448597519302808,0.09748013777543818,-0.19259115534433668,0.20773460488973505,0.017299972887558468,0.03047979078733931
GAACCTAAGGCTCTTA-D1_NoStim,-0.15039507199534619,-0.16760833115025697,-0.9703694839395514,0.2736906414373408,-0.08271284627682007,0.38351407130907855,0.8097643818729034,0.09262901214520625
GAACCTACATTTCACT-D1_NoStim,-0.11841782624436625,-0.14560405987951697,-0.26021038627488835,0.009761235532275592,-0.028258574533381875,0.07318290510099068,0.23296742500091305,-0.04316520198181273
GAACGGACAGATCCAT-D1_NoStim,0.0015282266653482424,-0.0873090227451847,-0.5724105407568203,0.22945196539187762,-0.1259936605111598,0.25610297664278026,0.5319236736143518,0.13482782694718054
GAACGGACATGGTTGT-D1_NoStim,0.09389684511626228,-0.03201849500015186,-0.41408992012941326,0.042990404760674394,-0.022992724504886652,0.21271799498899924,0.06612948516020545,0.04330878645938263
GAACGGAGTAGAAAGG-D1_NoStim,-0.0022030898533849097,-0.05783733225578125,-0.5099991976655076,-0.01615409376495691,0.004216507233785194,0.19565960327231657,0.058358594370622185,-0.032421228066747076
GAAGCAGAGTGGTCCC-D1_NoStim,-0.022906126991498965,0.008032902117893315,-0.2014738275377077,-0.024459494065844467,-0.09488864020646659,0.05978353551262927,-0.013907287434567372,-0.03659708222324198
GAAGCAGGTCGACTGC-D1_NoStim,-0.008080551905941036,-0.0023491510882198696,-0.3038798098928446,-0.01060329390972825,-0.06010506308527397,0.07855110962809242,-0.040756190592381,-0.00902655840790878
GAATAAGAGTACGACG-D1_NoStim,-0.08843312618319743,-0.0443048808288502,-0.5168974192502542,0.027505405320578546,-0.23748802874769126,0.15202205913449873,0.1260075369641518,-0.013259335753565082
GAATAAGGTGTCTGAT-D1_NoStim,-0.11533304386421328,-0.05688101014889746,-0.4121295564766214,0.17367993567726003,-0.0681251022048972,0.2814111397214738,0.2852766115931562,0.07206535512805345
GAATAAGTCACAACGT-D1_NoStim,-0.03679941143616894,-0.006106298127386722,-0.41797651247533985,-0.031085966617135696,-0.052435792459423425,0.11357783043759362,-0.006738537278367929,-0.03140667959247523
GAATAAGTCCACTCCA-D1_NoStim,-0.1113708987605353,0.017099111514390586,-0.27397787427813114,-0.028896349025606227,-0.13337205664150176,0.042010446284086456,0.07658374196423079,-0.05280553925388176
GAATAAGTCTGCGACG-D1_NoStim,0.12436737160927969,-0.05838913397063905,-0.40323244898913657,0.060440394568871625,-0.019359060682957008,0.25300097413814093,0.14204775265590897,0.00629330730733102
GAATGAAAGGGATCTG-D1_NoStim,0.10532825718075856,-0.019979322250582854,-0.5032135833435483,0.11091314043753187,-0.199376149212819,0.22881216712715524,0.09779735455742156,0.03331452777496757
GAATGAACAAGGACTG-D1_NoStim,-0.10086531069228855,-0.09471605848626297,-0.41249973626131364,0.01796993396546931,-0.002257214308430733,0.14447969687204676,0.17042193301297281,-0.019610168363897174
GACACGCAGGCCCGTT-D1_NoStim,-0.0028313221216560436,-0.042859039050972214,-0.30176437380929855,-0.010285307365926144,0.022193379644097178,0.10941490991859126,0.015022794566260878,-0.02591284783584058
GACACGCCAAATCCGT-D1_NoStim,-0.021914316636175712,-0.10509880445979647,-0.4233814738802657,0.04980852781893752,-0.0558020159272008,0.2331066241637707,0.25500440901945076,0.0037388256585000335
GACACGCGTACCAGTT-D1_NoStim,-0.057747814464795155,-0.0012269646305309578,-0.36540104376480365,0.014790790936595855,0.09290008947277073,0.17072350093931554,0.14147384988428335,0.005896630863718499
GACACGCGTACTTCTT-D1_NoStim,0.06964581362298539,0.02018222098041278,-0.4653859639200135,0.00034009503666432295,-0.19750356128388447,0.12355163911034417,0.01847770647228142,0.017064606871581844
GACACGCGTCACACGC-D1_NoStim,0.0752683119747779,-0.009876929588680028,-0.3067975254039048,0.06691750184089074,-0.12949765677930714,0.17619110065468213,0.019180782835309884,0.04026191167053028
GACAGAGGTTCGTCTC-D1_NoStim,0.019158351843845622,-0.06103620837116708,-0.5652573098704057,0.10799034069535551,-0.0789636363444064,0.3426885799639816,0.22389309453116812,0.07164167994511139
GACCAATAGTACGACG-D1_NoStim,-0.006817853106113603,-0.02317655089815318,-0.4242745723830552,0.003454676633806386,-0.06434237887017602,0.1412945181447398,0.033386652008133844,-0.01675790076198247
GACCAATTCTTGTCAT-D1_NoStim,-0.0520584816477907,0.023342313067157505,-0.3813409978602671,-0.021375481389371842,-0.16053565533011138,0.11125309431900021,-0.025344120810673942,-0.02839995453220112
GACCTGGAGCACAGGT-D1_NoStim,0.015794280447087417,-0.029473700361577926,-0.6492681788586019,0.08030895737790011,-0.15675474791774135,0.2742107617664633,0.11932570757184635,0.07813060678794592
GACCTGGAGGAGTTTA-D1_NoStim,0.1060257858951239,-0.05435825547907669,-0.39780248019490294,0.13396455993397716,-0.11771914763389724,0.29789837622928417,0.1712175836155927,0.04547079029533485
GACCTGGAGTGCTGCC-D1_NoStim,0.03316609260198433,-0.003136350069453897,-0.557806190772137,0.06716798908895427,-0.1098139370433735,0.21203588721634326,0.24618466541165773,0.019644762752797362
GACCTGGCAGCTGTAT-D1_NoStim,-0.058873301104414466,-0.014601169066668973,-0.9318184537786642,0.08012414971812198,0.03430658232370476,0.3304198606692772,0.2182499359047183,0.007770312880190033
GACGCGTAGTGGGATC-D1_NoStim,0.03003274505736009,0.01606277444820492,-0.5520389774667844,-0.010383096813505688,-0.17864764328822957,0.10462049804073992,-0.025023760258588545,-0.02237682698983079
GACGTGCAGCTATGCT-D1_NoStim,0.08114672126732358,-0.0319888499888723,-0.40230575480146946,0.11677585834673643,-0.08566571964178671,0.3413488782592289,0.3374153412099581,0.06484942565646712
GACGTGCAGTCCGGTC-D1_NoStim,0.06432957584051024,-0.0055756818600638525,-0.2837969486606262,0.00818059332187282,-0.01622653894283843,0.16416386415184903,0.03517869668324902,0.018575273212720234
GACGTGCTCCAACCAA-D1_NoStim,0.09786890466550169,0.028579257932031865,-0.5176255722979857,0.04460299829527514,-0.16580462140461805,0.20792583485986427,0.02096912613983548,0.06379899730148786
GACGTTAAGATGGCGT-D1_NoStim,-0.029566413398484315,-0.02627669977490754,-0.32589548409226765,0.07306845342211865,-0.05386513520711489,0.2071866678686476,0.25939265552705404,0.038010094249106174
GACGTTAGTACAGCAG-D1_NoStim,0.0416970595662729,-0.05178146260276684,-0.4391196438184437,0.08215892971985639,-0.12357890095850266,0.234428443014858,0.3460237072366583,0.05843126859364034
GACTAACTCACAGGCC-D1_NoStim,-0.12428831276111829,-0.05495115546868057,-0.45335299108280225,0.04612068221583421,-0.10301170832834572,0.23792901055829851,0.18820834801856812,0.03591481347330294
GACTAACTCACCGTAA-D1_NoStim,-0.13114887006117826,-0.08642628953993459,-0.39248553235641026,0.031165144965783043,0.026310703769519606,0.18601289983034874,0.20595028494194434,-0.0030296988897120514
GACTAACTCTTAACCT-D1_NoStim,-0.04264827073675015,-0.08919945899761572,-0.6508043688838256,0.27117776490350565,0.04366198548583711,0.3196235764912334,0.8282469441986642,0.1598589249143192
GACTACAGTGGTCCGT-D1_NoStim,0.04876682256316123,-0.03172745059298698,-0.5466357249077856,0.11625068297311714,-0.08020620754703245,0.2518711627583423,0.11755927401465449,0.0069129697107577215
GACTGCGCACTCTGTC-D1_NoStim,0.12655677218291395,-0.07864068298259674,-0.665456194541024,0.12258224733882805,-0.07954078253171559,0.37897140597510237,0.2445693119156518,0.10232307682753117
GACTGCGCATCAGTAC-D1_NoStim,-0.09446347315833314,-0.03288115929194646,-0.36702587714957247,0.1878261912169048,-0.1529276456708324,0.20347541807054625,0.3805551890778194,0.09930160975994795
GACTGCGGTTATGTGC-D1_NoStim,0.03948511156764134,0.009539609323670817,-0.5986720491171056,0.0692792165118572,-0.1789487249635684,0.20601612925020696,0.40402192433381057,0.03781031265050494
GACTGCGTCGCGGATC-D1_NoStim,-0.09796065453388714,-0.007534372007079071,-0.37119507287638953,-0.07998446055433206,-0.022221960878027858,0.13817444509336774,-0.060912305019045654,-0.06404098153300808
GAGCAGACAAGGACTG-D1_NoStim,0.1546577490984049,-0.02619930339574239,-0.7142701982211435,0.15953852392604873,-0.14695588188015485,0.3580156347654029,0.13856431816948245,0.12336869527429961
GAGCAGAGTGATAAGT-D1_NoStim,0.07720428263999857,0.020827241299919308,-0.5605838385849253,0.09408234264481408,-0.20415747825613195,0.22688455553735842,0.20760677825246354,0.0760975952829881
GAGGTGAGTAAGTGGC-D1_NoStim,0.0792983006320025,0.017816393318520696,-0.47671790399717295,0.010426582203413304,-0.23220484833558075,0.14844407051770503,-0.00013155493379279903,0.013231674918799285
GAGGTGAGTAGGGACT-D1_NoStim,-0.008169332116734651,0.005059725922647473,-0.6297094186175531,0.03803639110048351,-0.2607889836660888,0.195075128808595,0.41360633933986257,0.02578233869987301
GAGGTGAGTATGGTTC-D1_NoStim,-0.037859950696262246,0.039445901081698764,-0.47652800975705034,-0.0758037799636071,-0.15146981999630071,0.087892037491196,-0.11889710812406129,-0.036508102446006774
GAGTCCGAGCTGCCCA-D1_NoStim,0.01927891610228194,0.03580426295473238,-0.5742185900709309,0.056580644628029475,-0.28618169773573143,0.13328480985891566,0.2741134327950485,0.008964861198627716
GAGTCCGGTGAGGCTA-D1_NoStim,-0.07558657976869831,-0.070301117069139,-0.5344521120034607,0.10670927034567157,-0.0951749727920248,0.1636107243109155,0.2636719076691918,0.0338055627729581
GATCAGTTCCTATTCA-D1_NoStim,-0.018693025445660538,-0.04035688470133536,-0.26492057280027126,0.08057752628950077,0.11922349188585102,0.2766092264574098,0.290348616654474,0.017893637241732208
GATCAGTTCGATAGAA-D1_NoStim,-0.0604364152119885,-0.022446164142088776,-0.3021702878752812,0.007792816070541164,-0.11790887980966858,0.051319432500166684,0.29405417729415184,-0.025487412551846944
GATCGATAGGTCATCT-D1_NoStim,-0.0706196167021318,0.006420287950426484,-0.4144625195104652,-0.051581204701902195,-0.09898090974776963,0.12969734966290503,-0.04928929569334528,-0.03436262588840755
GATCGATTCACTCCTG-D1_NoStim,-0.013606980766599719,-0.044985004943750795,-0.7051114082843579,0.07768581886509729,-0.1136795148289167,0.21626924529407354,0.4024330852263889,0.03379440422321878
GATCGATTCGAATGGG-D1_NoStim,0.0069147269343279305,-0.024729026863502312,-0.604748365705877,0.022568255226090628,-0.14809290387694318,0.25349569411091544,0.15458521542168135,0.02412283990606312
GATCGCGGTGAGGGAG-D1_NoStim,0.08467062645048706,-0.011413772834076852,-0.7875194170162665,0.4415461653674164,-0.20297626923134438,0.6249656251858831,1.5378305736098152,0.20249130736793042
GATCGTACAAATTGCC-D1_NoStim,-0.02782820657085594,0.01310638336262393,-0.5473699306457078,0.05867687015752665,-0.18408953393497285,0.1978059012109501,0.5142267439653363,-0.0168738160775721
GATCGTAGTGCTAGCC-D1_NoStim,0.04415022026940996,-0.025337803048977037,-0.48192240223791316,0.06468520489743668,-0.044739762280521234,0.20303185432792503,0.19077046764332373,0.042789028714759425
GATCTAGCACAACGTT-D1_NoStim,-0.022062051860395115,0.03702297598980131,-0.23417241184993642,-0.06837969725828152,0.13190817332211324,0.126220210290942,-0.04877572847030098,-0.011320991200850727
GATCTAGTCAACACGT-D1_NoStim,-0.05793543174377369,-0.029264409082321308,-0.21854655875624474,0.0012278601558239899,0.09206442513576008,0.160908190880523,0.027315526919892363,-0.013710828311676693
GATCTAGTCGATGAGG-D1_NoStim,0.10135299797279274,-0.060225038786779095,-0.6647579896964242,0.13684114203449838,-0.1359775005046142,0.37816284508107856,0.18666309807859438,0.05199817360486847
GATGAAATCTGAGTGT-D1_NoStim,0.035524008391105255,-0.020948482816356417,-0.555563677940544,0.1157489685987727,-0.23941125361626803,0.2585565264894143,0.18422352007623832,0.03752740065147542
GATGAGGAGATATGCA-D1_NoStim,-0.02032011907607867,0.0186573691270695,-0.29748990128573993,0.041005459911445996,-0.029385114596063744,0.14887707886109247,0.8754650997555302,0.00214361323279455
GATGAGGCAACTGCGC-D1_NoStim,-0.013585183211937135,-0.03196334109281551,-0.3350005536009313,-0.004128789163058144,-0.08924671082847269,0.12045514521292411,0.03523248174427085,-0.005571381609959403
GATTCAGAGATCCTGT-D1_NoStim,0.06344944823043264,-0.09899827304980668,-0.5763185540967068,0.10509398495500832,-0.04913915663396118,0.32078013968119024,0.2038031188082874,0.03880674763517966
GATTCAGCAGGTCTCG-D1_NoStim,-0.12098146790353681,-0.11283529910765822,-0.3739153031646687,0.07109191388811986,0.008978611690972471,0.17930315582139134,0.3285747095847231,0.033680114148944895
GCAAACTGTTCGGCAC-D1_NoStim,0.11277858841721589,-0.031720925485497986,-0.5548577873932921,0.07080801098669198,-0.0569771666865968,0.28805735009718525,0.11258258408818378,0.07047691961673408
GCAAACTTCTGCAGTA-D1_NoStim,0.007604608925261047,-0.04580750891251206,-0.4123157603528611,0.04086060749521181,-0.06542715109406849,0.19933582816037543,0.10711783637047478,0.012407260967465916
GCAATCATCGTTTAGG-D1_NoStim,-0.10600203440743883,-0.060699400995693154,0.0422853392356668,0.05018419705312027,-0.20577332224632627,0.1466716022832788,1.0626765869015156,-0.0065598264516424365
GCACATAGTTACTGAC-D1_NoStim,-0.0159899535416006,-0.03580647916731117,-0.47290855430387957,-0.005390747018857667,-0.04142567935280006,0.2270276962774087,0.07374598304211988,0.02368041920627384
GCACATATCGTTACGA-D1_NoStim,-0.11554393913457872,0.010719711230390061,-0.12984113048967139,-0.039652719225879096,-0.10217722934158147,0.04853409961730648,0.24486327950589892,-0.0350126008475069
GCACTCTCATTCACTT-D1_NoStim,0.07932698302250607,0.018732414050266044,-0.5578599094122367,0.002454931839599439,-0.20913091248669602,0.1603110106684369,-0.03447998669914831,0.006690831376223727
GCAGCCAAGAGACGAA-D1_NoStim,0.024919078851796783,-0.049101505912201304,-0.27659296428218916,0.15167061099831614,-0.19459534416583502,0.28335372126700875,0.5244518731611567,0.1089784626993815
GCAGCCACACCACGTG-D1_NoStim,-0.030478641482643454,0.027001654088365967,-0.4655764006504004,0.06261895244250582,-0.23354626932541933,0.27692121303203443,0.6665527061723209,-0.005870219839547275
GCAGTTATCCAAACTG-D1_NoStim,-0.07846771534295627,-0.009463142080731402,-0.1680255990404831,-0.05041786510192203,-0.09353529011604422,0.0847144278817673,-0.0813264215569669,-0.046683062037033096
GCAGTTATCTTCAACT-D1_NoStim,0.06431490028853659,-0.0389536929984331,-0.30717659534926867,0.004291430962487297,-0.06439660860452712,0.14656895468411513,0.046747232738073574,0.012786759582711582
GCATACAAGTGGTAAT-D1_NoStim,-0.008157863113444463,0.01661549289386066,-0.40329309430957494,0.022769283950356822,-0.14579416351514496,0.08174860774664694,0.017258562738405203,-0.010695805563107896
GCATGATGTCTGGTCG-D1_NoStim,0.006205085528881327,-0.0026348736906989245,-0.7213124018593522,0.0945247375883067,-0.1617199140808232,0.2505389185462512,0.2799725218870046,0.03126626193074955
GCATGATGTCTTTCAT-D1_NoStim,-0.03682723479902705,0.00014722639447128927,-0.517425364977731,0.017062040207402873,-0.11221243023670802,0.18013343852652675,0.1684651449839194,0.020491575222560954
GCATGCGCACACCGAC-D1_NoStim,0.08331708003515814,-0.08179134174975111,-0.4457395936569366,0.07801070834470458,-0.1286462493192353,0.1958654753131963,0.11983578474579382,0.002279744821173324
GCATGCGGTAGCCTAT-D1_NoStim,0.08212220590741914,-0.05147755788118147,-0.42023523129214624,0.07522887298664926,-0.052598484935208134,0.2398932488369825,0.03931367904731076,0.015670264965320868
GCATGTAAGAAACCTA-D1_NoStim,0.1167747902148637,-0.027026342839388207,-0.5712439613847273,0.10804214394268996,-0.2862201153562278,0.18946385450958303,0.11205631809288219,0.10840176418492398
GCATGTAAGGTGCAAC-D1_NoStim,0.009973507257242886,-0.09279935945071394,-0.43001775138297127,0.11391472936900016,-0.10914266425407959,0.24481160791830092,0.13384269275004979,0.022153448562285405
GCATGTATCGCTAGCG-D1_NoStim,0.12973436554010753,-0.049763533087123335,-0.41377314975146007,0.04473137109283698,-0.016709085451036998,0.24602946006317872,0.03884274684574773,0.052037415316066316
GCCAAATCAGGAACGT-D1_NoStim,-0.030270260660060444,-0.01212532890309781,-0.3153200983331388,0.006610653940127165,0.11187360552726844,0.19817593818282475,0.15782704316350493,0.03159075284768953
GCCAAATGTTCTGAAC-D1_NoStim,-0.16265870474193989,-0.18419208714066215,-0.8199133840177151,0.22487377801369846,0.0008597146604714112,0.4407390317129094,0.8629151145172989,0.08143593913135483
GCCAAATTCATCTGTT-D1_NoStim,0.13065188537097328,-0.038280749502998646,-0.43220064748551934,0.07099605898429395,-0.12358062725622965,0.22918079438257166,0.08932505018473957,0.054751512055270624
GCCTCTACAATGACCT-D1_NoStim,-0.041976938078622794,-0.020631322247707473,-0.8869031770461859,0.0023908391953835206,-0.2017144166900522,0.2467253332116659,0.1927044936342055,-0.025253306021067345
GCGACCAGTTGATTCG-D1_NoStim,0.03214643794461125,-0.027515766229834426,-0.5421059906065651,0.16332494230594996,-0.17859964819949958,0.22851035841335054,0.3259330864107284,0.046571470420861516
GCGACCATCATTTGGG-D1_NoStim,0.08941500916273526,-0.05039660270696622,-0.46843918768683146,0.1200772982965237,-0.013226697987855474,0.29158352051555525,0.22876859962276352,0.06234960413682522
GCGAGAAAGGATCGCA-D1_NoStim,-0.0923624894183277,0.030985214440374165,-0.4040251892836597,-0.07976637900266326,0.24754779336642763,0.271912579260416,-0.13643420681985585,-0.02382890342120625
GCGAGAATCATCACCC-D1_NoStim,0.07874601372895107,-0.025183764463688973,-0.5482511375184007,0.09465465698176878,-0.07767474933503493,0.27842238220520077,0.058592528070521954,0.09115088626471213
GCGAGAATCTGATTCT-D1_NoStim,0.04535320568271217,0.004593174657552268,-0.37360771185570485,0.06740914787419072,-0.0507393379068759,0.2655763676437548,0.12363791574307559,0.05355113974546377
GCGCAACCATTGTGCA-D1_NoStim,0.0006031398941139798,0.006612140116622811,-0.403757131936862,0.0327391648457418,-0.09769054914523423,0.10588175069644024,0.14339086011418178,-0.0029719767960436627
GCGCAACGTAGTACCT-D1_NoStim,0.01809803985611147,-0.0367669504304331,-0.33410320917493763,0.04813729494494545,-0.19909614636979,0.16119651691997916,0.23154120724570237,0.02176333445766332
GCGCAACTCAACACGT-D1_NoStim,0.03981289206548411,0.030071298078206965,-0.5022696031267309,0.01688149646112791,-0.19083408171237792,0.12191026042078335,0.0555137110727717,0.01336256851554829
GCGCAGTAGGACATTA-D1_NoStim,0.051405836809603755,-0.04840299114120761,-0.48069290671523746,0.06519699764091058,0.009085033255905373,0.3017407825431935,0.1908230822100112,0.056250576117472306
GCGCCAAAGATATACG-D1_NoStim,-0.027979396101713405,0.032304170514589,-0.27852195658798706,-0.032361884452811296,-0.2877501998700538,0.01793967642538341,-0.0832052874595215,-0.03344353718018667
GCGCCAACACAGAGGT-D1_NoStim,0.07909675966977403,-0.07502418836262947,-0.5039635050674285,0.1015417031234076,-0.17783638972583304,0.22580729309204184,0.08009064352491713,0.006933815027982959
GCGCCAATCTGACCTC-D1_NoStim,-0.004056298347185461,-0.04205936117670461,-0.37342924319703386,0.04176095010607206,0.11032202962507753,0.2571268377682445,0.22332371168277199,0.034774304249609145
GCGCCAATCTGCGTAA-D1_NoStim,0.07651581189517387,0.03437648213991373,-0.511138999602057,0.08627721483727413,-0.23391928765305892,0.2962505141862479,0.26204713686792136,0.05368779558165038
GCGCCAATCTTTAGGG-D1_NoStim,-0.015922402620871523,0.0790339145153851,-0.6226812443496126,0.25377539860953213,-0.29805464918669955,0.27902771404686266,0.5340011219060123,0.1640458610389679
GCGCGATAGTTACGGG-D1_NoStim,0.07502790109291446,-0.04274112512763395,-0.3530046683437895,0.05063515911596106,-0.06461425955118827,0.21589597945574646,0.19053835244809658,0.028190259064205136
GCGCGATTCCTTGACC-D1_NoStim,0.017492993295734394,-0.08384208062119569,-0.5372490456000207,0.027501515061324255,-0.0901080441141513,0.19536406467923495,0.32526369473471384,-0.0019260802092126994
GCGGGTTAGGCAGTCA-D1_NoStim,0.0495624891301123,-0.12871942359807598,-0.68706105222007,0.14346967847578718,-0.08370093422337099,0.4759326989300767,0.3027856493889143,0.02993754542804261
GCGGGTTCATGTAGTC-D1_NoStim,-0.049547118942184554,-0.018991466223027942,-0.6348049953602732,0.017610076650829143,-0.3723997268259964,0.12712552291450407,0.4842532634771768,-0.00554868268838149
GCGGGTTCATTGGGCC-D1_NoStim,0.02940985834631782,-0.04232754417010298,-0.23478126349172967,-0.020758846093668737,-0.20048239433437942,0.08924596125120665,0.02097696096983448,-0.0037304244894222904
GCTCCTAGTACAGCAG-D1_NoStim,0.08654838033885248,-0.0177194512036003,-0.4506275625235432,0.04176430291131794,-0.08378098019336377,0.22741946948334046,0.0954054942199054,0.05725179572146466
GCTCTGTCAATTGCTG-D1_NoStim,0.020707642649933078,-0.005457957639691813,-0.3488326932444501,-0.0004043602552030734,-0.12761198676064112,0.11561937834684421,-0.022958749677745693,0.0073934428965465315
GCTCTGTCATATACCG-D1_NoStim,-0.0010965356006895632,-0.04393484435359163,-0.27078589711694256,0.22752240784827826,-0.05078965297681748,0.2792710603042785,0.5232286360679392,0.11097549697262465
GCTCTGTGTTTAGCTG-D1_NoStim,-0.10553713563432687,-0.09252311596378604,-0.3832948269946499,0.1345256798749368,-0.16554799122181052,0.23146617939208802,0.5450717064304698,0.08114746880054113
GCTGCGACAACGATGG-D1_NoStim,-0.058446903951477225,-0.06745790222246839,-0.47775902344391596,0.08964602108829922,-0.11986589633070821,0.3005839629155096,0.2768110528287293,0.04017488436331362
GCTGCGATCGTAGATC-D1_NoStim,0.005924070622981503,-0.03961799190737736,-0.5055109974648531,0.027139011494773158,-0.1574322050411041,0.13865882457321455,0.07590811016903576,-0.0010837721022962654
GCTGCTTAGATCACGG-D1_NoStim,-0.0031741985404760698,0.009989793302040084,-0.5421971936316687,0.03203412806889183,-0.17845116851239595,0.224320292902358,0.11703168297489963,0.05458593961880176
GCTGCTTAGTCATCCA-D1_NoStim,0.12005318083292771,0.021207082607705985,-0.6490125229033232,0.08277867481366386,-0.1726628081756214,0.3292272758725332,0.17943355932713168,0.081301679953107
GCTGGGTAGAAACCGC-D1_NoStim,-0.07232755866865581,-0.022743342133180633,-0.3017102752051972,0.021293513650096685,-0.0028346212372021284,0.1863255398208956,0.4237041005004363,5.233574062479818e-05
GCTGGGTCAAAGGAAG-D1_NoStim,0.07458466370446537,-0.028458175062365143,-0.2992818389966736,-0.0036997780068279695,-0.003012700944680091,0.0906981197689305,0.026708372423934534,-0.00339171517921244
GCTTCCACATGGAATA-D1_NoStim,0.03590112887073005,-0.09342989049101647,-0.579323615848617,0.09845351182495499,-0.14081560168798646,0.2926726008891638,0.1603467597769228,0.01468871589856846
GCTTCCATCCACGACG-D1_NoStim,0.009041616532220687,-0.03470405683757605,-0.5291335467885752,0.05763780269439778,-0.10660000754243804,0.2374791729091772,0.11177873982213526,0.04516326875252297
GCTTGAAGTTGTCTTT-D1_NoStim,0.12353054942628283,-0.015147057737870284,-0.612086115950536,0.13203750988197704,0.0038659185678717733,0.36483963398380936,0.23464655810148471,0.0799771054618148
GCTTGAATCGACCAGC-D1_NoStim,-0.06026639392418964,-0.008669878901159223,-0.42307583307227503,0.09352647586749718,-0.0077738712073163185,0.2612940449423853,0.4764079706430415,0.05210504664705162
GGAAAGCAGAGGTAGA-D1_NoStim,0.12104247161551385,-0.05253815008884466,-0.37777690782832707,0.043193119525888335,-0.08293562322146286,0.22368484149854773,0.03214695000233281,0.04131729629014913
GGAAAGCTCACAACGT-D1_NoStim,-0.09699723925610648,-0.003838581339175917,-0.6149063840667637,-0.06751474399266044,0.18906861335524638,0.24867682570955374,-0.13989841441284767,-0.05563509385014065
GGAAAGCTCCCTCAGT-D1_NoStim,0.06654033675980742,-0.04733169190225972,-0.5259382618147548,0.1122900211561415,-0.20434532601307254,0.27433418268060095,0.16685206816726694,0.06182610671142541
GGAATAACACTGTGTA-D1_NoStim,0.10990167797443284,-0.05083629775142562,-0.5083436366602658,0.12856641021516957,-0.0020940412014045506,0.3175155086445791,0.18369417561980672,0.05315249320831761
GGAATAAGTAGGCTGA-D1_NoStim,-0.02498269418055088,-0.03967756208077233,-0.5140206192046719,0.09813368000537004,-0.25762599293453725,0.21769533996862478,0.014473455816140124,0.0390228270960673
GGACAAGAGGCTCAGA-D1_NoStim,0.00799452885265417,-0.07196210720469942,-0.2409682050134201,-0.039579854914956414,-0.032989280009459776,0.08641481531497597,-0.031700744618123444,-0.03604893405452714
GGACAAGCACGAGAGT-D1_NoStim,0.06331162858963957,0.003922081657705689,-0.40379637013853653,0.10639211193155518,-0.12821274624737455,0.2834405632650352,0.3232381024807518,0.08483634249855676
GGACAAGCAGACTCGC-D1_NoStim,0.055699184093086274,-0.029782807728263805,-0.5242191489631765,0.1445374520922762,-0.2300600363153933,0.3178116586317534,0.11235168488488956,0.12527246347744736
GGACAGAAGTGCCATT-D1_NoStim,0.10645735037161863,-0.007414968722137871,-0.4310647835773356,0.09999239575758878,-0.08863551421872629,0.29004401273861724,0.11079673299764803,0.05997632092698524
GGACAGATCGTTGACA-D1_NoStim,0.04898915215451716,0.007343551131414827,-0.3114273416040767,0.029090146261278704,-0.22782861917414898,0.06297441539408499,0.0010959305835127608,0.03185359891104156
GGACAGATCTTCGAGA-D1_NoStim,0.16258955228760996,-0.06798208542446638,-0.5264295050282364,0.10393262751371068,-0.04956942087264693,0.3437664674550671,0.15477592031867538,0.07559527960534673
GGACATTAGCCACCTG-D1_NoStim,0.08408297349658689,0.09221012983903698,-0.8016825799142708,0.229858586274176,-0.25560335663422684,0.22365119767927322,0.46708617130891295,0.19124469361590002
GGACGTCAGGCTCTTA-D1_NoStim,-0.04152251858404732,-0.04667259536337376,-0.23936882910725643,0.12674539428998166,0.10154543702240026,0.20213532275617396,0.443868882959336,0.06267251913667415
GGACGTCGTTCGTCTC-D1_NoStim,0.08203665774473912,-0.06066146345771273,-0.6341412660893937,0.08805366344377674,-0.0736485023491511,0.34956577361749197,0.09703059534790359,0.017156692426153697
GGAGCAAAGTGAACGC-D1_NoStim,0.04938609153051665,-0.037981664494662226,-0.4630079766853896,0.039786348646828174,-0.12810511051724838,0.17088783893220416,0.10960347997285425,0.018690908085867264
GGAGCAATCGCGCCAA-D1_NoStim,0.07899528428111324,-0.03194973779904231,-0.5768019149476373,0.074125427794419,-0.18017433687677809,0.26150298225662283,0.06525683162898055,0.05350385254211254
GGAGCAATCTTCAACT-D1_NoStim,-0.06410763802755248,0.04200061093811591,-0.45731585128307906,0.11359874051026608,-0.019535700641657883,0.2765539183410848,0.624226831780283,0.07583377904526856
GGATGTTCAGTGGGAT-D1_NoStim,0.03594007368146812,-0.0681404034931603,-0.34475485659808314,0.019377781398786098,-0.018268904420892795,0.22383592572250066,0.14251228971880803,0.018496459238575014
GGATTACAGCCACCTG-D1_NoStim,-0.03042341953943506,-0.059567350490475235,-0.14021640701031401,0.05084631598323952,0.14400282677512877,0.2417446856953216,0.17805898058464642,0.021904396935333637
GGATTACCATCGGACC-D1_NoStim,0.08932731413212558,-0.053548400186476997,-0.34517540269722247,0.09227200884015829,-0.21053820089291797,0.20719996485172043,0.08642021875769945,0.03224016787044448
GGCAATTAGCATGGCA-D1_NoStim,0.043557395332324944,-0.0004680598735387065,-0.37410715271797734,0.05177246105457023,-0.1503760658929174,0.2409802432685808,0.332408129615251,0.01597378823706208
GGCAATTCATCGTCGG-D1_NoStim,-0.061151007971384175,-0.05197362579294129,-0.5517230335880399,0.06304312355281816,-0.036850994072825216,0.15825498482711087,0.18953683089332873,0.02455999130459041
GGCAATTGTAAGTGTA-D1_NoStim,0.01987175445425926,-0.052030176155794194,-0.48254252066455017,0.03897675939019152,0.01797756827782493,0.33059270745633995,0.1831780576370594,-0.007531953801388269
GGCAATTGTCAACTGT-D1_NoStim,0.08171321440498502,-0.04638676919929097,-0.5457786329524339,0.10153937171055816,-0.17268190975248565,0.2184587186597513,0.12750977623366833,0.07114372407788139
GGCAATTGTCTAACGT-D1_NoStim,0.011953067351994306,-0.04371928292859728,-0.3328651846556845,-0.03804909892485142,-0.05635124603179875,0.06736782877136882,0.019403599306897945,-0.045745706413427456
GGCCGATAGAGTCTGG-D1_NoStim,0.10128331322448147,-0.01657140162645554,-0.5177533501825007,0.09330492683332636,-0.20300057874461785,0.23490984164062656,0.15524092741036366,0.05630131820487527
GGCGACTAGGCACATG-D1_NoStim,-0.03029007917875859,-0.10660206235560388,-0.6580148856431176,0.12853424122892676,-0.10803892284207883,0.22629780110733666,0.16339283988332642,0.023544359684283478
GGCGACTCAACAACCT-D1_NoStim,0.11194810998736315,0.01930740323591884,-0.5512304286796006,0.2023298989219029,-0.14082655603457894,0.31547831373277013,0.7402259926363142,0.08463181811982068
GGCTCGAAGCGTGTCC-D1_NoStim,0.012822741707255503,-0.033454999834901855,-0.32457262820843624,-0.0014357594593565892,-0.02456350045113531,0.10738051519442138,0.05463777954711979,-0.006979405784964143
GGCTCGAAGGATGTAT-D1_NoStim,0.06851602754564112,-0.07068442862965796,-0.5288868809454517,0.16012285695024886,-0.07843865913444681,0.35613024442394803,0.30145150427784184,0.053100849169323894
GGCTCGAAGGGATGGG-D1_NoStim,-0.008021483685761055,-0.007376454810140487,-0.33020533025230137,0.10378587321078037,-0.1281443734861174,0.3514646214481978,0.2733923578013071,0.038077760367800195
GGCTCGATCGCATGGC-D1_NoStim,0.002791285141817923,0.02819803174503477,-0.4286073068533369,0.029765312900316587,-0.11217737204115963,0.171377329865944,0.29046986000239894,0.040207443984439095
GGCTGGTCAGTTAACC-D1_NoStim,0.02277805270347777,-0.12486040861635317,-0.794407948473463,0.15644770489483584,-0.1332059860714132,0.36314684243512296,0.18965061549291473,0.032498553143362585
GGCTGGTGTAAAGTCA-D1_NoStim,0.05182135643769392,0.00674376505127583,-0.4826939720233465,0.14637806960274702,-0.2337518241144263,0.23311927110251318,0.3364325048730734,0.09603128241916536
GGGAATGAGTGTTGAA-D1_NoStim,0.0037255295421427803,0.005654938160603251,-0.4161469569512448,0.058462117240615896,-0.16009850622408806,0.14233846727309185,0.032811130697640856,0.024648315203766202
GGGACCTAGTAGCGGT-D1_NoStim,-0.03354707630325571,-0.009257218171722315,-0.3927443015174106,0.055347639112184766,-0.18402147184826845,0.16667339380429347,0.21570523716711776,0.04332475289899129
GGGACCTGTGTTTGTG-D1_NoStim,0.0733948797860613,-0.11744757536171413,-0.547933824754212,0.14065361450194303,-0.012249020878137173,0.3105193826837951,0.20228387786001178,0.033068618488293566
GGGAGATAGCAACGGT-D1_NoStim,0.10584115402990157,-0.03532395193295024,-0.5668516923398776,0.10568147808958628,-0.13732831215607177,0.2363286257158288,0.155261885660126,0.08830056843715361
GGGAGATAGGCAATTA-D1_NoStim,0.1117563606576919,-0.04246419924047373,-0.5500848876658608,0.09057467369744643,-0.15561132953430956,0.29902333336254827,0.12568997618010425,0.036385818240924905
GGGAGATCACGCTTTC-D1_NoStim,0.022690011432116464,-0.04602784595047105,-0.3210566397982113,-0.028813141013760202,-0.0572598774815809,0.087991085200116,0.02304093416881159,-0.019887188849409654
GGGAGATGTTTGTTTC-D1_NoStim,0.1026882837304619,-0.015861591433191435,-0.28905546709148666,0.0433434099667398,-0.09318446661233715,0.17121146811140697,0.01790301272332062,0.029682173130034073
GGGAGATTCGTAGGAG-D1_NoStim,-0.02892537904631176,0.014730848771897342,-0.29335980309516785,-0.036148679732276534,-0.06593502201062051,0.13177039093073617,-0.02079457581252253,-0.008704488931879695
GGGATGAGTTCCCGAG-D1_NoStim,0.09022045546818092,0.009555425721769595,-0.5666822392642139,0.1505816878845465,-0.129111233303,0.28986839359322936,0.40931214938751204,0.08626741101575242
GGGCACTCATGGGACA-D1_NoStim,0.08690067351243513,-0.02198767428099302,-0.4258305870234924,0.08109800983825188,-0.018959924976138964,0.31632836574144463,0.15053289343767773,0.05586535975565354
GGGCACTTCAGGTAAA-D1_NoStim,0.09808036863503666,-0.15682730859899507,-0.7055993159905523,0.13617866882446528,-0.002484712065161432,0.383678156689057,0.22860178259618102,0.07939525696307825
GGGCACTTCCCGACTT-D1_NoStim,-0.028202385272861008,-0.07079115649613321,-0.3341715177233411,-0.05666305493262591,-0.07082431794693989,0.046073881320435106,-0.08427160160800273,-0.06667109038943053
GGGCATCCAAAGTCAA-D1_NoStim,-0.009736582974914754,-0.04058300671611548,-0.29694892678439544,-0.03456962064802305,-0.04656166946420193,0.060477323143523165,-0.0041950943756408066,-0.041728342043466427
GGGCATCGTCGTGGCT-D1_NoStim,0.006095561631600077,-0.034478900386931244,-0.7044788504457333,0.1744227843792583,-0.29019796699094513,0.34038701505132707,0.13176611093316026,0.018527550317839925
GGGCATCGTGCCTTGG-D1_NoStim,-0.029989796953238113,0.007675323231573827,-0.19025359330395375,-0.041076421338368974,-0.17403185672742438,0.09905049327116267,-0.0053036597665165885,-0.019948778404531353
GGTATTGCACTAGTAC-D1_NoStim,-0.07228812679278995,0.02090575671159911,-0.30931887937215485,0.06700352346893546,-0.11367595677030451,0.23017104954500844,0.34392967217049186,0.033287414835578844
GGTATTGGTTACGACT-D1_NoStim,-0.08198869123458508,-0.0866117265603581,-0.48044296349029025,0.129373083559166,-0.03640413903836226,0.26590908186274653,0.5671159916484374,0.047784691371470345
GGTGAAGAGACAAAGG-D1_NoStim,0.028072429478879002,-0.0588749462395306,-0.2966072625687701,0.005213235655379123,0.050829464798979984,0.17702547052053674,0.02612903316672721,0.010024417493918136
GGTGAAGGTTTAGCTG-D1_NoStim,0.022040362531260627,-0.10574476421642665,-0.396472143249575,0.15075225065294084,-0.022094004866717754,0.447859154108615,0.41914374438120916,0.06473166464542146
GGTGAAGTCACGAAGG-D1_NoStim,0.015061941457359396,-0.0746003676517315,-0.25117880873930076,-0.007830760415000526,0.02669235715895013,0.15914540461334958,0.041608729297089475,-0.026583618692169964
GGTGAAGTCAGGATCT-D1_NoStim,0.06828416995533537,-0.04298420666823155,-0.3707063453264645,0.0061038717656334285,-0.08919251591608202,0.14362878912293553,0.019828901551899314,0.015705190800282764
GGTGAAGTCTGCAAGT-D1_NoStim,-0.08598879574663698,-0.013431405386512552,-0.3015273342863267,-0.039388525215395376,0.033807826593619694,0.17133402082985505,-0.06324709880390333,-0.03493278235400332
GGTGCGTAGGTGACCA-D1_NoStim,-0.05719967652289881,-0.06566152752422205,-0.18300980270565148,-0.025088567578968934,0.04261480079183677,0.10316590190557307,0.025784135671100827,-0.04017753914925137
GGTGTTACAAATTGCC-D1_NoStim,0.10688304413557681,0.0056846546188875635,-0.36474466686156504,0.06992596198545975,-0.15749256074012052,0.1912999058331284,0.023242590871973334,0.04997207389340019
GGTGTTAGTACGCACC-D1_NoStim,-0.07597598856245469,-0.0030235617451630503,-0.16312746516883792,0.01734860593813181,-0.1528108213213777,0.021659767022077503,0.12797655914825512,-0.024627578279975637
GTAACGTAGGCGACAT-D1_NoStim,0.051204788091748554,-0.02693679469498811,-0.4926368724504524,0.07818970100710487,-0.22262510899725463,0.2481662685047814,0.07834404669952733,0.04980008209689224
GTAACTGAGAAGCCCA-D1_NoStim,0.023510783942590763,-0.0013715958374920234,-0.403180311472223,0.11893050772266811,-0.004571483361814899,0.30064632260489255,0.32947325937487193,0.034142467116222264
GTACGTAGTCCATGAT-D1_NoStim,0.0026380342026151027,-0.06688604168820511,-0.5441492404811381,0.13743408849566485,-0.29744102061693134,0.27646155452663823,0.1411195305448718,0.10563453786761556
GTACGTATCCGTTGCT-D1_NoStim,-0.108998229129174,-0.08491008465747107,-0.20804194059286374,0.05864569773717854,0.07071920129196663,0.33662995334334056,0.5710980560623788,0.03849430223112904
GTACTCCAGTATTGGA-D1_NoStim,0.12474192766596914,0.008225525622620466,-0.4103942778948628,0.07230400504050216,-0.11629398560045878,0.18756044229029634,0.01816205966066331,0.05976450145362833
GTACTCCCACCAGTTA-D1_NoStim,0.1078218965545652,-0.08028291627872441,-0.4814826896278781,0.06142827453797217,0.009583149503207267,0.32148387626734376,0.09370202300340402,0.046239374062583494
GTACTCCCAGACAGGT-D1_NoStim,-0.08266881316731478,-0.09217578318035002,-0.5664058269130336,0.1755751290771297,-0.21564304708424586,0.36250914412991797,0.5689542441821889,0.08157583075433905
GTACTCCGTCAAACTC-D1_NoStim,0.03857797383426309,-0.029379262925189664,-0.31885430955470184,0.059106133410617545,-0.02835312120006428,0.2328457542145408,0.09571413956537356,0.06143021183295261
GTACTCCGTCCAGTAT-D1_NoStim,-0.05118122149362847,-0.05445195946331438,-0.34648619051819907,0.00732318445976432,-0.04684159331042004,0.13832846055990267,0.12786276303248378,-0.02335398119254073
GTACTCCGTCTAGTCA-D1_NoStim,-0.048041313445327916,0.006114317264433566,-0.3011869313127775,0.020824678202334468,-0.05285938169006599,0.11381651766756207,0.18455924466166795,0.0023842822270054853
GTACTCCTCTGCGACG-D1_NoStim,0.02391027490735098,-0.05632781735008763,-0.21358531076383613,-0.024178651929037898,0.011844484698212199,0.10092302500977013,0.021049247351657918,-0.014128073416324938
GTACTTTAGGTCATCT-D1_NoStim,-0.056393657310851,-0.07058103215528888,-0.5360952624786748,0.09557829224181269,-0.052432544128174996,0.16756225832377414,0.22100607712147102,0.05964553235871328
GTACTTTAGTGGGTTG-D1_NoStim,-0.022966392986150552,0.025409786022930092,-0.5118688642476066,0.057005341400582665,-0.2159666715050701,0.24949125130410899,0.009231483994601497,0.10470028579548263
GTAGGCCCAAGCCGTC-D1_NoStim,0.02858715070513007,0.005283041110875075,-0.3370692575763723,0.1623843882375322,-0.030143203764552595,0.23439285033840385,0.23041977522299817,0.06050749368814223
GTAGGCCCATACCATG-D1_NoStim,0.09208139337534327,0.009138325229777422,-0.5445140012132352,0.25486194584119914,-0.1915686194374011,0.43537569655065944,0.9094824578740308,0.11461202172763052
GTATCTTAGCTGCGAA-D1_NoStim,0.07692475504794594,-0.03184447034459659,-0.508455943268622,0.08468612896646732,-0.20690342542683382,0.18359550474764497,0.17824635615729,0.03465114542121128
GTATTCTAGCCCAGCT-D1_NoStim,-0.10656531482583809,-0.21192929034722852,-0.9158307801113921,0.12831010666709908,-0.11034220725955812,0.44968116383470225,0.33349036930215803,0.004295022850746122
GTATTCTCAAGTCTGT-D1_NoStim,-0.08335754494348357,-0.0729905158999884,-0.35130516979887005,-0.022567921534095703,-0.02623203415952169,0.11781289467640743,0.14072059879166776,-0.025674617929546173
GTCAAGTAGGAATGGA-D1_NoStim,0.05860561369952677,-0.11826803844505207,-0.7117247966084417,0.12037486970366906,-0.0816133588510688,0.3107725972529032,0.33183606344731054,0.07002929657506485
GTCAAGTTCTTAACCT-D1_NoStim,-0.13737784775002204,-0.06745461983778611,-0.47438997522641024,0.18052201706941773,0.0012058882464138776,0.24330580841210114,1.0875209550108345,0.0677372844756512
GTCACAAGTCCCTTGT-D1_NoStim,0.07351336927921537,-0.03811229121447646,-0.335058542248877,0.06107544001558196,-0.06303733614954155,0.22074261441674636,0.05790916230732801,0.0628294419653237
GTCACGGAGACCACGA-D1_NoStim,-0.004186853682710989,-0.12400980572412301,-0.5977609573557281,0.15199502030713674,-0.2530729966505447,0.3138295189936411,0.15951833288107142,0.016766524741962385
GTCACGGCAAAGGTGC-D1_NoStim,0.019986578059059568,-0.00011980707553504999,-0.31370015830488995,0.06456321825689137,-0.11718332051880154,0.21476843841625204,0.05505326480796224,0.0359231146114638
GTCACGGTCCTGTAGA-D1_NoStim,0.03171026823389589,-0.0679329453608073,-0.5469278303552638,0.0994682779957099,-0.10285574308293022,0.28076140121926674,0.06443066710330658,-0.006407481376342616
GTCACGGTCTCGTATT-D1_NoStim,0.06254270080963487,0.040742303928666956,-0.4321873944661885,0.27520716629071096,-0.26609505061349914,0.44352646116503713,1.0398861901928136,0.13516536554257286
GTCATTTAGAATCTCC-D1_NoStim,-0.048605906909365615,-0.073091046276204,-0.7256302843935387,0.13835886953657983,-0.0116391222694876,0.2798316553999758,0.42192749209488856,0.0772296556010783
GTCCTCATCCTCCTAG-D1_NoStim,-0.05775935770241958,-0.02122914775024043,-0.6776364981729728,-0.030535097397681454,-0.377504026170179,0.14079130616888413,0.04869530900796715,-0.03901924903026277
GTCCTCATCTCTTATG-D1_NoStim,-0.04392604225792951,-0.06914056861896256,-0.2480412707188684,-0.04883900579315714,-0.018947768561162093,0.08702163605500601,-0.038351122217298084,-0.05251896265307465
GTCGGGTCATCACGTA-D1_NoStim,-0.008466082701707123,0.028953092113210843,-0.515254953622799,-0.035173655942259074,-0.20452355956703983,0.1112446600748811,-0.002340066220727799,-0.007777901171472479
GTCGGGTGTTCCACAA-D1_NoStim,0.05818900117817272,-0.013826456879955984,-0.33750685804688985,0.1416960400415732,-0.07444242150667968,0.22290271173241294,0.3818962689527927,0.059808446804405335
GTCGGGTTCAGCTGGC-D1_NoStim,-0.0003519460731471469,-0.036164078126372345,-0.4450749336469304,0.0694372095676119,0.0362253052055852,0.2376617316555496,0.3329128559637411,0.024393825060336383
GTCGTAACACACCGCA-D1_NoStim,0.034373771164638356,-0.06981550067924935,-0.5622544941408165,0.14130530235146566,-0.14268327958059324,0.2939262551061095,0.17595872503066357,0.02729846140547565
GTCTCGTCACTGCCAG-D1_NoStim,0.0025797177092332646,-0.07757194148469715,-0.19412500834879154,-0.08930215402637387,-0.12743154502795306,0.06638343438083716,-0.26971931010041317,-0.05363846575579423
GTGAAGGTCTGCTGTC-D1_NoStim,0.047812065786455804,-0.04471648392343219,-0.5631787765776686,0.11482005191975375,-0.31126952043264033,0.17984453685434776,0.13332687757667117,0.05451504223982617
GTGCAGCAGCGTCTAT-D1_NoStim,0.1110015524366883,0.021296384240487853,-0.5508133031194831,0.1578355430073568,-0.09796741944750664,0.29817142361755167,0.2582602717147804,0.08532029959458498
GTGCAGCAGGACGAAA-D1_NoStim,-0.09214242812008422,-0.06911956361322069,-0.35564045299605773,0.1943202778924178,-0.16115105319023293,0.2515592305344079,1.3017392474372782,0.1291395593456528
GTGCAGCGTATTACCG-D1_NoStim,-0.1594533746160991,-0.09832627404695948,-0.514817636589374,0.11074761890160012,-0.1268009823808267,0.23639385252563372,0.2165428537082743,0.03507306059463389
GTGCAGCGTATTCGTG-D1_NoStim,-0.06866812848910442,-0.07753610432016345,-0.44163122259624643,0.18215657276968322,-0.16552551175294106,0.30432468757878883,0.3283953219151776,0.13402716147922256
GTGCAGCGTGTTTGTG-D1_NoStim,0.031348311273943,-0.08206047084241241,-0.841679817596706,0.16026153955163558,-0.08488019362225963,0.49901585892958167,0.37309903613942463,0.03185841621493779
GTGCAGCTCGAATGGG-D1_NoStim,0.0719485300302285,-0.03807844345142719,-0.5917683740830242,0.08319022171726509,-0.05116364300142351,0.24198913865187777,0.2044435791351873,0.04917337217664297
GTGCATAGTCCGTCAG-D1_NoStim,-0.061995436076843546,-0.06552873963392969,-0.30428280709533695,-0.06503558190322956,-0.02677792946307278,0.08032412993941485,-0.13419682426708146,-0.07502823790333224
GTGCATAGTGTTTGGT-D1_NoStim,0.1243819394070087,-0.0630981194932243,-0.49475055518753663,0.07722943679374872,-0.05380387967120903,0.251345866854761,0.07442705178843934,0.040543014085184126
GTGCATAGTTCAGCGC-D1_NoStim,-0.003595163982618388,0.027881529145771466,-0.33455648333691457,-0.025635492438727425,-0.17021069464146166,0.08066049829822042,-0.07593363946709886,-0.024402165231162343
GTGCATATCGCCAAAT-D1_NoStim,-0.073454636603147,-0.11797713988934966,-0.6433412704859407,0.11662832551345659,-0.11911349976899288,0.33664751715319774,0.5356200660433181,0.020056167055495067
GTGCGGTTCATCTGCC-D1_NoStim,0.06524202240309407,-0.06374188389007784,-0.3189119713012687,0.0014642071548411906,-0.036218007480378844,0.16400419096547836,0.024598787441115988,-0.005467732535958447
GTGCGGTTCCTGTACC-D1_NoStim,0.09831980443610888,-0.08597567613211865,-0.4590392773151102,0.0809927916275921,-0.12336111428189511,0.26857135173044,0.06897485690278238,0.008272590413151093
GTGCTTCCAACACGCC-D1_NoStim,-0.07376909435403078,-0.023929554045425405,-0.5292702930661513,-0.03305519835113735,-0.050746836438221976,0.18285979001453256,0.00811807610041626,-0.06192951657531154
GTGCTTCGTTTGACAC-D1_NoStim,0.07585176091556711,-0.0465870003103781,-0.5436048753648421,0.13150433760678126,0.039756535830481,0.36482290650349825,0.2604864579895452,0.08283156536477065
GTGGGTCAGGACAGCT-D1_NoStim,-0.15398315308295274,-0.03945072040110453,-0.37372721997056857,-0.03800198298602986,0.06172223803278776,0.24190462216197872,0.07020386565100623,-0.05759093542435423
GTGTGCGAGAGTCGGT-D1_NoStim,0.07269112302513214,-0.01108863847835373,-0.4644157862192593,0.14280523500620745,-0.14859018237029886,0.35742862045317025,0.37505893374083055,0.07627515925837614
GTGTGCGAGCCTATGT-D1_NoStim,-0.03842539535410516,-0.055409892092326274,-0.2674629827676185,-0.030501752155148054,-0.05441339448169202,0.0819146202471348,0.052560015444575114,-0.050741606381057736
GTGTGCGCAGACGCAA-D1_NoStim,0.05383852330597527,-0.0487085901935469,-0.5366555482414483,0.11124270435636596,-0.24404795288168835,0.31807039677055826,0.13722787262606317,0.018405877888996613
GTGTTAGCAATCGAAA-D1_NoStim,0.006064004189363814,-0.0034243317033322285,-0.14590687780517086,0.006744683085418757,-0.10655424392764701,0.10093553707233127,0.06240132832857448,0.011327699797506696
GTTAAGCAGGTGATAT-D1_NoStim,0.04015429494820921,-0.13135857457307942,-0.7588890889884041,0.1315003160228514,-0.1910573985471249,0.384033238159323,0.18852255911691707,0.057784252500168165
GTTAAGCCAAGGTGTG-D1_NoStim,0.04386127967072717,-0.054379830407679464,-0.29993491469021905,0.022115726332035734,-0.022213215826736743,0.18321399395952298,0.11198087940154888,-0.005486619432888418
GTTAAGCCAGACTCGC-D1_NoStim,0.01833433169921328,0.017253231439374517,-0.5328152011921858,0.030318350729237054,-0.022051422066052595,0.1744991438965009,0.01734097520157718,0.012857654555160636
GTTAAGCGTCCTGCTT-D1_NoStim,-0.007841570471393666,-0.04043779547208892,-0.3466617070538689,0.03219298087359945,-0.07067820110942158,0.16061362093469356,-0.00400486524349386,0.011836188579092521
GTTACAGAGATATGCA-D1_NoStim,-0.04321046200621481,-0.04808793628729724,-0.22257238813352132,-0.02199661499906469,-0.022228393409250202,0.09723853870928956,0.02326969474790541,-0.03197172950185134
GTTACAGAGGCTCTTA-D1_NoStim,0.024809986598208766,0.007871112231164545,-0.7395984305966508,0.2246064252831541,-0.4601475925076297,0.21087254619806917,0.26235081791156567,0.18680063181033368
GTTACAGCAAGGACTG-D1_NoStim,0.05773377372681665,-0.09716412027161603,-0.6672966574379355,0.16067715513513114,-0.0706151100001442,0.47238985217058094,0.44308970674443593,0.06661913020639787
GTTACAGCATCCCATC-D1_NoStim,-0.02163138359100536,0.03695342733989726,-0.516509337571474,-0.005331005066427252,-0.11349137626556072,0.14664709040401114,0.08588941498237368,-0.027788539907911414
GTTACAGCATGAGCGA-D1_NoStim,0.09290805297333016,-0.06148510678785968,-0.4663866713696727,0.061658951224991654,-0.1366242234236541,0.2727563937359374,0.06095452529012357,0.01753683696313324
GTTACAGGTACAGTGG-D1_NoStim,0.036579362103472235,-0.03847851725245732,-0.3691930448867886,0.11803759532929803,-0.02070258724717533,0.2819386503138812,0.1761991898376376,0.03864727325116135
GTTACAGTCGCTAGCG-D1_NoStim,0.009345477790009937,0.006700965509647716,-0.26281315209579503,0.07216724349694736,-0.044744481802643676,0.23787676329180307,0.18801110039502777,0.047517831824379186
GTTCATTCAGATGAGC-D1_NoStim,0.03675759005106549,0.01192053884356703,-0.5604892665820387,0.07097756049640935,-0.17113555150179138,0.14001048772913904,0.07767643894977994,0.041093855714372296
GTTCATTGTGCGAAAC-D1_NoStim,0.059754545712507934,-0.08958511852432594,-0.7196865736372988,0.13838980526526967,-0.20624133490383123,0.3570620363039687,0.11800335513557236,0.01359598220662761
GTTCGGGCACATGTGT-D1_NoStim,-0.06534761397302091,0.015037676530930355,-0.2891140484590977,-0.028829704580699556,-0.11803272968736067,0.0476147447756059,-0.07343347996785621,-0.02989622835532124
GTTCTCGGTCATCCCT-D1_NoStim,0.003946907370568908,0.02379721760215503,-0.7273633722146933,0.05287247700076669,-0.18405432013581802,0.17903380679458714,0.16220852696705812,0.01579756804672172
GTTCTCGTCTTGCATT-D1_NoStim,0.01837132493559679,0.02437130485897221,-0.6082264536834359,0.07123762619896823,-0.14245632964027521,0.23439275967080775,0.24594003757822502,0.03261007444317343
TAAACCGTCGAATGGG-D1_NoStim,-0.051712268270897255,-0.01830179749142502,-0.672101352236357,0.10756999832395664,-0.19214139440865807,0.3821482595033281,1.0149492952029604,0.028687578075727416
TAAACCGTCTCCAGGG-D1_NoStim,-0.0785707975869201,-0.06364691937807265,-0.45281057191536433,0.022054784687782103,0.04287799374296952,0.23092518471128898,0.3879076534523245,0.02883307404480462
TAAGAGAGTAGAGCTG-D1_NoStim,-0.04584777408371643,0.00819408696426649,-0.30655275324749987,0.031246812248925337,0.04334084342353606,0.19027069718529077,0.21524722863063595,0.024279399073979135
TAAGAGATCAGCCTAA-D1_NoStim,0.1326242983809376,-0.0769316738779171,-0.38045238312752616,0.06916674583123417,-0.030085489792144315,0.2734658937062786,0.11268166856032913,0.028816155514526542
TAAGCGTAGTCCGTAT-D1_NoStim,0.062267041040518833,0.01460447800086584,-0.282519587760266,0.031612732056993664,-0.0679927090695287,0.12358055346274455,-0.010832221167349942,0.028819207082049658
TAAGCGTTCACGCGGT-D1_NoStim,-0.030134174302014927,-0.03334176803876865,-0.5066191626766852,0.07511865535903262,-0.08673083709727436,0.22146469725357498,0.1628309534482444,0.03746210732632882
TAAGTGCAGTACGCGA-D1_NoStim,0.04251527712616543,0.025294141244071255,-0.4856387597639813,0.1228842035622364,-0.1409042668447711,0.18782167014464157,0.36557725404159225,0.06840453240196176
TAAGTGCAGTACGTTC-D1_NoStim,0.038516713674049186,-0.04065561192567735,-0.4870256425862358,0.10297094582548993,-0.04389711510223471,0.28541734590256596,0.12448116121402197,0.09362125915624375
TACACGAAGAGAACAG-D1_NoStim,0.08214403956785787,0.010330676047169973,-0.3258016675790252,0.03771271409791943,-0.10793954586731758,0.12755614410028215,-0.026992864057342913,0.034053813922582776
TACACGAAGGAATCGC-D1_NoStim,0.04599443133224845,-0.024473568961767,-0.4689989235400134,0.07006976663572217,-0.22709604943980466,0.2030814816595683,0.031237678905529087,0.0245182181669108
TACACGACACGAAGCA-D1_NoStim,0.16156357166898871,-0.03289122060757954,-0.574327813383789,0.10308668102197416,-0.11199321144344943,0.3275450770526964,0.15722338133396097,0.08850918571800293
TACAGTGAGCTAAGAT-D1_NoStim,-0.027176904787250322,0.01788620288482079,-0.31785177890529326,0.03798727669505553,-0.03648860500124229,0.16841625101229418,0.11031697266234985,0.0373161830284765
TACAGTGCACTGTGTA-D1_NoStim,-0.05061294339525446,-0.003152502088221709,-0.5227409178066331,0.004165050346150778,-0.2431549775652222,0.12486528381114859,0.14428824729251932,-0.03834491835876541
TACAGTGCATTTGCTT-D1_NoStim,-0.11095832766495839,-0.11819330648852322,-0.6898260144963473,0.1751906341962286,-0.055858765910516084,0.21676804792996762,0.9886795115013403,0.0935752636996785
TACAGTGGTGACAAAT-D1_NoStim,-0.02682596772773138,-0.08568862210590034,-0.3829809858917663,0.001714982989552638,-0.07364881967353831,0.1595562097078611,0.08744549566305437,-0.0350543354719548
TACAGTGTCAGTTGAC-D1_NoStim,0.0997776483662225,-0.07341310084469477,-0.5584120140187459,0.08577754033469454,-0.13386860178591142,0.26804323861119705,0.05111248059784845,0.012303120962700476
TACCTATAGGCGCTCT-D1_NoStim,0.03789385979155924,-0.049325214665744355,-0.4154401326097972,0.16585574155453564,-0.1884757189763846,0.1435886491168521,0.5371625202541281,0.10757752381132057
TACCTATAGTCAAGCG-D1_NoStim,0.07544883508906075,-0.03527843049669421,-0.47079140114512086,0.04593982929708318,-0.09561088108770299,0.21034463234377654,0.032830874582286285,0.042689412224467205
TACCTATGTAGTGAAT-D1_NoStim,-0.0621645904503918,-0.049747177141910015,-0.31297639205436667,0.014922954550781853,-0.05268836554223455,0.1745431376071025,0.18459780363753975,0.005974383809133954
TACCTATGTCGCATCG-D1_NoStim,0.060238758821084204,-0.09086874640787812,-0.5256027663978866,0.0689763799603611,-0.12912459953347444,0.3025290519389703,0.11532735489252577,-0.0009524593995582364
TACCTATTCTCGCATC-D1_NoStim,0.04072143150200169,-0.04043866272163932,-0.4246676944433858,0.030154922555192698,0.017290282750927588,0.23285810105048377,0.20275580728167952,0.036982964339282276
TACGGGCCAGCCTTTC-D1_NoStim,-0.09619931954733119,-0.06999446350416783,-0.5122616473593276,-0.021651145779600256,-0.009524451807122247,0.24508753519003434,0.01712152823380908,-0.020408950750239185
TACGGGCTCCACGTTC-D1_NoStim,-0.11182203914380828,-0.03163274247119929,-0.2975574866369328,-0.06273716547514319,-0.14577375835984796,0.11121128983544892,-0.04147479161183654,-0.09605676232864191
TACGGTAAGACTAAGT-D1_NoStim,0.0022031770925323713,0.01387474989216031,-0.32617331707878705,0.020059558245439035,-0.041314953279030675,0.1500784397031758,0.14430943053027967,0.01676768789188543
TACTCATAGCGCTTAT-D1_NoStim,0.042400593854935664,-0.06882822793436638,-0.7042734005396216,0.21352639462738132,-0.02967766068430322,0.3948435968114099,0.32812496251556933,0.04974171702885677
TACTCATCAATGCCAT-D1_NoStim,0.04041185454085827,0.022957531527080022,-0.5649276297986354,0.009659828015690763,-0.15392232629383074,0.180404485912943,0.05226522578740056,0.01828962002986856
TACTCATGTTTGGCGC-D1_NoStim,0.00855285460474775,0.022962622632169527,-0.5232820700647984,0.11810912809278307,-0.3006792166404182,0.2930650652230522,0.9471086879203501,0.05685499853449194
TACTCGCAGACTTGAA-D1_NoStim,0.042954158306859114,-0.022421643495743382,-0.5416703014598507,0.18749874145562373,-0.0940920189876362,0.3321262032904393,0.2946912297634938,0.06787262946034822
TACTCGCCAGTCAGCC-D1_NoStim,0.11324737494564552,-0.0009750293821539913,-0.44521106166772206,0.10027606525182264,-0.08223099958062186,0.30507448516205393,0.20620609688604397,0.05629983915576098
TACTTACAGATGTGTA-D1_NoStim,-0.027474401147770777,0.015411837071772183,-0.48893276880497716,0.07015271745322416,-0.09117766724101983,0.1343634612471849,0.11760191936436648,0.027687309396357662
TACTTACAGGAATGGA-D1_NoStim,-0.02735534769276704,-0.08940311733227269,-0.5325111863069409,0.1991918153586596,-0.26829819927740495,0.2916057139712356,0.40901825655144197,0.10158572678514943
TACTTACGTACGCTGC-D1_NoStim,0.08447183071882414,-0.06827898821793532,-0.41043181373418847,0.058864869306823664,0.02927098773496617,0.251402447271329,0.09153522645048895,0.04294428586685228
TACTTACGTCTCACCT-D1_NoStim,-0.006157605094314178,-0.052932364935315945,-0.32268888508975735,0.003402978254895217,-0.030149847056467394,0.13707345794550374,0.0615199459065372,-0.0024944177339865092
TACTTACGTCTCCATC-D1_NoStim,-0.04033984239060828,0.03461586948558448,-0.46508005287141074,-0.03443350867332917,-0.1647264505108481,0.1204953463085996,-0.02135175568017278,-0.0034204166691793603
TACTTGTCAGCCTATA-D1_NoStim,-0.000974881664143723,-0.013668536875689696,-0.6173672549667693,0.12299419935860278,-0.09172639992598342,0.2780898205208864,0.40815077489276064,0.047440605266350744
TACTTGTGTCCGAGTC-D1_NoStim,-0.07777633966483144,0.026945925450018393,-0.4167500559386106,0.10578986910994992,-0.09063446574150369,0.2180879214167959,0.35348104504534916,0.06807533563565293
TAGACCAAGACCCACC-D1_NoStim,0.024357090606971,-0.04279801893365409,-0.327951134400859,-0.008447748932697507,-0.06589282934381302,0.09928685572918372,-0.011192075003251034,-0.009282227977413626
TAGACCAGTCATATGC-D1_NoStim,0.07377752039741914,0.0016772268879883256,-0.4039149361309988,0.22429076341556176,-0.0634128562220404,0.3541878762006494,0.5977128492809607,0.08331900840507522
TAGACCAGTCTAGGTT-D1_NoStim,0.09042921997963838,-0.029769169182689126,-0.5352087346007242,0.12322674091611496,-0.06895709938532946,0.25404277693691313,0.11768655073303647,0.08621858776076152
TAGACCAGTTCCGGCA-D1_NoStim,0.024714968272034454,-0.037880049543160155,-0.39231276625558564,-0.0405710991544499,-0.06451715776167433,0.04534337886248174,-0.004620325420621185,-0.03855509564954929
TAGAGCTAGCAGGCTA-D1_NoStim,-0.027928254549534515,-0.05539753395273195,-0.5411161973945013,0.11347601145487118,-0.12977985850724494,0.2304205641204824,0.22449958892349908,0.06081321144919016
TAGAGCTAGCCGGTAA-D1_NoStim,-0.10094305978558893,-0.057679754862929755,-0.3613111031224747,0.018570725387233367,-0.03678717801139797,0.09742133952899046,0.0056182706115470715,-0.03400524530949944
TAGAGCTGTACAAGTA-D1_NoStim,0.03267327856599955,-0.06177928117217846,-0.30361955654865014,0.02537264575938636,0.0698494424043048,0.17891845047344557,0.07388363342086723,0.0059653567343822544
TAGAGCTGTGCCTGTG-D1_NoStim,-0.00018543077682942055,-0.06058957651398522,-0.8264206758668156,0.2504296021451218,-0.266981437077181,0.2908107874898356,0.7354058862174213,0.1633406313976593
TAGAGCTTCCCTAATT-D1_NoStim,0.033884030921642605,-0.08880723357549591,-0.6200981300027948,0.10767811233643876,-0.19717358270794882,0.2311363139619269,0.09072928817155468,-0.0021595297558132387
TAGCCGGGTATGCTTG-D1_NoStim,0.0022643788034013568,0.02529120170378718,-0.3279888404511908,-0.018442460919679604,-0.037376227650099736,0.11251881811877595,-0.017398325530492365,-0.011360300408169266
TAGGCATCAATCCGAT-D1_NoStim,-0.11675629757619,-0.07518954814647572,-0.3589356174412224,0.06614694240101926,-0.12426200768495121,0.035126112664249476,0.23499870159271197,-0.014947296384415054
TAGGCATGTTACGCGC-D1_NoStim,0.06280223083874859,-0.03280311052386686,-0.35440881534532664,0.044018318262486034,-0.049118196887857124,0.2187925213128885,0.09851973251954149,0.03177660502751678
TAGGCATTCCCATTAT-D1_NoStim,-0.0549943108339761,-0.03111235464560025,-0.2824229239743694,-0.005403047597688726,0.018903088210361574,0.09952144674204177,0.03405227593329929,-0.024250075946619987
TAGTTGGAGATCACGG-D1_NoStim,0.03227536989423463,-0.048205422135568554,-0.6905770742490187,0.11561813191768877,-0.2534098565414524,0.3364833519425847,0.12338171754530824,0.11962599603524104
TAGTTGGTCCACTCCA-D1_NoStim,0.1429944458257264,-0.034591127741464334,-0.5149479483907609,0.12664686854881602,-0.017581023514802396,0.40295812624205674,0.2960402422676127,0.10021027682774353
TATCAGGGTCATCCCT-D1_NoStim,-0.014942088644380291,0.018161637458669944,-0.3623351380555242,-0.014361366843646195,-0.12096183236067404,0.0932341920381532,-0.024303754861862537,-0.004857536752219005
TATCAGGGTTCCCTTG-D1_NoStim,-0.07704138800480997,-0.0788003530159358,-0.3070213044721548,0.029548403288830016,0.11545993383821163,0.26938777705560035,0.14261207996661351,0.022505155852783787
TATGCCCCAGTTCATG-D1_NoStim,0.08960407328844155,0.02002448884617003,-0.2108346400581933,0.2269574214423482,-0.26655770401741385,0.38061942487761335,1.0006765814013558,0.10381539444882826
TATGCCCGTGCACCAC-D1_NoStim,-0.01714585698147353,-0.09371409637551409,-0.292374909374292,0.0015292002773730218,-0.08474818176797427,0.16848142402959,0.001520286488973177,0.0022972649161356884
TATGCCCGTGGTGTAG-D1_NoStim,-0.08848699335815446,-0.07498571497441375,-0.3328844717565822,0.01296874647989732,0.024364357465007203,0.12711190091799107,0.19883437508601975,-0.036824962219611734
TATGCCCTCCGAGCCA-D1_NoStim,-0.046798935783035844,-0.05949466780998769,-0.20981216109227319,-0.031721245355635475,0.029472014563140192,0.046541597531485124,-0.03879755931672513,-0.0543093518497173
TATTACCTCCCAAGTA-D1_NoStim,0.07679476529823681,-0.023649078310690186,-0.42965551834502946,0.0509494163888391,-0.08015407207872194,0.1734739098912632,0.10900768688320461,0.05297410009026571
TCAACGAAGAGCAATT-D1_NoStim,0.0055317308759317285,-0.07113872834655233,-0.332302458433805,-0.01839601821956549,-0.055631152302012765,0.14719187810607615,-0.01931232719189513,-0.0007055488859428749
TCAACGAAGATGTGTA-D1_NoStim,0.11120681533961907,-0.00838984856414804,-0.30646727683770436,0.05202885725052653,-0.05880109931983668,0.209106275282263,0.038541949799324904,0.05739677794730369
TCAACGAAGGATGGTC-D1_NoStim,0.03508025425769645,-0.047195454214511656,-0.3038094978517947,-0.017678611288079793,-0.0909410591922164,0.07989242770384042,-0.02170094177893489,-0.008181979369478398
TCAACGATCGCATGAT-D1_NoStim,-0.04203755993493097,-0.05512239098163185,-0.3760999402868741,-0.06742283463189835,-0.24627308178577323,0.015839005382373372,-0.005271280500493525,-0.07052035588642802
TCAATCTCATCGATTG-D1_NoStim,0.11343669659161826,-0.08441897590213365,-0.6059393600404022,0.10072605808569435,-0.20643932132620435,0.21628214469589313,0.07600873190611424,0.040003037369380934
TCACAAGTCTCGCTTG-D1_NoStim,0.010974075594448962,0.006939544539180886,-0.3621647215176065,0.029789884162880753,-0.23751978766372872,0.14468265300474847,0.12541501061636584,0.025734664483316294
TCACGAATCACCTTAT-D1_NoStim,-0.1185262631566264,-0.0958501861268175,-0.3875725019205447,0.02842439005155839,-0.04311036991612127,0.10693732340324225,0.2371144986954672,-0.007482853869344552
TCAGATGTCTCGAGTA-D1_NoStim,0.08874974197702556,-0.10059932872137445,-0.5185667136739802,0.0980156267213701,-0.05669541205848283,0.3538357574566078,0.09432934151135974,0.030345148942430455
TCAGCAATCAGCGATT-D1_NoStim,0.07123146592163287,0.019881420097163982,-0.44005200175371684,0.22265002830515357,-0.09575318505829422,0.4531490421917308,0.7443984806262014,0.09660518321325107
TCAGCAATCTCTAAGG-D1_NoStim,0.08978631794431813,0.020027934238779466,-0.36839261818394853,0.14337223315794034,-0.16144580510264994,0.2974373718788872,0.2919347489930315,0.0679952264648076
TCAGCTCAGAGATGAG-D1_NoStim,-0.011057896638675402,-0.038174390657324864,-0.42254341681856644,-0.016897010024527148,-0.04692026159201035,0.19401109106138748,0.03243724655149283,-0.027236827219986992
TCAGCTCCACTCGACG-D1_NoStim,0.03296815491436256,-0.044676898372538076,-0.5884032341815093,0.15397731920931257,-0.14680072045293002,0.24234980614520563,0.3039097955565708,0.10122883079905343
TCAGCTCTCGAGAACG-D1_NoStim,0.02309332502310113,-0.033244634884296076,-0.34701075333478215,-0.02009843196731609,-0.0406249411558548,0.11410052759892686,0.09846094552920803,-0.020416841779553607
TCAGGATAGTAACCCT-D1_NoStim,0.00929730728729794,-0.09571236616969259,-0.5713652958644211,0.05557757250451445,-0.052112088083411834,0.22107182836630024,0.3068327093186527,0.04122552362118981
TCAGGATAGTAGATGT-D1_NoStim,0.054340372012443794,0.011077074476066429,-0.42522617187585965,0.10764036062926152,-0.10622556814778328,0.27385119060870977,0.23205065397652636,0.06461363567555978
TCAGGTAAGACGCACA-D1_NoStim,0.015610817537439203,-0.07596742838366488,-0.3291752324058699,-0.00044794236377043717,0.04319654191659339,0.1759546075429892,0.05875102988061087,-0.020167543661353093
TCAGGTAAGGTTCCTA-D1_NoStim,0.10771859530676409,-0.033250516355282755,-0.41311364750523794,0.08626198512397387,-0.0032741081275471373,0.3014087617690775,0.1660644284741073,0.07611712783741886
TCATTTGAGGTCATCT-D1_NoStim,0.042853004669932915,-0.01976622231806857,-0.261391028127008,0.016805038209769307,-0.040208275368501134,0.15726693301719408,0.03587267578426445,0.020936458031961536
TCATTTGAGTCTTGCA-D1_NoStim,0.08097815493135485,-0.04401100579390338,-0.6097235835602053,0.13291659547825851,-0.24806415024844064,0.32429238962576434,0.2782905155409585,0.07816171792760684
TCATTTGCAGACAAGC-D1_NoStim,-0.07359577010055851,0.023036443428425812,-0.5754326033601878,-0.04384642978665809,-0.21858207568450183,0.06524414302429449,-0.1040018664778053,-0.0491259138313076
TCATTTGGTGACCAAG-D1_NoStim,0.11354504895945894,0.024557883798765445,-0.4018690810264296,0.10384533791424566,-0.04701931894396694,0.2800387952634509,0.16256906331247478,0.0791088059687528
TCATTTGTCATATCGG-D1_NoStim,0.04451379783456133,-0.04342665339432372,-0.2915505283345219,0.004478132926527323,0.02407665475395504,0.1713655893906676,0.05389294913697551,-0.0018375863224093791
TCCACACAGGTGTTAA-D1_NoStim,0.11463778960593096,-0.013430556752835443,-0.5769118729758489,0.12104455778119849,-0.051670964840477396,0.21973385638704457,0.13601698614707036,0.08485128274749165
TCCACACCAGTAGAGC-D1_NoStim,0.002869041801069727,-0.04799011074392112,-0.6385073874038749,0.1338974587871924,-0.26079177173130397,0.17865786043548404,0.2471165000101596,0.08276131973442347
TCCACACTCACGCATA-D1_NoStim,0.06903561332188701,-0.031173645887504264,-0.6211652328552617,0.13261522131345238,-0.1699758826323201,0.3331564396669595,0.11481447970055747,0.02943359299100301
TCCCGATCACCTATCC-D1_NoStim,0.055170710957892055,-0.01586807520651945,-0.41081200899876436,0.040763855144714256,-0.12474484055821655,0.15615810163494892,0.07162405047068088,0.029334236835245164
TCCCGATCAGCTGGCT-D1_NoStim,-0.04683667541219094,0.04045325733364713,-0.8836885574198678,0.26327786210917026,-0.17355926360949425,0.3104869342649579,0.4763107742302921,0.19843396627402754
TCCCGATTCGTTTATC-D1_NoStim,-0.09575698943696231,-0.06619999513081964,-0.5886226196186222,-0.03702635509317531,-0.13230391634059302,0.15993524524289704,0.022739686188024244,-0.0509795888729041
TCGAGGCTCTGATACG-D1_NoStim,-0.04708885883864866,-0.032674969937090736,-0.25126707630825784,0.05130029524191748,0.09508650386077733,0.2541115325059149,0.3883934474831614,0.05150487022459238
TCGCGAGAGATGTGGC-D1_NoStim,0.04540567011643759,-0.00600038354308019,-0.4146568422678598,0.059594489426258335,-0.15723866813719134,0.18973124030593969,0.08476716686205066,0.04911329172872492
TCGCGAGGTCTGCCAG-D1_NoStim,-0.05048822826430843,0.020257826926789235,-0.333550494269101,-0.005179220415405084,-0.04258669579668073,0.17197385387840036,-0.028791543037434586,0.011622693965648523
TCGCGAGGTTGTGGAG-D1_NoStim,0.028255823315832984,-0.09093543394116388,-0.42199565451986487,0.09268764609719327,-0.07944476185105209,0.2296443805994537,0.14962494406371807,0.03756056913366379
TCGCGTTGTGGCTCCA-D1_NoStim,-0.01491497769315231,0.03190265929878677,-0.377532333797312,-0.0007439684532055679,-0.08994665287628223,0.16985023597569437,0.1243613242942434,-0.0022175341202625987
TCGCGTTTCCGAAGAG-D1_NoStim,0.09615030398776803,-0.06722424936907956,-0.4623597607944401,0.09112165971708563,0.015860363440488356,0.25874289054690003,0.08505298376705461,0.031752072884314586
TCGGTAAAGTCATCCA-D1_NoStim,0.01362248149698786,-0.11555787452047994,-0.7332043189873776,0.09836014122717884,-0.16706081342223555,0.33162083163628964,0.17601803859806342,0.07266922969533418
TCGTACCCAGCTGCTG-D1_NoStim,0.029164305249393507,-0.04115005483167167,-0.3511308774957449,-0.016766652791474712,-0.07752414222981052,0.1063768562226528,-0.005163995221886708,0.004811917164978752
TCGTACCTCTATGTGG-D1_NoStim,-0.026986651899653324,-0.1237477516192822,-0.5601698225647205,0.17332138437005185,-0.3076806140874968,0.2984452961771886,0.7046400005632147,0.11816070836687587
TCGTAGATCAAAGTAG-D1_NoStim,0.033457006000801925,-0.023236236851523984,-0.5014580180134107,0.054374207139572306,-0.05342733432923907,0.23918018343894687,0.13422851435936334,0.020825204882314097
TCTCATACATATGGTC-D1_NoStim,-0.02935029241375453,-0.08310775265551484,-0.33748029498899257,-0.007085043198225449,-0.009480657308879259,0.14731138213528716,0.18653583878711544,-0.03512269986522121
TCTCATACATCGTCGG-D1_NoStim,0.07036088460120205,-0.06501334336058484,-0.5943439581898566,0.11514681664685789,-0.09992289230073581,0.31451079971344953,0.3668016854687002,0.0607920809742577
TCTCTAAAGTGCGTGA-D1_NoStim,-0.053386917600796835,0.04461217936256823,-0.5798955494409803,-0.005908810692245581,-0.10452910467168053,0.08424836389822588,0.080524369491215,-0.056145617749386645
TCTCTAATCAGTTCGA-D1_NoStim,-0.021511479430387226,-0.02302128057090691,-0.23115826841386422,-0.03750396812688095,-0.024792069913882386,0.14019671417871926,-0.0153219639879012,-0.012158825488493008
TCTGAGAAGCTGTTCA-D1_NoStim,0.1373608769012158,-0.06749359650192055,-0.3042389490338202,0.09439764958359653,-0.02800476169159083,0.24269774540166011,0.16134695477157557,0.0720841972908115
TCTGAGACACGAAATA-D1_NoStim,0.12277832394150145,-0.016074968797074263,-0.49998226112054667,0.09786448880188559,-0.15643909774028586,0.22445575099956283,0.150587663645795,0.10507593917338376
TCTGAGACAGTTTACG-D1_NoStim,0.10751812813285433,-0.0641275404355941,-0.5948356580180096,0.07667261941429793,-0.11229732813788118,0.30291760123925293,0.12319210567951977,0.014427429396775437
TCTGGAAGTAGCAAAT-D1_NoStim,-0.10049427042388714,-0.09498034595413785,-0.45858617361901644,-0.0046302088597354185,0.04619292192333191,0.20999641809162917,0.6067602940401713,-0.0067040815040186885
TCTGGAAGTAGCCTCG-D1_NoStim,0.07884434641252192,-0.02814240000649093,-0.5631193552933844,0.12848867578224699,-0.07682268922675917,0.3109261058647039,0.3120240823736644,0.05464909802302742
TCTTCGGAGAGACGAA-D1_NoStim,-0.04900674282908035,-0.006113778948174442,-0.5459237849485703,0.08458869154874016,-0.2605117972743223,0.1531292172290648,0.7646073128214894,0.014834346034071189
TCTTCGGCAAGACGTG-D1_NoStim,-0.20926509800542092,-0.11121563265592194,-0.3821928566769337,0.11081182482572238,-0.18280697698753912,0.19148566875246775,0.7640891764076203,0.051187131076295245
TCTTCGGGTACGCACC-D1_NoStim,0.10315368238514466,-0.01927429063033337,-0.4437596149208183,0.10748680577653147,-0.11498505720760122,0.23851568278317892,0.14735338125593067,0.08080352186648554
TCTTTCCAGCAATCTC-D1_NoStim,0.03830717007556039,-0.008327476972217696,-0.7012690638481018,0.0980439128707129,-0.12645545000349045,0.24087776417698237,0.2606011514903006,0.06004411349413097
TCTTTCCAGTAGCGGT-D1_NoStim,0.009686916579525473,-0.06364691549198653,-0.3943170448939348,0.13459327452607361,0.06724231987289997,0.3329702999690749,0.3781295932127078,0.03853274725311273
TCTTTCCCAAAGGAAG-D1_NoStim,0.0965881192730631,-0.009065311850653401,-0.4151377343749214,0.07461620349179476,-0.04018956122639139,0.23869190015790576,0.04589902712649074,0.08279729821413895
TGAAAGAAGTCATGCT-D1_NoStim,0.013163180022253584,-0.05383361928997665,-0.6369393174590314,0.14152135689545453,-0.2083191473197914,0.24751826578273484,0.013199230898329972,0.021043887954585117
TGAAAGAGTCGTTGTA-D1_NoStim,-0.0480395289300759,0.01941296952626992,-0.3020964248312712,-0.00019598093956751939,-0.012960083979699277,0.12247550811282437,0.21546775358332315,0.015016919057663003
TGAAAGAGTCTCTTAT-D1_NoStim,-0.02944918969573962,-0.0980243730084922,-0.29751102382224204,0.04982046177460475,-0.10456924729888328,0.24795368618299207,0.1847755053494815,0.021551377342309053
TGAAAGATCCAAACAC-D1_NoStim,-0.0342309977959232,-0.06405949646729958,-0.3194640769294246,-0.005501283085836306,-0.09367617362944003,0.11596457833887719,0.02812215257381201,-0.0203134484736065
TGACAACAGAGACTAT-D1_NoStim,0.013280324017792111,-0.06429202306689774,-0.4689691556629505,0.2240974587086466,-0.05521762382410067,0.25887705231978586,0.5256809482900833,0.1465786366767663
TGACAACGTGCAGGTA-D1_NoStim,-0.042235972015639334,-0.02232375267808706,-0.19639917914993354,0.02318073184700431,0.16330909952790584,0.16037421803332919,0.21822598136306448,0.005589767481067653
TGACAACTCACTATTC-D1_NoStim,0.03130903828973608,0.08385650346545859,-0.8495015734137414,0.29698775442657244,-0.3256834916122884,0.32302510993204603,0.3586152058015628,0.19230812876040382
TGACTAGAGTTGCAGG-D1_NoStim,-0.005523540792939485,-0.044342582726281776,-0.5109668174744826,0.21200647124422467,-0.26428050631635713,0.26446149632979576,0.6096699244601709,0.0847929971525776
TGACTAGCATTGGTAC-D1_NoStim,0.036511462384700266,-0.010712010398162164,-0.43208450656775454,-0.02109885434949277,-0.04431056553773871,0.09840198953797596,0.016848861781201485,-0.0174548380291899
TGACTAGTCCGCGGTA-D1_NoStim,-0.09369859516793433,-0.04647633927007,-0.10093823466749186,0.1720643644255997,-0.21427889819624468,0.2762535601317797,1.1026402875941583,0.09464980883711505
TGACTTTGTCGGCACT-D1_NoStim,0.07628329494746033,-0.06049413265908399,-0.7460175987803943,0.09190330097907307,-0.08437896010168977,0.4530093111107085,0.20217383941600708,0.04135933053470886
TGAGAGGAGTGATCGG-D1_NoStim,0.020548096237993363,-0.03580797967770799,-0.3117653029190848,-0.006407249411056526,-0.17060422970405753,0.06258940131233715,-0.03611320047618527,0.004766583605091412
TGAGAGGAGTTCGCGC-D1_NoStim,0.008797844828281498,0.03263661613340396,-0.42906993645766534,-0.021910358626778148,-0.2099706637501768,0.1199513084200774,-0.07400997767478046,0.0010171533292417934
TGAGAGGCATGGGAAC-D1_NoStim,0.14834248964533003,-0.05597291748340183,-0.38360107270798594,0.10558857487511375,-0.04529006591462803,0.2815630753670195,0.07019710647061128,0.07093575234720184
TGAGCATAGTCAAGGC-D1_NoStim,0.07109091705601145,0.012636559415653892,-0.5260116863032671,0.14067824489536385,-0.14032476903769187,0.26818965899264313,0.2879594752651844,0.08096206634762382
TGAGCATCACTACAGT-D1_NoStim,0.08417694427590483,-0.006200792275585343,-0.30122285779757974,0.13425364163176567,-0.14431512121464252,0.2867232300619431,0.2573640350889921,0.08964413521157688
TGAGCATGTGGCTCCA-D1_NoStim,0.111906720684944,0.010237891916300867,-0.6133030384675813,0.10441591067258038,-0.007810798969025257,0.31489213366268665,0.19817791551492903,0.09442228385759677
TGAGCATTCTGGCGTG-D1_NoStim,0.06668537553227871,-0.012097116775757755,-0.9259013428577454,0.14438442870043566,-0.07730516411214694,0.36912825934435034,0.754878436585579,0.09870012627792235
TGAGCCGCAGTTCATG-D1_NoStim,-0.03529223909991863,-0.00020947443600505267,-0.35067692781753834,0.019453790652441683,-0.09042702515693435,0.16815140865987388,0.16443623693234688,0.01218670244402631
TGAGCCGTCAGTTAGC-D1_NoStim,-0.025158201678163294,-0.04678851898080261,-0.6518268407233592,0.11391128255610106,-0.16829412257175846,0.27262204903192533,0.22842525252814383,0.04152012403673666
TGAGCCGTCCAAAGTC-D1_NoStim,-0.10906799942730849,-0.043080890740681,-0.5500955180124123,-0.06229837903704727,0.014084952690044616,0.3030183940005742,0.08715094885426478,-0.030295072342536145
TGAGGGAAGGATGCGT-D1_NoStim,-0.005421726237543112,-0.04625507304877985,-0.30787607702010966,0.03495525868350846,0.10017529344553111,0.23807968839495786,0.31133100058975316,0.05432123747349493
TGAGGGACACAGCCCA-D1_NoStim,0.019227734940679753,-0.03178854711756962,-0.3575278024062669,0.011894936669280654,-0.07693024957279171,0.1371494299430287,0.03834764236934696,0.0027809019873199503
TGAGGGAGTTGACGTT-D1_NoStim,0.010386483967630866,-0.034592524220908416,-0.29198943506452935,-0.0019389526947080071,-0.04315579119310087,0.14814205288639393,0.01624869364279391,-0.002657198138006578
TGAGGGATCATGCTCC-D1_NoStim,-0.07378906556466269,-0.059448559253981514,-0.21827457931360073,-0.029752101958241184,0.012607664662569462,0.08389949926831619,0.09094046977901105,-0.05261369627530854
TGAGGGATCTTCGGTC-D1_NoStim,0.020225961825795835,-0.07747457981075101,-0.302998985250305,0.02890171381688944,0.0349046328702034,0.22033889245897686,0.22055526244609247,0.004586448790377062
TGATTTCAGATCCCGC-D1_NoStim,0.047981505574218986,-0.006573771992753663,-0.7120498697068527,0.3269149993981255,-0.356009232493923,0.4636147285029928,0.9212261147567746,0.15815948292112658
TGATTTCGTCGTCTTC-D1_NoStim,0.12490520908062663,-0.011389235649394536,-0.44030755610529226,0.07542196074136243,-0.04580687109648629,0.2744751946752597,0.07387160473772614,0.07128338898174569
TGCACCTGTTCAGCGC-D1_NoStim,0.043956105713574445,-0.003443678257495364,-0.4728412104159858,0.05129883955137693,-0.12538454497949658,0.17108280801429743,0.099294170940321,0.036072962714625234
TGCCAAAAGTCCGGTC-D1_NoStim,-0.029117889257561202,0.033391806989854445,-0.29705812048139,-0.025668782207281637,-0.13902963722280504,0.05495938731659322,0.027723497156087795,-0.025501687536877427
TGCCAAAAGTGGGATC-D1_NoStim,-0.041352991131400785,-0.050614095156770844,-0.5053453955165423,0.18922306864936544,-0.10327493599677773,0.47397871662034063,0.42363844313125476,0.09667324478665762
TGCCAAAGTCCGAACC-D1_NoStim,0.05081486797757506,-0.009485357364766855,-0.44402505249756885,0.07023114819718757,-0.05479194035216217,0.3133304448954597,0.17506007591167805,0.0360462562502768
TGCCCATAGGCGATAC-D1_NoStim,-0.009442137538625772,-0.046932544729045844,-0.2457573839256213,-0.028004121036753205,-0.023435571422332657,0.0699367157733981,-0.03501184381958389,-0.05249898515455875
TGCCCATAGTGGAGTC-D1_NoStim,0.07460102281760861,-0.027442774677112425,-0.5457919960391759,0.06075566344186889,0.027071719576003517,0.35005527832255723,0.15709644357937602,0.06971113404013529
TGCCCATCATCTGGTA-D1_NoStim,-0.04405633501004225,-0.04481163048666659,-0.6497545348179585,0.1842088569021172,-0.21764178525977762,0.2946984681645999,0.3845776187537595,0.08317582957709924
TGCCCATGTGAAATCA-D1_NoStim,0.051214200358852935,-0.08854526243233707,-0.5164639924433665,0.10746566986844641,-0.11692193428793551,0.2728323290063752,0.19829601136143715,0.01778282319005342
TGCCCTATCTCATTCA-D1_NoStim,0.008134057148364349,0.02599452765926813,-0.6558021288105156,0.01125637021693926,-0.2933767042948787,0.172267789192178,0.15174111474810825,0.004910085583921031
TGCGCAGCACAAGTAA-D1_NoStim,0.11418912915946855,-0.06282346180179843,-0.5349271902112349,0.11653636008286661,-0.05748658114633365,0.30548182862480466,0.1293887598016683,0.041277045760120146
TGCGCAGCACCTCGTT-D1_NoStim,-0.06372928539551737,0.02061162561288299,-0.30427187363132546,-0.027640239262238353,-0.14278032838710786,0.0410899814942578,0.008704293536847096,-0.03148149316502824
TGCGCAGTCGCGCCAA-D1_NoStim,-0.037186146009217325,-0.037348756772965785,-0.07359965800899815,0.03475636567740459,0.16148253754654718,0.16560423179017647,0.18341387374071694,-0.008146472697838192
TGCGCAGTCTACCAGA-D1_NoStim,0.0601259691601026,-0.013386577064242289,-0.32793819359844534,0.01650926535437769,-0.003863426161242245,0.20729857878497882,0.0411207776247009,0.030439980626423946
TGCGGGTAGATATGGT-D1_NoStim,0.04361139699501493,0.01847101708853316,-0.5569892460512005,0.04687140638048248,-0.21720537254121908,0.10401822644121239,0.01635433336333847,0.005388423217791427
TGCGGGTGTAGCGTCC-D1_NoStim,0.049223986552926036,-0.05077424243207318,-0.3934804927655158,0.05994272860269234,-0.1166672885336304,0.1684802730517898,0.1928227309817876,0.05422527035892344
TGCGGGTTCAACGGCC-D1_NoStim,-0.027647831913377274,-0.003550836087045539,-0.8866781211129489,0.19375703073447959,-0.18578966070665714,0.24637379151503147,0.5971726508158062,0.13578128840802073
TGCGTGGTCAACCATG-D1_NoStim,0.03335960779339153,0.00795564273034266,-0.4119567481512245,0.08034244396688806,-0.0969158469525695,0.2929728562135825,0.3309001512630587,0.06541336812838772
TGCTACCCATGTTCCC-D1_NoStim,0.07649601020348129,-0.0045172826511468145,-0.6966583552546997,0.23607962624126877,-0.2523191549270116,0.36967293628611486,0.9976880465904268,0.10915788317489472
TGCTACCTCAACGCTA-D1_NoStim,-0.02357865898264322,-0.06778248012279775,-0.4454887777979728,0.0804410073635271,-0.10799968047339448,0.18798048350936192,0.9963856872945414,0.027237334678680725
TGCTGCTCATTCGACA-D1_NoStim,-0.020903250886824765,-0.045355149925976335,-0.5409375376197509,0.08636542437202621,-0.23639237757378062,0.16059320625122897,0.20671900883330085,0.05928758276036561
TGCTGCTGTGCTGTAT-D1_NoStim,-0.03578247055821038,-0.04035181977389435,-0.34893091020073186,0.04591134118921403,0.025483494436112863,0.2608674574398595,0.09386221634936476,0.05427854893856754
TGGCCAGAGACTACAA-D1_NoStim,0.009119874573800146,0.026897142760672565,-0.5199124941424635,0.03517753275075641,-0.21674838827406262,0.17645041377450887,0.16641973011298195,0.010671788479944766
TGGCCAGGTGTCAATC-D1_NoStim,-0.01689932725769694,0.0312887163393718,-0.3310598408544756,-0.014837487578194697,-0.1454274669629605,0.06738525725306843,-0.03697871609283698,-0.015167737258707348
TGGCGCAAGGTAGCTG-D1_NoStim,0.14187414639790674,-0.09767076814795139,-0.7648545949829995,0.14134902170668617,-0.18858872348182842,0.4076903005114767,0.1334488185097955,0.043455545607182344
TGGCGCAGTGACCAAG-D1_NoStim,-0.01777336289185527,-0.026708514804781203,-0.24895371168883074,-0.00418616190436083,-0.09584005099492643,0.08149394645056596,-0.027435873617239537,-0.021823945111655974
TGGCTGGCAAGCCCAC-D1_NoStim,-0.06863843004413539,-0.050469253417961824,-0.26292624842657375,0.10076513888871474,0.18600266242455277,0.16562313307575494,0.28382704438957873,0.061118626650166874
TGGCTGGGTCAAAGCG-D1_NoStim,0.07717145625228383,0.0243729080933921,-0.3647865201627418,0.041069682397496976,-0.13779978759214728,0.1513093477050962,0.007399853060174877,0.04172824956096122
TGGCTGGTCCGTTGCT-D1_NoStim,-0.019631326138373595,0.031817114697298976,-0.38210258259711694,0.0034342505940045953,-0.2474284876419901,0.13428766467481523,0.18385259593229542,-0.006438672718212857
TGGGAAGCAGATAATG-D1_NoStim,0.15239223377933087,-0.004455003627164444,-0.5347895794447695,0.11110616348598867,-0.21089042379489165,0.21315597292268595,0.09720021684216151,0.09087724761448612
TGGGAAGCAGGCGATA-D1_NoStim,0.10317646298083893,0.12277012297250245,-0.31916779756679503,0.0871294860638816,-0.12229777418695065,0.13491983596489732,-0.0939545851080199,0.031190965626182177
TGGGAAGGTACGAAAT-D1_NoStim,-0.07860729781540599,-0.03140657841509942,-0.48837389368077844,0.21073460579750325,-0.16973762764807887,0.14581304514816296,1.1880011371647203,0.12321621319004983
TGGGAAGGTAGCGATG-D1_NoStim,-0.06973576227228584,0.010577917720155483,-0.07554784255734326,-0.004428554010370789,-0.045816185670624066,0.03216044986166722,0.07203631745919203,-0.018491655872223234
TGGGCGTAGACTGGGT-D1_NoStim,0.10063247484701243,-0.014689141625737534,-0.2608915041416502,0.03702370491620677,-0.043002799285998705,0.14944724494726103,0.09386874634965725,0.03394178272923476
TGGGCGTAGGGCACTA-D1_NoStim,0.05999602456568631,0.009510508454333433,-0.5617089283353085,0.05555030760351087,-0.15591096947180816,0.1996150299712003,0.07597260099761272,0.04982657832015036
TGGGCGTCAAGGACTG-D1_NoStim,0.098805909193457,-0.010028510330547746,-0.39734455401552715,0.10406885091287066,-0.051138710835200385,0.37473204142998817,0.18970347881602478,0.04354236493895591
TGGGCGTCATCCGTGG-D1_NoStim,0.015311713589683862,-0.045893440136437036,-0.2803548004225753,0.07221650053906714,-0.03432140312401444,0.20016474142243812,0.08540266838818145,0.041485739759663076
TGGGCGTGTAAAGTCA-D1_NoStim,0.01255107018704038,0.018485016813384547,-0.3520222867937228,0.022788267139706164,-0.07375690556856185,0.17595246326407832,0.00477881504526767,0.018172724234966964
TGGGCGTGTACCGGCT-D1_NoStim,0.031051362099610458,-0.07730657778362726,-0.5274871634850147,0.10132390757591203,-0.07010633656534893,0.2925010887277839,0.24862382962071194,0.018058196577085184
TGGGCGTGTCTCACCT-D1_NoStim,0.0601109176714516,-0.03703821368432436,-0.49239985711942325,0.06981367276457462,-0.14890191343596193,0.1403758612647028,0.12190548617966446,0.04751243414495754
TGGTTCCCAAGCTGTT-D1_NoStim,0.008399632670469614,-0.04544006260703348,-0.6126114768195876,0.03480643234670033,-0.0852327855814643,0.2690606273394245,0.10195198337011213,0.03548248958762734
TGTATTCAGGAGTTTA-D1_NoStim,-0.02736967789813427,-0.08622934825657147,-0.22718414247538377,-0.008943161026072843,-0.0532086212397509,0.09363469095565335,0.1382552132906536,-0.04159433799823731
TGTATTCCAGTAACGG-D1_NoStim,0.031411684320493904,-0.065097228270659,-0.35958995800918814,0.08879551488710824,-0.04325834247425142,0.19787425520787494,0.09865449457298325,0.015677047401846167
TGTCCCAAGACAAGCC-D1_NoStim,0.01728836828223379,-0.04095285865587428,-0.2689234530061242,0.02590875028709405,0.06713804878675234,0.20483046359317303,0.1049945974874511,0.0179287813135538
TGTCCCAAGGGCACTA-D1_NoStim,0.0729937796670388,-0.034228411229225486,-0.29716150573303324,0.024289962813266897,-0.03745612329458936,0.16195633908663076,0.058506032214810766,-0.0058886619024356435
TGTCCCAGTCCGTTAA-D1_NoStim,-0.02405375176190816,-0.09885094047119303,-0.48803887757502373,0.09326220616025438,-0.043010408718801685,0.2658150179344041,0.22209225868510174,0.01265909830616252
TGTGGTACAGTGAGTG-D1_NoStim,0.08399924906109035,-0.014609562082116057,-0.396994135987331,0.02728546616166838,-0.01579588024019074,0.18401904380716694,0.07041830192654785,0.023380069165636286
TGTGGTACATGGGAAC-D1_NoStim,-0.01446544910828429,0.009643471872282205,-0.29398259658916714,-0.03316368708034112,-0.15504668193444715,0.06883806914945012,-0.010932978080768763,-0.022793293973020212
TGTTCCGCATACTCTT-D1_NoStim,0.081971396324235,-0.08167937725251306,-0.4839684179663273,0.05681608572493424,-0.008361575204473226,0.30343083375388424,0.11300016920865374,0.03839356586126108
TGTTCCGTCCTAAGTG-D1_NoStim,-0.06334748264855783,-0.006081133686629769,-0.18998554410058688,0.14040494418328286,-0.185936430481771,0.2732465449278916,1.277675430478367,0.03928549762064115
TTAGGACGTACAAGTA-D1_NoStim,0.08296496549481525,-0.008857284480750849,-0.25362512885550714,0.0336593213266152,-0.06816144203412655,0.14914404432331096,0.0525757984143036,0.028769847901546797
TTAGGACTCCACTGGG-D1_NoStim,0.09679115192657228,-0.018438083849327214,-0.3376421163849024,0.03871819552307265,-0.1178208711218467,0.16131075430999786,0.06746858149204504,0.04894437404425389
TTAGGCAAGGCGTACA-D1_NoStim,-0.13367280294396622,-0.014785901340047758,-0.18155750089024636,-0.04575317879741014,0.035346608360740106,0.050022726110459104,0.026111158634945397,-0.05955903338710655
TTAGGCAGTCCAGTAT-D1_NoStim,-0.038249425414928595,-0.056977210627991326,-0.3536259848551495,-0.058281858144939136,-0.10084685219257494,0.02502093690084628,-0.06140298082724449,-0.05693147453786729
TTAGGCAGTGCTAGCC-D1_NoStim,0.0518717688820427,-0.023683508374464424,-0.5312953998172532,0.05442696668972502,-0.10616340672854818,0.22655109851259603,0.11925487146403313,0.05889337992281973
TTAGGCAGTTAAGTAG-D1_NoStim,0.009404214452517934,-0.07768788568419893,-0.6956188448177354,0.1077395504903702,-0.26181920622442156,0.15723488478553804,0.11426127743968184,0.09989105317759517
TTAGGCATCGTGGTCG-D1_NoStim,0.04396154156515841,-0.06729423216191144,-0.647979581923174,0.08962539234185307,-0.07710533446924828,0.274512936041865,0.187806238745031,0.04936236602521227
TTATGCTAGCAGGCTA-D1_NoStim,0.00886653953400618,0.005176478438345455,-0.5632542682157595,0.04974336914490607,-0.09524324421172636,0.1962607313904119,0.05715687606810693,0.005430386967001155
TTATGCTCAATTGCTG-D1_NoStim,0.07695080057646209,-0.038721582171962865,-0.4974007483465819,0.06505274915513048,-0.17999518534996106,0.1550353592733673,0.1567597834999832,0.05994340581738378
TTCCCAGAGCTACCTA-D1_NoStim,0.12080899493988717,0.017888321722526968,-0.34049655650590793,0.03615403609940415,-0.0007532642456276051,0.20065329083283245,0.05031443442024042,0.057450790952747965
TTCGAAGAGCTGAAAT-D1_NoStim,0.08846855950000432,-0.018288333854684424,-0.5469392796091341,0.036629056331113574,-0.019042868748599062,0.2632956737219292,0.12847901356734504,0.062418887153521396
TTCGAAGGTACAGTTC-D1_NoStim,0.0668804257254898,0.013005907392027893,-0.4416099624660923,0.08743849254886449,-0.13280096902773053,0.26627866823530866,0.2453300433710348,0.08746372530322155
TTCGAAGGTCTTGATG-D1_NoStim,0.031168922053797843,0.003016218404741977,-0.42595333700031723,0.022465645382700572,-0.017222047216604253,0.1656853205509723,0.11441197926710522,0.01720114769073433
TTCTACACAACTGCGC-D1_NoStim,0.006145471395250013,-0.03718768484074353,-0.42777480025576153,0.024783741469068588,-0.062309067525369244,0.20409456938076076,0.14105504465167762,0.015620971746081125
TTCTACACACTCGACG-D1_NoStim,-0.0473237112428766,0.032250240352315274,-0.36572838428582166,-0.036733175037250376,-0.13965842111598192,0.07225768184281378,0.011402169380118288,-0.020849845738519335
TTCTACAGTAGCGATG-D1_NoStim,-0.18432560223154404,0.01997675269023702,-0.4316656458173771,0.046578610717109115,-0.1750676571722476,0.09441007849213268,0.03160767668597231,-0.004250717384378433
TTCTACATCAACACTG-D1_NoStim,0.00207892210296734,-0.03537344876684223,-0.2184455734018158,-0.010041933246366597,0.0461131584307779,0.15216620263106506,0.035647891225275785,0.007308814465504909
TTCTCAAGTCGCATAT-D1_NoStim,-0.04187766959162609,-0.06333365214375242,-0.2756808619110025,-0.04344870975961612,-0.052629982546026355,0.10970333947418531,-0.08469352978307754,-0.05634699020650835
TTCTCCTGTGTTGAGG-D1_NoStim,0.07743281420367687,-0.03550897638013062,-0.5959346512519215,0.13008921406858853,-0.22885950491222928,0.3207903033405426,0.11461419545437224,0.03190244821255561
TTCTTAGCAAGTCTGT-D1_NoStim,0.009942829493239103,-0.06440256187718063,-0.39482484733118817,0.11000701010357261,-0.3114900494150348,0.23590727495248842,0.04482431163611178,0.06187768946104377
TTGAACGAGGCTACGA-D1_NoStim,0.005411370598897847,-0.03861449993532773,-0.35168094410183315,-0.03858070616614917,-0.05088960192956904,0.04480069170227985,-0.029284513159671732,-0.030417065605909954
TTGAACGCAAAGGTGC-D1_NoStim,0.1410871565525884,-0.047627795538041084,-0.5264610885787704,0.10744170712512435,-0.09089414474800073,0.2684363275471977,0.09334974784244743,0.04391332352719246
TTGACTTAGATGCCAG-D1_NoStim,0.06784375009729793,0.04364301673074955,-0.3953731505981164,0.07753977312243698,-0.12962594624295853,0.2511414853097804,0.12968822413453385,0.07068395748085798
TTGACTTAGCGTTGCC-D1_NoStim,-0.017456502022980658,-0.05639288924239416,-0.39293597573501593,0.10846204186224995,-0.16058274653487814,0.20597452430612506,0.5906197609751693,0.04733959420639522
TTGACTTCATACCATG-D1_NoStim,0.090372333861934,0.029269852791630413,-0.457753675013846,0.0416615940682874,-0.33805199884444903,0.20779054344276737,0.11468897603287864,0.02860765028683332
TTGACTTTCAACGCTA-D1_NoStim,-0.09483708144919767,-0.07733016285823524,-0.5113606866788629,-0.04944731470999564,-0.017643651828059603,0.1276986873408248,0.126011660376248,-0.0568637777862353
TTGCCGTAGACCACGA-D1_NoStim,-0.029089246276114977,-0.0463029792123244,-0.45594571331808886,0.07779014993114686,-0.11009825127998774,0.3552117052672532,0.24117649141058362,0.0943435844933802
TTGCCGTAGCCAGTTT-D1_NoStim,0.05245392302601637,-0.03470848029772888,-0.5309282035070595,0.07685584382820565,-0.17690469770201744,0.24899951513873209,0.13394652783321082,0.030145505325045008
TTGCCGTGTTTGTTTC-D1_NoStim,-0.12130079550861339,-0.09255179926796941,-0.40670329323697096,0.19882794096419687,-0.06502629406607952,0.34726188361614163,0.6066113203989358,0.09802764016443533
TTGCGTCAGGGTGTTG-D1_NoStim,0.09159679413043698,-0.04799600212925448,-0.6582168769891297,0.1133706535030683,-0.16696783598427878,0.25163819407909394,0.1595189504128358,0.11011922200360225
TTGCGTCGTCGAACAG-D1_NoStim,0.05772672669541734,-0.020521991718187138,-0.5199535802729258,0.04376498523132355,-0.14381575271543845,0.183435305670967,0.09984130260252044,0.050010962680298476
TTGCGTCGTTGTGGAG-D1_NoStim,0.08853045731467546,-0.09229996939048135,-0.6421110114457456,0.11931329101592247,-0.06016237702994509,0.3905698841062666,0.14744934588519776,0.04264559658255784
TTGCGTCTCGTCCAGG-D1_NoStim,-0.009266003427072178,-0.04643383393142919,-0.7174492637068042,0.11466015280787367,-0.1129801342213792,0.22975181187087124,0.2388382732429264,0.04365070092588397
TTGGAACAGGGATACC-D1_NoStim,-0.013051907667916751,0.028262300317067002,-0.39377473902982096,0.0472113253938673,-0.03588895100204148,0.22496953331971614,0.04056857115088697,0.025053350876959257
TTGGAACTCACTTACT-D1_NoStim,-0.002392178178878268,0.0376640519958773,-0.4575310488298783,-0.020768312511062703,-0.14674848568968457,0.11697475741997287,-0.09313636785909996,-0.011139986258916323
TTGGCAAAGTCATCCA-D1_NoStim,-0.13219105851714907,-0.027298076461081067,-0.6719334406437412,-0.09749951258244316,0.018064722392892918,0.08707203452430257,-0.05879304828943255,-0.08210077629105328
TTGTAGGGTCCGAACC-D1_NoStim,0.01595544017647299,-0.0806176411236148,-0.6756835328794342,0.17356405620923887,-0.3254004731184157,0.3334018574837847,0.37439062538414714,0.0870592383497879
TTGTAGGGTTCAGGCC-D1_NoStim,-0.019605619511771977,0.02743015567769902,-0.22852314601192703,-0.030093831723704056,-0.16170574246542557,-0.0014859377805223062,-0.04735377620603387,-0.0318183925454516
TTGTAGGTCCGCTGTT-D1_NoStim,-0.06755052754918012,-0.0002505242584582845,-0.4098414429248649,0.11330055036101783,0.18010490816792313,0.2298662730847223,0.5352947112505646,0.06495903961579863
TTTACTGGTATCAGTC-D1_NoStim,0.007104116680256567,-0.04497548847288613,-0.43351924529443053,0.029189111445866445,-0.14269077705797706,0.14473196117413867,0.16259804012609802,0.012249671315952781
TTTACTGTCCGTCAAA-D1_NoStim,-0.04934919206118238,0.031129136445510852,-0.529533085636162,0.03852928736333894,-0.28060663803919894,0.10296020373041692,0.12459736960333867,-0.02630336750857687
TTTACTGTCCTGCCAT-D1_NoStim,0.0827213122927315,-0.0685699353308209,-0.32873676871839663,0.031510291439982296,0.016543617138669475,0.2691586192615105,0.12242539798962504,0.030286603163297343
TTTATGCCAAAGAATC-D1_NoStim,-0.039454340985063396,0.05737222837874256,-0.4985957530711147,0.08852071651919324,0.050220268690759795,0.2399173034204649,0.25432249676784124,0.1066463506033859
TTTATGCGTACCGCTG-D1_NoStim,0.11566465162750639,0.0043888177165207765,-0.3655833370482462,0.052459146770894804,-0.12018625576176589,0.15949446762589936,0.0465997733901764,0.05036583015207974
TTTATGCTCAGTGTTG-D1_NoStim,0.05236488269286177,-0.027503997016435022,-0.43776771901146816,0.06590041511044831,-0.020429888875041158,0.2447780729898703,0.18397973484762353,0.047633750873915304
TTTCCTCGTCATCCCT-D1_NoStim,0.013646078654543814,-0.03967448810244889,-0.5392396253391922,0.10575924718338925,-0.2436086973504441,0.15644525268181475,0.15151978457303894,0.051828305689170406
TTTCCTCGTTCCCTTG-D1_NoStim,-0.09487649556519706,-0.08662830901673324,-0.30503556181798785,-0.0344135449139209,-0.007880044005039721,0.09423607428492353,0.1375438717566082,-0.0620587163239108
TTTCCTCTCTGGCGAC-D1_NoStim,-0.0316135779855653,-0.04751504696197095,-0.0601562868432417,0.0006037940386640628,0.15434730228138704,0.12335464659049222,-0.013081803573849804,-0.036550710909848405
TTTGCGCAGGAATGGA-D1_NoStim,-0.09107327475172688,-0.006890642494724375,-0.2796250103565274,0.014483520111255643,-0.178482366087664,0.08955458359804247,0.2254558621092979,-0.03211762073301472
TTTGCGCGTAACGCGA-D1_NoStim,0.0488097648714092,-0.038942416191778406,-0.2743864920092598,-0.009274527109511155,-0.03952992990297588,0.10532716621083793,0.005354924289982854,0.0033875826217624194
TTTGTCAAGAAACGAG-D1_NoStim,-0.03583734002069505,0.021931640580241663,-0.32945465228957715,-0.016638127501277467,-0.23311480021844844,0.07364792609078386,0.08153635392551717,-0.01966275457670541
TTTGTCACACAGCGTC-D1_NoStim,0.03533681304919156,-0.02663809066961953,-0.3139121088789487,0.0120661179776409,-0.05836627789948601,0.11593694375153518,0.1323801599796699,0.009539896175155604
TTTGTCATCAATCTCT-D1_NoStim,0.006176370678339538,0.014629664711039325,-0.33213094850256475,0.029385109227797912,-0.1361772049321175,0.18169935777114787,0.03517928352031596,0.012921397542429602
TTTGTCATCGTCTGAA-D1_NoStim,0.045730623160110895,-0.040197617764867744,-0.5946651390987014,0.0996818525156673,-0.13767848360294543,0.2942721851717831,0.28501840189646366,0.046769784787175084
AAACCTGAGTTAGGTA-D2_Stim,-0.19333667177430058,-0.07082753963767097,-0.4094872081653431,0.1668480762370308,-0.2560424511310515,0.1641001525063217,0.2856055822288788,0.11314920163734499
AAACCTGGTCGCGAAA-D2_Stim,-0.13529281116624503,-0.04388129237149485,-0.21055472979559653,0.08887723810712167,-0.00397265373655209,-0.12011960269621724,-0.04241189302664594,0.0194720751229287
AAACCTGGTTATCACG-D2_Stim,0.10926323581281672,0.1570321388558007,-0.21405698675824958,0.018143043817373083,-0.12592417455300087,0.05199096208981224,-0.2766137847975969,-0.020051889551650603
AAACGGGAGAAACCGC-D2_Stim,-0.07582384029380407,-0.013561106532078426,-0.25564524774404873,0.13446711529293687,-0.07769357297591739,0.15720556755594473,0.15726156979749106,0.11410865355659006
AAACGGGAGAATTGTG-D2_Stim,-0.1403797379582521,-0.07832406823851201,-0.5455023312415346,0.20399699734302956,-0.06357089961815099,0.4324765858285442,0.3181286734413735,0.11685994262113297
AAACGGGGTATCAGTC-D2_Stim,-0.11803639777544994,-0.017349432465447734,-0.15055486634997983,0.13187349173762186,0.019156115729115797,-0.07891179544728821,0.08554425120021136,0.10698097006597074
AAAGATGAGTATGACA-D2_Stim,-0.048460110542249524,-0.06001972592054017,-0.3668781899937201,0.04929272826137776,0.13691281717099635,0.22491983314433384,0.38199360697218676,-0.02108900139589842
AAAGATGCAAAGCAAT-D2_Stim,-0.12177148960320316,-0.1487981466097228,-0.5795255209203631,0.1710607421340189,-0.13195520317278664,0.475876562452342,0.31883266114913944,0.03978910942336711
AAAGATGTCACAGTAC-D2_Stim,-0.08560787490317345,-0.015151911385158812,-0.23787995218772462,0.13987409635217496,-0.2831100692382442,0.012204372119475337,0.031367688865497456,0.09019424294944223
AAAGATGTCTATCCTA-D2_Stim,-0.16176650358631584,-0.09966019874348753,-0.5490890188240911,0.25060456103557094,-0.10358424172102687,0.38747978174703945,1.1050466103407688,0.04820361054429512
AAAGATGTCTTGGGTA-D2_Stim,-0.13083699368846347,-0.06376253120450137,-0.2121659408987675,0.09849419572704576,-0.06372902289352034,-0.02751296061312658,0.20367946484060084,0.06270778039272784
AAAGTAGGTAGAGGAA-D2_Stim,-0.032673674665643304,0.037974621126522834,-0.07831923999696322,0.12020934936223604,-0.04333831956320644,-0.02109000643592296,0.10956610189661475,0.06606717631225756
AAAGTAGTCAGCTTAG-D2_Stim,-0.0640733246306393,-0.05910627568284177,-0.3798194561240056,0.13696189999565256,-0.29740425133486603,0.11329184042995344,0.11643250535113125,0.08588086323969613
AACACGTGTAGCTAAA-D2_Stim,-0.1221474172420649,-0.049357281911651896,-0.26395176512342644,0.11807675494542735,-0.18380843177847872,0.04134645142286253,0.1921132773760661,0.06361520415927124
AACACGTGTCGAGTTT-D2_Stim,-0.09706069799025485,-0.051240718982695554,-0.38611125428928617,0.13307172561863467,-0.039745801999233166,0.339210986263188,0.24285132338796878,0.06821252260789024
AACACGTTCACGAAGG-D2_Stim,-0.22739679549855296,-0.11153609052976776,-0.29123515631219377,0.0693905363252938,-0.17912563186858854,-0.018246317426118708,0.33814101499823934,0.09643228949828142
AACACGTTCGAGAGCA-D2_Stim,-0.1736468107639606,-0.09875645220873963,-0.6483351938927129,0.22353150261903387,-0.2577797082896769,0.230425094969263,0.956668673110805,0.10819671014851728
AACCATGTCATCTGCC-D2_Stim,-0.10954485528980129,-0.10350623194030639,-0.7445694787308561,0.25217456272870287,-0.2967968638373488,0.30658530878544177,0.7368398613468425,0.0944368633021817
AACCGCGTCATCTGCC-D2_Stim,-0.10306091809799689,0.004679768927333683,-0.3515726442231859,0.15938874080454468,-0.07082223661744713,0.17750674706792857,0.3833654602482266,0.14596699870836005
AACCGCGTCCAGAGGA-D2_Stim,-0.11776528197314207,-0.05508468610699779,-0.4544935849863343,0.16497795046693398,-0.04993115821124405,0.3503457326716255,0.433535981468145,0.01969706841753549
AACCGCGTCTACTCAT-D2_Stim,-0.05952833550391112,-0.07782937933704126,-0.7326447395042486,0.1740967878603623,-0.34527905705441597,0.34094248240193537,0.4317261725478545,0.008915994151065476
AACGTTGGTAAGTTCC-D2_Stim,-0.13780118443761502,-0.06123410170910404,-0.17798918517228124,0.07775148051051417,-0.10393117658410134,0.043014079109861214,0.044708509237189276,0.02864080937612634
AACGTTGGTAGTGAAT-D2_Stim,-0.021493225008025973,-0.06893236280231108,-0.5302789298193016,0.17849932388829437,-0.10083641989396241,0.4570531929138948,0.32170107526127456,0.09487675012359453
AACGTTGGTCTAACGT-D2_Stim,-0.05155377676414119,-0.08929022535174802,-0.595850077215287,0.17860700286857956,-0.12463873724559171,0.4250770743446868,0.6786682861169453,0.11375634286658354
AACTCAGTCCAGAAGG-D2_Stim,-0.1455974163169973,-0.08838087717837162,-0.40502583509482193,0.1816459282674252,-0.11439608767033782,0.20247820454655674,0.5257130299310102,0.08560418425939353
AACTCCCAGAGTTGGC-D2_Stim,-0.13388096177758513,-0.05121293149418804,-0.5105385342583961,0.2065534775706208,-0.17761628294021925,0.27951031790173886,0.4054933109737462,0.11622009581629023
AACTCTTTCGGTTCGG-D2_Stim,0.012376278380688888,-0.07906662003211196,-0.5638068991483891,0.1864106861422794,-0.1681803820402692,0.5027943714719711,0.3083886213009226,0.1032988509362962
AACTGGTAGCATCATC-D2_Stim,0.047492456911436776,-0.031638250450573224,-0.8595204781261181,0.4316835602241351,-0.29819374733953197,0.5630659985146842,0.8959852822679526,0.23119717226135705
AACTGGTAGGGTTTCT-D2_Stim,-0.12155438665797469,-0.08308343592910639,-0.6171723017850681,0.1617441073420025,-0.15498621921599565,0.36646295516749916,0.35922857145066445,0.07270583109732165
AACTGGTAGTCCGTAT-D2_Stim,-0.2575113989670452,-0.1384536788656323,-0.7586498835961581,0.19285921984703158,-0.17678260418307623,0.4492214527370635,0.5209030860845845,0.06512999567350697
AACTGGTCACCGGAAA-D2_Stim,-0.13657685742226988,-0.04125803899768421,-0.41199676659659623,0.21149119579556874,-0.22628613133649367,0.22074054834566148,0.3357023189447901,0.11633938325362969
AACTGGTTCCGTTGTC-D2_Stim,-0.23492492697038614,-0.0944061313402127,-0.44145558917539063,0.16133672052060533,-0.2629746218308018,0.11914049907638535,0.5085159787133602,0.1092539988764436
AACTGGTTCTCAAACG-D2_Stim,0.014820450086498127,-0.024108583150345808,-0.39246889804449125,-0.017159034843249543,-0.0034532340103226034,0.1372236189524756,0.09986435367139634,-0.009227219722662383
AACTTTCAGACGCTTT-D2_Stim,-0.16052003007360938,-0.11309307394252421,-0.6770244994359231,0.1700025153703777,-0.1573938448648633,0.3619629230236683,0.44263339549462266,0.0648714749073438
AACTTTCCACAAGTAA-D2_Stim,-0.13689017210351118,-0.03904945292169515,-0.1968268416991803,0.07745344217922678,0.015980144340719704,-0.14000178236500282,-0.0691238892541115,0.0433992955976823
AAGACCTGTGTGCGTC-D2_Stim,-0.10227873990935876,-0.02904110916648328,-0.37851463792489426,0.1683493033991521,-0.0792600024797796,0.30056445536733634,0.2089334745691911,0.12379082169427313
AAGACCTTCCAGGGCT-D2_Stim,0.020213480170264475,-0.03137253202151946,-0.6910564889260904,0.3246875032132053,-0.22494306734382796,0.4330931715343542,1.0237860284959233,0.12167411028669584
AAGACCTTCGTACCGG-D2_Stim,-0.1321655611784962,-0.09892178810560992,-0.5702607915228395,0.2012893562606184,-0.09516397235024421,0.5105896038453128,0.5516907412252596,0.11579850758162813
AAGCCGCAGCGGCTTC-D2_Stim,-0.08351403721378681,-0.1794677513878895,-0.5894749105829877,0.18454270127172911,-0.15311849216509898,0.37003967283253836,0.6486217571933866,0.04862923029518207
AAGGAGCAGGGATACC-D2_Stim,-0.05520262807872456,-0.021410029469022263,-0.3406983815262983,0.1855731040273234,-0.15522347593961072,0.19684514166453937,0.2529666738254921,0.10233750073093262
AAGGAGCGTACGCACC-D2_Stim,-0.1878784340433306,-0.15642202021257923,-0.6387763345128441,0.13386022455172686,-0.057099888061230786,0.4073425218470845,0.42931383399324297,0.019856227739532883
AAGGCAGAGCGATAGC-D2_Stim,-0.08990163090480685,-0.029941551194411886,-0.17080764764415957,0.12245034697937385,-0.07588142825597366,0.03549507787191608,0.056676490138379165,0.10917960504710678
AAGGCAGGTAGCCTCG-D2_Stim,-0.24282620598110505,-0.12436895575110363,-0.5667432107066794,0.17122144561022878,-0.13550102215232407,0.31557016751415823,0.6172241948614943,0.02363316636914803
AAGGCAGGTCGAGTTT-D2_Stim,-0.07809612706255109,-0.128734498961931,-0.4486562736892399,0.14022850348318983,-0.0914297390267631,0.3198295002044613,0.3704247391412565,0.024779129199293592
AAGGTTCAGCTGCGAA-D2_Stim,-0.1394402674770081,-0.052075586589090506,-0.33814925937539186,0.0995799183233963,-0.14525478609843034,0.1465205978878874,0.47309558083659375,0.10167818393086314
AAGGTTCCAGCATACT-D2_Stim,-0.049945117598221955,-0.049456361958689854,-0.6013403453676478,0.10949098595635398,-0.1576561875628979,0.32221448828938826,0.24460136859638304,0.03529809172961684
AAGGTTCGTTCAGTAC-D2_Stim,-0.16353311130919757,-0.10351896380718628,-0.8442779985476729,0.29078521989143447,-0.3959736929553763,0.34428600588142544,1.117853635729098,0.09306526309234542
AAGTCTGAGGATCGCA-D2_Stim,-0.11054998988539211,-0.06900086442135667,-0.3891309296355274,0.14864039610369062,-0.029564191555717656,0.26572203986264675,0.3444357011853807,0.10167778324524335
AAGTCTGCACGAAACG-D2_Stim,-0.22398498833242897,-0.13173106258801504,-0.5944760309279626,0.12472898144135236,-0.11761287645013674,0.2857150082099711,0.5036462855639705,0.04363673549432079
AATCCAGGTGGTTTCA-D2_Stim,-0.0378695611409956,-0.07327527736623907,-0.6443916392747333,0.15634958508737995,-0.1038711329069919,0.37098350609496045,0.44056613387329335,0.03885585696032656
AATCCAGGTTCCACTC-D2_Stim,-0.1618878939016799,-0.08454406582511886,-0.7450011669432595,0.2037980187703834,-0.28592422420373254,0.2898232666051541,0.6054429098421004,0.08062110073722017
AATCGGTCAATCCGAT-D2_Stim,-0.2365423718592119,-0.10579238758258391,-0.5417221242646839,0.15577419325101793,-0.16589939366845563,0.150007431367003,0.6122222563547783,0.0744379210465329
AATCGGTCACCGATAT-D2_Stim,-0.14074987713144438,-0.060051051115122434,-0.2533478762400785,0.09595527109117796,-0.15489667239714322,0.055134743753940896,0.02907231807462196,0.09426715864650248
ACACCGGCAAAGCAAT-D2_Stim,-0.25999579550416385,-0.14134150816175328,-0.42145997017112435,0.16940021407765826,-0.07338732095464273,0.357541123418601,0.843870900514581,0.10131167836060229
ACACCGGCAATCTGCA-D2_Stim,-0.2075870982339314,-0.08226595959408556,-0.42960989674844363,0.10429449651882727,-0.14473310460718203,0.08482927194650358,0.7790746605303909,0.0853653555593219
ACACCGGCATATACGC-D2_Stim,-0.2314349352590419,-0.14398936476588986,-0.7846573018339775,0.19835129075658742,-0.25030630580373625,0.4482237092358048,0.45915592386429616,0.05470822281873744
ACACCGGGTTCAGGCC-D2_Stim,-0.033149628273596576,-0.0750698458079384,-0.8224994031878676,0.2915006556107649,-0.07423672015054805,0.42786198226786,1.342417953669857,0.106225022618192
ACACCGGGTTCATGGT-D2_Stim,-0.2023700201226717,-0.142637789287976,-0.7416879445379188,0.1358632523102532,-0.23382518081364978,0.2942922751470203,0.2732166640314748,0.02801601945873422
ACACCGGTCTGTCTCG-D2_Stim,0.01859964051898011,-0.028735268633090172,-0.5610804564608181,0.17844802727682207,-0.14656921184892724,0.49574448550715644,0.19927957925317497,0.08945383109200655
ACACTGAAGTTGAGAT-D2_Stim,-0.1551810937638649,-0.09903381224662056,-0.41297127109517184,0.1359472852356891,-0.2596403885704621,-0.0028112955002725926,0.048861906503837815,0.04441958082008135
ACACTGACAAACGTGG-D2_Stim,-0.06467392952984063,-0.05011711088555337,-0.5628398478667265,0.19609334692505698,-0.10537412864980844,0.4849639769066929,0.23598003127839462,0.08390034574729377
ACACTGACACTATCTT-D2_Stim,-0.16913192961845525,-0.08860323404840464,-0.2509727671038853,0.08609724231695282,-0.20029184574390513,-0.007709933366188082,0.1974615175297636,0.08870942250145575
ACACTGAGTCTAGCCG-D2_Stim,-0.0770453428703437,-0.06757882623793776,-0.5853724210078539,0.20542433350453493,-0.14149785390048564,0.48393621553547206,0.4104090506524267,0.09563293978446552
ACAGCCGAGGCGCTCT-D2_Stim,-0.03515356001999059,0.020021361851810582,-0.3454168728573048,0.2566949782631536,-0.13155850485987486,0.421226840849501,0.28486290360270594,0.17557556789345696
ACAGCCGTCTTCGGTC-D2_Stim,-0.1265964226733658,-0.08371751348476941,-0.3710943683724146,0.10292947738109426,-0.03346921080017573,0.2515178866106069,0.34948296522998223,0.08403981595967203
ACAGCCGTCTTTAGGG-D2_Stim,-0.08544293549882553,-0.05327256305306349,-0.3649957196678528,0.1585029115305936,-0.0882956103540149,0.395566613504295,0.1939082353361723,0.10860196671626099
ACAGCTAAGGATGGAA-D2_Stim,-0.10940667861310338,-0.0930871350781679,-0.7546036825289502,0.2718114236760236,-0.3089536799015953,0.29050865979125895,0.8545721862915965,0.09689304930272691
ACAGCTATCACCCGAG-D2_Stim,0.009471008269402503,-0.08280943809047514,-0.6772550604687702,0.19174686969236454,-0.250068528333399,0.4417342316543511,0.33659092700669824,0.05309270785278031
ACAGCTATCTCGTTTA-D2_Stim,-0.0578202715881293,-0.05126869729800276,-0.5719803617000743,0.16796355450445333,-0.3430696070788031,0.19255558073886547,0.6467314685265695,0.07797180303184703
ACATACGGTAGATTAG-D2_Stim,0.03576342196997828,-0.07919638762394854,-0.5573539762944044,0.14655884367070726,-0.24427373478983405,0.3116389047149699,0.25336095279670623,0.01134667439226078
ACATCAGAGCTCCTCT-D2_Stim,-0.0835923670710077,0.009712029620265739,-0.020988395374033075,-0.1279685967396027,0.22944273628064948,0.08169650995116129,-0.042730146605627795,-0.048551810532259765
ACATCAGAGTGTCCAT-D2_Stim,-0.21023817772091924,-0.08477449330019837,-0.47873187252703264,0.08819864489731088,-0.24015627949662743,0.04600264918740393,0.33017537106538164,0.07576413358404999
ACATCAGGTTACGACT-D2_Stim,-0.07974683635203306,-0.06779335220784155,-0.38463744383733633,0.17145054359647993,-0.07029996227102941,0.28345096728491015,0.3247751648578143,0.07666385629569739
ACATGGTAGTACGCCC-D2_Stim,-0.1906374713618746,-0.10242159158720376,-0.4565244901320362,0.1587206821016025,-0.22157771982859842,0.022551178456611254,0.21739703642445463,0.07903899465377684
ACATGGTTCATCGGAT-D2_Stim,-0.1553146924550255,-0.09382963837038716,-0.4653070493425844,0.19111492322928925,-0.10075801857454358,0.424686368833056,0.40026359590597416,0.10918975772952777
ACCAGTAAGAGGTAGA-D2_Stim,-0.008759966390288199,-0.05482541950280151,-0.6033066921662424,0.22892437119396902,-0.1980157004427472,0.30192147809759007,0.24906950736356492,0.119210115164881
ACCAGTAAGCTCCTCT-D2_Stim,-0.07719576736077727,-0.12310262903232605,-0.6558498521437421,0.1983292889063648,-0.10729826443049006,0.42018213027864704,0.4340130826171942,0.09801078555017284
ACCAGTAAGTGCCAGA-D2_Stim,-0.09276415905440061,-0.06112783151456824,-0.4209859967649283,0.17967822457982408,-0.0738328937032584,0.4366904004754346,0.2725624180670909,0.08525221266757121
ACCAGTACAAGTTGTC-D2_Stim,-0.26192454468077564,-0.11538262381056619,-0.4488046270627182,0.14311569056206253,-0.2906874080010038,0.0345349325072295,0.5698192826039765,0.10164371310429487
ACCAGTAGTTCACCTC-D2_Stim,0.044788955927590024,-0.03893016025578078,-0.438084437283063,0.2817454964284156,-0.2561566556513064,0.35343721927768,0.45929936989997167,0.11448563117486188
ACCAGTATCTCGTATT-D2_Stim,-0.12291247644262882,-0.03398238509879015,-0.2709492520090908,0.08625577356436409,-0.15889371891960025,0.11997428726685655,0.24300046408852793,0.09935717953168322
ACCAGTATCTGTGCAA-D2_Stim,-0.11182432812723242,-0.04491354035599038,-0.7098932327136023,0.24387492809472455,-0.291892095503858,0.2875207512075324,0.5848080904426052,0.15166520974072917
ACCCACTAGATATGGT-D2_Stim,-0.18139106816059858,-0.08568054158028993,-0.5653376888950685,0.17910209074700667,-0.2257971820202247,0.3166928691769382,0.24579130103508806,0.06213181394843481
ACCCACTCATAAGACA-D2_Stim,-0.06505050794387301,-0.015248351718724962,-0.48473782725966785,0.2479386055596926,-0.26737396854217366,0.265644703873285,0.3196954118149371,0.18545928252896537
ACCCACTGTATTACCG-D2_Stim,-0.08838448695830081,-0.033090243915683715,-0.3507195143855757,0.15700741712150723,-0.03502433481734357,0.3477450598475347,0.22829804051051283,0.11312271823024567
ACCCACTGTGACGCCT-D2_Stim,-0.1371745970396958,-0.04549660535920097,-0.4572981433590577,0.17128554163361898,-0.1513336076852383,0.28073622012217214,0.243777336053717,0.11359893503915508
ACCGTAAGTCTAGGTT-D2_Stim,-0.07319504900712204,-0.0025797389365926904,-0.3220590927046345,0.13740977473345772,-0.09054696288118969,0.1601888079214504,0.28060256632910985,0.10222828257739813
ACCGTAATCCTTGACC-D2_Stim,-0.087901142175415,-0.024161144339357676,-0.39076086979019387,-0.16358874916603483,0.1957273996733626,0.12826010451120062,0.09745505840358426,-0.09793083169260797
ACCGTAATCGTTTGCC-D2_Stim,-0.08495275774637534,-0.07166719010898959,-0.5577006278719274,0.18006551693509465,-0.23285180138054784,0.43687628712793014,0.3679307501858258,0.06711541445297975
ACCTTTACAATCTGCA-D2_Stim,-0.03257584990136486,0.02183662056752489,-0.2566430990075723,0.17919007609268434,-0.10860839168964453,0.23160067048704036,0.22987108878435691,0.13445252186553525
ACCTTTAGTACAAGTA-D2_Stim,-0.16933804441789135,-0.09008427278514297,-0.21998497967340125,0.0704027578966393,-0.0625375618492292,0.011613986141227883,0.40148596384372226,0.07959209862122307
ACCTTTATCTCTGTCG-D2_Stim,-0.1382427782287543,-0.12091105685391668,-0.6314789692811651,0.17390912798069635,-0.2943573753785955,0.207058055068293,0.44723837106058895,0.07154568898865321
ACGAGGAAGACTGTAA-D2_Stim,-0.14042368297081076,-0.06317944972328071,-0.27977842361640004,0.10061588317071646,-0.1163762347592705,0.06305471683231012,0.3730155084317204,0.07690549606944685
ACGAGGAAGATCCCGC-D2_Stim,-0.14394045939971178,-0.10771054425944726,-0.6420711149206362,0.22013407188493872,-0.19746749450353995,0.3617564778180178,0.3387541461284824,0.08539597135392185
ACGAGGAAGCGGCTTC-D2_Stim,-0.09573882001149592,-0.0089943198567628,-0.015903466861511006,0.02240799417753614,0.09357697814673216,-0.05193440134290661,-0.2222700287897439,0.0338262832503311
ACGAGGAAGCTTATCG-D2_Stim,-0.1377780227143095,-0.050866655308276165,-0.44585710491852026,0.13940518377187416,-0.18538071107279386,0.20724476407402115,0.16426952094733416,0.12162419794831436
ACGAGGAAGGTAAACT-D2_Stim,-0.12069823750173114,-0.08437739828230661,-0.4759086746209853,0.1784356557076201,-0.19533246174533225,0.23855609489783625,0.4511195237625891,0.09778188358689022
ACGAGGACATCGGAAG-D2_Stim,-0.17244368564534263,-0.042439689775211065,-0.43981386420912294,0.12837537242376484,-0.13005452074867385,0.12156835393975385,0.38348518415852695,0.09795351042324185
ACGAGGAGTGCACTTA-D2_Stim,-0.12433056289439648,-0.08943044826107638,-0.7084786166117958,0.2299482139106832,-0.3739347148186969,0.2538747732237372,0.5136765982324469,0.08506213801016393
ACGATACAGAGATGAG-D2_Stim,-0.16813520503446355,-0.10952780110956795,-0.7494696743984868,0.16973557117062477,-0.18860990644830977,0.437148300963738,0.3239898724046091,0.0547862137894608
ACGATACGTGCAGGTA-D2_Stim,-0.06738588946055302,0.005262945756266291,-0.18882993896217926,0.08469411171978614,-0.0508009761645809,0.1584980071134101,0.11856400505003073,0.09982555321940012
ACGATACGTGTGACCC-D2_Stim,0.012130355005204763,-0.039049752251616,-0.45867867556892783,0.22989842669474392,-0.029755587645089676,0.5189474267650223,0.36076777932743465,0.12782250676289308
ACGCAGCAGCTAGCCC-D2_Stim,-0.22187967079172033,-0.150316653480548,-0.5017195522443689,0.17629150263528182,-0.2506324870485219,0.37560533104102944,0.5103907769134057,0.02508668711444173
ACGCAGCCAATTCCTT-D2_Stim,-0.20871540945043243,-0.1418164197506524,-0.7316564872611284,0.2445083459560049,-0.17634937224822345,0.42352931243393854,0.7713802481543164,0.07030962881036196
ACGCAGCTCGAGAACG-D2_Stim,-0.13708928065092607,-0.07753263289056633,-0.5451438391785643,0.1608467208795048,-0.1713980638815915,0.23231805590157073,0.4031135130224577,0.11508475088104397
ACGCCAGAGTCGTACT-D2_Stim,-0.037791512718150955,-0.10586504279912923,-0.572362456487955,0.20804225021664813,-0.13564682413848494,0.447750642404559,0.3710735514100536,0.08550960230714111
ACGCCAGTCCTTTCGG-D2_Stim,-0.21452616366276622,-0.167788824193849,-0.8104161090737154,0.21951590136905175,-0.27851231879830607,0.33958662516931426,0.6248440546454619,0.07572232505219745
ACGCCGAAGCCAGTTT-D2_Stim,-0.14209153620436865,-0.0932591198211572,-0.5006644941088645,0.18285882008624732,-0.20898000726884902,0.3480399848702245,0.26747645825957456,0.07428532961832524
ACGCCGAAGGCGATAC-D2_Stim,-0.05896569868769497,-0.05187517654192142,-0.12275092007017818,0.07158823050051488,0.03480585713462503,0.12835911392880206,0.024589374017896404,0.07441201682804532
ACGCCGAAGTCGCCGT-D2_Stim,-0.09711710395630213,-0.03040016715849525,-0.31539350349214423,0.13611925376921263,-0.08658370324099529,0.2372408069681633,0.15921241988323942,0.09565309739799588
ACGCCGAAGTGTACTC-D2_Stim,-0.11381349036201449,-0.07881437379087508,-0.34430790349483864,0.12149406593989909,-0.03969122476121889,0.24943148588950237,0.27350249917872205,0.09296559693136608
ACGCCGAGTATAAACG-D2_Stim,-0.1015220030759334,-0.050510902942205504,-0.3608732577809981,0.1633780383194221,-0.05217914610751073,0.37935363089323815,0.2073208254465264,0.10446703270692126
ACGCCGAGTCCAGTGC-D2_Stim,-0.17015310567708397,-0.06554270849254529,-0.262659762154394,0.1381507052379387,-0.03453237088825034,0.14429244035331124,0.5770625537751535,0.10489688053881352
ACGCCGATCGGTGTTA-D2_Stim,-0.07871776382451579,-0.022272729261102242,-0.3737309479625335,0.07746752308439397,-0.0844553910259993,-0.02686065727746012,0.015013508115519159,0.03838849032437608
ACGCCGATCTTAGCCC-D2_Stim,-0.14609951236175966,-0.08800738607498637,-0.48393994176479893,0.1726800396698085,-0.23725807225204854,0.2700006225921392,0.2612110410645192,0.066357752944457
ACGGAGAAGCAGCGTA-D2_Stim,-0.17533972950275611,-0.030008467159028385,-0.46789695357213645,0.20419928500614226,-0.128978861644244,0.2566367758161032,0.5331905894952556,0.17905309407894698
ACGGAGAGTTCGCGAC-D2_Stim,-0.09104057976206548,-0.06407650756742633,-0.3613931394568297,0.09410143181851005,-0.05237934451323589,0.2478592605454324,0.20843582941700944,0.07744026437310225
ACGGAGATCTGGAGCC-D2_Stim,-0.22754833125584106,-0.10191729959929319,-0.5144254477245092,0.13471253659692906,-0.3028923600765516,0.07962908400012303,0.39354153474626763,0.08950205716525339
ACGGCCACAACACCCG-D2_Stim,-0.02518153237980414,-0.05017080688332065,-0.49856072474759117,0.21231403596265253,-0.10624030555516306,0.43933667775374197,0.28884551662997104,0.09546598123812977
ACGGCCACACGCGAAA-D2_Stim,-0.22232762941066753,-0.16281096563999675,-0.6183975453413719,0.13736193497835458,-0.21067230507605927,0.34714624137754946,0.38504893244030836,0.018085803494466646
ACGGCCACAGGATCGA-D2_Stim,0.05683817343294173,-0.0751492659811337,-0.5111435318046524,0.13679786755894519,-0.1750252506656338,0.25712014037768327,0.07750994565159974,0.0072299182520332295
ACGGCCACATGGATGG-D2_Stim,-0.06907608872800886,-0.046193654121927,-0.5495366523253082,0.23346506447887805,-0.20912953729617634,0.26048216102764243,0.32332210511693305,0.12064305898098837
ACGGCCAGTGATAAGT-D2_Stim,-0.12584007534522712,-0.06963480769790564,-0.4947596192969179,0.17675578982464302,-0.0840795200673714,0.39459791436947,0.25983157949476343,0.08242914959563485
ACGGCCAGTGCTAGCC-D2_Stim,-0.1934699993283715,-0.13536310704128596,-0.6915959395167377,0.13794267977839958,-0.18802854774145494,0.283454619641919,0.34153372186971254,0.05985222615150754
ACGGCCATCGACGGAA-D2_Stim,-0.09559199712111699,-0.08004895638185516,-0.5021595188129169,0.22362385258308315,-0.09405659094069385,0.4250012554874747,0.37876067890587883,0.10474036258711017
ACGGGTCTCGGAATCT-D2_Stim,-0.0954132619995871,-0.076793992583708,-0.431633482701951,0.1894351136631034,-0.15518867273088688,0.3231179067254253,0.3252279237053166,0.09057470560951941
ACGTCAAAGTCGCCGT-D2_Stim,-0.10069769551055785,-0.05886769165815409,-0.5057790209756856,0.17822871846678368,-0.24735545338254106,0.20194492153519938,0.38818262833238215,0.12409290769874026
ACTATCTCAAGACGTG-D2_Stim,0.026050233129403466,-0.034961672796809395,-0.46168810075050715,0.14610635091279178,-0.1735844994559912,0.2743514508047511,0.406248949609588,0.06933343194610941
ACTATCTCAAGCGTAG-D2_Stim,-0.16383027688111262,-0.05105942465328006,-0.3529992087355449,0.10731522684109507,-0.20814422035940439,-0.0024473199821386515,-0.03556192232011668,0.046103110341688236
ACTATCTGTAGAAGGA-D2_Stim,-0.05560832360599477,0.03668125168101888,-0.2896337488946408,0.17711425231089883,-0.09197597024427928,0.22644642542377547,0.2454428824124495,0.15083914446157287
ACTATCTGTCCGTCAG-D2_Stim,-0.10890185751808978,-0.06807016807273847,-0.6455750327294609,0.19286523026804936,-0.2101181227555209,0.34272580499235694,0.37901731142486206,0.09763378642657372
ACTATCTGTGACCAAG-D2_Stim,-0.02001131563778813,-0.07887068429783994,-0.6660967210052053,0.20502434825428395,-0.14744219148928117,0.4721405087583399,0.3225694884071775,0.06613764130719701
ACTGAACAGGACAGAA-D2_Stim,-0.13369986420202729,-0.04351086221129741,-0.625790358787933,0.24005733546634644,-0.3334853288774209,0.23860133015293528,0.3689388738411097,0.15225298358483208
ACTGAACAGTGAAGTT-D2_Stim,-0.22850543724229766,-0.10910938548273208,-0.6846325642636462,0.20501403991592326,-0.24283399656203386,0.3166526723895551,0.5548708838658358,0.05629831211927261
ACTGAACGTTTAGCTG-D2_Stim,-0.17284899031024636,-0.08905078226610819,-0.3283684715975177,0.1918346545559686,-0.2863757211628233,-0.0011891352367179309,0.3766304535854097,0.0910904061158
ACTGAACTCGGTTAAC-D2_Stim,-0.13288273666864114,-0.0750242625600972,-0.4460415193708638,0.20695787140316924,-0.0936262206023244,0.39313499214030045,0.29323145491032143,0.1095609051088573
ACTGAACTCTATCCCG-D2_Stim,-0.09414262434332699,-0.11089078535974295,-0.5635167434950628,0.21154811121216177,-0.26845922460149296,0.5788759688519178,0.5127009650071974,0.08041615534172486
ACTGAGTCAACGCACC-D2_Stim,-0.19545281050936403,-0.07648039893246583,-0.6368410462584837,0.20127029059998414,-0.34447909557617606,0.1877408470868609,0.5500678258615928,0.07205651139490676
ACTGAGTCACGAAATA-D2_Stim,-0.31054862107286496,-0.1591455516402469,-0.8263533546586466,0.21305051445384748,-0.22195225933948493,0.46124485351291256,0.5476500051295243,0.07254205414800907
ACTGAGTCATCGATGT-D2_Stim,-0.08324367985478176,-0.033906054091385585,-0.25040263161080567,0.10775944016322292,-0.07564149798703212,0.18520817265399714,0.2854508938355327,0.11659333234894476
ACTGAGTCATTAGCCA-D2_Stim,0.08775452715550003,-0.01644734834678019,-0.37708674162232114,0.1626113437754917,-0.05172782121561603,0.337676673667465,0.35294318522765256,0.0371596980000124
ACTGAGTGTGAAAGAG-D2_Stim,-0.06526776217568298,0.06661215026227474,-0.04929529344216199,-0.010191126357362634,0.06683021801807598,-0.06995332704797619,-0.16221104231105699,0.0021921720039550507
ACTGAGTTCAGAGGTG-D2_Stim,-0.14481802368994323,-0.06603080202147282,-0.2823086633886538,0.1695522667063294,-0.11548817071239803,-0.03670121990579389,0.2514106761004342,0.0831993264150821
ACTGAGTTCTATCCCG-D2_Stim,-0.09094783331341816,-0.07685745188893023,-0.3511287547347166,0.09809265211228002,-0.0603435620328181,0.18604620195526955,0.32433377877161096,0.08569466377272583
ACTGATGAGCCTATGT-D2_Stim,-0.08910054576489657,-0.02576647566182544,-0.40314942921365926,0.17401515586625216,-0.2281788933396971,0.23965015317909888,0.25516010104642284,0.10922475105135199
ACTGATGAGTACGCGA-D2_Stim,-0.22835477873540988,-0.07562119604212825,-0.32576749898104573,0.07431784199268243,-0.0404972622867259,0.004312366667457823,0.7567675918829746,0.07207997900602336
ACTGATGCACGAGGTA-D2_Stim,-0.15973214729004148,-0.0947848107375382,-0.3570939017319077,0.11906202059897097,-0.06725072773604346,0.27479392564384497,0.5815875122755614,0.08911992058533613
ACTGATGCACGCATCG-D2_Stim,-0.18632524747163792,-0.02714790193326344,-0.3096573051773017,0.08440600372822615,-0.028684586513195498,-0.011511072621686935,0.029993552466560658,0.07845717217607451
ACTGATGCATCCAACA-D2_Stim,-0.08975475513093656,-0.013962702237616753,-0.21031716008438117,0.09807330294940719,0.02271766106664508,-0.04489129206678122,-0.04744420553195994,0.03927511734946165
ACTGCTCCATGTAAGA-D2_Stim,-0.1886836342769076,-0.08844029276704646,-0.4022416759052856,0.16173489097611338,-0.1603463698122649,0.10290946521238276,0.20275901485757686,0.08048457543421961
ACTGCTCGTGAGGGAG-D2_Stim,-0.15383492974400248,-0.05204122143974743,-0.4604275843438881,0.1771472212317189,-0.2639010411800946,0.2702115039555544,0.35207154871937796,0.10142918718050353
ACTGCTCTCTAACTTC-D2_Stim,-0.1321394178917661,-0.08633305509239264,-0.44765080287024084,0.2611482167666761,-0.11100184148834913,0.4683029202417064,0.5265030575951268,0.14948034367459506
ACTGCTCTCTGCGACG-D2_Stim,-0.1764924051988057,-0.13540903575098362,-0.6994352481278785,0.2478251446767672,-0.1681272118492938,0.21109154835499133,0.5081175532006483,0.13305076406707173
ACTGTCCCAATGACCT-D2_Stim,-0.16642292843796191,-0.10988855947975473,-0.4156691150006333,0.1700502090238487,-0.3144001218000554,-0.023358926413141745,0.201730957908417,0.08890387992699011
ACTTACTAGCTGCAAG-D2_Stim,-0.1221747375556621,-0.0494113901528177,-0.6459774309287862,0.2622103999747143,-0.29233642520024894,0.5144349175158442,0.3494462546306156,0.12562034318619553
ACTTACTCAGTACACT-D2_Stim,-0.1550906687628082,-0.11778307720097736,-0.6461806873685312,0.15370758819244124,-0.19225268707638854,0.33430698499139133,0.24795262081701885,0.049206002143687755
ACTTACTCATCGATTG-D2_Stim,-0.19560744523286822,-0.11437314852142855,-0.6446526621842352,0.11949550551471333,-0.20669964978236166,0.2942920058062448,0.27644824259813294,0.020790282291880402
ACTTACTGTAGCACGA-D2_Stim,0.016130972067797344,-0.05347272806207748,-0.6620673918847135,0.20712837532055417,-0.25284856103764497,0.4431595489600486,0.33799263005369795,0.040711793015873354
ACTTGTTCACTCAGGC-D2_Stim,-0.017245836179059282,-0.08497863735174782,-0.6067041760375069,0.1929055009047751,-0.263491155377924,0.35801942990224767,0.38291344215228396,0.06279318831444947
ACTTGTTGTTGTGGAG-D2_Stim,-0.02787156097747001,-0.06385428011569338,-0.5432355028410907,0.2243226705080481,-0.04948253610003839,0.3835966847606649,0.5649754086443997,0.08044782948796403
ACTTGTTTCGAATGGG-D2_Stim,-0.10551892224148496,-0.12317789894259334,-0.5616694566992262,0.19025254997474406,-0.354209796364648,0.3069563395570203,0.2938220849044111,0.060158387214586995
ACTTTCAAGTCAATAG-D2_Stim,-0.03703598836980859,-0.09749739019230752,-0.42385885048067706,0.24249015465226798,-0.030522615961967148,0.5043706739544334,0.5826679503429961,0.1429496666640233
ACTTTCACAAGCGAGT-D2_Stim,-0.051405863504662364,-0.06580091431852786,-0.2826383882232619,0.18959244792338303,-0.1951758253010194,0.17433847017838744,0.5994999910204406,0.06810416633569716
ACTTTCAGTGATAAGT-D2_Stim,-0.06972299642839808,-0.05524246018305057,-0.4281909347600834,0.21422000191116908,-0.05023736336626783,0.4170014271339486,0.3321864696340935,0.12272404898548928
ACTTTCAGTTCGAATC-D2_Stim,-0.1681524992697785,-0.11190809003672442,-0.6225471348074016,0.1821402040839324,-0.14803126206214579,0.43738984415830373,0.47784736031180675,0.08960901714513447
ACTTTCAGTTGGGACA-D2_Stim,-0.10966598650983173,-0.07242903184884852,-0.3809469366575975,0.04323505550061846,-0.20174490425917213,0.021679976042925375,-0.2729513615142771,8.143872985932887e-05
AGAATAGAGAGGTACC-D2_Stim,-0.09148558150223707,-0.04781026685857448,-0.5688454550108446,0.21955114080914306,-0.08034108468339696,0.4540272933606442,0.3342478422302211,0.11932676584431157
AGAATAGGTACAGTTC-D2_Stim,-0.2129383463234138,-0.12709615582831546,-0.7972804441001511,0.17138358491092376,-0.23014903396348707,0.38059118446031803,0.2587757959751862,0.04358845673131384
AGAATAGTCACTATTC-D2_Stim,-0.09715335028305638,-0.07027594520012137,-0.6968831890840601,0.20925482909436433,-0.21576667587152265,0.4842776313746562,0.3552987114525994,0.08594030736676395
AGACGTTAGCTTTGGT-D2_Stim,-0.0735458646912246,-0.0003076518057731903,-0.2444689773943729,0.13569583998398294,-0.026846636629933585,0.14607042029102502,0.4572764597808181,0.12502522672846972
AGACGTTCACAACGTT-D2_Stim,-0.32588729154618257,-0.15828843726055908,-0.6056172404414006,0.21056827412506962,-0.2628413113415142,0.43199505761452883,0.6108130230807483,0.06970699676488579
AGACGTTTCCGCGCAA-D2_Stim,0.008891729922941849,-0.10324746916680283,-0.35004630799125813,0.11926235428298249,0.13655659315266355,0.36667086094191426,0.385845394497915,0.006713501494001406
AGAGCTTAGTACGTTC-D2_Stim,-0.07963367057011439,-0.047927283363010886,-0.2613301807289403,0.07976475479496692,-0.03764138808737982,0.2085505888764878,0.22931927548603248,0.08764716275689288
AGAGCTTAGTGTACGG-D2_Stim,-0.18453523469522182,-0.05839629289598669,-0.3910694094411795,0.1705096342685799,-0.22535745723138234,0.1967727128130825,0.5271615731437613,0.14963625798066182
AGAGCTTCAAGCTGGA-D2_Stim,-0.1294834142164607,-0.03303004915238894,-0.33597226657405876,0.1801626640738423,-0.1445077054981958,0.23212974127319974,0.395620890276291,0.11134460585691919
AGAGCTTGTGACCAAG-D2_Stim,-0.1290975948871651,-0.030995504476383218,-0.2638693768025391,0.15886962470615984,-0.20177220619978442,-0.017941587316224528,0.09519150716926106,0.1008770759425186
AGAGCTTTCAGTTTGG-D2_Stim,-0.17987746171384167,-0.1038580791894308,-0.31000822573706177,0.13378624869388034,-0.17708713259094644,-0.003865044493482017,0.1718227581696894,0.06784700843404856
AGAGTGGCAAGCGCTC-D2_Stim,-0.000736962195068358,-0.03684540251029844,-0.464088788306924,0.12746448035651703,-0.08087230973268333,0.3283755079671238,0.19688294473429035,0.07225704154697787
AGAGTGGCAGCATGAG-D2_Stim,-0.20455443364995318,-0.055536094951378345,-0.2632588707678636,0.13818052401812864,-0.2334145869921631,-0.006011356985075267,0.15007616173244287,0.07135354250660164
AGAGTGGGTCCCTTGT-D2_Stim,-0.20723171029240994,-0.09833158651565199,-0.27568211181897695,0.13682166244498184,-0.2396028856231851,-0.011166088413325781,0.3443300778090439,0.10031612650003652
AGAGTGGTCATCGATG-D2_Stim,-0.2047457303754019,-0.05940108160149471,-0.4209950902787387,0.13154299516053314,-0.3084037261245971,0.07235183676531776,0.23924405037474727,0.08931904756768994
AGAGTGGTCCTAGGGC-D2_Stim,-0.10578142994025086,-0.09109269981255608,-0.6599644903190729,0.12385913831237971,-0.21576293924132095,0.30209062742682313,0.2925931603955636,0.01805583656811649
AGATCTGAGAGCAATT-D2_Stim,-0.11697273297157196,-0.023969776753064664,-0.43935792710590604,0.16398956014767485,-0.14581544818920555,0.3341262528975584,0.29365495125993313,0.1269305611567777
AGATCTGAGTCAAGGC-D2_Stim,-0.17541739426636127,-0.11353867387692063,-0.6897401637312104,0.12281085991632779,-0.2575807513356754,0.2905218647930994,0.23702248554404104,0.03904063198433683
AGATTGCAGAGGGCTT-D2_Stim,-0.25678036388140413,-0.13605798028872051,-0.7332328502758347,0.1495863503160919,-0.2625725894635025,0.3121119771514085,0.3840230361190926,0.024158016338704513
AGATTGCGTACATCCA-D2_Stim,-0.12179798784330309,-0.043905875316106346,-0.4344739981213319,0.18600197380697203,-0.25893452036427433,0.2268080480197252,0.2625475363588894,0.09934376115236176
AGATTGCTCTGCGGCA-D2_Stim,-0.24622842431161018,-0.07205151611384153,-0.6605234370865984,0.20484211782067518,-0.2032683770397572,0.034643038800400205,0.7928228012536778,0.1355428247074535
AGCAGCCGTCTCTTAT-D2_Stim,-0.06904322179210709,-0.08984615910264537,-0.6270667822568097,0.14553125993812976,-0.11692071889698141,0.44193966779650395,0.33518666792237983,0.027356766606345673
AGCATACAGACAATAC-D2_Stim,-0.13374631164297135,-0.043738358673349964,-0.30709490214471646,0.13275942066676905,-0.11412581003976285,-0.042977829093848285,0.2015663096809881,0.04725921561869306
AGCATACAGCGATGAC-D2_Stim,-0.03803548134763801,0.007761219879375503,-0.38760069271523356,0.18181609720220493,-0.19101688502791347,0.2306748930444975,0.1669283312883465,0.1377403796992116
AGCATACAGTACGCGA-D2_Stim,0.08590448397683126,-0.041010807316054,-0.6329918458225787,0.16229947399287958,-0.16895148107449565,0.3084362909514873,0.4195143075557004,0.06020880332892986
AGCATACTCCAACCAA-D2_Stim,-0.09651457943792785,0.008985461503270287,-0.14620495065590688,0.1239510913715467,-0.015732747666632463,-0.046326186737621455,0.08976290423795064,0.07565892733915724
AGCCTAAAGAAGAAGC-D2_Stim,-0.18906601350522756,-0.0810450362058166,-0.5905355574903357,0.1311183494479149,-0.1861331136253792,0.28337114184349055,0.3818251099728238,0.031151936414572035
AGCCTAAGTACTTAGC-D2_Stim,-0.07507053189638135,-0.07349305518580884,-0.4150355724770378,0.1732075713769632,-0.055702351019370155,0.3003192280604292,0.24926524454114052,0.11914366323763659
AGCGGTCAGTTGAGTA-D2_Stim,-0.24775931760114211,-0.0807027163681493,-0.3320575430253898,0.06752247562381086,-0.186561554159816,0.021554108817284146,0.5534079386653037,0.06749237317103862
AGCGGTCCAGCTGCTG-D2_Stim,-0.24742524649301245,-0.11874997981588642,-0.4298260677848198,0.17857346726072976,-0.21770689341719063,0.03097724287892234,0.7845327041548877,0.09681233403079226
AGCGGTCGTCCGAACC-D2_Stim,-0.12158013032425963,-0.10717824294681044,-0.6226489807348958,0.2003743939452871,-0.15694730662976575,0.33122678646036086,0.3369678534492424,0.0450066293295901
AGCGGTCGTCGTCTTC-D2_Stim,-0.15610716370396815,-0.16328232617396843,-0.7521910706993236,0.1522511007854881,-0.05382752992538542,0.38987189394039845,0.6103749171927113,0.0031623639316364915
AGCGGTCTCCTTTACA-D2_Stim,-0.03278839046719284,0.017456925088991326,-0.1485558521380126,0.13506454309158933,0.009219487050287967,0.04500949589379921,0.01774952347194869,0.10576972606598822
AGCGTATCATGCAACT-D2_Stim,-0.24330751068603007,-0.21892844508124654,-0.7238615757226956,0.24254413170256406,-0.23110232455431934,0.4709198252420066,0.4355007765462906,0.07113773945676449
AGCGTATTCGACGGAA-D2_Stim,-0.16191023540786986,-0.08507932159863074,-0.4359642088600477,0.11132134265162108,-0.34821086832754844,0.02800397819930467,0.3233074824244273,0.04253061968560701
AGCGTATTCGGTGTTA-D2_Stim,-0.08526500504646073,-0.1439387501509266,-0.5182744078572803,0.14531656705444895,-0.0619046398387848,0.3818700034949156,0.29008321461264686,0.013662260499257783
AGCGTCGCAAACTGTC-D2_Stim,-0.11358999250411905,-0.06052357826813726,-0.40893292508537904,0.2387392546382845,-0.16448034368598208,0.2641010442198297,0.5494958144252404,0.1479463394970093
AGCGTCGCAGCAGTTT-D2_Stim,-0.18846302830865724,-0.07403475133447301,-0.46940315140362543,0.19645455475543727,-0.176907381759694,0.13599144140692765,0.4827760581434166,0.12761918425414898
AGCGTCGGTCTTTCAT-D2_Stim,-0.18845788873981917,-0.07289997730684661,-0.34508654533406435,0.10606986221332804,-0.26629577294003504,0.01994496592069872,0.17275018971335143,0.052580717894141316
AGCTCCTTCATGCTCC-D2_Stim,-0.09067864119545987,-0.06779410895071436,-0.5615633182284139,0.1694852824586235,-0.12332807230129994,0.31340153275319693,0.26565229674138635,0.06788202983834957
AGCTCTCAGAGACTTA-D2_Stim,-0.1047720103183245,-0.07129775575811692,-0.3707939088710539,0.1310442095543607,-0.051531047495775084,0.31359646587704404,0.20643683747964836,0.07642077197944808
AGCTCTCCATGAGCGA-D2_Stim,-0.12508479301779118,-0.028509398670262698,-0.28796618457947076,0.1898913629014185,-0.26369946699543867,-0.044956537844736744,0.23195350169916296,0.10701489761839866
AGCTCTCCATGTAGTC-D2_Stim,-0.1370769393896154,-0.08406252280847148,-0.24464889597294892,0.09239237861151572,-0.0536989875899625,0.16051598834414982,0.36163703800682256,0.11501750551870771
AGCTCTCGTACCGGCT-D2_Stim,0.04830646840304631,-0.010709650988099284,-0.47594172057007,0.2342194657459018,-0.19125294500567236,0.293544383587637,0.9264644225423577,0.09639044813340547
AGCTCTCGTGAAAGAG-D2_Stim,-0.0653849392396868,0.004776717782370099,-0.40350720720532607,0.15675307004890726,-0.0949613470065156,0.3607198140196388,0.38456170121226396,0.028523037060613987
AGCTCTCTCCTCCTAG-D2_Stim,-0.1466209716062501,-0.09675996095963058,-0.5439789450330608,0.1342646281130797,-0.13090122418753758,0.3528940425168461,0.331930614200715,0.06031639953043744
AGCTTGACAACGCACC-D2_Stim,-0.17017886448515007,-0.14071470155538357,-0.6433713644660539,0.1502877048942235,-0.2088922385947498,0.42124576948363845,0.38940407915036257,0.012102378916457823
AGCTTGACAGGTGCCT-D2_Stim,-0.1822707850018528,-0.10051897339610605,-0.5781482805609972,0.1575660826364782,-0.13873863223667726,0.3607353020746906,0.2715154417347758,0.04696216451382007
AGGCCACAGTTAACGA-D2_Stim,-0.20747100143566932,-0.13144428864277735,-0.6660435218297245,0.2034612941009737,-0.22101910919104029,0.35941828552490307,0.45411557743332587,0.07244942272723875
AGGCCACGTGCAACGA-D2_Stim,-0.06856945781005841,-0.08497211901424073,-0.46386242561095514,0.20258568928704435,-0.07927328496843344,0.27104738070774914,0.491350917808715,0.08586291003361524
AGGCCACTCCCTGACT-D2_Stim,-0.16703833277333757,-0.04795002672605264,-0.23430996739008858,0.10538755199281447,-0.16915312530802318,0.09611954694880609,0.194441616366408,0.1103882349698182
AGGGAGTAGGTACTCT-D2_Stim,-0.1700356754136454,-0.11755326434597535,-0.6215466077864118,0.13450631105122035,-0.2001850771091256,0.3110164067345309,0.3393557039526609,0.03523377528546234
AGGGATGGTACTCGCG-D2_Stim,0.02302683374419523,-0.056640548625754406,-0.42060705770479423,0.24683902034243133,0.00962579525658036,0.5390977949767333,0.3659678975741967,0.13658434739130776
AGGGATGGTCACTTCC-D2_Stim,-0.11328356748744284,-0.024813291315417985,-0.2214108605930729,0.12098968808537336,-0.09698282525705793,-0.04623981569620561,0.015666328007462482,0.05129272229774351
AGGGATGTCTGCCAGG-D2_Stim,-0.12138368286695034,-0.13615066673646226,-0.7418636871824411,0.2663041183863051,-0.29986298232454445,0.4433452868697785,0.9089936378881767,0.12673988989160279
AGGGTGACAGTAGAGC-D2_Stim,-0.20732578742160968,-0.11056312536672408,-0.6684616468581002,0.14515088338286475,-0.15467122325408944,0.29707658741229004,0.4436353880369346,0.02340212705452771
AGGTCATAGTCGAGTG-D2_Stim,-0.12429454400421314,-0.06795227145350147,-0.28021181369158477,0.0555734505945491,-0.057612859026352936,0.09289582317760114,0.24722735596638046,0.06712158183104044
AGGTCATGTCCGAACC-D2_Stim,-0.10491425349458083,-0.09466803660363077,-0.6949531639691511,0.17077860490728547,-0.24517777330756196,0.37296210969214094,0.26125740684115417,0.048282926934415826
AGGTCATTCAAACCGT-D2_Stim,-0.06419550389452588,-0.08568780984315083,-0.600876988297804,0.19008394658684047,-0.20617777885519395,0.28438006131172955,0.38327790693468966,0.07449080361739568
AGGTCATTCAGTACGT-D2_Stim,-0.0816858969944736,-0.06450181740072125,-0.4474598599813877,0.15354106847184568,-0.12265715806230659,0.36696511023498246,0.2682062483967709,0.06375102732610216
AGGTCATTCCGATATG-D2_Stim,-0.08307510137428942,0.02100091392907011,-0.16489914111301474,0.09342106386135463,-0.17615996634111042,-0.07411858890614909,0.03518041885241985,0.05079752588182451
AGGTCCGGTAGCAAAT-D2_Stim,0.1251999011431444,0.003739954917060473,-0.6852116587752093,0.3817890350466975,-0.11841714212132715,0.540211772916189,1.2342095452909092,0.17613452256153117
AGGTCCGGTCCGACGT-D2_Stim,-0.1814540207673936,-0.12663751214511265,-0.67617805291518,0.22576518426993175,-0.32824989923894243,0.24541730657752048,1.0856827966064753,0.08981985443693397
AGGTCCGTCCGCAAGC-D2_Stim,-0.15958839292348692,-0.08471892821913762,-0.6331672400885946,0.19705434294521496,-0.21998582980920922,0.4201270356168827,0.3021934871018388,0.08227414839182323
AGGTCCGTCTTCTGGC-D2_Stim,-0.12856669218396455,-0.0446169164821022,-0.3792964525477851,0.1588330611449713,-0.08659394339589888,-0.043921200022492,0.15392865338113282,0.053428938676253424
AGTAGTCTCCAAACAC-D2_Stim,-0.27614209368697296,-0.09540664431202828,-0.4214705258905882,0.1055087661202343,-0.1657214693647262,0.03187222337356488,0.658265330606195,0.08398439455772966
AGTAGTCTCGGTTAAC-D2_Stim,-0.1066342249855019,-0.06876980397016297,-0.30484744427201704,0.11326439611568695,-0.04245597759770092,0.2546008578200265,0.4846961516131767,0.09703507402624822
AGTAGTCTCTTTAGTC-D2_Stim,-0.14894561118495986,-0.2054922699587305,-0.6113817068387277,0.16270845043655413,-0.17011134613378687,0.3886596324364575,0.3860839631416253,0.01761549618932534
AGTCTTTCAGTGAGTG-D2_Stim,-0.18995462285830556,-0.1616327641394566,-0.5972130282523427,0.1521323263636596,-0.23228942466908542,0.3073298847146493,0.26193064668613086,0.06589909433840901
AGTCTTTGTGAGGCTA-D2_Stim,0.0025421730712764656,-0.03601129018982263,-0.5270946503096212,0.20866788988760732,-0.040894850530046156,0.28570824113615245,0.9347882670717933,0.04016765139220624
AGTCTTTTCGAGCCCA-D2_Stim,-0.05994916030519626,-0.05687760730108771,-0.48386757973932326,0.21141508201456105,-0.07835819516744458,0.3485839698066755,0.3959738593355686,0.1325053108581713
AGTCTTTTCGCTGATA-D2_Stim,-0.08457357718538994,-0.0976189083763419,-0.39530200792300896,0.11407431702298965,-0.13080495001436,0.23273197966533132,0.6021598914175748,0.06560475818730716
AGTGAGGAGCAAATCA-D2_Stim,-0.09114518112273551,-0.029862477135546683,-0.2004900092128734,0.10574528457359733,-0.05898226957513053,-0.045074858843756616,0.048439998173527954,0.04777482011959755
AGTGAGGAGGGTTCCC-D2_Stim,-0.09714828505046036,-0.11117347312580961,-0.4605702372539362,0.2010775395751878,-0.24157427775273455,0.3103938262282835,0.43259092305769364,0.11324243219968544
AGTGAGGAGTACCGGA-D2_Stim,-0.029420564245386416,-0.03586424009714051,-0.4348799807491499,0.20320497118316716,-0.05651467777559738,0.41291900652039004,0.27140779667320825,0.09690082334372896
AGTGAGGGTCGGCTCA-D2_Stim,-0.20064923502522625,-0.044136746701173735,-0.23773208956878378,0.12764360427265053,-0.11321995738312118,0.10708887005140433,0.5336168968305159,0.10407832692311203
AGTGAGGGTCTTGCGG-D2_Stim,-0.1095941869514725,-0.2232612730468304,-0.914672956236867,0.15578640810579358,-0.013394444100006453,0.4072599808083712,0.48958766885422556,-0.019688939807156913
AGTGGGACAAAGTGCG-D2_Stim,-0.19136944729285155,-0.13797499305003313,-0.3457747683988446,0.10160972084496933,-0.1812633215018753,0.0012180379763560012,0.3726166663945172,0.07892186964133785
AGTGGGACAAGTAATG-D2_Stim,-0.26989424680060736,-0.15331473362594572,-0.45738223064164707,0.16105264483626058,-0.23726639351480472,0.015860468639747438,0.5410190748561092,0.08872211616282755
AGTGGGACATGTTGAC-D2_Stim,-0.14832453063997875,-0.09477636430791847,-0.361014202326837,0.08776982914882225,-0.07546955314734838,0.14673279559577423,0.2741679743762351,0.07541317744800224
AGTGGGATCTGCTTGC-D2_Stim,-0.0436116485844682,0.018455345032002413,-0.33796533484178504,0.15705660503786234,-0.07897370531425274,0.20884061319597969,0.20782638045598034,0.14693847710766228
AGTGTCAAGGAGCGAG-D2_Stim,-0.2199521276135883,-0.132644832256128,-0.5438297348789245,0.18107887028999947,-0.17261089564672716,0.39140333233230606,0.415341958176632,0.030571902362284575
AGTGTCATCATCGGAT-D2_Stim,-0.11983839211999658,-0.06496012891877889,-0.3926324416185789,0.18921741738164322,-0.12296889157533819,0.21915821467024443,0.4157697738552937,0.09824548317756232
AGTTGGTAGAGCCTAG-D2_Stim,-0.18404052612583932,-0.06291603522333489,-0.3997296921368534,0.16947618374618756,-0.24265323680162787,0.08965638269188148,0.29413187638285265,0.1153306450831284
AGTTGGTCAAACAACA-D2_Stim,-0.2113561393130876,-0.12267249280736614,-0.42500893934326633,0.13344595304722873,-0.0897641888159324,0.1965199619454303,0.5215535578495789,0.0923660998355782
AGTTGGTCACTTCGAA-D2_Stim,-0.0660046119456208,-0.06978879108917546,-0.5512659977723597,0.18158954319520326,-0.2396197230099304,0.21266778394388908,0.6006756406903122,0.07603228652807204
AGTTGGTGTGTAACGG-D2_Stim,-0.11074918305492432,-0.11365534596608384,-0.40855017305475805,0.2256261784996969,-0.04593550606311503,0.5459237067378702,0.5537842130770727,0.13365456927722796
ATAACGCTCATTGCGA-D2_Stim,-0.12597617116175108,-0.13864546248328224,-0.8165653051926398,0.1634511092008175,-0.1721203396486839,0.47484648610379665,0.4463954981827607,0.018497117630616344
ATAACGCTCCCTAACC-D2_Stim,-0.062774518225579,-0.004459732752858159,-0.18290956073272646,0.08443954578116575,-0.06185795795539839,0.008889321589393262,0.07391947874272731,0.0696408346246109
ATAACGCTCCTAAGTG-D2_Stim,-0.24964991371745704,-0.14335466447250056,-0.631585957889925,0.14172132321856168,-0.2042137647127671,0.33000460371307483,0.3310065035346801,0.03632607592833281
ATAAGAGTCAGGCCCA-D2_Stim,-0.10172887509215656,-0.09321038206656418,-0.4277708922850483,0.23649452972809115,-0.08586386764953069,0.5318671113100653,0.44565431852476944,0.15215184522122982
ATAAGAGTCCTGTACC-D2_Stim,-0.05310808269906886,0.016107846498083944,-0.1312190509023523,0.08498390450911053,0.019831091803228063,0.11543481908064379,-0.07233691413942367,0.10481007653944552
ATAAGAGTCTATCGCC-D2_Stim,-0.0999703515396142,-0.022358641864659745,-0.3291964776742162,0.20278474505350452,-0.09930275996163118,0.21674217810089402,0.41875863164374927,0.13232719161609907
ATAGACCAGACCTAGG-D2_Stim,-0.10806213406335097,-0.06279270473861942,-0.5526962009423979,0.21591881335580076,-0.19381025790694117,0.2256149289646583,0.47378936187265985,0.08418758780588576
ATAGACCCAGTTTACG-D2_Stim,-0.12943914973632253,-0.08698532516175206,-0.5230142782668246,0.23119493209539854,-0.17658692039335655,0.2982072561437725,0.45469142371525706,0.1374913227326573
ATAGACCCATATGCTG-D2_Stim,-0.29006466217276206,-0.21616194921560172,-0.8467595413938209,0.19364513958147356,-0.14930471890914454,0.42734022996057774,0.9956188910392916,0.08893142914285335
ATAGACCCATCAGTAC-D2_Stim,-0.09666818324572723,-0.06510383812263854,-0.3984759543275125,0.1527043896238922,-0.039847365004886726,0.2843921003290948,0.20843039669247077,0.09319089522910318
ATCACGACATCGGGTC-D2_Stim,-0.10651068437648625,-0.05749379290313961,-0.4521570246627986,0.09851251563935293,-0.12194771252554304,0.05854086572089834,0.34806238082173735,0.08117382923516558
ATCATCTAGCGCTCCA-D2_Stim,0.10225755213182097,-0.010240758925343485,-0.7538993889778229,0.3798183788615237,-0.18276070808815703,0.5063083975267748,0.7403080868235747,0.19789712245181335
ATCATCTCAAGCGCTC-D2_Stim,-0.1513729700412778,-0.08327264321637884,-0.6933440870716652,0.16408085123233285,-0.15725641347898645,0.30009612045258827,0.3256679303029646,0.0163642657844445
ATCATGGAGGAATTAC-D2_Stim,-0.27117018209230004,-0.11501520202843984,-0.49250849679967956,0.27524042655815606,-0.09647482288382925,0.522063114417044,0.8652803565686966,0.11958152705883585
ATCATGGCAGTATGCT-D2_Stim,-0.12442841920742431,-0.09798218881540777,-0.5445368314695376,0.18296207957821053,-0.1408543684689718,0.32909245280151467,0.1921915783240209,0.03835462168270176
ATCATGGCATGCAACT-D2_Stim,-0.14394031961678522,-0.042118189917378146,-0.21968024464156777,0.11643150549554804,-0.10993816938600531,0.041018398044148086,0.2819730083357044,0.1028015527972812
ATCATGGGTAAATGTG-D2_Stim,-0.11243032931196417,-0.05526177601191051,-0.3313907626005683,0.16461242955012167,-0.12297578220394989,-0.05783358572202424,0.28096856207731946,0.047067079964493885
ATCATGGGTAGCGATG-D2_Stim,-0.14109213130946152,-0.07267614342335271,-0.2906829401823856,0.08057317264207065,-0.07200478785525455,0.10914334015916438,0.18552594356866692,0.06593730472222425
ATCATGGGTTGAACTC-D2_Stim,-0.1838826811280967,-0.11258457711573833,-0.36577053193517806,0.06817779547498404,-0.20817239728386738,0.015441063261139476,0.021901708115876772,0.0075429331362713015
ATCCACCAGAGTGAGA-D2_Stim,-0.12645322400639536,-0.028262429790734345,-0.2526961625258437,0.16320540571805786,-0.10101327589118014,0.2615786436469314,0.41887884926934404,0.12395718450067506
ATCCACCCAAACAACA-D2_Stim,-0.09419409180604355,-0.2717970028521073,-1.0087428416243078,0.16127759280099596,-0.07524816472349727,0.42332705629906187,0.5383738688861879,-0.0222562782874558
ATCCACCTCGGCATCG-D2_Stim,-0.18901406745533755,-0.13756135481557408,-0.764726764937663,0.1793381197436048,-0.27805176226183725,0.45742236076051945,0.51381205711193,0.048488883242329806
ATCCGAACAAGCTGGA-D2_Stim,-0.07786895833534757,0.006997645214406489,-0.4468652002526401,0.20729769104120876,-0.20286221690078143,0.17168624307823066,0.1650217305663606,0.15287630624850657
ATCCGAACACCGAATT-D2_Stim,-0.07486459110807431,-0.08798710398711052,-0.5443445776570286,0.24150365393171036,-0.26915439469093094,0.337303262750817,1.0714490401902736,0.08535247504504895
ATCGAGTCAACGCACC-D2_Stim,-0.13831686904097928,-0.04032444246922573,-0.2059476365429873,0.07391234929161783,0.008706159552081871,-0.0846694116737865,-0.00215669623257142,0.02827945294620271
ATCGAGTCAGTATGCT-D2_Stim,-0.02563136620128681,-0.1335550010217581,-0.2259919474698613,0.14888882934505077,-0.00730470649498649,0.3552046459457614,0.34257828940668666,0.05571864658421255
ATCGAGTTCTGGGCCA-D2_Stim,-0.09411792069844438,-0.04729449833140542,-0.3389135992504144,0.14555471949295473,-0.10933029364402813,0.2497700692681768,0.2999398395424002,0.1072525127267614
ATCTACTGTAGGCATG-D2_Stim,-0.11930133461422798,-0.07152740909263144,-0.3004144408828253,0.10830278513846281,-0.09958279560480321,0.13612115669933544,0.3894737471060914,0.09145820997238019
ATCTGCCGTATCAGTC-D2_Stim,-0.22219667297838797,-0.13738701436530398,-0.6200116540163609,0.2138003450454402,-0.24057674992385714,0.39875793580614705,0.3567161093607867,0.06262822832933601
ATCTGCCTCAACGGGA-D2_Stim,-0.1378703082117898,-0.05957166328161989,-0.6790563897308157,0.25789567160742166,-0.2691772627213478,0.4284329366362183,0.3769672946476881,0.18177250713655901
ATGAGGGTCATCGCTC-D2_Stim,-0.12065588574230901,-0.06768475284342124,-0.26724353907183485,0.055625900451465426,0.02807367863986343,-0.01531036525033791,-0.15768748537100308,0.02007935071440592
ATGCGATCAACCGCCA-D2_Stim,-0.17866952413818993,-0.11861720697539369,-0.5934844081830235,0.15680332848914347,-0.12509110102030085,0.3526669944064249,0.3496824379600749,0.09025819255107059
ATGCGATCAAGGTGTG-D2_Stim,-0.0738355289348398,0.005615772621103687,-0.30587327903457684,0.1590010932277135,-0.17563556975019878,0.19204353333983093,0.19014634763365024,0.11984860694254529
ATGCGATCAGACAAAT-D2_Stim,-0.16923954936764218,-0.0905927717148618,-0.5349942866645456,0.14297645290906225,-0.2567184377430838,0.18886359041154321,0.6048132282492595,0.10403521408772676
ATGCGATTCGTATCAG-D2_Stim,-0.030624372875591277,-0.13357955133923127,-0.3625668102679569,0.1732129442166066,-0.02838168896377624,0.2961012488102739,0.33715236698057893,0.06529541555486063
ATGGGAGCATCCGGGT-D2_Stim,-0.20266694229043303,-0.05393171776716521,-0.397647091001466,0.1457382038413524,-0.3156294676182245,0.060581058121828235,0.2432729437017631,0.13027162789308022
ATGTGTGCAACGCACC-D2_Stim,0.020310541802802007,-0.07506142901545232,-0.3866956971305502,0.12482166320601529,-0.08485932596731338,0.253646198284744,0.126668745769976,0.0272389062402123
ATGTGTGCATATGCTG-D2_Stim,-0.13450758602597368,-0.09487149056783117,-0.3682317863560005,0.19627453278151918,-0.1601456868753477,0.17490934634801825,0.8387182759962304,0.06000916306985715
ATGTGTGTCGCATGGC-D2_Stim,-0.13011049775189498,-0.061545330428740996,-0.43405813487134104,0.18744144669276785,-0.15840463071957167,0.20610600548489266,0.45029024577823407,0.08049258901194989
ATTACTCCAGGAATCG-D2_Stim,-0.138523501656584,-0.0630707931898602,-0.3045749926125323,0.10056264870882359,-0.29463653084740926,0.02257144793416188,0.20470124517388655,0.07210627884374787
ATTACTCCATGTAGTC-D2_Stim,-0.12728461370046418,-0.07776262201773143,-0.46429845970369144,0.2047865342303936,-0.16470329788419313,0.30860939480293403,0.47460687093474974,0.10435768652448907
ATTACTCTCTCATTCA-D2_Stim,-0.09886117743399225,-0.0405201117033247,-0.37990632492231136,0.25368279946926364,-0.1951764100139215,0.2640417987205499,0.4419187709560344,0.13776988419197345
ATTATCCCAATTCCTT-D2_Stim,-0.08919042215444328,-0.07487323981509242,-0.7123165526506998,0.18709020870512916,-0.21539652623053662,0.44733738830732683,0.3370177485807879,0.08182386876588055
ATTCTACCAAGTTAAG-D2_Stim,-0.048010083965792205,0.02032856623885415,-0.18626098421612092,0.0636485938100293,-0.023983772152584848,-0.014344507797737549,0.07402671326915211,0.057596887700373856
ATTCTACCAATGACCT-D2_Stim,0.038125435364566584,-0.021222398033515333,-0.6775188054739463,0.12093734026390024,-0.10779365119329576,0.37912389522874257,0.23225460416277333,0.021358483241165516
ATTCTACGTGAGTATA-D2_Stim,-0.1192045638457877,-0.07623675096780147,-0.47019811901164843,0.17972324472207113,-0.23647258556527362,0.3347896715833265,0.27837294861178474,0.053467936108788194
ATTGGACAGGTGCACA-D2_Stim,-0.08512352814583046,-0.02879097516954765,-0.42110719760539617,0.17611733317048817,-0.18081179019958782,0.20288862397143248,0.26574457234370463,0.09831257475280353
ATTGGACCAGGCGATA-D2_Stim,-0.3208779316339321,-0.13172551944873945,-0.4499753608922177,0.14295017595994253,-0.27927480470121324,0.18982323813087731,0.6553049907625716,0.074356304641368
ATTGGACTCCGCTGTT-D2_Stim,-0.2023701453731892,-0.10550021167300194,-0.5459467554497808,0.1666669620102681,-0.23349869875041485,0.14413769916109231,0.5369266261683912,0.10521335837115942
ATTGGTGGTACTCGCG-D2_Stim,-0.08508431045953024,-0.013719439114330712,-0.15431692975062905,0.09161798483667027,-0.013684493227264838,-0.0628394523760818,0.035109224116101956,0.05014812497643817
ATTGGTGGTGGCAAAC-D2_Stim,0.011355168115693814,-0.0436501165719001,-0.32175106173124135,0.25668375725187786,0.10466683149796552,0.4877809395612971,0.34031666502334,0.13481452333938826
ATTTCTGGTTAAAGAC-D2_Stim,-0.12962598458143937,-0.06755134296347975,-0.5122884339614924,0.21801201638186285,-0.019998610583481735,0.4244476694116308,0.5499489301851632,0.09889895161573747
ATTTCTGTCCGAACGC-D2_Stim,-0.19251620956179138,-0.12346605102894159,-0.7788810849270202,0.18229277444632075,-0.26896708210693987,0.3463544313643627,0.37675644730668445,0.06405843125657995
CAACCAAAGGTGCTTT-D2_Stim,-0.09443206153385653,-0.03870656010103524,-0.3225255095141044,0.11635883339529762,-0.09592375563684641,0.1373111998140235,0.18786394791187533,0.10624892820534448
CAACCAACATGGTCAT-D2_Stim,-0.2512432624749241,-0.0903082344810322,-0.4172363822762257,0.1367643634760647,-0.2671561351435514,0.059030447220687066,0.34921447913922776,0.11021918880041959
CAACCAAGTGTGCCTG-D2_Stim,-0.15059202833147367,-0.0867767058287594,-0.6830374173807208,0.15489304543445925,-0.18033941284574162,0.3347477905511749,0.3025633372175607,0.016340486354852857
CAACCTCAGGGCTTCC-D2_Stim,-0.22935862536041007,-0.11738581438212847,-0.4816923565089688,0.12168712267530246,-0.12958379419843702,0.09200580184495344,0.9656199658950086,0.07187549693763096
CAACCTCCAAATTGCC-D2_Stim,-0.10214729903077746,-0.03408893237844701,-0.2293817369516118,0.12171173871100294,-0.10051421311715991,0.014342446427155764,0.12493043075524923,0.09410998350243283
CAACCTCCAGCTGCAC-D2_Stim,-0.08101551384146433,-0.10448960954397002,-0.701731789086601,0.27516550188342315,-0.2530546212374958,0.391241806142439,0.8297004065623241,0.1260754990685644
CAACCTCGTATCACCA-D2_Stim,-0.09334064025603972,-0.05801631027129517,-0.3402570265791809,0.1463312274011379,-0.05713063944186558,0.2903038926869552,0.28509011514338667,0.09540578909447817
CAACCTCTCATCACCC-D2_Stim,-0.11913497161156883,-0.046552106937854276,-0.3416654892099693,0.1523326726500418,-0.17364911364043145,0.0845362876700797,0.6160261144951562,0.11219643658283829
CAACTAGGTAAACCTC-D2_Stim,-0.25922677837562347,-0.13859978618893187,-0.555423193462488,0.10033678260096934,-0.10902506975073223,0.2928789284188049,0.29980864021469156,0.022558273458891165
CAACTAGGTCGCTTCT-D2_Stim,-0.15658145835575255,-0.09239669682970941,-0.5281133652544643,0.1487871669099725,-0.13577799158819914,0.2283294414770598,0.4937894305572712,0.10774556168530225
CAACTAGGTCGTGGCT-D2_Stim,0.027692618378861056,-0.07492277268501546,-0.4272692028247871,0.20119546834936486,-0.04783403116779361,0.49937181676031805,0.40148793728382426,0.11521167554193035
CAACTAGGTTAGATGA-D2_Stim,-0.10299892756112783,-0.05397136118766177,-0.3409856093716215,0.15045776975049563,-0.0900900014957422,0.29111148416492405,0.26234625706523307,0.10324877238936025
CAACTAGTCACTCCTG-D2_Stim,-0.07639464591280642,0.0044275635200161645,-0.3943331717237104,0.21106388211837945,-0.1443817077492877,0.20748116318412713,0.2957901264214211,0.13986007105087772
CAACTAGTCCGCATAA-D2_Stim,-0.16042569504845083,-0.07966842318778866,-0.23789339686990196,0.11681645023181986,-0.05567870653708873,-0.04157226264073621,0.2410968716582751,0.05657168512243871
CAAGAAAAGAGCTGCA-D2_Stim,-0.127937521999117,-0.05048357458080943,-0.3287621136775254,0.05986095326419516,-0.11188367385400433,0.08631759540476303,0.3976003080387063,0.05508595314261733
CAAGAAAAGCGTGAAC-D2_Stim,-0.11268138403334049,-0.07993860182066292,-0.3220835750186719,0.10717773914950968,-0.028493514622596194,0.2674434375562491,0.26997694644719594,0.08885784880819259
CAAGAAACATGGTCAT-D2_Stim,-0.16269444010950096,-0.07661264729946105,-0.29308819740790426,0.18787797976558807,-0.047874773591075837,0.25908384567868836,0.5140910345489296,0.1217351935439499
CAAGAAATCTTCTGGC-D2_Stim,-0.10921161991763206,-0.061485173316816244,-0.3041216454262994,0.0869416531264342,-0.06991052821617316,0.24930385790602294,0.23092744294172185,0.0790074490359256
CAAGATCCACTTACGA-D2_Stim,-0.10065830847211998,-0.03491650806913249,-0.2852686985139279,0.14659061733138046,-0.10513920237462315,0.03062122098360298,0.20943226198893683,0.11374204748685379
CAAGATCCAGATAATG-D2_Stim,-0.1534372686961003,-0.17323338635856445,-0.6160882359903024,0.1712059431837929,-0.12608761941461566,0.4164692518439157,0.5938485687420494,0.06779382261292355
CAAGGCCTCTTAACCT-D2_Stim,-0.27047571760626177,-0.1568756517279244,-0.6528579687490232,0.17205724491730834,-0.2240373261534092,0.35080403875123345,0.38425087757127496,0.038618716848276335
CAAGTTGAGCATCATC-D2_Stim,-0.07238218972020327,-0.01576421467854594,-0.31010182978784684,0.13790990487096977,-0.06381251929263243,0.2667067250713018,0.25155143200657015,0.1200447849880053
CAAGTTGCATGCGCAC-D2_Stim,-0.08835723270232698,-0.01580143833011327,-0.1646908701734615,0.13578757229664973,0.013292965791583455,-0.04971625756090425,0.05297889545820311,0.05045963057503933
CAAGTTGCATTGGCGC-D2_Stim,-0.07942286633208795,-0.046076143139488934,-0.5090093654712984,0.2460257958947203,-0.24081103649091773,0.20717875370237238,0.7427309958371549,0.11887432430921585
CAAGTTGTCGGTCCGA-D2_Stim,-0.08679483654077202,-0.0383796265952796,-0.16533517422417177,0.03546396930942386,-0.05629552159849105,0.041279889684883386,-0.07312284503043287,0.06741007492063922
CACAAACCATTCCTCG-D2_Stim,-0.0634521012723912,-0.015514351633207468,-0.294249614780389,0.17895900912854756,-0.03722361067010915,0.06122868229726208,0.2914936875457421,0.13960661382627393
CACAAACTCACCTTAT-D2_Stim,-0.06145204032098306,-0.0317493678518872,-0.06336455689803877,0.05317167536112244,0.20146675434969907,0.11588145768077496,-0.22513381562009016,0.05312807423471888
CACAAACTCCTTGGTC-D2_Stim,-0.008226633744042644,-0.09493353331816756,-0.38449925723893585,0.29197750829829694,0.03356054668848785,0.5396918178642469,0.467514588663116,0.14327964370794355
CACACAAAGAGCTATA-D2_Stim,-0.252957003677162,-0.13165491144462216,-0.34085384789513373,0.10301560357482131,-0.1706324146907363,-0.022047614935678084,0.5129646124872878,0.07925415112743295
CACACAAAGTGAAGTT-D2_Stim,-0.2915459788969166,-0.13534966245872404,-0.4765028177630688,0.08399231151921782,-0.25040468847065434,-0.0034199280636943996,0.6020971105825215,0.049194482851744326
CACACCTAGACACTAA-D2_Stim,-0.009717389084153538,0.02778356102767532,-0.12387902672546769,0.1021293127678824,-0.11610859818760488,0.029690165363181364,0.15911602652250778,0.06629427329743898
CACACCTTCTGCCAGG-D2_Stim,-0.2295072820336177,-0.10247614452043052,-0.434041053099099,0.19600900252453002,-0.2478108313427665,-0.022173560033243334,0.36791652782561,0.09425197325786527
CACACCTTCTTGAGAC-D2_Stim,-0.1386930268559059,-0.06501530544458944,-0.4619008261929789,0.21913703444422694,-0.1944335140960689,0.24896453641885152,0.3586223623428868,0.09441516219622592
CACACTCCACGTGAGA-D2_Stim,-0.2397850641206496,-0.1294466476539533,-0.7102424950658506,0.1400749651259705,-0.21068624024058558,0.29913841356730053,0.2755645118465937,0.02375503212629937
CACACTCCATCGGAAG-D2_Stim,-0.04171051838622297,-0.09558049352810727,-0.5204260094646251,0.251861311120928,-0.030895499810364768,0.591526834672699,0.3839538582414752,0.123784971085664
CACACTCGTCCCTACT-D2_Stim,-0.18193140350848758,-0.09480863365658188,-0.6998848702698979,0.19133810809724494,-0.21996361176230472,0.44436205920300687,0.4039507592397902,0.052754816039440655
CACACTCTCAGAGCTT-D2_Stim,-0.15159978670183172,-0.07743123360965853,-0.34637111217631134,0.06825108208601449,-0.1374660394722138,0.02609732353418437,0.37763604294297437,0.0970837712691548
CACACTCTCATGCTCC-D2_Stim,-0.05942505708476453,0.015731643190525446,-0.36779397816760806,0.19197299155312386,-0.07751310598495742,0.2567172619326161,0.3316483982203451,0.18359424686905257
CACACTCTCTGCGACG-D2_Stim,-0.12804107685639465,-0.10044784900029136,-0.43519383538240497,0.164611511710552,-0.08019567369798608,0.23207519006273358,0.4930791185818997,0.0669484251424528
CACAGGCCACAGACAG-D2_Stim,-0.06604823999565568,0.007353887735540354,-0.45103465594761794,0.25180060466906085,-0.21092878097475953,0.3014317160233393,0.40184837582310884,0.1986899444731307
CACAGTAAGACGCTTT-D2_Stim,-0.09363125249270077,-0.0563087258498598,-0.47067446596047624,0.09359510950366534,-0.09012073716203162,0.2545510037566796,0.4500608108971891,-0.0032855399484539305
CACAGTAAGCTAGCCC-D2_Stim,-0.12840990914481232,-0.09251396673149692,-0.5437697651250897,0.14471434299052355,-0.16913848081326321,0.305091041434137,0.23359762139933338,0.01975253555663592
CACAGTAGTTGTCGCG-D2_Stim,-0.13821649839879768,-0.05652385871836252,-0.2550506926474334,0.13714059031707393,-0.20411186916200386,0.025018250986846624,0.3336201633271756,0.10250500155285813
CACAGTATCGTGACAT-D2_Stim,-0.08162724922258846,-0.008881595316807989,-0.4229607538885727,0.23445597692625775,-0.21139155450925173,0.41808635839264063,0.29499188504278706,0.1491531763844023
CACATAGAGCGTTGCC-D2_Stim,-0.09718186783693206,-0.06571972953197758,-0.32142563198464913,0.106939761807471,-0.06189054145534989,0.2644630737888374,0.2436052906614954,0.09580432339916811
CACATAGCACTTCTGC-D2_Stim,-0.09994704665105303,-0.065073073497814,-0.5423340972422288,0.21261447808023348,-0.22699359808900255,0.34151659444389537,0.3789444884564954,0.15093216430529388
CACATAGCAGTAAGCG-D2_Stim,-0.17002454050028604,-0.08449000518255545,-0.5719589074315472,0.2074062745258658,-0.36526310472679846,0.14160877538631134,0.6669102864594603,0.10068985430409505
CACATAGGTTCAGGCC-D2_Stim,-0.23957337621417452,-0.08940099809475655,-0.312796658782708,0.03241562965001421,-0.011757053642897475,-0.028071304947840048,0.6445294709154492,0.04420879524518817
CACATAGGTTGTGGAG-D2_Stim,-0.20154797544331693,-0.14052182062181373,-0.44647438563457875,0.11098232423347376,-0.009234145984889253,0.26461653092820114,0.351558486981304,-0.00830465673818992
CACATAGTCAAAGACA-D2_Stim,-0.10071241415304222,-0.046659345738964575,-0.27204017494081967,0.09532645649628968,-0.08232231494661413,0.1940269106652135,0.35465995187480104,0.10596529125461096
CACATAGTCAGTTCGA-D2_Stim,-0.2073845525153395,-0.11628276864808385,-0.6963342346595311,0.20161644337322748,-0.2518268083559967,0.28708840651304435,0.4484515127088802,0.05128419033834675
CACATAGTCCTCAATT-D2_Stim,-0.18747420920762004,-0.10435350265814947,-0.7465386674387684,0.2517507833509516,-0.26349161324269765,0.30258780345312,0.7234088852002962,0.07107198329640063
CACATTTAGTGCGTGA-D2_Stim,0.04544367245092573,-0.04758743065746529,-0.33941341898250244,0.25000344717826195,0.06723874210338465,0.5449889577092488,0.3133812968672949,0.1366535859300413
CACATTTGTAGGGTAC-D2_Stim,-0.055817369700744024,-0.07019682113529768,-0.40713271852348143,0.1268071333942249,-0.12332738392393594,0.27815501560622913,0.27798165633755456,0.06585054308015081
CACCACTCAGCTCGAC-D2_Stim,-0.25501303216900695,-0.14722404771437958,-0.691943296704002,0.16161201030200267,-0.18565058854177963,0.3462966697918741,0.33043180848169396,0.03843227025259921
CACCACTGTGGTACAG-D2_Stim,-0.2758899465400848,-0.13836938486929817,-0.4716014875342882,0.18104914634553104,-0.26376731033585976,0.10895843467553235,0.5726075824181667,0.07065824645754937
CACCAGGAGTTATCGC-D2_Stim,0.0017817369990602572,-0.04564018021246241,-0.5316533380031832,0.2864726652618721,-0.06397421299882033,0.6445525783844772,0.32727335414829106,0.11967759135796285
CACCAGGCAAGAGTCG-D2_Stim,-0.08934273915170543,-0.09125136851514704,-0.7739845780856278,0.33215450632824783,-0.3871108416982736,0.3729341202684786,0.8227703618589963,0.16017215565014808
CACCAGGCATATGCTG-D2_Stim,-0.1776853237745648,-0.06740199147207449,-0.5615543292418135,0.19323684807339347,-0.17983255616555738,0.2552969791769222,0.30573787824396614,0.06821969991718291
CACCAGGGTAGCGCAA-D2_Stim,-0.060568741092234646,-0.01824090406971024,-0.4382970468815408,0.21531631767559745,-0.2210970282849729,0.36986086126768747,0.13004428797684753,0.11280690123166437
CACCAGGGTCACAAGG-D2_Stim,-0.056583526969777864,-0.059038658547363454,-0.7474274335464042,0.266376687658644,-0.1646239160620766,0.3604518321282715,0.939327248551808,0.07529058285641632
CACCTTGAGGACCACA-D2_Stim,-0.19781921532442226,-0.11162636474970888,-0.6251240390899842,0.12328856088887363,-0.1446678734019322,0.29192628783154184,0.30853481883853373,0.03478274048084273
CACCTTGAGGCAATTA-D2_Stim,-0.11825990380110873,-0.04032153965298413,-0.2846645137135466,0.13815336269446554,-0.10038372755272462,-0.053320739917692705,0.17003264660247197,0.06884753723660708
CACCTTGGTAGCAAAT-D2_Stim,-0.14749902511629465,-0.06589961899666363,-0.3154856328866513,0.05851460820412058,-0.1260325838128793,0.011809184155293195,0.38367296639149373,0.08660681865860731
CACCTTGGTGTGAAAT-D2_Stim,0.04209942889833407,-0.022083697968927396,-0.6419279443123465,0.26016404009233085,-0.09503916659603107,0.36890415328072734,0.8303574801165023,0.08881689198465459
CACCTTGTCATAAAGG-D2_Stim,-0.11334265504136454,-0.07220927092383889,-0.49335882986364155,0.18743230889571016,-0.0967291994486903,0.3151555398772885,0.4421032529289368,0.10295324382968296
CACCTTGTCTTGTTTG-D2_Stim,-0.16527707517262513,-0.03832497096078136,-0.43598738685998484,0.19668545703447293,-0.2663247145063732,0.12277299813460552,0.4066815882459487,0.12225258603387168
CAGAATCCAGTCAGAG-D2_Stim,-0.09946612472405114,-0.02021228250918128,-0.2983494800260891,0.09727627445765208,-0.13014710247140293,0.05672138070334576,0.2573931005551877,0.08666112876770171
CAGAATCGTCTGGTCG-D2_Stim,-0.3044144035033671,-0.18007498525228272,-0.8869932715696667,0.2213420055475197,-0.2775925206785814,0.5136536722668925,0.4801512163716497,0.04325373911178154
CAGAATCGTGCGATAG-D2_Stim,-0.07162240800839648,-0.17145542407184067,-0.6898507872257174,0.10662042305714081,-0.11825447147361778,0.33733758789752777,0.46910496807139257,0.030215243319048568
CAGAGAGTCAGGATCT-D2_Stim,-0.08191316123837566,-0.10268749465262061,-0.5639368848513584,0.25688718378052755,-0.12356798962611215,0.5840782257717194,0.5152541346229054,0.10763054466902489
CAGATCATCATCATTC-D2_Stim,-0.25653323273239614,-0.15084266998149332,-0.7015188240385264,0.20124744952485507,-0.2139761532328457,0.31247083724829494,0.4209890856098619,0.06752674101544898
CAGCAGCGTATTCTCT-D2_Stim,-0.07555210133770629,-0.08022261515237616,-0.2663895828236331,0.06290887517106114,-0.19309223278498422,0.03390901247864164,0.1531587264003953,0.0367405568873167
CAGCAGCTCCATGCTC-D2_Stim,-0.13327628573467543,-0.05868970131075635,-0.42131524902917583,0.15953604790552944,-0.1863137300945361,0.3479507043862551,0.3110338147291474,0.11376898409929481
CAGCCGAAGATGCCTT-D2_Stim,-0.1543062461619229,-0.16872320318190148,-0.5428546124334126,0.11987441927139919,-0.10237099211908429,0.44177935095860654,0.3693417979616429,0.012849585220587656
CAGCCGAAGCGTAATA-D2_Stim,-0.18777917919471854,-0.23606296217775657,-0.7969603800231422,0.14310226536753312,-0.007600195092798856,0.43705927159385105,0.5478864713942224,0.021606969566693834
CAGCCGAAGCTCCTTC-D2_Stim,-0.08735963637936628,-0.047461695224546574,-0.4639336465868027,0.1625434113933295,-0.07201529867409029,0.42942944597602306,0.23390820586677208,0.07201781658779716
CAGCCGAGTGAGGGAG-D2_Stim,-0.08605163909943236,-0.09852874274095136,-0.7722791038097707,0.14812720289966208,-0.2210760062461894,0.24999261637175607,0.4030110501306696,0.017662696908681497
CAGCGACCACATGACT-D2_Stim,-0.12722374157440086,-0.02895036122284722,-0.4040123198720895,0.18626643958752354,-0.13420417033681709,0.15257991219299072,0.42916298077219217,0.12765956578811277
CAGCGACGTCAGAAGC-D2_Stim,-0.15697032681026002,-0.10475406059921077,-0.7243989695746116,0.2336870658278407,-0.29121708643975275,0.3359334551503146,0.8065457530715774,0.046151316747083726
CAGCGACGTTAAGGGC-D2_Stim,-0.06511558718856669,-0.002274616890508341,-0.23758303355452703,0.12350702937753333,-0.06418622170652277,0.24893895164008661,0.22743005028356045,0.1425527764269212
CAGCTAAAGCCGATTT-D2_Stim,-0.06178367536428908,-0.050792931632544835,-0.46332956159090166,0.21700969087329192,0.0017203419804339148,0.4762640496710482,0.3327033616110997,0.14519020632392632
CAGCTAAAGTACGATA-D2_Stim,0.012872214591395092,-0.10757491635369831,-0.4901887399608089,0.2136073806840706,0.018616008753550517,0.46075734708815297,0.34442371014379525,0.10530259943834785
CAGCTAATCAGCTTAG-D2_Stim,-0.15674592690370304,-0.03176870643644669,-0.16292946890699866,0.05142363263482075,0.007862512031440616,-0.10130853726673195,-0.06978751756323831,0.0382648356681905
CAGCTGGAGACATAAC-D2_Stim,-0.08293829613040771,-0.04225348569234022,-0.2650914176800363,0.1478158087362651,-0.09996536185911076,0.2411463493151551,0.36431705333257014,0.11308770366060372
CAGCTGGAGATCCCGC-D2_Stim,-0.1475971623153498,-0.09515920291623203,-0.733255903272843,0.19781691880226226,-0.33451765793851784,0.37299358312171016,0.4617998989711838,0.07160169067784494
CAGCTGGTCAGGATCT-D2_Stim,-0.1886425239166858,-0.09897083404967155,-0.4735997576334441,0.12316101936941237,-0.2115920646222218,0.12423960408026069,0.43039581061727716,0.06445247517779862
CAGCTGGTCCTAGAAC-D2_Stim,-0.15883044991313078,-0.10681452593857443,-0.49390242008373164,0.17474154447472223,-0.1295791934511108,0.39036647738607577,0.3634217078768742,0.08927475955403708
CAGGTGCTCAACGGCC-D2_Stim,-0.10941998781691531,-0.07372175377171786,-0.49768371666170097,0.16755573375982102,-0.17036426818197015,0.26380993719084067,0.2659833053310878,0.08617596385599136
CAGGTGCTCCCTTGTG-D2_Stim,-0.023068298434465007,-0.08328618844098656,-0.2739997277440285,0.21979355015407265,0.044326534350918934,0.42686181129697154,0.4479590593341509,0.12581317481817145
CAGGTGCTCTCATTCA-D2_Stim,-0.2058584646425583,-0.11954718799265862,-0.6470967072138638,0.1788781874968901,-0.1600500468643684,0.31560841312303367,0.48398590503285277,0.09845507752678095
CAGTAACAGGCTACGA-D2_Stim,-0.21018272131147597,-0.10608772249308096,-0.6054212337263802,0.1699144590090338,-0.1741768839847957,0.31879401907394467,0.3955256168518497,0.06228310562775263
CAGTAACCACGGTGTC-D2_Stim,-0.0204152856761759,-0.04038074021016769,-0.4068620382873416,0.15454073236676003,-0.06634585584783537,0.368983655922797,0.2576725810505627,0.06602662110527824
CAGTAACGTAGAGTGC-D2_Stim,-0.09043706741052837,-0.05749275919655794,-0.29757191857611076,0.1030905551311303,-0.03692885584426797,0.23667526861208188,0.20862834115921292,0.098073552171412
CAGTCCTTCAGTACGT-D2_Stim,-0.0937438898047791,-0.00031527325883828894,-0.17011312782746835,0.15672278982508203,-0.18069289429144497,0.007633213454234067,0.22394953709887133,0.10691133402698227
CAGTCCTTCTCGTTTA-D2_Stim,-0.13359366906749237,-0.056554563986274786,-0.3057720683534644,0.11027937677051369,-0.020270040935391975,0.02449670783322766,0.5515340852822135,0.08767466634917831
CATATGGAGCTAGTTC-D2_Stim,-0.04446152365164302,-0.05552281347803145,-0.5395530550792689,0.15981568947377767,-0.15897369805918515,0.3920990572132528,0.34652799421641234,0.04174046810961762
CATATGGGTCTCTTTA-D2_Stim,-0.1657460235356627,-0.1111107405398517,-0.4388884108048572,0.16650251412657724,-0.12287348840318657,0.04913208005419989,0.37087264857199287,0.07604669593728985
CATATGGTCGAATCCA-D2_Stim,-0.08107756470500149,-0.013446210220498855,-0.3777413823503615,0.19518966240308622,-0.15378646794486706,0.20848896487437507,0.22296148835628316,0.10741668506166668
CATCAAGAGACATAAC-D2_Stim,-0.1580356730751422,-0.07977113743995723,-0.20480356422952006,-0.09435502218695468,0.23618470173800077,-0.009953467483695633,0.07236088069305424,-0.009959655875380946
CATCAAGCAGGTCCAC-D2_Stim,-0.2701774613862771,-0.10946928743163298,-0.33772339318014843,0.11611857790711078,-0.011823765521008056,0.09284864541064408,0.7760033553808618,0.05858395221008372
CATCAAGCATGCCCGA-D2_Stim,-0.21064965504286448,-0.1663485943511347,-0.4927367645129923,0.16842277578367337,-0.008359077450295516,0.23124666693228768,0.9381440316563179,0.09981922816534805
CATCAAGCATGGTCAT-D2_Stim,-0.08308479151766335,-0.08709372537323112,-0.9124130737896436,0.32704479119185415,-0.46388625973456676,0.44730368966675194,0.7639557157818366,0.17918018646384937
CATCAGACACAACTGT-D2_Stim,-0.06980213591238815,-0.08586677743899074,-0.5349707249540891,0.10993152481349178,-0.058302886608617044,0.17669886538832635,0.3293590617295816,0.043812061182753936
CATCAGATCAGGCCCA-D2_Stim,-0.10912667732405623,-0.02679835035131184,-0.18368210752852487,0.1530025030036697,-0.10621777341230931,-0.036473472808300045,0.20685650135568778,0.09000793657221351
CATCGGGAGGAGCGAG-D2_Stim,-0.23074237366486372,-0.09135432287714096,-0.3372968877017559,0.1154980197453277,-0.1814373942224723,0.07756914120809277,0.4388775213344225,0.0918834355465421
CATCGGGGTCACTGGC-D2_Stim,-0.18859637245153316,-0.07936316429604773,-0.5935750851627848,0.12115351292380083,-0.21802756682773072,0.06887147053691578,0.44000023320311854,0.08894018366333256
CATCGGGGTCCGCTGA-D2_Stim,-0.21717264095302014,-0.09803089029487388,-0.5815753954624174,0.13742319876159392,-0.19816915297271365,0.2529247465199145,0.4160021971421122,0.06247463913774176
CATGACACATCAGTAC-D2_Stim,-0.2768065403144284,-0.16676913333145293,-0.7927516910551766,0.18057379366298498,-0.20172247270005705,0.39485517631409905,0.5304434328213139,0.08296101421351842
CATGACAGTATCGCAT-D2_Stim,-0.16460448852721576,-0.09323331248294409,-0.6157281926891329,0.24439243358635032,-0.187852370234582,0.36018728711834314,0.8731651152072928,0.06659378426035722
CATGACAGTCAACATC-D2_Stim,-0.12486595952962176,-0.08478334557712763,-0.4198288263897787,0.1786047586724031,-0.1295089081757883,0.29255884454868486,0.28963272884942715,0.07005173899466932
CATGCCTAGACTGTAA-D2_Stim,-0.07866799852986794,-0.02407838628250225,-0.4252269752373383,0.22502070027308463,-0.18043969582720898,0.2887161947999015,0.28218079609571234,0.13860094823815494
CATGCCTAGGCGTACA-D2_Stim,-0.13214115701025975,-0.09284004767836684,-0.7341050961269211,0.27639910830355063,-0.3495363129173299,0.30733854131917937,0.6256440163207024,0.11853824638894928
CATGGCGAGGGAGTAA-D2_Stim,-0.23733196571659043,-0.12397407076910838,-0.516634786410398,0.12075359405910291,-0.2665619872199958,0.05487091818152834,0.45069412149949883,0.05215081571744484
CATGGCGGTACGAAAT-D2_Stim,-0.14027162592043751,-0.07261256359703339,-0.4670860553130787,0.18811065646723435,-0.09780429901142185,0.41380469279176424,0.2654698549396919,0.09446755303066467
CATGGCGGTCATCGGC-D2_Stim,-0.2637875779717316,-0.1417477324787928,-0.6953192528365228,0.2174485035266489,-0.19875379283810446,0.4354734631570185,0.5155895777160122,0.053292481044506346
CATTATCCATTCCTGC-D2_Stim,-0.12050523400795043,-0.05311183335013503,-0.3345911175077738,0.11580530501125708,-0.1763858023071485,0.040156446861516315,0.43240752084503775,0.08084852909269102
CATTATCTCTTGACGA-D2_Stim,-0.1354886838282603,-0.09430075197042953,-0.6454232875784225,0.209572205492373,-0.14004909623572992,0.41357438439892036,0.3571541909801521,0.09033842563169081
CATTCGCCATCTCCCA-D2_Stim,-0.10441150879031014,-0.013290645530020129,-0.48691369286330577,0.20754925338308716,-0.17415130526831746,0.26560867437704516,0.3704676164034808,0.17913183636448693
CCAATCCAGGAATTAC-D2_Stim,-0.06271305069248534,-0.023848017374353603,-0.10227558672195869,0.10519896842461307,0.1395381936885638,0.028419530928829317,-0.04548861997862019,0.06623059119621821
CCAATCCGTGAGGCTA-D2_Stim,-0.0596370293390347,-0.019440760045318584,-0.17185440543001107,0.06098538437596268,-0.026597044089204047,0.061497585448181624,-0.07869666441632006,0.055648508042873246
CCAATCCTCAAACGGG-D2_Stim,-0.08675756361044229,-0.050701304291829175,-0.315175927674872,0.1090304997224667,-0.3554173482435292,0.02130195735616347,-0.07261518185135074,0.05405370626099071
CCAATCCTCTGCCAGG-D2_Stim,-0.20509000413409417,-0.09264363125342356,-0.36996738479378877,0.16358605015436467,-0.32420973946085674,0.05679292532788338,0.31963600150383087,0.10892664442473965
CCAATCCTCTTCAACT-D2_Stim,-0.2769572502064719,-0.18246508729765587,-0.6285630958013826,0.111894542017005,-0.25240622288851355,0.2702046226075989,0.3165726621759699,0.013902358824060101
CCAATCCTCTTGCAAG-D2_Stim,0.011433727615241196,-0.07270098929339852,-0.6426015485708092,0.2433411753358019,-0.24990951212057766,0.37095481372366024,0.33877752781139137,0.13491908857859514
CCACCTATCAAAGACA-D2_Stim,-0.14346963845531668,-0.03600740781059031,-0.31259619583944787,0.1403688187852712,-0.35359380042624267,-0.014826209953138658,0.14976408239704853,0.11420108996245482
CCACGGAGTGTTCGAT-D2_Stim,-0.20505979412259734,-0.07692766450687749,-0.2895498928466642,0.11004326955709587,-0.15294624079593966,0.003587215211480199,0.3069912577253575,0.09424913655844058
CCACTACAGCCCTAAT-D2_Stim,-0.145181250077842,-0.14703313814791663,-0.5859205533903715,0.15421435407400885,-0.1581470479888818,0.37841272695523465,0.3930290933274776,0.04923493498255027
CCACTACAGGGTGTGT-D2_Stim,-0.13787709002835413,-0.09032400167538235,-0.43389078675425274,0.18488520170215317,-0.08327423330762684,0.38184614777876824,0.2445309252750043,0.09781020180962763
CCACTACCAAAGTGCG-D2_Stim,-0.15228620356660727,-0.0889401319647245,-0.4203287994769447,0.10793925529338821,-0.13164268304381288,0.10906773140299109,0.34812949418452277,0.03366081053921732
CCACTACCAGGTCCAC-D2_Stim,-0.1476231280002569,-0.09852759632820707,-0.4821496502480809,0.14863681189945055,-0.20757773492745812,0.3592840248561373,0.445910763440164,0.045846855049839874
CCACTACGTGCGGTAA-D2_Stim,-0.03271475409695945,0.047995880497756715,-0.1703029604892592,0.10508495366309667,-0.048835477452655596,0.0987222807474808,0.036031278874688155,0.1267594922967401
CCACTACTCGGTCTAA-D2_Stim,-0.12277192442071971,-0.10076534113560953,-0.4372260400082997,0.14532480645145718,-0.14257133041036418,0.19307196062733567,0.43687292436169045,0.09435813956819139
CCAGCGAAGCTAACTC-D2_Stim,-0.037211100214104675,0.016585564870627678,-0.1654391434138498,0.16251472574942305,-0.2518381811583179,-0.008589458491776725,0.21572054020280262,0.07870258164034638
CCAGCGAAGGGTCGAT-D2_Stim,-0.13718069461195093,-0.061814755536095944,-0.4030648048125087,0.11660089918383498,-0.1308714664458588,0.12245311895460631,0.4109462082848392,0.08666825585103943
CCAGCGATCATCACCC-D2_Stim,-0.16521196069587418,-0.0779873380386995,-0.2523208330830915,0.11106121570844607,0.004750199619369511,0.15583550358422293,0.6977713287771046,0.0918079631787716
CCAGCGATCTTCGGTC-D2_Stim,-0.20152412094000915,-0.04990434212279382,-0.3304856010657655,0.17205657920901274,-0.1576782727907009,0.22663633134175853,0.49561932660986585,0.11760811954308181
CCATGTCAGAATCTCC-D2_Stim,0.03991592851755321,-0.017536287629816627,-0.4290123173128926,0.11062010106980757,-0.10506619321474275,0.23130758266777107,0.28190755656227573,0.05350883165984399
CCATGTCGTAGCGTGA-D2_Stim,-0.1402862212302569,-0.1055237680527572,-0.5574621313847405,0.17940330012435446,-0.19043538240515367,0.3112342088772948,0.3087953861205106,0.05471565976388959
CCATGTCTCTCCGGTT-D2_Stim,-0.11309521529166666,-0.06416810881276547,-0.44114780817043275,0.15732947583703094,-0.12932771691817457,0.24907420124030466,0.2763063771716432,0.07460941337833482
CCATTCGAGAAACCGC-D2_Stim,-0.08154153111426687,-0.050347468977188115,-0.26590774934885886,0.06757438612294564,-0.081255233788184,0.11089325984169207,0.3882148425954455,0.048034517150178146
CCATTCGAGAAGGCCT-D2_Stim,-0.08268125220692468,-0.04293129481432345,-0.20128138821959052,0.058324221270673604,-0.1202787183931111,0.06174775552726608,0.2150363216336899,0.07898721771071848
CCATTCGAGTCTTGCA-D2_Stim,0.05920061494513895,-0.03781834894669167,-0.671860955837623,0.22581315673874336,-0.09293682714391593,0.36938176741930384,0.8288685687220312,0.07701412952038211
CCATTCGCAGGGAGAG-D2_Stim,-0.04677127829990546,-0.09101648255430916,-0.5036166969452118,0.22859181352550806,-0.11077314793759108,0.5247117444330787,0.4285213806612873,0.09663538632692692
CCCAATCAGTGTTAGA-D2_Stim,-0.12005231034530972,-0.00984584527923893,-0.44860545506035443,0.23098965786812897,-0.2407726925970941,0.17563801868501372,0.3778833410691558,0.14274085812716208
CCCAATCCAGGCAGTA-D2_Stim,-0.09083570090037796,-0.009717450947640316,-0.3854730324082709,0.16306093092186558,-0.17830624920082272,0.14735698508992456,0.3554035478160298,0.1020313347684052
CCCAATCCAGTATAAG-D2_Stim,-0.15329409478395029,-0.06838746068132018,-0.17353161339640089,0.05283657562749866,-0.16299357384858126,0.07485533391301402,0.2203671320813072,0.047154651365309164
CCCAATCCATTCGACA-D2_Stim,-0.21200989137754434,-0.11505439037781429,-0.6520996440471958,0.2517629082918713,-0.24810585787524886,0.38921719865657245,0.8522585171622676,0.07662275870403512
CCCAATCTCAGAGCTT-D2_Stim,-0.23363053541249812,-0.12988827355739652,-0.33943409391018076,0.10158537608071683,-0.1832246361375045,0.0015503523646369644,0.4405420167115359,0.09084774287209996
CCCAGTTCAAGGGTCA-D2_Stim,-0.05647806002481914,-0.012545600012785485,-0.2457777112609527,0.07011181638435637,-0.09780896962325869,0.07554091676528607,0.043315096412850806,0.07721351051094238
CCCAGTTCAGGTTTCA-D2_Stim,-0.06934882686218558,-0.03946635324159686,-0.43868751320425936,0.1869108290524597,-0.04970236119509508,0.4543686392356623,0.1531353514398699,0.10578849095029064
CCCAGTTGTATAGGTA-D2_Stim,-0.07585608873614369,-0.05560244792643587,-0.4027485296261677,0.15502982720095027,-0.027757792085655097,0.3305730459048437,0.23067903359600095,0.0860491077662342
CCCAGTTTCACTATTC-D2_Stim,-0.11269196529161185,-0.0627763785818658,-0.4759650685208836,0.1902199702685632,-0.10499557554179795,0.3917722666041783,0.26615466071373284,0.09605941308879373
CCCATACAGTACGCCC-D2_Stim,-0.16620555928038705,-0.16068706552943368,-0.5558975676467188,0.07393048913744948,-0.1243564997285791,0.06201274851320626,0.2388477917195928,0.02547307003858812
CCCATACCACACCGAC-D2_Stim,-0.10452977847737976,-0.032793039389444445,-0.1841369520549998,0.14077486073999168,-0.021682050036920586,-0.0578169827202597,0.10653644168656129,0.05128881026892351
CCCTCCTAGTCTTGCA-D2_Stim,-0.11117624184166708,-0.04840537166862724,-0.4643998330808419,0.18984938530060447,-0.08327768547713887,0.31495780896569414,0.21336490041798228,0.10097784472358029
CCCTCCTTCCACTGGG-D2_Stim,-0.17742845889773307,-0.1154747483734706,-0.6284765639709953,0.18019514970716166,-0.08977846652760313,0.3860621062051699,0.4040504160426206,0.09340067862532564
CCGGGATAGCTGTTCA-D2_Stim,-0.0537009821069141,-0.008929667505652716,-0.3254452863189723,0.1830724480249888,-0.14201919341513758,0.33463473600423654,0.12667533302041,0.13109919609316734
CCGGGATTCGGATGTT-D2_Stim,-0.02702478146724907,-0.06646283321422075,-0.4269535537342861,0.24805352326539243,-0.049391105176205485,0.4612308921466024,0.4227717255640435,0.13077071105110072
CCGGTAGGTCGACTAT-D2_Stim,-0.1390824948537457,-0.07259537556565654,-0.3235951308251268,0.10606208471930856,-0.27772949168990024,0.0532007733472053,0.282218191028754,0.10014064566345304
CCGGTAGGTTACTGAC-D2_Stim,-0.10543869823347585,-0.15701055126172214,-0.6370842006237787,0.19323078217446366,-0.1586861960893522,0.2556376462879779,0.8008429317363639,0.07930372087558979
CCGGTAGTCTAACTCT-D2_Stim,-0.22510564884223427,-0.1530788342511027,-0.7486752686246572,0.23031313492732508,-0.21653759184517085,0.5168894973088101,0.7098312819334458,0.07082677926855041
CCGTACTTCTTGGGTA-D2_Stim,-0.32399965452735024,-0.16074833609058992,-0.3357164374686388,0.16547224883355938,-0.019982084044805504,0.1271139141588229,1.1666955688981187,0.11636925853946956
CCGTTCAGTTAGATGA-D2_Stim,-0.0032697908242145246,-0.0071895576791991544,-0.4119617000128777,0.17252135422749504,-0.021835344751085728,0.31609173644708477,0.6887952434291513,0.04892678396864625
CCTAAAGAGTCAAGCG-D2_Stim,-0.08880459617389214,-0.12545241996847345,-0.6354840640707433,0.24281077668686102,-0.03832999266835735,0.36738098347139037,0.5596475132068042,0.08162253897681104
CCTAAAGCAAGCGCTC-D2_Stim,-0.14399552347947342,-0.16395134269298062,-0.7523980587772332,0.2049223877068176,-0.13748724909595467,0.3506171377075358,0.8772951145922132,0.034968116524966675
CCTAAAGTCATGCATG-D2_Stim,-0.17960994627977733,-0.10548679287465212,-0.4258689255270607,0.13084272617114934,-0.323217678732286,0.08727860787991659,0.18670770027166483,0.07382821932887218
CCTACACAGACGACGT-D2_Stim,-0.09047222692951706,-0.04851049422341269,-0.33612133471260197,0.14243859520155233,-0.3003627394760269,-0.011058078418781037,0.1458782694189722,0.06993800454651655
CCTACACGTGATGTGG-D2_Stim,-0.18977207533036733,-0.11320982790192957,-0.6815162802524313,0.10906130837224204,-0.21758670672448055,0.27514928780762204,0.40149405717827946,0.03387414527590238
CCTACACGTTGTTTGG-D2_Stim,-0.09949600775260414,-0.06922821386369371,-0.37421548830896967,0.1547062492934419,-0.11145310068292957,0.3024150540674704,0.27839949875424264,0.0833935458284607
CCTACCAAGAAGGCCT-D2_Stim,-0.1900235855687562,-0.08912771221848459,-0.42769182187740373,0.08443765647661294,-0.23352176717980022,0.07293424458523745,0.41494320032956367,0.07473860169056046
CCTACCAAGTTGTCGT-D2_Stim,-0.10672000494490419,-0.1481435903012578,-0.678619784048589,0.14641917185818087,-0.2495104941795656,0.3487562160234692,0.23724804090778306,0.025698412026960327
CCTACCACACCAGCAC-D2_Stim,-0.08800795795058036,-0.05737761627050553,-0.39962181279255304,0.17955504832819358,-0.19435586531880134,0.33681773532970105,0.3736065029432343,0.11373237145597948
CCTAGCTAGAAGGTGA-D2_Stim,-0.20797075343433846,-0.079571165815425,-0.4222433641020231,0.11941031790838252,-0.2791627954702811,0.1388064424835047,0.4223170028830019,0.10845908618232869
CCTAGCTAGCGTTCCG-D2_Stim,-0.12002501268918486,-0.08710785034630852,-0.5842089459342912,0.14751653974549228,-0.17382263179041146,0.28343196649857916,0.4293376814016101,0.034939683861361814
CCTAGCTAGGCTACGA-D2_Stim,-0.15720204444207297,-0.17675176294052442,-0.6037388817995186,0.1361726802256893,-0.17226924172060087,0.30387288384813615,0.3362415366006637,0.023326052884824477
CCTAGCTCACCACGTG-D2_Stim,-0.08153146462607275,-0.001205103846313449,-0.30310773133649427,0.16974582257568827,-0.04983361767057026,0.17178260415412794,0.3004168869739683,0.1226993427115648
CCTAGCTTCACCACCT-D2_Stim,-0.10084015894902087,-0.013149135603056195,-0.12105625744519077,0.10152590223929536,0.017822174072437136,-0.07863709670655616,0.07454243180227493,0.06312327531769313
CCTAGCTTCTCGTATT-D2_Stim,-0.08681286149085565,-0.027232176289489374,-0.29739725786273574,0.09331607199169945,-0.05892858547291446,0.09035316568285268,0.4281530568451686,0.09952901944420312
CCTATTACAACACGCC-D2_Stim,-0.1357801807896557,-0.048499292648036985,-0.38080282002800736,0.12527208416025815,-0.14454921979180746,0.11180244898870662,0.3759343524964702,0.09246253763728163
CCTCAGTAGCTCCCAG-D2_Stim,-0.04853175242380381,-0.04945134901353576,-0.42774957730412666,0.1399916607324183,-0.06631818204098572,0.2818278140687358,0.35207325121003663,0.10427399727791453
CCTCAGTAGTCGTACT-D2_Stim,-0.04616165157654173,-0.09967563785359523,-0.5504237740346518,0.18109790501820555,-0.15800895751439903,0.32945704932826914,0.58742417510331,0.04479134851655964
CCTCTGAAGTGACATA-D2_Stim,-0.02623821900940726,-0.02730988165955317,-0.4212409247407294,0.15916817445938491,-0.032622605721162046,0.3869673731142953,0.12207640505762196,0.08651748430814798
CCTCTGAAGTTGCAGG-D2_Stim,-0.06207532215271705,0.017947042064307084,-0.3818936638811401,0.17281066697971958,-0.12465564824746878,0.20409597890452247,0.3311039202828461,0.1433259626497918
CCTCTGACAGATCGGA-D2_Stim,-0.14942669409905385,-0.039225757970879016,-0.27077518395245015,0.1399727005465241,-0.20727310933080467,0.08252832073891092,0.29942485299470434,0.10751934557320197
CCTCTGACAGTCGATT-D2_Stim,-0.11204550907297417,-0.05332942354675829,-0.435987234157432,0.18839894944057178,-0.026646499973452364,0.45457599638872637,0.30655490454723466,0.1079056987014102
CCTCTGAGTCACTGGC-D2_Stim,-0.15947404904437157,-0.05190465000260858,-0.4906333205324991,0.2173931741220585,-0.25399506631500657,0.21426973363383794,0.2533960267788391,0.10090366161553455
CCTCTGAGTGATGTGG-D2_Stim,-0.16136785996537384,-0.08195642838265549,-0.5142017699696666,0.16448511565153368,-0.19198513211360435,0.08174384364009057,0.21936346773276938,0.08210624969995628
CCTTACGAGATACACA-D2_Stim,-0.12364360910790673,-0.04188117067096897,-0.35270406538645815,0.15203260199033508,-0.1591334759053762,0.18494014923388669,0.5112088151187706,0.1156876173095771
CCTTACGAGCAGGCTA-D2_Stim,0.013776974468113323,0.056026716544765875,-0.24053816758049518,0.1681633568871348,-0.2616217548144384,0.06237319617049586,0.10941339330076261,0.08466928475804103
CCTTACGCAGGTCGTC-D2_Stim,-0.18879056578481546,-0.07031307167539325,-0.6216755823977405,0.17029365161096166,-0.29673862168766085,0.16335441228746994,0.49193306884263777,0.13627458486243071
CCTTCCCAGCTGCAAG-D2_Stim,-0.1768820035261669,-0.08413848641406041,-0.35493596672962013,0.15088191304540644,-0.2861697696535934,0.011865563321299177,0.2723684891549709,0.10827665123265717
CCTTCCCTCACTCCTG-D2_Stim,-0.0727118946123877,-0.02820921446441993,-0.3503506557174898,0.10409075192681705,-0.12154132178058852,0.09324752494242539,0.11998810438793939,0.08642640470870155
CCTTCGAAGTATCTCG-D2_Stim,-0.1909356640799036,-0.08993512550916449,-0.3303049834142886,0.10337124124954222,0.08644740191497746,0.2924391738285568,0.35660204199020296,-0.006536761655272727
CCTTCGACACGAAGCA-D2_Stim,0.030466457576412864,-0.11357689072277921,-0.6840684692675296,0.22091426670749392,-0.016015234831453284,0.45970780141498935,0.6265426465692272,0.08404598404443142
CCTTTCTCAGATGGGT-D2_Stim,-0.07635533913001602,-0.013694052294457748,-0.2509100876822732,0.10204966058581277,-0.11286882963439204,0.02696972874932868,0.06705151002829624,0.08142213401178466
CCTTTCTCAGCCACCA-D2_Stim,-0.047696875586613174,-0.03934171536530506,-0.3952760138240823,0.1667911832906821,-0.004249039551165623,0.34019690483950704,0.26904956803342195,0.09310134674163528
CGAACATCAAGCGCTC-D2_Stim,-0.054298947816274534,-0.0036884147157323355,-0.2663984454521007,0.16617338497650813,-0.0665569045571619,0.24294163806883518,0.3406845481431695,0.13133199015527453
CGAATGTAGATCGATA-D2_Stim,-0.13726376630690318,-0.16833106463576009,-0.6807779918122563,0.15815996460714565,-0.09789073829817951,0.4530290912123558,0.409348091374123,0.03272252717689206
CGAATGTTCCACGTTC-D2_Stim,-0.11406161306171647,-0.07331005470366492,-0.43482168386161213,0.16747465901674374,-0.056986067215763825,0.3304653490337248,0.3515192868566377,0.0930182197517464
CGAATGTTCCGTTGTC-D2_Stim,-0.2384343914623699,-0.12345452918379607,-0.5069130291100343,0.12178827292390615,-0.300248080157834,0.0930207016283795,0.38504952510443147,0.04240214350975968
CGACCTTAGGGAGTAA-D2_Stim,-0.06751903252218483,-0.00027727277028510855,-0.11155184234191484,0.06605714454849476,-0.011961878531041137,-0.03887641053113278,0.05592590076856041,0.0612278481213302
CGACCTTGTCTAGTCA-D2_Stim,-0.16553508365376146,-0.09644728927982449,-0.3429614799482881,0.06695055152006191,-0.21327055228166714,0.13538574400797287,0.32311701765714496,0.06524689789016413
CGACCTTTCGCCAGCA-D2_Stim,-0.08556038370156394,-0.025827489325482844,-0.39274115642020213,0.2210653376607965,-0.20919198164598818,0.21389989024745404,0.3832391319411421,0.14133418004272436
CGACTTCAGATCCGAG-D2_Stim,-0.11850093151913299,-0.08641800320238424,-0.5639143607334347,0.15103238341374592,-0.1664814881279657,0.38497205296901704,0.33260666610538436,0.03903130620292927
CGACTTCGTCATATCG-D2_Stim,-0.13317304391427598,-0.06178763949794863,-0.37522424880565275,0.0925035503180407,-0.12855041016374358,0.1336069274762437,0.5056412693634247,0.08917374746662254
CGACTTCGTCGGCTCA-D2_Stim,-0.07706560900774306,-0.024171747462807147,-0.2522857005647037,0.06870316820324085,-0.0317728561309476,0.0905538052006083,0.2153510033988102,0.0831927187872008
CGACTTCGTTTGACAC-D2_Stim,-0.026231529655033725,-0.01781897716479186,-0.33295977264130805,0.23336454107360005,-0.19122336606741364,0.2798402653897458,0.251795493378987,0.14678013573703552
CGACTTCTCTGGAGCC-D2_Stim,-0.1777606746879261,-0.06694240985993893,-0.5711032204926596,0.20746105077656196,-0.21789517380929802,0.19801701275136097,0.5445425037948262,0.14361979482783482
CGAGAAGGTTCCACTC-D2_Stim,-0.17186362913051667,-0.06304099707483779,-0.3353033578171223,0.09412434531147085,-0.08481487168411128,0.04379116303000785,0.3552057742920294,0.07326072285094298
CGAGCACGTTGAGTTC-D2_Stim,-0.15256327559532323,-0.08042717012054368,-0.30354873142695915,0.05328421221199342,-0.08416870532175835,0.14886801857590015,0.22739199118865017,0.0690693270223317
CGAGCACTCTAACCGA-D2_Stim,-0.09269244251974662,-0.045359308704437495,-0.3752741965397348,0.15642467253423575,-0.1395054420417825,0.16146852806531697,0.33811722215768647,0.11829899242829
CGAGCCATCACGGTTA-D2_Stim,-0.20490778850432356,-0.08396453006737126,-0.32376541471843545,0.0697854204473316,-0.184713878965308,0.051400061863327906,0.4677816152013907,0.06845083709032806
CGATCGGAGAAACCAT-D2_Stim,-0.034695184462735895,-0.020801118335301183,-0.3473906486003955,0.19078279660421416,-0.138957851144486,0.2307587172968173,0.26244197686914905,0.12815304756020574
CGATCGGAGAGCTGCA-D2_Stim,-0.11622820074962803,-0.1278006132733136,-0.6408289475008715,0.16991527613587287,-0.14591395288643128,0.2123210767941064,0.5984874561204316,0.011090678976632518
CGATCGGGTTCGCGAC-D2_Stim,-0.18369075447577643,-0.1024098391931556,-0.4084970246797859,0.14718111397361966,-0.24464216431096553,0.07692377267607498,0.6320809015336231,0.10602041776192728
CGATCGGTCCCTTGTG-D2_Stim,-0.1822612273304305,-0.105356846073839,-0.4895121257352333,0.15822210112174773,-0.02536511738169267,0.28034389315481967,0.6430821816213745,0.0010140340271540538
CGATCGGTCCTCGCAT-D2_Stim,-0.054427882324347365,-0.07763352155770598,-0.4800718446390757,0.24515898756174792,-0.07029495947501907,0.542586181896846,0.37321808634358167,0.11808124210977944
CGATGGCAGAATTGTG-D2_Stim,-0.1718434446018655,-0.08790305376626506,-0.41447873586691664,0.12950642014113,-0.049293593227959676,0.21747484113707571,0.4659513628596983,0.021881575828070154
CGATGGCCAATGACCT-D2_Stim,0.05864783153901065,-0.00367508698781549,-0.5215348778004145,0.17259330260751682,-0.18763221746343106,0.4007274643406351,0.3821230086470626,0.03477720358777425
CGATGGCCAGCTGTGC-D2_Stim,-0.2407350670034898,-0.10585288221530043,-0.3467267950954307,0.09763054111732927,-0.20648660109634243,0.00534089317391917,0.45931993722435216,0.08268746536124993
CGATGGCTCATTGCGA-D2_Stim,-0.20729665363068506,-0.12523893568788047,-0.5218723333028468,0.17465751559123532,-0.18199222263026016,0.11102439536549014,0.3859579261236803,0.09691542188159197
CGATGGCTCCAGAGGA-D2_Stim,-0.0828919715035088,-0.030031709762576853,-0.2136545508419081,0.15051166739728572,-0.10556490792517614,-0.06288772191801861,0.14226610337823686,0.05904551359371979
CGATGTAAGTGTACGG-D2_Stim,-0.13938476609436634,-0.07477799797891471,-0.6250048181288665,0.15248416355495387,-0.14138692696621824,0.3305342990433804,0.31156891226385675,0.06504449237549181
CGATTGACATCTCCCA-D2_Stim,-0.21337051113923167,-0.10456794536450431,-0.39829058356494684,0.14130746503521507,-0.17254390012180032,0.20581942471875792,0.46491861895247766,0.09572666448333678
CGATTGAGTACCGGCT-D2_Stim,-0.1147104798121692,-0.046084580271021025,-0.7599512001333242,0.33737586167512035,-0.32296602807021024,0.3445074708068052,0.5346803512351226,0.21023093077321775
CGATTGAGTGTTCTTT-D2_Stim,0.026971880341235988,0.014517838770608193,-0.6332985636292268,0.31850927749703395,-0.10157245987097596,0.4732626768748922,0.9179893349726118,0.11704147037856671
CGCCAAGCAATCAGAA-D2_Stim,-0.13283085171656417,-0.08483050895133104,-0.3216028454644615,0.10293431895603611,-0.09309405888404143,0.262809873464839,0.24388396468407691,0.099255803752337
CGCCAAGCACCTCGTT-D2_Stim,-0.16074226070557174,-0.10874682788287693,-0.7029693029954895,0.18452066005037615,-0.22234234539168973,0.44942995926576224,0.36039349231562845,0.05749211767858142
CGCCAAGTCCCTAATT-D2_Stim,-0.08069873014674123,-0.03745423130328973,-0.3752987042571121,0.18371631507814357,-0.1022785467599796,0.32072565599902525,0.2089457718607992,0.12761783029137597
CGCCAAGTCTATGTGG-D2_Stim,-0.15164802695448465,-0.0706074905980163,-0.47629980925652937,0.1911601758083883,-0.15969166597086826,0.16681915645286338,0.5781246224610275,0.0920477793753065
CGCGGTAAGGGCTCTC-D2_Stim,-0.11976116514132329,-0.06916263102108466,-0.5332851673321013,0.16244103344192062,-0.27881783008290384,0.279087555956151,0.2504089210468283,0.07555093604808505
CGCGGTAGTCCTCCAT-D2_Stim,-0.24017828487887982,-0.0937890298999573,-0.3327658174012518,0.1162128386071597,-0.22367670803532924,-0.0013939130234934538,0.3887901657540702,0.09755518943817876
CGCGGTAGTCTCCCTA-D2_Stim,-0.1200496639469133,-0.14340342908908355,-0.44593703217132763,0.06910812978949288,-0.11204205867263894,0.07519799327401877,0.12075329641208121,0.02826098545245692
CGCGGTAGTTACGTCA-D2_Stim,-0.08264702749107578,0.005840613345128531,-0.22691475964669117,0.11621645383489465,-0.013257330535308753,-0.03625755395207797,0.12966206173329198,0.0568407451334032
CGCGTTTAGATGTAAC-D2_Stim,-0.13455176717358164,-0.051375960555175126,-0.43692494072991295,0.17168181961156925,-0.23066055656701323,0.18465937549208,0.22412870028483844,0.08059184163488631
CGCGTTTGTGAGTGAC-D2_Stim,-0.09802863166956755,-0.05273020134287165,-0.5409176206369821,0.1258467731453763,-0.08595197819514233,0.30286642970132505,0.4520135754601817,-0.005011981913121133
CGCTATCAGAGACTAT-D2_Stim,-0.12212267256668241,-0.1066275170910913,-0.5109284459180827,0.24759770428994976,-0.06458229135696847,0.49447524371333174,0.768924172784712,0.1695721539640811
CGCTATCAGCGTCAAG-D2_Stim,-0.06982996104094497,-0.023511794078171278,-0.4759829877226487,0.23647988026999833,-0.12847329494963233,0.4564993857702433,0.1294762995219081,0.1275748273058639
CGCTATCCATGTAAGA-D2_Stim,-0.26155082093737114,-0.11551846558358747,-0.485038961635075,0.12342376472180128,-0.17490488721982445,0.35746834494699087,0.4701893093791787,0.029791791523527067
CGCTATCTCAACACCA-D2_Stim,-0.24178233639783997,-0.13454320589519853,-0.7008624449977994,0.20685853504594043,-0.16687480678312205,0.4432064995263598,0.4635323718112021,0.07898293299434478
CGCTATCTCTATCGCC-D2_Stim,-0.16149094678805653,-0.10735690047837743,-0.4888455561066074,0.18687660871980505,-0.18291932422680013,0.37625856311081307,0.33483436242189324,0.08453854840694142
CGCTGGACATTAACCG-D2_Stim,-0.13084853868905455,-0.08745334380650327,-0.39047678840467626,0.0952459347098511,-0.04957214654772102,0.23226050213610705,0.17238566080383944,0.05678713494312504
CGCTGGAGTCGCGGTT-D2_Stim,-0.23696328906919817,-0.10364542455847392,-0.5750409777234697,0.12586585888918833,-0.1755064462445759,0.06611168273804857,0.6143797705999674,0.10290256399154174
CGCTGGATCAACACAC-D2_Stim,-0.11748930986355255,-0.022159064765480352,-0.27043579064752077,0.16411694942864408,-0.20381385620176218,-0.013463714375133051,0.14106057440796604,0.09625409508753435
CGCTGGATCATCGGAT-D2_Stim,-0.06747241434560003,-0.048979889024778345,-0.5199874457151061,0.2318226791507847,-0.13569400293775224,0.4759705359929445,0.36724756970470285,0.13455523209687215
CGCTGGATCCGGCACA-D2_Stim,-0.14271012914407954,-0.0884677139703367,-0.5032192555085455,0.14556271874467086,-0.12729691012931355,0.3310607654824125,0.2340419481573548,0.059663833439119074
CGCTTCAAGTCTCGGC-D2_Stim,-0.13835179007505616,-0.0767939276646743,-0.2932846999384964,0.04345198949545015,-0.10714996438069768,0.15795643432571715,0.21096447071573365,0.07027531358466099
CGCTTCACATTACGAC-D2_Stim,-0.09397297147206451,-0.022888366527762827,-0.36559842830744316,0.12753756651948933,-0.12210990285651846,0.14791445804239167,0.2528980374586425,0.11664308180099425
CGCTTCAGTACTCGCG-D2_Stim,-0.04295891191819301,-0.036591343160166545,-0.4099661731816937,0.19206889635661106,-0.07264785230201909,0.46404243540331613,0.2924839750699091,0.08240356310072983
CGCTTCATCTTGCATT-D2_Stim,0.0033081496709144176,-0.04155693746772293,-0.6696344888393106,0.13193488609135784,-0.2393398035493597,0.2772524567431578,0.2553129739407787,-0.009008682652956068
CGGACACCAAGCTGAG-D2_Stim,-0.027506824436253297,0.014239001441222143,-0.10442115040265243,0.14797838099533323,0.005179423922887949,0.017940872756234683,0.1756554438373712,0.10166410237952839
CGGACACCAGCGTCCA-D2_Stim,-0.1813592593655855,-0.10629352884213361,-0.6057945975595267,0.21823933893698033,-0.10379103088444808,0.41084796674121016,0.6767410259762112,0.10738801537294407
CGGACACTCAATCACG-D2_Stim,-0.15550535406238986,-0.15728281424176238,-0.7715527180928579,0.21142433862155485,-0.21658219042691051,0.3811049274761036,0.6476849526578166,0.033500248409914946
CGGACACTCGCCTGAG-D2_Stim,-0.08446484087750683,-0.0151004879638581,-0.2681183379036618,0.11930867209874663,-0.11604700545299096,0.057479690210563206,0.3021939820045354,0.0720627418804689
CGGACGTTCCGTCAAA-D2_Stim,-0.07940796959925756,-0.07291487441949585,-0.30014292580933954,0.11337551603068974,-0.007496457281048308,0.2689168736655283,0.216516554604973,0.07812155093531992
CGGACTGGTTATTCTC-D2_Stim,-0.23018866553801764,-0.1304421741893158,-0.6177873218191099,0.11730839504201995,-0.19966244883303474,0.24781529404377167,0.2179992043725365,0.019215012871040216
CGGAGCTTCCTAGGGC-D2_Stim,-0.11428697912512575,-0.027362889951568548,-0.46545423677917697,0.1863296815140707,-0.24906423068483896,0.1780255257286072,0.4023747282544896,0.15691584503804812
CGGAGTCAGCGTTGCC-D2_Stim,-0.05902098574613568,-0.10997008002149578,-0.5830807092631503,0.17634596555320137,-0.22943448823069623,0.4707187756563851,0.3594036128598672,0.05397670810645394
CGGAGTCCAGGTCGTC-D2_Stim,-0.09034462007462096,-0.017580868316768417,-0.14829662511902253,0.08726610592049155,-0.3326519390094589,0.013614655653023888,0.07636803465825182,0.07078340202866684
CGGCTAGGTCATCCCT-D2_Stim,-0.16124082050563793,-0.14556288043093701,-0.7259994120403928,0.1337447844938211,-0.16220498334477362,0.243569261415157,0.21922897984537926,0.03812545905391218
CGGCTAGGTCCTAGCG-D2_Stim,-0.11956696709352599,-0.06292279053388583,-0.32453995488299014,0.11059427518257259,-0.1981976679298807,0.05189280409361352,0.5182794139104239,0.07228191218967872
CGGGTCAGTTCACCTC-D2_Stim,-0.10627054886021625,-0.08248229181361388,-0.37955239141173536,0.13259702008075003,-0.03773981156692585,0.3438387662509115,0.2237466563935433,0.09980779245691274
CGGTTAACAATTGCTG-D2_Stim,-0.11807481877187698,-0.0386611048470602,-0.19572387306830752,0.10737733990715981,-0.0279585506367539,0.0338947381453103,0.21219529626282707,0.11008463545082847
CGGTTAAGTAGGGTAC-D2_Stim,-0.07331028871688972,0.0030475502991080816,-0.28936434648376874,0.18562704341581693,-0.1565117465790795,0.2377077387718316,0.2626762163547376,0.14237114483326252
CGGTTAAGTATAGGGC-D2_Stim,-0.026381879640920758,0.026301452821998694,-0.3603933035165934,0.2559408838683659,-0.17745877132374943,0.3567443339346479,0.2650648316616948,0.16996069106042277
CGGTTAATCAGAAATG-D2_Stim,-0.1561820121013202,-0.0800416459035791,-0.6635540256284944,0.2619252121342246,-0.20217744832320683,0.40524167060128846,0.42342717052677514,0.153325815916606
CGTAGCGCATACGCTA-D2_Stim,-0.07969075478298748,-0.0043374017454347324,-0.38558329680542514,0.1653450811633288,-0.09928612939096837,0.2433948791512055,0.3027613080133964,0.1573575203501889
CGTAGGCAGACAAGCC-D2_Stim,0.01186334881823825,-0.0531332130899429,-0.5501500466644931,0.14389333678784944,-0.18297625562945186,0.38836532997967943,0.2997496440351908,0.0430615524955833
CGTAGGCTCCGATATG-D2_Stim,-0.08986056838112155,-0.046216356913515,-0.17775312190887593,0.041738936014095174,-0.07618114425036282,0.02905782049283978,0.05170528692017129,0.0644670876854132
CGTCACTGTAGCGTGA-D2_Stim,-0.15133498265523926,-0.05170850488672585,-0.29749522760164204,0.08619509912768208,-0.05948636974663124,0.11909581409030778,0.36686798691529177,0.08691096728272996
CGTCACTGTCCCGACA-D2_Stim,-0.1257106436837887,-0.057143180895206314,-0.2615857442000298,0.1290786218376887,-0.0916995714277693,-0.08743517038639226,0.1837029595448989,0.028439708145693743
CGTCACTTCACTGGGC-D2_Stim,-0.22901267475730158,-0.13298547562253837,-0.691837658255837,0.2562212607493066,-0.22959540350233354,0.5211830067271279,0.5061626014886542,0.1088613580324509
CGTCAGGAGATGCGAC-D2_Stim,0.09822173152245561,-0.01391545627076951,-0.8297898474307548,0.2628832913920487,-0.3173301432252629,0.467964058142325,1.0655646767024862,0.11440049669220897
CGTCAGGAGCACAGGT-D2_Stim,-0.05007848833464834,-0.009293001394011569,-0.297534468886953,0.2112401430091584,-0.2689353490022519,0.22708249494331945,0.49325124147283894,0.15150358228248173
CGTCAGGCATGACATC-D2_Stim,-0.031850486970459,-0.04082636185757593,-0.30480743903245866,0.1593043355211794,-0.12557545373852363,0.19503506219126976,0.17243085821913517,0.08696247778962984
CGTCAGGTCTCCAACC-D2_Stim,-0.1554073256976256,-0.027676181110102505,-0.3910949942596478,0.18823865619623703,-0.3911912673295035,0.08124861041497411,0.2152248103851555,0.1299393998728675
CGTCCATAGGAGCGTT-D2_Stim,-0.08298907525992583,-0.03094049616095873,-0.3078705339595871,0.17619701682267674,-0.0688214343232687,0.26846999054601817,0.22615288220898222,0.12478470162204935
CGTCCATCAGATCTGT-D2_Stim,-0.0973283805705325,-0.07151000780311989,-0.5203266763229006,0.23005679755830677,-0.1680427510128748,0.3330649096125544,0.6782100824859931,0.11845425976158808
CGTCCATGTAGCGTAG-D2_Stim,-0.0976331054746975,-0.018015837686251146,-0.36847443530461454,0.23113814422521983,-0.16766631516668262,0.26758770882389094,0.2939939966513876,0.14686439374395377
CGTCCATGTCGCTTCT-D2_Stim,0.08623884643848356,0.008608053478877054,-0.4306020743176493,0.16262167529830407,-0.07597909789614654,0.3092893793237348,0.37789438249987484,0.07217316092570059
CGTCCATGTGTGAAAT-D2_Stim,-0.24033117466811404,-0.09763015522772456,-0.7404482607897762,0.25231943541239943,-0.30140408028189114,0.1456382453530125,1.0897833553657126,0.11976944713250859
CGTCCATGTGTTGAGG-D2_Stim,-0.13555327170877796,-0.06001709801803301,-0.5169992625149842,0.2386421662011191,-0.1884161060531433,0.26532578885823455,0.6106584540673943,0.10957495708792386
CGTCCATGTGTTTGTG-D2_Stim,-0.10510360241249117,-0.013931264258808085,-0.15371649299287338,0.09160709397513145,0.01610954986385238,-0.07467814181459964,0.08297166832874936,0.09753616719637037
CGTCCATTCACGCATA-D2_Stim,-0.07459178967259383,-0.008277782278522494,-0.194771944745451,0.09468976946185492,-0.09801379262214205,0.020938440061854635,0.13725770196871778,0.08823684951878619
CGTCTACCACGTTGGC-D2_Stim,-0.09146916614052891,0.0024378956862083356,-0.34267780115570723,0.19934705499213123,-0.18313026345034444,0.26475404171745964,0.2878913916028587,0.13368501415644474
CGTCTACGTCTTGATG-D2_Stim,-0.17726260452062093,-0.09378572119490869,-0.5372367914734966,0.22639423962513483,-0.16591816274588567,0.2602018696893591,0.5907565686561931,0.04757200078191737
CGTGAGCCATCACGTA-D2_Stim,-0.15449823092339265,-0.08515034080945938,-0.28461137001621317,0.06905298207521327,-0.13215107630742828,0.015832002580200566,0.36142054193063444,0.07771910313232944
CGTGAGCGTAATCACC-D2_Stim,-0.08660239183925,-0.002281527767184599,-0.12870736336064326,0.06554610923544146,0.046040862944426664,-0.0670767267269401,0.03156201409224124,0.0400144553434405
CGTGAGCGTGAGGGTT-D2_Stim,-0.23412757785864002,-0.2705620560834472,-1.0375963702542261,0.14140734329749627,-0.036765252928425696,0.3197862640162228,0.5161008223162984,-0.0004304388303086881
CGTGAGCGTGGGTATG-D2_Stim,-0.2418289572344765,-0.1220799043923364,-0.6189742947267654,0.12151334197226582,-0.25828977065891756,0.2447423916001128,0.27162060510276387,0.027490432970362022
CGTGAGCTCGGATGTT-D2_Stim,-0.17153241730967572,-0.09966510143805962,-0.6060679139691665,0.1437420249831316,-0.16426154344245703,0.3210051479522562,0.29117760341540855,0.04027984173751875
CGTGTAAAGACGCACA-D2_Stim,-0.11579809163989552,-0.03095113282256534,-0.35895496611355426,0.19897474652153235,-0.08200509453557103,0.3031030465240825,0.6129113038477598,0.12417132151253618
CGTGTAAAGCTGGAAC-D2_Stim,0.06082031147869671,-0.02411083855724705,-0.6508264843825646,0.3375966766251075,-0.23250179953164718,0.504458774800316,0.8108769776921534,0.1536529000511102
CGTGTAATCTGGGCCA-D2_Stim,-0.26815801144232765,-0.10008168825176611,-0.3890012528213216,0.1028677279535195,-0.2793217745533312,0.04231514700169825,0.20729799804026072,0.07883406335723997
CGTGTCTAGCAGACTG-D2_Stim,-0.1728104167500213,-0.10739778570418501,-0.7426474669570258,0.22239601831167732,-0.30127614776830214,0.31822733114396584,0.563684448091621,0.08893583173474617
CGTGTCTAGCTGTCTA-D2_Stim,-0.27657963847597244,-0.1543336562084061,-0.8207141203492103,0.1866451604398982,-0.2309169668752844,0.4055193113587112,0.5347531414236748,0.065264166889488
CGTGTCTAGGCGCTCT-D2_Stim,-0.11137663491470029,-0.08582130163366841,-0.4965934931584499,0.16913321252675395,-0.11577420359304291,0.3953592566314157,0.3339455439220753,0.09004981380643429
CGTGTCTCATGCAACT-D2_Stim,-0.08485664813287386,-0.05125795546141276,-0.3677173322789766,0.1498703213589856,-0.021950543351806573,0.3444331924790678,0.29741490820527083,0.10628698506121737
CGTGTCTGTGTAACGG-D2_Stim,-0.14953153665316954,-0.07625437193462759,-0.31401280964078104,0.11049229522366488,-0.16897607550398064,0.04307322987026119,0.24831713317500004,0.0863216085549805
CGTTAGAAGCGTTCCG-D2_Stim,0.06111532557623356,-0.026714339018029776,-0.788780754504895,0.36408050132494907,-0.16637906187120954,0.5328037283520803,1.2894240480235668,0.17842032658546714
CGTTAGAAGGCATTGG-D2_Stim,-0.053335978000564666,-0.029828441270103312,-0.3367292344789039,0.15230465919934133,-0.07014464735639336,0.29338970108383045,0.22894943123861555,0.09357614415731064
CGTTAGAGTCGCATCG-D2_Stim,-0.19075097803238528,-0.08985713733670586,-0.3357572755594971,0.06695333826873551,-0.11911307941132065,0.02691919237889273,0.4791749359503381,0.06695025071116056
CGTTCTGTCGTCCGTT-D2_Stim,-0.08441464501021834,-0.06058822379626072,-0.36688601796606335,0.14044597759746402,-0.11578003397380421,0.2771921448885539,0.23454706242624734,0.06030988448265262
CGTTCTGTCGTGGTCG-D2_Stim,-0.05831903616810408,0.007425684578015179,-0.12840857258168903,0.09135700855206963,-0.01889693158073058,-0.06624973567323167,0.10639825277833381,0.03951999012518215
CGTTGGGAGTGCTGCC-D2_Stim,-0.1999014296769701,-0.12595349412523582,-0.5502348392226679,0.18782228945000767,-0.18167230716312055,0.31813804986069627,0.3761278522570617,0.05275798014173638
CGTTGGGCACTGTGTA-D2_Stim,-0.09846578212340873,-0.02718689345757852,-0.4017716855309086,0.20114013868980685,-0.202829386000964,0.21901409636281954,0.24860765970623078,0.13760454987891535
CGTTGGGGTATTACCG-D2_Stim,-0.12019806840379843,-0.12794372269115328,-0.6488236209045901,0.16501132719507083,-0.2531769814588891,0.39042620697257746,0.4522695636715488,0.050175113535642524
CGTTGGGTCAGTCCCT-D2_Stim,-0.19025689703906146,-0.10560625294178116,-0.730026485895463,0.18232901136319057,-0.32184721449743847,0.3172556203635981,0.33080124120338894,0.07515873266568995
CTAACTTCACAAGTAA-D2_Stim,-0.07305693077697129,-0.011029275335355138,-0.46338326011943387,0.2205982891066096,-0.21686914190863682,0.22422744200035183,0.2719706143924938,0.1312750112336989
CTAACTTTCTGCGGCA-D2_Stim,-0.19204021861877507,-0.20712305029667455,-1.0359920965324214,0.19378544430666622,-0.15924668470742986,0.5361561758018052,0.4945782916938253,0.01860086003532402
CTAAGACAGCAGACTG-D2_Stim,-0.09027369039009514,-0.06234069663024755,-0.37733010120845734,0.12277124845845933,-0.041450756211464324,0.2789301775494639,0.18171386071834483,0.07707858199370499
CTAAGACCAGCGTCCA-D2_Stim,-0.15406208982564706,-0.0470152331057907,-0.268375677974781,0.07349139595450538,-0.1331631061309686,-0.007106168738749474,0.3445686088533684,0.06079658771709617
CTAAGACCAGTATAAG-D2_Stim,-0.04517764731005869,-1.605123623704685e-05,-0.17585590534022888,0.12658765399559258,-0.05647961860872641,0.040375895916268334,0.016224861966211535,0.0965148510855105
CTAAGACCATCCGCGA-D2_Stim,-0.22367005847037547,-0.1077438219334077,-0.5312088904175223,0.20174404088127496,-0.12581753601033974,0.30741641250064866,0.8656547536495207,0.14620731360350092
CTAAGACGTCGACTAT-D2_Stim,-0.0331034678515536,-0.009860484808651648,-0.41593207761274265,0.2075656194844413,-0.1294531298734114,0.29041453114234805,0.32369812999092495,0.15586328862482723
CTAATGGCAATAGAGT-D2_Stim,0.00684387855952906,-0.052259205752687166,-0.592084832716246,0.06513903240497321,-0.02551674112347513,0.25480152630232666,0.23921371156458182,0.010815205911876902
CTAATGGTCGTTTATC-D2_Stim,-0.14785139916162038,-0.040232050566674005,-0.4181560986269055,0.1573832328758229,-0.3972414418355168,0.12249115133964139,0.09263543733598212,0.12631605832633674
CTACACCAGAAACGAG-D2_Stim,-0.12685621368379962,-0.0813583634310433,-0.4287980480606546,0.16454791541127456,-0.0900461484712416,0.2994653105037255,0.20692930688067168,0.07883123320195828
CTACACCCATCGTCGG-D2_Stim,-0.1211671971155237,-0.023819323091913702,-0.24020324570362472,0.1680391342283336,-0.13683681307485074,-0.014706009691918709,0.24964718263203167,0.09576027454295932
CTACACCTCAATAAGG-D2_Stim,-0.11999248240491589,-0.06842486457745167,-0.4066459967539835,0.20073470483226075,-0.20430907781823215,0.22788159214741555,0.33866197147944277,0.10277942987806554
CTACATTAGCACACAG-D2_Stim,-0.15766232419242598,-0.08332533705706169,-0.6677639955462329,0.21787192805595446,-0.1648728505549535,0.40320097675577315,0.36189570064654575,0.08909385047601681
CTACATTCAATCTGCA-D2_Stim,-0.09990833036542668,-0.01824200970228773,-0.0867928750461866,0.05148862334993076,0.11900899980595447,-0.07038849995692509,-0.07923132066350647,0.07901495274783699
CTACATTCATGCATGT-D2_Stim,-0.1567558687186157,-0.02482210215117675,-0.39850736586919844,0.1767328666787229,-0.2745268936543397,0.12309394269069074,0.41866031612893373,0.12152570045959621
CTACCCACACAACTGT-D2_Stim,-0.07168826085927371,-0.028837856565667508,-0.38769579601791904,0.16452594540426446,-0.14056526871106811,0.21363063971218033,0.2855206414709617,0.1435195435108838
CTACCCAGTGTAAGTA-D2_Stim,-0.12699310579599654,-0.0511248526479573,-0.3930624092936874,0.22492673187837298,-0.12303282043375319,0.26104076153196587,0.5523465189726888,0.1306334640643687
CTACCCATCCTGTACC-D2_Stim,-0.16971811580515528,-0.07420336603415478,-0.5847016612834519,0.216879403515426,-0.14288090632903128,0.2874197037574753,0.41999993714017414,0.07594705034893323
CTACGTCAGCAGGTCA-D2_Stim,-0.16593614649609023,-0.0799018335863213,-0.4322260625802592,0.16894173223578868,-0.18084123754819892,0.25092575488847757,0.3120627609975424,0.07832338072383749
CTACGTCCAAATACAG-D2_Stim,-0.13873868418746582,-0.08920437241393486,-0.44008543661178123,0.15690405854043732,-0.07091596420649893,0.27880064226459744,0.3080464570156103,0.08905997718747827
CTACGTCTCAGTCAGT-D2_Stim,-0.09245988372405378,-0.07859380519137993,-0.5482324561906005,0.1805363963531832,-0.0754710715213438,0.404815018410984,0.4602711614200512,0.05617902167794675
CTACGTCTCGGCGCAT-D2_Stim,-0.06876002151601135,-0.05379826297747492,-0.4779452275256375,0.20992579105049103,-0.23116785572767107,0.2892989019741421,0.2704640502113822,0.13433426942710724
CTAGAGTGTTGCCTCT-D2_Stim,-0.1671357724733582,-0.08169368806842314,-0.5813509389108891,0.11069335681670367,-0.2951401523863595,0.3017151656796706,0.23169436782838115,0.015809074838163184
CTAGAGTTCAGCCTAA-D2_Stim,-0.07263001066892727,-0.034374176081202634,-0.41628882763757247,0.13409615679483977,-0.0691713692669449,0.3432829041304135,0.20865090793427754,0.09263963553069843
CTAGCCTAGCGTCAAG-D2_Stim,-0.2500741455137927,-0.1391258290113928,-0.41599543407521544,0.11926689192343076,-0.23512027367602606,0.06137367710212516,0.7195997026183694,0.06371349554504846
CTAGCCTAGTTCCACA-D2_Stim,-0.10051292511118781,-0.03019852552414548,-0.2699980263535462,0.16768540278660637,-0.15714271071922958,0.08016199226160126,0.22454685896017423,0.10912520982459739
CTAGCCTCAAGACACG-D2_Stim,-0.07249977140777375,-0.06383422743698475,-0.45402928591850333,0.14812045632471005,-0.12671087342037524,0.2690064871138951,0.22328643206685594,0.07586072892732965
CTAGCCTCAGACGCTC-D2_Stim,0.017442366824132804,-0.07398329238102441,-0.4989158236848166,0.18744115754560653,-0.12863145706523582,0.3842393957383674,0.3661880581200112,0.07818702821318446
CTAGCCTCAGATGAGC-D2_Stim,-0.24530451807510367,-0.07495902550729205,-0.5156431186685548,0.2045931601831974,-0.25400978762394466,0.1114201932551584,0.39327499043760916,0.12107862422225324
CTAGCCTGTATTCTCT-D2_Stim,-0.03157933235186405,-0.04448158582618156,-0.711515637971738,0.22804502635826118,-0.32852022908099165,0.34672061713785673,0.7638496345079044,0.04635193936562665
CTAGCCTTCGTTTATC-D2_Stim,-0.20378072398541036,-0.05531120311838578,-0.420008194019557,0.17398272570496331,-0.1874969345267754,0.1289137168958856,0.667435745049735,0.12387674091774237
CTAGTGACAAGGTTCT-D2_Stim,-0.12364719046693118,-0.08005676031096876,-0.565729724573055,0.17930706881760017,-0.15829856210179116,0.3567896405063937,0.20998841884344888,0.058903202807366384
CTAGTGAGTGCGAAAC-D2_Stim,0.014293305301352532,-0.042679321134158954,-0.4201684331953821,0.09837516441076843,-0.011221832123906594,0.30153572183975896,0.26760184373801366,0.02243597239218964
CTAGTGAGTGGTCTCG-D2_Stim,-0.06688218870074358,-0.03714443239979204,-0.4706941747706299,0.15127204202557643,-0.1023974219307604,0.3546318783269484,0.12649386070912882,0.07680384821073538
CTAGTGATCTGGTTCC-D2_Stim,-0.2110314811466356,-0.13678877601334172,-0.6569499804486139,0.16555111793675437,-0.24102599667504165,0.34649313782500535,0.36537884821855116,0.006798478142117759
CTCAGAAAGAGCTGCA-D2_Stim,-0.20510958911451027,-0.12440964180128589,-0.37189916284763314,0.11669092999321862,-0.18057667962836632,0.009167770957079213,0.48033819950011747,0.07101976670511867
CTCAGAATCCAAGTAC-D2_Stim,-0.1036685861664477,-0.027925040319288996,-0.29865193488698694,0.056764821105549146,-0.17514151862135563,0.14968734523571037,0.1593329926910556,0.09655341042804721
CTCATTAAGAGGTAGA-D2_Stim,-0.09358368617502855,-0.026677316411985785,-0.22436001314313447,0.1173878014150791,-0.14631733000996228,0.03419157617486057,-0.017134533047364897,0.0671061214060984
CTCATTAAGATGCGAC-D2_Stim,-0.16494761514911893,-0.08229641748720873,-0.4702590733288847,0.17377248598687345,-0.13905409811623137,0.32006225500474983,0.2826105510801522,0.05606628507625544
CTCATTACAGGGTACA-D2_Stim,-0.10594807389126082,-0.04020563248497844,-0.27686332618794296,0.11092456367469694,-0.1416577121554674,0.036741435260243094,0.3811944245742289,0.11515385786569965
CTCATTAGTTACCGAT-D2_Stim,-0.03712776100426751,-0.041715816455784704,-0.468920812614952,0.22616117804619407,-0.23431046173974046,0.3107315928039114,0.7508765530250034,0.09918882246855354
CTCCTAGAGATGTTAG-D2_Stim,-0.13075225346673136,-0.08938585785944753,-0.29684040197700234,0.032412433228707016,-0.05902244100596832,0.09837464733271517,0.3926589935724252,0.06468101523099534
CTCCTAGCACAACGTT-D2_Stim,-0.0066417532135947255,-0.0918581927611335,-0.5205585289661734,0.17639056848325296,-0.19500754824885647,0.31919987888920076,0.624785823073184,0.07785988048855508
CTCCTAGGTTTAGGAA-D2_Stim,-0.10071038590642978,-0.08742379162289637,-0.37669664444569584,0.19315646705012135,-0.06342621348936461,0.24319941335824424,0.5861010993355578,0.07066995204479909
CTCGAAAAGATGCCAG-D2_Stim,-0.15306887899745902,-0.11148230063743014,-0.439646142861541,0.13599126472248457,-0.23513200628319275,0.1807929249245852,0.6253903947755806,0.09834514510570536
CTCGAGGAGTTCGCAT-D2_Stim,-0.12265991434439272,-0.08490471831040125,-0.4166004694752683,0.12873825877348466,-0.07891730294526589,0.35155271414429734,0.3273718869662252,0.09522735892400824
CTCGAGGCACAGTCGC-D2_Stim,-0.08209634585056413,-0.013717963781656906,-0.2761118132564375,0.14058237624920622,-0.12707342334152827,0.11108441457567864,0.21042754362909122,0.10569365625627647
CTCGAGGCAGATGGGT-D2_Stim,-0.08578439872355048,-0.027117363403030836,-0.2096481076810326,0.06496979970161831,-0.10988521396378736,0.01274803976627581,0.07970024545344856,0.07209980776736202
CTCGAGGGTTTCCACC-D2_Stim,-0.2750609391104373,-0.11009866837113869,-0.4185072300566528,0.09804898470163081,-0.11540571507391029,0.20674705832731277,0.6082597022315444,0.0938955100445007
CTCGGAGAGCCCTAAT-D2_Stim,-0.24353560845081468,-0.08678541337555501,-0.425062129179409,0.1628288750731013,-0.12623357475421493,0.40195997244180504,0.6238296305008788,0.09560514652210728
CTCGGAGCAGCTTCGG-D2_Stim,-0.05079311672616349,0.029537239847449825,-0.2605893814953326,0.13782597231949367,-0.10462594341780651,0.18825503598129245,0.18734537855970146,0.14665827909487028
CTCGGAGGTTCAGGCC-D2_Stim,-0.16455744749909051,-0.07650438347231336,-0.6252463280034384,0.21497977215729236,-0.23210719139567892,0.39800123614814176,0.27281565008064046,0.1107132805446831
CTCGGAGTCGTGGGAA-D2_Stim,-0.09591627138890679,-0.04293380132398816,-0.23151971629689072,0.046989157545272775,-0.058355086450085025,-0.02349277028411656,-0.33102010526227943,0.007898792920343567
CTCGGAGTCTCGCTTG-D2_Stim,-0.06733169404780881,-0.0710009089759236,-0.5422387923156364,0.20704885610552104,-0.1305594793132805,0.3324948899988929,0.5352361181917491,0.03413046496873662
CTCGGGAAGCGCTTAT-D2_Stim,0.021678019921248293,-0.1089203667855454,-0.6416316628743317,0.2598597905523601,-0.1859178449749077,0.3735290196774699,0.7152682312654477,0.0913117902732612
CTCGGGACACCGAATT-D2_Stim,-0.2817321580395351,-0.14566551007729878,-0.5133586128736081,0.18427930293579564,-0.14774087737359665,0.3156022846969577,0.8877949955564892,0.09546590665540222
CTCGGGATCTAACCGA-D2_Stim,0.022498487337593076,-0.015968765113672845,-0.6181584441378174,0.3058961531124105,-0.1339630664041067,0.44259190806884696,0.9211812920624354,0.1342758386340801
CTCGTACAGAGCTTCT-D2_Stim,-0.12376866171088174,-0.21523624681244158,-1.1114798253709903,0.23070778171267214,-0.2798463714611792,0.3782524184876337,0.6468665664929238,0.036681364815555284
CTCGTACAGAGGTTGC-D2_Stim,-0.12706071863448543,-0.09468946592012273,-0.6376773388401027,0.15651333642550114,-0.32953262536439354,0.27069346418612206,0.18562812684609398,0.09342776851223
CTCGTACGTGTGACGA-D2_Stim,-0.04902983029533026,0.027214443361478047,-0.07416099999815717,0.10017663333934834,0.01276007707187432,-0.022995025413743875,0.09923428200714923,0.07650048714403113
CTCGTACTCCTGCCAT-D2_Stim,-0.1616198946428291,-0.2307937808722169,-1.0488379093654974,0.16404685312016376,-0.1148699081903608,0.35879536853781246,0.45266256540156125,0.0021423146856243136
CTCGTCATCCCTAATT-D2_Stim,-0.1475248917487697,-0.14241740341246079,-0.7745810592866533,0.20694979941822567,-0.21876449439661272,0.42768654986713095,0.46138825538937045,0.07404729535325494
CTCTAATAGCAATCTC-D2_Stim,-0.09487782127253652,-0.03287800197054125,-0.3456545434258711,0.16242704463570057,-0.307292039498849,0.10577345394609416,0.24560257599526913,0.10267547700971846
CTCTAATAGGACCACA-D2_Stim,-0.08087376519820033,-0.03806655263282721,-0.2505826328690759,0.07688109349023442,-0.16702156985122407,-0.00023061924135348022,-0.27929704880176587,0.017415242527317076
CTCTAATCAGGTCTCG-D2_Stim,-0.14422680336319083,-0.0727917723390874,-0.42074690225741307,0.16548025052659732,-0.15812703437285514,0.3180923046124189,0.3007621407032257,0.0896954408578523
CTCTAATGTGATGCCC-D2_Stim,-0.14242987922101769,-0.0864394446112744,-0.399129592912157,0.1604717604784085,-0.04583438718298183,0.3663215604199923,0.5842650789209216,0.09026143855651902
CTCTACGCATCCCACT-D2_Stim,-0.11008177708215072,-0.03181655256787508,-0.37754033372818085,0.22641521606218795,-0.11280556607013992,0.2679930025235322,0.5907803935502525,0.14911192754143876
CTCTACGCATCCTTGC-D2_Stim,-0.0961321179074961,-0.06317067559872847,-0.4953384282765825,0.15902386055841156,-0.29130472874066093,0.2533780364496945,0.25514298533453683,0.08441071459743732
CTCTACGTCGCCCTTA-D2_Stim,-0.17388386883463447,-0.10119155184213824,-0.4273297773253528,0.07884061954514365,-0.1888304549909261,0.3039006076085258,0.26534141641677067,0.024511114721468275
CTCTGGTAGTGGAGTC-D2_Stim,-0.04150798317224336,-0.034371415382889126,-0.33427364318433384,0.17119532499100565,-0.07915518313349246,0.30418530710948666,0.2631072447142664,0.11592185324517068
CTCTGGTGTCGCATCG-D2_Stim,-0.06384662253738682,-0.05939007136407071,-0.4528150523353389,0.16870978229921008,-0.09995072738207789,0.27450022860222134,0.28496627137428643,0.0920673998199959
CTCTGGTTCCCAAGTA-D2_Stim,-0.01460022666316263,-0.06975535289215529,-0.6341530565326305,0.24481233873965103,-0.20250000876431784,0.38820565068248314,0.6326659143640061,0.10394019172203528
CTGAAACAGTACGTTC-D2_Stim,-0.12070021516793794,-0.09177238866804416,-0.5726807649690073,0.13122715503328486,-0.19663723187408344,0.35391760692283114,0.3430691549010829,0.04014674665106455
CTGAAACAGTAGGTGC-D2_Stim,-0.14476259503885025,-0.04103896033330123,-0.11294766356686381,0.07717130323646515,0.09155746065199644,-0.03297321469869097,0.05356453006022832,0.05378005287409238
CTGAAACCACCCTATC-D2_Stim,-0.07022491282110899,-0.03147718694516399,-0.36637942513065447,0.19512350351825702,-0.09672348400642683,0.30576907550098475,0.23688457617756065,0.11993224172049821
CTGAAACTCGTATCAG-D2_Stim,-0.13820159712683378,-0.03903873594425633,-0.4688130051178625,0.16050152343026625,-0.26374191380637413,0.125444389145148,0.3535693848045369,0.09661379290211691
CTGAAGTAGCTCCTCT-D2_Stim,-0.1296585178063765,-0.09775239869389907,-0.4388260670108739,0.19403103264630772,-0.10379656906268764,0.3190954976111673,0.36854479733083245,0.1110122090541541
CTGAAGTCAATCGGTT-D2_Stim,-0.10451104395503741,-0.025661313555081833,-0.23254696116457563,0.10286389039151089,-0.09729029636226016,0.05034718753497813,0.003328595328543571,0.07710523920032486
CTGATAGGTCACAAGG-D2_Stim,-0.11771894250371062,-0.037097151671837025,-0.33873318663522944,0.15647288929453396,-0.12132166709293024,0.28081013382586306,0.21129181048042422,0.09094795407621703
CTGATCCAGGGCTCTC-D2_Stim,-0.11810958955493689,-0.0854149767395338,-0.5237433296585561,0.2418736434812594,-0.16332484758070898,0.3237322282783328,0.660553372461747,0.09180002910618867
CTGATCCCAGGCTCAC-D2_Stim,-0.1741467597356312,-0.022134184113768995,-0.1380280130280287,0.003268756763690206,-0.08909437118401442,-0.04195609456943039,-0.4348541415269658,-0.025651020487737597
CTGATCCTCATGTCTT-D2_Stim,-0.1472977876724375,-0.07255337555626085,-0.5265695860569206,0.22861859992959666,-0.21453500683901083,0.1773015935534712,0.5921429626037558,0.10704785195496314
CTGCCTAAGAGTAAGG-D2_Stim,-0.09561588148047839,-0.06933947900123805,-0.6935297239390223,0.27210653668407403,-0.1988029998954115,0.3492870703725899,1.1627351455361126,0.06530852225723116
CTGCCTAAGATATACG-D2_Stim,-0.07777174024375277,-0.05185998534950187,-0.4979662978870625,0.1475428919792261,-0.17502113742173897,0.22264909452671944,0.6873445494530728,0.06281965896540243
CTGCCTACAATTGCTG-D2_Stim,-0.18128718382466502,-0.053648609867551045,-0.5189839668360836,0.21984506170148777,-0.1504267854172472,0.23016155671093586,0.4391829919720891,0.17952798977682605
CTGCCTACAGACGTAG-D2_Stim,-0.1068457871014008,-0.019560617641296574,-0.23498777559709794,0.0962585350317795,-0.12639148447832227,0.03923534267466877,0.3224167197818808,0.1109059577357474
CTGCCTACAGTGGAGT-D2_Stim,-0.03546576552808922,-0.06653765940906631,-0.5670657841746802,0.14275492201187845,-0.1644023920882436,0.31283792016452594,0.39752954408172236,0.0027597281817719477
CTGCCTATCTTTACAC-D2_Stim,-0.09416951402261198,-0.030599214396186625,-0.3548971793193143,0.16112122016246033,-0.1272415189781384,0.2449986259273853,0.24292920754032288,0.10374275569596136
CTGCGGACATGTAAGA-D2_Stim,0.006471388611807072,-0.06832231725226023,-0.412338088847898,0.2316596786643803,-0.025874842384705943,0.4877923003135063,0.25158285906843414,0.1138313797766699
CTGCGGAGTCTGATTG-D2_Stim,-0.257881995274742,-0.14487694979067278,-0.6572861677058732,0.124631799628947,-0.18919297638091415,0.3973087056938507,0.44558315066119736,0.0704353672392859
CTGCTGTAGATCTGAA-D2_Stim,-0.057620263936831506,0.011972530778562529,-0.10843531821418217,0.0797832231306046,-0.011367678758896105,-0.05763676476924573,0.10520264121212008,0.06988383618758753
CTGGTCTAGGCTCTTA-D2_Stim,-0.16874057328076653,-0.151296137724934,-0.6251113640070134,0.12764204876201646,-0.22355348578620493,0.30173897237059855,0.3911652969059327,0.00242143539402484
CTGGTCTAGGTAAACT-D2_Stim,-0.10798417474186728,-0.08302580929143843,-0.7116975546148332,0.23786781792461653,-0.13459887354471078,0.5276380384783845,0.42354582780800865,0.09112470077936585
CTGGTCTAGTGGAGTC-D2_Stim,-0.12370457797079837,-0.06193068386450307,-0.4378957251233473,0.22674364699134308,-0.08328991851690049,0.25812944207359045,0.5333140954638296,0.11936854286130583
CTGGTCTCAGATGGGT-D2_Stim,-0.1506513045265816,-0.07211778182502648,-0.5412479879103174,0.20163252517059682,-0.2664894172879677,0.2837629139610094,0.31355578867220313,0.09040801461088677
CTGGTCTTCAACACTG-D2_Stim,-0.08242081349774999,-0.05196552932471299,-0.43567593505269997,0.182662399604542,-0.09694146605325749,0.3709860450916658,0.2957318508089486,0.09072434334317059
CTGTGCTCACGCTTTC-D2_Stim,-0.12318342135355387,0.02017785212780332,-0.030474973923297455,-0.05992966797097665,0.059959167468203844,-0.16504672768855855,-0.5327899664825715,-0.04869475982929927
CTGTGCTTCCTGTAGA-D2_Stim,-0.09768155419608782,-0.03302116367508923,-0.49437913209814965,0.20085289816828578,-0.24818766142449178,0.2264401923231656,0.2574958755754917,0.11539037725683166
CTTAACTTCTTAACCT-D2_Stim,-0.14336111283835606,-0.0925480843188975,-0.7101126586203623,0.17604225333909795,-0.3044428341043268,0.3622792000451618,0.4137549862757748,0.059696839837778626
CTTACCGCAAAGTCAA-D2_Stim,-0.1089415335633035,-0.09307587430497755,-0.7030595666996025,0.16797940008369316,-0.2730537405599964,0.38096745009561594,0.4244536307181006,0.061521908537571335
CTTACCGCACAGACTT-D2_Stim,0.009943354515009162,-0.03146763847150602,-0.39072954499058277,0.029763564448604285,0.10307612086500484,0.16393163785763853,0.1578194385989029,0.013122693091158766
CTTACCGTCGGAGCAA-D2_Stim,-0.19106643379673827,-0.10224723898478771,-0.3669025111582638,0.11462576022919535,-0.11427480178343075,0.0996739649576881,0.39657428959080043,0.019957203395806644
CTTAGGACAAGGCTCC-D2_Stim,-0.011189213971087852,-0.06608199458478303,-0.5558654405881676,0.23607317570501074,-0.24563391004741675,0.35257646224749273,0.5406981736364056,0.12468038892509803
CTTAGGACACCACCAG-D2_Stim,0.018088276403803505,0.06886178275346744,-0.10401067822644361,0.1061786008934753,0.0001816720240075398,0.11233017330196482,-0.0312855271944521,0.10438645437294802
CTTAGGAGTAGCTTGT-D2_Stim,0.05537638090305208,-0.026687649207467246,-0.6979623566986515,0.372314294652897,-0.19625085735915349,0.5226024169534309,1.2095897154046105,0.15210948980742245
CTTAGGATCACCAGGC-D2_Stim,-0.11352124453465784,-0.007765457501383466,-0.34531886019671276,0.20705396560828326,-0.11450979407257655,0.22402735649829175,0.5219524254856243,0.14615773524558584
CTTAGGATCTGCAAGT-D2_Stim,-0.12211563356850874,-0.02625959171217218,-0.2984710808228881,0.06701311386339803,-0.08099872720961443,0.047427303773094565,0.4548174605479751,0.07452355539374445
CTTCTCTAGTCGAGTG-D2_Stim,-0.18873734441667978,-0.1030206157967708,-0.6288487725547114,0.24243274962011263,-0.20331987361521087,0.30380361918403587,0.6785194699472905,0.05792876628539645
CTTCTCTTCTGACCTC-D2_Stim,-0.11297930060315053,-0.09621734990638231,-0.38220574768464566,0.1383846923444203,-0.19040888453440452,0.2810334662225671,0.2591709909934963,0.08962352958369912
CTTGGCTAGACTGTAA-D2_Stim,-0.06886198734418336,0.010535929792903076,-0.2012038220464074,0.013397578703964186,-0.19225670085106117,-0.020058827991093153,-0.388779551285376,-0.007304577604591245
CTTGGCTAGCCCAATT-D2_Stim,-0.06825471184753518,-0.07335813183215478,-0.47563321984750395,0.19067620065199264,-0.1939666973807519,0.41175008972519755,0.38595804812163514,0.07761533791116726
CTTGGCTAGCGATGAC-D2_Stim,-0.09989994696071669,-0.025404169436491486,-0.22853355406287523,0.12460262345673812,-0.0846178038259211,-0.08721964874300525,0.054508904623681076,0.10481766687707506
CTTGGCTCAAGAGTCG-D2_Stim,-0.07625068561983639,0.013212094556607212,-0.4673655674186463,0.2788314190604986,-0.07202528402781994,0.11740032120838251,0.39285446656775136,0.1868921291406913
CTTGGCTCACTACAGT-D2_Stim,-0.10650704478420359,-0.018632375375515764,-0.27294981106007477,0.11775566018009798,-0.005895059907091493,-0.04716556522171267,0.10502375168865541,0.055917529300270274
CTTGGCTCATGTAGTC-D2_Stim,-0.07657107384697603,-0.02943814495192676,-0.34938255354539827,0.19391736981475383,-0.11105001403246817,0.28189385726506977,0.261330174031035,0.15481862712353234
CTTTGCGCACTCAGGC-D2_Stim,-0.1930668155294768,-0.09100945763556822,-0.42603955714219666,0.18327567731049932,-0.02510945928835895,0.4421861787963799,0.6741140318751082,0.10808400420346942
CTTTGCGGTCATTAGC-D2_Stim,0.03305704017695099,-0.055877451421089575,-0.5409328888522786,0.19520189042959046,-0.07761948720803957,0.46610642939440794,0.4074766108082013,0.10541310440411955
CTTTGCGGTTCACCTC-D2_Stim,-0.17466329015991988,-0.04875559851356748,-0.13281557388009801,0.0582140983117263,-0.07336281320778859,0.06270339788200197,0.2131244261849421,0.02549697684964869
CTTTGCGTCGGTGTCG-D2_Stim,-0.1438017564430023,-0.0544094501008221,-0.24696263871219593,0.0958100906238517,-0.1305637951197518,0.11099131084747427,0.3944204439340169,0.10601651172991566
GAAACTCGTACAGTTC-D2_Stim,-0.12136710276819151,-0.023885366513235695,-0.47791290154589205,0.21952898089030093,-0.2254670941290442,0.3225054025976828,0.3147749251520331,0.11893928916579455
GAAATGATCGCTTGTC-D2_Stim,-0.03902544265101149,0.013459856377815882,-0.11973877542889522,0.09181506272199691,0.039402486972919704,0.11456530937402043,-0.01621248690688759,0.10035557359528724
GAACCTAAGAAGGACA-D2_Stim,-0.11167255955839295,-0.07125309984782646,-0.3930497492666962,0.15768113610190682,-0.09496495755441714,0.3555176944185785,0.25486959589161984,0.09781578276215441
GAACCTAAGGAATCGC-D2_Stim,-0.06259287000833424,0.04831721581156323,-0.10941423903356373,0.1265892092103904,-0.11060632540728044,0.005925268997923894,0.00970273988402326,0.08486753996800545
GAACCTATCATGTAGC-D2_Stim,-0.16385532849809614,-0.06482959422318046,-0.6924597349519015,0.16100083493175,-0.19242832694008882,0.3287743223442945,0.4399150170675883,0.021775575086252275
GAACCTATCCGGGTGT-D2_Stim,-0.19462909566232334,-0.09271403762200947,-0.2705499676557528,0.07251434933157697,-0.1400636676888567,0.00457238846430208,0.38572323284497045,0.09590078408967173
GAACGGAAGGACAGCT-D2_Stim,-0.030078597626619796,-0.051321484345304924,-0.6385170315281119,0.20624088163523346,-0.21446454849426289,0.4892911986662263,0.08564606599290325,0.09732868008763162
GAACGGAGTCACCCAG-D2_Stim,-0.18217205773312095,-0.08582864031422588,-0.5400426522915751,0.1744776155751513,-0.2589243543031934,0.29648857216469615,0.3027715756549485,0.06799528768599927
GAACGGAGTGACTACT-D2_Stim,-0.0606160345552329,0.005229263351884228,-0.25978454694212694,0.11576860751587148,-0.08492241886778551,0.166971314382522,0.3095977820513358,0.1096914734835881
GAACGGATCACTCCTG-D2_Stim,-0.1552891236889078,-0.12892608094803215,-0.45669476691790933,0.2665283320742482,-0.10466321934980272,0.5073852378253765,0.9078142511529625,0.14397755387311761
GAAGCAGAGGTTACCT-D2_Stim,-0.1425412473870331,-0.0941492322159494,-0.5146665235783239,0.20691023557786536,-0.2061610473532678,0.23630214570244057,0.6719020234655151,0.06355261719456884
GAAGCAGGTCCGACGT-D2_Stim,-0.020136395838569854,-0.024145921870619702,-0.3854293801266948,0.1614078981414213,-0.03545412155408023,0.3208489788936877,0.24253226248574133,0.09382165291837019
GAAGCAGGTTCGGCAC-D2_Stim,-0.24920989526236248,-0.11077114110234199,-0.3781052813111101,0.0804295973984317,-0.14495016805615535,0.030856044858575515,0.6625737984545648,0.0696778397619795
GAATGAAGTAAATGTG-D2_Stim,-0.2657651129659051,-0.11144030102406077,-0.37474563696085283,0.08786449632611593,-0.1647985294923764,-0.014768410314259128,0.7891960332773369,0.04329004655456714
GAATGAATCAGGCCCA-D2_Stim,-0.1481673309444247,-0.05244798703666831,-0.28104413118583516,0.09389260842354119,-0.11087809848434738,0.06765583744240189,0.3354535884710472,0.07071384787178481
GAATGAATCGCGATCG-D2_Stim,-0.0015174648443547767,0.012034122846236173,-0.006063455913507099,-0.0038785358277486637,0.02422386227567941,0.15356263807911041,-0.08745129265437512,0.08117746729597108
GACACGCCAAAGAATC-D2_Stim,0.039268002503540345,-0.035798465142693914,-0.513199418807984,0.16615157489856713,-0.07915579804709871,0.42018794171911544,0.299539312800273,0.06870329766342742
GACAGAGCAGTCACTA-D2_Stim,-0.04004173166166325,-0.1346271008679487,-0.46875279624868327,0.19963321915736643,-0.011150912516466605,0.32780227863253586,0.839332247689752,0.12462382836144315
GACAGAGGTCGAGTTT-D2_Stim,-0.15988977188803943,-0.05521178295283491,-0.4359866931085463,0.16770683213344206,-0.11986631842151141,0.09015515907295502,0.19148423250491575,0.07759703049663536
GACAGAGGTCTAGGTT-D2_Stim,-0.04059053495711851,-0.0168838114874994,-0.4630147428831286,0.17158017265392367,-0.21171334113275897,0.3263443849923533,0.18142928996718766,0.10607555398079249
GACAGAGTCTACGAGT-D2_Stim,-0.0882573086626941,-0.026309110075505515,-0.24775275837328525,0.0869637021144527,-0.09658588247347133,0.01669840007984824,0.21162767833203588,0.07458951741076447
GACCAATGTATATCCG-D2_Stim,-0.08887342021572664,0.06691807459467647,-0.3819568981838941,-0.004439525821540613,-0.228531360367338,-0.07532170828748974,-0.6354668926027252,-0.02050817328800747
GACCAATTCCCAACGG-D2_Stim,-0.1081099606066882,-0.0937843814005106,-0.6550550450679467,0.15118724736778333,-0.226741338453591,0.3384375334330727,0.2829442136992286,0.03654776953290906
GACCTGGCACAGGCCT-D2_Stim,-0.07026906697788071,-0.06644634228472412,-0.28414015850716545,0.08773919420246301,0.03416480918304288,0.09774654452562181,0.34122632237279404,0.09373528851757129
GACCTGGCATGTAAGA-D2_Stim,-0.19121030298367714,-0.0975791522345375,-0.5677205657477504,0.17569690965428286,-0.22458784766467232,0.26442884952484214,0.3175935679467976,0.09481335165126303
GACCTGGGTTGATTGC-D2_Stim,-0.14441135386984882,-0.06545757339593727,-0.2882147408753397,0.04039226146624131,-0.06895690260441256,0.056246765151218625,0.29964648905481894,0.05097038661318365
GACCTGGTCTTAACCT-D2_Stim,-0.15797688794939546,-0.035537271642230195,-0.4313013076941594,0.15118200657086156,-0.34562959363977797,0.09633819849605096,0.1582489222366643,0.11833848008556203
GACGCGTCAAGCCTAT-D2_Stim,-0.039178689871430805,0.015982319500926323,-0.14674547226341694,0.1299333206096307,-0.00666969875609702,-0.018229282392100643,0.0713993392588037,0.0585638048179451
GACGCGTGTCAGAAGC-D2_Stim,-0.07720837099102162,-0.16950174313316424,-0.6822645329716526,0.2276535761124432,-0.2982055080667916,0.4418010825547576,0.58566653351191,0.07622327578480004
GACGCGTGTTGAACTC-D2_Stim,-0.17040420835403403,-0.09629667455610935,-0.3500938828758411,0.05645679674637982,-0.08356163013371543,0.06447322594279115,0.3576082010038526,0.052266232921084566
GACGCGTTCCGAAGAG-D2_Stim,-0.0511028477616815,-0.04439051303465469,-0.40496556350862356,0.14910186980620566,-0.052377351063938704,0.2982838231479068,0.23633759340560712,0.06823165968095779
GACGGCTAGCGTGTCC-D2_Stim,-0.29693454450937296,-0.1681908232932532,-0.7199621418927684,0.18148518498767885,-0.28210059072061355,0.4612957508172233,0.4685526025210969,0.04434043478850391
GACGGCTTCCACGTGG-D2_Stim,-0.02582459538850479,-0.08204881263582386,-0.5365891076085223,0.1787373955457987,-0.1577168286738253,0.23370543842481162,0.4780290126209543,0.09115216369695922
GACTAACCAACGATGG-D2_Stim,-0.06735827504685687,-0.07758976339006196,-0.6255749765676324,0.2016677496795154,-0.24066236840587862,0.4291876119085689,0.3672231078490036,0.07727880705812318
GACTAACCACGGCCAT-D2_Stim,-0.21494328019177011,-0.11661138569343521,-0.6045876631780729,0.17700291344638863,-0.24664652865972236,0.2654600846990718,0.35667630307516696,0.0613078982615356
GACTACACAGGTGCCT-D2_Stim,-0.11629238440852241,-0.03767393569752642,-0.3372203294645484,0.11565322283131252,-0.05889883174503119,0.11832290396750089,0.3850058249995705,0.1040948386777103
GACTACACATCGGGTC-D2_Stim,-0.10623601535600002,-0.03675698147681494,-0.3054588622431176,0.11818001627322161,-0.08638870284822353,0.18115201153227112,0.3828180833356871,0.10508228218941618
GACTACAGTATAGTAG-D2_Stim,-0.22347419947192648,-0.0906135309262801,-0.3096438311403009,0.07578551364932551,-0.24796431192869584,-0.01299160130428234,0.4070986715153371,0.06249462535960504
GACTGCGCAAGTACCT-D2_Stim,-0.08114111375189559,-0.013036590033392415,-0.27825515011996593,0.10287793538483392,-0.03003288925080483,0.0650470749549168,0.33174154202057515,0.09846019663149441
GAGCAGAAGAATGTGT-D2_Stim,-0.14504705523702377,-0.09851776143362656,-0.7299323920083154,0.2766916420476164,-0.24849196338434254,0.292349170432459,0.7058908155827162,0.11008967899818067
GAGGTGACAAACTGTC-D2_Stim,-0.11870505275145327,-0.04854932201222262,-0.5955951524679826,0.23076648914969056,-0.2666848877117918,0.2513135446233825,0.5183208547720461,0.16482844902038707
GAGGTGATCACGACTA-D2_Stim,-0.16527964444030374,-0.0933308295795161,-0.30396419371281347,0.054888327043356,-0.22722936307360264,-0.013999151600716075,0.07106637852259823,-0.004443415922830596
GAGTCCGAGGGTATCG-D2_Stim,-0.13446975334119138,-0.037125679078336304,-0.30320451871269327,0.06479594692296864,-0.14215367161805226,0.03994540159799875,0.358058152068887,0.06423668241632363
GAGTCCGAGTAGTGCG-D2_Stim,-0.07064679390618878,-0.011147968630575988,-0.2086069375818811,0.17771609570312918,-0.26661580274342356,-0.013763183338214802,0.23337496997640272,0.10161834376563483
GAGTCCGCAATGGATA-D2_Stim,-0.0900038866477324,-0.10923106323263454,-0.4145088401819095,0.16149782734044393,-0.20022821772814403,0.2562695324398341,0.521453902407572,0.11086743080031702
GAGTCCGCACAACGCC-D2_Stim,-0.08894644495574333,-0.13809921138312298,-0.5255843690942008,0.1837601173862229,-0.152107595148939,0.31725891066689016,0.41610019549328126,0.07371093893212155
GAGTCCGGTCATGCAT-D2_Stim,-0.045662121392442856,0.027949780526741463,-0.08396832480213057,0.09595848244071803,-0.024730068748469947,0.11371729688191579,-0.07479957130669845,0.09960307554100467
GATCAGTTCGGAATCT-D2_Stim,-0.15046303742959388,-0.09622663673377652,-0.6116384273377324,0.1819290281015462,-0.11044983513229845,0.42005749220991895,0.31274733724142756,0.06907339695498749
GATCGATAGAGACTAT-D2_Stim,-0.1655329061648647,-0.03505714183742192,-0.17519216868370968,0.08086708454438529,0.013052430088237088,-0.13617372930093197,-0.0760552951707183,0.01599569298730863
GATCGATCAGACGCAA-D2_Stim,-0.05023235105911539,0.012712028214480142,-0.09546265072040327,0.08580982136699689,-0.047523787826111885,-0.020968913378169418,0.14005250339958408,0.04809259562632562
GATCGATGTAATCGTC-D2_Stim,-0.18778404324350362,-0.021152555748248147,-0.1870256039886229,0.0163065143123724,0.013761925460622493,-0.11667705808640605,-0.2248036359941672,0.04761848610980657
GATCGATGTTAAAGAC-D2_Stim,-0.09338096660855832,-0.056675563815808516,-0.33356690031566494,0.13578060767374645,-0.05647575856919573,0.3060658929467319,0.2322708638053097,0.118340795219666
GATCGCGAGTGGGTTG-D2_Stim,-0.07213350062379753,-0.010709262414103193,-0.21218747291675832,0.10862343617734105,-0.06603175744117173,-0.05930210432589256,-0.06888238290563464,0.08551486532327068
GATCGCGCAGGGTTAG-D2_Stim,-0.1931513184249578,-0.10799796903533299,-0.4713991264506383,0.12949444586085335,-0.35539282082203805,-0.00017482261093881846,0.2197050057975254,0.08357060458123122
GATCGCGCATCGACGC-D2_Stim,-0.2322387575682079,-0.13458865746302706,-0.6563684124313944,0.1836080627358747,-0.17716722584296996,0.36935356944454867,0.382542247986736,0.060879566866772095
GATCGCGCATTGGGCC-D2_Stim,-0.019073369635618675,0.12358172218218044,0.08417719799679979,-0.18231444885222814,0.2153787068019426,-0.043004886071564385,-0.5104829984383095,-0.0781412550360141
GATCGCGGTAGCGTCC-D2_Stim,-0.07217826316621334,-0.038317179619797415,-0.4854705184757897,0.19751116568653515,-0.029763527739250506,0.466221739461977,0.32327667940619165,0.10404565061783266
GATCGCGTCACTGGGC-D2_Stim,-0.19555919171183866,-0.08498727341237,-0.3107007118711671,0.055897318929229556,-0.09887401579835142,0.019152483729950376,0.4586586203010583,0.04797591140867219
GATCGTAAGTGACATA-D2_Stim,-0.11059440825370892,-0.037175930184339734,-0.38051569006928254,0.2094790955717638,-0.19391979696260186,0.20087317763479362,0.2654736832496791,0.117026707392478
GATCGTATCCCAGGTG-D2_Stim,-0.12795011714973192,-0.018495260191901508,-0.2954385805584163,0.12251158342164459,-0.08228064029581894,0.09027843518824064,0.4458261582300036,0.11075950049885286
GATCGTATCTTAGAGC-D2_Stim,-0.06692124423912205,-0.07865487013629213,-0.8465698700849718,0.21537382808782368,-0.23639732679449565,0.4149186797825486,0.8002131236822514,0.06350600666020156
GATCTAGAGTCTCAAC-D2_Stim,-0.121457232903742,-0.09434368278555993,-0.49755028226519116,0.1257778817687285,-0.09468793241765283,0.32540705745462617,0.18457417431526757,0.008304825964922102
GATCTAGGTCGGATCC-D2_Stim,-0.14665921439924112,-0.14045373232083058,-0.4659379932230081,0.22778443281182525,-0.09046634364803374,0.44315064405368787,0.814748849608268,0.11900660292411658
GATCTAGTCACTTACT-D2_Stim,0.09067292524699866,0.04462279335587205,-0.43128346297917375,0.2696488762103382,-0.19693707108833536,0.4017414200519571,0.6456581395164633,0.11409881413980827
GATCTAGTCGCATGAT-D2_Stim,-0.10525211280711311,-0.06594559906868191,-0.3872380905346251,0.1782313023026525,-0.10698897443951516,0.24325556673864845,0.37160115008001604,0.09187034919591497
GATGAAAAGGCACATG-D2_Stim,-0.060598405947654754,0.0013985947431756074,-0.29867651426357966,0.15075445004865884,-0.05954981705633422,0.283553284175289,0.22218782137364812,0.13180341941127693
GATGAAATCACCTCGT-D2_Stim,-0.32912020981612855,-0.14562757056654085,-0.7012783694251645,0.18202683683303356,-0.20828610434366013,0.2648183258857504,0.9848331955470782,0.10931034940414541
GATGAGGAGAGAGCTC-D2_Stim,-0.13469972734728053,-0.06900306340115492,-0.40803720389243203,0.22593521117380178,-0.18968009729274726,0.01643477756116063,0.34335948545322736,0.09703400009807872
GATGAGGGTGCGAAAC-D2_Stim,-0.11900798581641858,-0.05071127227203576,-0.16754678716146287,0.049738319070133485,0.04927240782303244,-0.0863494731204053,-0.08128055623084407,0.012048449490629665
GATGCTAAGGAGCGTT-D2_Stim,-0.19393653212774709,-0.07127108682319516,-0.2656217800235945,0.056271165738685625,-0.11462151643905472,0.04102836118114084,0.28361159615086073,0.05986006959663115
GATGCTATCCTTTCGG-D2_Stim,-0.04617580688843326,-0.03832723171383279,-0.3260147313610595,0.1425677120825508,0.004841596502684453,0.2942974371144498,0.17228162295945193,0.09718106935091697
GATTCAGCAGAGTGTG-D2_Stim,-0.11131190266470448,-0.07809260749814051,-0.39862233560081606,0.15549642692412569,-0.0345737602628482,0.25348343794036765,0.4787981008738216,0.08578594792985328
GATTCAGGTGTAATGA-D2_Stim,-0.1664300980993243,-0.09284996081424168,-0.5585820272324664,0.10731608723013508,-0.20920154865326523,0.0863500582429122,0.5056866712745354,0.10488622673865322
GATTCAGTCCTCAATT-D2_Stim,-0.04073169695939072,-0.0624318660022567,-0.38058337538123865,0.2146001517528564,-0.20147153813902108,0.23433382742251574,0.47619065807034566,0.08039535699791145
GCAAACTCAAGTAATG-D2_Stim,-0.1643767050727778,-0.07754230333292789,-0.29703349356917563,0.12158613420719533,-0.140022673232993,-0.07329998760238254,0.14056124931374114,0.0678392786006512
GCAAACTTCAGTTAGC-D2_Stim,-0.11310807373808807,-0.017697100508504704,-0.15781495354800334,0.11487836172652877,0.018301614373887887,-0.061945545100293486,0.12268371065163919,0.100890923730244
GCAATCATCTATCCTA-D2_Stim,-0.029656863265579148,-0.05039733535901547,-0.3598907051187723,0.16889385532633483,-0.16026206457075887,0.31358336688072974,0.19293268029586663,0.07972296463117878
GCACATAAGCGCTCCA-D2_Stim,-0.05040233417296491,-0.050755567197869667,-0.2733005690933119,0.12850383734658521,-0.06715392354122862,0.23766450383188342,0.24029067978030394,0.08804862447354722
GCACATAAGGATGTAT-D2_Stim,-0.07810390088527441,-0.050604663370002356,-0.42961626527855223,0.1348099589176428,-0.06567725353566622,0.3517836242911656,0.15946810011534307,0.08806837675104617
GCACATAAGGCTAGGT-D2_Stim,-0.0960684619691996,-0.05128286391953729,-0.25801739738194307,0.18415366073112693,-0.04832216980078208,0.19691721070702783,0.3616961437146049,0.10224847385771696
GCACATAAGTCACGCC-D2_Stim,-0.12372653453537019,-0.07186222392599184,-0.3138550480069444,0.22564078916734331,-0.14833243965763288,0.24860299999324198,0.7622549599651087,0.09926173038647157
GCACATAAGTTACGGG-D2_Stim,-0.27058930822181715,-0.17456787458199763,-0.8663460678872923,0.18758396081109474,-0.2600623444515602,0.46922935546918687,0.5467861540534606,0.04581497961082803
GCACATACAGACGCTC-D2_Stim,-0.16047673893885417,-0.09792774088568379,-0.4002662829680954,0.1476951208639985,-0.05606984370608181,0.2720277025218927,0.38744430578350997,0.11543903323493332
GCACATACAGCTTAAC-D2_Stim,-0.1037028752604634,-0.0287368044919738,-0.29593168222678123,0.1419154207286457,-0.09374423122263487,0.24859103644395653,0.287439173632297,0.12388236318360946
GCACATATCAGCTCTC-D2_Stim,-0.18399422614446337,-0.0795590361225944,-0.2708123953145334,0.09714958149474029,-0.16937989380753748,-0.007848007361987541,0.316561954819381,0.08292450365764026
GCACATATCTTTCCTC-D2_Stim,-0.19775566724229598,-0.14895574098648368,-0.6845090768591806,0.21265079550326504,-0.37646464987161643,0.5191493344446947,0.6113575766812254,0.06289289371499152
GCACTCTAGTACCGGA-D2_Stim,-0.10534736825571045,-0.14121451345321745,-0.5933581082849244,0.14533008274327663,-0.15697116059105198,0.3468309698055396,0.7577652654750366,0.06566581980972863
GCACTCTCAGGTCTCG-D2_Stim,-0.10306548046387576,-0.04311751419645482,-0.3956806374244035,0.18608521758585717,-0.23803015327898613,0.1788772837768331,0.23055002417038573,0.09414107428535701
GCACTCTTCGGCATCG-D2_Stim,-0.1858574786415108,-0.06646872813309557,-0.3678700522476106,0.07932543052042362,-0.1092067743586771,0.04138236262966544,0.4958571129021969,0.0749585278819005
GCAGCCACAACTGGCC-D2_Stim,-0.2363606951736017,-0.19199949175455622,-0.5512322510918946,0.2541670613199791,-0.13543769216293278,0.381270522982204,1.271122156607004,0.15076626061560994
GCAGCCAGTGCAACTT-D2_Stim,-0.15669004391997454,-0.08118754238109105,-0.23061589079398281,0.06575251178519714,-0.07033359648411519,0.054785801292803527,0.39251597540427774,0.05004228672458666
GCAGTTAGTGTTAAGA-D2_Stim,-0.12430350029420545,-0.028588292867983256,-0.3245560771146856,0.13237403820942895,-0.18139362784822843,0.1460726127149794,0.09689173719357846,0.10894179621500122
GCATACACATTCTCAT-D2_Stim,-0.09230024832305084,-0.06563707874496849,-0.7001036799503275,0.17043946490273498,-0.24959433981278778,0.2271896327400711,0.44009146945694333,0.13800283136687952
GCATGATAGACAAAGG-D2_Stim,-0.16187714948402032,-0.07873131365680663,-0.45813374587187816,0.17755648091616827,-0.14831251838617376,0.27803481616741976,0.40251736724368037,0.10025682965311056
GCATGATGTACCGCTG-D2_Stim,-0.19781297271164178,-0.09465038327835273,-0.34748051685706205,0.11735256804674776,-0.1941350275691356,-0.030695352744453785,0.21724722779472927,0.06154279721060263
GCATGATTCTTGTACT-D2_Stim,-0.11235935285568033,-0.03992347657597328,-0.43170166609461624,0.193515575852663,-0.22147590342439827,0.22214434994146615,0.46808065984449954,0.13918119816998598
GCATGCGAGTTCCACA-D2_Stim,-0.08676366885196352,-0.031011417853969547,-0.32401161495667274,0.14382882956688192,-0.06099770825723283,0.24163544550920157,0.17176092298015,0.09773302730755873
GCATGCGCAATCCGAT-D2_Stim,-0.08090656879443081,-0.10302268811871684,-0.6432314677507449,0.18888056703146638,-0.09372090751072726,0.2440423855315288,0.974338074829145,0.09520159575749076
GCATGCGTCCGTTGTC-D2_Stim,-0.38189438806136344,-0.13372697473748651,-0.42120639074121424,0.10727553683136293,-0.14237524305436544,-0.043446821997505936,1.1096819929933393,0.05119441075846609
GCATGCGTCGGTTCGG-D2_Stim,-0.2278796656200761,-0.14975700732498076,-0.6210706531398689,0.20348825030266582,-0.24199571825641897,0.30550097301742696,0.38639635135967687,0.06432080065786927
GCATGTAGTTGTGGCC-D2_Stim,-0.16553116725629025,-0.06282649540086815,-0.42210858540328733,0.20730839179396376,-0.1832556745304892,-0.01980335422164714,0.2145827094955166,0.10793016141064449
GCATGTATCCCTTGCA-D2_Stim,-0.2371532747682128,-0.16124249004034397,-0.8020993216462209,0.19167112762462502,-0.2512128427092932,0.4198954528611516,0.43347576423961787,0.05681083747077942
GCCAAATAGGCATTGG-D2_Stim,-0.17949464960711836,-0.08510216245985447,-0.38781144324837413,0.08985219352061513,-0.28405486065361174,-0.01265869113215956,0.16544524349171041,0.04583507123064834
GCCTCTAAGAGTTGGC-D2_Stim,-0.005030534082468563,-0.07224619164385615,-0.4234274653570793,0.21480727688993717,-0.12043575812857732,0.45122761343461804,0.32737620260829825,0.09725920868957161
GCCTCTATCTGCTGCT-D2_Stim,0.05219137352375469,-0.029413047624515798,-0.6683444900957731,0.28311223736683466,-0.1841842210933109,0.36809482342188815,0.8597445291667274,0.09215420220377624
GCGACCAAGACACGAC-D2_Stim,-0.3049696308571317,-0.14088344334188285,-0.4418194611311783,0.1174359918195016,-0.0792680003135029,0.15866608320554043,0.9785632490449974,0.07463704989297604
GCGACCAGTGAGCGAT-D2_Stim,-0.07074711273739531,-0.10078629464945799,-0.5132098673924528,0.05090789482741087,0.2359394285617551,0.40275331174523465,0.3881969408861705,-0.029360148781378825
GCGAGAAAGAAACCGC-D2_Stim,-0.10417560305036844,-0.12290779568804133,-0.7384667302614023,0.2164839517601056,-0.19676386287728853,0.4508483924833886,0.34379050507596887,0.0392003669411185
GCGAGAACAAGTAATG-D2_Stim,-0.20831882148703862,-0.15627237204671296,-0.6252661922005203,0.14510240321850532,-0.19211390824783514,0.32217495126750606,0.39689619723570413,0.02834163902354625
GCGCAACCAAGCCTAT-D2_Stim,-0.07360007235899246,-0.0030273540613467986,-0.13178523311615287,0.1470799346381675,-0.1909926805394786,-0.017673772725405712,0.2049061830542982,0.09111805631752645
GCGCAACGTGCTCTTC-D2_Stim,-0.1592798329188394,-0.1303425090426078,-0.559170583682647,0.16950134281386475,-0.12813702374349667,0.38631354405251805,0.4282209861747246,0.04831906321368251
GCGCAACTCCGTTGTC-D2_Stim,-0.09837717135572177,-0.02732995305623298,-0.2715981209189504,0.08369982570582479,-0.09192533873356368,0.02649983023843916,0.15721360608819168,0.07423105203355185
GCGCAGTAGGCTAGCA-D2_Stim,-0.30436824056075196,-0.12385398582584273,-0.4267199214828228,0.13283021987012944,-0.23532235159049186,0.0435244335503846,0.7092433973140082,0.08036911443374706
GCGCAGTCACGAGAGT-D2_Stim,-0.093762933971961,-0.00929313232868445,-0.37245166813500674,0.14905446747114048,-0.09780641377047239,0.14253610197565791,0.399125264634403,0.12437601795016562
GCGCAGTCATCTATGG-D2_Stim,-0.08973159390136587,-0.06637428504554599,-0.5183732772372629,0.21905876151275727,-0.19502654592151103,0.2592716096710177,0.32851327744477743,0.11620135507873997
GCGCAGTCATTGGCGC-D2_Stim,-0.10432385061326244,-0.053352288775556644,-0.2695300606098918,0.09554866435262532,-0.048886482259701936,0.17983533910907745,0.1918412761006305,0.08986530651850444
GCGCAGTGTAGCAAAT-D2_Stim,-0.22181256350578238,-0.12336094110974827,-0.7208238844468777,0.13406423076615148,-0.27502455621933564,0.2566578973581741,0.2948365094990253,0.021307601439263024
GCGCAGTTCTACTATC-D2_Stim,-0.14811462716880897,-0.07057609607168125,-0.25650908192509814,0.0587569531672365,-0.12981749825472022,-0.03883056041108013,0.13670153895002102,0.06832604441540724
GCGCCAAAGTAGGTGC-D2_Stim,-0.11078415470172054,-0.13625046120028372,-0.5411618973378864,0.10679154562293469,0.0029755660548680396,0.3904397251299514,0.4462214378592595,-0.020180033089870264
GCGCCAAAGTTGCAGG-D2_Stim,-0.049529306465517564,-0.10358479244582597,-0.26411485280510405,0.14072554781027513,-0.01817803922424943,0.25665585988091877,0.32773489432071745,0.04890633399355693
GCGCCAACACACAGAG-D2_Stim,-0.1308832339589756,-0.04998936183170066,-0.21701398716072884,0.10313236023107208,-0.11434121417156184,-0.002295180091151039,0.0319980046579218,0.08255126696233894
GCGCCAACACGAAACG-D2_Stim,-0.08852776371723081,-0.10222726248562175,-0.6451687776159929,0.15592791167064846,-0.25172104146259855,0.3614668271310588,0.3001254254743797,0.049666729986352465
GCGCGATCAGGCTCAC-D2_Stim,-0.18094611830131946,-0.06816324065186308,-0.3445430272748027,0.10556832271315031,-0.09324186288650971,0.042521014767794796,0.47977519267444535,0.06209694598123683
GCGCGATGTATAGTAG-D2_Stim,-0.16277851821405243,-0.17660638424524144,-0.8790006553167249,0.17970863235833612,-0.16718017280195063,0.4260510805374089,0.40730636330609205,0.01529128362218124
GCGCGATGTTGGAGGT-D2_Stim,-0.05958116640639588,-0.023437343128691168,-0.29053680270208737,0.17376797491211882,-0.0755932175706242,0.28224489328422386,0.19318724215940541,0.1321682188915183
GCGGGTTAGGAGTTTA-D2_Stim,0.10841027122705782,-0.03758922389537922,-0.7388436047145301,0.32026224912997847,-0.29604785941734235,0.4479186245238047,1.2723556225896226,0.1520271120285681
GCGGGTTGTAGATTAG-D2_Stim,-0.1447921186410852,-0.06933444178259762,-0.6900205046565802,0.14382074401575018,-0.28857053466858495,0.22594119528376844,0.4156768158392268,0.028097909455613745
GCGGGTTTCTGCTGTC-D2_Stim,-0.04655156644963654,-0.03832632938343039,-0.3103351292427021,0.14830319733359154,0.002007167561551171,0.30377420645336173,0.2919577054400495,0.10725581258848571
GCTCCTACACCACCAG-D2_Stim,-0.08400214868240496,-0.06308731884080743,-0.4190393214256538,0.18159882800947713,-0.01756026777149522,0.4347843266772511,0.37515600465377386,0.10838732779120619
GCTCCTACAGGTCTCG-D2_Stim,-0.15717673384394182,-0.03523466621686566,-0.2991353249711306,0.10805484886751238,-0.10651942587970709,0.2035266848817514,0.27406620688324956,0.10448169209064773
GCTCCTAGTCCGAATT-D2_Stim,-0.29942801645436035,-0.11207186689104986,-0.5740777831695052,0.23040127538262212,-0.2828929565839857,0.13415161543442622,0.49727935723912964,0.11971676172982271
GCTCCTAGTGGTTTCA-D2_Stim,-0.09691843748877993,-0.010640952555919014,-0.38299039637994525,0.18507758067062596,-0.11771085551958294,0.25904747869013534,0.3103492206520233,0.12769307819349507
GCTCCTATCCAAATGC-D2_Stim,-0.1184004314248952,-0.11617089755913668,-0.6674443786381836,0.22179271096550224,-0.21754410121499035,0.28360940031729953,0.7749849221982705,0.055466513439615284
GCTCCTATCGTGGTCG-D2_Stim,-0.024678444604832706,-0.10638971881341419,-0.4757607146749443,0.22481343626159145,-0.07350239278944848,0.48713164191983793,0.3745027478293954,0.1050682133081402
GCTCTGTGTGCCTGTG-D2_Stim,-0.00805512585880841,-0.046384692014392215,-0.38696240876843113,0.21396950291110883,-0.0013655701794750286,0.49229715877897107,0.24570487602307178,0.10278099452684941
GCTCTGTTCCGTCATC-D2_Stim,-0.07020389866370103,-0.1112121421058152,-0.5289443729295549,0.11378066238443729,-0.23458376063058495,0.3267465231500619,0.324277847472497,0.0437192432342588
GCTGCAGCACGACTCG-D2_Stim,-0.060917741969483075,-0.08296716058085529,-0.7229708341550563,0.26954167907602056,-0.2961274534270011,0.27789943739738376,0.6156707623168742,0.12038918205424487
GCTGCAGCAGCGATCC-D2_Stim,-0.09648411055847461,-0.043830456263211914,-0.21573930278282027,0.07976237630133554,0.03417038706019149,0.030000693317619564,0.28242174247399454,0.08437055692956008
GCTGCAGCATACAGCT-D2_Stim,-0.16865096067403584,-0.10524826363080741,-0.4917962400402267,0.2008646950584616,-0.15951573061257385,0.28369472370886584,0.47070791504415155,0.11135872940081804
GCTGCAGCATTCTCAT-D2_Stim,-0.1094695235285279,-0.06695960296292469,-0.4755711460036487,0.16918107370956115,-0.13117030040166178,0.2446811200641772,0.1952667139001001,0.10224714859291062
GCTGCAGGTACTCTCC-D2_Stim,-0.11305658972289834,-0.03388714891475786,-0.14108903052499056,0.07554946215565295,0.06862711386739662,-0.07447767995611976,-0.08152909543789733,0.08185142745923102
GCTGCAGGTGAACCTT-D2_Stim,-0.13164485205404475,-0.06170467225693521,-0.4422778561475589,0.21758374045095508,-0.1585240181419696,0.24739800184816296,0.41885021029531977,0.16463417907578304
GCTGCAGTCAACACTG-D2_Stim,-0.1466068620127885,-0.07810604584707725,-0.4153821373989306,0.16787571638371723,-0.286364761547409,0.1232534441680535,0.3286308500615007,0.10763542173279639
GCTGCAGTCTGTTGAG-D2_Stim,-0.04807766202231534,0.029361023478546855,-0.20950902686694217,0.12087447766785075,-0.04055855828520549,0.041812112928425904,0.10563078981030216,0.07084418306491536
GCTGCGAAGGCCGAAT-D2_Stim,-0.14989372256284916,-0.10369042224729341,-0.8273217635029138,0.2217268800781831,-0.2288468122133569,0.40507514681024404,0.5183870963936865,0.06623313952792564
GCTGCGATCTGTACGA-D2_Stim,-0.11131993894062475,-0.05788083774349495,-0.33090849306827685,0.05866919570178197,-0.05009405827509106,0.14717342741530537,0.2302058291462714,0.08107226815730151
GCTGCTTCACCTTGTC-D2_Stim,-0.38309571301766354,-0.16571294717348728,-0.44184271121091,0.11903136256917257,-0.1401842130995341,-0.024354818902336817,1.0390924171881029,0.04302402901416791
GCTGCTTCACGGTAAG-D2_Stim,-0.04826341914539434,-0.0463323656523702,-0.8523280101149862,0.32114391271682585,-0.4287786088269545,0.3610226526118758,0.29213504291845815,0.2058396680706629
GCTGCTTGTCAGAAGC-D2_Stim,-0.01999675834383119,-0.07225473085669698,-0.4674149266939196,0.1606304246587147,-0.06482767722494209,0.36655222501163287,0.4153964908676224,0.09508467967835976
GCTGGGTGTTGCCTCT-D2_Stim,-0.12336295939606856,-0.05008737700137189,-0.18909119006835162,0.05136476861155259,-0.14743230385501427,-0.09192183024528511,-0.09115458163353196,0.004539455416816551
GCTGGGTTCAGCCTAA-D2_Stim,-0.10844857420838849,-0.01798982369996871,-0.48474279850233337,0.18964674757259203,-0.18905510080200827,0.21550648582907073,0.37581168693003164,0.13515815768259998
GCTGGGTTCTCTGAGA-D2_Stim,-0.10846049236628019,-0.02938699753910079,-0.4420708556253885,0.23593786975898112,-0.1784395298325716,0.05849610830437513,0.3486164873893074,0.08971898517553711
GCTTCCAAGAGTAAGG-D2_Stim,-0.18842381984509338,-0.152967774381624,-0.5876999689982156,0.13258537896176925,-0.18103544731765098,0.3379275075040571,0.31648345261441957,0.029575695335493535
GCTTCCAAGAGTACAT-D2_Stim,-0.2199083276293745,-0.08343613244512049,-0.33371573154798995,0.08675843765169589,-0.11864793930202389,0.026924381567363653,0.4920439034147499,0.0640041749130944
GCTTCCAAGTGAATTG-D2_Stim,-0.009237128105988646,-0.06038463599462851,-0.2774800593255744,0.12512466234859154,0.04672894763548108,0.1724422233922258,0.37495391327880867,0.07469341007081809
GCTTCCACATCACGTA-D2_Stim,-0.10416084041537843,-0.06157030447431744,-0.45883188365206173,0.15402779576868397,-0.03627734483522005,0.39069883769131586,0.2823268087866957,0.07586245092968724
GCTTCCACATTATCTC-D2_Stim,0.0729512651615547,-0.0973733360922715,-0.46746853919364284,0.24802044309170945,0.04977853313942049,0.49173104767041664,0.6365533608801188,0.13571714215485287
GCTTCCAGTCAGGACA-D2_Stim,-0.12612770739688095,-0.0779535049330633,-0.5782100450036562,0.1573010078744872,-0.15667255234478716,0.25580697921830087,0.3198751413241796,0.05238633307018503
GCTTGAAAGGCTCTTA-D2_Stim,-0.022375250989103534,0.05353826902690351,-0.31370675588124186,0.022404802157552695,-0.28375893756118664,-0.020071245515058678,-0.2933936970548334,-0.00905025329044129
GCTTGAACATTAGGCT-D2_Stim,-0.10175792731608801,-0.01663006765368813,-0.16035551846787843,0.13596462138080412,-0.1076712449522379,-0.026248111548220265,0.14770339677086852,0.08748760097397579
GCTTGAATCGCCTGTT-D2_Stim,-0.10802044933412347,-0.02878270668597338,-0.43264427969784514,0.1788733403194449,-0.13420207323479083,0.18252743410241834,0.14376338443867454,0.12636650532960303
GGAAAGCAGAATGTTG-D2_Stim,-0.14641271742354256,-0.0495194906806109,-0.4731198754128272,0.2263272042352682,-0.21117660749445832,0.1997801251700526,0.436010138087644,0.12192574867856365
GGAAAGCCAGCCTTGG-D2_Stim,-0.23741153696781758,-0.1430764291599651,-0.6836582917488929,0.14978012823053533,-0.20315666519239706,0.2743213424412865,0.3118920839650494,0.062007614128884114
GGAACTTAGACTGGGT-D2_Stim,-0.17056257978559053,-0.10292111196705278,-0.3776414667883028,0.1652173015901468,-0.02726332106835372,0.3155684534277867,0.5505789376718031,0.12170168717612562
GGAATAAGTCTACCTC-D2_Stim,-0.08633994344275742,-0.01947368415189743,-0.2730266887807522,0.15638373787911064,-0.03170753069298016,0.030449514824193002,0.1087069897575148,0.09385446112011486
GGAATAATCGTGGGAA-D2_Stim,-0.20834833778268091,-0.11002294400146795,-0.417258319076943,0.10476739253750367,-0.193390258259031,0.12250281169927035,0.6596369416019954,0.08766220357404997
GGACAAGAGCGCCTCA-D2_Stim,-0.18494615189852404,-0.08604115438957649,-0.5434534484326363,0.23456742874527237,-0.22952821745016472,0.2720974242169927,0.4184728748031219,0.09365491454733643
GGACAAGCATGGTCTA-D2_Stim,-0.27002600038064095,-0.13679079693496732,-0.7843221987647055,0.2503462894229074,-0.35682600051732116,0.16119636098152057,0.5205840183716468,0.11100691159817266
GGACAAGGTTGGAGGT-D2_Stim,-0.11520951554175518,-0.046447921634889866,-0.4784576930878792,0.1820915925593063,-0.14263943409331148,0.2932410807240391,0.2122125411714384,0.08330602009340105
GGACAAGTCGGCCGAT-D2_Stim,-0.14972633806602076,-0.07921512855801005,-0.6127652696665145,0.2062507454130298,-0.1639414776447019,0.44219857165181153,0.31707022394672,0.09168269994656697
GGACAGAAGGAATCGC-D2_Stim,-0.04465598930472403,-0.011584939623217494,-0.22248903414259402,0.16012244902394102,-0.11776917515638097,0.015046804797441027,0.17296812579349208,0.0944173846451033
GGACAGAAGGGTGTTG-D2_Stim,-0.014851499651014066,-0.0732649397989551,-0.2995548100567724,0.2620659161084298,-0.210146817074353,0.2483191093893531,0.8180708478436713,0.08685259471835494
GGACAGACAACCGCCA-D2_Stim,-0.20636634716749924,-0.13223730601161243,-0.6489850073107117,0.09356869273117141,-0.1318815062222196,0.27929053026848116,0.32823706929832586,0.02306684468033282
GGACAGACATCCCATC-D2_Stim,-0.3483215362581191,-0.137634728482519,-0.5552757646962743,0.14598258697374966,-0.24738968818656915,0.010985289088427663,1.0934564386191887,0.07392826659565266
GGACAGAGTCGGATCC-D2_Stim,-0.15093811523630407,-0.09617027134070355,-0.6315833673521443,0.18576684734168936,-0.1978929770885447,0.36482655345105286,0.2968048152250198,0.05802467677449563
GGACATTAGGATATAC-D2_Stim,-0.03327427320367882,0.016544545623137452,-0.21621318530864642,0.13530468633227066,-0.06918219221190114,0.200648270868248,0.2397938193973701,0.13860119758482092
GGACATTAGGCAGGTT-D2_Stim,-0.10027882993382242,-0.04851433173005759,-0.4020314495369277,0.16487836254097665,-0.057356740425042574,0.3781177212359168,0.27448834661575994,0.10011108660827261
GGACATTCACAAGACG-D2_Stim,-0.03959619024984384,0.00999071569331278,-0.29364755278778,0.19878334265937703,-0.06917108837697938,0.2824508919856079,0.3037796739005909,0.15987999649993512
GGACATTCACCGCTAG-D2_Stim,-0.07457853851482987,-0.003095837256674727,-0.20992162468882292,0.09857260062022988,-0.0588999731356008,0.07296567803376064,0.2572127979365568,0.061864607844485775
GGACATTGTACCGTTA-D2_Stim,-0.09777330247426086,-0.0387339319428861,-0.6213416367100848,0.2350828472239339,-0.21792973824272543,0.4720168022181266,0.34818201598483256,0.1102395233436706
GGACATTGTAGAAAGG-D2_Stim,-0.14211206248328523,-0.0969123238390388,-0.5480690685844909,0.1907674883999526,-0.11645706623672147,0.5066081855283695,0.5699344527806929,0.08721530117822773
GGACGTCAGCGTCTAT-D2_Stim,-0.13507318166203497,-0.0767861749869212,-0.542677339852597,0.17780910943557338,-0.32266127597051053,0.2569317238244633,0.3441206721006793,0.09488745640291185
GGACGTCAGTACGTTC-D2_Stim,-0.15677034868738993,-0.10769423259634259,-0.34091663385335735,0.2443839038277691,-0.19243204619457188,0.17507687956329043,0.3399841435114723,0.11433490198276886
GGACGTCAGTGCCATT-D2_Stim,-0.08817029925068454,0.0052662350689729465,-0.3061771041946031,0.10207534099158622,-0.06458580673849035,0.09154065312111648,0.33615320224424394,0.10007383776401113
GGACGTCCACGAGGTA-D2_Stim,-0.20288103940086266,-0.10215632695430976,-0.5876758053967759,0.14115875795310728,-0.07900816368561259,0.2867471467270093,0.3880189233832336,0.03332211842694299
GGAGCAAAGTATTGGA-D2_Stim,-0.10493543385739734,-0.07844172735202548,-0.6786034866847679,0.12814771984296236,-0.24756912271074505,0.2842269059163982,0.2603082969982786,0.02569984252509272
GGAGCAACACCGATAT-D2_Stim,-0.2767563240680193,-0.15960585378516612,-0.7947413197783746,0.17315982670029761,-0.26993910953732403,0.42310439710102443,0.47623507346106475,0.04518197239514876
GGAGCAATCACTCCTG-D2_Stim,-0.15808354650092227,-0.0378058333119462,-0.4886184367101114,0.18140272996786067,-0.19919361464050134,0.1607375289049262,0.4607015608766183,0.1329503046202003
GGAGCAATCGACAGCC-D2_Stim,-0.2977593222618182,-0.12497063862737967,-0.5877842031807479,0.15926938574776806,-0.2089152987364571,0.12237494219501599,0.34520518434081815,0.06087294447647906
GGATGTTAGAAACGAG-D2_Stim,-0.05465198951585748,-0.09244861172213881,-0.44199871457374407,0.18626775414458052,-0.19072519247161068,0.22593106342833202,0.4998415844760036,0.07381997619430614
GGATGTTAGACACTAA-D2_Stim,-0.07177712506316247,-0.08308319610054049,-0.30906591746832923,0.11913263924035533,-0.07473442681997611,0.24294423836009926,0.8880905191530095,0.02167672770637452
GGATGTTCATGCAATC-D2_Stim,-0.16938360987262513,-0.08418728373231943,-0.22274679740350223,0.07451391029727539,-0.03293528919763311,0.1036343095900083,0.38165689122142066,0.07605646754306328
GGATGTTCATGTAGTC-D2_Stim,-0.02166394069265465,-0.0388082938834593,-0.38117480534595494,0.14225035071380354,-0.16069082327192774,0.23479657130544496,0.42329782027954366,0.03736164885140525
GGATTACAGCACACAG-D2_Stim,-0.09943287104244725,-0.04281282298933675,-0.28407007176594945,0.10864808025189632,-0.1429079161305875,0.1553434894234229,0.3862128218788534,0.10774302775170597
GGATTACAGGATGGTC-D2_Stim,-0.20881919579478314,-0.12799585568633454,-0.818263126135724,0.2536960093641447,-0.3414219633185436,0.4004388871620126,0.4013032703306596,0.08147964054090195
GGATTACGTGTTGAGG-D2_Stim,-0.13921003967472068,-0.09967270557473995,-0.5464269663639918,0.24358566060114484,-0.2394117047471802,0.3981067497860913,0.5478630751058198,0.10640918277226596
GGCAATTCATTGCGGC-D2_Stim,-0.15748310987401837,0.020071252954036112,-0.21209884745274898,0.07286726972144919,-0.20241722719111976,-0.01076634119852038,-0.0063068589855639345,0.05504435566768784
GGCAATTTCGAATCCA-D2_Stim,-0.1607095028309189,-0.0900884133990445,-0.35648897737249996,0.05344804906986589,-0.07571288790749442,0.055129541408414084,0.3609830354274788,0.06134093481780489
GGCCGATAGACAGGCT-D2_Stim,-0.10411276407607417,-0.01491663377799135,-0.20869417533844103,0.07336220774414848,0.07919376698691138,-0.04132884965626893,-0.04791486460218408,0.04283220946517652
GGCCGATAGGGATGGG-D2_Stim,0.06778707665852579,-0.03280991012858081,-0.3954587237396048,0.15512353305799031,-0.14325835055449865,0.29660887952791093,0.19231962636679079,0.04581389051249474
GGCCGATAGTCGTTTG-D2_Stim,-0.11912603607300021,-0.07568518313970429,-0.3510030291093642,0.11670565792608834,-0.0704962406982812,0.22522548818515986,0.34765703646979507,0.08405115028972965
GGCCGATGTACCAGTT-D2_Stim,-0.15985606206527514,-0.11020433214510206,-0.603756613112548,0.18679329918540155,-0.195050223629341,0.3212464767330019,0.3499330373205618,0.0747610866478432
GGCCGATTCGTACCGG-D2_Stim,-0.10670142094925517,-0.015502683471373402,-0.32198564925092654,0.1360608359535398,-0.08384609374154195,0.13430910340287738,0.4023917774927348,0.11635898493878294
GGCCGATTCGTTGCCT-D2_Stim,-0.09246861068894141,-0.17164828128697707,-0.48301366681186586,0.13129989419994104,0.03942327368946863,0.21371453570905707,0.840995690961865,0.064572440258571
GGCGACTCACAACGCC-D2_Stim,-0.07923685852350104,-0.03538834567126692,-0.5057879739618283,0.193212683341633,-0.14382507449685278,0.22824638082614257,0.1587680763177488,0.12933199491902236
GGCGACTGTGGCAAAC-D2_Stim,-0.14971442854801076,-0.07814327230833307,-0.4873736542277207,0.18629798250423413,-0.12462747300792998,0.34297194419992927,0.27776246268405913,0.08850501435302505
GGCGTGTTCCCTTGCA-D2_Stim,-0.08493376163037603,-0.017948670076537,-0.2598851274303495,0.10128720488258303,-0.09364834953372103,0.17215715109636953,0.30134263895017455,0.0953327296490265
GGCTCGAAGCAGATCG-D2_Stim,-0.08222255426971259,-0.045596996178607796,-0.557293674220869,0.23006941556640292,-0.35809356434630146,0.26351517636280164,0.2934755530525557,0.16424030612916418
GGCTCGACACCACCAG-D2_Stim,-0.19352421644790496,-0.1116031161254174,-0.43638310328561936,0.173005157923928,-0.09476616594189302,0.4370690330679814,0.46034560611538033,0.11975576817702205
GGCTCGACATAGACTC-D2_Stim,0.050664228891953655,-0.08852927862072946,-0.5400302523582798,0.20677161555433798,-0.08196397747015993,0.31802309497114933,0.4764824963282486,0.09973626173450256
GGCTCGAGTATAATGG-D2_Stim,-0.14994635938363743,-0.08748510533954601,-0.42528363522072876,0.11081760904073512,-0.1366683833791349,0.17768349107873327,0.3315087527818239,0.04657201593763283
GGCTGGTGTGCCTGGT-D2_Stim,-0.0964432565895752,-0.0004109246631038843,-0.414473676750605,0.1951726401797078,-0.17384440840594806,0.17333372495627763,0.4172171416746586,0.1327732357143372
GGCTGGTGTTACAGAA-D2_Stim,-0.06187746896310742,-0.11146735203089264,-0.520998223308828,0.16853322632228007,-0.11014155234112444,0.48781991590790774,0.27264562080091537,0.046366098818467094
GGCTGGTGTTCCCTTG-D2_Stim,-0.3872573855599075,-0.11940468501302526,-0.45456837936350425,0.24325254695565057,-0.18865980255853465,0.2505185108879928,0.8010298005352645,0.12990676753572572
GGGAATGCACGGTAGA-D2_Stim,-0.015018863683282646,0.06340529858946908,-0.19129588830774047,0.1488613096254383,-0.011045087408621868,0.096376533904035,0.1324952427882664,0.09658136864709377
GGGAATGGTCCAGTGC-D2_Stim,-0.015183116043299805,-0.06734022460799238,-0.4923238850011682,0.2321164285148516,-0.19237524511973092,0.35675385313375685,0.7481227127339434,0.09985760254125609
GGGAATGGTGTGACCC-D2_Stim,-0.20601576368498797,-0.09458387746790109,-0.3165745993476783,0.04381570204515306,-0.042284131266232095,0.01968440405311611,0.5379480647768773,0.043843370403715554
GGGACCTAGTAACCCT-D2_Stim,-0.09897948617305907,-0.1046355302036801,-0.6535683997126345,0.20078361917988907,-0.1956732350672361,0.30584865152478713,0.7591170772734994,0.08409282321082401
GGGACCTAGTGTTTGC-D2_Stim,-0.08359710555059507,-0.10242142623322792,-0.5663121383117726,0.20498408970107995,-0.10077535420418648,0.4325941417040262,0.43346485142876556,0.10394003663478024
GGGACCTCATCCGTGG-D2_Stim,-0.08654785172720736,-0.1393151550128664,-0.7598609280100863,0.11532818628583108,-0.20872342142712874,0.28698518820485397,0.38961016096909695,-0.00706258199258869
GGGACCTCATGCAATC-D2_Stim,-0.13672734785888174,-0.017498714843302565,-0.29078663644471714,0.11144497974817114,-0.09837104607726666,0.07326461267603435,0.4642194158466175,0.11600203340321258
GGGACCTTCGGACAAG-D2_Stim,-0.15555674843247402,-0.040063570984630203,-0.5537646913032095,0.29290973579744417,-0.1920672584017673,0.18083280940146018,0.4116793765825655,0.12348925116802434
GGGAGATGTGGTTTCA-D2_Stim,-0.08786187115710398,-0.07474820224754808,-0.4525534422825537,0.1906142650250473,-0.044003843484960115,0.30138057677918795,0.4147550886148679,0.12896651344143883
GGGATGACAGGGTACA-D2_Stim,-0.11691739910541088,-0.03275884156934694,-0.323980404188541,0.09078808703598362,-0.08623132080305318,0.10992802256110146,0.3495075781478256,0.08090549924118307
GGGATGAGTAACGACG-D2_Stim,-0.16312439506401688,-0.09774840597427037,-0.4612688762667556,0.0929965435844693,-0.19578948833213872,0.22612000422521383,0.1915550513333386,0.022825541280726114
GGGATGAGTGCAACTT-D2_Stim,-0.005340866113433762,-0.03689833678635601,-0.08341500613841468,0.009411617315551624,0.08015790541796797,0.1358071855207008,-0.03742906178025507,0.07093942028442513
GGGATGATCCACGACG-D2_Stim,-0.050205324445602884,0.0011726606549498086,-0.16657372576680451,0.1498519928354458,-0.08591371002620996,0.005227870869909168,0.09359249553392956,0.09559484302055665
GGGATGATCCCTCTTT-D2_Stim,-0.020802182884233744,-0.06068943105083946,-0.5222361362956978,0.22423559034937313,-0.2462192796629772,0.32978597530488685,0.26040403380410204,0.13775188960941342
GGGCACTCACAGATTC-D2_Stim,-0.12976795756211246,-0.045165605640701045,-0.725372046052918,0.3238475730166499,-0.23602881465487435,0.2553169962659787,0.6216672650992763,0.14467979168183298
GGGCACTGTAGCTGCC-D2_Stim,0.041905759956593513,0.00023174371226275525,-0.721184943420365,0.12111532802005165,-0.11913173767509733,0.2970749719684225,0.18745170916288956,0.08797837011019638
GGGCACTTCCCTTGCA-D2_Stim,-0.06395336822486719,-0.06761230234782012,-0.6631061845140493,0.2272119103945922,-0.26373602517525363,0.334841752389055,0.30920591229374494,0.13988795518747565
GGGCATCGTGGGTATG-D2_Stim,-0.333784285864585,-0.1508148244446872,-0.6596408464368455,0.18601845081922797,-0.24894906478118095,0.3413381131781339,0.46214468820435517,0.06395519119478976
GGGCATCTCTCGATGA-D2_Stim,-0.2288595567675884,-0.10038269986840653,-0.4993159423600151,0.11808950784387662,-0.3158720287108352,0.14270510540991665,0.6052663846966002,0.0829886350016178
GGGCATCTCTGCTTGC-D2_Stim,-0.17212085007344768,-0.10255016218640556,-0.5184622016824676,0.1597724365170894,-0.05307327272958062,0.3495531097407518,0.36826803321582346,0.0736302128459485
GGGTCTGAGAGACTTA-D2_Stim,-0.1573109847918488,-0.05095112108746669,-0.2493725259608306,0.13194079404129866,-0.15090726352401695,0.0041960532223619396,0.2833184634185173,0.089926709137929
GGGTCTGGTTGTGGCC-D2_Stim,-0.08666718016846708,-0.05785538581784877,-0.5013318695879558,0.12637512805779139,-0.16158994150907446,0.33963318537921516,0.19436658902635706,0.048913112960176974
GGGTCTGTCCTCCTAG-D2_Stim,-0.08162074159679378,-0.06667288101440327,-0.1193682957599762,0.08558118661161096,-0.18302563424966856,0.002796269622878711,0.29529920223494166,0.08694904631530598
GGGTTGCCAGGGTATG-D2_Stim,-0.02351872467524352,-0.12009683775129254,-0.5590935188343185,0.1462539816751125,-0.1595233838119885,0.443813999707217,0.31825527243873,0.04833815863072921
GGGTTGCGTGAAAGAG-D2_Stim,-0.16971050732708726,-0.0807146576199802,-0.26386099695449694,0.12090442316926087,-0.12700626952644534,-0.03389169650945689,0.25641371538019087,0.0863646267307896
GGGTTGCTCGAACTGT-D2_Stim,-0.09079111453614708,-0.01911438147422473,-0.2626646900412357,0.1808123863944271,-0.04387309052278532,0.20798866722688736,0.4074188926465343,0.11651392119319581
GGTATTGCACTTCGAA-D2_Stim,-0.09030706997688931,-0.0843682067265128,-0.7246922531516642,0.20510120560093803,-0.2796824626109764,0.5469354194944493,0.45906669204469885,0.09964373792470305
GGTATTGCATTCGACA-D2_Stim,-0.18660949182762465,-0.10369140406662147,-0.5828867872654317,0.2409408399320423,-0.13048707813807958,0.2816180273885447,0.6268380775909588,0.12940729989446353
GGTGAAGAGTACCGGA-D2_Stim,-0.145345993763641,-0.10184045800413699,-0.5981617026396897,0.18453821244773572,-0.13912201173322636,0.45560080703541317,0.31038108086483884,0.07122929473565165
GGTGAAGCAAGTTCTG-D2_Stim,-0.12059306298106343,-0.08643506640401455,-0.37640919785123117,0.1154998988362621,-0.03658779019312419,0.24883275636827484,0.266352776473342,0.07398065983182534
GGTGAAGCACCGTTGG-D2_Stim,-0.08777639523604641,-0.0862103639838665,-0.47582715563144085,0.157467072932306,-0.09525115697729447,0.35932802501619676,0.3425771744026731,0.06861595991538394
GGTGAAGCATCGATGT-D2_Stim,-0.1439309214716129,-0.09578592114173645,-0.645517978064861,0.13296120940687928,-0.17863579706448363,0.2912283914710194,0.30273691487000587,0.04618676596125404
GGTGAAGGTCTCCACT-D2_Stim,-0.13242585954718322,-0.07403470054050132,-0.477469467331046,0.1530773984612317,-0.12119008499362494,0.2543748227907212,0.30168968273367014,0.06770216583949384
GGTGCGTCAATGAAAC-D2_Stim,-0.09506314405238214,-0.11883320432790612,-0.5783480815302298,0.23925059303326535,-0.053413984458209995,0.27004008561162784,1.0996093669634952,0.085821584663341
GGTGCGTTCATAAAGG-D2_Stim,-0.11539530227552142,-0.08279856113681383,-0.7464698340546256,0.13302163894359964,-0.35629867167240725,0.3633038234896784,0.21352679067244118,0.04247090501119111
GGTGCGTTCTTGTACT-D2_Stim,-0.12550452857750471,-0.05710122386098959,-0.30242378429595895,0.10353894972936573,-0.07326816026682081,0.22845426191946672,0.2414194017494351,0.09559360282866436
GGTGTTAAGAAACCAT-D2_Stim,-0.02101950437815958,0.03051094395087972,-0.3693066800596405,0.24570162172706667,-0.16301978839704745,0.26606924816331734,0.2620079531123505,0.17099839196957767
GGTGTTAGTTGAGGTG-D2_Stim,-0.08638718742782636,-0.02595609546903077,-0.39063838601180834,0.20981936797249645,-0.20658179578975044,0.22746145369026927,0.4142066890478091,0.12415335568113939
GGTGTTATCTCCAACC-D2_Stim,-0.09533426783014143,-0.11256976874970448,-0.6099608396045682,0.2711868747266557,-0.22677313964015156,0.33641270170123505,0.7086588950941195,0.10089775338253659
GTAACGTCATGACGGA-D2_Stim,-0.06697632859546943,-0.06347661918429104,-0.6829156807455572,0.24628354684150544,-0.23971915851432257,0.35366424551901154,1.193291640356021,0.07779555452879805
GTAACGTGTGTCCTCT-D2_Stim,0.01347727710731128,-0.042088251734670123,-0.42007078468353676,0.233778630986059,-0.07014626923458245,0.5242298133438084,0.32333960921610494,0.11159527535699532
GTAACGTTCTTCCTTC-D2_Stim,-0.07558042317105063,-0.018127503081940333,-0.5756461139975535,0.2679496559459711,-0.32084619412405146,0.28765390777530087,0.4022425562139009,0.19254405803136088
GTAACTGCAAGTTCTG-D2_Stim,-0.21467458266694628,-0.1295155199813518,-0.7509745869147508,0.19476367490107727,-0.14955057365710722,0.1403588667476825,0.5472284113315826,0.05444209384050147
GTAACTGTCCAGTATG-D2_Stim,-0.09505832206630949,-0.041193991377495465,-0.5210379522794195,0.2581291495883846,-0.0892097954077542,0.46997364113332907,0.33828789480188526,0.15774745223892062
GTACGTAAGTTCGCAT-D2_Stim,-0.08687406750004811,-0.014549134768316208,-0.22249167737324083,0.1721599407590002,-0.29681854947029684,0.0031191285040161887,0.12239949520975557,0.10475341601243748
GTACTCCAGTGTCCCG-D2_Stim,-0.04384158288502604,-0.18103205898200336,-0.8354148046784289,0.1531618575722309,-0.0854042851535457,0.42426213019490966,0.46546842479359984,-0.015135119235086592
GTACTCCCACCAACCG-D2_Stim,-0.01964060537615353,-0.06329139133795358,-0.5708202468663242,0.16645126881956607,-0.21923517327682873,0.4462393648398866,0.3125862271477775,0.0711391372018415
GTACTCCCAGCTGTGC-D2_Stim,-0.08052744454811389,0.01889007697896261,-0.11354202879222619,0.1096140362846647,0.041299453015204435,-0.03762744394741091,0.010125220539173085,0.04077788280015682
GTACTCCGTAGGCTGA-D2_Stim,-0.01671544417901849,-0.09704855989029149,-0.4973957766738657,0.19608118242006434,-0.21092938442069809,0.27551511091157366,0.7263085451649101,0.06464844539978465
GTACTCCGTAGTACCT-D2_Stim,-0.01715689183716762,-0.11572639886096248,-0.4838147778383437,0.1906963369870791,-0.08412415690933983,0.4327293044551457,0.44904342181730783,0.09770518991510535
GTACTCCGTATTAGCC-D2_Stim,-0.04096388777230864,-0.03842350108425485,-0.4236782363295237,0.18454184494055959,-0.03314511414900245,0.5021716369639648,0.23016691001218348,0.0980097922642642
GTACTCCGTTTAGCTG-D2_Stim,-0.13907607235261565,-0.09949155519961472,-0.6314299620792294,0.1588648971273905,-0.25063384017763113,0.24987997919151006,0.36280735709601686,0.04888704404302402
GTAGGCCAGCACCGCT-D2_Stim,-0.09621600517472473,-0.07016383205340126,-0.4386767759190775,0.19040966061988307,-0.052704493417742526,0.295665114710868,0.35024390984399645,0.09864570102879178
GTAGGCCTCGATCCCT-D2_Stim,-0.07613119987484396,-0.08786730006832855,-0.6615535790891371,0.23819878308583853,-0.2150686402382167,0.32186467636312877,0.7391669434121866,0.08750342435124558
GTAGTCAAGCAACGGT-D2_Stim,-0.2342435166184611,-0.1379568226662382,-0.3912802160500535,0.13037008979747,-0.20225195646671068,-0.015860640590323882,0.45386843959503054,0.08937553070067139
GTAGTCACAAGAGTCG-D2_Stim,-0.10784487094715267,-0.032086802481357424,-0.4055593994308122,0.20832367921880923,-0.13461418802953773,0.23692457318592197,0.50221080322215,0.12843149268246634
GTAGTCATCCGCAAGC-D2_Stim,-0.13300271442791178,-0.06494932501289519,-0.3085617259914075,0.16204593133787526,-0.36276317722642126,0.022709537382173295,0.18472050068918122,0.11427903227966496
GTATCTTCATCACCCT-D2_Stim,-0.057099262475182044,-0.0523404329118371,-0.4998257266702648,0.21810143541686777,-0.2008291461713423,0.28252137834489943,0.22964545659599978,0.1510027101253204
GTATCTTTCGTTTATC-D2_Stim,-0.16630665428294833,-0.09504056746487777,-0.5795713758418319,0.22787324922230567,-0.1584182964772598,0.36236070675754384,0.25924167707987866,0.08673364354184088
GTCAAGTAGTAGGTGC-D2_Stim,-0.03955792719012585,-0.06476734745767665,-0.28391810866457234,0.13522782746836093,-0.15393360737166084,0.14819388800364308,0.3733334207992005,0.060154046376712955
GTCAAGTCAAGGCTCC-D2_Stim,-0.03456424810913994,-0.06261987770138155,-0.3591327896250931,0.1540522568705267,-0.08746921616195458,0.20663802929188613,0.42333102002032685,0.051855865035538073
GTCAAGTCACGGTAGA-D2_Stim,-0.24950458799187203,-0.13400644297400177,-0.6576959914260847,0.14959360231358154,-0.2304279533298903,0.34312567452141174,0.3529363803876473,0.0469370335142667
GTCACAAAGATCACGG-D2_Stim,-0.093446218691982,-0.0882194170601931,-0.5436038808458239,0.23476459176336562,-0.08753925485000735,0.5386426895734306,0.47818601819458273,0.12906200482256658
GTCACAAAGCGATAGC-D2_Stim,-0.1334245882111329,-0.055688088910017086,-0.3967061621932828,0.20170638834197874,-0.04534118068950832,0.3039276006805025,0.46096748153312195,0.12187771982071638
GTCACAAAGTGGTAGC-D2_Stim,-0.05576052597795922,0.017745621329456895,-0.31645413221070484,0.1477359801541791,-0.07472176172443667,0.15232018538725356,0.2518060919084082,0.1399596207046816
GTCACAACAGTCTTCC-D2_Stim,-0.08844537460809576,-0.08804725343165387,-0.6484926315575272,0.24965241863510101,-0.15797119335650045,0.29459635010109864,0.993306346722159,0.07900523101085
GTCACAAGTTACTGAC-D2_Stim,0.056171408896872776,-0.08089849682224681,-0.6210389497857172,0.1802930316446627,-0.20698102699613763,0.36234879733588876,0.3780220303753765,0.053324368070155614
GTCACGGAGTGCCAGA-D2_Stim,-0.13960236690285832,-0.07361832812195424,-0.36338454132558695,0.1286624112944459,-0.1449379806790727,-0.034402538418410344,-0.04932689087968356,0.04566944227871872
GTCATTTAGACGCTTT-D2_Stim,0.02586598607935464,0.0018416217104775257,-0.3118542987211814,0.16384590157126055,-0.013740515499808481,0.2851048565654217,0.7552003994681167,0.058362903104848485
GTCATTTAGTTACGGG-D2_Stim,-0.14840295431450912,-0.0767415686725208,-0.31824013893519343,0.08470946649671873,-0.08431969629829794,0.11241329683091195,0.4942504524751552,0.08025670088607306
GTCATTTGTATGCTTG-D2_Stim,-0.06113834398527729,1.4148193260510311e-05,-0.2710941177324786,0.10523739320287362,-0.13631737259260923,0.12087357665065213,0.12196916449371642,0.07611436533501781
GTCCTCAAGCTAACTC-D2_Stim,-0.09755476892817327,-0.13401956472470467,-0.5093738308233817,0.17866868131124392,-0.13348218919916377,0.4122757832289796,0.3580793884093092,0.06608373772486509
GTCCTCAAGGAGTTGC-D2_Stim,-0.10288921161806108,-0.11929473580084071,-0.4262043990221578,0.23573283629892217,-0.08081600159268909,0.5130496815415668,0.7434334825528319,0.10449564847852244
GTCCTCAAGGATGGAA-D2_Stim,-0.0035225270445291557,-0.039117646887838475,-0.6511488602121052,0.2139478601768765,-0.2829580520317485,0.37250960339837746,0.3991916163735567,0.06257347475241204
GTCCTCAGTATGAAAC-D2_Stim,-0.08385058705482962,0.010988623936105668,-0.3378010347345981,0.1958148990944153,-0.13204952996561126,0.19868052935038172,0.2539744859720301,0.1551252789684785
GTCCTCATCGTTACGA-D2_Stim,0.013236473805449123,-0.07460038096351518,-0.6868361210468699,0.16119059217436238,-0.2998396648584123,0.32355581532234723,0.1408615321629263,0.023061388294534524
GTCGGGTCACTTCTGC-D2_Stim,-0.10948676891198694,-0.07490600122055113,-0.45260382649903796,0.1764686375859501,-0.04852590334479956,0.28706168328156956,0.5350001591570575,0.10055248466984068
GTCGGGTGTGTGACGA-D2_Stim,-0.14271324348011483,-0.07412351374594017,-0.4861109391338303,0.2138743261489111,-0.08769665613632682,0.3508861506720926,0.4168930330972147,0.10520321757916484
GTCGGGTTCCTGCCAT-D2_Stim,-0.18483637657427998,-0.05600472287688163,-0.3705844262625426,0.11533108972613348,-0.16939998472872375,0.04111179658288222,0.5180153178295459,0.07914080781165822
GTCGTAAAGGTTCCTA-D2_Stim,-0.08889309106109522,-0.007893983760341783,-0.08581906623684787,0.07526785806085812,-0.003086531478336596,0.01855842129956997,0.07072721158567674,0.062360063695200196
GTCGTAAAGTTCGATC-D2_Stim,0.0007396487594011347,-0.03882311028077545,-0.4739825335643655,0.15800433356632304,-0.13468852773948647,0.31630226695635955,0.2665068855204673,0.08308965989616723
GTCTCGTGTGTAACGG-D2_Stim,-0.07198914058247574,-0.07217284722608674,-0.383717135253244,0.2003529875519039,-0.02828834737104735,0.2870298190595477,0.5763113027324502,0.05331392078492314
GTCTTCGAGCTAACAA-D2_Stim,-0.08864696045748133,-0.027813457698892208,-0.5569252738611805,0.24215570368311568,-0.31874338063643926,0.2772183130994357,0.40894978199106546,0.18777827674039926
GTCTTCGCAGGGAGAG-D2_Stim,-0.022829974947306653,0.0028875961857153243,-0.36070840877817645,0.2507629175689612,-0.24946365505311974,0.2747512230295097,0.30840464249601673,0.16387081253646762
GTCTTCGCATGGTAGG-D2_Stim,-0.10355379999489678,-0.05539084027297925,-0.47002390800084193,0.1901200414121007,-0.20539386757303113,0.23561400410217992,0.24876573145154524,0.0916861277668719
GTGAAGGAGACCCACC-D2_Stim,-0.24706259404502262,-0.15397937157408847,-0.8432423524216084,0.18859635358421478,-0.32025607398332134,0.47720145998552077,0.49003156285775074,0.054152628272865044
GTGAAGGAGCGCTCCA-D2_Stim,-0.2856594633788969,-0.11260177372785485,-0.4214187967750984,0.10774331836208262,-0.1566063254354244,0.008830441101943975,0.670304155550566,0.08733774221623314
GTGAAGGAGCTTATCG-D2_Stim,-0.16724385932822727,-0.046448289397105214,-0.3365424331033484,0.11948176736673055,-0.09941066445176894,0.19890150924986827,0.32485337413436355,0.10982426771866116
GTGAAGGAGGATGCGT-D2_Stim,-0.0883440620297975,-0.046426244693805074,-0.46714554999761937,0.1469765982863187,-0.047215270897078554,0.30818189498013204,0.21171559552392782,0.07277122191807273
GTGAAGGCACGTCAGC-D2_Stim,-0.23354857707997212,-0.10993274199637249,-0.38866223975251835,0.07539722333705079,-0.1210775974063214,0.05649613078221094,0.7381157913980196,0.057549430141017766
GTGAAGGCATATGAGA-D2_Stim,-0.10552427028248168,-0.05503264924303686,-0.23969399981290973,0.08625047368034444,-0.3597384499463878,-0.01685390762299832,0.312515655578526,0.09690660538791818
GTGAAGGGTTCATGGT-D2_Stim,-0.07011118782574499,-0.004657285790738541,-0.26700620295455657,0.15381565163979616,-0.11876518174971551,0.22580526758336106,0.21483135032578105,0.12978186784909518
GTGCAGCTCCTCCTAG-D2_Stim,-0.07246903200996435,0.001752187885221801,-0.263400408297068,0.11803564310700487,-0.034128266220362136,0.11183946269430756,0.1872840635506794,0.10948460462834575
GTGCAGCTCTTACCTA-D2_Stim,-0.08640052982442548,-0.005097788040833606,-0.2004227028550849,0.1594060591224089,-0.2995367877991253,-0.025252879956063623,0.17770150839518095,0.09059389432970733
GTGCATAAGGTTACCT-D2_Stim,-0.14802283736158373,-0.0819637817928971,-0.7172460630064208,0.12550638442186823,-0.293484310082464,0.31826496990070297,0.358014027058946,0.026938302551705817
GTGCATATCAAACCAC-D2_Stim,-0.18686558385455143,-0.14720217814964087,-0.6211447309352618,0.1685709991510258,-0.07373358646675143,0.41233854057950836,0.5117723002275625,0.04001887210653088
GTGCGGTTCCCATTAT-D2_Stim,-0.18498752224781967,-0.11506856458986903,-0.6834495951824806,0.25503816162375514,-0.18002426236881242,0.4214516998732716,0.44302939793771223,0.11273903195978718
GTGCGGTTCTCGGACG-D2_Stim,-0.16848501845796626,-0.09553441805207896,-0.6619844684566143,0.17784969044258148,-0.2207466705584178,0.23314769117236267,0.5658077247353965,0.1062532512651213
GTGCTTCCACACGCTG-D2_Stim,-0.08846665839026002,-0.050629285213313224,-0.338133425557551,0.1311592634405585,-0.07795792382497702,0.2802955273050731,0.1903884357775194,0.0965358038610109
GTGCTTCGTCCTCCAT-D2_Stim,-0.025215308756239452,-0.07546352354086672,-0.4487030486112449,0.1994774545665301,-0.08081603353510403,0.3756938974664905,0.32681415358972554,0.07290876514352362
GTGCTTCTCCAACCAA-D2_Stim,-0.26260451428242604,-0.08705111871857163,-0.36271773357686854,0.17221726953185978,-0.1496907326021102,0.23433305773252755,0.6978264784648953,0.11845721247055607
GTGCTTCTCTATGTGG-D2_Stim,-0.051974329922344964,-0.0905934247939868,-0.5231656163561951,0.2345575683185661,-0.12731404821638925,0.2985326602428344,1.2632475833252812,0.0757625565118385
GTGCTTCTCTTTCCTC-D2_Stim,-0.012564205357689318,-0.03714925063683161,-0.5252080013954501,0.13568771115737555,-0.1309113643154447,0.3185705587187293,0.23524427233085365,0.044524027528266785
GTGGGTCAGATGCCTT-D2_Stim,-0.19618271715220814,-0.14885468066615815,-0.6701691285206728,0.13116343161048682,-0.23834358857803473,0.35941981537767553,0.3468245177462661,0.03238066672014561
GTGGGTCCAACACGCC-D2_Stim,-0.019190084697957133,0.03952228919726153,-0.10088543231314517,0.13784789559405475,-0.03750254651215279,0.03515784902882402,0.0951385438389174,0.12357750235108433
GTGGGTCCAAGCCATT-D2_Stim,-0.20959534087742426,-0.1403104683109806,-0.7052429858803713,0.22726631433400435,-0.19621850774636584,0.3887024094453082,0.4587660412318799,0.06614004051162325
GTGTGCGCACGAGGTA-D2_Stim,-0.10500645741369041,-0.03257505813861172,-0.33206551563558584,0.15406330984130356,0.000692332480413782,0.03571533056629761,0.04343109400530665,0.0740136770731592
GTGTGCGTCTCTGCTG-D2_Stim,-0.12334938702401743,-0.03726864400711882,-0.41445437778511796,0.17048738786692041,-0.3574718470322633,0.14891366093528546,0.21538276784596988,0.11954098426682691
GTGTTAGAGATAGGAG-D2_Stim,-0.1458317427398388,-0.08706503974116941,-0.5683810956125122,0.17759305328718789,-0.10854399933539405,0.46788334610523563,0.30492647290748476,0.057560512328270974
GTGTTAGCAAGCTGGA-D2_Stim,0.05624495695914611,-0.0009850057971583226,-0.5384077707057333,0.2846002984646887,-0.14534469461688104,0.42201705463566874,1.0048510006271538,0.10822742842283617
GTGTTAGCAATAGAGT-D2_Stim,-0.059615824333898004,-0.05655151118448565,-0.5082466553262126,0.1934122417760893,-0.18857611734285307,0.2105502206441212,0.680931649489743,0.10606427995852563
GTGTTAGCAGAAGCAC-D2_Stim,-0.26934175652812264,-0.12278159926214016,-0.7558062817249382,0.1274532870597973,-0.23807903990392276,0.415239860051674,0.5362673435677117,0.0423901559347275
GTGTTAGTCGAATCCA-D2_Stim,-0.1308715254718127,-0.09543734933591708,-0.21394487146212882,0.07624555088121632,-0.1491661259443049,-0.02297873938325168,0.23190775662762775,0.09205383461168459
GTTAAGCAGCTAACTC-D2_Stim,-0.21936781950070738,-0.11896838817078326,-0.366489102640541,0.06835262486862348,-0.1751835850366632,0.029269106655855026,0.5470578867850957,0.04927263107566482
GTTAAGCCACCGGAAA-D2_Stim,-0.08085190487459215,-0.21998033829993702,-1.0167284678905357,0.16447732087837075,-0.13076774885649378,0.37971783564904804,0.6062116151440478,-0.012106566202408686
GTTAAGCCACTCGACG-D2_Stim,-0.04810189368028439,0.01955957327927038,-0.22909553359767187,0.10972614912222411,-0.052028384711771736,0.1737914447789599,0.15898283928171253,0.13387777157736025
GTTAAGCGTGCTGTAT-D2_Stim,-0.16321615115735355,-0.10049739686409787,-0.655545511376376,0.11995049467191876,-0.2122810690325192,0.3285975778706849,0.22713615483462135,0.03336200022336655
GTTAAGCTCTTCGAGA-D2_Stim,-0.1558862104265959,-0.07612241005259968,-0.38000993328506816,0.12386023449125894,-0.16716632868865844,0.13019024115978617,0.318591505465351,0.0925403090665391
GTTACAGAGGTAGCCA-D2_Stim,-0.07714703982703774,-0.09586791207832057,-0.45893968071661995,0.014413617834257764,0.1776289982720165,0.3797080370344279,0.10544916921189085,-0.015358658495415511
GTTACAGCATAGACTC-D2_Stim,-0.22372100186287724,-0.13295460445553076,-0.6395659135348932,0.1709057408663739,-0.16431558228561194,0.3629376997290752,0.45612556955092387,0.06740370501468362
GTTACAGCATTCTCAT-D2_Stim,-0.11737735434273411,-0.07385203613700497,-0.4608506465758655,0.19654857494067457,-0.10421075859151507,0.34944375064731226,0.3823509071556188,0.1437225448104229
GTTACAGTCTATCGCC-D2_Stim,-0.2346220312300673,-0.1230500682033373,-0.7076992064765442,0.17251775343932607,-0.2853768052717882,0.3401197576941346,0.5608427717316964,0.04745933454156415
GTTCATTGTATTCTCT-D2_Stim,-0.12052538739432883,-0.1189095282934538,-0.8467187371804261,0.232293477076281,-0.23785580534861595,0.4590644823873653,0.7177996126261181,0.07214440909659459
GTTCATTTCCGCGGTA-D2_Stim,-0.16169324255043627,-0.08519620808315054,-0.44328707647946786,0.11584552300061013,-0.14811835370883308,0.09437018367885663,0.5579276028232805,0.08815992512889181
GTTCATTTCGTTTATC-D2_Stim,-0.12427996456327683,-0.0953053026263575,-0.348074696894086,0.25162436119184584,0.004898386735030513,0.4694278470472977,0.6111554388042846,0.1273750204906836
GTTCGGGAGAGGACGG-D2_Stim,-0.025863950842397898,-0.009477300205196215,-0.1323882852826932,0.07245311679244537,-0.06258021376859269,0.20166716039453192,-0.10655379021464029,0.05601741889500822
GTTCGGGGTCTCCCTA-D2_Stim,-0.09309560838374864,-0.07306736547919712,-0.35718513409650576,0.12444443266034,-0.05956846010828443,0.26668716366232914,0.30512197027478294,0.07751389822001897
GTTCGGGTCAGATAAG-D2_Stim,-0.3049423495311192,-0.12062328261337285,-0.5584974691001605,0.17431893862275416,-0.2540215678271469,0.07990756494390006,0.5249265374173007,0.054528755038381505
GTTCTCGAGACTAGGC-D2_Stim,-0.06093577582882048,-0.011803663273104448,-0.38193288835807593,0.20537557060612954,-0.18962646094112223,0.22903914314091622,0.29227136230268513,0.10472492101166608
GTTCTCGAGTGTCTCA-D2_Stim,-0.117835428274919,-0.0599596000715259,-0.3303943422572928,0.10664114675530456,-0.07994560381158422,0.16248660195894438,0.33933513096525836,0.08375042230259666
GTTCTCGGTAACGCGA-D2_Stim,-0.11396028759421029,-0.0721671900238281,-0.3750259116199519,0.11861565516421813,0.006498163678960722,0.3074358441659655,0.27596640399489303,0.08304849154287375
GTTCTCGGTAGGAGTC-D2_Stim,-0.06304077045311018,-0.05661889951431398,-0.5329629459546901,0.17655104642121877,-0.12220536747093469,0.3709070213372403,0.28212104346375355,0.06788127060200644
GTTCTCGGTGAGCGAT-D2_Stim,-0.002017803086783232,-0.09299434341481216,-0.6322672969272567,0.1946686028015172,-0.2569359985565125,0.44522555607862024,0.36901341162061474,0.07852631347429373
GTTCTCGTCACCCGAG-D2_Stim,-0.1973447770149246,-0.08379142159602182,-0.40021831568462574,0.12523843823547587,-0.056199237923147294,0.19436218561965823,1.2687075842662239,0.11619928258543055
GTTTCTAGTGCGGTAA-D2_Stim,-0.2605211058679444,-0.07463663451426505,-0.47635878160115475,0.17490607145867543,-0.27224140110901374,0.14129240660060738,0.4326538434324281,0.136187817004652
TAAACCGAGAGCTTCT-D2_Stim,-0.20831419062024992,-0.11323662198593176,-0.3200750109350654,0.09834647127413376,-0.19676582605067416,-0.013648815543371384,0.42767532428540633,0.07436184498851439
TAAACCGCAATGTTGC-D2_Stim,-0.09789471054392074,0.023826398704860807,-0.28297422752943024,0.23372444497191935,-0.03948923940196103,0.03744635150479425,0.2728568553533677,0.138840701674793
TAAACCGCAGTTTACG-D2_Stim,-0.15732430438806944,-0.1001877386766239,-0.6671630115555107,0.1570659889282613,-0.2026656325387748,0.2677526792434133,0.4179099562916946,0.028886224463208876
TAAGAGACAACTGCTA-D2_Stim,-0.012690530242075226,-0.12926933595049128,-0.7062714218060879,0.1658952948300385,-0.07102858288601865,0.3465353582294206,0.33221928191984507,0.0682864447834568
TAAGAGACAGCTCCGA-D2_Stim,-0.09512197253914856,-0.04851763646258256,-0.5729744069466847,0.2418429950028571,-0.25868199339388376,0.2305322591956429,0.4264812789812531,0.12261768794983396
TAAGAGAGTAGAGGAA-D2_Stim,-0.0704043791692115,-0.06639915448231548,-0.6825820660925253,0.21642290043399193,-0.2930207245725249,0.2900329368152743,0.5346607996228938,0.09610576485230382
TAAGAGATCTGGGCCA-D2_Stim,-0.08243497797870525,-0.04368299817629051,-0.5070378720894304,0.14966767395159586,-0.22104012310458465,0.23365475792324908,0.45387020540707024,0.0418780938876715
TAAGAGATCTTGTATC-D2_Stim,-0.08453463752514878,-0.05468541821324813,-0.3157828587957443,0.15018670234981535,-0.07847537437843677,0.2703962976850711,0.20365662451886912,0.09012292075240325
TAAGCGTCACAGACAG-D2_Stim,-0.10804844553410575,-0.04982099558914932,-0.39489154975391116,0.1375495107646909,-0.011349339234184797,0.3127714505386976,0.43677685582574277,0.0793251377287234
TAAGCGTCAGCTATTG-D2_Stim,-0.15080928428924167,-0.14711417527152904,-0.6711562594457927,0.1909799698510728,-0.2520906115748893,0.38791140568194926,0.39431508859637443,0.03810337664329033
TAAGCGTCATAACCTG-D2_Stim,-0.16034889528192586,-0.09113387492196168,-0.24779522300196888,0.09738815617332008,-0.12497992679642422,0.06381052839430801,0.3891862977243665,0.063418350232185
TAAGCGTTCACGCGGT-D2_Stim,-0.1865833476135741,-0.10990134541865082,-0.3606736904667702,0.20256497606256296,-0.16887397975094842,0.2738929534781196,1.043435225207685,0.07841208267496214
TAAGTGCAGAAGGTTT-D2_Stim,-0.016561660992168825,-0.07437936655103705,-0.7031203107575124,0.23292540628481717,-0.23060508507646027,0.34466137785307005,0.6174399283425762,0.07945535855865415
TAAGTGCAGGTGTGGT-D2_Stim,0.06940282303242817,0.03732662838297429,-0.4909489953441639,0.13070476699297906,-0.11434136076985979,0.47780680774453543,0.11292526540485781,0.11469744643115476
TAAGTGCCATGGTCTA-D2_Stim,-0.16045648192385542,-0.05541456878101947,-0.5205537312686719,0.1973480646870538,-0.25162998512996815,0.26011986111081775,0.3299337512978857,0.10356134805939732
TACACGAAGAAGGACA-D2_Stim,-0.19304398264281808,-0.1191843864471771,-0.4638966102443991,0.096516560447105,-0.19885661086591178,0.2554287342994801,0.4003080170200848,0.04036467021194312
TACACGAAGCGAGAAA-D2_Stim,-0.05475286684042224,-0.05591750015663699,-0.5858609321581483,0.18620632746327637,-0.18406680524051922,0.43179422543470025,0.2629354364382115,0.07771705532632289
TACACGAGTATGGTTC-D2_Stim,-0.1786694276601466,-0.09469048852053419,-0.37267688876806027,0.16210640865133463,-0.08589913199190491,0.33462210926945346,0.49842942385354494,0.11217433876490901
TACACGAGTGTTTGTG-D2_Stim,-0.10389788538462419,-0.008375616263998964,-0.3829274940919447,0.2047845558686845,-0.2457111353239796,0.20921361865704746,0.45695831030857903,0.13971249453147472
TACACGATCAAACCAC-D2_Stim,-0.18746814599901818,-0.19002269367181945,-0.5568514947178951,0.12573281361701127,-0.08121263628676267,0.2655512984448549,0.484479223897643,-0.009502851348299757
TACACGATCACAATGC-D2_Stim,-0.3038998030629543,-0.10860893875033462,-0.5547043238810909,0.28022522069654343,-0.20691082080236178,0.266778406576206,0.7616402991482882,0.14748083632950149
TACACGATCACCAGGC-D2_Stim,-0.10218831915167215,-0.08516959090111165,-0.520841809499121,0.2118612809840421,-0.11305272232412555,0.34163483296328323,0.37073373063976334,0.08829792846082718
TACACGATCACGCATA-D2_Stim,-0.19962366681018118,-0.09028421546050502,-0.3754978461672085,0.1290687218228399,-0.2113117326128826,0.1491361560119291,0.3953169287652294,0.08322659430848844
TACAGTGGTCGAGATG-D2_Stim,-0.1613681836005032,-0.20979296869322184,-0.8661493717865696,0.1735326660538199,-0.14510876702862774,0.4093138239049985,0.5583820361526799,7.453588453287807e-05
TACAGTGGTGTGCGTC-D2_Stim,-0.0500598722112624,-0.03439072052197112,-0.3379933965595079,0.17801291082690085,-0.2332147147949506,0.25602563140949286,0.1510636192376289,0.11012940959844286
TACAGTGGTTGAACTC-D2_Stim,-0.05332926322778597,-0.06122490219861376,-0.4201117303142894,0.18618360383067412,-0.0649694470713591,0.3032044772411968,0.3695993029232234,0.09116758480759302
TACAGTGTCAAACAAG-D2_Stim,-0.24594596732763385,-0.14645921589574584,-0.4981895377617782,0.09919698497245477,-0.27308636026047495,0.10775960226774117,0.3975420716710403,0.04583392619763593
TACAGTGTCCCAACGG-D2_Stim,0.14991910000253128,-0.01318190733801572,-0.3867377289120171,0.08277772741288913,0.04687045680751645,0.32268665872206803,0.23605818315383242,0.09034296723602075
TACCTATGTCCGCTGA-D2_Stim,-0.08959585744045029,-0.11653777166647394,-0.6893448813571936,0.1655694148605864,-0.22419221236365594,0.2612114932719667,0.7445860328425411,0.06966931483951377
TACCTATGTTAAAGAC-D2_Stim,-0.11715761665103663,-0.03300136506778628,-0.20140007019541084,0.13634463768314298,-0.19237207297497783,-0.039053087108269935,0.1893347006686774,0.07318675588320467
TACCTATGTTAAGACA-D2_Stim,-0.06364198845702695,-0.08366342977362073,-0.5378532604373021,0.19276009589633247,-0.18056789264896977,0.3768576865709399,0.37078807195396024,0.0694671603437289
TACCTTAAGAAGGGTA-D2_Stim,-0.1193435292323688,-0.05092944676202116,-0.4628577836550587,0.09290747789337317,-0.18144462268151784,0.25958998855565163,0.40108024269446396,0.015464679392351854
TACGGATAGACTAGGC-D2_Stim,-0.09941615948952176,-0.02527171287226615,-0.3665734659408777,0.11061997818989511,-0.1819722451219743,0.12572731626488576,0.07750563990314063,0.07494331193940873
TACGGATCATGAAGTA-D2_Stim,-0.118356380917227,-0.06940456567502551,-0.40416716813337406,0.08909483334839052,-0.13519479554067715,0.04377822554922339,0.338887803750616,0.08180948734963422
TACGGATGTACGACCC-D2_Stim,-0.21814915348327446,-0.085962736158816,-0.39851445215590964,0.1734933743944005,-0.17504828374949,0.14088799023302556,0.6045146690874628,0.11659369613020232
TACGGATTCGAATGCT-D2_Stim,-0.1356533217139333,-0.04878281956579755,-0.33059816839074063,0.1666747398746331,-0.07462057743218509,0.012397175557987694,0.09379916424273915,0.058000636767859604
TACGGGCAGAACAACT-D2_Stim,-0.088382585879069,-0.07631220283768592,-0.2820552473114617,0.16868086513904856,-0.13485089259564909,0.20845251604034054,0.48807731240052554,0.09106978150698275
TACGGGCAGCTCTCGG-D2_Stim,-0.07263501245902759,-0.07584889405574735,-0.5950750047119069,0.18472792478749156,-0.28781129691817675,0.4159800847910873,0.23108784571260177,0.057919568286116885
TACGGGCTCATAAAGG-D2_Stim,-0.06949764550686055,0.010684426322237428,-0.30423825131599713,0.11248886796939317,-0.12491292065676696,0.11785499410199307,0.2321629380635848,0.10302128678785927
TACGGGCTCCAGAAGG-D2_Stim,-0.05041111786152008,0.04666355289926116,-0.16974255616608236,0.21028848740889217,0.03273551940935171,0.029705105802284137,0.17436620024210114,0.13498984263873304
TACGGGCTCTAGAGTC-D2_Stim,0.05859681413998352,-0.010727943677235174,-0.3651231957177643,0.10124001740962107,0.053814260905740596,0.30439141700811234,0.302678146761993,0.05507146210133129
TACGGTACAGATCGGA-D2_Stim,-0.12501230808668318,-0.05697443899400412,-0.20517965766662005,0.11046541600318349,-0.09405648370703723,-0.03539024986452688,0.14766635486778412,0.07213176834784463
TACGGTAGTCTTGATG-D2_Stim,-0.08733324608448534,-0.06856810799592594,-0.4884037294019734,0.17360115736945403,-0.1539628777284392,0.36122509662009783,0.2833904645957155,0.05835473580045836
TACGGTATCCCTTGCA-D2_Stim,-0.0987032132154404,0.001655095392095518,-0.3316141982507421,0.20184546698768813,-0.18651203831077012,0.18711881896374472,0.4789763367361548,0.1457753481385886
TACGGTATCTCGATGA-D2_Stim,-0.11651800412889557,-0.01835949148037308,-0.22971885631736555,0.09611456533605178,-0.08933146395863112,0.07867656333794315,0.02963141563659022,0.09205169368876298
TACTCATCATGTCTCC-D2_Stim,-0.13925364398790308,-0.05697713040525976,-0.3668695597802394,0.20296637311462007,-0.13805781366194125,-0.007765520688478134,0.21004743785942637,0.08256537841021583
TACTCATGTGAACCTT-D2_Stim,-0.11064582029096037,-0.02167536849521312,-0.25549706580692355,0.08829138376463597,0.01752157234424523,0.028217484518231473,0.39547265706734613,0.07910670392517183
TACTCATTCCAAACTG-D2_Stim,-0.1880522866486274,-0.13264283784753417,-0.7103065998077795,0.14532380821362167,-0.2240455688318832,0.3178403418995366,0.3558957998904013,0.03655134508687041
TACTCATTCTCTGCTG-D2_Stim,-0.13146228043770414,-0.10393007465343729,-0.46537633892675245,0.1434123909577103,-0.050638082773442505,0.17357263901074305,0.7592635538831303,0.09166995284940782
TACTCGCCATAAAGGT-D2_Stim,-0.022778257262245916,0.02874385905328225,-0.08452403559469701,0.1096667781917624,-0.08402351551048248,-0.017548441195289755,0.08935546256118698,0.07861649999936837
TACTCGCGTCGGCACT-D2_Stim,-0.20076967264810186,-0.11562825457849613,-0.4456929415650368,0.09244625987211208,-0.17851911023286604,0.04432237662049232,0.6287613932866858,0.06175838297105685
TACTCGCGTGACGGTA-D2_Stim,-0.11658774685109385,-0.0696837393717189,-0.41731652378730466,0.1433114510067881,-0.12394631454950478,0.3059424459093787,0.22942306024036263,0.1248083451809201
TACTTACAGTATTGGA-D2_Stim,-0.18339171810822208,-0.06317203037783159,-0.26443785491935934,0.08067662266931208,-0.0033961713571351027,0.01833706108174482,0.7880292044474064,0.07418835828605985
TACTTACTCGAACGGA-D2_Stim,0.024230151365635777,-0.00968909860384315,-0.3360059800783599,0.2613975894534075,-0.05867715429905829,0.34998095731117473,0.9831407033131949,0.09752384544751003
TACTTGTAGCATGGCA-D2_Stim,-0.1842688880095995,-0.09727578108605783,-0.25968286022974674,0.04614523735738274,-0.12991014801711032,-0.007630345820286877,0.33094063317226485,0.06838997825540005
TACTTGTTCATCACCC-D2_Stim,-0.26171874180367105,-0.15426386842514894,-0.71120995407043,0.17725099431724445,-0.1803331436677258,0.36783498922900115,0.4461942313373184,0.06749157344744816
TAGACCACATATACGC-D2_Stim,-0.10437074191884932,-0.028864550230560226,-0.3193297112206377,0.12116702719732686,-0.0879297319018093,0.11305829798874356,0.3475436694168632,0.10871803386053536
TAGACCAGTGGACGAT-D2_Stim,-0.07967701600665755,0.004345006957102271,-0.1532637872631648,0.10680654832360403,-0.05931294092614259,0.05429400305336607,0.03775177871467861,0.09303534568423544
TAGACCATCACATAGC-D2_Stim,-0.04265559776084871,-0.021543508776241893,-0.4202326521905153,0.2375896835738427,-0.23152616019803318,0.3047559199003249,0.2027921003610622,0.14333379147331549
TAGAGCTAGCTAGTTC-D2_Stim,-0.12131381859662405,-0.07916304558363763,-0.3263969000390947,0.1409953672987463,-0.0569706302544013,0.3176191133137287,0.2311097668952975,0.13839945756004646
TAGAGCTCAGCCAGAA-D2_Stim,-0.09949068094858049,0.00026130616678976537,-0.29864765272396454,0.14287143639014843,-0.12976546453767668,0.12470325522855319,0.34564844283179497,0.11611609573531467
TAGAGCTTCCCGGATG-D2_Stim,-0.1119933873674448,-0.07199682952828468,-0.6044641672897519,0.21180258293160925,-0.3285246038456169,0.24481164712018888,0.43820964896419845,0.11019014335081856
TAGCCGGAGATCCCAT-D2_Stim,-0.15150921698058895,-0.05526584171364135,-0.3819441659038585,0.1469624214425398,-0.17356741785527952,0.14214610956403284,0.08300861362653045,0.11192541019596725
TAGCCGGTCGCTAGCG-D2_Stim,-0.15600749867462405,-0.04919967370744516,-0.2116943602663932,0.12583734840636396,-0.10677281565200936,0.021500941522878847,0.17729216881961207,0.09838478853702881
TAGGCATGTGTGCCTG-D2_Stim,-0.0811118157837658,0.015187846975129204,-0.10792486294766235,0.08092356587456706,-0.025307362875908623,0.06676521059444873,-0.15908103734783907,0.11011612886318645
TAGGCATTCGGCGCAT-D2_Stim,-0.16165862121019536,-0.11553524987718689,-0.5696750993546313,0.2321492349032166,-0.14825169047623987,0.4218303145533415,0.35388699890536746,0.09366491857427661
TAGTGGTGTCGTCTTC-D2_Stim,-0.09153538772276804,-0.05196368291411524,-0.3159634381850065,0.09725079910327317,-0.06490452974375671,0.19490149931272427,0.19609083438091623,0.09608613645013087
TAGTTGGAGTTAACGA-D2_Stim,-0.1163464023615628,-0.07369998078353923,-0.32647929756793204,0.08047461137833878,-0.14146521078759378,0.187015671377738,0.35485014765583855,0.07328316337735252
TAGTTGGCAGGCTCAC-D2_Stim,-0.1081191656422682,-0.07192801752962907,-0.6063500737105869,0.13568646404220885,-0.20710850531523306,0.3352436318331211,0.36327608139848877,0.00484661800329711
TAGTTGGTCGGCTACG-D2_Stim,-0.0729838660410227,-0.04804877994967782,-0.27689409177496316,0.13515837187303426,-0.15172886918489858,0.1739562040560063,0.08526376749419562,0.09008069706704447
TATCAGGAGTTACGGG-D2_Stim,-0.1046601813925001,-0.07189926935949309,-0.4350274731436823,0.17249023494323623,-0.10591345004910124,0.31186930240451183,0.4220145952214196,0.0814171599011253
TATCAGGCATCACCCT-D2_Stim,-0.09390570643478924,-0.0360331099493294,-0.4682617862260017,0.19782648397089275,-0.06584358918758682,0.46045464397337277,0.24893992630302542,0.1045833370386795
TATCTCAAGAAGATTC-D2_Stim,-0.12581710951134717,-0.08247092010723556,-0.4066525689680187,0.14760316719283395,-0.09536936461092083,0.3369130379822689,0.2525301223165952,0.07869930160290828
TATCTCACACTTCTGC-D2_Stim,-0.0968423026916092,-0.09604234827207137,-0.35355742123229383,0.18312140004666944,-0.05771230754501744,0.4439327724651978,0.5333659183199515,0.16356339547199816
TATCTCAGTGATAAGT-D2_Stim,-0.05921773875653891,-0.026015482766680975,-0.7251833045852774,0.3122239891677232,-0.3788168034858046,0.3905944548862177,0.24838052127348398,0.2069664572428529
TATGCCCAGATATACG-D2_Stim,-0.15480294297217334,-0.08750164364760415,-0.5844982450630933,0.23019112191459534,-0.19971712832526656,0.34315577018614185,0.9815727988719134,0.0680103064589801
TATGCCCGTCGCGAAA-D2_Stim,0.033039081478550614,0.024425960099216937,-0.10430865320813343,0.09516209147185606,0.056447385754742285,0.12103607649499715,-0.03145866856822366,0.09955771371313737
TATGCCCGTGCTCTTC-D2_Stim,-0.0573097365612405,0.01991129667624314,-0.16352267044238022,0.11085958434046894,-0.1913617000077643,-0.00830481362872959,0.19967790992818024,0.09643991955979736
TATGCCCTCATGGTCA-D2_Stim,0.04623152417552667,0.03388237750391099,-0.5166397268361962,0.050909502699495235,-0.2432495922621669,0.2727366013655015,-0.07513271621233741,0.041672410583505126
TATTACCGTACGCACC-D2_Stim,-0.08166983323303434,0.0018359604651116967,-0.34830611343180173,0.1890697006128601,-0.1451799369776392,0.23769047504802465,0.3322455541831495,0.13369803632249777
TATTACCGTCCGAATT-D2_Stim,-0.12606659070816306,-0.09732756948440979,-0.6932350945581316,0.17109846641096738,-0.2666155884445889,0.3441600840894292,0.30615463638558627,0.027103554721714218
TATTACCGTGTTGGGA-D2_Stim,-0.06730303888797273,0.012942108097737659,-0.33409314840930016,0.15341748544609501,-0.19063434259802214,0.19842736420619822,0.19131172377266914,0.13872664183443284
TATTACCGTTACCAGT-D2_Stim,-0.07238808694375365,-0.0020376498218386274,-0.25360472284784663,0.1288912820104855,0.005239036594870683,-0.02275706683683154,0.0992720951244479,0.061409127974553
TATTACCGTTGGTGGA-D2_Stim,-0.058126004780623575,0.11625555274027022,-0.07262882227142065,-0.07519135425073742,-0.09030990903529279,-0.1579277888332573,-0.5535325101842901,-0.034356313450947695
TCAACGAAGAAACCAT-D2_Stim,-0.0964102762631267,-0.05012423892813267,-0.4671482337005681,0.21544846227407888,-0.1540195147315444,0.2248650921516031,0.3804322266508269,0.1090038677161953
TCAACGAAGCGTGAAC-D2_Stim,-0.085688657009241,-0.030376550528986357,-0.34405208372653817,0.21484554925832988,-0.1993903851543397,0.17735606355204503,0.4216070342907958,0.11434259706838468
TCAACGAAGGTGCTAG-D2_Stim,-0.01344638742292581,0.040265430957711956,-0.10266858011163205,0.06118887742539414,-0.012466335927451055,-0.015218007589993476,0.05205101057833872,0.03306855608383508
TCACAAGAGGGCTTGA-D2_Stim,-0.06903307664034664,0.0007866143513943769,-0.346102544011222,0.1774098247548359,-0.20555294265953172,0.2412531725996061,0.21362891466275435,0.11977204073095216
TCACAAGCAGATCTGT-D2_Stim,-0.11936684638212647,-0.02861069136104355,-0.2013433557668005,0.10226450016287814,-0.029736109224467455,-0.09268927411731198,-0.003290905067775185,0.05010231532487808
TCACAAGCATTTGCCC-D2_Stim,-0.10397108589553028,-0.015960367207274118,-0.4556896248771434,0.21698044511050618,-0.2740140994878413,0.23004260938197518,0.34830016163318867,0.12668903547733557
TCACAAGGTTGTGGAG-D2_Stim,-0.11517809030038251,-0.07265587122757289,-0.3723004113306967,0.1649143617612765,-0.14480694544242922,0.01311072069564112,0.3213024377277982,0.08795688786734956
TCACGAAAGTAGTGCG-D2_Stim,-0.15730787077513142,-0.0930107704020866,-0.5338088490318196,0.18990016059618675,-0.16324525641725174,0.14151461976269708,0.7795459107012679,0.07194101099704042
TCACGAAAGTATTGGA-D2_Stim,-0.27836671112833145,-0.1347083483820466,-0.4494407591592511,0.11512685590015792,-0.20576029273371077,0.0010833662245843811,0.7995817893949955,0.08193476114204756
TCACGAACACCAACCG-D2_Stim,-0.16075461601296048,-0.1503792021107948,-0.5663797334858423,0.09546272396539379,0.01238418991514223,0.3641832739115518,0.3814747870084334,-0.02533150918630156
TCACGAATCGCTTGTC-D2_Stim,-0.1554715030452929,-0.07115382364004752,-0.3039320725923602,0.10070855308715387,-0.05813382489563956,0.05586928052746565,0.3419793795933668,0.07191833750743015
TCAGATGCAAAGCGGT-D2_Stim,-0.08512802042210588,-0.053058463481882256,-0.3303675690723882,0.15124877426751304,-0.004239530353558507,0.2963291996888451,0.2796537509628392,0.10925816553099388
TCAGCAAAGTGACTCT-D2_Stim,-0.12891964998437544,-0.07506940849689414,-0.4790370391126668,0.2112157947762583,-0.1512140479164188,0.0863794456555329,0.4214128966556814,0.10335080445280198
TCAGCAACAAGCGAGT-D2_Stim,-0.14381578607193646,-0.10582204179320343,-0.5820020372793824,0.1557255102258459,-0.18025879793742483,0.3156508235819313,0.571463677761721,-0.009502244829267426
TCAGCAACAAGGACTG-D2_Stim,-0.28800584582379507,-0.13496670541139721,-0.47264236807394866,0.11358305869912932,-0.24265050820338807,0.04136781748321283,0.23555257263826945,0.06513224635902404
TCAGCAACAGGTCCAC-D2_Stim,-0.1647960936873787,-0.10749037708325737,-0.6758135237287828,0.15197135475741064,-0.19700211060403383,0.36376808959143503,0.3483377676551944,0.04393615589745359
TCAGCAAGTACCCAAT-D2_Stim,-0.06999808417216613,-0.007713352274135943,-0.3876003062886042,0.20632948735400092,-0.08597714120418942,0.32792486945844956,0.28200508094069043,0.15323324198093502
TCAGCAAGTCTAGCCG-D2_Stim,-0.0623436465295093,0.0007124937993374658,-0.3663111003437489,0.2302744980323439,-0.12354345384906118,0.2709471414278859,0.32765983447775504,0.17094835467709224
TCAGCAAGTCTCCATC-D2_Stim,-0.07241411561300914,-0.01877784508019431,-0.3571193672347128,0.16425426403250398,-0.10260875512805612,0.27115075509331277,0.25372092671514856,0.1220724793047907
TCAGCAAGTTAAAGAC-D2_Stim,-0.22333729813566272,-0.09001545626963114,-0.3220780344697971,0.05646446545892658,-0.17426330179739935,0.040662943372105076,0.46055814051617716,0.040903437225098926
TCAGCAATCTCCAGGG-D2_Stim,-0.25084711311881236,-0.14424124207158684,-0.7754610588417297,0.1686016032099733,-0.2437835519500684,0.3390644377040939,0.34476121964504713,0.0402955379865606
TCAGCTCAGATGGCGT-D2_Stim,-0.005896033223111274,-0.06565642944474703,-0.5354953229238841,0.1332473720213745,-0.20601713964973278,0.36659551736013896,0.2740561865547537,0.07860059120961616
TCAGCTCCACGAGAGT-D2_Stim,-0.18930530557523184,-0.11227221335168736,-0.47579545571268866,0.20574989043687708,-0.1875817557106334,-0.01986186124594802,0.3218641515200318,0.08959276228560498
TCAGCTCGTCACTTCC-D2_Stim,-0.10192812591069256,0.003076697558734409,-0.19423626747712586,0.07402431103217033,-0.2997612371231142,0.003334619135117123,-0.06127077619711585,0.05372620005146267
TCAGCTCTCGCCTGAG-D2_Stim,-0.23083033739932546,-0.13944247657386555,-0.6462634747025255,0.16880630276050113,-0.23248771382471567,0.15363579659345206,0.6558916798401402,0.102836169035605
TCAGGATAGCCCGAAA-D2_Stim,-0.08848366450898659,-0.04773694876615053,-0.5619938941671876,0.1346905692679492,-0.2057040807385757,0.24439916847143017,0.35711689441720385,0.009477742121287491
TCAGGATTCTGCGACG-D2_Stim,-0.14146804700266635,-0.06681917187530928,-0.4379996931651018,0.15338199180203915,-0.19051368254234724,0.17521310023641057,0.5899685197045343,0.11061570515100883
TCAGGTAAGGACAGAA-D2_Stim,-0.13861106304203652,-0.09380483891536429,-0.5847741408770979,0.11225332269661337,-0.22510492541420746,0.30702216451350317,0.22958263951133429,0.019491494905182094
TCAGGTAAGTCACGCC-D2_Stim,0.016764546297642013,-0.04448194024442387,-0.5457197336167514,0.14111631850595607,-0.36667027510124406,0.3896470263196683,0.22966038157082114,0.11058936778250761
TCAGGTAAGTGGTAAT-D2_Stim,-0.10925211062594187,-0.14769173390776125,-0.4857276349221724,0.1414002978747746,-0.11452272442234879,0.3772220588806512,0.39370198719109695,0.039617977233280754
TCATTACAGTTGTAGA-D2_Stim,-0.17730915922066792,-0.1026606869961757,-0.5737230564284115,0.21900476630584365,-0.17858200950220038,0.230254085879098,0.6921738310217087,0.08053466794765285
TCATTTGGTCTCTCTG-D2_Stim,0.014481166065577256,-0.03617417894797548,-0.5365846691454994,0.19057352841243436,-0.10354468223156132,0.5081828931902468,0.14257734912998554,0.09083747968532307
TCATTTGTCCCAGGTG-D2_Stim,-0.03464941388899412,-0.07699046170938395,-0.12012305670659984,0.04846326375081311,-0.02234253534784969,0.16979056316586671,0.13861817245584973,0.050109129488213
TCCACACTCGTTACGA-D2_Stim,-0.15350636503237247,-0.07539991254349765,-0.44365520827540017,0.18240129870302013,-0.11886049294415635,0.29786703327619257,0.26507261160649076,0.1053062928077324
TCCCGATAGTAACCCT-D2_Stim,-0.08698965064322195,-0.08410334025868416,-0.5276208186184892,0.14743749857241895,-0.29030405158274064,0.12985078381318615,0.339612674712896,0.08028170378401
TCCCGATCAACTGCTA-D2_Stim,-0.05989167709990362,0.0017925999883896537,-0.2322157321845406,0.11091176969677896,-0.01181808173580734,0.02661999513657065,0.11662817229655431,0.06795178033157256
TCGAGGCGTCCCTTGT-D2_Stim,-0.20162983059830708,-0.10766067936259205,-0.6647347510438237,0.14383321090296697,-0.27315348184347776,0.3122710416835446,0.29717248198235424,0.02211102850690061
TCGAGGCGTGTTGGGA-D2_Stim,-0.005217814476580429,-0.013403863065148514,-0.327314359383001,0.1428872486532189,-0.05790290798052666,0.2763904360543279,0.20275028721101496,0.0980810167169679
TCGAGGCTCGCACTCT-D2_Stim,-0.13840507220350595,-0.08309893555244585,-0.5431465873709822,0.21258609681526686,-0.10054894283585014,0.44351451836629785,0.46557726993138715,0.10405771853400125
TCGCGAGGTTGATTGC-D2_Stim,-0.08806923823817137,-0.02479268270703372,-0.31434448461379993,0.19063376322045045,-0.09731055042408698,0.28427707492559406,0.21225623726777698,0.11382394741029245
TCGCGAGTCCCACTTG-D2_Stim,-0.0889556514733858,-0.025670294166305396,-0.3305485802404817,0.1315879913618332,-0.04907841013066694,0.2585234333390485,0.15515834618482494,0.11201486245299996
TCGCGTTCAGCTTCGG-D2_Stim,-0.28643881365611357,-0.09874789972094611,-0.36430166783161866,0.2346476145797265,-0.12507711223178575,0.2296364826891164,0.7395503289707062,0.1475676530617065
TCGCGTTTCACCCGAG-D2_Stim,-0.2331244892159905,-0.12765801601485194,-0.5201325080855206,0.14366358720532624,-0.31232639259150297,0.002202626006122088,0.525504957352581,0.09649196558854989
TCGCGTTTCATCGCTC-D2_Stim,-0.09062633144309551,-0.09967312201329648,-0.5124424855237795,0.2522159552591603,-0.08001483976537038,0.5756706160965024,0.45668148607723325,0.11943093528207527
TCGCGTTTCTTAGAGC-D2_Stim,-0.10925147986456629,-0.08208373800071733,-0.62848405086255,0.141982010645906,-0.2363449386619969,0.34052202461543857,0.22894663679620564,0.03275522569785849
TCGGGACAGTTGTCGT-D2_Stim,-0.04377374944199275,0.032075860287788416,-0.2879423218764039,0.16440638516944084,-0.08019420931941568,0.22201648035897037,0.23989615832747901,0.149159581527611
TCGGGACTCGTGGGAA-D2_Stim,-0.23448285069899377,-0.13173554498028395,-0.30293179660600345,0.07379788441837931,-0.13278600782278716,-0.03908718930196464,0.5118426324429883,0.0799224560144225
TCGGTAAGTACATGTC-D2_Stim,-0.08091113233163938,-0.009590253557055561,-0.2042581820978011,0.07313114807533516,-0.05700205114031576,0.10683706243957936,0.17910426783805455,0.08824587645425375
TCGTACCAGCTGCAAG-D2_Stim,-0.18705114898044783,-0.05424279298906853,-0.5154545452300763,0.17719815232031166,-0.3593307012049749,0.18582803206989595,0.663123830642105,0.0943178107228988
TCGTACCCACAAGACG-D2_Stim,-0.18000318359212208,-0.0789889436566309,-0.39685386334226,0.1531618602293996,-0.17589454434874163,0.2246230257433499,0.38114462985960795,0.04941823744053764
TCGTACCCAGGAATGC-D2_Stim,-0.12214836357379077,-0.013042886551989596,-0.27464988342555685,0.0869866682192395,-0.11516929114160135,0.04622478932926555,0.29055685469093717,0.07972658274674949
TCGTACCTCACTGGGC-D2_Stim,-0.053009216609522625,0.03344579883711063,-0.3475123515168388,0.2005216897533657,-0.09023599612028832,0.1230969785892384,0.2883897236954063,0.17186988169624762
TCGTAGAAGACAGACC-D2_Stim,-0.1477099643995512,-0.087207869991202,-0.5715206870985021,0.22658605559781364,-0.18105378001608585,0.30743533042856086,0.36960220441901015,0.13057418136502363
TCGTAGACATGTCCTC-D2_Stim,-0.22357460809154261,-0.1204783401980869,-0.6375769693974576,0.26016071170873367,-0.20313876004251696,0.3313221541375224,0.7676455720655948,0.09125069621164528
TCTATTGAGCCTATGT-D2_Stim,-0.16341774712926949,-0.06630065464934809,-0.45193188346500435,0.16501790705621744,-0.10934680222896809,-0.02297526194359989,0.17663728330301254,0.05553974242078219
TCTATTGAGGGAACGG-D2_Stim,-0.10450912407356938,-0.021196727001020932,-0.5334497967598875,0.20771681638878547,-0.16891595666267278,0.24074753857896347,0.47872796838580634,0.15645119084393855
TCTATTGCAAGTACCT-D2_Stim,-0.14063780509425428,-0.07411820783231171,-0.6937729757580584,0.1858840062881555,-0.2855650423653806,0.3334277688520846,0.44683979647441596,0.021117685739895364
TCTATTGGTGGTTTCA-D2_Stim,-0.36084348255406695,-0.310868199203032,-1.2916022258556392,0.3344898493295414,-0.2507530006437726,0.6422785841960543,1.2225466289599671,0.14350304593530083
TCTCATACAATGAAAC-D2_Stim,-0.22249042877512615,-0.17122782239727563,-0.6922313888398257,0.09683091542541433,-0.08952960952822764,0.28019494894659935,0.284287139981525,0.005677263282521494
TCTCATACATCCCACT-D2_Stim,-0.1463773412649889,-0.07799922803986092,-0.34714587653262985,0.14947643131354837,-0.26658625717101536,-0.029914573953591983,-0.0005846938727742668,0.07990420279473298
TCTCTAATCACTATTC-D2_Stim,-0.14082453179487686,-0.07425342524340017,-0.5714504002959107,0.21347752260142983,-0.18169500084785817,0.31226140876294295,0.40574211018956596,0.12950366237845579
TCTCTAATCGTGGGAA-D2_Stim,-0.1418460263085084,-0.09725723265971631,-0.6915841336503536,0.1893168086753505,-0.17543935570636648,0.44236237578750703,0.33083302004231374,0.12543880620202863
TCTCTAATCTACCAGA-D2_Stim,-0.09767424662113022,-0.05070303661489639,-0.621599644741913,0.23859595336429607,-0.33551967969083485,0.2781327479973239,0.6341269497686035,0.16636852809015323
TCTCTAATCTGGCGAC-D2_Stim,-0.08842459254487345,-0.09037155910979244,-0.6125553641408512,0.11018487655127984,-0.22330707817770445,0.31165985837918875,0.19282030730792776,0.024042632173721046
TCTGAGACAGGGAGAG-D2_Stim,-0.03858419020157555,0.029354709784065847,-0.13172452357674302,0.14290170228585097,-0.16465871215402217,-0.023081448608172295,0.12876296667335296,0.08500339531388867
TCTGAGACAGTCAGAG-D2_Stim,-0.12911626877247429,-0.07680440397497534,-0.42927988608991186,0.0858809248425274,-0.16717383264766816,0.11055457952532954,0.594794330378404,0.07240767468642062
TCTGAGAGTTGAGGTG-D2_Stim,-0.2303560838698253,-0.09831156663982199,-0.3777247471499656,0.07938740590175541,-0.14773876931406882,0.014392913484291725,0.4379222577212101,0.06266662792531363
TCTGGAACAATCCAAC-D2_Stim,-0.16165191794306644,-0.057360058176112005,-0.3282723526829159,0.15154437357647055,-0.15022396792838677,0.1292850335182525,0.4013728218257917,0.11714187941631948
TCTGGAATCGTTACGA-D2_Stim,-0.0709187911089817,0.023301351557522665,-0.3822230559887707,0.2465595208472493,-0.10961161919163054,0.3419617297031703,0.359529728058682,0.18546933464997828
TCTTCGGCACCCATGG-D2_Stim,-0.17685104162964294,-0.04638249317146936,-0.3307681527647972,0.047096634527711956,-0.13207796011956496,0.05542035988059446,0.32011170535105826,0.06634805047766079
TCTTCGGCACTGTGTA-D2_Stim,0.05290684046862815,-0.060940982706625846,-0.6851217711040878,0.20727203849850717,-0.33071069562193856,0.43833280214190395,0.19599017896997672,0.05855147801063687
TCTTCGGTCTCCCTGA-D2_Stim,-0.08879341973784172,-0.02928421497445477,-0.20721327092498143,0.11715217662248634,-0.07180915750261008,-0.012769493163071743,0.06394692845180927,0.08149035932018478
TCTTTCCAGGCAGTCA-D2_Stim,-0.1516034203419867,-0.07541026131123552,-0.3709868721771201,0.17319237766004036,-0.35193851041331037,-1.675608608842083e-05,0.14937724501504945,0.12566071433144543
TGAAAGAGTCAGAAGC-D2_Stim,-0.1023210910176875,-0.06656507286858115,-0.5435020114531603,0.17796680808757337,-0.3131791663753738,0.17008827100468515,0.26896966534588884,0.09917148048976543
TGACAACAGCGGCTTC-D2_Stim,-0.1243472707012323,-0.12303379378597512,-1.0595163702507495,0.2925152991542532,-0.18615197530072258,0.4788629646630813,0.9477992130624209,0.11112126026164226
TGACAACCAAGCCTAT-D2_Stim,-0.08619417518050021,-0.07204986459669271,-0.3860084410826232,0.1920742980235417,-0.1519933947600105,0.27331893859038026,0.4328427871535716,0.13906320473178013
TGACAACCATATACCG-D2_Stim,-0.06645052113621297,-0.005956523593489749,-0.6215567863687479,0.07312204066757211,-0.14484341298065573,0.19961959026217357,0.4433409353633957,0.0017153761042756344
TGACAACCATCACCCT-D2_Stim,-0.06341148600744972,-0.01309814296247147,-0.23415584675802048,0.11190836142665361,-0.09635260089965847,0.09544861028724405,-0.022406600639097718,0.08666282041155249
TGACAACGTCTCTCTG-D2_Stim,-0.11280249136698117,-0.07532387104242133,-0.37688165777191074,0.14821658167658924,-0.09416865390118367,0.19900658927855375,0.4217034832900026,0.1294519753658001
TGACAACTCACAAACC-D2_Stim,-0.2034677118178898,-0.08252179196435172,-0.35342190963149367,0.076354240920665,-0.12111386911727529,0.030368716986906463,0.43203398305771223,0.0574214647394129
TGACGGCAGCTCCCAG-D2_Stim,-0.10959091258510689,-0.017676302242513486,-0.22795847758601173,0.11428489717419765,-0.13799002727071752,0.07564441706297487,0.15703510585390568,0.0789651704350014
TGACGGCCAGCTGGCT-D2_Stim,-0.22033733326130012,-0.11727745402432177,-0.6291328491459875,0.11133396654352978,-0.2885786141529856,0.06147575871274924,0.17844817033638627,0.03786731401279653
TGACGGCTCGCCATAA-D2_Stim,0.02152677719740481,-0.05255245678273468,-0.40477854273385816,0.1630265740604937,-0.06640553922098036,0.2831455531633029,0.4449410114946577,0.04126349330344503
TGACGGCTCGGCTTGG-D2_Stim,-0.46467998228087204,-0.24230164154768197,-0.7532167524943993,0.2959045338605151,-0.2203933500822437,0.5053251813390993,1.6208663247345836,0.18039490999935026
TGACGGCTCTCCGGTT-D2_Stim,-0.09577215709122378,-0.044922490384859515,-0.44475414390759305,0.1870658032522332,-0.20241473986326675,0.2317037861908382,0.31231299576539406,0.09805324463548004
TGACGGCTCTTATCTG-D2_Stim,0.12053859790799848,0.010487117859304007,-0.4893430764147588,0.1307842929378733,0.04916396977213111,0.34071407935498854,0.43134009748210733,0.08537472443885719
TGACTAGTCACCCTCA-D2_Stim,-0.1597905999067475,-0.06079343137495741,-0.22822725328601123,0.061947784943168216,-0.10782674391812108,0.020608066036036377,0.40856357563103174,0.0651045200277025
TGACTTTAGGCTATCT-D2_Stim,-0.05170910437303533,0.0015237873149125392,-0.15927696498679023,0.10643235130102013,-0.013237992896211637,0.0014310751374253528,0.07742156322346005,0.050993693770649884
TGACTTTAGTGGTCCC-D2_Stim,-0.1682685406436022,-0.10472565078024765,-0.7174673132586307,0.19534627650577896,-0.22567263360517842,0.31600169397275835,0.5168396112387992,0.10027388371936397
TGACTTTGTCACAAGG-D2_Stim,-0.1858668670283148,-0.10244741740020658,-0.6390092756885952,0.17423972111815544,-0.12736426845036775,0.3685776017961704,0.3098525443715632,0.06979249892920691
TGACTTTGTCTCACCT-D2_Stim,-0.1707708882200123,-0.10024537901493602,-0.4979653304474194,0.1778276030916519,-0.08187099117130892,0.37110281352874885,0.5873489543242014,0.12712630932066205
TGACTTTGTGAGGGAG-D2_Stim,-0.15013911915490397,-0.09855753621576646,-0.33181328675046284,0.17055884406688548,-0.17953843298905525,-0.03325250292062698,0.34580651707195287,0.087491073296313
TGAGAGGGTCAACTGT-D2_Stim,-0.1381339691241692,-0.0879995314547255,-0.4882802444612011,0.1475688497067651,-0.09218096707754597,0.3098158611662356,0.33893615180195624,0.11406862235835646
TGAGCATTCTGGTTCC-D2_Stim,-0.004024634557023177,0.034512296416680854,-0.11039497028426126,0.06649930218899769,-0.028130007381442113,0.051195111607945876,0.01073369680835512,0.05482434320099472
TGAGCCGCACCGGAAA-D2_Stim,-0.09246319491650112,-0.06658546760572115,-0.49929271129079034,0.2299865397854166,-0.398741254893217,0.23452868702033847,0.5417696968035965,0.1358811380266296
TGAGCCGTCGTACGGC-D2_Stim,-0.13382578364072195,-0.04623185943693109,-0.4956288420279993,0.14179401399969116,-0.08532882007031617,0.176446054408693,0.6554816487862691,0.08704187927411411
TGAGGGAAGTACGTTC-D2_Stim,-0.4307491970348174,-0.17917703548408603,-0.4476612579882371,0.21138933591215014,-0.08174975103469428,0.24045755967936522,1.405578629953359,0.1326568582807166
TGAGGGACAGGTGCCT-D2_Stim,-0.08533011607071117,-0.012311631285088609,-0.15823374072556007,0.10992044868803674,-0.05641957641133999,0.0540254298367433,-0.06948924394274059,0.10780857250401787
TGATTTCAGAAAGTGG-D2_Stim,-0.15097836101248419,-0.0882871688593454,-0.3583957417528669,0.13246323367234503,-0.09398016424633404,0.05369609584088231,-0.08687386450092305,0.045431783175247986
TGATTTCAGGCGTACA-D2_Stim,-0.21529733976245957,-0.12970049112190019,-0.5937903539764999,0.15843382173891207,-0.16115749293381043,0.25947896037168405,0.3849401329915061,0.07369020146148131
TGATTTCGTCCGCTGA-D2_Stim,-0.07407707110406392,-0.06702925008881344,-0.45410028553696513,0.17215209281514987,-0.1857216305847853,0.23843211654167007,0.41340836770761413,0.1421978770676855
TGCACCTAGCCGATTT-D2_Stim,0.10940793827710316,-0.06468064045830602,-0.610168527773034,0.15422605155001,-0.08627600755489695,0.34701287068337017,0.28929560651593533,0.06709383708864358
TGCACCTAGGGCATGT-D2_Stim,-0.10117409762372809,-0.1572367602717062,-0.8692031898025121,0.21480186938771517,-0.23823892234061006,0.3203022350856646,0.733830268555284,0.025788005933925717
TGCACCTCACTAAGTC-D2_Stim,-0.12892896943307264,-0.06367155102607036,-0.27065908255434934,0.09356243983092405,-0.03781592514246768,-0.010423007885178137,0.12249302022407349,0.08048473055037242
TGCACCTCATCCTAGA-D2_Stim,-0.11471087741923824,-0.2097932464187764,-0.6543977910963967,0.1139636000899813,-0.008950079539955524,0.38054277915025914,0.4592044869697922,-0.023930723296309964
TGCCAAACAAGAGTCG-D2_Stim,-0.12368803994454147,-0.06847532931716316,-0.38343084693148555,0.17177355857176302,-0.10008361478236694,0.2063181932078244,0.16253527736167683,0.09943126709024952
TGCCAAACAGTAAGAT-D2_Stim,-0.15803060925059675,-0.06337354900512793,-0.21153398304187654,0.10017105536755366,-0.07221359151447437,0.006885417506481417,0.2740077340802749,0.1141579562279258
TGCCAAACATTCCTGC-D2_Stim,-0.11782501671993195,-0.084975021466688,-0.537112759030256,0.19504366911584725,-0.08147343180899114,0.4234441745830466,0.33808726938132505,0.09625562283833666
TGCCAAATCAGTACGT-D2_Stim,-0.20993471672546526,-0.061227328057089636,-0.3294758151133568,0.12016327198043442,-0.22670662577229805,0.07729616946947182,0.2932615010386055,0.10693168432917233
TGCCCATAGGTGCAAC-D2_Stim,-0.07262631531302333,-0.015816297781247712,-0.21285054147783455,0.08305514722842666,-0.05578537594289479,0.12633258894464383,0.26184529975791015,0.11263627558479072
TGCCCATGTTACAGAA-D2_Stim,-0.16160669440759357,-0.10477076448348477,-0.6508005675067707,0.2043834600063157,-0.30190267407057014,0.2064890405148958,0.8486503998451322,0.10333528245077872
TGCCCATTCTCCAGGG-D2_Stim,-0.12091821915831602,-0.08069358334712895,-0.482999535547707,0.11385300791220843,-0.15758850722230022,0.2777071141028937,0.32322256235983726,0.01021986365323535
TGCCCTAAGGCCCTTG-D2_Stim,-0.11136668289764096,-0.10667494360584051,-0.45786211085670026,0.0836877978317272,-0.022091553273947184,0.25005992928242193,0.4251066428461261,-0.0017401872454332334
TGCCCTAAGTCAAGGC-D2_Stim,-0.2397361676378118,-0.13337207619813896,-0.5850532804779203,0.10339316924897268,-0.16667991218821854,0.27016962125685495,0.20960076752220136,0.011280816642452507
TGCCCTACAACAACCT-D2_Stim,-0.19316630846973304,-0.11125315160736982,-0.5658805869561725,0.18973970873879864,-0.12656910811074518,0.40794145818519034,0.40311959494635907,0.07846449933260935
TGCCCTATCAAGATCC-D2_Stim,-0.1369810277524195,-0.07424555482224804,-0.5805808088157214,0.19958817908286974,-0.21265123514034556,0.3548652681698794,0.30329720490788326,0.06297862241958718
TGCGCAGAGCGAGAAA-D2_Stim,-0.048919630537540115,0.007170817163455467,-0.15854343217630174,0.0986406392343806,-0.0732769727921685,0.1445983185940296,0.0015730519344359095,0.07748805915450241
TGCGCAGCACTGCCAG-D2_Stim,-0.06366191341560956,-0.1250686768357845,-0.5516313401362822,0.16683920392316942,-0.1902616967760853,0.4114340113705115,0.25157128509689386,0.05947647388716426
TGCGCAGCAGGGTATG-D2_Stim,-0.04821980616169874,-0.0007121831687264546,-0.451809207226475,0.1773725702540947,-0.13819216136330503,0.3355512209213849,0.41906316246673914,0.016514386895709166
TGCGGGTTCAACGCTA-D2_Stim,-0.16694645926516216,-0.029467783472110654,-0.3691532135939699,0.14394873651943918,-0.0642396529794631,-0.026034110514611797,-0.043241415444214226,0.055936036985464455
TGCGGGTTCCGCATAA-D2_Stim,-0.14837346304681098,-0.049440289807922255,-0.1574883178422377,0.07100483944009817,0.023046689693334343,-0.12268307872032125,-0.07319278886192038,0.036264830954584326
TGCGGGTTCGCTTAGA-D2_Stim,-0.25135967111531343,-0.14169287774233652,-0.8209224763524663,0.21652729495092693,-0.23306321482862025,0.46273096775813016,0.4241074676265768,0.07535786219300711
TGCGTGGCACTTACGA-D2_Stim,-0.11829776680445825,-0.0633975680123271,-0.3378344377209288,0.16486149584644139,-0.13285286246879302,0.26612617895510127,0.2965093780802661,0.11516027667376072
TGCTACCAGGTTCCTA-D2_Stim,-0.11152005298475842,-0.09872070393655541,-0.4984064489904494,0.13879348320853424,-0.27065349895888247,0.10866266354114629,0.5215119031607642,0.0853692294100501
TGCTACCCAGCTGCTG-D2_Stim,-0.12099818085814285,-0.05493623261227931,-0.4661461395182389,0.19682723567714078,-0.23094336978046748,0.15449302921554242,0.5445163039107914,0.11643605590367301
TGCTACCGTAAACACA-D2_Stim,-0.13082982756347405,-0.07394332547201898,-0.6577193960686003,0.18410387447834076,-0.15272029601663384,0.43634302581589424,0.3327650164621483,0.055105397940984346
TGCTACCGTCCGTCAG-D2_Stim,-0.0693104862481988,0.003377100122724741,-0.2208390153468569,0.09839133369030151,0.011405760198133663,-0.029671031470577702,0.04120594740700412,0.04306504166392244
TGCTGCTAGATCGATA-D2_Stim,-0.21135235810307407,-0.12103169775125266,-0.6603192565099505,0.1649129097072244,-0.20804731075366512,0.36931423281958864,0.31768711136745154,0.03925781504450043
TGGACGCAGAAGATTC-D2_Stim,-0.2824279101028555,-0.11013806856044717,-0.47092711746847016,0.18692004325630407,-0.2619568293689838,0.09024475356875783,0.7927616441995866,0.12037708899790722
TGGACGCAGGCTCTTA-D2_Stim,-0.10064961628611968,-0.036271303871712846,-0.3083483223431216,0.10112785148084669,-0.10937705485076066,0.0884188706988045,0.304937956477767,0.09248209569130061
TGGACGCCATATGAGA-D2_Stim,-0.19856177150740706,-0.08582049667008818,-0.4059424109593319,0.1280549707175247,-0.20318032157034693,0.03739703118721849,0.6550110063282055,0.08519927912349168
TGGACGCGTACCGAGA-D2_Stim,-0.1316326959024945,-0.04212555907786708,-0.5141958536930975,0.2300092313874309,-0.26142648999648976,0.253148811698372,0.3155972649404273,0.14074378014772648
TGGACGCGTATGAAAC-D2_Stim,-0.07186639255135496,-0.05529864991076572,-0.3073772195748372,0.14790961249301304,-0.08059362767064648,0.24914073149979288,0.383227961312409,0.08591174910728405
TGGACGCTCCATGCTC-D2_Stim,0.0002838446957404983,-0.09928626665495521,-0.6383144396694753,0.20027305528997807,-0.09209532629739137,0.457177688621897,0.4145256701560234,0.10486945531295966
TGGACGCTCCGAATGT-D2_Stim,-0.1469633345611019,-0.09597420970306736,-0.4728755037260495,0.15402418209054858,-0.021598897405700868,0.39940785731842077,0.3291942944615194,0.087672809532652
TGGACGCTCCTTTCTC-D2_Stim,-0.09625796819784682,-0.030808792959430065,-0.3050782849184248,0.14234647275557677,-0.3518170652483956,-0.001139084735021001,0.110188159183771,0.12545687379221704
TGGCCAGAGTAAGTAC-D2_Stim,-0.11362486905764158,-0.0373114780061492,-0.4539471582911885,0.15371185823613587,-0.1606712096480507,0.13912249993077275,0.4683866039320286,0.12718393620167845
TGGCGCAGTGCGAAAC-D2_Stim,-0.1540170756080652,-0.05953640265500226,-0.42416491925159683,0.18768507037695237,-0.18189052973648145,0.23370364569479563,0.4101144904493843,0.10656919716815771
TGGCGCATCAGCAACT-D2_Stim,-0.15880270912977856,-0.04969465954768637,-0.2785688218373261,0.11071675535493597,-0.02822637175595233,-0.07803881521143552,0.060816503826913504,0.047858477515333675
TGGCTGGAGCCCAATT-D2_Stim,-0.22922409974402846,-0.06691808756453987,-0.3305783819194996,0.15590177992864085,-0.21809429382089363,0.08232300777233448,0.6040767785030887,0.14391577062363936
TGGCTGGCACGTTGGC-D2_Stim,-0.11482829435042596,-0.03197559886940127,-0.29119187865088136,0.16730877517564302,-0.15067444357528004,0.21385680972639065,0.4124719443861533,0.10279909352457395
TGGCTGGGTCCAGTTA-D2_Stim,-0.20524378799267318,-0.1902286317419346,-0.6080450149053789,0.15083019011038523,-0.023484432628047003,0.39409366107630106,0.5464067345277348,0.007965072456084243
TGGCTGGTCAGCTGGC-D2_Stim,-0.11979983104264491,-0.08621717153710229,-0.5452761208827077,0.16362502592005335,-0.2064338427146506,0.3582785385324936,0.2585434828310369,0.05549021664919884
TGGCTGGTCTCGTATT-D2_Stim,-0.1875586436881953,-0.08365565502988304,-0.5230486718590086,0.2123932845693659,-0.18317278797171888,0.08519673769309932,0.3508518678015271,0.10519334929202628
TGGGAAGAGATGTGGC-D2_Stim,-0.22826342967442947,-0.10587281906907009,-0.3820113352447745,0.20798356760536052,-0.050308226563647196,0.3863911439804397,0.7602630531311982,0.13271503538682872
TGGGAAGAGCCAGAAC-D2_Stim,-0.10776576391820569,-0.03478305757287714,-0.2000523815502353,0.09628465331052816,-0.04955843839887031,0.12579967374250067,-0.025719089375343174,0.12325216634709868
TGGGAAGGTCCGTGAC-D2_Stim,-0.31001711607368065,-0.30470124785123076,-1.2292267735746005,0.28962897129465937,-0.22057170934349024,0.5689536564960793,1.1612342578650434,0.11643430347741202
TGGGAAGTCTCGTTTA-D2_Stim,-0.2026367560633524,-0.0658478068303836,-0.3020351127573866,0.04139474744716054,-0.17763905241168487,0.018690314083897874,0.24960194181278972,0.040859310895681844
TGGGCGTCAAAGCGGT-D2_Stim,-0.08961734723945547,-0.06056552480595201,-0.4284577385098949,0.18230154226646356,-0.10291893318502154,0.3838559865985083,0.26635275501769584,0.12087729042490203
TGGGCGTCACAGCCCA-D2_Stim,-0.15075706393294475,-0.08045119211213425,-0.5362514230606887,0.19214322678740814,-0.2406640214365865,0.2676270159994445,0.288685426162651,0.06963155797259901
TGGTTAGCAAAGAATC-D2_Stim,0.08178322849240516,0.00015844792782182537,-0.8151987746151264,0.338024870278014,-0.31095260663718705,0.4954485046622761,1.2588200515927852,0.1309993999039598
TGGTTAGGTTATCGGT-D2_Stim,-0.2187061588862811,-0.1187638880494486,-0.6705132181561062,0.2358957685645251,-0.32604721599160413,0.24456665518873777,0.824303358568935,0.10707717738181088
TGGTTAGTCTTGTATC-D2_Stim,-0.17689216770430427,-0.06720671829043745,-0.2607689636920467,0.08423116233138472,-0.09327901819270501,0.057821361178483244,0.25999972933525584,0.059708102455777734
TGGTTCCAGCGTGAGT-D2_Stim,-0.2586579405308509,-0.11131817117594345,-0.35745012017587463,0.0557870474513642,-0.08168562851478178,-0.02621190740800472,0.7858457771873475,0.050812746814367316
TGGTTCCCAAGCCCAC-D2_Stim,-0.09728080467199085,-0.07038181200025839,-0.28978630604445677,0.09241739508290969,-0.058951563619798364,0.1673473583658165,0.28086093376426113,0.08894335514223428
TGGTTCCGTCGCATAT-D2_Stim,-0.11661356707308101,-0.07495377457270003,-0.32421508057456094,0.10359541100098113,-0.061005888333642844,0.2644085802858669,0.20155075768438202,0.08919879793645968
TGGTTCCGTGCTCTTC-D2_Stim,-0.24932592390151065,-0.1250043079289238,-0.7257153466997099,0.11544361982599227,-0.2146614362472068,0.34127165145164007,0.43029580800251566,0.04261631602793159
TGTATTCGTATATGGA-D2_Stim,-0.019518165468372928,-0.0632920535432735,-0.6297453798489894,0.16776328768986914,-0.2633756555247988,0.3361947927708133,0.2346300589761885,0.0365744157225425
TGTATTCGTTGTGGAG-D2_Stim,-0.1792400587970704,-0.07588541467416121,-0.5926540525711967,0.2263602304679857,-0.1921269350033743,0.3849679925796039,0.4498480814222656,0.12497740935419799
TGTCCCAGTGCAACTT-D2_Stim,-0.09632858778468645,-0.10180494082064584,-0.6222204851072135,0.1515852274528271,-0.2469322970495842,0.30317056584630464,0.33199980605318036,0.073685017775599
TGTCCCAGTTTCCACC-D2_Stim,0.0708913093149004,-0.02177835608662626,-0.5443913043165693,0.17581783681423246,-0.24500636614079419,0.39206774214619955,0.27154450625155224,0.07682165779483086
TGTCCCATCGCGTTTC-D2_Stim,-0.09152316637095659,-0.036110702016003415,-0.24126041206560078,0.16926617392256915,-0.06040481036247414,-0.027582036643650554,0.22623803708832924,0.09283528802671803
TGTGGTAAGATCCGAG-D2_Stim,-0.05635106790055033,-0.12183661593063277,-0.7209659243430018,0.11698244781819156,-0.16599942222742392,0.4045756290872564,0.35038939908384137,0.0015787453537683405
TGTGGTACACGTTGGC-D2_Stim,-0.23213164514958073,-0.07419335583456643,-0.34803929192622096,0.1849545827290573,-0.014153020000327032,0.11756919703038271,0.6142463649736349,0.11018998669330138
TGTGTTTTCAGTACGT-D2_Stim,-0.1378533877009449,-0.02835247696637566,-0.4071502224277612,0.1494094872603675,-0.1623091833213195,0.12387299779220484,0.46717595910062215,0.10892297374872051
TGTTCCGAGCCCAACC-D2_Stim,-0.13575962220854798,-0.08305620373542943,-0.5404319890308784,0.1753347601143993,-0.21571108042171083,0.3006140517731364,0.33353318528929776,0.04978011071340305
TGTTCCGCACCGAAAG-D2_Stim,-0.14023604328600747,-0.11246830854404699,-0.46338314507094225,0.12080897086250175,-0.19084713584369872,0.142774173606254,0.5500581396398836,0.09409114509444017
TGTTCCGGTGATGTCT-D2_Stim,0.13395614497540365,-0.024346553582782704,-0.5348809410957927,0.10461395866946788,0.011660017294088831,0.3257538723900435,0.16832763155860064,0.06312754084190253
TGTTCCGGTTGTGGCC-D2_Stim,-0.05267982097180024,-0.06526035131668095,-0.7495397295718025,0.22069878756661154,-0.3125193923979719,0.327720250689465,0.49464822666025476,0.13251684561351063
TGTTCCGTCATGTAGC-D2_Stim,-0.2765611030340427,-0.1094528835381734,-0.30930032204567937,0.04280057650260716,-0.17602528553429053,-0.0037892416422096176,0.5657935856842258,0.04344408198257277
TTAACTCCAATGAAAC-D2_Stim,-0.0800356267995248,-0.02981822408759527,-0.31018510450821424,0.14968604823287635,-0.12605558383415527,0.13526168816446926,0.3099751281103238,0.11899617276036167
TTAACTCCAGGGATTG-D2_Stim,-0.03461505585323543,-0.07268832780486711,-0.13018178688776416,0.0687088588858149,-0.037792181166595995,0.08723429289011975,0.05164970881113007,0.0599445680157924
TTAACTCTCCGTTGCT-D2_Stim,-0.1834214572538535,-0.09046810108353931,-0.3960868384369114,0.2558805281915131,-0.10888797722955346,0.522161307693704,0.6243590859243087,0.17260342842856957
TTAGGACAGCGATCCC-D2_Stim,-0.14375793312301433,-0.03578864570147999,-0.5211462177481341,0.22270917210508223,-0.14487697674727862,0.32864321303822486,0.44292908889062765,0.15286666432663054
TTAGGACAGTCCATAC-D2_Stim,0.023110769367955086,-0.10146191309151043,-0.4417551087434308,0.26265548527034177,-0.08046364459007194,0.3837931034738329,0.7428852907913654,0.12672432878951767
TTAGGACCATTCCTGC-D2_Stim,-0.13004225733449282,-0.05864744939716893,-0.3270239481561168,0.11291712030825529,-0.36218611100610865,0.05402231496319487,-0.03741834296834057,0.07317099058310461
TTAGGACGTAACGTTC-D2_Stim,0.058222938396431445,-0.035693800684654775,-0.5362626811382185,0.17470563209456103,-0.22909446974830772,0.315636265324013,0.26644292347515997,0.0807506885290632
TTAGGCATCATTGCCC-D2_Stim,-0.24719948781608814,-0.1534034434845477,-0.6815399846903496,0.17645377313056976,-0.13842048749894786,0.3000809025856235,0.448800579986643,0.04953532761414792
TTAGGCATCTAACTTC-D2_Stim,-0.030208312104502255,-0.039137442219692176,-0.4596174000229585,0.1687763206885986,-0.09365719122134664,0.4080021663865505,0.24053055365842457,0.07994396133532611
TTAGTTCCAATGTTGC-D2_Stim,-0.07411009988008388,-0.058277755413580934,-0.4870688309902622,0.20326421578014653,-0.13958417537058487,0.4561496137661454,0.2216045625153189,0.09701283125524007
TTAGTTCGTGTTGGGA-D2_Stim,-0.0658006031777969,-0.06774358322709872,-0.6000216974769526,0.20178769553063347,-0.14312908148176007,0.533370641807533,0.2786874288957426,0.07896243292840133
TTAGTTCTCCGTTGTC-D2_Stim,0.06787275416188976,0.006314450382955528,-0.5498917919163517,0.2180387442568552,-0.1901655735105603,0.4119835736726518,1.1896671226000555,0.08654981858789057
TTATGCTGTGTGGTTT-D2_Stim,-0.20228858957696438,-0.05994863157439134,-0.5656832018335276,0.12260994672113412,-0.16944947751930073,0.08821991067694768,0.40208473295334635,0.07773633620401732
TTATGCTTCACTCCTG-D2_Stim,-0.08013851978756925,-0.002778659261689853,-0.4557693188517984,0.20855348973537957,-0.19088262870310402,0.24435971297021197,0.22170824654483923,0.15546459581020677
TTCCCAGAGTCCGGTC-D2_Stim,-0.12587582800221675,-0.05911591361272173,-0.4857432271238835,0.19529925129454284,-0.3512241713609665,0.1813207469324798,0.4167432643737161,0.09787162049849307
TTCCCAGCACAACGTT-D2_Stim,-0.14292742182706242,-0.03239282292967971,-0.4477842349886796,0.19476045034862288,-0.20493575766593608,0.22721522013676498,0.32593591670989674,0.16391897497499386
TTCCCAGCATTCTTAC-D2_Stim,0.0009434718750505056,-0.04227735722909465,-0.3540435336809935,0.16732906519888147,-0.09061154922441794,0.3374566645810244,0.22967143840981485,0.09715230903526262
TTCGAAGCATAGGATA-D2_Stim,-0.03957271081528546,0.018517719275306987,-0.23906050811734758,0.14947638211480552,-0.0716926733187826,0.2663046685761028,0.1493321258408571,0.1308383387902765
TTCGAAGTCTGCGTAA-D2_Stim,-0.034889814066662694,-0.07916441140011443,-0.450359322568163,0.18796084217526499,-0.11363384707024515,0.26739698193400585,0.6079201069173887,0.08256193557803115
TTCGGTCAGGAATTAC-D2_Stim,-0.15835877628644468,-0.07859182452595803,-0.21808197122865014,0.09754497828884467,-0.15037336046061078,0.005113763312492026,0.2615932932374072,0.11632710544130553
TTCGGTCAGTGTGGCA-D2_Stim,-0.16666896605694248,-0.07211028101425754,-0.38882508385021985,0.0526837663064228,-0.11843861564947566,0.07985917069645687,0.03508040731924922,0.006862344917729857
TTCGGTCCAGGAATCG-D2_Stim,-0.08246669112939742,0.0032560733189725966,-0.3064300053108955,0.10151664327424115,-0.06873268078735784,0.12068958277997766,0.2633381672443118,0.12297074669616315
TTCTACAAGCTAAGAT-D2_Stim,-0.17651926577187105,-0.0640023701290211,-0.22962972032130935,0.09129163455537181,-0.13991028980674614,0.03542514185364176,0.3126268776832699,0.050167375118098434
TTCTACAAGTCAATAG-D2_Stim,-0.20447311937573964,-0.08966640517323476,-0.5017571451268736,0.17850112055122125,-0.22916728116966034,0.1410135257550973,0.568072441826331,0.13052327982544476
TTCTACACAGGTCCAC-D2_Stim,-0.188453091190512,-0.13003672061275218,-0.578193886779415,0.17466171904452743,-0.154518673290017,0.43250173678863213,0.3753013584647791,0.07521124676832613
TTCTACAGTGCTTCTC-D2_Stim,0.029188198004108656,-0.05091607052953684,-0.578838225184036,0.18726705562015766,-0.08761053306059274,0.39196193298492155,0.3607329587480521,0.08127812553526326
TTCTACATCACCATAG-D2_Stim,-0.0538375667533213,0.010674942396008191,-0.24977219335426248,0.11668629810739262,-0.0685887942899086,0.15844289862837435,0.1981758123958084,0.09961126782909879
TTCTCAAAGTCGAGTG-D2_Stim,-0.1278296840797939,-0.06630941628198883,-0.24237785252053445,0.07788121579735119,-0.1670670646365462,0.007197475634770356,0.3873778993551973,0.1047797853419361
TTCTCAACAGTAGAGC-D2_Stim,-0.08175844268277288,-0.0749567584746309,-0.5621531602412304,0.17017523222388142,-0.187201380166524,0.2875851367512876,0.5994987707340496,0.0965933229833329
TTCTCAAGTCAAAGAT-D2_Stim,-0.10153455040399528,-0.08364234086568878,-0.466461528924226,0.17724472275208392,-0.10658266485800105,0.31653986548137425,0.28342295386418304,0.06818726915987838
TTCTCCTAGACTAAGT-D2_Stim,-0.15291052628279722,-0.1177411782949278,-0.867810806166105,0.2377807899637574,-0.36212945638062166,0.44204003401952185,0.5480353153674669,0.08494320165698532
TTCTCCTAGATAGTCA-D2_Stim,-0.22009764336265292,-0.09082849870678089,-0.39851917280021887,0.3183496777895769,0.00814320815071845,0.5079929642744574,0.7784910246060814,0.16909131729746463
TTCTTAGAGCGATAGC-D2_Stim,-0.20287780618021678,-0.08822431706012068,-0.3219748881122335,0.07198898368363515,-0.14830117632625317,0.03318883955629026,0.35792552589695426,0.06705312039602873
TTCTTAGCACTTCGAA-D2_Stim,-0.08261045433688352,-0.030779630719578677,-0.549497097129489,0.28228723878463313,-0.3628030275035421,0.3094321935434454,0.47472005558069164,0.1969703766886628
TTCTTAGCATCTGGTA-D2_Stim,-0.11064944046836445,-0.007646140439211635,-0.308291649022582,0.12579558253698053,-0.07113659464990185,0.14413236129917983,0.37504012710467727,0.1214048676565529
TTCTTAGGTTCTGGTA-D2_Stim,-0.09749780340447067,-0.0072854235973807135,-0.15296653876862898,0.10911131894142301,0.01599422045553922,-0.0790194024317099,0.05075260511517854,0.04598329489700781
TTCTTAGTCTGGCGTG-D2_Stim,-0.029533762231791272,-0.08779364400601075,-0.37230626605992434,0.24165780399430048,0.010145305012907002,0.3544135619988307,0.3783249215139657,0.1262042501988958
TTGAACGAGCATCATC-D2_Stim,0.05362717630493741,-0.004609803030776405,-0.455765916817942,0.2589089992332525,-0.04751655545430289,0.39132423510334036,1.1625436207072575,0.08324735438057296
TTGAACGCAAGCTGAG-D2_Stim,-0.0459484220123656,-0.14178550472733242,-0.6617146544950057,0.23663391401129985,-0.2345896199767914,0.32618585448399884,0.9175867594031555,0.05201014696398509
TTGAACGGTCCGAACC-D2_Stim,-0.07555368905232207,0.006370394725136563,-0.3116365784244426,0.16448472462049857,-0.05234822475568279,0.1984760406945565,0.2672693147225349,0.09718498008060372
TTGAACGTCGGTCCGA-D2_Stim,-0.1260590826469148,-0.05525595619219992,-0.17513599394191637,0.089580102160296,0.011601708779414466,0.022202927944542594,-0.003014558847080906,0.051666489042014874
TTGACTTAGCTAAACA-D2_Stim,0.0557271464605531,-0.01866970887517283,-0.5198376441758192,0.27637701260028535,-0.28397224825266854,0.3450972655867943,1.1340316718589056,0.15570672325605628
TTGACTTGTATATGAG-D2_Stim,-0.1811891089733546,-0.07587370050653774,-0.5576795056925477,0.19504432625247858,-0.18885655364999643,0.27945011259498287,0.5729250530687775,0.08560845642583104
TTGACTTTCCAGTATG-D2_Stim,-0.15625265640020913,-0.08735530119445833,-0.5817240478124788,0.17527933828792008,-0.1567300375749916,0.27373822819419225,0.32782247378210094,0.04697499695930496
TTGCCGTGTGATAAAC-D2_Stim,-0.0697075378914267,-0.0732140391692564,-0.43423806402850573,0.19735845054746548,-0.14730530836150635,0.3234652398802993,0.5007016695064266,0.1098018130259284
TTGCCGTTCCTTTCGG-D2_Stim,0.024377272060183586,-0.05509762464401646,-0.3971115033195378,0.2576205363109736,0.012582234626421496,0.507525324407009,0.3014150876325514,0.13013108742741863
TTGCCGTTCTGGCGTG-D2_Stim,-0.08019969953011596,-0.048706588486375324,-0.1965289073026577,0.06876806344566155,-0.09842709165041441,0.017004996663786187,0.16438766909046265,0.07727881213042131
TTGCGTCGTTACGACT-D2_Stim,-0.018716744086923143,-0.14884106374041117,-0.6669868992454511,0.20697248366480103,-0.14962696573746648,0.5652950321371968,0.276067650814543,0.11597032636427684
TTGGAACAGTCTCCTC-D2_Stim,-0.13286572728364554,-0.07870045914646262,-0.603887591696326,0.18367092750319358,-0.3255983249439538,0.3817039526693744,0.2344177582447493,0.050289215343349625
TTGGAACAGTTAACGA-D2_Stim,-0.18573396209863802,-0.12080092343738791,-0.5860590103388077,0.17261828205035457,-0.1622226239779021,0.3797864785978273,0.3669319713202128,0.07050070815034992
TTGGAACGTCTGCCAG-D2_Stim,-0.20717983243516258,-0.12732882347180663,-0.7592983445762265,0.16622868193171847,-0.22209029221622245,0.374019620948733,0.5389490103014412,0.046634429086452656
TTGGCAAAGAGCAATT-D2_Stim,-0.15263624414221688,-0.07958426908720106,-0.42413116073310775,0.09716634751625008,-0.06114583529432949,0.21450612977751504,0.394169137063602,0.02460436090590612
TTGGCAAAGCCACTAT-D2_Stim,-0.10199303975816143,-0.01971887848554843,-0.29131456584462434,0.10659262332479713,-0.03529141486331433,0.13465333572005989,0.27923582838532646,0.09997313835782862
TTGGCAAAGGTCATCT-D2_Stim,-0.058428311767928065,-0.06193349211565824,-0.5929328877415081,0.1476272365301643,-0.14431520415925903,0.25621333607118757,0.2938051990708068,0.09955847135694995
TTGGCAAGTTCACCTC-D2_Stim,-0.3123849465656221,-0.1721453644712252,-0.6407729114055698,0.2048567400905661,-0.30305081756626784,0.1565692808029766,1.0849367901972755,0.09707230460750793
TTGGCAATCAATACCG-D2_Stim,-0.08914930898376561,-0.052610220774042205,-0.5322706797992609,0.21957875758437417,-0.05450800003485412,0.4781336267769092,0.3599919966545455,0.10318956133670198
TTGTAGGAGACATAAC-D2_Stim,-0.06859478271473662,-0.127006250317244,-0.5179196454261739,0.20360757517952166,-0.15209226523053054,0.49515745549976486,0.2694323463982107,0.07756817936662408
TTGTAGGCAGCATACT-D2_Stim,-0.12875672902138824,-0.0367252773060347,-0.17299366443708042,0.056128124028575144,0.04827457546045899,-0.08849160058218963,-0.07936522836310544,-0.007142898376246265
TTTACTGCATGCCCGA-D2_Stim,-0.23078116813783467,-0.12388778646179865,-0.6603039710884175,0.1717816987192382,-0.37411772850476055,0.3798175401128141,0.44706929559699393,0.04008434993936838
TTTACTGGTCATCGGC-D2_Stim,-0.027352828794285244,-0.10495768041355369,-0.5827077633145183,0.17310293705341984,-0.20799810290840348,0.40798781795333383,0.34034548882829796,0.055658925025566575
TTTACTGGTGACAAAT-D2_Stim,-0.08092345897780717,-0.007091263467748021,-0.35590454207204836,0.1680203688627735,-0.12804441612639472,0.2217718136785134,0.18340830343647418,0.11764877915117644
TTTATGCAGCGTAGTG-D2_Stim,-0.07152532183945937,0.041830001350536605,-0.10869392403967826,0.12383174389498919,-0.05683181296897999,-0.0041168731332721364,0.06928523497484917,0.08826385023024308
TTTATGCAGTTAGCGG-D2_Stim,-0.2444234989078371,-0.15872897003301745,-0.5948372813957636,0.148152224286072,-0.07427575185452717,0.34990436157314875,0.29018711501075867,0.0632339018520458
TTTATGCGTACCGCTG-D2_Stim,-0.09979510986206641,-0.06337834985965252,-0.4615783619080265,0.15173228100880642,-0.06393542452105905,0.3618217749656285,0.22523238767576448,0.060356613880328425
TTTATGCGTCGCCATG-D2_Stim,-0.058835183053981055,-0.05915191711317469,-0.38870038143519103,0.12956269792177544,-0.0645914711493969,0.20738424269542044,0.19772744291162248,0.08788208346269144
TTTCCTCCAAGGACTG-D2_Stim,-0.17491431249864675,-0.06580709427424303,-0.3543941214635531,0.10075642129318751,-0.0393331368184473,-0.06687698289332822,0.10115745153631295,0.047284904080575174
TTTGCGCAGAAACGCC-D2_Stim,-0.07873699990494565,-0.05869098489163527,-0.41499578954657146,0.15322693379240349,-0.2714257285353696,0.17706142925876556,0.12132462752302864,0.09974786248755052
TTTGCGCAGGTGATAT-D2_Stim,-0.10393852444058105,-0.02697412050987502,-0.18355036618623544,0.0477789927782748,0.18532487082557125,-0.034931168337342555,-0.08436552195243507,0.037631456463078194
TTTGCGCAGTGGGATC-D2_Stim,-0.1713593354484324,-0.16348322089596046,-0.6248645584349788,0.14456761604927237,-0.1603603551995345,0.39633676271860807,0.35848947098322625,0.0063921148822991825
TTTGCGCTCGTTACGA-D2_Stim,-0.09116799107512996,-0.014906225272419249,-0.41883402972419326,0.24859172570797305,-0.21432779019644066,0.29186051127280876,0.4351997389250126,0.16471411253975887
TTTGGTTAGCCGTCGT-D2_Stim,-0.08842444044835851,-0.15153880562820632,-0.6931407031187131,0.15926544472962867,-0.16693156027918654,0.4365008653684601,0.3607157911450347,0.01655991691233183
TTTGGTTCAGTTAACC-D2_Stim,-0.07671568935912809,-0.06359337791086972,-0.6236526216439504,0.15610133335947474,-0.1269815581875502,0.42585211610734497,0.33785327021337164,0.01174800573449808
TTTGTCAAGAGGGCTT-D2_Stim,-0.10682702708876946,-0.02957974043535927,-0.272716903495585,0.18321134138743567,-0.10715399459771646,0.1835734233599986,0.47010158032745863,0.12220857824228126
TTTGTCAAGTTCGATC-D2_Stim,-0.08411339899556047,-0.026551780883243836,-0.18816375817799091,0.08954791620502434,0.007146155591678749,-0.05443286095531974,0.0037742241921385755,0.03885057825545957
TTTGTCACACGACTCG-D2_Stim,-0.08207431244415808,-0.01621915846586397,-0.1572414753639313,0.0880785822399055,0.010752482787827589,-0.07573642049563212,0.07152362610138852,0.04841024084593748
AAACCTGAGGACATTA-D2_NoStim,-0.08093571030445368,-0.10520773148933316,-0.49681394732153983,0.07276651680690271,-0.07008458100348847,0.2818777555660157,0.3234758319635551,0.0008924925919586713
AAACCTGAGTACGTAA-D2_NoStim,-0.013852276787257978,-0.05674645263413858,-0.536951243572588,0.11891396403195387,-0.19772050957035425,0.2296267997589272,0.21215178781659993,0.036636959088831134
AAACGGGCAGGGTTAG-D2_NoStim,0.08851762258424145,-0.04482809030407964,-0.5277032656414473,0.1700800947494816,-0.16111635803621205,0.40139700726906113,0.18309492198071275,0.030264083220707505
AAACGGGGTGCGATAG-D2_NoStim,-0.13777575868640035,-0.06509113295500768,-0.14912414534677687,0.05800460780459282,-0.09927569427674143,0.13706331256256998,0.3056105933157012,0.01061506267096668
AAACGGGTCATGCTCC-D2_NoStim,0.11758634049146899,-0.025876027187925033,-0.33844168319912526,0.03686920164988372,-0.01714811879262257,0.18056961765378432,0.0648326991433672,0.04238486216064885
AAACGGGTCTATCCTA-D2_NoStim,0.0089044737818611,-0.06880552311661958,-0.5673130180392967,0.102283606254991,-0.2320398343749428,0.23313820854689027,0.16050070438039477,0.02074292065624128
AAAGATGCACGCCAGT-D2_NoStim,-0.05773384440811036,-0.11264311063792398,-0.6031196057401953,0.12512882681309456,-0.08210732505991558,0.3179080372955312,0.22901071722763167,0.03506600033892937
AAAGATGCAGTGGAGT-D2_NoStim,0.03443451455735591,0.009182493807378123,-0.2516616881173501,0.034827877120804374,0.02236794644176676,0.1894214380649899,-0.03376720976266245,0.020314362217099813
AAAGATGGTGCTAGCC-D2_NoStim,0.011844991297962792,-0.07507164084994145,-0.40796091576953764,0.13431576051633876,-0.11184245332763965,0.2688993822277981,0.186198966223019,0.03156268765571646
AAAGCAAAGCCACGTC-D2_NoStim,0.1113735030110039,0.08751783020195525,-0.2533806511809882,0.06407040337096781,-0.07001978895380923,0.15713276890457983,-0.14543832161688108,0.013290897526747614
AAAGCAACAGCCAGAA-D2_NoStim,0.026092080182531063,-0.02567034321031514,-0.3798247735950717,0.035503738286900344,-0.06596110777400988,0.1510843994621034,0.062157700762771384,0.01884805048670657
AAAGCAAGTGATGATA-D2_NoStim,-0.05887027156233948,-0.10578255974437312,-0.24505214454786284,0.11630608007262921,0.05762148678781642,0.22766565651658155,0.43754118282435606,0.0401713286995129
AAAGTAGAGTGAAGTT-D2_NoStim,0.11021869187782407,-0.009806193607539981,-0.3867657660926085,0.09738595069433131,-0.24597735316089953,0.21793976089088218,0.1057159699685748,0.00808922616085006
AAAGTAGCAAGTCTGT-D2_NoStim,-0.09433116050733759,-0.06617400918455019,-0.4197541613717739,0.1818617186491771,-0.15228704549314287,0.317944657036346,0.4886961842242714,0.045883464612218816
AAAGTAGGTAAAGTCA-D2_NoStim,0.06798649570416693,-0.07473938596994145,-0.31072263121810906,0.17964125312178503,-0.08907498932102875,0.31773662556317994,0.25864596308329446,0.04792745088997208
AAAGTAGGTATCTGCA-D2_NoStim,0.06841941907574345,-0.05988483505562314,-0.4351274314931537,0.06501811734348806,-0.10531078944105055,0.25621902072151315,0.03094605304317355,-0.00021268474984914576
AAAGTAGGTCCTCCAT-D2_NoStim,0.10454937789030261,-0.12268955791911473,-0.6980853547093204,0.13061351885741956,-0.12549282306105347,0.3823290506909327,0.1729302007855935,0.026921255978813008
AAAGTAGGTGAGTGAC-D2_NoStim,0.07851549395932622,-0.08145832061242331,-0.4655552609672373,0.13211116900317954,-0.12319139717101635,0.32083517546559115,0.2149770954025314,0.0333187555306651
AACACGTCAATGGTCT-D2_NoStim,0.021275197721418948,-0.10026617080132105,-0.2927459821446732,0.07376549301727664,-0.025818039032651896,0.23966245649224227,0.12601615666281019,0.012525662873986931
AACCATGTCTCGTATT-D2_NoStim,0.0067541438058000836,0.006569919348107689,-0.48551817161725097,0.09548330411101524,-0.09537788990902207,0.2099670316664337,0.07146987223226642,0.0063280636331040085
AACCGCGCAAGTACCT-D2_NoStim,0.023405053364731643,-0.052709150287991946,-0.18290770628778574,0.04953369750710124,-0.07116412459119381,0.18657291128611053,0.08100717023937332,0.011037908792410178
AACGTTGAGGTGCAAC-D2_NoStim,0.0711024986347617,0.013043597297318854,-0.5238130851210556,0.261967453013245,-0.16427493084460743,0.4053006587240784,0.8941613584432506,0.13477450068171315
AACGTTGCATAAGACA-D2_NoStim,0.1304328858479895,-0.006876057231094634,-0.3545273023472255,0.09916251531997133,-0.09724556205634904,0.2163233158142326,0.03413684233991887,0.046584833531211345
AACTCAGAGTGTCCAT-D2_NoStim,0.07935806131278689,0.04672510876094016,-0.2655933263247139,0.09730603730202247,-0.13699946184619627,0.16816054428507066,0.026076250743623852,0.016911404706270616
AACTCAGGTAGCGATG-D2_NoStim,-0.0019375407426291957,-0.0060245873691027185,-0.8748197141050067,0.2685882564392692,-0.2316009457275623,0.39007341708952215,0.39923404549922825,0.1446831878546906
AACTCAGGTCATGCAT-D2_NoStim,0.08258322234741655,-0.06136236775370563,-0.4309829474427911,0.1245742958961884,-0.17276783839915488,0.26164527014256755,0.11230827282554934,0.01859488577225399
AACTCTTCACCAGATT-D2_NoStim,0.05389543146909226,-0.02918614482078752,-0.4327054064998883,0.12270460562636032,-0.23495585821467735,0.2732379099604545,0.1019570485842225,0.025702784469311624
AACTCTTGTCTTCGTC-D2_NoStim,0.06076357630479734,-0.005131120664858102,-0.5238137722307226,0.10203903013224824,-0.17806744054167822,0.21291541267223302,0.05357734108939649,0.011117829661220213
AACTGGTAGAAGGACA-D2_NoStim,-0.06810315526757549,-0.03428723535082945,-0.37283406113763995,-0.05781589872847093,-0.07532064693057094,0.13693818260295387,-0.014590363153070385,-0.06148709201809588
AACTGGTAGCACCGCT-D2_NoStim,0.09225842922671745,-0.02231113233844262,-0.44173647131840355,0.04238074902877109,-0.07069194591431582,0.2008237310545269,0.014606985749129109,0.01350435592594934
AACTGGTTCACTTCAT-D2_NoStim,0.006996628926009052,-0.1123004219463617,-0.45237631594681105,0.19270613859682229,-0.09928793901632815,0.32236055130197094,0.37459687997628865,0.093295577379374
AACTTTCCACGAAATA-D2_NoStim,0.06259279485290925,-0.05701946451777573,-0.5515241153405217,0.0930166218490811,-0.2102725660786824,0.20107619188231673,0.04457896944343531,0.01407722427493674
AACTTTCCAGTATAAG-D2_NoStim,0.12555433435088226,0.013869183308079513,-0.5539947731710022,0.10993732894805319,-0.18225358692826887,0.23020502229748985,0.0070605149046985005,0.03949676202550556
AACTTTCGTCGACTGC-D2_NoStim,-0.074491790498314,-0.11975270541322303,-0.4866782927568316,0.11335642585094874,-0.15117636227910225,0.30599581562235123,0.3107428607144689,0.014864519563644762
AACTTTCTCGCGTTTC-D2_NoStim,-0.1348429760163583,-0.07546208470863469,-0.46062921662989,0.0368210320229565,-0.044890336581069334,0.1490790111294764,0.2784693573254957,-0.0020308756579066056
AAGACCTCATCTATGG-D2_NoStim,-0.015635374294781457,-0.055846235849195125,-0.442750982527393,0.12682605291178284,-0.1837232588720905,0.2525409587495524,0.3360963638635406,0.038094920399856846
AAGGAGCAGTCGAGTG-D2_NoStim,0.0395586069666809,0.01539537540253022,-0.3303051851559662,0.1194466586309435,-0.09923232899949497,0.29929477693424644,0.7355228551953754,0.036703039652683955
AAGGAGCCATCGGTTA-D2_NoStim,0.029491650404750658,-0.03666774966796993,-0.3922127462234144,0.10302739186245802,-0.12461527407873518,0.2257794923458203,0.06270770270386983,0.0034723373499740973
AAGGCAGAGTGGCACA-D2_NoStim,0.07388329738089716,-0.008908295564832969,-0.38427230245770616,0.07773158155012716,-0.26174683674304333,0.1859208129896306,0.041772981775340945,-0.007676931476602533
AAGTCTGAGAGCCTAG-D2_NoStim,0.0274821361409181,-0.03457347417244705,-0.6820867063229556,0.19066149358387285,-0.0562741810296572,0.3175080164536812,0.5279408908186438,0.07798512919547029
AAGTCTGCAGCAGTTT-D2_NoStim,0.04148667604288647,-0.0779755329272831,-0.42488715168093805,0.055256875836134256,-0.05068830867902463,0.2148185251895729,0.06182163998171486,0.008621307814003387
AATCCAGGTGGGTATG-D2_NoStim,0.12294705430487696,-0.021973176319177057,-0.3128919289588943,0.07586586572169196,-0.08551359514391343,0.23341164550063276,0.034847085081160856,0.042314354087618966
AATCGGTAGACTCGGA-D2_NoStim,-0.06471379712917802,-0.10984842910528236,-0.4100112447848314,0.13503874054966225,-0.16335458816255333,0.29982566119669407,0.14475024216623478,0.009827945473123378
AATCGGTTCAAGGTAA-D2_NoStim,0.04809081073518051,-0.0442653792368457,-0.5433445826554717,0.1356391056629409,-0.14118858838941684,0.26450548571725285,0.1000255310947793,0.017754688567659827
ACACCCTCAGCCAATT-D2_NoStim,0.04043078884082796,-0.016942660399314136,-0.5533109451029361,0.18906646271070038,-0.25427165546768293,0.2051056385321095,0.36978484326330463,0.07632904773743299
ACACCCTCATCCTAGA-D2_NoStim,-0.02975803776798891,-0.043089033254045006,-0.44002939702406074,0.12744270505282884,-0.09868645666110787,0.2736105705741716,0.10576419439228157,0.03548543096087187
ACACCGGCAGGGATTG-D2_NoStim,-0.07467988009797999,-0.11954831744437833,-0.4615385353910977,0.1262480989139494,-0.10541450017161935,0.2667096128181079,0.24446349870485307,0.02644914289082756
ACACTGATCCAGGGCT-D2_NoStim,0.05023266433965112,-0.04499267394054485,-0.38856456514677973,0.05460490270005636,0.11563345725960517,0.3002032214543835,0.22883635557622295,0.02824245110485002
ACAGCCGCAATGAAAC-D2_NoStim,-0.0113309527625578,0.002056822139207881,-0.3956550337333731,-0.001618851025835255,0.13383839663169184,0.2330601190378374,0.15093141211032446,0.0061303447098008945
ACAGCCGGTACGACCC-D2_NoStim,0.024100123989402533,-0.0892207907217486,-0.5076255103051359,0.09842770093712083,-0.09713791825477536,0.2798196370527606,0.2503404684797115,0.0120142775020593
ACATACGCAGGGAGAG-D2_NoStim,-0.07016304055839129,-0.043854195156288966,-0.3228163346021038,0.07539523032134277,0.11404548848315343,0.228629936142152,0.4635524038578165,0.05882332127016454
ACATACGCATTGGGCC-D2_NoStim,0.08685475540108634,-0.0025100653666143558,-0.6430120328086559,0.09954329010818341,-0.18135256374111464,0.20625322893854214,0.03661600603920512,0.03424731688829219
ACATCAGAGCTATGCT-D2_NoStim,0.005349090775407461,-0.062123137694937824,-0.5358137532654474,0.17687459085759016,-0.13381742729850465,0.33260610103214994,0.32517188633143945,0.03004322937517223
ACATCAGCATTCTTAC-D2_NoStim,-0.05374500889192113,0.03289559834507649,-0.4565661332487938,-0.04802323418673282,-0.1968717391790058,0.08386592938457937,-0.06475374129301326,-0.045089126065605
ACATCAGGTAACGTTC-D2_NoStim,-0.12286782875627544,-0.2003741398049499,-0.9635677709436905,0.21820417442079076,-0.19230105785372054,0.46788790908846956,0.33475804943720444,0.049400342935042474
ACATCAGGTGACCAAG-D2_NoStim,0.03547435487734951,-0.0354902310930818,-0.2547713659112265,0.1081011090164985,-0.17335432500061287,0.2243408179465165,0.26190742842004067,0.06250985284462729
ACATGGTTCAAGAAGT-D2_NoStim,-0.013571309175951285,-0.03208432781560511,-0.4501600822285887,0.08196271686762024,-0.09442297495063379,0.18076101320112148,0.20717149199072438,0.013378659456989794
ACCAGTACATAACCTG-D2_NoStim,0.05266426352809361,-0.08294241360265708,-0.5652472338335937,0.1460216692297962,-0.24992103175678615,0.2395143632505592,0.11278733877323877,0.027990325811304118
ACCGTAACACTGTGTA-D2_NoStim,0.06416489893977939,-0.0917814661590679,-0.6524007468479383,0.0795173537815419,-0.02550176465338616,0.33251903759020607,0.13141558622378824,0.022936578217725767
ACCGTAATCACGCATA-D2_NoStim,0.035335087633786344,0.046940635981261636,-0.6639803156218758,0.19886404449515815,-0.22479066232583023,0.2675463340842734,0.19041753825724594,0.10919712483168276
ACCTTTAGTACAAGTA-D2_NoStim,-0.03854013856016891,-0.0256194028523673,-0.3260947084472132,0.09469745036345323,-0.17888541941162295,0.1326598539125161,0.11195183105939055,0.01609419982910687
ACGAGCCGTACGCACC-D2_NoStim,-0.011759507503764866,-0.05041051799809537,-0.4642913858588571,0.05113972145771761,-0.08739789843398249,0.20680013181821,-0.026787320602552178,0.00019892180384495362
ACGAGGACACCCTATC-D2_NoStim,0.07906059343239846,0.079794360640701,-0.2822034644922482,0.03704469499936813,-0.06561011720296328,0.12786513739976613,-0.16429999193104283,-0.005492775364521307
ACGAGGAGTATAAACG-D2_NoStim,0.020126401907957003,-0.00997076961504817,-0.3022614325769766,0.07910148727096278,0.06826194105217986,0.2479782909179722,0.24644012033349894,0.03358612066929467
ACGAGGATCACTTACT-D2_NoStim,0.10602757879223823,-0.03500375250872345,-0.5497500899096757,0.12431283234385226,-0.1923602888318694,0.25062851659214047,0.13464321940833912,0.06280471705079194
ACGATACCATCGATTG-D2_NoStim,0.08097935263540812,0.0047662698687549465,-0.40554884109648803,0.19683825282428025,-0.009023950153085991,0.3367867907836377,0.32395664519792877,0.10384768960192226
ACGATACGTAGCCTAT-D2_NoStim,0.04587376497516793,-0.04587913235287289,-0.5619247124311126,0.06932746061348638,-0.11140053853891452,0.17627166943678052,0.006637333048843175,-0.015339550138605773
ACGATGTAGCGATAGC-D2_NoStim,0.005436938793225821,-0.10269606279148036,-0.49007623050138704,0.13297556244601338,-0.047658456433641305,0.39817231587227475,0.2350237857760229,0.015294316611775827
ACGATGTTCTCTAGGA-D2_NoStim,0.07027781978169756,-0.05095576635536503,-0.535475826089252,0.0953239794502494,-0.10655125959042344,0.21824604024339944,0.09481757825186676,0.0015716963649463622
ACGCAGCCAGGCTGAA-D2_NoStim,-0.09014679116592106,-0.15552697202449473,-0.5141372490095204,0.1232798110327682,-0.1070740528296188,0.28048870294736084,0.2914916254275397,0.03493028028091416
ACGCAGCTCGTACGGC-D2_NoStim,-0.12255293129696376,-0.1171011061923437,-0.3900141132409978,0.09150088501715281,-0.08604498643376957,0.2914249056414562,0.2972936297116351,0.029569305103658294
ACGCCAGTCAAGCCTA-D2_NoStim,0.05799392047333285,-0.0316393794648242,-0.510707851022671,0.13742642364868196,-0.175592966449031,0.2698810858347862,0.09755429802263205,0.011010400150254895
ACGCCGAGTCTGCAAT-D2_NoStim,0.025228693827274995,-0.05214413586037914,-0.4239023725950517,0.14318703579185765,-0.12338717851654302,0.25886878101093913,0.21705898971997684,0.028718454178900288
ACGCCGATCGCAAACT-D2_NoStim,0.05732645323465846,0.0007661090107173862,-0.44513622345524695,0.22497328289044916,-0.0688390576859863,0.3856801567994079,0.736304521991114,0.11398415749490631
ACGGAGAGTGATAAGT-D2_NoStim,0.07977450082110593,-0.06114462815405375,-0.530452150155643,0.10415704791040703,-0.044492070678186835,0.3312193769831264,0.15011113502714046,0.02405370857907485
ACGGAGAGTGGTCTCG-D2_NoStim,0.10861469245511657,-0.04731893792844488,-0.455114850671162,0.12004151664240226,-0.11193166780642194,0.24495921945403332,0.1528145139609629,0.024273331321557734
ACGGCCACACCACGTG-D2_NoStim,0.006504268479647024,-0.01593748332582301,-0.27721189330167917,0.11062264154334933,-0.06731846971180921,0.24148878137905427,0.33373960333437935,0.039710032932253725
ACGGCCACAGATAATG-D2_NoStim,0.046721446272787404,-0.09629452444895392,-0.5051164267651309,0.1313524739414138,-0.21102345473602924,0.28427659248898607,0.10269113482468306,0.0009902047057686048
ACGGCCAGTCGAAAGC-D2_NoStim,0.03881185707895618,-0.00921116558900792,-0.38535104089482886,0.039060873202105384,-0.2228688623766164,0.20654023710893732,0.16590580319383008,0.0239368051914699
ACGGCCATCTTCGAGA-D2_NoStim,0.023122719348002363,0.043822826702125894,-0.3498255677407016,0.07213824987170447,0.005544338277708505,0.270255362051973,0.1701901490014519,0.055920370119929785
ACGGGCTCAGTAAGAT-D2_NoStim,-0.14474876189975383,-0.09848518525048533,-0.6493428257078211,0.12441924180507868,-0.14940881147673224,0.36734482937449364,0.34435821600427463,0.0608860255610324
ACGGGTCAGACACTAA-D2_NoStim,0.0036628964492457783,-0.06470110220205427,-0.49026299393349504,0.11183366906202963,-0.15979328857104313,0.2711719423387038,0.14845202804645874,0.03007838031204635
ACGGGTCCAAGTAATG-D2_NoStim,-0.07485567557241168,-0.018724445996349814,-0.49272018842453846,0.046720823321866334,-0.07212407366893814,0.13320209099674152,0.27282352520326114,0.028027860798383486
ACGGGTCCACTTCTGC-D2_NoStim,0.058025316412642525,-0.06329394360878382,-0.4604203822457311,0.056057969171360966,-0.0795092062193472,0.22839902837698745,0.0901892977770462,0.015819282209374563
ACGGGTCTCCCAACGG-D2_NoStim,-0.0342196240468553,-0.07908871084263147,-0.6926959472059089,0.1675439450788332,-0.09705748983834006,0.33815792424624025,0.3534083700819126,0.05379504570976579
ACGTCAACAAGCGAGT-D2_NoStim,0.045835148010409554,-0.02183592869350548,-0.23440739333548066,0.10255471046994913,-0.04496614054045445,0.2604237933873188,0.05168577154768439,0.018747533350399692
ACGTCAATCGAGAACG-D2_NoStim,-0.030500762309896956,-0.10396195306943135,-0.3554598478665074,0.08461130473903822,-0.08407506872953618,0.27497269036789884,0.24925746317016229,-0.0006709697331199749
ACTATCTCAAGCCTAT-D2_NoStim,-0.16904987067711374,-0.07909258456302659,-0.734025512101141,0.2453943774112588,-0.14473766352588235,0.29834948679130324,0.6578529002820108,0.14948176198654295
ACTATCTCAGAGTGTG-D2_NoStim,-0.0022521536270865283,-0.07964187793129263,-0.47082996759784557,0.09451279424768089,-0.022036337749463897,0.2800912286880859,0.16834272111861104,0.009551589136515659
ACTGAACCACGGTAGA-D2_NoStim,-0.005558191207031271,-0.020928976226185725,-0.2146159609686471,0.06169824269950119,-0.04343650600638149,0.11788424303968004,0.04240117952858302,-0.00992863673708122
ACTGAGTAGGGTTTCT-D2_NoStim,0.06955691657994123,-0.02915435244233322,-0.4086652892468976,0.1149191741973965,-0.14393369936383493,0.2846898417958119,0.04576779988884194,0.008969428229971044
ACTGAGTCAAGTTCTG-D2_NoStim,0.06621576598221424,-0.01898013242196228,-0.5426175579730916,0.28273598352750184,-0.1099100679150844,0.4522116331970576,1.0115960146928566,0.12155994623561561
ACTGAGTCACCGAATT-D2_NoStim,0.08699622466782131,-0.045578298262004324,-0.4617513308237715,0.15486854073793843,-0.09092226096427147,0.40634404048368733,0.277143898570408,0.07314915094791097
ACTGAGTGTATAGTAG-D2_NoStim,0.06116315707130049,0.06763697336619678,-0.37403053765627803,0.039307433320859175,-0.14621806670866633,0.09551140265689284,-0.11341808325824765,0.019518552959080893
ACTGAGTGTGCACTTA-D2_NoStim,0.1440507134439244,0.11185767816255066,-0.5005515547897517,0.13779754117907395,-0.20382591842830422,0.16895174689453185,-0.05971020902651514,0.08503187638083354
ACTGATGCAGAAGCAC-D2_NoStim,0.03210327511635391,-0.0643239091928578,-0.616964721606335,0.1712633256328644,-0.014775162425413768,0.3208955882403224,0.224566964244012,0.013822732955162564
ACTGATGCATTCCTGC-D2_NoStim,0.05423039138779551,-0.02658741940345699,-0.5319901788417205,0.11807165177127565,-0.18119169323998108,0.2398028934937697,-0.009534790791769332,0.011175557209339715
ACTGATGGTATCACCA-D2_NoStim,-0.06428769996465356,0.020477098028553797,-0.35305865372042256,0.09251978489762358,-0.1492825045957762,0.1738234705603663,0.10710493563200618,0.01259638868541657
ACTGATGGTGATGCCC-D2_NoStim,-0.11614059111476571,-0.12635130843029607,-0.5819331610971528,0.15732646468308076,-0.11591182654867183,0.33997314668440914,0.20200503460995112,0.005134695349529039
ACTGCTCGTAGCGCAA-D2_NoStim,-0.08652914331056927,-0.14146594036600924,-0.45248466332689574,0.04752150176729053,-0.07024017613272271,0.22542042486570413,0.2770012017532508,-0.0028190230697067165
ACTGTCCGTACTTGAC-D2_NoStim,-0.1929063611040771,-0.13262305629442928,-0.35960685319433594,0.146591844303682,-0.23095350783323454,0.1967523195283487,0.9260656679022663,0.0659005175634011
ACTGTCCTCCTCGCAT-D2_NoStim,0.03972090635988934,-0.06725070773622832,-0.7684851992573805,0.0816787479450003,-0.11689371892845557,0.3971227798937651,0.23171309351015612,0.01668032804463948
ACTTACTAGTCGTTTG-D2_NoStim,-0.09479996042090555,-0.0858897824477669,-0.4401156115696274,0.08264074416690903,-0.1616682365915878,0.23771233954390958,0.05403699174354726,0.015431402532509964
ACTTGTTAGACAGAGA-D2_NoStim,0.05436851111966057,-0.06782710299837369,-0.360204838829576,0.11707076352685597,-0.09738941751987973,0.2572864997381785,0.07138572910992824,0.01201697904203236
ACTTGTTAGCGTGTCC-D2_NoStim,0.07125513843897657,-0.03942282354806537,-0.39287899139329063,0.14575957840045284,-0.07344381668706923,0.3096244387050273,0.12066247833703425,0.044690357772397604
ACTTGTTCAGTATAAG-D2_NoStim,0.11706205430586536,-0.05774846681516266,-0.44817411757014725,0.1084904763917649,-0.0659664645389828,0.239632831078314,0.06544053891182955,0.04075936075993525
ACTTGTTTCACGCGGT-D2_NoStim,-0.04967400781458409,0.01944776622944211,-0.2308824792283488,-0.0131225088152771,-0.11721692684541196,0.07124017159440044,-0.027852698338846515,-0.05122003951070653
ACTTTCAAGACGCTTT-D2_NoStim,0.001179383604375417,-0.07152045720307854,-0.6201667295676803,0.15939634891156018,-0.15253440463591517,0.2535959260416645,0.3226668935137722,0.05531467718698124
ACTTTCACACGCTTTC-D2_NoStim,0.06972025247601898,-0.08098159497913038,-0.5776512667905465,0.0774941457708227,-0.018370783161085313,0.3036618908397024,0.1460717296719265,0.0634230230338293
ACTTTCAGTAAACGCG-D2_NoStim,-0.08915130061635246,-0.17726049723281356,-0.5758959656565548,0.15180542684892728,-0.1205231384587453,0.41795030064712435,0.3726757633203288,0.013680535008319339
ACTTTCATCCGCTGTT-D2_NoStim,0.0553765076066437,-0.06339482679872255,-0.5788609263316395,0.13077033246463365,-0.24116187111685328,0.2718116188109958,0.19364060902686298,0.042283447243008254
AGACGTTCAGATTGCT-D2_NoStim,0.020611136465207736,0.09915049434513534,-0.3811564223032988,-0.05084353825768062,-0.02679608428202762,0.16627352294983666,-0.16371768716435486,0.003419580669188349
AGAGCGACAAGGGTCA-D2_NoStim,0.0562858308426204,-0.06386609601609194,-0.3048540223381675,0.09045137345087007,-0.05800393894306133,0.28526454620106456,0.1097451502856317,0.012654278379740092
AGAGCGAGTCAGAATA-D2_NoStim,0.027143604446637326,-0.025403756515746778,-0.28006014191424633,0.10760386041143022,-0.11721756540892692,0.2002669236156951,0.06809942108262401,0.022020721270990862
AGATTGCGTTGTCGCG-D2_NoStim,0.009842716434770082,0.024998929905944323,-0.3538097096698092,0.00792856451638535,0.007345654473709828,0.1887423446413088,0.10799861608676764,-0.0033904961865243166
AGATTGCTCATTATCC-D2_NoStim,0.0047560049044239605,-0.05765295262039061,-0.2165145859404074,0.06944336420415631,-0.04995126096854108,0.25067930772117286,0.17801591324465882,0.005817358701419195
AGCAGCCAGTGAAGTT-D2_NoStim,-0.06875708322043828,-0.1215803784662235,-0.34543546748029286,0.023311895246720837,0.004745703748781693,0.2144342199882452,0.062047286678168945,-0.0006697132834236896
AGCATACAGGCTAGGT-D2_NoStim,0.005508128560357761,-0.00456274648611199,-0.3262692354141059,0.0590561451138818,0.0859755469793928,0.29068782158899964,0.14301250118033026,0.05357390267077733
AGCATACGTACCGGCT-D2_NoStim,0.07175205517439842,0.030321217354771335,-0.4113785171312685,0.13215123238872906,-0.16796313465374801,0.26520124282632374,0.20352773279672132,0.06642098405803587
AGCCTAAAGCGATAGC-D2_NoStim,-0.19295206574358126,-0.18965700264643282,-0.5777111801819448,0.1262538166078251,-0.13184175608418158,0.3028930467793076,0.7959008127367557,0.04879450286840026
AGCCTAATCCTGTAGA-D2_NoStim,0.08962346365132845,-0.027914225389617187,-0.6245900575647667,0.1244346985451088,-0.28558388029003723,0.28510266794240735,0.1770267854316918,0.03200869282495766
AGCGGTCAGTACGTTC-D2_NoStim,-0.03637677754292312,0.034664868176658814,-0.16460049496324913,0.07223357521621843,-0.07976900833170575,0.18649024492027166,0.3773262626257967,0.05012419182910577
AGCGGTCAGTTGTAGA-D2_NoStim,0.057729020481327,-0.06458803116144374,-0.4174986309069215,0.09607818957384495,-0.12911229637964006,0.26883582850011933,0.05505948629904012,0.009745811390493131
AGCGGTCCACGAGAGT-D2_NoStim,-0.07228311199494719,-0.10830929532537326,-0.5725984158389519,0.06089647705719159,-0.14900445664353157,0.2404360166687045,0.190457386657366,0.013556370052700828
AGCGGTCCACGGCGTT-D2_NoStim,0.05359915679044924,-0.04012725188715116,-0.4690673939882455,0.06503557589704911,-0.04648197679070876,0.2763283067171809,0.15410268241720182,0.022868393259310338
AGCGTATGTGCACTTA-D2_NoStim,0.07333018634942512,0.01302307496821875,-0.4009310995538673,0.06301605781268549,0.04942307628569331,0.2632458894578882,0.1588661841301242,0.03692327468809253
AGCGTATGTTATGCGT-D2_NoStim,-0.026298972995325798,-0.052718170001725184,-0.45630108121565627,0.10316292706990637,-0.08330154119564526,0.27770863127364187,0.3666291522074676,0.0192483349508894
AGCGTATTCGCCCTTA-D2_NoStim,0.01795379182813228,-0.015706400526660502,-0.3420591073910906,0.006622550112799885,-0.05044591584346669,0.1609633003454034,-0.01158531975988808,0.015345955072318063
AGCGTCGCATGGTCAT-D2_NoStim,0.011875364623282536,-0.017142733451336767,-0.1976408105388341,0.09651876127189318,-0.06085140651681442,0.23566692674569722,0.11610070084425672,0.011934616257716968
AGCGTCGCATGTTGAC-D2_NoStim,0.0020472137944640423,-0.10425069474634441,-0.719714320306517,0.162611075492876,-0.08970154242113715,0.4328787577673978,0.3172086326868282,0.04621116487502164
AGCTCCTCACCAGTTA-D2_NoStim,-0.07719229579533149,0.02327738179327099,-0.36700216735112434,-0.09584902421872776,0.19662461970421674,0.13420600789045878,-0.0522565158222168,-0.031645889986016584
AGCTCTCAGAGCTGGT-D2_NoStim,-0.0946189950730627,-0.10324181900143437,-0.4321457779499145,0.0824510540320702,-0.004210687169356575,0.2294384748710243,0.1998313301196437,0.020696630809943883
AGCTCTCGTACATGTC-D2_NoStim,0.09418354291804754,0.00875204685985409,-0.3767684459015417,0.11767440869567736,-0.11148442070986775,0.32312950195849055,0.18739766370801636,0.06279476427423525
AGCTCTCTCGCGTTTC-D2_NoStim,0.04946503613690467,-0.010766738214137206,-0.4430453631643765,0.07056302687701077,-0.12757139243501747,0.18796242432443755,0.08430386336024309,0.051104073160304964
AGCTCTCTCTGTCCGT-D2_NoStim,-0.03920739400198414,-0.06228240097212634,-0.6018699866478876,0.09819195451976803,-0.10209814333579637,0.28189751047612255,0.2982417066277163,0.013198900050463536
AGCTTGAAGTCCTCCT-D2_NoStim,0.07608750370070716,-0.04265985301690378,-0.5243643867423486,0.10393276113728867,-0.07393378415467744,0.26706384063676225,0.22732550728106915,0.045396438728182886
AGCTTGATCTTTAGTC-D2_NoStim,0.020739284305200556,0.007956205571558073,-0.5834303532012548,0.0029298003512412407,-0.10951961343662475,0.19947780645584778,0.1292877050744119,-0.0015305410981110157
AGGCCACCAGGTCTCG-D2_NoStim,0.03725832803170093,-0.039453955297299004,-0.302971512144417,0.07443851816606184,0.036564252222243354,0.2848884984670299,0.1832869544034912,0.021058118793341407
AGGCCACGTCTTCAAG-D2_NoStim,-0.05053603417285579,0.03138250984028801,-0.4854818411099693,0.023505449617525542,-0.19848982870639986,0.1226846530788368,0.4482000352458959,-0.02070352170321499
AGGCCACTCTACTTAC-D2_NoStim,-0.1323443192058349,-0.04767903354175651,-0.4214545707989341,0.20332205682692717,-0.11577308746388404,-0.023523992777237268,0.31509708778342826,0.06822813174256481
AGGCCGTAGGAATTAC-D2_NoStim,0.10607520991271535,-0.07853217996203021,-0.5017883903910558,0.08887561459651216,-0.1436549598005481,0.2981863162362277,0.08674363196901513,0.02780071387211791
AGGCCGTGTAAACGCG-D2_NoStim,-0.02762118202019259,-0.10569411345902857,-0.31301153278728044,0.10925995183614212,0.06494150064512105,0.341192823143869,0.31668498691658264,0.056750046557178635
AGGCCGTTCGCTTAGA-D2_NoStim,-0.016127852240598983,-0.09120524256484508,-0.23469901637900747,0.09811314972301588,-0.0459674528953844,0.28945791768755846,0.17265669290594765,0.018620318441737282
AGGGAGTGTCCGTCAG-D2_NoStim,-0.2587885456547703,-0.2572709221547438,-0.8013419410916196,0.203017277560134,-0.13558293453037606,0.38415658749484116,1.08825823703262,0.08837031360746117
AGGGAGTGTTCATGGT-D2_NoStim,0.04900700327788776,-0.048151899167054424,-0.47694106369643663,0.10579185612279396,-0.08809222917203385,0.29079014249868074,0.16914405919909647,0.02475211675142397
AGGGATGAGAACTCGG-D2_NoStim,-0.0673048378324399,-0.1243755177404573,-0.34237062374679006,0.039814183641489365,-0.06669019622402494,0.2229871790309268,0.1456664686991238,-0.013912335077554516
AGGGATGGTCTAAAGA-D2_NoStim,0.0794059875475952,-0.0357971822164842,-0.6071336893814028,0.13633697568075043,-0.1754305760094006,0.2999757249924757,0.08741387798088063,0.023504994612954633
AGGGATGGTTCCGGCA-D2_NoStim,-0.07008401972323419,-0.05737991871557746,-0.3195334430920198,0.01230843054685593,0.03840980928321969,0.11623725941663565,0.09497335414924457,-0.007012679009157807
AGGTCATAGAACTCGG-D2_NoStim,-0.04062411821909251,-0.0224147430947248,-0.2745658541062568,0.03973344239006771,-0.1298593264906689,0.12120220337656029,0.11873882072248154,0.001176441455280397
AGGTCATTCGTTGACA-D2_NoStim,0.1457477537837537,-0.03248234313046616,-0.3735907921724291,0.08727852265904446,-0.1042400673938495,0.2454513770724418,0.11413004362205825,0.06622252930159789
AGGTCCGCATCTCCCA-D2_NoStim,-0.062233816643445294,-0.03329172250445822,-0.2752670940308004,0.08045328694260334,-0.013051060750198573,0.19899078197927444,0.20705280776053936,0.005705498544136489
AGGTCCGTCTGTACGA-D2_NoStim,0.047835854282674006,-0.05956771183610954,-0.30934666856271065,0.09741169205119249,-0.052720616475824045,0.23840385688841437,0.0636101184352631,0.01735420665839449
AGTCTTTCATTCGACA-D2_NoStim,-0.10561652517280073,-0.04016294465833248,-0.2838704276658568,-0.04293685076219056,0.07920100210661118,0.13960315043985894,0.06422384017553995,-0.02239106522856993
AGTCTTTGTGCGATAG-D2_NoStim,0.016351325849965903,-0.11303144862827175,-0.6600831106251981,0.13333820460207768,-0.15130933818284298,0.3378450124575618,0.2824815932944844,0.034643442390406065
AGTCTTTGTGTTCGAT-D2_NoStim,0.057715564325784285,0.02779037243875848,-0.5145605162957203,0.06402894581737861,-0.18829021405658963,0.17470122667955224,-0.05748414020491133,0.022454830061645836
AGTCTTTTCTACGAGT-D2_NoStim,0.07656680200949673,-0.03498305329785545,-0.3340846937102224,0.12597748420056298,-0.1091645368924059,0.25999335684959846,0.05605282313041293,0.018108992966825
AGTCTTTTCTGATTCT-D2_NoStim,0.07605746376944467,-0.07480777121823934,-0.3896341445406968,0.07880271923268367,-0.13722745195937414,0.22693426723808585,0.05010108830942528,0.013052706489629529
AGTGAGGTCTTTACGT-D2_NoStim,-0.01434796535689209,0.013986170718370161,-0.6433969405131048,0.25264924919545706,-0.15539214677986024,0.3547545156201428,0.469787973585432,0.13237298358943228
AGTGGGAGTCAACTGT-D2_NoStim,0.12101370908283116,0.15246009178962083,-0.3390000275193028,-0.02425551287112171,-0.09641400959551305,0.02876742654009412,-0.3280708477402223,-0.03185418647653826
AGTGGGAGTCGAGATG-D2_NoStim,-0.006458070436398344,-0.04034906579831343,-0.4926095582934682,0.20338982896907432,0.011371684110093483,0.4315230037998923,0.3022596456130131,0.11150575836615317
AGTGGGATCATTTGGG-D2_NoStim,-0.05737153101236281,-0.1173386448489886,-0.4887577927761715,0.03931254609098289,-0.05452893137802661,0.22776757646634316,0.1233310411022619,-0.02057955209908613
AGTGTCAAGGCCCGTT-D2_NoStim,0.048707644831788244,-0.10111736875487765,-0.5875471458378065,0.10232302541459504,-0.11211701893498294,0.271839504490492,0.10680967255893936,-0.00045820364056758933
AGTTGGTCAGGGTTAG-D2_NoStim,0.06393559387388947,-0.02461726382713003,-0.5036778966655291,0.08205164234207274,-0.16030480688571025,0.17212275904979624,0.019613555476517774,-0.003404006355163247
ATAACGCCAATGGTCT-D2_NoStim,0.09385736936686229,0.10454594757102065,-0.17969413785487376,-0.012506246001706245,-0.12371094260882742,0.05578363784643159,-0.2462440919077773,-0.019848042494494678
ATAACGCGTAAAGTCA-D2_NoStim,0.07582631163377762,-0.030280243734935652,-0.2970130608832946,0.09589376971115549,-0.12662860527468744,0.21761077935672546,0.07079827269181926,0.010793840120083331
ATAACGCTCCGAGCCA-D2_NoStim,0.11455489386577256,0.10889000211118649,-0.18705019951057444,0.007695353404619354,-0.07625167294100166,0.09384168185940567,-0.18837191676076692,0.006329861448074681
ATAGACCAGATAGTCA-D2_NoStim,-0.09663680857504708,-0.11144854884069133,-0.3146850983865086,0.09820037090079836,-0.0020823775172349457,0.2274040708423435,0.6003988145723707,0.04004162757627938
ATCATCTGTGTATGGG-D2_NoStim,-0.031574928217326104,0.0063178357619229075,-0.41221682882785515,0.014400110582382553,-0.10128333532338374,0.09873980427915896,0.19164340918373313,-0.016324730458919134
ATCATGGAGATATACG-D2_NoStim,-0.017125064664750056,-0.09456043276515658,-0.2822154476435692,0.07161395809020554,-0.06530299658627214,0.22931479737732996,0.14522779395974794,0.004555176802627514
ATCATGGAGGATGGAA-D2_NoStim,-0.1104777233191303,-0.09605815271640594,-0.26013727492975747,0.08647610041145626,-0.10181029752245152,0.1326871437882602,0.2135608668663851,0.02285770582233937
ATCATGGGTTCTGTTT-D2_NoStim,0.02979608487767038,0.062027344450942934,-0.33511137078225595,0.07754340161087114,-0.01029063633114724,0.22232633924380174,0.14662443620085686,0.04897244376270571
ATCATGGTCTCGAGTA-D2_NoStim,0.07221052250117665,0.0036601578068164997,-0.47420696225428394,0.20419231483587374,-0.2646778330949857,0.3971874495144103,0.6137811741829182,0.09733242816825793
ATCCACCAGTCGTTTG-D2_NoStim,-0.09867474766425666,-0.1877735318241811,-0.7238163915286879,0.1137899109681193,-0.10467172856279916,0.33608551801094055,0.24670553126276706,0.003500076662389162
ATCCGAACAATGGATA-D2_NoStim,-0.12942702251022986,-0.03449538846289357,-0.4337559208343382,0.27680881269929714,-0.22858613995430765,0.25029499435700053,0.5784534796326977,0.13911333017512462
ATCCGAATCGTATCAG-D2_NoStim,-0.025780519461102713,-0.00013691703466456318,-0.31891355510643393,-0.002171683974690808,-0.09417585576286669,0.1356093579426645,0.05718671975208167,-0.008907257871019425
ATCGAGTCATCCGGGT-D2_NoStim,0.10149094983704465,-0.060915249724478926,-0.44912794362707587,0.08932051734073632,-0.11221883453534431,0.25240686919721966,0.06006539498146157,0.020456140567690184
ATCTACTGTGCTGTAT-D2_NoStim,-0.06361097605773658,-0.07861971054919614,-0.5468484210010303,0.12996265972627974,-0.20225433972211349,0.20224376193044602,0.4635358485881387,0.11230873866710134
ATGAGGGGTAGCAAAT-D2_NoStim,-0.03449722328739746,-0.11328256717482965,-0.44042909728675816,0.0682990243516226,-0.10773758552309864,0.22879881251108447,0.19039813062353605,0.007779770943978193
ATGAGGGGTCAAACTC-D2_NoStim,0.09133437451001036,-0.02743789410643771,-0.49353381808428054,0.12059433952719445,-0.1745379815914081,0.24464686491698373,0.014888973077549217,0.02831318149462092
ATGCGATGTCTGCCAG-D2_NoStim,0.10072365517099868,-0.028626013846768217,-0.4154607250650777,0.12338985163238014,-0.12373314496250387,0.2687424191206036,0.1065826882695946,0.0245882661435477
ATGCGATTCACGAAGG-D2_NoStim,0.07333928110668175,-0.0609203070838209,-0.4909935624401669,0.09604967219677008,-0.1974736200074112,0.22367004308566418,0.02174229016503393,0.006844290974198586
ATGGGAGCATGCCCGA-D2_NoStim,0.05950372635033574,-0.07111881177641699,-0.4013716064889472,0.13129334041406615,-0.06380992879876324,0.2999226163625499,0.2599024434946262,0.02489448199708555
ATGTGTGCAATAAGCA-D2_NoStim,0.034408326697267455,-0.06733838985486429,-0.5741631977075592,0.10874365647017292,-0.1470174935333617,0.18679249791926544,0.04449018273093319,0.005167033424534395
ATTACTCAGCAGATCG-D2_NoStim,0.09177992008883784,-0.04675799160116334,-0.4569069288774976,0.11010372400907897,-0.202879674681407,0.2750665520433859,0.11714795510019815,0.0005255922451929962
ATTACTCGTCAATGTC-D2_NoStim,0.015616237401138378,-0.07438228619579768,-0.2742294204089024,0.1351286045262654,-0.08187460742337827,0.2796763961033495,0.27807105050972325,0.0513579611815107
ATTACTCGTCTCTCGT-D2_NoStim,0.028772044991649537,-0.03770283832362509,-0.48082401429115684,0.0500479434381802,-0.2460548967196896,0.12879398333343683,-0.026656456860623123,0.017689918674312466
ATTATCCAGTCCATAC-D2_NoStim,0.021455840889096578,-0.030453188742395554,-0.4353965349024378,0.054969729025261316,-0.08196157792838044,0.2167367644608813,0.03368157147861783,0.029045873750803253
ATTATCCCACATTCGA-D2_NoStim,0.05765330638724109,0.015793031685911174,-0.4975274470797544,0.06612472714096107,-0.018239560431988266,0.1897790601970044,0.070765396444604,0.05878889039764701
ATTCTACAGTACGTAA-D2_NoStim,0.05012535766973869,0.07008951854975898,-0.3504070605412597,0.06487989529266969,-0.05745887674597938,0.18123705610618224,-0.018524196439771323,0.003941214668039095
ATTCTACCAGTAAGAT-D2_NoStim,0.09434590431172651,-0.00021909351479898476,-0.4875443145554481,0.11242124760269157,-0.23027379962885242,0.21931176809654396,0.04007838933908037,0.019680437734582057
ATTCTACGTCAATGTC-D2_NoStim,-0.034182017889433425,-0.06423948971158389,-0.2769731447739705,0.1110328908587146,-0.18909897400050468,0.2541966930255182,0.14574849069109952,0.02758257925465557
ATTTCTGCAGTCGATT-D2_NoStim,-0.04525757953335585,-0.13801931908438902,-0.3707525404196108,0.15808095493866148,0.015224719646194984,0.3437893607758493,0.44395297944009293,0.054785902092842065
CAACCAAGTATTCGTG-D2_NoStim,0.03477692103723484,-0.041121114771925704,-0.25470646000447417,0.05072084564586454,-0.16246076870460513,0.1475616869596461,0.04116522642517939,0.0017861323015058161
CAACCAAGTCAATACC-D2_NoStim,-0.036475697927819795,-0.06251707154567754,-0.35900286175271745,0.14349319896406953,-0.08822171266881718,0.19717120590875048,0.2287524136050605,0.04797181350073032
CAACTAGAGACAGACC-D2_NoStim,0.0777361184176879,-0.041013713580282385,-0.4873245723911559,0.15756778006864636,-0.04653288979981696,0.26894044015195995,0.15008497175116453,0.02377123168976425
CAACTAGAGGACCACA-D2_NoStim,0.08733079400697008,-0.04191258145956667,-0.5958623456173164,0.10433126799240533,-0.23231559397389567,0.2683314013750415,0.07130938349166183,0.010210673108957735
CAAGATCAGAATTGTG-D2_NoStim,0.009326841827849819,-0.08654288314033387,-0.5005078516330563,0.12150172669076298,-0.09746495477637573,0.33653448038033495,0.19356577251889462,0.01680639915398352
CAAGATCGTTAAGTAG-D2_NoStim,0.04003887793990657,-0.05519547424169069,-0.5414830980238587,0.2271584459367606,-0.06563690859104732,0.3882018652303678,0.62463628495109,0.10202963279134458
CAAGTTGCACTTGGAT-D2_NoStim,0.01783644474559587,-0.06208003247198057,-0.14756497641614352,0.12326076676664854,-0.016068552200772857,0.280136088382962,0.2023725858620926,0.03595025147939346
CACAAACAGGCTAGAC-D2_NoStim,0.055340880172479956,-0.04247884488407472,-0.5875689685714391,0.14075060652943527,-0.07807522922936094,0.2597217338675044,0.058597395460394,0.015035761436433148
CACAAACGTGATGTGG-D2_NoStim,0.0388682967608851,-0.029276698398357226,-0.4416858298702966,0.05865681120459776,-0.023535926184083067,0.15990219663791905,0.07498372359939509,0.012216852225227726
CACACAACAATGAATG-D2_NoStim,0.07385742700220099,-0.04224546234586768,-0.6646932717992105,0.09441893254627232,-0.23837409985131686,0.214734590259944,0.11539853411516798,0.021992724705807376
CACACAAGTCCAAGTT-D2_NoStim,0.0328647558137618,-0.13732145174765442,-0.6778773355364667,0.09953181781884801,-0.03356562736098212,0.39139350650330407,0.3021183613396179,0.05725727628763977
CACACAATCCAAATGC-D2_NoStim,-0.006725698265992008,-0.047353562398315674,-0.6212109908126866,0.13285182914174776,-0.03134132552017199,0.3105125982529717,0.23316210819827532,-0.003145652995744541
CACACCTTCTTAACCT-D2_NoStim,-0.07532266509970853,-0.05763919585329447,-0.39971417719602975,0.08422893730343262,-0.01522430829401955,0.26064417836314746,0.4612522428926775,0.02330680748444358
CACACTCCAAGGCTCC-D2_NoStim,0.09504813710429438,-0.007478322134986115,-0.39608175136121915,0.10107001525125625,-0.13439403357024204,0.254116534221545,0.04963802349882673,0.016846473913812332
CACAGGCCAAAGCAAT-D2_NoStim,-0.16287849367472518,-0.13219277611768554,-0.30391214037160985,0.0662199796399836,-0.04266046154721437,0.2153071838927758,0.1955895028156922,0.015952325149193314
CACAGGCGTCCGAACC-D2_NoStim,-0.10502930839257907,-0.09394140793882677,-0.30036476546121627,0.03971144381452518,0.05793994517008194,0.22689954904289245,0.2515765031145083,-0.025797929175110923
CACATAGTCCGTCATC-D2_NoStim,-0.023810620396842452,-0.052439537419912696,-0.3147784040556427,0.08585246399868929,-0.09183858136917777,0.20437254088378243,0.28721282089850053,0.044739601436573295
CACATAGTCTCTGAGA-D2_NoStim,-0.04084643973764024,-0.042497343533449694,-0.2648213048978594,0.08297768327912536,-0.12870410854090863,0.19518795839401903,0.09365546567117722,0.011073298036338386
CACATTTCAAGCTGTT-D2_NoStim,-0.012593152150442322,-0.022802248000418857,-0.6954356057997408,0.2272882444897668,-0.308717047804139,0.3528708994056249,0.3653281504564454,0.10769843072925411
CACATTTCATCGATTG-D2_NoStim,0.09597496862454236,-0.03651862599497768,-0.37353861968843916,0.1411295629509084,-0.12696240244075696,0.2993815311667678,0.07875400470003413,0.0284031273896872
CACATTTTCGAACGGA-D2_NoStim,-0.020340685073087172,-0.07890501362654057,-0.6725912789649424,0.2271135306430736,-0.2937346596825634,0.27664620626152026,0.605120907780277,0.1528845266566048
CACCACTCAACTGGCC-D2_NoStim,0.02173932975935955,0.0019442939460816433,-0.25880256139354074,0.038793445953611894,-0.07540149471638458,0.15540696313855573,0.028289313470309274,-0.004057963387943175
CACCACTGTTCAGGCC-D2_NoStim,0.08055966509414425,-0.05360235748961095,-0.6974356112207936,0.12493289579314037,-0.14467433130066176,0.2985423752651384,0.0789036396521059,0.037534930030970415
CACCAGGTCCTTTCTC-D2_NoStim,0.06094620846160659,-0.008578538822376913,-0.5172374854021733,0.07834875989493817,-0.09190625526708018,0.2522202970853904,0.14694582184093807,0.053782642683938064
CACCTTGAGTGGTCCC-D2_NoStim,0.07836606958008652,-0.024681555256673704,-0.5051020022746311,0.13700729357000085,-0.2140133407553666,0.2363687318255172,0.10299837501072062,0.017653213284157587
CACCTTGGTACAAGTA-D2_NoStim,-0.003516256832407194,-0.05370727047710666,-0.5983048472511214,0.1267308698821541,-0.12279169205323193,0.2484000559809445,0.3553696184556916,0.02858765606653435
CACCTTGGTTGGAGGT-D2_NoStim,0.055773499293295004,-0.0615936860285089,-0.6141485762550776,0.14852049017848223,-0.18223834150369989,0.29907280185306284,0.09925044659229343,0.03786278317543612
CAGAATCGTTATGCGT-D2_NoStim,0.026698227809911046,-0.062346209979248,-0.3153910999534961,0.11424523372371809,-0.0702635496051105,0.26280939830746153,0.27326693277305747,0.034272774846208165
CAGATCAGTAGATTAG-D2_NoStim,0.09104421307846877,-0.06504228114398103,-0.5359667694938874,0.08651927348845412,-0.10810623628094085,0.19020692669390726,0.028302956746533603,0.0014848637467874681
CAGATCAGTGGCGAAT-D2_NoStim,0.02897900686225796,-0.1091553169270707,-0.5075027276279531,0.13869492773831738,-0.17760537032637913,0.2770314712715116,0.12693544834174464,-0.0004695067673203823
CAGCCGAAGATGTGGC-D2_NoStim,0.056390281089933936,0.01846824678029968,-0.4620654990860249,0.2060571388107313,-0.19773438867765591,0.3494244110961233,0.658146079409458,0.11956243690852908
CAGCCGACAAGCCCAC-D2_NoStim,-0.05875436978884352,-0.02555592993268796,-0.20026240461541178,0.10713799986520023,-0.06793929184617298,0.242379333166026,0.3344051283403049,0.09078788057167131
CAGCCGATCATAGCAC-D2_NoStim,0.022779780268731287,-0.04530871489532551,-0.5964435036843874,0.08065105038136622,-0.053348596220905264,0.2569383067551474,0.19093856453224856,0.04202814817006306
CAGCCGATCGTTTGCC-D2_NoStim,0.05830402067720186,-0.020340832273125997,-0.5330160623623765,0.18364196629593899,-0.1320664425719027,0.23968490424793387,0.10242268789545239,0.056650529783993875
CAGCGACCAAGTCATC-D2_NoStim,0.07047693032212266,0.022791983703459806,-0.565484437556055,0.10665193276082086,-0.12401044380784221,0.25415791840943314,-0.01838158397458134,0.03359272795082191
CAGCGACCAATGGAGC-D2_NoStim,-0.13919568443961516,-0.12462571798705468,-0.4946173891821637,0.08056997386581521,0.044940971966452636,0.3531342617604398,0.23099765008275241,-0.004101613783856095
CAGCGACCACTCTGTC-D2_NoStim,0.07957851479197053,-0.04784962946093252,-0.5904645566099234,0.10895460152790903,-0.1028598988478997,0.2596890478209204,0.1271545695214522,0.02930264959052664
CAGCTGGCAGGAATGC-D2_NoStim,0.005227636860436036,-0.10010456163470671,-0.3477036257190491,0.048502544840616224,-0.07079727604419261,0.22729239213843133,0.16922526938199622,-0.004668711501464529
CATATGGTCTTTACAC-D2_NoStim,0.003221999517110774,-0.06760763268168901,-0.3433967939912179,0.08789766176441027,-0.15734256000964386,0.1616056310195848,0.09278421977109108,0.009709413230865493
CATATTCGTACGCTGC-D2_NoStim,0.1256422154492416,-0.06484708296873976,-0.4158452488736444,0.08271497931695038,-0.028287942799572363,0.3322894262361107,0.06904250937717382,0.04316198842082741
CATCAAGAGAATAGGG-D2_NoStim,0.0029036372196671323,-0.0804925800339582,-0.30110869385957706,0.09380732615007048,-0.07682430930508666,0.210764376395284,0.16245752286190918,0.009861444350265813
CATCAAGCATGCCTTC-D2_NoStim,0.01295704322541269,-0.03357125015096152,-0.2727464914573581,0.11380636311363013,-0.010803374993052728,0.24173879485773497,0.22967897682489635,0.02451343377207138
CATCAGAAGGCATGTG-D2_NoStim,-0.04285198794340417,-0.14436955692035802,-0.5304476779046041,0.12280677605176749,-0.10078970295661271,0.3203861951216549,0.26972939685692054,0.03390183149848269
CATCAGAGTAGGACAC-D2_NoStim,0.049422293038619,-0.02005166267055536,-0.39301261774451923,0.13681324724818822,-0.1635006501365588,0.2753114740689391,0.11344308321617191,0.024269371434513687
CATCCACTCCAGAGGA-D2_NoStim,0.02028434156521719,-0.0717940075089949,-0.5816761154980501,0.18422832235090425,-0.11326630672174431,0.32596820821760275,0.5773265489459884,0.07030527999039293
CATCGAATCTCCAGGG-D2_NoStim,0.07342427597801837,0.04541460072306691,-0.4391962113226189,0.08165536396534989,-0.14841099543576242,0.25310789282038826,-0.09225649190666907,0.014765196167427774
CATCGGGAGCTAGCCC-D2_NoStim,0.06078634835093766,-0.0002456755838284863,-0.34726616229231233,0.11705519615185622,-0.17495571840773572,0.20235864837579243,0.09762667896810395,0.011883513903363507
CATGCCTTCAATCACG-D2_NoStim,0.07123138567444443,0.07510664885728602,-0.22902846450368486,0.06729876295712067,-0.08726447189095055,0.16233037441120324,-0.13812242638545058,0.004931821394157154
CATGGCGCATATGCTG-D2_NoStim,0.024708124100053297,-0.03357238132054796,-0.3932639499070021,0.003868173694272059,0.01855690030464352,0.15561703187024634,0.055466799651881615,0.012962318846360787
CATTATCCAGTAAGCG-D2_NoStim,0.010399530314604277,0.005749620385405052,-0.18366948265967586,0.07057116089793602,-0.15596442498506669,0.13481885612182687,0.08492587449801015,0.005645736527993606
CATTATCCATGTAAGA-D2_NoStim,-0.012012039248794792,-0.10517131449284811,-0.48505776221507446,0.15292965069543918,-0.04528158691042705,0.29781384024554924,0.27829237608537216,0.014803070948724795
CATTCGCGTGATGTCT-D2_NoStim,0.02221477574846986,-0.049082476905903505,-0.2788874279804414,0.13603483156376406,-0.09343358003103752,0.2562088597581038,0.23096181234381064,0.05175831291162325
CATTCGCTCACAATGC-D2_NoStim,0.022272574588832583,-0.11940591543316614,-0.5039256698204966,0.11341986714485408,-0.11356489154117,0.3293541612769939,0.16034369601558218,0.008467805745778989
CCAATCCCAGACAAGC-D2_NoStim,0.06262560747239831,-0.006435972631726017,-0.4394582878821538,0.10320856111475862,-0.1984077433571123,0.22199609866236258,0.04014741115337017,0.012577394888289462
CCACCTAAGACTAGGC-D2_NoStim,-0.23737918063041974,-0.2516977660960542,-0.8252265480358147,0.14760776607292492,-0.18123150450799486,0.3619071216034264,0.7638068942328058,0.03310749484778874
CCACCTACACGAAGCA-D2_NoStim,-0.007925346677380318,-0.08202055154330878,-0.35900615254505297,0.1026860620675123,-0.014933194551673523,0.2744829756239451,0.14238606579993807,-0.0006122762275460047
CCACCTAGTACCGTAT-D2_NoStim,0.02891825763141398,-0.008885117844656065,-0.20362400614973275,0.09893956451587727,-0.10546289633533057,0.22811462233929625,0.253641304670186,0.05573629260309865
CCACCTAGTGCGAAAC-D2_NoStim,0.030893209152287326,-0.05617316674138628,-0.4027240686400422,0.10865245828406067,-0.12695261221456988,0.25196880509957076,0.10267992092299227,0.016563813104680136
CCACGGACAGATTGCT-D2_NoStim,-0.05309227424667107,-0.04603987482272487,-0.4001848926641767,0.11494129506491824,-0.10982260936711441,0.31255336746597884,0.22614548145612545,0.008043047767529288
CCACGGAGTCTTCAAG-D2_NoStim,0.06466844222298107,0.01650797482210642,-0.41961887922340146,0.07925344708294979,-0.15581399783331307,0.20837145678872027,-0.06319119539217866,0.0012209002816270242
CCACTACGTAACGTTC-D2_NoStim,0.08265831724109418,-0.02635519892497662,-0.6381047832117392,0.13992350009845644,-0.23932517027483513,0.2874807484290054,0.1678061978126575,0.05619805560365343
CCATGTCGTCTCAACA-D2_NoStim,0.062383736479931784,-0.058501410879713944,-0.41115232932328993,0.0649541510901841,0.07453027419686009,0.2677383574093444,0.3412097733805055,0.030536226267026123
CCCAATCAGAGTGACC-D2_NoStim,-0.10943772684780129,-0.07098197928106842,-0.24675838800951588,0.1053992109941575,-0.08643488223794371,0.15903931236212898,0.1877522785933552,0.02015221712665749
CCCAGTTCATCCGGGT-D2_NoStim,-0.08387393328273163,-0.06881547328030813,-0.4582366735527472,0.10933130240649191,-0.16447628849642193,0.2714548816215254,0.5222198545113201,0.04748398564855805
CCCAGTTCATTACCTT-D2_NoStim,-0.049126597889035395,-0.08075483713344944,-0.3113910825524293,0.18589933775783862,-0.0903042707454933,0.280814754814263,0.5639357623433092,0.07848618252606698
CCCAGTTGTGTTTGGT-D2_NoStim,-0.013006493251589646,-0.05474737461723578,-0.611233146886704,0.1388449550123685,-0.3654961705664075,0.3753446957467723,0.39125381256827474,0.07090389707662403
CCCAGTTTCATAACCG-D2_NoStim,0.0682576811447646,-0.06344721697242761,-0.2979940027585126,0.09853521991650638,-0.12508293206871102,0.23871673859324183,0.0970135209481624,0.01864470885906755
CCCATACAGTGTTAGA-D2_NoStim,-0.08515033142091255,-0.09813464695278107,-0.6714454773264311,0.17739469658966023,-0.0143809978513314,0.3859594907826649,0.32427985775613966,0.0417452624946808
CCCATACCAACTTGAC-D2_NoStim,-0.3156080855893961,-0.27827388456016067,-1.127242674708926,0.2043720820554391,-0.2036159187160962,0.4775081069417162,1.0996125873126905,0.055879666279643914
CCCTCCTCACTGTCGG-D2_NoStim,-0.09476735411850612,-0.06916269599312663,-0.43643575988267713,0.19976781846551894,0.013960057068857168,0.25444565892903714,0.512001396306573,0.09944733944894857
CCCTCCTGTAAACCTC-D2_NoStim,0.10134384134709506,0.03418025066109465,-0.4809968872235526,0.1063848789178703,-0.1285412853872554,0.2534780798626377,-0.06372455799920118,0.013535213776938448
CCCTCCTGTCTCTCGT-D2_NoStim,0.0313476759636675,-0.08312526975972112,-0.3349573525609362,0.0984437052294691,-0.03858320612455124,0.2895155553663207,0.1490159342504409,0.010300805947979441
CCCTCCTTCCAGATCA-D2_NoStim,0.013753569173085012,-0.03296130648976181,-0.4808488714295791,0.12460513613602053,-0.24443785160290865,0.17947689786459886,0.09407139460462144,0.07639453581440492
CCGGGATAGGGCTCTC-D2_NoStim,-0.014947873432271663,-0.11051718073686523,-0.27982203361281677,0.10432848481930179,-0.04607670604605474,0.2555895296207318,0.43732381421502886,0.02378592810898894
CCGGGATGTTCGGGCT-D2_NoStim,-0.025135987333943177,-0.014208525621461021,-0.2227503193374165,0.09696121025114657,0.031125784279970148,0.2196101489180453,0.22843775696929391,0.06604160105385759
CCGGTAGGTCCGTCAG-D2_NoStim,0.0820567846760678,-0.05916392214633426,-0.5014481707583656,0.1238428785654122,-0.04793216424833702,0.35648356901481115,0.2074278203163944,0.042063255033431446
CCGTACTGTTGGGACA-D2_NoStim,0.054036314792353934,-0.0668474557402643,-0.6265089678463003,0.12874690507484843,-0.1472377815634811,0.2691441528140315,0.12240443935985557,0.007346272425879263
CCGTACTTCGGTGTTA-D2_NoStim,-0.025920138629903278,-0.006558153294699665,-0.5809121342559997,-0.006114258826242391,0.1104208536444169,0.24849752387318702,0.06106596729899394,-0.0012432314215367057
CCGTGGAAGAGTCGGT-D2_NoStim,-0.0059909146953316395,-0.027401754546181323,-0.12168037629379569,0.0964502353336254,-0.015370160485584705,0.2555092898166169,0.29766623284157934,0.06603458865957279
CCGTTCACACAGCCCA-D2_NoStim,0.048057746633800136,-0.01619110336805285,-0.5815651413154761,0.13159036565435045,-0.21408034617127036,0.3066393263789582,0.18447872983242686,0.0508906938571041
CCTAAAGAGTGTTGAA-D2_NoStim,0.055602920284441026,-0.03191901828988364,-0.533805118401844,0.06883406568982764,-0.14029412745344239,0.22689633802779774,0.12206699636223739,0.015621297006253698
CCTAAAGTCTTGTTTG-D2_NoStim,0.05679117002229006,-0.06355116136104577,-0.5111879917484821,0.10778910140869868,-0.16069962193413367,0.25475404543744595,0.11621510808991609,0.006734165432066064
CCTACACAGGACACCA-D2_NoStim,0.047428733000513645,-0.012949957283799662,-0.31160702592161726,0.09880628982956097,-0.0720020930277574,0.1698511539653591,0.05071415118039191,0.023407181990638293
CCTACACGTTAAGATG-D2_NoStim,-0.04309307790715877,-0.05060364179716714,-0.28968125618452056,0.13325289411850072,0.06470969202028165,0.24886855400269425,0.5898838666483472,0.05320762371355947
CCTACCACAGTATCTG-D2_NoStim,0.041797543716054264,-0.06390941574855802,-0.7077265809990667,0.14613210541376453,-0.3131021237775027,0.30747450022963996,0.12812238200947945,0.012076877321156587
CCTAGCTGTCCAGTGC-D2_NoStim,-0.1341433150650353,-0.1195121982695806,-0.4155784704055083,0.1282086907089699,-0.10183479892055125,0.32533029141625036,0.422116517256482,0.012367999058099599
CCTATTACAGCGTTCG-D2_NoStim,-0.1519299023573044,-0.14977684619376674,-0.28315752817166207,0.11040637457506186,-0.015483423538604768,0.31236751478898483,0.3916536966878388,0.011305056051520879
CCTATTAGTTATCGGT-D2_NoStim,0.06456932292209316,-0.05083880502144922,-0.5750589790597402,0.1180415854383341,-0.29439860668593276,0.27989878907154697,0.09732096472442642,0.006255302829661247
CCTCTGACACGAGGTA-D2_NoStim,-0.19665787520229827,-0.21170514561157994,-0.5536361260017042,0.22036925457352297,-0.13217599849454587,0.38642568026495194,0.840186818938121,0.06223309225942586
CCTCTGATCCTTGACC-D2_NoStim,0.0708341539703845,-0.03225479776313911,-0.38686613527979574,0.10108413514652526,-0.11937131181214156,0.2659444682414156,0.15738689216859392,0.02272139423540942
CCTTACGTCTATCCTA-D2_NoStim,0.06205151069422499,-0.046896574856049256,-0.4718419736925412,0.1194261338231648,-0.03925721103118818,0.24519776662707393,0.030215499088081188,0.034875165014311094
CCTTCCCTCCCAACGG-D2_NoStim,0.09174886000312554,-0.029418686393702487,-0.45829583583413935,0.06726304416129025,-0.13177414566143497,0.19658324459087417,0.04694462284870671,0.021880602010712735
CCTTCGAGTAAAGGAG-D2_NoStim,0.06328081491209225,-0.09328132235808084,-0.4711938887316869,0.09188540015336777,-0.12504562993722956,0.2736975728697182,0.11821237819715869,0.006378077717512198
CCTTTCTTCTAGCACA-D2_NoStim,-0.020884451679787475,-0.05036759752642617,-0.6973915633461125,0.18256678883306598,-0.16998018142908045,0.26643895410758134,0.4611369870568405,0.12094139299893492
CCTTTCTTCTCATTCA-D2_NoStim,-0.07548718983982461,-0.04028703928512911,-0.4041996104725385,0.06104645565889122,-0.14392239777067672,0.17923079663811414,0.15358746609115315,0.05398266944698804
CGAACATAGCAATCTC-D2_NoStim,-0.005104982719617013,-0.12298760775878037,-0.4929943829508243,0.1571250417931278,-0.09458354243522926,0.3292126576960541,0.17906868852004987,0.03923156716608034
CGAACATAGTGTTAGA-D2_NoStim,-0.19219279711487758,-0.14688429559931038,-0.49741974919509424,0.2489742211921584,-0.07978624738660578,0.32333192945199585,1.051979576764909,0.11832447940490987
CGAACATGTCAATGTC-D2_NoStim,-0.0921714880063913,-0.06014611284559379,-0.5704582066756263,0.10962189374948217,-0.12232012790622804,0.1933020784879922,0.22507758554827362,0.015377581571931032
CGAACATTCTGTCTCG-D2_NoStim,0.09567933916744664,-0.008509998278016795,-0.2989451779890935,0.1335024297152696,-0.0921793181906736,0.24620060852024572,0.14782798456134483,0.03065554117893221
CGACCTTAGGTGCTTT-D2_NoStim,0.042258559511333615,-0.023226401088816573,-0.5107997634105157,0.10116869588259192,-0.2491629329618661,0.2150325620809994,0.06808550052689988,0.003091433957946421
CGACCTTGTATAAACG-D2_NoStim,-0.08362176023743118,-0.14475417974918514,-0.6609201657188066,0.084608431418145,0.006904330242980095,0.25401277013529366,0.24707941172203762,-0.011622055650512664
CGACCTTGTGGTCCGT-D2_NoStim,0.11411206949459007,-0.003430911708660389,-0.54302563728141,0.15323284546992255,-0.22119022452491954,0.33195051873809156,0.03457841861271049,0.032980132435522336
CGACTTCGTAATAGCA-D2_NoStim,-0.09660114041497181,-0.07517993116301724,-0.2541117865190028,0.1340492748683264,0.0005336673608162812,0.28963697854897763,0.7329818777626889,0.056101010234534954
CGACTTCTCACGATGT-D2_NoStim,0.08497742934629215,0.002927519720945071,-0.2573361964234291,0.09024923048312772,-0.13665808325790252,0.17421351993005985,0.01920890310650769,0.010749135844008606
CGACTTCTCCAGATCA-D2_NoStim,0.04881174614130401,-0.07895664300626137,-0.5895088910501141,0.1266398809572351,-0.17101602754250145,0.29397839774735424,0.14328259964105872,0.01586642959905049
CGAGAAGAGAAACGAG-D2_NoStim,0.0837352702304397,-0.01852028797778793,-0.39697932914806344,0.10129378238040765,-0.15407447362978566,0.22479921921344292,0.07466925631808241,0.018158323924234665
CGAGCACCACTTCGAA-D2_NoStim,-0.06858166440823332,-0.19014263746751148,-0.6807082856498017,0.12932791226227813,0.07184080494209866,0.370078253227792,1.0820362628997753,0.09658274955261348
CGAGCACGTAACGTTC-D2_NoStim,-0.008026275895952395,-0.12129297697691754,-0.37694901573659223,0.12759898749574106,-0.12405033392173337,0.2294049507785907,0.139481466003466,0.013975428763329134
CGAGCACGTACCGTAT-D2_NoStim,-0.06274506168777094,-0.1555701030793788,-0.5582230215390691,0.11559626115782962,-0.2047475118684634,0.27168155747548894,0.3534040601481587,0.03503274996831429
CGAGCCAGTATATGAG-D2_NoStim,-0.047550382795181534,-0.039627310820705475,-0.338502455221791,0.149366543438191,-0.26577452493046216,0.27534748996559877,0.41440188173600667,0.08136630394736422
CGAGCCAGTTAGATGA-D2_NoStim,-0.21135773459813478,-0.14407914458555204,-0.7354078780098998,0.15170211235001574,-0.04243944159617996,0.42433904506442843,0.5406644829865517,-0.01149116043679932
CGAGCCATCGTAGATC-D2_NoStim,0.010230469003086995,-0.03744815252995792,-0.22082368841475386,0.10883519896171912,-0.07326952590443092,0.24665152543746593,0.19752746229764018,0.02409377519547462
CGATCGGGTTGATTGC-D2_NoStim,0.0066108289548232335,-0.04160878308842797,-0.27980733092570453,0.16780869896429884,5.111573611493725e-05,0.27595775181146287,0.7175419708057227,0.0739592205067563
CGATCGGTCGGAATCT-D2_NoStim,0.09922720719253242,-0.021633163388713683,-0.4454101724394164,0.12462543351750988,-0.13860286618688633,0.25701923542152194,0.09065439024931266,0.026860348761603703
CGATGGCAGAGTTGGC-D2_NoStim,0.06587396899790932,-0.06584730943078831,-0.6698385907603477,0.10128130594166151,-0.09267495508426649,0.313932481443306,0.11026089550071294,0.010161171902275612
CGATGGCCATTTGCTT-D2_NoStim,0.03270666068971906,-0.03893101089797568,-0.4381977986565353,0.07165692737502205,-0.09910893025104883,0.16619730385639286,0.09542533693596145,0.009707202091279399
CGATGGCGTATATGGA-D2_NoStim,0.12470739878093795,-0.06319896163350514,-0.5431734266218022,0.14619994564738725,-0.03732881756951656,0.35300979203806726,0.28515500700715,0.08739797165326024
CGATGGCTCGTTACGA-D2_NoStim,0.058451321519415345,-0.048508399323861084,-0.6290099947431145,0.17461281641275228,-0.1272471658558203,0.2621277015080752,0.09866479157231378,0.024582087369683592
CGATTGAAGCCGGTAA-D2_NoStim,0.037924049979269014,-0.004470669534176963,-0.4924370335205168,0.11268377892707804,0.051449550010840284,0.27280884048414045,0.18133271085879787,0.05181287035072479
CGCCAAGGTGGTACAG-D2_NoStim,-0.04044602398211872,-0.05199834047961538,-0.2740078154276926,0.12969826747374036,0.006746507177380678,0.2905037373991082,0.35563556589346845,0.04308222226234548
CGCGGTAAGTGGAGTC-D2_NoStim,-0.16595198933231892,-0.20709519644424468,-0.5157132563655207,0.09624917255485244,0.12822617205363684,0.3361155006274883,0.9321629641955322,0.04982533851001136
CGCGGTAAGTGTACTC-D2_NoStim,0.040073331106317056,-0.07001057138728406,-0.44203587723807836,0.11715503895182167,-0.24167879298873096,0.26635851887072803,0.17795261675241125,0.01723855024912524
CGCGTTTAGCTAACTC-D2_NoStim,-0.09276336502525417,-0.04378882907393766,-0.24454144030119807,0.0927364140594733,-0.18236657548070667,0.25331961591068897,0.2240086256779339,0.005200482534235107
CGCGTTTGTAAACGCG-D2_NoStim,0.014513511991280481,-0.08271920541016264,-0.8861149137822384,0.14842088860235947,-0.2015581861075546,0.38390882830000805,0.1859831181167344,0.016839539014823046
CGCGTTTTCGCCTGTT-D2_NoStim,0.007131840977320891,-0.044098138614664606,-0.4836143426316255,0.06887831511904707,-0.14064131053676832,0.14425237666638768,0.12177603757429001,0.033872896774367334
CGCTATCAGCCAGGAT-D2_NoStim,0.08120326202580586,0.027198854909935122,-0.35990704639148774,0.13107626440373465,-0.10822322893059422,0.28558595780778795,0.28387396781433605,0.07216037331217073
CGCTATCTCATGTCTT-D2_NoStim,0.05468509372069086,-0.08567186753407263,-0.6646423428418977,0.10023823772293561,-0.2095756814873635,0.2938522904189895,0.1426194885973029,0.004317678971546002
CGCTATCTCTGACCTC-D2_NoStim,0.04439528041900864,0.061398203524616335,-0.2531237116961407,0.0011185999082492515,-0.11732435348907977,0.07236375348850643,-0.16092899596495958,-0.01827181830854485
CGCTGGATCTGAGGGA-D2_NoStim,0.005156101652069367,-0.025501227701155926,-0.37572733949816595,0.06266474880513329,0.04360111376788467,0.23666254605360848,0.2652900946401653,-0.00771162100694589
CGCTTCAAGACACGAC-D2_NoStim,0.05182033602522118,-0.02041191829903255,-0.43225597253954007,0.08508603613202403,-0.15692430700740978,0.22033767031110685,0.04054813061337548,0.003960751834576115
CGCTTCAAGGAGTCTG-D2_NoStim,-0.0192997378452624,0.04324620709169302,-0.3061826264634391,0.05324243132300133,0.10534793642415607,0.24171843331013498,0.22113083777246878,0.05473170890616785
CGCTTCAGTCGGCACT-D2_NoStim,0.09050059726381221,-0.011170167546321608,-0.24484444408786743,0.11231306627483306,-0.05686260633246398,0.30429071106967776,0.09897111538831727,0.051216203635279456
CGCTTCATCTTCCTTC-D2_NoStim,-0.10105756919654674,-0.11082674579826168,-0.5120825901917527,0.08213272740768573,-0.07571528939384464,0.14894489570737335,0.5438643533863576,0.0047558538495326985
CGGACACCATCTCGCT-D2_NoStim,-0.034917286147219784,-0.04559773895723929,-0.3640595505806079,0.126968519857936,-0.145461421477318,0.3022818378420471,0.1829394483276081,0.015890879976817374
CGGACACTCCTTGCCA-D2_NoStim,0.03913639098336574,-0.049238859793151235,-0.27343537044074573,0.11882601275877569,-0.10631846551898327,0.21402002292539635,0.13389655223596364,0.01202727943246451
CGGACACTCTTTCCTC-D2_NoStim,0.05159014763801828,-0.048637684090696354,-0.5435999152913524,0.12707723124443682,-0.1418705096023931,0.24319114026011235,0.07436177779823083,0.007970565483731207
CGGACGTAGAAACGAG-D2_NoStim,0.08504925019659737,-0.036792956922292674,-0.46261703974205304,0.10879276790583248,-0.09085553156782034,0.29350078798948154,0.13528970377144667,0.02070774721824442
CGGACTGAGAACAACT-D2_NoStim,0.10196948423303276,-0.041323858189633356,-0.5575042361560918,0.13832826636488704,-0.16418208708930138,0.29566549447858925,0.107264928796317,0.022048059261614128
CGGACTGAGCCGGTAA-D2_NoStim,0.09954681810279631,0.003952746111135497,-0.3559831461014369,0.11025497127239703,-0.1721141184108692,0.22101973643753858,0.10096305302067776,0.024624531543436134
CGGACTGCACAACTGT-D2_NoStim,0.04475521738145183,-0.03270694260593032,-0.3625978534193006,0.13392198686463885,0.0749193622665949,0.31595471750912907,0.3188243161655917,0.0626106643427704
CGGACTGCATGACATC-D2_NoStim,0.018950489272668847,-0.07383191421924629,-0.3883966958219549,0.042105214931270396,-0.07188946326775536,0.13479764870382915,0.016964117585304805,0.003523316052376657
CGGAGCTCAAGCGATG-D2_NoStim,-0.004580955034006351,-0.05532416452022382,-0.3281567739955058,-0.020865655831270757,-0.01937160960696005,0.12801470651207758,0.06222056118373409,-0.018097690071998684
CGGAGTCAGCCAGGAT-D2_NoStim,0.04681127591794265,-0.044903863797667753,-0.6432623476589239,0.1462400982533012,-0.21310224425662305,0.3143600660975938,0.12822403738042976,0.012149167966917673
CGGAGTCGTGCTAGCC-D2_NoStim,-0.06685271649732272,-0.12409047689344099,-0.41946398678358854,0.10709137173516226,-0.0916975463700993,0.24180443344884583,0.3951712056363914,-0.00996002480060909
CGGCTAGGTAGCTCCG-D2_NoStim,-0.24117831245986032,-0.21369726344341444,-0.9509037120949344,0.18188213696593003,-0.0691178053616266,0.5102562956779142,0.42306003572147866,0.014553539934095028
CGGGTCAAGCTGATAA-D2_NoStim,0.09211600837423539,0.02146827240077087,-0.34082529342511236,0.10014926071733932,-0.12463160681981122,0.1723958094554039,0.033001112395605325,0.015513247503092131
CGGGTCAGTCGAAAGC-D2_NoStim,-0.011829288592156928,-0.0711471641664545,-0.330093838265185,0.05659839363204,-0.06897932769129866,0.18876546517124915,0.09915769861678836,0.010555540656724816
CGGTTAACATAACCTG-D2_NoStim,0.1438114165270754,-0.02314540907043572,-0.7629678171064231,0.44057645539441737,-0.14165408187351325,0.650652393096605,1.1237716154437152,0.25302553993513044
CGGTTAATCACTTACT-D2_NoStim,0.04786615515708803,-0.081860711687467,-0.4282437877011471,0.13732557646866894,-0.047625317010831836,0.28416466884511404,0.19039766442967032,0.03246279268610763
CGGTTAATCCATGAAC-D2_NoStim,0.03120681082278587,-0.0844651519464783,-0.8660491569333786,0.2052435136044366,-0.22286988947258735,0.377356828247029,0.18213200862424817,0.025791872540491312
CGTAGCGGTACGAAAT-D2_NoStim,-0.1225833591995027,-0.10502674616975227,-0.43723945718111423,0.10009872910452344,-0.14066699381669423,0.22071416535911226,0.16252191269594096,0.021441719518749736
CGTAGCGTCCTTTACA-D2_NoStim,-0.05374325229678867,-0.05553629257071613,-0.32174329661990875,0.12550785818220866,-0.1791181017055532,0.298726978971116,0.44297520959733916,0.0634332296090303
CGTAGCGTCGTTACAG-D2_NoStim,-0.1939950875194043,-0.28450664284098437,-0.7777388466154846,0.11769286577883342,0.09830630429132192,0.40960689638812475,0.8431576575050261,0.019045989220211723
CGTAGGCAGCCACGCT-D2_NoStim,-0.14146177871886145,-0.18510042043000574,-0.7060597360889425,0.11798434936809166,0.03916706685108373,0.4563210377111986,0.39364373886519655,0.0022487630623864163
CGTCACTTCTCTGTCG-D2_NoStim,-0.09389315610248339,-0.11678696391305543,-0.5977932194674676,0.18141958049477402,-0.17648580331346686,0.3482438566072119,0.4951317982172352,0.06639788646598
CGTCACTTCTGCTGCT-D2_NoStim,0.09036509335309617,-0.007135476206713065,-0.4817695447654238,0.10868280963013,-0.14201750158926885,0.19239772835903501,-0.0036011002170246442,0.011695319507396107
CGTCAGGAGTACGTTC-D2_NoStim,-0.08162038424156393,-0.1399270853404726,-0.48983590391247844,0.054956527360273455,-0.05942175444468134,0.25475401387048,0.3303397608343679,-0.002485592531160208
CGTCCATCACTGTGTA-D2_NoStim,0.03151064732013431,-0.01273246025168362,-0.45663720304645317,0.13470329323200225,-0.31919813044435585,0.2045236613223409,0.140727943919698,0.022260926441683537
CGTCCATCATTCCTGC-D2_NoStim,-0.18263403382615628,-0.1314855110785551,-0.37902357218569804,0.21044159159955278,-0.23679088419427963,0.2507101742250386,1.128753288127153,0.10175861984287238
CGTCCATTCGATAGAA-D2_NoStim,0.012731052659827213,-0.0761990543932658,-0.39935686628124323,0.09359227726845809,-0.028128450413751338,0.25144037901415217,0.32160259162910965,0.026855554090735367
CGTCTACCAGACTCGC-D2_NoStim,-0.11021513951984474,-0.18883574013525894,-0.6647089068411223,0.09683091246678721,-0.12434792288477503,0.2653327955720455,0.5182748225473226,-0.009036780517538645
CGTCTACGTACAGTTC-D2_NoStim,0.11453588179778329,-0.06187867848250406,-0.40320162034589657,0.076130486104665,-0.13572779853304517,0.20836208672130674,0.06183419213107921,0.01375106128371506
CGTGAGCAGTTGTAGA-D2_NoStim,0.04923802143276035,-0.03158378340715551,-0.4490998697670747,0.09507430302801012,-0.1749371024699382,0.2461514963972995,0.07739193172767589,0.013188052468173339
CGTGAGCCATGTTGAC-D2_NoStim,0.021662490308223425,-0.03823428003142482,-0.102289133575022,0.13977333029468397,0.0509563291560724,0.2605622678199335,0.35028463272582044,0.07375821273006622
CGTGAGCTCGGACAAG-D2_NoStim,-0.046513503031675896,-0.13473208642168188,-0.3641325278445944,0.1568542260202328,-0.06018122817357252,0.31566214782677005,0.5183507177673201,0.05978473083600022
CGTGTAAAGGGTCTCC-D2_NoStim,-0.0008908856524101338,-0.07554577190748546,-0.1868391303505259,0.06546937760583127,-0.06622371969268492,0.19279271173932067,0.1325402078481952,0.013785412849177447
CGTTAGACACACGCTG-D2_NoStim,-0.014838464310292565,-0.060436073096909126,-0.7323769593797422,0.29156038657634475,-0.24355907528837406,0.3289407157657882,0.4518043043970845,0.18415188881693112
CGTTAGACACGTCAGC-D2_NoStim,0.06257698108288423,-0.08230953952406495,-0.4264456528034106,0.12908476964028992,-0.10329902295057103,0.25001590935517726,0.1138833670217716,0.004962575169654926
CGTTCTGCAAGCGATG-D2_NoStim,0.002554440627019261,-0.09873563302540589,-0.49927788590590616,0.12804366196162675,-0.07519512113007565,0.3279234317399542,0.1822081076658959,0.019088673730301764
CGTTGGGCATTGAGCT-D2_NoStim,-0.04363585459147323,-0.10587765529264281,-0.5185913104989925,0.10404091821180472,-0.12300763446909535,0.3130456815742111,0.3485023433018144,0.011242578787207691
CTAACTTAGGGTGTTG-D2_NoStim,0.14295933614796752,-0.07916788253931983,-0.7011280174946908,0.1291765480179734,-0.2142370861902272,0.32396491729419363,0.12630861375309976,0.04911973780719414
CTAACTTCACGACGAA-D2_NoStim,0.07660216289220578,-0.0350511344822646,-0.6525195042717176,0.13049280834155397,-0.3011900080412566,0.26042533476869334,0.08749580022554593,0.012146410846238354
CTAACTTCATCGGTTA-D2_NoStim,-0.08200469811067457,-0.1279006338222093,-0.3777135562681124,0.07529916195789177,-0.061729586077273524,0.21050846653348998,0.3066903292973935,-0.007604854235992775
CTAAGACCACGCGAAA-D2_NoStim,-0.07509883993831146,-0.10148133399848724,-0.32325569099228346,0.07058894742448452,-0.07754236671856951,0.25303283581012437,0.2991459699955108,0.005028077522597485
CTAAGACGTTCTCATT-D2_NoStim,0.06735484453743368,-0.09746170008479638,-0.7363713113055894,0.09100632020521005,-0.14228296558382958,0.33176126355151503,0.15743299707742153,0.01657648265092604
CTAATGGAGCGTGAAC-D2_NoStim,-0.17210247935921963,-0.15969636259370645,-0.6769258622194183,0.1090198004613736,-0.09589727274452109,0.3940700272537594,0.2895007621387977,0.01713218309885889
CTAATGGAGGTTACCT-D2_NoStim,0.04687335227118794,-0.05487756172582969,-0.6677864994707701,0.1676815870459194,-0.08677743833603735,0.2785772820687802,0.07976636299936146,0.022262328913898344
CTAATGGTCAACGGGA-D2_NoStim,-0.051743779829120484,-0.10401164403131702,-0.5043794704350208,0.13823657246981647,-0.13682009040719123,0.26409462894255853,0.22218118165777767,0.015384648342415375
CTACACCAGCCACGTC-D2_NoStim,-0.1071417319056831,-0.0683415637086533,-0.8244600074419637,0.26035907678710934,-0.16902722405451165,0.37058780153319226,0.7013284256426253,0.15715982637942005
CTACATTAGAGCTATA-D2_NoStim,0.07031951183091856,-0.02869421502577829,-0.51112699085202,0.1066806524506081,-0.2144608551279994,0.24539824510314823,0.04789851516167154,0.017941747702890254
CTACATTCATCCCACT-D2_NoStim,-0.11070515271110892,-0.17481270171327168,-0.48198821749223697,0.22335637336507475,-0.1288887169085875,0.34730246460956415,1.065357165114258,0.06414018213623507
CTACCCAAGCCAGTTT-D2_NoStim,0.03714530746465883,0.005497654839956567,-0.4335160798467932,0.16057461741973533,-0.1107023771504192,0.21961492949310912,0.3379801856619409,0.04539056298870925
CTACCCAAGGACTGGT-D2_NoStim,0.009706312580728849,-0.09697884036798499,-0.6190048697941126,0.22259617313864233,-0.14016451760412352,0.37234960524913685,0.24973914222609928,0.029466320030602233
CTACCCAAGTTCGCAT-D2_NoStim,0.06884992857477457,0.03289179456829139,-0.33213196280999213,0.07378869524596077,-0.21241507634034562,0.228279765184368,0.006539640558511195,0.04610217156901797
CTACGTCCACCGAATT-D2_NoStim,-0.07337224390706076,-0.08522550990396915,-0.3392242212005687,0.04468966376756356,-0.06429345204906056,0.18456718419326545,0.12931338173950158,-0.004339798530834216
CTAGAGTAGCGGATCA-D2_NoStim,-0.051397412354644345,0.0675123965730613,-0.5227458049154396,-0.09636673986767441,-0.0679248544125084,0.10712910531788289,-0.18906586739411413,-0.04681092393744102
CTAGAGTCAGGTCTCG-D2_NoStim,-0.08662645755880227,-0.07414835858865843,-0.3395023686757934,0.08540121586576355,-0.012722133747233855,0.13766505518441452,0.29709969502675104,0.004172792792523694
CTAGAGTGTCGCTTTC-D2_NoStim,-0.1324657194762473,-0.12475796833430586,-0.37420945948653284,0.07637393302416129,-0.15777094029201777,0.2368043678195031,0.4036997457723386,0.01357392230240606
CTAGCCTAGATATGCA-D2_NoStim,0.05568297785217702,-0.08449837773993885,-0.3502814795509792,-0.018843004509063732,-0.008315301753178517,0.17369644711129517,0.05512526803181217,-0.023438610111366387
CTAGCCTCATTCTCAT-D2_NoStim,0.08714936287107733,-0.022653405511968927,-0.5730092629814116,0.07925874534013921,-0.09576980016176684,0.24029414073867628,0.10682687657903767,0.02194409104107109
CTAGTGACAATAGAGT-D2_NoStim,0.05031406887843737,0.02823326934031911,-0.18590272897361793,0.059538095655629064,-0.19723063241079153,0.14184481076368094,0.07041662192831666,0.004142040015933546
CTCACACAGTACCGGA-D2_NoStim,0.02817680779873477,-0.06377478953826987,-0.7314531868314589,0.12076676384398688,-0.16113921215370297,0.34419996104487893,0.17349488321568884,0.019122008430867865
CTCAGAAGTATTCTCT-D2_NoStim,-0.032347778859016074,-0.008769316799511984,-0.7723930292366923,0.17781471509948155,-0.2750487698445845,0.2682977460427134,0.2537193758086307,0.08479065769883043
CTCAGAATCCTGTACC-D2_NoStim,-0.08562738250619262,-0.10316294968121476,-0.44868577276603716,0.0889793069553182,-0.15787410176154282,0.25777902653604823,0.303684145000199,0.026949379322212863
CTCATTAAGTCGAGTG-D2_NoStim,0.02148264246494591,-0.061067724796311396,-0.41229661904944415,0.15002084565079876,-0.14626165975094096,0.292657961415804,0.170687553287165,0.02864021229974334
CTCATTAGTCTCCCTA-D2_NoStim,0.051647881529454764,-0.052198518338427036,-0.527024503908148,0.1002779949848609,-0.12212961060683014,0.2619192143875555,0.25874122109498643,0.02433360116373251
CTCCTAGCACGGTGTC-D2_NoStim,-0.13277688444659752,-0.1587139319340043,-0.5470046303162324,0.11513266891852147,-0.07709201242863095,0.31519281845081526,0.5921033486238478,0.013574571739161101
CTCCTAGGTGATGTCT-D2_NoStim,0.0505635894723202,-0.048994037240930766,-0.4118925727009657,0.05788182355977689,-0.14320278149754984,0.21774468922458823,0.05984324845816502,-0.003500419223090745
CTCGAAAAGATACACA-D2_NoStim,0.02249011822666347,-0.02235138551447946,-0.29511989673527594,0.10508354413933851,-0.14119806237350652,0.2748025790921673,0.12610905722169807,0.029864953676392858
CTCGAAATCGACCAGC-D2_NoStim,0.01612279278906925,-0.04231786644607105,-0.7412965729746173,0.17836366044123864,-0.26581622806239835,0.4073543491660594,0.3627740303178628,0.08050417913834806
CTCGGAGAGCGTGAGT-D2_NoStim,0.055999056033202876,-0.046143105192383516,-0.4593329745489374,0.09269302290611137,-0.19927143647590384,0.2635138200020144,0.06464887478952974,0.0066004379771271715
CTCGGAGCAGCTGTTA-D2_NoStim,0.035203187691951854,-0.03331380697124864,-0.5008580802754352,0.1122982041811067,-0.1255720142852379,0.297790205062757,0.0707962994972462,0.006413082790405866
CTCGGGAAGTCTCCTC-D2_NoStim,-0.01871891298420536,-0.10943376833118634,-0.4402519205078459,0.10922858897959209,-0.13745968562785116,0.21186225748849719,0.2790878204247349,-0.01330227726140265
CTCGGGACAATCCAAC-D2_NoStim,0.12661937444057791,-0.016956898296795586,-0.4424479723724879,0.0874438950713543,-0.09564388266629997,0.22608220142140567,0.06803323210840784,0.07576436764883532
CTCGGGACACTGTCGG-D2_NoStim,-0.05524090293406658,-0.11673449046648443,-0.29991585493948314,0.06561980428880076,-0.10823425006189602,0.23230020696296005,0.23020854947293845,0.015986030639204785
CTCGGGACATCCCACT-D2_NoStim,-0.03983630546733252,-0.09549922696500879,-0.36429419566992394,0.09691670791998597,-0.11062275673193334,0.2216528997741678,0.3785792748592929,0.0042378351387935
CTCGGGAGTATTCTCT-D2_NoStim,-0.031521080234785614,-0.10131203428258218,-0.4109820996783373,0.10969455766399427,-0.12717036938391502,0.3018883662669225,0.32793241830989306,0.06365892451838562
CTCGTACCAAGGTTTC-D2_NoStim,-0.01930581179886559,-0.09170733396882547,-0.4404020222824343,0.15051729834212146,-0.09064008914634947,0.3505921864042163,0.47682883789308406,0.030731444304104016
CTCGTACGTGTGGTTT-D2_NoStim,-0.18780130851406085,-0.22815382127872397,-0.8344216913183597,0.06635897400049018,-0.030347959581652262,0.43663323719965597,0.22573420718667858,-0.039261416025331286
CTCGTACTCGGCCGAT-D2_NoStim,0.057402220066519405,-0.03326636170603692,-0.5754925078524185,0.12631866319738982,-0.15828331132290252,0.27091076717598384,0.5042857019353546,0.09249067008814826
CTCGTCAAGCCCGAAA-D2_NoStim,-0.07229777673250837,-0.14781524394601497,-0.5546321084225934,0.11226811475894216,-0.13539655577167053,0.27844021486062154,0.39189830045537555,0.035203962388962395
CTCGTCAAGTGTCCAT-D2_NoStim,-0.003951235972667888,-0.08405807562897039,-0.3351675875695861,0.09235152694710536,-0.04657663765717679,0.2884418848808199,0.09706714369164215,0.000635110984047671
CTCGTCACACAACTGT-D2_NoStim,0.13689145630730692,0.10408554336801146,-0.4340533075724018,0.18700913874630487,-0.2069282741630012,0.2583251906208286,0.21127505800427837,0.1001207511619775
CTCGTCATCTTAACCT-D2_NoStim,0.06878658491426037,-0.03756278315704087,-0.5374269791785018,0.11043139519374812,-0.09122878983469995,0.31300803819944356,0.15913667416450394,0.08907179456620895
CTCTAATAGCACACAG-D2_NoStim,0.0602660196150655,0.01999630471589242,-0.4671768713872382,0.05772096552191286,-0.09159281026297528,0.21088659684819966,0.11414895533369318,0.05805337625064766
CTCTAATGTCCATCCT-D2_NoStim,0.03242111719482388,-0.11541287700958591,-0.6854131897183002,0.144294775953135,-0.21792576140206954,0.3135582037702278,0.169950659990874,0.009219487444571683
CTCTAATGTCGCTTCT-D2_NoStim,0.0876289849977212,-0.04199362692917852,-0.4330568647514319,0.0850253795580933,-0.10532288543848622,0.21227657405625333,0.0496667866011169,0.017167267561939425
CTCTACGTCAAACGGG-D2_NoStim,0.012496476503933707,-0.03883304118245867,-0.4572604079666647,0.1356279226477035,-0.1972702765477763,0.27096123462909993,0.14691681144634305,0.04444541956494419
CTCTGGTCAGTCACTA-D2_NoStim,0.09477108847542937,-0.09138590508489486,-0.6303411192914439,0.13085909331339707,-0.1451056116987779,0.32946857658025586,0.11397590637005184,0.006694382800903398
CTCTGGTGTAAATGAC-D2_NoStim,0.06341825203139351,-0.06707222111506539,-0.5208852773363439,0.10866613226186672,-0.20086631372146435,0.323395139840291,0.06918070662717124,0.004979655751126799
CTGAAACGTCAATACC-D2_NoStim,-0.07527280610625198,-0.10133188348756228,-0.5637751443073657,0.1386511747521535,-0.1439229914653577,0.2542389356458159,0.18785804359649916,0.01717431490670407
CTGAAACGTTCGCGAC-D2_NoStim,-0.0047968584044504325,-0.09392271589320167,-0.3207705323079182,0.10576782536943163,-0.07755885779768334,0.23219731080275707,0.10431670934145831,0.0333920307653095
CTGAAACTCGGAGCAA-D2_NoStim,0.013301118917233623,-0.020094340125515586,-0.31402575574803926,0.10376617727525783,0.06614799212932532,0.2966924459136493,0.30623541548766475,0.058083435282661355
CTGATAGGTTCGGGCT-D2_NoStim,-0.00884097605873535,-0.08066828588326302,-0.3207066654224153,0.11364826229724656,-0.05908785164875319,0.2452019155289893,0.1354024427282754,0.02563863072538375
CTGATAGTCTCGGACG-D2_NoStim,-0.1845583952913561,-0.12069044569841836,-0.4423069448111008,0.1345692584970326,-0.16049074165515798,0.2208668229644628,0.5574229714038701,0.051643921563105266
CTGATCCAGTCCATAC-D2_NoStim,0.03366945167145374,0.010431676595093364,-0.3729509923903702,0.045488083198382157,-0.10992474161326626,0.14340291458507437,-0.004680511414912658,-0.012920147151000094
CTGCTGTAGGTGCAAC-D2_NoStim,-0.16263673372717768,-0.08855312058850728,-0.24812535774089817,0.12256206958963034,0.03799543520667825,0.2901858171797089,0.6326420645512405,0.06277550729624437
CTGCTGTAGTCCGGTC-D2_NoStim,-0.05238835627927507,-0.10836407946303162,-0.3871579724908525,0.14726227657308755,-0.09328679410872454,0.2600573494758276,0.22329828589014156,0.034554666134425815
CTGCTGTCAGGACCCT-D2_NoStim,0.005977426201786429,-0.11367475737326771,-0.4436654124362267,0.10437614239941162,-0.06291700011600732,0.28163736195155487,0.3119015356920478,0.0452251644855064
CTGCTGTTCAATCTCT-D2_NoStim,0.05202187797249991,-0.00876423771279633,-0.4773744574576657,0.15853072384973466,0.015119176942590684,0.34891389694026564,0.221857432277635,0.01582893802370222
CTGGTCTAGCTAAGAT-D2_NoStim,0.0570952358405421,0.01617577130399539,-0.20816667801803312,0.0702296953097381,-0.07614348907723034,0.24944703877285157,0.20831616413872123,0.07405741787879094
CTGTGCTAGAAGGTTT-D2_NoStim,0.007561289306613261,-0.10071873389527042,-0.5960020041131315,0.1718131029671497,-0.2567003885059922,0.2859685566383696,0.1823861884384339,0.011005916829693874
CTGTGCTGTATAGGGC-D2_NoStim,0.06337455792247049,-0.05218760244453158,-0.6815850005166819,0.10098397048122365,-0.2620777637106091,0.3282256808098456,0.08696508150019033,0.00855344213598741
CTGTTTACAGGCGATA-D2_NoStim,-0.2341078911740233,-0.17474731945140576,-0.36504815930523193,0.1918641042046243,-0.08220575417372444,0.2772536935525789,0.8739815293859259,0.06276676576014317
CTGTTTAGTCCGTTAA-D2_NoStim,0.12253620406676546,-0.06794394387862823,-0.43743903967925846,0.0797549131414037,-0.046081443113831,0.26932432599006795,0.08362212043359207,0.02803695709895493
CTTAACTAGAGTCTGG-D2_NoStim,0.0035834760519701803,0.004772740788450136,-0.3877632050923818,-0.06250609358300707,0.1718805016128293,0.19067182953733663,-0.011058363424516493,-0.02181208271908197
CTTAACTAGATCGATA-D2_NoStim,0.07017300795555848,-0.06240268927844461,-0.45057989414631017,0.0609789757510093,-0.11681067692317626,0.23748413071605512,0.07132952725256558,0.0033489582421299957
CTTAACTAGCTAGCCC-D2_NoStim,0.03190559940025395,-0.06413577682534921,-0.7468676502964247,0.18516351328652192,-0.21715396284482935,0.28097095279921636,0.33023401400318164,0.052518401719110486
CTTACCGGTCGACTGC-D2_NoStim,-0.024207711484699246,-0.052348978033698756,-0.22080087039578444,0.1397590747025088,-0.04616828391058547,0.22534443450744313,0.45204632376891496,0.07415127451570314
CTTACCGTCCGTAGTA-D2_NoStim,0.044735341376606286,-0.033570424602753945,-0.41734714061381517,0.17738058302048643,-0.10036345516628664,0.2921837076976601,0.10931833049830697,0.0668574242950104
CTTAGGAAGTGGTAGC-D2_NoStim,-0.17601291193267699,-0.14307934780420695,-0.5010538957685373,0.13609760860131992,-0.14429153231032465,0.2601365784223999,0.5929235594853868,0.03744480940191863
CTTAGGAGTACAGCAG-D2_NoStim,0.051441072183990855,-0.02156242114446627,-0.5124220701068101,0.1209497716408503,-0.11076037482383505,0.2414155913336371,0.10635490187210195,0.03408314862552153
CTTAGGAGTACCCAAT-D2_NoStim,0.0047275096770036384,-0.05650390297783936,-0.3127230977827278,0.10722103115448611,-0.11071780529017339,0.21777385570952923,0.10924280434836309,0.0246893723788002
CTTAGGAGTGGTCCGT-D2_NoStim,0.08574477687930049,-0.006505984873500736,-0.3332051890373666,0.12264305855007329,-0.1265090466490495,0.29068530243890933,0.1317216278170248,0.025387935800781136
CTTCTCTAGCGATAGC-D2_NoStim,0.06859817308215455,-0.06756595099872698,-0.5028968760579353,0.08399242572816235,-0.19814837556308973,0.19178255447209036,0.05687805389268874,0.0006792751576298883
CTTCTCTCAATTGCTG-D2_NoStim,0.041378547206322835,-0.02677248016395417,-0.461386361193032,0.1362113124549591,-0.24624532505354502,0.16843422283143905,0.20101458068879108,0.06565969399530225
CTTGGCTTCACGCATA-D2_NoStim,0.043211976732902,-0.005857115702182725,-0.6052118906854531,0.15268494212883965,-0.10015374797666965,0.27755799447351226,0.15709245028294827,0.06362690847830166
GAAACTCAGCAGGCTA-D2_NoStim,-0.016882405477719686,-0.0065786703123258405,-0.31825113447735554,0.03766064895329713,0.1372220718285142,0.20855635168580555,0.09743025008235051,-0.019846326764401567
GAAACTCAGTCCAGGA-D2_NoStim,0.0970325109149286,-0.018814793233079996,-0.45814614866604586,0.11429406258604935,-0.1753938418123795,0.2458781982652276,0.10544968410559274,0.01364056149619941
GAAACTCAGTGTACGG-D2_NoStim,0.09947428500329636,-0.0034240989386873366,-0.4171995585695818,0.10534081859858091,-0.13709244151448807,0.1686651050119714,0.04494026866332934,0.016277088139403872
GAAACTCGTAGTAGTA-D2_NoStim,-0.030450680120727824,-0.031362197991139595,-0.31176752658676143,0.12782241714786124,-0.07979689642676213,0.28924756315180034,0.14324415425982107,0.027974900980561657
GAAATGAAGGCACATG-D2_NoStim,-0.002982477840866693,-0.09312146490317907,-0.4448975823335086,0.1701818758784146,0.007954543591138119,0.3659338591019772,0.3864193947531742,0.11476489367660037
GAAATGAGTCAACATC-D2_NoStim,0.0859960729607625,-0.005545947940582607,-0.4899639600167571,0.099514084743344,-0.13614914048265447,0.26133315694072756,0.14931125310720716,0.06843388850577448
GAAATGAGTGTGCCTG-D2_NoStim,0.08658867653461222,-0.049197329006636537,-0.500989406958805,0.09453264509340009,-0.19120845727183777,0.23192541938703215,0.033793993651829446,0.020703747416806806
GAAATGATCTGTCAAG-D2_NoStim,-0.010432820149750555,0.009689485214305904,-0.655617088760426,-0.02151238423953039,0.15407047700573173,0.2891600765393143,0.20006230661819213,0.005399595771951482
GAACCTAAGGATGCGT-D2_NoStim,-0.04848778146689625,-0.09832140568693681,-0.35413403510982455,0.10680720581494008,-0.09299426561452329,0.21433120944212014,0.14087235893575567,0.015344258227939278
GAACGGACACGTCAGC-D2_NoStim,-0.045086548199581244,-0.12758384532552647,-0.4603912814195219,0.20217185554768058,-0.10672113076520873,0.33930611178823966,0.42161039328782923,0.05260823187442831
GAACGGACAGTTTACG-D2_NoStim,0.05170541717836308,-0.03263282874219087,-0.4110318532276942,0.10202128926577281,-0.10686241800081042,0.27481913693315896,0.102982598289592,0.034312460388207455
GAACGGAGTGCAACGA-D2_NoStim,-0.008237363960741817,0.02775826916974289,-0.318435407383852,0.0782257718101036,-0.00429321450940634,0.1899292330132596,0.2724124227188538,0.036646590156964365
GAACGGATCGTCTGAA-D2_NoStim,0.06075143184133047,0.031369069963179896,-0.48884283441360665,0.20312774300558623,-0.17951862907550442,0.37735329017706576,0.6299948998004901,0.08851724942890371
GAAGCAGAGACCTTTG-D2_NoStim,0.024702052106057693,-0.010311940000294229,-0.5515410564990724,0.11800126494385488,-0.18014574344732637,0.22301502609606239,0.02627975362711865,0.02816880254932741
GAAGCAGAGATGCCTT-D2_NoStim,0.08428988965039963,0.005421149174535955,-0.5509922526416631,0.16677828796586347,-0.06445887915292658,0.32494139362037266,0.606565288614541,0.08532887014380641
GAAGCAGAGCTGCCCA-D2_NoStim,-0.045518335209575156,-0.1398112432424874,-0.47686349503294423,0.1029797702168107,-0.03328603175993372,0.3123619952868184,0.15596272181059057,0.021135008331979677
GAAGCAGAGTGTCCAT-D2_NoStim,-0.21238077914452802,-0.2026905352071804,-0.8956959784694689,0.17952485319866796,-0.2888269020228602,0.37572370267288235,0.6266258168901526,0.056513104057872354
GAATGAAAGGCTCTTA-D2_NoStim,0.09185548316361469,-0.06302431691453947,-0.53191372604919,0.12130507034508575,-0.18249933147283492,0.28321611802349267,0.08246637096558995,0.01132795123659136
GAATGAACACGGTGTC-D2_NoStim,-0.1782682457701874,-0.09388326594828555,-0.2572641397101023,0.05895341459675407,-0.015773690069456947,0.1560798092643072,0.46561013890657765,-0.00361985427961109
GACACGCCAGCGAACA-D2_NoStim,0.07748112921111527,0.02687143522060431,-0.519348264751244,0.1222735660007146,-0.12628486957728846,0.31424379769854127,-0.04042046977131708,0.032239470778153034
GACACGCTCCTTTCTC-D2_NoStim,0.07290654599971802,-0.03714715969274529,-0.5966181799303989,0.11584829488070447,-0.12369605351162605,0.279268523491087,0.11822789301855341,0.03939266840261091
GACAGAGCAGGCTGAA-D2_NoStim,-0.10461322387301486,-0.08362821933027043,-0.2797659818662108,0.154972875865802,-0.017293606530424555,0.28479490572237687,0.6514218721371678,0.07116227062109282
GACAGAGCATGCAACT-D2_NoStim,0.0971344903164848,-0.04617470889213848,-0.5374238840397041,0.16524830949079394,-0.18743826755435755,0.34794608488679124,0.2089412599391549,0.06296021812017294
GACAGAGGTGTAAGTA-D2_NoStim,0.089232020971318,-0.02020891808099634,-0.407229698791177,0.06367556726381629,-0.1788730866107624,0.17421155029536806,0.11333083636838914,0.028226627950392214
GACAGAGGTTTCCACC-D2_NoStim,0.07780324070049183,-0.031074120597743615,-0.5485769247826546,0.16462931818526272,-0.1321219431537486,0.2650182159295369,0.1386764268760965,0.0410449089435172
GACAGAGTCGGCGCTA-D2_NoStim,0.03155449873984395,-0.06833896758422675,-0.5478017526010603,0.1374914782036143,-0.16329464939189364,0.32259081077576734,0.1426164768824334,0.000872897150420826
GACCAATCACACCGAC-D2_NoStim,0.019648992483890737,-0.07422034652558196,-0.3755258870815794,0.1512722253655987,-0.08043838622812238,0.35173803246409285,0.4059898353984117,0.10031427454921804
GACCAATTCACTCCTG-D2_NoStim,0.05552088996498128,-0.023169640516995216,-0.5723921924234627,0.11396775151125027,-0.21649863617972542,0.2570666675811939,0.1924303035606041,0.03679966271498536
GACCTGGAGGTGACCA-D2_NoStim,-0.23689613960953437,-0.19608498720310052,-0.6102169817654701,0.12704864047972997,0.027878381391959195,0.41672773515476713,0.33769380257209214,0.00879662814015525
GACCTGGCAAGAGGCT-D2_NoStim,0.020916868715096015,-0.14596989893674284,-0.6832289101281326,0.1688920515634944,-0.17423670970458538,0.4224361405605741,0.3786690581040899,0.020684910379868526
GACCTGGGTGAAATCA-D2_NoStim,0.0801178404079188,-0.05311710668861025,-0.24414350314218503,0.17328901613838532,-0.054782253069852516,0.2864304019918382,0.2552481965234863,0.06138060363602982
GACCTGGTCTGCGTAA-D2_NoStim,-0.09912120830165705,-0.1684107855848893,-0.7117989226929957,0.16358958464534368,-0.038424044332654006,0.3989547770413484,0.6222669381227623,0.010432416129170008
GACGCGTCAAGAAGAG-D2_NoStim,0.005116530367603289,-0.08460281455455565,-0.3144898962592144,0.054490805357064076,-0.07624203550778752,0.21685928017318723,0.12275030140859133,0.006600297050978199
GACGCGTCAAGTCATC-D2_NoStim,-0.18349299080306913,-0.13177995202362247,-0.715391445599078,0.16814466195772226,-0.2583684897497065,0.40138434607049867,0.3752527874273861,0.04311694922372311
GACGCGTTCACAACGT-D2_NoStim,0.07704816476655019,-0.04470029701127842,-0.48032872663590354,0.08817584307090875,-0.06995141572287622,0.25384080916242624,0.08170283794117505,0.054794661768109876
GACGCGTTCACTCTTA-D2_NoStim,0.03157754960412262,-0.025639884824013137,-0.28490761625033123,0.08915129260667065,-0.14489272407242204,0.2495196770512722,0.1841664011078077,0.017590760588085175
GACGCGTTCTGTTGAG-D2_NoStim,-0.1855319029157947,-0.18129006199291808,-0.5160422771077844,0.22569069029261968,-0.002538961249399563,0.37589515562779763,1.2549012002586766,0.08921191876189916
GACGGCTAGTATGACA-D2_NoStim,0.023840648622821092,-0.013049659276202163,-0.31223844714697435,0.05087558846791396,-0.07195023480576168,0.15201003769225174,0.007470618196194323,0.012378305647393617
GACGGCTGTGTGCGTC-D2_NoStim,0.05035789698088067,-0.06555884596029671,-0.4541499546976304,0.086365501910457,-0.11766779260586269,0.1590818826411926,0.18162242372923476,0.023846969246250183
GACGGCTTCGGATGTT-D2_NoStim,-0.012395772914780778,-0.05415662066004501,-0.31128664149497,0.07694315783785477,-0.1082395146095525,0.2498453925544588,0.4061158597831893,0.0365638916881732
GACGTGCAGAATCTCC-D2_NoStim,-0.16238341630355535,-0.09016297920026162,-0.5934346894794764,-0.04659656918765798,-0.14289998127646086,0.12596101173496876,0.04154643853647233,-0.022072136418167076
GACGTGCCACAACGCC-D2_NoStim,-0.06264708670084396,-0.0629250734919733,-0.6459534040524808,0.07431479180455547,-0.18225996271841005,0.2393812201385579,0.1514646441367864,0.02476090544451459
GACGTGCCATTGCGGC-D2_NoStim,0.04584708568060236,-0.031235910325557725,-0.597285997231138,0.1111883554722084,-0.0658536854090297,0.33715471894606,0.4495045991472315,0.07466669342833221
GACGTGCGTCCGTGAC-D2_NoStim,-0.06382688042314122,-0.03233187126776649,-0.24221331587403583,0.03697966910675632,-0.039966569794358975,0.11208997102131413,0.21954709145222306,0.006496284111571882
GACGTTACACCAGGTC-D2_NoStim,0.011507407435836114,-0.03877169008460868,-0.2363508858581067,0.14480540093970262,0.00013658213778455774,0.25590987948919164,0.1992731125121736,0.056057121643458885
GACTACAAGTTAGGTA-D2_NoStim,-0.049904796185842315,-0.11339416384205236,-0.3034789212271125,0.06165770863846376,-0.023152665047641463,0.18795846096046986,0.11861517812873323,0.007865697078537792
GACTACATCGCATGAT-D2_NoStim,0.024844528928184673,0.04089907799850323,-0.21744522044893166,0.10739898162461436,-0.0351049231756182,0.13636433686739835,0.04925054057980205,0.0224284946417459
GACTGCGCAGCCTGTG-D2_NoStim,-0.01937831334563711,-0.006958201958241261,-0.2235856908345557,0.06856149389310495,-0.04807409268466856,0.22892221420671532,0.25965199358323243,0.07156582369443143
GACTGCGGTCCGTGAC-D2_NoStim,-0.02251284488847638,0.029162054009608696,-0.4863709122079829,0.03208692666654578,-0.15876258078181138,0.1641828876535687,0.29442709285683755,-0.0006817888181895881
GACTGCGGTTGGTGGA-D2_NoStim,0.08322752086469265,-0.060765650071955335,-0.49369183144178663,0.07861570086651426,-0.15388267516513032,0.24569129598867967,0.07542078197732849,0.0057753624595857644
GAGCAGAGTGCAGGTA-D2_NoStim,0.13595813039300886,-0.018823958588146894,-0.3239368508226299,0.04900307697440276,0.016959519364217357,0.2133155086910108,0.05839240600316575,0.05468580771927911
GAGCAGATCCTAGGGC-D2_NoStim,-0.2879186674902794,-0.24426425963726928,-1.0728891441990118,0.13231063979547386,-0.3752278765601105,0.325806845159482,0.9154730099001318,0.03628063768333689
GAGTCCGCAATGGAGC-D2_NoStim,-0.11090324691367215,-0.19782495860515148,-0.6974093958488066,0.12747159675061503,-0.04673806252211676,0.3447942572618867,0.22908278232589385,0.008126955010380854
GAGTCCGGTGTCGCTG-D2_NoStim,0.07731792394845094,-0.014359270844359173,-0.5286374696156297,0.11403502834614798,-0.19511640256779827,0.25002598231305484,-0.015867813311512435,0.01917947834527922
GAGTCCGTCGTTTATC-D2_NoStim,-0.023570268114658788,-0.03769076944927896,-0.2501422527057482,0.12053055426378023,0.12143762014582116,0.30007322275339376,0.6003814117949346,0.042186135175201755
GATCAGTAGAGTACCG-D2_NoStim,0.028337667648351328,-0.023247729015851704,-0.4338919896943825,0.20567521478768036,-0.05303712000527128,0.3567450300352615,0.34459638140742666,0.09226152482394134
GATCAGTGTCCGCTGA-D2_NoStim,-0.09608349107777414,-0.061958286014633046,-0.3689420604646969,0.11836797235107355,-0.05531537092850236,0.24788860035752514,0.3632419010307464,0.01799534710453443
GATCGATGTAAACGCG-D2_NoStim,0.07025641680033878,0.024495512793182073,-0.4011940973497765,0.09402941285482491,-0.0267069000415443,0.28967100134226165,0.3009645688824776,0.06553802380522811
GATCGATGTAAGAGAG-D2_NoStim,0.07500300437254737,-0.040547304886588975,-0.45037572985104646,0.09440697337396387,-0.16258549656249421,0.1919207349056764,0.09215435033220931,0.0030157241043227145
GATCGATGTCTAGGTT-D2_NoStim,0.05544903974009152,-0.04637486595838958,-0.6258435937769651,0.18509530896668025,-0.16954915603788123,0.27103474273170214,0.15374277075447207,0.03520362604967353
GATCGCGGTCGAATCT-D2_NoStim,0.042397019351053444,-0.06224190368378224,-0.7382862800838303,0.16839530994545981,-0.23460679402474582,0.3340752645403118,0.07608149200376246,0.03028302182633169
GATCGTATCTTGAGAC-D2_NoStim,-0.023071187385889758,-0.010799723035301412,-0.544121859564429,0.1169585738506882,-0.2536543903557096,0.20263560035942696,0.8903942172723287,0.026793686570268704
GATCTAGGTAAACGCG-D2_NoStim,-0.034527041225638655,-0.0835636854922619,-0.40339644446490297,0.08029159462260083,-0.07262499843055892,0.271430731079791,0.13229765824002815,-0.013797525583150616
GATCTAGGTCCTGCTT-D2_NoStim,0.033356000478674375,-0.02271920696862928,-0.21252092556306046,0.0776008429795283,-0.04949281343604284,0.16882201893574855,0.08635948295653595,0.039575517267323335
GATGAAATCCGCGCAA-D2_NoStim,-0.040343469076798755,-0.12370033123821855,-0.4550078860550446,0.13783449304560413,-0.1056088549758627,0.2873544233737775,0.39233584455910897,0.05213389128973844
GATGAGGCACCAGGTC-D2_NoStim,-0.0731057284926031,-0.1662209065626552,-0.6197554881330962,0.15424284845131453,-0.14675361985939084,0.36459887778888866,0.3831490827351205,0.04450395721625
GATGAGGTCAGTCAGT-D2_NoStim,-0.05438826338435554,-0.088252414942394,-0.26229811045633333,0.09961432838588102,-0.102794593361617,0.24087270755158752,0.31452410595133173,0.004520765960847939
GATGCTACACCGTTGG-D2_NoStim,0.027106069899208052,-0.057071657450723734,-0.28481657973560637,0.11164960904580035,-0.11423198961202097,0.2112875774940317,0.1488742129259517,0.014780087829810995
GATGCTAGTTCAGGCC-D2_NoStim,0.09270191547707896,0.03461494055119907,-0.32771273546929613,0.13354061100185355,-0.0604681449299207,0.2260978556820028,0.02362110805309392,0.032447592857540286
GATTCAGAGCCTATGT-D2_NoStim,0.0630075636092986,0.02622284307918754,-0.4033081466776167,0.18403864149211557,-0.1645000149569249,0.3351889796817513,0.3429902199605088,0.09545610176886754
GATTCAGGTCATTAGC-D2_NoStim,-0.052822517971055305,-0.10276237166060298,-0.3535138845253254,0.08278350125210032,-0.023492268526103643,0.2101203079183076,0.12835794159049296,0.008077392744374023
GCAAACTAGGTGACCA-D2_NoStim,0.09956513678163326,-0.02008809528278732,-0.6102594285854952,0.14457348805929193,-0.12430664576842076,0.2535382223953295,0.10157329565624273,0.03098541465960558
GCAAACTCAGGAATGC-D2_NoStim,0.045194367424983284,-0.06601375376005159,-0.6159893478165195,0.08531091127253632,-0.15367918136609937,0.25122405147531435,0.0406987606636795,0.0017859218108995378
GCAAACTTCCGGGTGT-D2_NoStim,0.028931738223192838,-0.07720504074398882,-0.6237193043495175,0.22400657498361376,-0.10527266219754239,0.39380461761561225,0.23314512269946697,0.051376873867292616
GCAATCAGTAAACGCG-D2_NoStim,-0.17340394544790882,-0.2080599789981239,-0.7595664148926193,0.1089172941608254,-0.20180749035374923,0.2930819448497912,0.5655908815174673,0.028373188718818554
GCAATCATCCTAAGTG-D2_NoStim,0.05871721729843138,-0.014960153643452045,-0.3673050189824991,0.09937530328713962,-0.1526822833155812,0.23552603133666672,0.04688994960917281,0.00015600031875884213
GCACATAAGCGCTTAT-D2_NoStim,0.05818073554820202,-0.05050271418723007,-0.5811865204950166,0.07864872380408627,-0.21618472984597048,0.2232436335986847,0.09321895985003525,0.010151299760456922
GCACATAAGGCGCTCT-D2_NoStim,-0.10691365569782185,-0.11235244580609205,-0.5669543063380456,0.11868984187627518,-0.15095990545297333,0.23424916587294398,0.17588025361629178,0.022877384955060975
GCACATAAGTTGTAGA-D2_NoStim,-0.006359804069470343,-0.10950559837131557,-0.42974464595572925,0.18334310927576958,-0.06386364209660478,0.30824341686747836,0.3005697080189833,0.0502831023936956
GCACATAGTTCGTTGA-D2_NoStim,-0.03716647092431735,-0.11528070370581567,-0.440853601387607,0.07661633891574837,-0.17474601998268469,0.24089251633198216,0.14602918939061826,-0.0006708016037570985
GCACATATCTCGTTTA-D2_NoStim,0.1097719283657419,-0.07038914482369663,-0.3564280937661124,0.08961418310056146,-0.1530968513104085,0.23830318407409834,0.16477802015722265,0.06029585792926895
GCACATATCTGATACG-D2_NoStim,0.07093879412482629,-0.024887082168696395,-0.5250172798608297,0.08474611276401589,-0.21944518370133537,0.16641337029596404,0.07350255567405739,0.04392022314741695
GCACTCTAGCGATATA-D2_NoStim,-0.07793012716046732,-0.010178377004425698,-0.7923008086204888,0.015275283426221975,-0.21098671042418538,0.1110149023964766,0.14763739907745066,-0.05572770711169461
GCACTCTCAATCTGCA-D2_NoStim,0.048761395045685774,0.025400620949220354,-0.4566666235234571,0.06691224033770027,-0.2224997289252162,0.17470001060723916,0.19141171314279237,0.05813300868019766
GCACTCTCACAAGACG-D2_NoStim,0.0396285081579002,-0.008806671912145347,-0.3707485691155412,0.07908795154134474,0.1220561778300322,0.27530713295294085,0.18650582721564923,0.0569364463704769
GCACTCTCAGTAACGG-D2_NoStim,-0.05084581609813732,-0.08988258257016213,-0.39564925423893804,0.10743141473701279,-0.1741362456775022,0.26484098971521863,0.6178893930579203,0.07114811229185136
GCACTCTTCAGTACGT-D2_NoStim,0.10117563579158606,-0.024663664691564335,-0.5816113989159657,0.15050364336021005,-0.13206793467752398,0.2723717951710194,0.10915557949984223,0.03190191235812634
GCAGCCATCCTGCAGG-D2_NoStim,-0.08018913332597677,-0.12382898643162754,-0.8924906778119599,0.3242412293823609,-0.3104276640724102,0.3435436104101015,0.5918963347289132,0.16585943779126922
GCAGTTACATGGTAGG-D2_NoStim,0.10271216634948743,0.06430053856050755,-0.4865304106807411,0.1299284627289552,-0.23471862354233863,0.19834881891648504,0.009112668485645514,0.05566336528383964
GCAGTTAGTAGGCATG-D2_NoStim,-0.09412325294692714,-0.12865507111572505,-0.6419777461680152,0.10570993515599802,-0.16477200367731903,0.29969732086356693,0.20763136890170264,0.010771707093894634
GCAGTTATCATCGGAT-D2_NoStim,-0.0442257266260615,0.02772200979327799,-0.3670549968315271,0.020106725954242677,-0.12573983314483606,0.13819786860312355,0.19580722873891165,0.02772321359834784
GCAGTTATCCGATATG-D2_NoStim,-0.03057010186000042,-0.07717799439729234,-0.3017887345368653,0.10232173897010988,-0.08922533055036652,0.25198957747453843,0.4343342247946316,0.006031071109530828
GCAGTTATCTTCGAGA-D2_NoStim,-0.047518128935205795,-0.07922979546512465,-0.2739175130879872,-0.023293890145319907,0.021585407682570334,0.1697925206999722,0.13780200595066106,-0.016379539545104294
GCATACACACCAGGCT-D2_NoStim,0.08866250329163883,-0.03247086531377619,-0.5312730603678801,0.10030847901584394,-0.14421375654656465,0.23679691464103758,0.10318437316558793,0.003070733526861602
GCATACACACGGATAG-D2_NoStim,0.03809995395038612,-0.06749037260907187,-0.28176412589893296,0.12382681321669331,-0.08662282591058457,0.28085620618380425,0.20441664971735296,0.02848263671059037
GCATGCGAGGACATTA-D2_NoStim,-0.09671104962650823,-0.14584108652191752,-0.569837602579593,0.09756954690261921,-0.03029701724965328,0.3271219483836676,0.32540645418878356,0.0027792019962582515
GCATGCGAGTGACATA-D2_NoStim,-0.07076044131612136,-0.08211888304670012,-0.556088552612449,0.10669199278569685,-0.22811950763805378,0.32476449254919615,0.2192521297363994,0.016639715335546867
GCATGCGGTGATGATA-D2_NoStim,0.05881514336329907,-0.043298970849637186,-0.5640386957956967,0.09166059664010362,-0.2432076058043524,0.1997892340594758,0.05718154069365866,0.00488954823750376
GCATGTACACAGGCCT-D2_NoStim,-0.14060904566522758,-0.08385589179631658,-0.48982590375864987,0.14984355776911862,-0.18005927797108434,0.3107814696781368,0.36682783940105246,0.06948239470398576
GCATGTACAGTTCATG-D2_NoStim,0.041565839624604806,-0.000381306526515246,-0.503590413154777,0.11081991165215754,-0.17505900524783335,0.21391815455340435,-0.026881923727168022,0.002308890559342913
GCCAAATTCGGTCTAA-D2_NoStim,0.0529433471360381,0.03576455751472096,-0.5166449951294734,0.18214022251891038,-0.029141215459192793,0.2919073771910927,0.5005980864019435,0.16022635634311122
GCCTCTACAGGATCGA-D2_NoStim,-0.02432081249388851,-0.11920512783373027,-0.6771656002516249,0.15739915359273837,-0.13450987020188698,0.3313181989427889,0.31872418382250434,0.04407732817679921
GCCTCTAGTCTCAACA-D2_NoStim,0.0010524824250737197,-0.06727787699351317,-0.47994749999283215,0.1063860169675479,-0.12834352719634268,0.2446778349423422,0.20627089585448521,0.06377721863865027
GCGACCAGTAGAAAGG-D2_NoStim,0.025893168863758476,-0.001336555761326963,-0.25301192916517756,0.10407737197678735,-0.055418619008795744,0.23378565596735612,0.15258425996231928,0.060455414391579865
GCGAGAAAGACTAGAT-D2_NoStim,-0.11982642693219425,-0.0892872322722873,-0.5492824900836144,0.14333625510102976,-0.15761653316119606,0.24461161688515354,0.564242434348821,0.04784699429827377
GCGAGAACACATTAGC-D2_NoStim,0.08685989545865702,-0.031242513706340347,-0.38674210544338905,0.044627123706892036,-0.01587728410094158,0.22672774838173027,0.14448206780468364,0.047270542504104895
GCGCAACTCAAACAAG-D2_NoStim,-0.1042546880518973,-0.1499245480335194,-0.5718916470962991,0.09632429351348293,-0.11293957703651891,0.2724637701786756,0.3106995301393174,0.01213819214268419
GCGCAGTAGACTACAA-D2_NoStim,-0.16863777581211536,-0.19915841400497492,-0.749179200280734,0.1122695914286922,-0.14106740849294397,0.3679874698653345,0.8885152134783585,0.036213233666479994
GCGCAGTTCCAAGTAC-D2_NoStim,-0.18750332240388445,-0.0768275153150082,-0.2605571004859737,0.11111298972829786,-0.04552200663478523,0.19162814226576064,0.5705505839181235,0.0730897058601645
GCGCCAAAGCAGCCTC-D2_NoStim,-0.19236814099289035,-0.13947706573286567,-0.5278433688370541,0.09617000149226662,-0.16022633533403408,0.23784652700131748,0.23278984530240976,0.024967447649444807
GCGCGATAGCAACGGT-D2_NoStim,-0.09510476099979392,-0.10104559504522648,-0.37603655891935794,0.10571729883904091,0.09199708552285024,0.34557101558253844,0.8821771456492993,0.03863557222748071
GCGCGATCACAGCGTC-D2_NoStim,0.055405279477477976,-0.041982952953148356,-0.3916246154450569,0.09645745263866345,-0.08102270726336691,0.2787903512199872,0.09088151895694896,0.021871564538901822
GCGCGATTCAATACCG-D2_NoStim,0.09511723676246575,-0.025266457348287474,-0.4189141038988815,0.12362321493952066,-0.14356401288828735,0.25933313380574496,0.09289046236999621,0.019979191988372946
GCGGGTTAGCGTGTCC-D2_NoStim,0.05182309065127377,-0.09879141446557327,-0.4604683357417656,0.07216999020664616,-0.08445869194878952,0.26209939201057786,0.0766162679707243,-0.007465031009198597
GCGGGTTGTAGCTAAA-D2_NoStim,0.005322933727638812,-0.07315731843735662,-0.5617051986530637,0.11816278456465135,-0.20397014530129454,0.27579141185014144,0.16671462176665042,0.011251279929474833
GCGGGTTGTCGCATAT-D2_NoStim,0.09036872485607184,-0.04887951099376231,-0.59548891725467,0.10670571123312733,-0.06889078766493739,0.2512769393171954,0.07328844204637708,0.013257610078436954
GCTCCTAAGACTAGGC-D2_NoStim,-0.1511273270011113,-0.11955319241208606,-0.5082509353616551,0.13514491645599236,-0.032934511370473984,0.3994871338474848,0.4648711287895395,0.011201568423871322
GCTCCTAAGAGACTTA-D2_NoStim,-0.06339577866772395,-0.01298750123505421,-0.17797415048771992,0.1170078797090941,-0.050626708610788995,0.07104142380989309,0.03855432161214267,0.08373795440444276
GCTCCTACACATCCGG-D2_NoStim,-0.18153376298511148,-0.09313104027533115,-0.5903851487800367,0.17923772488606105,0.013116408485135622,0.2515728810410085,0.7376489215002735,0.15019366811314683
GCTCCTAGTGACAAAT-D2_NoStim,0.025501474509221467,-0.05777262658088311,-0.6533789192098496,0.10560872339828009,-0.22778329793439767,0.25137053868192005,0.11471463812306126,0.03320594846740299
GCTCCTAGTGACGCCT-D2_NoStim,0.05513308041954801,-0.03642479455885095,-0.3137954077774818,0.16997671806267967,-0.11687389371801515,0.31382581388778164,0.19428010836191767,0.0617886471625706
GCTCCTAGTGCCTGTG-D2_NoStim,-0.03466103860440484,-0.11047927523030232,-0.45715413423149087,0.11258628758185196,-0.06919545301570196,0.28427583547942525,0.37652768703859696,0.01532754453242724
GCTCCTAGTTCTCATT-D2_NoStim,0.07061447243463803,-0.041864035055025894,-0.5547244071092514,0.12047626972249326,-0.19927486250144888,0.21640553239990634,0.03730460049399298,0.005247881646949892
GCTCCTATCGGCGCAT-D2_NoStim,0.036803544975596125,-0.022418904091574987,-0.2895375963763289,0.07414952450473677,-0.12016520654503537,0.18634457508287028,0.07121354962233895,0.017680985543496064
GCTGCAGGTTTAGGAA-D2_NoStim,0.08704362495351248,0.025140324851994578,-0.5352573887721874,0.10795050967433184,-0.22435499842430673,0.24523848344840893,0.3311100589137901,0.06644588633755433
GCTGCGAGTCATATGC-D2_NoStim,-0.14854399350323355,-0.18739376506297312,-0.5293171995440566,0.19771726029242487,-0.12838004465007735,0.3513131025460705,1.1919323690698267,0.08840398459850896
GCTGCTTAGTAGGCCA-D2_NoStim,0.1254086760420403,-0.04348372333577544,-0.601517530433064,0.13287630344263412,-0.27487278479132904,0.26391217562966673,0.10477329581981909,0.03741613901566687
GCTGCTTAGTTAGGTA-D2_NoStim,-0.02335551368300237,-0.09596368120823229,-0.41783510452166617,0.10610637159396497,-0.11361782899537332,0.24788716566642677,0.1463430289583636,0.021258419909132797
GCTGGGTTCTGTCTAT-D2_NoStim,-0.006903737014207323,0.005531505761732447,-0.2070053659927975,-0.05510458522618755,0.21026932509353458,0.1922716723069673,0.026353550965723116,-0.009072232540477287
GCTTCCAAGGGTATCG-D2_NoStim,-0.04850815873708214,-0.0646568543928403,-0.32497286248860036,0.06069210112401713,-0.11691771550557029,0.17437634363345822,0.10055817238977216,0.019892126531345866
GCTTCCAGTTGAGGTG-D2_NoStim,-0.05164188577174755,-0.07746629985464892,-0.2569706154769307,0.12961343545515192,-0.07091892824037416,0.2285897389488838,0.6132682359772357,0.05519720698661956
GCTTCCATCACCCGAG-D2_NoStim,0.06086773843846238,0.08279217186402832,-0.8208776913015221,0.10010257708066739,-0.058973455864482105,0.23104035230223374,0.1521288167971182,0.03946271036658189
GGAAAGCCATTGGGCC-D2_NoStim,0.06501830229690775,-0.058652743041644584,-0.4948245786562637,0.07153081868942124,-0.13860588107807104,0.2429838268147888,0.07953526808749878,0.028657533567395532
GGAAAGCTCAGTTCGA-D2_NoStim,0.00795692496488698,-0.06895645452087074,-0.47513299331431647,0.14634635925763462,-0.19558381647532386,0.23904485268363995,0.127332244149029,0.012367076541396571
GGAACTTAGAGCTGCA-D2_NoStim,0.03283240040744673,-0.02341799332539729,-0.5103534352152188,0.030037480178069842,0.02589716467355707,0.20706801766819716,0.09586472703565985,0.02439163079449358
GGAACTTCACTACAGT-D2_NoStim,0.036228199630759406,-0.05731767624225448,-0.5221980657655472,0.12953347818414152,-0.19580426716874122,0.29199866136504404,0.14943811766219106,0.07394311976456613
GGAACTTGTACCGAGA-D2_NoStim,-0.05780125458071339,-0.12728078340471605,-0.535021215752927,0.18214726048562646,-0.1671552924971298,0.3804458898391143,0.7004451133314182,0.017988453547378214
GGAACTTGTGCAGGTA-D2_NoStim,0.06197778337875803,-0.08988833322546341,-0.6482999515950532,0.12907827558170126,-0.2851897646372503,0.30222027316496547,0.1358637797491351,0.017993364423638525
GGAACTTGTTCGTTGA-D2_NoStim,0.14773244399897933,-0.010886369449009337,-0.5401070550697789,0.1103150340071295,-0.10405100764065978,0.2559694033561861,0.11453671196858384,0.07921808214866388
GGAATAACATCGTCGG-D2_NoStim,0.008862180705998313,-0.03412995563349597,-0.4175329225171236,0.1345001515759563,-0.26024919508699007,0.28113504406090506,0.15884968497162255,0.030781407362143298
GGAATAATCAACGGGA-D2_NoStim,0.11909923096675179,-0.024369120833547697,-0.4972347664483685,0.10189756075141432,-0.19270587852119192,0.2388822578782186,0.04349050720162051,0.030218103548524056
GGACAAGCAGATGGGT-D2_NoStim,0.06873927369125354,-0.0466002061459978,-0.42798467060891987,0.09710334248341645,-0.13460117715575493,0.21630570951434613,0.1160215339285644,0.018730727034013128
GGACATTTCATAACCG-D2_NoStim,0.09412965459856792,0.040825951578620234,-0.40311107437711513,0.18298311560431024,-0.0776452762463542,0.35682749809101644,0.43456770992261085,0.09303953601770942
GGACGTCCAAGCGAGT-D2_NoStim,-0.03446732414209741,-0.046116683207879205,-0.33501846111228595,0.1381882367667977,-0.09725246037139001,0.2631958057136252,0.46928345885515377,0.06404052681330086
GGACGTCTCGCATGGC-D2_NoStim,-0.033158873209540474,-0.05983409357200564,-0.22973819779413596,0.11778948037723325,-0.04867842490361696,0.2620380025458511,0.4787007412120783,0.05692433788428275
GGAGCAAAGAGAACAG-D2_NoStim,-0.04967099363468641,-0.08745953152010699,-0.18389619824339754,0.04898804161020465,0.02313887656076119,0.23129651000115992,0.1572279337991307,-0.0077503675249790405
GGAGCAAAGATGTCGG-D2_NoStim,-0.0008192791570920122,-0.03132033523995226,-0.3098294809624367,0.16998405355722568,0.015682778906626282,0.2677491584484599,0.2631558798522189,0.08298569597292804
GGAGCAAGTCGACTGC-D2_NoStim,-0.004352899688392142,-0.039050038764974815,-0.5614358891354954,0.1067225848169091,-0.19043113414699242,0.2857694648546385,0.1510495788109143,0.012987865462514847
GGAGCAATCACAGTAC-D2_NoStim,0.05587382623725823,-0.0885523875876757,-0.5505215192266721,0.11033894517986909,-0.050460708528348164,0.38896524887355177,0.3348736841713231,0.018968196971723472
GGATGTTCAAGTTAAG-D2_NoStim,-0.01879782212869685,-0.11659506986453039,-0.6445842297874069,0.17468761235704378,-0.10893574514966353,0.34835900043628776,0.24840640615820408,0.03988399947910004
GGATTACCATTCGACA-D2_NoStim,0.04150861285608087,-0.009010565225057832,-0.1600628180474537,0.039121565022345095,-0.06933076082145284,0.18675969467460263,0.055815037585357885,0.013972105591893325
GGCCGATCAGCTCGCA-D2_NoStim,-0.2813694114429506,-0.26721161428331364,-0.7350893375025098,0.19012433080765945,-0.16907108350832623,0.34740484852938813,1.120645331405341,0.0502299928051535
GGCGTGTAGACTAAGT-D2_NoStim,0.03601360227304795,-0.04422393581027073,-0.6221523787733716,0.18220322346587814,-0.18833550198846716,0.41072565901584923,0.30268733098168976,0.0576204738219932
GGCGTGTAGTGTCTCA-D2_NoStim,-0.009730085442354763,-0.07461876734087092,-0.4195233889302674,0.18044877939096438,-0.05124858556456857,0.39706396855810056,0.39898732452757724,0.12618515126533758
GGCGTGTTCCTCTAGC-D2_NoStim,0.16478111515929506,0.09008580424804435,-0.46401737150051936,0.19139943111503932,-0.15186046777098205,0.2845120586809209,0.16489431847212632,0.10947417205190924
GGCTCGAGTGAAATCA-D2_NoStim,-0.04029547218882534,-0.12734364411846322,-0.256160151385469,0.14191934233279824,-0.029899008013082096,0.2744480163822356,0.5106140342432424,0.03764080199517572
GGCTGGTAGAGACTAT-D2_NoStim,-0.11830261071328607,-0.1478212866086377,-0.688964729332973,0.15569275737052557,-0.18283644560395906,0.29225830869677694,0.5080211501833061,0.02073302987717618
GGCTGGTTCACAAACC-D2_NoStim,0.03534246659850382,-0.07203366629421382,-0.6875041306409528,0.2139891044907074,-0.17058949043077476,0.33335032027043887,0.2463582845291432,0.07096257175769694
GGCTGGTTCGAACGGA-D2_NoStim,-0.041127273142784304,-0.06946519260159434,-0.37811561798612026,0.053513374300559136,0.08508592734272113,0.3009931091624969,0.26581892318546796,-0.008371055780088454
GGGAATGTCAGTCAGT-D2_NoStim,-0.048742106237900984,-0.08846845113562019,-0.4572262129084361,0.11010219158835532,-0.15989729221806748,0.27933678424784425,0.2049513365097937,0.004419648911540008
GGGACCTGTTACGTCA-D2_NoStim,-0.04811450419767915,-0.15219417114579592,-0.49211264235893815,0.1407640759536477,-0.16324170173062136,0.31367503157217325,0.19494413677294364,0.03669240132953355
GGGACCTTCACAACGT-D2_NoStim,0.044631144581476434,-0.05451540472973804,-0.7063809019432856,0.10702229152638942,-0.17583077825385196,0.3165801076968826,0.08745999216309563,0.0019762219936918513
GGGAGATCAAGGTGTG-D2_NoStim,0.0442726396361266,-0.05822256917547186,-0.4992554203877937,0.1764166306238728,-0.0973587337575541,0.3218946921899999,0.10809896159938592,0.04545369525374987
GGGAGATGTGGGTCAA-D2_NoStim,0.055872463097012215,-0.04739965298449711,-0.265266146598945,0.10389143183741467,-0.08393471904644834,0.2917036538245181,0.10025796056867353,0.019475873431346713
GGGAGATGTTTAGCTG-D2_NoStim,-0.10963113212269704,-0.1421187448880783,-0.3576133682181677,0.12250360698835294,-0.0908651367401454,0.22531129142248663,0.5492180083894276,0.03049995472841971
GGGATGACAGGACGTA-D2_NoStim,-0.014444136730446644,-0.10009012093958525,-0.4703015058046187,0.06986440646309688,0.006207472952651116,0.29174991242851966,0.09415297058715044,0.020883236122408277
GGGATGATCGGTGTTA-D2_NoStim,0.027693984830341023,-0.09862402006479876,-0.4994591508739159,0.09649615609066053,-0.11262769312031828,0.25688947717505606,0.19097918793863133,0.005608190492592868
GGGCACTTCAAAGTAG-D2_NoStim,0.03256757783989528,0.012602756387305902,-0.33159654972225994,0.0027627120238840064,-0.03327747454410712,0.10979478399420017,-0.01574204036439486,-0.0009072492259054599
GGGCATCTCATAACCG-D2_NoStim,0.06649531535008002,-0.06163481727236331,-0.6428669744839048,0.16114299607049176,-0.11183559670937271,0.33811584032432407,0.2927734495129446,0.08026449128229807
GGGCATCTCTAAGCCA-D2_NoStim,0.03276077093367391,0.036846360871777506,-0.33221370096366876,0.11832174367609838,-0.054794644103822066,0.2250319755873189,0.2612901250925521,0.032645164561467155
GGGTCTGTCGCATGGC-D2_NoStim,0.08084620297431222,0.027873971257184493,-0.39012107562489007,0.09227900583938187,-0.1132089465917776,0.23304239924611103,-0.024220911625223884,0.01222694938427793
GGGTTGCAGTACCGGA-D2_NoStim,-0.03375967456185869,-0.10871630249182118,-0.34952455339358224,0.08930201149343908,-0.06654069374944882,0.2571950246295298,0.14282362699529383,0.010242658112540326
GGGTTGCTCGCGGATC-D2_NoStim,0.09194035956434199,-0.08300949501946242,-0.6651166657751943,0.11078208868763717,-0.22709041898429838,0.2909143577430511,0.07966833942008344,0.001006193754076179
GGTATTGAGCCGCCTA-D2_NoStim,-0.02638082809175124,-0.09862016016786335,-0.3582586682716684,0.10243119157381919,-0.045990907443950846,0.24133360116538327,0.32035330924348937,-0.004138445858611561
GGTGCGTTCGCCAGCA-D2_NoStim,-0.0432492871699921,-0.10916342248751043,-0.3152496318269815,0.07979617040730069,-0.06597801136248371,0.2287704369077126,0.278955884851007,-0.006161936514343935
GGTGTTAAGTTAGCGG-D2_NoStim,0.04526199582360668,-0.06806956436330935,-0.42434182761368966,0.11274802687370311,-0.08680761624060729,0.2703888400951584,0.05795778796596984,0.003060716421250831
GTAACGTCAACTGCTA-D2_NoStim,-0.03650967627943302,-0.0327293616061457,-0.3254591207814368,0.08507584180393479,0.0995578762655871,0.23921815328038942,0.2971974361817056,0.03655183742912271
GTAACTGTCGGATGGA-D2_NoStim,0.07501721363742497,0.0030351895387621397,-0.5456242376669991,0.08315965524298363,0.08171777284874793,0.32394337058026856,0.24361173626671384,0.06029419149866655
GTAACTGTCGGTCCGA-D2_NoStim,0.07826097291601819,0.05358213827773106,-0.3061054693315626,0.11873671802434771,-0.09050786035286684,0.2270217687807783,0.15626572613368772,0.07549281249785622
GTACGTAAGCTTATCG-D2_NoStim,-0.048940221408164675,-0.040936844970593356,-0.377632399595786,0.09929491339509866,-0.08803541912066848,0.17715821384949137,0.18354600198123983,0.02039896506821215
GTACGTACACAGGTTT-D2_NoStim,0.01805807679820859,-0.040943587183322805,-0.5889675238982264,0.1658810490380489,-0.20553755476367108,0.2596078959654715,0.372772909277276,0.06317269951491689
GTACGTACATAGGATA-D2_NoStim,0.08607541769643312,-0.04535292438074201,-0.5959140305944732,0.09887539521410105,-0.1345519154279593,0.2522603975359754,0.08353782952336797,0.003804314725284641
GTACTCCCATCACCCT-D2_NoStim,-0.14016781505620557,-0.04790829061849067,-0.35556871030607695,0.1059022924909847,-0.04904803769269073,0.15603492642743788,0.45044221915834903,0.1120828961964726
GTACTTTAGGCCGAAT-D2_NoStim,-0.13760470834341199,-0.11739184211852027,-0.513246422987752,0.12650653351412444,-0.2240252515570056,0.23206504858859311,0.3427780280799153,0.024129721211346933
GTACTTTTCCTATGTT-D2_NoStim,0.01585060619542844,-0.013304726476542683,-0.6214616074293335,0.19028117552244161,-0.143745455411608,0.23643744648877618,0.4923336531199798,0.12069410047197593
GTAGGCCAGACACTAA-D2_NoStim,-0.16845792642340207,-0.13497700924282796,-0.5324459772451622,0.14058863151982237,-0.09712327777717711,0.33899247964989065,0.31460201053902637,0.03174010845983055
GTAGGCCAGTTCCACA-D2_NoStim,-0.06977370291443741,-0.10964505959679904,-0.3668173145501683,0.10790207436611077,-0.06464197154852869,0.17634955372645944,0.4697841402734504,0.019583034224510243
GTAGGCCCACATCCGG-D2_NoStim,0.03072970905775918,0.06571310882597992,-0.6813652056776789,0.1950670996416175,-0.2402959812161818,0.2402658385027978,0.21450085339211533,0.12313582568968506
GTAGGCCGTGCCTGGT-D2_NoStim,0.07636368160103224,-0.04113597081301812,-0.46170258362544914,0.1241854509255571,-0.2345129745503698,0.2919992404493783,0.11668280281353027,0.021400757321861974
GTAGTCACAGGGATTG-D2_NoStim,0.011005588325883053,-0.08279142046105825,-0.31877635446319097,0.12253566557488149,-0.04023766492797698,0.3097343258992957,0.2524706636146812,0.023324281949728132
GTAGTCAGTGCAACTT-D2_NoStim,0.031752853836289674,-0.04312403537345588,-0.2296038836840193,0.07360447758856381,-0.08927208071248849,0.19610130318288732,0.03182779305270689,0.016896882154210147
GTCAAGTGTGCATCTA-D2_NoStim,0.058671130862348875,-0.05065845866458041,-0.6115020147092611,0.11311963369615263,-0.1815171835475553,0.2534999119947008,0.09594544696907459,0.001576428340708702
GTCACAACAGCTGTGC-D2_NoStim,0.02156586710730579,-0.02102631312333969,-0.4464001845398826,0.06783286980823888,-0.03246889667070896,0.20460044900836039,0.09462816109218597,0.05051906232850456
GTCACGGCAATGAATG-D2_NoStim,0.06992239167510128,-0.03264890332619075,-0.4267628838071449,0.0915756913317054,-0.10584426118794354,0.18126655402309133,0.039263909308471234,0.012549130620296722
GTCACGGGTAGGGTAC-D2_NoStim,0.017404157920987373,-0.02223120586588756,-0.27720548421026336,0.11043048962854485,-0.04727578998140913,0.1983299658860993,0.15558800293600683,0.013922439096583972
GTCACGGGTGTTGGGA-D2_NoStim,0.04263315354658914,-0.04675516485600717,-0.42010768336248283,0.10977897920045976,-0.08322706374485911,0.2524133354530802,0.05251636661633796,0.006366643833638719
GTCACGGTCCAATGGT-D2_NoStim,0.03996562239131052,-0.06441440113660413,-0.3758686888965439,0.1292854046816938,-0.0864559488345602,0.3051591567754226,0.12013189784581524,0.01637939096926644
GTCATTTAGACTTGAA-D2_NoStim,-0.1180238753965206,-0.15087969367615983,-0.5089671814763079,0.13272493614952374,-0.1202344404215907,0.3149619139482258,0.5630589248319477,0.037644644293138185
GTCATTTAGGATTCGG-D2_NoStim,-0.09823646238007022,-0.009096321994983114,-0.34922161626538717,0.06387877510465678,0.08071526021185882,0.25127447926129065,0.2970577626476043,0.03970104913805805
GTCATTTGTAAAGGAG-D2_NoStim,0.06600130352044431,-0.04985492080054499,-0.3782352905865789,0.09306501253346866,-0.13732178259411398,0.19732363151339172,0.04133784307075228,0.014215759203462852
GTCCTCACATAGGATA-D2_NoStim,0.06795462344716974,0.02433093335176295,-0.5802920288639157,0.12537526577321145,-0.26759414012724037,0.22942723343195492,0.07556854053969353,0.058632362845386865
GTCCTCAGTTTAAGCC-D2_NoStim,0.07411009422411396,-0.019372693497984983,-0.47803875919110084,0.0846372326341509,-0.11295727699355318,0.21217471342747718,0.10187609859585312,0.05070996922079374
GTCGTAAAGAGTCTGG-D2_NoStim,0.07611315897196747,-0.009085428976826293,-0.5875513405206156,0.18887223334579772,-0.14967232632448102,0.34466479000116124,0.17009793179147437,0.04094266040849526
GTCGTAAAGTACGTAA-D2_NoStim,0.0538143849173327,-0.04100995157374854,-0.588237874406218,0.14873804639619337,-0.15928863541939364,0.24982039952175672,0.08200569862577423,0.02995764779331367
GTCTCGTAGAGAGCTC-D2_NoStim,0.024747841204456833,-0.15747609541485375,-0.5571643263714741,0.15732980063513224,-0.13549010434987352,0.34135247339176544,0.1869794487160994,0.02752331573411837
GTCTCGTCATGTTGAC-D2_NoStim,-0.02329512922737287,-0.06424066779942805,-0.7322824320044479,0.25699564592449775,-0.24269683012696674,0.24454486411858856,0.46641010044376063,0.1186333991555486
GTCTCGTTCATTGCCC-D2_NoStim,0.1008564518533781,-0.04522897620445576,-0.46218974000241175,0.08749798981172496,-0.1030598069577735,0.22535884212917168,0.06090349827731156,0.024840354843822965
GTCTTCGCAAGCCGTC-D2_NoStim,-0.07352839991889226,-0.1261362474211527,-0.6592248627913655,0.13006604456275284,-0.1264420763496652,0.3262438436699817,0.4256102426087285,0.019047995446626942
GTGAAGGCACGGACAA-D2_NoStim,-0.03682067592842486,-0.07559718228792534,-0.3506689474263176,0.051117684340642455,0.1642123643669713,0.3601620465384219,0.29370404112391046,-0.023281320259094684
GTGAAGGCAGCTTAAC-D2_NoStim,-0.025729810697319166,-0.07951785083888119,-0.544690984155439,0.13494551457604587,-0.12167919909782832,0.3882333436760206,0.4085652018327135,0.0044661901207270205
GTGCATAAGGATATAC-D2_NoStim,-0.1608785456421984,-0.056758794143147995,-0.31427658081901644,0.12127776246491706,-0.14113741511166644,0.08044211146292568,0.37725086050526,0.0970974510209075
GTGCATATCGCTTGTC-D2_NoStim,-0.07926868802440801,0.001223775992583498,-0.39167746262128667,0.1504497832517906,-0.07824742863921053,0.19913567252051934,0.05418257684393879,0.09654786446817454
GTGCTTCAGCGTGTCC-D2_NoStim,0.07396246847900123,0.030780258111386516,-0.5166724733015222,0.2462780562837139,-0.13218487044601268,0.4286916817053861,0.7551932063708655,0.1161761126833607
GTGGGTCCATCCGTGG-D2_NoStim,0.05195715611128904,-0.01697628270514251,-0.5014449976033433,0.14876495113538368,-0.18299953103179156,0.25602033452503115,0.15965953499876484,0.03997486649991444
GTGTGCGCATAGGATA-D2_NoStim,0.07734930337657175,-0.04357662098133375,-0.5769935424709942,0.1243805059508265,-0.26645858555989044,0.2998059987981989,0.0793161199291843,0.02706714246918729
GTGTGCGCATGCCTAA-D2_NoStim,0.05128984788470703,-0.054425574821346245,-0.5458888004219187,0.12960762830671335,-0.1357318168041335,0.23105947735675247,0.058578275674981306,0.002735090785284555
GTGTGCGGTAGAGGAA-D2_NoStim,0.051636432995637804,-0.09414167844940735,-0.4809716042883636,0.06817910398726923,-0.094179977713571,0.25524138982092026,0.06334102152044618,0.0009650227590380922
GTGTTAGCAGCGATCC-D2_NoStim,0.16182424790354943,0.13875425001856456,-0.5464609785308436,0.098476764825973,-0.0357844453548708,0.24301490129976244,-0.07765537716332283,0.07407468243652815
GTGTTAGCATGTTCCC-D2_NoStim,0.10591969388069167,0.07403499565332794,-0.20345591816627184,0.07853712339464636,-0.049781369582918344,0.18295874761866315,0.002413180937995918,0.029354330303290155
GTTAAGCAGTGTGGCA-D2_NoStim,0.09421708108330407,-0.07081706117299191,-0.4537362382801682,0.06865598179828858,-0.12719257092677694,0.24948686253720886,0.23952790737388607,0.0462699474641024
GTTACAGAGTATCTCG-D2_NoStim,0.062241521946655,-0.016824065263737253,-0.34875323492808086,0.14505642796606288,-0.12132069134204926,0.24046576654807872,0.14878239136143723,0.043166382972904316
GTTACAGCATCGGTTA-D2_NoStim,0.04742504611160925,-0.012863737028981248,-0.4987537916521241,0.09370577442528294,-0.05771902478629265,0.25595403104914016,0.09279965535334345,0.005625498979819454
GTTACAGGTCGCGTGT-D2_NoStim,-0.005665952317512435,-0.06703521625002118,-0.39928015763062596,0.11007033198341887,-0.1071254803178725,0.309917676443642,0.11938999896840619,0.006547064035688166
GTTACAGGTGAGTGAC-D2_NoStim,0.08872135689519034,-0.05733249755288661,-0.5474816006598804,0.11448138091807891,-0.17214199569352928,0.22685363368701417,0.09348881015057042,0.010691516456498462
GTTACAGTCACGCGGT-D2_NoStim,0.057777608987992224,-0.04022138560520894,-0.5302563511859866,0.1347564759583264,-0.14517236284283186,0.2330718941230696,0.13222100742594556,0.0698666283987972
GTTACAGTCCTTTCTC-D2_NoStim,0.024275230225539346,-0.0897016060202045,-0.5465894616538378,0.08918107651080476,-0.20951004081114455,0.2140036203586595,0.05787772795154433,-0.0026649545925501172
GTTCATTAGCAGACTG-D2_NoStim,-0.20592295732096133,-0.11220569797724345,-0.4075333509040959,0.1355006248037114,-0.055299125012288286,0.33741366949765883,0.5912387109612274,0.01645034394923961
GTTCATTAGCTGAAAT-D2_NoStim,-0.05164529787356287,-0.03384082246858533,-0.24883719849639618,0.10899555639488234,-0.057958224914958834,0.1607528332584316,0.4573635578392352,0.0324452752528952
GTTCATTAGTGTTTGC-D2_NoStim,0.05925210552731741,-0.028424949094336682,-0.41830229861178836,0.1248978980537796,0.01988690319629427,0.3383992755457026,0.33310409197793156,0.08498589199908224
GTTCATTGTTCAGACT-D2_NoStim,0.008330515309721065,-0.03685481232663612,-0.2967334553555734,0.09265933227418444,-0.06468414478208118,0.2646480373558546,0.09241921381228302,8.255816593027987e-05
GTTCATTTCTGGCGTG-D2_NoStim,-0.1695334432782385,-0.030219952873171252,-0.25240155897903094,0.1669755121463563,-0.0394652406694771,0.13917590800826218,0.551575274105959,0.11466591847611163
GTTCGGGTCCGTACAA-D2_NoStim,0.006422796645308537,-0.05138744904257031,-0.6532724622657504,0.15205986282103368,-0.12644533758330923,0.33797606821333304,0.21272783561375608,0.03259558442271171
GTTCTCGCAAGTTAAG-D2_NoStim,0.031237067001899987,-0.09328078403530604,-0.4695971088032209,0.18256456060268356,-0.002465253912747656,0.3755435344456064,0.4399489510191126,0.09945338566493511
GTTCTCGCATAAAGGT-D2_NoStim,0.02704182275552114,-0.06794152445866786,-0.5635989120475671,0.09368502897537212,-0.24546745372660794,0.3002907706231417,0.07028536395674934,0.002401615274555624
GTTCTCGCATGACATC-D2_NoStim,0.033521720652077036,-0.0681216586248663,-0.5641786621281621,0.14477752760217832,-0.2745263319717566,0.3092999115417987,0.06036046167365772,0.006827419533708579
GTTTCTAGTCCGAACC-D2_NoStim,-0.17475071999229286,-0.21946733026479848,-1.2812260732162155,0.4003690927105801,-0.2545060010316522,0.4828149499689838,0.8742647486178017,0.1908213390780329
GTTTCTAGTCTCTTTA-D2_NoStim,-0.02101947244987379,-0.08869609970710535,-0.5095465046573651,0.06424473188265267,-0.0023695669726002677,0.24199646947121245,0.3017078752586553,0.03184777144986839
GTTTCTAGTTAAGACA-D2_NoStim,0.05910124420260665,-0.010657040375466664,-0.515980207591614,0.0724127903755516,-0.22947437495637146,0.18120152192924177,0.0806730923260508,0.05739502171419808
GTTTCTAGTTCCACGG-D2_NoStim,0.10268627233578975,-0.011747717621398479,-0.45728401430294774,0.14892659649428985,-0.0741062605147107,0.24305336711855574,0.08099680301505519,0.02543197669901609
TAAGAGAAGCCCAGCT-D2_NoStim,-0.13546343975850483,-0.2074895424775498,-0.7067756110356207,0.14775285806144645,-0.09328113218566614,0.4241100542271372,0.7212152202053925,-0.01421624677930744
TAAGAGAAGTTGAGAT-D2_NoStim,-0.009480169176697473,-0.06221197778155663,-0.33105300291062534,0.13071087490979494,-0.12024469818227423,0.2649035643691162,0.316538787215884,0.04906534199546719
TAAGCGTAGACAGGCT-D2_NoStim,0.04570276574831311,-0.04995775270659841,-0.5173526811821354,0.1305677201397053,-0.175368791148939,0.22995727402715804,0.11897288960499353,0.026914228435048315
TAAGCGTTCTTAACCT-D2_NoStim,0.02917566660924642,-0.08473301999026894,-0.6252750724926646,0.16927894427480794,-0.23520050753896626,0.3515341829932286,0.10735007392528306,0.02896529737902398
TAAGTGCAGTCCATAC-D2_NoStim,0.04340667162204248,-0.026224414007876007,-0.5808556694167191,0.11548619585524733,-0.33095950877423164,0.19819159933966546,0.1392906645050438,0.06902806683511642
TAAGTGCCACGAAACG-D2_NoStim,0.037115039958433016,-0.006819051780727392,-0.38553944482466207,0.09069985059159613,-0.14358896899964613,0.17642558599592828,0.041124169371607344,0.003630167499670378
TAAGTGCGTCAGAATA-D2_NoStim,0.054615944739300204,-0.038206228440889944,-0.3680063581558599,0.098096827209325,-0.08493329146684836,0.2444569802994545,0.10311521308504368,0.017108213254568128
TAAGTGCTCTGGGCCA-D2_NoStim,-0.0823681768545157,-0.12933619853848022,-0.4712183926892308,0.03641290122130769,-0.026777461743080266,0.246160167457659,0.21603476810703626,-0.02746437980388272
TACACGAAGTTTGCGT-D2_NoStim,-0.005115184763829106,-0.08980152191472257,-0.28683575566989994,0.19435205527092947,-0.03294987477957001,0.3664125651736372,0.6033747409256423,0.04924674312424315
TACACGACATATGGTC-D2_NoStim,0.021740333592958905,-0.013950164493492068,-0.7189048198482375,0.07590020824196664,-0.15650368697180816,0.2362653403875532,0.09008859002497882,-0.0027940425057675355
TACAGTGGTCTTCGTC-D2_NoStim,0.08285549386612523,-0.009383374492852425,-0.4255956448804401,0.126216853896862,-0.11038629704087555,0.24098335845454422,0.05996957502186273,0.011525352438678027
TACCTTAGTCTAAACC-D2_NoStim,-0.002502097865642483,-0.04359478452974486,-0.6114905405274396,0.1224523433704352,-0.25479014111360243,0.28272023023114556,0.2485221882419042,0.032893484741531864
TACGGATGTGATGATA-D2_NoStim,-0.03666506348655041,-0.048144156540441685,-0.4517416473873972,0.11825029312439916,-0.15918090522027484,0.2546028097285937,0.30672616976278544,-0.0010809159497853216
TACGGATTCCTCTAGC-D2_NoStim,-0.10760937625587275,-0.11093720877998159,-0.3359328057952844,0.004582130059501921,-0.07300563158563733,0.20655920423092056,0.12112091482631815,-0.02284948474513193
TACGGGCAGCTAGTTC-D2_NoStim,0.02683162619925561,-0.03764862967042859,-0.34778196122077354,0.07403403382251206,-0.14032520911815816,0.21200557582842627,0.10990806922739882,0.0033496495757816547
TACGGGCTCTGTCAAG-D2_NoStim,0.021926761544003526,-0.031396558986124035,-0.4187527558720703,0.09965932787581089,0.06755000571021341,0.29078052083911743,0.21121675127617756,0.016193091569856932
TACGGTAAGGGCTTGA-D2_NoStim,-0.2281364020880421,-0.18882622294015405,-0.8651438984463002,0.16224232354782409,-0.21061219032683454,0.41133918216548615,0.4760730612093358,0.02583401816662345
TACGGTAGTTATTCTC-D2_NoStim,0.06423313799267127,-0.06297999845540225,-0.5728241732013082,0.12046941093756658,-0.06764142098837489,0.31252440612661125,0.12994194221635613,0.02148689740431209
TACGGTAGTTCTCATT-D2_NoStim,0.0251653696102494,-0.03616845826689641,-0.5608506250439245,0.14989743656377463,-0.3035460918932724,0.1895525539098193,0.20195053630321524,0.07115891394711227
TACTCATCAAACTGCT-D2_NoStim,0.052827757128110164,-0.0395511833741633,-0.2648315991537604,0.109646360596102,-0.0964610974782314,0.2452832154871345,0.08044338406941876,0.010692192426308367
TACTCATGTAGTACCT-D2_NoStim,0.12268691444998936,-0.04819771149923113,-0.3546231535938915,0.05128024381543739,-0.04966265210409304,0.22202922542767212,0.032706483836609124,0.0577935243504939
TACTCATTCGGTTAAC-D2_NoStim,-0.0549563414617964,-0.02869061029899811,-0.27715983834259283,0.020241015573155607,-0.0813016252604033,0.16155585315299703,0.32922260545598014,0.03741323062328128
TACTCGCCAGACGTAG-D2_NoStim,0.024816911349867965,-0.10108569090273356,-0.5077734818775319,0.13025910382040173,-0.09441309318399149,0.31853409810876343,0.15715405764100376,0.025238911986221524
TACTCGCGTCCAGTTA-D2_NoStim,0.061213227151119654,-0.011884064503826508,-0.3150470140176882,0.0847801464521094,-0.07386776324493916,0.20485798907416974,0.026627086299615854,0.0076728435344275425
TACTCGCGTCCTAGCG-D2_NoStim,-0.20960671548887966,-0.17356006229744203,-0.6101179817409985,0.07771602259045984,-0.004992069787460807,0.34600047600033523,0.5216190440022777,-0.026404300869685926
TACTCGCGTCTTGATG-D2_NoStim,-0.09303417915222134,-0.1337068603346676,-0.4425813834064769,0.07958936909183656,-0.06381673094303508,0.23305172989206646,0.2999777322598467,-0.005299372812448411
TACTTACTCGTGGTCG-D2_NoStim,-0.008216219568950578,-0.10722346158493856,-0.40297869527131347,0.09316167501231298,-0.08133881189324121,0.22272420423025885,0.08462303219757894,0.015917021307362944
TACTTGTAGATATACG-D2_NoStim,-0.10261158699260342,-0.046453247695229294,-0.24737446316898826,0.07061597672018038,0.13128716968136445,0.16927355693013446,0.5563161905510698,0.034104937695857984
TACTTGTGTATATCCG-D2_NoStim,0.1017441842977771,-0.01871721184334163,-0.43333031525674315,0.07326636638837947,-0.05252238397242337,0.21826530654733922,0.0420297735375339,0.022517139468257952
TACTTGTGTCCTCCAT-D2_NoStim,0.04135221364466979,-0.004168829436151711,-0.3961341979693529,0.14301221042005707,-0.16465206693712098,0.2838477673061597,0.4994666748974774,0.06877973295470063
TAGACCAGTCTAAAGA-D2_NoStim,-0.12287461954506185,-0.16947819054236923,-0.689208412656857,0.22236174992911195,-0.07235344187066772,0.404622307744666,0.7009833386229163,0.07422255055046456
TAGAGCTCAGCGAACA-D2_NoStim,0.03974913381903278,-0.020259290611949865,-0.5518638223511907,0.14142783837831807,-0.16281835951290446,0.2030751530656021,0.10018377664147593,0.04048157770739458
TAGAGCTCAGTATAAG-D2_NoStim,0.07794601271085178,-0.023143880549804763,-0.6088474249833506,0.1602085092988581,-0.1800202444602732,0.2903337377488784,0.1430374473837155,0.04485158180628446
TAGAGCTGTTTCGCTC-D2_NoStim,0.0565102493916374,-0.06806940850377075,-0.6225496372141226,0.09157009811459993,-0.23889909755618,0.29185168616754353,0.0686731298757346,0.0008300442080546588
TAGCCGGAGTGCGATG-D2_NoStim,0.03704302698324469,-0.06407116043098071,-0.6534916581216592,0.11557641096801419,-0.138921299995463,0.2801232894928347,0.18141201358202697,0.0394104444248633
TAGCCGGCATGGTTGT-D2_NoStim,0.08328488369628317,-0.09328627708252313,-0.6619442463330039,0.08430167667180122,0.04171128270806079,0.3141821506469089,0.12867367147956976,0.050573812714283406
TAGCCGGGTCAGCTAT-D2_NoStim,-0.0595307008822239,-0.012950504422025944,-0.49983957873601526,0.007357384450124016,-0.05454098535332186,0.1161526485691855,0.17623746714746868,-0.002957301934623402
TAGCCGGGTCGACTAT-D2_NoStim,0.008504289934100129,-0.10978914676472407,-0.48506246019083576,0.18848635740148012,-0.09883836350956443,0.403746364389578,0.4306593521778348,0.07484954087062512
TAGGCATAGAAGGCCT-D2_NoStim,-0.0755718644559149,-0.1287101957782415,-0.5875117487025143,0.17004142048671156,-0.1776009088611552,0.33655251353303584,0.3023358903345388,0.06365391222306194
TAGGCATAGACTGTAA-D2_NoStim,-0.1511915904625507,-0.2088767549803876,-0.57531665016168,0.11364287000721518,-0.09877033275060221,0.39222634111408894,0.5256718058438192,0.04062363889548415
TAGGCATCACTTCGAA-D2_NoStim,0.05608477906678466,0.07187948341272943,-0.4918743846683533,0.05024854998895556,-0.13832462995555694,0.18243630916242992,-0.07301132464789628,-0.010469826483916478
TAGGCATCATTTGCTT-D2_NoStim,0.07562966767135215,0.010763932960751177,-0.4173792940339549,0.10740007317535571,-0.14909008875367036,0.21808994268458015,-0.031845246977368014,0.023242226240080655
TAGGCATGTCTAAACC-D2_NoStim,0.014005742760280881,0.06745498849226195,-0.4810716322412585,0.009942372117961895,-0.08215449282691267,0.1130460174363126,0.03898329519435517,-0.003889941643636874
TAGGCATTCAATACCG-D2_NoStim,0.033559765384833184,-0.09531649434938494,-0.5972486158992787,0.11243038619571699,-0.15030696581314373,0.21345999893085832,0.27522402191824114,0.03992438778712604
TAGTGGTCACATGTGT-D2_NoStim,0.1237755539049008,0.007489864997710427,-0.4791713010792833,0.13755022327331368,-0.16387091456338077,0.25352873995876557,0.0874302273062737,0.016756435603328512
TAGTGGTTCCCTCAGT-D2_NoStim,-0.04149766266493593,-0.07467980537054153,-0.7246386769181363,0.2644485718215073,-0.12914019047565617,0.35150870048777705,0.5065924266919541,0.09151001830054639
TAGTGGTTCCTGCTTG-D2_NoStim,0.04979474821650598,-0.06281608725423915,-0.41137939553498626,0.04009692576547863,-0.05136547988842999,0.2065799208635788,0.03675627977670359,0.009680827592861263
TAGTTGGAGTGTACGG-D2_NoStim,0.07117885492515619,-0.03032376998372044,-0.3999325151352089,0.05094411755960415,-0.09746589062571864,0.18822264270743538,0.03695967634478503,0.03932982503906324
TAGTTGGAGTGTCCAT-D2_NoStim,0.07419319779790001,-0.045399396441524686,-0.50793547661379,0.11121804006930525,-0.12090649436265544,0.25667293907426547,0.17737797432725966,0.021154772185388637
TAGTTGGGTAGCTCCG-D2_NoStim,-0.0621691355344165,-0.05468883729689189,-0.29849175851756193,0.15878643930662584,-0.06228095046400739,0.3271419324606324,0.6864380456278809,0.09791547854394089
TATCAGGGTTACGACT-D2_NoStim,-0.02088127326839917,-0.08239338231745563,-0.6522599826912803,0.15574910541639042,-0.2117085147393567,0.37671062161738433,0.31773035863949595,0.037774816369795516
TATCTCAGTACACCGC-D2_NoStim,0.036506010369787845,-0.0438314838667484,-0.2623434234700319,0.12889761650863818,-0.06429150130171024,0.28592111149540766,0.4338960620943393,0.04580311107337387
TATCTCATCAGTGCAT-D2_NoStim,0.016924652737024815,-0.05194909782772683,-0.5396306239884652,0.0791281516819744,-0.09177798622134681,0.2069573245276306,0.13979703500237495,0.01523247678589712
TATCTCATCGGAGCAA-D2_NoStim,-0.04817932558003335,-0.08803248886638926,-0.3191136420463305,0.05321935652038157,-0.0828186497627641,0.18299706552308947,0.14826547331732876,0.00946027457351839
TATGCCCAGATGCCAG-D2_NoStim,0.10948291535877175,0.03283354923073034,-0.3201806364683222,0.12541558308975276,-0.1690483567811878,0.19724468965787345,0.018224020184566037,0.028204146128365082
TATGCCCCAAGCGATG-D2_NoStim,0.07386564717205957,-0.008581037221807364,-0.452554637665866,0.06327764328143282,-0.14208891372262578,0.21156099916437388,0.013593902079589881,0.02446356320242593
TATTACCCAACACCTA-D2_NoStim,0.05084732126641889,-0.05031554535955607,-0.5299254199228756,0.1054443027731562,-0.2045889478357985,0.29428952528938623,0.08365677625591772,0.004951741950261379
TATTACCGTGCGAAAC-D2_NoStim,-0.03822372522856199,-0.06126000954980704,-0.5823011989470501,0.08235525753865147,-0.06483208552361397,0.20393469031607392,0.31024003963800606,0.03439684742094862
TATTACCGTGGGTCAA-D2_NoStim,0.08303596859594897,0.09468995409310565,-0.19733849944794812,0.04757595333523135,-0.0911815309808297,0.16535545166043164,-0.3045611400990209,0.03624640798031109
TATTACCTCCGTTGTC-D2_NoStim,-0.0014156549303194765,-0.0642175758273833,-0.6079047903135617,0.10246446839595436,-0.08417501901993596,0.3394746001870397,0.2066311599587758,0.018909489478611263
TCAATCTAGTGTTGAA-D2_NoStim,0.05583190835913676,-0.04249864095839406,-0.533273607022057,0.14131454497749907,-0.13447177762304463,0.2548266957818539,0.16481604587857746,0.05949938612069339
TCAATCTCACGCATCG-D2_NoStim,0.06731916646021041,0.030275486067299795,-0.3013909936144419,0.10673596848583955,-0.2350220063608841,0.15303641473156837,0.09274159146576988,0.013837194793174135
TCAATCTTCGCTGATA-D2_NoStim,0.07168568390190977,-0.07409500764783417,-0.4089761418337545,0.0642763893384064,-0.09870612104441356,0.2434573319788047,0.060167489927081874,-0.003740438471391272
TCACAAGGTGATGTCT-D2_NoStim,0.02551902823365282,-0.025521783645478635,-0.26203109361390453,0.13872543756313505,-0.073832337483001,0.2533701632508496,0.23278092904950043,0.02474326944210503
TCACAAGGTTACAGAA-D2_NoStim,0.01171916085321989,-0.07386995969791244,-0.25679755260450143,0.06853259850321969,-0.03476206446294405,0.23570786117090492,0.09528935565335406,-0.004935753917067132
TCACAAGTCTTACCGC-D2_NoStim,0.11395941006881216,0.0035939060317158322,-0.23132459728098276,0.10247339340019757,-0.06879286164275378,0.24830593692791147,0.03512942318850065,0.02175919372365165
TCAGATGAGCTGGAAC-D2_NoStim,-0.04081284363982718,-0.11659341070724238,-0.5590541401868041,0.14214604707589729,-0.09134534151686147,0.35639398184601134,0.3656630089577906,0.02326476960727497
TCAGATGCAAAGGAAG-D2_NoStim,0.0691127998159402,-0.03775981043967036,-0.4245431165043332,0.16589067757522002,-0.17979682183591628,0.2954868349319355,0.19996283881140098,0.04993732514332194
TCAGATGGTACCGCTG-D2_NoStim,0.005514112146100203,-0.0844498020929283,-0.3808107256632649,0.10511730529171004,-0.08904212334373085,0.2367431530283124,0.07374864057850594,0.012658152932345956
TCAGATGGTTACGGAG-D2_NoStim,0.08645880605789813,-0.02260081881468956,-0.47166603701939636,0.1058883834884412,-0.09066303808939935,0.2609647947263438,0.07932745292101462,0.013143483210733109
TCAGATGTCACCATAG-D2_NoStim,0.08679490727689476,-0.08686585343820319,-0.6473479549858361,0.11155917464148501,-0.20103819498102027,0.32015957565087305,0.11431058304793495,0.026280061959932155
TCAGCAAAGCCGATTT-D2_NoStim,0.09617125332667165,-0.05969570811323699,-0.5834894202651739,0.11906881232566668,-0.18677650383209254,0.2601800994977488,0.10038607006301792,0.01684751073820223
TCAGCAATCGGATGGA-D2_NoStim,0.10345490679805458,0.0009812787379424037,-0.35647121259322034,0.13471036369443823,-0.32310413766767354,0.24016133128420591,0.1363151926254993,0.038526863693274294
TCAGCTCAGAGCTGGT-D2_NoStim,0.007764297659150543,0.044171750964833834,-0.4126189863538734,0.04860602526984792,-0.2515691952815118,0.16548185078008615,0.12419053402787839,0.013251766965572287
TCAGCTCCATCCGGGT-D2_NoStim,0.08908340052269637,-0.026490796881491363,-0.4590322925849506,0.04908854941035834,0.14045979134221653,0.2815611935400728,0.06700121716416074,0.04366830113176334
TCAGCTCGTACAGTGG-D2_NoStim,-0.030807537634778726,-0.10929579753397256,-0.4894274115625894,0.16635110654107166,-0.0792376953638474,0.2521897300446829,0.3523807949704283,0.03905926850442221
TCAGGATGTCGCTTTC-D2_NoStim,0.09168655756848665,-0.028276664293422016,-0.46032428001721115,0.11483374651531442,-0.1723421959095912,0.256815736905466,0.09072657166738463,0.015340059117859184
TCAGGATTCGTACGGC-D2_NoStim,0.09403011904440284,-0.0619641372715698,-0.5400763158296584,0.10644104565038148,-0.1216922858343441,0.30750664729125887,0.07786903803427414,0.008483223941532003
TCATTTGAGGATCGCA-D2_NoStim,-0.16601587061213863,-0.12715388240843417,-0.4518796331424788,0.14384092494974965,-0.11518977977912925,0.4010871035418955,0.49292800287995764,0.022295342020193232
TCATTTGAGGTTACCT-D2_NoStim,0.08644094120785617,-0.015704187834829852,-0.48851950038726244,0.1272095241778839,-0.16715183553010604,0.22261929458317375,0.02230515014286727,0.019630014128480866
TCATTTGAGTCCTCCT-D2_NoStim,-0.01773942072193435,-0.05268645832060592,-0.6678171051976278,0.0876106608168179,-0.06138482982310478,0.2337156002578915,0.2783804717716043,0.027169348406772542
TCATTTGCACGAGGTA-D2_NoStim,-0.07436060193958305,0.0348616752440325,-0.3578574011365312,-0.01919763608497682,0.2582316189733511,0.31550192206205985,0.02910842840534933,0.0324075796342278
TCATTTGCAGGGTACA-D2_NoStim,0.04094898724196128,0.0486867172853902,-0.522859139132084,0.04436772253114718,-0.08373189360354338,0.14088021072300627,-0.06853739526031344,0.008905522495965101
TCCACACCACATTTCT-D2_NoStim,0.022978942377022804,-0.0077717979363089995,-0.43330649216001405,0.10176050295355488,-0.20076481603225815,0.18401158016855845,0.07345012050948618,0.06354569712695657
TCCACACGTCTAGCGC-D2_NoStim,-0.08852558693513579,-0.15451663117450387,-0.4770889810808878,0.13337342752481085,-0.11909154230899333,0.3199854056021527,0.23708285087155634,0.04059637137020289
TCCCGATGTGGTACAG-D2_NoStim,-0.04450552200340674,0.024736014398746065,-0.1362737690157072,-0.0018652153975313723,-0.2647941886581968,0.0707665481155999,0.09850258610315255,-0.012508027865797189
TCCCGATTCTTGGGTA-D2_NoStim,0.02227821586334322,-0.0687987771911871,-0.4313549439811091,0.09247244464005,-0.0108684570136095,0.2489751805485838,0.14387441570597126,0.026616456698874913
TCGAGGCAGTAGCGGT-D2_NoStim,0.0017525655570800325,-0.09599658598734528,-0.5108184502771547,0.11049016919545451,-0.10617891938345103,0.28188605578432213,0.12975645977078365,0.012393297536888781
TCGAGGCCAGATGGCA-D2_NoStim,0.06367379699206133,-0.051247373490820536,-0.5907560158580107,0.07956442302701205,-0.2474865564404034,0.30690477742196887,0.08414875916980957,0.00183549338991007
TCGAGGCTCGGATGGA-D2_NoStim,0.02383228937403281,-0.0424181487108406,-0.2940416534785655,0.1004094107059661,-0.02102242186800929,0.14613137237137863,0.12658113291606288,0.010605519629637072
TCGCGAGTCGGCGGTT-D2_NoStim,0.08724079641472038,-0.009304035371107133,-0.4172410681911618,0.09998534984030805,-0.07895023481869501,0.18263327919944494,-0.21183580992200124,0.025341216841386682
TCGCGTTAGCCTCGTG-D2_NoStim,0.017407979804513474,-0.07924705257832443,-0.6860411570894556,0.17078823752454397,-0.05975750368504151,0.37246102610433063,0.31786351164115256,0.013279103885627919
TCGCGTTCAATCTGCA-D2_NoStim,-0.22939610688088763,-0.2334611508323423,-1.0079127165640234,0.13901927572696593,-0.049154837166071275,0.5350574197842679,0.4477986577977058,0.008273717898251931
TCGCGTTTCCAAGTAC-D2_NoStim,0.07740908184244688,-0.05967539041758663,-0.5006793707285251,0.10899014446865252,-0.10189735773813524,0.2445362518148837,0.058137860552926135,0.010978374431315885
TCGGGACCAACACGCC-D2_NoStim,0.024032284514822422,-0.08823392273853514,-0.5984849591904062,0.10703754192224046,-0.17820152224695462,0.2953019884393342,0.0969423101772735,0.0018121595378950417
TCGGGACCACGGTAGA-D2_NoStim,-0.27401206366787,-0.24803129089600162,-0.4479569678493789,0.23979637409430232,-0.0016318527474155076,0.3178537747320638,1.4481594436486986,0.11491177497727989
TCGGGACTCCTTGCCA-D2_NoStim,-0.012165887792466634,-0.04916603981585155,-0.5122492149898132,0.08996263687137329,-0.09132857367988301,0.19586996173637772,0.17261953966727006,0.017119161260527704
TCGGTAACACATGACT-D2_NoStim,-0.03601802624793393,-0.09042558245579535,-0.3053975855167437,0.09946333686217912,-0.05326887525336588,0.22134443209506394,0.10444634614706505,0.012395419028555565
TCGGTAATCAGTTGAC-D2_NoStim,-0.10122568405309096,-0.14885465204094217,-0.7310205705340866,0.16486047439688356,-0.07408256484319686,0.3563934207905577,0.5441239269510794,0.038159085830516304
TCGTACCCATAGAAAC-D2_NoStim,0.0630866852841141,-0.057466705624865,-0.42560646659575063,0.09489436777091242,-0.2057409285490408,0.23651038295599847,0.14285507352245563,0.06854021021773171
TCGTACCTCAGTCAGT-D2_NoStim,0.06233612386477816,-0.055104319614112995,-0.625976012048385,0.08303299506494533,-0.2240567114862877,0.15201161027543542,0.04594555464124461,0.001184210385215323
TCTATTGAGAGGTACC-D2_NoStim,0.030795532752973642,0.001988202561701513,-0.30246701972916057,0.08418312393111904,-0.06768077820153096,0.26951179387063284,0.0975476462512308,0.02173636546190494
TCTCATACAACTGCGC-D2_NoStim,0.0729742504863431,0.04977542666227386,-0.23807577943364677,0.06307066887603341,-0.21692901138182918,0.1643237686975585,-0.15809580201291418,0.008657594089424236
TCTGAGACAGTACACT-D2_NoStim,0.009279118558954025,-0.04531802995092171,-0.3528344212565635,0.03994126371934037,-0.0475852222537263,0.1510002572191862,0.2492966340604834,0.024723044233089908
TCTGAGAGTGAAGGCT-D2_NoStim,0.05092382137289242,-0.0206554759688391,-0.4228754379381723,0.16095829623880853,-0.136685345915474,0.2732342318465637,0.10761294993442405,0.04257200254048499
TCTGAGAGTGGCCCTA-D2_NoStim,0.15513367053603488,-0.009798047226926343,-0.5604240465478156,0.13478210588258221,-0.10170544068616927,0.28189413206046154,0.149531730458226,0.073396121410088
TCTGGAATCGTCCAGG-D2_NoStim,0.07182755978930189,0.03153427910427631,-0.4962034923656944,0.08111317091284498,-0.11634533337536368,0.210348181881443,0.016585012280484257,0.010685487009396866
TCTTCGGAGGCAAAGA-D2_NoStim,0.01782902013953347,-0.02964260501279803,-0.40095604993546274,0.09952451328980416,0.059302592699364,0.35210129228793274,0.21281843861868666,-0.0071176688881955386
TCTTCGGCATGTCCTC-D2_NoStim,0.11673738033611691,0.07797083914743475,-0.5158763384221601,0.17521907829864425,-0.0864815696326442,0.27572554929682713,0.2509845513617357,0.1253229884379259
TCTTCGGTCTTCGGTC-D2_NoStim,0.025238807983523515,-0.0556998967465514,-0.5616443558991406,0.11419366257065278,-0.168062294589717,0.30740258057631387,0.10913743006295373,0.01627282115162565
TGAAAGACACAACGCC-D2_NoStim,0.0992683263634433,-0.032882790223002445,-0.4144999583000324,0.1167987250642959,0.0661959126688032,0.3342181712236254,0.20316816373123459,0.06849318278499794
TGAAAGACAGGCGATA-D2_NoStim,0.09369993950984856,-0.046380060269960666,-0.607678021952955,0.17142023727190825,-0.07279598986478497,0.3219889660893127,0.313863246672077,0.09032247506297608
TGAAAGACATTCCTGC-D2_NoStim,-0.13399870516219714,0.025481138628395072,-0.29884565412567987,-0.09937860618906136,-0.013759609262265826,0.1360742727180586,-0.16011526380323549,-0.07538722307378087
TGACAACAGTACTTGC-D2_NoStim,0.10891786759330557,-0.06088575628839088,-0.4487767642841902,0.0735407407963038,-0.08389848923270193,0.272639862296602,0.06578621256347628,0.026883969817166786
TGACAACCAGTTCATG-D2_NoStim,-0.07802115022064271,-0.1344600517304837,-0.37624599898760636,0.18730332412627781,-0.039762889661032474,0.32133722702893497,0.9494621340548406,0.10338597634738456
TGACGGCAGCCAGTTT-D2_NoStim,-0.012308007278246436,-0.06533152006209875,-0.3962004519930957,0.21535938501546248,-0.1270237344113987,0.2592594115958633,0.4462678396499644,0.13181132733332923
TGACTAGAGATCGATA-D2_NoStim,0.08841626947882908,0.0735645552450439,-0.4351623011575789,0.175517807533625,-0.2975879331832605,0.20443718718457315,0.14056147838193134,0.0980163343109215
TGACTAGGTAGGGTAC-D2_NoStim,-0.023387186513765812,-0.10977015354445463,-0.6738573411290716,0.11266203561251942,-0.15460886321933032,0.3120110669502738,0.15433556978751817,-0.005291103542113262
TGACTTTGTATTCTCT-D2_NoStim,0.01635079215720836,-0.028961366658169396,-0.861208425416411,0.23749637976572124,-0.18314055619479142,0.2780759410754712,0.39317719116081573,0.1597666890720646
TGAGCATAGGGTATCG-D2_NoStim,-0.07157018654502956,-0.08676358507961623,-0.21084720328398987,0.041534329512817436,-0.05806158859834731,0.16881243362298815,0.07519378790430054,-0.007975576837393916
TGAGCCGCATTGGCGC-D2_NoStim,-0.20377981343344054,-0.18433929865259557,-0.8102840851212463,0.20441469062298978,-0.18638365194470907,0.4311125085449401,0.3846681320576444,0.035800377799269256
TGAGCCGGTAGAAGGA-D2_NoStim,-0.07858170497066297,-0.14178315050206614,-0.4297096390663846,0.1441050751806312,-0.10211558294060019,0.2893675787188279,0.26219698517000456,0.04359309410986256
TGAGCCGTCAGCAACT-D2_NoStim,0.03213503536208506,0.007532882521910977,-0.3447844061975207,0.03680841618282393,-0.05739176846332761,0.1625862897454713,0.1066808831071615,0.025838060103469118
TGAGGGAAGGGCTTGA-D2_NoStim,0.025235049507372764,-0.008911394368922743,-0.6888975338683068,0.2572700279266531,-0.2630044374174254,0.29232200256853247,0.4697688351711147,0.17572021700232376
TGAGGGAGTTATGTGC-D2_NoStim,-0.015145224433290139,-0.07619667098803973,-0.6912415089069714,0.21843465537121354,-0.1428211759158149,0.27177450008639603,0.4352139841423588,0.08403403084058247
TGAGGGATCACGCGGT-D2_NoStim,0.03552949413247397,0.009541906865587535,-0.3498345877785596,-0.01693037349660642,-0.0038222628683719506,0.15018891333885875,0.005866018964823638,-0.016237444202030105
TGATTTCTCCTTTCTC-D2_NoStim,0.12338414077628101,0.02945306656535429,-0.6325477344813528,0.26156393731488237,-0.2235668714988872,0.45246333555522433,0.8512976980802858,0.11707578621341419
TGCACCTAGCGTGTCC-D2_NoStim,0.08982139993944216,-0.023732847308874483,-0.3999239629294884,0.09935172570894579,-0.0963937158781576,0.1535261518133222,0.028692870117961178,0.015491317521810544
TGCCAAACACGACGAA-D2_NoStim,0.06862531658013715,-0.015374959858297288,-0.5934998873798101,0.3583494133162013,-0.14273367188305564,0.4436207816707167,1.472842536796053,0.14498513571346372
TGCCCATCACATCCAA-D2_NoStim,0.014932772078708467,-0.09284204649205208,-0.20469559311810137,0.11158217823296468,-0.021556781453343277,0.2598859860799898,0.24938327043581765,0.026870485946753675
TGCCCATGTCCCGACA-D2_NoStim,0.040468670918739846,0.023122356971089886,-0.44269047673057926,0.18880010294440552,0.013752255450679485,0.34351244468984987,0.47747617271166565,0.10021361485491909
TGCCCTAAGACTAGAT-D2_NoStim,0.004592115951393083,-0.09137319952664313,-0.30074098738690047,0.10906202234413875,-0.04973524101763971,0.26346212338461683,0.2742098334020673,0.035854149574614524
TGCCCTACAATCCAAC-D2_NoStim,0.08985308208960063,-0.003808782894315854,-0.5621304597148118,0.14887193369365015,-0.10273646975076112,0.23963652996894158,0.05714061367454537,0.032245360913243815
TGCCCTAGTTATCACG-D2_NoStim,-0.0957893280930282,-0.1173419352873033,-0.18607750148084357,0.18019650183248714,0.0038306342711962316,0.21682140642795034,0.7702729672674762,0.11463220584378675
TGCGGGTCATCTGGTA-D2_NoStim,0.07497114000276106,-0.0636219506906528,-0.4015967741275386,0.09499608693338324,-0.1480673537588082,0.260478352370928,0.06298755516015309,0.001939038466124643
TGCTACCAGCTCAACT-D2_NoStim,0.08097560110338264,-0.04576246335138556,-0.2732120789625174,0.13067627250514136,-0.07504936704100906,0.2749257446137987,0.10985613861039045,0.029575342995176612
TGCTACCAGTGCGTGA-D2_NoStim,0.024319218723009683,-0.07380961322803614,-0.4427241395550734,0.1824441280013911,-0.049176312319092474,0.33684635058587986,0.39663447069807667,0.061832962484228204
TGCTACCCATGGGACA-D2_NoStim,-0.06446417296723084,0.0015666910762845987,-0.17172311511427552,0.06624349527029771,-0.05965482176005921,0.18655324754488323,0.24047741943003675,0.04844158905286555
TGCTACCTCAATAAGG-D2_NoStim,0.01426615933430142,-0.09420439764676303,-0.5791960524544706,0.12590451310482287,-0.1429414030442686,0.2184169209668667,0.16555086959809984,0.019476422846343766
TGCTGCTAGGCATTGG-D2_NoStim,0.06067498609297317,0.00474144833103729,-0.5641042740870148,0.14641976338386264,-0.16159180944190688,0.30992341171216253,0.09199976181032632,0.03732004814324341
TGCTGCTAGGTGCTTT-D2_NoStim,-0.14226271412487534,-0.11177090987593097,-0.6151871690599204,0.1306868324299142,-0.121788594255694,0.39160906298791254,0.2881413039029299,0.024599153776671656
TGGACGCAGACAGGCT-D2_NoStim,0.0349454118160164,-0.1035613347961295,-0.4908262294286736,0.1133330373432635,-0.10467651382979248,0.27970919963430774,0.15426366536621217,0.015348116074477502
TGGACGCGTCTAGCGC-D2_NoStim,0.06278727419189778,-0.05186163157023316,-0.3838485748044871,0.11188563376409277,-0.10166985109587223,0.28936645671483596,0.08187019441004884,0.02260656128180827
TGGACGCTCCCTCAGT-D2_NoStim,0.03197794503375562,-0.1222624762284319,-0.4757672579313468,0.10395962754603083,-0.05954585486094466,0.32846835388733986,0.22448560070878898,0.02842102212117581
TGGACGCTCTCACATT-D2_NoStim,-0.01253529781218532,-0.10373894529920591,-0.406439348683179,0.07877847593057119,-0.113793483005729,0.17034192967375894,0.13674122542007616,0.017426582908347754
TGGCCAGAGACAGGCT-D2_NoStim,-0.011438096472213388,-0.04708614642313336,-0.44969890611471897,0.04585901176174367,-0.17372251137308048,0.16630942024948414,0.08332688915832787,-0.0019650796306702745
TGGCCAGCAAAGGCGT-D2_NoStim,0.050894364941370895,-0.02659115986781302,-0.22714395388193154,0.08270991527565563,-0.0812703373382675,0.2421702222764539,0.11415322350730861,0.033976244316932025
TGGCCAGTCCTGCCAT-D2_NoStim,-0.0291100491209626,-0.039678234689779046,-0.5188021623499974,0.05923648224105271,-0.062276629334768074,0.21208900799634023,0.710296151752468,-0.006336394819424385
TGGCTGGAGAGTTGGC-D2_NoStim,0.12369155915484598,-0.017824776081678095,-0.4923775656579057,0.11275688687846497,-0.11648147379474061,0.28995644651061525,-0.04972010535470606,0.0411877714752098
TGGCTGGGTTCCTCCA-D2_NoStim,0.02430478415748638,-0.049223605667583215,-0.47037413692437724,0.07221410431652053,-0.12338661883045354,0.2475529819334632,0.06687254010941857,-0.002479834268168446
TGGGAAGTCCAAATGC-D2_NoStim,0.11607505916379779,-0.01240732351103091,-0.46956268180446514,0.07602033072553205,-0.11904927934237541,0.22601794666366537,0.05062283449818672,0.029141861119629908
TGGGCGTAGGGCTTGA-D2_NoStim,0.09173786260832095,-0.03350427426020097,-0.47131476831270014,0.1557791252867844,-0.09028561250226197,0.287245141597432,0.10170823960890107,0.024830385309847713
TGGGCGTCACTAAGTC-D2_NoStim,-0.10066949741831799,-0.1306687006682683,-0.3909877061924991,0.14086496878589116,-0.12592782372872158,0.28091248885894693,0.4077718911971697,0.026911376007438648
TGGGCGTCAGCAGTTT-D2_NoStim,0.06852640881998084,-0.009085558609388755,-0.5038590249118489,0.15133307083234548,-0.11416978034841385,0.2584861949804971,0.06436468963048014,0.027943090296677298
TGGTTAGAGTTGTAGA-D2_NoStim,-0.19219782739265767,-0.19456395732972354,-0.8469668135532444,0.1719529488460374,-0.18383119000435677,0.3204575943599721,0.4559333866110826,0.05459681176907338
TGGTTAGCAGACAAGC-D2_NoStim,-0.011760271645085751,-0.07127388674647328,-0.5718175139235733,0.16266959266524417,-0.04487861190075826,0.3337715159359069,0.26164623286259303,0.058993277279180134
TGGTTCCTCGGAGCAA-D2_NoStim,-0.08826832282396424,-0.04480667665186289,-0.47981813797084527,0.06436989125964665,-0.20757768945112254,0.2252928355217474,0.2853803521480982,0.0114038949851345
TGGTTCCTCTGCTGCT-D2_NoStim,0.05849253765985907,-0.10059622920425859,-0.5831204025599046,0.09369533870531299,-0.18605517862054022,0.3174514345897723,0.07704189496798808,0.021760218786425867
TGTATTCCAGTCACTA-D2_NoStim,0.021150708105402316,-0.07849297902020247,-0.47667336803564986,0.15043200160298653,-0.06780722546317897,0.32033198837625854,0.14529197842440844,0.03448340868231803
TGTATTCCATGTTGAC-D2_NoStim,0.04572030711362096,-0.07507392472321506,-0.22433341412060237,0.0864177064043119,-0.03953810811621494,0.23784198598540485,0.09645354231649383,0.01038087652451658
TGTATTCGTGACAAAT-D2_NoStim,-0.061364905787337776,-0.09274597754924052,-0.22391927635072406,0.07854370958146362,-0.04839669327499152,0.24973292681058368,0.31621805195375696,0.021066495557771958
TGTCCCAAGGGATGGG-D2_NoStim,0.07934944285962331,-0.0829132482599011,-0.6682655567169071,0.10471417733281818,-0.2562129923357599,0.33390509252480705,0.12044290315477557,0.008082458729322894
TGTCCCATCAGCAACT-D2_NoStim,0.08986438270636476,-0.07424126276310616,-0.46999458987012943,0.06478486235805825,-0.010610207149976958,0.26151435396811173,0.06796607134503763,0.016933707900156136
TGTCCCATCGCAGGCT-D2_NoStim,-0.08191421598746018,-0.08896888889541898,-0.4671545097854928,0.1285283822772154,-0.15663795428627658,0.21502880577130057,0.16240983625550687,0.012262836178134506
TGTGGTAAGAATGTTG-D2_NoStim,-0.062049290488708664,0.01630624850879414,-0.3096347166522033,0.001206145565408434,-0.19138955073036001,0.07649723651298856,0.38330923837734243,-0.01591701430102077
TGTGGTACACACCGCA-D2_NoStim,-0.13549689312539748,-0.16601553753999632,-0.35230650438112576,0.12400143397002061,-0.11480689628849738,0.442535807000386,0.32964861965610925,0.017904895187104586
TGTGGTACAGTGAGTG-D2_NoStim,-0.021740190919391722,-0.11379520008107669,-0.4321083229806071,0.11862466756921997,-0.22106896030784995,0.31487314999711646,0.15874208955224578,0.01729925692340828
TGTGGTAGTCAAAGAT-D2_NoStim,0.08060295211435964,0.011807533259446501,-0.21713117804770654,0.10050456478460035,-0.19589332258907355,0.2108307776640359,0.08404988331685281,0.008244284031347249
TGTGTTTCAGAGTGTG-D2_NoStim,-0.19903170026711337,-0.10997456975382924,-0.46404544604467723,0.20745326359522842,-0.15177905153068671,0.3371371157904903,0.6983473185121234,0.1046011714949806
TGTTCCGGTTCAGGCC-D2_NoStim,0.00676475692612577,-0.057411622750779046,-0.6415988339806731,0.14451234791836676,-0.0706651734590853,0.2610205333773674,0.1620964335163464,0.031365177659928634
TTAACTCCATACAGCT-D2_NoStim,0.05650406857386159,-0.05269121036126556,-0.5162541369868698,0.06126484046806446,-0.13003029121255416,0.2356304371336453,0.023136937811387703,0.015949567366414286
TTAACTCGTCTTGCGG-D2_NoStim,0.07815237997221125,-0.026446752127499806,-0.48435075321726195,0.15843485324765716,-0.11995965780912243,0.28028570500687344,0.13076294717685055,0.027800426222418295
TTAACTCGTTCGGCAC-D2_NoStim,0.06935551925682759,-0.019048880048357475,-0.6734946903357653,0.19585732078545703,0.07433962840444863,0.46742051516953254,0.8079551870328494,0.11692860814012462
TTAGGACTCGCACTCT-D2_NoStim,0.03868651746897278,-0.04587317620006104,-0.53487044863639,0.11741379260033469,-0.20769658033990268,0.23875136647790995,0.1842501118553983,0.06262039848941114
TTAGTTCCAACACCCG-D2_NoStim,0.014062762330180334,-0.11998887369411193,-0.5173418095439573,0.14883015680483958,-0.09304100503505808,0.33384229234397544,0.22471718558693432,0.020317494394062052
TTAGTTCCATTAGCCA-D2_NoStim,-0.022560109742180146,-0.10780857382362363,-0.8289770714873708,0.2378062482336798,-0.08870934769138472,0.3748340478698733,0.46998197081518445,0.0715535941161285
TTAGTTCTCTTGCAAG-D2_NoStim,0.07758561213453241,-0.08052238604125428,-0.7220784507435649,0.14784676099901795,-0.2994596766341875,0.34548957128217417,0.11056378043832371,0.01540474138514547
TTATGCTTCCTCAATT-D2_NoStim,0.019707982902101406,0.03482529557791736,-0.35344275297520333,0.00033201201734556207,-0.1299152713627567,0.10520523268087523,-0.14095408573168466,-0.0005469602586405387
TTCCCAGGTGAGTATA-D2_NoStim,0.012955693319577577,-0.036516156081821904,-0.35398918187762973,0.08483867256633815,0.10596906709019116,0.32712597790472486,0.42050707933572173,0.03658048445131712
TTCCCAGTCGAACGGA-D2_NoStim,-0.11356904265407408,-0.07140888152983038,-0.24265854736309755,0.05535210466477736,-0.080816347261079,0.2191093207073047,0.21095712940865674,-0.0018710364477563246
TTCGAAGTCATGTAGC-D2_NoStim,0.04227019859638936,-0.08487389584030325,-0.536526535511058,0.1271548972621659,-0.1910944651150146,0.24531211399730068,0.14589913240657726,0.027023631890873645
TTCGAAGTCGGCGCTA-D2_NoStim,-0.10141688924619174,-0.08982211109066007,-0.38116327539126615,0.10666672677690237,0.001783851427537897,0.3167351378701895,0.28805542219415603,0.00013375988920216741
TTCTACACATTCCTGC-D2_NoStim,0.08240168687868454,-0.07562738191543872,-0.4375626978828606,0.06321384347853964,-0.08985445505227574,0.28921540968750037,0.08708973525431407,0.03197363514617102
TTCTCAAAGAGTAATC-D2_NoStim,0.0006346265064234302,-0.08877624668558148,-0.6047052074503174,0.1470006032938187,-0.13440155371994145,0.2931249278415624,0.419131395092589,0.03598583398610877
TTCTCAATCCACGCAG-D2_NoStim,0.0677424121861776,-0.057043498289422345,-0.6608693742759524,0.1037942555926108,-0.16478823746882476,0.264731392798649,0.10765361812135499,0.022076677624008667
TTCTCCTAGCGTCTAT-D2_NoStim,0.10185216687353105,-0.040107528078459964,-0.3377070335214647,0.0975734719031891,-0.13919157188064446,0.1768356672542879,0.026492197543639406,0.0296984006812977
TTCTCCTGTAAGGGAA-D2_NoStim,-0.05347439570563317,-0.11617477189330039,-0.7491571579300835,0.18343464061645776,-0.09423357536108057,0.31426535492325414,0.4452637473557006,0.06261185944166492
TTGAACGCATAGAAAC-D2_NoStim,0.08612484047702296,-0.0003806112619191282,-0.5498337421270243,0.11944121855715295,-0.2481189606306966,0.21737138140801004,0.03503637755133404,0.019161765640504314
TTGAACGTCACGCGGT-D2_NoStim,0.01771351959641798,-0.051397765191341094,-0.33855243364399,0.08955820240936774,-0.07073501971351526,0.21893619288376964,0.12382763267610386,0.0068296929276741025
TTGAACGTCTTAACCT-D2_NoStim,-0.006440576923290919,-0.04995999283014463,-0.5861421538876623,0.10840909030067003,-0.21166953160510893,0.22973017414710206,0.2562536041887702,0.031954464891777334
TTGACTTCAAGCCGTC-D2_NoStim,-0.06708528647735257,-0.019698469869817714,-0.08225650387143979,-0.02711690967273306,0.19020889391822848,0.16317533207047497,0.12391988588137615,0.008409547384731653
TTGCCGTCAGGGCATA-D2_NoStim,0.03299273715189521,-0.09179878372532535,-0.5005178367025405,0.09711159353590126,-0.05691157826577786,0.24572493870090462,0.06327601082318601,-0.0010046211343937017
TTGCGTCTCCCTTGTG-D2_NoStim,0.06259397441182735,-0.0393197734217452,-0.4357247341417576,0.06759225480749897,-0.2130633247666598,0.20893203924839998,0.04496560988437892,0.028335196924725636
TTGCGTCTCTGCTGTC-D2_NoStim,-0.08165144156538062,-0.19301602953278163,-0.7323750868053196,0.0951118906716939,0.0460093665170227,0.3942635915986248,0.30133663135092625,0.0009078084407256881
TTGGAACAGATGTGGC-D2_NoStim,0.04340012561554296,-0.08625520595360214,-0.7017205062157892,0.10680567476371294,-0.21388489192852767,0.30595594960809613,0.053804585810757644,-0.0010490740652819852
TTGGAACGTGCGAAAC-D2_NoStim,-0.12049747368379116,-0.07450118476894474,-0.4203694331386476,0.14317668899948366,-0.17688992568973205,0.32836817984526867,0.46914632382358157,0.035847538405276325
TTGGCAACAGTCTTCC-D2_NoStim,0.05126792604640329,0.08182169026672526,-0.49164236509205317,0.10441472869264423,-0.05517937179986454,0.2812781371947146,-0.019114906165856205,0.015356723399392536
TTGGCAACATGCCCGA-D2_NoStim,0.0869598133122853,0.0040277958217895815,-0.3273699775615242,0.118366739222866,-0.1892740499852028,0.2400812079983421,0.11492328079300673,0.023150728057949266
TTGGCAATCTAAGCCA-D2_NoStim,-0.02773762206983399,-0.06214189894783573,-0.4321424826830409,0.04062816852133011,0.015300219347047062,0.3679889291052998,0.24053064084564646,0.055067334956273584
TTGTAGGGTCTGGAGA-D2_NoStim,0.0019140287331396166,0.04907871997151503,-0.5959203148677599,0.08510082297971167,-0.0933550445873319,0.2404185365204663,0.17596422188945393,0.05961966421133447
TTTATGCAGTCCTCCT-D2_NoStim,0.051149108598496085,-0.0380505233359667,-0.7989131910559593,0.17450006673134766,-0.29571081087330064,0.3195261302981951,0.3251667801549152,0.03930766966733401
TTTATGCGTTACTGAC-D2_NoStim,0.04277782801855956,-0.025259754262581424,-0.312331688288209,0.14593090658430619,-0.09203107612216321,0.3260903760029219,0.2257187149035662,0.06376218314808035
TTTATGCTCAGCTCTC-D2_NoStim,0.06735403599876655,0.00895552775499553,-0.40578371724919293,0.07054521801236824,-0.2554310578027419,0.1796091780033331,0.08078073910483674,0.061435221098312454
TTTATGCTCCGCATAA-D2_NoStim,0.04416883126458515,0.0154527191099465,-0.5788931719188763,0.12200928758130658,-0.17563822982955202,0.2596637582953081,0.07303412190823,0.03176223201769801
TTTGCGCAGAATTGTG-D2_NoStim,0.00042208046265557186,-0.04169486295816327,-0.2097067263471608,-0.020009383998234043,0.04686884936157654,0.09048878067361343,-0.04928937273359324,-0.015774259502018495
TTTGCGCTCACGCGGT-D2_NoStim,0.04085076594088122,-0.037772759633655895,-0.5114648531953812,0.12190558122791195,-0.2667696576481813,0.17713033887656415,0.12608572307401822,0.03503795065642201
TTTGTCAAGATAGGAG-D2_NoStim,-0.0644022528090904,-0.11706488848720298,-0.43606100400049996,0.07749710380551456,-0.07889309284205126,0.26621316698396846,0.26332669120165253,0.015612567855272985
TTTGTCACACATGTGT-D2_NoStim,-0.003971033863045648,-0.044019658503406944,-0.437274212081709,0.11907439114594176,-0.1207697891179631,0.2511421666262432,0.12232441281537376,0.010486877512105863
TTTGTCAGTTCGCGAC-D2_NoStim,-0.12517979602159457,-0.09925618524616198,-0.32857734744413314,0.09346017669403217,-0.11917340366444762,0.2220057358226537,0.3300740245326521,0.022118535771001646
