cell_barcode,factor_1,factor_2,factor_3,factor_4,factor_5,factor_6,factor_7,factor_8
AAACCTGGTCGCATCG-D1_Stim,0,0,0,1,0,0,0,0
AAACGGGAGCTATGCT-D1_Stim,1,1,1,1,0,1,1,1
AAACGGGCAAGACACG-D1_Stim,1,1,1,0,0,0,1,1
AAACGGGGTGCACCAC-D1_Stim,1,1,0,0,0,1,1,1
AAAGATGAGAACTCGG-D1_Stim,0,0,0,1,0,0,1,1
AAAGATGAGTACGCCC-D1_Stim,0,0,0,1,0,0,1,1
AAAGCAAAGAGCTATA-D1_Stim,1,1,1,0,0,0,0,0
AAAGCAAAGTACACCT-D1_Stim,0,1,1,1,0,1,1,0
AAAGCAATCTATGTGG-D1_Stim,0,1,1,1,1,0,0,1
AAATGCCCAGTCGATT-D1_Stim,1,1,1,1,0,0,1,0
AAATGCCGTCCGCTGA-D1_Stim,1,0,0,1,0,0,1,1
AAATGCCGTTAGATGA-D1_Stim,1,1,1,1,0,1,1,1
AACACGTGTAGCGATG-D1_Stim,0,0,0,1,0,0,0,1
AACACGTTCGAACGGA-D1_Stim,0,0,0,1,0,0,0,1
AACCATGAGACATAAC-D1_Stim,1,1,1,1,0,0,1,1
AACCGCGAGGTAGCCA-D1_Stim,0,0,0,0,0,0,0,0
AACCGCGCAATGAATG-D1_Stim,1,0,1,1,1,0,1,0
AACCGCGGTACACCGC-D1_Stim,0,0,0,1,0,0,1,1
AACCGCGGTTCTCATT-D1_Stim,1,1,1,0,1,0,0,0
AACTCAGGTTTGGCGC-D1_Stim,1,1,0,0,0,0,1,0
AACTCCCAGCCTATGT-D1_Stim,0,1,1,1,0,0,1,0
AACTCCCAGGCGATAC-D1_Stim,0,0,0,1,0,0,0,0
AACTCTTAGGAATGGA-D1_Stim,1,1,0,0,1,0,0,1
AACTCTTCACTTACGA-D1_Stim,1,1,1,1,0,0,0,1
AACTCTTCATGGTCTA-D1_Stim,1,1,1,0,0,0,0,0
AACTCTTGTCTAGTGT-D1_Stim,1,1,0,0,0,0,1,1
AACTCTTGTGTGAATA-D1_Stim,1,1,0,1,1,0,0,0
AACTGGTAGTGGACGT-D1_Stim,1,0,1,1,1,0,0,0
AACTGGTCAAAGGAAG-D1_Stim,0,0,0,1,0,0,0,1
AACTTTCCATGCCACG-D1_Stim,1,0,1,1,0,0,1,1
AACTTTCTCTGTTTGT-D1_Stim,0,0,0,1,0,0,1,1
AAGACCTCACTCTGTC-D1_Stim,1,1,1,0,0,0,1,0
AAGACCTGTGCCTTGG-D1_Stim,0,0,0,1,1,0,1,0
AAGACCTGTGCTAGCC-D1_Stim,0,0,0,0,0,0,0,1
AAGCCGCCAGCCACCA-D1_Stim,1,1,1,0,0,0,0,0
AAGCCGCTCGGTTCGG-D1_Stim,1,0,0,1,1,0,1,1
AAGCCGCTCTCAACTT-D1_Stim,1,0,0,1,0,1,1,1
AAGGAGCGTCGTCTTC-D1_Stim,1,0,0,1,0,0,0,1
AAGGAGCGTTAAGATG-D1_Stim,1,1,0,0,0,0,0,0
AAGGTTCTCAACACTG-D1_Stim,0,0,0,1,0,0,1,1
AAGGTTCTCCACGACG-D1_Stim,0,0,0,1,0,0,0,1
AAGTCTGAGAGTGAGA-D1_Stim,1,0,1,1,1,0,0,0
AAGTCTGAGCTGTCTA-D1_Stim,0,1,1,0,0,1,0,1
AAGTCTGTCATGGTCA-D1_Stim,1,1,1,1,0,0,0,1
AAGTCTGTCCGCGCAA-D1_Stim,1,0,0,1,0,0,1,1
AAGTCTGTCTCGGACG-D1_Stim,1,1,1,0,1,0,1,0
AATCCAGAGGCGATAC-D1_Stim,1,1,1,1,0,0,1,0
AATCCAGGTGTGAAAT-D1_Stim,0,0,0,1,0,0,1,1
AATCGGTCAGATGGCA-D1_Stim,0,1,0,1,0,0,0,0
AATCGGTCAGGCTCAC-D1_Stim,1,1,1,0,0,0,0,1
ACACCAATCCACTCCA-D1_Stim,0,0,0,0,0,0,0,0
ACACCAATCTGGTGTA-D1_Stim,0,1,0,0,0,0,1,1
ACACCCTCAAGCGCTC-D1_Stim,0,0,0,1,0,0,0,1
ACACCGGAGAATAGGG-D1_Stim,1,1,1,1,0,0,0,1
ACACCGGAGGAACTGC-D1_Stim,0,0,0,1,0,1,0,1
ACACCGGTCAAGGTAA-D1_Stim,0,0,0,1,0,1,1,1
ACACTGACAGTATAAG-D1_Stim,0,1,1,1,0,1,1,1
ACACTGAGTGTTTGGT-D1_Stim,0,0,0,1,0,0,0,1
ACAGCCGAGATAGTCA-D1_Stim,0,0,0,0,0,1,1,0
ACAGCCGAGTGGCACA-D1_Stim,1,1,1,1,1,0,0,1
ACAGCCGCATGGGAAC-D1_Stim,0,0,0,1,0,0,0,1
ACAGCCGGTAAGAGGA-D1_Stim,0,0,1,1,0,1,1,1
ACAGCTAGTGTTTGGT-D1_Stim,1,1,0,0,0,0,1,0
ACAGCTATCCGGCACA-D1_Stim,1,1,1,1,0,0,1,1
ACAGCTATCTCCCTGA-D1_Stim,0,0,1,1,1,0,1,0
ACAGCTATCTTACCGC-D1_Stim,1,1,0,1,0,0,0,1
ACATACGAGTTGCAGG-D1_Stim,1,1,1,1,0,0,0,1
ACATACGCATCACAAC-D1_Stim,1,0,0,1,0,0,1,1
ACATACGCATTCTTAC-D1_Stim,1,1,1,1,0,0,1,1
ACATACGGTGCAGGTA-D1_Stim,1,1,1,0,0,0,1,0
ACATACGGTTGCCTCT-D1_Stim,0,0,0,1,0,0,0,1
ACATACGTCTGTTGAG-D1_Stim,0,1,1,1,0,0,1,1
ACATCAGAGGCTAGCA-D1_Stim,1,1,0,1,0,0,1,1
ACATCAGCATGTAAGA-D1_Stim,0,1,1,1,0,1,1,0
ACATGGTGTAAGAGGA-D1_Stim,0,0,0,1,0,0,0,1
ACATGGTGTATAGTAG-D1_Stim,0,0,0,1,0,1,1,1
ACATGGTGTCGATTGT-D1_Stim,1,0,1,0,1,0,1,1
ACATGGTTCGGTCTAA-D1_Stim,1,1,1,1,0,1,1,1
ACCCACTCAATCTGCA-D1_Stim,1,1,1,0,0,0,0,0
ACCCACTCACACAGAG-D1_Stim,0,0,0,1,0,0,0,1
ACCCACTCATGAACCT-D1_Stim,1,1,1,1,0,0,0,1
ACCCACTGTCTGCAAT-D1_Stim,1,0,0,1,1,0,1,1
ACCCACTTCACATACG-D1_Stim,1,1,0,1,0,1,1,0
ACCCACTTCACGAAGG-D1_Stim,0,1,0,0,0,1,0,1
ACCGTAAAGGCTAGAC-D1_Stim,1,1,1,1,0,1,1,1
ACCGTAACACGGACAA-D1_Stim,1,1,1,0,0,0,0,0
ACCGTAATCGCATGAT-D1_Stim,1,0,0,1,1,0,1,1
ACCTTTACACACAGAG-D1_Stim,1,1,0,0,0,0,1,0
ACGAGCCCACATAACC-D1_Stim,0,0,0,0,0,0,0,1
ACGAGCCTCCTTTCGG-D1_Stim,0,0,0,1,0,0,0,1
ACGAGGAAGGGTTTCT-D1_Stim,1,0,1,0,1,0,0,1
ACGAGGACACCTATCC-D1_Stim,0,0,0,1,0,0,0,0
ACGAGGATCATACGGT-D1_Stim,1,1,1,0,0,0,0,0
ACGAGGATCCAATGGT-D1_Stim,1,1,0,0,1,0,0,0
ACGATGTAGGTTACCT-D1_Stim,1,1,0,1,0,0,1,1
ACGCAGCAGACAAGCC-D1_Stim,1,0,0,0,0,0,0,0
ACGCAGCAGGGTTCCC-D1_Stim,0,0,1,1,0,1,0,0
ACGCAGCGTATTCTCT-D1_Stim,0,0,0,1,0,0,0,1
ACGCAGCGTGCCTGCA-D1_Stim,1,1,1,0,1,0,1,1
ACGCAGCTCGAACTGT-D1_Stim,0,0,0,1,0,0,0,1
ACGCCAGGTCAATGTC-D1_Stim,0,0,0,1,0,0,0,1
ACGCCAGGTCCAGTAT-D1_Stim,0,0,0,1,0,0,0,1
ACGGCCAAGAAACCTA-D1_Stim,0,0,0,1,0,0,1,1
ACGGGTCAGCGATGAC-D1_Stim,0,0,0,1,0,0,0,1
ACGGGTCGTCAACTGT-D1_Stim,1,1,0,1,1,0,0,0
ACGGGTCGTGCGGTAA-D1_Stim,0,1,0,0,1,0,0,0
ACGTCAATCGCGTAGC-D1_Stim,1,0,0,1,0,0,1,0
ACTATCTCAACTGGCC-D1_Stim,0,1,1,1,0,1,1,1
ACTATCTTCCATTCTA-D1_Stim,0,0,0,1,0,0,1,1
ACTGAACAGCTATGCT-D1_Stim,1,1,0,1,0,0,0,0
ACTGAACCACCTGGTG-D1_Stim,1,0,0,1,0,0,0,0
ACTGAACGTAGAGCTG-D1_Stim,1,0,0,0,1,0,0,1
ACTGAACTCCGCGTTT-D1_Stim,0,0,0,0,0,0,0,0
ACTGAGTAGCCAGAAC-D1_Stim,1,0,0,1,1,0,0,1
ACTGAGTAGGACACCA-D1_Stim,1,1,0,0,0,0,1,1
ACTGAGTAGGCTCTTA-D1_Stim,1,0,1,1,1,0,0,0
ACTGCTCAGAGTGAGA-D1_Stim,1,1,1,1,0,0,1,1
ACTGCTCAGGATGCGT-D1_Stim,0,0,0,1,0,0,1,1
ACTGCTCCATTTCAGG-D1_Stim,0,0,0,1,0,0,0,1
ACTGTCCGTCTCTTTA-D1_Stim,1,0,0,0,0,0,1,1
ACTTACTTCTTGCCGT-D1_Stim,1,0,0,1,1,0,1,1
ACTTGTTAGTAGGTGC-D1_Stim,0,0,0,0,0,0,0,0
ACTTGTTAGTTGAGTA-D1_Stim,1,1,0,1,1,0,0,1
ACTTGTTCAATAGCGG-D1_Stim,0,1,1,1,0,1,1,1
ACTTGTTCAGGTTTCA-D1_Stim,0,1,0,1,0,0,1,1
ACTTGTTGTACTCTCC-D1_Stim,1,0,0,1,0,0,0,1
ACTTGTTTCCGAAGAG-D1_Stim,0,1,0,0,0,1,1,0
ACTTGTTTCTCTGCTG-D1_Stim,1,1,1,1,1,0,1,1
ACTTTCAAGCGTCTAT-D1_Stim,1,0,0,1,0,0,1,1
ACTTTCACAAGTAGTA-D1_Stim,1,1,1,1,0,0,0,1
ACTTTCACACAACTGT-D1_Stim,1,1,1,1,0,0,1,0
ACTTTCATCACCACCT-D1_Stim,1,1,0,1,0,0,1,1
ACTTTCATCATACGGT-D1_Stim,1,1,1,1,0,0,1,0
ACTTTCATCCAAGTAC-D1_Stim,1,1,1,1,0,0,1,1
AGAATAGGTCCGTCAG-D1_Stim,1,1,1,1,1,0,0,1
AGACGTTCAAGCTGGA-D1_Stim,0,0,0,1,0,0,0,0
AGACGTTCAAGGACTG-D1_Stim,1,1,1,0,0,0,1,1
AGACGTTGTCAATGTC-D1_Stim,1,1,1,0,0,0,1,1
AGAGCGACAAGAGTCG-D1_Stim,1,0,1,0,1,0,1,1
AGAGCGATCAAGCCTA-D1_Stim,1,1,1,1,0,0,1,1
AGAGCTTCATCGACGC-D1_Stim,1,1,1,1,0,0,1,1
AGAGCTTGTCTAGTCA-D1_Stim,1,0,1,1,1,0,1,1
AGAGCTTGTTCAGACT-D1_Stim,1,0,1,1,1,0,1,1
AGAGTGGAGGTACTCT-D1_Stim,1,1,1,0,1,0,0,1
AGAGTGGCAGTAAGCG-D1_Stim,1,1,0,1,0,0,1,0
AGAGTGGGTTAGAACA-D1_Stim,1,1,0,0,0,0,0,0
AGATCTGAGCCCAGCT-D1_Stim,0,0,1,0,0,0,0,0
AGATCTGAGTGGTCCC-D1_Stim,1,1,1,0,1,0,1,1
AGATCTGCATGATCCA-D1_Stim,0,0,0,1,0,0,0,1
AGATCTGCATGCCTTC-D1_Stim,0,0,0,1,0,0,1,1
AGATCTGCATGGAATA-D1_Stim,1,1,0,0,0,0,1,0
AGATCTGGTATTCGTG-D1_Stim,1,1,0,1,0,0,0,1
AGATTGCCATTATCTC-D1_Stim,1,1,1,1,0,0,1,0
AGATTGCTCACCCGAG-D1_Stim,0,0,1,1,0,0,1,1
AGCAGCCCACACATGT-D1_Stim,1,1,1,0,0,0,1,0
AGCAGCCGTCGTTGTA-D1_Stim,1,0,1,0,1,0,0,1
AGCAGCCGTGTGACCC-D1_Stim,0,0,0,0,0,0,0,0
AGCAGCCTCTCTAAGG-D1_Stim,0,0,0,0,0,0,1,0
AGCATACGTCTCAACA-D1_Stim,0,1,1,1,0,1,0,1
AGCATACTCACCACCT-D1_Stim,1,1,0,1,1,0,1,1
AGCATACTCGGTTAAC-D1_Stim,0,0,0,1,0,0,1,1
AGCCTAACACGGATAG-D1_Stim,0,0,0,0,0,0,0,1
AGCCTAACATTTCACT-D1_Stim,0,0,0,1,0,1,1,1
AGCCTAAGTCCCTACT-D1_Stim,0,0,0,0,0,0,1,1
AGCCTAATCCAAGTAC-D1_Stim,1,0,1,1,0,0,1,1
AGCCTAATCTGTTTGT-D1_Stim,0,0,0,1,0,0,1,1
AGCGGTCGTGAGTATA-D1_Stim,0,1,0,1,0,0,1,0
AGCGGTCGTTCCATGA-D1_Stim,1,0,0,1,0,0,1,1
AGCGGTCTCCTTGACC-D1_Stim,1,1,1,1,1,0,1,1
AGCGTATAGAGGTTGC-D1_Stim,0,0,1,0,0,0,1,0
AGCGTATAGCCAGTTT-D1_Stim,1,1,1,1,0,0,0,0
AGCGTATAGCTACCGC-D1_Stim,1,0,0,1,0,0,1,0
AGCGTATCACAACTGT-D1_Stim,0,1,0,1,0,0,0,0
AGCGTATGTCTAGTGT-D1_Stim,1,1,1,0,0,0,1,1
AGCGTCGCAACTGCTA-D1_Stim,1,1,0,1,0,0,1,1
AGCGTCGCAGCTGTGC-D1_Stim,1,0,1,0,0,0,1,0
AGCTCCTAGACAAGCC-D1_Stim,0,1,0,1,0,1,0,1
AGCTCCTTCTCATTCA-D1_Stim,1,0,1,1,0,0,0,1
AGCTCTCTCATGTGGT-D1_Stim,1,1,1,1,0,0,1,0
AGCTTGAAGAGGGATA-D1_Stim,1,0,1,1,0,0,1,1
AGCTTGAAGGGCTTGA-D1_Stim,1,0,1,1,0,0,1,1
AGCTTGATCATTTGGG-D1_Stim,0,0,0,1,0,0,1,1
AGGCCACAGTGTGAAT-D1_Stim,1,0,1,1,1,0,1,1
AGGCCACCAGTCGTGC-D1_Stim,0,1,0,0,0,0,1,0
AGGCCACGTAAATACG-D1_Stim,1,1,1,1,0,0,1,1
AGGCCGTAGACCACGA-D1_Stim,0,0,0,1,0,0,1,1
AGGCCGTCAAACGTGG-D1_Stim,0,0,0,0,0,0,0,0
AGGCCGTCAGGTCTCG-D1_Stim,1,0,1,0,0,0,0,0
AGGCCGTGTAGATTAG-D1_Stim,1,1,0,0,0,0,1,0
AGGCCGTGTCGACTAT-D1_Stim,0,0,0,1,0,1,1,1
AGGCCGTTCTCTTATG-D1_Stim,1,1,1,1,0,0,0,1
AGGGAGTAGACAGACC-D1_Stim,0,0,0,1,0,0,0,1
AGGGAGTAGGCATTGG-D1_Stim,0,0,0,0,0,0,0,0
AGGGAGTCACCCAGTG-D1_Stim,0,1,0,0,0,0,0,0
AGGGAGTCAGGGTATG-D1_Stim,0,0,0,1,0,0,1,0
AGGGAGTCAGTAAGAT-D1_Stim,0,1,1,1,0,0,1,1
AGGGAGTGTCTCCCTA-D1_Stim,0,1,0,1,0,0,0,0
AGGGTGAAGCTAGGCA-D1_Stim,1,1,1,1,0,0,1,1
AGGGTGACAAAGGAAG-D1_Stim,0,0,0,1,0,0,0,1
AGGGTGACAAGTCTAC-D1_Stim,0,0,1,1,0,0,0,0
AGGTCCGAGTAGGCCA-D1_Stim,1,1,1,1,0,0,1,1
AGGTCCGCAAGGACAC-D1_Stim,1,1,1,1,0,0,0,1
AGTAGTCCAAGTCTAC-D1_Stim,0,0,0,1,0,0,1,1
AGTAGTCTCGTAGGAG-D1_Stim,0,0,0,0,0,0,0,0
AGTCTTTAGTGGGTTG-D1_Stim,1,0,1,1,0,0,1,1
AGTCTTTGTAAGTGTA-D1_Stim,1,1,1,1,0,1,1,0
AGTCTTTGTGCCTTGG-D1_Stim,1,1,1,1,0,1,1,1
AGTCTTTTCGTACCGG-D1_Stim,0,0,0,1,0,0,0,0
AGTGAGGAGACGCAAC-D1_Stim,1,1,1,1,0,0,1,1
AGTGAGGCATCTCGCT-D1_Stim,1,1,1,1,1,0,1,1
AGTGAGGTCCTCAATT-D1_Stim,1,1,1,1,0,0,1,0
AGTGGGAGTATGCTTG-D1_Stim,1,1,1,1,0,0,1,0
AGTGTCAAGTCTCAAC-D1_Stim,0,0,0,1,0,1,0,1
AGTTGGTAGGCATGGT-D1_Stim,1,1,0,0,0,0,0,1
AGTTGGTGTAGCGATG-D1_Stim,1,1,1,1,1,0,1,1
AGTTGGTGTAGTGAAT-D1_Stim,0,0,0,1,0,0,1,1
AGTTGGTGTGCAGGTA-D1_Stim,1,1,1,1,0,0,1,1
ATAACGCAGCTAGCCC-D1_Stim,1,0,0,1,0,0,0,1
ATAAGAGAGAAAGTGG-D1_Stim,1,0,0,1,0,0,0,0
ATAAGAGAGAGCTGGT-D1_Stim,1,0,0,1,0,0,0,1
ATAAGAGAGGACGAAA-D1_Stim,1,1,1,1,0,1,1,1
ATAAGAGCATAAAGGT-D1_Stim,0,0,0,1,0,1,0,1
ATAAGAGGTCTAAACC-D1_Stim,0,1,1,1,0,1,1,0
ATAAGAGTCCAATGGT-D1_Stim,0,1,0,0,0,0,0,0
ATAGACCGTAATTGGA-D1_Stim,1,1,1,0,0,0,1,0
ATAGACCTCTCCGGTT-D1_Stim,0,1,0,0,0,1,1,0
ATCACGAAGTAGGTGC-D1_Stim,0,0,0,1,0,0,1,1
ATCATCTCATTTCAGG-D1_Stim,1,1,1,1,0,0,1,0
ATCATCTGTCCGTTAA-D1_Stim,1,1,0,1,0,1,1,1
ATCATCTGTGCGGTAA-D1_Stim,1,1,1,1,0,0,0,0
ATCATGGCAGCCACCA-D1_Stim,0,0,0,1,0,1,0,0
ATCCACCTCCTGTACC-D1_Stim,1,1,0,0,0,0,0,0
ATCCGAAGTAAATACG-D1_Stim,1,1,1,0,0,0,0,1
ATCGAGTAGCCAGTAG-D1_Stim,1,1,1,1,0,1,1,1
ATCTACTAGGCCATAG-D1_Stim,1,1,1,1,0,1,1,0
ATCTGCCCAAAGCAAT-D1_Stim,1,1,0,1,0,0,1,0
ATCTGCCCAGGGTTAG-D1_Stim,0,1,1,0,0,0,1,0
ATCTGCCGTAGGGACT-D1_Stim,0,0,0,1,0,0,0,1
ATCTGCCTCTTGGGTA-D1_Stim,1,0,1,0,1,0,0,1
ATGAGGGAGTACTTGC-D1_Stim,0,0,1,1,0,0,1,0
ATGCGATCAAGGACAC-D1_Stim,0,1,1,1,0,0,1,1
ATGGGAGAGTACGTAA-D1_Stim,1,1,1,1,0,1,1,1
ATTACTCAGTTCCACA-D1_Stim,1,1,1,0,0,0,0,0
ATTACTCTCAGAGACG-D1_Stim,1,1,1,1,1,0,1,1
ATTACTCTCGATAGAA-D1_Stim,1,0,0,1,1,0,1,1
ATTCTACAGCCCAACC-D1_Stim,1,1,0,1,0,0,1,1
ATTCTACCAAGGACTG-D1_Stim,0,0,0,1,0,0,0,1
ATTCTACGTAATCACC-D1_Stim,1,1,1,0,0,0,0,0
ATTCTACGTCTCTCGT-D1_Stim,1,1,1,1,0,0,0,1
ATTGGACCAGGGATTG-D1_Stim,0,0,0,1,0,0,0,1
ATTGGTGCACCAACCG-D1_Stim,1,1,1,1,0,0,0,1
ATTGGTGGTGGTTTCA-D1_Stim,0,1,0,1,0,0,0,1
ATTGGTGGTTACCGAT-D1_Stim,1,1,0,1,0,0,1,1
ATTGGTGTCCTAGTGA-D1_Stim,0,1,1,1,0,0,1,1
ATTTCTGCAATGTAAG-D1_Stim,0,0,0,1,0,0,0,1
ATTTCTGGTCTTCAAG-D1_Stim,0,1,1,1,0,0,1,1
ATTTCTGTCAACGCTA-D1_Stim,1,1,1,1,0,0,1,0
ATTTCTGTCTATCCTA-D1_Stim,1,1,1,0,1,0,0,1
CAACCAAAGTTATCGC-D1_Stim,0,0,1,1,0,1,1,1
CAACCAAGTCCAAGTT-D1_Stim,1,0,0,1,0,0,1,1
CAACCAAGTGACAAAT-D1_Stim,0,0,0,0,0,0,0,0
CAACCAAGTTGAGTTC-D1_Stim,1,1,0,1,0,0,1,0
CAACCTCAGTACATGA-D1_Stim,0,0,0,0,0,0,0,1
CAACCTCGTATCTGCA-D1_Stim,1,1,0,0,0,0,0,1
CAACCTCTCCATTCTA-D1_Stim,1,1,1,1,0,0,1,1
CAACTAGAGTGGGTTG-D1_Stim,1,1,0,0,0,0,1,0
CAACTAGGTGCACGAA-D1_Stim,1,1,1,1,0,1,1,1
CAAGAAAAGAAGGTGA-D1_Stim,0,1,0,1,0,0,1,0
CAAGAAAAGAATGTGT-D1_Stim,1,1,1,0,1,0,0,0
CAAGAAAAGACAATAC-D1_Stim,1,1,1,0,0,0,0,1
CAAGAAAAGTGCGATG-D1_Stim,1,1,0,1,0,0,0,1
CAAGAAACACAACGTT-D1_Stim,0,0,0,1,0,1,1,0
CAAGAAAGTACGCTGC-D1_Stim,1,0,0,0,0,0,0,1
CAAGAAAGTCGCTTCT-D1_Stim,1,1,1,1,1,0,1,1
CAAGAAATCTGCGACG-D1_Stim,0,0,0,1,0,1,1,1
CAAGATCAGCGAAGGG-D1_Stim,0,0,0,1,0,0,1,1
CAAGATCGTCTTCTCG-D1_Stim,0,0,0,1,0,0,0,1
CAAGTTGAGCTTATCG-D1_Stim,1,1,1,1,0,0,1,1
CAAGTTGCAATGCCAT-D1_Stim,1,0,0,1,1,0,0,1
CAAGTTGGTACTCAAC-D1_Stim,1,1,1,0,0,0,1,1
CAAGTTGGTAGCGTCC-D1_Stim,0,0,0,1,1,0,1,1
CACACAAAGACCTTTG-D1_Stim,0,0,1,1,1,0,0,1
CACACAACAGTGGAGT-D1_Stim,1,1,1,1,1,0,0,0
CACACAATCGTGGACC-D1_Stim,1,1,1,1,0,0,1,1
CACACCTAGGATGGAA-D1_Stim,1,1,1,0,0,0,0,0
CACACCTTCAACGGGA-D1_Stim,1,0,0,1,0,0,0,1
CACACCTTCCACGACG-D1_Stim,0,0,0,1,0,0,0,1
CACACCTTCCGTCATC-D1_Stim,0,0,0,0,0,0,0,0
CACACTCAGGGTGTTG-D1_Stim,0,0,0,1,0,0,1,0
CACACTCAGTTCGCGC-D1_Stim,1,1,0,0,0,0,0,1
CACACTCCAATGGACG-D1_Stim,0,0,0,1,0,0,1,1
CACACTCCAGTTAACC-D1_Stim,1,0,1,1,0,0,1,1
CACACTCTCCCACTTG-D1_Stim,0,0,0,0,0,0,1,1
CACACTCTCTGCAGTA-D1_Stim,0,1,1,1,0,1,0,1
CACAGGCCAAGGTGTG-D1_Stim,0,0,1,1,0,1,1,0
CACAGGCGTACCGGCT-D1_Stim,0,0,0,1,0,0,1,1
CACAGGCGTCTCGTTC-D1_Stim,1,1,1,1,0,0,1,1
CACAGGCTCCTTAATC-D1_Stim,1,1,1,1,0,0,0,0
CACAGTAAGCAATCTC-D1_Stim,0,0,0,0,0,0,0,0
CACAGTAAGCCACTAT-D1_Stim,0,0,1,1,0,0,0,0
CACAGTAAGGTGTTAA-D1_Stim,1,1,1,0,0,0,0,0
CACAGTACACTAAGTC-D1_Stim,0,1,0,1,0,0,0,0
CACAGTACAGACAAAT-D1_Stim,1,0,1,1,0,0,1,1
CACAGTAGTAGTAGTA-D1_Stim,0,1,1,0,0,1,1,1
CACAGTATCTTGCAAG-D1_Stim,0,1,1,1,0,1,0,1
CACATAGCACCGAATT-D1_Stim,0,0,0,1,1,0,0,1
CACATAGCAGCGTTCG-D1_Stim,1,1,0,1,0,0,1,1
CACATAGGTTATGTGC-D1_Stim,1,1,1,1,0,0,1,0
CACATTTAGTACCGGA-D1_Stim,0,0,0,1,0,0,1,1
CACATTTTCCCAAGAT-D1_Stim,1,0,0,1,0,0,0,1
CACATTTTCTTTACGT-D1_Stim,1,1,1,0,0,0,1,0
CACCACTAGCGATATA-D1_Stim,0,1,1,1,0,1,0,1
CACCACTTCGAATGGG-D1_Stim,0,0,0,1,0,0,0,1
CACCAGGCAGTATGCT-D1_Stim,1,0,1,1,1,0,1,1
CACCAGGGTAGCCTAT-D1_Stim,1,1,1,1,1,1,1,1
CACCAGGTCCAGAGGA-D1_Stim,1,0,1,0,0,0,1,1
CACCTTGGTACCTACA-D1_Stim,1,1,1,0,0,0,1,0
CACCTTGGTCTTCAAG-D1_Stim,0,0,1,1,0,0,0,1
CACCTTGTCATCTGCC-D1_Stim,0,0,0,1,0,0,0,1
CACTCCACAATAGCGG-D1_Stim,0,0,1,1,0,0,0,1
CACTCCATCATAGCAC-D1_Stim,1,1,0,1,0,0,0,1
CAGAATCCACTAAGTC-D1_Stim,1,0,0,1,1,0,0,1
CAGAATCCAGGGTATG-D1_Stim,1,1,1,0,0,0,0,1
CAGAATCCAGTGAGTG-D1_Stim,1,1,1,1,0,0,1,0
CAGAATCGTTGACGTT-D1_Stim,1,1,1,1,0,0,1,0
CAGAGAGAGCTCCCAG-D1_Stim,1,1,1,1,0,0,1,1
CAGAGAGCACGGACAA-D1_Stim,1,0,1,1,1,0,1,1
CAGAGAGTCAAACAAG-D1_Stim,0,0,0,1,0,0,0,1
CAGATCACAAGACACG-D1_Stim,1,1,0,1,0,0,0,1
CAGATCATCAACACCA-D1_Stim,1,0,0,1,0,0,0,1
CAGCAGCAGCAGATCG-D1_Stim,1,0,0,0,0,0,0,0
CAGCAGCGTAAGGATT-D1_Stim,0,0,0,1,0,0,0,1
CAGCAGCTCGGTTAAC-D1_Stim,1,1,1,0,0,1,1,0
CAGCATATCAAACAAG-D1_Stim,1,1,1,1,0,1,1,0
CAGCATATCTGGTTCC-D1_Stim,1,1,1,1,0,0,1,1
CAGCCGAAGAAACCGC-D1_Stim,1,0,0,1,0,0,0,1
CAGCCGAAGGTGTTAA-D1_Stim,1,0,0,1,1,0,0,1
CAGCCGATCCCGACTT-D1_Stim,0,0,1,1,0,1,1,0
CAGCGACTCACCAGGC-D1_Stim,0,0,0,1,0,1,1,1
CAGCTAAAGCCACGTC-D1_Stim,0,0,0,1,0,0,1,1
CAGCTAACACGCGAAA-D1_Stim,1,1,1,1,0,1,1,1
CAGCTAACAGTAAGCG-D1_Stim,1,1,1,1,0,0,1,1
CAGCTAACATCACGTA-D1_Stim,0,0,0,0,0,0,0,0
CAGCTAAGTCGACTAT-D1_Stim,1,1,1,1,0,0,1,0
CAGCTGGAGGCCGAAT-D1_Stim,0,1,1,0,0,0,1,0
CAGCTGGAGGTGGGTT-D1_Stim,1,0,1,0,0,0,1,1
CAGGTGCCACGTCAGC-D1_Stim,1,1,0,0,0,0,0,0
CAGGTGCGTCGGCATC-D1_Stim,1,0,0,1,1,0,0,1
CAGGTGCTCAGCCTAA-D1_Stim,0,0,0,1,0,0,1,1
CAGGTGCTCAGGCAAG-D1_Stim,1,0,0,1,0,0,0,1
CAGTAACGTCATCCCT-D1_Stim,0,0,0,0,0,0,0,0
CAGTAACGTCTTCAAG-D1_Stim,1,0,0,1,0,0,1,1
CAGTAACGTGTTGAGG-D1_Stim,0,0,0,1,0,0,0,0
CAGTAACTCAGCAACT-D1_Stim,1,1,1,1,1,0,1,1
CAGTCCTAGTCCCACG-D1_Stim,0,0,0,0,0,0,1,1
CAGTCCTGTGTTAAGA-D1_Stim,1,1,1,0,0,0,1,0
CATATGGAGCTGAACG-D1_Stim,1,1,1,1,0,0,1,1
CATATGGAGGGTCTCC-D1_Stim,0,0,0,0,0,0,0,0
CATATGGTCACTGGGC-D1_Stim,1,1,1,1,0,0,0,1
CATATTCAGACACTAA-D1_Stim,1,0,0,1,1,0,1,0
CATATTCAGTACACCT-D1_Stim,1,0,0,1,0,0,1,1
CATATTCTCAGAAATG-D1_Stim,1,0,1,1,1,0,1,1
CATATTCTCTTGAGGT-D1_Stim,0,0,0,0,0,0,0,0
CATCAAGGTAGCGCAA-D1_Stim,1,1,0,0,0,0,1,0
CATCAAGGTCCTAGCG-D1_Stim,0,0,0,0,1,0,0,0
CATCAAGTCCCTTGTG-D1_Stim,0,1,1,1,0,1,1,0
CATCAGATCAGCAACT-D1_Stim,0,0,0,1,0,0,1,1
CATCCACAGCTAGCCC-D1_Stim,1,0,0,1,0,0,0,1
CATCCACTCACCCTCA-D1_Stim,1,0,1,1,0,0,0,1
CATCGAAAGATGGCGT-D1_Stim,1,1,1,0,1,0,1,0
CATCGAACAGCCTGTG-D1_Stim,1,1,0,0,0,0,1,1
CATCGAATCAAACAAG-D1_Stim,0,1,1,1,0,0,1,0
CATCGAATCAGCGATT-D1_Stim,1,1,1,1,0,0,0,1
CATCGGGGTTTGCATG-D1_Stim,0,0,0,1,0,1,1,1
CATGCCTCAGTAACGG-D1_Stim,1,1,1,0,0,0,0,0
CATGCCTCATTACCTT-D1_Stim,1,1,1,0,0,0,1,0
CATGGCGAGTGCCAGA-D1_Stim,1,1,1,1,0,1,1,1
CATGGCGCATACAGCT-D1_Stim,0,1,1,1,0,0,1,1
CATGGCGTCAGCGACC-D1_Stim,0,1,0,1,0,0,1,0
CATGGCGTCTCGTTTA-D1_Stim,1,1,0,1,0,0,0,1
CATTATCAGCTGTCTA-D1_Stim,0,0,0,1,0,0,1,0
CATTATCGTATATGAG-D1_Stim,1,1,1,1,0,0,0,1
CATTCGCAGTGCGATG-D1_Stim,1,0,0,1,0,0,0,1
CATTCGCCAACACCCG-D1_Stim,1,0,1,1,1,0,1,0
CCAATCCAGTTAGGTA-D1_Stim,0,0,0,1,0,0,0,1
CCAATCCTCAGGCAAG-D1_Stim,0,1,1,1,1,1,1,1
CCACCTAAGTATTGGA-D1_Stim,1,1,1,1,0,1,1,1
CCACCTAGTCCTCCAT-D1_Stim,0,1,0,1,0,1,1,1
CCACCTAGTGTTGAGG-D1_Stim,0,0,0,1,0,0,1,1
CCACCTATCGACAGCC-D1_Stim,1,1,1,1,0,0,1,1
CCACTACAGATAGGAG-D1_Stim,1,0,1,0,0,0,1,0
CCACTACAGTGGTCCC-D1_Stim,0,0,0,1,0,0,1,1
CCAGCGAAGCGGCTTC-D1_Stim,1,1,1,1,0,1,1,1
CCATGTCAGATGTGGC-D1_Stim,0,1,1,1,0,1,0,1
CCATGTCAGGCCATAG-D1_Stim,1,1,0,0,0,0,1,1
CCATGTCAGTTTAGGA-D1_Stim,1,1,1,0,0,0,0,1
CCATGTCCATAGACTC-D1_Stim,1,1,1,1,0,0,1,1
CCATTCGGTGTAATGA-D1_Stim,0,0,0,1,0,0,0,1
CCATTCGTCGTAGATC-D1_Stim,0,0,1,1,1,0,0,1
CCCAATCAGACGACGT-D1_Stim,1,1,1,1,0,1,1,1
CCCAATCAGTCATCCA-D1_Stim,0,1,0,1,0,1,1,1
CCCAATCAGTGCAAGC-D1_Stim,0,1,1,1,0,1,0,1
CCCAATCTCATAAAGG-D1_Stim,0,0,0,1,0,0,1,1
CCCAGTTGTTCGTCTC-D1_Stim,1,1,1,1,0,0,0,1
CCCAGTTTCAATCACG-D1_Stim,0,1,0,1,0,0,1,1
CCCAGTTTCCAATGGT-D1_Stim,1,0,1,0,0,0,1,1
CCCATACAGCCAGGAT-D1_Stim,1,1,1,1,0,0,1,0
CCCATACAGCTAGTTC-D1_Stim,1,1,0,1,0,0,1,1
CCCATACGTATAAACG-D1_Stim,0,0,0,1,0,0,0,0
CCCATACTCCTATGTT-D1_Stim,0,0,0,0,0,0,1,1
CCCTCCTAGGCTCAGA-D1_Stim,1,1,1,1,0,0,0,0
CCCTCCTCATGTCTCC-D1_Stim,1,1,0,0,0,0,0,0
CCGGGATCAATCCAAC-D1_Stim,1,1,0,1,0,0,1,1
CCGGGATCACGTGAGA-D1_Stim,0,1,0,0,0,0,0,0
CCGGTAGCAGACGCCT-D1_Stim,1,1,1,0,0,0,0,0
CCGGTAGTCGACGGAA-D1_Stim,0,0,0,1,0,0,0,1
CCGGTAGTCTCGATGA-D1_Stim,1,0,0,0,0,0,1,0
CCGTACTAGCAGCGTA-D1_Stim,1,1,1,1,0,0,1,1
CCGTACTCACCAGTTA-D1_Stim,0,0,0,1,0,0,0,1
CCGTACTGTACGAAAT-D1_Stim,0,0,1,0,0,0,0,1
CCGTGGAAGGCCATAG-D1_Stim,1,1,0,1,0,0,0,0
CCGTTCACAGTCCTTC-D1_Stim,1,1,1,1,0,0,1,1
CCTAAAGAGCGTGAAC-D1_Stim,1,1,1,0,0,0,0,1
CCTAAAGCATGAGCGA-D1_Stim,0,1,1,1,0,1,1,0
CCTAAAGGTGCTAGCC-D1_Stim,1,0,0,1,0,1,1,1
CCTACACAGTGGAGAA-D1_Stim,1,1,0,0,0,0,0,1
CCTACCACACACTGCG-D1_Stim,0,0,0,1,0,0,0,1
CCTACCATCGTTACAG-D1_Stim,1,1,1,1,1,0,1,1
CCTAGCTAGTAGGTGC-D1_Stim,1,1,1,0,0,0,1,0
CCTAGCTCACCAACCG-D1_Stim,0,0,0,1,0,0,1,1
CCTAGCTGTTACGACT-D1_Stim,0,1,1,1,0,1,0,1
CCTAGCTTCCTGTAGA-D1_Stim,0,0,0,0,0,0,1,1
CCTATTAGTGCACCAC-D1_Stim,1,1,0,1,1,0,1,1
CCTCAGTTCTAGCACA-D1_Stim,1,1,1,0,0,0,1,0
CCTCTGAAGAACAACT-D1_Stim,0,0,0,0,0,0,0,0
CCTCTGAAGCCGGTAA-D1_Stim,1,0,0,1,0,0,0,1
CCTCTGAAGGCTAGGT-D1_Stim,0,0,0,1,0,1,1,1
CCTCTGATCGCCGTGA-D1_Stim,0,0,0,1,0,0,0,1
CCTTACGGTCTAGCCG-D1_Stim,1,1,1,1,0,0,1,1
CCTTCCCAGCCAGTTT-D1_Stim,1,0,0,1,0,0,0,1
CCTTCCCGTAAGTAGT-D1_Stim,1,1,1,1,0,0,1,0
CCTTCCCGTATGCTTG-D1_Stim,1,1,1,0,0,0,1,0
CCTTCCCGTCTCCCTA-D1_Stim,1,1,1,0,1,0,0,0
CCTTCGAAGGAGTTGC-D1_Stim,1,0,0,1,0,0,1,1
CCTTCGAAGTAGATGT-D1_Stim,1,1,1,1,0,0,1,1
CCTTCGACATGTTGAC-D1_Stim,0,0,1,0,1,0,0,0
CCTTCGATCAGAGCTT-D1_Stim,1,1,0,1,0,0,0,1
CGAATGTGTTGAGGTG-D1_Stim,0,0,0,1,0,0,1,1
CGAATGTTCTTATCTG-D1_Stim,1,1,1,0,0,0,1,1
CGACCTTAGAGCCCAA-D1_Stim,1,1,1,0,1,0,0,0
CGACCTTCACAGACAG-D1_Stim,0,0,0,1,0,0,1,1
CGACCTTGTAGATTAG-D1_Stim,0,1,1,1,0,1,1,1
CGACCTTGTGCCTTGG-D1_Stim,0,0,0,1,0,0,0,1
CGACCTTTCCTTAATC-D1_Stim,0,0,0,1,0,0,1,1
CGACTTCAGAGCCCAA-D1_Stim,1,1,1,1,0,0,1,1
CGAGAAGAGACCTAGG-D1_Stim,1,1,0,0,0,0,1,0
CGAGAAGGTATAATGG-D1_Stim,1,1,1,1,0,0,1,0
CGAGAAGTCACAGGCC-D1_Stim,1,1,0,1,1,0,1,0
CGAGCACCATCGATTG-D1_Stim,1,1,1,1,1,0,1,1
CGAGCACTCCGCGTTT-D1_Stim,1,0,0,1,0,0,1,1
CGAGCCACAGATCTGT-D1_Stim,0,0,0,0,0,0,0,1
CGATCGGGTTCGCTAA-D1_Stim,0,0,1,1,0,0,0,0
CGATGGCCAAAGGCGT-D1_Stim,1,0,1,1,0,0,1,1
CGATGGCCAACGATGG-D1_Stim,1,1,0,0,0,0,0,0
CGATGGCTCAACGGGA-D1_Stim,1,0,0,1,0,0,0,1
CGATGTAAGGAACTGC-D1_Stim,0,0,0,1,0,0,0,1
CGATGTAGTCCTCCAT-D1_Stim,1,1,1,0,0,0,1,0
CGATGTAGTTCAACCA-D1_Stim,0,0,0,1,0,0,1,1
CGATTGACATGCCACG-D1_Stim,1,1,0,1,1,0,1,0
CGATTGAGTCATTAGC-D1_Stim,0,0,0,1,0,0,0,1
CGATTGAGTCGAGATG-D1_Stim,1,0,0,1,0,0,1,1
CGATTGATCCGAACGC-D1_Stim,1,1,1,0,0,0,0,0
CGCCAAGCAGCCACCA-D1_Stim,0,0,0,1,0,1,0,1
CGCCAAGTCTGCGACG-D1_Stim,1,0,0,1,1,0,0,1
CGCGGTACAAGAAGAG-D1_Stim,1,1,0,0,0,0,1,1
CGCGTTTCAGCTTAAC-D1_Stim,1,1,1,1,0,0,1,0
CGCGTTTCATAGACTC-D1_Stim,1,0,1,0,0,0,0,1
CGCTATCCACCGAAAG-D1_Stim,1,1,1,0,0,0,1,0
CGCTGGACAAGCCATT-D1_Stim,1,1,1,0,1,0,0,0
CGCTGGAGTGCTAGCC-D1_Stim,0,0,1,1,0,0,1,0
CGGACACCACGTCTCT-D1_Stim,1,0,1,1,0,0,1,1
CGGACACGTACGAAAT-D1_Stim,0,0,0,1,0,0,1,1
CGGACGTGTAAACCTC-D1_Stim,0,0,0,1,0,0,0,1
CGGACGTGTGTTAAGA-D1_Stim,0,1,0,1,0,0,0,1
CGGACGTGTTCACGGC-D1_Stim,1,1,1,1,1,0,1,1
CGGACTGAGCTGCGAA-D1_Stim,1,1,1,1,1,0,0,1
CGGACTGAGCTTCGCG-D1_Stim,0,0,0,0,0,0,0,0
CGGACTGTCGCCAAAT-D1_Stim,0,0,0,0,0,0,1,0
CGGAGCTAGCTAGTGG-D1_Stim,1,1,1,1,1,0,1,1
CGGAGCTCAGTCCTTC-D1_Stim,1,1,1,1,0,0,1,1
CGGAGCTGTCCCTACT-D1_Stim,1,0,0,1,0,0,1,1
CGGAGCTTCCCTCAGT-D1_Stim,1,0,0,1,0,0,0,0
CGGAGTCAGCTGAACG-D1_Stim,1,1,0,1,0,0,1,0
CGGAGTCAGGACAGAA-D1_Stim,1,1,1,0,0,0,1,0
CGGAGTCGTAGCGTGA-D1_Stim,1,0,1,0,0,0,0,1
CGGAGTCTCACAATGC-D1_Stim,1,0,1,1,1,0,1,0
CGGCTAGCATGTCTCC-D1_Stim,1,1,1,0,0,0,1,0
CGGGTCACATCTATGG-D1_Stim,1,1,0,1,0,0,1,1
CGGGTCAGTAGGCTGA-D1_Stim,1,0,0,1,0,0,1,1
CGGGTCAGTCCAAGTT-D1_Stim,1,1,1,1,0,0,0,0
CGGGTCATCCCTAACC-D1_Stim,1,0,0,1,1,0,0,1
CGGTTAACAGCGAACA-D1_Stim,1,0,0,1,0,0,1,0
CGGTTAACATCAGTAC-D1_Stim,1,1,1,1,0,0,1,1
CGGTTAATCCGCTGTT-D1_Stim,1,1,1,1,1,0,1,0
CGTAGCGAGAGCTGGT-D1_Stim,1,0,1,1,0,0,1,1
CGTAGCGAGCGATCCC-D1_Stim,1,1,1,1,1,0,1,0
CGTAGCGCACGAAATA-D1_Stim,1,0,1,1,0,0,1,1
CGTAGCGCACTCTGTC-D1_Stim,0,0,0,1,0,0,0,1
CGTAGCGGTAGAGGAA-D1_Stim,0,0,0,0,0,0,0,0
CGTAGGCCACCTATCC-D1_Stim,0,0,0,1,0,0,0,1
CGTAGGCTCACTTACT-D1_Stim,0,1,0,1,0,0,1,0
CGTAGGCTCCTTAATC-D1_Stim,1,1,0,1,0,0,1,1
CGTCACTAGCTACCTA-D1_Stim,1,1,1,0,1,0,1,1
CGTCACTTCAACACTG-D1_Stim,0,0,0,1,1,0,0,1
CGTCAGGCACCGATAT-D1_Stim,1,0,1,1,0,0,1,1
CGTCAGGCATCTACGA-D1_Stim,1,1,1,1,0,0,0,0
CGTCAGGGTGGCCCTA-D1_Stim,1,1,1,1,1,0,0,0
CGTCAGGGTTGACGTT-D1_Stim,0,0,0,0,0,0,0,0
CGTCCATCATGGATGG-D1_Stim,1,1,0,0,0,0,0,1
CGTCTACCAGCAGTTT-D1_Stim,0,0,1,1,0,0,1,0
CGTGAGCCAATCGGTT-D1_Stim,1,1,1,1,0,1,1,1
CGTGAGCCACCAGCAC-D1_Stim,1,1,1,1,0,0,1,0
CGTGAGCGTTGGTAAA-D1_Stim,0,1,1,0,0,0,1,1
CGTGTAAAGCACGCCT-D1_Stim,0,0,0,1,0,0,0,1
CGTGTAACACACAGAG-D1_Stim,1,1,0,1,0,0,1,1
CGTGTAATCGTTTATC-D1_Stim,0,0,0,1,0,0,1,1
CGTGTCTCATGTCCTC-D1_Stim,1,1,1,1,0,0,0,1
CGTGTCTGTTCCATGA-D1_Stim,1,1,1,0,0,0,1,1
CGTGTCTTCACAATGC-D1_Stim,0,0,0,1,0,0,0,1
CGTTAGACAGCTGTGC-D1_Stim,0,1,1,1,0,1,1,1
CGTTAGAGTCTGGTCG-D1_Stim,1,1,1,1,1,0,1,1
CGTTCTGAGAACTCGG-D1_Stim,1,1,1,0,0,0,1,1
CGTTCTGAGCTGCAAG-D1_Stim,0,0,0,1,0,1,1,1
CGTTCTGAGTACGTTC-D1_Stim,1,0,1,1,0,0,0,1
CGTTCTGTCTAACTCT-D1_Stim,0,0,0,1,0,0,0,1
CGTTGGGGTGAGGGAG-D1_Stim,1,1,0,1,1,0,1,0
CTAAGACGTAGCTGCC-D1_Stim,1,0,0,1,0,0,0,1
CTAATGGGTCTTCAAG-D1_Stim,1,1,0,0,1,0,0,0
CTACACCGTTCCTCCA-D1_Stim,1,1,1,0,0,0,0,1
CTACATTGTCTAAAGA-D1_Stim,1,1,0,1,1,0,1,1
CTACCCAAGCAGCCTC-D1_Stim,0,1,1,1,1,0,0,0
CTACCCACATACGCTA-D1_Stim,1,1,1,1,1,0,1,1
CTACCCACATGTCTCC-D1_Stim,0,0,0,1,0,0,1,1
CTACCCAGTTTGACAC-D1_Stim,0,0,0,1,0,1,0,0
CTACGTCAGTCGTACT-D1_Stim,0,0,1,1,1,0,1,1
CTAGAGTAGCGCCTTG-D1_Stim,0,0,0,0,0,0,0,0
CTAGAGTAGTCGATAA-D1_Stim,0,0,1,1,0,0,1,0
CTAGAGTCAATGACCT-D1_Stim,0,1,1,1,0,0,0,1
CTAGAGTGTTGTTTGG-D1_Stim,1,1,1,1,0,0,1,1
CTAGCCTAGCTAAACA-D1_Stim,1,1,1,0,0,0,1,1
CTAGCCTCACATTTCT-D1_Stim,0,0,0,1,0,1,1,1
CTAGTGAAGTAGGTGC-D1_Stim,0,0,1,0,0,0,1,1
CTAGTGAGTTAAGGGC-D1_Stim,0,0,0,1,0,0,1,1
CTCACACCAAACCTAC-D1_Stim,0,1,0,0,0,0,1,1
CTCACACTCCATGCTC-D1_Stim,1,1,0,1,0,0,0,0
CTCACACTCTTCTGGC-D1_Stim,1,1,1,1,0,0,1,1
CTCAGAACAGTATAAG-D1_Stim,1,1,1,1,0,1,1,1
CTCATTAAGCTGCAAG-D1_Stim,1,1,1,1,0,0,0,1
CTCATTACAAAGGTGC-D1_Stim,1,0,0,1,1,0,0,1
CTCATTATCGCCAGCA-D1_Stim,0,1,0,1,0,1,0,0
CTCCTAGAGACCACGA-D1_Stim,1,1,0,1,0,0,1,1
CTCCTAGAGCTCCCAG-D1_Stim,1,1,0,0,0,0,1,0
CTCCTAGCATATACGC-D1_Stim,1,1,0,1,1,0,1,1
CTCCTAGCATGGTCTA-D1_Stim,1,1,1,1,1,0,0,1
CTCGAAACACGAAATA-D1_Stim,1,1,0,0,0,0,1,0
CTCGAAAGTAAACGCG-D1_Stim,0,0,0,1,1,0,1,1
CTCGAAAGTTAAGGGC-D1_Stim,1,1,1,0,1,0,1,1
CTCGAAATCATCGATG-D1_Stim,0,0,0,0,0,0,0,0
CTCGAGGAGAAGATTC-D1_Stim,1,0,1,1,1,0,0,1
CTCGAGGCAAGGACTG-D1_Stim,1,1,1,0,1,0,0,1
CTCGAGGTCAGCGATT-D1_Stim,1,1,0,0,0,0,1,1
CTCGAGGTCCCATTTA-D1_Stim,1,1,0,1,0,0,0,1
CTCGGAGAGGAGCGAG-D1_Stim,1,0,1,1,0,1,1,1
CTCGGAGCATAGGATA-D1_Stim,1,0,1,1,0,1,1,1
CTCGGAGGTTTGTGTG-D1_Stim,1,1,0,1,0,0,0,1
CTCGGGAAGAGACTAT-D1_Stim,1,1,0,1,0,0,0,1
CTCGGGACACTGTCGG-D1_Stim,0,0,0,1,0,0,1,1
CTCGGGACACTTCGAA-D1_Stim,0,0,0,1,0,0,0,0
CTCGGGACATTAGCCA-D1_Stim,1,0,1,1,1,0,1,1
CTCGGGATCTTATCTG-D1_Stim,1,0,1,1,1,0,1,1
CTCGTACCAGTGGAGT-D1_Stim,1,0,1,1,0,0,1,0
CTCGTACGTAGCTGCC-D1_Stim,1,1,1,0,0,0,0,0
CTCGTCATCACAAACC-D1_Stim,1,1,1,1,0,0,1,1
CTCGTCATCTGCGACG-D1_Stim,0,0,0,0,0,0,0,0
CTCTAATAGCTCCTCT-D1_Stim,0,0,0,0,0,1,1,0
CTCTAATAGTGTGAAT-D1_Stim,1,0,1,1,0,0,0,1
CTCTAATCAAAGCAAT-D1_Stim,0,0,0,1,1,0,1,1
CTCTAATCATGGTCTA-D1_Stim,1,1,1,1,0,0,1,0
CTCTAATGTCAGTGGA-D1_Stim,1,0,0,1,0,0,1,1
CTCTACGAGACTAAGT-D1_Stim,1,0,0,0,0,0,1,1
CTCTACGAGACTCGGA-D1_Stim,0,0,0,1,0,0,0,1
CTCTACGCATATACGC-D1_Stim,1,1,1,0,1,0,0,1
CTCTACGTCACCACCT-D1_Stim,0,0,0,1,0,1,1,0
CTCTGGTTCATAACCG-D1_Stim,1,0,0,1,0,0,1,1
CTGAAACAGGCTCTTA-D1_Stim,0,0,0,1,0,0,0,1
CTGAAACAGGGCATGT-D1_Stim,0,0,0,1,0,1,0,1
CTGAAACTCTTACCGC-D1_Stim,1,1,0,0,0,0,0,0
CTGAAGTCAGCCACCA-D1_Stim,0,0,0,1,0,0,0,1
CTGATAGGTCAAAGAT-D1_Stim,1,1,1,1,0,0,1,0
CTGATCCTCGTGGTCG-D1_Stim,1,1,1,0,0,0,1,0
CTGCCTAGTCAGAAGC-D1_Stim,1,1,1,1,1,0,1,1
CTGCCTAGTTCCGTCT-D1_Stim,1,1,1,1,0,0,1,0
CTGCCTATCCTTAATC-D1_Stim,0,1,1,0,0,0,1,0
CTGCGGAGTAAAGTCA-D1_Stim,0,0,0,1,0,0,0,1
CTGCTGTCACCAGATT-D1_Stim,0,0,0,0,0,0,0,0
CTGGTCTTCTGCAGTA-D1_Stim,1,0,0,1,1,0,1,1
CTGTTTAAGCAGACTG-D1_Stim,1,1,1,0,0,0,1,0
CTGTTTAGTCAGAATA-D1_Stim,1,1,0,0,0,0,1,1
CTTAACTAGACCCACC-D1_Stim,1,1,1,0,0,0,0,1
CTTAACTCATGCCACG-D1_Stim,1,0,1,1,0,0,1,1
CTTAACTTCAACGCTA-D1_Stim,0,0,0,1,0,0,0,1
CTTAACTTCTGTACGA-D1_Stim,1,1,1,0,1,0,0,1
CTTACCGAGCTCAACT-D1_Stim,1,1,1,1,0,0,1,1
CTTACCGCACACCGCA-D1_Stim,1,0,1,1,0,0,0,0
CTTAGGACAGCGAACA-D1_Stim,1,1,1,1,1,0,1,1
CTTAGGATCAACACCA-D1_Stim,1,1,0,0,0,0,1,0
CTTAGGATCGGTGTCG-D1_Stim,0,1,1,0,0,0,0,0
CTTCTCTAGTACGTTC-D1_Stim,1,0,1,1,0,0,1,1
CTTCTCTTCCTTTCGG-D1_Stim,0,0,0,1,1,0,0,1
CTTTGCGTCATTATCC-D1_Stim,1,1,1,1,0,0,1,0
CTTTGCGTCCAAGCCG-D1_Stim,0,0,0,1,1,0,1,1
CTTTGCGTCGGTGTTA-D1_Stim,1,1,1,0,0,0,0,0
GAAACTCAGTATTGGA-D1_Stim,0,0,0,0,0,0,0,0
GAAACTCCAGCGAACA-D1_Stim,1,1,0,1,0,0,1,1
GAAACTCGTAATTGGA-D1_Stim,0,1,1,1,0,0,1,1
GAAACTCTCCCTTGTG-D1_Stim,1,1,1,1,0,0,1,1
GAAATGACACTCAGGC-D1_Stim,1,1,1,1,0,0,1,1
GAAATGAGTTAAGGGC-D1_Stim,1,0,0,1,1,0,0,1
GAACCTATCCGCAGTG-D1_Stim,1,1,1,1,1,0,1,1
GAACCTATCTGCGACG-D1_Stim,0,0,1,1,0,1,1,1
GAACGGATCGCAAGCC-D1_Stim,1,1,0,0,0,0,0,1
GAAGCAGAGAGGTAGA-D1_Stim,1,1,0,1,0,0,1,1
GAAGCAGAGCCAGGAT-D1_Stim,1,0,1,1,1,0,0,1
GAAGCAGCAAGTCTGT-D1_Stim,1,1,0,0,0,0,0,0
GAAGCAGCATCGGAAG-D1_Stim,1,1,0,1,0,0,0,1
GAAGCAGCATGTCTCC-D1_Stim,1,1,1,1,0,1,1,1
GAAGCAGGTAGAAGGA-D1_Stim,1,1,1,0,0,0,1,0
GAAGCAGGTGAAGGCT-D1_Stim,1,0,1,0,0,0,0,1
GAAGCAGGTTCACGGC-D1_Stim,1,1,1,1,0,0,0,0
GAAGCAGTCATCACCC-D1_Stim,1,0,0,1,0,0,1,1
GAAGCAGTCCAAATGC-D1_Stim,0,1,1,1,0,1,1,1
GAATAAGCAGCCAGAA-D1_Stim,0,0,0,1,0,0,0,1
GAATAAGCATGTAGTC-D1_Stim,1,1,1,1,0,0,0,0
GAATGAACAGTGACAG-D1_Stim,0,1,1,1,0,0,1,0
GAATGAAGTTGGACCC-D1_Stim,1,1,0,0,1,0,0,0
GACACGCAGGCGACAT-D1_Stim,0,1,0,0,0,1,1,1
GACACGCTCCCTTGCA-D1_Stim,1,1,1,1,1,0,1,0
GACAGAGCACTATCTT-D1_Stim,0,1,1,1,0,1,1,0
GACAGAGGTCAACTGT-D1_Stim,0,0,0,0,0,1,1,1
GACCAATCAACTTGAC-D1_Stim,1,0,0,0,0,0,1,0
GACCTGGGTAAACGCG-D1_Stim,0,1,1,1,0,0,1,1
GACCTGGGTGTGAATA-D1_Stim,0,0,0,1,0,1,1,0
GACCTGGGTGTTCGAT-D1_Stim,1,0,0,1,0,0,0,1
GACCTGGTCCAATGGT-D1_Stim,1,0,0,0,0,0,0,0
GACGCGTAGGACGAAA-D1_Stim,1,1,1,0,0,0,0,1
GACGCGTGTCCGAATT-D1_Stim,1,1,1,1,0,0,1,0
GACGTGCGTGCAACTT-D1_Stim,1,1,1,1,0,0,0,1
GACGTTAAGTCAAGGC-D1_Stim,1,1,1,1,1,0,0,1
GACGTTAGTGATGCCC-D1_Stim,1,1,0,1,1,0,0,1
GACGTTATCACCACCT-D1_Stim,0,1,1,1,0,1,1,0
GACGTTATCTTCAACT-D1_Stim,1,1,0,0,0,0,0,1
GACTAACAGGCCCTTG-D1_Stim,1,1,1,1,1,0,1,1
GACTAACAGTACGCCC-D1_Stim,1,1,1,1,1,0,1,1
GACTAACTCCAAACTG-D1_Stim,1,1,1,1,0,0,1,0
GACTAACTCCTCATTA-D1_Stim,1,1,1,0,0,0,1,1
GACTACAAGAACTGTA-D1_Stim,1,0,1,1,1,0,1,1
GACTACAAGTGACATA-D1_Stim,1,0,0,1,0,0,0,1
GACTGCGAGTTCGCGC-D1_Stim,1,1,1,1,0,0,1,1
GACTGCGCAGAGTGTG-D1_Stim,1,1,1,0,1,0,1,1
GACTGCGGTTCGCTAA-D1_Stim,1,0,1,1,1,0,1,0
GAGGTGAAGACTTTCG-D1_Stim,1,1,1,0,1,0,0,1
GAGGTGAAGGCAGTCA-D1_Stim,1,1,1,1,0,0,0,1
GAGTCCGAGAACTGTA-D1_Stim,0,0,0,1,0,0,0,0
GAGTCCGTCCTTTCTC-D1_Stim,0,0,0,1,0,0,0,1
GATCAGTAGCCAGAAC-D1_Stim,0,1,1,1,1,0,1,1
GATCAGTAGGATCGCA-D1_Stim,1,1,1,0,0,0,0,0
GATCGATAGCGCCTCA-D1_Stim,1,1,0,0,1,0,1,1
GATCGCGAGGGATCTG-D1_Stim,1,1,1,1,0,0,0,0
GATCGCGGTATAGGTA-D1_Stim,1,1,0,0,0,0,0,0
GATCGCGTCAGCCTAA-D1_Stim,0,1,0,1,0,1,1,1
GATCGTATCGGACAAG-D1_Stim,0,0,0,0,0,0,0,0
GATCTAGAGCACCGTC-D1_Stim,0,0,0,1,0,0,1,1
GATGAAAAGAAACCTA-D1_Stim,1,1,1,0,0,0,0,1
GATGAAAAGAGTACAT-D1_Stim,1,1,1,0,0,0,0,1
GATGAAACAGGCGATA-D1_Stim,1,1,0,0,0,0,1,1
GATGAAAGTCGGCACT-D1_Stim,1,1,1,1,0,0,1,1
GATGAGGAGAACTGTA-D1_Stim,0,0,0,0,0,0,1,0
GATGAGGAGTGGACGT-D1_Stim,0,0,0,1,0,0,1,1
GATGAGGTCAACACAC-D1_Stim,0,0,0,0,0,0,0,1
GATGAGGTCGGTCTAA-D1_Stim,0,1,1,1,0,0,1,0
GATGCTAAGTCGAGTG-D1_Stim,0,0,0,1,0,1,0,1
GATGCTACAAAGAATC-D1_Stim,1,1,1,0,0,0,0,0
GCAAACTCATTAGGCT-D1_Stim,0,0,0,0,0,0,0,0
GCAAACTGTCTAGTGT-D1_Stim,1,0,1,1,1,0,1,1
GCAATCAAGCGATCCC-D1_Stim,1,1,0,0,0,0,0,0
GCAATCAAGTGTGGCA-D1_Stim,0,0,0,1,0,0,0,0
GCAATCACATCTCGCT-D1_Stim,1,0,1,0,0,0,1,1
GCAATCATCATTCACT-D1_Stim,1,1,1,1,0,0,1,1
GCAATCATCCTTCAAT-D1_Stim,1,1,1,0,0,0,0,0
GCACATACACCGAAAG-D1_Stim,1,0,1,0,0,0,1,1
GCACATAGTCCGACGT-D1_Stim,1,1,1,0,1,0,0,1
GCACTCTAGACTAGAT-D1_Stim,1,1,1,1,0,0,1,1
GCAGCCAAGAAGGTTT-D1_Stim,1,1,0,0,0,0,0,1
GCAGCCAAGCTAGCCC-D1_Stim,1,0,1,0,0,0,0,0
GCAGCCAAGTTAGGTA-D1_Stim,1,0,0,1,1,0,1,1
GCAGCCACAATGTTGC-D1_Stim,0,1,0,0,0,0,0,0
GCAGCCAGTCGTTGTA-D1_Stim,0,1,1,0,0,0,1,0
GCAGCCAGTGAAAGAG-D1_Stim,1,1,1,0,0,0,0,1
GCAGCCATCTCCCTGA-D1_Stim,1,1,0,1,0,0,1,1
GCAGTTACAGTAACGG-D1_Stim,1,1,1,1,0,0,1,1
GCAGTTAGTCAAGCGA-D1_Stim,1,1,0,1,1,0,1,1
GCAGTTAGTGCGAAAC-D1_Stim,0,0,0,1,0,0,0,1
GCAGTTAGTTCGGCAC-D1_Stim,1,0,1,0,0,0,0,1
GCAGTTAGTTCGTCTC-D1_Stim,1,1,0,0,0,0,0,1
GCAGTTATCAACCATG-D1_Stim,1,1,0,1,1,0,0,1
GCATACAGTAGAGCTG-D1_Stim,1,1,1,1,1,0,0,1
GCATACAGTCGTTGTA-D1_Stim,1,1,0,1,0,0,0,1
GCATACAGTCTAGTGT-D1_Stim,0,0,0,0,0,0,0,1
GCATACAGTTCAGACT-D1_Stim,1,0,1,1,1,0,1,0
GCATACATCATGTCCC-D1_Stim,1,0,0,1,1,0,0,1
GCATGATGTTGATTCG-D1_Stim,0,1,1,0,0,0,1,1
GCATGCGAGGAATCGC-D1_Stim,1,0,0,1,0,0,1,1
GCATGCGAGTACCGGA-D1_Stim,1,1,1,1,0,0,1,1
GCATGCGCAAACCTAC-D1_Stim,1,1,1,1,0,0,1,1
GCATGCGGTAGAGGAA-D1_Stim,1,1,1,1,0,0,1,1
GCATGTAAGCCTCGTG-D1_Stim,1,1,1,1,0,0,0,1
GCATGTAGTGTTGAGG-D1_Stim,1,1,1,1,0,0,0,0
GCATGTATCGCGTTTC-D1_Stim,1,1,0,0,0,0,1,1
GCCAAATCAAGGACAC-D1_Stim,0,0,0,1,0,0,0,0
GCCAAATTCATCATTC-D1_Stim,1,1,1,1,0,1,1,1
GCCTCTAGTCTGCGGT-D1_Stim,0,1,0,1,0,0,1,1
GCGACCAAGATGCCTT-D1_Stim,1,1,1,1,0,0,1,0
GCGACCAAGCACAGGT-D1_Stim,1,1,1,1,0,1,1,0
GCGACCAAGGGAGTAA-D1_Stim,1,1,1,1,0,0,1,0
GCGACCACACATCCGG-D1_Stim,0,0,0,1,0,0,0,0
GCGCAACAGTAACCCT-D1_Stim,1,1,1,1,0,0,1,0
GCGCAGTCACATTTCT-D1_Stim,1,1,1,0,0,0,0,0
GCGCAGTCAGATTGCT-D1_Stim,0,1,0,0,0,0,0,1
GCGCAGTGTTCCCGAG-D1_Stim,1,1,1,0,1,0,0,0
GCGCCAAAGACAAGCC-D1_Stim,1,1,1,0,0,0,0,1
GCGCCAAGTCCGAACC-D1_Stim,1,1,1,0,0,0,0,0
GCGCGATAGGGATGGG-D1_Stim,0,0,0,0,0,0,0,0
GCGCGATCACCTATCC-D1_Stim,1,0,0,1,0,0,1,1
GCGCGATGTTGATTGC-D1_Stim,1,0,1,1,1,0,1,1
GCGGGTTTCACGCGGT-D1_Stim,0,0,0,1,0,0,1,1
GCGGGTTTCAGAGACG-D1_Stim,0,1,0,1,0,0,0,0
GCTCCTAAGAGTGAGA-D1_Stim,0,0,0,1,0,0,0,1
GCTCCTAAGGTTACCT-D1_Stim,0,0,0,0,0,0,1,0
GCTCCTAAGTAGGTGC-D1_Stim,0,0,0,1,1,0,1,1
GCTCCTACATCCTAGA-D1_Stim,0,0,0,1,0,0,0,1
GCTCTGTCACCAGCAC-D1_Stim,1,0,1,0,0,0,0,0
GCTCTGTGTCTTGTCC-D1_Stim,0,0,1,1,0,0,0,0
GCTCTGTTCGACCAGC-D1_Stim,0,0,0,1,0,0,1,1
GCTGCAGTCACTTATC-D1_Stim,1,1,1,0,1,0,1,1
GCTGCGAAGCCAGTAG-D1_Stim,1,1,0,1,0,0,1,1
GCTGCTTCAGATGGCA-D1_Stim,0,0,0,1,0,0,1,1
GCTGGGTAGTGTTGAA-D1_Stim,1,1,1,1,0,0,0,1
GCTGGGTTCGAGAGCA-D1_Stim,1,1,1,0,1,0,1,0
GCTGGGTTCTTACCTA-D1_Stim,0,1,1,1,0,1,1,1
GCTTCCAAGCCGCCTA-D1_Stim,1,0,1,1,1,0,0,0
GCTTCCACAATCCAAC-D1_Stim,0,0,0,1,0,0,0,1
GCTTCCAGTCTGATTG-D1_Stim,1,1,0,0,0,0,1,0
GCTTCCAGTGTTAAGA-D1_Stim,0,0,0,1,0,0,0,0
GCTTGAAAGCAACGGT-D1_Stim,1,1,1,0,0,0,0,1
GGAAAGCAGAAGGACA-D1_Stim,0,0,0,1,1,0,0,0
GGAAAGCAGGAATTAC-D1_Stim,0,1,1,1,0,0,1,1
GGAAAGCTCACTCTTA-D1_Stim,0,0,0,0,0,0,0,0
GGAAAGCTCAGCGATT-D1_Stim,1,0,0,1,1,0,0,1
GGAAAGCTCCGCATAA-D1_Stim,0,0,1,1,0,1,1,0
GGAACTTCAATCACAC-D1_Stim,1,1,0,0,0,0,1,0
GGAACTTTCGCAAGCC-D1_Stim,0,0,0,1,0,0,1,1
GGAATAAGTCTAGCGC-D1_Stim,0,0,0,1,0,0,1,1
GGAATAATCACGATGT-D1_Stim,1,1,1,0,0,0,0,0
GGAATAATCGCACTCT-D1_Stim,0,1,0,1,0,0,1,1
GGAATAATCTTGAGGT-D1_Stim,1,1,1,0,1,0,0,1
GGACAAGCAAGTAGTA-D1_Stim,0,0,0,1,0,0,0,0
GGACAAGCAGACAAGC-D1_Stim,1,1,1,0,0,0,1,1
GGACAAGGTCTTGCGG-D1_Stim,1,1,0,1,0,0,0,1
GGACAGACAGACGCAA-D1_Stim,1,1,1,0,0,0,1,0
GGACAGACAGCCTTGG-D1_Stim,0,1,0,0,0,1,0,0
GGACAGAGTCTTGCGG-D1_Stim,1,0,0,1,0,1,1,0
GGACATTCACTACAGT-D1_Stim,0,0,0,1,1,0,0,1
GGACATTGTGTGCGTC-D1_Stim,0,0,0,1,0,0,1,1
GGACGTCAGAATAGGG-D1_Stim,1,1,0,1,0,0,1,1
GGACGTCGTAGAAGGA-D1_Stim,1,1,0,0,0,0,1,0
GGACGTCTCCACTCCA-D1_Stim,1,0,0,1,0,0,0,1
GGAGCAAGTATATGAG-D1_Stim,1,0,0,1,0,0,0,1
GGAGCAAGTCCTAGCG-D1_Stim,1,1,1,1,0,0,1,1
GGAGCAAGTGAGCGAT-D1_Stim,1,1,1,1,0,0,1,1
GGAGCAATCTTCCTTC-D1_Stim,0,0,0,1,0,0,1,1
GGATGTTTCCGCGGTA-D1_Stim,1,0,1,1,0,0,0,1
GGATGTTTCTTGTATC-D1_Stim,0,0,0,1,0,0,1,1
GGATTACGTCCGTTAA-D1_Stim,1,1,1,1,0,0,1,1
GGATTACTCTAACTTC-D1_Stim,1,1,1,1,0,0,1,1
GGCAATTAGTCATGCT-D1_Stim,0,0,0,1,0,0,1,1
GGCAATTGTCTCATCC-D1_Stim,0,1,1,1,0,1,1,1
GGCCGATTCTGCGGCA-D1_Stim,0,0,0,1,0,0,0,0
GGCCGATTCTTAACCT-D1_Stim,1,0,0,1,0,0,1,1
GGCGACTAGCGTTGCC-D1_Stim,1,1,0,0,1,0,0,1
GGCGACTCATTCCTGC-D1_Stim,1,1,0,0,0,0,0,0
GGCGACTTCAGTTGAC-D1_Stim,1,1,1,1,0,1,1,1
GGCGTGTAGTAAGTAC-D1_Stim,1,0,0,1,1,0,0,1
GGCTCGATCCGGGTGT-D1_Stim,1,1,1,0,0,0,0,1
GGGACCTCATCCGTGG-D1_Stim,1,1,1,1,0,1,1,0
GGGACCTGTCATTAGC-D1_Stim,1,1,1,1,0,0,1,1
GGGACCTTCAACTCTT-D1_Stim,1,1,0,0,1,0,1,0
GGGACCTTCGCATGAT-D1_Stim,1,0,1,1,1,0,1,1
GGGAGATAGTGTACTC-D1_Stim,1,1,0,1,0,0,1,1
GGGAGATCAAATCCGT-D1_Stim,0,0,0,0,0,0,0,0
GGGAGATCATGACATC-D1_Stim,0,1,1,1,0,0,1,0
GGGAGATTCCCGACTT-D1_Stim,0,0,0,1,0,0,0,1
GGGATGAGTTTAAGCC-D1_Stim,1,1,0,1,0,0,0,0
GGGTCTGAGAATCTCC-D1_Stim,0,0,0,1,0,0,1,1
GGGTCTGAGTCAAGCG-D1_Stim,0,1,1,1,0,1,1,0
GGGTCTGTCCTATGTT-D1_Stim,0,1,1,1,0,0,1,1
GGGTTGCGTAGCCTAT-D1_Stim,0,0,1,1,0,1,1,1
GGGTTGCTCAAGGTAA-D1_Stim,1,0,0,1,0,0,1,1
GGGTTGCTCCTAGGGC-D1_Stim,1,1,0,1,0,0,0,0
GGGTTGCTCGCACTCT-D1_Stim,1,0,0,1,1,0,1,1
GGTATTGAGCATCATC-D1_Stim,1,1,1,0,0,0,1,1
GGTATTGGTTTAGGAA-D1_Stim,0,1,0,1,0,0,1,1
GGTATTGTCAGAGCTT-D1_Stim,1,1,0,1,0,0,1,1
GGTATTGTCGTCCGTT-D1_Stim,1,1,0,0,0,0,1,1
GGTGAAGGTGGAAAGA-D1_Stim,1,1,1,1,0,0,1,0
GGTGCGTAGCGTAGTG-D1_Stim,1,0,0,1,0,0,0,1
GGTGCGTCAAGTAATG-D1_Stim,1,0,1,0,0,0,0,1
GGTGCGTCATTCGACA-D1_Stim,1,0,0,1,0,0,1,1
GGTGCGTGTTTGTTTC-D1_Stim,1,1,1,1,0,1,0,1
GGTGTTAAGCGTCAAG-D1_Stim,0,1,1,1,0,0,1,1
GTAACGTAGAGTGAGA-D1_Stim,0,1,0,1,0,0,1,1
GTAACGTAGATGGCGT-D1_Stim,1,1,1,1,1,0,0,1
GTAACGTAGCTGGAAC-D1_Stim,1,0,1,1,0,0,0,1
GTAACTGGTTCGAATC-D1_Stim,1,1,1,1,0,0,1,0
GTAACTGTCTCAAACG-D1_Stim,1,1,1,1,0,0,1,1
GTACGTAAGAGTGAGA-D1_Stim,1,1,0,0,0,0,0,0
GTACGTAAGGGCACTA-D1_Stim,1,1,1,1,0,1,0,0
GTACGTAAGGGCTTCC-D1_Stim,1,1,0,0,1,0,0,1
GTACGTACAATAACGA-D1_Stim,1,1,0,0,0,0,1,0
GTACGTATCGCGCCAA-D1_Stim,1,1,1,1,0,0,1,0
GTACGTATCGTTTAGG-D1_Stim,1,1,1,0,0,0,0,0
GTACTCCCATACGCTA-D1_Stim,1,0,0,1,1,0,0,1
GTACTTTAGCTATGCT-D1_Stim,1,1,0,1,1,0,0,1
GTACTTTTCCTCCTAG-D1_Stim,1,1,1,1,0,0,0,1
GTAGGCCGTACTTCTT-D1_Stim,0,0,0,0,0,0,0,1
GTAGGCCGTCATCCCT-D1_Stim,0,1,1,0,0,1,1,1
GTAGGCCTCCCTCAGT-D1_Stim,0,0,0,1,0,0,1,1
GTAGGCCTCCGTTGCT-D1_Stim,0,0,0,1,0,0,1,1
GTAGGCCTCTACTCAT-D1_Stim,1,1,1,1,1,0,1,1
GTAGTCACATGGTAGG-D1_Stim,0,0,0,1,0,0,0,1
GTATCTTTCCACGACG-D1_Stim,0,0,0,0,0,0,0,1
GTATTCTAGCAAATCA-D1_Stim,1,0,1,1,0,0,0,1
GTATTCTCATATACGC-D1_Stim,1,1,1,0,0,0,0,0
GTATTCTGTGGCCCTA-D1_Stim,1,0,0,1,1,0,0,1
GTCACAAAGTGTACCT-D1_Stim,0,1,0,1,0,1,1,1
GTCACAACAATCACAC-D1_Stim,0,0,1,1,0,1,0,1
GTCACAAGTCACCTAA-D1_Stim,1,0,0,1,0,0,0,1
GTCACGGCAATGCCAT-D1_Stim,0,1,1,0,0,0,0,0
GTCACGGCATTCGACA-D1_Stim,0,0,0,0,0,0,0,0
GTCACGGTCTGTGCAA-D1_Stim,1,1,1,1,1,0,0,0
GTCATTTAGCATGGCA-D1_Stim,1,0,0,1,0,0,0,1
GTCATTTCAATGTAAG-D1_Stim,0,1,0,1,0,0,1,0
GTCATTTGTAAATACG-D1_Stim,0,0,0,1,0,0,0,1
GTCATTTGTTGGAGGT-D1_Stim,1,1,1,1,0,0,1,1
GTCCTCAAGTACGTTC-D1_Stim,0,1,0,1,1,0,1,1
GTCCTCACACCCTATC-D1_Stim,0,0,0,0,0,1,1,0
GTCCTCAGTCTAGCCG-D1_Stim,1,1,1,1,1,0,1,1
GTCCTCATCTTCGGTC-D1_Stim,1,1,1,0,0,0,0,1
GTCGGGTGTCGGGTCT-D1_Stim,0,1,1,1,0,1,1,1
GTCGGGTTCAAGGTAA-D1_Stim,1,0,1,1,1,0,1,1
GTCGGGTTCTTTACGT-D1_Stim,1,1,1,0,0,0,1,1
GTCGTAAAGAGTGAGA-D1_Stim,0,0,0,0,0,0,0,0
GTCGTAAAGGCAGTCA-D1_Stim,1,1,0,0,0,0,1,1
GTCGTAAAGGTGTGGT-D1_Stim,1,0,1,0,1,0,1,1
GTCGTAAGTCATGCAT-D1_Stim,0,0,0,1,0,0,1,1
GTCGTAAGTCTGCCAG-D1_Stim,0,0,1,1,0,0,1,0
GTCTCGTAGCAATCTC-D1_Stim,1,1,1,1,0,1,1,1
GTCTCGTGTGGTTTCA-D1_Stim,0,0,0,1,0,0,0,1
GTCTCGTGTTGCGCAC-D1_Stim,1,1,1,1,1,0,0,1
GTCTTCGCAAGAAAGG-D1_Stim,0,0,0,1,0,1,1,0
GTCTTCGCATGGTAGG-D1_Stim,1,1,1,1,1,0,1,0
GTCTTCGGTTAGGGTG-D1_Stim,1,1,1,1,0,0,1,1
GTCTTCGTCGGCCGAT-D1_Stim,0,0,0,1,0,1,1,1
GTGAAGGGTACAGCAG-D1_Stim,1,1,0,0,0,0,0,0
GTGAAGGGTACCTACA-D1_Stim,1,0,0,1,0,0,1,1
GTGAAGGTCATGTCTT-D1_Stim,1,1,0,0,0,0,1,1
GTGCAGCAGGTAGCTG-D1_Stim,0,0,0,1,0,0,0,1
GTGCAGCCAATGTTGC-D1_Stim,1,1,1,1,1,0,1,1
GTGCAGCCATGGTCAT-D1_Stim,1,1,0,0,0,0,1,0
GTGCATAGTGCGATAG-D1_Stim,0,0,0,1,0,0,1,1
GTGCGGTTCTGCTGTC-D1_Stim,1,1,1,1,1,0,0,0
GTGCTTCGTGCATCTA-D1_Stim,1,1,0,0,0,0,0,0
GTGGGTCAGACGCACA-D1_Stim,1,1,0,0,1,0,0,0
GTGGGTCAGTGAACAT-D1_Stim,1,1,1,1,0,0,0,1
GTGGGTCCATGGTCTA-D1_Stim,0,0,1,1,0,0,1,0
GTGGGTCTCACAATGC-D1_Stim,0,1,1,1,1,0,1,1
GTGTGCGTCAATCTCT-D1_Stim,1,0,0,1,0,0,1,1
GTGTGCGTCGGCGCAT-D1_Stim,1,0,0,1,1,0,0,1
GTGTTAGCAATCTGCA-D1_Stim,1,1,1,0,0,0,1,0
GTGTTAGCAGCATGAG-D1_Stim,0,0,0,1,1,0,1,1
GTGTTAGGTTCGAATC-D1_Stim,1,1,0,0,0,0,1,1
GTGTTAGTCTATGTGG-D1_Stim,1,1,1,1,0,0,1,1
GTTAAGCAGTGCGTGA-D1_Stim,0,0,0,1,0,0,1,1
GTTAAGCCAAACGTGG-D1_Stim,1,1,1,1,0,0,0,0
GTTAAGCGTCAAACTC-D1_Stim,0,0,0,0,0,0,0,0
GTTAAGCTCAGAAATG-D1_Stim,1,1,1,1,1,0,0,1
GTTAAGCTCTTAGCCC-D1_Stim,0,0,0,0,0,0,0,1
GTTACAGAGGGTCGAT-D1_Stim,1,0,0,1,0,0,1,1
GTTACAGCAGGTCCAC-D1_Stim,0,0,0,0,0,0,1,1
GTTACAGTCTGAGTGT-D1_Stim,1,0,0,1,1,1,1,1
GTTCATTCAAGCGCTC-D1_Stim,0,0,0,1,1,0,1,1
GTTCATTCACGGTGTC-D1_Stim,0,1,1,1,0,1,1,1
GTTCATTCAGTCGATT-D1_Stim,1,0,1,0,1,0,0,1
GTTCATTTCTTCGAGA-D1_Stim,1,1,1,1,0,1,1,1
GTTCGGGAGCAATCTC-D1_Stim,0,0,0,0,0,0,0,0
GTTCGGGAGCACAGGT-D1_Stim,0,1,0,1,0,0,1,1
GTTCGGGAGTGGAGAA-D1_Stim,1,1,1,1,0,1,1,1
GTTCTCGAGTCTTGCA-D1_Stim,0,1,1,1,0,1,1,1
GTTCTCGAGTGGACGT-D1_Stim,1,0,0,1,0,0,0,1
GTTCTCGCACATGGGA-D1_Stim,0,0,0,1,0,0,1,1
GTTTCTAAGAAACGAG-D1_Stim,1,0,1,1,1,0,0,1
GTTTCTACACAGGCCT-D1_Stim,0,0,0,1,0,0,0,1
GTTTCTACAGATGAGC-D1_Stim,0,0,0,1,0,0,0,1
TAAGAGAAGTCCGTAT-D1_Stim,0,0,0,1,0,0,0,1
TAAGAGACAGACAAGC-D1_Stim,1,1,0,1,1,1,0,1
TAAGCGTAGATCGATA-D1_Stim,1,1,0,1,0,0,1,0
TAAGCGTGTCAACTGT-D1_Stim,1,1,1,1,0,0,0,1
TAAGCGTTCACAATGC-D1_Stim,1,1,1,0,0,0,1,0
TAAGCGTTCCGCGTTT-D1_Stim,1,0,1,0,0,0,1,1
TAAGTGCAGCACCGTC-D1_Stim,1,1,1,1,1,0,1,1
TAAGTGCGTCTGCGGT-D1_Stim,1,1,1,1,0,0,1,0
TACACGAAGTTTAGGA-D1_Stim,0,0,0,0,0,0,0,1
TACACGACACTCGACG-D1_Stim,1,1,1,1,0,0,0,1
TACACGATCAACGGCC-D1_Stim,0,1,0,1,0,0,1,1
TACAGTGCAACTGCGC-D1_Stim,0,0,1,1,0,0,0,0
TACAGTGGTAAAGTCA-D1_Stim,1,1,1,1,0,1,1,1
TACAGTGGTGGTACAG-D1_Stim,0,0,0,1,0,0,1,1
TACAGTGTCTCACATT-D1_Stim,0,0,0,0,0,0,1,1
TACCTATGTGCACTTA-D1_Stim,1,0,1,1,0,0,1,0
TACCTATGTTCGAATC-D1_Stim,0,0,0,1,0,0,1,1
TACCTATTCTGCCAGG-D1_Stim,0,0,0,1,0,0,0,1
TACCTTACAGATAATG-D1_Stim,1,0,0,1,1,0,1,1
TACGGATAGATGTCGG-D1_Stim,1,1,1,1,1,1,0,0
TACGGATCAGTGGAGT-D1_Stim,0,0,0,0,0,0,1,0
TACGGATTCACCACCT-D1_Stim,0,0,0,0,0,0,0,0
TACGGATTCGTTGACA-D1_Stim,1,1,0,1,1,0,0,1
TACGGGCAGAGGGCTT-D1_Stim,1,1,1,1,0,1,1,1
TACGGGCCATGGTCAT-D1_Stim,1,0,0,1,1,0,0,1
TACGGTAAGTACGCGA-D1_Stim,1,0,0,1,0,0,1,1
TACGGTACACTGTGTA-D1_Stim,0,0,0,0,0,0,0,0
TACGGTAGTCAAAGCG-D1_Stim,1,0,0,1,0,0,1,1
TACGGTATCTATCCCG-D1_Stim,0,0,0,1,0,0,1,1
TACTCATAGCCTTGAT-D1_Stim,0,0,0,1,0,1,1,0
TACTCATAGCTTTGGT-D1_Stim,0,1,0,0,1,0,0,0
TACTCATCACAGATTC-D1_Stim,1,1,1,0,1,0,0,1
TACTCATTCGAGGTAG-D1_Stim,1,1,1,0,0,1,1,0
TACTCGCCAGGTGCCT-D1_Stim,0,0,0,1,0,1,1,1
TACTCGCGTAAGTAGT-D1_Stim,1,1,0,1,1,0,1,1
TACTCGCTCACGCGGT-D1_Stim,0,0,0,1,0,0,0,0
TACTCGCTCGGACAAG-D1_Stim,1,0,0,1,0,0,1,1
TACTCGCTCTGTCTCG-D1_Stim,1,1,1,1,0,0,1,1
TACTTACCATCAGTCA-D1_Stim,0,0,0,1,0,0,0,1
TACTTACGTACATGTC-D1_Stim,0,0,0,1,0,0,0,1
TACTTACGTGAGCGAT-D1_Stim,0,0,0,0,0,0,0,0
TACTTACTCAGTTAGC-D1_Stim,1,0,1,1,1,0,1,1
TACTTGTGTGCATCTA-D1_Stim,1,1,1,0,1,0,0,1
TAGACCAAGTTGAGTA-D1_Stim,1,1,0,0,0,0,0,0
TAGACCACACAAGTAA-D1_Stim,1,1,1,1,0,0,1,1
TAGACCACACCACGTG-D1_Stim,0,1,0,0,0,0,0,0
TAGACCAGTAGGAGTC-D1_Stim,0,0,0,1,1,0,1,1
TAGACCAGTTCACGGC-D1_Stim,1,1,1,0,0,0,1,0
TAGACCAGTTCGTGAT-D1_Stim,1,1,1,1,0,1,1,0
TAGACCATCGACGGAA-D1_Stim,1,1,1,1,1,0,0,1
TAGAGCTAGAGTCGGT-D1_Stim,1,1,1,0,1,0,0,1
TAGAGCTAGGTGCAAC-D1_Stim,1,1,1,0,0,0,1,0
TAGAGCTCACAGACAG-D1_Stim,1,1,0,0,1,0,1,0
TAGAGCTCATCGGAAG-D1_Stim,0,0,0,1,0,0,1,1
TAGAGCTGTGTCTGAT-D1_Stim,1,1,1,0,0,0,1,0
TAGAGCTTCCTCATTA-D1_Stim,0,0,0,1,0,0,0,1
TAGCCGGAGCCGTCGT-D1_Stim,1,1,1,1,0,0,1,1
TAGCCGGCATCACCCT-D1_Stim,1,1,1,0,1,0,1,0
TAGCCGGGTAGAAAGG-D1_Stim,1,1,0,1,1,0,1,1
TAGCCGGGTGAGTGAC-D1_Stim,0,0,0,1,0,0,0,1
TAGTGGTAGACAGAGA-D1_Stim,1,1,1,1,0,0,0,1
TAGTGGTTCTCCTATA-D1_Stim,1,0,0,1,0,0,0,1
TAGTGGTTCTGTCTAT-D1_Stim,1,1,1,0,0,0,1,1
TAGTTGGGTCTCGTTC-D1_Stim,0,0,0,1,0,0,0,1
TATCAGGTCGTGGACC-D1_Stim,0,0,0,1,0,0,1,1
TATCTCACAAGGTGTG-D1_Stim,1,0,0,1,0,0,0,1
TATCTCAGTGTTTGTG-D1_Stim,0,0,0,1,0,0,0,1
TATGCCCAGGAGTTGC-D1_Stim,1,1,0,1,0,0,1,1
TATGCCCTCCGGGTGT-D1_Stim,1,0,0,1,0,0,1,1
TATTACCGTATCTGCA-D1_Stim,0,1,1,0,1,0,0,0
TCAATCTAGCGCTCCA-D1_Stim,1,0,0,1,1,0,0,1
TCACAAGCATCTCCCA-D1_Stim,0,0,0,1,0,0,0,1
TCACAAGTCAGCATGT-D1_Stim,0,0,1,1,0,1,0,1
TCACGAAAGATACACA-D1_Stim,1,1,1,1,0,0,1,0
TCAGATGAGCTCAACT-D1_Stim,1,1,1,1,0,0,0,1
TCAGATGGTCACCTAA-D1_Stim,1,0,1,0,0,0,0,1
TCAGCAACACGAAATA-D1_Stim,0,0,0,1,0,1,0,1
TCAGCAACAGCATGAG-D1_Stim,0,1,0,0,0,0,0,0
TCAGCAATCGGCGGTT-D1_Stim,0,1,0,1,0,0,1,1
TCAGCTCAGATGTGGC-D1_Stim,1,1,0,0,0,0,1,1
TCAGCTCCAGGAACGT-D1_Stim,1,1,1,0,1,0,1,1
TCAGCTCCATCGATTG-D1_Stim,1,1,0,0,0,0,0,1
TCAGGATAGAAGGACA-D1_Stim,0,0,0,1,0,1,0,1
TCAGGATAGACCTAGG-D1_Stim,1,0,0,1,1,0,1,1
TCAGGATAGCACCGCT-D1_Stim,1,0,0,1,0,0,1,1
TCAGGATAGGAGTAGA-D1_Stim,0,0,0,1,0,0,1,1
TCAGGATTCCTTAATC-D1_Stim,1,0,1,1,1,0,0,1
TCAGGTAAGTTCGCAT-D1_Stim,0,0,0,1,0,0,0,1
TCAGGTATCCTCTAGC-D1_Stim,0,1,1,1,0,1,1,1
TCATTACCAAGTTGTC-D1_Stim,1,1,1,0,1,0,1,1
TCATTTGAGATGGCGT-D1_Stim,0,0,1,1,0,0,1,1
TCATTTGAGCAATCTC-D1_Stim,0,1,0,1,0,1,1,1
TCATTTGCACTAGTAC-D1_Stim,1,1,0,0,0,0,1,0
TCATTTGTCACGGTTA-D1_Stim,0,0,0,1,1,0,1,1
TCCACACAGTACTTGC-D1_Stim,0,0,0,1,0,0,0,1
TCCACACCAGGTGCCT-D1_Stim,0,1,1,1,1,0,1,1
TCCACACGTTTAGGAA-D1_Stim,0,1,1,1,1,1,0,1
TCCACACTCCAGGGCT-D1_Stim,0,0,0,0,0,0,0,0
TCCACACTCTTCCTTC-D1_Stim,1,0,1,1,0,0,1,1
TCGAGGCAGAAGAAGC-D1_Stim,1,1,1,0,1,0,1,0
TCGAGGCCAACTGCTA-D1_Stim,0,0,0,1,1,0,1,1
TCGAGGCCAGTGAGTG-D1_Stim,1,1,1,0,0,0,0,0
TCGAGGCCATCTCGCT-D1_Stim,0,1,0,1,0,1,1,1
TCGCGAGAGGATGCGT-D1_Stim,1,1,0,1,0,0,1,0
TCGCGAGCAAGGGTCA-D1_Stim,1,0,0,1,0,0,0,1
TCGCGAGCAGTGGAGT-D1_Stim,0,0,0,1,0,0,0,1
TCGCGAGGTACTTCTT-D1_Stim,0,0,0,1,0,0,1,1
TCGCGAGTCCTCTAGC-D1_Stim,1,0,0,1,0,0,1,1
TCGCGTTAGCGGATCA-D1_Stim,1,1,1,1,0,0,1,0
TCGCGTTCAAGCCTAT-D1_Stim,0,1,1,1,0,0,0,0
TCGCGTTGTGCGCTTG-D1_Stim,1,1,0,0,0,0,0,0
TCGCGTTTCCTACAGA-D1_Stim,1,0,1,1,0,0,1,1
TCGGGACGTTTGTTTC-D1_Stim,1,1,1,1,0,0,1,1
TCGGTAAAGCTGCCCA-D1_Stim,1,0,1,1,0,0,1,1
TCGGTAAAGGATTCGG-D1_Stim,1,1,0,1,1,0,1,1
TCGGTAACACCCATGG-D1_Stim,0,1,1,1,0,1,1,1
TCGGTAAGTAGCCTAT-D1_Stim,1,1,1,1,0,1,1,0
TCGGTAAGTCCGAACC-D1_Stim,0,1,0,1,0,0,1,0
TCGTACCAGTGTCCAT-D1_Stim,1,1,0,0,1,0,1,0
TCGTACCCAATGGACG-D1_Stim,1,1,1,0,0,0,1,0
TCGTACCTCATGGTCA-D1_Stim,0,0,0,1,0,0,0,1
TCGTAGACACGCATCG-D1_Stim,0,0,0,1,1,0,0,1
TCTATTGGTAGCAAAT-D1_Stim,0,0,0,0,0,1,0,0
TCTATTGTCCTTTCGG-D1_Stim,0,0,0,1,0,0,1,1
TCTCATAGTACCGAGA-D1_Stim,0,1,0,1,0,0,1,0
TCTCATAGTCTAACGT-D1_Stim,1,1,1,1,1,0,0,1
TCTCATATCGGCCGAT-D1_Stim,1,0,1,0,0,0,0,1
TCTCTAAAGTGTCCCG-D1_Stim,1,0,1,1,0,0,1,1
TCTCTAACATGCCACG-D1_Stim,1,1,1,1,0,0,1,0
TCTCTAATCGAATCCA-D1_Stim,0,0,1,0,0,0,0,0
TCTGAGACAGCTGTTA-D1_Stim,1,1,1,1,0,0,0,1
TCTGAGATCTAACTTC-D1_Stim,1,1,0,1,1,0,0,1
TCTTCGGGTTAAGATG-D1_Stim,0,0,0,1,0,0,1,1
TCTTTCCTCCATGCTC-D1_Stim,0,0,1,0,0,0,1,0
TCTTTCCTCTTTACGT-D1_Stim,1,1,1,0,0,0,1,0
TGAAAGACAGTCTTCC-D1_Stim,0,0,0,1,0,0,0,1
TGAAAGAGTTGCTCCT-D1_Stim,0,1,0,1,0,0,1,0
TGAAAGATCACGATGT-D1_Stim,1,1,1,1,0,0,1,1
TGAAAGATCATGTAGC-D1_Stim,1,1,1,0,0,0,0,1
TGACAACAGCTATGCT-D1_Stim,1,0,0,1,1,0,0,1
TGACAACGTCATGCAT-D1_Stim,1,1,0,1,0,0,0,0
TGACAACGTGCACTTA-D1_Stim,1,1,1,0,0,0,0,0
TGACAACTCGCATGAT-D1_Stim,1,0,1,1,1,0,1,0
TGACAACTCTTGTACT-D1_Stim,0,0,0,1,0,0,0,1
TGACGGCAGCTTCGCG-D1_Stim,0,0,0,0,0,0,1,0
TGACGGCAGGCTCAGA-D1_Stim,1,1,1,1,0,0,1,1
TGACGGCCACCCAGTG-D1_Stim,1,1,1,1,0,1,1,0
TGACGGCGTATAAACG-D1_Stim,0,0,0,1,0,0,1,1
TGACGGCGTGTCAATC-D1_Stim,0,1,1,0,0,0,1,0
TGACGGCGTGTGACCC-D1_Stim,1,1,1,0,1,0,0,0
TGACTAGAGAGACTTA-D1_Stim,1,1,1,1,0,0,1,1
TGACTAGCACACAGAG-D1_Stim,1,0,1,1,0,0,1,1
TGACTAGGTAGCTCCG-D1_Stim,0,0,0,1,0,1,0,1
TGACTAGTCGCCCTTA-D1_Stim,1,1,1,1,1,0,0,0
TGACTAGTCTGTCCGT-D1_Stim,1,1,1,0,0,0,1,0
TGACTTTAGAGATGAG-D1_Stim,1,1,1,0,1,0,0,1
TGACTTTAGCCAACAG-D1_Stim,1,1,1,0,1,0,1,0
TGACTTTCAACGCACC-D1_Stim,0,0,0,1,1,0,1,1
TGACTTTTCCGCGTTT-D1_Stim,1,1,0,1,1,0,1,0
TGAGCCGAGTTAGCGG-D1_Stim,1,1,1,1,0,0,0,0
TGAGCCGGTCGCGGTT-D1_Stim,1,1,1,1,0,1,1,1
TGAGCCGTCTGGTGTA-D1_Stim,1,1,1,1,1,0,0,0
TGAGGGAAGGCCGAAT-D1_Stim,0,0,0,1,0,0,0,0
TGAGGGAGTCTCTCGT-D1_Stim,0,0,0,1,0,0,1,1
TGAGGGATCAGTTGAC-D1_Stim,1,1,0,0,1,0,1,1
TGATTTCAGGTTCCTA-D1_Stim,1,1,1,0,0,1,0,1
TGATTTCAGTATCTCG-D1_Stim,1,0,0,1,1,0,0,1
TGATTTCCACCAGATT-D1_Stim,1,1,0,1,1,0,1,1
TGATTTCCAGACGCTC-D1_Stim,1,1,1,0,0,1,0,1
TGCACCTAGGGTTTCT-D1_Stim,1,1,0,1,0,0,0,1
TGCACCTGTGATGCCC-D1_Stim,1,1,1,1,0,0,1,1
TGCCAAAGTAAGCACG-D1_Stim,1,1,1,0,1,0,0,1
TGCCAAATCCAAAGTC-D1_Stim,1,0,1,0,0,0,0,1
TGCCCTAAGTGTCCCG-D1_Stim,1,1,0,1,0,0,1,1
TGCCCTACAATTGCTG-D1_Stim,1,0,0,0,0,0,1,1
TGCCCTAGTTCTGAAC-D1_Stim,0,0,0,1,0,0,1,1
TGCCCTATCAGCTCGG-D1_Stim,0,0,0,1,0,0,0,1
TGCGCAGAGCACCGTC-D1_Stim,1,1,0,0,1,0,1,1
TGCGGGTCAGGGAGAG-D1_Stim,0,0,0,1,0,0,1,1
TGCGTGGCAGATGGCA-D1_Stim,0,0,0,1,0,0,1,0
TGCGTGGCAGATGGGT-D1_Stim,1,1,1,1,1,0,1,0
TGCTACCGTAGATTAG-D1_Stim,0,0,0,1,0,1,1,1
TGCTACCTCTTCATGT-D1_Stim,1,1,1,1,0,0,1,1
TGCTGCTAGTGGGATC-D1_Stim,1,1,1,1,0,0,1,0
TGCTGCTGTAACGCGA-D1_Stim,0,0,0,1,0,0,0,1
TGCTGCTGTCGCATAT-D1_Stim,0,0,0,1,0,0,0,1
TGGACGCAGGCGCTCT-D1_Stim,1,0,1,1,1,0,0,0
TGGACGCGTTGGACCC-D1_Stim,0,0,0,1,0,0,1,1
TGGACGCTCCGCGGTA-D1_Stim,0,0,0,1,0,1,0,1
TGGCCAGCAGCCTTGG-D1_Stim,0,0,0,1,0,0,0,0
TGGCCAGCATGCCACG-D1_Stim,0,0,0,1,0,0,1,1
TGGCCAGTCGTCACGG-D1_Stim,1,0,1,1,1,0,0,0
TGGCGCACAGGATCGA-D1_Stim,0,0,0,0,0,0,0,1
TGGGAAGGTAGCGCAA-D1_Stim,1,1,1,0,1,0,1,0
TGGGAAGGTCAGAATA-D1_Stim,0,0,0,1,0,1,0,1
TGGGCGTCAGTATCTG-D1_Stim,0,0,0,1,0,0,1,1
TGGGCGTTCACCTCGT-D1_Stim,0,0,0,1,0,0,1,1
TGGTTAGAGACAGAGA-D1_Stim,0,0,0,0,0,0,0,0
TGGTTAGGTTCGTCTC-D1_Stim,0,0,0,1,0,0,0,1
TGGTTCCAGCTGAAAT-D1_Stim,0,0,0,1,0,0,0,1
TGGTTCCAGGCGTACA-D1_Stim,0,0,0,1,0,0,0,0
TGGTTCCAGGTCGGAT-D1_Stim,0,0,0,1,0,0,1,1
TGGTTCCAGTCGAGTG-D1_Stim,0,0,0,1,0,0,0,0
TGGTTCCGTCCGTCAG-D1_Stim,0,0,0,1,0,0,1,1
TGGTTCCGTGAGTATA-D1_Stim,0,0,0,1,0,0,1,0
TGTATTCAGGCCCTTG-D1_Stim,1,1,1,0,0,0,1,0
TGTATTCCACACATGT-D1_Stim,1,1,1,1,0,0,0,0
TGTATTCTCCGCAAGC-D1_Stim,1,0,0,1,0,0,0,1
TGTCCCAAGCGCCTTG-D1_Stim,0,0,1,1,0,1,1,1
TGTCCCAGTAGCCTCG-D1_Stim,0,0,0,1,0,1,0,0
TGTCCCATCACCGGGT-D1_Stim,0,0,0,1,0,0,0,0
TGTGTTTCATTGAGCT-D1_Stim,1,1,1,0,0,0,0,0
TGTGTTTGTATCTGCA-D1_Stim,0,0,0,1,0,0,1,0
TGTGTTTTCCGTCATC-D1_Stim,1,1,1,1,1,0,1,1
TGTTCCGTCAATCTCT-D1_Stim,0,0,0,1,0,0,1,1
TGTTCCGTCACCAGGC-D1_Stim,0,0,0,0,0,0,0,0
TTAACTCAGTTCGCGC-D1_Stim,1,1,0,1,0,0,1,1
TTAGGACAGGTGCAAC-D1_Stim,1,0,0,1,0,0,0,1
TTAGGACTCAGCCTAA-D1_Stim,1,1,1,0,0,0,0,1
TTAGGACTCCTTTACA-D1_Stim,1,1,1,1,0,1,1,1
TTAGGACTCGTACGGC-D1_Stim,1,1,1,1,0,0,1,0
TTAGTTCGTGGCTCCA-D1_Stim,0,0,1,1,0,1,1,1
TTATGCTAGGTGCTAG-D1_Stim,1,1,1,0,0,0,1,1
TTATGCTTCGTCTGCT-D1_Stim,0,0,0,0,0,0,0,0
TTCCCAGAGTACTTGC-D1_Stim,1,1,1,1,0,1,1,1
TTCCCAGGTCGGGTCT-D1_Stim,0,0,0,1,0,1,0,1
TTCGAAGAGCCAGTTT-D1_Stim,1,1,0,1,0,0,1,0
TTCGAAGCAACGATGG-D1_Stim,0,0,0,1,0,0,0,1
TTCGAAGCAAGCCATT-D1_Stim,0,0,0,1,0,0,1,1
TTCGAAGCAAGGGTCA-D1_Stim,0,0,0,1,0,0,0,1
TTCGAAGTCGAACTGT-D1_Stim,1,0,1,1,1,0,1,0
TTCGGTCAGTGTTTGC-D1_Stim,1,1,1,1,1,0,1,0
TTCGGTCGTAGATTAG-D1_Stim,1,1,1,1,0,1,1,1
TTCTACACACTAGTAC-D1_Stim,0,0,0,1,0,0,0,1
TTCTACACAGGTTTCA-D1_Stim,0,1,1,1,0,1,0,1
TTCTACACATTGAGCT-D1_Stim,0,1,1,1,0,0,1,1
TTCTCAAAGGACCACA-D1_Stim,1,1,1,1,0,0,1,0
TTCTCAACAACTTGAC-D1_Stim,1,1,1,1,0,0,1,0
TTCTCAAGTAAATGTG-D1_Stim,1,1,1,0,0,1,0,0
TTCTCAATCTATGTGG-D1_Stim,1,0,0,1,0,0,0,1
TTCTTAGCAGCGTTCG-D1_Stim,1,1,1,0,0,0,0,0
TTCTTAGTCGAACGGA-D1_Stim,1,0,1,1,0,0,1,0
TTCTTAGTCGCAAGCC-D1_Stim,1,0,0,1,0,0,0,1
TTGAACGAGGACCACA-D1_Stim,0,0,1,1,0,0,0,1
TTGAACGAGTCCAGGA-D1_Stim,1,0,0,1,0,0,1,1
TTGAACGGTAAGAGGA-D1_Stim,0,0,1,1,0,0,0,1
TTGAACGGTCTGCAAT-D1_Stim,1,1,1,0,0,0,1,0
TTGCCGTCATGGTAGG-D1_Stim,0,0,0,1,0,0,0,0
TTGCCGTGTGATGTCT-D1_Stim,0,0,0,1,0,0,1,1
TTGCGTCGTAAGGGCT-D1_Stim,0,0,1,1,0,0,0,1
TTGGAACAGAACAACT-D1_Stim,1,0,0,1,0,0,0,1
TTGGAACGTGTAACGG-D1_Stim,1,0,1,1,1,0,0,1
TTGGCAAGTAGGGTAC-D1_Stim,1,1,1,0,0,0,1,1
TTGTAGGCATGGAATA-D1_Stim,1,1,0,0,0,0,1,0
TTTACTGGTCGGCACT-D1_Stim,1,1,0,1,0,1,0,1
TTTACTGTCATGGTCA-D1_Stim,0,0,0,0,0,0,0,0
TTTATGCCACCTATCC-D1_Stim,1,0,0,1,0,0,0,1
TTTATGCTCCGTACAA-D1_Stim,1,1,1,1,1,0,1,1
TTTCCTCAGTCGTTTG-D1_Stim,0,0,1,1,0,1,0,0
TTTCCTCGTACAGTTC-D1_Stim,0,0,0,1,0,0,1,1
TTTCCTCTCCCAAGAT-D1_Stim,1,1,1,1,0,0,1,1
TTTCCTCTCCTCCTAG-D1_Stim,1,0,0,1,0,0,0,0
TTTCCTCTCTAGAGTC-D1_Stim,1,1,1,1,0,0,1,0
TTTGGTTCAAATTGCC-D1_Stim,0,0,0,1,0,1,1,1
TTTGGTTCATTCCTCG-D1_Stim,0,1,1,1,0,1,0,1
TTTGTCAAGGCATTGG-D1_Stim,1,1,1,0,0,1,1,1
AAACCTGCAAAGTGCG-D1_NoStim,0,1,0,0,0,1,0,0
AAACCTGCAGCCTATA-D1_NoStim,0,0,0,0,0,0,0,0
AAACCTGTCCTTTCTC-D1_NoStim,0,1,0,0,0,0,0,0
AAACGGGCAAGTCTGT-D1_NoStim,0,0,0,0,0,0,0,0
AAACGGGCAGATGGGT-D1_NoStim,0,0,0,0,0,0,0,0
AAACGGGCAGCCTATA-D1_NoStim,0,0,0,0,0,0,0,0
AAACGGGGTTACGCGC-D1_NoStim,0,0,0,0,0,0,0,0
AAACGGGTCCACTCCA-D1_NoStim,0,0,0,0,0,0,0,0
AAAGATGGTATATGGA-D1_NoStim,0,0,0,0,0,0,0,0
AAAGATGTCTTCAACT-D1_NoStim,0,0,0,0,0,0,0,0
AAAGCAAAGGAGTCTG-D1_NoStim,0,1,0,0,0,0,0,0
AAAGTAGGTATAGGTA-D1_NoStim,0,0,0,0,0,0,0,0
AAATGCCTCCTCTAGC-D1_NoStim,0,0,0,0,0,0,0,0
AACACGTCATCTGGTA-D1_NoStim,0,1,0,0,0,0,0,0
AACACGTTCGAGCCCA-D1_NoStim,0,0,0,0,0,0,0,0
AACCGCGAGCAGGTCA-D1_NoStim,0,0,0,0,0,0,0,0
AACCGCGCAAAGAATC-D1_NoStim,0,0,0,0,0,0,0,1
AACGTTGTCTAACGGT-D1_NoStim,0,0,0,0,0,0,0,0
AACTCAGAGTCTTGCA-D1_NoStim,0,0,0,0,0,0,0,0
AACTCAGCAGCTGTAT-D1_NoStim,0,0,0,0,0,0,0,0
AACTCAGGTATGAAAC-D1_NoStim,0,0,0,0,0,0,0,0
AACTCAGGTGACCAAG-D1_NoStim,0,1,0,0,0,0,0,0
AACTCTTCAATCTACG-D1_NoStim,0,0,0,0,0,0,0,0
AACTCTTCATGCATGT-D1_NoStim,0,0,0,0,0,0,0,0
AACTCTTGTGGACGAT-D1_NoStim,0,1,0,0,0,0,0,0
AACTCTTTCTAACTTC-D1_NoStim,0,0,0,0,0,0,0,0
AACTGGTAGGCTAGAC-D1_NoStim,0,0,0,0,0,0,0,0
AACTGGTAGTTCGCAT-D1_NoStim,0,0,0,0,0,0,0,0
AACTGGTCAAGGACTG-D1_NoStim,0,0,0,0,0,0,0,0
AACTGGTTCACATGCA-D1_NoStim,0,1,0,1,0,0,1,0
AACTTTCAGACATAAC-D1_NoStim,0,0,0,0,0,0,0,0
AACTTTCCACGACTCG-D1_NoStim,0,0,0,0,0,0,0,0
AACTTTCCACTTCTGC-D1_NoStim,0,0,0,0,0,0,0,0
AACTTTCCAGTCCTTC-D1_NoStim,0,0,0,0,0,0,0,0
AACTTTCGTAAATGAC-D1_NoStim,0,0,0,0,0,0,0,0
AACTTTCGTGTTGGGA-D1_NoStim,0,1,0,0,0,0,0,0
AAGACCTAGGCAATTA-D1_NoStim,0,0,0,0,0,0,0,0
AAGACCTTCCTTGCCA-D1_NoStim,0,0,0,1,0,0,0,0
AAGCCGCTCCGCTGTT-D1_NoStim,0,0,0,0,0,0,0,0
AAGCCGCTCTCCTATA-D1_NoStim,0,0,0,0,0,0,0,0
AAGGAGCAGTCTCGGC-D1_NoStim,0,0,0,0,0,0,0,0
AAGGAGCCAACGCACC-D1_NoStim,0,0,0,0,0,0,0,0
AAGGAGCCACTGAAGG-D1_NoStim,0,0,0,0,0,0,0,0
AAGGAGCGTCATTAGC-D1_NoStim,0,1,0,0,0,0,0,0
AAGGAGCGTCGCTTCT-D1_NoStim,0,0,0,0,0,1,0,0
AAGGAGCTCGGAGGTA-D1_NoStim,0,0,0,0,0,0,0,0
AAGGCAGAGCGCTCCA-D1_NoStim,0,0,0,0,0,0,0,0
AAGGCAGTCACTTCAT-D1_NoStim,0,0,0,0,0,0,0,0
AAGGCAGTCAGCGACC-D1_NoStim,0,0,0,0,0,0,0,0
AAGGTTCAGTCTCCTC-D1_NoStim,0,0,0,0,0,0,0,0
AAGGTTCGTGTAATGA-D1_NoStim,0,0,0,0,0,0,0,0
AAGGTTCTCGTCCAGG-D1_NoStim,0,0,0,0,0,0,0,0
AAGTCTGAGCTGTTCA-D1_NoStim,0,0,0,0,0,0,0,0
AAGTCTGCAAGAAGAG-D1_NoStim,1,0,0,0,0,0,0,0
AAGTCTGCAATAGCGG-D1_NoStim,0,0,0,0,0,0,0,0
AAGTCTGGTAGCAAAT-D1_NoStim,0,0,0,0,0,0,0,0
AATCCAGAGAGCTATA-D1_NoStim,0,1,0,0,0,0,0,0
AATCCAGCAACGCACC-D1_NoStim,0,0,0,0,0,0,0,0
AATCCAGGTGTGAATA-D1_NoStim,0,1,0,0,0,0,0,0
AATCGGTTCGCAGGCT-D1_NoStim,0,0,0,0,0,0,0,0
ACACCAACACAGGCCT-D1_NoStim,0,1,0,0,0,0,0,0
ACACCAACACCCATTC-D1_NoStim,0,0,0,0,0,0,0,0
ACACCCTGTCGCTTCT-D1_NoStim,0,0,0,0,0,0,0,0
ACACCGGGTACTCTCC-D1_NoStim,0,0,0,0,0,0,0,0
ACACCGGTCATTTGGG-D1_NoStim,0,0,0,0,0,0,0,0
ACACCGGTCTCTTGAT-D1_NoStim,0,0,0,0,0,0,0,0
ACACTGACATGTCTCC-D1_NoStim,0,1,0,0,0,0,0,0
ACACTGATCGCTGATA-D1_NoStim,0,0,0,0,0,0,0,1
ACACTGATCTCTGTCG-D1_NoStim,0,0,0,0,0,0,0,0
ACAGCCGCAGCGTAAG-D1_NoStim,0,0,0,0,0,0,0,0
ACAGCCGGTTGATTCG-D1_NoStim,0,0,0,0,0,0,0,0
ACAGCCGTCTGGTATG-D1_NoStim,0,0,0,0,0,0,0,0
ACAGCTAAGGGCTCTC-D1_NoStim,0,1,0,0,0,0,0,0
ACAGCTAGTTATCGGT-D1_NoStim,0,0,1,1,1,1,0,1
ACATACGCAATGACCT-D1_NoStim,0,0,0,0,0,0,0,0
ACATACGTCCACTGGG-D1_NoStim,0,0,0,0,0,0,0,0
ACATCAGTCCTAAGTG-D1_NoStim,0,1,0,0,0,0,0,0
ACATCAGTCTGCCAGG-D1_NoStim,0,1,0,0,0,0,0,0
ACATGGTTCGGCGCAT-D1_NoStim,0,0,1,0,0,0,0,0
ACCAGTACACGGTGTC-D1_NoStim,0,0,0,0,0,0,0,0
ACCAGTACACTTACGA-D1_NoStim,0,0,0,0,0,0,0,0
ACCAGTAGTAATCACC-D1_NoStim,0,0,0,0,0,0,0,0
ACCAGTAGTCTTGCGG-D1_NoStim,0,0,0,0,0,0,0,0
ACCAGTATCAAACCGT-D1_NoStim,0,0,0,0,0,0,0,0
ACCAGTATCTTGTTTG-D1_NoStim,0,0,0,0,0,0,0,0
ACCCACTAGATGCGAC-D1_NoStim,0,0,0,0,0,0,0,0
ACCGTAAAGATATACG-D1_NoStim,0,1,0,1,0,1,0,0
ACCGTAACATGCGCAC-D1_NoStim,0,0,0,0,0,0,0,0
ACCGTAAGTGAACCTT-D1_NoStim,0,0,0,0,0,0,0,0
ACCGTAATCTGCGGCA-D1_NoStim,0,0,0,0,0,0,0,0
ACGAGCCCAAATCCGT-D1_NoStim,0,1,0,0,0,0,0,0
ACGAGGAAGCGTGTCC-D1_NoStim,0,0,0,0,0,0,0,0
ACGAGGAAGCTGCGAA-D1_NoStim,0,0,0,0,0,0,0,0
ACGAGGACAACTGCGC-D1_NoStim,1,0,0,0,0,0,0,0
ACGAGGACACATCCAA-D1_NoStim,0,0,0,0,0,0,0,0
ACGAGGAGTCCCTTGT-D1_NoStim,0,0,0,0,0,0,0,0
ACGATACAGGGATACC-D1_NoStim,0,0,0,0,0,0,0,0
ACGATACGTTCCAACA-D1_NoStim,0,0,0,0,0,0,0,0
ACGATACTCTTCGAGA-D1_NoStim,0,0,0,0,0,0,0,0
ACGATGTAGAAACGCC-D1_NoStim,0,0,0,0,0,0,0,0
ACGATGTCACGGTAGA-D1_NoStim,0,0,0,0,0,0,0,0
ACGATGTTCTTAGCCC-D1_NoStim,0,1,0,0,0,1,0,0
ACGATGTTCTTTACGT-D1_NoStim,0,0,0,0,0,0,0,0
ACGCAGCTCAATACCG-D1_NoStim,0,0,0,0,0,0,0,0
ACGCCAGGTCAGAGGT-D1_NoStim,0,1,0,1,0,0,1,0
ACGCCGACAAGAGTCG-D1_NoStim,0,0,0,0,0,0,0,0
ACGGAGAAGGAACTGC-D1_NoStim,0,0,0,0,0,0,0,0
ACGGAGAAGGGATACC-D1_NoStim,0,0,0,0,0,0,0,0
ACGGAGACAGATCTGT-D1_NoStim,0,0,0,0,0,0,0,0
ACGGAGATCGTTTGCC-D1_NoStim,0,0,0,0,0,0,0,0
ACGGAGATCTTTACAC-D1_NoStim,0,0,0,0,0,0,0,0
ACGGCCAAGAAGGACA-D1_NoStim,0,1,0,0,0,0,0,0
ACGGCCAAGCAGATCG-D1_NoStim,1,0,0,0,0,0,0,0
ACGGCCAAGGCCCTCA-D1_NoStim,0,0,0,0,0,0,0,0
ACGGCCATCCTGCTTG-D1_NoStim,0,0,0,0,0,0,0,0
ACGGGTCAGGCATGTG-D1_NoStim,0,1,0,0,0,0,0,0
ACGGGTCGTCTTGCGG-D1_NoStim,0,0,0,0,0,0,0,0
ACGGGTCGTTGGTGGA-D1_NoStim,0,0,0,0,0,0,0,0
ACGTCAAAGGCCATAG-D1_NoStim,0,0,0,0,0,0,0,0
ACGTCAACAAGTTCTG-D1_NoStim,0,0,0,0,0,0,0,0
ACTATCTAGCGGATCA-D1_NoStim,0,0,0,0,0,0,0,0
ACTATCTCAATTGCTG-D1_NoStim,0,0,0,0,0,0,0,0
ACTATCTGTCGGCACT-D1_NoStim,0,0,0,0,0,0,0,0
ACTGAACAGACTTGAA-D1_NoStim,0,0,0,0,0,0,0,0
ACTGAACTCTAACTCT-D1_NoStim,0,0,0,0,0,0,0,0
ACTGAGTGTTAGTGGG-D1_NoStim,0,0,0,0,0,0,0,0
ACTGATGGTCCGAATT-D1_NoStim,0,0,0,0,0,0,0,0
ACTGCTCAGCGTGAGT-D1_NoStim,0,0,0,1,0,0,0,0
ACTGCTCCACCAGGTC-D1_NoStim,0,0,0,0,0,0,0,0
ACTGTCCAGATTACCC-D1_NoStim,0,0,0,0,0,0,0,0
ACTGTCCCATGCCACG-D1_NoStim,0,0,0,0,0,0,0,0
ACTGTCCGTGCAGTAG-D1_NoStim,1,0,0,0,0,0,0,0
ACTGTCCGTGGTCCGT-D1_NoStim,0,0,0,0,1,0,0,0
ACTTACTAGAAGCCCA-D1_NoStim,0,0,1,0,0,0,0,0
ACTTACTAGTGCAAGC-D1_NoStim,0,0,0,0,0,0,0,0
ACTTGTTCACCTCGGA-D1_NoStim,0,0,0,0,0,0,0,0
ACTTGTTGTCTCACCT-D1_NoStim,0,0,0,0,0,0,0,0
ACTTTCAAGGCATTGG-D1_NoStim,0,0,0,0,0,0,0,0
ACTTTCACATAGAAAC-D1_NoStim,0,0,0,0,0,0,0,0
ACTTTCAGTTGATTGC-D1_NoStim,0,0,0,0,0,0,0,0
ACTTTCATCCCAACGG-D1_NoStim,0,0,0,0,0,0,0,0
AGAATAGAGTCGATAA-D1_NoStim,0,0,0,0,0,0,0,0
AGAATAGGTCGAAAGC-D1_NoStim,0,0,0,0,0,0,0,0
AGACGTTCACCGCTAG-D1_NoStim,0,0,0,0,0,0,0,0
AGACGTTCAGACGCAA-D1_NoStim,0,0,0,0,0,0,0,0
AGACGTTCAGCCTTTC-D1_NoStim,0,0,0,0,0,0,0,0
AGAGCGACAATGTTGC-D1_NoStim,0,0,0,0,0,0,0,0
AGAGCTTGTTCGGCAC-D1_NoStim,0,1,0,0,0,0,1,0
AGAGTGGAGGCCGAAT-D1_NoStim,0,1,0,1,0,1,1,0
AGAGTGGCACCAGATT-D1_NoStim,0,0,0,0,0,0,0,0
AGATCTGTCAACGGGA-D1_NoStim,0,0,0,0,0,0,0,0
AGATTGCAGTATCTCG-D1_NoStim,0,0,0,0,0,0,0,0
AGATTGCGTATAGGTA-D1_NoStim,0,0,0,0,0,0,0,0
AGCAGCCAGCAGCGTA-D1_NoStim,0,0,0,0,0,0,0,0
AGCAGCCCATTCGACA-D1_NoStim,0,0,0,0,0,0,0,0
AGCAGCCTCTCGTATT-D1_NoStim,0,0,0,0,0,0,0,0
AGCATACAGCGTTTAC-D1_NoStim,0,1,0,0,0,0,0,0
AGCATACAGGGATCTG-D1_NoStim,0,0,0,0,0,0,0,0
AGCATACCAATCCAAC-D1_NoStim,0,0,0,0,0,0,0,0
AGCATACGTGTCCTCT-D1_NoStim,0,0,0,0,1,0,0,0
AGCATACTCCCAAGAT-D1_NoStim,0,0,0,0,0,0,0,0
AGCATACTCGCGTTTC-D1_NoStim,0,0,0,0,0,0,0,0
AGCATACTCTATGTGG-D1_NoStim,0,0,0,0,0,0,0,0
AGCCTAATCAAAGACA-D1_NoStim,0,0,0,0,0,0,0,0
AGCGGTCGTCTTCGTC-D1_NoStim,0,0,0,0,0,0,0,0
AGCGGTCTCTCGTTTA-D1_NoStim,0,0,0,0,0,0,0,0
AGCGTATAGCTGTCTA-D1_NoStim,0,0,0,0,0,0,0,0
AGCGTATGTAGAGGAA-D1_NoStim,0,0,0,0,0,0,0,0
AGCGTATGTCTTCTCG-D1_NoStim,0,0,0,0,0,0,0,0
AGCGTATGTTCCGTCT-D1_NoStim,0,0,0,0,0,0,0,0
AGCGTCGGTTGACGTT-D1_NoStim,0,0,0,0,0,0,0,0
AGCTCCTGTACCCAAT-D1_NoStim,0,1,0,0,0,0,0,0
AGCTCCTGTCTACCTC-D1_NoStim,0,0,0,0,0,0,0,0
AGCTCCTTCAAGATCC-D1_NoStim,0,0,0,0,0,0,0,0
AGCTCTCAGCTCCTCT-D1_NoStim,0,0,0,0,0,0,0,0
AGCTCTCCATCTATGG-D1_NoStim,0,0,0,0,0,0,0,0
AGCTTGAAGAAGGTGA-D1_NoStim,0,0,0,0,0,0,0,0
AGGCCACCACGGTAAG-D1_NoStim,0,1,0,0,0,0,0,0
AGGCCACGTACACCGC-D1_NoStim,0,0,0,0,0,0,0,0
AGGCCACGTGAGGGTT-D1_NoStim,0,0,0,0,0,0,0,0
AGGCCACGTGGTCCGT-D1_NoStim,0,1,0,0,0,0,0,0
AGGCCACTCTGCGACG-D1_NoStim,0,0,0,0,0,0,0,0
AGGCCGTAGTCATGCT-D1_NoStim,0,1,0,0,0,0,0,0
AGGCCGTCACCGAATT-D1_NoStim,1,0,0,0,0,0,0,0
AGGCCGTGTTCCTCCA-D1_NoStim,0,0,0,0,0,0,0,0
AGGGAGTCAAGCCATT-D1_NoStim,0,0,0,0,0,0,0,0
AGGGATGCAGAAGCAC-D1_NoStim,0,0,0,0,0,0,0,0
AGGGATGCATTGTGCA-D1_NoStim,0,0,0,1,0,0,0,0
AGGGATGTCGGCTTGG-D1_NoStim,0,0,0,0,0,0,0,0
AGGGTGAAGCTATGCT-D1_NoStim,0,0,1,1,0,1,1,1
AGGGTGAAGGAACTGC-D1_NoStim,0,0,0,0,0,0,0,0
AGGGTGAAGGCCGAAT-D1_NoStim,0,0,0,0,0,0,0,0
AGGGTGACATCAGTAC-D1_NoStim,0,1,0,0,0,0,0,1
AGGTCATTCACCGTAA-D1_NoStim,0,0,0,0,0,0,0,0
AGGTCCGAGAAGGTTT-D1_NoStim,0,0,0,0,0,0,0,0
AGGTCCGCACGCCAGT-D1_NoStim,0,0,0,0,0,0,0,0
AGGTCCGGTAACGTTC-D1_NoStim,0,0,0,0,0,0,0,0
AGGTCCGTCGTAGGAG-D1_NoStim,0,0,0,0,0,0,0,0
AGTAGTCAGTCATGCT-D1_NoStim,0,0,0,0,0,0,0,0
AGTAGTCCACCATGTA-D1_NoStim,0,0,0,0,0,0,0,0
AGTGAGGAGCTGATAA-D1_NoStim,0,0,0,0,0,0,0,0
AGTGAGGCAATGGAGC-D1_NoStim,0,0,0,0,0,0,0,0
AGTGGGAAGCGGATCA-D1_NoStim,0,0,0,0,0,0,0,0
AGTGGGACATGCTAGT-D1_NoStim,0,0,0,0,0,0,0,0
AGTGGGAGTCCGAATT-D1_NoStim,0,0,0,0,0,0,0,0
AGTGTCACATTAGCCA-D1_NoStim,0,1,0,0,0,0,0,0
AGTGTCATCCAAGTAC-D1_NoStim,0,0,0,0,0,0,0,0
AGTTGGTAGAAACCGC-D1_NoStim,0,0,0,0,0,0,0,0
AGTTGGTAGATATGGT-D1_NoStim,0,0,0,0,0,0,0,0
AGTTGGTCACCACGTG-D1_NoStim,0,1,0,0,0,0,0,0
AGTTGGTTCATGCATG-D1_NoStim,0,0,0,0,0,0,0,0
AGTTGGTTCATTATCC-D1_NoStim,0,1,0,0,0,1,1,0
ATAACGCCAAGCCATT-D1_NoStim,1,0,0,0,0,0,0,0
ATAACGCGTATTCGTG-D1_NoStim,0,0,0,0,0,0,0,0
ATAAGAGTCCTCATTA-D1_NoStim,0,0,0,0,0,0,0,0
ATAAGAGTCTACTCAT-D1_NoStim,0,0,0,0,0,0,0,0
ATCACGACACCATCCT-D1_NoStim,1,1,0,0,0,0,1,0
ATCACGACAGACGCCT-D1_NoStim,0,0,0,0,0,0,0,0
ATCATCTAGTCGAGTG-D1_NoStim,0,0,0,0,0,0,0,0
ATCATCTGTTGGTGGA-D1_NoStim,0,1,0,0,0,0,0,0
ATCATGGGTAGATTAG-D1_NoStim,0,1,0,0,0,0,0,0
ATCATGGGTATCTGCA-D1_NoStim,0,0,0,0,0,0,0,0
ATCATGGGTCAGCTAT-D1_NoStim,0,0,0,0,0,0,0,0
ATCATGGGTGACGCCT-D1_NoStim,0,0,0,0,0,0,0,0
ATCCACCAGAGCCTAG-D1_NoStim,0,0,0,0,0,0,0,0
ATCCACCCATTCTTAC-D1_NoStim,1,1,0,0,0,0,0,0
ATCCACCGTCTGGTCG-D1_NoStim,0,0,0,0,0,0,0,0
ATCCGAACAATTGCTG-D1_NoStim,0,0,0,0,0,0,0,0
ATCCGAAGTAGCTGCC-D1_NoStim,0,0,0,0,0,0,0,0
ATCGAGTAGGCCCGTT-D1_NoStim,0,1,0,0,0,0,0,0
ATCGAGTTCGAATCCA-D1_NoStim,0,0,0,0,0,0,0,0
ATCTACTGTAGGGACT-D1_NoStim,0,0,0,0,0,0,0,0
ATCTGCCAGCCGGTAA-D1_NoStim,0,0,0,0,0,0,0,0
ATCTGCCCAAGACGTG-D1_NoStim,0,0,0,0,0,0,0,0
ATGAGGGAGGCGACAT-D1_NoStim,0,0,0,0,0,0,0,0
ATGCGATAGGCTATCT-D1_NoStim,0,0,0,1,0,0,0,0
ATGCGATTCGTGGACC-D1_NoStim,0,0,0,0,0,0,0,0
ATGGGAGAGATATACG-D1_NoStim,0,0,0,0,0,0,0,0
ATGTGTGAGAATGTTG-D1_NoStim,0,0,0,0,0,0,0,0
ATTACTCAGCTTATCG-D1_NoStim,1,0,0,0,0,0,0,0
ATTACTCGTTGATTGC-D1_NoStim,0,0,0,0,0,0,0,0
ATTATCCAGTCATCCA-D1_NoStim,0,0,0,0,0,0,0,0
ATTATCCCATAGAAAC-D1_NoStim,1,0,0,0,0,0,0,0
ATTATCCGTGGTAACG-D1_NoStim,0,0,0,0,0,0,0,0
ATTATCCTCCGTTGTC-D1_NoStim,0,0,0,0,0,0,0,0
ATTCTACCAAGCTGGA-D1_NoStim,0,0,0,0,0,0,1,0
ATTCTACGTTGCGCAC-D1_NoStim,0,1,0,0,0,0,0,0
ATTGGACTCTGACCTC-D1_NoStim,0,1,0,1,0,1,1,0
ATTGGTGCATGCGCAC-D1_NoStim,0,0,0,0,0,0,1,0
ATTGGTGGTTAAAGTG-D1_NoStim,0,0,0,0,0,0,0,0
ATTTCTGAGGTGTGGT-D1_NoStim,0,0,0,0,0,0,0,0
ATTTCTGCAGCTCGAC-D1_NoStim,0,0,0,0,0,0,0,0
ATTTCTGGTAAAGGAG-D1_NoStim,0,0,0,0,0,0,0,0
ATTTCTGGTATAGGGC-D1_NoStim,0,0,0,0,0,0,0,0
ATTTCTGGTTATGCGT-D1_NoStim,0,0,0,0,0,0,0,0
CAACCAAGTGTGCCTG-D1_NoStim,0,0,0,0,0,0,0,0
CAACCAATCACCCGAG-D1_NoStim,0,0,0,0,0,0,0,0
CAACCAATCTTTACGT-D1_NoStim,0,1,0,0,0,0,0,0
CAACCTCGTTCGTTGA-D1_NoStim,0,0,0,0,0,0,0,0
CAACCTCTCCTAAGTG-D1_NoStim,0,0,0,0,0,0,0,0
CAACTAGAGATGGGTC-D1_NoStim,0,0,0,0,0,0,0,0
CAACTAGGTCCCGACA-D1_NoStim,0,0,0,0,0,0,0,0
CAACTAGGTTCTGAAC-D1_NoStim,0,0,0,0,0,0,0,0
CAACTAGTCCTATGTT-D1_NoStim,0,0,0,0,0,0,0,0
CAAGAAACATTGGGCC-D1_NoStim,0,1,0,0,0,0,0,0
CAAGAAATCCTTTACA-D1_NoStim,0,0,0,0,0,0,0,0
CAAGATCTCATAGCAC-D1_NoStim,0,0,0,0,0,0,0,0
CAAGATCTCTGAAAGA-D1_NoStim,0,0,0,0,0,0,0,0
CAAGGCCAGTCGAGTG-D1_NoStim,0,0,0,0,0,0,0,0
CAAGGCCTCACTGGGC-D1_NoStim,0,0,0,0,0,0,0,0
CACAAACGTCTACCTC-D1_NoStim,0,0,0,0,0,0,0,0
CACAAACGTTCGAATC-D1_NoStim,0,0,0,0,0,0,0,0
CACAAACGTTGGAGGT-D1_NoStim,0,1,0,0,0,0,0,0
CACACCTTCTGTACGA-D1_NoStim,0,1,0,0,0,0,0,0
CACACTCAGATGTTAG-D1_NoStim,0,0,0,0,0,0,0,0
CACACTCGTAAACCTC-D1_NoStim,0,0,0,0,0,0,0,0
CACACTCTCGGAAACG-D1_NoStim,0,0,0,0,0,0,0,0
CACAGGCCAATGCCAT-D1_NoStim,0,0,0,0,0,0,0,0
CACAGGCCAGAAGCAC-D1_NoStim,0,0,0,0,0,0,0,0
CACAGGCGTCTAGTGT-D1_NoStim,0,0,0,0,0,0,0,0
CACAGGCTCAGGCCCA-D1_NoStim,0,1,0,0,0,1,0,0
CACAGTAAGTTGTAGA-D1_NoStim,0,0,0,0,0,0,0,0
CACATAGAGTTGAGAT-D1_NoStim,0,0,0,0,0,0,0,0
CACATAGGTCATGCAT-D1_NoStim,1,0,0,0,0,0,1,0
CACCACTGTCCATCCT-D1_NoStim,0,0,0,0,0,0,0,0
CACCAGGCAACGCACC-D1_NoStim,0,1,0,0,0,0,0,0
CACCAGGCACGTAAGG-D1_NoStim,0,0,0,0,0,0,0,0
CACCAGGTCTGTCAAG-D1_NoStim,0,0,0,0,0,0,0,0
CACCTTGTCCCTTGTG-D1_NoStim,0,0,0,0,0,0,0,0
CACTCCAGTTGGTAAA-D1_NoStim,0,0,0,0,0,0,0,0
CACTCCATCAGGCAAG-D1_NoStim,0,0,0,0,0,0,0,0
CAGAATCAGCTTTGGT-D1_NoStim,0,0,0,0,0,0,0,0
CAGAATCAGTTCCACA-D1_NoStim,0,1,0,0,0,0,0,1
CAGAATCTCTAGAGTC-D1_NoStim,0,0,0,0,0,0,0,0
CAGAGAGGTATAGTAG-D1_NoStim,0,1,0,0,0,0,0,0
CAGAGAGTCCGATATG-D1_NoStim,0,0,0,0,0,0,0,0
CAGATCAAGTGAATTG-D1_NoStim,0,0,0,0,0,0,0,0
CAGATCAGTATATGAG-D1_NoStim,0,0,0,0,0,0,0,0
CAGCAGCAGAGCTTCT-D1_NoStim,0,1,0,0,0,0,0,0
CAGCAGCTCACATACG-D1_NoStim,0,1,0,0,0,0,0,0
CAGCATAAGACAGGCT-D1_NoStim,0,1,0,0,0,0,0,0
CAGCATAAGTTATCGC-D1_NoStim,0,0,0,0,0,0,0,0
CAGCATACAGTAACGG-D1_NoStim,0,0,0,0,0,0,0,0
CAGCATAGTGCTAGCC-D1_NoStim,0,0,0,0,0,0,0,0
CAGCATATCCTGTACC-D1_NoStim,0,0,0,1,0,0,0,0
CAGCATATCCTTTACA-D1_NoStim,0,0,0,0,0,0,0,1
CAGCATATCGTATCAG-D1_NoStim,0,0,0,0,0,0,0,0
CAGCCGAAGAGGTTGC-D1_NoStim,0,0,0,0,0,0,0,0
CAGCCGACACCAGATT-D1_NoStim,0,0,0,0,0,0,0,0
CAGCCGATCACGAAGG-D1_NoStim,0,0,0,0,0,0,0,0
CAGCCGATCCTAGGGC-D1_NoStim,0,0,0,0,0,0,0,0
CAGCGACCAATAAGCA-D1_NoStim,0,0,0,0,0,0,0,0
CAGCGACTCGTAGGAG-D1_NoStim,0,0,0,0,0,0,0,0
CAGCTAAAGTGCCATT-D1_NoStim,0,0,0,0,0,0,0,0
CAGCTAACATCCTTGC-D1_NoStim,0,0,0,0,0,0,0,0
CAGCTAAGTACAGACG-D1_NoStim,0,0,0,0,0,0,0,0
CAGCTAATCAGCACAT-D1_NoStim,0,0,0,0,0,0,0,0
CAGCTAATCGGACAAG-D1_NoStim,0,0,0,0,0,0,0,0
CAGCTGGAGCCGCCTA-D1_NoStim,0,0,0,0,0,0,0,0
CAGGTGCGTGTCTGAT-D1_NoStim,0,0,0,0,0,0,0,0
CAGTAACAGCTCCTCT-D1_NoStim,0,1,0,0,0,0,0,0
CAGTAACCATACGCCG-D1_NoStim,0,1,0,0,0,0,0,0
CAGTAACGTCCAAGTT-D1_NoStim,0,0,0,0,0,0,0,0
CAGTAACTCTTGACGA-D1_NoStim,0,0,0,0,0,0,0,0
CAGTCCTCACGCATCG-D1_NoStim,0,1,0,0,0,0,0,1
CAGTCCTTCATACGGT-D1_NoStim,0,0,0,0,0,0,0,0
CATATGGAGGCAATTA-D1_NoStim,0,0,0,0,0,0,0,0
CATATGGAGTTACCCA-D1_NoStim,0,1,0,0,0,0,0,0
CATATGGTCATGCAAC-D1_NoStim,0,1,0,0,0,0,0,0
CATATGGTCTGCGGCA-D1_NoStim,0,0,0,1,0,0,0,0
CATATTCAGCTACCTA-D1_NoStim,0,0,0,0,0,0,0,0
CATATTCGTGCTGTAT-D1_NoStim,0,0,0,0,0,0,0,0
CATCAAGCATCACGTA-D1_NoStim,0,1,0,0,0,0,0,0
CATCAGACAGATCGGA-D1_NoStim,0,0,0,0,0,0,0,0
CATCGAAAGAGACGAA-D1_NoStim,0,0,0,0,0,0,0,1
CATCGAACAGAAGCAC-D1_NoStim,0,1,0,0,0,0,0,0
CATCGGGCATAGACTC-D1_NoStim,0,1,0,0,0,0,0,0
CATGCCTAGTCGAGTG-D1_NoStim,0,0,0,0,0,0,0,0
CATGCCTCACGTGAGA-D1_NoStim,0,0,0,0,0,0,0,0
CATGCCTCATGCTAGT-D1_NoStim,0,0,0,0,0,0,0,0
CATGCCTTCTGAGGGA-D1_NoStim,0,0,0,0,0,0,0,0
CATGGCGAGGATGGAA-D1_NoStim,0,1,0,0,0,0,1,0
CATGGCGCACATTCGA-D1_NoStim,0,0,0,0,0,0,0,0
CATGGCGTCCCTCAGT-D1_NoStim,1,0,1,0,0,0,0,0
CATGGCGTCGGAAACG-D1_NoStim,0,1,0,0,0,0,1,0
CATTATCAGAGGTTGC-D1_NoStim,0,1,0,0,0,0,0,0
CATTATCAGTTGTAGA-D1_NoStim,0,0,0,0,0,0,0,0
CATTATCCAGACGCCT-D1_NoStim,0,0,0,0,0,0,0,0
CATTATCGTACGACCC-D1_NoStim,0,0,0,0,0,0,0,0
CATTATCGTTGTCTTT-D1_NoStim,0,0,0,0,0,0,0,0
CATTCGCGTGAAGGCT-D1_NoStim,0,0,0,1,0,0,0,0
CCACCTAAGTAGCCGA-D1_NoStim,0,0,0,0,0,0,0,0
CCACCTAAGTTGTCGT-D1_NoStim,0,0,0,0,0,0,0,0
CCACCTAGTAGTACCT-D1_NoStim,0,0,0,0,0,0,0,0
CCACGGACAGCCAGAA-D1_NoStim,0,1,0,0,0,0,0,0
CCACGGATCACATAGC-D1_NoStim,0,0,0,0,0,0,0,0
CCACGGATCCTATGTT-D1_NoStim,0,0,0,0,0,0,0,0
CCACTACGTAAGGATT-D1_NoStim,0,0,0,0,0,0,0,0
CCACTACTCAGTGCAT-D1_NoStim,0,0,0,0,0,0,0,0
CCAGCGAAGCTAAGAT-D1_NoStim,0,0,0,0,0,0,0,0
CCAGCGAGTAGGGTAC-D1_NoStim,0,0,0,0,0,0,0,0
CCAGCGAGTCCCTTGT-D1_NoStim,0,1,0,0,0,0,1,0
CCATGTCCACAACTGT-D1_NoStim,0,0,0,0,0,0,0,0
CCATGTCGTGATGCCC-D1_NoStim,0,0,0,0,0,0,0,0
CCATTCGGTATGAATG-D1_NoStim,0,0,0,0,0,0,0,0
CCATTCGGTATTACCG-D1_NoStim,0,0,0,0,0,0,0,0
CCCAATCAGAGACTAT-D1_NoStim,0,0,0,0,0,0,0,0
CCCAATCCATTGGTAC-D1_NoStim,0,0,0,0,0,0,0,0
CCCAATCGTACAGTGG-D1_NoStim,0,0,1,0,0,0,0,0
CCCAATCGTATAGGGC-D1_NoStim,0,0,0,0,0,0,0,0
CCCAATCGTATAGGTA-D1_NoStim,0,1,0,0,0,0,0,0
CCCAATCGTTTAAGCC-D1_NoStim,0,0,0,0,0,0,0,0
CCCAGTTAGCTGCCCA-D1_NoStim,0,0,0,0,0,0,0,0
CCCAGTTCAATACGCT-D1_NoStim,0,0,0,0,0,1,0,0
CCCAGTTCACACATGT-D1_NoStim,0,0,0,0,0,0,0,0
CCCAGTTTCTGATTCT-D1_NoStim,0,0,0,1,0,0,0,0
CCCATACAGCCCTAAT-D1_NoStim,0,0,0,0,0,0,0,0
CCCATACAGTCTCAAC-D1_NoStim,0,0,0,0,0,0,0,0
CCCATACTCTGGCGTG-D1_NoStim,0,0,0,0,0,0,0,0
CCCTCCTCAGACACTT-D1_NoStim,0,1,1,1,0,0,1,0
CCCTCCTGTCTAAAGA-D1_NoStim,0,0,0,0,0,0,0,0
CCCTCCTTCTAGCACA-D1_NoStim,0,0,0,0,0,0,0,0
CCGGGATAGCCTTGAT-D1_NoStim,0,1,0,0,0,0,1,0
CCGGGATCAATGTTGC-D1_NoStim,0,0,0,0,0,0,0,0
CCGGGATCATCACCCT-D1_NoStim,0,0,0,0,0,0,0,0
CCGGGATGTAAGGGAA-D1_NoStim,0,0,0,0,0,0,0,0
CCGGGATGTCGGCTCA-D1_NoStim,0,0,1,0,0,0,0,0
CCGGTAGTCAACGGCC-D1_NoStim,0,0,0,0,0,0,0,0
CCGGTAGTCTACTTAC-D1_NoStim,0,0,0,0,0,0,0,0
CCGTACTAGTGCCAGA-D1_NoStim,0,0,0,0,0,0,0,0
CCGTACTGTTCAGTAC-D1_NoStim,0,0,0,0,0,0,0,0
CCGTGGAGTGCAGACA-D1_NoStim,0,0,0,0,0,0,0,0
CCGTTCACAGGGTATG-D1_NoStim,0,0,0,0,0,0,0,0
CCGTTCAGTAACGACG-D1_NoStim,0,0,0,0,0,0,0,0
CCGTTCATCCGCAGTG-D1_NoStim,0,0,0,0,0,0,0,0
CCTAAAGAGCAGCCTC-D1_NoStim,0,0,0,0,0,0,0,0
CCTAAAGTCGAGAGCA-D1_NoStim,0,1,1,1,0,1,0,1
CCTAAAGTCTTGTCAT-D1_NoStim,0,0,0,0,0,0,0,0
CCTACACAGATCGATA-D1_NoStim,0,0,0,0,0,0,0,0
CCTACACAGCATCATC-D1_NoStim,0,0,0,0,0,0,0,0
CCTACACCAACTTGAC-D1_NoStim,0,0,0,0,0,0,0,0
CCTACACCAGTGACAG-D1_NoStim,0,0,0,0,0,0,0,0
CCTACACGTGTATGGG-D1_NoStim,0,0,0,0,0,0,0,0
CCTACACTCTATCGCC-D1_NoStim,0,0,0,0,0,0,0,0
CCTACACTCTCAAACG-D1_NoStim,0,0,0,0,0,0,0,0
CCTACCACATCAGTAC-D1_NoStim,0,0,0,0,0,0,0,0
CCTACCATCCTAAGTG-D1_NoStim,0,0,0,0,0,0,0,0
CCTACCATCTCTAAGG-D1_NoStim,0,0,0,0,0,0,0,0
CCTAGCTAGGTGCAAC-D1_NoStim,0,0,0,0,0,0,1,0
CCTAGCTCACAGATTC-D1_NoStim,0,0,0,0,0,0,0,0
CCTATTACAAGCCGCT-D1_NoStim,0,1,0,0,0,0,0,0
CCTATTACAGCTTCGG-D1_NoStim,0,0,1,0,0,0,0,0
CCTATTAGTTATTCTC-D1_NoStim,0,0,0,0,0,0,0,0
CCTCAGTCACCGCTAG-D1_NoStim,0,1,0,0,0,0,0,0
CCTCAGTCAGCCAATT-D1_NoStim,0,0,0,0,0,0,0,0
CCTCAGTGTCTGCGGT-D1_NoStim,0,1,0,0,0,0,0,0
CCTCTGACATGTTGAC-D1_NoStim,0,0,0,0,0,0,0,0
CCTCTGACATTACGAC-D1_NoStim,0,0,0,0,0,0,0,0
CCTCTGAGTTCAGTAC-D1_NoStim,0,0,0,0,0,0,0,0
CCTCTGATCGCCCTTA-D1_NoStim,0,0,0,0,0,0,0,0
CCTTACGCACGAAGCA-D1_NoStim,0,1,0,0,0,0,0,0
CCTTACGGTGTGAAAT-D1_NoStim,0,0,0,0,0,0,0,0
CCTTACGTCTCTGAGA-D1_NoStim,1,1,0,0,0,0,0,0
CCTTCCCAGCGCTCCA-D1_NoStim,1,1,1,0,0,1,1,1
CCTTCCCGTACACCGC-D1_NoStim,0,0,0,0,0,0,0,0
CCTTCCCGTAGCACGA-D1_NoStim,0,0,0,0,0,0,0,0
CCTTCGACAGATCGGA-D1_NoStim,0,1,0,0,0,0,0,0
CCTTCGATCTGCGGCA-D1_NoStim,0,1,0,0,0,0,0,0
CCTTTCTTCGGATGGA-D1_NoStim,0,0,0,0,0,0,0,0
CGAACATGTTCCACTC-D1_NoStim,0,1,0,0,0,0,0,0
CGAATGTAGGGCATGT-D1_NoStim,0,0,0,0,0,0,0,0
CGAATGTCAATGGAGC-D1_NoStim,0,0,0,0,0,0,0,0
CGAGCACGTTACTGAC-D1_NoStim,0,0,0,0,0,0,0,0
CGAGCCAAGTTGAGAT-D1_NoStim,0,1,0,0,0,0,0,0
CGAGCCATCACCCTCA-D1_NoStim,0,0,0,0,1,0,0,0
CGATCGGGTAAGAGAG-D1_NoStim,0,0,1,0,0,0,0,0
CGATCGGGTACGCTGC-D1_NoStim,0,0,0,0,0,0,0,0
CGATCGGTCAACCATG-D1_NoStim,0,0,0,0,0,0,0,0
CGATGGCCAGATTGCT-D1_NoStim,0,0,0,0,0,0,0,0
CGATGTACAGCTGCAC-D1_NoStim,0,0,0,0,0,0,0,0
CGATGTATCTATCCCG-D1_NoStim,0,0,0,0,0,0,0,0
CGATTGAAGGTTACCT-D1_NoStim,0,0,0,0,0,0,0,0
CGATTGACAAGCCTAT-D1_NoStim,0,0,0,0,0,0,0,0
CGATTGATCAGCGATT-D1_NoStim,0,0,0,0,0,0,0,0
CGCCAAGAGGTTACCT-D1_NoStim,0,0,0,0,0,0,0,0
CGCCAAGAGTGCAAGC-D1_NoStim,0,0,0,0,0,0,0,0
CGCCAAGTCGCAGGCT-D1_NoStim,0,0,0,0,0,0,0,0
CGCCAAGTCTGCGACG-D1_NoStim,0,1,0,0,0,0,0,0
CGCGGTACAATCTGCA-D1_NoStim,0,0,0,0,0,0,0,0
CGCGTTTAGCTGTTCA-D1_NoStim,0,0,0,0,0,0,0,0
CGCGTTTTCGTGGGAA-D1_NoStim,0,0,0,0,0,0,0,0
CGCTATCCATTGGTAC-D1_NoStim,0,0,0,0,0,0,0,0
CGCTGGACACATCCAA-D1_NoStim,0,0,0,0,0,0,0,0
CGCTGGACAGGCGATA-D1_NoStim,0,1,0,0,0,0,0,0
CGCTTCACAAGTTGTC-D1_NoStim,0,0,0,0,0,0,0,0
CGCTTCATCCCACTTG-D1_NoStim,0,0,0,0,0,0,0,0
CGGACACAGAGTAATC-D1_NoStim,0,0,0,0,0,0,0,0
CGGACACGTACTTCTT-D1_NoStim,0,0,0,0,0,0,0,0
CGGACGTAGAGGGCTT-D1_NoStim,0,1,0,0,0,0,0,0
CGGACGTAGCAGCCTC-D1_NoStim,0,1,0,0,0,0,0,0
CGGACGTCACGAAATA-D1_NoStim,0,0,0,0,0,0,0,0
CGGACGTGTCGGATCC-D1_NoStim,0,0,0,0,0,0,0,0
CGGACGTTCATCATTC-D1_NoStim,0,0,0,0,0,0,0,0
CGGACTGCATAAGACA-D1_NoStim,0,1,0,0,0,0,0,0
CGGACTGTCCGAATGT-D1_NoStim,0,0,0,0,0,0,0,0
CGGAGCTCACATCCGG-D1_NoStim,0,0,0,0,0,0,0,0
CGGAGCTCATTCTCAT-D1_NoStim,0,0,0,0,0,0,0,0
CGGCTAGAGAAGGCCT-D1_NoStim,0,0,0,0,0,0,0,0
CGGCTAGCAAGCCATT-D1_NoStim,0,1,0,0,0,0,0,0
CGGCTAGTCCTGCAGG-D1_NoStim,0,0,0,0,0,0,0,0
CGGGTCAGTACAAGTA-D1_NoStim,0,0,0,0,0,0,0,0
CGTAGCGCAGGTCGTC-D1_NoStim,0,0,0,0,0,0,0,0
CGTAGCGTCGCATGGC-D1_NoStim,0,1,0,0,0,0,0,0
CGTAGCGTCTCAAGTG-D1_NoStim,0,0,0,0,0,0,0,0
CGTAGGCCAAGCCATT-D1_NoStim,0,0,0,0,0,0,0,0
CGTAGGCGTCGGCATC-D1_NoStim,0,0,0,0,0,0,0,0
CGTCACTAGTGACTCT-D1_NoStim,0,0,0,0,0,0,0,1
CGTCACTCAAGGACTG-D1_NoStim,0,0,0,0,0,0,0,0
CGTCACTGTAAATGTG-D1_NoStim,0,0,0,0,0,0,0,0
CGTCACTTCCCTAATT-D1_NoStim,0,0,0,0,0,0,0,0
CGTGTAAGTACCGAGA-D1_NoStim,1,0,0,0,0,0,1,0
CGTGTAAGTCTCTCGT-D1_NoStim,0,1,0,0,0,0,0,0
CGTTAGACAAGCCCAC-D1_NoStim,0,0,0,0,0,0,0,0
CGTTAGACAGCGTTCG-D1_NoStim,0,0,0,1,0,1,1,0
CGTTAGACATTCCTCG-D1_NoStim,0,1,0,1,0,0,0,0
CGTTAGAGTTTGTTTC-D1_NoStim,0,0,0,0,0,0,0,0
CGTTAGATCGGCCGAT-D1_NoStim,0,0,0,0,0,0,0,0
CGTTCTGCATAAAGGT-D1_NoStim,0,1,0,0,0,0,0,0
CGTTGGGAGATATGCA-D1_NoStim,0,0,0,1,0,0,0,1
CTAACTTTCCCAGGTG-D1_NoStim,0,0,0,0,0,0,0,0
CTAATGGAGATCCTGT-D1_NoStim,0,0,0,0,0,0,0,0
CTAATGGAGGATGGTC-D1_NoStim,0,0,0,0,0,0,0,0
CTAATGGGTGTGGCTC-D1_NoStim,0,1,0,0,0,0,0,0
CTACACCAGCACCGTC-D1_NoStim,0,1,0,0,0,0,0,0
CTACACCCACCAGTTA-D1_NoStim,0,0,0,0,0,0,0,0
CTACACCCATTTCACT-D1_NoStim,0,0,0,0,0,0,0,0
CTACACCGTTGTCGCG-D1_NoStim,0,0,0,0,0,0,0,0
CTACACCTCCAAAGTC-D1_NoStim,0,0,0,0,0,0,0,0
CTACACCTCGGTTAAC-D1_NoStim,0,0,0,0,0,0,0,0
CTACATTCACATCCGG-D1_NoStim,0,0,1,0,0,0,0,0
CTACATTCATACTACG-D1_NoStim,0,1,0,0,0,0,0,0
CTACATTCATATACGC-D1_NoStim,0,0,0,0,0,1,0,0
CTACATTGTGCAACTT-D1_NoStim,0,0,0,0,0,0,0,0
CTACCCACAAACTGCT-D1_NoStim,0,0,0,0,0,0,0,0
CTACCCACACGGTAGA-D1_NoStim,0,0,0,0,0,1,0,1
CTACCCAGTGATGTCT-D1_NoStim,0,0,0,0,0,0,0,0
CTACCCAGTTGTACAC-D1_NoStim,0,0,0,0,0,0,0,0
CTACGTCCAAGCCGCT-D1_NoStim,0,0,0,0,0,0,0,0
CTACGTCCAATGACCT-D1_NoStim,0,0,0,0,0,0,0,0
CTACGTCCAGGTGGAT-D1_NoStim,0,0,0,0,0,0,0,0
CTAGAGTAGACAGACC-D1_NoStim,1,0,0,0,0,0,0,0
CTAGAGTAGCTAGGCA-D1_NoStim,0,0,0,0,0,0,0,0
CTAGAGTGTGAGGGTT-D1_NoStim,0,0,0,0,0,1,0,1
CTAGCCTAGCTTATCG-D1_NoStim,1,0,0,0,0,0,0,0
CTCACACAGCTAGTCT-D1_NoStim,0,0,0,0,0,0,0,0
CTCACACCAAGTAATG-D1_NoStim,0,0,0,0,0,0,0,0
CTCACACGTGGGTATG-D1_NoStim,0,0,0,0,0,0,0,0
CTCATTAAGGACAGAA-D1_NoStim,0,0,0,0,0,0,0,0
CTCATTAGTACCGTAT-D1_NoStim,1,0,0,0,0,0,0,0
CTCCTAGCAGATCGGA-D1_NoStim,0,0,0,1,0,0,1,1
CTCCTAGGTTAAAGAC-D1_NoStim,0,1,0,0,0,0,1,0
CTCGAAAGTCAATGTC-D1_NoStim,0,0,0,0,0,0,0,0
CTCGAAAGTCACACGC-D1_NoStim,0,1,0,0,0,0,0,0
CTCGAGGCACGGTAGA-D1_NoStim,0,0,0,0,0,0,0,0
CTCGAGGTCCGCATAA-D1_NoStim,0,0,0,0,0,0,0,0
CTCGGAGGTCCTAGCG-D1_NoStim,0,0,0,0,0,0,0,0
CTCGGGAAGCCACGCT-D1_NoStim,0,0,0,0,0,0,0,0
CTCGGGAAGTAGGCCA-D1_NoStim,0,1,0,0,0,1,0,0
CTCGGGACACATTAGC-D1_NoStim,0,0,0,0,0,0,0,0
CTCGTACAGAGTAATC-D1_NoStim,0,0,0,0,0,0,0,0
CTCGTCAGTTGGAGGT-D1_NoStim,0,0,0,0,0,0,0,0
CTCGTCATCCGTCATC-D1_NoStim,0,0,0,0,0,0,0,0
CTCTAATGTCTAGTCA-D1_NoStim,0,0,0,0,0,0,0,0
CTCTAATTCGATCCCT-D1_NoStim,0,0,0,0,0,0,0,0
CTCTACGAGAGGTACC-D1_NoStim,0,0,0,0,0,0,0,0
CTCTACGCAAATCCGT-D1_NoStim,0,0,0,0,0,0,0,0
CTCTACGTCCGTAGTA-D1_NoStim,0,0,0,0,0,0,0,0
CTCTGGTGTTCTCATT-D1_NoStim,0,0,0,0,0,0,0,0
CTCTGGTTCCACGACG-D1_NoStim,0,1,0,0,0,1,0,0
CTGAAACGTAAGGATT-D1_NoStim,0,0,0,0,0,0,0,0
CTGAAACGTCCTGCTT-D1_NoStim,0,0,0,0,0,0,0,0
CTGAAACTCTAGCACA-D1_NoStim,0,0,0,0,0,0,0,0
CTGAAGTCACATGGGA-D1_NoStim,0,0,0,0,0,0,0,0
CTGAAGTTCCCAACGG-D1_NoStim,0,0,0,0,0,0,1,0
CTGATAGGTCGCGTGT-D1_NoStim,0,1,0,0,0,0,0,0
CTGATAGTCATGTAGC-D1_NoStim,0,0,0,0,0,0,0,0
CTGATCCAGACAGGCT-D1_NoStim,0,0,0,0,0,0,0,0
CTGATCCTCAGTCCCT-D1_NoStim,0,0,0,0,0,0,0,0
CTGCCTAAGGATGGTC-D1_NoStim,0,1,0,0,0,0,0,0
CTGCCTAAGTCTCGGC-D1_NoStim,0,0,0,0,0,0,0,0
CTGCCTAGTACTTGAC-D1_NoStim,0,0,0,0,0,0,0,0
CTGCCTAGTCTCTCTG-D1_NoStim,0,0,0,0,0,0,0,0
CTGCCTATCGCCAAAT-D1_NoStim,0,0,0,0,0,0,0,0
CTGCGGAGTTCCGGCA-D1_NoStim,0,0,0,0,0,0,0,0
CTGCTGTCACAGGCCT-D1_NoStim,0,0,0,0,0,0,0,0
CTGCTGTCACATCTTT-D1_NoStim,0,0,0,0,0,0,0,0
CTGCTGTGTCCTCTTG-D1_NoStim,0,0,0,0,0,0,0,0
CTGGTCTCATACGCCG-D1_NoStim,0,0,0,0,0,0,0,0
CTGTGCTCACAGCGTC-D1_NoStim,0,0,0,0,0,0,0,0
CTGTGCTGTTGAGTTC-D1_NoStim,0,1,0,0,0,0,0,0
CTGTTTAAGATCCGAG-D1_NoStim,0,1,0,0,0,0,1,0
CTGTTTACACACCGAC-D1_NoStim,0,0,0,0,0,0,0,0
CTGTTTAGTACCGTAT-D1_NoStim,0,0,0,0,0,0,0,0
CTGTTTATCCAGTATG-D1_NoStim,0,0,0,0,0,0,0,0
CTTAACTAGCAGACTG-D1_NoStim,0,1,0,0,0,0,0,0
CTTAACTCAAGGACTG-D1_NoStim,0,0,0,0,0,0,0,0
CTTAACTTCAAGGCTT-D1_NoStim,0,0,0,0,0,0,0,0
CTTAACTTCTATCGCC-D1_NoStim,0,0,0,0,0,0,0,0
CTTACCGAGTTAAGTG-D1_NoStim,0,1,0,0,0,0,0,0
CTTACCGCAGATCCAT-D1_NoStim,0,1,0,1,0,0,1,0
CTTACCGCATTGTGCA-D1_NoStim,0,0,0,0,0,0,0,0
CTTACCGGTTGCCTCT-D1_NoStim,0,0,0,0,0,0,0,0
CTTACCGTCATGCATG-D1_NoStim,0,0,0,0,0,0,0,0
CTTACCGTCTGGGCCA-D1_NoStim,0,1,0,0,0,0,1,0
CTTAGGAAGTTTCCTT-D1_NoStim,0,0,0,0,0,0,0,0
CTTAGGAGTAGTAGTA-D1_NoStim,0,0,0,0,0,0,0,0
CTTAGGAGTTCGGGCT-D1_NoStim,0,0,0,0,1,0,0,0
CTTAGGATCCCTCAGT-D1_NoStim,0,1,0,0,0,0,0,0
CTTCTCTTCTCCCTGA-D1_NoStim,0,0,0,0,0,0,0,0
CTTGGCTAGAAAGTGG-D1_NoStim,0,0,0,0,0,1,0,0
GAAACTCCAAGAAGAG-D1_NoStim,0,0,0,0,0,0,0,0
GAAACTCCAAGTCTGT-D1_NoStim,0,0,0,0,0,0,0,0
GAAACTCTCTGCTTGC-D1_NoStim,0,1,0,0,0,0,0,0
GAAATGACAAATTGCC-D1_NoStim,1,0,0,0,0,0,0,0
GAAATGATCTTCAACT-D1_NoStim,0,0,0,0,0,0,0,0
GAACATCAGCTATGCT-D1_NoStim,0,0,0,0,0,0,0,0
GAACATCTCCTTTACA-D1_NoStim,0,0,0,0,0,0,0,0
GAACATCTCTCCAACC-D1_NoStim,0,0,0,0,0,0,0,1
GAACCTAAGCCACCTG-D1_NoStim,0,0,0,0,0,0,0,0
GAACCTAAGGCTAGAC-D1_NoStim,0,0,0,0,0,0,0,0
GAACCTAAGGCTCTTA-D1_NoStim,0,1,0,1,0,0,0,0
GAACCTACATTTCACT-D1_NoStim,0,0,0,0,0,0,0,1
GAACCTAGTGTGCGTC-D1_NoStim,0,1,0,0,0,0,0,0
GAACGGACATGGTTGT-D1_NoStim,0,0,0,0,0,0,0,0
GAAGCAGAGCGTCTAT-D1_NoStim,0,1,0,0,0,0,0,0
GAAGCAGGTCGACTGC-D1_NoStim,0,0,0,0,0,0,0,0
GAATAAGGTCCTCCAT-D1_NoStim,0,0,0,0,0,0,0,0
GAATAAGGTGTCTGAT-D1_NoStim,0,1,1,1,0,0,1,1
GAATAAGTCCACTCCA-D1_NoStim,0,0,0,0,0,0,0,0
GAATAAGTCTGCGACG-D1_NoStim,0,0,0,0,0,0,0,0
GAATGAAAGGGATCTG-D1_NoStim,0,1,0,0,0,0,0,0
GAATGAACAAGGACTG-D1_NoStim,0,0,0,0,0,0,0,0
GAATGAACACTGTCGG-D1_NoStim,0,0,0,0,0,0,0,0
GACACGCAGGCCCGTT-D1_NoStim,0,0,0,0,0,0,0,0
GACACGCCAAATCCGT-D1_NoStim,0,0,0,0,0,0,0,0
GACACGCGTACCAGTT-D1_NoStim,0,0,0,0,0,0,0,0
GACACGCGTACTTCTT-D1_NoStim,0,0,0,0,0,0,0,0
GACACGCGTCACACGC-D1_NoStim,0,0,0,0,0,0,0,0
GACAGAGGTTCGTCTC-D1_NoStim,0,0,0,0,0,0,0,0
GACCAATAGTACGACG-D1_NoStim,0,0,0,0,0,0,0,0
GACCAATTCTTGTCAT-D1_NoStim,0,0,0,0,0,0,0,0
GACCTGGAGCACAGGT-D1_NoStim,0,0,0,0,0,0,0,0
GACCTGGAGTGCTGCC-D1_NoStim,0,0,0,0,0,0,0,0
GACCTGGCAGCTGTAT-D1_NoStim,0,0,0,0,0,0,0,0
GACCTGGGTCCGAGTC-D1_NoStim,0,1,0,0,0,0,0,0
GACGCGTAGTGGGATC-D1_NoStim,0,0,0,0,0,0,0,0
GACGCGTCATTTCAGG-D1_NoStim,0,1,0,0,0,0,0,0
GACGCGTTCGAATGGG-D1_NoStim,1,0,0,0,0,0,0,0
GACGTGCAGCTATGCT-D1_NoStim,0,0,0,0,0,0,0,0
GACGTGCTCCAACCAA-D1_NoStim,0,0,0,0,0,0,0,0
GACGTTAAGATGGCGT-D1_NoStim,0,0,0,0,0,0,0,0
GACGTTAGTACAGCAG-D1_NoStim,0,0,0,0,0,0,0,0
GACGTTAGTTCTGTTT-D1_NoStim,0,0,0,1,0,0,0,1
GACTAACCAGTCCTTC-D1_NoStim,0,0,0,0,0,1,0,0
GACTAACTCACAGGCC-D1_NoStim,0,1,0,0,0,0,0,0
GACTAACTCACCGTAA-D1_NoStim,0,0,0,0,0,0,0,0
GACTAACTCTTAACCT-D1_NoStim,0,0,0,0,0,0,0,0
GACTACAGTGGTCCGT-D1_NoStim,0,0,0,0,0,0,0,0
GACTGCGAGGAGCGAG-D1_NoStim,0,0,0,0,0,0,0,0
GACTGCGCACTCTGTC-D1_NoStim,0,0,0,0,0,0,0,0
GACTGCGCATCAGTAC-D1_NoStim,0,1,0,1,0,1,0,1
GACTGCGGTTATGTGC-D1_NoStim,0,0,0,0,0,0,0,0
GAGCAGACAAGGACTG-D1_NoStim,0,0,0,0,0,0,0,0
GAGCAGAGTGATAAGT-D1_NoStim,0,0,0,0,0,0,0,0
GAGGTGAGTAGGGACT-D1_NoStim,0,0,0,0,0,0,0,0
GAGGTGAGTATGGTTC-D1_NoStim,0,0,0,0,0,0,0,0
GAGTCCGAGCTGCCCA-D1_NoStim,0,0,0,0,0,0,0,0
GAGTCCGGTGAGGCTA-D1_NoStim,0,0,0,0,0,0,0,0
GATCAGTTCCTATTCA-D1_NoStim,0,0,0,0,0,0,0,0
GATCAGTTCGATAGAA-D1_NoStim,0,1,0,0,0,0,0,0
GATCGATTCACTCCTG-D1_NoStim,0,0,0,0,0,0,0,0
GATCGATTCGAATGGG-D1_NoStim,0,0,0,1,0,0,0,0
GATCGCGGTGAGGGAG-D1_NoStim,0,1,0,0,0,0,0,0
GATCGTACAAATTGCC-D1_NoStim,0,0,0,0,0,0,0,0
GATCGTAGTGCTAGCC-D1_NoStim,0,0,0,0,0,0,0,0
GATCGTATCCAGGGCT-D1_NoStim,0,0,0,0,0,0,0,0
GATCTAGTCGATGAGG-D1_NoStim,0,0,0,0,0,0,0,0
GATGAAATCTGAGTGT-D1_NoStim,0,0,0,0,0,0,0,0
GATGAGGAGATATGCA-D1_NoStim,0,0,0,0,0,0,0,0
GATGAGGCAACTGCGC-D1_NoStim,0,0,0,0,0,0,0,0
GATGAGGGTCAATGTC-D1_NoStim,0,1,0,0,0,0,0,0
GATTCAGAGATCCTGT-D1_NoStim,0,1,0,0,0,0,0,0
GATTCAGCAGGTCTCG-D1_NoStim,0,0,0,0,0,0,0,0
GCAAACTAGTGGAGAA-D1_NoStim,0,0,0,0,0,0,0,0
GCAAACTGTTCGGCAC-D1_NoStim,0,0,0,0,0,0,0,0
GCAAACTTCCCACTTG-D1_NoStim,0,0,0,0,0,0,0,0
GCAAACTTCTGCAGTA-D1_NoStim,0,0,0,0,0,0,0,0
GCAATCATCGTTTAGG-D1_NoStim,0,1,0,0,0,0,0,0
GCACATAGTTACTGAC-D1_NoStim,0,0,0,0,0,0,0,0
GCACATATCGTTACGA-D1_NoStim,0,1,0,0,0,0,0,0
GCACTCTAGTGTTTGC-D1_NoStim,0,0,0,0,0,0,0,0
GCACTCTCATCGGGTC-D1_NoStim,0,0,0,0,0,0,0,0
GCACTCTCATTCACTT-D1_NoStim,0,0,0,0,0,0,0,0
GCAGCCAAGAGACGAA-D1_NoStim,1,0,0,0,0,0,0,0
GCAGCCACACCACGTG-D1_NoStim,0,0,0,0,0,0,0,0
GCAGTTATCGCGTAGC-D1_NoStim,0,0,0,0,0,0,0,0
GCAGTTATCTTCAACT-D1_NoStim,0,0,0,0,0,0,0,0
GCATACAAGTGGTAAT-D1_NoStim,0,0,0,0,0,0,0,0
GCATGATGTCTGGTCG-D1_NoStim,0,0,0,0,0,0,0,0
GCATGATGTCTTTCAT-D1_NoStim,0,0,0,0,0,0,0,0
GCATGCGGTAGCCTAT-D1_NoStim,0,0,0,0,0,0,0,0
GCATGCGGTTAGAACA-D1_NoStim,0,0,0,1,0,0,0,0
GCATGTAAGAAACCTA-D1_NoStim,0,0,0,0,0,0,0,0
GCATGTAAGGTGCAAC-D1_NoStim,0,0,0,0,0,0,0,0
GCATGTACAGCTCCGA-D1_NoStim,0,0,0,0,0,0,0,0
GCATGTATCGCTAGCG-D1_NoStim,0,0,0,0,0,0,0,0
GCCAAATCAGGAACGT-D1_NoStim,0,0,0,0,0,0,0,0
GCCAAATGTTCTGAAC-D1_NoStim,0,1,0,0,0,0,0,0
GCCAAATTCATCTGTT-D1_NoStim,0,1,0,0,0,0,0,0
GCCTCTACAATGACCT-D1_NoStim,0,0,0,0,0,0,0,0
GCGACCAGTTGATTCG-D1_NoStim,0,0,0,0,0,0,0,0
GCGACCATCATTTGGG-D1_NoStim,0,0,0,0,0,0,0,0
GCGAGAAGTCATTAGC-D1_NoStim,1,1,1,0,0,0,0,0
GCGAGAATCAGAAATG-D1_NoStim,0,0,0,0,0,0,0,0
GCGAGAATCATCACCC-D1_NoStim,0,0,0,0,0,0,0,0
GCGAGAATCTGATTCT-D1_NoStim,0,0,0,1,0,0,0,0
GCGCAACCATTGTGCA-D1_NoStim,0,1,0,0,0,0,0,0
GCGCAACGTAGTACCT-D1_NoStim,0,0,0,0,0,0,0,0
GCGCAACTCAACACGT-D1_NoStim,0,0,0,0,0,0,0,0
GCGCAGTAGGACATTA-D1_NoStim,0,0,0,0,0,0,0,0
GCGCAGTCATGGTAGG-D1_NoStim,0,0,0,0,0,0,0,0
GCGCCAAAGATATACG-D1_NoStim,0,0,0,0,0,0,0,0
GCGCCAACACAGAGGT-D1_NoStim,0,1,0,0,0,0,0,0
GCGCCAATCTGACCTC-D1_NoStim,0,0,0,0,0,0,0,0
GCGCCAATCTGCGTAA-D1_NoStim,0,1,0,0,0,0,0,0
GCGCCAATCTTTAGGG-D1_NoStim,1,1,0,1,0,0,1,0
GCGCGATAGTTACGGG-D1_NoStim,0,1,0,0,0,0,0,0
GCGCGATTCCTTGACC-D1_NoStim,0,0,0,0,0,1,0,0
GCGGGTTAGGCAGTCA-D1_NoStim,0,0,0,0,0,0,0,0
GCGGGTTCATGTAGTC-D1_NoStim,0,0,0,0,0,0,0,0
GCTCCTAAGGCCCTCA-D1_NoStim,0,0,0,0,0,0,0,1
GCTCCTAGTACAGCAG-D1_NoStim,0,0,0,0,0,0,0,0
GCTCCTAGTTAGATGA-D1_NoStim,0,0,0,0,0,0,0,0
GCTCCTATCCGCATCT-D1_NoStim,0,0,0,0,0,0,0,0
GCTCTGTCAATTGCTG-D1_NoStim,0,0,0,0,0,0,0,0
GCTCTGTCATATACCG-D1_NoStim,0,0,0,0,0,0,0,0
GCTCTGTGTTTAGCTG-D1_NoStim,0,0,0,0,0,0,0,0
GCTGCGACAACGATGG-D1_NoStim,0,0,0,0,0,0,0,0
GCTGCGATCGTAGATC-D1_NoStim,0,0,0,0,0,0,0,0
GCTGCTTAGATCACGG-D1_NoStim,0,0,0,0,0,0,0,0
GCTGCTTAGTCATCCA-D1_NoStim,0,0,0,0,0,0,0,0
GCTGCTTTCGTAGGAG-D1_NoStim,0,0,0,0,0,0,0,0
GCTGGGTAGAAACCGC-D1_NoStim,0,0,0,0,0,0,0,0
GCTGGGTCAAAGGAAG-D1_NoStim,0,0,0,0,0,0,0,0
GCTTCCACATGGAATA-D1_NoStim,0,0,0,0,0,0,0,0
GCTTCCATCCACGACG-D1_NoStim,0,0,0,0,0,0,0,0
GCTTCCATCCCTCAGT-D1_NoStim,1,1,0,1,0,0,1,0
GCTTGAATCGACCAGC-D1_NoStim,0,0,0,0,0,0,0,0
GGAAAGCTCCCTCAGT-D1_NoStim,0,1,0,0,0,0,0,0
GGAATAACACTGTGTA-D1_NoStim,0,0,0,0,0,0,0,0
GGAATAAGTAGGCTGA-D1_NoStim,0,0,0,0,0,0,0,0
GGACAAGCACGAGAGT-D1_NoStim,0,0,0,0,0,0,0,0
GGACAAGCAGACTCGC-D1_NoStim,0,1,0,0,0,0,0,0
GGACAGAGTCCTAGCG-D1_NoStim,0,0,0,0,0,0,0,0
GGACAGATCTTCGAGA-D1_NoStim,0,0,0,0,0,0,0,0
GGACATTAGCCACCTG-D1_NoStim,1,1,0,0,0,0,0,0
GGACATTCACATTAGC-D1_NoStim,0,0,0,1,0,0,0,0
GGACGTCAGGCTCTTA-D1_NoStim,0,0,0,0,0,0,0,0
GGACGTCGTTCGTCTC-D1_NoStim,0,0,0,0,0,0,0,0
GGACGTCGTTTGGCGC-D1_NoStim,0,0,0,0,0,0,0,0
GGACGTCTCCTTCAAT-D1_NoStim,0,1,0,0,0,0,0,0
GGAGCAATCGCGCCAA-D1_NoStim,0,0,0,0,0,0,0,0
GGATGTTCAGTGGGAT-D1_NoStim,0,0,0,0,0,0,0,0
GGATTACCATCGGACC-D1_NoStim,0,1,0,1,0,0,0,0
GGCAATTAGCATGGCA-D1_NoStim,0,0,0,1,0,0,0,0
GGCAATTCATCGTCGG-D1_NoStim,0,0,0,0,0,0,0,0
GGCAATTGTCAACTGT-D1_NoStim,0,0,0,0,0,0,0,0
GGCAATTGTCTAACGT-D1_NoStim,0,0,0,0,0,0,0,0
GGCCGATAGAGTCTGG-D1_NoStim,0,0,0,0,0,0,0,0
GGCGACTAGGCACATG-D1_NoStim,0,1,0,0,0,0,0,0
GGCGACTCAACAACCT-D1_NoStim,0,1,0,0,0,1,0,0
GGCGTGTGTGGACGAT-D1_NoStim,1,1,0,1,0,0,1,0
GGCTCGAAGCGTGTCC-D1_NoStim,0,1,1,0,0,0,0,0
GGCTCGAAGGATGTAT-D1_NoStim,0,0,0,0,0,0,0,0
GGCTCGAAGGGATGGG-D1_NoStim,0,0,0,0,0,1,0,0
GGCTCGATCGCATGGC-D1_NoStim,0,0,0,0,0,0,0,0
GGCTGGTCAGTTAACC-D1_NoStim,0,0,0,0,0,0,0,0
GGCTGGTGTAAAGTCA-D1_NoStim,0,1,0,0,0,0,0,0
GGGAATGAGTGTTGAA-D1_NoStim,0,0,0,0,0,0,0,0
GGGAATGCAAAGGTGC-D1_NoStim,0,1,0,0,0,0,0,0
GGGACCTAGTAGCGGT-D1_NoStim,0,0,0,0,0,0,0,0
GGGACCTGTGTTTGTG-D1_NoStim,0,0,0,0,0,0,0,0
GGGAGATAGCAACGGT-D1_NoStim,0,0,0,0,0,0,0,0
GGGAGATAGGCAATTA-D1_NoStim,0,0,0,0,0,0,0,0
GGGAGATGTTTGTTTC-D1_NoStim,0,0,0,0,0,0,0,0
GGGAGATTCGTAGGAG-D1_NoStim,0,0,0,0,0,0,0,0
GGGATGAGTGCAGGTA-D1_NoStim,0,0,0,0,0,0,0,0
GGGCACTCATGGGACA-D1_NoStim,0,1,0,0,0,0,0,0
GGGCACTTCAGGTAAA-D1_NoStim,0,0,0,0,0,0,0,0
GGGCACTTCCCGACTT-D1_NoStim,0,0,0,0,0,0,0,1
GGGCATCAGTCTCGGC-D1_NoStim,0,0,0,0,0,0,0,0
GGGCATCCAAAGTCAA-D1_NoStim,0,0,0,0,0,0,0,0
GGGCATCGTCGTGGCT-D1_NoStim,0,0,0,0,0,0,0,0
GGGCATCGTGCCTTGG-D1_NoStim,0,0,0,0,0,0,0,0
GGTATTGCACTAGTAC-D1_NoStim,0,0,1,0,0,0,0,0
GGTATTGGTTACGACT-D1_NoStim,0,0,0,0,0,0,0,0
GGTGAAGGTTTAGCTG-D1_NoStim,0,0,0,0,0,0,0,0
GGTGCGTAGGTGACCA-D1_NoStim,0,0,0,0,0,0,0,0
GGTGCGTTCACCTTAT-D1_NoStim,0,0,0,0,0,0,0,0
GGTGTTAGTACGCACC-D1_NoStim,0,1,0,0,1,0,0,0
GTAACGTAGGCGACAT-D1_NoStim,0,1,0,0,0,0,0,0
GTAACGTGTGACTACT-D1_NoStim,0,0,0,0,0,0,0,0
GTAACTGAGAAGCCCA-D1_NoStim,0,0,0,0,0,0,0,0
GTAACTGAGGGTCTCC-D1_NoStim,0,1,0,0,0,0,1,0
GTAACTGTCCAAATGC-D1_NoStim,0,1,0,0,0,0,0,1
GTACGTACAAGTTCTG-D1_NoStim,0,1,0,0,0,0,0,0
GTACGTAGTCCATGAT-D1_NoStim,0,0,0,0,0,0,0,0
GTACGTATCCGTTGCT-D1_NoStim,0,0,0,0,0,0,0,0
GTACTCCCACCAGTTA-D1_NoStim,0,0,0,0,0,0,0,0
GTACTCCCAGACAGGT-D1_NoStim,0,0,0,0,0,0,0,0
GTACTCCGTCAAACTC-D1_NoStim,0,0,0,0,0,0,0,0
GTACTCCGTCCAGTAT-D1_NoStim,0,0,0,0,0,0,0,0
GTACTCCGTCTAGTCA-D1_NoStim,0,1,0,0,0,0,0,0
GTACTTTAGGTCATCT-D1_NoStim,0,0,0,0,0,0,0,0
GTACTTTAGTGGGTTG-D1_NoStim,0,0,0,0,0,0,0,0
GTACTTTGTCCAGTGC-D1_NoStim,0,0,1,0,0,0,0,0
GTAGGCCCAAGCCGTC-D1_NoStim,0,1,0,0,0,0,0,0
GTAGGCCCATACCATG-D1_NoStim,0,0,0,0,0,1,0,0
GTAGTCAAGACGCACA-D1_NoStim,0,1,0,0,0,0,0,0
GTATCTTAGCTGCGAA-D1_NoStim,0,0,0,0,0,0,0,0
GTATTCTAGCCCAGCT-D1_NoStim,0,0,0,0,0,0,0,0
GTCAAGTAGGAATGGA-D1_NoStim,0,0,0,0,0,0,0,0
GTCAAGTCAACACCTA-D1_NoStim,0,0,0,0,0,0,0,0
GTCAAGTCAGCGTAAG-D1_NoStim,0,1,0,0,0,0,1,0
GTCAAGTTCTTAACCT-D1_NoStim,1,1,0,1,0,0,1,0
GTCACAAGTAGCCTCG-D1_NoStim,0,1,0,0,0,0,0,0
GTCACAAGTCCCTTGT-D1_NoStim,0,0,0,0,0,0,0,0
GTCACAATCTTGCAAG-D1_NoStim,0,1,0,1,0,0,1,0
GTCACGGAGACCACGA-D1_NoStim,0,0,0,0,0,0,0,0
GTCACGGAGATATACG-D1_NoStim,1,0,0,0,0,0,0,0
GTCACGGGTTCCACGG-D1_NoStim,0,0,0,0,0,0,0,0
GTCACGGTCCTGTAGA-D1_NoStim,0,0,0,0,0,0,0,0
GTCACGGTCTCGTATT-D1_NoStim,1,1,0,0,0,0,0,0
GTCATTTAGAATCTCC-D1_NoStim,0,0,0,0,0,1,0,0
GTCCTCATCCTCCTAG-D1_NoStim,0,0,0,0,0,0,0,0
GTCGGGTCATCACGTA-D1_NoStim,0,0,0,0,0,0,0,0
GTCGGGTGTTCCACAA-D1_NoStim,0,0,0,1,0,1,1,0
GTCGGGTTCAGCTGGC-D1_NoStim,0,0,0,0,0,0,0,0
GTCGTAACACACCGCA-D1_NoStim,0,0,0,0,0,0,0,0
GTCGTAATCCCGGATG-D1_NoStim,1,1,0,1,0,0,0,0
GTCTTCGCACTCAGGC-D1_NoStim,0,1,0,0,0,0,0,0
GTGAAGGTCTGCTGTC-D1_NoStim,0,0,0,0,0,0,0,0
GTGCAGCAGCGTCTAT-D1_NoStim,0,1,0,1,0,0,0,0
GTGCAGCAGGACGAAA-D1_NoStim,0,1,0,0,0,0,0,0
GTGCAGCGTATTACCG-D1_NoStim,0,1,1,1,0,1,1,0
GTGCAGCGTATTCGTG-D1_NoStim,0,0,0,0,0,0,0,0
GTGCAGCGTGTTTGTG-D1_NoStim,0,0,0,0,0,0,0,0
GTGCAGCTCGAATGGG-D1_NoStim,0,0,0,0,0,0,0,0
GTGCATAGTGTTTGGT-D1_NoStim,0,0,0,0,0,0,0,0
GTGCATAGTTCAGCGC-D1_NoStim,0,0,0,0,0,0,0,0
GTGCATATCGCCAAAT-D1_NoStim,0,0,0,0,0,0,0,0
GTGCGGTTCCTGTACC-D1_NoStim,0,0,0,0,0,0,0,0
GTGCTTCGTTCTGGTA-D1_NoStim,0,0,0,0,0,0,0,0
GTGTGCGAGAGTCGGT-D1_NoStim,0,0,0,0,0,0,0,0
GTGTGCGCAGACGCAA-D1_NoStim,0,0,0,0,0,0,0,0
GTGTTAGCAATCGAAA-D1_NoStim,0,0,0,0,0,0,0,0
GTTAAGCAGGTGATAT-D1_NoStim,0,0,0,0,0,0,0,0
GTTAAGCCAAGGTGTG-D1_NoStim,0,0,0,0,0,0,0,0
GTTAAGCCAGACTCGC-D1_NoStim,0,0,0,0,0,0,0,0
GTTACAGAGATATACG-D1_NoStim,0,0,0,0,0,0,0,0
GTTACAGAGGCTCTTA-D1_NoStim,0,1,0,0,0,0,0,0
GTTACAGCAAGGACTG-D1_NoStim,0,0,0,0,0,0,0,0
GTTACAGCATCCCATC-D1_NoStim,0,0,0,0,0,0,0,0
GTTACAGCATGAGCGA-D1_NoStim,0,1,0,0,0,0,0,0
GTTACAGGTACAGTGG-D1_NoStim,0,0,0,0,0,0,0,0
GTTACAGTCACCTTAT-D1_NoStim,0,0,0,0,0,0,0,1
GTTACAGTCGCTAGCG-D1_NoStim,0,1,0,0,0,1,1,0
GTTCATTCAGATGAGC-D1_NoStim,0,0,0,0,0,0,0,0
GTTCATTGTGCGAAAC-D1_NoStim,0,0,0,0,0,0,0,0
GTTCGGGCACATGTGT-D1_NoStim,0,0,0,0,0,0,0,0
GTTCTCGGTCATCCCT-D1_NoStim,0,0,0,0,0,0,0,0
GTTCTCGTCTTGCATT-D1_NoStim,0,0,0,0,0,0,0,0
TAAACCGTCGAATGGG-D1_NoStim,0,0,0,1,0,0,1,0
TAAACCGTCTCCAGGG-D1_NoStim,0,1,0,0,0,0,0,0
TAAGAGAGTAGAGCTG-D1_NoStim,0,0,0,0,0,0,0,0
TAAGAGATCAGCCTAA-D1_NoStim,0,0,0,0,0,0,0,0
TAAGCGTAGTCCGTAT-D1_NoStim,0,0,0,0,0,0,0,0
TAAGCGTTCACGCGGT-D1_NoStim,0,0,0,0,0,0,0,0
TAAGTGCAGTACGCGA-D1_NoStim,0,0,0,0,0,0,0,0
TAAGTGCAGTACGTTC-D1_NoStim,0,0,0,0,0,0,0,0
TACACGAAGAGAACAG-D1_NoStim,0,0,0,0,0,0,0,0
TACACGAAGGAATCGC-D1_NoStim,0,0,0,0,0,0,0,0
TACACGACACGAAGCA-D1_NoStim,0,0,0,0,0,0,0,0
TACAGTGAGCTAAGAT-D1_NoStim,0,0,0,0,0,0,0,0
TACAGTGCACTGTGTA-D1_NoStim,0,0,0,0,0,0,0,0
TACAGTGCATTTGCTT-D1_NoStim,1,0,0,0,0,0,0,1
TACAGTGGTGACAAAT-D1_NoStim,0,0,0,0,0,0,0,0
TACAGTGTCAGTTGAC-D1_NoStim,0,0,0,0,0,0,0,0
TACCTATAGGCGCTCT-D1_NoStim,0,0,0,0,0,0,0,0
TACCTATAGTCAAGCG-D1_NoStim,0,1,0,0,0,0,0,0
TACCTATGTAGTGAAT-D1_NoStim,0,0,0,0,0,0,0,0
TACCTATGTCGCATCG-D1_NoStim,0,0,0,0,0,0,0,0
TACCTATTCTCGCATC-D1_NoStim,0,0,0,0,0,0,0,0
TACCTTAAGAGTAAGG-D1_NoStim,0,1,0,1,0,1,1,0
TACGGTAAGACTAAGT-D1_NoStim,0,1,0,0,0,1,0,0
TACTCATAGCGCTTAT-D1_NoStim,0,0,0,0,0,0,0,0
TACTCATCAATGCCAT-D1_NoStim,0,0,0,0,0,0,0,0
TACTCATGTTTGGCGC-D1_NoStim,0,1,0,0,0,0,0,0
TACTCGCAGACTTGAA-D1_NoStim,0,0,0,0,0,0,0,0
TACTCGCCAGTCAGCC-D1_NoStim,0,0,0,0,0,0,0,0
TACTCGCGTTCAGGCC-D1_NoStim,0,0,0,0,0,0,0,0
TACTTACAGATGTGTA-D1_NoStim,0,0,0,0,0,0,0,0
TACTTACAGGAATGGA-D1_NoStim,0,0,0,0,0,0,0,0
TACTTACCAAGCCTAT-D1_NoStim,0,0,0,0,0,0,0,0
TACTTACGTACGCTGC-D1_NoStim,0,0,0,0,0,0,0,0
TACTTACGTCTCACCT-D1_NoStim,0,0,0,0,0,0,0,0
TACTTACGTCTCCATC-D1_NoStim,0,0,0,0,0,0,0,0
TACTTGTAGGCATTGG-D1_NoStim,0,0,0,0,0,0,0,0
TACTTGTCAAAGGCGT-D1_NoStim,0,0,1,0,0,1,0,0
TACTTGTCAGCCTATA-D1_NoStim,0,0,0,0,0,0,0,0
TACTTGTGTCCGAGTC-D1_NoStim,0,1,0,0,0,0,0,0
TAGACCAAGACCCACC-D1_NoStim,0,0,0,0,0,0,0,0
TAGACCAGTAAATGAC-D1_NoStim,0,0,0,0,0,0,0,0
TAGACCAGTCATATGC-D1_NoStim,0,1,0,0,0,0,0,0
TAGACCAGTCTAGGTT-D1_NoStim,0,0,0,0,0,0,0,0
TAGACCAGTTCCGGCA-D1_NoStim,0,0,0,0,0,0,0,0
TAGAGCTAGCAGGCTA-D1_NoStim,0,0,0,0,0,0,0,0
TAGAGCTGTACAAGTA-D1_NoStim,0,0,0,0,0,0,0,1
TAGAGCTGTGCCTGTG-D1_NoStim,0,0,0,0,0,0,0,0
TAGAGCTTCCCTAATT-D1_NoStim,0,0,0,0,0,0,0,0
TAGCCGGTCACCACCT-D1_NoStim,0,1,0,0,0,0,0,0
TAGGCATCAATCCGAT-D1_NoStim,0,0,0,0,0,0,0,0
TAGGCATGTTACGCGC-D1_NoStim,0,0,0,0,0,0,0,0
TAGGCATTCCCATTAT-D1_NoStim,0,0,0,0,0,0,0,0
TAGTGGTAGAAACGAG-D1_NoStim,0,0,0,0,0,0,0,0
TAGTTGGAGATCACGG-D1_NoStim,0,0,0,0,0,0,0,0
TAGTTGGTCCACTCCA-D1_NoStim,0,0,0,0,0,0,0,0
TATCAGGGTCATCCCT-D1_NoStim,0,0,0,0,0,0,0,0
TATCTCAAGTGGAGAA-D1_NoStim,0,0,0,0,0,0,0,0
TATGCCCCAGTTCATG-D1_NoStim,0,1,0,0,0,0,0,0
TATGCCCGTGGTGTAG-D1_NoStim,0,0,0,0,0,0,0,0
TATGCCCTCCGAGCCA-D1_NoStim,0,0,0,0,0,0,0,0
TATTACCCACGTGAGA-D1_NoStim,0,0,0,0,0,0,0,0
TATTACCTCCCAAGTA-D1_NoStim,0,0,0,0,0,0,0,0
TCAACGAAGAGCAATT-D1_NoStim,0,0,0,0,0,0,0,0
TCAACGATCCTCGCAT-D1_NoStim,0,0,0,0,0,0,0,0
TCAACGATCGCATGAT-D1_NoStim,0,0,0,0,0,0,0,0
TCAATCTCATCGATTG-D1_NoStim,0,0,0,0,0,0,0,0
TCAATCTGTAGCTCCG-D1_NoStim,0,1,0,0,0,0,0,0
TCACAAGAGTGAACGC-D1_NoStim,0,0,0,0,0,0,0,0
TCACAAGTCTCGCTTG-D1_NoStim,0,0,0,0,0,0,0,0
TCACGAATCACCTTAT-D1_NoStim,0,1,0,0,0,0,0,0
TCAGCAATCAGCGATT-D1_NoStim,0,1,0,0,0,1,0,0
TCAGCAATCTCTAAGG-D1_NoStim,1,0,0,0,0,0,0,0
TCAGCTCCACTCGACG-D1_NoStim,0,0,0,0,0,0,0,0
TCAGCTCTCACGCGGT-D1_NoStim,0,0,0,0,0,0,0,0
TCAGCTCTCGAGAACG-D1_NoStim,0,0,0,0,0,0,0,0
TCAGGATAGTAGATGT-D1_NoStim,0,1,0,0,0,0,0,0
TCAGGATCAATGGACG-D1_NoStim,0,0,0,0,0,0,1,0
TCAGGTAAGACGCACA-D1_NoStim,1,0,0,0,0,0,0,0
TCAGGTAAGGTTCCTA-D1_NoStim,0,0,0,0,0,0,0,0
TCATTACAGGGCATGT-D1_NoStim,0,0,0,0,0,0,0,0
TCATTTGAGGTCATCT-D1_NoStim,0,0,0,0,0,0,0,0
TCATTTGAGTCTTGCA-D1_NoStim,0,0,0,0,0,0,0,0
TCATTTGCAGACAAGC-D1_NoStim,0,0,0,0,0,0,0,0
TCCACACAGGTGTTAA-D1_NoStim,0,0,0,0,0,0,0,0
TCCACACCAGTAGAGC-D1_NoStim,0,0,0,0,0,0,0,0
TCCACACTCACGCATA-D1_NoStim,0,0,0,0,0,0,0,0
TCCCGATCAGCTGGCT-D1_NoStim,1,1,0,1,0,0,1,0
TCGAGGCCACAACGCC-D1_NoStim,0,0,0,0,0,0,0,0
TCGAGGCTCTGATACG-D1_NoStim,0,0,0,0,0,0,0,0
TCGCGAGAGATGTGGC-D1_NoStim,0,1,0,0,0,0,0,0
TCGCGAGGTCTGCCAG-D1_NoStim,0,0,0,0,0,0,0,0
TCGCGAGGTTGTGGAG-D1_NoStim,0,0,0,0,0,0,0,0
TCGCGTTGTGGCTCCA-D1_NoStim,0,1,0,0,0,0,0,0
TCGCGTTTCCGAAGAG-D1_NoStim,0,0,0,0,0,0,0,0
TCGGTAAAGTCATCCA-D1_NoStim,0,0,0,0,0,0,0,0
TCGGTAATCCGCAAGC-D1_NoStim,0,0,0,0,0,0,0,0
TCGTACCCAGCTGCTG-D1_NoStim,0,0,0,0,0,0,0,0
TCGTACCTCTATGTGG-D1_NoStim,0,0,0,0,0,0,0,0
TCGTAGATCAAAGTAG-D1_NoStim,0,0,0,0,0,0,0,0
TCTCATAAGACGCACA-D1_NoStim,0,0,0,0,0,0,0,0
TCTCATAAGGCTCATT-D1_NoStim,0,0,0,0,0,0,0,0
TCTCATACATATGGTC-D1_NoStim,0,0,0,1,0,0,0,0
TCTCATAGTTAAAGAC-D1_NoStim,0,0,0,0,0,0,0,0
TCTCTAATCAGTTCGA-D1_NoStim,0,0,0,0,0,0,0,0
TCTGAGACACGAAATA-D1_NoStim,0,0,0,0,0,0,0,0
TCTGAGACAGTTTACG-D1_NoStim,0,0,0,0,0,0,0,0
TCTGAGATCACAGTAC-D1_NoStim,0,0,0,0,0,0,0,0
TCTGGAAGTAGCAAAT-D1_NoStim,0,1,0,0,0,0,0,0
TCTGGAAGTAGCCTCG-D1_NoStim,0,0,0,0,0,0,0,0
TCTTCGGAGAGACGAA-D1_NoStim,0,0,0,0,0,0,0,0
TCTTCGGCAAGACGTG-D1_NoStim,0,1,0,0,0,0,0,0
TCTTCGGCACTCTGTC-D1_NoStim,0,0,0,0,0,0,0,0
TCTTTCCAGCAATCTC-D1_NoStim,0,0,0,0,0,0,0,0
TCTTTCCAGTAGCGGT-D1_NoStim,0,0,0,0,0,1,0,0
TCTTTCCCAAAGGAAG-D1_NoStim,0,0,0,0,0,0,0,0
TCTTTCCTCCAGAAGG-D1_NoStim,0,0,0,0,0,0,0,0
TGAAAGAAGTCATGCT-D1_NoStim,0,0,0,0,0,0,0,0
TGAAAGAGTCGTTGTA-D1_NoStim,0,0,0,0,0,0,0,0
TGAAAGAGTCTCTTAT-D1_NoStim,0,0,0,0,0,0,0,0
TGACAACAGAGACTAT-D1_NoStim,0,0,0,0,0,0,0,0
TGACAACGTGCAGGTA-D1_NoStim,0,0,0,0,0,0,0,0
TGACAACTCACTATTC-D1_NoStim,1,1,0,0,0,0,0,0
TGACTAGAGTTGCAGG-D1_NoStim,0,0,0,0,0,0,0,0
TGACTAGCAGTTCCCT-D1_NoStim,0,0,0,0,0,0,0,0
TGACTAGCATTGGTAC-D1_NoStim,0,0,0,0,0,0,0,0
TGACTAGTCCGCGGTA-D1_NoStim,0,1,0,1,0,0,1,0
TGACTTTGTCGGCACT-D1_NoStim,0,0,0,0,0,0,0,0
TGAGAGGAGTTCGCGC-D1_NoStim,0,0,0,0,0,0,0,0
TGAGAGGGTATCGCAT-D1_NoStim,0,1,0,1,0,1,0,0
TGAGAGGTCTTAACCT-D1_NoStim,0,0,0,0,0,0,0,0
TGAGCATAGTCAAGGC-D1_NoStim,0,0,0,0,0,0,0,0
TGAGCATAGTGTCTCA-D1_NoStim,0,0,1,1,1,0,0,0
TGAGCATCACTACAGT-D1_NoStim,0,1,0,0,0,0,0,0
TGAGCATGTGGCTCCA-D1_NoStim,0,0,0,0,0,0,0,0
TGAGCCGCAGTTCATG-D1_NoStim,0,0,0,0,0,0,0,0
TGAGCCGTCAGTTAGC-D1_NoStim,0,1,0,0,0,0,0,0
TGAGGGAAGGATGCGT-D1_NoStim,0,1,0,0,0,0,0,0
TGAGGGACACAGCCCA-D1_NoStim,0,1,0,0,0,0,0,0
TGAGGGAGTGCTAGCC-D1_NoStim,0,0,0,0,0,0,0,0
TGAGGGAGTTGACGTT-D1_NoStim,0,0,0,0,0,0,0,0
TGAGGGATCATGCTCC-D1_NoStim,0,0,0,0,0,0,0,0
TGAGGGATCTTCGGTC-D1_NoStim,1,0,0,0,0,0,0,0
TGATTTCAGATCCCGC-D1_NoStim,0,1,0,0,0,0,0,0
TGATTTCAGCGCCTTG-D1_NoStim,0,0,0,0,0,0,0,0
TGATTTCGTCGTCTTC-D1_NoStim,0,0,0,0,0,0,0,0
TGCACCTAGCCCGAAA-D1_NoStim,0,0,0,0,0,0,0,0
TGCACCTGTTCTGTTT-D1_NoStim,0,0,0,0,0,0,0,0
TGCCAAAAGTCCGGTC-D1_NoStim,0,1,0,0,0,0,0,0
TGCCAAAAGTGGGATC-D1_NoStim,0,0,0,0,0,0,0,0
TGCCAAAGTCCGAACC-D1_NoStim,0,1,0,0,0,0,0,0
TGCCCATAGAGACTTA-D1_NoStim,0,0,0,0,0,0,0,0
TGCCCATAGTGGAGTC-D1_NoStim,0,0,0,0,0,0,0,0
TGCCCATCATCTGGTA-D1_NoStim,0,1,0,0,0,0,0,0
TGCCCATGTGAAATCA-D1_NoStim,0,0,0,0,0,0,0,0
TGCCCTAGTATATGAG-D1_NoStim,0,0,0,0,0,0,0,0
TGCCCTATCTCATTCA-D1_NoStim,0,0,0,0,0,0,0,0
TGCGCAGAGACCTAGG-D1_NoStim,0,0,0,0,0,0,0,0
TGCGCAGCACAAGTAA-D1_NoStim,0,0,0,0,0,0,0,0
TGCGCAGCACCTCGTT-D1_NoStim,0,0,0,0,0,0,0,0
TGCGCAGTCTACCAGA-D1_NoStim,0,0,1,0,0,0,0,0
TGCGGGTAGATATGGT-D1_NoStim,0,0,0,0,0,0,0,0
TGCGGGTGTAGCGTCC-D1_NoStim,0,0,0,0,0,0,0,0
TGCGGGTTCAACGGCC-D1_NoStim,0,1,0,0,0,0,0,0
TGCGTGGTCAACCATG-D1_NoStim,0,0,0,0,0,0,0,0
TGCTACCAGTGGTAAT-D1_NoStim,0,0,0,0,0,0,0,0
TGCTACCCATGTTCCC-D1_NoStim,0,0,0,0,0,0,0,0
TGCTACCTCAACGCTA-D1_NoStim,0,0,0,0,0,0,0,0
TGCTGCTAGAGTACCG-D1_NoStim,0,1,0,0,0,0,0,0
TGCTGCTCATTCGACA-D1_NoStim,0,0,0,0,0,0,0,0
TGCTGCTGTGCTGTAT-D1_NoStim,0,0,0,0,0,0,0,0
TGGCCAGAGACTACAA-D1_NoStim,0,0,0,0,0,0,0,0
TGGCGCAAGGTAGCTG-D1_NoStim,0,0,0,0,0,0,0,0
TGGCGCAAGTCCGTAT-D1_NoStim,0,0,0,0,0,0,0,0
TGGCTGGGTCAAAGCG-D1_NoStim,0,0,0,0,0,0,0,0
TGGCTGGTCCGTTGCT-D1_NoStim,0,0,0,0,0,0,0,0
TGGGAAGCAGATAATG-D1_NoStim,0,0,0,0,0,0,0,0
TGGGAAGGTACGAAAT-D1_NoStim,0,1,0,0,0,0,0,0
TGGGAAGGTAGCGATG-D1_NoStim,0,0,0,0,0,0,0,0
TGGGCGTAGGGCACTA-D1_NoStim,0,0,0,0,0,0,0,0
TGGGCGTCAAGGACTG-D1_NoStim,0,0,0,0,0,0,0,0
TGGGCGTCATCCGTGG-D1_NoStim,0,0,0,0,0,0,0,0
TGGGCGTGTAAAGTCA-D1_NoStim,0,0,0,0,0,0,0,0
TGGGCGTGTACCGGCT-D1_NoStim,0,0,0,0,0,0,0,0
TGGGCGTGTCTCACCT-D1_NoStim,0,1,0,0,0,0,0,0
TGGGCGTGTGCAACTT-D1_NoStim,0,1,0,0,0,0,1,0
TGGTTCCAGTGTGAAT-D1_NoStim,0,0,0,0,0,0,0,0
TGGTTCCCAAGCTGTT-D1_NoStim,0,0,0,0,0,0,0,0
TGTATTCAGGAGTACC-D1_NoStim,0,0,0,1,0,0,0,0
TGTATTCCAGTAACGG-D1_NoStim,0,0,0,0,0,0,0,0
TGTCCCAAGACAAGCC-D1_NoStim,0,0,0,0,0,0,0,0
TGTCCCAAGGGCACTA-D1_NoStim,0,0,0,0,0,0,0,0
TGTCCCAGTCCGTTAA-D1_NoStim,0,0,0,0,0,0,0,0
TGTGGTACACGGTAAG-D1_NoStim,0,1,0,0,0,0,0,0
TGTGGTACAGTGAGTG-D1_NoStim,0,0,1,0,0,0,0,0
TGTGGTACATGGGAAC-D1_NoStim,0,0,0,0,0,0,0,0
TGTTCCGCATACTCTT-D1_NoStim,0,0,0,0,0,0,0,0
TGTTCCGTCCTAAGTG-D1_NoStim,0,1,0,0,0,0,0,0
TTAACTCGTTGCTCCT-D1_NoStim,0,0,0,0,0,0,0,0
TTAGGACAGTTATCGC-D1_NoStim,0,0,0,0,0,0,0,0
TTAGGACGTTGAGGTG-D1_NoStim,0,1,0,1,0,0,0,0
TTAGGACTCCACTGGG-D1_NoStim,0,0,0,0,0,0,0,0
TTAGGCAGTCCAGTAT-D1_NoStim,0,0,0,0,0,0,0,0
TTAGGCAGTGCTAGCC-D1_NoStim,1,0,0,0,0,0,0,0
TTAGGCAGTTAAGTAG-D1_NoStim,0,0,0,0,0,0,0,0
TTAGGCATCGTGGTCG-D1_NoStim,0,0,0,0,0,0,0,0
TTATGCTAGCAGGCTA-D1_NoStim,0,0,0,0,0,0,0,0
TTATGCTCAATTGCTG-D1_NoStim,0,0,0,0,0,0,0,0
TTCCCAGAGCTACCTA-D1_NoStim,0,0,0,0,0,0,0,0
TTCGAAGAGCTGAAAT-D1_NoStim,0,0,0,0,0,0,0,0
TTCGAAGGTACAGTTC-D1_NoStim,0,0,0,0,0,0,0,0
TTCGAAGGTCTTGATG-D1_NoStim,0,0,0,0,0,0,0,0
TTCGGTCAGTTGTCGT-D1_NoStim,1,1,1,1,0,0,1,0
TTCGGTCGTCGATTGT-D1_NoStim,0,1,1,1,0,1,1,1
TTCTACACAACTGCGC-D1_NoStim,0,0,0,0,0,0,0,1
TTCTACACACTCGACG-D1_NoStim,0,0,0,0,0,0,0,0
TTCTACATCAACACTG-D1_NoStim,0,0,0,0,0,0,0,0
TTCTCAAGTTCCCTTG-D1_NoStim,0,0,0,0,0,0,0,0
TTCTCCTGTGTTGAGG-D1_NoStim,0,0,0,0,0,0,0,0
TTCTTAGAGACGCTTT-D1_NoStim,0,1,0,0,0,0,0,0
TTCTTAGCAAGTCTGT-D1_NoStim,0,0,0,0,0,0,0,0
TTCTTAGCATGTCCTC-D1_NoStim,0,0,0,0,0,0,0,0
TTGAACGAGGCTACGA-D1_NoStim,0,0,0,0,0,0,0,0
TTGAACGCAAAGGTGC-D1_NoStim,0,0,0,0,0,0,0,0
TTGACTTAGATGCCAG-D1_NoStim,0,1,0,0,0,0,1,0
TTGACTTAGCGTTGCC-D1_NoStim,0,0,0,0,0,0,0,0
TTGACTTCATACCATG-D1_NoStim,0,0,0,0,0,0,1,0
TTGCCGTAGACCACGA-D1_NoStim,0,0,0,0,0,0,0,0
TTGCCGTAGCCAGTTT-D1_NoStim,0,0,0,0,0,0,0,0
TTGCCGTAGTTACCCA-D1_NoStim,0,0,0,0,0,0,0,0
TTGCCGTGTTTGTTTC-D1_NoStim,0,0,0,0,0,0,0,0
TTGCGTCAGGGTGTTG-D1_NoStim,0,0,0,0,0,0,0,0
TTGCGTCGTCGAACAG-D1_NoStim,0,0,0,0,0,0,0,0
TTGCGTCGTTGTGGAG-D1_NoStim,0,0,0,0,0,0,0,0
TTGCGTCTCGTCCAGG-D1_NoStim,0,0,0,0,0,0,0,0
TTGCGTCTCGTTACGA-D1_NoStim,0,0,0,0,0,0,0,0
TTGGAACAGGGATACC-D1_NoStim,0,0,0,0,0,0,0,0
TTGGAACTCACTTACT-D1_NoStim,0,0,0,0,0,0,0,0
TTGTAGGGTATAATGG-D1_NoStim,1,0,0,0,0,0,0,0
TTGTAGGGTCCGAACC-D1_NoStim,0,0,0,0,0,0,0,0
TTGTAGGGTTCAGGCC-D1_NoStim,0,0,0,0,0,0,0,0
TTTACTGTCCGTCAAA-D1_NoStim,0,0,0,0,0,0,0,0
TTTACTGTCCTGCCAT-D1_NoStim,0,0,0,0,0,0,0,0
TTTATGCCAAAGAATC-D1_NoStim,1,1,0,0,0,0,0,0
TTTATGCCAAAGTCAA-D1_NoStim,0,0,0,0,0,0,0,0
TTTATGCGTACCGCTG-D1_NoStim,0,0,0,0,0,0,0,0
TTTATGCTCAGTGTTG-D1_NoStim,0,0,0,0,0,0,0,0
TTTCCTCGTCATCCCT-D1_NoStim,0,0,0,0,0,0,0,0
TTTCCTCGTTCCCTTG-D1_NoStim,0,0,0,0,0,0,0,0
TTTGCGCAGGAATGGA-D1_NoStim,0,0,0,0,0,0,0,0
TTTGCGCGTAACGCGA-D1_NoStim,0,0,0,0,0,0,0,0
TTTGCGCGTCATCGGC-D1_NoStim,0,0,0,0,0,0,1,0
TTTGTCAAGAAACGAG-D1_NoStim,0,0,0,0,0,0,0,0
TTTGTCACAACAACCT-D1_NoStim,0,1,0,0,0,0,1,0
TTTGTCACACAGCGTC-D1_NoStim,0,0,0,0,0,0,0,0
TTTGTCATCAATCTCT-D1_NoStim,0,0,0,0,0,0,0,0
TTTGTCATCGTCTGAA-D1_NoStim,0,1,0,0,0,0,0,0
AAACCTGGTCGCGAAA-D2_Stim,0,0,0,1,0,0,0,0
AAACGGGAGAAACCGC-D2_Stim,0,0,1,1,0,1,1,1
AAACGGGAGAATTGTG-D2_Stim,0,0,1,1,0,0,0,1
AAACGGGCAATCTGCA-D2_Stim,0,0,0,0,0,0,0,0
AAACGGGGTATCAGTC-D2_Stim,0,0,0,1,0,0,0,0
AAAGATGAGACCTAGG-D2_Stim,0,0,1,1,0,1,0,0
AAAGATGCAAACAACA-D2_Stim,1,1,1,1,0,0,1,1
AAAGATGCAAAGCAAT-D2_Stim,0,0,0,0,0,0,0,0
AAAGATGTCACAGTAC-D2_Stim,1,1,1,0,0,0,0,0
AAAGATGTCTATCCTA-D2_Stim,0,0,1,1,0,0,1,0
AAAGATGTCTTGGGTA-D2_Stim,1,0,0,1,1,0,1,1
AAAGTAGGTAGAGGAA-D2_Stim,1,0,0,1,0,0,1,1
AAAGTAGGTTCGCGAC-D2_Stim,0,0,0,0,0,0,0,0
AAAGTAGTCAGCTTAG-D2_Stim,1,1,1,1,0,0,1,0
AACACGTGTCGAGTTT-D2_Stim,0,0,1,1,0,0,0,1
AACACGTTCACGAAGG-D2_Stim,1,1,0,1,0,0,1,1
AACACGTTCCAGAGGA-D2_Stim,1,0,0,1,1,0,0,1
AACCATGTCATCTGCC-D2_Stim,0,1,1,1,0,1,0,0
AACCGCGTCCAGAGGA-D2_Stim,0,0,0,0,0,1,0,0
AACCGCGTCTACTCAT-D2_Stim,0,0,0,0,0,0,1,0
AACGTTGGTAAGTTCC-D2_Stim,1,1,1,0,0,0,1,0
AACGTTGGTAGTGAAT-D2_Stim,0,0,1,1,0,0,1,1
AACGTTGGTCTCCACT-D2_Stim,0,1,1,0,0,0,0,0
AACGTTGGTGTTAAGA-D2_Stim,0,0,1,1,0,1,0,1
AACTCAGTCCAGAAGG-D2_Stim,1,1,1,1,0,1,1,0
AACTCCCAGAGTTGGC-D2_Stim,0,1,1,1,0,1,1,1
AACTCTTTCGGTTCGG-D2_Stim,0,0,0,0,0,0,1,0
AACTGGTAGCATCATC-D2_Stim,0,0,0,0,0,1,0,1
AACTGGTAGGGTTTCT-D2_Stim,0,1,1,1,0,1,0,1
AACTGGTAGTCCGTAT-D2_Stim,0,0,0,1,0,0,0,1
AACTGGTCACCGGAAA-D2_Stim,0,1,1,1,0,1,0,1
AACTGGTCATGCCTAA-D2_Stim,0,0,0,0,0,0,0,0
AACTGGTTCCGTTGTC-D2_Stim,1,1,0,1,0,0,0,0
AACTTTCAGACGCTTT-D2_Stim,0,0,1,1,0,1,1,0
AACTTTCAGTGATCGG-D2_Stim,0,0,0,0,0,0,0,0
AACTTTCCACAAGTAA-D2_Stim,0,0,0,0,0,0,0,0
AAGACCTAGCACAGGT-D2_Stim,0,0,0,0,0,0,1,1
AAGACCTCAGCGTTCG-D2_Stim,1,1,0,1,0,0,1,1
AAGACCTGTGATAAAC-D2_Stim,1,0,1,1,0,0,1,1
AAGACCTTCCAGGGCT-D2_Stim,0,0,0,0,0,1,1,0
AAGACCTTCGTACCGG-D2_Stim,0,0,0,1,0,0,1,1
AAGCCGCAGAGATGAG-D2_Stim,0,0,0,0,0,0,0,0
AAGGAGCAGGGATACC-D2_Stim,0,1,1,1,0,1,1,1
AAGGAGCGTACGCACC-D2_Stim,0,0,0,0,0,1,0,0
AAGGCAGAGCGATAGC-D2_Stim,1,1,1,0,0,0,0,0
AAGGCAGGTAGCCTCG-D2_Stim,0,0,1,1,0,0,1,1
AAGGCAGGTCGAGTTT-D2_Stim,0,0,0,0,0,0,0,0
AAGGCAGGTTCAGCGC-D2_Stim,0,0,0,1,0,0,1,1
AAGGTTCGTTCAGTAC-D2_Stim,0,0,0,1,0,1,0,0
AAGGTTCTCAAGGTAA-D2_Stim,0,1,0,1,0,1,0,0
AAGTCTGAGGATCGCA-D2_Stim,0,0,1,0,0,0,0,0
AAGTCTGCACGAAACG-D2_Stim,0,0,1,1,0,0,0,0
AATCCAGGTGGTTTCA-D2_Stim,0,0,0,0,0,0,0,0
AATCCAGGTTCCACTC-D2_Stim,0,0,1,1,0,1,1,1
AATCGGTCACCGATAT-D2_Stim,0,1,0,0,0,0,0,0
ACACCGGCAAAGCAAT-D2_Stim,0,0,0,0,0,0,0,1
ACACCGGCAACTGGCC-D2_Stim,0,0,0,0,0,0,0,0
ACACCGGCAATCTGCA-D2_Stim,0,1,0,0,0,1,0,1
ACACCGGCATATACGC-D2_Stim,0,1,1,1,0,1,0,1
ACACCGGGTTCATGGT-D2_Stim,0,0,0,1,0,1,1,1
ACACTGAAGTTGAGAT-D2_Stim,1,1,1,1,0,0,0,1
ACACTGACAAACGTGG-D2_Stim,0,1,0,1,0,0,0,0
ACACTGACACTATCTT-D2_Stim,1,0,0,0,0,0,1,0
ACACTGAGTCTAGCCG-D2_Stim,0,1,1,1,0,1,0,1
ACAGCCGTCTTCGGTC-D2_Stim,0,0,1,1,0,1,0,1
ACAGCTAAGGATGGAA-D2_Stim,0,1,1,1,0,1,1,0
ACAGCTAGTTCCACTC-D2_Stim,0,1,1,1,0,1,1,1
ACAGCTATCTCGTTTA-D2_Stim,0,1,1,0,0,0,0,0
ACATCAGAGCTCCTCT-D2_Stim,1,1,0,0,0,0,0,0
ACATCAGCATACAGCT-D2_Stim,0,1,1,1,0,0,1,0
ACATCAGGTTACGACT-D2_Stim,0,0,0,0,0,0,0,0
ACATGGTAGGCTCAGA-D2_Stim,0,0,1,1,0,1,1,1
ACATGGTAGTACGCCC-D2_Stim,1,1,1,1,0,0,1,1
ACCAGTAAGAGGTAGA-D2_Stim,0,1,1,1,0,1,1,1
ACCAGTAAGCTCCTCT-D2_Stim,0,0,0,0,0,0,0,0
ACCAGTAAGTGCCAGA-D2_Stim,0,0,1,1,0,1,0,0
ACCAGTAGTTCACCTC-D2_Stim,0,1,0,0,0,1,0,1
ACCAGTATCTGTGCAA-D2_Stim,0,1,1,1,0,1,1,1
ACCCACTAGATATGGT-D2_Stim,0,1,1,1,0,1,0,1
ACCCACTGTGACGCCT-D2_Stim,0,0,0,1,0,1,0,0
ACCGTAAGTCTAGGTT-D2_Stim,0,1,1,1,0,1,1,1
ACCTTTAAGCCTATGT-D2_Stim,0,0,1,1,0,1,1,0
ACCTTTAGTACAAGTA-D2_Stim,1,1,1,1,1,0,1,1
ACCTTTATCTCTGTCG-D2_Stim,0,1,1,1,0,0,1,1
ACGAGGAAGACTGTAA-D2_Stim,0,1,0,1,0,0,1,1
ACGAGGAAGATCCCGC-D2_Stim,0,0,0,0,0,0,0,1
ACGAGGAAGCGGCTTC-D2_Stim,1,1,1,1,0,0,1,1
ACGAGGAAGCTTATCG-D2_Stim,1,1,1,1,0,1,1,1
ACGAGGACATCGGAAG-D2_Stim,0,1,1,0,1,1,0,1
ACGAGGAGTGCACTTA-D2_Stim,0,1,1,1,0,1,1,0
ACGATACAGAGATGAG-D2_Stim,0,1,1,1,0,0,1,1
ACGATACGTGCAGGTA-D2_Stim,0,0,0,0,0,1,0,1
ACGATACGTGTGACCC-D2_Stim,0,1,1,0,0,0,0,0
ACGATGTTCCACTCCA-D2_Stim,0,1,1,1,0,1,1,1
ACGCAGCAGCTAGCCC-D2_Stim,0,0,0,0,0,1,0,0
ACGCAGCCAATTCCTT-D2_Stim,0,0,0,1,0,0,0,1
ACGCAGCTCCGTTGCT-D2_Stim,0,0,0,0,0,1,0,0
ACGCAGCTCGAGAACG-D2_Stim,0,1,0,1,0,1,1,1
ACGCCAGAGTCGTACT-D2_Stim,0,0,0,0,0,0,0,0
ACGCCAGTCCTTTCGG-D2_Stim,0,0,0,1,0,1,1,1
ACGCCGAAGGCGATAC-D2_Stim,1,1,1,1,1,0,1,0
ACGCCGAAGTCGCCGT-D2_Stim,0,0,1,1,0,0,0,0
ACGCCGAAGTGTACTC-D2_Stim,0,0,1,1,0,0,0,1
ACGCCGAGTCCAGTGC-D2_Stim,0,1,1,1,0,1,0,1
ACGCCGATCGGTGTTA-D2_Stim,1,1,1,1,0,1,0,0
ACGCCGATCTTAGCCC-D2_Stim,0,0,1,1,1,1,1,1
ACGGAGAAGTCGATAA-D2_Stim,0,0,0,0,0,1,0,0
ACGGAGATCATGTGGT-D2_Stim,0,1,1,1,1,0,1,1
ACGGAGATCTGGAGCC-D2_Stim,0,1,1,1,0,1,1,1
ACGGCCACAACACCCG-D2_Stim,0,0,0,1,0,1,0,1
ACGGCCACACGCGAAA-D2_Stim,0,0,0,1,0,1,1,1
ACGGCCACATCACAAC-D2_Stim,0,0,1,1,0,1,0,1
ACGGCCACATGGATGG-D2_Stim,0,1,1,1,0,1,1,1
ACGGCCAGTGATAAGT-D2_Stim,0,0,0,1,0,1,0,1
ACGGCCAGTGCTAGCC-D2_Stim,0,1,1,1,0,1,1,1
ACGGCCATCGACGGAA-D2_Stim,0,0,0,1,0,1,0,1
ACGGGTCGTGACGGTA-D2_Stim,0,0,0,0,0,0,0,0
ACGGGTCTCGGAATCT-D2_Stim,0,0,0,0,0,0,0,1
ACGTCAAAGTCGCCGT-D2_Stim,0,1,1,1,0,1,1,1
ACTATCTCAAGCGTAG-D2_Stim,1,1,1,1,1,0,1,0
ACTATCTGTAGAAGGA-D2_Stim,0,0,0,1,0,1,1,1
ACTATCTGTAGCGTAG-D2_Stim,1,1,1,0,0,0,1,1
ACTATCTGTGACCAAG-D2_Stim,0,1,1,1,0,0,1,0
ACTGAACAGGACAGAA-D2_Stim,0,1,1,1,1,1,1,1
ACTGAACAGTGAAGTT-D2_Stim,0,1,0,0,0,1,0,0
ACTGAACTCGGTTAAC-D2_Stim,0,1,1,1,0,1,0,1
ACTGAACTCTATCCCG-D2_Stim,0,0,0,1,0,0,0,1
ACTGAGTCAACGCACC-D2_Stim,0,1,1,1,0,1,1,0
ACTGAGTCACGAAATA-D2_Stim,0,0,1,1,0,0,0,1
ACTGAGTCATCGATGT-D2_Stim,0,0,1,0,0,1,0,1
ACTGAGTTCAGAGGTG-D2_Stim,1,0,0,1,1,0,0,1
ACTGAGTTCTATCCCG-D2_Stim,0,0,1,1,0,1,1,1
ACTGATGAGAAGCCCA-D2_Stim,0,0,0,0,0,0,0,0
ACTGATGAGCCTATGT-D2_Stim,0,0,1,1,0,1,1,1
ACTGATGAGTACGCGA-D2_Stim,0,1,0,1,0,1,1,1
ACTGATGCACGAGGTA-D2_Stim,0,0,1,0,0,0,0,1
ACTGATGCACGCATCG-D2_Stim,0,0,1,1,0,0,1,1
ACTGATGCATCCAACA-D2_Stim,0,0,0,1,0,0,0,0
ACTGATGCATTCTTAC-D2_Stim,0,0,0,0,0,1,0,0
ACTGCTCCATGTAAGA-D2_Stim,1,1,1,1,0,1,1,0
ACTGCTCGTGAGGGAG-D2_Stim,0,0,0,1,0,1,0,1
ACTGCTCTCTAACTTC-D2_Stim,0,0,1,0,0,0,0,0
ACTGTCCAGAGACTAT-D2_Stim,0,0,0,0,0,0,0,0
ACTGTCCCAATGACCT-D2_Stim,1,0,1,0,0,0,1,1
ACTGTCCTCCTTTCTC-D2_Stim,1,1,1,1,0,0,1,1
ACTTACTAGCTGCAAG-D2_Stim,0,0,0,0,0,0,0,0
ACTTACTCAGTACACT-D2_Stim,0,0,1,1,0,1,1,1
ACTTACTCATCGATTG-D2_Stim,0,0,0,1,0,1,1,0
ACTTACTGTAAGGATT-D2_Stim,0,0,0,0,0,0,0,0
ACTTTCAAGTCAATAG-D2_Stim,0,0,1,0,0,0,0,0
ACTTTCACAAGCGAGT-D2_Stim,0,1,1,1,0,0,1,0
ACTTTCAGTGATAAGT-D2_Stim,0,0,1,1,0,0,0,0
ACTTTCAGTTCGAATC-D2_Stim,0,0,1,0,0,1,1,1
ACTTTCAGTTGGGACA-D2_Stim,0,1,1,0,0,0,1,0
AGAATAGAGAGGTACC-D2_Stim,0,0,0,0,0,0,0,0
AGAATAGAGTTCGATC-D2_Stim,1,1,0,0,0,0,0,0
AGAATAGGTACAGTTC-D2_Stim,0,1,1,1,0,0,0,1
AGAATAGTCACTATTC-D2_Stim,0,0,0,0,0,0,0,1
AGACGTTAGCTTTGGT-D2_Stim,0,1,0,1,0,1,1,1
AGACGTTCACAACGTT-D2_Stim,0,0,1,1,0,1,1,1
AGAGCTTAGTACGTTC-D2_Stim,0,0,0,1,0,0,1,0
AGAGCTTCAAGCTGGA-D2_Stim,0,1,1,1,0,1,1,1
AGAGCTTGTGACCAAG-D2_Stim,1,0,0,1,0,0,0,1
AGAGTGGCAGCATGAG-D2_Stim,1,1,0,0,0,0,1,1
AGAGTGGGTCCCTTGT-D2_Stim,1,1,0,1,0,0,1,1
AGAGTGGTCATCGATG-D2_Stim,0,1,0,1,0,0,1,0
AGAGTGGTCCTAGGGC-D2_Stim,0,0,0,1,0,1,0,0
AGATCTGAGAGCAATT-D2_Stim,0,0,0,1,0,1,0,1
AGATCTGAGTCAAGGC-D2_Stim,0,0,1,1,0,1,1,0
AGATTGCAGAGGGCTT-D2_Stim,0,0,1,1,0,1,0,1
AGATTGCGTACATCCA-D2_Stim,0,1,1,1,0,1,1,1
AGCAGCCGTCTCTTAT-D2_Stim,0,0,0,0,0,0,0,0
AGCATACAGACAATAC-D2_Stim,0,0,0,1,0,0,0,1
AGCATACAGCAATATG-D2_Stim,0,0,0,0,0,0,0,0
AGCATACCAGATCCAT-D2_Stim,1,1,0,0,0,0,0,0
AGCCTAAAGAAGAAGC-D2_Stim,0,0,0,1,0,1,0,0
AGCCTAAGTACTTAGC-D2_Stim,0,0,1,1,0,0,1,0
AGCCTAATCAATACCG-D2_Stim,0,1,0,1,0,1,1,0
AGCGGTCAGTCCATAC-D2_Stim,1,1,0,0,0,0,1,0
AGCGGTCAGTTGAGTA-D2_Stim,1,1,0,0,0,0,1,1
AGCGGTCCACCGAATT-D2_Stim,0,0,0,0,0,1,0,0
AGCGGTCGTCGTCTTC-D2_Stim,0,0,0,0,0,0,0,0
AGCGGTCTCCTTTACA-D2_Stim,1,1,0,1,0,0,1,1
AGCGTATTCACCATAG-D2_Stim,1,1,0,0,0,0,1,0
AGCGTATTCGACGGAA-D2_Stim,1,1,1,1,0,0,1,0
AGCGTATTCGGTGTTA-D2_Stim,0,0,0,0,0,1,1,0
AGCGTCGCAGCAGTTT-D2_Stim,1,0,1,1,0,1,1,1
AGCGTCGGTCTTTCAT-D2_Stim,1,1,0,0,0,0,1,0
AGCTCCTTCATGCTCC-D2_Stim,0,0,1,1,0,1,0,0
AGCTCTCAGAGACTTA-D2_Stim,0,0,1,1,0,1,0,1
AGCTCTCCATGAGCGA-D2_Stim,1,1,1,1,0,0,1,0
AGCTCTCGTACCGGCT-D2_Stim,0,0,0,0,0,0,0,0
AGCTCTCGTGAAAGAG-D2_Stim,0,0,0,0,0,0,0,0
AGCTCTCTCCTCCTAG-D2_Stim,0,0,1,1,0,1,0,1
AGCTTGACAACGCACC-D2_Stim,0,0,0,1,0,1,0,0
AGCTTGACAAGCTGTT-D2_Stim,0,0,1,0,0,1,1,0
AGCTTGAGTAGCGCAA-D2_Stim,0,0,0,0,0,1,0,0
AGGCCACAGTTAACGA-D2_Stim,0,0,1,1,0,1,1,1
AGGCCACTCCCTGACT-D2_Stim,1,1,0,1,0,0,0,0
AGGGAGTAGGTACTCT-D2_Stim,0,0,0,1,0,1,0,0
AGGGAGTAGTCTCAAC-D2_Stim,0,1,0,1,0,1,0,1
AGGGATGAGACAGGCT-D2_Stim,0,1,0,0,0,0,1,0
AGGGATGGTACTCGCG-D2_Stim,0,1,1,0,0,0,1,0
AGGGATGGTCACTTCC-D2_Stim,0,0,0,1,0,0,0,1
AGGGTGACAGTAGAGC-D2_Stim,0,0,1,0,0,1,0,1
AGGTCATAGTCGAGTG-D2_Stim,0,0,1,1,0,1,0,1
AGGTCATGTAGAGGAA-D2_Stim,0,0,0,0,0,0,0,0
AGGTCATGTCCGAACC-D2_Stim,0,1,1,1,0,1,1,0
AGGTCATTCCGATATG-D2_Stim,1,1,1,1,0,0,1,1
AGGTCCGTCCGCAAGC-D2_Stim,0,0,1,0,0,1,0,0
AGGTCCGTCTTCTGGC-D2_Stim,0,1,0,1,0,0,0,1
AGTAGTCCAGTAGAGC-D2_Stim,0,0,1,1,0,1,1,1
AGTAGTCTCCAAACAC-D2_Stim,1,1,1,0,0,0,1,0
AGTAGTCTCGGTTAAC-D2_Stim,0,0,0,1,0,0,0,1
AGTCTTTCAGTGAGTG-D2_Stim,1,0,0,0,0,0,0,1
AGTCTTTGTGAGGCTA-D2_Stim,0,1,0,0,0,1,1,0
AGTGAGGAGCAAATCA-D2_Stim,1,1,0,1,0,0,0,1
AGTGAGGAGTACCGGA-D2_Stim,0,0,1,1,0,0,0,0
AGTGAGGGTCGGCTCA-D2_Stim,1,1,0,1,0,0,1,0
AGTGAGGGTCTTGCGG-D2_Stim,0,0,0,0,0,0,0,0
AGTGGGAAGTGTACGG-D2_Stim,1,1,1,1,0,0,1,0
AGTGGGACAAAGTGCG-D2_Stim,1,1,0,1,0,0,0,1
AGTGGGACAAGTAATG-D2_Stim,1,1,0,1,1,0,0,1
AGTGTCAAGGAGCGAG-D2_Stim,0,0,0,1,0,1,1,1
AGTGTCATCATCGGAT-D2_Stim,0,1,1,1,0,1,1,1
AGTTGGTAGAGCCTAG-D2_Stim,1,1,1,0,0,0,1,1
AGTTGGTCAAACAACA-D2_Stim,0,0,1,1,0,1,0,1
AGTTGGTCACATTAGC-D2_Stim,0,0,0,0,0,0,0,0
AGTTGGTCACTTCGAA-D2_Stim,0,1,1,1,0,0,1,0
AGTTGGTGTGTAACGG-D2_Stim,0,0,0,0,0,0,0,0
ATAACGCGTTGCTCCT-D2_Stim,0,1,1,1,0,1,1,0
ATAACGCTCATTGCGA-D2_Stim,0,0,0,0,0,1,1,0
ATAACGCTCCCTAACC-D2_Stim,0,1,0,1,0,0,0,1
ATAACGCTCCTAAGTG-D2_Stim,0,0,1,1,0,1,1,0
ATAAGAGCAAACTGTC-D2_Stim,0,1,1,0,0,1,1,1
ATAAGAGTCAGGCCCA-D2_Stim,0,0,0,0,0,0,0,0
ATAAGAGTCCTGTACC-D2_Stim,1,0,0,1,1,0,1,1
ATAAGAGTCTATCGCC-D2_Stim,0,1,1,1,0,1,1,0
ATAGACCAGACCTAGG-D2_Stim,0,1,1,0,0,1,1,1
ATAGACCCAGTTTACG-D2_Stim,0,1,0,1,0,0,0,1
ATAGACCCATATGCTG-D2_Stim,0,0,0,0,0,0,0,0
ATAGACCCATCAGTAC-D2_Stim,0,0,1,1,0,1,0,0
ATCACGACATCGGGTC-D2_Stim,1,1,0,1,0,0,0,1
ATCATCTCAAGCGCTC-D2_Stim,0,0,0,0,0,1,0,0
ATCATGGAGGAATTAC-D2_Stim,0,0,0,0,0,0,0,0
ATCATGGCAAGCCTAT-D2_Stim,1,1,1,1,0,0,1,1
ATCATGGCATGCAACT-D2_Stim,1,1,1,1,1,0,1,1
ATCATGGGTAGCGATG-D2_Stim,0,0,1,1,0,1,1,1
ATCATGGGTTGAACTC-D2_Stim,0,1,1,0,0,0,1,0
ATCCACCAGAGTGAGA-D2_Stim,0,0,0,1,0,1,0,1
ATCCACCGTTGAGGTG-D2_Stim,0,1,1,1,0,1,0,1
ATCCACCTCGGCATCG-D2_Stim,0,1,0,1,0,1,1,1
ATCCGAACAAGCTGGA-D2_Stim,0,1,1,0,0,1,0,0
ATCGAGTCAACGCACC-D2_Stim,0,0,0,0,0,0,0,1
ATCGAGTCAGTATGCT-D2_Stim,0,0,0,0,0,0,0,0
ATCGAGTCATAGGATA-D2_Stim,0,0,0,0,0,0,0,0
ATCTGCCTCAACGGGA-D2_Stim,0,0,1,1,0,1,1,1
ATGAGGGTCATCGCTC-D2_Stim,1,1,1,1,0,0,1,1
ATGCGATCAACCGCCA-D2_Stim,0,0,0,1,0,1,0,1
ATGCGATCAAGGTGTG-D2_Stim,0,1,1,1,0,1,1,1
ATGCGATCAGACAAAT-D2_Stim,0,1,0,1,0,1,1,1
ATGCGATGTTGTCTTT-D2_Stim,0,0,0,0,0,0,1,0
ATGCGATTCCATGCTC-D2_Stim,0,0,0,0,0,0,0,0
ATGGGAGCATCCGGGT-D2_Stim,1,1,0,0,0,0,1,0
ATGGGAGTCGAATGGG-D2_Stim,0,0,0,1,0,1,1,1
ATGTGTGCAACGCACC-D2_Stim,0,0,0,0,0,0,0,0
ATTACTCCAGGAATCG-D2_Stim,0,1,0,0,0,0,0,0
ATTACTCCATGTAGTC-D2_Stim,0,0,0,1,0,1,0,1
ATTATCCCAATTCCTT-D2_Stim,0,1,1,1,0,1,1,1
ATTCTACCAAGTTAAG-D2_Stim,0,0,0,1,0,0,1,1
ATTCTACCAGACAGGT-D2_Stim,0,0,1,1,0,0,0,1
ATTCTACTCCAGTATG-D2_Stim,0,0,0,0,0,0,0,0
ATTGGACAGGTGCACA-D2_Stim,0,1,1,1,1,1,1,1
ATTGGTGAGGTAGCTG-D2_Stim,0,1,0,1,0,0,0,1
ATTGGTGGTACTCGCG-D2_Stim,0,0,0,1,0,0,0,1
ATTGGTGGTGGCAAAC-D2_Stim,0,0,1,0,0,0,0,0
ATTTCTGTCCGAACGC-D2_Stim,0,0,0,0,0,0,0,0
CAACCAAAGGTGCTTT-D2_Stim,0,0,0,1,0,0,0,1
CAACCAACATGGTCAT-D2_Stim,1,1,0,1,0,0,1,1
CAACCAAGTGTGCCTG-D2_Stim,0,0,1,1,0,1,0,1
CAACCTCAGGGCTTCC-D2_Stim,0,1,1,1,0,1,0,1
CAACCTCCAAATTGCC-D2_Stim,1,1,0,1,1,0,1,1
CAACCTCGTATCACCA-D2_Stim,0,0,0,1,0,1,0,0
CAACCTCTCATCACCC-D2_Stim,0,0,1,1,0,1,0,1
CAACTAGGTAAACCTC-D2_Stim,0,0,1,1,0,1,1,0
CAACTAGGTCGCTTCT-D2_Stim,0,0,1,1,0,1,1,1
CAACTAGGTCGTGGCT-D2_Stim,0,0,0,0,0,0,0,0
CAACTAGGTTAGATGA-D2_Stim,0,1,1,1,0,1,1,1
CAACTAGTCACTCCTG-D2_Stim,0,1,0,1,1,0,0,1
CAACTAGTCCGCATAA-D2_Stim,0,1,0,1,0,0,1,1
CAACTAGTCGTAGGAG-D2_Stim,0,0,0,0,0,0,0,0
CAAGAAAAGAGCTGCA-D2_Stim,0,0,0,1,0,1,1,1
CAAGAAAAGCGTGAAC-D2_Stim,0,0,0,1,0,0,0,1
CAAGAAACATGGTCAT-D2_Stim,0,0,0,1,0,1,0,0
CAAGAAATCTTCTGGC-D2_Stim,0,0,0,1,0,1,0,1
CAAGATCCAGATAATG-D2_Stim,0,0,0,0,0,0,0,0
CAAGGCCCAGCCAATT-D2_Stim,1,1,1,0,0,0,1,1
CAAGGCCGTCGCGGTT-D2_Stim,1,0,0,1,0,0,1,1
CAAGGCCTCTTAACCT-D2_Stim,0,0,1,1,0,1,0,1
CAAGTTGAGCATCATC-D2_Stim,0,0,0,1,0,1,1,1
CAAGTTGCATGCGCAC-D2_Stim,0,0,0,1,0,0,0,0
CAAGTTGCATTGGCGC-D2_Stim,0,1,1,1,0,1,1,1
CAAGTTGTCGGTCCGA-D2_Stim,1,1,1,1,1,0,1,1
CACAAACTCACCTTAT-D2_Stim,1,1,0,1,1,0,1,1
CACAAACTCCTTGGTC-D2_Stim,0,0,1,0,0,0,0,0
CACACAAAGAGCTATA-D2_Stim,0,1,0,1,0,0,0,1
CACACAACAGCCACCA-D2_Stim,0,1,1,0,0,1,1,0
CACACCTAGACACTAA-D2_Stim,1,0,0,1,0,0,1,1
CACACCTTCTGCCAGG-D2_Stim,1,1,0,1,1,0,1,1
CACACCTTCTTGAGAC-D2_Stim,0,1,1,1,0,1,1,1
CACACTCCACGTGAGA-D2_Stim,0,0,1,1,0,1,0,0
CACACTCCATCGGAAG-D2_Stim,0,1,0,0,0,0,0,0
CACACTCGTCCCTACT-D2_Stim,0,0,1,0,0,0,0,0
CACACTCTCAGAGCTT-D2_Stim,1,0,0,0,0,0,0,1
CACAGTAAGACGCTTT-D2_Stim,0,0,0,0,0,1,0,0
CACAGTAAGCTAGCCC-D2_Stim,0,0,1,0,0,0,0,0
CACATAGCAGTAAGCG-D2_Stim,0,1,1,1,0,1,1,0
CACATAGGTTCAGGCC-D2_Stim,0,0,1,1,0,1,0,1
CACATAGGTTGTGGAG-D2_Stim,1,0,0,1,0,1,0,1
CACATAGTCAGTTCGA-D2_Stim,0,0,0,1,0,1,0,0
CACATAGTCCTCAATT-D2_Stim,0,1,0,0,0,1,0,0
CACATTTAGTGCGTGA-D2_Stim,0,0,0,0,0,0,0,0
CACCACTCAGCTCGAC-D2_Stim,0,0,0,1,0,1,1,1
CACCACTGTACCTACA-D2_Stim,0,0,1,1,0,1,1,1
CACCAGGAGTTATCGC-D2_Stim,0,0,0,0,0,0,0,0
CACCAGGCAAGAGTCG-D2_Stim,0,1,1,1,0,1,1,1
CACCAGGCATATGCTG-D2_Stim,0,1,0,1,0,1,1,0
CACCAGGGTCACAAGG-D2_Stim,0,1,0,0,0,1,0,0
CACCTTGAGGACCACA-D2_Stim,0,1,0,1,0,1,0,1
CACCTTGAGGCAATTA-D2_Stim,0,0,0,1,1,0,0,1
CACCTTGGTTACCGAT-D2_Stim,1,1,1,1,0,0,1,0
CACCTTGTCATAAAGG-D2_Stim,0,0,1,1,0,0,1,0
CACCTTGTCTTGTTTG-D2_Stim,0,0,1,1,0,0,1,1
CAGAATCGTCTGGTCG-D2_Stim,0,0,1,1,0,0,1,1
CAGAATCGTGCGATAG-D2_Stim,0,0,0,0,0,0,0,0
CAGAGAGTCAGGATCT-D2_Stim,0,0,1,0,0,0,0,0
CAGATCACACAGACTT-D2_Stim,1,1,0,0,1,0,0,0
CAGATCATCATCATTC-D2_Stim,0,0,0,1,0,1,0,1
CAGCAGCGTATTCTCT-D2_Stim,1,1,1,0,0,0,0,0
CAGCAGCTCCATGCTC-D2_Stim,0,0,0,1,0,1,0,0
CAGCCGAAGATGCCTT-D2_Stim,0,0,0,0,0,0,0,0
CAGCCGAAGCGTAATA-D2_Stim,0,0,0,0,0,1,0,0
CAGCGACAGCCACGTC-D2_Stim,0,0,1,1,0,1,0,1
CAGCGACCACATGACT-D2_Stim,0,1,0,1,1,1,0,1
CAGCGACGTCAGAAGC-D2_Stim,0,0,0,0,0,1,1,0
CAGCGACTCTGTACGA-D2_Stim,0,0,0,1,0,1,0,1
CAGCTAAAGCCGATTT-D2_Stim,0,0,0,1,0,0,0,1
CAGCTAAAGTACGATA-D2_Stim,0,0,0,0,0,0,0,0
CAGCTAATCAGCTTAG-D2_Stim,0,0,0,0,0,0,0,1
CAGCTGGAGACATAAC-D2_Stim,0,0,1,0,0,1,0,1
CAGCTGGCACACAGAG-D2_Stim,0,1,1,1,0,1,1,1
CAGCTGGTCAGGATCT-D2_Stim,0,1,0,1,1,1,1,1
CAGCTGGTCATGCAAC-D2_Stim,1,1,1,0,0,0,1,1
CAGGTGCTCAACGGCC-D2_Stim,0,0,0,1,0,1,0,1
CAGGTGCTCCCTCAGT-D2_Stim,0,1,0,0,0,0,1,0
CAGGTGCTCCCTTGTG-D2_Stim,0,0,1,0,0,0,0,0
CAGGTGCTCTCATTCA-D2_Stim,0,0,1,1,0,1,0,1
CAGTAACAGGCTACGA-D2_Stim,0,0,1,1,0,1,0,1
CAGTAACGTAGAGTGC-D2_Stim,0,0,0,1,0,0,0,1
CAGTCCTAGTAGGCCA-D2_Stim,1,1,0,1,0,0,1,1
CAGTCCTCATTAACCG-D2_Stim,1,1,1,0,0,0,0,0
CAGTCCTTCAGTACGT-D2_Stim,1,0,1,1,0,0,1,1
CAGTCCTTCTCGTTTA-D2_Stim,0,0,0,1,0,1,1,1
CATATGGTCGAATCCA-D2_Stim,0,0,1,1,0,1,1,1
CATATGGTCGTACCGG-D2_Stim,0,0,1,1,0,1,0,1
CATCAAGAGACATAAC-D2_Stim,1,0,1,0,1,0,1,1
CATCAAGCAGGTCCAC-D2_Stim,0,0,0,1,0,1,0,1
CATCAAGCATGGTCAT-D2_Stim,0,1,1,1,0,1,1,1
CATCAAGGTGTGAATA-D2_Stim,0,1,0,1,0,1,0,1
CATCAGACACAACTGT-D2_Stim,0,1,1,0,0,0,1,0
CATCGGGAGGAGCGAG-D2_Stim,1,1,0,1,0,0,1,1
CATCGGGCACCGCTAG-D2_Stim,1,1,1,1,0,0,1,1
CATCGGGGTCCGCTGA-D2_Stim,0,0,1,1,0,1,0,0
CATGACACACAGACTT-D2_Stim,1,0,0,1,0,0,0,0
CATGACACATCAGTAC-D2_Stim,0,0,0,1,0,1,1,1
CATGACAGTATCGCAT-D2_Stim,0,1,1,0,0,1,0,0
CATGACAGTCAACATC-D2_Stim,0,0,1,1,0,1,0,1
CATGCCTAGACTGTAA-D2_Stim,0,0,0,1,0,0,0,0
CATGCCTAGGCGTACA-D2_Stim,0,1,1,1,0,1,1,1
CATGCCTCACACCGCA-D2_Stim,0,0,0,1,0,0,1,1
CATGGCGAGGTGACCA-D2_Stim,0,1,1,1,0,0,1,0
CATGGCGGTCATCGGC-D2_Stim,0,0,1,1,0,1,0,0
CATGGCGTCCTGTACC-D2_Stim,0,1,0,1,0,0,1,0
CATTATCCATTCCTGC-D2_Stim,1,1,1,1,0,1,1,1
CATTCGCCATCTCCCA-D2_Stim,0,1,1,1,1,1,0,1
CCAATCCAGGAATTAC-D2_Stim,0,0,1,1,1,0,0,1
CCAATCCCAGATCTGT-D2_Stim,1,1,0,1,0,0,1,1
CCAATCCGTGAGGCTA-D2_Stim,1,1,1,0,0,0,1,0
CCAATCCTCAAACGGG-D2_Stim,1,1,1,0,0,0,1,0
CCAATCCTCTGCCAGG-D2_Stim,1,1,0,1,0,0,0,1
CCAATCCTCTTCAACT-D2_Stim,0,0,1,1,0,1,0,0
CCACCTATCAAAGACA-D2_Stim,1,1,0,1,0,0,0,0
CCACGGAGTGTTCGAT-D2_Stim,0,1,1,0,1,0,1,1
CCACTACAGCCCTAAT-D2_Stim,0,0,0,0,0,0,0,0
CCACTACAGGGTGTGT-D2_Stim,0,0,1,1,0,1,0,1
CCACTACCAAAGTGCG-D2_Stim,0,1,0,0,0,0,0,0
CCACTACCAGGTCCAC-D2_Stim,0,0,0,1,0,0,1,1
CCACTACGTGCGGTAA-D2_Stim,1,1,0,1,1,0,0,0
CCACTACGTTCGCTAA-D2_Stim,0,0,1,0,0,1,1,1
CCAGCGAAGCTAACTC-D2_Stim,1,0,0,1,0,0,1,1
CCAGCGAAGGGTCGAT-D2_Stim,0,1,0,1,0,1,0,1
CCAGCGATCATCACCC-D2_Stim,0,0,0,0,0,0,0,1
CCAGCGATCTTCGGTC-D2_Stim,0,0,0,1,0,1,0,1
CCATGTCAGAATCTCC-D2_Stim,0,1,0,0,0,0,0,0
CCATGTCGTAGCGTGA-D2_Stim,0,0,1,1,0,1,0,0
CCATTCGAGAAACCGC-D2_Stim,1,1,1,1,0,0,1,0
CCATTCGAGAAGGCCT-D2_Stim,1,1,0,0,0,0,1,1
CCATTCGCAGGGAGAG-D2_Stim,0,0,0,0,0,0,0,0
CCCAATCAGTGTTAGA-D2_Stim,0,1,1,0,0,1,0,1
CCCAATCCAGGCAGTA-D2_Stim,0,1,0,1,1,1,0,1
CCCAATCCATTCGACA-D2_Stim,0,1,0,1,0,1,1,1
CCCAGTTCAAGGGTCA-D2_Stim,1,1,1,1,0,0,1,0
CCCAGTTCAGTAAGCG-D2_Stim,1,1,0,1,0,1,0,1
CCCAGTTTCACTATTC-D2_Stim,0,0,1,0,0,1,0,1
CCCATACAGGCATTGG-D2_Stim,1,1,1,0,0,0,1,0
CCCATACAGTACGCCC-D2_Stim,0,1,1,1,0,0,1,0
CCCTCCTAGTCTTGCA-D2_Stim,0,0,0,1,0,1,0,1
CCCTCCTTCCACTGGG-D2_Stim,0,0,1,1,0,1,1,1
CCGGTAGGTCGACTAT-D2_Stim,0,1,0,1,0,0,1,1
CCGGTAGGTTACTGAC-D2_Stim,0,1,1,1,0,0,1,0
CCGGTAGTCTAACTCT-D2_Stim,0,1,1,1,0,1,1,1
CCGTACTTCTTGGGTA-D2_Stim,0,0,0,0,0,0,0,1
CCGTTCAGTGTTTGGT-D2_Stim,0,1,1,1,0,0,1,0
CCGTTCAGTTAGATGA-D2_Stim,0,0,0,1,0,1,0,0
CCTAAAGAGTCAAGCG-D2_Stim,0,0,0,0,0,0,0,0
CCTAAAGCAAGCGCTC-D2_Stim,0,0,0,1,0,1,0,0
CCTAAAGTCATGCATG-D2_Stim,1,1,1,0,0,0,1,0
CCTACACAGACGACGT-D2_Stim,1,1,1,1,0,0,0,0
CCTACACGTGATGTGG-D2_Stim,0,0,1,1,0,1,0,0
CCTACACGTTGTTTGG-D2_Stim,0,1,1,1,0,1,0,1
CCTAGCTAGAAGGTGA-D2_Stim,1,1,0,1,0,1,0,1
CCTAGCTAGCGTTCCG-D2_Stim,0,0,1,0,0,0,0,0
CCTAGCTAGGCTACGA-D2_Stim,0,0,0,0,0,1,0,0
CCTAGCTCACCACGTG-D2_Stim,0,1,1,1,0,0,1,1
CCTAGCTGTGGTCTCG-D2_Stim,1,1,0,0,0,0,0,0
CCTAGCTTCACCACCT-D2_Stim,0,0,0,0,0,0,1,1
CCTAGCTTCTCGTATT-D2_Stim,0,0,0,1,0,1,0,1
CCTATTAAGCCACCTG-D2_Stim,0,0,0,0,0,0,0,1
CCTATTACAACACGCC-D2_Stim,0,1,1,1,1,1,1,1
CCTCAGTAGTCGTACT-D2_Stim,0,0,0,0,0,0,0,0
CCTCTGAAGAAGGGTA-D2_Stim,0,0,0,1,0,0,0,1
CCTCTGAAGTGACATA-D2_Stim,0,0,0,0,0,0,0,0
CCTCTGAAGTTGCAGG-D2_Stim,0,1,1,1,0,1,0,1
CCTCTGACAGATCGGA-D2_Stim,1,1,1,1,0,0,1,0
CCTCTGACAGTCGATT-D2_Stim,0,0,0,1,0,0,0,1
CCTCTGAGTCACTGGC-D2_Stim,0,1,1,1,0,1,1,1
CCTCTGAGTGATGTGG-D2_Stim,0,0,0,1,0,0,1,1
CCTTACGAGCAGGCTA-D2_Stim,1,1,0,1,0,0,0,1
CCTTACGGTTACGTCA-D2_Stim,0,0,0,1,1,0,1,0
CCTTCCCAGCTGCAAG-D2_Stim,1,1,1,1,1,0,1,1
CCTTCCCCATAAGACA-D2_Stim,0,0,0,0,0,0,1,0
CCTTCCCTCACTCCTG-D2_Stim,1,1,0,1,0,0,1,0
CCTTCGAAGTATCTCG-D2_Stim,0,1,0,0,0,1,0,0
CCTTTCTCAGATGGGT-D2_Stim,1,1,0,1,0,0,0,0
CCTTTCTCAGCCACCA-D2_Stim,0,0,0,0,0,0,0,0
CGAACATCAAGCGCTC-D2_Stim,0,0,1,1,0,1,0,1
CGAACATTCGTCGTTC-D2_Stim,0,1,0,0,0,0,0,0
CGAATGTAGATCGATA-D2_Stim,0,0,0,0,0,0,0,0
CGAATGTTCCACGTTC-D2_Stim,0,0,0,1,0,0,0,1
CGACCTTAGGGAGTAA-D2_Stim,1,1,0,1,0,0,1,1
CGACCTTAGTGTACCT-D2_Stim,0,0,0,1,0,0,1,1
CGACTTCAGATCCGAG-D2_Stim,0,0,0,1,0,1,0,0
CGACTTCGTCATATCG-D2_Stim,1,1,1,0,0,1,1,1
CGACTTCGTCGGCTCA-D2_Stim,0,0,1,1,0,1,0,1
CGACTTCGTTTGACAC-D2_Stim,0,1,1,1,0,1,1,1
CGACTTCTCTGGAGCC-D2_Stim,0,0,0,1,0,0,0,1
CGAGAAGGTTCCACTC-D2_Stim,0,0,0,1,0,0,1,1
CGAGCCATCACGGTTA-D2_Stim,1,1,1,1,1,0,1,1
CGATCGGAGAAACCAT-D2_Stim,0,0,0,1,0,1,0,0
CGATCGGAGAGCTGCA-D2_Stim,0,0,0,0,0,1,1,0
CGATCGGTCCCTTGTG-D2_Stim,1,0,0,0,0,1,0,0
CGATCGGTCCTCGCAT-D2_Stim,0,0,0,0,0,0,0,0
CGATGGCAGAATTGTG-D2_Stim,0,0,0,1,0,1,1,0
CGATGGCCAATGACCT-D2_Stim,0,0,0,0,0,0,0,0
CGATGGCCAGCTGTGC-D2_Stim,1,1,0,1,0,0,1,1
CGATGGCTCATTGCGA-D2_Stim,1,1,0,1,0,0,1,1
CGATGTAAGTGTACGG-D2_Stim,0,0,1,1,0,1,0,0
CGATTGAGTACCGGCT-D2_Stim,0,1,1,1,1,1,1,0
CGATTGAGTGTTCTTT-D2_Stim,0,0,0,0,0,1,0,0
CGCCAAGCACCTCGTT-D2_Stim,0,0,1,0,0,0,0,0
CGCCAAGTCCCTAATT-D2_Stim,0,0,1,0,0,1,0,1
CGCCAAGTCTATGTGG-D2_Stim,1,1,1,0,0,0,1,0
CGCGGTAAGGGCTCTC-D2_Stim,0,0,0,0,0,0,0,0
CGCGGTAGTCCTCCAT-D2_Stim,1,1,1,1,1,0,1,1
CGCGGTAGTCTCCCTA-D2_Stim,0,1,1,1,0,0,1,1
CGCGGTAGTTACGTCA-D2_Stim,0,0,0,1,0,0,0,0
CGCGTTTAGATGTAAC-D2_Stim,0,0,0,1,0,1,1,1
CGCGTTTGTGAGTGAC-D2_Stim,0,0,0,0,0,0,0,0
CGCTATCAGAGACTAT-D2_Stim,0,0,0,0,0,0,0,0
CGCTATCCATGTAAGA-D2_Stim,0,0,0,1,0,1,1,1
CGCTATCTCAACACCA-D2_Stim,0,0,0,1,0,1,0,1
CGCTGGACATTAACCG-D2_Stim,0,0,1,1,0,1,0,1
CGCTGGAGTCGCGGTT-D2_Stim,1,1,1,1,1,0,1,1
CGCTGGATCAACACAC-D2_Stim,1,1,1,1,0,0,1,1
CGCTGGATCATCGGAT-D2_Stim,0,0,1,1,0,0,0,0
CGCTGGATCCGGCACA-D2_Stim,0,0,0,1,0,0,0,1
CGCTTCACATTACGAC-D2_Stim,0,1,0,0,0,0,1,1
CGCTTCAGTACTCGCG-D2_Stim,0,0,0,0,0,0,0,0
CGGACACCAGCGTCCA-D2_Stim,0,0,0,1,0,0,0,1
CGGACACTCAATCACG-D2_Stim,0,0,0,0,0,1,0,0
CGGACACTCGCCTGAG-D2_Stim,1,1,0,1,0,0,0,1
CGGACGTTCCGTCAAA-D2_Stim,0,0,0,1,0,1,0,1
CGGACTGGTTATTCTC-D2_Stim,0,0,1,1,0,1,1,0
CGGAGCTTCCTAGGGC-D2_Stim,0,1,1,1,1,0,0,1
CGGAGTCAGAGGTAGA-D2_Stim,0,0,1,0,1,0,1,1
CGGAGTCAGCGTTGCC-D2_Stim,0,0,0,1,0,1,1,1
CGGAGTCCAGGTCGTC-D2_Stim,1,1,1,0,1,0,1,0
CGGCTAGGTCATCCCT-D2_Stim,0,1,1,1,0,1,1,0
CGGCTAGGTCCTAGCG-D2_Stim,0,0,0,1,0,1,0,1
CGGTTAAGTAGGGTAC-D2_Stim,0,1,1,1,0,1,1,1
CGGTTAATCAGAAATG-D2_Stim,0,0,0,1,0,1,0,1
CGTAGCGCATACGCTA-D2_Stim,0,0,0,1,0,1,0,1
CGTAGGCTCCGATATG-D2_Stim,1,1,0,0,0,0,1,1
CGTCACTGTAAAGTCA-D2_Stim,0,1,1,1,0,1,0,0
CGTCACTGTAGCGTGA-D2_Stim,0,0,0,1,0,1,0,1
CGTCAGGAGCACAGGT-D2_Stim,0,1,1,1,0,1,1,1
CGTCAGGCATGACATC-D2_Stim,0,1,0,1,0,0,1,1
CGTCAGGTCTCCAACC-D2_Stim,1,1,0,1,0,0,1,1
CGTCCATAGGAGCGTT-D2_Stim,0,1,1,1,0,1,0,1
CGTCCATGTAGCGTAG-D2_Stim,0,0,0,1,0,1,1,1
CGTCCATGTGTTGAGG-D2_Stim,0,1,1,1,0,1,0,0
CGTCCATGTGTTTGTG-D2_Stim,0,0,0,0,0,0,1,0
CGTCCATTCACGCATA-D2_Stim,1,1,1,1,0,0,0,1
CGTCTACAGGTGATTA-D2_Stim,0,0,0,0,0,0,0,0
CGTCTACCACGTTGGC-D2_Stim,0,1,1,1,0,1,1,1
CGTCTACGTCTTGATG-D2_Stim,0,1,1,1,0,1,1,0
CGTGAGCCATCACGTA-D2_Stim,1,0,0,0,0,0,0,1
CGTGAGCGTAATCACC-D2_Stim,0,0,0,1,0,0,1,1
CGTGAGCGTGGGTATG-D2_Stim,0,0,1,1,0,1,1,1
CGTGAGCTCGGATGTT-D2_Stim,0,0,0,1,0,1,0,0
CGTGTAAAGACGCACA-D2_Stim,0,0,0,0,0,0,0,0
CGTGTAATCTGGGCCA-D2_Stim,1,1,1,1,0,0,1,0
CGTGTCTAGCAGACTG-D2_Stim,0,0,1,1,0,1,1,1
CGTGTCTAGCTGTCTA-D2_Stim,0,0,1,1,0,1,1,0
CGTGTCTCATGCAATC-D2_Stim,0,0,0,1,0,0,0,1
CGTTAGAAGAGGTTAT-D2_Stim,1,0,0,0,0,1,0,0
CGTTAGAAGCGTTCCG-D2_Stim,1,1,0,0,0,1,0,0
CGTTAGAAGGCATTGG-D2_Stim,0,0,0,0,0,0,0,0
CGTTAGAGTCGCATCG-D2_Stim,1,1,0,1,1,0,1,0
CGTTCTGTCGTCCGTT-D2_Stim,0,1,1,0,0,1,0,0
CGTTGGGAGTGCTGCC-D2_Stim,0,0,0,1,0,1,0,1
CGTTGGGCACTGTGTA-D2_Stim,0,1,0,1,0,1,1,1
CGTTGGGTCAGTCCCT-D2_Stim,0,0,0,0,0,0,0,1
CTAACTTCACAAGTAA-D2_Stim,0,1,1,1,0,1,0,1
CTAACTTTCTGCGGCA-D2_Stim,0,0,0,1,0,0,1,0
CTAAGACAGCAGACTG-D2_Stim,0,0,0,0,0,1,0,1
CTAAGACCAAACGTGG-D2_Stim,0,0,0,1,0,0,1,1
CTAAGACCAGCGTCCA-D2_Stim,0,0,0,1,0,1,1,1
CTAAGACCAGTATAAG-D2_Stim,1,1,1,1,1,0,1,1
CTAAGACCATCCGCGA-D2_Stim,1,1,1,1,0,0,0,0
CTAAGACCATGTTCCC-D2_Stim,0,1,0,1,0,1,1,0
CTAATGGTCGTTTATC-D2_Stim,1,1,1,0,0,0,1,0
CTACACCAGAAACGAG-D2_Stim,0,0,0,1,0,0,0,1
CTACATTAGCACACAG-D2_Stim,0,0,0,1,0,0,0,1
CTACATTCAATCTGCA-D2_Stim,0,0,0,1,1,0,0,1
CTACATTCATGCATGT-D2_Stim,0,1,1,1,1,1,1,0
CTACCCAAGTGTCCCG-D2_Stim,0,0,0,1,0,0,0,0
CTACCCAGTGATGTCT-D2_Stim,0,0,1,1,0,1,0,1
CTACCCATCCTGTACC-D2_Stim,0,1,1,1,0,1,1,1
CTACGTCAGCAGGTCA-D2_Stim,0,1,1,1,0,1,1,1
CTACGTCAGCTAGCCC-D2_Stim,0,0,0,1,0,1,1,1
CTACGTCCAAATACAG-D2_Stim,0,0,1,1,0,1,0,1
CTACGTCTCAGTCAGT-D2_Stim,0,1,0,0,0,0,0,0
CTAGAGTGTTGCCTCT-D2_Stim,0,0,0,1,0,0,1,0
CTAGAGTTCAGCCTAA-D2_Stim,0,0,0,1,0,0,0,0
CTAGCCTAGTTCCACA-D2_Stim,1,0,1,1,0,0,0,1
CTAGCCTCAAGACACG-D2_Stim,0,0,1,0,0,0,0,0
CTAGCCTCAGACGCTC-D2_Stim,0,0,0,0,0,0,1,0
CTAGCCTGTATTCTCT-D2_Stim,0,0,0,0,0,0,0,0
CTAGTGACAAGGTTCT-D2_Stim,0,0,1,1,0,1,0,0
CTAGTGATCACGACTA-D2_Stim,0,0,0,0,0,0,0,0
CTAGTGATCTGGTTCC-D2_Stim,0,0,0,0,0,1,1,0
CTCAGAAAGAGCTGCA-D2_Stim,1,0,0,1,0,0,1,1
CTCATTAAGAGGTAGA-D2_Stim,1,1,0,1,0,0,1,1
CTCATTAAGATGCGAC-D2_Stim,0,0,1,1,0,1,0,1
CTCATTAGTTACCGAT-D2_Stim,0,1,0,0,0,1,0,0
CTCCTAGAGATGTTAG-D2_Stim,0,0,0,1,0,1,0,1
CTCGAGGGTTTCCACC-D2_Stim,0,0,0,1,0,0,0,0
CTCGGAGAGCCCTAAT-D2_Stim,0,0,0,1,0,0,0,0
CTCGGAGCAGCTTCGG-D2_Stim,0,0,1,1,0,1,0,1
CTCGGAGGTTCAGGCC-D2_Stim,0,0,0,0,0,1,0,0
CTCGGAGTCGTGGGAA-D2_Stim,1,1,1,1,0,0,1,1
CTCGGAGTCTCGCTTG-D2_Stim,0,0,0,0,0,1,0,0
CTCGGGAAGCGCTTAT-D2_Stim,1,0,0,0,0,1,0,0
CTCGGGAAGCGTTCCG-D2_Stim,0,0,0,1,0,0,0,0
CTCGGGACACCGAATT-D2_Stim,0,0,0,1,0,0,0,0
CTCGGGATCTAACCGA-D2_Stim,0,1,0,1,0,1,1,1
CTCGTACAGAGCTTCT-D2_Stim,0,0,0,1,0,1,0,0
CTCGTACGTGTGACGA-D2_Stim,0,0,0,0,0,0,0,1
CTCGTACTCCTGCCAT-D2_Stim,0,0,0,0,0,1,0,0
CTCGTCATCCCTAATT-D2_Stim,0,0,0,1,0,1,1,1
CTCTAATAGCAATCTC-D2_Stim,1,1,1,1,0,0,1,0
CTCTAATAGGACCACA-D2_Stim,1,1,1,1,0,0,1,0
CTCTAATCAGGTCTCG-D2_Stim,0,1,1,1,0,1,1,1
CTCTAATGTGATGCCC-D2_Stim,0,0,0,0,0,1,0,0
CTCTACGAGACACTAA-D2_Stim,0,0,0,0,0,0,0,0
CTCTACGCATCCCACT-D2_Stim,0,1,0,1,0,0,1,1
CTCTACGGTACATGTC-D2_Stim,0,1,0,1,0,0,1,1
CTCTACGTCGCCCTTA-D2_Stim,0,0,0,1,0,1,1,1
CTCTGGTAGTGGAGTC-D2_Stim,0,0,0,0,0,1,0,0
CTCTGGTTCCCTCTTT-D2_Stim,1,1,1,0,0,1,1,0
CTGAAACAGGCCCGTT-D2_Stim,0,0,0,0,0,0,0,0
CTGAAACAGTACGTTC-D2_Stim,0,0,0,0,0,0,0,0
CTGAAACAGTAGGTGC-D2_Stim,1,0,1,1,0,1,0,0
CTGAAACCACCCTATC-D2_Stim,0,0,1,1,0,1,0,1
CTGAAACTCGTAGGAG-D2_Stim,0,0,1,1,0,1,1,0
CTGAAACTCGTATCAG-D2_Stim,1,1,1,1,0,0,0,0
CTGAAGTAGCTCCTCT-D2_Stim,0,0,1,1,0,1,0,1
CTGAAGTAGGCATGGT-D2_Stim,0,0,0,0,0,0,0,0
CTGATAGGTCACAAGG-D2_Stim,0,1,1,1,0,1,1,0
CTGATCCCAGGCTCAC-D2_Stim,1,1,1,0,0,0,1,1
CTGATCCTCATGTCTT-D2_Stim,0,1,1,1,0,0,1,1
CTGCCTAAGAGTAAGG-D2_Stim,0,1,0,1,0,1,0,1
CTGCCTAAGATATACG-D2_Stim,0,1,1,1,0,1,1,1
CTGCCTATCTGCAGTA-D2_Stim,0,0,0,0,0,0,0,0
CTGCCTATCTTTACAC-D2_Stim,0,1,1,1,0,1,1,1
CTGCGGAAGAGGTAGA-D2_Stim,1,0,0,0,0,0,0,1
CTGCGGAAGTGTCCAT-D2_Stim,0,1,1,1,0,1,1,1
CTGCGGACATGTAAGA-D2_Stim,0,0,1,0,0,1,0,0
CTGCGGAGTAAACGCG-D2_Stim,0,0,0,0,0,0,0,0
CTGCGGAGTCTGATTG-D2_Stim,0,0,0,1,0,1,1,1
CTGCTGTAGATCTGAA-D2_Stim,0,0,0,1,0,0,0,1
CTGGTCTAGGCTCTTA-D2_Stim,0,0,0,1,0,1,0,0
CTGGTCTAGGTAAACT-D2_Stim,0,1,1,1,0,1,1,1
CTGGTCTCAGATGGGT-D2_Stim,0,0,1,1,0,1,0,1
CTGGTCTTCAACACTG-D2_Stim,0,0,0,1,0,0,0,1
CTGTGCTCACGCTTTC-D2_Stim,1,1,1,1,0,0,1,0
CTGTGCTTCCTGTAGA-D2_Stim,0,0,1,1,1,1,1,1
CTTAACTTCTTAACCT-D2_Stim,0,0,0,1,0,1,0,0
CTTACCGTCGGAGCAA-D2_Stim,1,1,0,1,0,0,1,0
CTTAGGACACCACCAG-D2_Stim,0,0,0,1,0,0,1,1
CTTAGGAGTAGCTTGT-D2_Stim,0,1,0,0,0,1,0,0
CTTAGGATCACCAGGC-D2_Stim,0,1,1,1,0,1,1,1
CTTAGGATCTGCAAGT-D2_Stim,0,0,1,1,0,1,1,1
CTTCTCTAGTCGAGTG-D2_Stim,0,0,0,1,0,1,0,0
CTTCTCTAGTGTCCAT-D2_Stim,0,1,0,1,0,1,1,1
CTTGGCTAGACTGTAA-D2_Stim,1,1,1,1,0,0,1,1
CTTGGCTAGCGATGAC-D2_Stim,0,0,0,1,0,0,0,1
CTTGGCTCACTACAGT-D2_Stim,0,0,0,0,0,0,0,1
CTTGGCTCATGTAGTC-D2_Stim,0,0,0,1,0,1,0,0
CTTGGCTGTCGACTAT-D2_Stim,1,1,1,1,1,0,0,1
CTTTGCGCACTCAGGC-D2_Stim,0,0,0,0,0,0,0,1
CTTTGCGGTCATTAGC-D2_Stim,0,0,1,0,0,0,1,0
CTTTGCGGTTCACCTC-D2_Stim,1,1,0,1,0,0,1,1
CTTTGCGTCGGTGTCG-D2_Stim,1,1,1,1,0,0,1,1
GAAACTCGTACAGTTC-D2_Stim,0,1,1,1,0,1,0,1
GAAACTCTCCTATGTT-D2_Stim,0,0,0,1,0,1,1,1
GAAATGATCGCTTGTC-D2_Stim,0,0,0,1,1,0,1,1
GAACCTAAGGAATCGC-D2_Stim,1,0,0,1,0,0,1,1
GAACCTATCATGTAGC-D2_Stim,0,0,0,0,0,0,0,0
GAACCTATCCGGGTGT-D2_Stim,1,1,0,1,1,0,1,1
GAACGGAGTCACCCAG-D2_Stim,0,0,0,1,0,0,0,0
GAACGGAGTGACTACT-D2_Stim,0,0,0,1,0,1,1,1
GAACGGAGTTATCACG-D2_Stim,0,0,0,0,0,0,0,0
GAACGGATCACTCCTG-D2_Stim,0,0,0,0,0,0,0,0
GAAGCAGAGGTTACCT-D2_Stim,0,0,0,1,0,0,0,0
GAAGCAGGTCCGACGT-D2_Stim,0,0,0,0,0,0,0,0
GAAGCAGGTTCGGCAC-D2_Stim,0,0,0,1,0,1,1,1
GAATAAGGTACCGCTG-D2_Stim,0,1,0,1,0,0,0,1
GAATGAAAGACAGAGA-D2_Stim,0,0,0,1,0,1,1,1
GAATGAAGTAAATGTG-D2_Stim,0,0,0,1,0,0,1,1
GAATGAATCAGGCCCA-D2_Stim,0,0,0,1,0,1,1,1
GAATGAATCGCGATCG-D2_Stim,1,0,1,1,0,0,1,0
GACACGCAGCTGCCCA-D2_Stim,0,0,1,1,0,1,1,1
GACAGAGGTCGAGTTT-D2_Stim,1,0,1,1,0,0,1,0
GACAGAGGTCTAGGTT-D2_Stim,0,0,0,0,0,0,0,0
GACAGAGTCTACGAGT-D2_Stim,1,1,0,0,0,0,0,1
GACCAATAGTCTTGCA-D2_Stim,0,1,0,1,0,0,0,1
GACCAATGTATATCCG-D2_Stim,1,1,1,1,0,0,1,1
GACCAATTCCCAACGG-D2_Stim,0,0,1,1,0,1,0,0
GACCTGGCATGTAAGA-D2_Stim,0,0,0,1,0,1,1,1
GACCTGGGTTGATTGC-D2_Stim,0,0,0,1,0,1,1,1
GACCTGGTCTTAACCT-D2_Stim,1,1,1,1,0,0,1,0
GACGCGTCATATGGTC-D2_Stim,0,1,0,1,0,1,1,1
GACGCGTGTTGAACTC-D2_Stim,0,0,0,1,0,1,1,1
GACGGCTAGCGTGTCC-D2_Stim,0,0,0,1,0,1,1,1
GACGTGCGTTGTTTGG-D2_Stim,0,0,0,0,0,0,1,0
GACTAACCACGGCCAT-D2_Stim,0,0,1,1,0,1,0,1
GACTACACAAATACAG-D2_Stim,0,0,1,0,0,1,0,1
GACTACACAGGTGCCT-D2_Stim,0,1,1,1,0,1,1,1
GACTACACATCGGGTC-D2_Stim,0,0,1,1,0,1,1,1
GACTACAGTCTACCTC-D2_Stim,0,1,1,0,0,0,0,0
GACTACAGTGCGCTTG-D2_Stim,1,1,0,1,0,0,1,0
GACTGCGCAAGTACCT-D2_Stim,0,0,1,1,0,1,1,1
GACTGCGCAATCTACG-D2_Stim,1,1,1,0,0,0,0,0
GAGCAGAAGAATGTGT-D2_Stim,0,1,1,1,0,1,0,0
GAGGTGATCACGACTA-D2_Stim,1,1,0,1,0,0,1,0
GAGTCCGAGGGTATCG-D2_Stim,0,1,0,1,0,1,0,1
GAGTCCGAGTAGTGCG-D2_Stim,1,1,1,1,0,0,1,0
GAGTCCGCACAACGCC-D2_Stim,0,0,0,0,0,0,0,0
GAGTCCGGTCATGCAT-D2_Stim,0,0,0,1,1,0,0,1
GATCAGTTCGGAATCT-D2_Stim,0,0,1,1,0,0,0,1
GATCGATAGAGACTAT-D2_Stim,0,0,1,1,0,0,0,0
GATCGATCAGACGCAA-D2_Stim,0,0,0,1,0,0,0,1
GATCGATGTAATCGTC-D2_Stim,0,0,1,1,0,0,0,1
GATCGCGAGTGGGTTG-D2_Stim,1,0,0,1,1,0,1,1
GATCGCGCAGGGTTAG-D2_Stim,1,1,1,1,0,0,0,0
GATCGCGCATCGACGC-D2_Stim,0,0,0,1,0,1,1,0
GATCGCGCATTGGGCC-D2_Stim,1,1,0,1,0,0,1,0
GATCGCGGTAGCGTCC-D2_Stim,0,0,1,1,0,0,0,1
GATCGCGTCACTGGGC-D2_Stim,0,0,0,1,0,1,0,0
GATCGTAAGTGACATA-D2_Stim,0,0,1,1,0,1,1,1
GATCGTATCCCAGGTG-D2_Stim,0,0,0,1,0,1,0,0
GATCGTATCTTAGAGC-D2_Stim,0,0,1,1,0,0,0,0
GATCTAGAGTCTCAAC-D2_Stim,0,0,0,0,0,0,0,0
GATCTAGGTCGGATCC-D2_Stim,0,0,0,0,0,0,0,0
GATCTAGTCACTTACT-D2_Stim,0,0,0,0,0,0,0,0
GATCTAGTCGCATGAT-D2_Stim,0,0,1,1,0,1,0,1
GATGAAAAGGCACATG-D2_Stim,0,0,0,1,0,1,1,1
GATGAAATCACCTCGT-D2_Stim,0,0,1,1,0,1,1,1
GATGAGGGTGCGAAAC-D2_Stim,1,1,1,1,0,1,1,1
GATGCTAAGGAGCGTT-D2_Stim,1,1,1,1,0,0,1,0
GATGCTAAGTGTCCAT-D2_Stim,0,1,1,1,0,0,0,0
GATGCTATCCTTTCGG-D2_Stim,0,0,1,1,0,0,0,1
GATTCAGCAGAGTGTG-D2_Stim,0,0,0,1,0,0,0,1
GATTCAGGTGTAATGA-D2_Stim,1,1,0,1,0,0,0,1
GATTCAGTCCTCAATT-D2_Stim,1,0,0,0,0,0,0,0
GCAAACTCAAGTAATG-D2_Stim,1,1,0,1,0,0,1,1
GCAAACTTCAGTTAGC-D2_Stim,1,0,0,0,0,0,1,0
GCAATCACAGGACCCT-D2_Stim,1,1,1,1,0,0,1,1
GCAATCATCGGATGGA-D2_Stim,0,1,0,0,0,0,0,0
GCACATAAGCGCTCCA-D2_Stim,0,0,0,1,0,0,0,1
GCACATAAGGCTAGGT-D2_Stim,0,1,1,0,0,1,1,1
GCACATAAGTCACGCC-D2_Stim,0,0,0,0,0,0,0,0
GCACATAAGTTACGGG-D2_Stim,0,0,1,1,0,1,1,1
GCACATACAGACGCTC-D2_Stim,0,0,1,1,0,1,0,1
GCACATACAGCTTAAC-D2_Stim,0,0,0,1,0,1,1,1
GCACATATCAAGCCTA-D2_Stim,1,1,1,0,0,0,1,1
GCACATATCAGCTCTC-D2_Stim,1,1,1,0,1,0,1,1
GCACATATCTTTCCTC-D2_Stim,0,0,0,1,0,1,1,1
GCACTCTAGTACCGGA-D2_Stim,0,0,0,0,0,0,0,0
GCACTCTCAGGTCTCG-D2_Stim,0,1,1,1,0,1,1,1
GCACTCTTCGGCATCG-D2_Stim,0,1,1,1,0,1,1,1
GCAGCCACAACTGGCC-D2_Stim,1,0,0,0,0,0,0,0
GCAGCCAGTGCAACTT-D2_Stim,0,0,1,1,0,1,0,1
GCAGTTAGTGTTAAGA-D2_Stim,1,1,1,1,0,1,1,0
GCATGATAGACAAAGG-D2_Stim,0,0,0,1,0,0,0,1
GCATGATGTACCGCTG-D2_Stim,1,1,0,1,1,0,1,0
GCATGATTCTTGTACT-D2_Stim,0,1,1,1,1,0,0,1
GCATGCGAGTTCCACA-D2_Stim,0,0,0,1,0,0,1,0
GCATGCGCAATCCGAT-D2_Stim,0,1,1,1,0,1,0,1
GCATGCGTCCGTTGTC-D2_Stim,0,1,1,1,0,1,1,1
GCATGTAAGTGACATA-D2_Stim,0,0,0,1,0,1,0,0
GCATGTAGTGGCTCCA-D2_Stim,0,0,1,1,0,1,0,1
GCATGTAGTTGTGGCC-D2_Stim,1,1,0,1,1,0,1,1
GCATGTATCCCTTGCA-D2_Stim,0,0,1,1,0,1,1,1
GCATGTATCTGCTGCT-D2_Stim,0,0,0,0,0,0,0,0
GCCAAATAGGCATTGG-D2_Stim,1,1,1,0,0,0,0,0
GCCAAATTCAACACCA-D2_Stim,1,1,0,0,0,0,0,1
GCCTCTAAGAGTTGGC-D2_Stim,0,0,1,0,0,0,0,0
GCGACCAAGACACGAC-D2_Stim,0,0,0,0,0,1,0,1
GCGACCACAAGTTCTG-D2_Stim,0,0,0,0,0,0,1,0
GCGACCAGTGAGCGAT-D2_Stim,0,0,0,0,0,0,0,0
GCGAGAAAGAAACCGC-D2_Stim,0,0,0,1,0,0,0,0
GCGAGAACAAGTAATG-D2_Stim,0,0,0,1,0,1,1,0
GCGAGAACATCCGTGG-D2_Stim,0,0,0,0,0,1,0,0
GCGCAACAGGACATTA-D2_Stim,1,1,1,1,0,0,1,0
GCGCAACCAAGCCTAT-D2_Stim,1,1,0,0,0,0,0,1
GCGCAACGTGCTCTTC-D2_Stim,0,0,0,0,0,0,0,0
GCGCAACTCCGTTGTC-D2_Stim,1,1,0,0,0,0,0,1
GCGCAGTCACGAGAGT-D2_Stim,0,1,0,1,1,0,0,1
GCGCAGTCATTGGCGC-D2_Stim,0,0,0,1,0,1,0,1
GCGCAGTGTAGCAAAT-D2_Stim,0,0,0,1,0,1,0,1
GCGCAGTTCTACTATC-D2_Stim,1,1,0,1,0,0,0,1
GCGCAGTTCTTAACCT-D2_Stim,0,0,0,0,0,0,0,0
GCGCCAAAGAGTCGGT-D2_Stim,0,0,0,0,0,1,0,0
GCGCCAAAGTAGGTGC-D2_Stim,0,0,0,1,0,1,0,0
GCGCCAAAGTTGCAGG-D2_Stim,0,1,0,0,0,0,0,0
GCGCCAACACACAGAG-D2_Stim,1,1,0,1,1,0,1,1
GCGCCAACACGAAACG-D2_Stim,0,0,1,0,0,1,1,1
GCGCGATCAGGCTCAC-D2_Stim,0,1,1,0,1,0,1,0
GCGCGATGTATAGTAG-D2_Stim,0,0,0,1,0,1,0,0
GCGCGATGTTGGAGGT-D2_Stim,0,0,0,0,0,0,0,1
GCGGGTTAGGAGTTTA-D2_Stim,0,1,0,0,0,1,0,0
GCGGGTTCACGAAACG-D2_Stim,0,0,0,1,1,0,1,1
GCGGGTTGTAGATTAG-D2_Stim,0,0,0,0,0,1,1,0
GCGGGTTTCTGCTGTC-D2_Stim,0,0,0,0,0,0,0,0
GCTCCTACACCACCAG-D2_Stim,0,0,0,1,0,0,0,1
GCTCCTAGTCCGAATT-D2_Stim,1,1,1,1,1,0,1,1
GCTCCTAGTGGTTTCA-D2_Stim,0,1,1,1,0,1,1,1
GCTCCTATCCAAATGC-D2_Stim,0,0,0,1,0,1,0,0
GCTCCTATCGTGGTCG-D2_Stim,0,0,0,0,0,0,1,0
GCTCTGTGTGCCTGTG-D2_Stim,0,0,0,0,0,0,0,0
GCTGCAGCACATCCGG-D2_Stim,1,1,0,1,0,0,1,0
GCTGCAGCACGACTCG-D2_Stim,0,1,1,1,0,1,1,0
GCTGCAGCAGCGATCC-D2_Stim,0,0,1,1,0,1,0,1
GCTGCAGCATACAGCT-D2_Stim,0,0,1,1,0,1,0,1
GCTGCAGCATTCTCAT-D2_Stim,0,0,1,1,1,1,0,1
GCTGCAGGTACTCTCC-D2_Stim,0,0,0,1,0,0,1,0
GCTGCAGTCAACACTG-D2_Stim,1,1,1,1,0,0,1,1
GCTGCGAAGTTCGCGC-D2_Stim,0,0,0,0,0,0,0,0
GCTGCGATCTGTACGA-D2_Stim,0,0,0,1,0,1,0,1
GCTGCTTCACCTTGTC-D2_Stim,1,0,0,1,0,1,0,1
GCTGCTTGTCAGAAGC-D2_Stim,0,0,0,0,0,0,0,0
GCTGCTTTCGTTACGA-D2_Stim,0,1,1,1,0,1,1,1
GCTGGGTGTTGCCTCT-D2_Stim,0,1,1,1,0,0,1,1
GCTGGGTTCAGCCTAA-D2_Stim,0,1,1,1,1,1,0,1
GCTTCCAAGAGTAAGG-D2_Stim,0,0,0,1,0,0,0,0
GCTTCCAAGAGTACAT-D2_Stim,0,0,0,1,0,1,1,1
GCTTCCACATTATCTC-D2_Stim,0,0,0,0,0,0,0,0
GCTTCCAGTCAGGACA-D2_Stim,0,0,1,1,0,1,1,1
GCTTGAAAGGCTCTTA-D2_Stim,0,1,1,1,0,0,0,1
GCTTGAACATTAGGCT-D2_Stim,1,0,1,1,1,0,0,1
GCTTGAATCGCCTGTT-D2_Stim,1,1,1,1,0,1,1,1
GGAAAGCAGAATGTTG-D2_Stim,0,1,1,1,0,1,1,1
GGAAAGCCAGCCTTGG-D2_Stim,0,0,1,1,0,1,1,1
GGAAAGCCATGTTGAC-D2_Stim,0,0,0,0,0,0,0,0
GGAACTTAGACTGGGT-D2_Stim,0,0,1,1,0,1,1,1
GGAACTTTCCAAGCCG-D2_Stim,0,0,0,1,0,0,1,1
GGACAAGAGCGCCTCA-D2_Stim,0,0,1,1,0,0,1,1
GGACAAGCATGGTCTA-D2_Stim,1,1,1,1,0,0,0,1
GGACAAGGTTGGAGGT-D2_Stim,0,0,0,1,0,1,0,0
GGACAAGTCGGCCGAT-D2_Stim,0,0,1,0,0,0,0,0
GGACAGAAGGACACCA-D2_Stim,1,0,0,1,0,0,0,0
GGACAGAAGGGTGTTG-D2_Stim,0,1,0,0,0,0,0,0
GGACAGACAACCGCCA-D2_Stim,0,0,0,1,0,1,1,1
GGACAGACATCCCATC-D2_Stim,1,1,1,1,0,0,1,1
GGACAGAGTCGGATCC-D2_Stim,0,1,1,1,0,1,0,0
GGACATTAGGATATAC-D2_Stim,0,1,0,1,0,1,1,1
GGACATTAGGCAGGTT-D2_Stim,0,0,1,1,0,1,1,1
GGACATTCACAAGACG-D2_Stim,0,0,0,1,0,1,1,1
GGACATTGTAATCACC-D2_Stim,0,0,0,1,0,0,1,1
GGACATTGTACCGTTA-D2_Stim,0,0,0,0,0,0,0,1
GGACGTCAGCGTCTAT-D2_Stim,0,0,0,0,0,1,0,0
GGACGTCAGTACGTTC-D2_Stim,1,1,0,1,0,0,1,1
GGACGTCAGTGCCATT-D2_Stim,0,0,0,1,0,1,1,1
GGACGTCCACGAGGTA-D2_Stim,0,1,0,1,0,1,1,0
GGAGCAACACCGATAT-D2_Stim,0,1,1,1,0,1,1,0
GGAGCAACAGAAGCAC-D2_Stim,0,0,0,0,0,0,0,0
GGAGCAATCGACAGCC-D2_Stim,0,1,0,0,0,1,1,0
GGATGTTAGACACTAA-D2_Stim,0,0,0,0,0,0,0,0
GGATGTTCATGCAATC-D2_Stim,0,0,0,1,0,0,0,0
GGCAATTCATTCACTT-D2_Stim,0,0,1,1,0,0,0,0
GGCAATTCATTGCGGC-D2_Stim,1,1,1,1,0,0,1,0
GGCAATTTCGAATCCA-D2_Stim,0,0,0,1,0,0,1,1
GGCCGATAGACAGGCT-D2_Stim,1,0,0,1,1,0,1,1
GGCCGATAGTCGTTTG-D2_Stim,0,0,0,1,0,1,0,1
GGCCGATGTCGAGTTT-D2_Stim,0,1,0,0,0,1,0,0
GGCCGATTCGTACCGG-D2_Stim,0,0,0,1,0,1,1,1
GGCGACTCACAACGCC-D2_Stim,1,1,1,1,0,1,1,1
GGCGACTGTGGCAAAC-D2_Stim,0,0,0,1,0,1,0,0
GGCGTGTTCCCTTGCA-D2_Stim,0,0,1,1,0,0,0,1
GGCTCGAAGCAGATCG-D2_Stim,0,1,1,1,0,1,1,1
GGCTCGAAGTAGCCGA-D2_Stim,0,1,1,1,0,1,0,0
GGCTCGACATAGACTC-D2_Stim,0,0,0,0,0,0,0,0
GGCTCGAGTATAATGG-D2_Stim,1,1,0,1,0,0,0,1
GGCTGGTGTGCCTGGT-D2_Stim,0,1,1,1,1,1,0,1
GGCTGGTGTTACAGAA-D2_Stim,0,0,1,0,0,1,0,0
GGCTGGTGTTCCCTTG-D2_Stim,0,1,1,1,0,1,1,0
GGCTGGTTCGCAGGCT-D2_Stim,0,0,0,1,0,1,1,1
GGGAATGGTCCAGTGC-D2_Stim,0,1,1,1,0,1,1,1
GGGAATGGTGTGACCC-D2_Stim,0,0,1,0,0,1,0,1
GGGACCTAGTAACCCT-D2_Stim,1,1,1,1,0,1,1,1
GGGACCTAGTGTTTGC-D2_Stim,0,0,1,1,0,0,0,1
GGGACCTCATGCAATC-D2_Stim,0,0,0,1,0,1,0,1
GGGAGATGTGGTTTCA-D2_Stim,0,0,0,1,0,1,0,0
GGGATGACAGGGTACA-D2_Stim,0,1,0,1,0,1,1,1
GGGATGAGTGCAACTT-D2_Stim,1,1,1,0,1,0,1,1
GGGATGATCCACGACG-D2_Stim,1,0,1,1,0,0,1,0
GGGATGATCCCTCTTT-D2_Stim,0,1,1,1,1,1,1,1
GGGCACTGTAGCTGCC-D2_Stim,0,0,0,0,0,0,0,0
GGGCATCGTGGGTATG-D2_Stim,0,0,0,1,0,0,1,1
GGGCATCTCTGCTTGC-D2_Stim,0,0,1,1,0,1,0,1
GGGTCTGCAGTAAGAT-D2_Stim,0,1,1,1,0,1,1,0
GGGTCTGTCCTCCTAG-D2_Stim,1,0,1,1,0,0,0,1
GGGTTGCGTGAAAGAG-D2_Stim,1,0,0,1,1,0,0,1
GGGTTGCTCGAACTGT-D2_Stim,0,0,0,1,0,0,0,1
GGTATTGCACTTCGAA-D2_Stim,0,0,0,1,1,1,0,1
GGTATTGCATTCGACA-D2_Stim,0,0,0,0,0,0,0,0
GGTGAAGCAAGTTCTG-D2_Stim,0,0,1,0,0,1,0,1
GGTGAAGCACCGTTGG-D2_Stim,0,0,1,0,1,1,0,1
GGTGAAGGTCTCCACT-D2_Stim,0,1,0,1,0,1,1,1
GGTGCGTCAATGAAAC-D2_Stim,0,1,1,1,0,1,1,0
GGTGCGTTCATAAAGG-D2_Stim,0,1,1,1,0,1,1,0
GGTGCGTTCTTGTACT-D2_Stim,0,0,0,1,0,1,0,1
GGTGTTAGTCCGAATT-D2_Stim,0,0,0,0,0,0,0,0
GGTGTTAGTTGAGGTG-D2_Stim,0,1,0,1,0,0,1,1
GTAACGTCATGACGGA-D2_Stim,0,0,0,0,0,0,0,0
GTAACGTGTGTCCTCT-D2_Stim,0,0,1,1,0,0,0,0
GTAACGTTCCAAGCCG-D2_Stim,0,1,1,1,0,0,0,0
GTAACGTTCTTCCTTC-D2_Stim,0,1,0,0,1,1,0,0
GTACGTAAGTTCGCAT-D2_Stim,0,1,1,0,0,0,1,0
GTACGTAGTAGCGTAG-D2_Stim,0,0,0,1,0,0,1,1
GTACTCCAGTGTCCCG-D2_Stim,0,0,0,0,0,1,0,0
GTACTCCCACCAACCG-D2_Stim,0,0,1,1,0,1,1,1
GTACTCCCAGCTGTGC-D2_Stim,1,1,1,1,0,0,0,0
GTACTCCGTAGTACCT-D2_Stim,0,0,0,0,0,0,0,0
GTAGGCCAGCACCGCT-D2_Stim,0,0,0,1,0,0,0,0
GTAGGCCTCGATCCCT-D2_Stim,0,0,0,0,0,0,0,0
GTAGTCAAGCAACGGT-D2_Stim,1,1,0,1,1,0,1,1
GTAGTCACAAGAGTCG-D2_Stim,0,1,0,1,0,1,1,1
GTAGTCATCCGCAAGC-D2_Stim,0,1,0,0,0,0,0,0
GTATCTTCACGAAAGC-D2_Stim,1,1,1,1,0,1,1,0
GTCAAGTCAAGGCTCC-D2_Stim,0,0,0,0,0,0,0,0
GTCAAGTCACGGTAGA-D2_Stim,0,0,1,1,0,1,0,0
GTCACAAAGATCACGG-D2_Stim,0,0,0,0,1,0,0,0
GTCACAAAGCGATAGC-D2_Stim,0,0,0,0,0,0,0,0
GTCACAAAGTGGTAGC-D2_Stim,0,1,1,1,0,1,1,1
GTCACAACAGTCTTCC-D2_Stim,0,0,1,0,0,1,0,0
GTCACGGAGTGCCAGA-D2_Stim,1,1,0,1,0,0,1,1
GTCATTTAGACGCTTT-D2_Stim,0,0,0,0,0,0,0,0
GTCATTTAGTTACGGG-D2_Stim,0,0,1,1,0,1,0,1
GTCCTCAAGCTAACTC-D2_Stim,0,0,0,0,0,0,0,0
GTCCTCAAGGAGTTGC-D2_Stim,0,0,0,0,1,0,0,0
GTCCTCAGTATGAAAC-D2_Stim,0,1,1,1,0,1,1,0
GTCCTCATCGTTACGA-D2_Stim,1,0,0,1,0,0,1,0
GTCGGGTCACTTCTGC-D2_Stim,0,0,1,1,0,0,0,0
GTCGGGTGTGTGACGA-D2_Stim,0,0,0,0,0,0,0,0
GTCGTAAAGGTTCCTA-D2_Stim,1,1,1,0,0,0,0,0
GTCTCGTCAGACACTT-D2_Stim,0,1,1,1,0,1,1,0
GTCTCGTGTGTAACGG-D2_Stim,0,0,0,0,0,0,0,0
GTCTTCGAGCTAACAA-D2_Stim,0,1,1,1,1,1,0,0
GTGAAGGAGACCCACC-D2_Stim,0,0,1,1,0,0,1,1
GTGAAGGAGCGCTCCA-D2_Stim,0,1,1,1,0,0,0,1
GTGAAGGAGCTTATCG-D2_Stim,0,0,0,1,0,1,0,1
GTGAAGGAGGATGCGT-D2_Stim,0,0,1,1,0,0,0,0
GTGAAGGCACGTCAGC-D2_Stim,0,0,0,1,0,1,0,1
GTGAAGGCATATGAGA-D2_Stim,1,0,0,1,0,0,1,1
GTGAAGGGTTCATGGT-D2_Stim,0,1,0,1,0,1,1,1
GTGCAGCTCCTCCTAG-D2_Stim,0,0,0,1,0,0,1,1
GTGCAGCTCTTACCTA-D2_Stim,1,0,1,0,0,0,0,0
GTGCATAAGGTTACCT-D2_Stim,0,0,0,0,0,0,0,0
GTGCATATCAAACCAC-D2_Stim,0,0,0,0,0,0,0,0
GTGCATATCGCCAAAT-D2_Stim,0,0,0,0,0,0,0,0
GTGCGGTTCCCATTAT-D2_Stim,0,0,1,1,0,1,0,1
GTGCGGTTCTCGGACG-D2_Stim,0,0,1,1,0,1,1,1
GTGCTTCCATGCCCGA-D2_Stim,0,0,0,0,0,0,0,0
GTGCTTCGTCCTCCAT-D2_Stim,0,0,0,0,0,0,0,0
GTGCTTCTCCAACCAA-D2_Stim,0,0,1,0,0,0,0,0
GTGGGTCAGATGCCTT-D2_Stim,1,0,0,0,0,1,0,1
GTGGGTCCAACACGCC-D2_Stim,1,0,0,1,0,0,1,1
GTGGGTCCAAGCCATT-D2_Stim,0,1,1,1,0,1,1,1
GTGGGTCCACCATCCT-D2_Stim,1,0,0,0,0,0,0,0
GTGTGCGCACGAGGTA-D2_Stim,1,1,0,0,0,0,1,1
GTGTGCGGTGCAGTAG-D2_Stim,0,0,0,0,0,0,0,0
GTGTGCGTCTCTGCTG-D2_Stim,0,1,0,1,0,1,1,1
GTGTTAGAGATAGGAG-D2_Stim,0,0,1,1,0,0,0,0
GTGTTAGCAAGCTGGA-D2_Stim,0,0,0,1,0,1,0,0
GTGTTAGCAATAGAGT-D2_Stim,0,0,1,1,1,1,0,0
GTGTTAGCAGAAGCAC-D2_Stim,0,0,0,1,0,1,0,1
GTGTTAGTCAAAGTAG-D2_Stim,0,0,0,0,0,0,0,0
GTGTTAGTCGAATCCA-D2_Stim,1,1,0,1,0,0,1,0
GTTAAGCGTAGCAAAT-D2_Stim,0,0,0,1,0,0,0,0
GTTAAGCGTGCTGTAT-D2_Stim,0,0,1,0,0,0,0,0
GTTAAGCTCTTCGAGA-D2_Stim,0,1,0,1,0,1,1,1
GTTACAGCATAGACTC-D2_Stim,0,0,1,1,0,1,0,1
GTTACAGCATTCTCAT-D2_Stim,0,1,0,1,0,1,1,1
GTTACAGGTGGTGTAG-D2_Stim,0,1,1,1,0,1,1,0
GTTACAGTCTATCGCC-D2_Stim,0,0,0,1,0,1,1,1
GTTCATTAGGGCTTGA-D2_Stim,0,0,0,0,0,0,0,1
GTTCATTGTATTCTCT-D2_Stim,0,0,0,1,0,0,1,0
GTTCATTTCCGCGGTA-D2_Stim,0,1,1,1,0,1,1,1
GTTCATTTCGTTTATC-D2_Stim,0,0,0,0,0,0,0,0
GTTCGGGAGAGGACGG-D2_Stim,1,0,0,0,0,0,0,1
GTTCGGGGTCTCCCTA-D2_Stim,0,1,1,1,0,1,0,1
GTTCTCGAGACTAGGC-D2_Stim,0,1,1,1,0,1,1,1
GTTCTCGAGTGTCTCA-D2_Stim,0,0,0,1,0,1,1,1
GTTCTCGGTAACGCGA-D2_Stim,0,0,1,1,0,0,0,1
GTTCTCGGTAGGAGTC-D2_Stim,0,1,1,1,0,0,0,1
GTTCTCGTCACCCGAG-D2_Stim,0,0,0,1,0,1,1,0
GTTCTCGTCATGGTCA-D2_Stim,1,1,0,0,0,0,0,0
GTTTCTATCCACGTGG-D2_Stim,1,1,1,0,0,0,1,0
TAAACCGCAGTTTACG-D2_Stim,0,0,0,0,0,1,0,0
TAAGAGACAACTGCTA-D2_Stim,0,0,0,0,0,0,0,0
TAAGAGACAGCTCCGA-D2_Stim,0,1,1,1,0,1,0,0
TAAGAGAGTAGAGGAA-D2_Stim,0,0,0,0,0,0,0,0
TAAGAGAGTTATGCGT-D2_Stim,0,1,1,1,0,0,0,0
TAAGAGATCTGCTGTC-D2_Stim,0,1,0,1,0,0,1,1
TAAGAGATCTGGGCCA-D2_Stim,0,0,0,0,0,1,0,0
TAAGAGATCTTGTATC-D2_Stim,0,0,1,1,0,1,0,1
TAAGCGTCACAGACAG-D2_Stim,0,0,0,1,0,0,0,1
TAAGCGTCATAACCTG-D2_Stim,1,1,1,0,0,0,0,1
TAAGCGTCATCGATTG-D2_Stim,0,0,0,0,0,0,0,0
TAAGCGTGTACCGGCT-D2_Stim,1,1,0,0,0,0,1,0
TAAGCGTTCACGCGGT-D2_Stim,0,0,0,1,0,1,1,0
TAAGTGCAGGTGGGTT-D2_Stim,0,0,0,1,0,0,0,0
TAAGTGCAGGTGTGGT-D2_Stim,0,0,1,0,1,0,0,0
TAAGTGCCATGGTCTA-D2_Stim,0,0,1,1,0,1,0,0
TACACGAAGAAGGACA-D2_Stim,0,1,0,1,0,1,1,0
TACACGAAGCGAGAAA-D2_Stim,0,0,1,1,1,1,0,1
TACACGACAAACGCGA-D2_Stim,1,1,0,1,0,0,0,1
TACACGAGTATGGTTC-D2_Stim,0,0,0,0,0,0,0,0
TACACGAGTGTTTGTG-D2_Stim,0,0,0,1,0,0,1,1
TACACGATCAAACCAC-D2_Stim,0,0,0,0,0,1,1,0
TACACGATCACAATGC-D2_Stim,0,0,0,1,0,0,1,0
TACACGATCACCAGGC-D2_Stim,0,0,1,1,0,1,0,1
TACACGATCACGCATA-D2_Stim,0,0,1,1,0,0,0,1
TACACGATCTGCTTGC-D2_Stim,0,0,1,1,0,1,0,1
TACAGTGGTCGAGATG-D2_Stim,0,0,0,0,0,0,0,0
TACAGTGGTGTGCGTC-D2_Stim,0,1,1,1,0,1,1,1
TACCTATGTCCGCTGA-D2_Stim,0,0,0,1,1,0,0,1
TACCTATGTTAAGACA-D2_Stim,0,0,0,0,0,0,0,0
TACCTTAAGAAGGGTA-D2_Stim,0,0,0,0,0,1,0,0
TACCTTACAATAAGCA-D2_Stim,1,1,0,1,0,0,1,0
TACGGATCATGAAGTA-D2_Stim,1,0,1,1,1,0,0,1
TACGGATTCGAATGCT-D2_Stim,1,0,0,0,1,0,0,0
TACGGGCAGAACAACT-D2_Stim,0,1,1,1,0,1,1,0
TACGGGCAGCTCTCGG-D2_Stim,0,0,1,0,0,1,0,0
TACGGGCTCATAAAGG-D2_Stim,0,0,0,0,0,0,0,0
TACGGTAAGGTCATCT-D2_Stim,1,0,0,1,0,0,1,1
TACGGTATCTCGATGA-D2_Stim,1,1,1,1,1,0,1,1
TACTCATCATGTCTCC-D2_Stim,1,1,0,1,0,0,1,1
TACTCATGTGAACCTT-D2_Stim,0,0,1,1,0,1,1,1
TACTCATTCCAAACTG-D2_Stim,0,0,0,1,0,1,1,0
TACTCGCCATAAAGGT-D2_Stim,1,0,0,1,0,0,1,1
TACTCGCGTCGGCACT-D2_Stim,0,1,1,1,0,1,1,1
TACTCGCGTGACGGTA-D2_Stim,0,1,1,1,0,1,0,1
TACTTACAGTATTGGA-D2_Stim,0,0,1,1,0,1,1,1
TACTTACTCGAACGGA-D2_Stim,0,0,0,0,0,0,0,0
TACTTGTAGCATGGCA-D2_Stim,1,1,1,1,0,0,1,0
TACTTGTTCATCACCC-D2_Stim,0,0,0,1,0,0,1,1
TAGACCAAGGTACTCT-D2_Stim,0,0,0,1,0,1,0,1
TAGACCACATATACGC-D2_Stim,0,0,0,1,0,1,1,1
TAGACCAGTGGACGAT-D2_Stim,1,1,0,0,0,0,0,1
TAGAGCTCAAATCCGT-D2_Stim,0,0,1,1,0,0,0,1
TAGAGCTCAGCCAGAA-D2_Stim,0,1,0,0,0,1,0,0
TAGAGCTTCCCGGATG-D2_Stim,0,1,1,1,0,1,0,0
TAGCCGGAGATCCCAT-D2_Stim,1,1,1,1,0,1,1,0
TAGCCGGCACTTAACG-D2_Stim,0,1,1,1,0,1,0,1
TAGCCGGTCAAACCGT-D2_Stim,0,1,1,0,0,1,0,1
TAGCCGGTCGCTAGCG-D2_Stim,1,1,0,1,0,0,1,1
TAGGCATAGCCAACAG-D2_Stim,0,0,0,0,0,0,0,0
TAGGCATGTGTGCCTG-D2_Stim,1,0,0,1,1,0,0,1
TAGGCATTCGGCGCAT-D2_Stim,0,0,1,1,0,0,1,1
TAGTGGTGTCGTCTTC-D2_Stim,0,0,1,1,0,1,1,1
TAGTTGGCACTACAGT-D2_Stim,1,1,0,1,0,0,0,1
TAGTTGGCAGGCTCAC-D2_Stim,0,0,0,0,0,1,0,0
TAGTTGGTCGGCTACG-D2_Stim,0,1,1,1,0,0,1,1
TATCAGGCATCACCCT-D2_Stim,0,0,1,0,0,1,0,0
TATCTCACACTTCTGC-D2_Stim,0,1,1,0,1,0,0,0
TATGCCCAGATATACG-D2_Stim,0,0,0,0,0,1,0,0
TATGCCCGTCGCGAAA-D2_Stim,1,1,0,1,1,0,0,0
TATGCCCGTGCTCTTC-D2_Stim,1,1,0,0,0,0,1,0
TATTACCGTACGCACC-D2_Stim,0,1,1,1,0,1,1,1
TATTACCGTCCGAATT-D2_Stim,1,0,0,1,0,0,0,1
TATTACCGTGTTGGGA-D2_Stim,0,1,0,1,0,0,1,1
TATTACCGTTGGTGGA-D2_Stim,1,1,1,1,0,0,1,0
TCAACGAAGAAACCAT-D2_Stim,1,1,0,1,0,0,1,0
TCAACGAAGCGTGAAC-D2_Stim,0,0,1,1,0,0,1,0
TCAACGAAGGTGCTAG-D2_Stim,1,0,0,1,0,0,1,1
TCAATCTGTCTGCCAG-D2_Stim,1,1,0,1,0,0,0,0
TCACAAGAGGGCTTGA-D2_Stim,0,0,0,1,0,1,0,1
TCACAAGCAGATCTGT-D2_Stim,0,0,0,1,0,0,0,0
TCACAAGCATTTGCCC-D2_Stim,0,1,1,1,1,1,1,1
TCACGAAAGTAGTGCG-D2_Stim,1,1,1,1,0,1,1,0
TCACGAACACCAACCG-D2_Stim,1,0,0,1,0,1,0,0
TCACGAATCGCTTGTC-D2_Stim,0,1,1,1,0,1,1,1
TCAGATGCAAAGCGGT-D2_Stim,0,0,1,1,0,1,0,0
TCAGCAACAAGCGAGT-D2_Stim,0,0,0,0,0,0,0,0
TCAGCAACAAGGACTG-D2_Stim,0,1,1,1,0,0,1,0
TCAGCAACAGGTCCAC-D2_Stim,0,0,1,0,0,0,0,0
TCAGCAAGTTAAAGAC-D2_Stim,0,1,1,0,0,0,0,1
TCAGCAATCTCCAGGG-D2_Stim,0,0,1,1,0,1,0,1
TCAGCTCCACGAGAGT-D2_Stim,1,1,1,1,1,0,1,1
TCAGCTCGTCACTTCC-D2_Stim,0,1,1,0,0,0,1,0
TCAGCTCTCGCCTGAG-D2_Stim,1,1,1,1,1,0,1,1
TCAGGATAGACCCACC-D2_Stim,1,1,0,1,0,0,1,1
TCAGGATAGCCCGAAA-D2_Stim,0,0,0,0,0,1,0,0
TCAGGATCATGCCTTC-D2_Stim,0,0,0,0,0,1,0,1
TCAGGATCATGGGAAC-D2_Stim,0,0,1,1,0,1,1,0
TCAGGATTCTGCGACG-D2_Stim,0,1,1,1,0,1,1,1
TCAGGTAAGGACAGAA-D2_Stim,0,0,0,1,0,1,1,0
TCAGGTAAGTGGTAAT-D2_Stim,0,0,0,0,0,0,0,0
TCATTACCAAGGCTCC-D2_Stim,0,1,0,0,0,0,1,0
TCCACACTCGTTACGA-D2_Stim,0,0,1,1,0,1,0,1
TCCCGATCAACTGCTA-D2_Stim,1,1,1,1,0,0,0,0
TCGAGGCGTCCCTTGT-D2_Stim,0,0,1,1,0,1,1,0
TCGAGGCGTGTTGGGA-D2_Stim,0,0,0,0,0,0,0,0
TCGAGGCTCGCACTCT-D2_Stim,0,0,0,1,0,0,0,1
TCGCGAGAGGTGATTA-D2_Stim,0,1,1,1,0,1,1,1
TCGCGAGGTTGATTGC-D2_Stim,0,0,1,1,0,1,0,0
TCGCGAGTCCCACTTG-D2_Stim,0,0,1,1,0,0,0,0
TCGCGTTCATGGATGG-D2_Stim,0,0,0,0,0,0,0,0
TCGCGTTTCATCGCTC-D2_Stim,0,0,0,0,0,0,0,0
TCGGGACAGTTGTCGT-D2_Stim,0,1,1,1,0,1,1,1
TCGGGACCAGGACGTA-D2_Stim,1,1,0,0,0,0,1,1
TCGGGACTCGTGGGAA-D2_Stim,1,1,1,1,0,0,0,1
TCGGTAAGTACATGTC-D2_Stim,0,0,0,1,0,1,0,1
TCGTACCAGCTGCAAG-D2_Stim,1,1,0,1,0,1,0,0
TCGTACCCACAAGACG-D2_Stim,0,1,1,1,0,1,1,0
TCGTACCCAGGAATGC-D2_Stim,0,0,1,0,0,0,1,1
TCGTAGAAGACAGACC-D2_Stim,0,0,1,1,1,0,1,0
TCTATTGAGCCTATGT-D2_Stim,0,0,0,1,0,0,0,1
TCTATTGAGGGAACGG-D2_Stim,0,1,1,1,0,1,0,1
TCTATTGCAAGTACCT-D2_Stim,0,0,0,0,0,1,0,0
TCTATTGGTGGTTTCA-D2_Stim,0,0,0,0,0,0,0,0
TCTCATACAATGAAAC-D2_Stim,0,0,1,1,0,1,0,1
TCTCATACATCCCACT-D2_Stim,1,1,0,0,0,0,1,0
TCTCTAATCACTATTC-D2_Stim,0,1,1,1,0,1,1,1
TCTCTAATCGTGGGAA-D2_Stim,0,1,1,1,0,1,0,1
TCTCTAATCTGATTCT-D2_Stim,0,1,0,1,0,1,1,1
TCTCTAATCTGGCGAC-D2_Stim,0,0,1,1,0,1,1,0
TCTGAGACAGGGAGAG-D2_Stim,1,0,1,1,1,0,1,1
TCTGAGACAGTCAGAG-D2_Stim,0,1,1,1,0,1,0,1
TCTGAGAGTTGAGGTG-D2_Stim,0,1,0,1,0,1,1,1
TCTGGAAAGAGACTAT-D2_Stim,0,0,1,1,0,0,1,1
TCTGGAACAATCCAAC-D2_Stim,0,0,1,1,0,1,1,1
TCTTCGGCACCCATGG-D2_Stim,0,0,0,1,0,0,1,1
TCTTCGGTCTCCCTGA-D2_Stim,1,0,0,1,0,0,1,0
TCTTTCCAGGCAGTCA-D2_Stim,1,1,1,1,0,0,0,0
TGAAAGAGTCAGAAGC-D2_Stim,0,1,0,1,1,0,0,1
TGACAACAGACCACGA-D2_Stim,1,1,1,1,0,0,0,1
TGACAACAGCAGATCG-D2_Stim,1,1,1,1,0,1,1,1
TGACAACAGCGGCTTC-D2_Stim,0,1,1,0,0,0,1,0
TGACAACCATATACCG-D2_Stim,0,0,0,0,0,0,0,0
TGACAACCATCACCCT-D2_Stim,1,1,0,1,1,0,1,1
TGACAACTCACAAACC-D2_Stim,0,0,0,1,0,0,0,1
TGACAACTCATATCGG-D2_Stim,0,0,0,0,0,0,0,0
TGACGGCAGCTCCCAG-D2_Stim,1,1,1,0,0,0,1,0
TGACGGCCAGCTGGCT-D2_Stim,0,1,0,0,0,0,1,0
TGACGGCTCGGCTTGG-D2_Stim,1,0,1,1,1,0,1,0
TGACGGCTCTCCGGTT-D2_Stim,0,1,1,1,0,1,1,1
TGACTAGGTATCAGTC-D2_Stim,0,0,1,1,0,1,1,0
TGACTAGTCACCCTCA-D2_Stim,0,1,0,0,0,0,1,1
TGACTTTAGGCTATCT-D2_Stim,1,0,0,1,0,0,1,1
TGACTTTAGTGGTCCC-D2_Stim,0,1,1,1,0,1,1,1
TGACTTTGTCACAAGG-D2_Stim,0,0,0,1,0,0,0,1
TGACTTTGTCTCACCT-D2_Stim,0,0,1,0,0,0,0,0
TGAGCATTCTGGTTCC-D2_Stim,0,1,0,0,0,0,0,1
TGAGCCGCACCGGAAA-D2_Stim,0,0,1,1,0,0,0,1
TGAGGGAAGTACGTTC-D2_Stim,0,0,0,0,0,0,0,1
TGAGGGACAGGTGCCT-D2_Stim,1,0,1,0,1,0,1,1
TGAGGGATCTATCGCC-D2_Stim,0,0,0,0,0,0,0,0
TGATTTCAGAAAGTGG-D2_Stim,1,1,1,1,0,0,1,1
TGATTTCAGGCGTACA-D2_Stim,0,0,0,1,0,1,1,0
TGCACCTAGGGCATGT-D2_Stim,0,0,0,0,0,1,0,0
TGCACCTCACGCATCG-D2_Stim,0,0,0,0,0,0,0,0
TGCACCTCACTAAGTC-D2_Stim,1,1,0,1,0,0,1,0
TGCACCTCATCCTAGA-D2_Stim,0,0,0,0,0,1,1,0
TGCCAAACAAGAGTCG-D2_Stim,1,1,0,1,0,1,1,1
TGCCAAACATTCCTGC-D2_Stim,0,0,1,1,0,0,0,1
TGCCAAATCAGTACGT-D2_Stim,1,1,1,1,1,1,1,1
TGCCCATAGGTGCAAC-D2_Stim,0,0,0,1,0,1,1,1
TGCCCATGTTACAGAA-D2_Stim,0,0,1,1,0,0,0,1
TGCCCATTCTCCAGGG-D2_Stim,0,0,0,1,0,1,0,0
TGCCCTAAGTCAAGGC-D2_Stim,0,0,1,1,0,1,1,0
TGCCCTACAACAACCT-D2_Stim,0,0,0,1,0,1,0,1
TGCCCTAGTCTCTCTG-D2_Stim,0,0,0,0,0,0,0,0
TGCCCTAGTTCCAACA-D2_Stim,0,0,0,0,0,0,0,0
TGCCCTATCAAGATCC-D2_Stim,0,0,1,0,0,0,0,0
TGCGCAGAGCGAGAAA-D2_Stim,1,0,0,0,0,0,1,1
TGCGCAGCACTGCCAG-D2_Stim,0,0,1,0,1,1,0,0
TGCGCAGCAGGGTATG-D2_Stim,0,0,0,0,0,1,0,0
TGCGCAGTCTCGCATC-D2_Stim,1,1,1,1,0,1,1,1
TGCGGGTTCAACGCTA-D2_Stim,1,1,1,1,0,1,1,0
TGCGGGTTCCGCATAA-D2_Stim,0,0,0,1,0,0,1,1
TGCGGGTTCGCTTAGA-D2_Stim,0,1,1,1,0,1,0,0
TGCTACCAGCACAGGT-D2_Stim,1,1,1,1,0,0,0,0
TGCTACCAGGTTCCTA-D2_Stim,0,0,1,1,0,1,1,1
TGCTACCCAGCTGCTG-D2_Stim,0,0,0,1,0,0,0,0
TGCTACCGTAAACACA-D2_Stim,0,0,0,0,0,0,0,0
TGCTACCGTCCGTCAG-D2_Stim,1,0,0,1,0,0,0,1
TGCTGCTAGATCGATA-D2_Stim,0,1,1,0,0,1,0,0
TGGACGCAGGCTCTTA-D2_Stim,0,1,0,0,0,0,0,0
TGGACGCCATATGAGA-D2_Stim,1,1,1,1,0,1,1,1
TGGACGCGTACCGAGA-D2_Stim,0,1,1,1,0,1,1,1
TGGACGCGTATGAAAC-D2_Stim,0,0,0,1,0,1,0,1
TGGACGCTCCATGCTC-D2_Stim,0,0,0,0,0,0,0,0
TGGACGCTCCGAATGT-D2_Stim,0,0,0,1,0,1,0,1
TGGACGCTCCTTTCTC-D2_Stim,1,1,1,1,0,0,1,0
TGGCCAGTCATCGCTC-D2_Stim,1,0,0,0,0,0,0,0
TGGCGCAGTGCGAAAC-D2_Stim,0,1,0,1,0,1,0,0
TGGCGCATCAGCAACT-D2_Stim,1,0,0,1,0,0,1,1
TGGCTGGAGCAGGCTA-D2_Stim,0,0,0,1,0,0,0,1
TGGCTGGCACGTTGGC-D2_Stim,0,0,0,1,0,1,0,1
TGGCTGGGTCCAGTTA-D2_Stim,0,1,0,0,0,1,0,0
TGGCTGGTCTCGTATT-D2_Stim,1,1,1,0,1,0,0,0
TGGGAAGAGATGTGGC-D2_Stim,0,0,1,1,0,1,0,0
TGGGAAGAGCCAGAAC-D2_Stim,1,0,1,1,1,0,0,1
TGGGAAGGTAGCTCCG-D2_Stim,1,1,0,0,0,0,0,0
TGGGAAGGTCCGTGAC-D2_Stim,0,0,0,0,0,0,0,0
TGGGAAGTCTCGTTTA-D2_Stim,1,0,1,1,0,0,1,1
TGGGCGTCAAAGCGGT-D2_Stim,0,0,0,1,0,1,0,1
TGGGCGTCACAGCCCA-D2_Stim,0,0,1,0,1,1,1,1
TGGTTAGCAAAGAATC-D2_Stim,0,0,0,0,0,0,0,0
TGGTTAGGTTAAGTAG-D2_Stim,0,0,0,0,0,0,0,0
TGGTTCCAGCGTGAGT-D2_Stim,0,0,0,1,0,1,1,1
TGGTTCCCAAGCCCAC-D2_Stim,0,0,0,1,0,1,0,0
TGGTTCCGTGCTCTTC-D2_Stim,0,0,0,1,0,1,1,1
TGTATTCGTTGTGGAG-D2_Stim,0,0,0,1,0,1,0,1
TGTCCCATCAAACCGT-D2_Stim,0,0,0,0,0,0,0,0
TGTGGTAAGATCCGAG-D2_Stim,0,0,0,1,0,0,0,0
TGTGGTACACGTTGGC-D2_Stim,0,0,1,1,0,1,1,1
TGTGTTTTCAGTACGT-D2_Stim,0,1,0,1,0,1,1,1
TGTTCCGGTTGTGGCC-D2_Stim,0,1,1,1,0,1,1,1
TGTTCCGTCATGTAGC-D2_Stim,1,0,0,0,0,0,1,1
TTAACTCCAATGAAAC-D2_Stim,0,0,1,1,1,1,0,1
TTAACTCCAGGGATTG-D2_Stim,1,0,1,0,1,0,0,1
TTAACTCTCCGTTGCT-D2_Stim,0,0,0,0,0,0,0,0
TTAGGACAGCGATCCC-D2_Stim,0,1,0,1,0,1,1,1
TTAGGACCATTCCTGC-D2_Stim,1,1,1,0,0,0,0,0
TTAGGCACATCAGTAC-D2_Stim,1,1,1,0,1,0,1,0
TTAGGCAGTTATGTGC-D2_Stim,1,0,0,1,1,0,1,0
TTAGGCATCATTGCCC-D2_Stim,0,1,1,1,0,1,1,0
TTAGTTCGTGTTGGGA-D2_Stim,0,1,1,1,0,1,1,0
TTAGTTCTCCGTTGTC-D2_Stim,0,0,0,0,0,1,0,0
TTATGCTGTGTGGTTT-D2_Stim,0,1,0,1,0,0,0,1
TTATGCTTCACTCCTG-D2_Stim,0,1,1,1,1,1,1,1
TTCCCAGAGTCCGGTC-D2_Stim,1,1,1,1,0,0,1,1
TTCCCAGGTAACGACG-D2_Stim,0,1,0,0,0,0,0,0
TTCCCAGGTGACGCCT-D2_Stim,1,1,0,1,0,0,1,0
TTCGAAGTCTGCGTAA-D2_Stim,0,1,0,1,0,0,1,0
TTCGGTCAGTGTGGCA-D2_Stim,0,1,0,0,0,1,1,0
TTCGGTCCAGGAATCG-D2_Stim,0,0,1,1,0,0,1,1
TTCTACAAGCTAAGAT-D2_Stim,1,1,1,1,0,0,1,1
TTCTACACAGGTCCAC-D2_Stim,0,0,1,1,0,1,0,0
TTCTACAGTGCTTCTC-D2_Stim,0,0,0,0,0,0,0,0
TTCTACATCACCATAG-D2_Stim,0,0,1,1,0,1,0,1
TTCTCAAAGTCGAGTG-D2_Stim,1,0,0,1,0,0,0,1
TTCTCAACAGTAGAGC-D2_Stim,0,1,1,1,0,0,1,1
TTCTCCTAGATAGTCA-D2_Stim,0,0,0,0,0,0,0,0
TTCTTAGAGCGATAGC-D2_Stim,0,1,1,1,0,0,1,1
TTCTTAGCATCTGGTA-D2_Stim,0,1,0,1,0,1,0,1
TTCTTAGGTTCTGGTA-D2_Stim,0,0,0,1,0,0,0,0
TTCTTAGTCTGGCGTG-D2_Stim,0,0,1,0,0,0,0,0
TTGAACGAGCATCATC-D2_Stim,1,0,0,0,0,1,0,0
TTGAACGCAAGCTGAG-D2_Stim,0,0,0,1,0,1,0,0
TTGAACGTCGGTCCGA-D2_Stim,1,0,0,1,1,0,0,1
TTGACTTAGCTAAACA-D2_Stim,0,0,0,0,0,0,0,0
TTGACTTAGCTAGCCC-D2_Stim,0,0,1,0,0,1,0,1
TTGACTTGTATATGAG-D2_Stim,0,1,0,1,0,0,1,0
TTGACTTTCCAGTATG-D2_Stim,0,0,0,1,0,0,0,0
TTGCCGTTCCTTTCGG-D2_Stim,0,0,1,0,0,0,0,0
TTGCCGTTCTGGCGTG-D2_Stim,1,1,0,0,1,0,1,0
TTGGAACAGTTAACGA-D2_Stim,0,0,1,0,0,0,1,1
TTGGAACGTCTGCCAG-D2_Stim,0,0,0,1,0,1,1,1
TTGGCAAAGAGCAATT-D2_Stim,0,1,0,0,0,1,0,0
TTGGCAAAGCCACTAT-D2_Stim,0,1,1,1,0,1,1,1
TTGGCAAAGTCCCACG-D2_Stim,0,0,0,1,0,0,1,0
TTGGCAATCAATACCG-D2_Stim,0,0,1,1,0,0,0,1
TTGTAGGCAGCATACT-D2_Stim,1,0,1,1,1,1,1,1
TTGTAGGGTCTAGCCG-D2_Stim,0,0,1,1,0,0,0,1
TTTACTGCATGCCCGA-D2_Stim,0,0,0,1,0,1,1,1
TTTACTGGTCATCGGC-D2_Stim,0,0,1,1,0,1,1,0
TTTACTGGTGACAAAT-D2_Stim,0,1,1,1,0,1,1,1
TTTATGCAGCGTAGTG-D2_Stim,0,0,0,1,0,0,1,1
TTTATGCAGTTAGCGG-D2_Stim,0,0,1,1,0,1,0,0
TTTATGCGTACCGCTG-D2_Stim,0,0,1,1,0,1,1,0
TTTATGCGTCGCCATG-D2_Stim,0,0,0,1,0,1,1,1
TTTATGCTCTTAGAGC-D2_Stim,0,1,0,1,0,1,1,0
TTTCCTCCAAGGACTG-D2_Stim,1,1,0,1,0,0,0,1
TTTGCGCAGAAACGCC-D2_Stim,0,1,1,1,0,0,1,1
TTTGCGCAGGTGATAT-D2_Stim,1,1,0,1,0,1,1,1
TTTGCGCAGTCCGGTC-D2_Stim,0,0,0,0,1,0,0,1
TTTGCGCAGTGGGATC-D2_Stim,0,0,0,0,0,0,0,0
TTTGCGCCAGTAAGAT-D2_Stim,0,0,0,0,0,1,0,0
TTTGGTTAGCCGTCGT-D2_Stim,0,0,0,1,0,0,1,0
TTTGGTTCAGTTAACC-D2_Stim,0,0,0,0,0,0,0,0
TTTGTCAAGAGGGCTT-D2_Stim,0,1,1,1,0,1,0,1
TTTGTCAAGTTCGATC-D2_Stim,0,0,0,1,0,0,0,1
TTTGTCACACGACTCG-D2_Stim,1,0,0,1,0,0,0,0
AAACCTGAGGACATTA-D2_NoStim,0,0,0,0,0,0,0,0
AAACCTGAGTACGTAA-D2_NoStim,0,1,0,0,0,0,0,0
AAACGGGAGCGCCTCA-D2_NoStim,0,0,0,0,0,1,1,0
AAACGGGCAGGGTTAG-D2_NoStim,0,0,0,0,0,0,0,0
AAACGGGGTGCGATAG-D2_NoStim,0,0,0,0,0,0,0,0
AAACGGGTCTATCCTA-D2_NoStim,0,0,0,0,0,0,0,0
AAAGATGCACGCCAGT-D2_NoStim,0,0,0,0,0,0,0,0
AAAGATGGTGCTAGCC-D2_NoStim,0,0,0,0,0,0,0,0
AAAGCAACAGCCAGAA-D2_NoStim,0,1,0,0,0,0,0,0
AAAGCAAGTGATGATA-D2_NoStim,0,0,0,0,0,0,0,0
AAAGTAGCAAGTCTGT-D2_NoStim,0,0,0,0,0,1,0,0
AAAGTAGGTAAAGTCA-D2_NoStim,0,0,0,0,0,0,0,0
AAAGTAGGTATCTGCA-D2_NoStim,0,0,0,0,0,0,0,0
AAAGTAGGTCCTCCAT-D2_NoStim,0,0,0,0,0,0,0,0
AACACGTCAATGGTCT-D2_NoStim,0,0,0,0,0,0,0,0
AACCATGTCTCGTATT-D2_NoStim,1,0,0,0,0,0,0,0
AACCGCGCAAGTACCT-D2_NoStim,0,0,0,0,0,0,0,0
AACGTTGAGGTGCAAC-D2_NoStim,1,1,1,1,0,1,0,0
AACTCAGGTAGCGATG-D2_NoStim,1,1,0,0,0,0,1,0
AACTCCCGTTAGAACA-D2_NoStim,1,1,1,1,0,0,1,1
AACTCTTAGTTATCGC-D2_NoStim,0,0,0,0,0,1,0,0
AACTCTTCACCAGATT-D2_NoStim,0,0,0,0,0,0,0,0
AACTCTTGTCTTCGTC-D2_NoStim,0,0,0,0,0,0,0,0
AACTGGTAGCACCGCT-D2_NoStim,0,1,0,0,0,0,0,0
AACTGGTAGGCGACAT-D2_NoStim,0,0,0,0,0,0,0,0
AACTGGTGTGTATGGG-D2_NoStim,0,1,0,1,0,0,0,0
AACTGGTTCACTTCAT-D2_NoStim,0,0,0,0,0,0,0,0
AACTTTCCACGAAATA-D2_NoStim,0,0,0,1,0,0,0,0
AACTTTCGTCGACTGC-D2_NoStim,0,0,0,0,0,0,1,0
AACTTTCTCGCGTTTC-D2_NoStim,0,0,0,0,0,0,0,0
AAGGAGCAGTCGAGTG-D2_NoStim,0,1,0,0,0,0,0,0
AAGTCTGAGAGCCTAG-D2_NoStim,0,0,0,0,0,0,0,0
AATCGGTAGACTCGGA-D2_NoStim,0,0,0,0,0,0,0,0
AATCGGTTCAAGGTAA-D2_NoStim,0,0,0,0,0,0,0,0
ACACCCTCATCCTAGA-D2_NoStim,0,0,0,0,0,0,0,0
ACACCGGCAGGGATTG-D2_NoStim,0,0,0,0,0,0,0,0
ACACCGGGTACATCCA-D2_NoStim,0,1,0,0,0,0,0,0
ACACCGGGTGGAAAGA-D2_NoStim,1,0,0,0,0,0,0,0
ACAGCCGGTACGACCC-D2_NoStim,0,0,0,0,0,0,0,0
ACAGCTAAGCTGCAAG-D2_NoStim,0,0,0,0,0,0,0,0
ACATACGCATTGGGCC-D2_NoStim,0,0,0,0,0,0,0,0
ACATCAGAGCTATGCT-D2_NoStim,0,0,0,0,0,0,0,0
ACATCAGCATTCTTAC-D2_NoStim,0,0,0,0,0,0,0,0
ACATCAGGTAACGTTC-D2_NoStim,0,0,0,0,0,0,0,0
ACATCAGGTGACCAAG-D2_NoStim,1,0,0,0,0,0,0,0
ACATGGTTCAAGAAGT-D2_NoStim,0,1,0,0,0,0,0,0
ACATGGTTCTCGTTTA-D2_NoStim,1,1,0,0,0,0,1,0
ACCAGTACATAACCTG-D2_NoStim,0,0,0,0,0,0,0,0
ACCGTAACACTGTGTA-D2_NoStim,0,0,0,0,0,0,0,0
ACCGTAATCAAACCGT-D2_NoStim,1,1,1,0,0,1,0,0
ACCGTAATCACGCATA-D2_NoStim,1,1,1,0,0,0,0,0
ACCTTTACATGGGACA-D2_NoStim,0,0,0,0,0,0,0,0
ACCTTTAGTACAAGTA-D2_NoStim,0,0,0,1,0,0,0,0
ACGAGCCGTACGCACC-D2_NoStim,0,0,0,0,0,0,0,0
ACGAGCCGTAGGAGTC-D2_NoStim,1,0,0,0,0,0,0,0
ACGAGGAGTATAAACG-D2_NoStim,0,0,0,0,0,1,0,0
ACGAGGATCACTTACT-D2_NoStim,0,0,0,0,0,0,0,0
ACGATACCATCGATTG-D2_NoStim,0,1,0,0,0,0,0,0
ACGATACGTAGCCTAT-D2_NoStim,0,0,0,1,0,0,0,0
ACGATACGTTCAGTAC-D2_NoStim,1,1,0,0,0,1,0,0
ACGATGTAGCGATAGC-D2_NoStim,0,0,0,0,0,0,0,0
ACGATGTTCTCTAGGA-D2_NoStim,0,0,0,0,0,0,0,0
ACGCAGCCAGGCTGAA-D2_NoStim,0,0,0,0,0,0,0,0
ACGCAGCGTAGCAAAT-D2_NoStim,1,1,0,0,0,0,1,0
ACGCAGCTCGTACGGC-D2_NoStim,0,0,0,0,0,0,0,0
ACGCCAGTCAAGCCTA-D2_NoStim,0,1,0,1,0,0,0,0
ACGCCGAGTCTGCAAT-D2_NoStim,0,1,0,0,1,0,0,0
ACGCCGATCGCAAACT-D2_NoStim,0,1,0,0,0,0,0,0
ACGGAGAAGAGCTGCA-D2_NoStim,0,1,0,0,0,0,0,0
ACGGAGACACGTCAGC-D2_NoStim,0,0,0,0,0,0,0,0
ACGGAGAGTGATAAGT-D2_NoStim,0,0,0,0,0,0,0,0
ACGGCCAAGAGTCGGT-D2_NoStim,0,0,0,0,0,0,0,0
ACGGCCACACCACGTG-D2_NoStim,0,0,0,0,0,0,0,0
ACGGGCTCAGTAAGAT-D2_NoStim,0,0,1,1,0,1,1,1
ACGGGTCAGACACTAA-D2_NoStim,0,0,0,0,0,0,0,0
ACGGGTCCAAGTAATG-D2_NoStim,0,0,0,0,0,0,0,0
ACGGGTCTCCCAACGG-D2_NoStim,0,0,0,0,1,0,0,0
ACGGGTCTCTGAGGGA-D2_NoStim,0,1,0,0,0,1,1,0
ACGTCAACAAGCGAGT-D2_NoStim,0,0,0,0,0,0,0,0
ACGTCAATCGAGAACG-D2_NoStim,0,0,0,0,0,0,0,0
ACTATCTAGATAGGAG-D2_NoStim,0,1,0,0,0,0,0,0
ACTATCTCAAGCCTAT-D2_NoStim,0,0,0,0,0,0,0,0
ACTATCTCAGAGTGTG-D2_NoStim,0,0,0,0,0,0,0,0
ACTATCTGTAGCCTCG-D2_NoStim,1,1,1,1,1,1,1,0
ACTATCTTCATTTGGG-D2_NoStim,1,1,0,1,0,1,1,0
ACTGAACCAGAGCCAA-D2_NoStim,1,1,0,0,0,0,0,0
ACTGAGTAGGGTTTCT-D2_NoStim,0,0,0,0,0,0,0,0
ACTGAGTAGTTCGCAT-D2_NoStim,0,1,0,0,0,0,0,0
ACTGAGTCAAGTTCTG-D2_NoStim,1,1,0,0,0,1,0,0
ACTGAGTCACCGAATT-D2_NoStim,0,0,0,0,0,0,0,0
ACTGATGCAGAAGCAC-D2_NoStim,0,1,0,0,0,0,0,1
ACTGATGCATTCCTGC-D2_NoStim,0,0,0,0,0,0,0,0
ACTGATGGTATCACCA-D2_NoStim,0,0,0,0,0,0,0,0
ACTGATGGTGATGCCC-D2_NoStim,0,0,0,0,0,0,0,0
ACTGCTCGTAGCGCAA-D2_NoStim,0,0,0,0,0,0,0,0
ACTGTCCAGGGAACGG-D2_NoStim,0,1,0,0,0,1,0,0
ACTGTCCGTACTTGAC-D2_NoStim,1,1,0,0,0,0,1,0
ACTGTCCTCCTCGCAT-D2_NoStim,0,0,0,0,0,0,0,0
ACTTACTAGTCGTTTG-D2_NoStim,0,0,0,0,0,0,0,0
ACTTGTTAGACAGAGA-D2_NoStim,0,0,0,0,0,0,0,0
ACTTGTTAGCGTGTCC-D2_NoStim,0,0,0,0,0,0,0,0
ACTTGTTTCACGCGGT-D2_NoStim,0,0,0,0,0,0,0,0
ACTTTCAAGACGCTTT-D2_NoStim,0,1,0,0,0,0,0,0
ACTTTCACACGCTTTC-D2_NoStim,0,0,0,0,0,0,0,0
ACTTTCAGTAAACGCG-D2_NoStim,0,0,0,0,0,0,0,0
ACTTTCAGTACTTAGC-D2_NoStim,0,0,0,1,0,0,1,0
ACTTTCATCCGCTGTT-D2_NoStim,0,0,0,0,0,0,0,0
AGACGTTAGCTAGTGG-D2_NoStim,0,0,0,0,0,0,0,0
AGACGTTGTTAAGAAC-D2_NoStim,0,0,0,0,0,0,0,0
AGAGCGACAAGGGTCA-D2_NoStim,0,0,0,0,1,0,0,0
AGATTGCTCATTATCC-D2_NoStim,0,0,0,0,0,0,0,0
AGCAGCCAGCACCGCT-D2_NoStim,0,0,0,0,0,0,0,0
AGCATACAGGCTAGGT-D2_NoStim,0,0,0,0,0,0,0,0
AGCATACGTACCGGCT-D2_NoStim,0,0,0,0,0,0,0,0
AGCCTAAAGCGATAGC-D2_NoStim,0,0,0,0,0,0,1,0
AGCCTAATCCTGTAGA-D2_NoStim,0,0,0,0,0,0,0,0
AGCGGTCAGTACGTTC-D2_NoStim,0,0,0,0,0,0,0,0
AGCGGTCAGTTGTAGA-D2_NoStim,0,0,0,0,0,0,0,0
AGCGGTCCACGAGAGT-D2_NoStim,0,0,0,0,0,0,0,0
AGCGGTCCACGGCGTT-D2_NoStim,0,0,0,0,0,0,0,0
AGCGTATAGTAGGTGC-D2_NoStim,0,1,0,0,0,0,1,0
AGCGTATGTTATGCGT-D2_NoStim,0,0,0,0,0,0,0,0
AGCGTATTCGCCCTTA-D2_NoStim,0,0,0,0,0,0,0,0
AGCGTCGCATGGTCAT-D2_NoStim,0,0,0,0,0,0,0,0
AGCGTCGCATGTTGAC-D2_NoStim,0,0,0,0,0,0,0,0
AGCTCTCAGAGCTGGT-D2_NoStim,0,0,0,0,0,0,0,0
AGCTCTCGTACATGTC-D2_NoStim,0,0,0,0,0,0,0,0
AGCTCTCTCGCGTTTC-D2_NoStim,0,1,0,0,0,0,0,0
AGCTCTCTCTGTCCGT-D2_NoStim,0,0,0,0,0,0,0,0
AGCTTGAAGGCGCTCT-D2_NoStim,0,0,0,0,0,0,0,0
AGCTTGAAGTCCTCCT-D2_NoStim,0,0,0,0,0,0,0,0
AGCTTGATCTTTAGTC-D2_NoStim,0,0,0,0,0,0,0,0
AGGCCACAGAACAACT-D2_NoStim,0,0,0,0,0,0,0,0
AGGCCACCAGGTCTCG-D2_NoStim,0,0,0,0,0,0,0,0
AGGCCACGTCTTCAAG-D2_NoStim,0,0,0,0,0,0,0,0
AGGCCACTCCCATTTA-D2_NoStim,0,0,0,0,0,0,0,0
AGGCCGTAGGAATTAC-D2_NoStim,0,0,0,0,0,0,0,0
AGGCCGTGTAAACGCG-D2_NoStim,0,0,0,0,0,0,0,0
AGGCCGTTCGCTTAGA-D2_NoStim,0,0,0,0,0,0,0,0
AGGGAGTGTCCGTCAG-D2_NoStim,0,0,0,0,0,0,0,0
AGGGAGTGTTCATGGT-D2_NoStim,0,0,0,0,0,0,0,0
AGGGATGAGAACTCGG-D2_NoStim,0,0,0,0,0,0,0,0
AGGGATGCAGCCTTGG-D2_NoStim,0,0,0,0,0,0,0,0
AGGGATGGTCTAAAGA-D2_NoStim,0,0,0,0,0,0,0,0
AGGGATGGTTCCGGCA-D2_NoStim,0,0,0,0,1,0,0,0
AGGTCATAGAACTCGG-D2_NoStim,0,0,0,0,0,0,0,0
AGGTCCGCATACTCTT-D2_NoStim,0,0,0,0,0,0,0,0
AGGTCCGCATCTCCCA-D2_NoStim,0,0,0,0,0,0,0,0
AGGTCCGTCTGTACGA-D2_NoStim,0,0,0,0,0,0,0,0
AGTAGTCAGCCGTCGT-D2_NoStim,0,0,0,0,0,0,0,0
AGTCTTTGTCGTCTTC-D2_NoStim,0,0,1,0,0,0,0,0
AGTCTTTGTGCGATAG-D2_NoStim,0,0,0,0,0,0,0,0
AGTCTTTTCTACGAGT-D2_NoStim,0,0,0,0,0,0,1,0
AGTCTTTTCTGATTCT-D2_NoStim,0,0,0,0,0,0,0,0
AGTGAGGGTTCCTCCA-D2_NoStim,0,0,0,1,0,0,1,0
AGTGAGGTCTTTACGT-D2_NoStim,1,1,1,0,0,0,1,0
AGTGGGAGTCGAGATG-D2_NoStim,0,0,0,0,0,0,1,0
AGTGGGATCATTTGGG-D2_NoStim,0,0,0,0,0,0,0,0
AGTGTCAAGGCCCGTT-D2_NoStim,0,0,0,0,0,0,0,0
AGTGTCATCCAAACTG-D2_NoStim,0,0,0,0,0,0,0,0
ATAACGCGTAAAGTCA-D2_NoStim,0,0,0,0,0,0,0,0
ATAAGAGAGGTGCACA-D2_NoStim,0,0,1,0,0,0,0,0
ATAAGAGCAGTAAGCG-D2_NoStim,0,0,0,0,0,0,0,0
ATAGACCAGATAGTCA-D2_NoStim,1,0,0,0,0,0,0,0
ATCACGAAGCGCTTAT-D2_NoStim,0,0,0,0,0,0,0,0
ATCATCTGTGTATGGG-D2_NoStim,0,0,0,0,0,0,0,0
ATCATGGAGATATACG-D2_NoStim,0,0,0,0,0,0,0,0
ATCATGGAGGATGGAA-D2_NoStim,0,0,0,0,0,0,0,0
ATCATGGGTTCTGTTT-D2_NoStim,0,0,0,0,0,0,0,0
ATCATGGTCTCGAGTA-D2_NoStim,1,0,0,0,0,0,0,0
ATCCACCAGTCGTTTG-D2_NoStim,0,0,0,0,0,0,0,0
ATCCGAACAATGGATA-D2_NoStim,0,1,0,1,0,0,1,0
ATCTACTAGCTACCTA-D2_NoStim,1,1,1,1,0,0,1,0
ATCTACTGTGCTGTAT-D2_NoStim,0,0,0,0,0,0,0,0
ATCTACTTCGATAGAA-D2_NoStim,1,1,1,1,0,0,1,0
ATGAGGGGTAGCAAAT-D2_NoStim,0,0,0,0,0,0,0,0
ATGCGATGTCTGCCAG-D2_NoStim,0,1,0,0,0,0,0,0
ATGCGATTCACGAAGG-D2_NoStim,0,0,0,0,0,0,0,0
ATGGGAGAGACCTTTG-D2_NoStim,1,0,1,1,0,0,1,1
ATGGGAGAGGGTCTCC-D2_NoStim,1,1,0,1,0,0,1,0
ATGTGTGCAATAAGCA-D2_NoStim,0,0,0,0,0,0,0,0
ATTACTCAGGTGCTAG-D2_NoStim,0,0,0,0,0,0,0,0
ATTACTCGTCAATGTC-D2_NoStim,0,0,0,0,0,0,0,1
ATTATCCAGTCCATAC-D2_NoStim,0,1,0,0,0,0,0,0
ATTATCCCACATTCGA-D2_NoStim,1,1,0,0,0,0,0,0
ATTATCCTCATGTGGT-D2_NoStim,0,0,0,0,0,0,0,0
ATTCTACGTCAATGTC-D2_NoStim,0,0,0,0,0,0,0,0
ATTGGTGCATGTTGAC-D2_NoStim,0,0,0,0,0,0,0,0
ATTGGTGGTCTGATTG-D2_NoStim,0,0,0,0,0,0,0,0
ATTGGTGGTTAAAGTG-D2_NoStim,0,0,0,1,0,0,0,0
ATTTCTGAGGTGCAAC-D2_NoStim,0,0,0,0,0,0,0,0
ATTTCTGCAGTCGATT-D2_NoStim,0,0,0,0,0,0,0,0
CAACCAAAGCGATGAC-D2_NoStim,0,1,0,1,0,1,0,1
CAACCAAGTCAATACC-D2_NoStim,0,0,0,0,0,0,0,0
CAACTAGAGACAGACC-D2_NoStim,0,1,0,0,0,0,0,0
CAACTAGAGCCGGTAA-D2_NoStim,0,0,0,0,0,0,0,0
CAACTAGAGGACCACA-D2_NoStim,0,0,0,0,0,0,0,0
CAAGAAATCTCTGTCG-D2_NoStim,0,1,0,0,0,0,0,0
CAAGATCAGAATTGTG-D2_NoStim,0,0,0,0,0,0,0,0
CAAGATCGTTAAGTAG-D2_NoStim,0,1,0,1,0,1,0,0
CAAGGCCTCATACGGT-D2_NoStim,0,1,0,0,0,0,0,0
CAAGTTGCAAGCGATG-D2_NoStim,0,0,0,0,0,0,0,0
CAAGTTGCACTTGGAT-D2_NoStim,0,0,0,0,0,0,0,1
CAAGTTGTCGCACTCT-D2_NoStim,0,0,0,0,0,0,1,0
CACAAACAGGCTAGAC-D2_NoStim,0,0,0,0,0,0,0,1
CACAAACGTGATGTGG-D2_NoStim,0,0,0,0,0,0,0,0
CACACAACAATGAATG-D2_NoStim,0,0,0,0,0,0,0,0
CACACAATCAGTGCAT-D2_NoStim,0,0,0,0,0,1,0,0
CACACAATCATTATCC-D2_NoStim,0,0,0,0,0,0,0,0
CACACAATCCAAATGC-D2_NoStim,0,0,0,0,0,0,0,0
CACACCTGTTAGAACA-D2_NoStim,0,1,0,0,0,0,1,0
CACACCTTCTTAACCT-D2_NoStim,0,0,0,0,0,0,0,0
CACACTCGTGCAACTT-D2_NoStim,0,0,0,0,1,0,0,0
CACAGGCCAAAGCAAT-D2_NoStim,0,0,0,0,0,0,0,0
CACAGGCGTCCGAACC-D2_NoStim,0,0,0,0,0,0,0,0
CACAGGCTCACAATGC-D2_NoStim,1,1,0,0,0,0,1,0
CACATAGTCTCTGAGA-D2_NoStim,0,0,0,0,0,0,0,0
CACATTTAGGGATACC-D2_NoStim,0,0,0,0,0,0,0,0
CACATTTCAAGCTGTT-D2_NoStim,0,1,0,0,0,1,0,0
CACATTTCATCGATTG-D2_NoStim,0,0,0,0,0,0,0,0
CACATTTTCGAACGGA-D2_NoStim,0,0,0,0,0,0,0,0
CACCACTCAACTGGCC-D2_NoStim,0,0,0,0,0,0,0,0
CACCACTGTTCAGGCC-D2_NoStim,0,0,0,0,0,0,0,0
CACCAGGTCCTTTCTC-D2_NoStim,0,0,0,0,0,0,0,0
CACCTTGAGAAGGACA-D2_NoStim,1,0,0,0,0,0,0,0
CACCTTGAGTGGTCCC-D2_NoStim,0,0,0,0,0,0,0,0
CACCTTGGTACAAGTA-D2_NoStim,0,0,0,0,0,0,0,0
CACCTTGGTTGGAGGT-D2_NoStim,0,0,0,0,0,0,0,0
CAGAATCGTTATGCGT-D2_NoStim,0,0,0,0,0,0,0,0
CAGAGAGTCCTTGGTC-D2_NoStim,0,0,0,0,0,0,0,0
CAGATCAGTAGATTAG-D2_NoStim,0,0,0,0,0,0,0,0
CAGATCAGTGGCGAAT-D2_NoStim,0,0,0,0,0,0,0,0
CAGCCGAAGATGTGGC-D2_NoStim,0,0,0,0,0,0,0,0
CAGCCGACAAGCCCAC-D2_NoStim,0,0,0,0,0,0,0,0
CAGCCGATCATAGCAC-D2_NoStim,0,0,0,0,0,0,0,0
CAGCCGATCGTTTGCC-D2_NoStim,0,0,0,0,0,0,0,0
CAGCGACCAAGTCATC-D2_NoStim,0,0,0,0,0,0,0,0
CAGCGACCAATGGAGC-D2_NoStim,0,0,0,0,0,0,0,0
CAGCGACCACTCTGTC-D2_NoStim,0,0,0,0,0,0,0,0
CAGCTAACATGTCGAT-D2_NoStim,1,1,0,1,0,0,1,0
CAGCTGGCAGGAATGC-D2_NoStim,0,0,0,0,0,0,0,0
CAGGTGCGTCGGCTCA-D2_NoStim,0,1,0,0,0,0,0,0
CAGTAACAGAAACCAT-D2_NoStim,0,1,0,0,0,0,0,0
CAGTAACTCTAGCACA-D2_NoStim,0,0,0,0,0,0,0,0
CAGTCCTTCTTCAACT-D2_NoStim,0,0,0,0,0,0,0,0
CATATGGGTAAACGCG-D2_NoStim,0,0,0,0,0,0,0,0
CATATGGTCTTTACAC-D2_NoStim,0,0,0,0,0,0,0,0
CATATTCAGGTCATCT-D2_NoStim,0,0,0,0,0,0,0,0
CATCAAGAGAATAGGG-D2_NoStim,0,0,0,0,0,0,0,0
CATCAAGCATGCCTTC-D2_NoStim,0,0,0,0,0,0,0,0
CATCAAGTCATCGCTC-D2_NoStim,1,1,0,0,0,0,0,0
CATCAGAAGGCATGTG-D2_NoStim,0,0,0,0,0,0,0,0
CATCAGAGTAGGACAC-D2_NoStim,0,0,0,0,0,0,0,0
CATCCACTCCAGAGGA-D2_NoStim,0,0,0,0,0,0,0,0
CATCGAATCTCCAGGG-D2_NoStim,0,0,0,0,0,0,0,0
CATGACATCGGAAATA-D2_NoStim,0,1,0,0,0,0,0,0
CATGGCGCATATGCTG-D2_NoStim,0,0,0,0,0,0,0,0
CATGGCGGTCAGTGGA-D2_NoStim,1,1,0,1,0,0,1,0
CATTATCCAGTAAGCG-D2_NoStim,0,0,0,0,0,0,0,0
CATTATCCATGTAAGA-D2_NoStim,0,0,0,0,0,0,0,0
CATTCGCGTGATGTCT-D2_NoStim,0,0,0,0,0,0,0,0
CATTCGCTCACAATGC-D2_NoStim,0,0,0,0,0,0,0,0
CCAATCCCAGACAAGC-D2_NoStim,0,0,0,0,0,0,0,0
CCACCTAAGACTAGGC-D2_NoStim,0,0,0,0,0,0,0,0
CCACCTACACGAAGCA-D2_NoStim,0,0,0,0,0,0,0,1
CCACCTAGTACCGTAT-D2_NoStim,0,1,0,0,0,0,0,0
CCACCTAGTGCGAAAC-D2_NoStim,0,0,0,0,0,0,0,0
CCACGGACAGATGGCA-D2_NoStim,0,0,0,0,0,0,0,0
CCACGGACAGATTGCT-D2_NoStim,0,0,0,0,0,0,0,0
CCACGGAGTCTTCAAG-D2_NoStim,0,0,0,0,0,0,0,0
CCACGGATCTTGACGA-D2_NoStim,0,0,0,0,0,0,0,0
CCACTACGTAACGTTC-D2_NoStim,0,1,0,0,0,0,0,0
CCAGCGAGTGTTGGGA-D2_NoStim,0,0,0,0,0,0,0,0
CCAGCGATCAAACGGG-D2_NoStim,1,1,1,1,1,0,1,1
CCATGTCTCTGGCGTG-D2_NoStim,0,0,0,0,0,0,0,0
CCCAATCAGAGTGACC-D2_NoStim,0,0,0,0,0,0,0,0
CCCAATCGTGGGTCAA-D2_NoStim,0,1,0,0,0,0,0,0
CCCAGTTCATCCGGGT-D2_NoStim,0,0,0,0,0,0,0,0
CCCAGTTCATTACCTT-D2_NoStim,0,0,0,0,0,0,0,0
CCCAGTTGTGTTTGGT-D2_NoStim,0,0,0,0,0,0,0,0
CCCAGTTTCATAACCG-D2_NoStim,0,0,0,0,0,0,0,0
CCCATACAGTGTTAGA-D2_NoStim,0,1,0,0,0,0,0,0
CCCATACCAACTTGAC-D2_NoStim,0,0,0,0,0,0,0,0
CCCTCCTCACTGTCGG-D2_NoStim,0,0,0,0,0,0,0,0
CCCTCCTGTAAACCTC-D2_NoStim,0,0,0,0,0,0,0,0
CCCTCCTGTCTCTCGT-D2_NoStim,0,0,0,0,0,0,0,0
CCCTCCTGTTTGTGTG-D2_NoStim,0,0,0,0,0,0,0,0
CCCTCCTTCCAGATCA-D2_NoStim,0,0,0,0,0,0,0,0
CCGGGATAGGGCTCTC-D2_NoStim,1,0,0,0,0,0,0,0
CCGGGATGTTCGGGCT-D2_NoStim,0,0,0,0,0,0,0,0
CCGGTAGGTCCGTCAG-D2_NoStim,0,0,0,0,0,0,0,0
CCGTACTGTTGGGACA-D2_NoStim,0,0,0,0,0,0,0,0
CCGTGGAAGAGTCGGT-D2_NoStim,0,1,0,0,0,1,1,0
CCGTTCACACAGCCCA-D2_NoStim,0,1,0,0,0,0,0,0
CCTAAAGAGTGTTGAA-D2_NoStim,0,0,0,0,0,0,0,0
CCTAAAGTCTTGTTTG-D2_NoStim,0,0,0,0,0,0,0,0
CCTACACGTTAAGATG-D2_NoStim,0,0,1,0,0,0,0,0
CCTACACTCCTCTAGC-D2_NoStim,0,1,1,0,1,0,0,0
CCTACACTCGTTGACA-D2_NoStim,0,0,0,0,0,0,0,0
CCTACCACAGTATCTG-D2_NoStim,0,0,0,0,0,0,0,0
CCTAGCTGTCCAGTGC-D2_NoStim,0,0,0,1,0,0,0,0
CCTAGCTGTCGTCTTC-D2_NoStim,0,0,0,0,0,0,0,0
CCTATTACAGCGTTCG-D2_NoStim,0,0,0,1,0,0,0,0
CCTATTAGTCTCCATC-D2_NoStim,1,0,0,0,0,0,0,0
CCTATTAGTTATCGGT-D2_NoStim,0,0,0,0,0,0,0,0
CCTCAGTGTTCGTGAT-D2_NoStim,0,0,0,0,0,0,0,0
CCTCTGAAGCGCTTAT-D2_NoStim,1,1,1,1,0,0,1,1
CCTCTGACACGAGGTA-D2_NoStim,0,0,0,0,0,0,0,0
CCTCTGATCCGAACGC-D2_NoStim,1,1,0,0,0,0,0,0
CCTCTGATCCTTGACC-D2_NoStim,0,0,0,0,0,0,0,0
CCTTACGAGGTAGCCA-D2_NoStim,0,0,0,0,0,0,0,0
CCTTCCCGTTCCACAA-D2_NoStim,0,0,0,0,0,0,0,0
CCTTCCCTCCCAACGG-D2_NoStim,0,1,0,0,0,0,0,0
CCTTCGACACCGAATT-D2_NoStim,0,1,0,0,0,0,1,0
CCTTCGATCAGCATGT-D2_NoStim,0,1,0,0,0,0,0,0
CCTTCGATCTTGTCAT-D2_NoStim,0,0,0,0,0,0,0,0
CCTTTCTTCTAGCACA-D2_NoStim,0,1,0,0,0,0,0,0
CCTTTCTTCTCATTCA-D2_NoStim,0,1,0,0,0,0,0,0
CGAACATAGCAATCTC-D2_NoStim,0,0,0,0,0,0,0,0
CGAACATAGTGTTAGA-D2_NoStim,0,0,0,0,0,0,0,0
CGAACATCAATCTGCA-D2_NoStim,0,1,0,0,0,0,0,0
CGAACATCAGCCTTGG-D2_NoStim,0,0,0,0,0,0,0,0
CGAACATCAGTAAGCG-D2_NoStim,0,0,0,0,1,0,0,1
CGAACATGTCAATGTC-D2_NoStim,0,0,0,0,0,0,0,0
CGACCTTAGGTGCTTT-D2_NoStim,0,0,0,0,0,0,0,0
CGACCTTGTATAAACG-D2_NoStim,0,0,0,0,0,0,0,0
CGACCTTGTCCCTACT-D2_NoStim,1,1,0,0,0,0,0,0
CGACCTTGTGCTGTAT-D2_NoStim,0,0,0,0,0,0,0,0
CGACTTCGTAATAGCA-D2_NoStim,1,1,1,0,0,0,0,0
CGACTTCGTGCGAAAC-D2_NoStim,0,0,0,0,1,0,0,1
CGACTTCTCCAGATCA-D2_NoStim,0,0,0,0,0,0,0,0
CGAGAAGTCTTGTTTG-D2_NoStim,0,0,0,0,0,0,0,0
CGAGCACGTAACGTTC-D2_NoStim,0,0,0,0,0,0,0,0
CGAGCACGTACCGTAT-D2_NoStim,0,0,0,0,0,0,0,0
CGAGCCAAGCGGCTTC-D2_NoStim,0,0,1,1,0,1,1,1
CGAGCCAGTATATGAG-D2_NoStim,1,0,0,0,0,0,0,0
CGAGCCAGTTAGATGA-D2_NoStim,0,0,0,0,0,1,0,1
CGATCGGGTTGATTGC-D2_NoStim,1,1,1,0,0,0,1,0
CGATCGGTCGGAATCT-D2_NoStim,0,0,0,0,0,0,0,0
CGATGGCAGAGTTGGC-D2_NoStim,0,0,0,0,0,0,0,0
CGATGGCAGCTCCTTC-D2_NoStim,0,0,0,0,0,0,0,0
CGATGGCCATTTGCTT-D2_NoStim,0,0,0,0,0,0,0,0
CGATGGCTCCGCGTTT-D2_NoStim,0,0,0,0,0,0,0,0
CGATGGCTCGTTACGA-D2_NoStim,0,1,0,1,0,0,0,1
CGATGTAAGCCTTGAT-D2_NoStim,0,0,0,0,0,0,0,0
CGATGTAGTTGTGGAG-D2_NoStim,1,1,0,1,0,0,1,0
CGCCAAGCATCGTCGG-D2_NoStim,0,0,0,0,0,0,0,0
CGCCAAGGTGGTACAG-D2_NoStim,0,0,0,0,0,0,0,0
CGCGGTAAGTGGAGTC-D2_NoStim,0,0,0,0,0,0,0,0
CGCGTTTAGCTAACTC-D2_NoStim,0,0,0,0,0,0,1,0
CGCGTTTGTAAACGCG-D2_NoStim,0,0,0,0,0,0,0,0
CGCTATCAGCCAGGAT-D2_NoStim,1,1,0,0,0,1,1,0
CGCTATCTCATGTCTT-D2_NoStim,0,0,0,0,0,0,0,0
CGCTGGAGTAATCGTC-D2_NoStim,0,0,0,0,0,0,0,0
CGCTTCAAGACACGAC-D2_NoStim,0,0,0,0,0,0,0,0
CGCTTCAAGGAGTCTG-D2_NoStim,0,0,0,0,0,0,0,0
CGCTTCACATAACCTG-D2_NoStim,0,1,0,0,0,0,0,0
CGCTTCAGTCGGCACT-D2_NoStim,0,0,0,0,0,0,0,0
CGCTTCAGTTCCGTCT-D2_NoStim,0,0,0,0,0,0,0,0
CGCTTCATCTTCCTTC-D2_NoStim,0,1,0,0,0,0,0,0
CGGACACCATCTCGCT-D2_NoStim,0,0,0,1,0,0,0,0
CGGACACTCCTTGCCA-D2_NoStim,0,0,0,0,0,0,0,0
CGGACACTCTTTCCTC-D2_NoStim,0,0,0,0,0,0,0,0
CGGACGTAGAAACGAG-D2_NoStim,0,0,0,0,0,0,0,0
CGGACGTTCTCACATT-D2_NoStim,1,1,1,1,0,1,1,1
CGGACTGAGAACAACT-D2_NoStim,0,0,0,0,0,0,0,0
CGGACTGCACAACTGT-D2_NoStim,0,0,0,0,0,1,0,0
CGGAGCTCAAGCGATG-D2_NoStim,0,0,0,0,0,0,0,0
CGGAGTCAGCCAGGAT-D2_NoStim,0,0,0,0,0,0,0,0
CGGAGTCGTGCTAGCC-D2_NoStim,0,0,0,0,0,0,0,1
CGGCTAGGTAGCTCCG-D2_NoStim,0,0,0,1,0,0,0,0
CGGGTCAAGTGAAGAG-D2_NoStim,0,0,0,0,0,0,0,0
CGGGTCAGTCGAAAGC-D2_NoStim,0,0,0,0,0,0,0,0
CGGTTAACAGCTCGCA-D2_NoStim,0,0,0,0,0,0,0,0
CGGTTAAGTTTACTCT-D2_NoStim,1,1,0,0,0,0,0,0
CGGTTAATCACTTACT-D2_NoStim,0,0,0,0,0,0,0,0
CGGTTAATCCATGAAC-D2_NoStim,0,0,0,0,0,0,0,0
CGTAGCGGTACGAAAT-D2_NoStim,0,0,0,0,0,0,0,0
CGTAGCGGTATTCTCT-D2_NoStim,0,0,0,0,1,0,0,0
CGTAGCGTCCTTTACA-D2_NoStim,0,0,0,0,0,0,0,0
CGTAGCGTCGTTACAG-D2_NoStim,0,0,0,0,0,0,0,0
CGTAGGCAGCCACGCT-D2_NoStim,0,0,0,1,0,0,0,0
CGTAGGCAGGCAATTA-D2_NoStim,1,1,0,0,1,0,0,0
CGTCACTTCTCTGTCG-D2_NoStim,0,0,0,0,0,0,0,0
CGTCAGGAGTACGTTC-D2_NoStim,0,0,0,0,0,0,0,0
CGTCCATCACTGTGTA-D2_NoStim,0,0,0,0,0,0,0,0
CGTCCATTCGATAGAA-D2_NoStim,0,0,0,0,0,0,0,0
CGTCTACCACCTATCC-D2_NoStim,0,0,0,0,0,0,0,0
CGTCTACCAGACTCGC-D2_NoStim,0,0,0,0,0,0,0,0
CGTGAGCAGTTGTAGA-D2_NoStim,0,0,0,0,0,0,1,0
CGTGAGCCATGTTGAC-D2_NoStim,1,0,0,0,0,0,0,0
CGTGAGCTCGGACAAG-D2_NoStim,0,0,0,0,0,0,0,0
CGTGTAAAGGGTCTCC-D2_NoStim,0,0,0,0,0,0,0,0
CGTGTAAGTATTCGTG-D2_NoStim,0,0,1,0,0,0,0,0
CGTGTCTCAGGATCGA-D2_NoStim,0,0,0,0,0,0,0,0
CGTGTCTTCCATTCTA-D2_NoStim,0,0,0,0,0,0,0,0
CGTTAGACACACGCTG-D2_NoStim,0,1,0,0,0,0,0,0
CGTTAGACACGTCAGC-D2_NoStim,0,0,0,0,0,0,0,0
CGTTCTGCAAGCGATG-D2_NoStim,0,0,0,0,0,0,0,0
CGTTGGGCATTGAGCT-D2_NoStim,0,0,0,0,0,0,0,0
CTAACTTAGGGTGTTG-D2_NoStim,0,0,0,0,0,0,0,0
CTAACTTCACGACGAA-D2_NoStim,0,0,0,0,0,0,0,0
CTAACTTCATCGGTTA-D2_NoStim,0,0,0,0,0,0,0,0
CTAAGACCACGCGAAA-D2_NoStim,0,0,0,0,0,0,0,0
CTAAGACGTTCTCATT-D2_NoStim,0,0,0,0,0,0,0,0
CTAATGGAGCGTGAAC-D2_NoStim,0,0,0,0,0,0,0,0
CTAATGGAGGTTACCT-D2_NoStim,0,0,0,0,0,0,0,0
CTAATGGTCAACGGGA-D2_NoStim,0,0,0,0,0,0,0,0
CTACACCAGCCACGTC-D2_NoStim,0,0,0,0,0,1,0,0
CTACACCAGTGACTCT-D2_NoStim,1,1,0,0,0,0,0,0
CTACACCGTGCTTCTC-D2_NoStim,0,0,0,0,0,0,0,0
CTACATTAGAGCTATA-D2_NoStim,0,1,0,0,0,0,0,0
CTACATTCATCCCACT-D2_NoStim,0,0,0,0,0,0,0,0
CTACATTTCCGTAGGC-D2_NoStim,0,0,0,0,0,0,0,0
CTACCCAAGAGCCTAG-D2_NoStim,1,0,0,0,0,0,0,0
CTACCCAAGCCAGTTT-D2_NoStim,1,1,0,0,0,0,0,0
CTACCCAAGGACTGGT-D2_NoStim,0,0,0,0,0,0,0,0
CTACCCAAGTTCGCAT-D2_NoStim,0,0,0,0,0,0,0,0
CTACCCACATGCGCAC-D2_NoStim,0,1,0,0,0,0,0,0
CTACGTCCAACACCTA-D2_NoStim,0,0,0,0,0,0,0,0
CTACGTCCACCGAATT-D2_NoStim,0,0,0,0,0,0,0,0
CTAGAGTCAGGTCTCG-D2_NoStim,0,0,0,0,0,0,0,0
CTAGAGTGTCGCTTTC-D2_NoStim,0,0,0,0,0,0,0,0
CTAGAGTTCTCTAGGA-D2_NoStim,0,0,0,0,0,0,0,0
CTAGCCTGTTCAGTAC-D2_NoStim,1,1,0,0,0,0,0,0
CTAGTGAAGACCGGAT-D2_NoStim,1,1,0,0,1,0,0,0
CTCACACAGTACCGGA-D2_NoStim,0,0,0,0,0,0,0,0
CTCAGAAGTATTCTCT-D2_NoStim,1,1,0,0,0,0,0,0
CTCATTAAGTCGAGTG-D2_NoStim,0,0,0,0,0,0,0,0
CTCATTAGTCTCCCTA-D2_NoStim,0,0,0,0,0,0,0,0
CTCATTAGTTTGTTTC-D2_NoStim,0,0,0,0,0,0,0,0
CTCCTAGCACGGTGTC-D2_NoStim,1,1,0,0,0,0,0,0
CTCCTAGGTGATGTCT-D2_NoStim,0,0,0,0,0,0,0,0
CTCGAAAAGATACACA-D2_NoStim,0,0,0,0,0,0,0,0
CTCGAAATCGACCAGC-D2_NoStim,0,0,0,0,0,0,0,0
CTCGAGGAGTCTCAAC-D2_NoStim,0,1,0,0,0,0,0,0
CTCGGAGAGCGTGAGT-D2_NoStim,0,0,0,0,0,0,0,0
CTCGGAGCAGCTGTTA-D2_NoStim,0,0,0,0,0,0,0,0
CTCGGGACACTGTCGG-D2_NoStim,0,0,0,0,0,0,0,0
CTCGGGACATCCCACT-D2_NoStim,0,0,0,0,0,0,0,0
CTCGGGAGTATTCTCT-D2_NoStim,0,0,0,0,0,0,0,0
CTCGTACCAAGGTTTC-D2_NoStim,0,0,0,0,0,0,0,0
CTCGTACGTACGAAAT-D2_NoStim,1,0,0,1,0,1,0,0
CTCGTACGTGTGGTTT-D2_NoStim,0,0,0,0,0,0,0,0
CTCGTACTCGGCCGAT-D2_NoStim,0,0,0,0,0,0,0,0
CTCGTCAAGCCCGAAA-D2_NoStim,0,0,0,0,0,0,0,0
CTCGTCAAGTGTCCAT-D2_NoStim,0,0,0,0,0,0,0,0
CTCGTCATCTTAACCT-D2_NoStim,0,1,0,0,0,0,0,0
CTCTAATGTCCATCCT-D2_NoStim,0,0,0,0,0,0,0,0
CTCTAATGTCGCTTCT-D2_NoStim,0,0,0,0,0,0,0,0
CTCTAATGTCTAGAGG-D2_NoStim,0,1,0,0,0,0,0,0
CTCTACGCAGCGTTCG-D2_NoStim,1,1,0,0,0,0,1,0
CTCTACGTCAAACGGG-D2_NoStim,0,0,0,0,0,0,0,0
CTCTGGTCAGTCACTA-D2_NoStim,0,0,0,0,0,0,0,0
CTCTGGTGTAAATGAC-D2_NoStim,0,0,0,0,0,0,0,0
CTCTGGTGTTCAGTAC-D2_NoStim,0,0,0,0,0,0,0,0
CTGAAACGTCAATACC-D2_NoStim,0,0,0,0,0,0,0,0
CTGAAACTCGGAGCAA-D2_NoStim,0,0,0,0,0,1,1,0
CTGAAGTCATGCCCGA-D2_NoStim,0,1,0,1,0,0,1,0
CTGATAGGTTCGGGCT-D2_NoStim,0,0,0,0,0,0,0,0
CTGATAGTCTCGGACG-D2_NoStim,0,0,0,0,0,0,0,0
CTGCCTAGTACTCGCG-D2_NoStim,0,0,0,0,0,0,0,0
CTGCTGTAGGTGCAAC-D2_NoStim,0,0,0,0,0,0,0,0
CTGCTGTAGTCCGGTC-D2_NoStim,0,0,0,0,0,0,0,0
CTGCTGTTCAATCTCT-D2_NoStim,0,0,0,0,0,0,0,1
CTGGTCTAGCTAAGAT-D2_NoStim,0,0,0,0,0,0,0,0
CTGGTCTTCAATCACG-D2_NoStim,0,0,0,1,0,0,0,0
CTGTGCTAGAAGGTTT-D2_NoStim,0,0,0,0,0,0,0,0
CTGTGCTGTATAGGGC-D2_NoStim,0,0,0,0,0,0,0,0
CTGTGCTTCACCATAG-D2_NoStim,0,0,0,0,0,0,0,0
CTGTTTACAGGCGATA-D2_NoStim,0,0,0,0,0,0,0,0
CTTAACTAGAAGGGTA-D2_NoStim,0,0,0,0,0,0,0,0
CTTAACTAGATCGATA-D2_NoStim,0,0,0,0,0,0,0,0
CTTAACTAGCTAGCCC-D2_NoStim,0,1,0,0,0,0,0,0
CTTAACTTCTCCCTGA-D2_NoStim,0,0,0,0,0,0,0,0
CTTACCGGTCGACTGC-D2_NoStim,0,0,0,0,0,0,0,0
CTTACCGGTGCAGACA-D2_NoStim,1,0,0,0,0,0,0,0
CTTAGGAAGTGGTAGC-D2_NoStim,0,0,0,0,0,0,0,0
CTTAGGAGTACAGCAG-D2_NoStim,0,0,0,0,0,0,0,0
CTTAGGAGTACCCAAT-D2_NoStim,0,0,0,0,0,0,0,0
CTTAGGAGTCGGCACT-D2_NoStim,0,1,0,0,0,0,1,0
CTTCTCTAGCGATAGC-D2_NoStim,0,0,0,0,0,0,0,0
CTTGGCTTCACGCATA-D2_NoStim,0,1,0,0,0,0,0,0
CTTGGCTTCGGTCCGA-D2_NoStim,0,0,0,0,0,0,0,0
GAAACTCGTAGTAGTA-D2_NoStim,0,0,0,0,0,0,0,0
GAAATGAAGGCACATG-D2_NoStim,0,0,0,0,0,0,0,0
GAAATGAGTCAACATC-D2_NoStim,0,1,0,0,0,0,0,0
GAAATGAGTGTGCCTG-D2_NoStim,0,0,0,0,0,0,0,0
GAACATCCATTGGGCC-D2_NoStim,0,0,0,0,0,0,0,0
GAACCTAAGGATGCGT-D2_NoStim,0,0,0,0,0,0,0,0
GAACGGACACGTCAGC-D2_NoStim,0,0,0,0,0,0,0,0
GAACGGACAGTTTACG-D2_NoStim,0,0,0,0,0,0,0,0
GAACGGAGTGCAACGA-D2_NoStim,0,1,0,0,0,0,0,0
GAACGGATCGTCTGAA-D2_NoStim,1,0,0,0,0,0,0,0
GAAGCAGAGACCTTTG-D2_NoStim,0,1,0,0,0,0,0,0
GAAGCAGAGTGTCCAT-D2_NoStim,0,0,0,0,0,0,0,0
GAATAAGAGCGCCTTG-D2_NoStim,0,0,0,0,0,0,0,0
GAATAAGTCTCTGCTG-D2_NoStim,1,1,0,0,0,0,0,0
GAATGAAAGGCTCTTA-D2_NoStim,0,0,0,0,0,0,0,0
GAATGAAAGGTTACCT-D2_NoStim,0,1,0,0,0,0,0,0
GAATGAACACGGTGTC-D2_NoStim,0,0,0,0,0,0,0,0
GAATGAATCACTTCAT-D2_NoStim,0,0,0,0,0,0,0,0
GAATGAATCTTGTCAT-D2_NoStim,0,0,0,0,0,0,0,0
GACACGCCAGCGAACA-D2_NoStim,0,0,0,0,0,0,0,0
GACACGCTCCTTTCTC-D2_NoStim,0,0,0,0,0,0,0,0
GACAGAGCAGGCTGAA-D2_NoStim,0,0,0,0,0,0,0,0
GACAGAGGTGTAAGTA-D2_NoStim,0,0,0,0,0,0,0,0
GACAGAGGTTTCCACC-D2_NoStim,0,0,0,0,0,0,0,0
GACAGAGTCGGCGCTA-D2_NoStim,0,0,0,0,0,0,0,0
GACCAATAGTCGCCGT-D2_NoStim,0,0,0,0,0,0,0,0
GACCAATCACACCGAC-D2_NoStim,0,0,0,0,0,0,0,0
GACCAATTCACTCCTG-D2_NoStim,0,0,0,0,0,0,0,0
GACCTGGAGGTGACCA-D2_NoStim,0,0,0,0,0,0,0,0
GACCTGGCAAGAGGCT-D2_NoStim,0,0,0,0,0,0,0,0
GACCTGGGTGAAATCA-D2_NoStim,0,0,0,0,0,0,0,0
GACCTGGTCTGCGTAA-D2_NoStim,0,0,0,1,0,1,0,0
GACGCGTCAAGAAGAG-D2_NoStim,0,0,0,0,0,0,0,0
GACGCGTCAAGTCATC-D2_NoStim,0,1,1,1,1,1,1,0
GACGCGTTCACAACGT-D2_NoStim,0,0,0,0,0,0,0,0
GACGCGTTCACTCTTA-D2_NoStim,0,0,0,0,0,0,0,0
GACGCGTTCTGTTGAG-D2_NoStim,1,1,0,0,0,0,0,0
GACGGCTTCGGATGTT-D2_NoStim,0,0,0,0,0,0,0,0
GACGTGCCACAACGCC-D2_NoStim,0,0,0,0,0,0,0,0
GACGTGCCATACCATG-D2_NoStim,0,1,0,0,0,0,0,0
GACGTGCCATTGCGGC-D2_NoStim,0,0,0,0,0,0,0,0
GACGTGCGTCCGTGAC-D2_NoStim,0,1,0,0,0,0,0,0
GACGTTACACCAGGTC-D2_NoStim,0,0,0,0,0,0,0,0
GACTAACCAGATTGCT-D2_NoStim,0,0,0,0,0,0,0,0
GACTAACGTTCCGGCA-D2_NoStim,0,0,0,0,0,0,0,0
GACTACAAGACAGGCT-D2_NoStim,0,0,0,0,0,0,0,1
GACTACAAGTTAGGTA-D2_NoStim,0,0,0,0,0,0,0,0
GACTACATCGCATGAT-D2_NoStim,0,0,0,0,0,0,0,0
GACTGCGCAGCCTGTG-D2_NoStim,0,0,0,0,0,0,0,0
GACTGCGGTCCGTGAC-D2_NoStim,0,0,0,0,0,0,0,0
GACTGCGGTTGGTGGA-D2_NoStim,0,0,0,0,0,0,0,0
GAGTCCGCAATGGAGC-D2_NoStim,0,0,0,0,0,0,0,0
GAGTCCGGTGTCGCTG-D2_NoStim,0,0,0,0,0,0,0,0
GAGTCCGTCGTTTATC-D2_NoStim,1,0,0,0,0,0,0,0
GATCAGTGTCCGCTGA-D2_NoStim,0,0,0,0,0,0,0,0
GATCGATGTAAGAGAG-D2_NoStim,0,0,0,0,0,0,0,0
GATCGATGTCTAGGTT-D2_NoStim,0,0,0,0,0,0,0,0
GATCGATTCAAGAAGT-D2_NoStim,0,1,0,0,0,0,0,0
GATCGATTCCGAATGT-D2_NoStim,0,1,0,0,0,0,0,0
GATCGCGGTCGAATCT-D2_NoStim,0,0,0,0,0,0,0,0
GATCGTAAGACCACGA-D2_NoStim,0,0,0,0,0,0,0,0
GATCGTATCTGGCGAC-D2_NoStim,0,0,0,0,0,0,0,0
GATCGTATCTTGAGAC-D2_NoStim,0,1,0,0,0,0,0,0
GATCTAGCAGTATCTG-D2_NoStim,0,0,0,0,0,0,0,0
GATCTAGGTAAACGCG-D2_NoStim,0,0,0,0,0,0,0,0
GATCTAGGTCCTGCTT-D2_NoStim,0,0,0,0,0,0,0,0
GATGAAAGTATATGAG-D2_NoStim,0,0,0,0,0,0,0,0
GATGAAAGTTGCGTTA-D2_NoStim,0,0,0,0,0,0,0,0
GATGAAATCCGCGCAA-D2_NoStim,0,0,0,0,0,0,0,0
GATGAGGCACCAGGTC-D2_NoStim,0,0,0,0,0,0,0,0
GATGAGGTCAGTCAGT-D2_NoStim,0,0,0,0,0,0,0,0
GATTCAGAGCCTATGT-D2_NoStim,0,1,0,0,0,1,0,0
GATTCAGGTAACGACG-D2_NoStim,0,0,0,0,0,1,0,0
GATTCAGGTCATTAGC-D2_NoStim,0,0,0,0,0,0,0,0
GCAAACTCAGGAATGC-D2_NoStim,0,0,0,0,0,0,0,0
GCAAACTTCCGGGTGT-D2_NoStim,0,1,0,0,0,0,0,0
GCAATCAGTAAACGCG-D2_NoStim,0,0,0,0,0,0,0,0
GCACATAAGCGCTTAT-D2_NoStim,0,0,0,0,0,0,0,0
GCACATAAGGCGCTCT-D2_NoStim,0,0,0,0,0,0,0,0
GCACATAAGTTGTAGA-D2_NoStim,0,0,0,0,0,0,0,0
GCACATACAGGAACGT-D2_NoStim,0,1,0,0,0,0,0,0
GCACATAGTTCGTTGA-D2_NoStim,0,0,0,0,0,0,0,0
GCACATATCTGATACG-D2_NoStim,0,0,0,0,0,0,0,0
GCACTCTCAATCTGCA-D2_NoStim,1,1,0,0,0,0,0,0
GCACTCTCAGTAACGG-D2_NoStim,0,0,0,0,0,0,0,0
GCACTCTTCAGTACGT-D2_NoStim,0,1,0,0,0,0,0,0
GCAGCCAGTTACCGAT-D2_NoStim,1,1,1,0,0,0,1,0
GCAGCCATCCTGCAGG-D2_NoStim,0,1,0,0,0,0,0,0
GCAGTTACATGGTAGG-D2_NoStim,0,0,0,0,0,0,0,0
GCAGTTAGTAGGCATG-D2_NoStim,0,0,0,0,0,0,0,0
GCAGTTATCACATACG-D2_NoStim,0,0,0,0,0,0,0,0
GCAGTTATCACTTACT-D2_NoStim,1,0,0,0,0,0,0,0
GCAGTTATCCGATATG-D2_NoStim,0,0,0,0,1,0,0,0
GCAGTTATCTTCGAGA-D2_NoStim,0,0,0,1,0,0,1,0
GCATACACAAACTGCT-D2_NoStim,1,1,1,0,0,0,0,0
GCATACACACCAGGCT-D2_NoStim,0,0,0,0,0,0,0,0
GCATACACACGGATAG-D2_NoStim,0,0,0,0,0,0,0,0
GCATGATGTATATGAG-D2_NoStim,0,0,0,0,0,0,0,0
GCATGCGAGGACATTA-D2_NoStim,0,0,0,0,0,0,0,0
GCATGCGGTGATGATA-D2_NoStim,0,0,0,0,0,0,0,0
GCATGTACACAGGCCT-D2_NoStim,0,0,0,0,0,0,0,0
GCATGTACAGTTCATG-D2_NoStim,0,0,0,0,0,0,0,1
GCATGTAGTTGAGGTG-D2_NoStim,1,1,0,0,0,0,0,0
GCCAAATTCCACGACG-D2_NoStim,1,0,0,0,0,0,1,0
GCCAAATTCGGTCTAA-D2_NoStim,1,1,1,0,0,0,1,0
GCCTCTACAGGATCGA-D2_NoStim,0,0,0,0,0,0,0,0
GCCTCTAGTCTCAACA-D2_NoStim,0,0,0,0,0,0,0,0
GCGACCAGTAGAAAGG-D2_NoStim,0,0,0,0,0,0,0,0
GCGACCATCGGCTTGG-D2_NoStim,0,1,1,0,0,0,0,0
GCGAGAAAGACTAGAT-D2_NoStim,0,0,0,0,0,0,0,0
GCGAGAATCAAAGTAG-D2_NoStim,1,1,0,0,0,0,1,0
GCGCAACTCAAACAAG-D2_NoStim,0,0,0,0,0,0,0,0
GCGCAGTAGACTACAA-D2_NoStim,0,0,0,0,0,0,0,0
GCGCAGTAGCAATCTC-D2_NoStim,0,0,0,0,0,0,0,0
GCGCAGTCACCCTATC-D2_NoStim,0,1,0,0,0,0,0,1
GCGCAGTTCCAAGTAC-D2_NoStim,1,1,0,0,0,0,0,0
GCGCCAAAGCAGCCTC-D2_NoStim,0,0,0,0,0,0,0,0
GCGCCAAAGCAGGTCA-D2_NoStim,0,0,0,0,0,0,0,0
GCGCGATAGCAACGGT-D2_NoStim,0,0,1,0,0,0,1,0
GCGCGATTCAATACCG-D2_NoStim,0,0,0,0,0,0,0,0
GCGGGTTAGCGTGTCC-D2_NoStim,0,0,0,0,0,0,0,0
GCGGGTTGTAGCTAAA-D2_NoStim,0,0,0,0,0,0,0,0
GCGGGTTGTCGCATAT-D2_NoStim,0,0,0,0,0,0,0,0
GCTCCTAAGACTAGGC-D2_NoStim,0,0,0,0,0,0,0,0
GCTCCTAAGAGACTTA-D2_NoStim,1,1,0,1,0,0,1,1
GCTCCTACACATCCGG-D2_NoStim,0,0,0,0,0,0,0,0
GCTCCTAGTGACAAAT-D2_NoStim,0,0,0,0,0,0,0,0
GCTCCTAGTGACGCCT-D2_NoStim,0,0,0,0,0,0,0,0
GCTCCTAGTGCCTGTG-D2_NoStim,0,0,0,0,0,0,0,0
GCTCCTAGTTCTCATT-D2_NoStim,0,0,0,1,0,0,0,0
GCTCCTATCGGCGCAT-D2_NoStim,0,0,0,0,0,0,0,0
GCTGCAGGTCAATGTC-D2_NoStim,0,1,0,0,0,0,0,1
GCTGCAGGTTTAGGAA-D2_NoStim,0,1,0,0,0,0,0,0
GCTGCGAGTCATATGC-D2_NoStim,0,0,0,0,0,0,0,0
GCTGCTTAGTTAGGTA-D2_NoStim,0,0,0,1,0,0,1,0
GCTGGGTGTTCCACGG-D2_NoStim,0,0,0,0,0,0,1,0
GCTGGGTTCTGTCTAT-D2_NoStim,0,0,0,0,0,0,0,0
GCTTCCAAGGGTATCG-D2_NoStim,0,0,0,0,0,0,0,0
GCTTCCAGTTGAGGTG-D2_NoStim,1,0,0,0,0,0,1,0
GCTTCCATCACCCGAG-D2_NoStim,1,1,1,0,0,1,0,0
GCTTGAAGTTCTGTTT-D2_NoStim,0,1,0,0,0,0,0,0
GGAAAGCCATTGGGCC-D2_NoStim,0,0,0,1,0,0,0,0
GGAAAGCGTCAAACTC-D2_NoStim,0,0,0,0,0,0,0,0
GGAAAGCTCAGTTCGA-D2_NoStim,0,0,0,0,0,0,0,0
GGAACTTAGAGCTGCA-D2_NoStim,0,0,0,0,0,0,0,0
GGAACTTCACTACAGT-D2_NoStim,0,0,0,0,0,0,0,0
GGAACTTGTACCGAGA-D2_NoStim,1,0,0,0,0,0,0,0
GGAACTTGTGCAGGTA-D2_NoStim,0,0,0,0,0,0,0,0
GGAACTTGTTCGTTGA-D2_NoStim,0,0,0,0,0,0,0,0
GGAATAAAGGAGTTTA-D2_NoStim,0,0,0,0,0,0,0,0
GGAATAACATCGTCGG-D2_NoStim,0,0,0,1,0,0,0,0
GGACAAGTCAGCGATT-D2_NoStim,1,0,0,0,0,0,0,0
GGACATTTCATAACCG-D2_NoStim,1,0,0,0,0,1,0,0
GGACGTCCAAGCGAGT-D2_NoStim,1,1,0,0,0,0,0,0
GGACGTCTCATGTAGC-D2_NoStim,0,0,0,0,0,0,0,0
GGACGTCTCGCATGGC-D2_NoStim,1,0,0,0,0,0,0,0
GGAGCAAAGAGAACAG-D2_NoStim,0,0,0,0,0,0,0,0
GGAGCAAAGATGTCGG-D2_NoStim,0,0,0,0,0,0,0,0
GGAGCAAGTCGACTGC-D2_NoStim,0,0,0,0,0,0,0,0
GGAGCAATCACAGTAC-D2_NoStim,0,0,0,0,0,0,0,0
GGATGTTCAAGTTAAG-D2_NoStim,0,0,0,0,0,0,0,0
GGATGTTTCTACTCAT-D2_NoStim,0,0,0,0,0,0,0,0
GGATTACCATTCGACA-D2_NoStim,0,0,0,0,0,0,0,0
GGCAATTCACATGGGA-D2_NoStim,0,0,0,0,0,0,0,0
GGCAATTTCAACCATG-D2_NoStim,1,1,0,0,1,1,0,0
GGCCGATCAGCTCGCA-D2_NoStim,0,0,0,0,0,0,0,0
GGCGTGTAGACTAAGT-D2_NoStim,0,0,0,0,0,0,0,0
GGCGTGTAGTGTCTCA-D2_NoStim,0,0,0,0,0,0,0,0
GGCTCGAGTGAAATCA-D2_NoStim,0,0,0,0,0,0,0,0
GGCTGGTAGAGACTAT-D2_NoStim,0,0,0,0,0,1,1,0
GGCTGGTTCACAAACC-D2_NoStim,0,1,0,0,0,0,0,0
GGGAATGAGACGCAAC-D2_NoStim,0,0,0,0,0,0,0,0
GGGACCTAGAGACTTA-D2_NoStim,0,0,0,0,0,0,0,0
GGGACCTAGCGCCTCA-D2_NoStim,0,0,0,0,0,0,0,0
GGGACCTGTTACGTCA-D2_NoStim,0,0,0,0,0,0,0,0
GGGACCTTCACAACGT-D2_NoStim,0,0,0,0,0,0,0,0
GGGAGATCAAGGTGTG-D2_NoStim,0,0,0,0,0,0,0,1
GGGAGATGTGGGTCAA-D2_NoStim,0,0,0,0,0,0,0,0
GGGAGATGTTTAGCTG-D2_NoStim,0,0,0,0,0,0,0,0
GGGAGATTCACTCTTA-D2_NoStim,0,0,0,0,0,0,0,0
GGGAGATTCTTGACGA-D2_NoStim,0,0,0,0,0,0,0,0
GGGATGATCGGTGTTA-D2_NoStim,0,0,0,0,0,0,0,0
GGGCACTTCAAAGTAG-D2_NoStim,0,0,0,0,0,0,0,0
GGGCATCTCATAACCG-D2_NoStim,0,0,0,0,0,0,0,0
GGGTTGCAGTACCGGA-D2_NoStim,0,0,0,0,0,0,0,0
GGGTTGCTCGCGGATC-D2_NoStim,0,0,0,0,0,0,0,0
GGTATTGAGCCGCCTA-D2_NoStim,0,0,0,0,0,0,0,0
GGTATTGCACACCGCA-D2_NoStim,0,1,1,0,0,0,0,0
GGTATTGGTCATACTG-D2_NoStim,0,0,0,0,0,0,0,0
GGTGAAGCAACGCACC-D2_NoStim,1,1,1,0,0,0,1,0
GGTGCGTTCGCCAGCA-D2_NoStim,0,0,0,0,0,0,0,0
GGTGTTAAGTTAGCGG-D2_NoStim,0,0,0,0,0,0,1,0
GTAACGTCAACTGCTA-D2_NoStim,1,0,0,0,0,0,0,0
GTAACTGTCGGATGGA-D2_NoStim,0,0,0,0,0,0,0,0
GTAACTGTCGGTCCGA-D2_NoStim,0,0,0,0,0,0,0,0
GTACGTAAGCTTATCG-D2_NoStim,0,0,0,0,0,0,0,0
GTACGTACACAGGTTT-D2_NoStim,1,1,0,0,0,0,0,0
GTACGTACATAGGATA-D2_NoStim,0,0,0,0,0,0,0,0
GTACTCCCACCTATCC-D2_NoStim,0,0,0,0,0,0,0,0
GTACTCCCATCACCCT-D2_NoStim,0,1,1,1,0,1,1,1
GTACTTTAGGCCGAAT-D2_NoStim,0,0,0,0,0,0,0,0
GTACTTTAGGGTATCG-D2_NoStim,0,1,0,0,0,0,0,0
GTACTTTTCCTATGTT-D2_NoStim,0,0,0,0,0,0,0,0
GTAGGCCAGACACTAA-D2_NoStim,0,0,0,0,0,0,0,0
GTAGGCCAGTTCCACA-D2_NoStim,0,0,0,0,0,0,0,1
GTAGGCCCACATCCGG-D2_NoStim,1,1,0,0,0,0,0,0
GTAGGCCGTGCCTGGT-D2_NoStim,0,0,0,0,0,0,0,0
GTAGTCACAGGGATTG-D2_NoStim,0,0,0,0,0,0,0,0
GTAGTCAGTCTGCGGT-D2_NoStim,0,0,0,0,0,0,0,0
GTAGTCAGTGCAACTT-D2_NoStim,0,0,0,0,0,0,0,0
GTATCTTGTACGAAAT-D2_NoStim,0,0,0,0,0,0,1,0
GTCAAGTGTGCATCTA-D2_NoStim,0,0,0,0,0,0,0,0
GTCAAGTTCACCAGGC-D2_NoStim,0,0,0,0,0,1,1,0
GTCACAACAGCTGTGC-D2_NoStim,0,0,0,0,0,0,0,0
GTCACGGGTAGGGTAC-D2_NoStim,0,0,0,0,0,0,0,0
GTCACGGGTGTTGGGA-D2_NoStim,0,1,0,0,1,0,0,1
GTCACGGTCCAATGGT-D2_NoStim,0,0,0,0,0,0,0,0
GTCATTTAGACTTGAA-D2_NoStim,0,1,0,0,0,0,0,0
GTCATTTAGGATTCGG-D2_NoStim,1,1,1,0,0,0,0,0
GTCATTTGTAAAGGAG-D2_NoStim,0,0,0,0,0,0,0,0
GTCCTCACATAGGATA-D2_NoStim,0,1,0,0,0,0,0,0
GTCCTCAGTTTAAGCC-D2_NoStim,0,0,0,0,0,0,0,0
GTCGGGTTCCTGCTTG-D2_NoStim,1,1,0,0,0,0,0,0
GTCGTAAAGAGTCTGG-D2_NoStim,0,0,0,0,0,0,0,0
GTCGTAAAGTACGTAA-D2_NoStim,0,0,0,1,0,0,0,0
GTCTCGTAGAGAGCTC-D2_NoStim,0,0,0,0,0,0,0,0
GTCTCGTCATGTTGAC-D2_NoStim,1,1,0,0,1,0,0,0
GTCTTCGCAAGCCGTC-D2_NoStim,0,0,1,0,0,0,0,0
GTGAAGGCAGCTTAAC-D2_NoStim,0,0,0,0,0,0,0,0
GTGCAGCGTGTGAAAT-D2_NoStim,1,1,0,1,0,0,1,0
GTGCATAAGGATATAC-D2_NoStim,0,1,0,1,0,1,1,1
GTGCATATCGCTTGTC-D2_NoStim,1,1,0,0,0,0,0,1
GTGCGGTCAGGTCTCG-D2_NoStim,0,1,0,0,0,0,0,1
GTGCTTCAGCGTGTCC-D2_NoStim,0,1,0,0,0,1,0,0
GTGCTTCAGTGTCCAT-D2_NoStim,0,0,0,0,0,0,0,0
GTGGGTCCATCCGTGG-D2_NoStim,0,0,0,0,0,0,0,0
GTGTGCGCATAGGATA-D2_NoStim,0,0,0,0,0,0,0,0
GTGTGCGCATGCCTAA-D2_NoStim,0,0,0,0,0,0,0,0
GTGTGCGGTAGAGGAA-D2_NoStim,0,0,0,0,0,0,0,0
GTTAAGCAGGCTAGCA-D2_NoStim,1,1,1,1,0,0,1,0
GTTAAGCTCGTTTATC-D2_NoStim,0,0,0,0,0,0,0,0
GTTACAGCATCGGTTA-D2_NoStim,0,0,0,0,0,0,0,0
GTTACAGGTCGCGTGT-D2_NoStim,0,0,0,0,0,0,0,0
GTTACAGTCACGCGGT-D2_NoStim,0,0,0,0,0,0,0,0
GTTACAGTCCTTTCTC-D2_NoStim,0,0,0,0,0,0,0,0
GTTCATTAGCAGACTG-D2_NoStim,0,0,0,0,0,1,1,0
GTTCATTAGCTGAAAT-D2_NoStim,0,0,0,0,0,0,0,0
GTTCATTAGTGTTTGC-D2_NoStim,0,1,0,0,0,0,0,0
GTTCATTTCTGGCGTG-D2_NoStim,0,1,1,1,0,1,1,1
GTTCGGGTCCGTACAA-D2_NoStim,0,0,0,0,0,0,0,0
GTTCTCGCAAGTTAAG-D2_NoStim,0,0,0,0,0,1,0,0
GTTCTCGCATAAAGGT-D2_NoStim,0,0,0,0,0,0,0,0
GTTCTCGCATGACATC-D2_NoStim,0,0,0,0,0,0,0,0
GTTTCTAGTCCGAACC-D2_NoStim,1,1,1,0,0,0,0,0
GTTTCTAGTCCGAGTC-D2_NoStim,1,1,0,0,0,0,0,0
GTTTCTAGTCTCTTTA-D2_NoStim,0,0,0,0,0,0,0,0
GTTTCTAGTTAAGACA-D2_NoStim,0,1,0,0,0,0,0,0
TAAGAGAAGCCCAGCT-D2_NoStim,0,0,0,0,0,0,0,0
TAAGAGAAGTTGAGAT-D2_NoStim,0,0,0,0,0,0,0,0
TAAGCGTAGACAGGCT-D2_NoStim,0,0,0,0,0,0,0,0
TAAGCGTGTCTAAACC-D2_NoStim,0,0,0,0,0,0,0,0
TAAGCGTTCTTAACCT-D2_NoStim,0,0,0,0,0,0,0,0
TAAGTGCAGTCCATAC-D2_NoStim,0,0,0,0,0,0,0,0
TAAGTGCCACGAAACG-D2_NoStim,0,0,0,0,0,0,0,0
TAAGTGCGTCAGAATA-D2_NoStim,0,0,0,0,0,0,0,0
TAAGTGCTCTGGGCCA-D2_NoStim,0,0,0,0,0,0,0,0
TACACGAAGTTTGCGT-D2_NoStim,0,0,0,0,0,0,0,0
TACACGACATATGGTC-D2_NoStim,0,0,0,0,0,0,0,0
TACAGTGCAAACAACA-D2_NoStim,0,1,0,0,0,0,0,0
TACAGTGGTCTTCGTC-D2_NoStim,0,0,0,0,0,0,0,0
TACCTATGTCGCGTGT-D2_NoStim,0,0,0,1,0,1,1,0
TACCTTAGTCTAAACC-D2_NoStim,0,0,0,0,0,0,0,0
TACGGATTCCTCTAGC-D2_NoStim,0,0,0,0,0,0,0,0
TACGGGCTCTGTCAAG-D2_NoStim,0,0,0,0,0,0,0,0
TACGGTAAGGGCTTGA-D2_NoStim,0,0,0,0,0,0,0,0
TACGGTAGTTATTCTC-D2_NoStim,0,0,0,0,0,0,0,0
TACGGTAGTTCTCATT-D2_NoStim,0,1,0,0,0,0,0,0
TACTCATCAAACTGCT-D2_NoStim,0,0,0,0,0,0,0,0
TACTCATTCGGTTAAC-D2_NoStim,0,0,0,0,0,0,0,0
TACTCGCCAGACGTAG-D2_NoStim,0,0,0,0,0,0,0,0
TACTCGCGTCCTAGCG-D2_NoStim,0,0,0,0,0,0,0,0
TACTCGCGTCTTGATG-D2_NoStim,0,0,0,0,0,0,0,0
TACTTACTCGTGGTCG-D2_NoStim,0,0,0,0,0,0,0,0
TACTTGTAGATATACG-D2_NoStim,0,1,0,0,0,0,1,0
TACTTGTGTCCTCCAT-D2_NoStim,0,0,0,0,0,0,0,0
TACTTGTTCACGCATA-D2_NoStim,0,0,0,0,0,0,0,0
TAGACCAGTCTAAAGA-D2_NoStim,0,1,0,0,0,0,0,0
TAGAGCTCAGCGAACA-D2_NoStim,0,0,0,0,0,0,0,0
TAGAGCTCAGTATAAG-D2_NoStim,0,0,0,0,0,0,0,0
TAGAGCTGTTTCGCTC-D2_NoStim,0,0,0,0,0,0,0,0
TAGCCGGAGTACCGGA-D2_NoStim,1,1,0,0,0,0,1,0
TAGCCGGAGTGCGATG-D2_NoStim,0,0,0,0,0,0,0,0
TAGCCGGGTCAGCTAT-D2_NoStim,0,0,0,0,0,0,0,0
TAGCCGGGTCAGGACA-D2_NoStim,0,0,0,0,0,0,0,0
TAGCCGGGTCGACTAT-D2_NoStim,0,0,0,0,0,0,0,0
TAGGCATAGAAGGCCT-D2_NoStim,0,0,0,0,0,0,0,0
TAGGCATAGACTGTAA-D2_NoStim,0,0,0,0,1,0,0,0
TAGGCATCACTTCGAA-D2_NoStim,0,0,0,0,0,0,0,0
TAGGCATCATTTGCTT-D2_NoStim,0,0,0,0,0,0,0,0
TAGGCATTCAATACCG-D2_NoStim,0,1,0,0,0,0,0,0
TAGTGGTAGGCCATAG-D2_NoStim,0,0,0,0,0,0,0,0
TAGTGGTTCCCTCAGT-D2_NoStim,1,1,0,0,0,0,0,0
TAGTTGGAGAAAGTGG-D2_NoStim,1,1,0,0,0,1,1,0
TAGTTGGAGTGTCCAT-D2_NoStim,0,0,0,0,0,0,0,0
TAGTTGGGTAGCTCCG-D2_NoStim,1,1,1,0,0,0,1,0
TAGTTGGTCTGGAGCC-D2_NoStim,0,0,0,0,0,0,0,0
TATCTCACAAGCTGTT-D2_NoStim,1,1,1,1,0,0,1,0
TATCTCAGTACACCGC-D2_NoStim,1,0,0,0,1,0,0,1
TATCTCATCAGTGCAT-D2_NoStim,0,1,0,0,0,0,0,0
TATCTCATCGGAGCAA-D2_NoStim,0,0,0,0,0,0,0,0
TATGCCCCAAGCGATG-D2_NoStim,0,0,0,0,0,0,0,0
TATTACCCAACACCTA-D2_NoStim,0,0,0,0,0,0,0,0
TATTACCGTCGCTTTC-D2_NoStim,0,1,0,1,0,0,1,0
TATTACCGTGCGAAAC-D2_NoStim,0,0,0,0,0,0,0,0
TATTACCTCCAGTAGT-D2_NoStim,0,0,0,0,0,0,0,1
TATTACCTCCGTTGTC-D2_NoStim,0,1,0,0,0,0,0,0
TCAACGACAGCTGTGC-D2_NoStim,0,0,0,0,0,0,0,0
TCAATCTCAAAGGAAG-D2_NoStim,0,1,0,0,0,0,0,0
TCAATCTTCACCCTCA-D2_NoStim,1,1,1,1,0,0,1,1
TCAATCTTCGCTGATA-D2_NoStim,0,0,0,0,0,0,0,0
TCACAAGGTGATGTCT-D2_NoStim,0,0,0,0,0,0,0,0
TCACAAGGTTACAGAA-D2_NoStim,0,0,0,0,0,0,0,0
TCAGATGAGCTGGAAC-D2_NoStim,0,0,0,0,1,0,0,0
TCAGATGCACCAGGCT-D2_NoStim,1,1,0,0,0,0,0,0
TCAGATGGTACCGCTG-D2_NoStim,0,0,0,0,0,0,0,0
TCAGATGTCACCATAG-D2_NoStim,0,0,0,0,0,0,0,0
TCAGCAAAGCCGATTT-D2_NoStim,0,0,0,0,0,0,0,0
TCAGCTCAGAGCTGGT-D2_NoStim,0,1,0,0,0,0,0,0
TCAGCTCGTACAGTGG-D2_NoStim,0,0,0,0,0,0,0,0
TCAGGATGTCGCTTTC-D2_NoStim,0,0,0,0,0,0,0,0
TCAGGATTCGTACGGC-D2_NoStim,0,0,0,0,0,0,0,0
TCATTTGAGGATCGCA-D2_NoStim,0,0,0,0,0,1,1,0
TCATTTGAGGTTACCT-D2_NoStim,0,1,0,0,0,0,0,0
TCATTTGAGTCCTCCT-D2_NoStim,0,0,0,0,0,0,0,0
TCATTTGCAGGGTACA-D2_NoStim,0,0,0,0,0,0,0,0
TCCACACGTCTAGCGC-D2_NoStim,0,0,1,0,0,0,0,0
TCCCGATAGAACAACT-D2_NoStim,0,0,1,0,0,1,1,0
TCCCGATGTGGTACAG-D2_NoStim,0,1,0,0,0,0,0,0
TCCCGATTCCTGCCAT-D2_NoStim,1,1,1,1,0,0,1,1
TCGAGGCAGTAGCGGT-D2_NoStim,0,0,0,0,0,0,0,0
TCGAGGCCAGATGGCA-D2_NoStim,0,0,0,0,0,0,0,0
TCGAGGCGTGACTCAT-D2_NoStim,0,0,0,0,0,0,0,0
TCGAGGCTCCGATATG-D2_NoStim,0,0,0,0,0,0,0,0
TCGAGGCTCGGATGGA-D2_NoStim,0,0,0,0,0,0,0,0
TCGCGTTCAATCTGCA-D2_NoStim,0,0,0,0,0,0,0,0
TCGCGTTTCCAAGTAC-D2_NoStim,0,0,0,0,0,0,0,0
TCGCGTTTCTTTCCTC-D2_NoStim,0,0,0,0,0,0,0,0
TCGGGACCAACACGCC-D2_NoStim,0,0,0,0,0,0,0,0
TCGGGACCACGGTAGA-D2_NoStim,1,0,1,0,0,0,1,0
TCGGGACTCCTTGCCA-D2_NoStim,0,0,0,0,0,0,0,0
TCGGTAACACATGACT-D2_NoStim,0,0,0,0,0,0,0,0
TCGGTAATCAGTTGAC-D2_NoStim,0,0,0,0,0,0,0,0
TCGTACCCATAGAAAC-D2_NoStim,0,0,0,0,0,0,0,0
TCTATTGAGAGGTACC-D2_NoStim,0,0,0,0,0,0,0,0
TCTCATACAACTGCGC-D2_NoStim,0,0,0,0,0,0,0,0
TCTCATACAAGGACTG-D2_NoStim,0,0,0,0,0,0,0,1
TCTCTAATCACGGTTA-D2_NoStim,0,1,0,0,0,0,0,0
TCTCTAATCATGGTCA-D2_NoStim,0,0,0,0,0,0,0,0
TCTCTAATCTACCTGC-D2_NoStim,0,0,0,0,0,0,0,0
TCTGAGACAGTACACT-D2_NoStim,0,0,0,0,0,0,0,0
TCTGGAAAGCCTATGT-D2_NoStim,0,1,0,0,0,0,0,0
TCTGGAAGTCGCTTTC-D2_NoStim,1,1,0,1,0,0,0,0
TCTTCGGAGGCAAAGA-D2_NoStim,0,0,0,0,0,0,0,0
TCTTCGGCATGTCCTC-D2_NoStim,1,1,1,1,0,0,0,0
TCTTCGGTCTTCGGTC-D2_NoStim,0,0,0,0,0,0,0,0
TCTTTCCTCAAGCCTA-D2_NoStim,0,0,0,0,0,0,0,0
TGAAAGAAGGCTATCT-D2_NoStim,1,1,0,0,0,1,1,0
TGAAAGACACAACGCC-D2_NoStim,0,0,0,0,0,0,0,0
TGAAAGACAGGCGATA-D2_NoStim,0,0,0,0,0,0,0,0
TGACAACCAGTTCATG-D2_NoStim,0,0,0,0,0,0,0,0
TGACGGCAGCCAGTTT-D2_NoStim,0,0,0,0,0,0,0,0
TGACTAGAGATCGATA-D2_NoStim,1,1,1,0,0,0,0,0
TGACTAGCAGCCTTGG-D2_NoStim,1,0,0,0,0,0,0,0
TGACTAGGTAGGGTAC-D2_NoStim,0,0,0,0,0,0,0,0
TGACTTTGTATTCTCT-D2_NoStim,0,0,0,0,0,0,0,0
TGAGCATAGGGTATCG-D2_NoStim,0,0,0,0,0,0,0,0
TGAGCATCACTTGGAT-D2_NoStim,0,0,0,0,0,0,0,0
TGAGCATGTGTTTGGT-D2_NoStim,0,0,0,0,0,0,0,0
TGAGCCGCATTGGCGC-D2_NoStim,0,0,0,0,0,0,0,0
TGAGCCGGTAGAAGGA-D2_NoStim,0,0,0,0,0,0,0,0
TGAGCCGTCAGCAACT-D2_NoStim,0,0,0,0,0,0,0,0
TGAGGGAAGAGCTGGT-D2_NoStim,0,0,0,0,0,0,0,0
TGAGGGAGTTATGTGC-D2_NoStim,1,0,0,0,0,0,0,0
TGATTTCTCCTTTCTC-D2_NoStim,0,1,0,0,0,1,0,0
TGCCAAACACGACGAA-D2_NoStim,0,0,0,0,0,1,0,0
TGCCCATCACATCCAA-D2_NoStim,0,0,0,0,0,0,0,0
TGCCCATGTCCCGACA-D2_NoStim,0,1,0,0,0,1,0,0
TGCCCTAAGACTAGAT-D2_NoStim,0,0,0,0,1,0,0,0
TGCCCTACAATCCAAC-D2_NoStim,0,0,0,0,0,0,0,0
TGCCCTAGTTATCACG-D2_NoStim,0,0,0,0,0,0,0,0
TGCGGGTCATCTGGTA-D2_NoStim,0,0,0,0,0,0,0,0
TGCGTGGAGTGCCAGA-D2_NoStim,0,0,0,0,0,0,1,0
TGCTACCAGCTCAACT-D2_NoStim,0,0,0,0,0,0,0,0
TGCTACCAGTGCGTGA-D2_NoStim,0,0,0,0,0,0,1,0
TGCTACCCATGGGACA-D2_NoStim,1,0,1,0,0,0,0,0
TGCTACCTCAATAAGG-D2_NoStim,0,0,0,0,0,0,0,1
TGCTGCTAGGTGCTTT-D2_NoStim,0,0,0,0,0,0,0,0
TGGACGCAGACAGGCT-D2_NoStim,0,0,0,0,0,0,0,0
TGGACGCGTCTAGCGC-D2_NoStim,0,0,0,0,0,0,0,0
TGGACGCTCCCTCAGT-D2_NoStim,0,0,0,0,0,0,0,0
TGGACGCTCTCACATT-D2_NoStim,0,0,0,0,0,0,0,0
TGGCCAGAGACAGGCT-D2_NoStim,0,0,0,0,0,0,0,0
TGGCCAGCACCTCGTT-D2_NoStim,0,0,0,0,0,0,0,0
TGGCCAGTCCTGCCAT-D2_NoStim,0,1,0,0,0,1,1,0
TGGCGCAAGACCCACC-D2_NoStim,0,0,0,0,0,0,0,0
TGGCGCATCCCAACGG-D2_NoStim,0,0,0,0,0,0,0,0
TGGGAAGCATCTACGA-D2_NoStim,0,1,0,0,0,0,0,0
TGGGCGTAGGGCTTGA-D2_NoStim,0,1,0,1,0,0,0,1
TGGGCGTCACTAAGTC-D2_NoStim,0,0,0,0,0,0,0,0
TGGGCGTCAGCAGTTT-D2_NoStim,0,0,0,0,0,0,0,0
TGGTTAGAGTTGTAGA-D2_NoStim,0,0,0,0,0,0,0,0
TGGTTAGCAGACAAGC-D2_NoStim,0,0,0,0,0,0,0,0
TGGTTCCTCGGAGCAA-D2_NoStim,0,0,0,0,0,0,1,0
TGGTTCCTCTGCTGCT-D2_NoStim,0,0,0,0,0,0,0,0
TGTATTCCAGTCACTA-D2_NoStim,0,0,0,0,0,0,0,0
TGTATTCCATGTTGAC-D2_NoStim,0,0,0,0,0,0,0,0
TGTATTCGTGACAAAT-D2_NoStim,0,0,0,0,0,0,0,0
TGTCCCAAGGGATGGG-D2_NoStim,0,0,0,0,0,0,0,0
TGTCCCAGTACCAGTT-D2_NoStim,0,0,0,0,0,0,0,0
TGTCCCATCAGCAACT-D2_NoStim,0,0,0,0,0,0,0,0
TGTCCCATCGCAGGCT-D2_NoStim,0,0,0,0,0,0,0,0
TGTCCCATCGCCAAAT-D2_NoStim,0,0,0,0,0,0,0,0
TGTGGTAAGAATGTTG-D2_NoStim,0,0,0,0,0,0,0,0
TGTGGTAAGTCATCCA-D2_NoStim,0,0,0,1,0,1,0,0
TGTGGTACACACCGCA-D2_NoStim,0,0,0,1,0,0,1,0
TGTGGTACAGTGAGTG-D2_NoStim,0,0,0,0,0,0,0,0
TGTGTTTCAGAGTGTG-D2_NoStim,0,0,1,1,0,1,0,1
TGTTCCGGTTCAGGCC-D2_NoStim,0,0,0,0,0,0,0,0
TGTTCCGTCTGGTATG-D2_NoStim,1,1,1,1,0,1,1,0
TTAACTCGTCTTGCGG-D2_NoStim,0,0,0,0,0,0,0,0
TTAGGACTCGCACTCT-D2_NoStim,0,0,0,0,0,0,0,0
TTAGGCACATTAACCG-D2_NoStim,0,0,0,0,0,0,0,0
TTAGGCAGTAGAGGAA-D2_NoStim,0,0,0,0,0,0,0,0
TTAGTTCCAACACCCG-D2_NoStim,0,0,0,0,0,0,0,0
TTAGTTCCATTAGCCA-D2_NoStim,0,1,0,0,0,0,0,0
TTAGTTCGTGCATCTA-D2_NoStim,0,0,0,0,0,0,0,0
TTAGTTCTCTTGCAAG-D2_NoStim,0,0,0,0,0,0,0,0
TTCCCAGGTGAGTATA-D2_NoStim,0,0,0,0,0,0,0,0
TTCCCAGGTGCCTGTG-D2_NoStim,0,0,0,0,0,0,0,0
TTCCCAGTCGAACGGA-D2_NoStim,0,0,0,0,0,0,0,0
TTCGAAGTCATGTAGC-D2_NoStim,0,0,0,0,0,0,0,0
TTCGAAGTCGGCGCTA-D2_NoStim,0,0,0,0,0,0,0,0
TTCGGTCCAGCTATTG-D2_NoStim,0,0,0,0,0,0,0,0
TTCTACACATTCCTGC-D2_NoStim,0,0,0,0,0,0,0,0
TTCTCAAAGAGTAATC-D2_NoStim,0,0,0,0,0,0,0,0
TTCTCAATCCACGCAG-D2_NoStim,0,0,0,0,0,0,0,0
TTCTCCTCATGAACCT-D2_NoStim,0,1,0,0,0,0,0,0
TTCTCCTGTAAGGGAA-D2_NoStim,0,1,0,0,0,0,0,0
TTCTTAGGTCAGCTAT-D2_NoStim,0,1,0,0,0,0,1,0
TTGAACGCATAGAAAC-D2_NoStim,0,0,0,0,0,0,0,0
TTGAACGTCACGCGGT-D2_NoStim,0,0,0,0,0,0,0,0
TTGAACGTCTTAACCT-D2_NoStim,0,0,0,0,0,0,0,0
TTGCCGTCAGGGCATA-D2_NoStim,0,0,0,0,0,0,0,0
TTGCGTCTCCCTTGTG-D2_NoStim,0,0,0,1,0,0,0,0
TTGCGTCTCTGCTGTC-D2_NoStim,0,0,0,0,0,1,0,0
TTGGAACAGATGTGGC-D2_NoStim,0,0,0,0,0,0,0,0
TTGGCAAAGTCTCCTC-D2_NoStim,0,1,0,0,0,0,0,1
TTGGCAACAGTCTTCC-D2_NoStim,1,1,1,0,0,0,1,0
TTGGCAATCTAAGCCA-D2_NoStim,0,0,0,0,0,0,0,0
TTGGCAATCTAGCACA-D2_NoStim,0,0,0,0,0,0,1,0
TTGTAGGGTCTGGAGA-D2_NoStim,1,0,0,0,0,0,0,0
TTTATGCAGTCCTCCT-D2_NoStim,0,0,0,0,0,0,0,0
TTTATGCGTGCTTCTC-D2_NoStim,0,0,0,0,0,0,0,0
TTTATGCGTTACTGAC-D2_NoStim,0,0,0,0,0,0,0,0
TTTATGCTCCGCATAA-D2_NoStim,0,0,0,0,0,0,0,0
TTTCCTCCATCGGTTA-D2_NoStim,0,0,0,0,0,0,0,0
TTTGCGCAGAATTGTG-D2_NoStim,0,0,0,0,0,0,0,0
TTTGCGCGTATAGGGC-D2_NoStim,0,0,0,0,0,0,0,0
TTTGCGCTCACGCGGT-D2_NoStim,0,0,0,0,0,0,0,0
TTTGGTTGTAAAGGAG-D2_NoStim,1,1,1,1,0,0,1,0
TTTGGTTGTCCGAGTC-D2_NoStim,1,1,0,0,0,0,0,0
TTTGGTTGTCGGATCC-D2_NoStim,0,0,0,0,0,0,0,0
TTTGTCAAGATAGGAG-D2_NoStim,0,0,0,0,0,0,0,0
TTTGTCACACATGTGT-D2_NoStim,0,0,0,0,0,0,0,0
TTTGTCAGTTCGCGAC-D2_NoStim,0,0,0,0,0,0,0,0
