cell_barcode,factor_1,factor_2,factor_3,factor_4,factor_5,factor_6,factor_7,factor_8
AAACGGGAGCTATGCT-D1_Stim,0,0,0,0,0,0,0,0
AAACGGGCAAGACACG-D1_Stim,0,0,0,0,0,0,0,0
AAACGGGGTGCACCAC-D1_Stim,0,0,0,0,0,0,0,0
AAAGATGAGTACGCCC-D1_Stim,0,0,0,0,0,0,0,0
AAAGATGCAAATACAG-D1_Stim,0,0,0,0,0,0,0,0
AAAGATGTCACAAACC-D1_Stim,0,0,0,0,0,0,0,0
AAAGCAAAGAGCTATA-D1_Stim,0,0,0,0,0,0,0,0
AAAGCAAAGTACACCT-D1_Stim,0,0,0,0,0,0,0,0
AAAGCAATCCGAAGAG-D1_Stim,0,0,0,0,0,0,0,0
AAAGCAATCTATGTGG-D1_Stim,0,0,0,0,0,0,0,0
AAAGTAGCAATAGAGT-D1_Stim,0,0,0,0,0,0,0,0
AAATGCCAGCCTATGT-D1_Stim,0,0,0,0,0,0,0,0
AAATGCCCAGTCGATT-D1_Stim,0,0,0,0,0,0,0,0
AAATGCCGTCCGCTGA-D1_Stim,0,0,0,0,0,0,0,0
AAATGCCGTCTCTTAT-D1_Stim,0,0,0,0,0,0,0,0
AAATGCCGTTAGATGA-D1_Stim,0,0,0,0,0,0,0,0
AACACGTCACACTGCG-D1_Stim,0,0,0,0,0,0,0,0
AACACGTTCGAACGGA-D1_Stim,0,0,0,0,0,0,0,0
AACCATGAGACATAAC-D1_Stim,0,0,0,0,0,0,0,0
AACCATGTCCATGCTC-D1_Stim,0,0,0,0,0,0,0,0
AACCGCGAGCAGACTG-D1_Stim,0,0,0,0,0,0,0,0
AACCGCGAGGTAGCCA-D1_Stim,0,0,0,0,0,0,0,0
AACCGCGCAATGAATG-D1_Stim,0,0,0,0,0,0,0,0
AACCGCGGTACACCGC-D1_Stim,0,0,0,0,0,0,0,0
AACCGCGGTTCTCATT-D1_Stim,0,0,0,0,0,0,0,0
AACTCAGGTTTGGCGC-D1_Stim,0,0,0,0,0,0,0,0
AACTCCCAGTCATGCT-D1_Stim,0,0,0,0,0,0,0,0
AACTCCCCAGACGCCT-D1_Stim,0,0,0,0,0,0,0,0
AACTCCCGTAGCGTCC-D1_Stim,0,0,0,0,0,0,0,0
AACTCTTCACTTACGA-D1_Stim,0,0,0,0,0,0,0,0
AACTCTTCATGGTCTA-D1_Stim,0,0,0,0,0,0,0,0
AACTCTTGTCTAGTGT-D1_Stim,0,0,0,0,0,0,0,0
AACTCTTGTGTGAATA-D1_Stim,0,0,0,0,0,0,0,0
AACTCTTGTGTGCCTG-D1_Stim,0,0,0,0,0,0,0,0
AACTGGTAGTGGACGT-D1_Stim,0,0,0,0,0,0,0,0
AACTGGTCATGAGCGA-D1_Stim,0,0,0,0,0,0,0,0
AACTTTCCATGCCACG-D1_Stim,0,0,0,0,0,0,0,0
AACTTTCCATGGTTGT-D1_Stim,0,0,0,0,0,0,0,0
AACTTTCTCTGTTTGT-D1_Stim,0,0,0,0,0,0,0,0
AAGACCTCACTCTGTC-D1_Stim,0,0,0,0,0,0,0,0
AAGCCGCCAGCCACCA-D1_Stim,0,0,0,0,0,0,0,0
AAGCCGCTCGGTTCGG-D1_Stim,0,0,0,0,0,0,0,0
AAGCCGCTCTCAACTT-D1_Stim,0,0,0,0,0,0,0,0
AAGCCGCTCTTCTGGC-D1_Stim,0,0,0,0,0,0,0,0
AAGGAGCCAGAAGCAC-D1_Stim,0,0,0,0,0,0,0,0
AAGGAGCGTCGTCTTC-D1_Stim,0,0,0,0,0,0,0,0
AAGGAGCGTTAAGATG-D1_Stim,0,0,0,0,0,0,0,0
AAGGCAGCATATACGC-D1_Stim,0,0,0,0,0,0,0,0
AAGGTTCCATTGGGCC-D1_Stim,0,0,0,0,0,0,0,0
AAGGTTCTCAACACTG-D1_Stim,0,0,0,0,0,0,0,0
AAGGTTCTCCACGACG-D1_Stim,0,0,0,0,0,0,0,0
AAGGTTCTCGCCAGCA-D1_Stim,0,0,0,0,0,0,0,0
AAGTCTGAGAGTGAGA-D1_Stim,0,0,0,0,0,0,0,0
AAGTCTGAGCTGTCTA-D1_Stim,0,0,0,0,0,0,0,0
AAGTCTGGTGATGTGG-D1_Stim,0,0,0,0,0,0,0,0
AAGTCTGTCATGGTCA-D1_Stim,0,0,0,0,0,0,0,0
AAGTCTGTCTCGGACG-D1_Stim,0,0,0,0,0,0,0,0
AATCCAGAGGCGATAC-D1_Stim,0,0,0,0,0,0,0,0
AATCCAGGTGTGAAAT-D1_Stim,0,0,0,0,0,0,0,0
AATCGGTCAGATGGCA-D1_Stim,0,0,0,0,0,0,0,0
ACACCAATCTGGTGTA-D1_Stim,0,0,0,0,0,0,0,0
ACACCCTCAAGCGCTC-D1_Stim,0,0,0,0,0,0,0,0
ACACCGGAGAATAGGG-D1_Stim,0,0,0,0,0,0,0,0
ACACCGGAGGAACTGC-D1_Stim,0,0,0,0,0,0,0,0
ACACCGGAGGGAGTAA-D1_Stim,0,0,0,0,0,0,0,0
ACACCGGGTTTAGGAA-D1_Stim,0,0,0,0,0,0,0,0
ACACCGGTCAAACAAG-D1_Stim,0,0,0,0,0,0,0,0
ACACCGGTCAAGGTAA-D1_Stim,0,0,0,0,0,0,0,0
ACACTGAGTGTTTGGT-D1_Stim,0,0,0,0,0,0,0,0
ACAGCCGAGAGCAATT-D1_Stim,0,0,0,0,0,0,0,0
ACAGCCGAGATAGTCA-D1_Stim,0,0,0,0,0,0,0,0
ACAGCCGAGTGGCACA-D1_Stim,0,0,0,0,0,0,0,0
ACAGCCGCAGTGAGTG-D1_Stim,0,0,0,0,0,0,0,0
ACAGCCGCATCCCACT-D1_Stim,0,0,0,0,0,0,0,0
ACAGCCGCATGGGAAC-D1_Stim,0,0,0,0,0,0,0,0
ACAGCCGGTAAGAGGA-D1_Stim,0,0,0,0,0,0,0,0
ACAGCCGGTAGCTTGT-D1_Stim,0,0,0,0,0,0,0,0
ACAGCTAGTGTTTGGT-D1_Stim,0,0,0,0,0,0,0,0
ACAGCTATCCGGCACA-D1_Stim,0,0,0,0,0,0,0,0
ACAGCTATCTCCCTGA-D1_Stim,0,0,0,0,0,0,0,0
ACAGCTATCTTACCGC-D1_Stim,0,0,0,0,0,0,0,0
ACATACGAGTTGCAGG-D1_Stim,0,0,0,0,0,0,0,0
ACATACGCATCACAAC-D1_Stim,0,0,0,0,0,0,0,0
ACATACGCATTCTTAC-D1_Stim,0,0,0,0,0,0,0,0
ACATACGGTGCAGGTA-D1_Stim,0,0,0,0,0,0,0,0
ACATACGTCATCTGTT-D1_Stim,0,0,0,0,0,0,0,0
ACATACGTCTGTTGAG-D1_Stim,0,0,0,0,0,0,0,0
ACATCAGAGGCTAGCA-D1_Stim,0,0,0,0,0,0,0,0
ACATCAGCATGTAAGA-D1_Stim,0,0,0,0,0,0,0,0
ACATGGTGTATAGTAG-D1_Stim,0,0,0,0,0,0,0,0
ACATGGTGTCGATTGT-D1_Stim,0,0,0,0,0,0,0,0
ACATGGTGTTGGGACA-D1_Stim,0,0,0,0,0,0,0,0
ACATGGTTCGGTCTAA-D1_Stim,0,0,0,0,0,0,0,0
ACCCACTCACACAGAG-D1_Stim,0,0,0,0,0,0,0,0
ACCCACTCATGAACCT-D1_Stim,0,0,0,0,0,0,0,0
ACCCACTTCACATACG-D1_Stim,0,0,0,0,0,0,0,0
ACCCACTTCACGAAGG-D1_Stim,0,0,0,0,0,0,0,0
ACCGTAAAGGCTAGAC-D1_Stim,0,0,0,0,0,0,0,0
ACCGTAATCGCATGAT-D1_Stim,0,0,0,0,0,0,0,0
ACCTTTACACACAGAG-D1_Stim,0,0,0,0,0,0,0,0
ACGAGCCAGAATGTGT-D1_Stim,0,0,0,0,0,0,0,0
ACGAGCCAGAGTACCG-D1_Stim,0,0,0,0,0,0,0,0
ACGAGCCCACATAACC-D1_Stim,0,0,0,0,0,0,0,0
ACGAGCCGTACCATCA-D1_Stim,0,0,0,0,0,0,0,0
ACGAGCCTCCTCGCAT-D1_Stim,0,0,0,0,0,0,0,0
ACGAGCCTCCTTTCGG-D1_Stim,0,0,0,0,0,0,0,0
ACGAGGAAGGGTTTCT-D1_Stim,0,0,0,0,0,0,0,0
ACGAGGACACCTATCC-D1_Stim,0,0,0,0,0,0,0,0
ACGAGGATCCAATGGT-D1_Stim,0,0,0,0,0,0,0,0
ACGATACCAGGACGTA-D1_Stim,0,0,0,0,0,0,0,0
ACGATACTCAAACGGG-D1_Stim,0,0,0,0,0,0,0,0
ACGATGTAGGTTACCT-D1_Stim,0,0,0,0,0,0,0,0
ACGATGTCAGACAAAT-D1_Stim,0,0,0,0,0,0,0,0
ACGCAGCAGGGTTCCC-D1_Stim,0,0,0,0,0,0,0,0
ACGCAGCGTATTCTCT-D1_Stim,0,0,0,0,0,0,0,0
ACGCAGCGTGCCTGCA-D1_Stim,0,0,0,0,0,0,0,0
ACGCAGCTCGAACTGT-D1_Stim,0,0,0,0,0,0,0,0
ACGCCAGGTCAATGTC-D1_Stim,0,0,0,0,0,0,0,0
ACGCCAGGTCCAGTAT-D1_Stim,0,0,0,0,0,0,0,0
ACGGCCAAGAAACCTA-D1_Stim,0,0,0,0,0,0,0,0
ACGGGCTAGGCTCATT-D1_Stim,0,0,0,0,0,0,0,0
ACGGGCTCAGCTCGCA-D1_Stim,0,0,0,0,0,0,0,0
ACGGGCTTCGCTGATA-D1_Stim,0,0,0,0,0,0,0,0
ACGGGTCAGCGATGAC-D1_Stim,0,0,0,0,0,0,0,0
ACGGGTCGTCAACTGT-D1_Stim,0,0,0,0,0,0,0,0
ACGTCAAGTACGAAAT-D1_Stim,0,0,0,0,0,0,0,0
ACGTCAAGTCGACTGC-D1_Stim,0,0,0,0,0,0,0,0
ACTATCTCAACTGGCC-D1_Stim,0,0,0,0,0,0,0,0
ACTATCTGTTCTGAAC-D1_Stim,0,0,0,0,0,0,0,0
ACTATCTTCCATTCTA-D1_Stim,0,0,0,0,0,0,0,0
ACTGAACCACCTGGTG-D1_Stim,0,0,0,0,0,0,0,0
ACTGAACGTAGAGCTG-D1_Stim,0,0,0,0,0,0,0,0
ACTGAGTAGCCAGAAC-D1_Stim,0,0,0,0,0,0,0,0
ACTGAGTAGGACACCA-D1_Stim,0,0,0,0,0,0,0,0
ACTGAGTAGGCTCTTA-D1_Stim,0,0,0,0,0,0,0,0
ACTGAGTAGTCGATAA-D1_Stim,0,0,0,0,0,0,0,0
ACTGAGTTCTTGAGGT-D1_Stim,0,0,0,0,0,0,0,0
ACTGATGTCTGGAGCC-D1_Stim,0,0,0,0,0,0,0,0
ACTGCTCAGAGTGAGA-D1_Stim,0,0,0,0,0,0,0,0
ACTGCTCAGGATGCGT-D1_Stim,0,0,0,0,0,0,0,0
ACTGCTCTCAGTGCAT-D1_Stim,0,0,0,0,0,0,0,0
ACTTACTAGCGATGAC-D1_Stim,0,0,0,0,0,0,0,0
ACTTACTAGTTGTCGT-D1_Stim,0,0,0,0,0,0,0,0
ACTTACTTCTTGCCGT-D1_Stim,0,0,0,0,0,0,0,0
ACTTGTTAGTAGGTGC-D1_Stim,0,0,0,0,0,0,0,0
ACTTGTTAGTTGAGTA-D1_Stim,0,0,0,0,0,0,0,0
ACTTGTTCAATAGCGG-D1_Stim,0,0,0,0,0,0,0,0
ACTTGTTCAGGTTTCA-D1_Stim,0,0,0,0,0,0,0,0
ACTTGTTGTACTCTCC-D1_Stim,0,0,0,0,0,0,0,0
ACTTGTTTCCGAAGAG-D1_Stim,0,0,0,0,0,0,0,0
ACTTGTTTCTCTGCTG-D1_Stim,0,0,0,0,0,0,0,0
ACTTTCAAGCGTTGCC-D1_Stim,0,0,0,0,0,0,0,0
ACTTTCACAAGTAGTA-D1_Stim,0,0,0,0,0,0,0,0
ACTTTCATCACCACCT-D1_Stim,0,0,0,0,0,0,0,0
ACTTTCATCAGGATCT-D1_Stim,0,0,0,0,0,0,0,0
ACTTTCATCATACGGT-D1_Stim,0,0,0,0,0,0,0,0
ACTTTCATCCAAGTAC-D1_Stim,0,0,0,0,0,0,0,0
AGAATAGCAGATCTGT-D1_Stim,0,0,0,0,0,0,0,0
AGAATAGCATCGGACC-D1_Stim,0,0,0,0,0,0,0,0
AGAATAGGTCCGTCAG-D1_Stim,0,0,0,0,0,0,0,0
AGAATAGTCGTCTGAA-D1_Stim,0,0,0,0,0,0,0,0
AGACGTTCAAGCTGGA-D1_Stim,0,0,0,0,0,0,0,0
AGACGTTCAAGGACTG-D1_Stim,0,0,0,0,0,0,0,0
AGACGTTGTCAATGTC-D1_Stim,0,0,0,0,0,0,0,0
AGACGTTTCATGTGGT-D1_Stim,0,0,0,0,0,0,0,0
AGACGTTTCCGTTGTC-D1_Stim,0,0,0,0,0,0,0,0
AGAGCGACAAGAGTCG-D1_Stim,0,0,0,0,0,0,0,0
AGAGCGAGTTACGTCA-D1_Stim,0,0,0,0,0,0,0,0
AGAGCGATCAAGCCTA-D1_Stim,0,0,0,0,0,0,0,0
AGAGCTTGTCTAGTCA-D1_Stim,0,0,0,0,0,0,0,0
AGAGCTTGTGATAAGT-D1_Stim,0,0,0,0,0,0,0,0
AGAGCTTGTTCAGACT-D1_Stim,0,0,0,0,0,0,0,0
AGAGTGGAGGTACTCT-D1_Stim,0,0,0,0,0,0,0,0
AGAGTGGCAGTAAGCG-D1_Stim,0,0,0,0,0,0,0,0
AGAGTGGGTTAGAACA-D1_Stim,0,0,0,0,0,0,0,0
AGATCTGAGTGGTCCC-D1_Stim,0,0,0,0,0,0,0,0
AGATCTGCATGATCCA-D1_Stim,0,0,0,0,0,0,0,0
AGATCTGCATGCCTTC-D1_Stim,0,0,0,0,0,0,0,0
AGATCTGGTATTCGTG-D1_Stim,0,0,0,0,0,0,0,0
AGATTGCAGATATGGT-D1_Stim,0,0,0,0,0,0,0,0
AGATTGCCAGCAGTTT-D1_Stim,0,0,0,0,0,0,0,0
AGATTGCCATTATCTC-D1_Stim,0,0,0,0,0,0,0,0
AGATTGCTCACCCGAG-D1_Stim,0,0,0,0,0,0,0,0
AGATTGCTCTTGACGA-D1_Stim,0,0,0,0,0,0,0,0
AGCAGCCCACACATGT-D1_Stim,0,0,0,0,0,0,0,0
AGCAGCCGTCGTTGTA-D1_Stim,0,0,0,0,0,0,0,0
AGCAGCCGTGTGACCC-D1_Stim,0,0,0,0,0,0,0,0
AGCATACGTCTCAACA-D1_Stim,0,0,0,0,0,0,0,0
AGCATACTCACCACCT-D1_Stim,0,0,0,0,0,0,0,0
AGCCTAACATTTCACT-D1_Stim,0,0,0,0,0,0,0,0
AGCCTAAGTCCCTACT-D1_Stim,0,0,0,0,0,0,0,0
AGCCTAATCCAAGTAC-D1_Stim,0,0,0,0,0,0,0,0
AGCCTAATCGTCACGG-D1_Stim,0,0,0,0,0,0,0,0
AGCCTAATCTGACCTC-D1_Stim,0,0,0,0,0,0,0,0
AGCGGTCAGCACCGCT-D1_Stim,0,0,0,0,0,0,0,0
AGCGGTCGTCCAGTTA-D1_Stim,0,0,0,0,0,0,0,0
AGCGGTCGTGAGTATA-D1_Stim,0,0,0,0,0,0,0,0
AGCGGTCGTTCCATGA-D1_Stim,0,0,0,0,0,0,0,0
AGCGGTCTCCTTGACC-D1_Stim,0,0,0,0,0,0,0,0
AGCGTATAGAGGTTGC-D1_Stim,0,0,0,0,0,0,0,0
AGCGTATAGCCAGTTT-D1_Stim,0,0,0,0,0,0,0,0
AGCGTATAGCTACCGC-D1_Stim,0,0,0,0,0,0,0,0
AGCGTATCACGAAATA-D1_Stim,0,0,0,0,0,0,0,0
AGCGTATGTCTAGTGT-D1_Stim,0,0,0,0,0,0,0,0
AGCGTCGCAACTGCTA-D1_Stim,0,0,0,0,0,0,0,0
AGCGTCGGTGCAGGTA-D1_Stim,0,0,0,0,0,0,0,0
AGCTCCTAGACAAGCC-D1_Stim,0,0,0,0,0,0,0,0
AGCTCCTCACATCTTT-D1_Stim,0,0,0,0,0,0,0,0
AGCTCCTCATTCTTAC-D1_Stim,0,0,0,0,0,0,0,0
AGCTCCTTCTCATTCA-D1_Stim,0,0,0,0,0,0,0,0
AGCTCTCAGACCACGA-D1_Stim,0,0,0,0,0,0,0,0
AGCTCTCTCATGTGGT-D1_Stim,0,0,0,0,0,0,0,0
AGCTTGAAGAGGGATA-D1_Stim,0,0,0,0,0,0,0,0
AGCTTGAAGGGCTTGA-D1_Stim,0,0,0,0,0,0,0,0
AGCTTGATCATTTGGG-D1_Stim,0,0,0,0,0,0,0,0
AGGCCACAGTGTGAAT-D1_Stim,0,0,0,0,0,0,0,0
AGGCCACCAGTCGTGC-D1_Stim,0,0,0,0,0,0,0,0
AGGCCGTAGACCACGA-D1_Stim,0,0,0,0,0,0,0,0
AGGCCGTCAGGTCTCG-D1_Stim,0,0,0,0,0,0,0,0
AGGCCGTGTAGATTAG-D1_Stim,0,0,0,0,0,0,0,0
AGGCCGTGTCGACTAT-D1_Stim,0,0,0,0,0,0,0,0
AGGCCGTGTTGCGTTA-D1_Stim,0,0,0,0,0,0,0,0
AGGCCGTTCTCTTATG-D1_Stim,0,0,0,0,0,0,0,0
AGGGAGTAGACAGACC-D1_Stim,0,0,0,0,0,0,0,0
AGGGAGTCACCCAGTG-D1_Stim,0,0,0,0,0,0,0,0
AGGGAGTCAGTAAGAT-D1_Stim,0,0,0,0,0,0,0,0
AGGGAGTGTGACTCAT-D1_Stim,0,0,0,0,0,0,0,0
AGGGAGTTCCTGTAGA-D1_Stim,0,0,0,0,0,0,0,0
AGGGATGAGGACACCA-D1_Stim,0,0,0,0,0,0,0,0
AGGGATGGTAGCTAAA-D1_Stim,0,0,0,0,0,0,0,0
AGGGTGAAGCTAGGCA-D1_Stim,0,0,0,0,0,0,0,0
AGGGTGACAAAGGAAG-D1_Stim,0,0,0,0,0,0,0,0
AGGGTGACAAGTCTAC-D1_Stim,0,0,0,0,0,0,0,0
AGGTCCGAGTAGGCCA-D1_Stim,0,0,0,0,0,0,0,0
AGGTCCGCAAGGACAC-D1_Stim,0,0,0,0,0,0,0,0
AGGTCCGGTATTCGTG-D1_Stim,0,0,0,0,0,0,0,0
AGGTCCGGTTGGTTTG-D1_Stim,0,0,0,0,0,0,0,0
AGGTCCGTCTGTACGA-D1_Stim,0,0,0,0,0,0,0,0
AGTAGTCCAAGTCTAC-D1_Stim,0,0,0,0,0,0,0,0
AGTCTTTGTAAGTGTA-D1_Stim,0,0,0,0,0,0,0,0
AGTCTTTGTGCCTTGG-D1_Stim,0,0,0,0,0,0,0,0
AGTCTTTTCTACGAGT-D1_Stim,0,0,0,0,0,0,0,0
AGTGAGGAGACGCAAC-D1_Stim,0,0,0,0,0,0,0,0
AGTGAGGCATCTCGCT-D1_Stim,0,0,0,0,0,0,0,0
AGTGAGGGTACCATCA-D1_Stim,0,0,0,0,0,0,0,0
AGTGAGGGTTACGACT-D1_Stim,0,0,0,0,0,0,0,0
AGTGAGGTCCTCAATT-D1_Stim,0,0,0,0,0,0,0,0
AGTGGGAAGTAACCCT-D1_Stim,0,0,0,0,0,0,0,0
AGTGGGACAGGAACGT-D1_Stim,0,0,0,0,0,0,0,0
AGTGGGAGTATGCTTG-D1_Stim,0,0,0,0,0,0,0,0
AGTTGGTAGGCATGGT-D1_Stim,0,0,0,0,0,0,0,0
AGTTGGTGTAGCGATG-D1_Stim,0,0,0,0,0,0,0,0
AGTTGGTGTAGTGAAT-D1_Stim,0,0,0,0,0,0,0,0
AGTTGGTGTGCAGGTA-D1_Stim,0,0,0,0,0,0,0,0
ATAACGCAGCTAGCCC-D1_Stim,0,0,0,0,0,0,0,0
ATAACGCGTACTCTCC-D1_Stim,0,0,0,0,0,0,0,0
ATAAGAGAGAGCTGGT-D1_Stim,0,0,0,0,0,0,0,0
ATAAGAGAGGACGAAA-D1_Stim,0,0,0,0,0,0,0,0
ATAAGAGGTCTAAACC-D1_Stim,0,0,0,0,0,0,0,0
ATAAGAGTCCAATGGT-D1_Stim,0,0,0,0,0,0,0,0
ATAGACCGTAATTGGA-D1_Stim,0,0,0,0,0,0,0,0
ATAGACCTCTCCGGTT-D1_Stim,0,0,0,0,0,0,0,0
ATCACGAAGTAGGTGC-D1_Stim,0,0,0,0,0,0,0,0
ATCACGATCTCTGCTG-D1_Stim,0,0,0,0,0,0,0,0
ATCATCTAGTCATCCA-D1_Stim,0,0,0,0,0,0,0,0
ATCATCTCATTTCAGG-D1_Stim,0,0,0,0,0,0,0,0
ATCATCTGTCCGTTAA-D1_Stim,0,0,0,0,0,0,0,0
ATCATCTGTGCGGTAA-D1_Stim,0,0,0,0,0,0,0,0
ATCATCTTCACAGTAC-D1_Stim,0,0,0,0,0,0,0,0
ATCATCTTCGAATGGG-D1_Stim,0,0,0,0,0,0,0,0
ATCCGAACAATAGAGT-D1_Stim,0,0,0,0,0,0,0,0
ATCCGAAGTAAATACG-D1_Stim,0,0,0,0,0,0,0,0
ATCGAGTAGCCAGTAG-D1_Stim,0,0,0,0,0,0,0,0
ATCTACTAGGCCATAG-D1_Stim,0,0,0,0,0,0,0,0
ATCTACTGTCTAGCGC-D1_Stim,0,0,0,0,0,0,0,0
ATCTGCCCAAAGCAAT-D1_Stim,0,0,0,0,0,0,0,0
ATCTGCCCAGGGTTAG-D1_Stim,0,0,0,0,0,0,0,0
ATCTGCCGTAGGGACT-D1_Stim,0,0,0,0,0,0,0,0
ATCTGCCTCTTGGGTA-D1_Stim,0,0,0,0,0,0,0,0
ATGAGGGAGGTTCCTA-D1_Stim,0,0,0,0,0,0,0,0
ATGAGGGAGTACTTGC-D1_Stim,0,0,0,0,0,0,0,0
ATGCGATCAAGGACAC-D1_Stim,0,0,0,0,0,0,0,0
ATGGGAGAGTACGTAA-D1_Stim,0,0,0,0,0,0,0,0
ATGGGAGTCTCTAGGA-D1_Stim,0,0,0,0,0,0,0,0
ATTACTCAGTTCCACA-D1_Stim,0,0,0,0,0,0,0,0
ATTACTCCAAGAGGCT-D1_Stim,0,0,0,0,0,0,0,0
ATTACTCTCAGAGACG-D1_Stim,0,0,0,0,0,0,0,0
ATTCTACAGCCCAACC-D1_Stim,0,0,0,0,0,0,0,0
ATTCTACCAAGGACTG-D1_Stim,0,0,0,0,0,0,0,0
ATTCTACGTAATCACC-D1_Stim,0,0,0,0,0,0,0,0
ATTGGACAGGACAGAA-D1_Stim,0,0,0,0,0,0,0,0
ATTGGACCAGGGATTG-D1_Stim,0,0,0,0,0,0,0,0
ATTGGTGCACCAACCG-D1_Stim,0,0,0,0,0,0,0,0
ATTGGTGGTGGTTTCA-D1_Stim,0,0,0,0,0,0,0,0
ATTGGTGGTTACCGAT-D1_Stim,0,0,0,0,0,0,0,0
ATTGGTGTCCTAGTGA-D1_Stim,0,0,0,0,0,0,0,0
ATTTCTGAGTGCCATT-D1_Stim,0,0,0,0,0,0,0,0
ATTTCTGCAATGTAAG-D1_Stim,0,0,0,0,0,0,0,0
ATTTCTGGTCTTCAAG-D1_Stim,0,0,0,0,0,0,0,0
ATTTCTGTCAACGCTA-D1_Stim,0,0,0,0,0,0,0,0
ATTTCTGTCTAGAGTC-D1_Stim,0,0,0,0,0,0,0,0
ATTTCTGTCTATCCTA-D1_Stim,0,0,0,0,0,0,0,0
CAACCAAGTGACAAAT-D1_Stim,0,0,0,0,0,0,0,0
CAACCAAGTGGTGTAG-D1_Stim,0,0,0,0,0,0,0,0
CAACCAAGTTGAGTTC-D1_Stim,0,0,0,0,0,0,0,0
CAACCTCGTACCGTTA-D1_Stim,0,0,0,0,0,0,0,0
CAACCTCGTGACAAAT-D1_Stim,0,0,0,0,0,0,0,0
CAACCTCTCCATTCTA-D1_Stim,0,0,0,0,0,0,0,0
CAACTAGGTGCACGAA-D1_Stim,0,0,0,0,0,0,0,0
CAAGAAAAGAAGGTGA-D1_Stim,0,0,0,0,0,0,0,0
CAAGAAAAGACAATAC-D1_Stim,0,0,0,0,0,0,0,0
CAAGAAAAGTGCGATG-D1_Stim,0,0,0,0,0,0,0,0
CAAGAAACACAACGTT-D1_Stim,0,0,0,0,0,0,0,0
CAAGAAAGTCGCTTCT-D1_Stim,0,0,0,0,0,0,0,0
CAAGAAATCTGCGACG-D1_Stim,0,0,0,0,0,0,0,0
CAAGATCAGCGAAGGG-D1_Stim,0,0,0,0,0,0,0,0
CAAGATCGTCTTCTCG-D1_Stim,0,0,0,0,0,0,0,0
CAAGTTGAGCTTATCG-D1_Stim,0,0,0,0,0,0,0,0
CAAGTTGCAATGCCAT-D1_Stim,0,0,0,0,0,0,0,0
CAAGTTGCATGATCCA-D1_Stim,0,0,0,0,0,0,0,0
CAAGTTGGTACTCAAC-D1_Stim,0,0,0,0,0,0,0,0
CAAGTTGGTAGCGTCC-D1_Stim,0,0,0,0,0,0,0,0
CAAGTTGTCTGATACG-D1_Stim,0,0,0,0,0,0,0,0
CACACAAAGACCTTTG-D1_Stim,0,0,0,0,0,0,0,0
CACACAACAGTGGAGT-D1_Stim,0,0,0,0,0,0,0,0
CACACAAGTGTCTGAT-D1_Stim,0,0,0,0,0,0,0,0
CACACAATCGTGGACC-D1_Stim,0,0,0,0,0,0,0,0
CACACCTAGCAGATCG-D1_Stim,0,0,0,0,0,0,0,0
CACACCTAGGATGGAA-D1_Stim,0,0,0,0,0,0,0,0
CACACCTTCCACGACG-D1_Stim,0,0,0,0,0,0,0,0
CACACTCAGGGTGTTG-D1_Stim,0,0,0,0,0,0,0,0
CACACTCAGTTCGCGC-D1_Stim,0,0,0,0,0,0,0,0
CACACTCCAGTTAACC-D1_Stim,0,0,0,0,0,0,0,0
CACACTCTCTGCAGTA-D1_Stim,0,0,0,0,0,0,0,0
CACAGGCCAAGGTGTG-D1_Stim,0,0,0,0,0,0,0,0
CACAGGCGTACCGGCT-D1_Stim,0,0,0,0,0,0,0,0
CACAGGCGTCTCGTTC-D1_Stim,0,0,0,0,0,0,0,0
CACAGGCTCCTTAATC-D1_Stim,0,0,0,0,0,0,0,0
CACAGTAAGCCACTAT-D1_Stim,0,0,0,0,0,0,0,0
CACAGTAAGGTGTTAA-D1_Stim,0,0,0,0,0,0,0,0
CACAGTACACTAAGTC-D1_Stim,0,0,0,0,0,0,0,0
CACAGTACACTGTCGG-D1_Stim,0,0,0,0,0,0,0,0
CACAGTACATCCAACA-D1_Stim,0,0,0,0,0,0,0,0
CACAGTACATCTCCCA-D1_Stim,0,0,0,0,0,0,0,0
CACAGTAGTGTGGCTC-D1_Stim,0,0,0,0,0,0,0,0
CACAGTATCTTGCAAG-D1_Stim,0,0,0,0,0,0,0,0
CACAGTATCTTTACGT-D1_Stim,0,0,0,0,0,0,0,0
CACATAGCACCGAATT-D1_Stim,0,0,0,0,0,0,0,0
CACATAGCAGCGTTCG-D1_Stim,0,0,0,0,0,0,0,0
CACATAGCATAAAGGT-D1_Stim,0,0,0,0,0,0,0,0
CACATAGCATGCCTTC-D1_Stim,0,0,0,0,0,0,0,0
CACATAGGTCCGTTAA-D1_Stim,0,0,0,0,0,0,0,0
CACATAGGTTATGTGC-D1_Stim,0,0,0,0,0,0,0,0
CACATTTAGGCCGAAT-D1_Stim,0,0,0,0,0,0,0,0
CACATTTAGTACCGGA-D1_Stim,0,0,0,0,0,0,0,0
CACATTTCATTGTGCA-D1_Stim,0,0,0,0,0,0,0,0
CACATTTTCCCAAGAT-D1_Stim,0,0,0,0,0,0,0,0
CACATTTTCTTTACGT-D1_Stim,0,0,0,0,0,0,0,0
CACCACTAGCGATATA-D1_Stim,0,0,0,0,0,0,0,0
CACCACTCACTGTCGG-D1_Stim,0,0,0,0,0,0,0,0
CACCACTTCGAATGGG-D1_Stim,0,0,0,0,0,0,0,0
CACCAGGCAGTATGCT-D1_Stim,0,0,0,0,0,0,0,0
CACCAGGGTAGCCTAT-D1_Stim,0,0,0,0,0,0,0,0
CACCAGGGTTCCACGG-D1_Stim,0,0,0,0,0,0,0,0
CACCAGGTCCAGAGGA-D1_Stim,0,0,0,0,0,0,0,0
CACCTTGCACGGCTAC-D1_Stim,0,0,0,0,0,0,0,0
CACCTTGGTCCGAACC-D1_Stim,0,0,0,0,0,0,0,0
CACCTTGGTCTTCAAG-D1_Stim,0,0,0,0,0,0,0,0
CACCTTGTCACTGGGC-D1_Stim,0,0,0,0,0,0,0,0
CACCTTGTCATCTGCC-D1_Stim,0,0,0,0,0,0,0,0
CACCTTGTCTGAGTGT-D1_Stim,0,0,0,0,0,0,0,0
CACTCCAAGTAACCCT-D1_Stim,0,0,0,0,0,0,0,0
CACTCCACAAGCTGGA-D1_Stim,0,0,0,0,0,0,0,0
CACTCCACAATAGCGG-D1_Stim,0,0,0,0,0,0,0,0
CACTCCAGTAGCAAAT-D1_Stim,0,0,0,0,0,0,0,0
CACTCCATCATAGCAC-D1_Stim,0,0,0,0,0,0,0,0
CAGAATCCACTAAGTC-D1_Stim,0,0,0,0,0,0,0,0
CAGAATCCAGGGTATG-D1_Stim,0,0,0,0,0,0,0,0
CAGAATCCAGTGAGTG-D1_Stim,0,0,0,0,0,0,0,0
CAGAATCGTTGACGTT-D1_Stim,0,0,0,0,0,0,0,0
CAGAGAGAGCTCCCAG-D1_Stim,0,0,0,0,0,0,0,0
CAGAGAGCACGGACAA-D1_Stim,0,0,0,0,0,0,0,0
CAGAGAGGTACTCTCC-D1_Stim,0,0,0,0,0,0,0,0
CAGAGAGTCAAACAAG-D1_Stim,0,0,0,0,0,0,0,0
CAGATCAAGAAGAAGC-D1_Stim,0,0,0,0,0,0,0,0
CAGATCATCAACACCA-D1_Stim,0,0,0,0,0,0,0,0
CAGCAGCAGCAGATCG-D1_Stim,0,0,0,0,0,0,0,0
CAGCAGCCAGATCGGA-D1_Stim,0,0,0,0,0,0,0,0
CAGCAGCGTAAGGATT-D1_Stim,0,0,0,0,0,0,0,0
CAGCAGCGTAAGTGGC-D1_Stim,0,0,0,0,0,0,0,0
CAGCAGCTCGGTTAAC-D1_Stim,0,0,0,0,0,0,0,0
CAGCATAGTAGGGACT-D1_Stim,0,0,0,0,0,0,0,0
CAGCATATCAAACAAG-D1_Stim,0,0,0,0,0,0,0,0
CAGCATATCTGGTTCC-D1_Stim,0,0,0,0,0,0,0,0
CAGCCGAAGAAACCGC-D1_Stim,0,0,0,0,0,0,0,0
CAGCCGAAGGTGTTAA-D1_Stim,0,0,0,0,0,0,0,0
CAGCGACAGGGTCGAT-D1_Stim,0,0,0,0,0,0,0,0
CAGCGACTCCGCGTTT-D1_Stim,0,0,0,0,0,0,0,0
CAGCGACTCCTGTACC-D1_Stim,0,0,0,0,0,0,0,0
CAGCTAAAGTCAAGGC-D1_Stim,0,0,0,0,0,0,0,0
CAGCTAACACGCGAAA-D1_Stim,0,0,0,0,0,0,0,0
CAGCTAACAGTAAGCG-D1_Stim,0,0,0,0,0,0,0,0
CAGCTAAGTCGACTAT-D1_Stim,0,0,0,0,0,0,0,0
CAGCTAATCTGTCTAT-D1_Stim,0,0,0,0,0,0,0,0
CAGCTGGAGGCCGAAT-D1_Stim,0,0,0,0,0,0,0,0
CAGCTGGAGGTGGGTT-D1_Stim,0,0,0,0,0,0,0,0
CAGCTGGCAAGCGTAG-D1_Stim,0,0,0,0,0,0,0,0
CAGCTGGGTCATATGC-D1_Stim,0,0,0,0,0,0,0,0
CAGGTGCGTCGGCATC-D1_Stim,0,0,0,0,0,0,0,0
CAGGTGCTCAGCCTAA-D1_Stim,0,0,0,0,0,0,0,0
CAGGTGCTCAGGCAAG-D1_Stim,0,0,0,0,0,0,0,0
CAGGTGCTCCACGAAT-D1_Stim,0,0,0,0,0,0,0,0
CAGTAACGTCATCCCT-D1_Stim,0,0,0,0,0,0,0,0
CAGTAACGTCTTCAAG-D1_Stim,0,0,0,0,0,0,0,0
CAGTAACGTGTTGAGG-D1_Stim,0,0,0,0,0,0,0,0
CAGTAACTCAGCAACT-D1_Stim,0,0,0,0,0,0,0,0
CAGTCCTAGTCCCACG-D1_Stim,0,0,0,0,0,0,0,0
CAGTCCTCATGAGCGA-D1_Stim,0,0,0,0,0,0,0,0
CAGTCCTTCGTAGGAG-D1_Stim,0,0,0,0,0,0,0,0
CATATGGAGCTGAACG-D1_Stim,0,0,0,0,0,0,0,0
CATATGGAGGGTCTCC-D1_Stim,0,0,0,0,0,0,0,0
CATATGGTCCGCATAA-D1_Stim,0,0,0,0,0,0,0,0
CATATGGTCTTTACAC-D1_Stim,0,0,0,0,0,0,0,0
CATATTCAGACACTAA-D1_Stim,0,0,0,0,0,0,0,0
CATATTCAGTACACCT-D1_Stim,0,0,0,0,0,0,0,0
CATATTCTCAGAAATG-D1_Stim,0,0,0,0,0,0,0,0
CATCAAGGTCCTAGCG-D1_Stim,0,0,0,0,0,0,0,0
CATCAAGTCCCTTGTG-D1_Stim,0,0,0,0,0,0,0,0
CATCAAGTCTGAGGGA-D1_Stim,0,0,0,0,0,0,0,0
CATCAGATCAGCAACT-D1_Stim,0,0,0,0,0,0,0,0
CATCCACAGCTAGCCC-D1_Stim,0,0,0,0,0,0,0,0
CATCCACAGGAATGGA-D1_Stim,0,0,0,0,0,0,0,0
CATCCACGTCGTGGCT-D1_Stim,0,0,0,0,0,0,0,0
CATCGAAAGATGCCTT-D1_Stim,0,0,0,0,0,0,0,0
CATCGAAAGATGGCGT-D1_Stim,0,0,0,0,0,0,0,0
CATCGAACAGCCTGTG-D1_Stim,0,0,0,0,0,0,0,0
CATCGAATCAAACAAG-D1_Stim,0,0,0,0,0,0,0,0
CATCGAATCAGCGATT-D1_Stim,0,0,0,0,0,0,0,0
CATCGAATCCAGAGGA-D1_Stim,0,0,0,0,0,0,0,0
CATCGGGGTTTGCATG-D1_Stim,0,0,0,0,0,0,0,0
CATGACATCATTGCGA-D1_Stim,0,0,0,0,0,0,0,0
CATGCCTAGACTAGAT-D1_Stim,0,0,0,0,0,0,0,0
CATGCCTCATTACCTT-D1_Stim,0,0,0,0,0,0,0,0
CATGGCGAGTGCCAGA-D1_Stim,0,0,0,0,0,0,0,0
CATGGCGCATACAGCT-D1_Stim,0,0,0,0,0,0,0,0
CATGGCGTCAGCGACC-D1_Stim,0,0,0,0,0,0,0,0
CATGGCGTCTCGTTTA-D1_Stim,0,0,0,0,0,0,0,0
CATTATCAGCTGTCTA-D1_Stim,0,0,0,0,0,0,0,0
CATTATCCAACTGCGC-D1_Stim,0,0,0,0,0,0,0,0
CATTATCGTATATGAG-D1_Stim,0,0,0,0,0,0,0,0
CATTCGCAGTGCGATG-D1_Stim,0,0,0,0,0,0,0,0
CATTCGCCAACACCCG-D1_Stim,0,0,0,0,0,0,0,0
CCAATCCAGCCCAATT-D1_Stim,0,0,0,0,0,0,0,0
CCAATCCTCAGGCAAG-D1_Stim,0,0,0,0,0,0,0,0
CCACCTAAGCCAGTTT-D1_Stim,0,0,0,0,0,0,0,0
CCACCTAAGTATTGGA-D1_Stim,0,0,0,0,0,0,0,0
CCACCTAAGTCAAGCG-D1_Stim,0,0,0,0,0,0,0,0
CCACCTAGTCCTCCAT-D1_Stim,0,0,0,0,0,0,0,0
CCACCTAGTGTTGAGG-D1_Stim,0,0,0,0,0,0,0,0
CCACCTATCATAACCG-D1_Stim,0,0,0,0,0,0,0,0
CCACCTATCCCAAGAT-D1_Stim,0,0,0,0,0,0,0,0
CCACCTATCGACAGCC-D1_Stim,0,0,0,0,0,0,0,0
CCACGGAGTGGCTCCA-D1_Stim,0,0,0,0,0,0,0,0
CCACGGATCCTGCCAT-D1_Stim,0,0,0,0,0,0,0,0
CCACTACAGAACAATC-D1_Stim,0,0,0,0,0,0,0,0
CCACTACAGATAGGAG-D1_Stim,0,0,0,0,0,0,0,0
CCACTACAGTGGTCCC-D1_Stim,0,0,0,0,0,0,0,0
CCAGCGAGTCTTGTCC-D1_Stim,0,0,0,0,0,0,0,0
CCATGTCAGATGTGGC-D1_Stim,0,0,0,0,0,0,0,0
CCATGTCAGGCCATAG-D1_Stim,0,0,0,0,0,0,0,0
CCATGTCAGTTTAGGA-D1_Stim,0,0,0,0,0,0,0,0
CCATGTCCATAGACTC-D1_Stim,0,0,0,0,0,0,0,0
CCATGTCGTGGTCTCG-D1_Stim,0,0,0,0,0,0,0,0
CCATTCGGTGACGGTA-D1_Stim,0,0,0,0,0,0,0,0
CCATTCGGTTGATTGC-D1_Stim,0,0,0,0,0,0,0,0
CCATTCGTCGTAGATC-D1_Stim,0,0,0,0,0,0,0,0
CCCAATCAGACGACGT-D1_Stim,0,0,0,0,0,0,0,0
CCCAATCAGTCATCCA-D1_Stim,0,0,0,0,0,0,0,0
CCCAATCAGTGCAAGC-D1_Stim,0,0,0,0,0,0,0,0
CCCAATCGTTAAAGTG-D1_Stim,0,0,0,0,0,0,0,0
CCCAATCTCATAAAGG-D1_Stim,0,0,0,0,0,0,0,0
CCCAGTTGTTCGTCTC-D1_Stim,0,0,0,0,0,0,0,0
CCCAGTTTCAATCACG-D1_Stim,0,0,0,0,0,0,0,0
CCCATACAGCCAGGAT-D1_Stim,0,0,0,0,0,0,0,0
CCCATACAGCTAGTTC-D1_Stim,0,0,0,0,0,0,0,0
CCCATACTCCTATGTT-D1_Stim,0,0,0,0,0,0,0,0
CCCTCCTAGGCTCAGA-D1_Stim,0,0,0,0,0,0,0,0
CCCTCCTTCAGTTCGA-D1_Stim,0,0,0,0,0,0,0,0
CCGGGATCAATCCAAC-D1_Stim,0,0,0,0,0,0,0,0
CCGGTAGAGTTGAGTA-D1_Stim,0,0,0,0,0,0,0,0
CCGGTAGCAGACGCCT-D1_Stim,0,0,0,0,0,0,0,0
CCGTACTAGCAGCGTA-D1_Stim,0,0,0,0,0,0,0,0
CCGTGGAAGGCCATAG-D1_Stim,0,0,0,0,0,0,0,0
CCGTGGACATCTACGA-D1_Stim,0,0,0,0,0,0,0,0
CCGTTCACAGTCCTTC-D1_Stim,0,0,0,0,0,0,0,0
CCGTTCAGTAGGGTAC-D1_Stim,0,0,0,0,0,0,0,0
CCGTTCAGTGTGACGA-D1_Stim,0,0,0,0,0,0,0,0
CCTAAAGAGCGTGAAC-D1_Stim,0,0,0,0,0,0,0,0
CCTAAAGGTGCCTGTG-D1_Stim,0,0,0,0,0,0,0,0
CCTAAAGGTGCTAGCC-D1_Stim,0,0,0,0,0,0,0,0
CCTAAAGTCCACTCCA-D1_Stim,0,0,0,0,0,0,0,0
CCTACACAGAATGTTG-D1_Stim,0,0,0,0,0,0,0,0
CCTACACAGTGGAGAA-D1_Stim,0,0,0,0,0,0,0,0
CCTACCACACACTGCG-D1_Stim,0,0,0,0,0,0,0,0
CCTACCATCATGTGGT-D1_Stim,0,0,0,0,0,0,0,0
CCTACCATCGTTACAG-D1_Stim,0,0,0,0,0,0,0,0
CCTAGCTAGTAGGTGC-D1_Stim,0,0,0,0,0,0,0,0
CCTAGCTCACCAACCG-D1_Stim,0,0,0,0,0,0,0,0
CCTAGCTGTTACGACT-D1_Stim,0,0,0,0,0,0,0,0
CCTAGCTGTTTAGGAA-D1_Stim,0,0,0,0,0,0,0,0
CCTAGCTTCCTGTAGA-D1_Stim,0,0,0,0,0,0,0,0
CCTAGCTTCGCCGTGA-D1_Stim,0,0,0,0,0,0,0,0
CCTATTACAGATGGGT-D1_Stim,0,0,0,0,0,0,0,0
CCTATTAGTGCACCAC-D1_Stim,0,0,0,0,0,0,0,0
CCTCAGTTCTAGCACA-D1_Stim,0,0,0,0,0,0,0,0
CCTCTGAAGAACAACT-D1_Stim,0,0,0,0,0,0,0,0
CCTCTGAAGCCGGTAA-D1_Stim,0,0,0,0,0,0,0,0
CCTCTGAAGGCTAGGT-D1_Stim,0,0,0,0,0,0,0,0
CCTCTGATCGCCGTGA-D1_Stim,0,0,0,0,0,0,0,0
CCTTACGGTCTAGCCG-D1_Stim,0,0,0,0,0,0,0,0
CCTTACGTCGCCTGTT-D1_Stim,0,0,0,0,0,0,0,0
CCTTCCCAGCCAGTTT-D1_Stim,0,0,0,0,0,0,0,0
CCTTCCCAGGAACTGC-D1_Stim,0,0,0,0,0,0,0,0
CCTTCCCGTAAGTAGT-D1_Stim,0,0,0,0,0,0,0,0
CCTTCCCGTATGCTTG-D1_Stim,0,0,0,0,0,0,0,0
CCTTCCCGTCTCCCTA-D1_Stim,0,0,0,0,0,0,0,0
CCTTCGAAGGAGTTGC-D1_Stim,0,0,0,0,0,0,0,0
CCTTCGAAGTAGATGT-D1_Stim,0,0,0,0,0,0,0,0
CCTTCGACATGTTGAC-D1_Stim,0,0,0,0,0,0,0,0
CCTTCGATCAGAGCTT-D1_Stim,0,0,0,0,0,0,0,0
CCTTTCTAGGTGCTAG-D1_Stim,0,0,0,0,0,0,0,0
CGAACATAGTTAACGA-D1_Stim,0,0,0,0,0,0,0,0
CGAATGTCACACCGAC-D1_Stim,0,0,0,0,0,0,0,0
CGAATGTGTGAAATCA-D1_Stim,0,0,0,0,0,0,0,0
CGAATGTGTTGAGGTG-D1_Stim,0,0,0,0,0,0,0,0
CGAATGTTCTGGTATG-D1_Stim,0,0,0,0,0,0,0,0
CGAATGTTCTTATCTG-D1_Stim,0,0,0,0,0,0,0,0
CGACCTTAGTCGTTTG-D1_Stim,0,0,0,0,0,0,0,0
CGACCTTCACAGACAG-D1_Stim,0,0,0,0,0,0,0,0
CGACCTTGTAGATTAG-D1_Stim,0,0,0,0,0,0,0,0
CGACCTTGTGCCTTGG-D1_Stim,0,0,0,0,0,0,0,0
CGACCTTTCCTTAATC-D1_Stim,0,0,0,0,0,0,0,0
CGACTTCAGAGCCCAA-D1_Stim,0,0,0,0,0,0,0,0
CGACTTCCATATACGC-D1_Stim,0,0,0,0,0,0,0,0
CGACTTCGTTATGCGT-D1_Stim,0,0,0,0,0,0,0,0
CGAGAAGAGACCTAGG-D1_Stim,0,0,0,0,0,0,0,0
CGAGAAGGTATAATGG-D1_Stim,0,0,0,0,0,0,0,0
CGAGAAGTCACAGGCC-D1_Stim,0,0,0,0,0,0,0,0
CGAGCACAGTGCGATG-D1_Stim,0,0,0,0,0,0,0,0
CGAGCACCATCGATTG-D1_Stim,0,0,0,0,0,0,0,0
CGAGCCACAGATCTGT-D1_Stim,0,0,0,0,0,0,0,0
CGATCGGGTTCGCTAA-D1_Stim,0,0,0,0,0,0,0,0
CGATGGCCAAAGGCGT-D1_Stim,0,0,0,0,0,0,0,0
CGATGGCTCAACGGGA-D1_Stim,0,0,0,0,0,0,0,0
CGATGTAAGGAACTGC-D1_Stim,0,0,0,0,0,0,0,0
CGATGTAGTTAAAGAC-D1_Stim,0,0,0,0,0,0,0,0
CGATGTATCACATGCA-D1_Stim,0,0,0,0,0,0,0,0
CGATTGACATGCCACG-D1_Stim,0,0,0,0,0,0,0,0
CGATTGAGTCATTAGC-D1_Stim,0,0,0,0,0,0,0,0
CGATTGATCCGAACGC-D1_Stim,0,0,0,0,0,0,0,0
CGATTGATCGCGGATC-D1_Stim,0,0,0,0,0,0,0,0
CGCCAAGAGTAAGTAC-D1_Stim,0,0,0,0,0,0,0,0
CGCCAAGCAGGTGCCT-D1_Stim,0,0,0,0,0,0,0,0
CGCCAAGTCTGCGACG-D1_Stim,0,0,0,0,0,0,0,0
CGCGGTAAGAAACGCC-D1_Stim,0,0,0,0,0,0,0,0
CGCGGTACAAGAAGAG-D1_Stim,0,0,0,0,0,0,0,0
CGCGTTTAGTGTACTC-D1_Stim,0,0,0,0,0,0,0,0
CGCGTTTCAGCTTAAC-D1_Stim,0,0,0,0,0,0,0,0
CGCGTTTCATAGACTC-D1_Stim,0,0,0,0,0,0,0,0
CGCTATCCAACACCCG-D1_Stim,0,0,0,0,0,0,0,0
CGCTATCCACCGAAAG-D1_Stim,0,0,0,0,0,0,0,0
CGCTATCCATGAACCT-D1_Stim,0,0,0,0,0,0,0,0
CGCTGGACAAGCCATT-D1_Stim,0,0,0,0,0,0,0,0
CGCTGGAGTGCTAGCC-D1_Stim,0,0,0,0,0,0,0,0
CGCTGGATCATCTGTT-D1_Stim,0,0,0,0,0,0,0,0
CGCTTCAGTTGTCTTT-D1_Stim,0,0,0,0,0,0,0,0
CGCTTCATCTGCGACG-D1_Stim,0,0,0,0,0,0,0,0
CGGACACGTACGAAAT-D1_Stim,0,0,0,0,0,0,0,0
CGGACACGTAGCGCAA-D1_Stim,0,0,0,0,0,0,0,0
CGGACACGTGGTAACG-D1_Stim,0,0,0,0,0,0,0,0
CGGACACGTTGATTCG-D1_Stim,0,0,0,0,0,0,0,0
CGGACGTGTAAACCTC-D1_Stim,0,0,0,0,0,0,0,0
CGGACGTGTGTTAAGA-D1_Stim,0,0,0,0,0,0,0,0
CGGACGTGTTCACGGC-D1_Stim,0,0,0,0,0,0,0,0
CGGACTGAGCTGCGAA-D1_Stim,0,0,0,0,0,0,0,0
CGGACTGAGCTTCGCG-D1_Stim,0,0,0,0,0,0,0,0
CGGACTGCATCGGAAG-D1_Stim,0,0,0,0,0,0,0,0
CGGACTGGTCCAAGTT-D1_Stim,0,0,0,0,0,0,0,0
CGGACTGTCGCCAAAT-D1_Stim,0,0,0,0,0,0,0,0
CGGAGCTAGCTAGTGG-D1_Stim,0,0,0,0,0,0,0,0
CGGAGCTCAGTCCTTC-D1_Stim,0,0,0,0,0,0,0,0
CGGAGCTGTCCGAACC-D1_Stim,0,0,0,0,0,0,0,0
CGGAGTCAGCTGAACG-D1_Stim,0,0,0,0,0,0,0,0
CGGAGTCAGGACAGAA-D1_Stim,0,0,0,0,0,0,0,0
CGGAGTCCATGACGGA-D1_Stim,0,0,0,0,0,0,0,0
CGGAGTCGTAGCGTGA-D1_Stim,0,0,0,0,0,0,0,0
CGGAGTCTCACAATGC-D1_Stim,0,0,0,0,0,0,0,0
CGGGTCAAGTGTTTGC-D1_Stim,0,0,0,0,0,0,0,0
CGGGTCAGTAGGCTGA-D1_Stim,0,0,0,0,0,0,0,0
CGGGTCATCCCTAACC-D1_Stim,0,0,0,0,0,0,0,0
CGGTTAACAGCGAACA-D1_Stim,0,0,0,0,0,0,0,0
CGGTTAACAGGTCTCG-D1_Stim,0,0,0,0,0,0,0,0
CGGTTAACATCAGTAC-D1_Stim,0,0,0,0,0,0,0,0
CGGTTAATCCGCTGTT-D1_Stim,0,0,0,0,0,0,0,0
CGTAGCGAGAGCTGGT-D1_Stim,0,0,0,0,0,0,0,0
CGTAGCGAGCGATCCC-D1_Stim,0,0,0,0,0,0,0,0
CGTAGCGCACTCTGTC-D1_Stim,0,0,0,0,0,0,0,0
CGTAGCGGTAGAGGAA-D1_Stim,0,0,0,0,0,0,0,0
CGTAGGCCACCTATCC-D1_Stim,0,0,0,0,0,0,0,0
CGTAGGCTCACTTACT-D1_Stim,0,0,0,0,0,0,0,0
CGTAGGCTCCTTAATC-D1_Stim,0,0,0,0,0,0,0,0
CGTCACTTCAACACTG-D1_Stim,0,0,0,0,0,0,0,0
CGTCACTTCGTCCGTT-D1_Stim,0,0,0,0,0,0,0,0
CGTCAGGAGGATGGTC-D1_Stim,0,0,0,0,0,0,0,0
CGTCAGGCACCGATAT-D1_Stim,0,0,0,0,0,0,0,0
CGTCAGGGTGGCCCTA-D1_Stim,0,0,0,0,0,0,0,0
CGTCAGGGTTGACGTT-D1_Stim,0,0,0,0,0,0,0,0
CGTCCATCATGGATGG-D1_Stim,0,0,0,0,0,0,0,0
CGTCTACTCGATCCCT-D1_Stim,0,0,0,0,0,0,0,0
CGTGAGCCAATCGGTT-D1_Stim,0,0,0,0,0,0,0,0
CGTGAGCTCAGTCCCT-D1_Stim,0,0,0,0,0,0,0,0
CGTGTAAAGCACGCCT-D1_Stim,0,0,0,0,0,0,0,0
CGTGTAACACACAGAG-D1_Stim,0,0,0,0,0,0,0,0
CGTGTAAGTAAGGATT-D1_Stim,0,0,0,0,0,0,0,0
CGTGTAATCGTTTATC-D1_Stim,0,0,0,0,0,0,0,0
CGTGTAATCTGTCCGT-D1_Stim,0,0,0,0,0,0,0,0
CGTGTCTCATGTCCTC-D1_Stim,0,0,0,0,0,0,0,0
CGTGTCTGTTCCATGA-D1_Stim,0,0,0,0,0,0,0,0
CGTGTCTTCACAATGC-D1_Stim,0,0,0,0,0,0,0,0
CGTTAGACAGCTGTGC-D1_Stim,0,0,0,0,0,0,0,0
CGTTAGAGTCTGGTCG-D1_Stim,0,0,0,0,0,0,0,0
CGTTCTGAGAACTCGG-D1_Stim,0,0,0,0,0,0,0,0
CGTTCTGAGTACGTTC-D1_Stim,0,0,0,0,0,0,0,0
CGTTCTGTCTAACTCT-D1_Stim,0,0,0,0,0,0,0,0
CGTTGGGGTACTCAAC-D1_Stim,0,0,0,0,0,0,0,0
CGTTGGGGTGAGGGAG-D1_Stim,0,0,0,0,0,0,0,0
CTAACTTCAGCCTTGG-D1_Stim,0,0,0,0,0,0,0,0
CTAAGACAGCTGAACG-D1_Stim,0,0,0,0,0,0,0,0
CTAAGACGTACCGGCT-D1_Stim,0,0,0,0,0,0,0,0
CTAAGACGTAGCTGCC-D1_Stim,0,0,0,0,0,0,0,0
CTACACCGTTCCTCCA-D1_Stim,0,0,0,0,0,0,0,0
CTACATTGTCTAAAGA-D1_Stim,0,0,0,0,0,0,0,0
CTACATTGTTTGCATG-D1_Stim,0,0,0,0,0,0,0,0
CTACCCACATACGCTA-D1_Stim,0,0,0,0,0,0,0,0
CTACCCACATGTCTCC-D1_Stim,0,0,0,0,0,0,0,0
CTACCCAGTTTGACAC-D1_Stim,0,0,0,0,0,0,0,0
CTACGTCAGTATCTCG-D1_Stim,0,0,0,0,0,0,0,0
CTACGTCAGTCGTACT-D1_Stim,0,0,0,0,0,0,0,0
CTACGTCCACTTACGA-D1_Stim,0,0,0,0,0,0,0,0
CTAGAGTAGATACACA-D1_Stim,0,0,0,0,0,0,0,0
CTAGAGTAGTCGATAA-D1_Stim,0,0,0,0,0,0,0,0
CTAGAGTCAATCTGCA-D1_Stim,0,0,0,0,0,0,0,0
CTAGAGTCAATGACCT-D1_Stim,0,0,0,0,0,0,0,0
CTAGAGTGTTGTTTGG-D1_Stim,0,0,0,0,0,0,0,0
CTAGAGTTCCAAACTG-D1_Stim,0,0,0,0,0,0,0,0
CTAGCCTAGATATGCA-D1_Stim,0,0,0,0,0,0,0,0
CTAGCCTAGCGTGTCC-D1_Stim,0,0,0,0,0,0,0,0
CTAGCCTAGCTAAACA-D1_Stim,0,0,0,0,0,0,0,0
CTAGCCTGTCACACGC-D1_Stim,0,0,0,0,0,0,0,0
CTAGTGAAGTAGGTGC-D1_Stim,0,0,0,0,0,0,0,0
CTAGTGAGTTAAGGGC-D1_Stim,0,0,0,0,0,0,0,0
CTCACACTCCATGCTC-D1_Stim,0,0,0,0,0,0,0,0
CTCACACTCTTCTGGC-D1_Stim,0,0,0,0,0,0,0,0
CTCAGAACAGTATAAG-D1_Stim,0,0,0,0,0,0,0,0
CTCAGAATCTCTTGAT-D1_Stim,0,0,0,0,0,0,0,0
CTCATTAAGCTGCAAG-D1_Stim,0,0,0,0,0,0,0,0
CTCATTACAAAGGTGC-D1_Stim,0,0,0,0,0,0,0,0
CTCATTATCGCCAGCA-D1_Stim,0,0,0,0,0,0,0,0
CTCCTAGAGCTCCCAG-D1_Stim,0,0,0,0,0,0,0,0
CTCCTAGCATATACGC-D1_Stim,0,0,0,0,0,0,0,0
CTCCTAGCATGGTCTA-D1_Stim,0,0,0,0,0,0,0,0
CTCGAAACACGAAATA-D1_Stim,0,0,0,0,0,0,0,0
CTCGAAAGTAAACGCG-D1_Stim,0,0,0,0,0,0,0,0
CTCGAAAGTTAAGGGC-D1_Stim,0,0,0,0,0,0,0,0
CTCGAAATCAGCTCGG-D1_Stim,0,0,0,0,0,0,0,0
CTCGAGGAGAAGATTC-D1_Stim,0,0,0,0,0,0,0,0
CTCGAGGAGAGTAATC-D1_Stim,0,0,0,0,0,0,0,0
CTCGAGGAGCTAACTC-D1_Stim,0,0,0,0,0,0,0,0
CTCGAGGCAAGGACTG-D1_Stim,0,0,0,0,0,0,0,0
CTCGAGGGTCCGTGAC-D1_Stim,0,0,0,0,0,0,0,0
CTCGAGGTCAGCGATT-D1_Stim,0,0,0,0,0,0,0,0
CTCGAGGTCCCATTTA-D1_Stim,0,0,0,0,0,0,0,0
CTCGGAGAGGAGCGAG-D1_Stim,0,0,0,0,0,0,0,0
CTCGGAGCATAGGATA-D1_Stim,0,0,0,0,0,0,0,0
CTCGGAGCATTGTGCA-D1_Stim,0,0,0,0,0,0,0,0
CTCGGAGGTTTGTGTG-D1_Stim,0,0,0,0,0,0,0,0
CTCGGGACACTGTCGG-D1_Stim,0,0,0,0,0,0,0,0
CTCGGGACACTTCGAA-D1_Stim,0,0,0,0,0,0,0,0
CTCGGGACATTAGCCA-D1_Stim,0,0,0,0,0,0,0,0
CTCGGGATCTTATCTG-D1_Stim,0,0,0,0,0,0,0,0
CTCGTACCAGTGGAGT-D1_Stim,0,0,0,0,0,0,0,0
CTCGTACGTAGCTGCC-D1_Stim,0,0,0,0,0,0,0,0
CTCGTCAAGACGACGT-D1_Stim,0,0,0,0,0,0,0,0
CTCGTCAGTCGACTAT-D1_Stim,0,0,0,0,0,0,0,0
CTCGTCATCACAAACC-D1_Stim,0,0,0,0,0,0,0,0
CTCGTCATCACATGCA-D1_Stim,0,0,0,0,0,0,0,0
CTCGTCATCTGCGACG-D1_Stim,0,0,0,0,0,0,0,0
CTCTAATAGCTCCTCT-D1_Stim,0,0,0,0,0,0,0,0
CTCTAATAGTGTGAAT-D1_Stim,0,0,0,0,0,0,0,0
CTCTAATCAAAGCAAT-D1_Stim,0,0,0,0,0,0,0,0
CTCTAATCATCTCGCT-D1_Stim,0,0,0,0,0,0,0,0
CTCTAATCATGGTCTA-D1_Stim,0,0,0,0,0,0,0,0
CTCTAATTCCTCAATT-D1_Stim,0,0,0,0,0,0,0,0
CTCTACGAGACTAAGT-D1_Stim,0,0,0,0,0,0,0,0
CTCTACGCATATACGC-D1_Stim,0,0,0,0,0,0,0,0
CTCTACGTCGGAAACG-D1_Stim,0,0,0,0,0,0,0,0
CTGAAACAGGCTCTTA-D1_Stim,0,0,0,0,0,0,0,0
CTGAAACAGGGCATGT-D1_Stim,0,0,0,0,0,0,0,0
CTGAAGTCAGCCACCA-D1_Stim,0,0,0,0,0,0,0,0
CTGATAGGTCAAAGAT-D1_Stim,0,0,0,0,0,0,0,0
CTGATCCTCGTGGTCG-D1_Stim,0,0,0,0,0,0,0,0
CTGCCTACACAGACAG-D1_Stim,0,0,0,0,0,0,0,0
CTGCCTACATCACCCT-D1_Stim,0,0,0,0,0,0,0,0
CTGCCTAGTCAGAAGC-D1_Stim,0,0,0,0,0,0,0,0
CTGCCTAGTTCCGTCT-D1_Stim,0,0,0,0,0,0,0,0
CTGCGGAGTAAAGTCA-D1_Stim,0,0,0,0,0,0,0,0
CTGGTCTCAGCGTCCA-D1_Stim,0,0,0,0,0,0,0,0
CTGGTCTCATAACCTG-D1_Stim,0,0,0,0,0,0,0,0
CTGGTCTGTGCAGACA-D1_Stim,0,0,0,0,0,0,0,0
CTGTGCTCAGGCAGTA-D1_Stim,0,0,0,0,0,0,0,0
CTGTGCTCATAGTAAG-D1_Stim,0,0,0,0,0,0,0,0
CTGTTTAAGCAGACTG-D1_Stim,0,0,0,0,0,0,0,0
CTGTTTAGTCAGAATA-D1_Stim,0,0,0,0,0,0,0,0
CTTAACTAGACCCACC-D1_Stim,0,0,0,0,0,0,0,0
CTTAACTCATGCCACG-D1_Stim,0,0,0,0,0,0,0,0
CTTAACTGTCATCCCT-D1_Stim,0,0,0,0,0,0,0,0
CTTAACTGTTTCGCTC-D1_Stim,0,0,0,0,0,0,0,0
CTTAACTTCAACGCTA-D1_Stim,0,0,0,0,0,0,0,0
CTTACCGAGCTCAACT-D1_Stim,0,0,0,0,0,0,0,0
CTTACCGCACACCGCA-D1_Stim,0,0,0,0,0,0,0,0
CTTACCGCATTGGCGC-D1_Stim,0,0,0,0,0,0,0,0
CTTAGGAAGAGATGAG-D1_Stim,0,0,0,0,0,0,0,0
CTTAGGACAGCGAACA-D1_Stim,0,0,0,0,0,0,0,0
CTTAGGATCGGTGTCG-D1_Stim,0,0,0,0,0,0,0,0
CTTAGGATCGTTACGA-D1_Stim,0,0,0,0,0,0,0,0
CTTCTCTAGTACGTTC-D1_Stim,0,0,0,0,0,0,0,0
CTTCTCTTCCTTTCGG-D1_Stim,0,0,0,0,0,0,0,0
CTTGGCTTCCCGACTT-D1_Stim,0,0,0,0,0,0,0,0
CTTTGCGCACCCTATC-D1_Stim,0,0,0,0,0,0,0,0
CTTTGCGTCCAAGCCG-D1_Stim,0,0,0,0,0,0,0,0
GAAACTCCAGCGAACA-D1_Stim,0,0,0,0,0,0,0,0
GAAACTCTCCCTTGTG-D1_Stim,0,0,0,0,0,0,0,0
GAAATGAAGCAGGTCA-D1_Stim,0,0,0,0,0,0,0,0
GAAATGACACTCAGGC-D1_Stim,0,0,0,0,0,0,0,0
GAAATGAGTTAAGGGC-D1_Stim,0,0,0,0,0,0,0,0
GAACATCGTAAGCACG-D1_Stim,0,0,0,0,0,0,0,0
GAACCTATCCGCAGTG-D1_Stim,0,0,0,0,0,0,0,0
GAACCTATCTGCGACG-D1_Stim,0,0,0,0,0,0,0,0
GAAGCAGAGAGGTAGA-D1_Stim,0,0,0,0,0,0,0,0
GAAGCAGAGCCAGGAT-D1_Stim,0,0,0,0,0,0,0,0
GAAGCAGCAAAGGAAG-D1_Stim,0,0,0,0,0,0,0,0
GAAGCAGCATCGGAAG-D1_Stim,0,0,0,0,0,0,0,0
GAAGCAGCATGTCTCC-D1_Stim,0,0,0,0,0,0,0,0
GAAGCAGGTAGAAGGA-D1_Stim,0,0,0,0,0,0,0,0
GAAGCAGGTGAAGGCT-D1_Stim,0,0,0,0,0,0,0,0
GAAGCAGGTTCACGGC-D1_Stim,0,0,0,0,0,0,0,0
GAAGCAGTCATCACCC-D1_Stim,0,0,0,0,0,0,0,0
GAAGCAGTCCAAATGC-D1_Stim,0,0,0,0,0,0,0,0
GAAGCAGTCGCTGATA-D1_Stim,0,0,0,0,0,0,0,0
GAATAAGCAGCCAGAA-D1_Stim,0,0,0,0,0,0,0,0
GAATAAGCATGTAGTC-D1_Stim,0,0,0,0,0,0,0,0
GAATGAACAGTGACAG-D1_Stim,0,0,0,0,0,0,0,0
GAATGAACATCCGCGA-D1_Stim,0,0,0,0,0,0,0,0
GACACGCAGGCGACAT-D1_Stim,0,0,0,0,0,0,0,0
GACACGCTCCCTTGCA-D1_Stim,0,0,0,0,0,0,0,0
GACAGAGCAAGCCGCT-D1_Stim,0,0,0,0,0,0,0,0
GACAGAGCACTATCTT-D1_Stim,0,0,0,0,0,0,0,0
GACCAATCAACTTGAC-D1_Stim,0,0,0,0,0,0,0,0
GACCAATGTGATGCCC-D1_Stim,0,0,0,0,0,0,0,0
GACCTGGGTAAACGCG-D1_Stim,0,0,0,0,0,0,0,0
GACCTGGGTGCAGACA-D1_Stim,0,0,0,0,0,0,0,0
GACCTGGGTGTGAATA-D1_Stim,0,0,0,0,0,0,0,0
GACCTGGGTGTTCGAT-D1_Stim,0,0,0,0,0,0,0,0
GACCTGGGTTCCCTTG-D1_Stim,0,0,0,0,0,0,0,0
GACGCGTCAGCTCCGA-D1_Stim,0,0,0,0,0,0,0,0
GACGCGTGTCCGAATT-D1_Stim,0,0,0,0,0,0,0,0
GACGGCTAGATCCCGC-D1_Stim,0,0,0,0,0,0,0,0
GACGTGCGTGCAACTT-D1_Stim,0,0,0,0,0,0,0,0
GACGTTAAGAAGGTTT-D1_Stim,0,0,0,0,0,0,0,0
GACGTTAAGTCAAGGC-D1_Stim,0,0,0,0,0,0,0,0
GACGTTACACTAGTAC-D1_Stim,0,0,0,0,0,0,0,0
GACGTTAGTGATGCCC-D1_Stim,0,0,0,0,0,0,0,0
GACGTTATCACCACCT-D1_Stim,0,0,0,0,0,0,0,0
GACGTTATCTGCAAGT-D1_Stim,0,0,0,0,0,0,0,0
GACGTTATCTTCAACT-D1_Stim,0,0,0,0,0,0,0,0
GACTAACAGAGGGCTT-D1_Stim,0,0,0,0,0,0,0,0
GACTAACAGGCCCTTG-D1_Stim,0,0,0,0,0,0,0,0
GACTAACAGTACGCCC-D1_Stim,0,0,0,0,0,0,0,0
GACTAACTCCTCATTA-D1_Stim,0,0,0,0,0,0,0,0
GACTACAAGGGTCGAT-D1_Stim,0,0,0,0,0,0,0,0
GACTGCGAGTTCGCGC-D1_Stim,0,0,0,0,0,0,0,0
GACTGCGCAGAGTGTG-D1_Stim,0,0,0,0,0,0,0,0
GACTGCGGTTCGCTAA-D1_Stim,0,0,0,0,0,0,0,0
GAGGTGAAGACTTTCG-D1_Stim,0,0,0,0,0,0,0,0
GAGGTGAAGGCAGTCA-D1_Stim,0,0,0,0,0,0,0,0
GAGGTGATCGCTTAGA-D1_Stim,0,0,0,0,0,0,0,0
GAGTCCGAGAACTGTA-D1_Stim,0,0,0,0,0,0,0,0
GAGTCCGTCCTTTCTC-D1_Stim,0,0,0,0,0,0,0,0
GATCAGTAGCCAGAAC-D1_Stim,0,0,0,0,0,0,0,0
GATCAGTAGGATCGCA-D1_Stim,0,0,0,0,0,0,0,0
GATCAGTGTGTAACGG-D1_Stim,0,0,0,0,0,0,0,0
GATCGATAGCGCCTCA-D1_Stim,0,0,0,0,0,0,0,0
GATCGCGAGGGATCTG-D1_Stim,0,0,0,0,0,0,0,0
GATCGCGGTATAGGTA-D1_Stim,0,0,0,0,0,0,0,0
GATCGCGTCAGCCTAA-D1_Stim,0,0,0,0,0,0,0,0
GATCGTATCGGACAAG-D1_Stim,0,0,0,0,0,0,0,0
GATCTAGAGCACCGTC-D1_Stim,0,0,0,0,0,0,0,0
GATCTAGTCAACACCA-D1_Stim,0,0,0,0,0,0,0,0
GATGAAAAGAAACCTA-D1_Stim,0,0,0,0,0,0,0,0
GATGAAAAGAGTACAT-D1_Stim,0,0,0,0,0,0,0,0
GATGAAACAGGCGATA-D1_Stim,0,0,0,0,0,0,0,0
GATGAAAGTCGGCACT-D1_Stim,0,0,0,0,0,0,0,0
GATGAAAGTCTAGCCG-D1_Stim,0,0,0,0,0,0,0,0
GATGAGGAGAATTCCC-D1_Stim,0,0,0,0,0,0,0,0
GATGAGGAGGTGGGTT-D1_Stim,0,0,0,0,0,0,0,0
GATGAGGAGTTGTAGA-D1_Stim,0,0,0,0,0,0,0,0
GATGAGGTCAACACAC-D1_Stim,0,0,0,0,0,0,0,0
GATGAGGTCAATCACG-D1_Stim,0,0,0,0,0,0,0,0
GATGCTACAAAGAATC-D1_Stim,0,0,0,0,0,0,0,0
GATGCTAGTTGAGGTG-D1_Stim,0,0,0,0,0,0,0,0
GCAAACTCAGTCCTTC-D1_Stim,0,0,0,0,0,0,0,0
GCAAACTCATTAGGCT-D1_Stim,0,0,0,0,0,0,0,0
GCAAACTGTCTAGTGT-D1_Stim,0,0,0,0,0,0,0,0
GCAATCAAGCGATCCC-D1_Stim,0,0,0,0,0,0,0,0
GCAATCAAGTGTGGCA-D1_Stim,0,0,0,0,0,0,0,0
GCAATCACATCTCGCT-D1_Stim,0,0,0,0,0,0,0,0
GCAATCATCATTCACT-D1_Stim,0,0,0,0,0,0,0,0
GCAATCATCTTGAGAC-D1_Stim,0,0,0,0,0,0,0,0
GCACATACACCGAAAG-D1_Stim,0,0,0,0,0,0,0,0
GCACATAGTCCGACGT-D1_Stim,0,0,0,0,0,0,0,0
GCACATAGTGATGTCT-D1_Stim,0,0,0,0,0,0,0,0
GCACTCTAGACTAGAT-D1_Stim,0,0,0,0,0,0,0,0
GCAGCCAAGAAGGTTT-D1_Stim,0,0,0,0,0,0,0,0
GCAGCCAAGCTAGCCC-D1_Stim,0,0,0,0,0,0,0,0
GCAGCCAAGTTAGGTA-D1_Stim,0,0,0,0,0,0,0,0
GCAGCCACAATGTTGC-D1_Stim,0,0,0,0,0,0,0,0
GCAGCCAGTGAAAGAG-D1_Stim,0,0,0,0,0,0,0,0
GCAGCCATCGGTTAAC-D1_Stim,0,0,0,0,0,0,0,0
GCAGCCATCTCCCTGA-D1_Stim,0,0,0,0,0,0,0,0
GCAGTTACAGTAACGG-D1_Stim,0,0,0,0,0,0,0,0
GCAGTTAGTCAAGCGA-D1_Stim,0,0,0,0,0,0,0,0
GCAGTTAGTGCGAAAC-D1_Stim,0,0,0,0,0,0,0,0
GCAGTTAGTTCGGCAC-D1_Stim,0,0,0,0,0,0,0,0
GCATACAGTAGAGCTG-D1_Stim,0,0,0,0,0,0,0,0
GCATACAGTCGTTGTA-D1_Stim,0,0,0,0,0,0,0,0
GCATACAGTTCACCTC-D1_Stim,0,0,0,0,0,0,0,0
GCATACAGTTCAGACT-D1_Stim,0,0,0,0,0,0,0,0
GCATACATCATGTCCC-D1_Stim,0,0,0,0,0,0,0,0
GCATGATAGCCCGAAA-D1_Stim,0,0,0,0,0,0,0,0
GCATGATCAAGTACCT-D1_Stim,0,0,0,0,0,0,0,0
GCATGATTCGGTCTAA-D1_Stim,0,0,0,0,0,0,0,0
GCATGCGAGGAATCGC-D1_Stim,0,0,0,0,0,0,0,0
GCATGCGAGGGAACGG-D1_Stim,0,0,0,0,0,0,0,0
GCATGCGAGTACCGGA-D1_Stim,0,0,0,0,0,0,0,0
GCATGCGCAAACCTAC-D1_Stim,0,0,0,0,0,0,0,0
GCATGCGGTAGAGGAA-D1_Stim,0,0,0,0,0,0,0,0
GCATGTAGTGTTGAGG-D1_Stim,0,0,0,0,0,0,0,0
GCATGTATCGCGTTTC-D1_Stim,0,0,0,0,0,0,0,0
GCCAAATAGCTGCAAG-D1_Stim,0,0,0,0,0,0,0,0
GCCAAATCAAGGACAC-D1_Stim,0,0,0,0,0,0,0,0
GCCAAATTCTGCTGCT-D1_Stim,0,0,0,0,0,0,0,0
GCCTCTAGTCTGCGGT-D1_Stim,0,0,0,0,0,0,0,0
GCGACCAAGATGCCTT-D1_Stim,0,0,0,0,0,0,0,0
GCGACCAAGCACAGGT-D1_Stim,0,0,0,0,0,0,0,0
GCGACCAAGGGAGTAA-D1_Stim,0,0,0,0,0,0,0,0
GCGCAACAGTAACCCT-D1_Stim,0,0,0,0,0,0,0,0
GCGCAGTCACATTTCT-D1_Stim,0,0,0,0,0,0,0,0
GCGCAGTCAGATTGCT-D1_Stim,0,0,0,0,0,0,0,0
GCGCAGTGTATGAAAC-D1_Stim,0,0,0,0,0,0,0,0
GCGCAGTGTTCCCGAG-D1_Stim,0,0,0,0,0,0,0,0
GCGCCAAGTCCGAACC-D1_Stim,0,0,0,0,0,0,0,0
GCGCGATAGTTTGCGT-D1_Stim,0,0,0,0,0,0,0,0
GCGCGATCACCTATCC-D1_Stim,0,0,0,0,0,0,0,0
GCGCGATGTTGATTGC-D1_Stim,0,0,0,0,0,0,0,0
GCGGGTTAGTACGTTC-D1_Stim,0,0,0,0,0,0,0,0
GCGGGTTGTCCAGTTA-D1_Stim,0,0,0,0,0,0,0,0
GCTCCTACATCCTAGA-D1_Stim,0,0,0,0,0,0,0,0
GCTCCTAGTATTACCG-D1_Stim,0,0,0,0,0,0,0,0
GCTCCTATCTTAGAGC-D1_Stim,0,0,0,0,0,0,0,0
GCTCCTATCTTCATGT-D1_Stim,0,0,0,0,0,0,0,0
GCTCTGTCACCAGCAC-D1_Stim,0,0,0,0,0,0,0,0
GCTCTGTGTCTTGTCC-D1_Stim,0,0,0,0,0,0,0,0
GCTCTGTTCGACCAGC-D1_Stim,0,0,0,0,0,0,0,0
GCTGCAGCAAGTCATC-D1_Stim,0,0,0,0,0,0,0,0
GCTGCAGTCACTTATC-D1_Stim,0,0,0,0,0,0,0,0
GCTGCGAAGACGACGT-D1_Stim,0,0,0,0,0,0,0,0
GCTGCGAAGCCAGTAG-D1_Stim,0,0,0,0,0,0,0,0
GCTGCGACATCTCCCA-D1_Stim,0,0,0,0,0,0,0,0
GCTGCGAGTCAACTGT-D1_Stim,0,0,0,0,0,0,0,0
GCTGCTTCACATGACT-D1_Stim,0,0,0,0,0,0,0,0
GCTGCTTGTCTAGTCA-D1_Stim,0,0,0,0,0,0,0,0
GCTGGGTAGTGTTGAA-D1_Stim,0,0,0,0,0,0,0,0
GCTGGGTTCTTACCTA-D1_Stim,0,0,0,0,0,0,0,0
GCTTCCAAGCCGCCTA-D1_Stim,0,0,0,0,0,0,0,0
GCTTCCACAATCCAAC-D1_Stim,0,0,0,0,0,0,0,0
GCTTCCACACTTACGA-D1_Stim,0,0,0,0,0,0,0,0
GCTTGAAAGCAACGGT-D1_Stim,0,0,0,0,0,0,0,0
GCTTGAAGTTCGAATC-D1_Stim,0,0,0,0,0,0,0,0
GCTTGAATCTCTGAGA-D1_Stim,0,0,0,0,0,0,0,0
GGAAAGCAGAAGGACA-D1_Stim,0,0,0,0,0,0,0,0
GGAAAGCTCAGCGATT-D1_Stim,0,0,0,0,0,0,0,0
GGAAAGCTCCGCATAA-D1_Stim,0,0,0,0,0,0,0,0
GGAACTTTCCGAAGAG-D1_Stim,0,0,0,0,0,0,0,0
GGAACTTTCGCAAGCC-D1_Stim,0,0,0,0,0,0,0,0
GGAATAAGTCTAGCGC-D1_Stim,0,0,0,0,0,0,0,0
GGAATAATCGCACTCT-D1_Stim,0,0,0,0,0,0,0,0
GGACAAGCAGACAAGC-D1_Stim,0,0,0,0,0,0,0,0
GGACAAGGTCTTGCGG-D1_Stim,0,0,0,0,0,0,0,0
GGACAAGTCAGGTTCA-D1_Stim,0,0,0,0,0,0,0,0
GGACAGACAGACGCAA-D1_Stim,0,0,0,0,0,0,0,0
GGACAGACAGCCTTGG-D1_Stim,0,0,0,0,0,0,0,0
GGACAGATCGGCCGAT-D1_Stim,0,0,0,0,0,0,0,0
GGACAGATCGGCTTGG-D1_Stim,0,0,0,0,0,0,0,0
GGACATTCACTACAGT-D1_Stim,0,0,0,0,0,0,0,0
GGACATTGTAGAAGGA-D1_Stim,0,0,0,0,0,0,0,0
GGACATTGTGTGCGTC-D1_Stim,0,0,0,0,0,0,0,0
GGACATTTCCAAGTAC-D1_Stim,0,0,0,0,0,0,0,0
GGACGTCAGAATAGGG-D1_Stim,0,0,0,0,0,0,0,0
GGACGTCGTAGAAGGA-D1_Stim,0,0,0,0,0,0,0,0
GGACGTCGTCGGCACT-D1_Stim,0,0,0,0,0,0,0,0
GGACGTCTCACGATGT-D1_Stim,0,0,0,0,0,0,0,0
GGACGTCTCCACTCCA-D1_Stim,0,0,0,0,0,0,0,0
GGAGCAAGTATATGAG-D1_Stim,0,0,0,0,0,0,0,0
GGAGCAAGTCCTAGCG-D1_Stim,0,0,0,0,0,0,0,0
GGAGCAAGTGAGCGAT-D1_Stim,0,0,0,0,0,0,0,0
GGAGCAATCTTCCTTC-D1_Stim,0,0,0,0,0,0,0,0
GGATGTTTCCGCGGTA-D1_Stim,0,0,0,0,0,0,0,0
GGATGTTTCTTGTATC-D1_Stim,0,0,0,0,0,0,0,0
GGATTACCAAGTCATC-D1_Stim,0,0,0,0,0,0,0,0
GGATTACGTCCGTTAA-D1_Stim,0,0,0,0,0,0,0,0
GGATTACTCTAACTTC-D1_Stim,0,0,0,0,0,0,0,0
GGCAATTAGATCACGG-D1_Stim,0,0,0,0,0,0,0,0
GGCAATTAGTCATGCT-D1_Stim,0,0,0,0,0,0,0,0
GGCAATTCAAAGAATC-D1_Stim,0,0,0,0,0,0,0,0
GGCAATTGTATCGCAT-D1_Stim,0,0,0,0,0,0,0,0
GGCAATTGTCTCATCC-D1_Stim,0,0,0,0,0,0,0,0
GGCCGATTCTGCGGCA-D1_Stim,0,0,0,0,0,0,0,0
GGCCGATTCTTAACCT-D1_Stim,0,0,0,0,0,0,0,0
GGCGACTAGCGTTGCC-D1_Stim,0,0,0,0,0,0,0,0
GGCGACTTCAGTTGAC-D1_Stim,0,0,0,0,0,0,0,0
GGCGTGTAGTAAGTAC-D1_Stim,0,0,0,0,0,0,0,0
GGCGTGTTCAGTTGAC-D1_Stim,0,0,0,0,0,0,0,0
GGCTCGATCCGGGTGT-D1_Stim,0,0,0,0,0,0,0,0
GGGAATGAGCATGGCA-D1_Stim,0,0,0,0,0,0,0,0
GGGAATGAGTCATGCT-D1_Stim,0,0,0,0,0,0,0,0
GGGACCTCATCCGTGG-D1_Stim,0,0,0,0,0,0,0,0
GGGACCTGTCATTAGC-D1_Stim,0,0,0,0,0,0,0,0
GGGACCTTCAACTCTT-D1_Stim,0,0,0,0,0,0,0,0
GGGACCTTCGCATGAT-D1_Stim,0,0,0,0,0,0,0,0
GGGAGATAGTGTACTC-D1_Stim,0,0,0,0,0,0,0,0
GGGAGATCATGACATC-D1_Stim,0,0,0,0,0,0,0,0
GGGAGATGTTGTCGCG-D1_Stim,0,0,0,0,0,0,0,0
GGGAGATTCCCGACTT-D1_Stim,0,0,0,0,0,0,0,0
GGGATGACATGTAGTC-D1_Stim,0,0,0,0,0,0,0,0
GGGATGAGTTTAAGCC-D1_Stim,0,0,0,0,0,0,0,0
GGGCATCCAACGCACC-D1_Stim,0,0,0,0,0,0,0,0
GGGTCTGAGAATCTCC-D1_Stim,0,0,0,0,0,0,0,0
GGGTCTGAGTCAAGCG-D1_Stim,0,0,0,0,0,0,0,0
GGGTCTGTCCTATGTT-D1_Stim,0,0,0,0,0,0,0,0
GGGTTGCGTAGCCTAT-D1_Stim,0,0,0,0,0,0,0,0
GGGTTGCTCAAGGTAA-D1_Stim,0,0,0,0,0,0,0,0
GGGTTGCTCGCACTCT-D1_Stim,0,0,0,0,0,0,0,0
GGTATTGAGCATCATC-D1_Stim,0,0,0,0,0,0,0,0
GGTATTGGTTTAGGAA-D1_Stim,0,0,0,0,0,0,0,0
GGTATTGTCAACGCTA-D1_Stim,0,0,0,0,0,0,0,0
GGTATTGTCAGAGCTT-D1_Stim,0,0,0,0,0,0,0,0
GGTGAAGGTGGAAAGA-D1_Stim,0,0,0,0,0,0,0,0
GGTGCGTCAAGTAATG-D1_Stim,0,0,0,0,0,0,0,0
GGTGCGTCATTCGACA-D1_Stim,0,0,0,0,0,0,0,0
GGTGCGTGTTTGTTTC-D1_Stim,0,0,0,0,0,0,0,0
GGTGTTAAGCGTCAAG-D1_Stim,0,0,0,0,0,0,0,0
GTAACGTAGATGGCGT-D1_Stim,0,0,0,0,0,0,0,0
GTAACGTAGCTGGAAC-D1_Stim,0,0,0,0,0,0,0,0
GTAACTGGTTCGAATC-D1_Stim,0,0,0,0,0,0,0,0
GTAACTGTCTCAAACG-D1_Stim,0,0,0,0,0,0,0,0
GTACGTAAGGGCACTA-D1_Stim,0,0,0,0,0,0,0,0
GTACGTAAGGGCTTCC-D1_Stim,0,0,0,0,0,0,0,0
GTACGTACAATAACGA-D1_Stim,0,0,0,0,0,0,0,0
GTACGTATCGCGCCAA-D1_Stim,0,0,0,0,0,0,0,0
GTACGTATCGTTTAGG-D1_Stim,0,0,0,0,0,0,0,0
GTACTCCCAAGCCCAC-D1_Stim,0,0,0,0,0,0,0,0
GTACTCCCATACGCTA-D1_Stim,0,0,0,0,0,0,0,0
GTACTTTAGAATAGGG-D1_Stim,0,0,0,0,0,0,0,0
GTACTTTAGCTATGCT-D1_Stim,0,0,0,0,0,0,0,0
GTACTTTGTCAGCTAT-D1_Stim,0,0,0,0,0,0,0,0
GTACTTTTCATCATTC-D1_Stim,0,0,0,0,0,0,0,0
GTACTTTTCCTCCTAG-D1_Stim,0,0,0,0,0,0,0,0
GTAGGCCGTACTTCTT-D1_Stim,0,0,0,0,0,0,0,0
GTAGGCCGTCATCCCT-D1_Stim,0,0,0,0,0,0,0,0
GTAGGCCTCCCTCAGT-D1_Stim,0,0,0,0,0,0,0,0
GTAGGCCTCCGTTGCT-D1_Stim,0,0,0,0,0,0,0,0
GTAGGCCTCTACTCAT-D1_Stim,0,0,0,0,0,0,0,0
GTAGTCACATGGTAGG-D1_Stim,0,0,0,0,0,0,0,0
GTAGTCATCACCACCT-D1_Stim,0,0,0,0,0,0,0,0
GTAGTCATCTTACCTA-D1_Stim,0,0,0,0,0,0,0,0
GTATCTTTCCACGACG-D1_Stim,0,0,0,0,0,0,0,0
GTATTCTAGACCACGA-D1_Stim,0,0,0,0,0,0,0,0
GTATTCTAGCAAATCA-D1_Stim,0,0,0,0,0,0,0,0
GTATTCTCATATACGC-D1_Stim,0,0,0,0,0,0,0,0
GTATTCTGTCCATCCT-D1_Stim,0,0,0,0,0,0,0,0
GTATTCTGTGGCCCTA-D1_Stim,0,0,0,0,0,0,0,0
GTCAAGTAGGAGTAGA-D1_Stim,0,0,0,0,0,0,0,0
GTCAAGTGTCGCTTTC-D1_Stim,0,0,0,0,0,0,0,0
GTCACAAAGTGTACCT-D1_Stim,0,0,0,0,0,0,0,0
GTCACAACAATCACAC-D1_Stim,0,0,0,0,0,0,0,0
GTCACAAGTCACCTAA-D1_Stim,0,0,0,0,0,0,0,0
GTCACGGTCTGTGCAA-D1_Stim,0,0,0,0,0,0,0,0
GTCATTTAGCATGGCA-D1_Stim,0,0,0,0,0,0,0,0
GTCATTTCAATGTAAG-D1_Stim,0,0,0,0,0,0,0,0
GTCATTTGTTGGAGGT-D1_Stim,0,0,0,0,0,0,0,0
GTCATTTTCAAGCCTA-D1_Stim,0,0,0,0,0,0,0,0
GTCATTTTCGCCTGTT-D1_Stim,0,0,0,0,0,0,0,0
GTCCTCAAGTACGTTC-D1_Stim,0,0,0,0,0,0,0,0
GTCCTCACACCCTATC-D1_Stim,0,0,0,0,0,0,0,0
GTCCTCAGTCTAGCCG-D1_Stim,0,0,0,0,0,0,0,0
GTCCTCATCCCAACGG-D1_Stim,0,0,0,0,0,0,0,0
GTCCTCATCTTCGGTC-D1_Stim,0,0,0,0,0,0,0,0
GTCGGGTGTCGGGTCT-D1_Stim,0,0,0,0,0,0,0,0
GTCGGGTTCTTTACGT-D1_Stim,0,0,0,0,0,0,0,0
GTCGTAAAGAGTGAGA-D1_Stim,0,0,0,0,0,0,0,0
GTCGTAAAGGTGTGGT-D1_Stim,0,0,0,0,0,0,0,0
GTCGTAAGTCATGCAT-D1_Stim,0,0,0,0,0,0,0,0
GTCTCGTAGCAATCTC-D1_Stim,0,0,0,0,0,0,0,0
GTCTCGTGTGGTTTCA-D1_Stim,0,0,0,0,0,0,0,0
GTCTCGTGTTGCGCAC-D1_Stim,0,0,0,0,0,0,0,0
GTCTTCGAGCACAGGT-D1_Stim,0,0,0,0,0,0,0,0
GTCTTCGCAAGAAAGG-D1_Stim,0,0,0,0,0,0,0,0
GTCTTCGCATGGTAGG-D1_Stim,0,0,0,0,0,0,0,0
GTCTTCGGTCCAGTAT-D1_Stim,0,0,0,0,0,0,0,0
GTCTTCGGTTAGGGTG-D1_Stim,0,0,0,0,0,0,0,0
GTCTTCGTCGGCCGAT-D1_Stim,0,0,0,0,0,0,0,0
GTGAAGGGTACCTACA-D1_Stim,0,0,0,0,0,0,0,0
GTGAAGGTCATGTCTT-D1_Stim,0,0,0,0,0,0,0,0
GTGCAGCAGGTAGCTG-D1_Stim,0,0,0,0,0,0,0,0
GTGCAGCCAATGTTGC-D1_Stim,0,0,0,0,0,0,0,0
GTGCAGCCAGGATCGA-D1_Stim,0,0,0,0,0,0,0,0
GTGCAGCCATGGTCAT-D1_Stim,0,0,0,0,0,0,0,0
GTGCAGCTCTGGTGTA-D1_Stim,0,0,0,0,0,0,0,0
GTGCATAGTGCGATAG-D1_Stim,0,0,0,0,0,0,0,0
GTGCATATCCCTAACC-D1_Stim,0,0,0,0,0,0,0,0
GTGCGGTTCTGCTGTC-D1_Stim,0,0,0,0,0,0,0,0
GTGGGTCAGTGAACAT-D1_Stim,0,0,0,0,0,0,0,0
GTGGGTCTCACAATGC-D1_Stim,0,0,0,0,0,0,0,0
GTGTGCGTCAATCTCT-D1_Stim,0,0,0,0,0,0,0,0
GTGTGCGTCGGCGCAT-D1_Stim,0,0,0,0,0,0,0,0
GTGTTAGCAATCTGCA-D1_Stim,0,0,0,0,0,0,0,0
GTGTTAGGTTCGAATC-D1_Stim,0,0,0,0,0,0,0,0
GTGTTAGTCTATGTGG-D1_Stim,0,0,0,0,0,0,0,0
GTTAAGCCAAACGTGG-D1_Stim,0,0,0,0,0,0,0,0
GTTAAGCGTCAAACTC-D1_Stim,0,0,0,0,0,0,0,0
GTTAAGCTCAGAAATG-D1_Stim,0,0,0,0,0,0,0,0
GTTAAGCTCTTAGCCC-D1_Stim,0,0,0,0,0,0,0,0
GTTAAGCTCTTTCCTC-D1_Stim,0,0,0,0,0,0,0,0
GTTACAGAGGGTCGAT-D1_Stim,0,0,0,0,0,0,0,0
GTTACAGCAGGTCCAC-D1_Stim,0,0,0,0,0,0,0,0
GTTACAGGTTACGGAG-D1_Stim,0,0,0,0,0,0,0,0
GTTACAGTCTGAGTGT-D1_Stim,0,0,0,0,0,0,0,0
GTTCATTCAAGCGCTC-D1_Stim,0,0,0,0,0,0,0,0
GTTCATTCACGGTGTC-D1_Stim,0,0,0,0,0,0,0,0
GTTCATTCAGTCGATT-D1_Stim,0,0,0,0,0,0,0,0
GTTCATTGTACAGTGG-D1_Stim,0,0,0,0,0,0,0,0
GTTCATTTCTACTCAT-D1_Stim,0,0,0,0,0,0,0,0
GTTCATTTCTTCGAGA-D1_Stim,0,0,0,0,0,0,0,0
GTTCGGGAGCAATCTC-D1_Stim,0,0,0,0,0,0,0,0
GTTCGGGAGCACAGGT-D1_Stim,0,0,0,0,0,0,0,0
GTTCGGGAGTGGAGAA-D1_Stim,0,0,0,0,0,0,0,0
GTTCTCGAGTCTTGCA-D1_Stim,0,0,0,0,0,0,0,0
GTTCTCGAGTGGACGT-D1_Stim,0,0,0,0,0,0,0,0
GTTCTCGCACATGGGA-D1_Stim,0,0,0,0,0,0,0,0
GTTCTCGGTAGTACCT-D1_Stim,0,0,0,0,0,0,0,0
GTTCTCGGTATCAGTC-D1_Stim,0,0,0,0,0,0,0,0
GTTTCTAAGAAACGAG-D1_Stim,0,0,0,0,0,0,0,0
GTTTCTACACAGGCCT-D1_Stim,0,0,0,0,0,0,0,0
GTTTCTACAGATGAGC-D1_Stim,0,0,0,0,0,0,0,0
TAAACCGCAGACAAGC-D1_Stim,0,0,0,0,0,0,0,0
TAAACCGGTCTGATCA-D1_Stim,0,0,0,0,0,0,0,0
TAAGAGAAGTCCGTAT-D1_Stim,0,0,0,0,0,0,0,0
TAAGAGACAGACAAGC-D1_Stim,0,0,0,0,0,0,0,0
TAAGAGATCTGCGGCA-D1_Stim,0,0,0,0,0,0,0,0
TAAGCGTAGATCGATA-D1_Stim,0,0,0,0,0,0,0,0
TAAGCGTGTCAACTGT-D1_Stim,0,0,0,0,0,0,0,0
TAAGCGTTCACAATGC-D1_Stim,0,0,0,0,0,0,0,0
TAAGCGTTCCGCGTTT-D1_Stim,0,0,0,0,0,0,0,0
TAAGTGCAGCACCGTC-D1_Stim,0,0,0,0,0,0,0,0
TACACGAAGTTTAGGA-D1_Stim,0,0,0,0,0,0,0,0
TACACGACACTCGACG-D1_Stim,0,0,0,0,0,0,0,0
TACAGTGCAACTGCGC-D1_Stim,0,0,0,0,0,0,0,0
TACAGTGGTAAAGTCA-D1_Stim,0,0,0,0,0,0,0,0
TACAGTGGTGGTACAG-D1_Stim,0,0,0,0,0,0,0,0
TACAGTGGTTATCCGA-D1_Stim,0,0,0,0,0,0,0,0
TACCTATTCTGCCAGG-D1_Stim,0,0,0,0,0,0,0,0
TACCTTACAGATAATG-D1_Stim,0,0,0,0,0,0,0,0
TACGGATAGGAGTACC-D1_Stim,0,0,0,0,0,0,0,0
TACGGATCAGTGGAGT-D1_Stim,0,0,0,0,0,0,0,0
TACGGATTCGTTGACA-D1_Stim,0,0,0,0,0,0,0,0
TACGGGCAGAGGGCTT-D1_Stim,0,0,0,0,0,0,0,0
TACGGGCCATGGTCAT-D1_Stim,0,0,0,0,0,0,0,0
TACGGTAAGTACGCGA-D1_Stim,0,0,0,0,0,0,0,0
TACGGTACAATAAGCA-D1_Stim,0,0,0,0,0,0,0,0
TACGGTACAGTTAACC-D1_Stim,0,0,0,0,0,0,0,0
TACGGTAGTCAAAGCG-D1_Stim,0,0,0,0,0,0,0,0
TACGGTATCGAATGGG-D1_Stim,0,0,0,0,0,0,0,0
TACGGTATCTATCCCG-D1_Stim,0,0,0,0,0,0,0,0
TACTCATAGCCTTGAT-D1_Stim,0,0,0,0,0,0,0,0
TACTCATTCGAGGTAG-D1_Stim,0,0,0,0,0,0,0,0
TACTCGCCAGGTGCCT-D1_Stim,0,0,0,0,0,0,0,0
TACTCGCGTAACGACG-D1_Stim,0,0,0,0,0,0,0,0
TACTCGCGTAAGTAGT-D1_Stim,0,0,0,0,0,0,0,0
TACTCGCTCAACACGT-D1_Stim,0,0,0,0,0,0,0,0
TACTCGCTCACGCGGT-D1_Stim,0,0,0,0,0,0,0,0
TACTCGCTCGGACAAG-D1_Stim,0,0,0,0,0,0,0,0
TACTTACCATCAGTCA-D1_Stim,0,0,0,0,0,0,0,0
TACTTACGTACATGTC-D1_Stim,0,0,0,0,0,0,0,0
TACTTACGTACCGAGA-D1_Stim,0,0,0,0,0,0,0,0
TACTTACTCAGTTAGC-D1_Stim,0,0,0,0,0,0,0,0
TACTTGTGTGCATCTA-D1_Stim,0,0,0,0,0,0,0,0
TACTTGTTCTTTACGT-D1_Stim,0,0,0,0,0,0,0,0
TAGACCAAGTTGAGTA-D1_Stim,0,0,0,0,0,0,0,0
TAGACCACACAAGTAA-D1_Stim,0,0,0,0,0,0,0,0
TAGACCAGTAGGAGTC-D1_Stim,0,0,0,0,0,0,0,0
TAGACCAGTTCACGGC-D1_Stim,0,0,0,0,0,0,0,0
TAGACCAGTTCGTGAT-D1_Stim,0,0,0,0,0,0,0,0
TAGACCAGTTTACTCT-D1_Stim,0,0,0,0,0,0,0,0
TAGACCATCGACGGAA-D1_Stim,0,0,0,0,0,0,0,0
TAGAGCTAGATGCCAG-D1_Stim,0,0,0,0,0,0,0,0
TAGAGCTAGGTGCAAC-D1_Stim,0,0,0,0,0,0,0,0
TAGAGCTCACAGACAG-D1_Stim,0,0,0,0,0,0,0,0
TAGAGCTCATCGGAAG-D1_Stim,0,0,0,0,0,0,0,0
TAGAGCTTCCTCATTA-D1_Stim,0,0,0,0,0,0,0,0
TAGCCGGAGCCGTCGT-D1_Stim,0,0,0,0,0,0,0,0
TAGCCGGCATCACCCT-D1_Stim,0,0,0,0,0,0,0,0
TAGCCGGGTAGAAAGG-D1_Stim,0,0,0,0,0,0,0,0
TAGCCGGGTGAGTGAC-D1_Stim,0,0,0,0,0,0,0,0
TAGGCATAGTGCCATT-D1_Stim,0,0,0,0,0,0,0,0
TAGGCATCAGACAAGC-D1_Stim,0,0,0,0,0,0,0,0
TAGTGGTAGACAGAGA-D1_Stim,0,0,0,0,0,0,0,0
TAGTGGTTCCACGACG-D1_Stim,0,0,0,0,0,0,0,0
TAGTGGTTCTCCTATA-D1_Stim,0,0,0,0,0,0,0,0
TAGTGGTTCTGTCTAT-D1_Stim,0,0,0,0,0,0,0,0
TAGTTGGGTCTCGTTC-D1_Stim,0,0,0,0,0,0,0,0
TATCTCAAGAGCTTCT-D1_Stim,0,0,0,0,0,0,0,0
TATCTCAAGGCTAGGT-D1_Stim,0,0,0,0,0,0,0,0
TATCTCACAAGGTGTG-D1_Stim,0,0,0,0,0,0,0,0
TATCTCAGTGTTTGTG-D1_Stim,0,0,0,0,0,0,0,0
TATCTCATCACCCGAG-D1_Stim,0,0,0,0,0,0,0,0
TATGCCCAGGAGTTGC-D1_Stim,0,0,0,0,0,0,0,0
TATGCCCTCCGGGTGT-D1_Stim,0,0,0,0,0,0,0,0
TATTACCAGCTTTGGT-D1_Stim,0,0,0,0,0,0,0,0
TATTACCCACCGAAAG-D1_Stim,0,0,0,0,0,0,0,0
TATTACCGTATCTGCA-D1_Stim,0,0,0,0,0,0,0,0
TATTACCGTTGTGGCC-D1_Stim,0,0,0,0,0,0,0,0
TATTACCTCAGCTTAG-D1_Stim,0,0,0,0,0,0,0,0
TATTACCTCCAAACAC-D1_Stim,0,0,0,0,0,0,0,0
TCAATCTAGCGCTCCA-D1_Stim,0,0,0,0,0,0,0,0
TCAATCTCAGCTGCTG-D1_Stim,0,0,0,0,0,0,0,0
TCACAAGAGCACCGCT-D1_Stim,0,0,0,0,0,0,0,0
TCACAAGCATCTCCCA-D1_Stim,0,0,0,0,0,0,0,0
TCACAAGCATGAGCGA-D1_Stim,0,0,0,0,0,0,0,0
TCACAAGTCAGCATGT-D1_Stim,0,0,0,0,0,0,0,0
TCACGAAAGATACACA-D1_Stim,0,0,0,0,0,0,0,0
TCAGATGGTCACCTAA-D1_Stim,0,0,0,0,0,0,0,0
TCAGATGGTTGGTGGA-D1_Stim,0,0,0,0,0,0,0,0
TCAGCAACACGAAATA-D1_Stim,0,0,0,0,0,0,0,0
TCAGCAATCGGCGGTT-D1_Stim,0,0,0,0,0,0,0,0
TCAGCTCAGATGTGGC-D1_Stim,0,0,0,0,0,0,0,0
TCAGCTCCAGGAACGT-D1_Stim,0,0,0,0,0,0,0,0
TCAGCTCCATCGATTG-D1_Stim,0,0,0,0,0,0,0,0
TCAGCTCGTTCAGTAC-D1_Stim,0,0,0,0,0,0,0,0
TCAGGATAGAAGGACA-D1_Stim,0,0,0,0,0,0,0,0
TCAGGATAGACCTAGG-D1_Stim,0,0,0,0,0,0,0,0
TCAGGATAGCACCGCT-D1_Stim,0,0,0,0,0,0,0,0
TCAGGATGTCGCGGTT-D1_Stim,0,0,0,0,0,0,0,0
TCAGGATTCCTTAATC-D1_Stim,0,0,0,0,0,0,0,0
TCAGGTAAGTTCGCAT-D1_Stim,0,0,0,0,0,0,0,0
TCAGGTACAAGAAGAG-D1_Stim,0,0,0,0,0,0,0,0
TCAGGTAGTTCTGTTT-D1_Stim,0,0,0,0,0,0,0,0
TCAGGTATCCTCTAGC-D1_Stim,0,0,0,0,0,0,0,0
TCATTACCAAGTTGTC-D1_Stim,0,0,0,0,0,0,0,0
TCATTTGAGATCGATA-D1_Stim,0,0,0,0,0,0,0,0
TCATTTGAGATGGCGT-D1_Stim,0,0,0,0,0,0,0,0
TCATTTGAGCAATCTC-D1_Stim,0,0,0,0,0,0,0,0
TCATTTGCACTAGTAC-D1_Stim,0,0,0,0,0,0,0,0
TCATTTGTCACGGTTA-D1_Stim,0,0,0,0,0,0,0,0
TCCACACAGACAATAC-D1_Stim,0,0,0,0,0,0,0,0
TCCACACGTTTAGGAA-D1_Stim,0,0,0,0,0,0,0,0
TCCACACTCTCTGTCG-D1_Stim,0,0,0,0,0,0,0,0
TCCACACTCTTCCTTC-D1_Stim,0,0,0,0,0,0,0,0
TCCCGATTCGGTGTCG-D1_Stim,0,0,0,0,0,0,0,0
TCCCGATTCTTGGGTA-D1_Stim,0,0,0,0,0,0,0,0
TCGAGGCCAACTGCTA-D1_Stim,0,0,0,0,0,0,0,0
TCGAGGCCAGTGAGTG-D1_Stim,0,0,0,0,0,0,0,0
TCGAGGCCATCACGTA-D1_Stim,0,0,0,0,0,0,0,0
TCGAGGCCATCCTAGA-D1_Stim,0,0,0,0,0,0,0,0
TCGAGGCCATCTCGCT-D1_Stim,0,0,0,0,0,0,0,0
TCGCGAGAGGATGCGT-D1_Stim,0,0,0,0,0,0,0,0
TCGCGAGCAGTGGAGT-D1_Stim,0,0,0,0,0,0,0,0
TCGCGAGGTACTTCTT-D1_Stim,0,0,0,0,0,0,0,0
TCGCGAGTCCTCTAGC-D1_Stim,0,0,0,0,0,0,0,0
TCGCGAGTCTCAACTT-D1_Stim,0,0,0,0,0,0,0,0
TCGCGTTAGCGGATCA-D1_Stim,0,0,0,0,0,0,0,0
TCGCGTTAGGTACTCT-D1_Stim,0,0,0,0,0,0,0,0
TCGCGTTCAAGCCTAT-D1_Stim,0,0,0,0,0,0,0,0
TCGCGTTGTGCGCTTG-D1_Stim,0,0,0,0,0,0,0,0
TCGCGTTTCCTACAGA-D1_Stim,0,0,0,0,0,0,0,0
TCGGGACAGTCTCGGC-D1_Stim,0,0,0,0,0,0,0,0
TCGGGACGTTTGTTTC-D1_Stim,0,0,0,0,0,0,0,0
TCGGGACTCTATGTGG-D1_Stim,0,0,0,0,0,0,0,0
TCGGTAAAGGATTCGG-D1_Stim,0,0,0,0,0,0,0,0
TCGGTAACACAGGAGT-D1_Stim,0,0,0,0,0,0,0,0
TCGGTAACACCCATGG-D1_Stim,0,0,0,0,0,0,0,0
TCGGTAAGTAGCCTAT-D1_Stim,0,0,0,0,0,0,0,0
TCGGTAAGTCCGAACC-D1_Stim,0,0,0,0,0,0,0,0
TCGTACCAGTGTCCAT-D1_Stim,0,0,0,0,0,0,0,0
TCGTACCCAATGGACG-D1_Stim,0,0,0,0,0,0,0,0
TCGTACCTCATGGTCA-D1_Stim,0,0,0,0,0,0,0,0
TCGTAGAAGGCAGTCA-D1_Stim,0,0,0,0,0,0,0,0
TCGTAGAAGGGTTCCC-D1_Stim,0,0,0,0,0,0,0,0
TCGTAGACACGCATCG-D1_Stim,0,0,0,0,0,0,0,0
TCTATTGAGACTAAGT-D1_Stim,0,0,0,0,0,0,0,0
TCTATTGCACCCATTC-D1_Stim,0,0,0,0,0,0,0,0
TCTATTGGTAGCAAAT-D1_Stim,0,0,0,0,0,0,0,0
TCTCATAAGTCATCCA-D1_Stim,0,0,0,0,0,0,0,0
TCTCATAGTCTAACGT-D1_Stim,0,0,0,0,0,0,0,0
TCTCATATCGGCCGAT-D1_Stim,0,0,0,0,0,0,0,0
TCTCTAAAGTGTCCCG-D1_Stim,0,0,0,0,0,0,0,0
TCTCTAACATGCCACG-D1_Stim,0,0,0,0,0,0,0,0
TCTCTAATCGAATCCA-D1_Stim,0,0,0,0,0,0,0,0
TCTGAGACAGCTGTTA-D1_Stim,0,0,0,0,0,0,0,0
TCTGAGATCTAACTTC-D1_Stim,0,0,0,0,0,0,0,0
TCTGGAATCAACACGT-D1_Stim,0,0,0,0,0,0,0,0
TCTTCGGTCTGTTGAG-D1_Stim,0,0,0,0,0,0,0,0
TCTTTCCAGAAGGGTA-D1_Stim,0,0,0,0,0,0,0,0
TCTTTCCTCCATGCTC-D1_Stim,0,0,0,0,0,0,0,0
TCTTTCCTCTTTACGT-D1_Stim,0,0,0,0,0,0,0,0
TGAAAGACAGTCTTCC-D1_Stim,0,0,0,0,0,0,0,0
TGAAAGAGTTGCTCCT-D1_Stim,0,0,0,0,0,0,0,0
TGAAAGATCACGATGT-D1_Stim,0,0,0,0,0,0,0,0
TGAAAGATCATGTAGC-D1_Stim,0,0,0,0,0,0,0,0
TGACAACCACCTTGTC-D1_Stim,0,0,0,0,0,0,0,0
TGACAACGTCATGCAT-D1_Stim,0,0,0,0,0,0,0,0
TGACAACGTGCACTTA-D1_Stim,0,0,0,0,0,0,0,0
TGACAACTCTTGTACT-D1_Stim,0,0,0,0,0,0,0,0
TGACGGCAGGCTCAGA-D1_Stim,0,0,0,0,0,0,0,0
TGACGGCCACCAGCAC-D1_Stim,0,0,0,0,0,0,0,0
TGACGGCCACCCAGTG-D1_Stim,0,0,0,0,0,0,0,0
TGACGGCGTATAAACG-D1_Stim,0,0,0,0,0,0,0,0
TGACGGCGTGTGACCC-D1_Stim,0,0,0,0,0,0,0,0
TGACTAGGTAGCTCCG-D1_Stim,0,0,0,0,0,0,0,0
TGACTAGTCGCCCTTA-D1_Stim,0,0,0,0,0,0,0,0
TGACTTTAGAGATGAG-D1_Stim,0,0,0,0,0,0,0,0
TGACTTTCATCACCCT-D1_Stim,0,0,0,0,0,0,0,0
TGACTTTTCACTTATC-D1_Stim,0,0,0,0,0,0,0,0
TGACTTTTCCGCGTTT-D1_Stim,0,0,0,0,0,0,0,0
TGAGCCGAGTTAGCGG-D1_Stim,0,0,0,0,0,0,0,0
TGAGCCGGTCGCGGTT-D1_Stim,0,0,0,0,0,0,0,0
TGAGCCGTCTGGTGTA-D1_Stim,0,0,0,0,0,0,0,0
TGAGGGAGTCACTTCC-D1_Stim,0,0,0,0,0,0,0,0
TGAGGGATCAGTTGAC-D1_Stim,0,0,0,0,0,0,0,0
TGATTTCAGGTTCCTA-D1_Stim,0,0,0,0,0,0,0,0
TGATTTCAGTATCTCG-D1_Stim,0,0,0,0,0,0,0,0
TGATTTCCACCAGATT-D1_Stim,0,0,0,0,0,0,0,0
TGATTTCCAGACGCTC-D1_Stim,0,0,0,0,0,0,0,0
TGATTTCTCAAGCCTA-D1_Stim,0,0,0,0,0,0,0,0
TGCACCTAGGGTTTCT-D1_Stim,0,0,0,0,0,0,0,0
TGCACCTGTGATGCCC-D1_Stim,0,0,0,0,0,0,0,0
TGCCAAAGTAAGCACG-D1_Stim,0,0,0,0,0,0,0,0
TGCCAAATCCAAAGTC-D1_Stim,0,0,0,0,0,0,0,0
TGCCAAATCTCAAGTG-D1_Stim,0,0,0,0,0,0,0,0
TGCCAAATCTCGATGA-D1_Stim,0,0,0,0,0,0,0,0
TGCCCATTCAGCGACC-D1_Stim,0,0,0,0,0,0,0,0
TGCCCTAAGTGTCCCG-D1_Stim,0,0,0,0,0,0,0,0
TGCCCTACAATTGCTG-D1_Stim,0,0,0,0,0,0,0,0
TGCCCTAGTTCTGAAC-D1_Stim,0,0,0,0,0,0,0,0
TGCCCTATCAGCTCGG-D1_Stim,0,0,0,0,0,0,0,0
TGCGCAGAGCACCGTC-D1_Stim,0,0,0,0,0,0,0,0
TGCGCAGAGGACAGAA-D1_Stim,0,0,0,0,0,0,0,0
TGCGCAGGTACGACCC-D1_Stim,0,0,0,0,0,0,0,0
TGCGGGTCAGGGAGAG-D1_Stim,0,0,0,0,0,0,0,0
TGCGTGGAGTAATCCC-D1_Stim,0,0,0,0,0,0,0,0
TGCGTGGCAAACGTGG-D1_Stim,0,0,0,0,0,0,0,0
TGCGTGGCAGATGGCA-D1_Stim,0,0,0,0,0,0,0,0
TGCGTGGCAGATGGGT-D1_Stim,0,0,0,0,0,0,0,0
TGCGTGGTCAATCACG-D1_Stim,0,0,0,0,0,0,0,0
TGCTACCAGTAGGTGC-D1_Stim,0,0,0,0,0,0,0,0
TGCTACCCAGGGAGAG-D1_Stim,0,0,0,0,0,0,0,0
TGCTACCGTAGATTAG-D1_Stim,0,0,0,0,0,0,0,0
TGCTACCTCTTCATGT-D1_Stim,0,0,0,0,0,0,0,0
TGCTGCTAGTGGGATC-D1_Stim,0,0,0,0,0,0,0,0
TGCTGCTCATTGTGCA-D1_Stim,0,0,0,0,0,0,0,0
TGCTGCTGTAACGCGA-D1_Stim,0,0,0,0,0,0,0,0
TGCTGCTGTCGCATAT-D1_Stim,0,0,0,0,0,0,0,0
TGCTGCTGTCTAAACC-D1_Stim,0,0,0,0,0,0,0,0
TGGACGCAGGCGCTCT-D1_Stim,0,0,0,0,0,0,0,0
TGGACGCTCCGCGGTA-D1_Stim,0,0,0,0,0,0,0,0
TGGCCAGCAGCCTTGG-D1_Stim,0,0,0,0,0,0,0,0
TGGCCAGCATGCCACG-D1_Stim,0,0,0,0,0,0,0,0
TGGCGCACAGGATCGA-D1_Stim,0,0,0,0,0,0,0,0
TGGCTGGGTAGAGGAA-D1_Stim,0,0,0,0,0,0,0,0
TGGGAAGAGAGAGCTC-D1_Stim,0,0,0,0,0,0,0,0
TGGGAAGGTAGCGCAA-D1_Stim,0,0,0,0,0,0,0,0
TGGGAAGGTCAGAATA-D1_Stim,0,0,0,0,0,0,0,0
TGGGAAGGTCCGAAGA-D1_Stim,0,0,0,0,0,0,0,0
TGGGCGTCAGTATCTG-D1_Stim,0,0,0,0,0,0,0,0
TGGGCGTCATCAGTCA-D1_Stim,0,0,0,0,0,0,0,0
TGGGCGTTCACCTCGT-D1_Stim,0,0,0,0,0,0,0,0
TGGTTAGAGACAGAGA-D1_Stim,0,0,0,0,0,0,0,0
TGGTTAGGTTCGTCTC-D1_Stim,0,0,0,0,0,0,0,0
TGGTTCCAGCTGAAAT-D1_Stim,0,0,0,0,0,0,0,0
TGGTTCCAGGTCGGAT-D1_Stim,0,0,0,0,0,0,0,0
TGGTTCCAGTCGAGTG-D1_Stim,0,0,0,0,0,0,0,0
TGGTTCCCACATCTTT-D1_Stim,0,0,0,0,0,0,0,0
TGTATTCAGGCCCTTG-D1_Stim,0,0,0,0,0,0,0,0
TGTATTCCACACATGT-D1_Stim,0,0,0,0,0,0,0,0
TGTATTCTCCGCAAGC-D1_Stim,0,0,0,0,0,0,0,0
TGTCCCAAGCGCCTTG-D1_Stim,0,0,0,0,0,0,0,0
TGTCCCAGTAGCCTCG-D1_Stim,0,0,0,0,0,0,0,0
TGTCCCATCACCGGGT-D1_Stim,0,0,0,0,0,0,0,0
TGTGTTTCATGCAATC-D1_Stim,0,0,0,0,0,0,0,0
TGTGTTTCATTGAGCT-D1_Stim,0,0,0,0,0,0,0,0
TGTGTTTGTATCTGCA-D1_Stim,0,0,0,0,0,0,0,0
TGTGTTTGTCATATCG-D1_Stim,0,0,0,0,0,0,0,0
TGTGTTTTCCGTCATC-D1_Stim,0,0,0,0,0,0,0,0
TGTTCCGAGTACTTGC-D1_Stim,0,0,0,0,0,0,0,0
TGTTCCGTCAATCTCT-D1_Stim,0,0,0,0,0,0,0,0
TGTTCCGTCACCAGGC-D1_Stim,0,0,0,0,0,0,0,0
TTAACTCAGTTCGCGC-D1_Stim,0,0,0,0,0,0,0,0
TTAGGACAGGTGCAAC-D1_Stim,0,0,0,0,0,0,0,0
TTAGGACTCAGCCTAA-D1_Stim,0,0,0,0,0,0,0,0
TTAGGACTCCTTTACA-D1_Stim,0,0,0,0,0,0,0,0
TTAGTTCAGGCACATG-D1_Stim,0,0,0,0,0,0,0,0
TTAGTTCCACGTAAGG-D1_Stim,0,0,0,0,0,0,0,0
TTAGTTCGTAGCTAAA-D1_Stim,0,0,0,0,0,0,0,0
TTAGTTCGTGGCTCCA-D1_Stim,0,0,0,0,0,0,0,0
TTATGCTTCGTCTGCT-D1_Stim,0,0,0,0,0,0,0,0
TTCCCAGAGTACTTGC-D1_Stim,0,0,0,0,0,0,0,0
TTCCCAGCATTTCACT-D1_Stim,0,0,0,0,0,0,0,0
TTCCCAGGTCGGGTCT-D1_Stim,0,0,0,0,0,0,0,0
TTCGAAGAGCCAGTTT-D1_Stim,0,0,0,0,0,0,0,0
TTCGAAGCAACGATGG-D1_Stim,0,0,0,0,0,0,0,0
TTCGAAGCACGGACAA-D1_Stim,0,0,0,0,0,0,0,0
TTCGAAGCATCGGAAG-D1_Stim,0,0,0,0,0,0,0,0
TTCGAAGTCGAACTGT-D1_Stim,0,0,0,0,0,0,0,0
TTCGGTCAGTGTTTGC-D1_Stim,0,0,0,0,0,0,0,0
TTCGGTCGTAGATTAG-D1_Stim,0,0,0,0,0,0,0,0
TTCGGTCGTGTGACGA-D1_Stim,0,0,0,0,0,0,0,0
TTCGGTCTCATGTAGC-D1_Stim,0,0,0,0,0,0,0,0
TTCTACACAGGTTTCA-D1_Stim,0,0,0,0,0,0,0,0
TTCTACACATTGAGCT-D1_Stim,0,0,0,0,0,0,0,0
TTCTCAACAACTTGAC-D1_Stim,0,0,0,0,0,0,0,0
TTCTCAATCTATGTGG-D1_Stim,0,0,0,0,0,0,0,0
TTCTTAGAGTGACTCT-D1_Stim,0,0,0,0,0,0,0,0
TTCTTAGCACCACGTG-D1_Stim,0,0,0,0,0,0,0,0
TTCTTAGCAGCGTTCG-D1_Stim,0,0,0,0,0,0,0,0
TTCTTAGGTAGCACGA-D1_Stim,0,0,0,0,0,0,0,0
TTCTTAGTCGAACGGA-D1_Stim,0,0,0,0,0,0,0,0
TTCTTAGTCGCAAGCC-D1_Stim,0,0,0,0,0,0,0,0
TTGAACGAGGACCACA-D1_Stim,0,0,0,0,0,0,0,0
TTGAACGAGTCCAGGA-D1_Stim,0,0,0,0,0,0,0,0
TTGAACGGTAAGAGGA-D1_Stim,0,0,0,0,0,0,0,0
TTGAACGGTCTGCAAT-D1_Stim,0,0,0,0,0,0,0,0
TTGCCGTAGGCATGTG-D1_Stim,0,0,0,0,0,0,0,0
TTGCCGTCATGGTAGG-D1_Stim,0,0,0,0,0,0,0,0
TTGCCGTGTGATGTCT-D1_Stim,0,0,0,0,0,0,0,0
TTGGAACAGAACAACT-D1_Stim,0,0,0,0,0,0,0,0
TTGGAACAGATCACGG-D1_Stim,0,0,0,0,0,0,0,0
TTGGAACGTGTAACGG-D1_Stim,0,0,0,0,0,0,0,0
TTGGCAAGTTCGTGAT-D1_Stim,0,0,0,0,0,0,0,0
TTGTAGGCATGGAATA-D1_Stim,0,0,0,0,0,0,0,0
TTTACTGGTCGGCACT-D1_Stim,0,0,0,0,0,0,0,0
TTTACTGTCATGGTCA-D1_Stim,0,0,0,0,0,0,0,0
TTTATGCAGATAGTCA-D1_Stim,0,0,0,0,0,0,0,0
TTTATGCCACCTATCC-D1_Stim,0,0,0,0,0,0,0,0
TTTATGCTCCGTACAA-D1_Stim,0,0,0,0,0,0,0,0
TTTCCTCAGTCGTTTG-D1_Stim,0,0,0,0,0,0,0,0
TTTCCTCGTAAGGATT-D1_Stim,0,0,0,0,0,0,0,0
TTTCCTCGTACAGTTC-D1_Stim,0,0,0,0,0,0,0,0
TTTCCTCTCAGGTAAA-D1_Stim,0,0,0,0,0,0,0,0
TTTCCTCTCCCAAGAT-D1_Stim,0,0,0,0,0,0,0,0
TTTCCTCTCTAGAGTC-D1_Stim,0,0,0,0,0,0,0,0
TTTGCGCGTCACCCAG-D1_Stim,0,0,0,0,0,0,0,0
TTTGGTTCAAATTGCC-D1_Stim,0,0,0,0,0,0,0,0
TTTGGTTCATTCCTCG-D1_Stim,0,0,0,0,0,0,0,0
TTTGTCAAGGCATTGG-D1_Stim,0,0,0,0,0,0,0,0
AAACCTGAGCGATTCT-D1_NoStim,0,0,0,0,0,0,0,0
AAACCTGTCCTTTCTC-D1_NoStim,0,0,0,0,0,0,0,0
AAACGGGAGACTAAGT-D1_NoStim,0,0,0,0,0,0,0,0
AAACGGGCAGATGGGT-D1_NoStim,0,0,0,0,0,0,0,0
AAACGGGCAGCCTATA-D1_NoStim,0,0,0,0,0,0,0,0
AAACGGGGTTACGCGC-D1_NoStim,0,0,0,0,0,0,0,0
AAACGGGTCAGCGACC-D1_NoStim,0,0,0,0,0,0,0,0
AAACGGGTCCACTCCA-D1_NoStim,0,0,0,0,0,0,0,0
AAAGATGGTATATGGA-D1_NoStim,0,0,0,0,0,0,0,0
AAAGATGTCTTACCTA-D1_NoStim,0,0,0,0,0,0,0,0
AAAGATGTCTTCAACT-D1_NoStim,0,0,0,0,0,0,0,0
AAAGCAAAGGAGTCTG-D1_NoStim,0,0,0,0,0,0,0,0
AAAGTAGGTATAGGTA-D1_NoStim,0,0,0,0,0,0,0,0
AAATGCCTCCTCTAGC-D1_NoStim,0,0,0,0,0,0,0,0
AACACGTTCGAGCCCA-D1_NoStim,0,0,0,0,0,0,0,0
AACCATGAGAAAGTGG-D1_NoStim,0,0,0,0,0,0,0,0
AACCGCGAGCAGGTCA-D1_NoStim,0,0,0,0,0,0,0,0
AACGTTGTCTAACGGT-D1_NoStim,0,0,0,0,0,0,0,0
AACTCAGCAGCTGTAT-D1_NoStim,0,0,0,0,0,0,0,0
AACTCAGGTATGAAAC-D1_NoStim,0,0,0,0,0,0,0,0
AACTCAGGTGACCAAG-D1_NoStim,0,0,0,0,0,0,0,0
AACTCCCTCGGCTACG-D1_NoStim,0,0,0,0,0,0,0,0
AACTCTTCAATCTACG-D1_NoStim,0,0,0,0,0,0,0,0
AACTCTTCACCCTATC-D1_NoStim,0,0,0,0,0,0,0,0
AACTCTTCATGCATGT-D1_NoStim,0,0,0,0,0,0,0,0
AACTCTTTCTAACTTC-D1_NoStim,0,0,0,0,0,0,0,0
AACTGGTAGGCTAGAC-D1_NoStim,0,0,0,0,0,0,0,0
AACTGGTAGTTCGCAT-D1_NoStim,0,0,0,0,0,0,0,0
AACTGGTCAAGGACTG-D1_NoStim,0,0,0,0,0,0,0,0
AACTGGTTCACATGCA-D1_NoStim,0,0,0,0,0,0,0,0
AACTTTCAGACATAAC-D1_NoStim,0,0,0,0,0,0,0,0
AACTTTCCACTTCTGC-D1_NoStim,0,0,0,0,0,0,0,0
AACTTTCCAGTCCTTC-D1_NoStim,0,0,0,0,0,0,0,0
AACTTTCCATTAGCCA-D1_NoStim,0,0,0,0,0,0,0,0
AACTTTCGTAAATGAC-D1_NoStim,0,0,0,0,0,0,0,0
AACTTTCGTCGTCTTC-D1_NoStim,0,0,0,0,0,0,0,0
AACTTTCGTGTTGGGA-D1_NoStim,0,0,0,0,0,0,0,0
AAGACCTAGGCAATTA-D1_NoStim,0,0,0,0,0,0,0,0
AAGACCTCAGATCCAT-D1_NoStim,0,0,0,0,0,0,0,0
AAGACCTTCCTTGCCA-D1_NoStim,0,0,0,0,0,0,0,0
AAGCCGCAGTTAAGTG-D1_NoStim,0,0,0,0,0,0,0,0
AAGCCGCTCCGCTGTT-D1_NoStim,0,0,0,0,0,0,0,0
AAGCCGCTCTCCTATA-D1_NoStim,0,0,0,0,0,0,0,0
AAGGAGCAGTGGCACA-D1_NoStim,0,0,0,0,0,0,0,0
AAGGAGCCAAAGCGGT-D1_NoStim,0,0,0,0,0,0,0,0
AAGGAGCCAACGCACC-D1_NoStim,0,0,0,0,0,0,0,0
AAGGAGCCACTGAAGG-D1_NoStim,0,0,0,0,0,0,0,0
AAGGAGCGTCATTAGC-D1_NoStim,0,0,0,0,0,0,0,0
AAGGAGCTCCCTGACT-D1_NoStim,0,0,0,0,0,0,0,0
AAGGCAGCAGCATACT-D1_NoStim,0,0,0,0,0,0,0,0
AAGGCAGGTCCAGTGC-D1_NoStim,0,0,0,0,0,0,0,0
AAGGCAGTCACTTCAT-D1_NoStim,0,0,0,0,0,0,0,0
AAGGTTCAGTCTCCTC-D1_NoStim,0,0,0,0,0,0,0,0
AAGGTTCCACCATGTA-D1_NoStim,0,0,0,0,0,0,0,0
AAGGTTCCACGAGGTA-D1_NoStim,0,0,0,0,0,0,0,0
AAGGTTCGTGTAATGA-D1_NoStim,0,0,0,0,0,0,0,0
AAGGTTCTCGTCCAGG-D1_NoStim,0,0,0,0,0,0,0,0
AAGTCTGAGCTGTTCA-D1_NoStim,0,0,0,0,0,0,0,0
AAGTCTGCAAGAAGAG-D1_NoStim,0,0,0,0,0,0,0,0
AAGTCTGCAATAGCGG-D1_NoStim,0,0,0,0,0,0,0,0
AAGTCTGGTAGCAAAT-D1_NoStim,0,0,0,0,0,0,0,0
AATCCAGAGAGCTATA-D1_NoStim,0,0,0,0,0,0,0,0
AATCCAGCAACGCACC-D1_NoStim,0,0,0,0,0,0,0,0
AATCGGTGTGTTAAGA-D1_NoStim,0,0,0,0,0,0,0,0
AATCGGTTCGCAGGCT-D1_NoStim,0,0,0,0,0,0,0,0
ACACCAACACAGGCCT-D1_NoStim,0,0,0,0,0,0,0,0
ACACCAACACCCATTC-D1_NoStim,0,0,0,0,0,0,0,0
ACACCCTCAATAGCAA-D1_NoStim,0,0,0,0,0,0,0,0
ACACCGGGTTACCGAT-D1_NoStim,0,0,0,0,0,0,0,0
ACACCGGTCATTTGGG-D1_NoStim,0,0,0,0,0,0,0,0
ACACCGGTCTCTTGAT-D1_NoStim,0,0,0,0,0,0,0,0
ACACTGACATGTCTCC-D1_NoStim,0,0,0,0,0,0,0,0
ACACTGAGTTCGTGAT-D1_NoStim,0,0,0,0,0,0,0,0
ACACTGATCGCTGATA-D1_NoStim,0,0,0,0,0,0,0,0
ACACTGATCTCTGTCG-D1_NoStim,0,0,0,0,0,0,0,0
ACAGCCGCAAGTAATG-D1_NoStim,0,0,0,0,0,0,0,0
ACAGCCGCAGCGTAAG-D1_NoStim,0,0,0,0,0,0,0,0
ACAGCCGGTAAGGGAA-D1_NoStim,0,0,0,0,0,0,0,0
ACAGCCGGTTGATTCG-D1_NoStim,0,0,0,0,0,0,0,0
ACAGCCGTCAGTCAGT-D1_NoStim,0,0,0,0,0,0,0,0
ACAGCCGTCGTTACGA-D1_NoStim,0,0,0,0,0,0,0,0
ACAGCCGTCTGGTATG-D1_NoStim,0,0,0,0,0,0,0,0
ACAGCTAAGGGCTCTC-D1_NoStim,0,0,0,0,0,0,0,0
ACAGCTAGTTATCGGT-D1_NoStim,0,0,0,0,0,0,0,0
ACATACGCAATGACCT-D1_NoStim,0,0,0,0,0,0,0,0
ACATACGTCCACTGGG-D1_NoStim,0,0,0,0,0,0,0,0
ACATCAGTCCTAAGTG-D1_NoStim,0,0,0,0,0,0,0,0
ACATCAGTCTGCCAGG-D1_NoStim,0,0,0,0,0,0,0,0
ACATGGTCACAAGCCC-D1_NoStim,0,0,0,0,0,0,0,0
ACCAGTACACCGAAAG-D1_NoStim,0,0,0,0,0,0,0,0
ACCAGTACACGGTGTC-D1_NoStim,0,0,0,0,0,0,0,0
ACCAGTACACTTACGA-D1_NoStim,0,0,0,0,0,0,0,0
ACCAGTAGTAATCACC-D1_NoStim,0,0,0,0,0,0,0,0
ACCAGTAGTCTTGCGG-D1_NoStim,0,0,0,0,0,0,0,0
ACCAGTAGTTCAGTAC-D1_NoStim,0,0,0,0,0,0,0,0
ACCAGTATCACTCTTA-D1_NoStim,0,0,0,0,0,0,0,0
ACCAGTATCTTGTTTG-D1_NoStim,0,0,0,0,0,0,0,0
ACCCACTAGATGCGAC-D1_NoStim,0,0,0,0,0,0,0,0
ACCCACTTCACCTTAT-D1_NoStim,0,0,0,0,0,0,0,0
ACCGTAAAGAGGGATA-D1_NoStim,0,0,0,0,0,0,0,0
ACCGTAAAGATATACG-D1_NoStim,0,0,0,0,0,0,0,0
ACCGTAACATGCGCAC-D1_NoStim,0,0,0,0,0,0,0,0
ACCGTAAGTGAACCTT-D1_NoStim,0,0,0,0,0,0,0,0
ACCGTAATCTGCGGCA-D1_NoStim,0,0,0,0,0,0,0,0
ACCTTTAAGAACTGTA-D1_NoStim,0,0,0,0,0,0,0,0
ACCTTTATCTCATTCA-D1_NoStim,0,0,0,0,0,0,0,0
ACGAGCCCAAATCCGT-D1_NoStim,0,0,0,0,0,0,0,0
ACGAGCCGTTGAACTC-D1_NoStim,0,0,0,0,0,0,0,0
ACGAGGAAGCGTGTCC-D1_NoStim,0,0,0,0,0,0,0,0
ACGAGGAAGCTGCGAA-D1_NoStim,0,0,0,0,0,0,0,0
ACGAGGACAACTGCGC-D1_NoStim,0,0,0,0,0,0,0,0
ACGAGGACACATCCAA-D1_NoStim,0,0,0,0,0,0,0,0
ACGAGGAGTCCCTTGT-D1_NoStim,0,0,0,0,0,0,0,0
ACGATACAGCTAGGCA-D1_NoStim,0,0,0,0,0,0,0,0
ACGATACAGGGATACC-D1_NoStim,0,0,0,0,0,0,0,0
ACGATACGTTCCAACA-D1_NoStim,0,0,0,0,0,0,0,0
ACGATGTCACGGTAGA-D1_NoStim,0,0,0,0,0,0,0,0
ACGATGTTCTTAGCCC-D1_NoStim,0,0,0,0,0,0,0,0
ACGCAGCAGCGTCTAT-D1_NoStim,0,0,0,0,0,0,0,0
ACGCAGCTCAATACCG-D1_NoStim,0,0,0,0,0,0,0,0
ACGCCAGAGCCTATGT-D1_NoStim,0,0,0,0,0,0,0,0
ACGCCAGAGTACCGGA-D1_NoStim,0,0,0,0,0,0,0,0
ACGCCGACAAGAGTCG-D1_NoStim,0,0,0,0,0,0,0,0
ACGGAGAAGGAACTGC-D1_NoStim,0,0,0,0,0,0,0,0
ACGGAGACACATTCGA-D1_NoStim,0,0,0,0,0,0,0,0
ACGGAGACAGATCTGT-D1_NoStim,0,0,0,0,0,0,0,0
ACGGAGATCGTTTGCC-D1_NoStim,0,0,0,0,0,0,0,0
ACGGAGATCTTTACAC-D1_NoStim,0,0,0,0,0,0,0,0
ACGGCCAAGCAGATCG-D1_NoStim,0,0,0,0,0,0,0,0
ACGGCCAAGGCCCTCA-D1_NoStim,0,0,0,0,0,0,0,0
ACGGCCATCCTGCTTG-D1_NoStim,0,0,0,0,0,0,0,0
ACGGGTCGTCTTGCGG-D1_NoStim,0,0,0,0,0,0,0,0
ACGGGTCGTTGGTGGA-D1_NoStim,0,0,0,0,0,0,0,0
ACTATCTAGAGTGACC-D1_NoStim,0,0,0,0,0,0,0,0
ACTATCTAGCGGATCA-D1_NoStim,0,0,0,0,0,0,0,0
ACTATCTCAATTGCTG-D1_NoStim,0,0,0,0,0,0,0,0
ACTATCTGTCGGCACT-D1_NoStim,0,0,0,0,0,0,0,0
ACTGAACAGACTTGAA-D1_NoStim,0,0,0,0,0,0,0,0
ACTGAACGTGCTCTTC-D1_NoStim,0,0,0,0,0,0,0,0
ACTGAACTCCGGCACA-D1_NoStim,0,0,0,0,0,0,0,0
ACTGAACTCTAACTCT-D1_NoStim,0,0,0,0,0,0,0,0
ACTGAGTGTTAGTGGG-D1_NoStim,0,0,0,0,0,0,0,0
ACTGCTCAGCGTGAGT-D1_NoStim,0,0,0,0,0,0,0,0
ACTGCTCCACCAGGTC-D1_NoStim,0,0,0,0,0,0,0,0
ACTGTCCAGATTACCC-D1_NoStim,0,0,0,0,0,0,0,0
ACTGTCCCATGCCACG-D1_NoStim,0,0,0,0,0,0,0,0
ACTGTCCGTGGTCCGT-D1_NoStim,0,0,0,0,0,0,0,0
ACTTACTAGAAGCCCA-D1_NoStim,0,0,0,0,0,0,0,0
ACTTACTAGTGCAAGC-D1_NoStim,0,0,0,0,0,0,0,0
ACTTACTCACAACGCC-D1_NoStim,0,0,0,0,0,0,0,0
ACTTACTGTTGATTCG-D1_NoStim,0,0,0,0,0,0,0,0
ACTTGTTAGAGGTAGA-D1_NoStim,0,0,0,0,0,0,0,0
ACTTGTTCACCTCGGA-D1_NoStim,0,0,0,0,0,0,0,0
ACTTGTTGTCTCACCT-D1_NoStim,0,0,0,0,0,0,0,0
ACTTTCACATAGAAAC-D1_NoStim,0,0,0,0,0,0,0,0
ACTTTCAGTTGATTGC-D1_NoStim,0,0,0,0,0,0,0,0
ACTTTCATCCCAACGG-D1_NoStim,0,0,0,0,0,0,0,0
AGAATAGAGTCGATAA-D1_NoStim,0,0,0,0,0,0,0,0
AGAATAGGTAGCGTCC-D1_NoStim,0,0,0,0,0,0,0,0
AGAATAGGTCGAAAGC-D1_NoStim,0,0,0,0,0,0,0,0
AGACGTTCAGACGCAA-D1_NoStim,0,0,0,0,0,0,0,0
AGACGTTGTCTCTCGT-D1_NoStim,0,0,0,0,0,0,0,0
AGAGCGACAATGTTGC-D1_NoStim,0,0,0,0,0,0,0,0
AGAGCTTGTTCGGCAC-D1_NoStim,0,0,0,0,0,0,0,0
AGAGCTTTCTGTCTCG-D1_NoStim,0,0,0,0,0,0,0,0
AGAGTGGAGGCCCGTT-D1_NoStim,0,0,0,0,0,0,0,0
AGATCTGTCAACGGGA-D1_NoStim,0,0,0,0,0,0,0,0
AGATTGCAGTATCTCG-D1_NoStim,0,0,0,0,0,0,0,0
AGATTGCGTATAGGTA-D1_NoStim,0,0,0,0,0,0,0,0
AGCAGCCAGCAGCGTA-D1_NoStim,0,0,0,0,0,0,0,0
AGCAGCCGTACACCGC-D1_NoStim,0,0,0,0,0,0,0,0
AGCAGCCGTTCGTGAT-D1_NoStim,0,0,0,0,0,0,0,0
AGCATACAGCGTTTAC-D1_NoStim,0,0,0,0,0,0,0,0
AGCATACTCATAACCG-D1_NoStim,0,0,0,0,0,0,0,0
AGCATACTCCCAAGAT-D1_NoStim,0,0,0,0,0,0,0,0
AGCATACTCGCGTTTC-D1_NoStim,0,0,0,0,0,0,0,0
AGCATACTCTATGTGG-D1_NoStim,0,0,0,0,0,0,0,0
AGCCTAAGTACCGAGA-D1_NoStim,0,0,0,0,0,0,0,0
AGCGGTCTCTCGTTTA-D1_NoStim,0,0,0,0,0,0,0,0
AGCGTATCACAGGAGT-D1_NoStim,0,0,0,0,0,0,0,0
AGCGTATCAGTTCCCT-D1_NoStim,0,0,0,0,0,0,0,0
AGCGTATGTAGAGGAA-D1_NoStim,0,0,0,0,0,0,0,0
AGCGTATGTTCCGTCT-D1_NoStim,0,0,0,0,0,0,0,0
AGCGTCGGTTGACGTT-D1_NoStim,0,0,0,0,0,0,0,0
AGCTCCTCAATGGAGC-D1_NoStim,0,0,0,0,0,0,0,0
AGCTCCTGTACCCAAT-D1_NoStim,0,0,0,0,0,0,0,0
AGCTCCTGTCTACCTC-D1_NoStim,0,0,0,0,0,0,0,0
AGCTCTCAGCTCCTCT-D1_NoStim,0,0,0,0,0,0,0,0
AGCTCTCGTTCAGGCC-D1_NoStim,0,0,0,0,0,0,0,0
AGCTTGAAGAAGGTGA-D1_NoStim,0,0,0,0,0,0,0,0
AGCTTGATCCTCTAGC-D1_NoStim,0,0,0,0,0,0,0,0
AGGCCACAGGAATGGA-D1_NoStim,0,0,0,0,0,0,0,0
AGGCCACCACGGTAAG-D1_NoStim,0,0,0,0,0,0,0,0
AGGCCACGTACACCGC-D1_NoStim,0,0,0,0,0,0,0,0
AGGCCACGTGAGGGTT-D1_NoStim,0,0,0,0,0,0,0,0
AGGCCACGTGGTCCGT-D1_NoStim,0,0,0,0,0,0,0,0
AGGCCACTCTGCGACG-D1_NoStim,0,0,0,0,0,0,0,0
AGGCCGTAGTCATGCT-D1_NoStim,0,0,0,0,0,0,0,0
AGGCCGTCACCGAATT-D1_NoStim,0,0,0,0,0,0,0,0
AGGCCGTGTTCCTCCA-D1_NoStim,0,0,0,0,0,0,0,0
AGGGATGCAATACGCT-D1_NoStim,0,0,0,0,0,0,0,0
AGGGATGCAGAAGCAC-D1_NoStim,0,0,0,0,0,0,0,0
AGGGATGTCAGCTCGG-D1_NoStim,0,0,0,0,0,0,0,0
AGGGATGTCGGCTTGG-D1_NoStim,0,0,0,0,0,0,0,0
AGGGTGAAGCTATGCT-D1_NoStim,0,0,0,0,0,0,0,0
AGGGTGAAGGAACTGC-D1_NoStim,0,0,0,0,0,0,0,0
AGGGTGAAGGCCGAAT-D1_NoStim,0,0,0,0,0,0,0,0
AGGTCATCACAGGAGT-D1_NoStim,0,0,0,0,0,0,0,0
AGGTCATTCACCGTAA-D1_NoStim,0,0,0,0,0,0,0,0
AGGTCCGAGAAGGTTT-D1_NoStim,0,0,0,0,0,0,0,0
AGGTCCGCACGCCAGT-D1_NoStim,0,0,0,0,0,0,0,0
AGTAGTCAGTCATGCT-D1_NoStim,0,0,0,0,0,0,0,0
AGTAGTCCACCATGTA-D1_NoStim,0,0,0,0,0,0,0,0
AGTGAGGAGCTGATAA-D1_NoStim,0,0,0,0,0,0,0,0
AGTGAGGCAATGGAGC-D1_NoStim,0,0,0,0,0,0,0,0
AGTGGGAAGCGGATCA-D1_NoStim,0,0,0,0,0,0,0,0
AGTGGGACATGCTAGT-D1_NoStim,0,0,0,0,0,0,0,0
AGTGGGAGTCCGAATT-D1_NoStim,0,0,0,0,0,0,0,0
AGTGTCACAATGACCT-D1_NoStim,0,0,0,0,0,0,0,0
AGTGTCACATTAGCCA-D1_NoStim,0,0,0,0,0,0,0,0
AGTGTCATCCAAGTAC-D1_NoStim,0,0,0,0,0,0,0,0
AGTTGGTAGAAACCGC-D1_NoStim,0,0,0,0,0,0,0,0
AGTTGGTAGATATGGT-D1_NoStim,0,0,0,0,0,0,0,0
AGTTGGTCACCACGTG-D1_NoStim,0,0,0,0,0,0,0,0
AGTTGGTTCATGCATG-D1_NoStim,0,0,0,0,0,0,0,0
AGTTGGTTCATTATCC-D1_NoStim,0,0,0,0,0,0,0,0
ATAACGCCAAAGCGGT-D1_NoStim,0,0,0,0,0,0,0,0
ATAACGCCAAGCCATT-D1_NoStim,0,0,0,0,0,0,0,0
ATAACGCGTATTCGTG-D1_NoStim,0,0,0,0,0,0,0,0
ATAAGAGTCTACTCAT-D1_NoStim,0,0,0,0,0,0,0,0
ATAGACCCAGCCAGAA-D1_NoStim,0,0,0,0,0,0,0,0
ATCACGACACCATCCT-D1_NoStim,0,0,0,0,0,0,0,0
ATCACGACATCACAAC-D1_NoStim,0,0,0,0,0,0,0,0
ATCACGAGTGAGTGAC-D1_NoStim,0,0,0,0,0,0,0,0
ATCATCTAGTCGAGTG-D1_NoStim,0,0,0,0,0,0,0,0
ATCATCTGTTGGTGGA-D1_NoStim,0,0,0,0,0,0,0,0
ATCATCTTCCACGACG-D1_NoStim,0,0,0,0,0,0,0,0
ATCATGGGTAGATTAG-D1_NoStim,0,0,0,0,0,0,0,0
ATCATGGGTATCTGCA-D1_NoStim,0,0,0,0,0,0,0,0
ATCATGGGTCAGCTAT-D1_NoStim,0,0,0,0,0,0,0,0
ATCATGGGTGACGCCT-D1_NoStim,0,0,0,0,0,0,0,0
ATCCACCCATTCTTAC-D1_NoStim,0,0,0,0,0,0,0,0
ATCCACCGTCTGGTCG-D1_NoStim,0,0,0,0,0,0,0,0
ATCCGAACAATTGCTG-D1_NoStim,0,0,0,0,0,0,0,0
ATCCGAAGTAGCTGCC-D1_NoStim,0,0,0,0,0,0,0,0
ATCGAGTTCGAATCCA-D1_NoStim,0,0,0,0,0,0,0,0
ATCTACTTCGCAAACT-D1_NoStim,0,0,0,0,0,0,0,0
ATCTACTTCTTGCCGT-D1_NoStim,0,0,0,0,0,0,0,0
ATCTGCCAGCCGGTAA-D1_NoStim,0,0,0,0,0,0,0,0
ATCTGCCCAAGACGTG-D1_NoStim,0,0,0,0,0,0,0,0
ATGAGGGAGGCGACAT-D1_NoStim,0,0,0,0,0,0,0,0
ATGAGGGCATGATCCA-D1_NoStim,0,0,0,0,0,0,0,0
ATGAGGGTCTCCTATA-D1_NoStim,0,0,0,0,0,0,0,0
ATGCGATTCGTGGACC-D1_NoStim,0,0,0,0,0,0,0,0
ATGGGAGAGATATACG-D1_NoStim,0,0,0,0,0,0,0,0
ATGTGTGAGAATGTTG-D1_NoStim,0,0,0,0,0,0,0,0
ATTACTCAGCTTATCG-D1_NoStim,0,0,0,0,0,0,0,0
ATTACTCCACGACTCG-D1_NoStim,0,0,0,0,0,0,0,0
ATTACTCGTTGATTGC-D1_NoStim,0,0,0,0,0,0,0,0
ATTATCCAGAGCTATA-D1_NoStim,0,0,0,0,0,0,0,0
ATTATCCAGTCATCCA-D1_NoStim,0,0,0,0,0,0,0,0
ATTATCCGTGGTAACG-D1_NoStim,0,0,0,0,0,0,0,0
ATTATCCTCCGTTGTC-D1_NoStim,0,0,0,0,0,0,0,0
ATTGGACTCTGACCTC-D1_NoStim,0,0,0,0,0,0,0,0
ATTGGTGCATGCGCAC-D1_NoStim,0,0,0,0,0,0,0,0
ATTGGTGGTTAAAGTG-D1_NoStim,0,0,0,0,0,0,0,0
ATTTCTGAGGTGTGGT-D1_NoStim,0,0,0,0,0,0,0,0
ATTTCTGCATTTGCCC-D1_NoStim,0,0,0,0,0,0,0,0
ATTTCTGGTAAAGGAG-D1_NoStim,0,0,0,0,0,0,0,0
ATTTCTGGTATAGGGC-D1_NoStim,0,0,0,0,0,0,0,0
ATTTCTGGTTATGCGT-D1_NoStim,0,0,0,0,0,0,0,0
CAACCAAGTAAATACG-D1_NoStim,0,0,0,0,0,0,0,0
CAACCAAGTGTGCCTG-D1_NoStim,0,0,0,0,0,0,0,0
CAACCAATCACCCGAG-D1_NoStim,0,0,0,0,0,0,0,0
CAACCAATCCTTGCCA-D1_NoStim,0,0,0,0,0,0,0,0
CAACCAATCTTTACGT-D1_NoStim,0,0,0,0,0,0,0,0
CAACCTCAGATCTGAA-D1_NoStim,0,0,0,0,0,0,0,0
CAACTAGAGATGGGTC-D1_NoStim,0,0,0,0,0,0,0,0
CAACTAGGTCCCGACA-D1_NoStim,0,0,0,0,0,0,0,0
CAACTAGTCCTATGTT-D1_NoStim,0,0,0,0,0,0,0,0
CAAGAAACATTGGGCC-D1_NoStim,0,0,0,0,0,0,0,0
CAAGAAATCCTTTACA-D1_NoStim,0,0,0,0,0,0,0,0
CAAGATCAGGATGGTC-D1_NoStim,0,0,0,0,0,0,0,0
CAAGATCTCATAGCAC-D1_NoStim,0,0,0,0,0,0,0,0
CAAGATCTCTGAAAGA-D1_NoStim,0,0,0,0,0,0,0,0
CAAGGCCAGTCGAGTG-D1_NoStim,0,0,0,0,0,0,0,0
CAAGGCCGTAAGGGCT-D1_NoStim,0,0,0,0,0,0,0,0
CAAGTTGCACCCATTC-D1_NoStim,0,0,0,0,0,0,0,0
CACAAACGTCTACCTC-D1_NoStim,0,0,0,0,0,0,0,0
CACAAACGTTCGAATC-D1_NoStim,0,0,0,0,0,0,0,0
CACAAACGTTGGAGGT-D1_NoStim,0,0,0,0,0,0,0,0
CACACAACAAACAACA-D1_NoStim,0,0,0,0,0,0,0,0
CACACCTAGTTCGATC-D1_NoStim,0,0,0,0,0,0,0,0
CACACCTCACGAGAGT-D1_NoStim,0,0,0,0,0,0,0,0
CACACCTTCTGTACGA-D1_NoStim,0,0,0,0,0,0,0,0
CACACTCAGATGTTAG-D1_NoStim,0,0,0,0,0,0,0,0
CACACTCGTAAACCTC-D1_NoStim,0,0,0,0,0,0,0,0
CACACTCTCGGAAACG-D1_NoStim,0,0,0,0,0,0,0,0
CACAGGCCAATGCCAT-D1_NoStim,0,0,0,0,0,0,0,0
CACAGTAAGTTGTAGA-D1_NoStim,0,0,0,0,0,0,0,0
CACATAGAGTTGAGAT-D1_NoStim,0,0,0,0,0,0,0,0
CACATAGTCAAGGCTT-D1_NoStim,0,0,0,0,0,0,0,0
CACATAGTCCCATTTA-D1_NoStim,0,0,0,0,0,0,0,0
CACCACTGTCCATCCT-D1_NoStim,0,0,0,0,0,0,0,0
CACCAGGCAACGCACC-D1_NoStim,0,0,0,0,0,0,0,0
CACCAGGCAAGCGAGT-D1_NoStim,0,0,0,0,0,0,0,0
CACCAGGCACATTAGC-D1_NoStim,0,0,0,0,0,0,0,0
CACCAGGCACGTAAGG-D1_NoStim,0,0,0,0,0,0,0,0
CACCAGGCAGTGGAGT-D1_NoStim,0,0,0,0,0,0,0,0
CACTCCATCAGGCAAG-D1_NoStim,0,0,0,0,0,0,0,0
CAGAATCAGCTTTGGT-D1_NoStim,0,0,0,0,0,0,0,0
CAGAATCTCTAGAGTC-D1_NoStim,0,0,0,0,0,0,0,0
CAGAGAGGTATAGTAG-D1_NoStim,0,0,0,0,0,0,0,0
CAGAGAGTCCGAGCCA-D1_NoStim,0,0,0,0,0,0,0,0
CAGAGAGTCCGATATG-D1_NoStim,0,0,0,0,0,0,0,0
CAGAGAGTCGCTTGTC-D1_NoStim,0,0,0,0,0,0,0,0
CAGATCAAGTGAATTG-D1_NoStim,0,0,0,0,0,0,0,0
CAGATCAGTATATGAG-D1_NoStim,0,0,0,0,0,0,0,0
CAGCAGCAGAGCTTCT-D1_NoStim,0,0,0,0,0,0,0,0
CAGCAGCTCACATACG-D1_NoStim,0,0,0,0,0,0,0,0
CAGCATAAGACAGGCT-D1_NoStim,0,0,0,0,0,0,0,0
CAGCATACAGTAACGG-D1_NoStim,0,0,0,0,0,0,0,0
CAGCATAGTGCTAGCC-D1_NoStim,0,0,0,0,0,0,0,0
CAGCATATCATCTGCC-D1_NoStim,0,0,0,0,0,0,0,0
CAGCATATCCTTTACA-D1_NoStim,0,0,0,0,0,0,0,0
CAGCCGACACCAGATT-D1_NoStim,0,0,0,0,0,0,0,0
CAGCCGAGTAGAGCTG-D1_NoStim,0,0,0,0,0,0,0,0
CAGCCGATCCGATATG-D1_NoStim,0,0,0,0,0,0,0,0
CAGCGACAGTTTCCTT-D1_NoStim,0,0,0,0,0,0,0,0
CAGCGACCAATAAGCA-D1_NoStim,0,0,0,0,0,0,0,0
CAGCGACGTAGCTAAA-D1_NoStim,0,0,0,0,0,0,0,0
CAGCGACTCGTAGGAG-D1_NoStim,0,0,0,0,0,0,0,0
CAGCTAAAGTGCCATT-D1_NoStim,0,0,0,0,0,0,0,0
CAGCTAACATCCTTGC-D1_NoStim,0,0,0,0,0,0,0,0
CAGCTAAGTACAGACG-D1_NoStim,0,0,0,0,0,0,0,0
CAGCTAAGTCATCCCT-D1_NoStim,0,0,0,0,0,0,0,0
CAGCTAATCGGACAAG-D1_NoStim,0,0,0,0,0,0,0,0
CAGCTGGAGCCGCCTA-D1_NoStim,0,0,0,0,0,0,0,0
CAGGTGCGTGTCTGAT-D1_NoStim,0,0,0,0,0,0,0,0
CAGTAACAGCTCCTCT-D1_NoStim,0,0,0,0,0,0,0,0
CAGTAACCATACGCCG-D1_NoStim,0,0,0,0,0,0,0,0
CAGTAACGTCCAAGTT-D1_NoStim,0,0,0,0,0,0,0,0
CAGTAACTCTTGACGA-D1_NoStim,0,0,0,0,0,0,0,0
CAGTCCTCACGCATCG-D1_NoStim,0,0,0,0,0,0,0,0
CAGTCCTGTTATCCGA-D1_NoStim,0,0,0,0,0,0,0,0
CAGTCCTTCATACGGT-D1_NoStim,0,0,0,0,0,0,0,0
CATATGGAGGCAATTA-D1_NoStim,0,0,0,0,0,0,0,0
CATATGGAGTTACCCA-D1_NoStim,0,0,0,0,0,0,0,0
CATATGGTCATGCAAC-D1_NoStim,0,0,0,0,0,0,0,0
CATATGGTCTGCGGCA-D1_NoStim,0,0,0,0,0,0,0,0
CATATTCAGCTACCTA-D1_NoStim,0,0,0,0,0,0,0,0
CATATTCGTGCTGTAT-D1_NoStim,0,0,0,0,0,0,0,0
CATCAAGCATCACGTA-D1_NoStim,0,0,0,0,0,0,0,0
CATCAAGGTAGCTTGT-D1_NoStim,0,0,0,0,0,0,0,0
CATCAGACAAGAAGAG-D1_NoStim,0,0,0,0,0,0,0,0
CATCAGACAGATCGGA-D1_NoStim,0,0,0,0,0,0,0,0
CATCAGACATGTTCCC-D1_NoStim,0,0,0,0,0,0,0,0
CATCGAAAGAGACGAA-D1_NoStim,0,0,0,0,0,0,0,0
CATCGAACAGAAGCAC-D1_NoStim,0,0,0,0,0,0,0,0
CATCGAACATAAGACA-D1_NoStim,0,0,0,0,0,0,0,0
CATCGGGCATAGACTC-D1_NoStim,0,0,0,0,0,0,0,0
CATGACAAGGCCCGTT-D1_NoStim,0,0,0,0,0,0,0,0
CATGCCTAGTCGAGTG-D1_NoStim,0,0,0,0,0,0,0,0
CATGCCTCACGTGAGA-D1_NoStim,0,0,0,0,0,0,0,0
CATGCCTCATGCTAGT-D1_NoStim,0,0,0,0,0,0,0,0
CATGCCTTCTGAGGGA-D1_NoStim,0,0,0,0,0,0,0,0
CATGGCGCACATTCGA-D1_NoStim,0,0,0,0,0,0,0,0
CATGGCGTCCCTCAGT-D1_NoStim,0,0,0,0,0,0,0,0
CATGGCGTCGGAAACG-D1_NoStim,0,0,0,0,0,0,0,0
CATTATCCAGACGCCT-D1_NoStim,0,0,0,0,0,0,0,0
CATTATCGTTGTCTTT-D1_NoStim,0,0,0,0,0,0,0,0
CCACCTAAGTAGCCGA-D1_NoStim,0,0,0,0,0,0,0,0
CCACCTAAGTTGTCGT-D1_NoStim,0,0,0,0,0,0,0,0
CCACCTAGTAGTACCT-D1_NoStim,0,0,0,0,0,0,0,0
CCACCTAGTCGCGGTT-D1_NoStim,0,0,0,0,0,0,0,0
CCACGGACAGCCAGAA-D1_NoStim,0,0,0,0,0,0,0,0
CCACGGATCACATAGC-D1_NoStim,0,0,0,0,0,0,0,0
CCACGGATCCTATGTT-D1_NoStim,0,0,0,0,0,0,0,0
CCACTACGTAAGGATT-D1_NoStim,0,0,0,0,0,0,0,0
CCACTACGTACTCTCC-D1_NoStim,0,0,0,0,0,0,0,0
CCACTACTCAGTGCAT-D1_NoStim,0,0,0,0,0,0,0,0
CCAGCGAAGCTAAGAT-D1_NoStim,0,0,0,0,0,0,0,0
CCAGCGAAGCTAGTGG-D1_NoStim,0,0,0,0,0,0,0,0
CCAGCGAGTAGGGTAC-D1_NoStim,0,0,0,0,0,0,0,0
CCAGCGAGTCCCTTGT-D1_NoStim,0,0,0,0,0,0,0,0
CCATGTCAGAGCTTCT-D1_NoStim,0,0,0,0,0,0,0,0
CCATGTCCACAACTGT-D1_NoStim,0,0,0,0,0,0,0,0
CCATGTCGTGATGCCC-D1_NoStim,0,0,0,0,0,0,0,0
CCATTCGGTATGAATG-D1_NoStim,0,0,0,0,0,0,0,0
CCATTCGGTATTACCG-D1_NoStim,0,0,0,0,0,0,0,0
CCCAATCAGAGACTAT-D1_NoStim,0,0,0,0,0,0,0,0
CCCAATCCATTGGTAC-D1_NoStim,0,0,0,0,0,0,0,0
CCCAATCGTACAGTGG-D1_NoStim,0,0,0,0,0,0,0,0
CCCAATCGTATAGGGC-D1_NoStim,0,0,0,0,0,0,0,0
CCCAATCGTATAGGTA-D1_NoStim,0,0,0,0,0,0,0,0
CCCAATCGTTTAAGCC-D1_NoStim,0,0,0,0,0,0,0,0
CCCAGTTAGCTGCCCA-D1_NoStim,0,0,0,0,0,0,0,0
CCCAGTTAGTCTCCTC-D1_NoStim,0,0,0,0,0,0,0,0
CCCAGTTCAATACGCT-D1_NoStim,0,0,0,0,0,0,0,0
CCCAGTTCACACATGT-D1_NoStim,0,0,0,0,0,0,0,0
CCCAGTTTCGCGCCAA-D1_NoStim,0,0,0,0,0,0,0,0
CCCATACAGCCCTAAT-D1_NoStim,0,0,0,0,0,0,0,0
CCCATACAGTCTCAAC-D1_NoStim,0,0,0,0,0,0,0,0
CCCATACCACATGGGA-D1_NoStim,0,0,0,0,0,0,0,0
CCCATACTCTGGCGTG-D1_NoStim,0,0,0,0,0,0,0,0
CCCTCCTGTCTAAAGA-D1_NoStim,0,0,0,0,0,0,0,0
CCCTCCTTCTAGCACA-D1_NoStim,0,0,0,0,0,0,0,0
CCGGGATCAATGTTGC-D1_NoStim,0,0,0,0,0,0,0,0
CCGGGATCATCACCCT-D1_NoStim,0,0,0,0,0,0,0,0
CCGGGATGTCGGCTCA-D1_NoStim,0,0,0,0,0,0,0,0
CCGGTAGTCTACTTAC-D1_NoStim,0,0,0,0,0,0,0,0
CCGTACTAGTGCCAGA-D1_NoStim,0,0,0,0,0,0,0,0
CCGTACTGTTCAGTAC-D1_NoStim,0,0,0,0,0,0,0,0
CCGTGGACACGTCTCT-D1_NoStim,0,0,0,0,0,0,0,0
CCGTGGACACGTTGGC-D1_NoStim,0,0,0,0,0,0,0,0
CCGTTCAGTAACGACG-D1_NoStim,0,0,0,0,0,0,0,0
CCGTTCATCCGCAGTG-D1_NoStim,0,0,0,0,0,0,0,0
CCTAAAGAGCAGCCTC-D1_NoStim,0,0,0,0,0,0,0,0
CCTAAAGAGCCACGCT-D1_NoStim,0,0,0,0,0,0,0,0
CCTAAAGTCGAGAGCA-D1_NoStim,0,0,0,0,0,0,0,0
CCTACACAGATCGATA-D1_NoStim,0,0,0,0,0,0,0,0
CCTACACAGCATCATC-D1_NoStim,0,0,0,0,0,0,0,0
CCTACACAGGGAACGG-D1_NoStim,0,0,0,0,0,0,0,0
CCTACACAGTACGTTC-D1_NoStim,0,0,0,0,0,0,0,0
CCTACACCAACTTGAC-D1_NoStim,0,0,0,0,0,0,0,0
CCTACACGTGTATGGG-D1_NoStim,0,0,0,0,0,0,0,0
CCTACACTCTATCGCC-D1_NoStim,0,0,0,0,0,0,0,0
CCTACCAAGTGCGTGA-D1_NoStim,0,0,0,0,0,0,0,0
CCTACCACATCAGTAC-D1_NoStim,0,0,0,0,0,0,0,0
CCTACCATCCTAAGTG-D1_NoStim,0,0,0,0,0,0,0,0
CCTACCATCTCTAAGG-D1_NoStim,0,0,0,0,0,0,0,0
CCTAGCTAGGTGCAAC-D1_NoStim,0,0,0,0,0,0,0,0
CCTAGCTCACAGATTC-D1_NoStim,0,0,0,0,0,0,0,0
CCTAGCTGTTCAGGCC-D1_NoStim,0,0,0,0,0,0,0,0
CCTATTACAAGCCGCT-D1_NoStim,0,0,0,0,0,0,0,0
CCTATTACAGCTTCGG-D1_NoStim,0,0,0,0,0,0,0,0
CCTATTAGTTATTCTC-D1_NoStim,0,0,0,0,0,0,0,0
CCTCAGTCAGCCAATT-D1_NoStim,0,0,0,0,0,0,0,0
CCTCAGTTCATGCATG-D1_NoStim,0,0,0,0,0,0,0,0
CCTCTGACATTACGAC-D1_NoStim,0,0,0,0,0,0,0,0
CCTCTGATCGCCCTTA-D1_NoStim,0,0,0,0,0,0,0,0
CCTTACGCACACCGAC-D1_NoStim,0,0,0,0,0,0,0,0
CCTTACGGTGTGAAAT-D1_NoStim,0,0,0,0,0,0,0,0
CCTTACGTCTCTGAGA-D1_NoStim,0,0,0,0,0,0,0,0
CCTTCCCGTACACCGC-D1_NoStim,0,0,0,0,0,0,0,0
CCTTCCCGTAGCACGA-D1_NoStim,0,0,0,0,0,0,0,0
CCTTCCCTCAGGCCCA-D1_NoStim,0,0,0,0,0,0,0,0
CCTTTCTGTCAACATC-D1_NoStim,0,0,0,0,0,0,0,0
CCTTTCTGTTATTCTC-D1_NoStim,0,0,0,0,0,0,0,0
CCTTTCTTCGGATGGA-D1_NoStim,0,0,0,0,0,0,0,0
CCTTTCTTCTTCAACT-D1_NoStim,0,0,0,0,0,0,0,0
CGAACATCACGGTTTA-D1_NoStim,0,0,0,0,0,0,0,0
CGAACATGTTCCACTC-D1_NoStim,0,0,0,0,0,0,0,0
CGAATGTAGGGCATGT-D1_NoStim,0,0,0,0,0,0,0,0
CGAATGTCACGTTGGC-D1_NoStim,0,0,0,0,0,0,0,0
CGACTTCCATGCCTAA-D1_NoStim,0,0,0,0,0,0,0,0
CGAGAAGAGCTGATAA-D1_NoStim,0,0,0,0,0,0,0,0
CGAGAAGCAGTCAGCC-D1_NoStim,0,0,0,0,0,0,0,0
CGAGAAGTCCAAATGC-D1_NoStim,0,0,0,0,0,0,0,0
CGAGAAGTCGCAAGCC-D1_NoStim,0,0,0,0,0,0,0,0
CGAGCACGTTACTGAC-D1_NoStim,0,0,0,0,0,0,0,0
CGAGCACTCTCTAGGA-D1_NoStim,0,0,0,0,0,0,0,0
CGAGCACTCTTCAACT-D1_NoStim,0,0,0,0,0,0,0,0
CGAGCCAAGTTGAGAT-D1_NoStim,0,0,0,0,0,0,0,0
CGAGCCATCACCCTCA-D1_NoStim,0,0,0,0,0,0,0,0
CGATCGGGTAAGAGAG-D1_NoStim,0,0,0,0,0,0,0,0
CGATCGGTCAACCATG-D1_NoStim,0,0,0,0,0,0,0,0
CGATGGCCAGATTGCT-D1_NoStim,0,0,0,0,0,0,0,0
CGATGGCTCGTGGGAA-D1_NoStim,0,0,0,0,0,0,0,0
CGATGTACAGCTGCAC-D1_NoStim,0,0,0,0,0,0,0,0
CGATGTATCGAGCCCA-D1_NoStim,0,0,0,0,0,0,0,0
CGATGTATCTATCCCG-D1_NoStim,0,0,0,0,0,0,0,0
CGATTGAAGGAATCGC-D1_NoStim,0,0,0,0,0,0,0,0
CGATTGAAGGTTACCT-D1_NoStim,0,0,0,0,0,0,0,0
CGATTGACAAGCCTAT-D1_NoStim,0,0,0,0,0,0,0,0
CGATTGACAGTCGTGC-D1_NoStim,0,0,0,0,0,0,0,0
CGATTGAGTCCCTTGT-D1_NoStim,0,0,0,0,0,0,0,0
CGATTGATCAGCGATT-D1_NoStim,0,0,0,0,0,0,0,0
CGCCAAGAGGTTACCT-D1_NoStim,0,0,0,0,0,0,0,0
CGCCAAGAGTGCAAGC-D1_NoStim,0,0,0,0,0,0,0,0
CGCCAAGGTAAGTGGC-D1_NoStim,0,0,0,0,0,0,0,0
CGCCAAGTCATCACCC-D1_NoStim,0,0,0,0,0,0,0,0
CGCCAAGTCGCAGGCT-D1_NoStim,0,0,0,0,0,0,0,0
CGCCAAGTCTGCGACG-D1_NoStim,0,0,0,0,0,0,0,0
CGCGGTACAATCTGCA-D1_NoStim,0,0,0,0,0,0,0,0
CGCGTTTAGCTGTTCA-D1_NoStim,0,0,0,0,0,0,0,0
CGCGTTTTCGTGGGAA-D1_NoStim,0,0,0,0,0,0,0,0
CGCTATCCATACCATG-D1_NoStim,0,0,0,0,0,0,0,0
CGCTATCCATTGGTAC-D1_NoStim,0,0,0,0,0,0,0,0
CGCTGGACACATCCAA-D1_NoStim,0,0,0,0,0,0,0,0
CGCTGGAGTAGCGATG-D1_NoStim,0,0,0,0,0,0,0,0
CGCTTCAAGGATTCGG-D1_NoStim,0,0,0,0,0,0,0,0
CGCTTCATCATCGGAT-D1_NoStim,0,0,0,0,0,0,0,0
CGCTTCATCCCACTTG-D1_NoStim,0,0,0,0,0,0,0,0
CGGACACAGAGTAATC-D1_NoStim,0,0,0,0,0,0,0,0
CGGACACGTACTTCTT-D1_NoStim,0,0,0,0,0,0,0,0
CGGACGTAGAGGGCTT-D1_NoStim,0,0,0,0,0,0,0,0
CGGACGTAGCAGCCTC-D1_NoStim,0,0,0,0,0,0,0,0
CGGACGTGTCGGATCC-D1_NoStim,0,0,0,0,0,0,0,0
CGGACGTTCATCATTC-D1_NoStim,0,0,0,0,0,0,0,0
CGGACTGCATAAGACA-D1_NoStim,0,0,0,0,0,0,0,0
CGGACTGTCCGAATGT-D1_NoStim,0,0,0,0,0,0,0,0
CGGAGCTAGTTGAGAT-D1_NoStim,0,0,0,0,0,0,0,0
CGGAGCTCATTCTCAT-D1_NoStim,0,0,0,0,0,0,0,0
CGGAGTCAGTGCGTGA-D1_NoStim,0,0,0,0,0,0,0,0
CGGAGTCTCGTCTGCT-D1_NoStim,0,0,0,0,0,0,0,0
CGGCTAGAGAAGGCCT-D1_NoStim,0,0,0,0,0,0,0,0
CGGCTAGCAAGCCATT-D1_NoStim,0,0,0,0,0,0,0,0
CGGCTAGCACCATGTA-D1_NoStim,0,0,0,0,0,0,0,0
CGGCTAGCAGGATTGG-D1_NoStim,0,0,0,0,0,0,0,0
CGGCTAGGTCAAAGCG-D1_NoStim,0,0,0,0,0,0,0,0
CGGGTCAGTACAAGTA-D1_NoStim,0,0,0,0,0,0,0,0
CGGGTCATCGCCATAA-D1_NoStim,0,0,0,0,0,0,0,0
CGGGTCATCGCTAGCG-D1_NoStim,0,0,0,0,0,0,0,0
CGGTTAAAGCTGCCCA-D1_NoStim,0,0,0,0,0,0,0,0
CGGTTAACAGCGTCCA-D1_NoStim,0,0,0,0,0,0,0,0
CGTAGCGCAGGTCGTC-D1_NoStim,0,0,0,0,0,0,0,0
CGTAGCGGTATGAAAC-D1_NoStim,0,0,0,0,0,0,0,0
CGTAGCGTCTCAAGTG-D1_NoStim,0,0,0,0,0,0,0,0
CGTAGGCCAAGCCATT-D1_NoStim,0,0,0,0,0,0,0,0
CGTAGGCGTCGGCATC-D1_NoStim,0,0,0,0,0,0,0,0
CGTAGGCGTGGACGAT-D1_NoStim,0,0,0,0,0,0,0,0
CGTCACTAGCATGGCA-D1_NoStim,0,0,0,0,0,0,0,0
CGTCACTCAAGGACTG-D1_NoStim,0,0,0,0,0,0,0,0
CGTCACTGTAAATGTG-D1_NoStim,0,0,0,0,0,0,0,0
CGTCACTTCCCTAATT-D1_NoStim,0,0,0,0,0,0,0,0
CGTCAGGTCGCATGAT-D1_NoStim,0,0,0,0,0,0,0,0
CGTCCATCACGTGAGA-D1_NoStim,0,0,0,0,0,0,0,0
CGTCCATTCGTAGGAG-D1_NoStim,0,0,0,0,0,0,0,0
CGTCTACCAAGCCGTC-D1_NoStim,0,0,0,0,0,0,0,0
CGTGAGCAGTGCCAGA-D1_NoStim,0,0,0,0,0,0,0,0
CGTGTAAAGAGGTTGC-D1_NoStim,0,0,0,0,0,0,0,0
CGTGTAAGTCTCTCGT-D1_NoStim,0,0,0,0,0,0,0,0
CGTGTAATCGGAAACG-D1_NoStim,0,0,0,0,0,0,0,0
CGTTAGACAAGCCCAC-D1_NoStim,0,0,0,0,0,0,0,0
CGTTAGACAGCGTTCG-D1_NoStim,0,0,0,0,0,0,0,0
CGTTAGACATTCCTCG-D1_NoStim,0,0,0,0,0,0,0,0
CGTTAGAGTTTGTTTC-D1_NoStim,0,0,0,0,0,0,0,0
CGTTAGATCGGCCGAT-D1_NoStim,0,0,0,0,0,0,0,0
CGTTCTGAGCTACCGC-D1_NoStim,0,0,0,0,0,0,0,0
CGTTCTGCATAAAGGT-D1_NoStim,0,0,0,0,0,0,0,0
CGTTGGGAGATATGCA-D1_NoStim,0,0,0,0,0,0,0,0
CTAACTTCATCATCCC-D1_NoStim,0,0,0,0,0,0,0,0
CTAACTTTCCCAGGTG-D1_NoStim,0,0,0,0,0,0,0,0
CTAACTTTCCGTAGGC-D1_NoStim,0,0,0,0,0,0,0,0
CTAATGGAGATCCTGT-D1_NoStim,0,0,0,0,0,0,0,0
CTAATGGAGGATGGTC-D1_NoStim,0,0,0,0,0,0,0,0
CTAATGGTCGAGGTAG-D1_NoStim,0,0,0,0,0,0,0,0
CTACACCAGCACCGTC-D1_NoStim,0,0,0,0,0,0,0,0
CTACACCCACCAGTTA-D1_NoStim,0,0,0,0,0,0,0,0
CTACACCGTTGTCGCG-D1_NoStim,0,0,0,0,0,0,0,0
CTACACCTCCAAAGTC-D1_NoStim,0,0,0,0,0,0,0,0
CTACACCTCGGTTAAC-D1_NoStim,0,0,0,0,0,0,0,0
CTACATTCACATCCGG-D1_NoStim,0,0,0,0,0,0,0,0
CTACATTCATACTACG-D1_NoStim,0,0,0,0,0,0,0,0
CTACATTGTGCAACTT-D1_NoStim,0,0,0,0,0,0,0,0
CTACCCAGTGATGTCT-D1_NoStim,0,0,0,0,0,0,0,0
CTACCCAGTTGTACAC-D1_NoStim,0,0,0,0,0,0,0,0
CTACGTCCAAGCCGCT-D1_NoStim,0,0,0,0,0,0,0,0
CTACGTCCAATGACCT-D1_NoStim,0,0,0,0,0,0,0,0
CTACGTCTCAGCTTAG-D1_NoStim,0,0,0,0,0,0,0,0
CTAGAGTAGAGACTAT-D1_NoStim,0,0,0,0,0,0,0,0
CTAGAGTAGCTAGGCA-D1_NoStim,0,0,0,0,0,0,0,0
CTAGCCTAGCTTATCG-D1_NoStim,0,0,0,0,0,0,0,0
CTCACACCAAGTAATG-D1_NoStim,0,0,0,0,0,0,0,0
CTCATTAAGGACAGAA-D1_NoStim,0,0,0,0,0,0,0,0
CTCATTAGTACCGTAT-D1_NoStim,0,0,0,0,0,0,0,0
CTCCTAGAGAATAGGG-D1_NoStim,0,0,0,0,0,0,0,0
CTCGAAAGTCAATGTC-D1_NoStim,0,0,0,0,0,0,0,0
CTCGAAAGTCACACGC-D1_NoStim,0,0,0,0,0,0,0,0
CTCGAGGAGCTAAACA-D1_NoStim,0,0,0,0,0,0,0,0
CTCGAGGCACGGTAGA-D1_NoStim,0,0,0,0,0,0,0,0
CTCGAGGTCCGCATAA-D1_NoStim,0,0,0,0,0,0,0,0
CTCGGAGCATGCCCGA-D1_NoStim,0,0,0,0,0,0,0,0
CTCGGAGGTCCTAGCG-D1_NoStim,0,0,0,0,0,0,0,0
CTCGGAGTCCGTTGCT-D1_NoStim,0,0,0,0,0,0,0,0
CTCGGGAAGCCACGCT-D1_NoStim,0,0,0,0,0,0,0,0
CTCGGGAAGTAGGCCA-D1_NoStim,0,0,0,0,0,0,0,0
CTCGGGACACATTAGC-D1_NoStim,0,0,0,0,0,0,0,0
CTCGTACAGAGTAATC-D1_NoStim,0,0,0,0,0,0,0,0
CTCGTACGTCGGGTCT-D1_NoStim,0,0,0,0,0,0,0,0
CTCGTACTCCAGATCA-D1_NoStim,0,0,0,0,0,0,0,0
CTCGTCAGTCTAGTGT-D1_NoStim,0,0,0,0,0,0,0,0
CTCGTCATCCGTCATC-D1_NoStim,0,0,0,0,0,0,0,0
CTCGTCATCGCTTAGA-D1_NoStim,0,0,0,0,0,0,0,0
CTCTAATTCGATCCCT-D1_NoStim,0,0,0,0,0,0,0,0
CTCTACGAGAGGTACC-D1_NoStim,0,0,0,0,0,0,0,0
CTCTACGAGCGATGAC-D1_NoStim,0,0,0,0,0,0,0,0
CTCTACGTCCGTAGTA-D1_NoStim,0,0,0,0,0,0,0,0
CTCTGGTGTTCTCATT-D1_NoStim,0,0,0,0,0,0,0,0
CTCTGGTTCCACGACG-D1_NoStim,0,0,0,0,0,0,0,0
CTGAAACGTAAGGATT-D1_NoStim,0,0,0,0,0,0,0,0
CTGAAACTCGTCCGTT-D1_NoStim,0,0,0,0,0,0,0,0
CTGAAACTCTAGCACA-D1_NoStim,0,0,0,0,0,0,0,0
CTGAAGTCACATGGGA-D1_NoStim,0,0,0,0,0,0,0,0
CTGAAGTGTCCTCTTG-D1_NoStim,0,0,0,0,0,0,0,0
CTGAAGTTCAGTTTGG-D1_NoStim,0,0,0,0,0,0,0,0
CTGATAGGTCCATGAT-D1_NoStim,0,0,0,0,0,0,0,0
CTGATAGGTCGCGTGT-D1_NoStim,0,0,0,0,0,0,0,0
CTGCCTAAGTCTCGGC-D1_NoStim,0,0,0,0,0,0,0,0
CTGCCTAGTACTTGAC-D1_NoStim,0,0,0,0,0,0,0,0
CTGCCTAGTATTACCG-D1_NoStim,0,0,0,0,0,0,0,0
CTGCCTAGTCTCTCTG-D1_NoStim,0,0,0,0,0,0,0,0
CTGCCTATCGCCAAAT-D1_NoStim,0,0,0,0,0,0,0,0
CTGCGGAAGCCCTAAT-D1_NoStim,0,0,0,0,0,0,0,0
CTGCGGAAGTCCATAC-D1_NoStim,0,0,0,0,0,0,0,0
CTGCGGAGTTCCGGCA-D1_NoStim,0,0,0,0,0,0,0,0
CTGCTGTGTCCTCTTG-D1_NoStim,0,0,0,0,0,0,0,0
CTGGTCTCATACGCCG-D1_NoStim,0,0,0,0,0,0,0,0
CTGGTCTGTAGCAAAT-D1_NoStim,0,0,0,0,0,0,0,0
CTGTGCTCACAGCGTC-D1_NoStim,0,0,0,0,0,0,0,0
CTGTGCTGTTGAGTTC-D1_NoStim,0,0,0,0,0,0,0,0
CTGTTTACACACCGAC-D1_NoStim,0,0,0,0,0,0,0,0
CTGTTTAGTACCGTAT-D1_NoStim,0,0,0,0,0,1,0,0
CTGTTTAGTCCGAGTC-D1_NoStim,0,0,0,0,0,0,0,0
CTGTTTAGTTCATGGT-D1_NoStim,0,0,0,0,0,0,0,0
CTGTTTATCCAGTATG-D1_NoStim,0,0,0,0,0,0,0,0
CTTAACTAGCAGACTG-D1_NoStim,0,0,0,0,0,0,0,0
CTTAACTCAAGGACTG-D1_NoStim,0,0,0,0,0,0,0,0
CTTAACTTCAAGGCTT-D1_NoStim,0,0,0,0,0,0,0,0
CTTAACTTCTATCGCC-D1_NoStim,0,0,0,0,0,0,0,0
CTTACCGAGGTGACCA-D1_NoStim,0,0,0,0,0,0,0,0
CTTACCGAGTTAAGTG-D1_NoStim,0,0,0,0,0,0,0,0
CTTACCGCAGATCCAT-D1_NoStim,0,0,0,0,0,0,0,0
CTTACCGCATTGTGCA-D1_NoStim,0,0,0,0,0,0,0,0
CTTACCGGTTCGGGCT-D1_NoStim,0,0,0,0,0,0,0,0
CTTACCGGTTGCCTCT-D1_NoStim,0,0,0,0,0,0,0,0
CTTACCGTCATGCATG-D1_NoStim,0,0,0,0,0,0,0,0
CTTAGGAAGTTTCCTT-D1_NoStim,0,0,0,0,0,0,0,0
CTTAGGAGTAGTAGTA-D1_NoStim,0,0,0,0,0,0,0,0
CTTAGGAGTTCGGGCT-D1_NoStim,0,0,0,0,0,0,0,0
CTTAGGATCCCTCAGT-D1_NoStim,0,0,0,0,0,0,0,0
CTTCTCTGTTTCGCTC-D1_NoStim,0,0,0,0,0,0,0,0
CTTCTCTTCTCCCTGA-D1_NoStim,0,0,0,0,0,0,0,0
CTTGGCTAGAAAGTGG-D1_NoStim,0,0,0,0,0,0,0,0
CTTGGCTGTGAGCGAT-D1_NoStim,0,0,0,0,0,0,0,0
CTTTGCGGTAGCGCTC-D1_NoStim,0,0,0,0,0,0,0,0
GAAACTCCAAAGTCAA-D1_NoStim,0,0,0,0,0,0,0,0
GAAACTCCAAGAAGAG-D1_NoStim,0,0,0,0,0,0,0,0
GAAACTCCAAGTCTGT-D1_NoStim,0,0,0,0,0,0,0,0
GAAACTCTCTACTCAT-D1_NoStim,0,0,0,0,0,0,0,0
GAAACTCTCTCGATGA-D1_NoStim,0,0,0,0,0,0,0,0
GAAACTCTCTGCTTGC-D1_NoStim,0,0,0,0,0,0,0,0
GAAATGACAAATTGCC-D1_NoStim,0,0,0,0,0,0,0,0
GAAATGACACCTATCC-D1_NoStim,0,0,0,0,0,0,0,0
GAAATGATCTTCAACT-D1_NoStim,0,0,0,0,0,0,0,0
GAACATCAGCTATGCT-D1_NoStim,0,0,0,0,0,0,0,0
GAACATCTCCTTTACA-D1_NoStim,0,0,0,0,0,0,0,0
GAACATCTCTCCAACC-D1_NoStim,0,0,0,0,0,0,0,0
GAACCTAAGCCACCTG-D1_NoStim,0,0,0,0,0,0,0,0
GAACCTAAGGCTAGAC-D1_NoStim,0,0,0,0,0,0,0,0
GAACCTAAGGCTCTTA-D1_NoStim,0,0,0,0,0,0,0,0
GAACCTACATTTCACT-D1_NoStim,0,0,0,0,0,0,0,0
GAACCTATCGCTGATA-D1_NoStim,0,0,0,0,0,0,0,0
GAACGGACATGGTTGT-D1_NoStim,0,0,0,0,0,0,0,0
GAACGGAGTCCGTTAA-D1_NoStim,0,0,0,0,0,0,0,0
GAAGCAGGTCGACTGC-D1_NoStim,0,0,0,0,0,0,0,0
GAATAAGGTGTCTGAT-D1_NoStim,0,0,0,0,0,0,0,0
GAATAAGGTTAAGGGC-D1_NoStim,0,0,0,0,0,0,0,0
GAATAAGTCCACTCCA-D1_NoStim,0,0,0,0,0,0,0,0
GAATAAGTCTGCGACG-D1_NoStim,0,0,0,0,0,0,0,0
GAATGAAAGGGATCTG-D1_NoStim,0,0,0,0,0,0,0,0
GAATGAACAAGGACTG-D1_NoStim,0,0,0,0,0,0,0,0
GAATGAACACCAGTTA-D1_NoStim,0,0,0,0,0,0,0,0
GACACGCAGGCCCGTT-D1_NoStim,0,0,0,0,0,0,0,0
GACACGCCAAATCCGT-D1_NoStim,0,0,0,0,0,0,0,0
GACACGCGTACCAGTT-D1_NoStim,0,0,0,0,0,0,0,0
GACACGCGTACTTCTT-D1_NoStim,0,0,0,0,0,0,0,0
GACACGCGTCACACGC-D1_NoStim,0,0,0,0,0,0,0,0
GACACGCGTGCTTCTC-D1_NoStim,0,0,0,0,0,0,0,0
GACAGAGGTTCGTCTC-D1_NoStim,0,0,0,0,0,0,0,0
GACCAATAGTACGACG-D1_NoStim,0,0,0,0,0,0,0,0
GACCAATTCGTGACAT-D1_NoStim,0,0,0,0,0,0,0,0
GACCAATTCTTGTCAT-D1_NoStim,0,0,0,0,0,0,0,0
GACCTGGAGCACAGGT-D1_NoStim,0,0,0,0,0,0,0,0
GACCTGGAGTGCTGCC-D1_NoStim,0,0,0,0,0,0,0,0
GACCTGGCAGCTGTAT-D1_NoStim,0,0,0,0,0,0,0,0
GACGCGTAGTGGGATC-D1_NoStim,0,0,0,0,0,0,0,0
GACGGCTGTACAGACG-D1_NoStim,0,0,0,0,0,0,0,0
GACGTGCAGCTATGCT-D1_NoStim,0,0,0,0,0,0,0,0
GACGTGCGTAGTAGTA-D1_NoStim,0,0,0,0,0,0,0,0
GACGTGCTCCAACCAA-D1_NoStim,0,0,0,0,0,0,0,0
GACGTTAAGATGGCGT-D1_NoStim,0,0,0,0,0,0,0,0
GACGTTAGTACAGCAG-D1_NoStim,0,0,0,0,0,0,0,0
GACTAACTCACAGGCC-D1_NoStim,0,0,0,0,0,0,0,0
GACTAACTCACCGTAA-D1_NoStim,0,0,0,0,0,0,0,0
GACTAACTCGTTACGA-D1_NoStim,0,0,0,0,0,0,0,0
GACTAACTCTTAACCT-D1_NoStim,0,0,0,0,0,0,0,0
GACTACAGTATGAAAC-D1_NoStim,0,0,0,0,0,0,0,0
GACTACAGTGGTCCGT-D1_NoStim,0,0,0,0,0,0,0,0
GACTACATCACCCGAG-D1_NoStim,0,0,0,0,0,0,0,0
GACTACATCACGCATA-D1_NoStim,0,0,0,0,0,0,0,0
GACTGCGCACTCTGTC-D1_NoStim,0,0,0,0,0,0,0,0
GACTGCGCATCAGTAC-D1_NoStim,0,0,0,0,0,0,0,0
GACTGCGGTTATGTGC-D1_NoStim,0,0,0,0,0,0,0,0
GACTGCGTCGTTACAG-D1_NoStim,0,0,0,0,0,0,0,0
GAGCAGACAAGGACTG-D1_NoStim,0,0,0,0,0,0,0,0
GAGCAGAGTGATAAGT-D1_NoStim,0,0,0,0,0,0,0,0
GAGGTGAAGTTGTCGT-D1_NoStim,0,0,0,0,0,0,0,0
GAGGTGAGTAGGGACT-D1_NoStim,0,0,0,0,0,0,0,0
GAGGTGAGTATGGTTC-D1_NoStim,0,0,0,0,0,0,0,0
GAGGTGAGTGCAGACA-D1_NoStim,0,0,0,0,0,0,0,0
GAGGTGATCCTTGACC-D1_NoStim,0,0,0,0,0,0,0,0
GAGTCCGAGCTGCCCA-D1_NoStim,0,0,0,0,0,0,0,0
GAGTCCGGTGAGGCTA-D1_NoStim,0,0,0,0,0,0,0,0
GATCAGTGTGTGTGCC-D1_NoStim,0,0,0,0,0,0,0,0
GATCAGTGTTCCCGAG-D1_NoStim,0,0,0,0,0,0,0,0
GATCAGTTCCTATTCA-D1_NoStim,0,0,0,0,0,0,0,0
GATCAGTTCGATAGAA-D1_NoStim,0,0,0,0,0,0,0,0
GATCGATTCACTCCTG-D1_NoStim,0,0,0,0,0,0,0,0
GATCGATTCGAATGGG-D1_NoStim,0,0,0,0,0,0,0,0
GATCGCGGTCTAGTCA-D1_NoStim,0,0,0,0,0,0,0,0
GATCGCGGTGAGGGAG-D1_NoStim,0,0,0,0,0,0,0,0
GATCGTACAAATTGCC-D1_NoStim,0,0,0,0,0,0,0,0
GATCGTACAGCCACCA-D1_NoStim,0,0,0,0,0,0,0,0
GATCGTAGTGCTAGCC-D1_NoStim,0,0,0,0,0,0,0,0
GATCGTAGTTGGACCC-D1_NoStim,0,0,0,0,0,0,0,0
GATCTAGGTGATAAGT-D1_NoStim,0,0,0,0,0,0,0,0
GATCTAGTCGATGAGG-D1_NoStim,0,0,0,0,0,0,0,0
GATGAAAGTTGGTTTG-D1_NoStim,0,0,0,0,0,0,0,0
GATGAAATCTGAGTGT-D1_NoStim,0,0,0,0,0,0,0,0
GATGAGGAGATATGCA-D1_NoStim,0,0,0,0,0,0,0,0
GATGAGGCAACTGCGC-D1_NoStim,0,0,0,0,0,0,0,0
GATTCAGAGATCCTGT-D1_NoStim,0,0,0,0,0,0,0,0
GATTCAGCAGGTCTCG-D1_NoStim,0,0,0,0,0,0,0,0
GATTCAGTCGCCATAA-D1_NoStim,0,0,0,0,0,0,0,0
GCAAACTGTTCGGCAC-D1_NoStim,0,0,0,0,0,0,0,0
GCAAACTGTTGTACAC-D1_NoStim,0,0,0,0,0,0,0,0
GCAAACTTCTGCAGTA-D1_NoStim,0,0,0,0,0,0,0,0
GCAATCAGTGAGTATA-D1_NoStim,0,0,0,0,0,0,0,0
GCAATCAGTTCATGGT-D1_NoStim,0,0,0,0,0,0,0,0
GCAATCATCCAAGCCG-D1_NoStim,0,0,0,0,0,0,0,0
GCAATCATCGTTTAGG-D1_NoStim,0,0,0,0,0,0,0,0
GCACATAGTTACTGAC-D1_NoStim,0,0,0,0,0,0,0,0
GCACATATCGTTACGA-D1_NoStim,0,0,0,0,0,0,0,0
GCACTCTCATTCACTT-D1_NoStim,0,0,0,0,0,0,0,0
GCAGCCAAGAGACGAA-D1_NoStim,0,0,0,0,0,0,0,0
GCAGCCACACCACGTG-D1_NoStim,0,0,0,0,0,0,0,0
GCAGCCAGTTACTGAC-D1_NoStim,0,0,0,0,0,0,0,0
GCAGTTATCTTCAACT-D1_NoStim,0,0,0,0,0,0,0,0
GCATACAAGTGGTAAT-D1_NoStim,0,0,0,0,0,0,0,0
GCATGATGTCTGGTCG-D1_NoStim,0,0,0,0,0,0,0,0
GCATGATGTCTTTCAT-D1_NoStim,0,0,0,0,0,0,0,0
GCATGATTCATGTCTT-D1_NoStim,0,0,0,0,0,0,0,0
GCATGCGGTAGCCTAT-D1_NoStim,0,0,0,0,0,0,0,0
GCATGTAAGAAACCTA-D1_NoStim,0,0,0,0,0,0,0,0
GCATGTAAGGTGCAAC-D1_NoStim,0,0,0,0,0,0,0,0
GCATGTATCGCTAGCG-D1_NoStim,0,0,0,0,0,0,0,0
GCCAAATAGTACATGA-D1_NoStim,0,0,0,0,0,0,0,0
GCCAAATCAGGAACGT-D1_NoStim,0,0,0,0,0,0,0,0
GCCAAATGTTCTGAAC-D1_NoStim,0,0,0,0,0,0,0,0
GCCAAATTCATCTGTT-D1_NoStim,0,0,0,0,0,0,0,0
GCCTCTACAATGACCT-D1_NoStim,0,0,0,0,0,0,0,0
GCGACCACACCCATTC-D1_NoStim,0,0,0,0,0,0,0,0
GCGACCAGTTGATTCG-D1_NoStim,0,0,0,0,0,0,0,0
GCGACCATCATTTGGG-D1_NoStim,0,0,0,0,0,0,0,0
GCGAGAAGTAGAGTGC-D1_NoStim,0,0,0,0,0,0,0,0
GCGAGAATCATCACCC-D1_NoStim,0,0,0,0,0,0,0,0
GCGAGAATCTGATTCT-D1_NoStim,0,0,0,0,0,0,0,0
GCGCAACCATTGTGCA-D1_NoStim,0,0,0,0,0,0,0,0
GCGCAACGTAGTACCT-D1_NoStim,0,0,0,0,0,0,0,0
GCGCAACTCAACACGT-D1_NoStim,0,0,0,0,0,0,0,0
GCGCAGTAGGACATTA-D1_NoStim,0,0,0,0,0,0,0,0
GCGCAGTCACATGACT-D1_NoStim,0,0,0,0,0,0,0,0
GCGCCAAAGATATACG-D1_NoStim,0,0,0,0,0,0,0,0
GCGCCAACACAGAGGT-D1_NoStim,0,0,0,0,0,0,0,0
GCGCCAATCTGACCTC-D1_NoStim,0,0,0,0,0,0,0,0
GCGCCAATCTGCGTAA-D1_NoStim,0,0,0,0,0,0,0,0
GCGCCAATCTTTAGGG-D1_NoStim,0,0,0,0,0,0,0,0
GCGCGATAGTTACGGG-D1_NoStim,0,0,0,0,0,0,0,0
GCGCGATGTCGGATCC-D1_NoStim,0,0,0,0,0,0,0,0
GCGCGATTCCTTGACC-D1_NoStim,0,0,0,0,0,0,0,0
GCGGGTTAGGCAGTCA-D1_NoStim,0,0,0,0,0,0,0,0
GCGGGTTCATGTAGTC-D1_NoStim,0,0,0,0,0,0,0,0
GCTCCTAGTACAGCAG-D1_NoStim,0,0,0,0,0,0,0,0
GCTCTGTCAATTGCTG-D1_NoStim,0,0,0,0,0,0,0,0
GCTCTGTCATATACCG-D1_NoStim,0,0,0,0,0,0,0,0
GCTCTGTCATCGACGC-D1_NoStim,0,0,0,0,0,0,0,0
GCTCTGTGTTTAGCTG-D1_NoStim,0,0,0,0,0,0,0,0
GCTGCGACAACGATGG-D1_NoStim,0,0,0,0,0,0,0,0
GCTGCGAGTATGCTTG-D1_NoStim,0,0,0,0,0,0,0,0
GCTGCGATCGTAGATC-D1_NoStim,0,0,0,0,0,0,0,0
GCTGCTTAGATCACGG-D1_NoStim,0,0,0,0,0,0,0,0
GCTGCTTAGTCATCCA-D1_NoStim,0,0,0,0,0,0,0,0
GCTGCTTCATCGGTTA-D1_NoStim,0,0,0,0,0,0,0,0
GCTGCTTGTATCAGTC-D1_NoStim,0,0,0,0,0,0,0,0
GCTGGGTAGAAACCGC-D1_NoStim,0,0,0,0,0,0,0,0
GCTGGGTCAAAGGAAG-D1_NoStim,0,0,0,0,0,0,0,0
GCTTCCACAATGGAGC-D1_NoStim,0,0,0,0,0,0,0,0
GCTTCCACATGGAATA-D1_NoStim,0,0,0,0,0,0,0,0
GCTTCCATCCACGACG-D1_NoStim,0,0,0,0,0,0,0,0
GCTTCCATCTATCGCC-D1_NoStim,0,0,0,0,0,0,0,0
GCTTGAATCGACCAGC-D1_NoStim,0,0,0,0,0,0,0,0
GGAAAGCAGTCTCCTC-D1_NoStim,0,0,0,0,0,0,0,0
GGAAAGCTCCCTCAGT-D1_NoStim,0,0,0,0,0,0,0,0
GGAATAACACTGTGTA-D1_NoStim,0,0,0,0,0,0,0,0
GGAATAAGTAGGCTGA-D1_NoStim,0,0,0,0,0,0,0,0
GGACAAGCACGAGAGT-D1_NoStim,0,0,0,0,0,0,0,0
GGACAAGCAGACTCGC-D1_NoStim,0,0,0,0,0,0,0,0
GGACAGATCTTCGAGA-D1_NoStim,0,0,0,0,0,0,0,0
GGACATTAGCCACCTG-D1_NoStim,0,0,0,0,0,0,0,0
GGACGTCAGGCTCTTA-D1_NoStim,0,0,0,0,0,0,0,0
GGACGTCGTTCGTCTC-D1_NoStim,0,0,0,0,0,0,0,0
GGAGCAATCGCGCCAA-D1_NoStim,0,0,0,0,0,0,0,0
GGATGTTCAGTGGGAT-D1_NoStim,0,0,0,0,0,0,0,0
GGATTACCATCGGACC-D1_NoStim,0,0,0,0,0,0,0,0
GGCAATTAGCATGGCA-D1_NoStim,0,0,0,0,0,0,0,0
GGCAATTCATCGTCGG-D1_NoStim,0,0,0,0,0,0,0,0
GGCAATTGTCAACTGT-D1_NoStim,0,0,0,0,0,0,0,0
GGCAATTGTCTAACGT-D1_NoStim,0,0,0,0,0,0,0,0
GGCCGATAGAGTCTGG-D1_NoStim,0,0,0,0,0,0,0,0
GGCGACTAGGCACATG-D1_NoStim,0,0,0,0,0,0,0,0
GGCGACTCAACAACCT-D1_NoStim,0,0,0,0,0,0,0,0
GGCGACTGTTACGACT-D1_NoStim,0,0,0,0,0,0,0,0
GGCGTGTGTTGTTTGG-D1_NoStim,0,0,0,0,0,0,0,0
GGCTCGAAGCGTGTCC-D1_NoStim,0,0,0,0,0,0,0,0
GGCTCGAAGGATGTAT-D1_NoStim,0,0,0,0,0,0,0,0
GGCTCGAAGGGATGGG-D1_NoStim,0,0,0,0,0,0,0,0
GGCTCGACACAGCGTC-D1_NoStim,0,0,0,0,0,0,0,0
GGCTCGATCGCATGGC-D1_NoStim,0,0,0,0,0,0,0,0
GGCTGGTCAGTTAACC-D1_NoStim,0,0,0,0,0,0,0,0
GGCTGGTGTAAAGTCA-D1_NoStim,0,0,0,0,0,0,0,0
GGCTGGTGTAGGCATG-D1_NoStim,0,0,0,0,0,0,0,0
GGCTGGTTCAGTACGT-D1_NoStim,0,0,0,0,0,0,0,0
GGCTGGTTCGCGGATC-D1_NoStim,0,0,0,0,0,0,0,0
GGGAATGAGTGTTGAA-D1_NoStim,0,0,0,0,0,0,0,0
GGGAATGTCGAGAACG-D1_NoStim,0,0,0,0,0,0,0,0
GGGAATGTCGGACAAG-D1_NoStim,0,0,0,0,0,0,0,0
GGGACCTAGTAGCGGT-D1_NoStim,0,0,0,0,0,0,0,0
GGGACCTGTGTTTGTG-D1_NoStim,0,0,0,0,0,0,0,0
GGGAGATAGCAACGGT-D1_NoStim,0,0,0,0,0,0,0,0
GGGAGATAGGCAATTA-D1_NoStim,0,0,0,0,0,0,0,0
GGGAGATGTTTGTTTC-D1_NoStim,0,0,0,0,0,0,0,0
GGGAGATTCCAATGGT-D1_NoStim,0,0,0,0,0,0,0,0
GGGAGATTCGTAGGAG-D1_NoStim,0,0,0,0,0,0,0,0
GGGCACTCATGGGACA-D1_NoStim,0,0,0,0,0,0,0,0
GGGCACTGTGTGCCTG-D1_NoStim,0,0,0,0,0,0,0,0
GGGCACTTCAGGTAAA-D1_NoStim,0,0,0,0,0,0,0,0
GGGCACTTCCCGACTT-D1_NoStim,0,0,0,0,0,0,0,0
GGGCATCCAAAGTCAA-D1_NoStim,0,0,0,0,0,0,0,0
GGGCATCGTCGTGGCT-D1_NoStim,0,0,0,0,0,0,0,0
GGGCATCGTGCCTTGG-D1_NoStim,0,0,0,0,0,0,0,0
GGGTCTGGTTGGACCC-D1_NoStim,0,0,0,0,0,0,0,0
GGGTTGCTCCAGTAGT-D1_NoStim,0,0,0,0,0,0,0,0
GGTATTGAGCAAATCA-D1_NoStim,0,0,0,0,0,0,0,0
GGTATTGCACTAGTAC-D1_NoStim,0,0,0,0,0,0,0,0
GGTATTGGTTACGACT-D1_NoStim,0,0,0,0,0,0,0,0
GGTGAAGGTTTAGCTG-D1_NoStim,0,0,0,0,0,0,0,0
GGTGCGTAGGTGACCA-D1_NoStim,0,0,0,0,0,0,0,0
GGTGTTAGTACGCACC-D1_NoStim,0,0,0,0,0,0,0,0
GTAACGTAGGCGACAT-D1_NoStim,0,0,0,0,0,0,0,0
GTAACGTCAGCTTCGG-D1_NoStim,0,0,0,0,0,0,0,0
GTAACTGAGAAGCCCA-D1_NoStim,0,0,0,0,0,0,0,0
GTACGTACAGAAGCAC-D1_NoStim,0,0,0,0,0,0,0,0
GTACGTAGTCCATGAT-D1_NoStim,0,0,0,0,0,0,0,0
GTACGTAGTGTGACCC-D1_NoStim,0,0,0,0,0,0,0,0
GTACGTATCCGTTGCT-D1_NoStim,0,0,0,0,0,0,0,0
GTACTCCCACCAGTTA-D1_NoStim,0,0,0,0,0,0,0,0
GTACTCCCAGACAGGT-D1_NoStim,0,0,0,0,0,0,0,0
GTACTCCGTCAAACTC-D1_NoStim,0,0,0,0,0,0,0,0
GTACTCCGTCCAGTAT-D1_NoStim,0,0,0,0,0,0,0,0
GTACTCCGTCTAGTCA-D1_NoStim,0,0,0,0,0,0,0,0
GTACTTTAGGTCATCT-D1_NoStim,0,0,0,0,0,0,0,0
GTACTTTAGTGGGTTG-D1_NoStim,0,0,0,0,0,0,0,0
GTAGGCCCAAGCCGTC-D1_NoStim,0,0,0,0,0,0,0,0
GTAGGCCCATACCATG-D1_NoStim,0,0,0,0,0,0,0,0
GTAGTCAAGCGAGAAA-D1_NoStim,0,0,0,0,0,0,0,0
GTATCTTAGCTGCGAA-D1_NoStim,0,0,0,0,0,0,0,0
GTATCTTCAATGACCT-D1_NoStim,0,0,0,0,0,0,0,0
GTATCTTCAGCCAGAA-D1_NoStim,0,0,0,0,0,0,0,0
GTATTCTAGCCCAGCT-D1_NoStim,0,0,0,0,0,0,0,0
GTCAAGTAGGAATGGA-D1_NoStim,0,0,0,0,0,0,0,0
GTCAAGTTCTTAACCT-D1_NoStim,0,0,0,0,0,0,0,0
GTCACAACACGGCTAC-D1_NoStim,0,0,0,0,0,0,0,0
GTCACAAGTCCCTTGT-D1_NoStim,0,0,0,0,0,0,0,0
GTCACGGAGACCACGA-D1_NoStim,0,0,0,0,0,0,0,0
GTCACGGTCAACTCTT-D1_NoStim,0,0,0,0,0,0,0,0
GTCACGGTCCTGTAGA-D1_NoStim,0,0,0,0,0,0,0,0
GTCACGGTCTCGTATT-D1_NoStim,0,0,0,0,0,0,0,0
GTCATTTAGAATCTCC-D1_NoStim,0,0,0,0,0,0,0,0
GTCCTCATCCTCCTAG-D1_NoStim,0,0,0,0,0,0,0,0
GTCGGGTCATCACGTA-D1_NoStim,0,0,0,0,0,0,0,0
GTCGGGTGTTCCACAA-D1_NoStim,0,0,0,0,0,0,0,0
GTCGGGTTCAGCTGGC-D1_NoStim,0,0,0,0,0,0,0,0
GTCGTAAAGCTAACTC-D1_NoStim,0,0,0,0,0,0,0,0
GTCGTAACACACCGCA-D1_NoStim,0,0,0,0,0,0,0,0
GTCTCGTTCACATGCA-D1_NoStim,0,0,0,0,0,0,0,0
GTCTTCGGTTGAACTC-D1_NoStim,0,0,0,0,0,0,0,0
GTGAAGGTCTGATACG-D1_NoStim,0,0,0,0,0,0,0,0
GTGAAGGTCTGCTGTC-D1_NoStim,0,0,0,0,0,0,0,0
GTGCAGCAGCGTCTAT-D1_NoStim,0,0,0,0,0,0,0,0
GTGCAGCAGGACGAAA-D1_NoStim,0,0,0,0,0,0,0,0
GTGCAGCGTATTACCG-D1_NoStim,0,0,0,0,0,0,0,0
GTGCAGCGTATTCGTG-D1_NoStim,0,0,0,0,0,0,0,0
GTGCAGCGTGTTTGTG-D1_NoStim,0,0,0,0,0,0,0,0
GTGCAGCTCGAATGGG-D1_NoStim,0,0,0,0,0,0,0,0
GTGCATAGTGTTTGGT-D1_NoStim,0,0,0,0,0,0,0,0
GTGCATAGTTCAGCGC-D1_NoStim,0,0,0,0,0,0,0,0
GTGCATATCGCCAAAT-D1_NoStim,0,0,0,0,0,0,0,0
GTGCGGTTCCTGTACC-D1_NoStim,0,0,0,0,0,0,0,0
GTGTGCGAGAGTCGGT-D1_NoStim,0,0,0,0,0,0,0,0
GTGTGCGCAGACGCAA-D1_NoStim,0,0,0,0,0,0,0,0
GTGTTAGCAATCGAAA-D1_NoStim,0,0,0,0,0,0,0,0
GTGTTAGTCGACCAGC-D1_NoStim,0,0,0,0,0,0,0,0
GTTAAGCAGGTGATAT-D1_NoStim,0,0,0,0,0,0,0,0
GTTAAGCCAAGGTGTG-D1_NoStim,0,0,0,0,0,0,0,0
GTTAAGCCAGACTCGC-D1_NoStim,0,0,0,0,0,0,0,0
GTTACAGAGGCTCTTA-D1_NoStim,0,0,0,0,0,0,0,0
GTTACAGCAAGGACTG-D1_NoStim,0,0,0,0,0,0,0,0
GTTACAGCATCCCATC-D1_NoStim,0,0,0,0,0,0,0,0
GTTACAGCATGAGCGA-D1_NoStim,0,0,0,0,0,0,0,0
GTTACAGGTACAGTGG-D1_NoStim,0,0,0,0,0,0,0,0
GTTACAGTCGCTAGCG-D1_NoStim,0,0,0,0,0,0,0,0
GTTCATTCAGATGAGC-D1_NoStim,0,0,0,0,0,0,0,0
GTTCATTCAGCTTCGG-D1_NoStim,0,0,0,0,0,0,0,0
GTTCATTGTGCGAAAC-D1_NoStim,0,0,0,0,0,0,0,0
GTTCGGGCACATGTGT-D1_NoStim,0,0,0,0,0,0,0,0
GTTCGGGCAGGCAGTA-D1_NoStim,0,0,0,0,0,0,0,0
GTTCTCGGTCATCCCT-D1_NoStim,0,0,0,0,0,0,0,0
GTTCTCGTCTTGCATT-D1_NoStim,0,0,0,0,0,0,0,0
TAAACCGCAGTGACAG-D1_NoStim,0,0,0,0,0,0,0,0
TAAACCGTCATCATTC-D1_NoStim,0,0,0,0,0,0,0,0
TAAACCGTCGAATGGG-D1_NoStim,0,0,0,0,0,0,0,0
TAAACCGTCTCCAGGG-D1_NoStim,0,0,0,0,0,0,0,0
TAAACCGTCTGGTATG-D1_NoStim,0,0,0,0,0,0,0,0
TAAGAGACATCACCCT-D1_NoStim,0,0,0,0,0,0,0,0
TAAGAGAGTAGAGCTG-D1_NoStim,0,0,0,0,0,0,0,0
TAAGAGATCAGCCTAA-D1_NoStim,0,0,0,0,0,0,0,0
TAAGCGTAGTCCGTAT-D1_NoStim,0,0,0,0,0,0,0,0
TAAGCGTTCACGCGGT-D1_NoStim,0,0,0,0,0,0,0,0
TAAGTGCAGTACGCGA-D1_NoStim,0,0,0,0,0,0,0,0
TAAGTGCAGTACGTTC-D1_NoStim,0,0,0,0,0,0,0,0
TACACGAAGAGAACAG-D1_NoStim,0,0,0,0,0,0,0,0
TACACGAAGGAATCGC-D1_NoStim,0,0,0,0,0,0,0,0
TACACGACACGAAGCA-D1_NoStim,0,0,0,0,0,0,0,0
TACAGTGAGCTAAGAT-D1_NoStim,0,0,0,0,0,0,0,0
TACAGTGCACTGTGTA-D1_NoStim,0,0,0,0,0,0,0,0
TACAGTGCATTTGCTT-D1_NoStim,0,0,0,0,0,0,0,0
TACAGTGGTGACAAAT-D1_NoStim,0,0,0,0,0,0,0,0
TACAGTGTCAGTTGAC-D1_NoStim,0,0,0,0,0,0,0,0
TACCTATAGGCGCTCT-D1_NoStim,0,0,0,0,0,0,0,0
TACCTATAGTCAAGCG-D1_NoStim,0,0,0,0,0,0,0,0
TACCTATGTAGTGAAT-D1_NoStim,0,0,0,0,0,0,0,0
TACCTATGTCGCATCG-D1_NoStim,0,0,0,0,0,0,0,0
TACCTATTCTCGCATC-D1_NoStim,0,0,0,0,0,0,0,0
TACGGGCAGGGTTTCT-D1_NoStim,0,0,0,0,0,0,0,0
TACGGTAAGACTAAGT-D1_NoStim,0,0,0,0,0,0,0,0
TACGGTACAAATACAG-D1_NoStim,0,0,0,0,0,0,0,0
TACTCATAGCGCTTAT-D1_NoStim,0,0,0,0,0,0,0,0
TACTCATCAATGCCAT-D1_NoStim,0,0,0,0,0,0,0,0
TACTCATCACATCTTT-D1_NoStim,0,0,0,0,0,0,0,0
TACTCATGTTTGGCGC-D1_NoStim,0,0,0,0,0,0,0,0
TACTCGCAGACTTGAA-D1_NoStim,0,0,0,0,0,0,0,0
TACTCGCCAGATCCAT-D1_NoStim,0,0,0,0,0,0,0,0
TACTCGCCAGTCAGCC-D1_NoStim,0,0,0,0,0,0,0,0
TACTTACAGATGTGTA-D1_NoStim,0,0,0,0,0,0,0,0
TACTTACAGCGGCTTC-D1_NoStim,0,0,0,0,0,0,0,0
TACTTACAGGAATGGA-D1_NoStim,0,0,0,0,0,0,0,0
TACTTACGTACGCTGC-D1_NoStim,0,0,0,0,0,0,0,0
TACTTACGTCTCACCT-D1_NoStim,0,0,0,0,0,0,0,0
TACTTACGTCTCCATC-D1_NoStim,0,0,0,0,0,0,0,0
TACTTGTCAGCCTATA-D1_NoStim,0,0,0,0,0,0,0,0
TACTTGTGTCCGAGTC-D1_NoStim,0,0,0,0,0,0,0,0
TACTTGTTCACCATAG-D1_NoStim,0,0,0,0,0,0,0,0
TAGACCAAGACCCACC-D1_NoStim,0,0,0,0,0,0,0,0
TAGACCAGTCATATGC-D1_NoStim,0,0,0,0,0,0,0,0
TAGACCAGTCTAGGTT-D1_NoStim,0,0,0,0,0,0,0,0
TAGACCAGTTCCGGCA-D1_NoStim,0,0,0,0,0,0,0,0
TAGAGCTAGCAGGCTA-D1_NoStim,0,0,0,0,0,0,0,0
TAGAGCTGTACAAGTA-D1_NoStim,0,0,0,0,0,0,0,0
TAGAGCTGTCCGAATT-D1_NoStim,0,0,0,0,0,0,0,0
TAGAGCTGTGCCTGTG-D1_NoStim,0,0,0,0,0,0,0,0
TAGAGCTTCAACGCTA-D1_NoStim,0,0,0,0,0,0,0,0
TAGAGCTTCCCTAATT-D1_NoStim,0,0,0,0,0,0,0,0
TAGGCATCAATCCGAT-D1_NoStim,0,0,0,0,0,0,0,0
TAGGCATGTAGCACGA-D1_NoStim,0,0,0,0,0,0,0,0
TAGGCATGTTACGCGC-D1_NoStim,0,0,0,0,0,0,0,0
TAGGCATTCCCATTAT-D1_NoStim,0,0,0,0,0,0,0,0
TAGTTGGAGATCACGG-D1_NoStim,0,0,0,0,0,0,0,0
TAGTTGGCATTCCTCG-D1_NoStim,0,0,0,0,0,0,0,0
TAGTTGGTCCACTCCA-D1_NoStim,0,0,0,0,0,0,0,0
TATCAGGCATGGTAGG-D1_NoStim,0,0,0,0,0,0,0,0
TATCAGGGTCATCCCT-D1_NoStim,0,0,0,0,0,0,0,0
TATGCCCCAGTTCATG-D1_NoStim,0,0,0,0,0,0,0,0
TATGCCCGTGGTGTAG-D1_NoStim,0,0,0,0,0,0,0,0
TATGCCCTCCGAGCCA-D1_NoStim,0,0,0,0,0,0,0,0
TATTACCAGGCTACGA-D1_NoStim,0,0,0,0,0,0,0,0
TATTACCTCCCAAGTA-D1_NoStim,0,0,0,0,0,0,0,0
TCAACGAAGAGCAATT-D1_NoStim,0,0,0,0,0,0,0,0
TCAACGATCCAGGGCT-D1_NoStim,0,0,0,0,0,0,0,0
TCAACGATCGCATGAT-D1_NoStim,0,0,0,0,0,0,0,0
TCAATCTCATCGATTG-D1_NoStim,0,0,0,0,0,0,0,0
TCACAAGCAGCTGTAT-D1_NoStim,0,0,0,0,0,0,0,0
TCACAAGTCTCGCTTG-D1_NoStim,0,0,0,0,0,0,0,0
TCACGAATCACCTTAT-D1_NoStim,0,0,0,0,0,0,0,0
TCAGCAATCAGCGATT-D1_NoStim,0,0,0,0,0,0,0,0
TCAGCAATCTCTAAGG-D1_NoStim,0,0,0,0,0,0,0,0
TCAGCTCCACTCGACG-D1_NoStim,0,0,0,0,0,0,0,0
TCAGCTCTCGAGAACG-D1_NoStim,0,0,0,0,0,0,0,0
TCAGGATAGTAGATGT-D1_NoStim,0,0,0,0,0,0,0,0
TCAGGTAAGACGCACA-D1_NoStim,0,0,0,0,0,0,0,0
TCAGGTAAGGTTCCTA-D1_NoStim,0,0,0,0,0,0,0,0
TCATTTGAGGTCATCT-D1_NoStim,0,0,0,0,0,0,0,0
TCATTTGAGTCTTGCA-D1_NoStim,0,0,0,0,0,0,0,0
TCATTTGCAGACAAGC-D1_NoStim,0,0,0,0,0,0,0,0
TCATTTGCATCTACGA-D1_NoStim,0,0,0,0,0,0,0,0
TCCACACAGGTGTTAA-D1_NoStim,0,0,0,0,0,0,0,0
TCCACACCAGTAGAGC-D1_NoStim,0,0,0,0,0,0,0,0
TCCACACGTGAGTATA-D1_NoStim,0,0,0,0,0,0,0,0
TCCACACTCACGCATA-D1_NoStim,0,0,0,0,0,0,0,0
TCCCGATAGGATTCGG-D1_NoStim,0,0,0,0,0,0,0,0
TCCCGATCAGCTGGCT-D1_NoStim,0,0,0,0,0,0,0,0
TCCCGATTCTTGTACT-D1_NoStim,0,0,0,0,0,0,0,0
TCGAGGCTCTGATACG-D1_NoStim,0,0,0,0,0,0,0,0
TCGCGAGAGATGTGGC-D1_NoStim,0,0,0,0,0,0,0,0
TCGCGAGGTCTGCCAG-D1_NoStim,0,0,0,0,0,0,0,0
TCGCGAGGTTGTGGAG-D1_NoStim,0,0,0,0,0,0,0,0
TCGCGAGTCCTTGCCA-D1_NoStim,0,0,0,0,0,0,0,0
TCGCGTTGTGGCTCCA-D1_NoStim,0,0,0,0,0,0,0,0
TCGCGTTGTGTGGCTC-D1_NoStim,0,0,0,0,0,0,0,0
TCGCGTTTCCGAAGAG-D1_NoStim,0,0,0,0,0,0,0,0
TCGCGTTTCCTAGGGC-D1_NoStim,0,0,0,0,0,0,0,0
TCGGGACGTACAGTGG-D1_NoStim,0,0,0,0,0,0,0,0
TCGGGACGTTCGTTGA-D1_NoStim,0,0,0,0,0,0,0,0
TCGGTAAAGTCATCCA-D1_NoStim,0,0,0,0,0,0,0,0
TCGGTAACAAAGGAAG-D1_NoStim,0,0,0,0,0,0,0,0
TCGTACCCAGCTGCTG-D1_NoStim,0,0,0,0,0,0,0,0
TCGTACCTCTATGTGG-D1_NoStim,0,0,0,0,0,0,0,0
TCGTAGATCAAAGTAG-D1_NoStim,0,0,0,0,0,0,0,0
TCGTAGATCCGTACAA-D1_NoStim,0,0,0,0,0,0,0,0
TCTCATAAGATCGGGT-D1_NoStim,0,0,0,0,0,0,0,0
TCTCATACATATGGTC-D1_NoStim,0,0,0,0,0,0,0,0
TCTCTAATCAGTTCGA-D1_NoStim,0,0,0,0,0,0,0,0
TCTGAGAAGTATCGAA-D1_NoStim,0,0,0,0,0,0,0,0
TCTGAGACACGAAATA-D1_NoStim,0,0,0,0,0,0,0,0
TCTGAGACAGTTTACG-D1_NoStim,0,0,0,0,0,0,0,0
TCTGGAAAGTCGTACT-D1_NoStim,0,0,0,0,0,0,0,0
TCTGGAAGTAGCAAAT-D1_NoStim,0,0,0,0,0,0,0,0
TCTGGAAGTAGCCTCG-D1_NoStim,0,0,0,0,0,0,0,0
TCTTCGGAGAGACGAA-D1_NoStim,0,0,0,0,0,0,0,0
TCTTCGGCAAGACGTG-D1_NoStim,0,0,0,0,0,0,0,0
TCTTTCCAGCAATCTC-D1_NoStim,0,0,0,0,0,0,0,0
TCTTTCCAGTAGCGGT-D1_NoStim,0,0,0,0,0,0,0,0
TCTTTCCCAAAGGAAG-D1_NoStim,0,0,0,0,0,0,0,0
TGAAAGAAGTCATGCT-D1_NoStim,0,0,0,0,0,0,0,0
TGAAAGAGTCGTTGTA-D1_NoStim,0,0,0,0,0,0,0,0
TGAAAGAGTCTCTTAT-D1_NoStim,0,0,0,0,0,0,0,0
TGAAAGATCAAGAAGT-D1_NoStim,0,0,0,0,0,0,0,0
TGACAACAGAGACTAT-D1_NoStim,0,0,0,0,0,0,0,0
TGACAACGTGCAGGTA-D1_NoStim,0,0,0,0,0,0,0,0
TGACAACGTTTAGCTG-D1_NoStim,0,0,0,0,0,0,0,0
TGACAACTCACTATTC-D1_NoStim,0,0,0,0,0,0,0,0
TGACGGCAGGATCGCA-D1_NoStim,0,0,0,0,0,0,0,0
TGACTAGAGTTGCAGG-D1_NoStim,0,0,0,0,0,0,0,0
TGACTAGCACTTAAGC-D1_NoStim,0,0,0,0,0,0,0,0
TGACTAGCATTGGTAC-D1_NoStim,0,0,0,0,0,0,0,0
TGACTAGTCCGCGGTA-D1_NoStim,0,0,0,0,0,0,0,0
TGACTTTCATCTGGTA-D1_NoStim,0,0,0,0,0,0,0,0
TGACTTTGTCGGCACT-D1_NoStim,0,0,0,0,0,0,0,0
TGAGAGGAGTTCGCGC-D1_NoStim,0,0,0,0,0,0,0,0
TGAGAGGTCTGGTATG-D1_NoStim,0,0,0,0,0,0,0,0
TGAGCATAGTCAAGGC-D1_NoStim,0,0,0,0,0,0,0,0
TGAGCATCACTACAGT-D1_NoStim,0,0,0,0,0,0,0,0
TGAGCATGTGGCTCCA-D1_NoStim,0,0,0,0,0,0,0,0
TGAGCCGCAGTTCATG-D1_NoStim,0,0,0,0,0,0,0,0
TGAGCCGGTATAAACG-D1_NoStim,0,0,0,0,0,0,0,0
TGAGCCGTCAGTTAGC-D1_NoStim,0,0,0,0,0,0,0,0
TGAGGGAAGGATGCGT-D1_NoStim,0,0,0,0,0,0,0,0
TGAGGGAAGGCCCTTG-D1_NoStim,0,0,0,0,0,0,0,0
TGAGGGACACAGCCCA-D1_NoStim,0,0,0,0,0,0,0,0
TGAGGGAGTTGACGTT-D1_NoStim,0,0,0,0,0,0,0,0
TGAGGGATCATGCTCC-D1_NoStim,0,0,0,0,0,0,0,0
TGAGGGATCTTCGGTC-D1_NoStim,0,0,0,0,0,0,0,0
TGATTTCAGATCCCGC-D1_NoStim,0,0,0,0,0,0,0,0
TGATTTCAGCCTATGT-D1_NoStim,0,0,0,0,0,0,0,0
TGATTTCAGTAGCGGT-D1_NoStim,0,0,0,0,0,0,0,0
TGATTTCGTCGTCTTC-D1_NoStim,0,0,0,0,0,0,0,0
TGATTTCTCCACGCAG-D1_NoStim,0,0,0,0,0,0,0,0
TGCACCTCATTCGACA-D1_NoStim,0,0,0,0,0,0,0,0
TGCCAAAAGTCCGGTC-D1_NoStim,0,0,0,0,0,0,0,0
TGCCAAAAGTGGGATC-D1_NoStim,0,0,0,0,0,0,0,0
TGCCAAAGTCCGAACC-D1_NoStim,0,0,0,0,0,0,0,0
TGCCCATAGTGGAGTC-D1_NoStim,0,0,0,0,0,0,0,0
TGCCCATCATCTGGTA-D1_NoStim,0,0,0,0,0,0,0,0
TGCCCATGTGAAATCA-D1_NoStim,0,0,0,0,0,0,0,0
TGCCCTAGTCCCTTGT-D1_NoStim,0,0,0,0,0,0,0,0
TGCCCTATCTCATTCA-D1_NoStim,0,0,0,0,0,0,0,0
TGCGCAGCACAAGTAA-D1_NoStim,0,0,0,0,0,0,0,0
TGCGCAGCACCTCGTT-D1_NoStim,0,0,0,0,0,0,0,0
TGCGCAGGTGACAAAT-D1_NoStim,0,0,0,0,0,0,0,0
TGCGCAGTCTACCAGA-D1_NoStim,0,0,0,0,0,0,0,0
TGCGGGTAGATATGGT-D1_NoStim,0,0,0,0,0,0,0,0
TGCGGGTGTAGCGTCC-D1_NoStim,0,0,0,0,0,0,0,0
TGCGGGTTCAACGGCC-D1_NoStim,0,0,0,0,0,0,0,0
TGCGTGGTCAACCATG-D1_NoStim,0,0,0,0,0,0,0,0
TGCTACCCATGTTCCC-D1_NoStim,0,0,0,0,0,0,0,0
TGCTACCTCAACGCTA-D1_NoStim,0,0,0,0,0,0,0,0
TGCTGCTCACAGGCCT-D1_NoStim,0,0,0,0,0,0,0,0
TGCTGCTCATTCGACA-D1_NoStim,0,0,0,0,0,0,0,0
TGCTGCTGTGCTGTAT-D1_NoStim,0,0,0,0,0,0,0,0
TGGCCAGAGACTACAA-D1_NoStim,0,0,0,0,0,0,0,0
TGGCCAGAGGTGGGTT-D1_NoStim,0,0,0,0,0,0,0,0
TGGCCAGCAGCTATTG-D1_NoStim,0,0,0,0,0,0,0,0
TGGCGCAAGGTAGCTG-D1_NoStim,0,0,0,0,0,0,0,0
TGGCGCATCCACTCCA-D1_NoStim,0,0,0,0,0,0,0,0
TGGCTGGAGTAGGTGC-D1_NoStim,0,0,0,0,0,0,0,0
TGGCTGGGTCAAAGCG-D1_NoStim,0,0,0,0,0,0,0,0
TGGCTGGTCCGTTGCT-D1_NoStim,0,0,0,0,0,0,0,0
TGGGAAGCAGATAATG-D1_NoStim,0,0,0,0,0,0,0,0
TGGGAAGGTACGAAAT-D1_NoStim,0,0,0,0,0,0,0,0
TGGGAAGGTAGCGATG-D1_NoStim,0,0,0,0,0,0,0,0
TGGGAAGGTGATAAGT-D1_NoStim,0,0,0,0,0,0,0,0
TGGGCGTAGGGCACTA-D1_NoStim,0,0,0,0,0,0,0,0
TGGGCGTCAAGGACTG-D1_NoStim,0,0,0,0,0,0,0,0
TGGGCGTCATCCGTGG-D1_NoStim,0,0,0,0,0,0,0,0
TGGGCGTGTAAAGTCA-D1_NoStim,0,0,0,0,0,0,0,0
TGGGCGTGTAAATACG-D1_NoStim,0,0,0,0,0,0,0,0
TGGGCGTGTACCGGCT-D1_NoStim,0,0,0,0,0,0,0,0
TGGGCGTGTCTCACCT-D1_NoStim,0,0,0,0,0,0,0,0
TGGGCGTTCCCATTTA-D1_NoStim,0,0,0,0,0,0,0,0
TGGTTAGCACCAGGCT-D1_NoStim,0,0,0,0,0,0,0,0
TGGTTAGTCACCCGAG-D1_NoStim,0,0,0,0,0,0,0,0
TGGTTCCCAAGCTGTT-D1_NoStim,0,0,0,0,0,0,0,0
TGTATTCCAGTAACGG-D1_NoStim,0,0,0,0,0,0,0,0
TGTATTCTCACCATAG-D1_NoStim,0,0,0,0,0,0,0,0
TGTATTCTCACCCTCA-D1_NoStim,0,0,0,0,0,0,0,0
TGTCCCAAGACAAGCC-D1_NoStim,0,0,0,0,0,0,0,0
TGTCCCAAGGGCACTA-D1_NoStim,0,0,0,0,0,0,0,0
TGTCCCACAACACCTA-D1_NoStim,0,0,0,0,0,0,0,0
TGTCCCACAGCGTCCA-D1_NoStim,0,0,0,0,0,0,0,0
TGTCCCAGTCCGTTAA-D1_NoStim,0,0,0,0,0,0,0,0
TGTCCCATCATATCGG-D1_NoStim,0,0,0,0,0,0,0,0
TGTGGTACAGTGAGTG-D1_NoStim,0,0,0,0,0,0,0,0
TGTGGTACATGGGAAC-D1_NoStim,0,0,0,0,0,0,0,0
TGTTCCGCATACTCTT-D1_NoStim,0,0,0,0,0,0,0,0
TGTTCCGTCCTAAGTG-D1_NoStim,0,0,0,0,0,0,0,0
TTAGGACGTTTACTCT-D1_NoStim,0,0,0,0,0,0,0,0
TTAGGACGTTTAGCTG-D1_NoStim,0,0,0,0,0,0,0,0
TTAGGACTCACAATGC-D1_NoStim,0,0,0,0,0,0,0,0
TTAGGACTCCACTGGG-D1_NoStim,0,0,0,0,0,0,0,0
TTAGGCAGTCCAGTAT-D1_NoStim,0,0,0,0,0,0,0,0
TTAGGCAGTCTCAACA-D1_NoStim,0,0,0,0,0,0,0,0
TTAGGCAGTGCTAGCC-D1_NoStim,0,0,0,0,0,0,0,0
TTAGGCAGTTAAGTAG-D1_NoStim,0,0,0,0,0,0,0,0
TTAGGCAGTTACGACT-D1_NoStim,0,0,0,0,0,0,0,0
TTAGGCATCGTGGTCG-D1_NoStim,0,0,0,0,0,0,0,0
TTAGTTCTCTCGGACG-D1_NoStim,0,0,0,0,0,0,0,0
TTATGCTAGCAGGCTA-D1_NoStim,0,0,0,0,0,0,0,0
TTATGCTCAATTGCTG-D1_NoStim,0,0,0,0,0,0,0,0
TTATGCTGTATGGTTC-D1_NoStim,0,0,0,0,0,0,0,0
TTCCCAGAGCTACCTA-D1_NoStim,0,0,0,0,0,0,0,0
TTCGAAGAGCTGAAAT-D1_NoStim,0,0,0,0,0,0,0,0
TTCGAAGGTACAGTTC-D1_NoStim,0,0,0,0,0,0,0,0
TTCGAAGGTCTTGATG-D1_NoStim,0,0,0,0,0,0,0,0
TTCTACAAGCCATCGC-D1_NoStim,0,0,0,0,0,0,0,0
TTCTACACAACTGCGC-D1_NoStim,0,0,0,0,0,0,0,0
TTCTACACACTCGACG-D1_NoStim,0,0,0,0,0,0,0,0
TTCTACAGTACTTGAC-D1_NoStim,0,0,0,0,0,0,0,0
TTCTACATCAACACTG-D1_NoStim,0,0,0,0,0,0,0,0
TTCTCCTCATATGAGA-D1_NoStim,0,0,0,0,0,0,0,0
TTCTCCTGTGTTGAGG-D1_NoStim,0,0,0,0,0,0,0,0
TTCTTAGCAAGTCTGT-D1_NoStim,0,0,0,0,0,0,0,0
TTGAACGAGGCTACGA-D1_NoStim,0,0,0,0,0,0,0,0
TTGAACGCAAAGGTGC-D1_NoStim,0,0,0,0,0,0,0,0
TTGACTTAGATGCCAG-D1_NoStim,0,0,0,0,0,0,0,0
TTGACTTAGCGTTGCC-D1_NoStim,0,0,0,0,0,0,0,0
TTGACTTCATACCATG-D1_NoStim,0,0,0,0,0,0,0,0
TTGCCGTAGACCACGA-D1_NoStim,0,0,0,0,0,0,0,0
TTGCCGTAGCCAGTTT-D1_NoStim,0,0,0,0,0,0,0,0
TTGCCGTGTTTGTTTC-D1_NoStim,0,0,0,0,0,0,0,0
TTGCGTCAGGGTGTTG-D1_NoStim,0,0,0,0,0,0,0,0
TTGCGTCCAATCACAC-D1_NoStim,0,0,0,0,0,0,0,0
TTGCGTCGTCGAACAG-D1_NoStim,0,0,0,0,0,0,0,0
TTGCGTCGTTGTGGAG-D1_NoStim,0,0,0,0,0,0,0,0
TTGCGTCTCGTCCAGG-D1_NoStim,0,0,0,0,0,0,0,0
TTGGAACAGGGATACC-D1_NoStim,0,0,0,0,0,0,0,0
TTGGAACTCACTTACT-D1_NoStim,0,0,0,0,0,0,0,0
TTGGCAACAATAGCAA-D1_NoStim,0,0,0,0,0,0,0,0
TTGTAGGCAAGTCATC-D1_NoStim,0,0,0,0,0,0,0,0
TTGTAGGGTCCGAACC-D1_NoStim,0,0,0,0,0,0,0,0
TTGTAGGGTTCAGGCC-D1_NoStim,0,0,0,0,0,0,0,0
TTTACTGTCCGTCAAA-D1_NoStim,0,0,0,0,0,0,0,0
TTTACTGTCCTGCCAT-D1_NoStim,0,0,0,0,0,0,0,0
TTTATGCCAAAGAATC-D1_NoStim,0,0,0,0,0,0,0,0
TTTATGCGTACCGCTG-D1_NoStim,0,0,0,0,0,0,0,0
TTTATGCTCAGTGTTG-D1_NoStim,0,0,0,0,0,0,0,0
TTTCCTCCAGTCACTA-D1_NoStim,0,0,0,0,0,0,0,0
TTTCCTCGTCATCCCT-D1_NoStim,0,0,0,0,0,0,0,0
TTTCCTCGTTCCCTTG-D1_NoStim,0,0,0,0,0,0,0,0
TTTGCGCAGGAATGGA-D1_NoStim,0,0,0,0,0,0,0,0
TTTGCGCGTAACGCGA-D1_NoStim,0,0,0,0,0,0,0,0
TTTGCGCTCCCAGGTG-D1_NoStim,0,0,0,0,0,0,0,0
TTTGGTTAGGGAGTAA-D1_NoStim,0,0,0,0,0,0,0,0
TTTGTCAAGAAACGAG-D1_NoStim,0,0,0,0,0,0,0,0
TTTGTCAAGCACACAG-D1_NoStim,0,0,0,0,0,0,0,0
TTTGTCACACAGCGTC-D1_NoStim,0,0,0,0,0,0,0,0
TTTGTCAGTAGGGACT-D1_NoStim,0,0,0,0,0,0,0,0
TTTGTCATCAATCTCT-D1_NoStim,0,0,0,0,0,0,0,0
TTTGTCATCGTCTGAA-D1_NoStim,0,0,0,0,0,0,0,0
AAACCTGAGGGTCGAT-D2_Stim,0,0,0,0,0,0,0,0
AAACCTGGTCGCGAAA-D2_Stim,0,0,0,0,0,0,0,0
AAACGGGAGAAACCGC-D2_Stim,0,0,0,0,0,0,0,0
AAACGGGAGAATTGTG-D2_Stim,0,0,0,0,0,0,0,0
AAACGGGCATTATCTC-D2_Stim,0,0,0,0,0,0,0,0
AAACGGGGTATCAGTC-D2_Stim,0,0,0,0,0,0,0,0
AAACGGGTCGCGATCG-D2_Stim,0,0,0,0,0,0,0,0
AAAGATGAGACTGTAA-D2_Stim,0,0,0,0,0,0,0,0
AAAGATGCAAAGCAAT-D2_Stim,0,0,0,0,0,0,0,0
AAAGATGTCACAGTAC-D2_Stim,0,0,0,0,0,0,0,0
AAAGATGTCTATCCTA-D2_Stim,0,0,0,0,0,0,0,0
AAAGATGTCTTGGGTA-D2_Stim,0,0,0,0,0,0,0,0
AAAGTAGGTAGAGGAA-D2_Stim,0,0,0,0,0,0,0,0
AAAGTAGGTTTGTTGG-D2_Stim,0,0,0,0,0,0,0,0
AAAGTAGTCAATCACG-D2_Stim,0,0,0,0,0,0,0,0
AAAGTAGTCAGCTTAG-D2_Stim,0,0,0,0,0,0,0,0
AACACGTCAAAGCAAT-D2_Stim,0,0,0,0,0,0,0,0
AACACGTGTCGAGTTT-D2_Stim,0,0,0,0,0,0,0,0
AACACGTTCACGAAGG-D2_Stim,0,0,0,0,0,0,0,0
AACCATGGTTCTGTTT-D2_Stim,0,0,0,0,0,0,0,0
AACCATGTCATAGCAC-D2_Stim,0,0,0,0,0,0,0,0
AACCATGTCATCTGCC-D2_Stim,0,0,0,0,0,0,0,0
AACCGCGAGGGCTTGA-D2_Stim,0,0,0,0,0,0,0,0
AACCGCGTCCAGAGGA-D2_Stim,0,0,0,0,0,0,0,0
AACCGCGTCTACTCAT-D2_Stim,0,0,0,0,0,0,0,0
AACGTTGGTAAGTTCC-D2_Stim,0,0,0,0,0,0,0,0
AACGTTGGTAGTGAAT-D2_Stim,0,0,0,0,0,0,0,0
AACTCAGTCCAGAAGG-D2_Stim,0,0,0,0,0,0,0,0
AACTCCCAGAGTCGGT-D2_Stim,0,0,0,0,0,0,0,0
AACTCCCAGAGTTGGC-D2_Stim,0,0,0,0,0,0,0,0
AACTCTTGTATAGTAG-D2_Stim,0,0,0,0,0,0,0,0
AACTCTTTCGGTTCGG-D2_Stim,0,0,0,0,0,0,0,0
AACTGGTAGCATCATC-D2_Stim,0,0,0,0,0,0,0,0
AACTGGTAGGGTTTCT-D2_Stim,0,0,0,0,0,0,0,0
AACTGGTAGTCCGTAT-D2_Stim,0,0,0,0,0,0,0,0
AACTGGTCACCGGAAA-D2_Stim,0,0,0,0,0,0,0,0
AACTGGTCATACTACG-D2_Stim,0,0,0,0,0,0,0,0
AACTGGTTCCGTTGTC-D2_Stim,0,0,0,0,0,0,0,0
AACTTTCAGACGCTTT-D2_Stim,0,0,0,0,0,0,0,0
AACTTTCCACAAGTAA-D2_Stim,0,0,0,0,0,0,0,0
AACTTTCCATTACCTT-D2_Stim,0,0,0,0,0,0,0,0
AAGACCTTCACCACCT-D2_Stim,0,0,0,0,0,0,0,0
AAGACCTTCCAGGGCT-D2_Stim,0,0,0,0,0,0,0,0
AAGACCTTCGTACCGG-D2_Stim,0,0,0,0,0,0,0,0
AAGCCGCAGTTGTCGT-D2_Stim,0,0,0,0,0,0,0,0
AAGGAGCAGGGATACC-D2_Stim,0,0,0,0,0,0,0,0
AAGGAGCGTACGCACC-D2_Stim,0,0,0,0,0,0,0,0
AAGGAGCGTAGTACCT-D2_Stim,0,0,0,0,0,0,0,0
AAGGCAGAGCGATAGC-D2_Stim,0,0,0,0,0,0,0,0
AAGGCAGGTAGCCTCG-D2_Stim,0,0,0,0,0,0,0,0
AAGGCAGGTCGAGTTT-D2_Stim,0,0,0,0,0,0,0,0
AAGGTTCGTTCAGTAC-D2_Stim,0,0,0,0,0,0,0,0
AAGTCTGAGGATCGCA-D2_Stim,0,0,0,0,0,0,0,0
AAGTCTGAGGGCTTGA-D2_Stim,0,0,0,0,0,0,0,0
AAGTCTGCACGAAACG-D2_Stim,0,0,0,0,0,0,0,0
AAGTCTGGTCTGGAGA-D2_Stim,0,0,0,0,0,0,0,0
AATCCAGGTGGTTTCA-D2_Stim,0,0,0,0,0,0,0,0
AATCCAGGTTCCACTC-D2_Stim,0,0,0,0,0,0,0,0
AATCGGTAGTTTCCTT-D2_Stim,0,0,0,0,0,0,0,0
AATCGGTCACCGATAT-D2_Stim,0,0,0,0,0,0,0,0
ACACCAAAGAGGTACC-D2_Stim,0,0,0,0,0,0,0,0
ACACCAAGTAGAGTGC-D2_Stim,0,0,0,0,0,0,0,0
ACACCGGCAAAGCAAT-D2_Stim,0,0,0,0,0,0,0,0
ACACCGGCAATCTGCA-D2_Stim,0,0,0,0,0,0,0,0
ACACCGGCATATACGC-D2_Stim,0,0,0,0,0,0,0,0
ACACCGGGTTCATGGT-D2_Stim,0,0,0,0,0,0,0,0
ACACCGGTCAAACCAC-D2_Stim,0,0,0,0,0,0,0,0
ACACTGAAGTTGAGAT-D2_Stim,0,0,0,0,0,0,0,0
ACACTGACAAACGTGG-D2_Stim,0,0,0,0,0,0,0,0
ACACTGACACTATCTT-D2_Stim,0,0,0,0,0,0,0,0
ACACTGAGTCTAGCCG-D2_Stim,0,0,0,0,0,0,0,0
ACACTGATCGGAATCT-D2_Stim,0,0,0,0,0,0,0,0
ACAGCCGTCTTCGGTC-D2_Stim,0,0,0,0,0,0,0,0
ACAGCTAAGGATGGAA-D2_Stim,0,0,0,0,0,0,0,0
ACAGCTATCTCGTTTA-D2_Stim,0,0,0,0,0,0,0,0
ACATCAGAGCTCCTCT-D2_Stim,0,0,0,0,0,0,0,0
ACATCAGCAGCTCGAC-D2_Stim,0,0,0,0,0,0,0,0
ACATCAGGTTACGACT-D2_Stim,0,0,0,0,0,0,0,0
ACATGGTAGTACGCCC-D2_Stim,0,0,0,0,0,0,0,0
ACATGGTTCGCTTAGA-D2_Stim,0,0,0,0,0,0,0,0
ACCAGTAAGAGGTAGA-D2_Stim,0,0,0,0,0,0,0,0
ACCAGTAAGCTCCTCT-D2_Stim,0,0,0,0,0,0,0,0
ACCAGTAAGTGCCAGA-D2_Stim,0,0,0,0,0,0,0,0
ACCAGTAGTTCACCTC-D2_Stim,0,0,0,0,0,0,0,0
ACCAGTATCTGTGCAA-D2_Stim,0,0,0,0,0,0,0,0
ACCAGTATCTTCGAGA-D2_Stim,0,0,0,0,0,0,0,0
ACCCACTAGATATGGT-D2_Stim,0,0,0,0,0,0,0,0
ACCCACTCAAGTCTAC-D2_Stim,0,0,0,0,0,0,0,0
ACCCACTCATGCATGT-D2_Stim,0,0,0,0,0,0,0,0
ACCCACTGTACTCTCC-D2_Stim,0,0,0,0,0,0,0,0
ACCCACTGTGACGCCT-D2_Stim,0,0,0,0,0,0,0,0
ACCCACTTCATGCAAC-D2_Stim,0,0,0,0,0,0,0,0
ACCGTAAGTCTAGGTT-D2_Stim,0,0,0,0,0,0,0,0
ACCTTTAGTACAAGTA-D2_Stim,0,0,0,0,0,0,0,0
ACCTTTATCTCGATGA-D2_Stim,0,0,0,0,0,0,0,0
ACCTTTATCTCTGTCG-D2_Stim,0,0,0,0,0,0,0,0
ACGAGCCAGAGTACCG-D2_Stim,0,0,0,0,0,0,0,0
ACGAGGAAGACTGTAA-D2_Stim,0,0,0,0,0,0,0,0
ACGAGGAAGATCCCGC-D2_Stim,0,0,0,0,0,0,0,0
ACGAGGAAGCGGCTTC-D2_Stim,0,0,0,0,0,0,0,0
ACGAGGAAGCTTATCG-D2_Stim,0,0,0,0,0,0,0,0
ACGAGGACATCGGAAG-D2_Stim,0,0,0,0,0,0,0,0
ACGAGGAGTAGGACAC-D2_Stim,0,0,0,0,0,0,0,0
ACGAGGAGTGCACTTA-D2_Stim,0,0,0,0,0,0,0,0
ACGATACAGAGATGAG-D2_Stim,0,0,0,0,0,0,0,0
ACGATACGTGCAGGTA-D2_Stim,0,0,0,0,0,0,0,0
ACGATACGTGTGACCC-D2_Stim,0,0,0,0,0,0,0,0
ACGATGTTCACCTCGT-D2_Stim,0,0,0,0,0,0,0,0
ACGATGTTCTGGTGTA-D2_Stim,0,0,0,0,0,0,0,0
ACGCAGCAGCTAGCCC-D2_Stim,0,0,0,0,0,0,0,0
ACGCAGCCAATTCCTT-D2_Stim,0,0,0,0,0,0,0,0
ACGCAGCTCATATCGG-D2_Stim,0,0,0,0,0,0,0,0
ACGCAGCTCGAGAACG-D2_Stim,0,0,0,0,0,0,0,0
ACGCCAGAGACCTTTG-D2_Stim,0,0,0,0,0,0,0,0
ACGCCAGAGTCGTACT-D2_Stim,0,0,0,0,0,0,0,0
ACGCCAGTCCTTTCGG-D2_Stim,0,0,0,0,0,0,0,0
ACGCCGAAGGCGATAC-D2_Stim,0,0,0,0,0,0,0,0
ACGCCGAAGTCGCCGT-D2_Stim,0,0,0,0,0,0,0,0
ACGCCGAAGTGTACTC-D2_Stim,0,0,0,0,0,0,0,0
ACGCCGAGTCCAGTGC-D2_Stim,0,0,0,0,0,0,0,0
ACGCCGATCGCAAACT-D2_Stim,0,0,0,0,0,0,0,0
ACGCCGATCGGTGTTA-D2_Stim,0,0,0,0,0,0,0,0
ACGCCGATCTTAGCCC-D2_Stim,0,0,0,0,0,0,0,0
ACGGAGAAGCATCATC-D2_Stim,0,0,0,0,0,0,0,0
ACGGAGAGTGTTCGAT-D2_Stim,0,0,0,0,0,0,0,0
ACGGAGATCTGGAGCC-D2_Stim,0,0,0,0,0,0,0,0
ACGGCCACAACACCCG-D2_Stim,0,0,0,0,0,0,0,0
ACGGCCACACGCGAAA-D2_Stim,0,0,0,0,0,0,0,0
ACGGCCACATGGATGG-D2_Stim,0,0,0,0,0,0,0,0
ACGGCCAGTGATAAGT-D2_Stim,0,0,0,0,0,0,0,0
ACGGCCAGTGCTAGCC-D2_Stim,0,0,0,0,0,0,0,0
ACGGCCATCGACGGAA-D2_Stim,0,0,0,0,0,0,0,0
ACGGGCTCAGGTCCAC-D2_Stim,0,0,0,0,0,0,0,0
ACGGGTCGTTACAGAA-D2_Stim,0,0,0,0,0,0,0,0
ACGGGTCTCGGAATCT-D2_Stim,0,0,0,0,0,0,0,0
ACGTCAAAGTCGCCGT-D2_Stim,0,0,0,0,0,0,0,0
ACTATCTAGACCACGA-D2_Stim,0,0,0,0,0,0,0,0
ACTATCTCAAGCGTAG-D2_Stim,0,0,0,0,0,0,0,0
ACTATCTCAGGCTCAC-D2_Stim,0,0,0,0,0,0,0,0
ACTATCTGTAGAAGGA-D2_Stim,0,0,0,0,0,0,0,0
ACTATCTGTGACCAAG-D2_Stim,0,0,0,0,0,0,0,0
ACTGAACAGGACAGAA-D2_Stim,0,0,0,0,0,0,0,0
ACTGAACAGTGAAGTT-D2_Stim,0,0,0,0,0,0,0,0
ACTGAACTCGGTTAAC-D2_Stim,0,0,0,0,0,0,0,0
ACTGAACTCTATCCCG-D2_Stim,0,0,0,0,0,0,0,0
ACTGAGTCAACGCACC-D2_Stim,0,0,0,0,0,0,0,0
ACTGAGTCACGAAATA-D2_Stim,0,0,0,0,0,0,0,0
ACTGAGTCATCGATGT-D2_Stim,0,0,0,0,0,0,0,0
ACTGAGTTCAGAGGTG-D2_Stim,0,0,0,0,0,0,0,0
ACTGAGTTCTATCCCG-D2_Stim,0,0,0,0,0,0,0,0
ACTGATGAGCCTATGT-D2_Stim,0,0,0,0,0,0,0,0
ACTGATGAGTACGCGA-D2_Stim,0,0,0,0,0,0,0,0
ACTGATGAGTCACGCC-D2_Stim,0,0,0,0,0,0,0,0
ACTGATGCACGAGGTA-D2_Stim,0,0,0,0,0,0,0,0
ACTGATGCACGCATCG-D2_Stim,0,0,0,0,0,0,0,0
ACTGATGCAGCTGTAT-D2_Stim,0,0,0,0,0,0,0,0
ACTGATGCATCCAACA-D2_Stim,0,0,0,0,0,0,0,0
ACTGATGTCGGCGCAT-D2_Stim,0,0,0,0,0,0,0,0
ACTGCTCAGACTGTAA-D2_Stim,0,0,0,0,0,0,0,0
ACTGCTCCATGTAAGA-D2_Stim,0,0,0,0,0,0,0,0
ACTGCTCGTGAGGGAG-D2_Stim,0,0,0,0,0,0,0,0
ACTGCTCGTTGCGTTA-D2_Stim,0,0,0,0,0,0,0,0
ACTGCTCTCTAACTTC-D2_Stim,0,0,0,0,0,0,0,0
ACTGTCCCAAGTACCT-D2_Stim,0,0,0,0,0,0,0,0
ACTGTCCCAATGACCT-D2_Stim,0,0,0,0,0,0,0,0
ACTGTCCTCCAAACAC-D2_Stim,0,0,0,0,0,0,0,0
ACTTACTAGCTGCAAG-D2_Stim,0,0,0,0,0,0,0,0
ACTTACTCAGTACACT-D2_Stim,0,0,0,0,0,0,0,0
ACTTACTCATCGATTG-D2_Stim,0,0,0,0,0,0,0,0
ACTTTCAAGTCAATAG-D2_Stim,0,0,0,0,0,0,0,0
ACTTTCACAAGCGAGT-D2_Stim,0,0,0,0,0,0,0,0
ACTTTCAGTGATAAGT-D2_Stim,0,0,0,0,0,0,0,0
ACTTTCAGTTCGAATC-D2_Stim,0,0,0,0,0,0,0,0
ACTTTCAGTTGGGACA-D2_Stim,0,0,0,0,0,0,0,0
ACTTTCATCCTCAATT-D2_Stim,0,0,0,0,0,0,0,0
AGAATAGAGAGGTACC-D2_Stim,0,0,0,0,0,0,0,0
AGAATAGCACCAGGCT-D2_Stim,0,0,0,0,0,0,0,0
AGAATAGGTACAGTTC-D2_Stim,0,0,0,0,0,0,0,0
AGAATAGTCACTATTC-D2_Stim,0,0,0,0,0,0,0,0
AGACGTTAGAGCCTAG-D2_Stim,0,0,0,0,0,0,0,0
AGACGTTAGCTTTGGT-D2_Stim,0,0,0,0,0,0,0,0
AGACGTTAGGCACATG-D2_Stim,0,0,0,0,0,0,0,0
AGACGTTCACAACGTT-D2_Stim,0,0,0,0,0,0,0,0
AGACGTTGTTATTCTC-D2_Stim,0,0,0,0,0,0,0,0
AGAGCTTAGTACGTTC-D2_Stim,0,0,0,0,0,0,0,0
AGAGCTTCAAGCTGGA-D2_Stim,0,0,0,0,0,0,0,0
AGAGCTTGTGACCAAG-D2_Stim,0,0,0,0,0,0,0,0
AGAGTGGCAGCATGAG-D2_Stim,0,0,0,0,0,0,0,0
AGAGTGGGTCCCTTGT-D2_Stim,0,0,0,0,0,0,0,0
AGAGTGGGTCCGACGT-D2_Stim,0,0,0,0,0,0,0,0
AGAGTGGTCATCGATG-D2_Stim,0,0,0,0,0,0,0,0
AGAGTGGTCCTAGGGC-D2_Stim,0,0,0,0,0,0,0,0
AGATCTGAGAGCAATT-D2_Stim,0,0,0,0,0,0,0,0
AGATCTGAGTCAAGGC-D2_Stim,0,0,0,0,0,0,0,0
AGATCTGTCCATGAAC-D2_Stim,0,0,0,0,0,0,0,0
AGATTGCAGAGGGCTT-D2_Stim,0,0,0,0,0,0,0,0
AGATTGCGTACATCCA-D2_Stim,0,0,0,0,0,0,0,0
AGATTGCTCTGCTGCT-D2_Stim,0,0,0,0,0,0,0,0
AGCAGCCCAGGAATCG-D2_Stim,0,0,0,0,0,0,0,0
AGCAGCCGTCTCTTAT-D2_Stim,0,0,0,0,0,0,0,0
AGCATACAGACAATAC-D2_Stim,0,0,0,0,0,0,0,0
AGCATACTCACAAACC-D2_Stim,0,0,0,0,0,0,0,0
AGCCTAAAGAAGAAGC-D2_Stim,0,0,0,0,0,0,0,0
AGCCTAAGTACTTAGC-D2_Stim,0,0,0,0,0,0,0,0
AGCCTAAGTATCGCAT-D2_Stim,0,0,0,0,0,0,0,0
AGCGGTCAGTTGAGTA-D2_Stim,0,0,0,0,0,0,0,0
AGCGGTCGTCGTCTTC-D2_Stim,0,0,0,0,0,0,0,0
AGCGGTCTCCTTTACA-D2_Stim,0,0,0,0,0,0,0,0
AGCGTATAGAGCCCAA-D2_Stim,0,0,0,0,0,0,0,0
AGCGTATTCGACGGAA-D2_Stim,0,0,0,0,0,0,0,0
AGCGTATTCGCTGATA-D2_Stim,0,0,0,0,0,0,0,0
AGCGTATTCGGTGTTA-D2_Stim,0,0,0,0,0,0,0,0
AGCGTCGCAGCAGTTT-D2_Stim,0,0,0,0,0,0,0,0
AGCGTCGGTCTTTCAT-D2_Stim,0,0,0,0,0,0,0,0
AGCTCCTTCATGCTCC-D2_Stim,0,0,0,0,0,0,0,0
AGCTCTCAGAGACTTA-D2_Stim,0,0,0,0,0,0,0,0
AGCTCTCCATGAGCGA-D2_Stim,0,0,0,0,0,0,0,0
AGCTCTCGTACCGGCT-D2_Stim,0,0,0,0,0,0,0,0
AGCTCTCGTGAAAGAG-D2_Stim,0,0,0,0,0,0,0,0
AGCTCTCTCCTCCTAG-D2_Stim,0,0,0,0,0,0,0,0
AGCTTGACAACGCACC-D2_Stim,0,0,0,0,0,0,0,0
AGCTTGAGTCATGCAT-D2_Stim,0,0,0,0,0,0,0,0
AGGCCACAGTTAACGA-D2_Stim,0,0,0,0,0,0,0,0
AGGCCACTCCCTGACT-D2_Stim,0,0,0,0,0,0,0,0
AGGGAGTAGGTACTCT-D2_Stim,0,0,0,0,0,0,0,0
AGGGATGGTACTCGCG-D2_Stim,0,0,0,0,0,0,0,0
AGGGATGGTCACTTCC-D2_Stim,0,0,0,0,0,0,0,0
AGGGTGACAGTAGAGC-D2_Stim,0,0,0,0,0,0,0,0
AGGTCATAGGGTATCG-D2_Stim,0,0,0,0,0,0,0,0
AGGTCATAGTCGAGTG-D2_Stim,0,0,0,0,0,0,0,0
AGGTCATCACTTCGAA-D2_Stim,0,0,0,0,0,0,0,0
AGGTCATGTCCGAACC-D2_Stim,0,0,0,0,0,0,0,0
AGGTCATTCAACTCTT-D2_Stim,0,0,0,0,0,0,0,0
AGGTCATTCCGATATG-D2_Stim,0,0,0,0,0,0,0,0
AGGTCCGGTAGCCTAT-D2_Stim,0,0,0,0,0,0,0,0
AGGTCCGTCCGCAAGC-D2_Stim,0,0,0,0,0,0,0,0
AGGTCCGTCTTCTGGC-D2_Stim,0,0,0,0,0,0,0,0
AGTAGTCCATCCGTGG-D2_Stim,0,0,0,0,0,0,0,0
AGTAGTCTCCAAACAC-D2_Stim,0,0,0,0,0,0,0,0
AGTAGTCTCGGTTAAC-D2_Stim,0,0,0,0,0,0,0,0
AGTCTTTAGCTTCGCG-D2_Stim,0,0,0,0,0,0,0,0
AGTCTTTCAGTGAGTG-D2_Stim,0,0,0,0,0,0,0,0
AGTCTTTGTGAGGCTA-D2_Stim,0,0,0,0,0,0,0,0
AGTCTTTTCGTCTGCT-D2_Stim,0,0,0,0,0,0,0,0
AGTGAGGAGCAAATCA-D2_Stim,0,0,0,0,0,0,0,0
AGTGAGGAGTACCGGA-D2_Stim,0,0,0,0,0,0,0,0
AGTGAGGAGTGCGTGA-D2_Stim,0,0,0,0,0,0,0,0
AGTGAGGGTATGAATG-D2_Stim,0,0,0,0,0,0,0,0
AGTGAGGGTCGGCTCA-D2_Stim,0,0,0,0,0,0,0,0
AGTGAGGGTCTTGCGG-D2_Stim,0,0,0,0,0,0,0,0
AGTGGGACAAAGTGCG-D2_Stim,0,0,0,0,0,0,0,0
AGTGGGACAAGTAATG-D2_Stim,0,0,0,0,0,0,0,0
AGTGGGATCTGTCTAT-D2_Stim,0,0,0,0,0,0,0,0
AGTGTCAAGACTAAGT-D2_Stim,0,0,0,0,0,0,0,0
AGTGTCAAGGAGCGAG-D2_Stim,0,0,0,0,0,0,0,0
AGTGTCATCATCGGAT-D2_Stim,0,0,0,0,0,0,0,0
AGTTGGTAGAGCCTAG-D2_Stim,0,0,0,0,0,0,0,0
AGTTGGTCAAACAACA-D2_Stim,0,0,0,0,0,0,0,0
AGTTGGTCACTTCGAA-D2_Stim,0,0,0,0,0,0,0,0
AGTTGGTGTACCGGCT-D2_Stim,0,0,0,0,0,0,0,0
AGTTGGTGTCAATGTC-D2_Stim,0,0,0,0,0,0,0,0
AGTTGGTGTGTAACGG-D2_Stim,0,0,0,0,0,0,0,0
AGTTGGTGTTCCAACA-D2_Stim,0,0,0,0,0,0,0,0
ATAACGCTCATTGCGA-D2_Stim,0,0,0,0,0,0,0,0
ATAACGCTCCCTAACC-D2_Stim,0,0,0,0,0,0,0,0
ATAACGCTCCTAAGTG-D2_Stim,0,0,0,0,0,0,0,0
ATAACGCTCTGAGGGA-D2_Stim,0,0,0,0,0,0,0,0
ATAAGAGTCAGGCCCA-D2_Stim,0,0,0,0,0,0,0,0
ATAAGAGTCCTGTACC-D2_Stim,0,0,0,0,0,0,0,0
ATAAGAGTCGTCCAGG-D2_Stim,0,0,0,0,0,0,0,0
ATAAGAGTCTATCGCC-D2_Stim,0,0,0,0,0,0,0,0
ATAGACCAGACCTAGG-D2_Stim,0,0,0,0,0,0,0,0
ATAGACCCAGTTTACG-D2_Stim,0,0,0,0,0,0,0,0
ATAGACCCATATGCTG-D2_Stim,0,0,0,0,0,0,0,0
ATAGACCCATCAGTAC-D2_Stim,0,0,0,0,0,0,0,0
ATAGACCTCGTGGTCG-D2_Stim,0,0,0,0,0,0,0,0
ATCACGACATCGGGTC-D2_Stim,0,0,0,0,0,0,0,0
ATCACGAGTGACTACT-D2_Stim,0,0,0,0,0,0,0,0
ATCATCTCAAGCGCTC-D2_Stim,0,0,0,0,0,0,0,0
ATCATGGAGGAATTAC-D2_Stim,0,0,0,0,0,0,0,0
ATCATGGCATGCAACT-D2_Stim,0,0,0,0,0,0,0,0
ATCATGGGTAGCGATG-D2_Stim,0,0,0,0,0,0,0,0
ATCATGGGTTGAACTC-D2_Stim,0,0,0,0,0,0,0,0
ATCCACCAGAGTGAGA-D2_Stim,0,0,0,0,0,0,0,0
ATCCACCTCGGCATCG-D2_Stim,0,0,0,0,0,0,0,0
ATCCGAACAAGCTGGA-D2_Stim,0,0,0,0,0,0,0,0
ATCCGAATCATGTAGC-D2_Stim,0,0,0,0,0,0,0,0
ATCGAGTAGGCCCTCA-D2_Stim,0,0,0,0,0,0,0,0
ATCGAGTCAACGCACC-D2_Stim,0,0,0,0,0,0,0,0
ATCGAGTCACTTAACG-D2_Stim,0,0,0,0,0,0,0,0
ATCGAGTCAGTATGCT-D2_Stim,0,0,0,0,0,0,0,0
ATCTACTTCTCGGACG-D2_Stim,0,0,0,0,0,0,0,0
ATCTGCCTCAACGGGA-D2_Stim,0,0,0,0,0,0,0,0
ATGAGGGAGGGATCTG-D2_Stim,0,0,0,0,0,0,0,0
ATGAGGGTCATCGCTC-D2_Stim,0,0,0,0,0,0,0,0
ATGCGATCAACCGCCA-D2_Stim,0,0,0,0,0,0,0,0
ATGCGATCAAGGACAC-D2_Stim,0,0,0,0,0,0,0,0
ATGCGATCAAGGTGTG-D2_Stim,0,0,0,0,0,0,0,0
ATGCGATCAGACAAAT-D2_Stim,0,0,0,0,0,0,0,0
ATGGGAGCATCCGGGT-D2_Stim,0,0,0,0,0,0,0,0
ATGTGTGCAACGCACC-D2_Stim,0,0,0,0,0,0,0,0
ATTACTCCAACAACCT-D2_Stim,0,0,0,0,0,0,0,0
ATTACTCCAGGAATCG-D2_Stim,0,0,0,0,0,0,0,0
ATTACTCCATGTAGTC-D2_Stim,0,0,0,0,0,0,0,0
ATTACTCTCAAGGCTT-D2_Stim,0,0,0,0,0,0,0,0
ATTATCCCAATTCCTT-D2_Stim,0,0,0,0,0,0,0,0
ATTCTACCAAGTTAAG-D2_Stim,0,0,0,0,0,0,0,0
ATTCTACCACGAGAGT-D2_Stim,0,0,0,0,0,0,0,0
ATTGGACAGGTGCACA-D2_Stim,0,0,0,0,0,0,0,0
ATTGGACCACGAGAGT-D2_Stim,0,0,0,0,0,0,0,0
ATTGGTGCATACCATG-D2_Stim,0,0,0,0,0,0,0,0
ATTGGTGGTACTCGCG-D2_Stim,0,0,0,0,0,0,0,0
ATTGGTGGTAGGGTAC-D2_Stim,0,0,0,0,0,0,0,0
ATTGGTGGTGGCAAAC-D2_Stim,0,0,0,0,0,0,0,0
ATTGGTGTCACCGGGT-D2_Stim,0,0,0,0,0,0,0,0
ATTTCTGTCCGAACGC-D2_Stim,0,0,0,0,0,0,0,0
ATTTCTGTCCTGCTTG-D2_Stim,0,0,0,0,0,0,0,0
CAACCAAAGGTGCTTT-D2_Stim,0,0,0,0,0,0,0,0
CAACCAACATGGTCAT-D2_Stim,0,0,0,0,0,0,0,0
CAACCAAGTGTGCCTG-D2_Stim,0,0,0,0,0,0,0,0
CAACCTCAGCACCGTC-D2_Stim,0,0,0,0,0,0,0,0
CAACCTCAGGGCTTCC-D2_Stim,0,0,0,0,0,0,0,0
CAACCTCCAAATTGCC-D2_Stim,0,0,0,0,0,0,0,0
CAACCTCGTATCACCA-D2_Stim,0,0,0,0,0,0,0,0
CAACCTCTCATCACCC-D2_Stim,0,0,0,0,0,0,0,0
CAACCTCTCATCATTC-D2_Stim,0,0,0,0,0,0,0,0
CAACTAGGTAAACCTC-D2_Stim,0,0,0,0,0,0,0,0
CAACTAGGTCGCTTCT-D2_Stim,0,0,0,0,0,0,0,0
CAACTAGGTCGTGGCT-D2_Stim,0,0,0,0,0,0,0,0
CAACTAGGTTAGATGA-D2_Stim,0,0,0,0,0,0,0,0
CAACTAGTCACTCCTG-D2_Stim,0,0,0,0,0,0,0,0
CAACTAGTCCGCATAA-D2_Stim,0,0,0,0,0,0,0,0
CAAGAAAAGAGCTGCA-D2_Stim,0,0,0,0,0,0,0,0
CAAGAAAAGCGTGAAC-D2_Stim,0,0,0,0,0,0,0,0
CAAGAAAAGGTGTGGT-D2_Stim,0,0,0,0,0,0,0,0
CAAGAAACATGGTCAT-D2_Stim,0,0,0,0,0,0,0,0
CAAGAAATCTTCTGGC-D2_Stim,0,0,0,0,0,0,0,0
CAAGATCCAGATAATG-D2_Stim,0,0,0,0,0,0,0,0
CAAGGCCTCTTAACCT-D2_Stim,0,0,0,0,0,0,0,0
CAAGTTGAGCATCATC-D2_Stim,0,0,0,0,0,0,0,0
CAAGTTGAGGTGACCA-D2_Stim,0,0,0,0,0,0,0,0
CAAGTTGCATGCGCAC-D2_Stim,0,0,0,0,0,0,0,0
CAAGTTGCATTGGCGC-D2_Stim,0,0,0,0,0,0,0,0
CAAGTTGGTATCGCAT-D2_Stim,0,0,0,0,0,0,0,0
CAAGTTGTCATCGCTC-D2_Stim,0,0,0,0,0,0,0,0
CAAGTTGTCGGTCCGA-D2_Stim,0,0,0,0,0,0,0,0
CACAAACCAAGCGTAG-D2_Stim,0,0,0,0,0,0,0,0
CACAAACTCACCTTAT-D2_Stim,0,0,0,0,0,0,0,0
CACAAACTCCTTGGTC-D2_Stim,0,0,0,0,0,0,0,0
CACACAAAGAGCTATA-D2_Stim,0,0,0,0,0,0,0,0
CACACAATCGGCGCAT-D2_Stim,0,0,0,0,0,0,0,0
CACACCTAGACACTAA-D2_Stim,0,0,0,0,0,0,0,0
CACACCTTCTGCCAGG-D2_Stim,0,0,0,0,0,0,0,0
CACACCTTCTTGAGAC-D2_Stim,0,0,0,0,0,0,0,0
CACACCTTCTTGCATT-D2_Stim,0,0,0,0,0,0,0,0
CACACTCCACGCCAGT-D2_Stim,0,0,0,0,0,0,0,0
CACACTCCACGTGAGA-D2_Stim,0,0,0,0,0,0,0,0
CACACTCCATCGGAAG-D2_Stim,0,0,0,0,0,0,0,0
CACACTCGTCCCTACT-D2_Stim,0,0,0,0,0,0,0,0
CACACTCTCAGAGCTT-D2_Stim,0,0,0,0,0,0,0,0
CACAGTAAGACGCTTT-D2_Stim,0,0,0,0,0,0,0,0
CACAGTAAGCTAGCCC-D2_Stim,0,0,0,0,0,0,0,0
CACATAGCAGTAAGCG-D2_Stim,0,0,0,0,0,0,0,0
CACATAGGTTCAGGCC-D2_Stim,0,0,0,0,0,0,0,0
CACATAGGTTGTGGAG-D2_Stim,0,0,0,0,0,0,0,0
CACATAGGTTTCGCTC-D2_Stim,0,0,0,0,0,0,0,0
CACATAGTCAGTTCGA-D2_Stim,0,0,0,0,0,0,0,0
CACATAGTCCTCAATT-D2_Stim,0,0,0,0,0,0,0,0
CACATTTAGTGCGTGA-D2_Stim,0,0,0,0,0,0,0,0
CACCACTCAGCTCGAC-D2_Stim,0,0,0,0,0,0,0,0
CACCAGGAGTTATCGC-D2_Stim,0,0,0,0,0,0,0,0
CACCAGGCAAGAGTCG-D2_Stim,0,0,0,0,0,0,0,0
CACCAGGCATATGCTG-D2_Stim,0,0,0,0,0,0,0,0
CACCAGGGTCACAAGG-D2_Stim,0,0,0,0,0,0,0,0
CACCTTGAGGACCACA-D2_Stim,0,0,0,0,0,0,0,0
CACCTTGAGGCAATTA-D2_Stim,0,0,0,0,0,0,0,0
CACCTTGTCAATCACG-D2_Stim,0,0,0,0,0,0,0,0
CACCTTGTCATAAAGG-D2_Stim,0,0,0,0,0,0,0,0
CACCTTGTCTTGTTTG-D2_Stim,0,0,0,0,0,0,0,0
CACTCCATCCTTGGTC-D2_Stim,0,0,0,0,0,0,0,0
CAGAATCGTCTGGTCG-D2_Stim,0,0,0,0,0,0,0,0
CAGAATCGTGCGATAG-D2_Stim,0,0,0,0,0,0,0,0
CAGAATCTCGTATCAG-D2_Stim,0,0,0,0,0,0,0,0
CAGAATCTCTTACCGC-D2_Stim,0,0,0,0,0,0,0,0
CAGAGAGCACTTAAGC-D2_Stim,0,0,0,0,0,0,0,0
CAGAGAGTCAGGATCT-D2_Stim,0,0,0,0,0,0,0,0
CAGATCATCATCATTC-D2_Stim,0,0,0,0,0,0,0,0
CAGCAGCGTATTCTCT-D2_Stim,0,0,0,0,0,0,0,0
CAGCAGCTCCATGCTC-D2_Stim,0,0,0,0,0,0,0,0
CAGCATACATGCAACT-D2_Stim,0,0,0,0,0,0,0,0
CAGCATATCCAGATCA-D2_Stim,0,0,0,0,0,0,0,0
CAGCCGAAGATGCCTT-D2_Stim,0,0,0,0,0,0,0,0
CAGCCGAAGCGTAATA-D2_Stim,0,0,0,0,0,0,0,0
CAGCGACCACATGACT-D2_Stim,0,0,0,0,0,0,0,0
CAGCGACGTCAGAAGC-D2_Stim,0,0,0,0,0,0,0,0
CAGCTAAAGCCGATTT-D2_Stim,0,0,0,0,0,0,0,0
CAGCTAAAGTACGATA-D2_Stim,0,0,0,0,0,0,0,0
CAGCTAACACATCCAA-D2_Stim,0,0,0,0,0,0,0,0
CAGCTAATCAGCTTAG-D2_Stim,0,0,0,0,0,0,0,0
CAGCTAATCGCTAGCG-D2_Stim,0,0,0,0,0,0,0,0
CAGCTGGAGACATAAC-D2_Stim,0,0,0,0,0,0,0,0
CAGCTGGGTAACGCGA-D2_Stim,0,0,0,0,0,0,0,0
CAGCTGGTCAGGATCT-D2_Stim,0,0,0,0,0,0,0,0
CAGGTGCAGACAAGCC-D2_Stim,0,0,0,0,0,0,0,0
CAGGTGCCATGCTGGC-D2_Stim,0,0,0,0,0,0,0,0
CAGGTGCTCAACGGCC-D2_Stim,0,0,0,0,0,0,0,0
CAGGTGCTCCCTTGTG-D2_Stim,0,0,0,0,0,0,0,0
CAGGTGCTCTCATTCA-D2_Stim,0,0,0,0,0,0,0,0
CAGTAACAGGCTACGA-D2_Stim,0,0,0,0,0,0,0,0
CAGTAACGTAGAGTGC-D2_Stim,0,0,0,0,0,0,0,0
CAGTAACGTTATTCTC-D2_Stim,0,0,0,0,0,0,0,0
CAGTCCTTCAGTACGT-D2_Stim,0,0,0,0,0,0,0,0
CAGTCCTTCTCGTTTA-D2_Stim,0,0,0,0,0,0,0,0
CATATGGGTTATGTGC-D2_Stim,0,0,0,0,0,0,0,0
CATATGGTCGAATCCA-D2_Stim,0,0,0,0,0,0,0,0
CATCAAGAGAAGGTTT-D2_Stim,0,0,0,0,0,0,0,0
CATCAAGAGACATAAC-D2_Stim,0,0,0,0,0,0,0,0
CATCAAGCAGGTCCAC-D2_Stim,0,0,0,0,0,0,0,0
CATCAAGCATGGTCAT-D2_Stim,0,0,0,0,0,0,0,0
CATCAGACACAACTGT-D2_Stim,0,0,0,0,0,0,0,0
CATCGAATCCCTCTTT-D2_Stim,0,0,0,0,0,0,0,0
CATCGGGAGCTTTGGT-D2_Stim,0,0,0,0,0,0,0,0
CATCGGGAGGAGCGAG-D2_Stim,0,0,0,0,0,0,0,0
CATCGGGCAAGGTTCT-D2_Stim,0,0,0,0,0,0,0,0
CATCGGGGTCCGCTGA-D2_Stim,0,0,0,0,0,0,0,0
CATGACACATCAGTAC-D2_Stim,0,0,0,0,0,0,0,0
CATGACAGTATCGCAT-D2_Stim,0,0,0,0,0,0,0,0
CATGACAGTCAACATC-D2_Stim,0,0,0,0,0,0,0,0
CATGCCTAGACTGTAA-D2_Stim,0,0,0,0,0,0,0,0
CATGCCTAGGCGTACA-D2_Stim,0,0,0,0,0,0,0,0
CATGCCTTCGGAAATA-D2_Stim,0,0,0,0,0,0,0,0
CATGGCGGTCATCGGC-D2_Stim,0,0,0,0,0,0,0,0
CATTATCCATTCCTGC-D2_Stim,0,0,0,0,0,0,0,0
CATTATCTCCGAAGAG-D2_Stim,0,0,0,0,0,0,0,0
CATTCGCCAATCCGAT-D2_Stim,0,0,0,0,0,0,0,0
CATTCGCCATCTCCCA-D2_Stim,0,0,0,0,0,0,0,0
CCAATCCAGGAATTAC-D2_Stim,0,0,0,0,0,0,0,0
CCAATCCGTGAGGCTA-D2_Stim,0,0,0,0,0,0,0,0
CCAATCCTCAAACGGG-D2_Stim,0,0,0,0,0,0,0,0
CCAATCCTCTGCCAGG-D2_Stim,0,0,0,0,0,0,0,0
CCAATCCTCTTCAACT-D2_Stim,0,0,0,0,0,0,0,0
CCACCTAAGTCCGTAT-D2_Stim,0,0,0,0,0,0,0,0
CCACCTAGTGCAGTAG-D2_Stim,0,0,0,0,0,0,0,0
CCACCTATCAAAGACA-D2_Stim,0,0,0,0,0,0,0,0
CCACCTATCCAAGCCG-D2_Stim,0,0,0,0,0,0,0,0
CCACCTATCGAGGTAG-D2_Stim,0,0,0,0,0,0,0,0
CCACGGAGTGTTCGAT-D2_Stim,0,0,0,0,0,0,0,0
CCACTACAGCCCTAAT-D2_Stim,0,0,0,0,0,0,0,0
CCACTACAGGGTGTGT-D2_Stim,0,0,0,0,0,0,0,0
CCACTACCAAAGTGCG-D2_Stim,0,0,0,0,0,0,0,0
CCACTACCAGGTCCAC-D2_Stim,0,0,0,0,0,0,0,0
CCACTACGTAGATTAG-D2_Stim,0,0,0,0,0,0,0,0
CCACTACGTGCGGTAA-D2_Stim,0,0,0,0,0,0,0,0
CCAGCGAAGCTAACTC-D2_Stim,0,0,0,0,0,0,0,0
CCAGCGAAGGATTCGG-D2_Stim,0,0,0,0,0,0,0,0
CCAGCGAAGGGTCGAT-D2_Stim,0,0,0,0,0,0,0,0
CCAGCGATCATCACCC-D2_Stim,0,0,0,0,0,0,0,0
CCAGCGATCTTCGGTC-D2_Stim,0,0,0,0,0,0,0,0
CCATGTCAGAATCTCC-D2_Stim,0,0,0,0,0,0,0,0
CCATGTCCACCAGCAC-D2_Stim,0,0,0,0,0,0,0,0
CCATGTCGTAGCGTGA-D2_Stim,0,0,0,0,0,0,0,0
CCATTCGAGAAACCGC-D2_Stim,0,0,0,0,0,0,0,0
CCATTCGAGAAGGCCT-D2_Stim,0,0,0,0,0,0,0,0
CCATTCGCAGGGAGAG-D2_Stim,0,0,0,0,0,0,0,0
CCCAATCAGTGTTAGA-D2_Stim,0,0,0,0,0,0,0,0
CCCAATCCAGGCAGTA-D2_Stim,0,0,0,0,0,0,0,0
CCCAATCCATTCGACA-D2_Stim,0,0,0,0,0,0,0,0
CCCAGTTAGACTTGAA-D2_Stim,0,0,0,0,0,0,0,0
CCCAGTTCAAGGGTCA-D2_Stim,0,0,0,0,0,0,0,0
CCCAGTTTCACTATTC-D2_Stim,0,0,0,0,0,0,0,0
CCCAGTTTCTGCTGCT-D2_Stim,0,0,0,0,0,0,0,0
CCCATACAGTACGCCC-D2_Stim,0,0,0,0,0,0,0,0
CCCTCCTAGTCTCGGC-D2_Stim,0,0,0,0,0,0,0,0
CCCTCCTAGTCTTGCA-D2_Stim,0,0,0,0,0,0,0,0
CCCTCCTGTCGTCTTC-D2_Stim,0,0,0,0,0,0,0,0
CCCTCCTTCCACTGGG-D2_Stim,0,0,0,0,0,0,0,0
CCGGGATTCGATGAGG-D2_Stim,0,0,0,0,0,0,0,0
CCGGTAGAGAGTAAGG-D2_Stim,0,0,0,0,0,0,0,0
CCGGTAGGTCGACTAT-D2_Stim,0,0,0,0,0,0,0,0
CCGGTAGGTTACTGAC-D2_Stim,0,0,0,0,0,0,0,0
CCGGTAGTCTAACTCT-D2_Stim,0,0,0,0,0,0,0,0
CCGTACTGTAGTACCT-D2_Stim,0,0,0,0,0,0,0,0
CCGTACTTCTTGGGTA-D2_Stim,0,0,0,0,0,0,0,0
CCGTGGAGTCCTGCTT-D2_Stim,0,0,0,0,0,0,0,0
CCGTTCAAGAGATGAG-D2_Stim,0,0,0,0,0,0,0,0
CCGTTCAGTTAGATGA-D2_Stim,0,0,0,0,0,0,0,0
CCTAAAGAGTCAAGCG-D2_Stim,0,0,0,0,0,0,0,0
CCTAAAGCAAGCGCTC-D2_Stim,0,0,0,0,0,0,0,0
CCTAAAGGTCATATCG-D2_Stim,0,0,0,0,0,0,0,0
CCTAAAGTCATGCATG-D2_Stim,0,0,0,0,0,0,0,0
CCTACACAGACGACGT-D2_Stim,0,0,0,0,0,0,0,0
CCTACACCAAGCGAGT-D2_Stim,0,0,0,0,0,0,0,0
CCTACACGTGATGTGG-D2_Stim,0,0,0,0,0,0,0,0
CCTACACGTTGTTTGG-D2_Stim,0,0,0,0,0,0,0,0
CCTACCAAGCAGATCG-D2_Stim,0,0,0,0,0,0,0,0
CCTACCAAGGCGATAC-D2_Stim,0,0,0,0,0,0,0,0
CCTAGCTAGAAGGTGA-D2_Stim,0,0,0,0,0,0,0,0
CCTAGCTAGCGTTCCG-D2_Stim,0,0,0,0,0,0,0,0
CCTAGCTAGGCTACGA-D2_Stim,0,0,0,0,0,0,0,0
CCTAGCTCACCACGTG-D2_Stim,0,0,0,0,0,0,0,0
CCTAGCTGTTCCACAA-D2_Stim,0,0,0,0,0,0,0,0
CCTAGCTTCACCACCT-D2_Stim,0,0,0,0,0,0,0,0
CCTAGCTTCTCGTATT-D2_Stim,0,0,0,0,0,0,0,0
CCTATTAAGTGGTAAT-D2_Stim,0,0,0,0,0,0,0,0
CCTATTACAACACGCC-D2_Stim,0,0,0,0,0,0,0,0
CCTATTACACTCGACG-D2_Stim,0,0,0,0,0,0,0,0
CCTCAGTAGTCGTACT-D2_Stim,0,0,0,0,0,0,0,0
CCTCTGAAGTGACATA-D2_Stim,0,0,0,0,0,0,0,0
CCTCTGAAGTTGCAGG-D2_Stim,0,0,0,0,0,0,0,0
CCTCTGACAGATCGGA-D2_Stim,0,0,0,0,0,0,0,0
CCTCTGACAGTCGATT-D2_Stim,0,0,0,0,0,0,0,0
CCTCTGAGTCACTGGC-D2_Stim,0,0,0,0,0,0,0,0
CCTCTGAGTGATGTGG-D2_Stim,0,0,0,0,0,0,0,0
CCTCTGATCAAGGCTT-D2_Stim,0,0,0,0,0,0,0,0
CCTTACGAGCAGGCTA-D2_Stim,0,0,0,0,0,0,0,0
CCTTCCCAGCTGCAAG-D2_Stim,0,0,0,0,0,0,0,0
CCTTCCCTCACTCCTG-D2_Stim,0,0,0,0,0,0,0,0
CCTTCGAAGTATCTCG-D2_Stim,0,0,0,0,0,0,0,0
CCTTCGACAAGCGCTC-D2_Stim,0,0,0,0,0,0,0,0
CCTTTCTCAGATGGGT-D2_Stim,0,0,0,0,0,0,0,0
CCTTTCTCAGCCACCA-D2_Stim,0,0,0,0,0,0,0,0
CCTTTCTGTCAACATC-D2_Stim,0,0,0,0,0,0,0,0
CGAACATAGTTAGCGG-D2_Stim,0,0,0,0,0,0,0,0
CGAACATCAAGCGCTC-D2_Stim,0,0,0,0,0,0,0,0
CGAATGTAGAGATGAG-D2_Stim,0,0,0,0,0,0,0,0
CGAATGTAGATCGATA-D2_Stim,0,0,0,0,0,0,0,0
CGAATGTTCCACGTTC-D2_Stim,0,0,0,0,0,0,0,0
CGACCTTAGGATATAC-D2_Stim,0,0,0,0,0,0,0,0
CGACCTTAGGGAGTAA-D2_Stim,0,0,0,0,0,0,0,0
CGACTTCAGATCCGAG-D2_Stim,0,0,0,0,0,0,0,0
CGACTTCGTCATATCG-D2_Stim,0,0,0,0,0,0,0,0
CGACTTCGTCGGCTCA-D2_Stim,0,0,0,0,0,0,0,0
CGACTTCGTTTGACAC-D2_Stim,0,0,0,0,0,0,0,0
CGACTTCTCTGGAGCC-D2_Stim,0,0,0,0,0,0,0,0
CGAGAAGGTTCCACTC-D2_Stim,0,0,0,0,0,0,0,0
CGAGCACAGCAACGGT-D2_Stim,0,0,0,0,0,0,0,0
CGAGCACGTCACTGGC-D2_Stim,0,0,0,0,0,0,0,0
CGAGCCAGTCGATTGT-D2_Stim,0,0,0,0,0,0,0,0
CGAGCCATCACAGGCC-D2_Stim,0,0,0,0,0,0,0,0
CGAGCCATCACGGTTA-D2_Stim,0,0,0,0,0,0,0,0
CGATCGGAGAAACCAT-D2_Stim,0,0,0,0,0,0,0,0
CGATCGGAGAGCTGCA-D2_Stim,0,0,0,0,0,0,0,0
CGATCGGTCCCTTGTG-D2_Stim,0,0,0,0,0,0,0,0
CGATCGGTCCTCGCAT-D2_Stim,0,0,0,0,0,0,0,0
CGATGGCAGAATTGTG-D2_Stim,0,0,0,0,0,0,0,0
CGATGGCCAATGACCT-D2_Stim,0,0,0,0,0,0,0,0
CGATGGCCAGCTGTGC-D2_Stim,0,0,0,0,0,0,0,0
CGATGGCCATGTAAGA-D2_Stim,0,0,0,0,0,0,0,0
CGATGGCCATTGCGGC-D2_Stim,0,0,0,0,0,0,0,0
CGATGGCTCATTGCGA-D2_Stim,0,0,0,0,0,0,0,0
CGATGTAAGTGTACGG-D2_Stim,0,0,0,0,0,0,0,0
CGATTGAGTACCGGCT-D2_Stim,0,0,0,0,0,0,0,0
CGATTGAGTGTTCTTT-D2_Stim,0,0,0,0,0,0,0,0
CGCCAAGCACCTCGTT-D2_Stim,0,0,0,0,0,0,0,0
CGCCAAGGTAAGTTCC-D2_Stim,0,0,0,0,0,0,0,0
CGCCAAGTCCCTAATT-D2_Stim,0,0,0,0,0,0,0,0
CGCCAAGTCTATGTGG-D2_Stim,0,0,0,0,0,0,0,0
CGCGGTAAGGGCTCTC-D2_Stim,0,0,0,0,0,0,0,0
CGCGGTAGTAGCGCAA-D2_Stim,0,0,0,0,0,0,0,0
CGCGGTAGTCCTCCAT-D2_Stim,0,0,0,0,0,0,0,0
CGCGGTAGTCTCCCTA-D2_Stim,0,0,0,0,0,0,0,0
CGCGGTAGTGATGATA-D2_Stim,0,0,0,0,0,0,0,0
CGCGGTAGTTACGTCA-D2_Stim,0,0,0,0,0,0,0,0
CGCGTTTAGATGTAAC-D2_Stim,0,0,0,0,0,0,0,0
CGCGTTTGTGAGTGAC-D2_Stim,0,0,0,0,0,0,0,0
CGCTATCAGAGACTAT-D2_Stim,0,0,0,0,0,0,0,0
CGCTATCCACACCGAC-D2_Stim,0,0,0,0,0,0,0,0
CGCTATCCATGTAAGA-D2_Stim,0,0,0,0,0,0,0,0
CGCTATCTCAACACCA-D2_Stim,0,0,0,0,0,0,0,0
CGCTGGACATTAACCG-D2_Stim,0,0,0,0,0,0,0,0
CGCTGGAGTCGCGGTT-D2_Stim,0,0,0,0,0,0,0,0
CGCTGGATCAACACAC-D2_Stim,0,0,0,0,0,0,0,0
CGCTGGATCATCGGAT-D2_Stim,0,0,0,0,0,0,0,0
CGCTGGATCCGGCACA-D2_Stim,0,0,0,0,0,0,0,0
CGCTTCAAGAAACCGC-D2_Stim,0,0,0,0,0,0,0,0
CGCTTCAAGTCCGGTC-D2_Stim,0,0,0,0,0,0,0,0
CGCTTCAAGTGGTAAT-D2_Stim,0,0,0,0,0,0,0,0
CGCTTCACATTACGAC-D2_Stim,0,0,0,0,0,0,0,0
CGCTTCAGTACTCGCG-D2_Stim,0,0,0,0,0,0,0,0
CGCTTCATCCTTGGTC-D2_Stim,0,0,0,0,0,0,0,0
CGGACACAGGATCGCA-D2_Stim,0,0,0,0,0,0,0,0
CGGACACCAGCGTCCA-D2_Stim,0,0,0,0,0,0,0,0
CGGACACTCAATCACG-D2_Stim,0,0,0,0,0,0,0,0
CGGACACTCGCCTGAG-D2_Stim,0,0,0,0,0,0,0,0
CGGACGTCATAAGACA-D2_Stim,0,0,0,0,0,0,0,0
CGGACGTGTGGAAAGA-D2_Stim,0,0,0,0,0,0,0,0
CGGACGTTCCGTCAAA-D2_Stim,0,0,0,0,0,0,0,0
CGGACTGCAACTGCGC-D2_Stim,0,0,0,0,0,0,0,0
CGGACTGGTTATTCTC-D2_Stim,0,0,0,0,0,0,0,0
CGGACTGTCTGAAAGA-D2_Stim,0,0,0,0,0,0,0,0
CGGAGCTTCCTAGGGC-D2_Stim,0,0,0,0,0,0,0,0
CGGAGTCAGCGTTGCC-D2_Stim,0,0,0,0,0,0,0,0
CGGAGTCCAGGTCGTC-D2_Stim,0,0,0,0,0,0,0,0
CGGCTAGCATACCATG-D2_Stim,0,0,0,0,0,0,0,0
CGGCTAGGTCATCCCT-D2_Stim,0,0,0,0,0,0,0,0
CGGCTAGGTCCTAGCG-D2_Stim,0,0,0,0,0,0,0,0
CGGTTAACATGATCCA-D2_Stim,0,0,0,0,0,0,0,0
CGGTTAAGTAGGGTAC-D2_Stim,0,0,0,0,0,0,0,0
CGGTTAATCAGAAATG-D2_Stim,0,0,0,0,0,0,0,0
CGTAGCGAGCCACTAT-D2_Stim,0,0,0,0,0,0,0,0
CGTAGCGCATACGCTA-D2_Stim,0,0,0,0,0,0,0,0
CGTAGGCTCCGATATG-D2_Stim,0,0,0,0,0,0,0,0
CGTCACTGTAGCGTGA-D2_Stim,0,0,0,0,0,0,0,0
CGTCAGGAGAGCCTAG-D2_Stim,0,0,0,0,0,0,0,0
CGTCAGGAGCACAGGT-D2_Stim,0,0,0,0,0,0,0,0
CGTCAGGCATGACATC-D2_Stim,0,0,0,0,0,0,0,0
CGTCAGGTCTCCAACC-D2_Stim,0,0,0,0,0,0,0,0
CGTCCATAGGAGCGTT-D2_Stim,0,0,0,0,0,0,0,0
CGTCCATGTAGCGTAG-D2_Stim,0,0,0,0,0,0,0,0
CGTCCATGTGTTGAGG-D2_Stim,0,0,0,0,0,0,0,0
CGTCCATGTGTTTGTG-D2_Stim,0,0,0,0,0,0,0,0
CGTCCATTCACGCATA-D2_Stim,0,0,0,0,0,0,0,0
CGTCTACAGGAGTAGA-D2_Stim,0,0,0,0,0,0,0,0
CGTCTACCACGTTGGC-D2_Stim,0,0,0,0,0,0,0,0
CGTCTACGTCTTGATG-D2_Stim,0,0,0,0,0,0,0,0
CGTGAGCCATCACGTA-D2_Stim,0,0,0,0,0,0,0,0
CGTGAGCGTAATCACC-D2_Stim,0,0,0,0,0,0,0,0
CGTGAGCGTGGGTATG-D2_Stim,0,0,0,0,0,0,0,0
CGTGAGCTCGGATGTT-D2_Stim,0,0,0,0,0,0,0,0
CGTGTAAAGACGCACA-D2_Stim,0,0,0,0,0,0,0,0
CGTGTAATCTGGGCCA-D2_Stim,0,0,0,0,0,0,0,0
CGTGTCTAGCAGACTG-D2_Stim,0,0,0,0,0,0,0,0
CGTGTCTAGCTGTCTA-D2_Stim,0,0,0,0,0,0,0,0
CGTTAGAAGCGTTCCG-D2_Stim,0,0,0,0,0,0,0,0
CGTTAGAAGGCATTGG-D2_Stim,0,0,0,0,0,0,0,0
CGTTAGAGTCGCATCG-D2_Stim,0,0,0,0,0,0,0,0
CGTTCTGCATTGGCGC-D2_Stim,0,0,0,0,0,0,0,0
CGTTCTGTCGTCCGTT-D2_Stim,0,0,0,0,0,0,0,0
CGTTGGGAGTGCTGCC-D2_Stim,0,0,0,0,0,0,0,0
CGTTGGGCACTGTGTA-D2_Stim,0,0,0,0,0,0,0,0
CGTTGGGTCAGTCCCT-D2_Stim,0,0,0,0,0,0,0,0
CTAACTTCACAAGTAA-D2_Stim,0,0,0,0,0,0,0,0
CTAACTTTCTGCGGCA-D2_Stim,0,0,0,0,0,0,0,0
CTAAGACAGCAGACTG-D2_Stim,0,0,0,0,0,0,0,0
CTAAGACCAAAGGCGT-D2_Stim,0,0,0,0,0,0,0,0
CTAAGACCAGCGTCCA-D2_Stim,0,0,0,0,0,0,0,0
CTAAGACCAGTATAAG-D2_Stim,0,0,0,0,0,0,0,0
CTAAGACCATCCGCGA-D2_Stim,0,0,0,0,0,0,0,0
CTAATGGTCGTTTATC-D2_Stim,0,0,0,0,0,0,0,0
CTACACCAGAAACGAG-D2_Stim,0,0,0,0,0,0,0,0
CTACATTAGCACACAG-D2_Stim,0,0,0,0,0,0,0,0
CTACATTCAATCTGCA-D2_Stim,0,0,0,0,0,0,0,0
CTACATTCATGCATGT-D2_Stim,0,0,0,0,0,0,0,0
CTACCCATCCTGTACC-D2_Stim,0,0,0,0,0,0,0,0
CTACGTCAGCAGGTCA-D2_Stim,0,0,0,0,0,0,0,0
CTACGTCCAAATACAG-D2_Stim,0,0,0,0,0,0,0,0
CTACGTCTCAGTCAGT-D2_Stim,0,0,0,0,0,0,0,0
CTAGAGTAGGGAACGG-D2_Stim,0,0,0,0,0,0,0,0
CTAGAGTGTTGCCTCT-D2_Stim,0,0,0,0,0,0,0,0
CTAGAGTTCAGCCTAA-D2_Stim,0,0,0,0,0,0,0,0
CTAGCCTAGTTCCACA-D2_Stim,0,0,0,0,0,0,0,0
CTAGCCTCAAGACACG-D2_Stim,0,0,0,0,0,0,0,0
CTAGCCTCAGACGCTC-D2_Stim,0,0,0,0,0,0,0,0
CTAGCCTGTATTCTCT-D2_Stim,0,0,0,0,0,0,0,0
CTAGTGACAAGGTTCT-D2_Stim,0,0,0,0,0,0,0,0
CTAGTGATCTGGTTCC-D2_Stim,0,0,0,0,0,0,0,0
CTCACACGTATGAATG-D2_Stim,0,0,0,0,0,0,0,0
CTCACACTCTCGATGA-D2_Stim,0,0,0,0,0,0,0,0
CTCAGAAAGAGCTGCA-D2_Stim,0,0,0,0,0,0,0,0
CTCATTAAGAGGTAGA-D2_Stim,0,0,0,0,0,0,0,0
CTCATTAAGATGCGAC-D2_Stim,0,0,0,0,0,0,0,0
CTCATTAGTTACCGAT-D2_Stim,0,0,0,0,0,0,0,0
CTCCTAGAGATGTTAG-D2_Stim,0,0,0,0,0,0,0,0
CTCGAGGAGCCAGTAG-D2_Stim,0,0,0,0,0,0,0,0
CTCGAGGCAATGTTGC-D2_Stim,0,0,0,0,0,0,0,0
CTCGAGGGTTCCATGA-D2_Stim,0,0,0,0,0,0,0,0
CTCGAGGGTTTCCACC-D2_Stim,0,0,0,0,0,0,0,0
CTCGGAGAGCCCTAAT-D2_Stim,0,0,0,0,0,0,0,0
CTCGGAGCAGCTTCGG-D2_Stim,0,0,0,0,0,0,0,0
CTCGGAGGTCTAGCGC-D2_Stim,0,0,0,0,0,0,0,0
CTCGGAGGTTCAGGCC-D2_Stim,0,0,0,0,0,0,0,0
CTCGGAGTCGTGGGAA-D2_Stim,0,0,0,0,0,0,0,0
CTCGGAGTCTCGCTTG-D2_Stim,0,0,0,0,0,0,0,0
CTCGGGAAGCGCTTAT-D2_Stim,0,0,0,0,0,0,0,0
CTCGGGACAACTTGAC-D2_Stim,0,0,0,0,0,0,0,0
CTCGGGACAAGTACCT-D2_Stim,0,0,0,0,0,0,0,0
CTCGGGACACCGAATT-D2_Stim,0,0,0,0,0,0,0,0
CTCGGGATCTAACCGA-D2_Stim,0,0,0,0,0,0,0,0
CTCGTACAGAGCTTCT-D2_Stim,0,0,0,0,0,0,0,0
CTCGTACGTGTGACGA-D2_Stim,0,0,0,0,0,0,0,0
CTCGTACTCCTGCCAT-D2_Stim,0,0,0,0,0,0,0,0
CTCGTCATCCCTAATT-D2_Stim,0,0,0,0,0,0,0,0
CTCTAATAGCAATCTC-D2_Stim,0,0,0,0,0,0,0,0
CTCTAATAGCAGCCTC-D2_Stim,0,0,0,0,0,0,0,0
CTCTAATAGGACCACA-D2_Stim,0,0,0,0,0,0,0,0
CTCTAATCAGGTCTCG-D2_Stim,0,0,0,0,0,0,0,0
CTCTAATGTGATGCCC-D2_Stim,0,0,0,0,0,0,0,0
CTCTAATTCGCCAGCA-D2_Stim,0,0,0,0,0,0,0,0
CTCTAATTCTAACTTC-D2_Stim,0,0,0,0,0,0,0,0
CTCTACGCATCCCACT-D2_Stim,0,0,0,0,0,0,0,0
CTCTACGTCGCCCTTA-D2_Stim,0,0,0,0,0,0,0,0
CTCTGGTAGTGGAGTC-D2_Stim,0,0,0,0,0,0,0,0
CTGAAACAGTACGTTC-D2_Stim,0,0,0,0,0,0,0,0
CTGAAACAGTAGGTGC-D2_Stim,0,0,0,0,0,0,0,0
CTGAAACCACCCTATC-D2_Stim,0,0,0,0,0,0,0,0
CTGAAACTCGTATCAG-D2_Stim,0,0,0,0,0,0,0,0
CTGAAACTCTAACGGT-D2_Stim,0,0,0,0,0,0,0,0
CTGAAGTAGAAACCGC-D2_Stim,0,0,0,0,0,0,0,0
CTGAAGTAGCTCCTCT-D2_Stim,0,0,0,0,0,0,0,0
CTGAAGTCACAGTCGC-D2_Stim,0,0,0,0,0,0,0,0
CTGATAGGTCACAAGG-D2_Stim,0,0,0,0,0,0,0,0
CTGATCCAGCGCTCCA-D2_Stim,0,0,0,0,0,0,0,0
CTGATCCCAGGCTCAC-D2_Stim,0,0,0,0,0,0,0,0
CTGATCCTCATGTCTT-D2_Stim,0,0,0,0,0,0,0,0
CTGCCTAAGAGTAAGG-D2_Stim,0,0,0,0,0,0,0,0
CTGCCTAAGATATACG-D2_Stim,0,0,0,0,0,0,0,0
CTGCCTAAGCGCCTCA-D2_Stim,0,0,0,0,0,0,0,0
CTGCCTATCTTTACAC-D2_Stim,0,0,0,0,0,0,0,0
CTGCGGACAAGCCTAT-D2_Stim,0,0,0,0,0,0,0,0
CTGCGGACAAGTCATC-D2_Stim,0,0,0,0,0,0,0,0
CTGCGGACATGTAAGA-D2_Stim,0,0,0,0,0,0,0,0
CTGCGGAGTCTGATTG-D2_Stim,0,0,0,0,0,0,0,0
CTGCGGATCGAATGCT-D2_Stim,0,0,0,0,0,0,0,0
CTGCTGTAGATCTGAA-D2_Stim,0,0,0,0,0,0,0,0
CTGGTCTAGGCTCTTA-D2_Stim,0,0,0,0,0,0,0,0
CTGGTCTAGGTAAACT-D2_Stim,0,0,0,0,0,0,0,0
CTGGTCTCAGATGGGT-D2_Stim,0,0,0,0,0,0,0,0
CTGGTCTGTTAAGACA-D2_Stim,0,0,0,0,0,0,0,0
CTGGTCTTCAACACTG-D2_Stim,0,0,0,0,0,0,0,0
CTGTGCTAGGCATGGT-D2_Stim,0,0,0,0,0,0,0,0
CTGTGCTCAAGCTGAG-D2_Stim,0,0,0,0,0,0,0,0
CTGTGCTCACGCTTTC-D2_Stim,0,0,0,0,0,0,0,0
CTGTGCTTCCTGTAGA-D2_Stim,0,0,0,0,0,0,0,0
CTGTTTAGTACGACCC-D2_Stim,0,0,0,0,0,0,0,0
CTTAACTTCAGCACAT-D2_Stim,0,0,0,0,0,0,0,0
CTTAACTTCTTAACCT-D2_Stim,0,0,0,0,0,0,0,0
CTTACCGTCGGAGCAA-D2_Stim,0,0,0,0,0,0,0,0
CTTAGGACACCACCAG-D2_Stim,0,0,0,0,0,0,0,0
CTTAGGAGTAGCTTGT-D2_Stim,0,0,0,0,0,0,0,0
CTTAGGATCACCAGGC-D2_Stim,0,0,0,0,0,0,0,0
CTTAGGATCTGCAAGT-D2_Stim,0,0,0,0,0,0,0,0
CTTCTCTAGTCGAGTG-D2_Stim,0,0,0,0,0,0,0,0
CTTCTCTCAATGCCAT-D2_Stim,0,0,0,0,0,0,0,0
CTTCTCTGTAGGCATG-D2_Stim,0,0,0,0,0,0,0,0
CTTGGCTAGACTGTAA-D2_Stim,0,0,0,0,0,0,0,0
CTTGGCTAGCGATGAC-D2_Stim,0,0,0,0,0,0,0,0
CTTGGCTCACTACAGT-D2_Stim,0,0,0,0,0,0,0,0
CTTGGCTCATGTAGTC-D2_Stim,0,0,0,0,0,0,0,0
CTTTGCGCAAACCTAC-D2_Stim,0,0,0,0,0,0,0,0
CTTTGCGCACTCAGGC-D2_Stim,0,0,0,0,0,0,0,0
CTTTGCGCAGATGAGC-D2_Stim,0,0,0,0,0,0,0,0
CTTTGCGGTCATTAGC-D2_Stim,0,0,0,0,0,0,0,0
CTTTGCGGTTCACCTC-D2_Stim,0,0,0,0,0,0,0,0
CTTTGCGTCCACTGGG-D2_Stim,0,0,0,0,0,0,0,0
CTTTGCGTCGGTGTCG-D2_Stim,0,0,0,0,0,0,0,0
GAAACTCGTACAGTTC-D2_Stim,0,0,0,0,0,0,0,0
GAAATGACACTACAGT-D2_Stim,0,0,0,0,0,0,0,0
GAAATGAGTATGAATG-D2_Stim,0,0,0,0,0,0,0,0
GAAATGATCGCTTGTC-D2_Stim,0,0,0,0,0,0,0,0
GAAATGATCTCGTATT-D2_Stim,0,0,0,0,0,0,0,0
GAACATCAGCGATATA-D2_Stim,0,0,0,0,0,0,0,0
GAACCTAAGGAATCGC-D2_Stim,0,0,0,0,0,0,0,0
GAACCTACACACATGT-D2_Stim,0,0,0,0,0,0,0,0
GAACCTAGTACAGTTC-D2_Stim,0,0,0,0,0,0,0,0
GAACCTATCATGTAGC-D2_Stim,0,0,0,0,0,0,0,0
GAACCTATCCGGGTGT-D2_Stim,0,0,0,0,0,0,0,0
GAACGGAAGGTCATCT-D2_Stim,0,0,0,0,0,0,0,0
GAACGGAAGTTCGCGC-D2_Stim,0,0,0,0,0,0,0,0
GAACGGAGTCACCCAG-D2_Stim,0,0,0,0,0,0,0,0
GAACGGAGTCTTGTCC-D2_Stim,0,0,0,0,0,0,0,0
GAACGGAGTGACTACT-D2_Stim,0,0,0,0,0,0,0,0
GAACGGATCACTCCTG-D2_Stim,0,0,0,0,0,0,0,0
GAAGCAGAGGTTACCT-D2_Stim,0,0,0,0,0,0,0,0
GAAGCAGCAGCTTCGG-D2_Stim,0,0,0,0,0,0,0,0
GAAGCAGGTCCGACGT-D2_Stim,0,0,0,0,0,0,0,0
GAAGCAGGTTCGGCAC-D2_Stim,0,0,0,0,0,0,0,0
GAATGAAAGCTAACTC-D2_Stim,0,0,0,0,0,0,0,0
GAATGAACAATTCCTT-D2_Stim,0,0,0,0,0,0,0,0
GAATGAAGTAAATGTG-D2_Stim,0,0,0,0,0,0,0,0
GAATGAATCAGGCCCA-D2_Stim,0,0,0,0,0,0,0,0
GAATGAATCGCGATCG-D2_Stim,0,0,0,0,0,0,0,0
GACACGCCACATGTGT-D2_Stim,0,0,0,0,0,0,0,0
GACACGCCACCACGTG-D2_Stim,0,0,0,0,0,0,0,0
GACACGCCAGTGACAG-D2_Stim,0,0,0,0,0,0,0,0
GACACGCTCAACGGGA-D2_Stim,0,0,0,0,0,0,0,0
GACAGAGCAAGCGATG-D2_Stim,0,0,0,0,0,0,0,0
GACAGAGGTCGAGTTT-D2_Stim,0,0,0,0,0,0,0,0
GACAGAGGTCTAGGTT-D2_Stim,0,0,0,0,0,0,0,0
GACAGAGTCTACGAGT-D2_Stim,0,0,0,0,0,0,0,0
GACCAATGTATATCCG-D2_Stim,0,0,0,0,0,0,0,0
GACCAATTCCCAACGG-D2_Stim,0,0,0,0,0,0,0,0
GACCTGGCATCGGAAG-D2_Stim,0,0,0,0,0,0,0,0
GACCTGGCATGTAAGA-D2_Stim,0,0,0,0,0,0,0,0
GACCTGGGTTGATTGC-D2_Stim,0,0,0,0,0,0,0,0
GACCTGGTCTTAACCT-D2_Stim,0,0,0,0,0,0,0,0
GACGCGTAGCTCCTCT-D2_Stim,0,0,0,0,0,0,0,0
GACGCGTGTTGAACTC-D2_Stim,0,0,0,0,0,0,0,0
GACGGCTAGCGTGTCC-D2_Stim,0,0,0,0,0,0,0,0
GACGGCTTCGGTCCGA-D2_Stim,0,0,0,0,0,0,0,0
GACGGCTTCGTTACGA-D2_Stim,0,0,0,0,0,0,0,0
GACGTGCAGACAGGCT-D2_Stim,0,0,0,0,0,0,0,0
GACGTGCCACAAGTAA-D2_Stim,0,0,0,0,0,0,0,0
GACGTGCGTATCGCAT-D2_Stim,0,0,0,0,0,0,0,0
GACGTGCGTGGTACAG-D2_Stim,0,0,0,0,0,0,0,0
GACGTGCTCATGCAAC-D2_Stim,0,0,0,0,0,0,0,0
GACGTGCTCCGTCAAA-D2_Stim,0,0,0,0,0,0,0,0
GACTAACCACGGCCAT-D2_Stim,0,0,0,0,0,0,0,0
GACTACACAGGTGCCT-D2_Stim,0,0,0,0,0,0,0,0
GACTACACATCGGGTC-D2_Stim,0,0,0,0,0,0,0,0
GACTACACATTCTCAT-D2_Stim,0,0,0,0,0,0,0,0
GACTGCGAGACCGGAT-D2_Stim,0,0,0,0,0,0,0,0
GACTGCGAGTGAAGTT-D2_Stim,0,0,0,0,0,0,0,0
GACTGCGCAAGTACCT-D2_Stim,0,0,0,0,0,0,0,0
GAGCAGAAGAATGTGT-D2_Stim,0,0,0,0,0,0,0,0
GAGCAGAGTGAAAGAG-D2_Stim,0,0,0,0,0,0,0,0
GAGGTGACATGCCACG-D2_Stim,0,0,0,0,0,0,0,0
GAGGTGATCACGACTA-D2_Stim,0,0,0,0,0,0,0,0
GAGTCCGAGGGTATCG-D2_Stim,0,0,0,0,0,0,0,0
GAGTCCGAGTAGTGCG-D2_Stim,0,0,0,0,0,0,0,0
GAGTCCGCACAACGCC-D2_Stim,0,0,0,0,0,0,0,0
GAGTCCGGTCATGCAT-D2_Stim,0,0,0,0,0,0,0,0
GATCAGTGTCGCGTGT-D2_Stim,0,0,0,0,0,0,0,0
GATCAGTTCGGAATCT-D2_Stim,0,0,0,0,0,0,0,0
GATCGATAGAGACTAT-D2_Stim,0,0,0,0,0,0,0,0
GATCGATCAGACGCAA-D2_Stim,0,0,0,0,0,0,0,0
GATCGATGTAATCGTC-D2_Stim,0,0,0,0,0,0,0,0
GATCGATTCAGCGATT-D2_Stim,0,0,0,0,0,0,0,0
GATCGCGAGTGGGTTG-D2_Stim,0,0,0,0,0,0,0,0
GATCGCGCAGGGTTAG-D2_Stim,0,0,0,0,0,0,0,0
GATCGCGCATCGACGC-D2_Stim,0,0,0,0,0,0,0,0
GATCGCGCATGCATGT-D2_Stim,0,0,0,0,0,0,0,0
GATCGCGCATTGGGCC-D2_Stim,0,0,0,0,0,0,0,0
GATCGCGGTAGCGTCC-D2_Stim,0,0,0,0,0,0,0,0
GATCGCGTCACTGGGC-D2_Stim,0,0,0,0,0,0,0,0
GATCGTAAGTGACATA-D2_Stim,0,0,0,0,0,0,0,0
GATCGTAGTGGTTTCA-D2_Stim,0,0,0,0,0,0,0,0
GATCGTATCCCAGGTG-D2_Stim,0,0,0,0,0,0,0,0
GATCGTATCTTAGAGC-D2_Stim,0,0,0,0,0,0,0,0
GATCTAGAGTCTCAAC-D2_Stim,0,0,0,0,0,0,0,0
GATCTAGAGTGTACCT-D2_Stim,0,0,0,0,0,0,0,0
GATCTAGGTCGGATCC-D2_Stim,0,0,0,0,0,0,0,0
GATCTAGTCACTTACT-D2_Stim,0,0,0,0,0,0,0,0
GATCTAGTCGCATGAT-D2_Stim,0,0,0,0,0,0,0,0
GATGAAAAGGCACATG-D2_Stim,0,0,0,0,0,0,0,0
GATGAAATCACCTCGT-D2_Stim,0,0,0,0,0,0,0,0
GATGAGGGTGCGAAAC-D2_Stim,0,0,0,0,0,0,0,0
GATGCTAAGGAGCGTT-D2_Stim,0,0,0,0,0,0,0,0
GATGCTATCCTTTCGG-D2_Stim,0,0,0,0,0,0,0,0
GATTCAGCAGAGTGTG-D2_Stim,0,0,0,0,0,0,0,0
GATTCAGGTGTAATGA-D2_Stim,0,0,0,0,0,0,0,0
GATTCAGTCCTCAATT-D2_Stim,0,0,0,0,0,0,0,0
GCAAACTCAAGTAATG-D2_Stim,0,0,0,0,0,0,0,0
GCAAACTTCAGTTAGC-D2_Stim,0,0,0,0,0,0,0,0
GCAATCATCCCACTTG-D2_Stim,0,0,0,0,0,0,0,0
GCACATAAGCGCTCCA-D2_Stim,0,0,0,0,0,0,0,0
GCACATAAGGCTAGGT-D2_Stim,0,0,0,0,0,0,0,0
GCACATAAGTCACGCC-D2_Stim,0,0,0,0,0,0,0,0
GCACATAAGTTACGGG-D2_Stim,0,0,0,0,0,0,0,0
GCACATACAGACGCTC-D2_Stim,0,0,0,0,0,0,0,0
GCACATACAGCTTAAC-D2_Stim,0,0,0,0,0,0,0,0
GCACATATCAGCTCTC-D2_Stim,0,0,0,0,0,0,0,0
GCACATATCTTTCCTC-D2_Stim,0,0,0,0,0,0,0,0
GCACTCTAGTACCGGA-D2_Stim,0,0,0,0,0,0,0,0
GCACTCTCAGGTCTCG-D2_Stim,0,0,0,0,0,0,0,0
GCACTCTTCGGCATCG-D2_Stim,0,0,0,0,0,0,0,0
GCAGCCACAACTGGCC-D2_Stim,0,0,0,0,0,0,0,0
GCAGCCAGTCGCATAT-D2_Stim,0,0,0,0,0,0,0,0
GCAGCCAGTGCAACTT-D2_Stim,0,0,0,0,0,0,0,0
GCAGCCATCCCAAGAT-D2_Stim,0,0,0,0,0,0,0,0
GCAGTTACAATCTGCA-D2_Stim,0,0,0,0,0,0,0,0
GCAGTTAGTGTTAAGA-D2_Stim,0,0,0,0,0,0,0,0
GCATGATAGACAAAGG-D2_Stim,0,0,0,0,0,0,0,0
GCATGATGTACCGCTG-D2_Stim,0,0,0,0,0,0,0,0
GCATGATTCTTGTACT-D2_Stim,0,0,0,0,0,0,0,0
GCATGCGAGTTCCACA-D2_Stim,0,0,0,0,0,0,0,0
GCATGCGCAATCCGAT-D2_Stim,0,0,0,0,0,0,0,0
GCATGCGTCCGTTGTC-D2_Stim,0,0,0,0,0,0,0,0
GCATGTAGTTGTGGCC-D2_Stim,0,0,0,0,0,0,0,0
GCATGTATCCCTTGCA-D2_Stim,0,0,0,0,0,0,0,0
GCCAAATAGGCATTGG-D2_Stim,0,0,0,0,0,0,0,0
GCCTCTAAGAGTTGGC-D2_Stim,0,0,0,0,0,0,0,0
GCCTCTACACATCCGG-D2_Stim,0,0,0,0,0,0,0,0
GCGACCAAGACACGAC-D2_Stim,0,0,0,0,0,0,0,0
GCGACCAGTGAGCGAT-D2_Stim,0,0,0,0,0,0,0,0
GCGAGAAAGAAACCGC-D2_Stim,0,0,0,0,0,0,0,0
GCGAGAACAAGTAATG-D2_Stim,0,0,0,0,0,0,0,0
GCGCAACCAAGCCTAT-D2_Stim,0,0,0,0,0,0,0,0
GCGCAACGTGCTCTTC-D2_Stim,0,0,0,0,0,0,0,0
GCGCAACTCCGTTGTC-D2_Stim,0,0,0,0,0,0,0,0
GCGCAGTCACGAGAGT-D2_Stim,0,0,0,0,0,0,0,0
GCGCAGTCATTGGCGC-D2_Stim,0,0,0,0,0,0,0,0
GCGCAGTGTAGCAAAT-D2_Stim,0,0,0,0,0,0,0,0
GCGCAGTTCTACTATC-D2_Stim,0,0,0,0,0,0,0,0
GCGCCAAAGGTAGCTG-D2_Stim,0,0,0,0,0,0,0,0
GCGCCAAAGTAGGTGC-D2_Stim,0,0,0,0,0,0,0,0
GCGCCAAAGTTGCAGG-D2_Stim,0,0,0,0,0,0,0,0
GCGCCAACACACAGAG-D2_Stim,0,0,0,0,0,0,0,0
GCGCCAACACGAAACG-D2_Stim,0,0,0,0,0,0,0,0
GCGCGATCAGGCTCAC-D2_Stim,0,0,0,0,0,0,0,0
GCGCGATGTATAGTAG-D2_Stim,0,0,0,0,0,0,0,0
GCGCGATGTTGGAGGT-D2_Stim,0,0,0,0,0,0,0,0
GCGCGATTCTGCGTAA-D2_Stim,0,0,0,0,0,0,0,0
GCGGGTTAGGAGTTTA-D2_Stim,0,0,0,0,0,0,0,0
GCGGGTTGTAGATTAG-D2_Stim,0,0,0,0,0,0,0,0
GCGGGTTTCTGCTGTC-D2_Stim,0,0,0,0,0,0,0,0
GCTCCTAAGCCACTAT-D2_Stim,0,0,0,0,0,0,0,0
GCTCCTACACCACCAG-D2_Stim,0,0,0,0,0,0,0,0
GCTCCTAGTACACCGC-D2_Stim,0,0,0,0,0,0,0,0
GCTCCTAGTCCGAATT-D2_Stim,0,0,0,0,0,0,0,0
GCTCCTAGTGGTTTCA-D2_Stim,0,0,0,0,0,0,0,0
GCTCCTAGTTAGAACA-D2_Stim,0,0,0,0,0,0,0,0
GCTCCTATCCAAATGC-D2_Stim,0,0,0,0,0,0,0,0
GCTCCTATCGTGGTCG-D2_Stim,0,0,0,0,0,0,0,0
GCTCTGTGTGCCTGTG-D2_Stim,0,0,0,0,0,0,0,0
GCTCTGTTCGCAAGCC-D2_Stim,0,0,0,0,0,0,0,0
GCTGCAGCACGACTCG-D2_Stim,0,0,0,0,0,0,0,0
GCTGCAGCAGCGATCC-D2_Stim,0,0,0,0,0,0,0,0
GCTGCAGCATACAGCT-D2_Stim,0,0,0,0,0,0,0,0
GCTGCAGCATTCTCAT-D2_Stim,0,0,0,0,0,0,0,0
GCTGCAGGTACTCTCC-D2_Stim,0,0,0,0,0,0,0,0
GCTGCAGTCAACACTG-D2_Stim,0,0,0,0,0,0,0,0
GCTGCGATCTGTACGA-D2_Stim,0,0,0,0,0,0,0,0
GCTGCTTCACCTTGTC-D2_Stim,0,0,0,0,0,0,0,0
GCTGCTTGTAAACACA-D2_Stim,0,0,0,0,0,0,0,0
GCTGCTTGTCAGAAGC-D2_Stim,0,0,0,0,0,0,0,0
GCTGCTTTCTCATTCA-D2_Stim,0,0,0,0,0,0,0,0
GCTGGGTAGATATACG-D2_Stim,0,0,0,0,0,0,0,0
GCTGGGTGTTGCCTCT-D2_Stim,0,0,0,0,0,0,0,0
GCTGGGTTCAGCCTAA-D2_Stim,0,0,0,0,0,0,0,0
GCTTCCAAGAGTAAGG-D2_Stim,0,0,0,0,0,0,0,0
GCTTCCAAGAGTACAT-D2_Stim,0,0,0,0,0,0,0,0
GCTTCCACATTATCTC-D2_Stim,0,0,0,0,0,0,0,0
GCTTCCAGTCAGGACA-D2_Stim,0,0,0,0,0,0,0,0
GCTTGAAAGGCTCTTA-D2_Stim,0,0,0,0,0,0,0,0
GCTTGAACATTAGGCT-D2_Stim,0,0,0,0,0,0,0,0
GCTTGAAGTAGCTGCC-D2_Stim,0,0,0,0,0,0,0,0
GCTTGAATCGCCTGTT-D2_Stim,0,0,0,0,0,0,0,0
GCTTGAATCTCGCATC-D2_Stim,0,0,0,0,0,0,0,0
GGAAAGCAGAATGTTG-D2_Stim,0,0,0,0,0,0,0,0
GGAAAGCCAGCCTTGG-D2_Stim,0,0,0,0,0,0,0,0
GGAACTTAGACTGGGT-D2_Stim,0,0,0,0,0,0,0,0
GGAACTTTCTCGGACG-D2_Stim,0,0,0,0,0,0,0,0
GGAATAAAGAGTAAGG-D2_Stim,0,0,0,0,0,0,0,0
GGACAAGAGCGCCTCA-D2_Stim,0,0,0,0,0,0,0,0
GGACAAGCATGGTCTA-D2_Stim,0,0,0,0,0,0,0,0
GGACAAGGTTGGAGGT-D2_Stim,0,0,0,0,0,0,0,0
GGACAAGTCCTTCAAT-D2_Stim,0,0,0,0,0,0,0,0
GGACAAGTCGGCCGAT-D2_Stim,0,0,0,0,0,0,0,0
GGACAGAAGGGTGTTG-D2_Stim,0,0,0,0,0,0,0,0
GGACAGACAACCGCCA-D2_Stim,0,0,0,0,0,0,0,0
GGACAGACATCCCATC-D2_Stim,0,0,0,0,0,0,0,0
GGACAGAGTCGGATCC-D2_Stim,0,0,0,0,0,0,0,0
GGACATTAGGATATAC-D2_Stim,0,0,0,0,0,0,0,0
GGACATTAGGCAGGTT-D2_Stim,0,0,0,0,0,0,0,0
GGACATTCACAAGACG-D2_Stim,0,0,0,0,0,0,0,0
GGACATTGTACCGTTA-D2_Stim,0,0,0,0,0,0,0,0
GGACGTCAGCGTCTAT-D2_Stim,0,0,0,0,0,0,0,0
GGACGTCAGTACGTTC-D2_Stim,0,0,0,0,0,0,0,0
GGACGTCAGTGCCATT-D2_Stim,0,0,0,0,0,0,0,0
GGACGTCCACGAGGTA-D2_Stim,0,0,0,0,0,0,0,0
GGAGCAACACCGATAT-D2_Stim,0,0,0,0,0,0,0,0
GGAGCAATCGACAGCC-D2_Stim,0,0,0,0,0,0,0,0
GGATGTTAGACACTAA-D2_Stim,0,0,0,0,0,0,0,0
GGATGTTCATGCAATC-D2_Stim,0,0,0,0,0,0,0,0
GGCAATTCATTGCGGC-D2_Stim,0,0,0,0,0,0,0,0
GGCAATTTCACTTATC-D2_Stim,0,0,0,0,0,0,0,0
GGCAATTTCGAATCCA-D2_Stim,0,0,0,0,0,0,0,0
GGCCGATAGACAGGCT-D2_Stim,0,0,0,0,0,0,0,0
GGCCGATAGTCGTTTG-D2_Stim,0,0,0,0,0,0,0,0
GGCCGATCACGAAGCA-D2_Stim,0,0,0,0,0,0,0,0
GGCCGATTCGTACCGG-D2_Stim,0,0,0,0,0,0,0,0
GGCGACTCACAACGCC-D2_Stim,0,0,0,0,0,0,0,0
GGCGACTGTGGCAAAC-D2_Stim,0,0,0,0,0,0,0,0
GGCGTGTTCCCTTGCA-D2_Stim,0,0,0,0,0,0,0,0
GGCTCGAAGCAGATCG-D2_Stim,0,0,0,0,0,0,0,0
GGCTCGACATAGACTC-D2_Stim,0,0,0,0,0,0,0,0
GGCTCGAGTATAATGG-D2_Stim,0,0,0,0,0,0,0,0
GGCTGGTAGAGGTAGA-D2_Stim,0,0,0,0,0,0,0,0
GGCTGGTGTGCCTGGT-D2_Stim,0,0,0,0,0,0,0,0
GGCTGGTGTTACAGAA-D2_Stim,0,0,0,0,0,0,0,0
GGCTGGTGTTCCCTTG-D2_Stim,0,0,0,0,0,0,0,0
GGGAATGGTCCAGTGC-D2_Stim,0,0,0,0,0,0,0,0
GGGAATGGTGTGACCC-D2_Stim,0,0,0,0,0,0,0,0
GGGACCTAGTAACCCT-D2_Stim,0,0,0,0,0,0,0,0
GGGACCTAGTGTTTGC-D2_Stim,0,0,0,0,0,0,0,0
GGGACCTCATGCAATC-D2_Stim,0,0,0,0,0,0,0,0
GGGAGATGTGGTTTCA-D2_Stim,0,0,0,0,0,0,0,0
GGGATGACAGATAATG-D2_Stim,0,0,0,0,0,0,0,0
GGGATGACAGGGTACA-D2_Stim,0,0,0,0,0,0,0,0
GGGATGAGTGCAACTT-D2_Stim,0,0,0,0,0,0,0,0
GGGATGATCCACGACG-D2_Stim,0,0,0,0,0,0,0,0
GGGATGATCCCTCTTT-D2_Stim,0,0,0,0,0,0,0,0
GGGCACTGTACCTACA-D2_Stim,0,0,0,0,0,0,0,0
GGGCACTGTAGCTGCC-D2_Stim,0,0,0,0,0,0,0,0
GGGCATCAGATCCGAG-D2_Stim,0,0,0,0,0,0,0,0
GGGCATCGTGGGTATG-D2_Stim,0,0,0,0,0,0,0,0
GGGCATCTCTGCTTGC-D2_Stim,0,0,0,0,0,0,0,0
GGGTCTGGTGAGGGTT-D2_Stim,0,0,0,0,0,0,0,0
GGGTCTGTCCTCCTAG-D2_Stim,0,0,0,0,0,0,0,0
GGGTTGCAGCGTAGTG-D2_Stim,0,0,0,0,0,0,0,0
GGGTTGCGTGAAAGAG-D2_Stim,0,0,0,0,0,0,0,0
GGGTTGCTCGAACTGT-D2_Stim,0,0,0,0,0,0,0,0
GGTATTGAGAATCTCC-D2_Stim,0,0,0,0,0,0,0,0
GGTATTGCAAACAACA-D2_Stim,0,0,0,0,0,0,0,0
GGTATTGCACTTCGAA-D2_Stim,0,0,0,0,0,0,0,0
GGTATTGCATTCGACA-D2_Stim,0,0,0,0,0,0,0,0
GGTGAAGAGATGGCGT-D2_Stim,0,0,0,0,0,0,0,0
GGTGAAGAGGTGATAT-D2_Stim,0,0,0,0,0,0,0,0
GGTGAAGCAAGTTCTG-D2_Stim,0,0,0,0,0,0,0,0
GGTGAAGCACCGTTGG-D2_Stim,0,0,0,0,0,0,0,0
GGTGAAGGTCTCCACT-D2_Stim,0,0,0,0,0,0,0,0
GGTGCGTCAATGAAAC-D2_Stim,0,0,0,0,0,0,0,0
GGTGCGTTCATAAAGG-D2_Stim,0,0,0,0,0,0,0,0
GGTGCGTTCTTGTACT-D2_Stim,0,0,0,0,0,0,0,0
GGTGTTAGTTGAGGTG-D2_Stim,0,0,0,0,0,0,0,0
GTAACGTCATGACGGA-D2_Stim,0,0,0,0,0,0,0,0
GTAACGTGTGTCCTCT-D2_Stim,0,0,0,0,0,0,0,0
GTAACGTTCTTCCTTC-D2_Stim,0,0,0,0,0,0,0,0
GTAACTGAGGGCTTCC-D2_Stim,0,0,0,0,0,0,0,0
GTAACTGTCATTGCGA-D2_Stim,0,0,0,0,0,0,0,0
GTACGTAAGTTCGCAT-D2_Stim,0,0,0,0,0,0,0,0
GTACGTATCTACTCAT-D2_Stim,0,0,0,0,0,0,0,0
GTACTCCAGTGTCCCG-D2_Stim,0,0,0,0,0,0,0,0
GTACTCCCACCAACCG-D2_Stim,0,0,0,0,0,0,0,0
GTACTCCCAGCTGTGC-D2_Stim,0,0,0,0,0,0,0,0
GTACTCCGTAGTACCT-D2_Stim,0,0,0,0,0,0,0,0
GTACTTTAGAGAACAG-D2_Stim,0,0,0,0,0,0,0,0
GTACTTTCAGGACGTA-D2_Stim,0,0,0,0,0,0,0,0
GTACTTTTCGAGAGCA-D2_Stim,0,0,0,0,0,0,0,0
GTAGGCCAGCACCGCT-D2_Stim,0,0,0,0,0,0,0,0
GTAGGCCTCGATCCCT-D2_Stim,0,0,0,0,0,0,0,0
GTAGTCAAGCAACGGT-D2_Stim,0,0,0,0,0,0,0,0
GTAGTCACAAGAGTCG-D2_Stim,0,0,0,0,0,0,0,0
GTAGTCACATGTAGTC-D2_Stim,0,0,0,0,0,0,0,0
GTAGTCACATTGGTAC-D2_Stim,0,0,0,0,0,0,0,0
GTAGTCATCCGCAAGC-D2_Stim,0,0,0,0,0,0,0,0
GTATCTTGTTGAACTC-D2_Stim,0,0,0,0,0,0,0,0
GTATTCTAGTACATGA-D2_Stim,0,0,0,0,0,0,0,0
GTATTCTTCGTTACAG-D2_Stim,0,0,0,0,0,0,0,0
GTCAAGTCAAGGCTCC-D2_Stim,0,0,0,0,0,0,0,0
GTCAAGTCACGGTAGA-D2_Stim,0,0,0,0,0,0,0,0
GTCACAAAGATCACGG-D2_Stim,0,0,0,0,0,0,0,0
GTCACAAAGCGATAGC-D2_Stim,0,0,0,0,0,0,0,0
GTCACAAAGTGGTAGC-D2_Stim,0,0,0,0,0,0,0,0
GTCACAACAGTCTTCC-D2_Stim,0,0,0,0,0,0,0,0
GTCACAATCTACCAGA-D2_Stim,0,0,0,0,0,0,0,0
GTCACGGAGTGCCAGA-D2_Stim,0,0,0,0,0,0,0,0
GTCACGGCAGTATCTG-D2_Stim,0,0,0,0,0,0,0,0
GTCATTTAGACGCTTT-D2_Stim,0,0,0,0,0,0,0,0
GTCATTTAGCACGCCT-D2_Stim,0,0,0,0,0,0,0,0
GTCATTTAGTTACGGG-D2_Stim,0,0,0,0,0,0,0,0
GTCCTCAAGCTAACTC-D2_Stim,0,0,0,0,0,0,0,0
GTCCTCAAGGAGTTGC-D2_Stim,0,0,0,0,0,0,0,0
GTCCTCACACCATGTA-D2_Stim,0,0,0,0,0,0,0,0
GTCCTCAGTATGAAAC-D2_Stim,0,0,0,0,0,0,0,0
GTCCTCATCATCGGAT-D2_Stim,0,0,0,0,0,0,0,0
GTCCTCATCGTTACGA-D2_Stim,0,0,0,0,0,0,0,0
GTCGGGTAGATGGCGT-D2_Stim,0,0,0,0,0,0,0,0
GTCGGGTCACTTCTGC-D2_Stim,0,0,0,0,0,0,0,0
GTCGGGTGTGTGACGA-D2_Stim,0,0,0,0,0,0,0,0
GTCGTAAAGATCACGG-D2_Stim,0,0,0,0,0,0,0,0
GTCGTAAAGGTTCCTA-D2_Stim,0,0,0,0,0,0,0,0
GTCTCGTGTGTAACGG-D2_Stim,0,0,0,0,0,0,0,0
GTCTTCGAGCTAACAA-D2_Stim,0,0,0,0,0,0,0,0
GTGAAGGAGACCCACC-D2_Stim,0,0,0,0,0,0,0,0
GTGAAGGAGCGCTCCA-D2_Stim,0,0,0,0,0,0,0,0
GTGAAGGAGCTTATCG-D2_Stim,0,0,0,0,0,0,0,0
GTGAAGGAGGATGCGT-D2_Stim,0,0,0,0,0,0,0,0
GTGAAGGCACGTCAGC-D2_Stim,0,0,0,0,0,0,0,0
GTGAAGGCATATGAGA-D2_Stim,0,0,0,0,0,0,0,0
GTGAAGGGTTCATGGT-D2_Stim,0,0,0,0,0,0,0,0
GTGCAGCTCCTCCTAG-D2_Stim,0,0,0,0,0,0,0,0
GTGCAGCTCTTACCTA-D2_Stim,0,0,0,0,0,0,0,0
GTGCATAAGGTTACCT-D2_Stim,0,0,0,0,0,0,0,0
GTGCATATCAAACCAC-D2_Stim,0,0,0,0,0,0,0,0
GTGCGGTTCCCATTAT-D2_Stim,0,0,0,0,0,0,0,0
GTGCGGTTCTCGGACG-D2_Stim,0,0,0,0,0,0,0,0
GTGCTTCAGGAGTCTG-D2_Stim,0,0,0,0,0,0,0,0
GTGCTTCCACCCAGTG-D2_Stim,0,0,0,0,0,0,0,0
GTGCTTCGTCCTCCAT-D2_Stim,0,0,0,0,0,0,0,0
GTGCTTCTCCAACCAA-D2_Stim,0,0,0,0,0,0,0,0
GTGCTTCTCGGAAACG-D2_Stim,0,0,0,0,0,0,0,0
GTGGGTCAGATGCCTT-D2_Stim,0,0,0,0,0,0,0,0
GTGGGTCCAACACGCC-D2_Stim,0,0,0,0,0,0,0,0
GTGGGTCCAAGCCATT-D2_Stim,0,0,0,0,0,0,0,0
GTGTGCGCACGAGGTA-D2_Stim,0,0,0,0,0,0,0,0
GTGTGCGTCTCTGCTG-D2_Stim,0,0,0,0,0,0,0,0
GTGTTAGAGATAGGAG-D2_Stim,0,0,0,0,0,0,0,0
GTGTTAGCAAGCTGGA-D2_Stim,0,0,0,0,0,0,0,0
GTGTTAGCAATAGAGT-D2_Stim,0,0,0,0,0,0,0,0
GTGTTAGCAGAAGCAC-D2_Stim,0,0,0,0,0,0,0,0
GTGTTAGTCGAATCCA-D2_Stim,0,0,0,0,0,0,0,0
GTTAAGCGTGCTGTAT-D2_Stim,0,0,0,0,0,0,0,0
GTTAAGCTCTTCGAGA-D2_Stim,0,0,0,0,0,0,0,0
GTTACAGCATAGACTC-D2_Stim,0,0,0,0,0,0,0,0
GTTACAGCATTCTCAT-D2_Stim,0,0,0,0,0,0,0,0
GTTACAGGTCTAGGTT-D2_Stim,0,0,0,0,0,0,0,0
GTTACAGTCTATCGCC-D2_Stim,0,0,0,0,0,0,0,0
GTTCATTGTATTCTCT-D2_Stim,0,0,0,0,0,0,0,0
GTTCATTTCCGCGGTA-D2_Stim,0,0,0,0,0,0,0,0
GTTCATTTCGAGAGCA-D2_Stim,0,0,0,0,0,0,0,0
GTTCATTTCGTTTATC-D2_Stim,0,0,0,0,0,0,0,0
GTTCGGGAGAGGACGG-D2_Stim,0,0,0,0,0,0,0,0
GTTCGGGGTCTCCCTA-D2_Stim,0,0,0,0,0,0,0,0
GTTCGGGTCTGTCTCG-D2_Stim,0,0,0,0,0,0,0,0
GTTCTCGAGAATAGGG-D2_Stim,0,0,0,0,0,0,0,0
GTTCTCGAGACTAGGC-D2_Stim,0,0,0,0,0,0,0,0
GTTCTCGAGTGTCTCA-D2_Stim,0,0,0,0,0,0,0,0
GTTCTCGGTAACGCGA-D2_Stim,0,0,0,0,0,0,0,0
GTTCTCGGTAGGAGTC-D2_Stim,0,0,0,0,0,0,0,0
GTTCTCGTCACCCGAG-D2_Stim,0,0,0,0,0,0,0,0
GTTTCTAAGCTTTGGT-D2_Stim,0,0,0,0,0,0,0,0
TAAACCGCAGTTTACG-D2_Stim,0,0,0,0,0,0,0,0
TAAACCGCATCACCCT-D2_Stim,0,0,0,0,0,0,0,0
TAAACCGGTCCGACGT-D2_Stim,0,0,0,0,0,0,0,0
TAAGAGAAGTGGGTTG-D2_Stim,0,0,0,0,0,0,0,0
TAAGAGACAACTGCTA-D2_Stim,0,0,0,0,0,0,0,0
TAAGAGACAGCTCCGA-D2_Stim,0,0,0,0,0,0,0,0
TAAGAGAGTAGAGGAA-D2_Stim,0,0,0,0,0,0,0,0
TAAGAGATCTGGGCCA-D2_Stim,0,0,0,0,0,0,0,0
TAAGAGATCTTGTATC-D2_Stim,0,0,0,0,0,0,0,0
TAAGCGTAGAGCAATT-D2_Stim,0,0,0,0,0,0,0,0
TAAGCGTAGTGCCATT-D2_Stim,0,0,0,0,0,0,0,0
TAAGCGTCACAGACAG-D2_Stim,0,0,0,0,0,0,0,0
TAAGCGTCATAACCTG-D2_Stim,0,0,0,0,0,0,0,0
TAAGCGTTCACGCGGT-D2_Stim,0,0,0,0,0,0,0,0
TAAGTGCAGGTGTGGT-D2_Stim,0,0,0,0,0,0,0,0
TAAGTGCCATGGTCTA-D2_Stim,0,0,0,0,0,0,0,0
TACACGAAGAAGGACA-D2_Stim,0,0,0,0,0,0,0,0
TACACGAAGCGAGAAA-D2_Stim,0,0,0,0,0,0,0,0
TACACGAGTATGGTTC-D2_Stim,0,0,0,0,0,0,0,0
TACACGAGTGTTTGTG-D2_Stim,0,0,0,0,0,0,0,0
TACACGATCAAACCAC-D2_Stim,0,0,0,0,0,0,0,0
TACACGATCACAATGC-D2_Stim,0,0,0,0,0,0,0,0
TACACGATCACCAGGC-D2_Stim,0,0,0,0,0,0,0,0
TACACGATCACGCATA-D2_Stim,0,0,0,0,0,0,0,0
TACAGTGAGATCTGCT-D2_Stim,0,0,0,0,0,0,0,0
TACAGTGGTCGAGATG-D2_Stim,0,0,0,0,0,0,0,0
TACAGTGGTGTGCGTC-D2_Stim,0,0,0,0,0,0,0,0
TACCTATGTCCGCTGA-D2_Stim,0,0,0,0,0,0,0,0
TACCTATGTTAAGACA-D2_Stim,0,0,0,0,0,0,0,0
TACCTTAAGAAGGGTA-D2_Stim,0,0,0,0,0,0,0,0
TACGGATAGTACGCGA-D2_Stim,0,0,0,0,0,0,0,0
TACGGATCATGAAGTA-D2_Stim,0,0,0,0,0,0,0,0
TACGGATTCAGGTTCA-D2_Stim,0,0,0,0,0,0,0,0
TACGGATTCGAATGCT-D2_Stim,0,0,0,0,0,0,0,0
TACGGGCAGAACAACT-D2_Stim,0,0,0,0,0,0,0,0
TACGGGCAGACCTTTG-D2_Stim,0,0,0,0,0,0,0,0
TACGGGCAGAGCCCAA-D2_Stim,0,0,0,0,0,0,0,0
TACGGGCAGCTCTCGG-D2_Stim,0,0,0,0,0,0,0,0
TACGGGCTCATAAAGG-D2_Stim,0,0,0,0,0,0,0,0
TACGGTACACATGTGT-D2_Stim,0,0,0,0,0,0,0,0
TACGGTACATTATCTC-D2_Stim,0,0,0,0,0,0,0,0
TACGGTATCTCGATGA-D2_Stim,0,0,0,0,0,0,0,0
TACTCATCATGTCTCC-D2_Stim,0,0,0,0,0,0,0,0
TACTCATGTGAACCTT-D2_Stim,0,0,0,0,0,0,0,0
TACTCATTCCAAACTG-D2_Stim,0,0,0,0,0,0,0,0
TACTCGCCAGCCTATA-D2_Stim,0,0,0,0,0,0,0,0
TACTCGCCAGTGACAG-D2_Stim,0,0,0,0,0,0,0,0
TACTCGCCATAAAGGT-D2_Stim,0,0,0,0,0,0,0,0
TACTCGCGTCGGCACT-D2_Stim,0,0,0,0,0,0,0,0
TACTCGCGTGACGGTA-D2_Stim,0,0,0,0,0,0,0,0
TACTTACAGTATTGGA-D2_Stim,0,0,0,0,0,0,0,0
TACTTACGTAGCCTCG-D2_Stim,0,0,0,0,0,0,0,0
TACTTACTCGAACGGA-D2_Stim,0,0,0,0,0,0,0,0
TACTTGTAGCATGGCA-D2_Stim,0,0,0,0,0,0,0,0
TACTTGTAGGTGATTA-D2_Stim,0,0,0,0,0,0,0,0
TACTTGTCATAAGACA-D2_Stim,0,0,0,0,0,0,0,0
TACTTGTGTCCTCTTG-D2_Stim,0,0,0,0,0,0,0,0
TACTTGTTCATCACCC-D2_Stim,0,0,0,0,0,0,0,0
TAGACCACATATACGC-D2_Stim,0,0,0,0,0,0,0,0
TAGACCAGTGGACGAT-D2_Stim,0,0,0,0,0,0,0,0
TAGAGCTAGAGATGAG-D2_Stim,0,0,0,0,0,0,0,0
TAGAGCTCAGACGTAG-D2_Stim,0,0,0,0,0,0,0,0
TAGAGCTCAGCCAGAA-D2_Stim,0,0,0,0,0,0,0,0
TAGAGCTTCCCGGATG-D2_Stim,0,0,0,0,0,0,0,0
TAGCCGGAGATCCCAT-D2_Stim,0,0,0,0,0,0,0,0
TAGCCGGTCGCTAGCG-D2_Stim,0,0,0,0,0,0,0,0
TAGGCATGTGTGCCTG-D2_Stim,0,0,0,0,0,0,0,0
TAGGCATTCAGGCAAG-D2_Stim,0,0,0,0,0,0,0,0
TAGGCATTCGGCGCAT-D2_Stim,0,0,0,0,0,0,0,0
TAGTGGTGTCCGAATT-D2_Stim,0,0,0,0,0,0,0,0
TAGTGGTGTCGTCTTC-D2_Stim,0,0,0,0,0,0,0,0
TAGTTGGCAGGCTCAC-D2_Stim,0,0,0,0,0,0,0,0
TAGTTGGTCGGCTACG-D2_Stim,0,0,0,0,0,0,0,0
TATCAGGCATCACCCT-D2_Stim,0,0,0,0,0,0,0,0
TATCTCACACTTCTGC-D2_Stim,0,0,0,0,0,0,0,0
TATCTCAGTCTAGCGC-D2_Stim,0,0,0,0,0,0,0,0
TATGCCCAGATATACG-D2_Stim,0,0,0,0,0,0,0,0
TATGCCCCAGGCGATA-D2_Stim,0,0,0,0,0,0,0,0
TATGCCCGTCGCGAAA-D2_Stim,0,0,0,0,0,0,0,0
TATGCCCGTGCTCTTC-D2_Stim,0,0,0,0,0,0,0,0
TATTACCGTACGCACC-D2_Stim,0,0,0,0,0,0,0,0
TATTACCGTCCGAATT-D2_Stim,0,0,0,0,0,0,0,0
TATTACCGTGTTGGGA-D2_Stim,0,0,0,0,0,0,0,0
TATTACCGTTGGTGGA-D2_Stim,0,0,0,0,0,0,0,0
TATTACCGTTTGCATG-D2_Stim,0,0,0,0,0,0,0,0
TATTACCTCAGGCAAG-D2_Stim,0,0,0,0,0,0,0,0
TCAACGAAGAAACCAT-D2_Stim,0,0,0,0,0,0,0,0
TCAACGAAGCGTGAAC-D2_Stim,0,0,0,0,0,0,0,0
TCAACGAAGGTGCTAG-D2_Stim,0,0,0,0,0,0,0,0
TCACAAGAGGGCTTGA-D2_Stim,0,0,0,0,0,0,0,0
TCACAAGCAGAGCCAA-D2_Stim,0,0,0,0,0,0,0,0
TCACAAGCAGATCTGT-D2_Stim,0,0,0,0,0,0,0,0
TCACAAGCATTTGCCC-D2_Stim,0,0,0,0,0,0,0,0
TCACGAAAGTAGTGCG-D2_Stim,0,0,0,0,0,0,0,0
TCACGAACACCAACCG-D2_Stim,0,0,0,0,0,0,0,0
TCACGAATCGCTTGTC-D2_Stim,0,0,0,0,0,0,0,0
TCAGATGCAAAGCGGT-D2_Stim,0,0,0,0,0,0,0,0
TCAGCAACAAGCGAGT-D2_Stim,0,0,0,0,0,0,0,0
TCAGCAACAAGGACTG-D2_Stim,0,0,0,0,0,0,0,0
TCAGCAACAGGTCCAC-D2_Stim,0,0,0,0,0,0,0,0
TCAGCAAGTTAAAGAC-D2_Stim,0,0,0,0,0,0,0,0
TCAGCAATCTCCAGGG-D2_Stim,0,0,0,0,0,0,0,0
TCAGCTCCACGAGAGT-D2_Stim,0,0,0,0,0,0,0,0
TCAGCTCGTCACTTCC-D2_Stim,0,0,0,0,0,0,0,0
TCAGCTCGTTCCCTTG-D2_Stim,0,0,0,0,0,0,0,0
TCAGCTCTCGCCTGAG-D2_Stim,0,0,0,0,0,0,0,0
TCAGGATAGCCCGAAA-D2_Stim,0,0,0,0,0,0,0,0
TCAGGATGTTGGAGGT-D2_Stim,0,0,0,0,0,0,0,0
TCAGGATTCTGCGACG-D2_Stim,0,0,0,0,0,0,0,0
TCAGGTAAGGACAGAA-D2_Stim,0,0,0,0,0,0,0,0
TCAGGTAAGTGGTAAT-D2_Stim,0,0,0,0,0,0,0,0
TCATTACTCTGGAGCC-D2_Stim,0,0,0,0,0,0,0,0
TCCACACCATAGAAAC-D2_Stim,0,0,0,0,0,0,0,0
TCCACACGTACTTAGC-D2_Stim,0,0,0,0,0,0,0,0
TCCACACTCGTTACGA-D2_Stim,0,0,0,0,0,0,0,0
TCCCGATCAACTGCTA-D2_Stim,0,0,0,0,0,0,0,0
TCCCGATGTGCGCTTG-D2_Stim,0,0,0,0,0,0,0,0
TCGAGGCGTCCCTTGT-D2_Stim,0,0,0,0,0,0,0,0
TCGAGGCGTGTTGGGA-D2_Stim,0,0,0,0,0,0,0,0
TCGAGGCTCAGTCAGT-D2_Stim,0,0,0,0,0,0,0,0
TCGAGGCTCGCACTCT-D2_Stim,0,0,0,0,0,0,0,0
TCGCGAGCAAGTAATG-D2_Stim,0,0,0,0,0,0,0,0
TCGCGAGGTTGATTGC-D2_Stim,0,0,0,0,0,0,0,0
TCGCGAGTCCCACTTG-D2_Stim,0,0,0,0,0,0,0,0
TCGCGTTAGACATAAC-D2_Stim,0,0,0,0,0,0,0,0
TCGCGTTCAATTGCTG-D2_Stim,0,0,0,0,0,0,0,0
TCGCGTTTCATCGCTC-D2_Stim,0,0,0,0,0,0,0,0
TCGGGACAGTGTCCCG-D2_Stim,0,0,0,0,0,0,0,0
TCGGGACAGTTGTCGT-D2_Stim,0,0,0,0,0,0,0,0
TCGGGACTCGTGGGAA-D2_Stim,0,0,0,0,0,0,0,0
TCGGTAAGTACATGTC-D2_Stim,0,0,0,0,0,0,0,0
TCGTACCAGCTGCAAG-D2_Stim,0,0,0,0,0,0,0,0
TCGTACCCACAAGACG-D2_Stim,0,0,0,0,0,0,0,0
TCGTACCCAGGAATGC-D2_Stim,0,0,0,0,0,0,0,0
TCGTAGAAGACAGACC-D2_Stim,0,0,0,0,0,0,0,0
TCGTAGAAGAGCAATT-D2_Stim,0,0,0,0,0,0,0,0
TCTATTGAGCCTATGT-D2_Stim,0,0,0,0,0,0,0,0
TCTATTGAGGGAACGG-D2_Stim,0,0,0,0,0,0,0,0
TCTATTGCAAGTACCT-D2_Stim,0,0,0,0,0,0,0,0
TCTATTGGTGGTTTCA-D2_Stim,0,0,0,0,0,0,0,0
TCTCATACAATGAAAC-D2_Stim,0,0,0,0,0,0,0,0
TCTCATACATCCCACT-D2_Stim,0,0,0,0,0,0,0,0
TCTCATAGTACTTCTT-D2_Stim,0,0,0,0,0,0,0,0
TCTCTAAAGGGTCTCC-D2_Stim,0,0,0,0,0,0,0,0
TCTCTAATCACTATTC-D2_Stim,0,0,0,0,0,0,0,0
TCTCTAATCGTGGGAA-D2_Stim,0,0,0,0,0,0,0,0
TCTCTAATCTGGCGAC-D2_Stim,0,0,0,0,0,0,0,0
TCTGAGACAGGGAGAG-D2_Stim,0,0,0,0,0,0,0,0
TCTGAGACAGTCAGAG-D2_Stim,0,0,0,0,0,0,0,0
TCTGAGAGTTACAGAA-D2_Stim,0,0,0,0,0,0,0,0
TCTGAGAGTTGAGGTG-D2_Stim,0,0,0,0,0,0,0,0
TCTGAGATCGATAGAA-D2_Stim,0,0,0,0,0,0,0,0
TCTGGAACAATCCAAC-D2_Stim,0,0,0,0,0,0,0,0
TCTGGAATCTTGCCGT-D2_Stim,0,0,0,0,0,0,0,0
TCTTCGGCACCCATGG-D2_Stim,0,0,0,0,0,0,0,0
TCTTCGGCAGCCACCA-D2_Stim,0,0,0,0,0,0,0,0
TCTTCGGTCTCCCTGA-D2_Stim,0,0,0,0,0,0,0,0
TCTTTCCAGCTAAGAT-D2_Stim,0,0,0,0,0,0,0,0
TCTTTCCAGGCAGTCA-D2_Stim,0,0,0,0,0,0,0,0
TGAAAGAGTCAGAAGC-D2_Stim,0,0,0,0,0,0,0,0
TGACAACAGCGGCTTC-D2_Stim,0,0,0,0,0,0,0,0
TGACAACCATATACCG-D2_Stim,0,0,0,0,0,0,0,0
TGACAACCATCACCCT-D2_Stim,0,0,0,0,0,0,0,0
TGACAACGTCTTCTCG-D2_Stim,0,0,0,0,0,0,0,0
TGACAACTCACAAACC-D2_Stim,0,0,0,0,0,0,0,0
TGACGGCAGCTCCCAG-D2_Stim,0,0,0,0,0,0,0,0
TGACGGCCAGCTGGCT-D2_Stim,0,0,0,0,0,0,0,0
TGACGGCTCACTGGGC-D2_Stim,0,0,0,0,0,0,0,0
TGACGGCTCACTTCAT-D2_Stim,0,0,0,0,0,0,0,0
TGACGGCTCGGCTTGG-D2_Stim,0,0,0,0,0,0,0,0
TGACGGCTCTCCGGTT-D2_Stim,0,0,0,0,0,0,0,0
TGACTAGTCACCCTCA-D2_Stim,0,0,0,0,0,0,0,0
TGACTTTAGGCTATCT-D2_Stim,0,0,0,0,0,0,0,0
TGACTTTAGTGGTCCC-D2_Stim,0,0,0,0,0,0,0,0
TGACTTTGTCACAAGG-D2_Stim,0,0,0,0,0,0,0,0
TGACTTTGTCTCACCT-D2_Stim,0,0,0,0,0,0,0,0
TGAGCATTCTGGTTCC-D2_Stim,0,0,0,0,0,0,0,0
TGAGCCGCACCGGAAA-D2_Stim,0,0,0,0,0,0,0,0
TGAGGGAAGTACGTTC-D2_Stim,0,0,0,0,0,0,0,0
TGAGGGACAGGTGCCT-D2_Stim,0,0,0,0,0,0,0,0
TGATTTCAGAAAGTGG-D2_Stim,0,0,0,0,0,0,0,0
TGATTTCAGGCGTACA-D2_Stim,0,0,0,0,0,0,0,0
TGCACCTAGGGCATGT-D2_Stim,0,0,0,0,0,0,0,0
TGCACCTCACTAAGTC-D2_Stim,0,0,0,0,0,0,0,0
TGCACCTCATCCTAGA-D2_Stim,0,0,0,0,0,0,0,0
TGCCAAACAAGAGTCG-D2_Stim,0,0,0,0,0,0,0,0
TGCCAAACATTCCTGC-D2_Stim,0,0,0,0,0,0,0,0
TGCCAAATCACTATTC-D2_Stim,0,0,0,0,0,0,0,0
TGCCAAATCAGTACGT-D2_Stim,0,0,0,0,0,0,0,0
TGCCCATAGGTGCAAC-D2_Stim,0,0,0,0,0,0,0,0
TGCCCATGTCTGCGGT-D2_Stim,0,0,0,0,0,0,0,0
TGCCCATGTTACAGAA-D2_Stim,0,0,0,0,0,0,0,0
TGCCCATGTTCAGTAC-D2_Stim,0,0,0,0,0,0,0,0
TGCCCATTCTCCAGGG-D2_Stim,0,0,0,0,0,0,0,0
TGCCCTAAGTCAAGGC-D2_Stim,0,0,0,0,0,0,0,0
TGCCCTACAACAACCT-D2_Stim,0,0,0,0,0,0,0,0
TGCCCTAGTGTGACGA-D2_Stim,0,0,0,0,0,0,0,0
TGCCCTATCAAGATCC-D2_Stim,0,0,0,0,0,0,0,0
TGCGCAGAGCGAGAAA-D2_Stim,0,0,0,0,0,0,0,0
TGCGCAGCAATAGCGG-D2_Stim,0,0,0,0,0,0,0,0
TGCGCAGCACTGCCAG-D2_Stim,0,0,0,0,0,0,0,0
TGCGCAGCAGGGTATG-D2_Stim,0,0,0,0,0,0,0,0
TGCGCAGTCTATCCTA-D2_Stim,0,0,0,0,0,0,0,0
TGCGGGTCACTTAACG-D2_Stim,0,0,0,0,0,0,0,0
TGCGGGTGTCACTGGC-D2_Stim,0,0,0,0,0,0,0,0
TGCGGGTTCAACGCTA-D2_Stim,0,0,0,0,0,0,0,0
TGCGGGTTCCGCATAA-D2_Stim,0,0,0,0,0,0,0,0
TGCGGGTTCGCTTAGA-D2_Stim,0,0,0,0,0,0,0,0
TGCGTGGAGGTGATTA-D2_Stim,0,0,0,0,0,0,0,0
TGCTACCAGAGGTAGA-D2_Stim,0,0,0,0,0,0,0,0
TGCTACCAGGTTCCTA-D2_Stim,0,0,0,0,0,0,0,0
TGCTACCCAGCTGCTG-D2_Stim,0,0,0,0,0,0,0,0
TGCTACCGTAAACACA-D2_Stim,0,0,0,0,0,0,0,0
TGCTACCGTCCGTCAG-D2_Stim,0,0,0,0,0,0,0,0
TGCTGCTAGATCGATA-D2_Stim,0,0,0,0,0,0,0,0
TGCTGCTCAGACGCCT-D2_Stim,0,0,0,0,0,0,0,0
TGGACGCAGAGTTGGC-D2_Stim,0,0,0,0,0,0,0,0
TGGACGCAGGCTCTTA-D2_Stim,0,0,0,0,0,0,0,0
TGGACGCCATATGAGA-D2_Stim,0,0,0,0,0,0,0,0
TGGACGCGTACCGAGA-D2_Stim,0,0,0,0,0,0,0,0
TGGACGCGTATGAAAC-D2_Stim,0,0,0,0,0,0,0,0
TGGACGCTCCATGCTC-D2_Stim,0,0,0,0,0,0,0,0
TGGACGCTCCGAATGT-D2_Stim,0,0,0,0,0,0,0,0
TGGACGCTCCTTTCTC-D2_Stim,0,0,0,0,0,0,0,0
TGGCCAGCAGTCACTA-D2_Stim,0,0,0,0,0,0,0,0
TGGCCAGGTTGCTCCT-D2_Stim,0,0,0,0,0,0,0,0
TGGCGCAAGATGCCAG-D2_Stim,0,0,0,0,0,0,0,0
TGGCGCAGTGCGAAAC-D2_Stim,0,0,0,0,0,0,0,0
TGGCGCATCAGCAACT-D2_Stim,0,0,0,0,0,0,0,0
TGGCTGGCACGTTGGC-D2_Stim,0,0,0,0,0,0,0,0
TGGCTGGCATGACATC-D2_Stim,0,0,0,0,0,0,0,0
TGGCTGGGTCCAGTTA-D2_Stim,0,0,0,0,0,0,0,0
TGGCTGGTCTCGTATT-D2_Stim,0,0,0,0,0,0,0,0
TGGGAAGAGATGTGGC-D2_Stim,0,0,0,0,0,0,0,0
TGGGAAGAGCCAGAAC-D2_Stim,0,0,0,0,0,0,0,0
TGGGAAGGTCCGTGAC-D2_Stim,0,0,0,0,0,0,0,0
TGGGAAGTCTCGTTTA-D2_Stim,0,0,0,0,0,0,0,0
TGGGCGTCAAAGCGGT-D2_Stim,0,0,0,0,0,0,0,0
TGGGCGTCACAGCCCA-D2_Stim,0,0,0,0,0,0,0,0
TGGGCGTGTTGAGGTG-D2_Stim,0,0,0,0,0,0,0,0
TGGGCGTGTTTCGCTC-D2_Stim,0,0,0,0,0,0,0,0
TGGTTAGCAAAGAATC-D2_Stim,0,0,0,0,0,0,0,0
TGGTTAGGTCATATCG-D2_Stim,0,0,0,0,0,0,0,0
TGGTTCCAGCGTGAGT-D2_Stim,0,0,0,0,0,0,0,0
TGGTTCCCAAGCCCAC-D2_Stim,0,0,0,0,0,0,0,0
TGGTTCCGTAACGACG-D2_Stim,0,0,0,0,0,0,0,0
TGGTTCCGTGCTCTTC-D2_Stim,0,0,0,0,0,0,0,0
TGTATTCCAAGCTGTT-D2_Stim,0,0,0,0,0,0,0,0
TGTATTCGTTGTGGAG-D2_Stim,0,0,0,0,0,0,0,0
TGTATTCTCGTTTGCC-D2_Stim,0,0,0,0,0,0,0,0
TGTCCCAAGGAGTTTA-D2_Stim,0,0,0,0,0,0,0,0
TGTGGTAAGATCCGAG-D2_Stim,0,0,0,0,0,0,0,0
TGTGGTACACGTTGGC-D2_Stim,0,0,0,0,0,0,0,0
TGTGTTTAGCATGGCA-D2_Stim,0,0,0,0,0,0,0,0
TGTGTTTTCAGTACGT-D2_Stim,0,0,0,0,0,0,0,0
TGTTCCGGTTGTGGCC-D2_Stim,0,0,0,0,0,0,0,0
TGTTCCGTCATGTAGC-D2_Stim,0,0,0,0,0,0,0,0
TTAACTCCAATGAAAC-D2_Stim,0,0,0,0,0,0,0,0
TTAACTCCAGGGATTG-D2_Stim,0,0,0,0,0,0,0,0
TTAACTCTCCGCTGTT-D2_Stim,0,0,0,0,0,0,0,0
TTAACTCTCCGTTGCT-D2_Stim,0,0,0,0,0,0,0,0
TTAGGACAGCGATCCC-D2_Stim,0,0,0,0,0,0,0,0
TTAGGACCACGTAAGG-D2_Stim,0,0,0,0,0,0,0,0
TTAGGACCATTCCTGC-D2_Stim,0,0,0,0,0,0,0,0
TTAGGCATCATTGCCC-D2_Stim,0,0,0,0,0,0,0,0
TTAGTTCGTGTTGGGA-D2_Stim,0,0,0,0,0,0,0,0
TTAGTTCTCCGTTGTC-D2_Stim,0,0,0,0,0,0,0,0
TTAGTTCTCGCAGGCT-D2_Stim,0,0,0,0,0,0,0,0
TTATGCTGTGTGGTTT-D2_Stim,0,0,0,0,0,0,0,0
TTATGCTTCACTCCTG-D2_Stim,0,0,0,0,0,0,0,0
TTCCCAGAGTCCGGTC-D2_Stim,0,0,0,0,0,0,0,0
TTCCCAGTCACTTATC-D2_Stim,0,0,0,0,0,0,0,0
TTCGAAGAGAGAACAG-D2_Stim,0,0,0,0,0,0,0,0
TTCGAAGAGGTGTTAA-D2_Stim,0,0,0,0,0,0,0,0
TTCGAAGTCGGTTAAC-D2_Stim,0,0,0,0,0,0,0,0
TTCGAAGTCTGCGTAA-D2_Stim,0,0,0,0,0,0,0,0
TTCGGTCAGGTGCAAC-D2_Stim,0,0,0,0,0,0,0,0
TTCGGTCAGTGTGGCA-D2_Stim,0,0,0,0,0,0,0,0
TTCGGTCCAGGAATCG-D2_Stim,0,0,0,0,0,0,0,0
TTCTACAAGCTAAGAT-D2_Stim,0,0,0,0,0,0,0,0
TTCTACACAGGTCCAC-D2_Stim,0,0,0,0,0,0,0,0
TTCTACAGTGCTTCTC-D2_Stim,0,0,0,0,0,0,0,0
TTCTACATCACCATAG-D2_Stim,0,0,0,0,0,0,0,0
TTCTCAAAGTCGAGTG-D2_Stim,0,0,0,0,0,0,0,0
TTCTCAACAGTAGAGC-D2_Stim,0,0,0,0,0,0,0,0
TTCTCCTAGATAGTCA-D2_Stim,0,0,0,0,0,0,0,0
TTCTCCTCACGTCAGC-D2_Stim,0,0,0,0,0,0,0,0
TTCTCCTGTATATCCG-D2_Stim,0,0,0,0,0,0,0,0
TTCTTAGAGCGATAGC-D2_Stim,0,0,0,0,0,0,0,0
TTCTTAGCAGTGGGAT-D2_Stim,0,0,0,0,0,0,0,0
TTCTTAGCATACTACG-D2_Stim,0,0,0,0,0,0,0,0
TTCTTAGCATCTGGTA-D2_Stim,0,0,0,0,0,0,0,0
TTCTTAGGTATGGTTC-D2_Stim,0,0,0,0,0,0,0,0
TTCTTAGGTCCGACGT-D2_Stim,0,0,0,0,0,0,0,0
TTCTTAGGTTCTGGTA-D2_Stim,0,0,0,0,0,0,0,0
TTCTTAGGTTGGAGGT-D2_Stim,0,0,0,0,0,0,0,0
TTCTTAGTCTGGCGTG-D2_Stim,0,0,0,0,0,0,0,0
TTGAACGAGCATCATC-D2_Stim,0,0,0,0,0,0,0,0
TTGAACGCAAGCTGAG-D2_Stim,0,0,0,0,0,0,0,0
TTGAACGCATGTAGTC-D2_Stim,0,0,0,0,0,0,0,0
TTGAACGGTAGCTGCC-D2_Stim,0,0,0,0,0,0,0,0
TTGAACGTCGGTCCGA-D2_Stim,0,0,0,0,0,0,0,0
TTGACTTAGCTAAACA-D2_Stim,0,0,0,0,0,0,0,0
TTGACTTGTATATGAG-D2_Stim,0,0,0,0,0,0,0,0
TTGACTTTCCAGTATG-D2_Stim,0,0,0,0,0,0,0,0
TTGCCGTTCCTTTCGG-D2_Stim,0,0,0,0,0,0,0,0
TTGCCGTTCTGGCGTG-D2_Stim,0,0,0,0,0,0,0,0
TTGCGTCCAAACCTAC-D2_Stim,0,0,0,0,0,0,0,0
TTGCGTCCACGAAATA-D2_Stim,0,0,0,0,0,0,0,0
TTGGAACAGTTAACGA-D2_Stim,0,0,0,0,0,0,0,0
TTGGAACGTCTGCCAG-D2_Stim,0,0,0,0,0,0,0,0
TTGGCAAAGAGCAATT-D2_Stim,0,0,0,0,0,0,0,0
TTGGCAAAGCCACTAT-D2_Stim,0,0,0,0,0,0,0,0
TTGGCAAAGGACATTA-D2_Stim,0,0,0,0,0,0,0,0
TTGGCAAGTAGCGTGA-D2_Stim,0,0,0,0,0,0,0,0
TTGGCAATCAATACCG-D2_Stim,0,0,0,0,0,0,0,0
TTGTAGGCAGCATACT-D2_Stim,0,0,0,0,0,0,0,0
TTTACTGCATGCCCGA-D2_Stim,0,0,0,0,0,0,0,0
TTTACTGGTCATCGGC-D2_Stim,0,0,0,0,0,0,0,0
TTTACTGGTGACAAAT-D2_Stim,0,0,0,0,0,0,0,0
TTTATGCAGCGTAGTG-D2_Stim,0,0,0,0,0,0,0,0
TTTATGCAGTTAGCGG-D2_Stim,0,0,0,0,0,0,0,0
TTTATGCCACTCAGGC-D2_Stim,0,0,0,0,0,0,0,0
TTTATGCGTACCGCTG-D2_Stim,0,0,0,0,0,0,0,0
TTTATGCGTCGCCATG-D2_Stim,0,0,0,0,0,0,0,0
TTTCCTCCAAGGACTG-D2_Stim,0,0,0,0,0,0,0,0
TTTGCGCAGAAACGCC-D2_Stim,0,0,0,0,0,0,0,0
TTTGCGCAGGTGATAT-D2_Stim,0,0,0,0,0,0,0,0
TTTGCGCAGTGGGATC-D2_Stim,0,0,0,0,0,0,0,0
TTTGCGCAGTGTCCAT-D2_Stim,0,0,0,0,0,0,0,0
TTTGGTTAGACAAGCC-D2_Stim,0,0,0,0,0,0,0,0
TTTGGTTAGATAGCAT-D2_Stim,0,0,0,0,0,0,0,0
TTTGGTTAGCCGTCGT-D2_Stim,0,0,0,0,0,0,0,0
TTTGGTTCAATCACAC-D2_Stim,0,0,0,0,0,0,0,0
TTTGGTTCAGTTAACC-D2_Stim,0,0,0,0,0,0,0,0
TTTGTCAAGAGGGCTT-D2_Stim,0,0,0,0,0,0,0,0
TTTGTCAAGTTCGATC-D2_Stim,0,0,0,0,0,0,0,0
TTTGTCACACGACTCG-D2_Stim,0,0,0,0,0,0,0,0
AAACCTGAGGACATTA-D2_NoStim,0,0,0,0,0,0,0,0
AAACCTGAGTACGTAA-D2_NoStim,0,0,0,0,0,0,0,0
AAACGGGCAGGGTTAG-D2_NoStim,0,0,0,0,0,0,0,0
AAACGGGGTGCGATAG-D2_NoStim,0,0,0,0,0,0,0,0
AAACGGGTCTATCCTA-D2_NoStim,0,0,0,0,0,0,0,0
AAAGATGCACGCCAGT-D2_NoStim,0,0,0,0,0,0,0,0
AAAGATGGTGCTAGCC-D2_NoStim,0,0,0,0,0,0,0,0
AAAGCAACAGCCAGAA-D2_NoStim,0,0,0,0,0,0,0,0
AAAGCAAGTGATGATA-D2_NoStim,0,0,0,0,0,0,0,0
AAAGTAGCAAGTCTGT-D2_NoStim,0,0,0,0,0,0,0,0
AAAGTAGGTAAAGTCA-D2_NoStim,0,0,0,0,0,0,0,0
AAAGTAGGTATCTGCA-D2_NoStim,0,0,0,0,0,0,0,0
AAAGTAGGTCCTCCAT-D2_NoStim,0,0,0,0,0,0,0,0
AAATGCCAGGATGTAT-D2_NoStim,0,0,0,0,0,0,0,0
AAATGCCCAAACTGCT-D2_NoStim,0,0,0,0,0,0,0,0
AACACGTCAATGGTCT-D2_NoStim,0,0,0,0,0,0,0,0
AACACGTGTTAAGTAG-D2_NoStim,0,0,0,0,0,0,0,0
AACCATGTCTCGTATT-D2_NoStim,0,0,0,0,0,0,0,0
AACCGCGCAAGTACCT-D2_NoStim,0,0,0,0,0,0,0,0
AACGTTGAGGTGCAAC-D2_NoStim,0,0,0,0,0,0,0,0
AACGTTGCACAGCCCA-D2_NoStim,0,0,0,0,0,0,0,0
AACTCAGAGTGAAGTT-D2_NoStim,0,0,0,0,0,0,0,0
AACTCAGGTAGCGATG-D2_NoStim,0,0,0,0,0,0,0,0
AACTCAGTCAGCTCGG-D2_NoStim,0,0,0,0,0,0,0,0
AACTCTTCACCAGATT-D2_NoStim,0,0,0,0,0,0,0,0
AACTCTTCATTATCTC-D2_NoStim,0,0,0,0,0,0,0,0
AACTCTTGTCTTCGTC-D2_NoStim,0,0,0,0,0,0,0,0
AACTGGTAGCACCGCT-D2_NoStim,0,0,0,0,0,0,0,0
AACTGGTTCACTTCAT-D2_NoStim,0,0,0,0,0,0,0,0
AACTTTCCACGAAATA-D2_NoStim,0,0,0,0,0,0,0,0
AACTTTCCATCTGGTA-D2_NoStim,0,0,0,0,0,0,0,0
AACTTTCGTCGACTGC-D2_NoStim,0,0,0,0,0,0,0,0
AACTTTCTCGCGTTTC-D2_NoStim,0,0,0,0,0,0,0,0
AAGGAGCAGTCGAGTG-D2_NoStim,0,0,0,0,0,0,0,0
AAGTCTGAGAGCCTAG-D2_NoStim,0,0,0,0,0,0,0,0
AAGTCTGGTTGTACAC-D2_NoStim,0,0,0,0,0,0,0,0
AATCGGTAGACTCGGA-D2_NoStim,0,0,0,0,0,0,0,0
AATCGGTTCAAGATCC-D2_NoStim,0,0,0,0,0,0,0,0
AATCGGTTCAAGGTAA-D2_NoStim,0,0,0,0,0,0,0,0
ACACCCTCATCCTAGA-D2_NoStim,0,0,0,0,0,0,0,0
ACACCGGCAGGGATTG-D2_NoStim,0,0,0,0,0,0,0,0
ACACCGGTCCGCAAGC-D2_NoStim,0,0,0,0,0,0,0,0
ACAGCCGGTACGACCC-D2_NoStim,0,0,0,0,0,0,0,0
ACAGCCGGTATCTGCA-D2_NoStim,0,0,0,0,0,0,0,0
ACAGCTAAGAAGGTGA-D2_NoStim,0,0,0,0,0,0,0,0
ACATACGCATTGGGCC-D2_NoStim,0,0,0,0,0,0,0,0
ACATCAGAGCTATGCT-D2_NoStim,0,0,0,0,0,0,0,0
ACATCAGCAAGCCGTC-D2_NoStim,0,0,0,0,0,0,0,0
ACATCAGCATTCTTAC-D2_NoStim,0,0,0,0,0,0,0,0
ACATCAGGTAACGTTC-D2_NoStim,0,0,0,0,0,0,0,0
ACATCAGGTGACCAAG-D2_NoStim,0,0,0,0,0,0,0,0
ACATGGTTCAAGAAGT-D2_NoStim,0,0,0,0,0,0,0,0
ACCAGTACATAACCTG-D2_NoStim,0,0,0,0,0,0,0,0
ACCCACTCATGGATGG-D2_NoStim,0,0,0,0,0,0,0,0
ACCGTAACACTGTGTA-D2_NoStim,0,0,0,0,0,0,0,0
ACCGTAATCACGCATA-D2_NoStim,0,0,0,0,0,0,0,0
ACCTTTAGTACAAGTA-D2_NoStim,0,0,0,0,0,0,0,0
ACCTTTATCTTTACGT-D2_NoStim,0,0,0,0,0,0,0,0
ACGAGCCGTACGCACC-D2_NoStim,0,0,0,0,0,0,0,0
ACGAGCCTCAACGCTA-D2_NoStim,0,0,0,0,0,0,0,0
ACGAGGAAGAATCTCC-D2_NoStim,0,0,0,0,0,0,0,0
ACGAGGAGTACAGCAG-D2_NoStim,0,0,0,0,0,0,0,0
ACGAGGAGTATAAACG-D2_NoStim,0,0,0,0,0,0,0,0
ACGAGGATCACTTACT-D2_NoStim,0,0,0,0,0,0,0,0
ACGATACCATCGATTG-D2_NoStim,0,0,0,0,0,0,0,0
ACGATACGTAGCCTAT-D2_NoStim,0,0,0,0,0,0,0,0
ACGATGTAGCGATAGC-D2_NoStim,0,0,0,0,0,0,0,0
ACGATGTTCTCTAGGA-D2_NoStim,0,0,0,0,0,0,0,0
ACGCAGCCAGGCTGAA-D2_NoStim,0,0,0,0,0,0,0,0
ACGCAGCTCGTACGGC-D2_NoStim,0,0,0,0,0,0,0,0
ACGCCAGTCAAGCCTA-D2_NoStim,0,0,0,0,0,0,0,0
ACGCCGAGTCTGCAAT-D2_NoStim,0,0,0,0,0,0,0,0
ACGCCGATCGCAAACT-D2_NoStim,0,0,0,0,0,0,0,0
ACGGAGAGTGATAAGT-D2_NoStim,0,0,0,0,0,0,0,0
ACGGAGATCTACTTAC-D2_NoStim,0,0,0,0,0,0,0,0
ACGGCCACACCACGTG-D2_NoStim,0,0,0,0,0,0,0,0
ACGGGCTCAGTAAGAT-D2_NoStim,0,0,0,0,0,0,0,0
ACGGGCTGTATTACCG-D2_NoStim,0,0,0,0,0,0,0,0
ACGGGTCAGACACTAA-D2_NoStim,0,0,0,0,0,0,0,0
ACGGGTCCAAGTAATG-D2_NoStim,0,0,0,0,0,0,0,0
ACGGGTCTCCCAACGG-D2_NoStim,0,0,0,0,0,0,0,0
ACGTCAACAAGCGAGT-D2_NoStim,0,0,0,0,0,0,0,0
ACGTCAAGTCGCTTCT-D2_NoStim,0,0,0,0,0,0,0,0
ACGTCAATCCGTTGCT-D2_NoStim,0,0,0,0,0,0,0,0
ACGTCAATCGAGAACG-D2_NoStim,0,0,0,0,0,0,0,0
ACTATCTCAAGCCTAT-D2_NoStim,0,0,0,0,0,0,0,0
ACTATCTCAGAGTGTG-D2_NoStim,0,0,0,0,0,0,0,0
ACTGAACCACAGACAG-D2_NoStim,0,0,0,0,0,0,0,0
ACTGAGTAGGGTTTCT-D2_NoStim,0,0,0,0,0,0,0,0
ACTGAGTCAAGAGGCT-D2_NoStim,0,0,0,0,0,0,0,0
ACTGAGTCAAGTTCTG-D2_NoStim,0,0,0,0,0,0,0,0
ACTGAGTCACCGAATT-D2_NoStim,0,0,0,0,0,0,0,0
ACTGAGTTCGCATGGC-D2_NoStim,0,0,0,0,0,0,0,0
ACTGATGCAGAAGCAC-D2_NoStim,0,0,0,0,0,0,0,0
ACTGATGCATTCCTGC-D2_NoStim,0,0,0,0,0,0,0,0
ACTGATGGTATCACCA-D2_NoStim,0,0,0,0,0,0,0,0
ACTGATGGTGATGCCC-D2_NoStim,0,0,0,0,0,0,0,0
ACTGATGTCTCGTTTA-D2_NoStim,0,0,0,0,0,0,0,0
ACTGCTCGTAGCGCAA-D2_NoStim,0,0,0,0,0,0,0,0
ACTGTCCGTACTTGAC-D2_NoStim,0,0,0,0,0,0,0,0
ACTGTCCGTCAAACTC-D2_NoStim,0,0,0,0,0,0,0,0
ACTGTCCTCCTCGCAT-D2_NoStim,0,0,0,0,0,0,0,0
ACTTACTAGCAATCTC-D2_NoStim,0,0,0,0,0,0,0,0
ACTTACTAGTCGTTTG-D2_NoStim,0,0,0,0,0,0,0,0
ACTTGTTAGACAGAGA-D2_NoStim,0,0,0,0,0,0,0,0
ACTTGTTAGCGTGTCC-D2_NoStim,0,0,0,0,0,0,0,0
ACTTGTTAGCTGAAAT-D2_NoStim,0,0,0,0,0,0,0,0
ACTTGTTTCACGCGGT-D2_NoStim,0,0,0,0,0,0,0,0
ACTTTCAAGACGCTTT-D2_NoStim,0,0,0,0,0,0,0,0
ACTTTCACACGCTTTC-D2_NoStim,0,0,0,0,0,0,0,0
ACTTTCAGTAAACGCG-D2_NoStim,0,0,0,0,0,0,0,0
ACTTTCATCCGCTGTT-D2_NoStim,0,0,0,0,0,0,0,0
AGAATAGGTGACTCAT-D2_NoStim,0,0,0,0,0,0,0,0
AGAGCGACAAGGGTCA-D2_NoStim,0,0,0,0,0,0,0,0
AGAGCTTGTGTAAGTA-D2_NoStim,0,0,0,0,0,0,0,0
AGATTGCTCATTATCC-D2_NoStim,0,0,0,0,0,0,0,0
AGCATACAGGCTAGGT-D2_NoStim,0,0,0,0,0,0,0,0
AGCATACGTACCGGCT-D2_NoStim,0,0,0,0,0,0,0,0
AGCATACGTCGTTGTA-D2_NoStim,0,0,0,0,0,0,0,0
AGCCTAAAGCGATAGC-D2_NoStim,0,0,0,0,0,0,0,0
AGCCTAATCCTGTAGA-D2_NoStim,0,0,0,0,0,0,0,0
AGCGGTCAGTACGTTC-D2_NoStim,0,0,0,0,0,0,0,0
AGCGGTCAGTTGTAGA-D2_NoStim,0,0,0,0,0,0,0,0
AGCGGTCCACGAGAGT-D2_NoStim,0,0,0,0,0,0,0,0
AGCGGTCCACGGCGTT-D2_NoStim,0,0,0,0,0,0,0,0
AGCGGTCGTACTCAAC-D2_NoStim,0,0,0,0,0,0,0,0
AGCGTATGTTATGCGT-D2_NoStim,0,0,0,0,0,0,0,0
AGCGTATTCGCCCTTA-D2_NoStim,0,0,0,0,0,0,0,0
AGCGTCGAGCCCAGCT-D2_NoStim,0,0,0,0,0,0,0,0
AGCGTCGCATGGTCAT-D2_NoStim,0,0,0,0,0,0,0,0
AGCGTCGCATGTTGAC-D2_NoStim,0,0,0,0,0,0,0,0
AGCTCTCAGAACTGTA-D2_NoStim,0,0,0,0,0,0,0,0
AGCTCTCAGAGCTGGT-D2_NoStim,0,0,0,0,0,0,0,0
AGCTCTCGTACATGTC-D2_NoStim,0,0,0,0,0,0,0,0
AGCTCTCTCGCGTTTC-D2_NoStim,0,0,0,0,0,0,0,0
AGCTCTCTCTGTCCGT-D2_NoStim,0,0,0,0,0,0,0,0
AGCTTGAAGCTACCGC-D2_NoStim,0,0,0,0,0,0,0,0
AGCTTGAAGTCCTCCT-D2_NoStim,0,0,0,0,0,0,0,0
AGCTTGAGTATTCGTG-D2_NoStim,0,0,0,0,0,0,0,0
AGCTTGATCTTTAGTC-D2_NoStim,0,0,0,0,0,0,0,0
AGGCCACCAGGTCTCG-D2_NoStim,0,0,0,0,0,0,0,0
AGGCCACGTCTTCAAG-D2_NoStim,0,0,0,0,0,0,0,0
AGGCCGTAGGAATTAC-D2_NoStim,0,0,0,0,0,0,0,0
AGGCCGTGTAAACGCG-D2_NoStim,0,0,0,0,0,0,0,0
AGGCCGTTCCGATATG-D2_NoStim,0,0,0,0,0,0,0,0
AGGCCGTTCGCTTAGA-D2_NoStim,0,0,0,0,0,0,0,0
AGGGAGTGTCCGTCAG-D2_NoStim,0,0,0,0,0,0,0,0
AGGGAGTGTTCATGGT-D2_NoStim,0,0,0,0,0,0,0,0
AGGGATGAGAACTCGG-D2_NoStim,0,0,0,0,0,0,0,0
AGGGATGGTCTAAAGA-D2_NoStim,0,0,0,0,0,0,0,0
AGGGATGGTTCCGGCA-D2_NoStim,0,0,0,0,0,0,0,0
AGGGATGGTTGAGGTG-D2_NoStim,0,0,0,0,0,0,0,0
AGGTCATAGAACTCGG-D2_NoStim,0,0,0,0,0,0,0,0
AGGTCATTCTCCTATA-D2_NoStim,0,0,0,0,0,0,0,0
AGGTCCGCAATAACGA-D2_NoStim,0,0,0,0,0,0,0,0
AGGTCCGCATCTCCCA-D2_NoStim,0,0,0,0,0,0,0,0
AGGTCCGTCTGTACGA-D2_NoStim,0,0,0,0,0,0,0,0
AGTCTTTAGATAGGAG-D2_NoStim,0,0,0,0,0,0,0,0
AGTCTTTGTGCGATAG-D2_NoStim,0,0,0,0,0,0,0,0
AGTCTTTTCTACGAGT-D2_NoStim,0,0,0,0,0,0,0,0
AGTCTTTTCTGATTCT-D2_NoStim,0,0,0,0,0,0,0,0
AGTGAGGTCTTTACGT-D2_NoStim,0,0,0,0,0,0,0,0
AGTGGGAGTCGAGATG-D2_NoStim,0,0,0,0,0,0,0,0
AGTGGGATCATTTGGG-D2_NoStim,0,0,0,0,0,0,0,0
AGTGTCAAGGCCCGTT-D2_NoStim,0,0,0,0,0,0,0,0
ATAACGCGTAAAGTCA-D2_NoStim,0,0,0,0,0,0,0,0
ATAAGAGAGCGTCTAT-D2_NoStim,0,0,0,0,0,0,0,0
ATAAGAGAGCTGTTCA-D2_NoStim,0,0,0,0,0,0,0,0
ATAGACCAGATAGTCA-D2_NoStim,0,0,0,0,0,0,0,0
ATCATCTGTGTATGGG-D2_NoStim,0,0,0,0,0,0,0,0
ATCATGGAGATATACG-D2_NoStim,0,0,0,0,0,0,0,0
ATCATGGAGGATGGAA-D2_NoStim,0,0,0,0,0,0,0,0
ATCATGGGTTCTGTTT-D2_NoStim,0,0,0,0,0,0,0,0
ATCATGGTCTCGAGTA-D2_NoStim,0,0,0,0,0,0,0,0
ATCCACCAGTCGTTTG-D2_NoStim,0,0,0,0,0,0,0,0
ATCCACCTCACCTCGT-D2_NoStim,0,0,0,0,0,0,0,0
ATCCACCTCCAGTAGT-D2_NoStim,0,0,0,0,0,0,0,0
ATCCGAACAATGGATA-D2_NoStim,0,0,0,0,0,0,0,0
ATCCGAAGTAAATGAC-D2_NoStim,0,0,0,0,0,0,0,0
ATCTACTGTGCTGTAT-D2_NoStim,0,0,0,0,0,0,0,0
ATCTACTGTTTAGCTG-D2_NoStim,0,0,0,0,0,0,0,0
ATCTACTTCATGTGGT-D2_NoStim,0,0,0,0,0,0,0,0
ATGAGGGAGTGATCGG-D2_NoStim,0,0,0,0,0,0,0,0
ATGAGGGGTAGCAAAT-D2_NoStim,0,0,0,0,0,0,0,0
ATGAGGGGTTCGTGAT-D2_NoStim,0,0,0,0,0,0,0,0
ATGCGATGTCTGCCAG-D2_NoStim,0,0,0,0,0,0,0,0
ATGCGATTCACGAAGG-D2_NoStim,0,0,0,0,0,0,0,0
ATGTGTGCAATAAGCA-D2_NoStim,0,0,0,0,0,0,0,0
ATGTGTGGTGATGTCT-D2_NoStim,0,0,0,0,0,0,0,0
ATGTGTGGTTGATTGC-D2_NoStim,0,0,0,0,0,0,0,0
ATGTGTGGTTGCCTCT-D2_NoStim,0,0,0,0,0,0,0,0
ATTACTCGTCAATGTC-D2_NoStim,0,0,0,0,0,0,0,0
ATTATCCAGTCCATAC-D2_NoStim,0,0,0,0,0,0,0,0
ATTATCCCACATTCGA-D2_NoStim,0,0,0,0,0,0,0,0
ATTATCCCACCTGGTG-D2_NoStim,0,0,0,0,0,0,0,0
ATTCTACGTCAATGTC-D2_NoStim,0,0,0,0,0,0,0,0
ATTGGACGTACATCCA-D2_NoStim,0,0,0,0,0,0,0,0
ATTTCTGCAGTCGATT-D2_NoStim,0,0,0,0,0,0,0,0
ATTTCTGGTAGGACAC-D2_NoStim,0,0,0,0,0,0,0,0
CAACCAACAAAGCAAT-D2_NoStim,0,0,0,0,0,0,0,0
CAACCAAGTCAATACC-D2_NoStim,0,0,0,0,0,0,0,0
CAACCTCCAGCGATCC-D2_NoStim,0,0,0,0,0,0,0,0
CAACTAGAGACAGACC-D2_NoStim,0,0,0,0,0,0,0,0
CAACTAGAGGACCACA-D2_NoStim,0,0,0,0,0,0,0,0
CAAGATCAGAATTGTG-D2_NoStim,0,0,0,0,0,0,0,0
CAAGATCGTCGCGTGT-D2_NoStim,0,0,0,0,0,0,0,0
CAAGATCGTTAAGTAG-D2_NoStim,0,0,0,0,0,0,0,0
CAAGTTGCACTTGGAT-D2_NoStim,0,0,0,0,0,0,0,0
CACAAACAGGCTAGAC-D2_NoStim,0,0,0,0,0,0,0,0
CACAAACGTGATGTGG-D2_NoStim,0,0,0,0,0,0,0,0
CACACAACAATGAATG-D2_NoStim,0,0,0,0,0,0,0,0
CACACAATCCAAATGC-D2_NoStim,0,0,0,0,0,0,0,0
CACACCTTCTTAACCT-D2_NoStim,0,0,0,0,0,0,0,0
CACACTCCAGCCAGAA-D2_NoStim,0,0,0,0,0,0,0,0
CACAGGCCAAAGCAAT-D2_NoStim,0,0,0,0,0,0,0,0
CACAGGCGTCCGAACC-D2_NoStim,0,0,0,0,0,0,0,0
CACAGGCTCATTATCC-D2_NoStim,0,0,0,0,0,0,0,0
CACATAGTCTCTGAGA-D2_NoStim,0,0,0,0,0,0,0,0
CACATTTCAAGCTGTT-D2_NoStim,0,0,0,0,0,0,0,0
CACATTTCATAACCTG-D2_NoStim,0,0,0,0,0,1,0,0
CACATTTCATCGATTG-D2_NoStim,0,0,0,0,0,0,0,0
CACATTTTCGAACGGA-D2_NoStim,0,0,0,0,0,0,0,0
CACCACTCAACTGGCC-D2_NoStim,0,0,0,0,0,0,0,0
CACCACTGTGAAAGAG-D2_NoStim,0,0,0,0,0,0,0,0
CACCACTGTGTGTGCC-D2_NoStim,0,0,0,0,0,0,0,0
CACCACTGTTCAGGCC-D2_NoStim,0,0,0,0,0,0,0,0
CACCACTTCAGTCCCT-D2_NoStim,0,0,0,0,0,0,0,0
CACCAGGTCCTTTCTC-D2_NoStim,0,0,0,0,0,0,0,0
CACCTTGAGTGGTCCC-D2_NoStim,0,0,0,0,0,0,0,0
CACCTTGGTACAAGTA-D2_NoStim,0,0,0,0,0,0,0,0
CACCTTGGTTGGAGGT-D2_NoStim,0,0,0,0,0,0,0,0
CACTCCAAGCGACGTA-D2_NoStim,0,0,0,0,0,0,0,0
CACTCCAGTGACGCCT-D2_NoStim,0,0,0,0,0,0,0,0
CAGAATCGTTATGCGT-D2_NoStim,0,0,0,0,0,0,0,0
CAGATCAGTAGATTAG-D2_NoStim,0,0,0,0,0,0,0,0
CAGATCAGTGGCGAAT-D2_NoStim,0,0,0,0,0,0,0,0
CAGCCGAAGATGTGGC-D2_NoStim,0,0,0,0,0,0,0,0
CAGCCGACAAGCCCAC-D2_NoStim,0,0,0,0,0,0,0,0
CAGCCGATCATAGCAC-D2_NoStim,0,0,0,0,0,0,0,0
CAGCCGATCGTTTGCC-D2_NoStim,0,0,0,0,0,0,0,0
CAGCGACCAAGTCATC-D2_NoStim,0,0,0,0,0,0,0,0
CAGCGACCAATGGAGC-D2_NoStim,0,0,0,0,0,0,0,0
CAGCGACCACTCTGTC-D2_NoStim,0,0,0,0,0,0,0,0
CAGCTAACAATGGTCT-D2_NoStim,0,0,0,0,0,0,0,0
CAGCTAACATGAACCT-D2_NoStim,0,0,0,0,0,0,0,0
CAGCTGGCAGGAATGC-D2_NoStim,0,0,0,0,0,0,0,0
CAGCTGGCATGTCCTC-D2_NoStim,0,0,0,0,0,0,0,0
CAGCTGGTCCGCTGTT-D2_NoStim,0,0,0,0,0,0,0,0
CAGGTGCTCCACGACG-D2_NoStim,0,0,0,0,0,0,0,0
CATATGGCAAGCGAGT-D2_NoStim,0,0,0,0,0,0,0,0
CATATGGTCTTTACAC-D2_NoStim,0,0,0,0,0,0,0,0
CATCAAGAGAATAGGG-D2_NoStim,0,0,0,0,0,0,0,0
CATCAAGCATGCCTTC-D2_NoStim,0,0,0,0,0,0,0,0
CATCAAGGTATTAGCC-D2_NoStim,0,0,0,0,0,0,0,0
CATCAGAAGCTAGTGG-D2_NoStim,0,0,0,0,0,0,0,0
CATCAGAAGGCATGTG-D2_NoStim,0,0,0,0,0,0,0,0
CATCAGAGTAGGACAC-D2_NoStim,0,0,0,0,0,0,0,0
CATCCACTCCAGAGGA-D2_NoStim,0,0,0,0,0,0,0,0
CATCCACTCTTGGGTA-D2_NoStim,0,0,0,0,0,0,0,0
CATCGAATCTCCAGGG-D2_NoStim,0,0,0,0,0,0,0,0
CATCGGGCAAGCTGTT-D2_NoStim,0,0,0,0,0,0,0,0
CATCGGGCAAGGGTCA-D2_NoStim,0,0,0,0,0,0,0,0
CATGCCTCAGGGTTAG-D2_NoStim,0,0,0,0,0,0,0,0
CATGGCGCATATGCTG-D2_NoStim,0,0,0,0,0,0,0,0
CATTATCCAGTAAGCG-D2_NoStim,0,0,0,0,0,0,0,0
CATTATCCATGTAAGA-D2_NoStim,0,0,0,0,0,0,0,0
CATTATCTCTCTGTCG-D2_NoStim,0,0,0,0,0,0,0,0
CATTCGCAGTGTTGAA-D2_NoStim,0,0,0,0,0,0,0,0
CATTCGCGTGATGTCT-D2_NoStim,0,0,0,0,0,0,0,0
CATTCGCTCACAATGC-D2_NoStim,0,0,0,0,0,0,0,0
CCAATCCCAGACAAGC-D2_NoStim,0,0,0,0,0,0,0,0
CCAATCCCATTAGCCA-D2_NoStim,0,0,0,0,0,0,0,0
CCACCTAAGACTAGGC-D2_NoStim,0,0,0,0,0,0,0,0
CCACCTACACGAAGCA-D2_NoStim,0,0,0,0,0,0,0,0
CCACCTACAGCCTATA-D2_NoStim,0,0,0,0,0,0,0,0
CCACCTAGTACCGTAT-D2_NoStim,0,0,0,0,0,0,0,0
CCACCTAGTGCGAAAC-D2_NoStim,0,0,0,0,0,0,0,0
CCACGGACAGATTGCT-D2_NoStim,0,0,0,0,0,0,0,0
CCACGGACATTGGCGC-D2_NoStim,0,0,0,0,0,0,0,0
CCACGGAGTCTTCAAG-D2_NoStim,0,0,0,0,0,0,0,0
CCACTACGTAACGTTC-D2_NoStim,0,0,0,0,0,0,0,0
CCATGTCAGATGTGGC-D2_NoStim,0,0,0,0,0,0,0,0
CCATGTCCATCTGGTA-D2_NoStim,0,0,0,0,0,0,0,0
CCCAATCAGAGTGACC-D2_NoStim,0,0,0,0,0,0,0,0
CCCAATCCAAGTCTGT-D2_NoStim,0,0,0,0,0,0,0,0
CCCAGTTAGACGCAAC-D2_NoStim,0,0,0,0,0,0,0,0
CCCAGTTCATCCGGGT-D2_NoStim,0,0,0,0,0,0,0,0
CCCAGTTCATTACCTT-D2_NoStim,0,0,0,0,0,0,0,0
CCCAGTTGTGTTTGGT-D2_NoStim,0,0,0,0,0,0,0,0
CCCAGTTTCATAACCG-D2_NoStim,0,0,0,0,0,0,0,0
CCCATACAGTGTTAGA-D2_NoStim,0,0,0,0,0,0,0,0
CCCATACCAACTTGAC-D2_NoStim,0,0,0,0,0,0,0,0
CCCTCCTCACTGTCGG-D2_NoStim,0,0,0,0,0,0,0,0
CCCTCCTGTAAACCTC-D2_NoStim,0,0,0,0,0,0,0,0
CCCTCCTGTCTCTCGT-D2_NoStim,0,0,0,0,0,0,0,0
CCCTCCTTCCAGATCA-D2_NoStim,0,0,0,0,0,0,0,0
CCGGGATAGGGCTCTC-D2_NoStim,0,0,0,0,0,0,0,0
CCGGGATCATCATCCC-D2_NoStim,0,0,0,0,0,0,0,0
CCGGGATGTTCGGGCT-D2_NoStim,0,0,0,0,0,0,0,0
CCGGTAGGTCCGTCAG-D2_NoStim,0,0,0,0,0,0,0,0
CCGTACTGTCCGAAGA-D2_NoStim,0,0,0,0,0,0,0,0
CCGTACTGTTGGGACA-D2_NoStim,0,0,0,0,0,0,0,0
CCGTGGAAGAGTCGGT-D2_NoStim,0,0,0,0,0,0,0,0
CCGTGGATCCATGCTC-D2_NoStim,0,0,0,0,0,0,0,0
CCGTTCACACAGCCCA-D2_NoStim,0,0,0,0,0,0,0,0
CCTAAAGAGTGTTGAA-D2_NoStim,0,0,0,0,0,0,0,0
CCTAAAGGTCTCGTTC-D2_NoStim,0,0,0,0,0,0,0,0
CCTAAAGTCTTGTTTG-D2_NoStim,0,0,0,0,0,0,0,0
CCTACACCAATGGATA-D2_NoStim,0,0,0,0,0,0,0,0
CCTACACGTTAAGATG-D2_NoStim,0,0,0,0,0,0,0,0
CCTACCACAGTATCTG-D2_NoStim,0,0,0,0,0,0,0,0
CCTACCAGTTCAGTAC-D2_NoStim,0,0,0,0,0,0,0,0
CCTAGCTCACAAGCCC-D2_NoStim,0,0,0,0,0,0,0,0
CCTAGCTGTCCAGTGC-D2_NoStim,0,0,0,0,0,0,0,0
CCTATTACAGCGTTCG-D2_NoStim,0,0,0,0,0,0,0,0
CCTATTAGTTATCGGT-D2_NoStim,0,0,0,0,0,0,0,0
CCTCTGACACGAGGTA-D2_NoStim,0,0,0,0,0,0,0,0
CCTCTGATCCTTGACC-D2_NoStim,0,0,0,0,0,0,0,0
CCTTCCCTCCCAACGG-D2_NoStim,0,0,0,0,0,0,0,0
CCTTCCCTCGCCTGTT-D2_NoStim,0,0,0,0,0,0,0,0
CCTTTCTAGCGGATCA-D2_NoStim,0,0,0,0,0,0,0,0
CCTTTCTTCTAGCACA-D2_NoStim,0,0,0,0,0,0,0,0
CCTTTCTTCTCATTCA-D2_NoStim,0,0,0,0,0,0,0,0
CGAACATAGCAATCTC-D2_NoStim,0,0,0,0,0,0,0,0
CGAACATAGTGTTAGA-D2_NoStim,0,0,0,0,0,0,0,0
CGAACATGTCAATGTC-D2_NoStim,0,0,0,0,0,0,0,0
CGAATGTAGACCCACC-D2_NoStim,0,0,0,0,0,0,0,0
CGAATGTGTCCGAACC-D2_NoStim,0,0,0,0,0,0,0,0
CGACCTTAGCTCCCAG-D2_NoStim,0,0,0,0,0,0,0,0
CGACCTTAGGTGCTTT-D2_NoStim,0,0,0,0,0,0,0,0
CGACCTTGTATAAACG-D2_NoStim,0,0,0,0,0,0,0,0
CGACTTCGTAATAGCA-D2_NoStim,0,0,0,0,0,0,0,0
CGACTTCTCCAGATCA-D2_NoStim,0,0,0,0,0,0,0,0
CGAGAAGAGATGCCAG-D2_NoStim,0,0,0,0,0,0,0,0
CGAGCACAGCCCGAAA-D2_NoStim,0,0,0,0,0,0,0,0
CGAGCACGTAACGTTC-D2_NoStim,0,0,0,0,0,0,0,0
CGAGCACGTACCGTAT-D2_NoStim,0,0,0,0,0,0,0,0
CGAGCCAGTATATGAG-D2_NoStim,0,0,0,0,0,0,0,0
CGAGCCAGTTAGATGA-D2_NoStim,0,0,0,0,0,0,0,0
CGATCGGCATGTTCCC-D2_NoStim,0,0,0,0,0,0,0,0
CGATCGGGTTGATTGC-D2_NoStim,0,0,0,0,0,0,0,0
CGATCGGTCGGAATCT-D2_NoStim,0,0,0,0,0,0,0,0
CGATGGCAGAGTTGGC-D2_NoStim,0,0,0,0,0,0,0,0
CGATGGCCATTTGCTT-D2_NoStim,0,0,0,0,0,0,0,0
CGATGGCGTTCGCGAC-D2_NoStim,0,0,0,0,0,0,0,0
CGATGGCTCGTTACGA-D2_NoStim,0,0,0,0,0,0,0,0
CGATGTATCGCATGAT-D2_NoStim,0,0,0,0,0,0,0,0
CGATTGACATTGCGGC-D2_NoStim,0,0,0,0,0,0,0,0
CGCCAAGGTGGTACAG-D2_NoStim,0,0,0,0,0,0,0,0
CGCGGTAAGTGGAGTC-D2_NoStim,0,0,0,0,0,0,0,0
CGCGTTTAGCTAACTC-D2_NoStim,0,0,0,0,0,0,0,0
CGCGTTTGTAAACGCG-D2_NoStim,0,0,0,0,0,0,0,0
CGCTATCAGCCAGGAT-D2_NoStim,0,0,0,0,0,0,0,0
CGCTATCTCATGTCTT-D2_NoStim,0,0,0,0,0,0,0,0
CGCTTCAAGACACGAC-D2_NoStim,0,0,0,0,0,0,0,0
CGCTTCAAGGAGTCTG-D2_NoStim,0,0,0,0,0,0,0,0
CGCTTCAGTCGGCACT-D2_NoStim,0,0,0,0,0,0,0,0
CGCTTCATCTTCCTTC-D2_NoStim,0,0,0,0,0,0,0,0
CGGACACCATCTCGCT-D2_NoStim,0,0,0,0,0,0,0,0
CGGACACTCCTTGCCA-D2_NoStim,0,0,0,0,0,0,0,0
CGGACACTCTTTCCTC-D2_NoStim,0,0,0,0,0,0,0,0
CGGACGTAGAAACGAG-D2_NoStim,0,0,0,0,0,0,0,0
CGGACTGAGAACAACT-D2_NoStim,0,0,0,0,0,0,0,0
CGGACTGCACAACTGT-D2_NoStim,0,0,0,0,0,0,0,0
CGGAGCTCAAGCGATG-D2_NoStim,0,0,0,0,0,0,0,0
CGGAGTCAGCCAGGAT-D2_NoStim,0,0,0,0,0,0,0,0
CGGAGTCGTATTCTCT-D2_NoStim,0,0,0,0,0,0,0,0
CGGAGTCGTGCTAGCC-D2_NoStim,0,0,0,0,0,0,0,0
CGGCTAGGTAGCTCCG-D2_NoStim,0,0,0,0,0,0,0,0
CGGCTAGGTCCAAGTT-D2_NoStim,0,0,0,0,0,0,0,0
CGGGTCAGTCGAAAGC-D2_NoStim,0,0,0,0,0,0,0,0
CGGTTAATCACTTACT-D2_NoStim,0,0,0,0,0,0,0,0
CGGTTAATCCATGAAC-D2_NoStim,0,0,0,0,0,0,0,0
CGGTTAATCGCGATCG-D2_NoStim,0,0,0,0,0,0,0,0
CGTAGCGGTACGAAAT-D2_NoStim,0,0,0,0,0,0,0,0
CGTAGCGTCCTTTACA-D2_NoStim,0,0,0,0,0,0,0,0
CGTAGCGTCGTTACAG-D2_NoStim,0,0,0,0,0,0,0,0
CGTAGGCAGCCACGCT-D2_NoStim,0,0,0,0,0,0,0,0
CGTCACTTCTCTGTCG-D2_NoStim,0,0,0,0,0,0,0,0
CGTCAGGAGTACGTTC-D2_NoStim,0,0,0,0,0,0,0,0
CGTCCATCACTGTGTA-D2_NoStim,0,0,0,0,0,0,0,0
CGTCCATGTAAATGTG-D2_NoStim,0,0,0,0,0,0,0,0
CGTCCATTCATACGGT-D2_NoStim,0,0,0,0,0,0,0,0
CGTCCATTCCGCATAA-D2_NoStim,0,0,0,0,0,0,0,0
CGTCCATTCGATAGAA-D2_NoStim,0,0,0,0,0,0,0,0
CGTCTACCAGACTCGC-D2_NoStim,0,0,0,0,0,0,0,0
CGTGAGCAGTTGTAGA-D2_NoStim,0,0,0,0,0,0,0,0
CGTGAGCCATGTTGAC-D2_NoStim,0,0,0,0,0,0,0,0
CGTGAGCTCGGACAAG-D2_NoStim,0,0,0,0,0,0,0,0
CGTGAGCTCGTACCGG-D2_NoStim,0,0,0,0,0,0,0,0
CGTGTAAAGGGTCTCC-D2_NoStim,0,0,0,0,0,0,0,0
CGTTAGAAGACTAGGC-D2_NoStim,0,0,0,0,0,0,0,0
CGTTAGAAGTGGGATC-D2_NoStim,0,0,0,0,0,0,0,0
CGTTAGACACACGCTG-D2_NoStim,0,0,0,0,0,0,0,0
CGTTAGACACGTCAGC-D2_NoStim,0,0,0,0,0,0,0,0
CGTTCTGCAAGCGATG-D2_NoStim,0,0,0,0,0,0,0,0
CGTTCTGCACCTATCC-D2_NoStim,0,0,0,0,0,0,0,0
CGTTGGGAGTAGTGCG-D2_NoStim,0,0,0,0,0,0,0,0
CGTTGGGCATTGAGCT-D2_NoStim,0,0,0,0,0,0,0,0
CGTTGGGTCGATAGAA-D2_NoStim,0,0,0,0,0,0,0,0
CGTTGGGTCTCAAACG-D2_NoStim,0,0,0,0,0,0,0,0
CTAACTTAGGACACCA-D2_NoStim,0,0,0,0,0,0,0,0
CTAACTTAGGGTGTTG-D2_NoStim,0,0,0,0,0,0,0,0
CTAACTTCACGACGAA-D2_NoStim,0,0,0,0,0,0,0,0
CTAACTTCATCGGTTA-D2_NoStim,0,0,0,0,0,0,0,0
CTAACTTTCATCGGAT-D2_NoStim,0,0,0,0,0,0,0,0
CTAAGACCACGCGAAA-D2_NoStim,0,0,0,0,0,0,0,0
CTAAGACCATGTTGAC-D2_NoStim,0,0,0,0,0,0,0,0
CTAAGACGTTCTCATT-D2_NoStim,0,0,0,0,0,0,0,0
CTAATGGAGCGTGAAC-D2_NoStim,0,0,0,0,0,0,0,0
CTAATGGAGGTTACCT-D2_NoStim,0,0,0,0,0,0,0,0
CTAATGGTCAACGGGA-D2_NoStim,0,0,0,0,0,0,0,0
CTACACCAGCCACGTC-D2_NoStim,0,0,0,0,0,0,0,0
CTACATTAGAGCTATA-D2_NoStim,0,0,0,0,0,0,0,0
CTACATTCATCCCACT-D2_NoStim,0,0,0,0,0,0,0,0
CTACATTCATGTTGAC-D2_NoStim,0,0,0,0,0,0,0,0
CTACCCAAGCCAGTTT-D2_NoStim,0,0,0,0,0,0,0,0
CTACCCAAGGACTGGT-D2_NoStim,0,0,0,0,0,0,0,0
CTACCCAAGTTCGCAT-D2_NoStim,0,0,0,0,0,0,0,0
CTACCCAGTTTGGGCC-D2_NoStim,0,0,0,0,0,0,0,0
CTACGTCCACCGAATT-D2_NoStim,0,0,0,0,0,0,0,0
CTAGAGTCAGGTCTCG-D2_NoStim,0,0,0,0,0,0,0,0
CTAGAGTGTCGCTTTC-D2_NoStim,0,0,0,0,0,0,0,0
CTCACACAGTACCGGA-D2_NoStim,0,0,0,0,0,0,0,0
CTCAGAAGTATTCTCT-D2_NoStim,0,0,0,0,0,0,0,0
CTCATTAAGTCGAGTG-D2_NoStim,0,0,0,0,0,0,0,0
CTCATTAGTCTCCCTA-D2_NoStim,0,0,0,0,0,0,0,0
CTCATTATCGGCCGAT-D2_NoStim,0,0,0,0,0,0,0,0
CTCCTAGCACGGTGTC-D2_NoStim,0,0,0,0,0,0,0,0
CTCCTAGCACTAGTAC-D2_NoStim,0,0,0,0,0,0,0,0
CTCCTAGGTGATGTCT-D2_NoStim,0,0,0,0,0,0,0,0
CTCGAAAAGACACTAA-D2_NoStim,0,0,0,0,0,0,0,0
CTCGAAAAGATACACA-D2_NoStim,0,0,0,0,0,0,0,0
CTCGAAATCGACCAGC-D2_NoStim,0,0,0,0,0,0,0,0
CTCGGAGAGCGTGAGT-D2_NoStim,0,0,0,0,0,0,0,0
CTCGGAGCAGCTGTTA-D2_NoStim,0,0,0,0,0,0,0,0
CTCGGAGGTAAGAGAG-D2_NoStim,0,0,0,0,0,0,0,0
CTCGGGACACTGTCGG-D2_NoStim,0,0,0,0,0,0,0,0
CTCGGGACATCCCACT-D2_NoStim,0,0,0,0,0,0,0,0
CTCGGGAGTATTCTCT-D2_NoStim,0,0,0,0,0,0,0,0
CTCGTACCAAGGTTTC-D2_NoStim,0,0,0,0,0,0,0,0
CTCGTACGTGTGGTTT-D2_NoStim,0,0,0,0,0,0,0,0
CTCGTACTCGGCCGAT-D2_NoStim,0,0,0,0,0,0,0,0
CTCGTCAAGCCCGAAA-D2_NoStim,0,0,0,0,0,0,0,0
CTCGTCAAGTGTCCAT-D2_NoStim,0,0,0,0,0,0,0,0
CTCGTCATCTTAACCT-D2_NoStim,0,0,0,0,0,0,0,0
CTCTAATGTCCATCCT-D2_NoStim,0,0,0,0,0,0,0,0
CTCTAATGTCGCTTCT-D2_NoStim,0,0,0,0,0,0,0,0
CTCTACGTCAAACGGG-D2_NoStim,0,0,0,0,0,0,0,0
CTCTGGTAGACAGACC-D2_NoStim,0,0,0,0,0,0,0,0
CTCTGGTAGTCACGCC-D2_NoStim,0,0,0,0,0,0,0,0
CTCTGGTCAGTCACTA-D2_NoStim,0,0,0,0,0,0,0,0
CTCTGGTGTAAATGAC-D2_NoStim,0,0,0,0,0,0,0,0
CTGAAACGTCAATACC-D2_NoStim,0,0,0,0,0,0,0,0
CTGAAACTCACATAGC-D2_NoStim,0,0,0,0,0,0,0,0
CTGAAACTCGGAGCAA-D2_NoStim,0,0,0,0,0,0,0,0
CTGATAGCAGGCAGTA-D2_NoStim,0,0,0,0,0,0,0,0
CTGATAGGTTCGGGCT-D2_NoStim,0,0,0,0,0,0,0,0
CTGATAGTCTCGGACG-D2_NoStim,0,0,0,0,0,0,0,0
CTGATCCGTCACAAGG-D2_NoStim,0,0,0,0,0,0,0,0
CTGCTGTAGGTGCAAC-D2_NoStim,0,0,0,0,0,0,0,0
CTGCTGTAGTCCGGTC-D2_NoStim,0,0,0,0,0,0,0,0
CTGCTGTTCAATCTCT-D2_NoStim,0,0,0,0,0,0,0,0
CTGGTCTAGCTAAGAT-D2_NoStim,0,0,0,0,0,0,0,0
CTGTGCTAGAAGGTTT-D2_NoStim,0,0,0,0,0,0,0,0
CTGTGCTGTATAGGGC-D2_NoStim,0,0,0,0,0,0,0,0
CTGTTTAAGGTGCTAG-D2_NoStim,0,0,0,0,0,0,0,0
CTGTTTACAGGCGATA-D2_NoStim,0,0,0,0,0,0,0,0
CTGTTTACATATGAGA-D2_NoStim,0,0,0,0,0,0,0,0
CTGTTTAGTTAGTGGG-D2_NoStim,0,0,0,0,0,0,0,0
CTGTTTAGTTGAACTC-D2_NoStim,0,0,0,0,0,0,0,0
CTTAACTAGATCGATA-D2_NoStim,0,0,0,0,0,0,0,0
CTTAACTAGCTAGCCC-D2_NoStim,0,0,0,0,0,0,0,0
CTTACCGGTCGACTGC-D2_NoStim,0,0,0,0,0,0,0,0
CTTAGGAAGTGGTAGC-D2_NoStim,0,0,0,0,0,0,0,0
CTTAGGACAACACCCG-D2_NoStim,0,0,0,0,0,0,0,0
CTTAGGAGTACAGCAG-D2_NoStim,0,0,0,0,0,0,0,0
CTTAGGAGTACCCAAT-D2_NoStim,0,0,0,0,0,0,0,0
CTTCTCTAGCGATAGC-D2_NoStim,0,0,0,0,0,0,0,0
CTTGGCTGTCAGATAA-D2_NoStim,0,0,0,0,0,0,0,0
CTTGGCTTCACGCATA-D2_NoStim,0,0,0,0,0,0,0,0
GAAACTCGTAGTAGTA-D2_NoStim,0,0,0,0,0,0,0,0
GAAACTCGTCTCGTTC-D2_NoStim,0,0,0,0,0,0,0,0
GAAATGAAGGCACATG-D2_NoStim,0,0,0,0,0,0,0,0
GAAATGACAATCACAC-D2_NoStim,0,0,0,0,0,0,0,0
GAAATGACAATGGAAT-D2_NoStim,0,0,0,0,0,0,0,0
GAAATGAGTCAACATC-D2_NoStim,0,0,0,0,0,0,0,0
GAAATGAGTGTGCCTG-D2_NoStim,0,0,0,0,0,0,0,0
GAACCTAAGCGTAATA-D2_NoStim,0,0,0,0,0,0,0,0
GAACCTAAGGATGCGT-D2_NoStim,0,0,0,0,0,0,0,0
GAACCTAAGGGCATGT-D2_NoStim,0,0,0,0,0,0,0,0
GAACGGACACGTCAGC-D2_NoStim,0,0,0,0,0,0,0,0
GAACGGACAGTTTACG-D2_NoStim,0,0,0,0,0,0,0,0
GAACGGAGTGCAACGA-D2_NoStim,0,0,0,0,0,0,0,0
GAACGGATCGTCTGAA-D2_NoStim,0,0,0,0,0,0,0,0
GAAGCAGAGACCTTTG-D2_NoStim,0,0,0,0,0,0,0,0
GAAGCAGAGTGTCCAT-D2_NoStim,0,0,0,0,0,0,0,0
GAATAAGAGACTGTAA-D2_NoStim,0,0,0,0,0,0,0,0
GAATGAAAGGCTCTTA-D2_NoStim,0,0,0,0,0,0,0,0
GAATGAACACCGCTAG-D2_NoStim,0,0,0,0,0,0,0,0
GAATGAACACGGTGTC-D2_NoStim,0,0,0,0,0,0,0,0
GACACGCCAGCGAACA-D2_NoStim,0,0,0,0,0,0,0,0
GACACGCTCCTTTCTC-D2_NoStim,0,0,0,0,0,0,0,0
GACAGAGAGACTAAGT-D2_NoStim,0,0,0,0,0,0,0,0
GACAGAGCAGGCTGAA-D2_NoStim,0,0,0,0,0,0,0,0
GACAGAGCAGTAGAGC-D2_NoStim,0,0,0,0,0,0,0,0
GACAGAGGTGTAAGTA-D2_NoStim,0,0,0,0,0,0,0,0
GACAGAGGTTTCCACC-D2_NoStim,0,0,0,0,0,0,0,0
GACAGAGTCGGCGCTA-D2_NoStim,0,0,0,0,0,0,0,0
GACAGAGTCTGTCTCG-D2_NoStim,0,0,0,0,0,0,0,0
GACCAATCACACCGAC-D2_NoStim,0,0,0,0,0,0,0,0
GACCAATTCACTCCTG-D2_NoStim,0,0,0,0,0,0,0,0
GACCTGGAGGTGACCA-D2_NoStim,0,0,0,0,0,0,0,0
GACCTGGCAAGAGGCT-D2_NoStim,0,0,0,0,0,0,0,0
GACCTGGGTGAAATCA-D2_NoStim,0,0,0,0,0,0,0,0
GACCTGGTCCAAAGTC-D2_NoStim,0,0,0,0,0,0,0,0
GACCTGGTCTGCGTAA-D2_NoStim,0,0,0,0,0,0,0,0
GACGCGTCAAGAAGAG-D2_NoStim,0,0,0,0,0,0,0,0
GACGCGTCAAGTCATC-D2_NoStim,0,0,0,0,0,0,0,0
GACGCGTTCACAACGT-D2_NoStim,0,0,0,0,0,0,0,0
GACGCGTTCACTCTTA-D2_NoStim,0,0,0,0,0,0,0,0
GACGCGTTCTGTTGAG-D2_NoStim,0,0,0,0,0,0,0,0
GACGGCTTCGGATGTT-D2_NoStim,0,0,0,0,0,0,0,0
GACGTGCCACAACGCC-D2_NoStim,0,0,0,0,0,0,0,0
GACGTGCCATTGCGGC-D2_NoStim,0,0,0,0,0,0,0,0
GACGTGCGTCCGTGAC-D2_NoStim,0,0,0,0,0,0,0,0
GACGTGCTCGTTGCCT-D2_NoStim,0,0,0,0,0,0,0,0
GACGTTACACCAGGTC-D2_NoStim,0,0,0,0,0,0,0,0
GACTAACCAATACGCT-D2_NoStim,0,0,0,0,0,0,0,0
GACTACAAGTTAGGTA-D2_NoStim,0,0,0,0,0,0,0,0
GACTACAGTTCCCGAG-D2_NoStim,0,0,0,0,0,0,0,0
GACTACATCGCATGAT-D2_NoStim,0,0,0,0,0,0,0,0
GACTGCGCAGCCTGTG-D2_NoStim,0,0,0,0,0,0,0,0
GACTGCGGTCCGTGAC-D2_NoStim,0,0,0,0,0,0,0,0
GACTGCGGTTGGTGGA-D2_NoStim,0,0,0,0,0,0,0,0
GAGCAGACATGAACCT-D2_NoStim,0,0,0,0,0,0,0,0
GAGGTGACAATCTACG-D2_NoStim,0,0,0,0,0,0,0,0
GAGGTGACATTCCTCG-D2_NoStim,0,0,0,0,0,0,0,0
GAGGTGATCGGCTTGG-D2_NoStim,0,0,0,0,0,0,0,0
GAGTCCGCAATGGAGC-D2_NoStim,0,0,0,0,0,0,0,0
GAGTCCGCACTGTTAG-D2_NoStim,0,0,0,0,0,0,0,0
GAGTCCGGTGTCGCTG-D2_NoStim,0,0,0,0,0,0,0,0
GAGTCCGTCGTTTATC-D2_NoStim,0,0,0,0,0,0,0,0
GATCAGTGTCCGCTGA-D2_NoStim,0,0,0,0,0,0,0,0
GATCGATGTAAGAGAG-D2_NoStim,0,0,0,0,0,0,0,0
GATCGATGTCTAGGTT-D2_NoStim,0,0,0,0,0,0,0,0
GATCGCGGTCGAATCT-D2_NoStim,0,0,0,0,0,0,0,0
GATCGTATCTTGAGAC-D2_NoStim,0,0,0,0,0,0,0,0
GATCTAGCAAGTTCTG-D2_NoStim,0,0,0,0,0,0,0,0
GATCTAGGTAAACGCG-D2_NoStim,0,0,0,0,0,0,0,0
GATCTAGGTCCTGCTT-D2_NoStim,0,0,0,0,0,0,0,0
GATGAAATCCGCGCAA-D2_NoStim,0,0,0,0,0,0,0,0
GATGAGGCACCAGGTC-D2_NoStim,0,0,0,0,0,0,0,0
GATGAGGTCAGTCAGT-D2_NoStim,0,0,0,0,0,0,0,0
GATTCAGAGACAAAGG-D2_NoStim,0,0,0,0,0,0,0,0
GATTCAGAGCCTATGT-D2_NoStim,0,0,0,0,0,0,0,0
GATTCAGGTCATTAGC-D2_NoStim,0,0,0,0,0,0,0,0
GCAAACTCAGGAATGC-D2_NoStim,0,0,0,0,0,0,0,0
GCAAACTTCCGGGTGT-D2_NoStim,0,0,0,0,0,0,0,0
GCAATCAGTAAACGCG-D2_NoStim,0,0,0,0,0,0,0,0
GCACATAAGCGCTTAT-D2_NoStim,0,0,0,0,0,0,0,0
GCACATAAGGCGCTCT-D2_NoStim,0,0,0,0,0,0,0,0
GCACATAAGTTGTAGA-D2_NoStim,0,0,0,0,0,0,0,0
GCACATAGTTCGTTGA-D2_NoStim,0,0,0,0,0,0,0,0
GCACATATCTGATACG-D2_NoStim,0,0,0,0,0,0,0,0
GCACTCTAGGGCTTGA-D2_NoStim,0,0,0,0,0,0,0,0
GCACTCTCAATCTGCA-D2_NoStim,0,0,0,0,0,0,0,0
GCACTCTCAGTAACGG-D2_NoStim,0,0,0,0,0,0,0,0
GCACTCTTCAGTACGT-D2_NoStim,0,0,0,0,0,0,0,0
GCAGCCAGTGTTGAGG-D2_NoStim,0,0,0,0,0,0,0,0
GCAGCCATCCTGCAGG-D2_NoStim,0,0,0,0,0,0,0,0
GCAGTTACATGGTAGG-D2_NoStim,0,0,0,0,0,0,0,0
GCAGTTAGTAGGCATG-D2_NoStim,0,0,0,0,0,0,0,0
GCAGTTATCCGATATG-D2_NoStim,0,0,0,0,0,0,0,0
GCAGTTATCTTCGAGA-D2_NoStim,0,0,0,0,0,0,0,0
GCATACAAGATGGCGT-D2_NoStim,0,0,0,0,0,0,0,0
GCATACACACCAGGCT-D2_NoStim,0,0,0,0,0,0,0,0
GCATACACACGGATAG-D2_NoStim,0,0,0,0,0,0,0,0
GCATGCGAGGACATTA-D2_NoStim,0,0,0,0,0,0,0,0
GCATGCGGTGATGATA-D2_NoStim,0,0,0,0,0,0,0,0
GCATGTAAGTAACCCT-D2_NoStim,0,0,0,0,0,0,0,0
GCATGTACACAGGCCT-D2_NoStim,0,0,0,0,0,0,0,0
GCATGTACAGTTCATG-D2_NoStim,0,0,0,0,0,0,0,0
GCCAAATTCGGTCTAA-D2_NoStim,0,0,0,0,0,0,0,0
GCCTCTACAGGATCGA-D2_NoStim,0,0,0,0,0,0,0,0
GCCTCTACATCTACGA-D2_NoStim,0,0,0,0,0,0,0,0
GCCTCTAGTCTCAACA-D2_NoStim,0,0,0,0,0,0,0,0
GCGACCAGTAGAAAGG-D2_NoStim,0,0,0,0,0,0,0,0
GCGACCAGTGGGTATG-D2_NoStim,0,0,0,0,0,0,0,0
GCGAGAAAGACTAGAT-D2_NoStim,0,0,0,0,0,0,0,0
GCGAGAATCTGGGCCA-D2_NoStim,0,0,0,0,0,0,0,0
GCGCAACTCAAACAAG-D2_NoStim,0,0,0,0,0,0,0,0
GCGCAGTAGACTACAA-D2_NoStim,0,0,0,0,0,0,0,0
GCGCAGTTCCAAGTAC-D2_NoStim,0,0,0,0,0,0,0,0
GCGCCAAAGCAGCCTC-D2_NoStim,0,0,0,0,0,0,0,0
GCGCGATAGCAACGGT-D2_NoStim,0,0,0,0,0,0,0,0
GCGCGATAGGATGTAT-D2_NoStim,0,0,0,0,0,0,0,0
GCGCGATTCAATACCG-D2_NoStim,0,0,0,0,0,0,0,0
GCGCGATTCTGATACG-D2_NoStim,0,0,0,0,0,0,0,0
GCGGGTTAGCGTGTCC-D2_NoStim,0,0,0,0,0,0,0,0
GCGGGTTCAGCGAACA-D2_NoStim,0,0,0,0,0,0,0,0
GCGGGTTGTAGCTAAA-D2_NoStim,0,0,0,0,0,0,0,0
GCGGGTTGTCGCATAT-D2_NoStim,0,0,0,0,0,0,0,0
GCTCCTAAGACTAGGC-D2_NoStim,0,0,0,0,0,0,0,0
GCTCCTAAGAGACTTA-D2_NoStim,0,0,0,0,0,0,0,0
GCTCCTACACATCCGG-D2_NoStim,0,0,0,0,0,0,0,0
GCTCCTAGTGACAAAT-D2_NoStim,0,0,0,0,0,0,0,0
GCTCCTAGTGACGCCT-D2_NoStim,0,0,0,0,0,0,0,0
GCTCCTAGTGCCTGTG-D2_NoStim,0,0,0,0,0,0,0,0
GCTCCTAGTTCTCATT-D2_NoStim,0,0,0,0,0,0,0,0
GCTCCTATCGGCGCAT-D2_NoStim,0,0,0,0,0,0,0,0
GCTCTGTTCTCACATT-D2_NoStim,0,0,0,0,0,0,0,0
GCTGCAGGTTTAGGAA-D2_NoStim,0,0,0,0,0,0,0,0
GCTGCGAGTCATATGC-D2_NoStim,0,0,0,0,0,0,0,0
GCTGCTTAGTTAGGTA-D2_NoStim,0,0,0,0,0,0,0,0
GCTGGGTTCAGCTGGC-D2_NoStim,0,0,0,0,0,0,0,0
GCTGGGTTCTGTCTAT-D2_NoStim,0,0,0,0,0,0,0,0
GCTTCCAAGGGTATCG-D2_NoStim,0,0,0,0,0,0,0,0
GCTTCCAGTTGAGGTG-D2_NoStim,0,0,0,0,0,0,0,0
GCTTCCATCACCCGAG-D2_NoStim,0,0,0,0,0,0,0,0
GCTTGAAAGTGTTGAA-D2_NoStim,0,0,0,0,0,0,0,0
GCTTGAACATGGTTGT-D2_NoStim,0,0,0,0,0,0,0,0
GGAAAGCCATTGGGCC-D2_NoStim,0,0,0,0,0,0,0,0
GGAAAGCTCAGTTCGA-D2_NoStim,0,0,0,0,0,0,0,0
GGAAAGCTCCAACCAA-D2_NoStim,0,0,0,0,0,0,0,0
GGAAAGCTCCAATGGT-D2_NoStim,0,0,0,0,0,0,0,0
GGAACTTAGAGCTGCA-D2_NoStim,0,0,0,0,0,0,0,0
GGAACTTAGGATGCGT-D2_NoStim,0,0,0,0,0,0,0,0
GGAACTTAGTGGTCCC-D2_NoStim,0,0,0,0,0,0,0,0
GGAACTTCACTACAGT-D2_NoStim,0,0,0,0,0,0,0,0
GGAACTTGTACCGAGA-D2_NoStim,0,0,0,0,0,0,0,0
GGAACTTGTGCAGGTA-D2_NoStim,0,0,0,0,0,0,0,0
GGAACTTGTTCGTTGA-D2_NoStim,0,0,0,0,0,0,0,0
GGAATAACATCGTCGG-D2_NoStim,0,0,0,0,0,0,0,0
GGAATAATCCTAAGTG-D2_NoStim,0,0,0,0,0,0,0,0
GGACAGACACATCCGG-D2_NoStim,0,0,0,0,0,0,0,0
GGACATTTCATAACCG-D2_NoStim,0,0,0,0,0,0,0,0
GGACGTCCAAGCGAGT-D2_NoStim,0,0,0,0,0,0,0,0
GGACGTCTCGCATGGC-D2_NoStim,0,0,0,0,0,0,0,0
GGAGCAAAGAGAACAG-D2_NoStim,0,0,0,0,0,0,0,0
GGAGCAAAGATGTCGG-D2_NoStim,0,0,0,0,0,0,0,0
GGAGCAAGTCGACTGC-D2_NoStim,0,0,0,0,0,0,0,0
GGAGCAATCACAGTAC-D2_NoStim,0,0,0,0,0,0,0,0
GGATGTTCAAGTTAAG-D2_NoStim,0,0,0,0,0,0,0,0
GGATTACCATTCGACA-D2_NoStim,0,0,0,0,0,0,0,0
GGCCGATCAGCTCGCA-D2_NoStim,0,0,0,0,0,0,0,0
GGCGACTCACAAGCCC-D2_NoStim,0,0,0,0,0,0,0,0
GGCGACTGTGGTGTAG-D2_NoStim,0,0,0,0,0,0,0,0
GGCGTGTAGACTAAGT-D2_NoStim,0,0,0,0,0,0,0,0
GGCGTGTAGTGTCTCA-D2_NoStim,0,0,0,0,0,0,0,0
GGCTCGAGTGAAATCA-D2_NoStim,0,0,0,0,0,0,0,0
GGCTGGTAGAGACTAT-D2_NoStim,0,0,0,0,0,0,0,0
GGCTGGTTCACAAACC-D2_NoStim,0,0,0,0,0,0,0,0
GGGACCTCACGGTAGA-D2_NoStim,0,0,0,0,0,0,0,0
GGGACCTGTTACGTCA-D2_NoStim,0,0,0,0,0,0,0,0
GGGACCTTCACAACGT-D2_NoStim,0,0,0,0,0,0,0,0
GGGACCTTCCACGTGG-D2_NoStim,0,0,0,0,0,0,0,0
GGGAGATCAAGGTGTG-D2_NoStim,0,0,0,0,0,0,0,0
GGGAGATGTGGGTCAA-D2_NoStim,0,0,0,0,0,0,0,0
GGGAGATGTTTAGCTG-D2_NoStim,0,0,0,0,0,0,0,0
GGGATGATCGGTGTTA-D2_NoStim,0,0,0,0,0,0,0,0
GGGCACTTCAAAGTAG-D2_NoStim,0,0,0,0,0,0,0,0
GGGCATCTCATAACCG-D2_NoStim,0,0,0,0,0,0,0,0
GGGTTGCAGCGACGTA-D2_NoStim,0,0,0,0,0,0,0,0
GGGTTGCAGTACCGGA-D2_NoStim,0,0,0,0,0,0,0,0
GGGTTGCTCGCGGATC-D2_NoStim,0,0,0,0,0,0,0,0
GGTATTGAGCCGCCTA-D2_NoStim,0,0,0,0,0,0,0,0
GGTGAAGGTGTTTGTG-D2_NoStim,0,0,0,0,0,0,0,0
GGTGCGTTCGCCAGCA-D2_NoStim,0,0,0,0,0,0,0,0
GGTGTTAAGTTAGCGG-D2_NoStim,0,0,0,0,0,0,0,0
GTAACGTAGTCGATAA-D2_NoStim,0,0,0,0,0,0,0,0
GTAACGTCAACTGCTA-D2_NoStim,0,0,0,0,0,0,0,0
GTAACTGTCGGATGGA-D2_NoStim,0,0,0,0,0,0,0,0
GTAACTGTCGGTCCGA-D2_NoStim,0,0,0,0,0,0,0,0
GTACGTAAGCTTATCG-D2_NoStim,0,0,0,0,0,0,0,0
GTACGTACACAGGTTT-D2_NoStim,0,0,0,0,0,0,0,0
GTACGTACATAGGATA-D2_NoStim,0,0,0,0,0,0,0,0
GTACTCCCATCACCCT-D2_NoStim,0,0,0,0,0,0,0,0
GTACTTTAGGCCGAAT-D2_NoStim,0,0,0,0,0,0,0,0
GTACTTTTCCTATGTT-D2_NoStim,0,0,0,0,0,0,0,0
GTAGGCCAGACACTAA-D2_NoStim,0,0,0,0,0,0,0,0
GTAGGCCAGTTCCACA-D2_NoStim,0,0,0,0,0,0,0,0
GTAGGCCCACATCCGG-D2_NoStim,0,0,0,0,0,0,0,0
GTAGGCCGTGCCTGGT-D2_NoStim,0,0,0,0,0,0,0,0
GTAGGCCGTTCGTGAT-D2_NoStim,0,0,0,0,0,0,0,0
GTAGTCACAGGGATTG-D2_NoStim,0,0,0,0,0,0,0,0
GTAGTCAGTGCAACTT-D2_NoStim,0,0,0,0,0,0,0,0
GTCAAGTGTGCATCTA-D2_NoStim,0,0,0,0,0,0,0,0
GTCACAACAGCTGTGC-D2_NoStim,0,0,0,0,0,0,0,0
GTCACGGGTAGGGTAC-D2_NoStim,0,0,0,0,0,0,0,0
GTCACGGGTGTTGGGA-D2_NoStim,0,0,0,0,0,0,0,0
GTCACGGTCCAATGGT-D2_NoStim,0,0,0,0,0,0,0,0
GTCACGGTCGCGCCAA-D2_NoStim,0,0,0,0,0,0,0,0
GTCATTTAGACTTGAA-D2_NoStim,0,0,0,0,0,0,0,0
GTCATTTAGATCCTGT-D2_NoStim,0,0,0,0,0,0,0,0
GTCATTTAGGATTCGG-D2_NoStim,0,0,0,0,0,0,0,0
GTCATTTGTAAAGGAG-D2_NoStim,0,0,0,0,0,0,0,0
GTCCTCACATAGGATA-D2_NoStim,0,0,0,0,0,0,0,0
GTCCTCAGTTTAAGCC-D2_NoStim,0,0,0,0,0,0,0,0
GTCGGGTCAAGTAGTA-D2_NoStim,0,0,0,0,0,0,0,0
GTCGGGTTCTGCCAGG-D2_NoStim,0,0,0,0,0,0,0,0
GTCGGGTTCTTTCCTC-D2_NoStim,0,0,0,0,0,0,0,0
GTCGTAAAGAGTCTGG-D2_NoStim,0,0,0,0,0,0,0,0
GTCGTAAAGTACGTAA-D2_NoStim,0,0,0,0,0,0,0,0
GTCGTAACAAGGTTTC-D2_NoStim,0,0,0,0,0,0,0,0
GTCGTAATCACCTTAT-D2_NoStim,0,0,0,0,0,0,0,0
GTCTCGTAGAGAGCTC-D2_NoStim,0,0,0,0,0,0,0,0
GTCTCGTCATGTTGAC-D2_NoStim,0,0,0,0,0,0,0,0
GTCTTCGCAAGCCGTC-D2_NoStim,0,0,0,0,0,0,0,0
GTCTTCGTCTCAAGTG-D2_NoStim,0,0,0,0,0,0,0,0
GTGAAGGCAGCTTAAC-D2_NoStim,0,0,0,0,0,0,0,0
GTGCATAAGGATATAC-D2_NoStim,0,0,0,0,0,0,0,0
GTGCATACATCACAAC-D2_NoStim,0,0,0,0,0,0,0,0
GTGCATAGTTACGTCA-D2_NoStim,0,0,0,0,0,0,0,0
GTGCATATCGCTTGTC-D2_NoStim,0,0,0,0,0,0,0,0
GTGCTTCAGCGTGTCC-D2_NoStim,0,0,0,0,0,0,0,0
GTGCTTCTCGACAGCC-D2_NoStim,0,0,0,0,0,0,0,0
GTGGGTCCATCCGTGG-D2_NoStim,0,0,0,0,0,0,0,0
GTGGGTCCATTACCTT-D2_NoStim,0,0,0,0,0,0,0,0
GTGTGCGCATAGGATA-D2_NoStim,0,0,0,0,0,0,0,0
GTGTGCGCATGCCTAA-D2_NoStim,0,0,0,0,0,0,0,0
GTGTGCGGTAGAGGAA-D2_NoStim,0,0,0,0,0,0,0,0
GTGTTAGGTAGCAAAT-D2_NoStim,0,0,0,0,0,0,0,0
GTGTTAGTCGCGCCAA-D2_NoStim,0,0,0,0,0,0,0,0
GTTAAGCAGCGCTTAT-D2_NoStim,0,0,0,0,0,0,0,0
GTTAAGCGTGCAACTT-D2_NoStim,0,0,0,0,0,0,0,0
GTTACAGCATCGGTTA-D2_NoStim,0,0,0,0,0,0,0,0
GTTACAGGTCGCGTGT-D2_NoStim,0,0,0,0,0,0,0,0
GTTACAGTCAACGCTA-D2_NoStim,0,0,0,0,0,0,0,0
GTTACAGTCACGCGGT-D2_NoStim,0,0,0,0,0,0,0,0
GTTACAGTCCTTTCTC-D2_NoStim,0,0,0,0,0,0,0,0
GTTCATTAGCAGACTG-D2_NoStim,0,0,0,0,0,0,0,0
GTTCATTAGCTGAAAT-D2_NoStim,0,0,0,0,0,0,0,0
GTTCATTAGTGCAAGC-D2_NoStim,0,0,0,0,0,0,0,0
GTTCATTAGTGTTTGC-D2_NoStim,0,0,0,0,0,0,0,0
GTTCATTCACAAGTAA-D2_NoStim,0,0,0,0,0,0,0,0
GTTCATTTCTGGCGTG-D2_NoStim,0,0,0,0,0,0,0,0
GTTCGGGCAGGTGGAT-D2_NoStim,0,0,0,0,0,0,0,0
GTTCGGGGTCTACCTC-D2_NoStim,0,0,0,0,0,0,0,0
GTTCGGGTCCGTACAA-D2_NoStim,0,0,0,0,0,0,0,0
GTTCTCGCAAGTTAAG-D2_NoStim,0,0,0,0,0,0,0,0
GTTCTCGCATAAAGGT-D2_NoStim,0,0,0,0,0,0,0,0
GTTCTCGCATGACATC-D2_NoStim,0,0,0,0,0,0,0,0
GTTTCTAGTCCGAACC-D2_NoStim,0,0,0,0,0,0,0,0
GTTTCTAGTCTCTTTA-D2_NoStim,0,0,0,0,0,0,0,0
GTTTCTAGTTAAGACA-D2_NoStim,0,0,0,0,0,0,0,0
TAAGAGAAGCCCAGCT-D2_NoStim,0,0,0,0,0,0,0,0
TAAGAGAAGTTGAGAT-D2_NoStim,0,0,0,0,0,0,0,0
TAAGCGTAGACAGGCT-D2_NoStim,0,0,0,0,0,0,0,0
TAAGCGTTCTTAACCT-D2_NoStim,0,0,0,0,0,0,0,0
TAAGTGCAGTCCATAC-D2_NoStim,0,0,0,0,0,0,0,0
TAAGTGCCACGAAACG-D2_NoStim,0,0,0,0,0,0,0,0
TAAGTGCGTCAGAATA-D2_NoStim,0,0,0,0,0,0,0,0
TAAGTGCTCTGGGCCA-D2_NoStim,0,0,0,0,0,0,0,0
TACACGAAGTTTGCGT-D2_NoStim,0,0,0,0,0,0,0,0
TACACGACATATGGTC-D2_NoStim,0,0,0,0,0,0,0,0
TACAGTGGTACAGTTC-D2_NoStim,0,0,0,0,0,0,0,0
TACAGTGGTCTTCGTC-D2_NoStim,0,0,0,0,0,0,0,0
TACAGTGTCCGAGCCA-D2_NoStim,0,0,0,0,0,0,0,0
TACCTTAAGCGATCCC-D2_NoStim,0,0,0,0,0,0,0,0
TACCTTAGTCTAAACC-D2_NoStim,0,0,0,0,0,0,0,0
TACGGATTCCTCTAGC-D2_NoStim,0,0,0,0,0,0,0,0
TACGGGCTCTGTCAAG-D2_NoStim,0,0,0,0,0,0,0,0
TACGGTAAGGGCTTGA-D2_NoStim,0,0,0,0,0,0,0,0
TACGGTAGTTATTCTC-D2_NoStim,0,0,0,0,0,0,0,0
TACGGTAGTTCTCATT-D2_NoStim,0,0,0,0,0,0,0,0
TACGGTAGTTGCGTTA-D2_NoStim,0,0,0,0,0,0,0,0
TACTCATCAAACTGCT-D2_NoStim,0,0,0,0,0,0,0,0
TACTCATTCAGGCAAG-D2_NoStim,0,0,0,0,0,0,0,0
TACTCATTCGGTTAAC-D2_NoStim,0,0,0,0,0,0,0,0
TACTCGCCAGACGTAG-D2_NoStim,0,0,0,0,0,0,0,0
TACTCGCGTCCTAGCG-D2_NoStim,0,0,0,0,0,0,0,0
TACTCGCGTCTTGATG-D2_NoStim,0,0,0,0,0,0,0,0
TACTTACCAAGGTTTC-D2_NoStim,0,0,0,0,0,0,0,0
TACTTACTCGTGGTCG-D2_NoStim,0,0,0,0,0,0,0,0
TACTTGTAGATATACG-D2_NoStim,0,0,0,0,0,0,0,0
TACTTGTAGGTGACCA-D2_NoStim,0,0,0,0,0,0,0,0
TACTTGTGTCCTCCAT-D2_NoStim,0,0,0,0,0,0,0,0
TAGACCAGTCTAAAGA-D2_NoStim,0,0,0,0,0,0,0,0
TAGAGCTAGGACAGCT-D2_NoStim,0,0,0,0,0,0,0,0
TAGAGCTCAGCGAACA-D2_NoStim,0,0,0,0,0,0,0,0
TAGAGCTCAGTATAAG-D2_NoStim,0,0,0,0,0,0,0,0
TAGAGCTGTTTCGCTC-D2_NoStim,0,0,0,0,0,0,0,0
TAGCCGGAGTGCGATG-D2_NoStim,0,0,0,0,0,0,0,0
TAGCCGGGTCAGCTAT-D2_NoStim,0,0,0,0,0,0,0,0
TAGCCGGGTCGACTAT-D2_NoStim,0,0,0,0,0,0,0,0
TAGGCATAGAAGGCCT-D2_NoStim,0,0,0,0,0,0,0,0
TAGGCATAGACTGTAA-D2_NoStim,0,0,0,0,0,0,0,0
TAGGCATCACTTCGAA-D2_NoStim,0,0,0,0,0,0,0,0
TAGGCATCATTTGCTT-D2_NoStim,0,0,0,0,0,0,0,0
TAGGCATTCAATACCG-D2_NoStim,0,0,0,0,0,0,0,0
TAGTGGTTCCCTCAGT-D2_NoStim,0,0,0,0,0,0,0,0
TAGTTGGAGTGTCCAT-D2_NoStim,0,0,0,0,0,0,0,0
TAGTTGGGTAGCTCCG-D2_NoStim,0,0,0,0,0,0,0,0
TATCAGGAGCAGGTCA-D2_NoStim,0,0,0,0,0,0,0,0
TATCTCACAAGCGAGT-D2_NoStim,0,0,0,0,0,0,0,0
TATCTCACACAGGTTT-D2_NoStim,0,0,0,0,0,0,0,0
TATCTCAGTACACCGC-D2_NoStim,0,0,0,0,0,0,0,0
TATCTCATCAGTGCAT-D2_NoStim,0,0,0,0,0,0,0,0
TATCTCATCCGCAAGC-D2_NoStim,0,0,0,0,0,0,0,0
TATCTCATCGGAGCAA-D2_NoStim,0,0,0,0,0,0,0,0
TATGCCCCAAGCGATG-D2_NoStim,0,0,0,0,0,0,0,0
TATGCCCCATGTTGAC-D2_NoStim,0,0,0,0,0,0,0,0
TATGCCCTCGCAAACT-D2_NoStim,0,0,0,0,0,0,0,0
TATTACCCAACACCTA-D2_NoStim,0,0,0,0,0,0,0,0
TATTACCCATTTCACT-D2_NoStim,0,0,0,0,0,0,0,0
TATTACCGTGCGAAAC-D2_NoStim,0,0,0,0,0,0,0,0
TATTACCTCCGTTGTC-D2_NoStim,0,0,0,0,0,0,0,0
TATTACCTCGGTTCGG-D2_NoStim,0,0,0,0,0,0,0,0
TCAACGAAGACTAGAT-D2_NoStim,0,0,0,0,0,0,0,0
TCAACGATCACAACGT-D2_NoStim,0,0,0,0,0,0,0,0
TCAATCTGTTATCCGA-D2_NoStim,0,0,0,0,0,0,0,0
TCAATCTTCGCTGATA-D2_NoStim,0,0,0,0,0,0,0,0
TCACAAGGTGATGTCT-D2_NoStim,0,0,0,0,0,0,0,0
TCACAAGGTTACAGAA-D2_NoStim,0,0,0,0,0,0,0,0
TCACGAACATGGTAGG-D2_NoStim,0,0,0,0,0,0,0,0
TCAGATGAGCTGGAAC-D2_NoStim,0,0,0,0,0,0,0,0
TCAGATGGTACCGCTG-D2_NoStim,0,0,0,0,0,0,0,0
TCAGATGTCACCATAG-D2_NoStim,0,0,0,0,0,0,0,0
TCAGCAAAGCCGATTT-D2_NoStim,0,0,0,0,0,0,0,0
TCAGCTCAGAGCTGGT-D2_NoStim,0,0,0,0,0,0,0,0
TCAGCTCGTACAGTGG-D2_NoStim,0,0,0,0,0,0,0,0
TCAGCTCGTAGCGATG-D2_NoStim,0,0,0,0,0,0,0,0
TCAGCTCTCAGGCAAG-D2_NoStim,0,0,0,0,0,0,0,0
TCAGGATGTCGCTTTC-D2_NoStim,0,0,0,0,0,0,0,0
TCAGGATTCGTACGGC-D2_NoStim,0,0,0,0,0,0,0,0
TCATTACCACAGATTC-D2_NoStim,0,0,0,0,0,0,0,0
TCATTTGAGGATCGCA-D2_NoStim,0,0,0,0,0,0,0,0
TCATTTGAGGTTACCT-D2_NoStim,0,0,0,0,0,0,0,0
TCATTTGAGTCCTCCT-D2_NoStim,0,0,0,0,0,0,0,0
TCATTTGCAGGGTACA-D2_NoStim,0,0,0,0,0,0,0,0
TCCACACAGTCCCACG-D2_NoStim,0,0,0,0,0,0,0,0
TCCACACGTCTAGCGC-D2_NoStim,0,0,0,0,0,0,0,0
TCCACACGTGACGGTA-D2_NoStim,0,0,0,0,0,0,0,0
TCCCGATCAGTACACT-D2_NoStim,0,0,0,0,0,0,0,0
TCCCGATGTGGTACAG-D2_NoStim,0,0,0,0,0,0,0,0
TCGAGGCAGTAGCGGT-D2_NoStim,0,0,0,0,0,0,0,0
TCGAGGCCAAGGGTCA-D2_NoStim,0,0,0,0,0,0,0,0
TCGAGGCCAGATGGCA-D2_NoStim,0,0,0,0,0,0,0,0
TCGAGGCTCGGATGGA-D2_NoStim,0,0,0,0,0,0,0,0
TCGCGTTCAATCTGCA-D2_NoStim,0,0,0,0,0,0,0,0
TCGCGTTTCCAAGTAC-D2_NoStim,0,0,0,0,0,0,0,0
TCGGGACCAACACGCC-D2_NoStim,0,0,0,0,0,0,0,0
TCGGGACCACGGTAGA-D2_NoStim,0,0,0,0,0,0,0,0
TCGGGACTCCTTGCCA-D2_NoStim,0,0,0,0,0,0,0,0
TCGGTAACACATGACT-D2_NoStim,0,0,0,0,0,0,0,0
TCGGTAATCAGTTGAC-D2_NoStim,0,0,0,0,0,0,0,0
TCGTACCCATAGAAAC-D2_NoStim,0,0,0,0,0,0,0,0
TCGTACCTCCACTCCA-D2_NoStim,0,0,0,0,0,0,0,0
TCTATTGAGAGGTACC-D2_NoStim,0,0,0,0,0,0,0,0
TCTATTGGTAGCGATG-D2_NoStim,0,0,0,0,0,0,0,0
TCTCATACAACTGCGC-D2_NoStim,0,0,0,0,0,0,0,0
TCTGAGACAGTACACT-D2_NoStim,0,0,0,0,0,0,0,0
TCTTCGGAGGCAAAGA-D2_NoStim,0,0,0,0,0,0,0,0
TCTTCGGCATGTCCTC-D2_NoStim,0,0,0,0,0,0,0,0
TCTTCGGTCGAATGGG-D2_NoStim,0,0,0,0,0,0,0,0
TCTTCGGTCTTCGGTC-D2_NoStim,0,0,0,0,0,0,0,0
TGAAAGACACAACGCC-D2_NoStim,0,0,0,0,0,0,0,0
TGAAAGACAGGCGATA-D2_NoStim,0,0,0,0,0,0,0,0
TGACAACCAGTTCATG-D2_NoStim,0,0,0,0,0,0,0,0
TGACGGCAGAAGGGTA-D2_NoStim,0,0,0,0,0,0,0,0
TGACGGCAGCCAGTTT-D2_NoStim,0,0,0,0,0,0,0,0
TGACTAGAGATCGATA-D2_NoStim,0,0,0,0,0,0,0,0
TGACTAGGTAGGGTAC-D2_NoStim,0,0,0,0,0,0,0,0
TGACTTTGTATTCTCT-D2_NoStim,0,0,0,0,0,0,0,0
TGAGAGGAGCGAAGGG-D2_NoStim,0,0,0,0,0,0,0,0
TGAGCATAGGGTATCG-D2_NoStim,0,0,0,0,0,0,0,0
TGAGCCGCACATTCGA-D2_NoStim,0,0,0,0,0,0,0,0
TGAGCCGCATTGGCGC-D2_NoStim,0,0,0,0,0,0,0,0
TGAGCCGGTAGAAGGA-D2_NoStim,0,0,0,0,0,0,0,0
TGAGCCGTCAGCAACT-D2_NoStim,0,0,0,0,0,0,0,0
TGAGGGAGTTATGTGC-D2_NoStim,0,0,0,0,0,0,0,0
TGATTTCTCCTTTCTC-D2_NoStim,0,0,0,0,0,0,0,0
TGCACCTCATGCCTAA-D2_NoStim,0,0,0,0,0,0,0,0
TGCCAAACACGACGAA-D2_NoStim,0,0,0,0,0,0,0,0
TGCCCATAGTTATCGC-D2_NoStim,0,0,0,0,0,0,0,0
TGCCCATCAAGAAGAG-D2_NoStim,0,0,0,0,0,0,0,0
TGCCCATCACATCCAA-D2_NoStim,0,0,0,0,0,0,0,0
TGCCCATGTCCCGACA-D2_NoStim,0,0,0,0,0,0,0,0
TGCCCTAAGACTAGAT-D2_NoStim,0,0,0,0,0,0,0,0
TGCCCTACAATCCAAC-D2_NoStim,0,0,0,0,0,0,0,0
TGCCCTAGTCCAGTAT-D2_NoStim,0,0,0,0,0,0,0,0
TGCCCTAGTTATCACG-D2_NoStim,0,0,0,0,0,0,0,0
TGCCCTAGTTCTGTTT-D2_NoStim,0,0,0,0,0,0,0,0
TGCGCAGAGGAATCGC-D2_NoStim,0,0,0,0,0,0,0,0
TGCGGGTCATCTGGTA-D2_NoStim,0,0,0,0,0,0,0,0
TGCGTGGGTACCGAGA-D2_NoStim,0,0,0,0,0,0,0,0
TGCTACCAGACCCACC-D2_NoStim,0,0,0,0,0,0,0,0
TGCTACCAGCTCAACT-D2_NoStim,0,0,0,0,0,0,0,0
TGCTACCAGTGCGTGA-D2_NoStim,0,0,0,0,0,0,0,0
TGCTACCCATGGGACA-D2_NoStim,0,0,0,0,0,0,0,0
TGCTACCTCAATAAGG-D2_NoStim,0,0,0,0,0,0,0,0
TGCTGCTAGGTGCTTT-D2_NoStim,0,0,0,0,0,0,0,0
TGGACGCAGACAGGCT-D2_NoStim,0,0,0,0,0,0,0,0
TGGACGCCAAACTGCT-D2_NoStim,0,0,0,0,0,0,0,0
TGGACGCGTCTAGCGC-D2_NoStim,0,0,0,0,0,0,0,0
TGGACGCGTTAAGACA-D2_NoStim,0,0,0,0,0,0,0,0
TGGACGCTCCCTCAGT-D2_NoStim,0,0,0,0,0,0,0,0
TGGACGCTCGTTTATC-D2_NoStim,0,0,0,0,0,0,0,0
TGGACGCTCTCACATT-D2_NoStim,0,0,0,0,0,0,0,0
TGGCCAGAGACAGGCT-D2_NoStim,0,0,0,0,0,0,0,0
TGGCCAGTCCTGCCAT-D2_NoStim,0,0,0,0,0,0,0,0
TGGCCAGTCGATCCCT-D2_NoStim,0,0,0,0,0,0,0,0
TGGGAAGTCTTCAACT-D2_NoStim,0,0,0,0,0,0,0,0
TGGGCGTAGGGCTTGA-D2_NoStim,0,0,0,0,0,0,0,0
TGGGCGTCACTAAGTC-D2_NoStim,0,0,0,0,0,0,0,0
TGGGCGTCAGCAGTTT-D2_NoStim,0,0,0,0,0,0,0,0
TGGTTAGAGTTAACGA-D2_NoStim,0,0,0,0,0,0,0,0
TGGTTAGAGTTGTAGA-D2_NoStim,0,0,0,0,0,0,0,0
TGGTTAGCAGACAAGC-D2_NoStim,0,0,0,0,0,0,0,0
TGGTTAGTCGACCAGC-D2_NoStim,0,0,0,0,0,0,0,0
TGGTTCCGTATCACCA-D2_NoStim,0,0,0,0,0,0,0,0
TGGTTCCTCGGAGCAA-D2_NoStim,0,0,0,0,0,0,0,0
TGGTTCCTCTGCTGCT-D2_NoStim,0,0,0,0,0,0,0,0
TGTATTCCAGTCACTA-D2_NoStim,0,0,0,0,0,0,0,0
TGTATTCCATGTTGAC-D2_NoStim,0,0,0,0,0,0,0,0
TGTATTCGTGACAAAT-D2_NoStim,0,0,0,0,0,0,0,0
TGTATTCTCTTACCTA-D2_NoStim,0,0,0,0,0,0,0,0
TGTCCCAAGGGATGGG-D2_NoStim,0,0,0,0,0,0,0,0
TGTCCCAGTCCGTTAA-D2_NoStim,0,0,0,0,0,0,0,0
TGTCCCATCAGCAACT-D2_NoStim,0,0,0,0,0,0,0,0
TGTCCCATCGCAGGCT-D2_NoStim,0,0,0,0,0,0,0,0
TGTGGTAAGAATGTTG-D2_NoStim,0,0,0,0,0,0,0,0
TGTGGTACACACCGCA-D2_NoStim,0,0,0,0,0,0,0,0
TGTGGTACAGTGAGTG-D2_NoStim,0,0,0,0,0,0,0,0
TGTGTTTCAGAGTGTG-D2_NoStim,0,0,0,0,0,0,0,0
TGTGTTTGTACCAGTT-D2_NoStim,0,0,0,0,0,0,0,0
TGTTCCGGTTCAGGCC-D2_NoStim,0,0,0,0,0,0,0,0
TGTTCCGTCTGCAAGT-D2_NoStim,0,0,0,0,0,0,0,0
TTAACTCAGGCGCTCT-D2_NoStim,0,0,0,0,0,0,0,0
TTAACTCGTCTTGCGG-D2_NoStim,0,0,0,0,0,0,0,0
TTAGGACTCGCACTCT-D2_NoStim,0,0,0,0,0,0,0,0
TTAGTTCAGAAGGTTT-D2_NoStim,0,0,0,0,0,0,0,0
TTAGTTCAGTTTAGGA-D2_NoStim,0,0,0,0,0,0,0,0
TTAGTTCCAACACCCG-D2_NoStim,0,0,0,0,0,0,0,0
TTAGTTCCATTAGCCA-D2_NoStim,0,0,0,0,0,0,0,0
TTAGTTCGTACCGCTG-D2_NoStim,0,0,0,0,0,0,0,0
TTAGTTCTCTTGCAAG-D2_NoStim,0,0,0,0,0,0,0,0
TTATGCTGTCTCTTAT-D2_NoStim,0,0,0,0,0,0,0,0
TTCCCAGGTGAGTATA-D2_NoStim,0,0,0,0,0,0,0,0
TTCCCAGTCGAACGGA-D2_NoStim,0,0,0,0,0,0,0,0
TTCGAAGCATGAAGTA-D2_NoStim,0,0,0,0,0,0,0,0
TTCGAAGTCATGTAGC-D2_NoStim,0,0,0,0,0,0,0,0
TTCGAAGTCGGCGCTA-D2_NoStim,0,0,0,0,0,0,0,0
TTCTACACATTCCTGC-D2_NoStim,0,0,0,0,0,0,0,0
TTCTACATCCTTTACA-D2_NoStim,0,0,0,0,0,0,0,0
TTCTCAAAGAGTAATC-D2_NoStim,0,0,0,0,0,0,0,0
TTCTCAATCCACGCAG-D2_NoStim,0,0,0,0,0,0,0,0
TTCTCAATCTTTCCTC-D2_NoStim,0,0,0,0,0,0,0,0
TTCTCCTGTAAGGGAA-D2_NoStim,0,0,0,0,0,0,0,0
TTGAACGCATAGAAAC-D2_NoStim,0,0,0,0,0,0,0,0
TTGAACGTCACGCGGT-D2_NoStim,0,0,0,0,0,0,0,0
TTGAACGTCTTAACCT-D2_NoStim,0,0,0,0,0,0,0,0
TTGACTTTCCACTCCA-D2_NoStim,0,0,0,0,0,0,0,0
TTGCCGTCAGGGCATA-D2_NoStim,0,0,0,0,0,0,0,0
TTGCGTCTCCCTTGTG-D2_NoStim,0,0,0,0,0,0,0,0
TTGCGTCTCTGCTGTC-D2_NoStim,0,0,0,0,0,0,0,0
TTGGAACAGATGTGGC-D2_NoStim,0,0,0,0,0,0,0,0
TTGGCAACAAGGACAC-D2_NoStim,0,0,0,0,0,0,0,0
TTGGCAACAGTCTTCC-D2_NoStim,0,0,0,0,0,0,0,0
TTGGCAATCTAAGCCA-D2_NoStim,0,0,0,0,0,0,0,0
TTGTAGGGTCTGGAGA-D2_NoStim,0,0,0,0,0,0,0,0
TTTATGCAGGTGATAT-D2_NoStim,0,0,0,0,0,0,0,0
TTTATGCAGTCCTCCT-D2_NoStim,0,0,0,0,0,0,0,0
TTTATGCGTTACTGAC-D2_NoStim,0,0,0,0,0,0,0,0
TTTATGCTCCGCATAA-D2_NoStim,0,0,0,0,0,0,0,0
TTTGCGCAGAATTGTG-D2_NoStim,0,0,0,0,0,0,0,0
TTTGCGCTCACGCGGT-D2_NoStim,0,0,0,0,0,0,0,0
TTTGTCAAGATAGGAG-D2_NoStim,0,0,0,0,0,0,0,0
TTTGTCACACATGTGT-D2_NoStim,0,0,0,0,0,0,0,0
TTTGTCAGTTCGCGAC-D2_NoStim,0,0,0,0,0,0,0,0
