cell_barcode,factor_1,factor_2,factor_3,factor_4,factor_5,factor_6,factor_7,factor_8
AAACGGGAGCTATGCT-D1_Stim,-0.13027412149689255,-0.02819239714508548,-0.16177776275682998,0.1542977485945496,0.04269857118921294,0.12223718658737859,0.724907745148963,0.0890596822137173
AAACGGGCAAGACACG-D1_Stim,0.05954226835658538,0.0252315630753408,0.07874852387609277,0.09023840503051339,0.1610466262014647,0.07555083342692015,0.1297441667549748,0.009048491286369753
AAACGGGGTGCACCAC-D1_Stim,-0.02019651664234523,-0.04804392887606923,-0.08907428585192534,0.05347486819090541,0.12196172661358595,0.15143470703208628,0.4375962693419986,0.06443642560095064
AAAGATGAGTACGCCC-D1_Stim,0.11968499291259427,0.015218267945018127,0.12496790537876912,0.04725353869366167,0.4139356359560349,0.028755442141804366,0.12262478177332525,0.014689315405684411
AAAGATGCAATAGCAA-D1_Stim,-0.11188028468198752,-0.09055566040299823,-0.19413654352807885,0.11047054184211191,0.036645919129039584,0.057512553304913894,0.5989436155780581,0.1349452790374599
AAAGCAAAGAGCTATA-D1_Stim,-0.014638845888832464,-0.04601864188136595,-0.09050227810327005,0.09916840290438422,0.05574822597898077,0.026182299061996872,0.4516169986989347,0.07871374611966786
AAAGCAAAGTACACCT-D1_Stim,-0.020642119806996817,0.019571883153783887,-0.0905461184323304,0.1593946213408639,-0.02766341061453481,0.20673738724839552,0.614891137393105,0.09006976200067562
AAAGCAATCTATGTGG-D1_Stim,0.09002382823440946,0.0025092714507213287,0.05576297973710975,0.02091889879279485,0.500399360869773,0.03075494644951071,0.08848351786256359,-0.0034013222442510482
AAATGCCCAGTCGATT-D1_Stim,-0.03831729810125495,-0.025206565322356767,-0.2852662550442666,0.17410724245833897,0.12953819911904496,0.1859150205115423,0.7360662390426302,0.09878610864919146
AAATGCCGTCCGCTGA-D1_Stim,0.03258519208651123,0.01919692161959219,0.06079563398656607,0.06563350254427469,0.12257580046228789,0.03798505913955097,0.14677071570910627,0.02272810248000745
AAATGCCGTTAGATGA-D1_Stim,0.026196753765672653,-0.04675201278833363,-0.05139784497366051,0.11916105989593184,0.07509933676232627,0.1689188190608526,0.36607141226473594,0.08967659564348551
AACACGTTCGAACGGA-D1_Stim,-0.13652995220284048,-0.04363622306008885,-0.01087292335859047,-0.0027591718248682895,0.10825864088300996,0.025119539093065413,0.034274751513475366,0.009368203829204447
AACCATGAGACATAAC-D1_Stim,0.05821340269757869,0.061463652073170394,0.08460987965933864,0.10242858285168488,0.1986436867905308,0.0610980822004592,0.07207944044461456,0.040724868148325655
AACCGCGAGGTAGCCA-D1_Stim,-0.14471623412440415,-0.04441949172250581,-0.21261609760653322,0.13042488951574427,0.1188477740585725,0.0873045743567733,0.45397317525412095,0.031043557715051406
AACCGCGCAATGAATG-D1_Stim,0.029539647906823063,-0.007324662073791899,-0.02124197403490502,0.0857210880073378,0.13004410521451248,0.1133622305001527,0.19167900688427153,0.0860535958647013
AACCGCGGTACACCGC-D1_Stim,0.06024702555004602,0.0548374774675473,0.07065873991521521,0.08776841452280415,0.1861153104787796,0.03343450692313432,0.07912613934811574,0.04175649975513096
AACCGCGGTTCTCATT-D1_Stim,0.05892204850249527,-0.015965537031423338,-0.04400949347377647,0.028328696233366202,0.057594956762702765,0.06035853347930953,-0.003310854462606372,0.07431357440348307
AACTCAGCACAACTGT-D1_Stim,-0.10092914251841911,-0.03515453581156436,-0.2708175632437477,0.10396640348395358,-0.040862999339108086,0.19828901563946744,0.4688840712211846,0.0882782401724338
AACTCAGGTTTGGCGC-D1_Stim,-0.00031814943780439364,0.05570994170503951,0.0004229748697364144,0.096807547954052,0.1900475308138745,0.10364310770522245,0.2126105505308118,0.057292364405592267
AACTCCCTCCTCAACC-D1_Stim,-0.09736426729566006,-0.02797767071231405,-0.24554748986445407,0.09367303536205185,-0.07677911803108017,0.01622401731997236,0.4127104224211866,0.05644875313045006
AACTCTTCACTTACGA-D1_Stim,0.12942020376002183,0.030667620437039744,-0.03363526898511715,0.1111061334865866,0.35984453383813353,0.20492121529195728,0.35778727217810413,0.08250797779392904
AACTCTTCATGGTCTA-D1_Stim,-0.01596568361736672,-0.025068013270676204,-0.22548936238566952,0.1408197561746043,0.20168340537030716,0.22746486378052921,0.5028508602072499,0.09572318631391674
AACTCTTGTCTAGTGT-D1_Stim,-0.01512201129936841,0.013181314160155111,-0.05173197855183176,0.13320304185186949,0.07724822977889545,0.14049497472704253,0.2030673109390424,0.08319442211758243
AACTCTTGTGTGAATA-D1_Stim,-0.0006181761070944702,0.023656722049594237,0.15587087303356562,0.0729032908651579,0.13051595920167713,0.032157916991366164,-0.05165174562628394,0.08470018780647948
AACTGGTAGTGGACGT-D1_Stim,0.2282901674188551,0.22147993436628433,0.4048859115140413,0.03582308637987097,0.4017662992791795,0.08659382874924226,-0.5323856612503022,0.0028853321127773057
AACTGGTGTGCCTGGT-D1_Stim,-0.039932779731381984,-0.016994515685592404,0.0017520948950275894,0.1151275646534522,0.18847891193659372,0.08138210267325086,0.3239097252752643,0.0716120448112676
AACTTTCCATGCCACG-D1_Stim,-0.022243271224793304,-0.08683969655629298,-0.07617771591426337,0.1342205740326996,0.1066630751023272,0.15974566928625222,0.34852962033875023,0.1321511637229822
AACTTTCTCTGTTTGT-D1_Stim,-0.1744822488848925,-0.08329223444165024,-0.07009600334964183,0.055973589281395064,0.18159197299182495,-0.10928569259655241,1.0055548220792847,-0.009691368062169303
AAGACCTCACTCTGTC-D1_Stim,-0.009012305132136689,0.012459397774154723,-0.007546005093828967,0.07590025164865466,0.27960516285284776,0.03870820709235723,-0.014062030344035747,0.03497125243269217
AAGACCTCATAAGACA-D1_Stim,-0.05476776945219797,-0.08856141136064899,-0.19473489217560136,0.0704732027758439,0.05728863026716624,0.022957088878239773,0.4453692276290475,0.029546628024327504
AAGACCTGTGTGCCTG-D1_Stim,-0.1121199068508929,-0.07295067598645488,-0.12108426612882539,-0.04978938852273984,0.1489233616457568,-0.08082989026974197,0.11922711475843961,-0.021010209274530567
AAGCCGCCAGCCACCA-D1_Stim,0.08437354975326272,0.021129860937923794,-0.09442879894062184,0.07950044225379038,0.19584630680631854,0.16899767524792786,-0.061281883345930765,0.07049931057704661
AAGCCGCTCGGTTCGG-D1_Stim,-0.104918301098337,-0.0568332783919292,-0.2010881599545975,0.1030269003645703,0.12074306879098273,-0.00724341684855645,0.7328096911033963,0.04782769116754615
AAGCCGCTCTCAACTT-D1_Stim,0.0008515890425098149,-0.017001400625241914,-0.19471950617335487,0.12606155859615065,-0.026328334091505923,0.19823712045752373,0.578112890667617,0.08985553662554757
AAGGAGCGTCGTCTTC-D1_Stim,-0.005041414131587985,0.07077273323046107,-0.006333632732165029,0.0433116083094891,0.09795243382666818,0.03916688566985904,-0.09986333916784318,0.11370552178345683
AAGGAGCGTTAAGATG-D1_Stim,0.023215364692834584,0.030067156715022136,0.030799763208637643,0.004677615982989991,0.14918312039318238,0.0745085269509076,0.008054709306467345,0.011435165363499422
AAGGTTCTCAACACTG-D1_Stim,0.06337048678334511,0.05011689707479228,0.03925486689498214,0.03378131660048389,0.1302648153288537,-0.03510574150214474,0.11601879268511084,0.007474957385619874
AAGGTTCTCCACGACG-D1_Stim,0.005276768250514152,0.04681327733202956,0.11781929163692961,0.001745448429355534,0.2624049585447583,0.03779572125270114,-0.10039383583307426,0.06248077808644403
AAGTCTGAGAGTGAGA-D1_Stim,-0.059862205420300185,0.01192094440058078,0.03363008660126532,0.08380866671754106,0.06239720357580936,0.03263480178903855,0.10889394878176262,0.08762515965766937
AAGTCTGAGCTGTCTA-D1_Stim,-0.01139938347610503,0.0020209402460462655,-0.011407021868718559,0.02903445407891958,0.18718715763146854,-0.019781456241286577,0.4004939200523765,0.01479976740739275
AAGTCTGTCATGGTCA-D1_Stim,0.05162108350107175,-0.003288016494117585,0.07268853720144186,0.03740754641484756,0.20504716494381015,0.036460815639232536,0.24989656709859176,0.02813227492432091
AAGTCTGTCTCGGACG-D1_Stim,0.07276868549833893,-0.002772024194158007,-0.0300374419107845,0.119975922342892,0.1417414165612687,0.16801334296644832,0.4671262802952434,0.12280052085277227
AATCCAGAGGCGATAC-D1_Stim,-0.019095281511868123,-0.010937862784414776,0.00024563291661294784,0.04747565719806879,0.28425534727390556,0.04223058545252201,0.11871955460527772,0.024518557171855804
AATCCAGCAATCGGTT-D1_Stim,-0.04269404873212679,-0.07785465899484123,-0.2444552055419189,0.0949103617162077,0.015959740439816628,0.06463915666079068,0.39820926883984953,0.06830686528228824
AATCCAGGTGTGAAAT-D1_Stim,0.029858950437775533,0.03539518318595647,0.032561820821128684,0.06726278226916449,0.21990448706045207,0.05267165420230846,0.11289020186227461,0.04702265201121847
AATCGGTCAGATGGCA-D1_Stim,0.048204744735732774,-0.02679304089175716,-0.08730999801861294,0.11179927569518888,0.18954955745831903,0.04948726742418863,0.326793252921739,0.02217469638259395
ACACCAATCTGGTGTA-D1_Stim,0.10321053825480497,0.044337222156045186,0.08284526061338493,0.09471101304564655,0.22080057853944446,0.03462481591023625,0.0741585074636184,0.011898986406185585
ACACCCTCAAGCGCTC-D1_Stim,0.1399979976805934,0.027627628547557848,0.19827046844397866,0.03520865621952041,0.5247015514994668,0.07301623284597625,0.10332437812421347,0.006436462846384217
ACACCCTGTCAGAATA-D1_Stim,0.019765253208964495,0.013447741466828589,0.04844127610023463,0.0748266096529715,0.21843832029142796,-0.016345839660193207,0.15824620647548215,0.02396696553352129
ACACCCTGTCCAGTTA-D1_Stim,-0.0645480477033793,-0.04247855364384989,-0.1464064739386286,0.08436149328259468,0.08188825146324952,0.15657727919629494,0.3031098387051294,0.09885185798754925
ACACCCTTCCACGAAT-D1_Stim,-0.22119842699101078,-0.04015588467557585,-0.27573434647136974,0.14455964542135114,-0.02206563114645732,-0.0019938697068049294,0.8201850346352373,0.07337063454999893
ACACCCTTCCGGGTGT-D1_Stim,-0.061693283292882484,-0.1070270866829297,-0.2811524608091016,0.026878950651454403,-0.04495368527463839,0.17341082320132273,0.3902228260120255,-0.0136415569510131
ACACCGGAGAATAGGG-D1_Stim,-0.050544963886595795,-0.015131221391632366,-0.08497194229013072,0.10501761128885434,0.1322028159997668,0.04017938920993025,0.46301244895184723,0.063837600159113
ACACCGGAGGAACTGC-D1_Stim,-0.12522957482322106,-0.060428566739766154,0.1313490397580921,-0.0043649649032495574,0.33184049952535055,-0.1006188097980889,0.7616112571336249,-0.03551841134963318
ACACCGGTCAAGGTAA-D1_Stim,-0.16572813315905677,-0.08959151060098058,-0.00806866111696003,0.04868890661567882,0.19856640806674797,-0.03752225533128417,0.8434983636408795,0.008148948715286153
ACACTGAGTCGTCTTC-D1_Stim,-0.08998295442855841,0.005093224620841497,-0.15525456769489399,0.17321603679103248,0.03215513908261336,0.11291448226509182,0.4503332862872753,0.1123537850924361
ACACTGAGTGTTTGGT-D1_Stim,-0.04872692940357659,0.008041529339303466,-0.05778781722127668,0.15578845193023838,0.07367908302322945,0.04650275797019354,0.2552198688773579,0.13810881595066604
ACAGCCGAGATAGTCA-D1_Stim,-0.04707038875895897,0.03268198482495954,0.12672105974327152,0.16247704219630243,-0.2244939459149471,0.1220040828472353,0.462245673948507,0.0948994322370531
ACAGCCGAGTGGCACA-D1_Stim,0.018197533992562853,-0.013570064062479403,0.050135934598387166,0.0626209690146311,0.1124233686008882,0.058643432790862704,0.306130745974567,0.05039996567758287
ACAGCCGCATGGGAAC-D1_Stim,-0.03278133630196578,0.0378563839944519,-0.08473926905541251,0.12443646314004653,0.07552820034672081,0.09238557243736167,0.004996654293567104,0.1368055459959745
ACAGCCGGTAAGAGGA-D1_Stim,-0.02497359080640038,-0.04278809217434798,0.032283989343421915,-9.285935393776867e-05,0.04471073131549552,-0.0718504966896436,0.8865603278485423,-0.011410652680931221
ACAGCTAGTGTTTGGT-D1_Stim,0.006441052461346075,0.0019173791871374135,0.0397702835353142,0.06738165536526708,0.1641283515129519,0.029058870405396675,0.2248503947710283,0.004481250121770586
ACAGCTATCCGGCACA-D1_Stim,0.007413159172688921,-0.01896782258068619,-0.07367892126692421,0.12960885955196133,0.08660656741358963,0.1448033573321723,0.18567578673062712,0.06896953371847125
ACAGCTATCTCCCTGA-D1_Stim,-0.023572477989091567,0.005415663044242791,0.05077637499179222,0.06679012478517166,0.11186718517266314,0.025412968279532322,0.15751901639496424,0.09161300202214662
ACAGCTATCTTACCGC-D1_Stim,-0.0022178297159456406,-0.02353594143462523,-0.0022491287438235474,0.06787208911246267,0.13823973375890652,0.04713311312877089,0.22867644154682054,0.040330877421403954
ACATACGAGACAAGCC-D1_Stim,-0.022639045556342552,-0.047262321350679315,0.015497118601847326,0.05978194749822485,0.14506576694502904,-0.023647486672757623,0.2065890611361887,0.023111697030442357
ACATACGAGATGAGAG-D1_Stim,0.12299711512311262,0.08105800790664297,0.029243692113595898,0.14837820074245123,0.22308890607104992,0.13425996648879668,0.16313201843016856,0.07888450982891726
ACATACGAGTTGCAGG-D1_Stim,0.002636039390187861,0.00553031812137128,0.04501535825537584,0.12128510046392726,0.12568427234038104,0.08348791168539194,0.11297215743245559,0.07503872028521741
ACATACGCATCACAAC-D1_Stim,-0.04705111312946286,-0.03678324135370126,-0.12234561748830597,0.09100888112046057,0.12121135468934519,0.02524152262755841,0.6593632985828304,0.05433422568827595
ACATACGCATTCTTAC-D1_Stim,0.1220900991177416,0.06038750505556045,0.16448770587700157,0.08287702441237066,0.2992557487195544,0.09244364119357407,0.18610588994147648,0.060464885122071266
ACATACGGTGCAGGTA-D1_Stim,-0.04037081494338679,-0.05407084086397873,-0.10536749815723212,0.018331473980666146,0.22426857529340083,0.03177471820003852,0.16200482306975417,0.01415044072394167
ACATACGTCTGTTGAG-D1_Stim,0.029048317553970193,-0.0012104122613063595,0.26103832079758327,-0.05574985928179643,0.22627146065832981,-0.2567190793272225,0.4569032895196017,-0.01398940538735971
ACATCAGAGGCTAGCA-D1_Stim,-0.030730400150154935,-0.009063143001929674,-0.025065912711198735,0.03994147041569995,0.2135504768141434,0.049549783051316965,0.3826135353736486,0.024063975910882718
ACATCAGCATGTAAGA-D1_Stim,-0.01737539117514686,0.02217430530005693,0.08404328350331447,0.17041149333044636,-0.1650371378530373,0.11552272546309261,0.685662073634635,0.11844384446233214
ACATGGTGTATAGTAG-D1_Stim,-0.12541618982663216,-0.0648667019533633,-0.030709748158932904,0.027246192116418655,0.14042431187486848,-0.17159559717244832,0.6075326902065363,-0.008056640734416476
ACATGGTGTCGATTGT-D1_Stim,-0.08728599933372472,-0.016367083665777216,-0.07544784436628849,0.09967145193864901,0.033297541513020334,-0.0016859548071650465,0.24202423146417473,0.09219904570229431
ACATGGTTCGGTCTAA-D1_Stim,0.015475219322851785,0.01791374936559542,-0.29137525676480003,0.12093665491831018,0.027942595030173933,0.21769490472823527,0.3237386325598788,0.10407985416445165
ACCAGTACAAGGTTTC-D1_Stim,-0.03478856927539198,0.00036753605028749803,0.01778509389504368,0.039944444025065806,0.12948384858798434,-0.028772769856646008,0.052553141425434546,0.028397457082661504
ACCCACTCACACAGAG-D1_Stim,-0.014547549227215129,0.013286664444303042,0.034924780050905824,0.07100661232277972,0.20221391713992354,-0.007521127668143279,0.06452512141535394,0.020315982396940768
ACCCACTCATGAACCT-D1_Stim,0.16736264910307597,0.0708008427243314,0.16175737478419983,0.04101581626834694,0.2511246514545693,0.15174456602802167,-0.013489314445514822,0.06397358982088086
ACCCACTTCACATACG-D1_Stim,-0.06379720749938578,-0.004971124343208899,-0.08654338664818795,0.12107423573698384,0.07699303137379587,0.07601403471156054,0.6409973110883609,0.07776833278886564
ACCCACTTCACGAAGG-D1_Stim,-0.00485504693648231,-0.022291874944563972,0.04546112581781081,0.05280365732540737,0.06162192973281577,0.11986610864435221,0.2668613392664252,0.03912927128413912
ACCGTAAAGGCTAGAC-D1_Stim,-0.035429163714791656,-0.031430904545779015,-0.17629044785646464,0.13789969176657912,0.07137056992509194,0.15748501932729475,0.5506895391199453,0.10628160812300358
ACCGTAACACGGTTTA-D1_Stim,-0.06730928090430766,-0.04977359908819601,-0.0008497806517882012,0.0937360006662189,0.18548315273998028,0.0009868790735332311,0.2780086893833662,0.07170065507260936
ACCGTAATCGCATGAT-D1_Stim,0.1165737764583632,0.0841088200093747,0.18114531224818986,0.021440549390081998,0.1850642771570694,0.004142595631236645,-0.023500304560645446,0.030483513363284587
ACCTTTAAGCTCCTCT-D1_Stim,-0.0394634285294142,-0.051311474881270414,-0.20710904738368185,0.15222870081315243,0.1557169634046005,0.1919616342757653,0.5348534325031586,0.05101397321032586
ACCTTTACAAGTCATC-D1_Stim,-0.030463840370472894,-0.05776524477227696,-0.1333392012788286,0.11409435031385584,0.10927510377315564,0.021882109248307913,0.31994423906348857,0.04769638118502506
ACCTTTACACACAGAG-D1_Stim,0.023910075756241156,0.017392146834140476,0.005529649403229087,0.04643149857500717,0.1293300199312526,0.0680347415911342,0.06177185692970255,0.028390597118647776
ACGAGCCCACATAACC-D1_Stim,-0.08862945880770035,-0.046383181277164454,0.011892439799916943,-0.03717678287111248,0.12957264082509568,-0.13114252324923292,0.4510738104943819,-0.04729901793460378
ACGAGCCTCCTTTCGG-D1_Stim,-0.05399417127008377,0.009608628610688896,-0.018098429702512853,0.053037203382430675,0.09578510847920718,-0.006185471169601442,-0.028805036565163533,0.025495374656580694
ACGAGGAAGGGTTTCT-D1_Stim,-0.013504962120842734,0.02679770740725651,0.032261299573904445,0.07667080941088322,0.0998313182487287,0.03825101050979107,0.17347554312456737,0.08603079440039352
ACGAGGACACCTATCC-D1_Stim,0.12163778683199666,0.029974937366754162,0.08479042082078347,0.04830996333261517,0.31173936577832784,0.021097268307038064,0.13773865187102174,-0.0024407429369581735
ACGAGGATCCAATGGT-D1_Stim,0.0581441783726806,0.05772805449732488,0.08140602690209775,0.09165464288522607,0.11832209050871967,0.04706309266169484,0.039300256061938654,0.05195916813798007
ACGATACTCATCACCC-D1_Stim,-0.06482827628495258,-0.11241855367277331,-0.29379578549394214,0.10089525978759895,0.13237217758724462,0.09074308210283988,0.5385448655678324,0.008081023612049876
ACGATGTAGGTTACCT-D1_Stim,-0.02240828279310314,-0.03398024070869177,-0.061878490129654296,0.08878943196022071,0.20952934758478037,0.047595973077191545,0.196322482489947,0.03500070286979984
ACGCAGCAGGGTTCCC-D1_Stim,-0.015746962245655638,0.005765317124804881,-0.01761118818197005,0.19126452771517855,0.12998184296362147,0.18375111435616098,0.608576762846301,0.07922107145421542
ACGCAGCGTATTCTCT-D1_Stim,-0.049631177950310246,0.007915098912770091,-0.034156231181447616,0.0366423836833949,0.13639339671184025,0.016387198167068462,-0.036218231863447414,0.03600157773630208
ACGCAGCGTGCCTGCA-D1_Stim,0.04471332924973126,-0.022470983732105765,-0.010577855497535538,0.043638121275739294,0.09882133298233242,0.0371732545580894,0.037168990925882994,0.05647609585114033
ACGCAGCTCGAACTGT-D1_Stim,-0.027909430025163218,0.002955114885544674,0.0024376546713451575,0.054740979401845635,0.14174331211633096,-0.0017613479901879003,0.0318198394475111,0.03266283169067208
ACGCCAGCACCGGAAA-D1_Stim,-0.0991196210394154,-0.01391340980400102,-0.13312578891611526,0.1062721559584201,-0.03574108500737694,-0.03484756260404431,0.18796233064970025,0.08770721312227003
ACGCCAGGTCAATGTC-D1_Stim,-0.05567975210817444,0.013002770565480049,-0.08765320205002958,0.03933435616333014,0.08628034538738483,0.019468988744788973,-0.0198491712418587,0.018655740417392153
ACGCCAGGTCCAGTAT-D1_Stim,0.033687909584966036,0.02244909057685973,0.13855635278942557,0.0033998184831904865,0.23819446884806794,-0.032389428905178264,0.07146083858685515,0.00036497408056668235
ACGGCCAAGAAACCTA-D1_Stim,-0.012053828867866656,-0.0065075430410637125,-0.07763926463053306,0.05657656573322711,0.2502363508320009,-0.01310509648523528,0.1750411826082363,0.023995094239801062
ACGGGCTCAAGTCATC-D1_Stim,0.026176821658255633,0.0029358996061699116,-0.14201371031608012,0.0743201788027612,0.3431767695257264,0.18893186971197196,0.2553385063199247,0.095939761035158
ACGGGTCAGATCCGAG-D1_Stim,-0.20314511832927096,-0.05149485778073348,-0.29892100353425644,0.15513788534500605,-0.07780616102938964,0.11225355220345712,0.7047274232073093,0.07760497772870067
ACGGGTCAGCGATGAC-D1_Stim,-0.04660108905194349,0.027279011964457922,-0.058451284286408445,0.05464578288165889,0.07581165035976056,0.02910656759317476,-0.06456405962035561,0.04407519390789005
ACGGGTCGTCAACTGT-D1_Stim,0.12250523518768475,0.0273333792909618,0.21835249249750088,0.00786328399094316,0.1447215781209099,0.176917405697127,0.002743485461678574,0.06749036247406437
ACGTCAAAGTCTCGGC-D1_Stim,0.021951733621282443,0.010810364026507813,0.05303808092184692,0.09918906625019375,0.2007762900909782,0.03663619685619324,0.24384841025516835,0.04347246497195911
ACGTCAAGTCCATGAT-D1_Stim,-0.11967577742932889,0.00677590571938147,-0.20849990135358887,0.12629809733505049,-0.05793513653980931,0.031297390653080015,0.06734224788183596,0.12240266927519272
ACTATCTCAACTGGCC-D1_Stim,-0.15930994777147411,-0.02205534773432305,-0.40135781280285343,0.1553413744278327,0.1993194587147098,0.1441328537792934,0.6681610229720416,0.057523310859300736
ACTATCTTCCATTCTA-D1_Stim,0.08896181475624942,0.0357424520450671,0.07951243424633425,0.03987342750481382,0.34366287561062236,0.010001496431140566,0.07604299666025227,0.007976824052510878
ACTGAACCACCTGGTG-D1_Stim,0.0037101641698153998,-0.02840129258212798,-0.032188651483247455,0.039039396183747854,0.19964654428063966,0.015133903067116705,0.07887777939181362,0.015690925922223542
ACTGAACGTAGAGCTG-D1_Stim,0.014946390889832628,0.06257034547102158,0.16330749048030135,0.016981745172103047,0.1615607107371666,0.0330149378198108,0.06488115148274787,0.03528903577224085
ACTGAACGTTCAACCA-D1_Stim,-0.12178976340186409,-0.07028782743607387,-0.3320915626288805,0.2345251162112092,0.0628789723484342,0.2818152321451901,0.9084670971069375,0.08515826307826657
ACTGAGTAGCCAGAAC-D1_Stim,-0.032532583756044176,0.018054241756196632,0.006501472737174829,0.08630594224753985,0.0874000720667869,0.05542816403739437,0.07511380226270958,0.10784264479958416
ACTGAGTAGGACACCA-D1_Stim,-0.017321213971541738,-0.02836698043089214,0.10903474764049648,0.03462509402412195,0.3371401353913317,0.023185754083309362,0.26415306242664727,0.022039398888985318
ACTGAGTAGGCTCTTA-D1_Stim,0.06195862674040953,0.06079015234241325,0.27474425358371857,-0.045298193429538,0.22778359851678864,0.09819852489438041,-0.18414892217374224,0.022767182443599765
ACTGCTCAGAGTGAGA-D1_Stim,0.03809800505984917,-0.010844767295823843,7.000422075975621e-05,0.12357628590601877,0.11854331084427372,0.19192481872879164,0.17784420189281214,0.10077855111638989
ACTGCTCAGGATGCGT-D1_Stim,0.05631114810679705,0.04012856724268943,0.06962632293716542,0.06610148258307724,0.23809363358799196,0.01689008552225424,0.0631394877533289,0.02298070085172732
ACTTACTAGACCGGAT-D1_Stim,-0.07567734192010711,0.009470098634677626,-0.14973201801168923,0.09447166845051136,0.022933810174558644,0.05697556395143266,0.11323056365612061,0.09766894255812275
ACTTACTAGGCAAAGA-D1_Stim,0.009329156539260808,0.006149577888905355,-0.47344174707206044,0.2067990342876218,-0.0431599231542954,0.2861456721219646,0.43556637139453436,0.1562509970828696
ACTTACTTCTTGCCGT-D1_Stim,0.16069351725893988,0.03317941620511178,0.11451968640477705,0.039853218003493396,0.32271798930161033,0.01444513655484414,0.13787347191592403,0.008603523400752877
ACTTGTTAGTAGGTGC-D1_Stim,0.014877648429777679,0.07897818410509139,0.2587854956843296,0.03191766081659431,0.1992518842674631,-0.003109831703868693,0.02898584405008009,0.057922721893760354
ACTTGTTAGTTGAGTA-D1_Stim,-0.004483575298202425,0.001418127765475674,0.0623786017774659,0.06829118738524187,0.12108148661631368,0.02547371503646545,0.16006605340721336,0.029807169287073165
ACTTGTTCAATAGCGG-D1_Stim,0.012568426677271205,0.02365669057612685,-0.3158220820173856,0.20727149774984177,-0.05397647813020967,0.2762237046283502,0.4005143181261239,0.15112706137108844
ACTTGTTCAGGTTTCA-D1_Stim,-0.05301226728775177,-0.051912824918023404,0.040539077044906335,0.031597718887937276,0.19633859706609336,0.0637326860168912,0.2548930621821839,0.027945603916016637
ACTTGTTGTACTCTCC-D1_Stim,0.07188457541369431,0.04790857965751272,0.10017275583491081,0.050345659588028724,0.25609907656205344,0.035166476502723754,0.0856300970212942,0.02899706098144783
ACTTGTTTCCGAAGAG-D1_Stim,-0.24210433229660744,-0.0630774971122765,-0.021753207351194348,0.0070319481796019545,0.20366201970930753,-0.2337936320750984,0.8053186130931103,-0.0015987115056326218
ACTTGTTTCTCTGCTG-D1_Stim,-0.049261256028671596,-0.001755642599087892,-0.06555615190535047,0.050379080341731,0.13231792685741084,0.22362994465681574,0.2506011917098032,0.09222266419964065
ACTTTCACAAGTAGTA-D1_Stim,0.0043907647395986515,0.0003968206572704247,-0.09990386064113999,0.024094980944861177,0.24827449087248255,0.045916625483721774,-0.02712450842828318,0.023950881185562878
ACTTTCATCACCACCT-D1_Stim,0.016912178505331,0.01638072168422333,0.03589453536100429,0.06845478594991228,0.20628495202477026,0.05876641131379756,0.16722995707208455,0.07013301679462103
ACTTTCATCATACGGT-D1_Stim,0.09150384417639223,0.008125826757732213,-0.0419189704614471,0.12316609064875195,0.2894185450578579,0.12949630057307893,0.27131581369203417,0.0928371220507298
ACTTTCATCCAAGTAC-D1_Stim,-0.004257408761905168,-0.03246770499569607,-0.04268120814742815,0.083737191637967,0.274047747175036,0.04750073867487714,0.2115752334149299,0.03470069890842886
AGAATAGGTCCGTCAG-D1_Stim,0.07725577714797716,0.011821619237814218,0.07178286361249597,0.09489257972513876,0.11959600335017484,0.02167819299744167,0.18124938100710963,0.046240681444038145
AGACGTTCAAGCTGGA-D1_Stim,0.1567522278632918,0.026687201954336714,0.16680031402839202,0.04910262482689909,0.5131927460238828,0.09623112075046159,0.14559196542628428,-0.010134138754224864
AGACGTTCAAGGACTG-D1_Stim,0.06565888775934425,0.03427390818114162,0.062412181761208,0.06793606665805108,0.1232044173901432,0.07813836652368167,0.1274370716750859,0.01784297898725029
AGACGTTCATTAACCG-D1_Stim,-0.09480202194780851,-0.10153206905570222,-0.3103835440407643,0.14187019576970172,0.18340869674461757,0.08344273674631175,0.6675372402556974,0.09730809891397207
AGACGTTGTCAATGTC-D1_Stim,0.14708371906599105,0.07163483602076148,0.13901542587116467,0.06366067891144489,0.2866535319420507,0.186185369180766,0.06304000817805644,0.06459546109893388
AGAGCGACAAGAGTCG-D1_Stim,-0.007886100409562502,0.060012884375664655,-0.0006656869297634316,0.06447927187399038,0.05158749742563984,0.08391362490025145,0.09487152378128805,0.07008643088350475
AGAGCGATCAAGCCTA-D1_Stim,0.08979059224255259,0.023355086985352713,0.004207856601246007,0.08118938672684095,0.12538224830332823,0.04136269971435347,0.05358457542770978,0.044379197177313756
AGAGCTTGTCTAGTCA-D1_Stim,-0.013397069374120107,-5.492654524985596e-06,-0.011955871163221943,0.09154622842077131,0.11499203044793482,0.11308629872137566,0.25271906067448136,0.06290052646363975
AGAGCTTGTTCAGACT-D1_Stim,-0.25069229483008826,-0.0653660652622996,-0.17899099456123935,0.06572733014732357,0.011194211780939156,-0.08111538405626106,0.803979011348881,0.019131236809265317
AGAGTGGAGGTACTCT-D1_Stim,-0.02880974624254584,-0.026513174120871952,-0.03511650656264287,0.12611511922689012,0.08432293884547093,0.041107911964790134,0.30372111360004084,0.09266599097240658
AGAGTGGCAGTAAGCG-D1_Stim,-0.08734076692663528,-0.07071494211605334,-0.15561711761998254,0.15907616403620395,0.016898971524543782,0.22060949024671928,0.5753909004130087,0.08379270254733306
AGAGTGGGTTAGAACA-D1_Stim,0.035614500089790724,0.07551638808613426,0.07987860057247254,-0.0038121741856116387,0.188107527192809,0.10533730390448426,-0.14749907792043793,0.04209445286664604
AGATCTGAGTGGTCCC-D1_Stim,-0.05720041303666079,-0.016912208020627872,-0.04875369285252873,0.04600801370455443,0.08112094806293513,0.07132182350906646,0.3307594188217138,0.041848161941237194
AGATCTGCATGATCCA-D1_Stim,0.09263248978987804,0.045106132581191005,0.21845246739070223,-0.0027501372509739497,0.268046702714269,-0.024352873994356372,0.03886339056614574,0.011078303153196245
AGATCTGCATGCCTTC-D1_Stim,0.11285664763328995,0.044764605480857256,0.15051081659323629,0.048532422988719404,0.3828715427341667,0.0577462679020595,0.03783431927151071,0.033972048308710256
AGATCTGGTATTCGTG-D1_Stim,0.0425718301193605,-0.03571226416812223,-0.1549430601921724,0.13596928538891184,0.0841471932238047,0.13952137751311788,0.29205459700509095,0.026343146497886494
AGATTGCCATTATCTC-D1_Stim,0.050377833779585046,-0.008717391304255528,-0.03986958891522008,0.08862975237955695,0.09893942734041872,0.057050481767905836,0.24072180437948987,0.1042103608941396
AGATTGCTCACCCGAG-D1_Stim,0.1457684419290466,0.07561031759381365,0.18082016062127426,0.09568076037133721,0.47313584010823817,0.11542014585137572,0.03506833604603443,0.07787643229076657
AGCAGCCCACACATGT-D1_Stim,-0.010063708441686359,0.013550902187716929,-0.05868120740943539,0.09598538818929647,0.09786685867074851,0.14075460855415578,0.1229972256239833,0.09322445411311442
AGCAGCCGTCGTTGTA-D1_Stim,-0.06110246101038008,-0.00802949780026907,-0.17804364043349086,0.14749766319533109,0.008153841302293685,0.044531013684888876,0.38268046679975143,0.08727040303400813
AGCAGCCGTGTGACCC-D1_Stim,-0.07640817483705042,-0.03489473729532122,-0.04332118664841822,-0.03876863915167128,0.1325944955907694,-0.09109118601669408,0.19159886914481117,-0.01439948279972647
AGCATACGTCTCAACA-D1_Stim,-0.07014009044287128,-0.05023472574908894,-0.021060673542901753,0.10599786579942538,0.17385102708649924,0.08003087988007884,0.8749035746913751,0.04898132281141976
AGCATACGTGCCTTGG-D1_Stim,-0.20651071119777953,-0.04964034902871184,-0.2591013513391127,0.10705463662538506,0.028301382741350523,-0.013543927124498367,0.6601308281792448,0.06781306123473563
AGCATACTCACCACCT-D1_Stim,0.04599596900976621,0.008754812488216857,0.05314967839897555,0.020182024721096425,0.2011071005237408,0.10351211858176157,0.20196581395348723,0.026107378695396477
AGCCTAACATTTCACT-D1_Stim,-0.17079086689936318,-0.06348727788611441,-0.10700837908780692,0.022479230188958255,0.10792031177599881,-0.08764128031645058,0.5427890677005305,-0.007087602960476502
AGCCTAAGTCCCTACT-D1_Stim,0.12550554213566656,0.0412481581342341,0.12662885568702986,0.03042046446835478,0.3899082074451883,0.054484848716739975,0.09239874811750681,0.004949926371812907
AGCCTAATCCAAGTAC-D1_Stim,0.06806153018249539,0.16163786922065881,0.5861347804667325,-0.008567361316808686,0.2345764464095641,-0.0600155806881677,-0.2843876302099275,0.048650016719657074
AGCGGTCGTGAGTATA-D1_Stim,0.0006774901828379143,-0.02630340069382342,-0.0001840859750226187,0.06777051359406272,0.2939960912959414,0.10234215595185958,0.13103419748581402,0.05541721504341801
AGCGGTCGTTCCATGA-D1_Stim,0.04995851017714159,0.03156201994400121,0.09179493035983644,0.06710932055538343,0.22445577848409748,-0.013435912889487867,0.15462836918587897,0.010102588471228913
AGCGGTCTCCTTGACC-D1_Stim,-0.06328382626518447,-0.03637590758180487,-0.05705137921846504,0.02010702631646666,0.06657699008935758,0.026984296808649333,0.22779085218850526,0.05170014070087525
AGCGTATAGAGGTTGC-D1_Stim,0.03238213672891099,-0.008842912115865076,0.18507014257955667,0.022127399474141995,0.14919252870414113,0.0897871786640625,0.1064272342393231,0.0946141552489479
AGCGTATAGCCAGTTT-D1_Stim,0.005670675653746571,-0.051896887447274054,0.1435125245771971,0.0413309704075111,0.19458685077629845,0.08791445735887038,0.26033809641516115,0.016131375325956654
AGCGTATAGCTACCGC-D1_Stim,0.08981779267347711,-0.007920398120086602,0.06893226186874823,0.07774249940213807,0.48982278266696966,0.06150662310995436,0.18325551983294375,0.02523450251703352
AGCGTATGTCACCCAG-D1_Stim,-0.06561274871196332,-0.028649587406828658,-0.08739091562955359,0.10575131598970522,-0.004206601018367451,-0.012737973075619635,0.23350631696810353,0.07049836184693525
AGCGTATGTCTAGTGT-D1_Stim,0.07871818937712227,0.062449085949277006,0.10986746790533619,0.07411197303658845,0.16232263812322323,0.07160180410374828,-0.12863184215077794,0.0431821004346542
AGCGTCGCAACTGCTA-D1_Stim,-0.002038314416413556,0.05065143158428498,0.030436715653388013,0.056571174634305166,0.11791141645446679,0.09317875874664772,0.25731407792175176,0.061036115073466846
AGCTCCTAGACAAGCC-D1_Stim,-0.2790011423382275,-0.05759780451235663,-0.20034868920041848,0.034596860034625365,0.11288550793180185,-0.18174457978346759,0.975042500132064,0.0011171845712354411
AGCTCCTTCTCATTCA-D1_Stim,0.06542511418104802,0.048113068583857554,0.056104896342753285,0.023806808070037988,0.26317188726303264,0.04203297881265122,-0.04678560039433677,0.02966024032359904
AGCTCTCTCATGTGGT-D1_Stim,-0.060482781669191965,-0.06557881277560007,-0.07851719174607474,0.027821714747993553,0.2803197712284078,0.0066649234159203985,0.04589619004958223,-0.0016689269724299294
AGCTTGAAGAGGGATA-D1_Stim,0.015819013097006618,-0.0014424455490082977,0.03761827220402125,0.057322490227100786,0.078112572894252,0.1645773232646146,0.21079463690739253,0.0713637165126002
AGCTTGAAGGGCTTGA-D1_Stim,0.04994756046435178,0.03783175389080995,0.08802272347020157,0.09571687430318754,0.19085760631129034,0.01613040927640874,0.16237811235653865,0.029554076245581484
AGCTTGATCATTTGGG-D1_Stim,0.023009592563441927,0.016172758667348575,0.007740552698672687,0.03669799281384556,0.16142861480588344,0.001814541576077744,0.15784686668846248,0.03580628234350591
AGGCCACAGTGTGAAT-D1_Stim,0.011215224450378258,-0.06328844434928094,-0.13047553158215752,0.11124118673469852,0.03736644970152447,0.19324037132767735,0.08561971136152735,0.09507353876728075
AGGCCACCAGTCGTGC-D1_Stim,-0.20272098588157839,-0.0451469256183632,-0.16807914159835313,0.09053592766424146,0.08730794222601723,-0.03972514346777167,0.7150342996556045,0.04751897653609127
AGGCCACTCATTGCGA-D1_Stim,-0.002879968279176026,-0.006689197823119386,0.02827591171911159,0.07927024164288454,0.20161765695188194,-0.02135302457338284,0.2435074504836905,0.01306413802473827
AGGCCGTAGACCACGA-D1_Stim,0.14971370767162462,-0.00033961684662386915,0.14440739155843563,0.06055372276659732,0.545668901651112,0.07227736324128564,0.27580219572073617,0.01130063625755362
AGGCCGTCAGGTCTCG-D1_Stim,-0.009805569955524618,-0.05494524274101842,-0.09477884655511737,0.09693620322926222,0.1213145241229654,0.13539832959585318,0.5033480975167688,0.11470680597636118
AGGCCGTGTAGATTAG-D1_Stim,-0.014982616942367244,-0.045973321108244036,-0.10461527948221061,0.06663982176997507,0.12947088574755128,0.122265301266264,0.3814428411601849,0.0698675896267158
AGGCCGTGTCGACTAT-D1_Stim,-0.03715705219551069,-0.05181438371852387,0.03446339424330258,-0.06383682099074406,0.22923621982283748,-0.15164566589141693,0.13129070424012035,-0.03194649848387421
AGGCCGTTCTCTTATG-D1_Stim,-0.036398013337388235,0.025034213643436942,0.010619617799322079,0.12543318042816765,0.08048584645542789,0.14270251072765738,0.2467290071221786,0.08006792117436312
AGGGAGTAGACAGACC-D1_Stim,0.0499156614118732,0.021324761997203012,0.05711699094221334,0.06181020936628023,0.20156111988675107,0.007317757610380227,0.09535769513956893,0.04296692227099008
AGGGAGTCACCCAGTG-D1_Stim,0.016842147861654055,-0.0064004083793207656,-0.0013256068628741957,0.14810146354838416,0.08692520063224585,0.17833393746215087,0.6281578202494948,0.06487816351745401
AGGGAGTCAGTAAGAT-D1_Stim,0.007960949949291418,-0.012059713178746989,-0.036663932960193435,0.08781826134966053,-0.04153835492350666,-0.024930534211710764,0.5546705684760393,0.06838021819955387
AGGGTGAAGCTAGGCA-D1_Stim,-0.08002751199977709,-0.05205066289523863,-0.12854904067135298,0.12205582856665842,-0.006265294954385325,0.0077687186640478245,0.36304662263103893,0.07220749410891969
AGGGTGACAAAGGAAG-D1_Stim,-0.015250716699840794,0.004574363022751271,-0.024504146206377087,0.07704186373634592,0.15062608087868412,-0.01224409771757351,0.1349243490148595,0.026733380673176654
AGGGTGACAAGTCTAC-D1_Stim,-0.05216302237561088,-0.0391011417116669,-0.5295299236549607,0.2134107616317209,-0.09177959442578221,0.30009553584942417,0.9692698021151731,0.05351985887052102
AGGTCCGAGTAGGCCA-D1_Stim,0.007358069340220652,-0.03732497603282603,-0.14575171856665659,0.15599246516869059,0.09555398218103228,0.11964467553728397,0.4715481632545586,0.09524829185466999
AGGTCCGCAAGGACAC-D1_Stim,0.056236356641793606,0.023747855384899097,0.01960021916949195,0.08300183457340715,0.1141312415732969,0.0758533058148032,0.13959252583348203,0.011945753704873496
AGTAGTCCAAGTCTAC-D1_Stim,-0.09062591094977535,-0.030383592270419868,-0.18954081384084542,0.095163266869557,-0.004893595938536777,-0.0034356896896721167,0.1143310782715048,0.08015519170651686
AGTCTTTAGCAAATCA-D1_Stim,-0.031681573231535864,0.01204826148956073,-0.02255794614939699,0.08743073198167828,0.16972613767968348,0.03627583619400987,0.13024803353008352,0.06513773554208058
AGTCTTTGTAAGTGTA-D1_Stim,-0.09146377897859104,-0.07054308497496109,-0.2948498858923454,0.12447608329852322,0.04980436964622825,0.17343904158581758,0.7264596965666357,0.06987149435769346
AGTCTTTGTGCCTTGG-D1_Stim,0.04041994337973165,-0.008305214650022208,-0.07799590134515633,0.15853009295928366,-0.015250049834365953,0.2333715622489798,0.5836684324496204,0.11428856224157613
AGTGAGGAGACGCAAC-D1_Stim,-0.049464133297890456,-0.017797410654980084,-0.161398211480968,0.09810786674469618,0.06969391708600448,0.0672101623595438,0.5512315962996475,0.08134263082755311
AGTGAGGCATCTCGCT-D1_Stim,0.03888477381329558,0.018911552201076987,0.05183083262825683,0.06631357848710095,0.12699792222566053,-0.001722803822756802,0.10560417943383271,0.04239696997661113
AGTGAGGTCCTCAATT-D1_Stim,-0.03101946048636961,-0.016443896332395624,-0.02328333501667057,0.02964209510087734,0.17110557585775155,-0.007818906729657016,0.11704685519550395,0.004741067238331453
AGTGGGACATCTACGA-D1_Stim,-0.019717598594608532,-0.06039745138070707,-0.061220234287253206,0.04729062126340544,0.1382450491455991,-0.027803625479366545,0.1618612163102391,0.005490857485105138
AGTGGGAGTATGCTTG-D1_Stim,0.026251430438167134,0.021794716319934793,-0.027263492827293234,0.058779038336256306,0.17776048609398387,0.1256568445169588,0.14207326328473968,0.06743504576058079
AGTGGGATCTTTACGT-D1_Stim,-0.031085522722170467,-0.07245636766139185,-0.22117229523834325,0.10969066293056606,0.028465696907273852,0.0888386400033987,0.4013928166468048,0.0871139230746909
AGTTGGTAGGCATGGT-D1_Stim,0.10709296822588321,0.08489008593395475,0.14966296742805163,0.10846756756179765,0.19187964629018062,0.10100094019996853,-0.013561923013490684,0.047786931711380376
AGTTGGTGTAGCGATG-D1_Stim,0.06363816575142422,0.013319672436644225,-0.0635607829942142,0.1045305911521055,0.0719992465048449,0.08971780007404284,0.3455148724356345,0.09932079650420711
AGTTGGTGTAGTGAAT-D1_Stim,0.008864062728852318,0.039769611697519025,0.05125020455668938,0.06877185780148665,0.11620557688257449,0.03451476478165283,0.1355553195280379,0.06950102109215983
AGTTGGTGTGCAGGTA-D1_Stim,0.04933993798521996,0.03123425401541091,0.07781905254613797,0.04770326907827993,0.2486800776672009,0.07863708707577466,0.048424233711021,0.040485674496409274
ATAACGCAGCTAGCCC-D1_Stim,0.038358714634629365,-0.008375708565225182,0.019363545384956105,0.044565205924163465,0.24330206930826037,-0.028766469498279434,0.0853784169120928,-0.012048938909048346
ATAACGCCAGTGACAG-D1_Stim,0.03842840593001817,-0.007059844841057483,0.10535444543893835,0.035049936708265506,0.233781630407897,0.016622189642278684,0.12780465035477562,0.0017161296845120688
ATAACGCGTAAATACG-D1_Stim,-0.0285476152851718,0.013265362299092587,-0.08515508502932345,0.05665439283123952,0.15292210508415316,-0.0013711436868391047,-0.0314201979284654,0.019806749760213904
ATAAGAGAGAGCTGGT-D1_Stim,0.15951780207634592,0.047916332413336704,0.17377350030793792,0.07439000577118726,0.44797991009896165,0.10262197249607397,0.21605529710234705,0.02384566028309898
ATAAGAGAGGACGAAA-D1_Stim,0.018890325137521202,0.004975177456151059,-0.1448265469975638,0.14831619822745878,0.000899770793704846,0.18948504462480997,0.35505777542910266,0.1280469678509668
ATAAGAGAGTGGTCCC-D1_Stim,-0.015141246674946984,-0.0013264158702614992,-0.008361505317936668,0.04305726865179693,0.10447150776938763,0.009195041299246753,0.19666638331590036,0.04568260420817083
ATAAGAGGTCTAAACC-D1_Stim,0.023775174454080172,0.0311287697991105,0.04945880162056682,0.12633104743690993,-0.01916265506112147,0.11685168631824006,0.7856361735478714,0.10214074139168616
ATAAGAGTCCAATGGT-D1_Stim,-0.12963493020394878,-0.07945822357897647,-0.2781385101338518,0.09082808384389196,0.08639115441140177,0.20988122530232367,0.26011816413976696,0.04604317838256833
ATAGACCGTAATTGGA-D1_Stim,-0.07156011740426571,-0.01592551464876024,-0.17330886176872085,0.10333132627562946,0.028397841760064324,0.1320376613423644,0.4696900891190605,0.0603794693295292
ATAGACCTCTCCGGTT-D1_Stim,0.051686513014539415,-0.030270543036646558,-0.10269440360915105,0.11118247129151726,-0.05303815788032118,0.177230020308766,0.42806893695755477,0.07403476889835936
ATCACGAAGTAGGTGC-D1_Stim,-0.046458453875587225,-0.020069457385165634,-0.048829702121494734,0.15258392627339923,0.1262243057275363,0.09101452329371895,0.6254259625422502,0.060121289587874216
ATCATCTCATTTCAGG-D1_Stim,-0.07064800252826586,-0.03298631983630251,-0.15985898840285984,0.03394575299575564,0.14831371932559279,0.054505067152167186,0.41077787610413097,0.02912297201136127
ATCATCTGTCCGTTAA-D1_Stim,-0.07096894478076266,-0.03328965347224333,-0.03507272316150445,0.08063681229211284,0.19983273330703,0.02204683051179579,0.8443855965664593,0.05327081323003746
ATCATCTGTGCGGTAA-D1_Stim,0.05357332956208438,0.05654706715569269,0.08532611373338472,0.005023313941265428,0.13469549584373475,0.15451904991779486,-0.2362109165513573,0.08177454793553807
ATCCACCGTGGGTATG-D1_Stim,0.0793508314394078,-0.04108051361574283,0.02085115181438546,0.05765662302227881,0.5627045407919447,0.05290970474123036,0.3197807251414382,-0.0001272102173714984
ATCCGAAGTAAATACG-D1_Stim,-0.06335997719732056,-0.05505313840183135,-0.20399368061069012,0.020474674711739027,0.111482631623959,0.09108615558796274,0.222274604978427,0.020071870467432973
ATCGAGTAGACTAGAT-D1_Stim,-0.022673121511948224,0.004422855549357507,-0.1619830033814953,0.0967133983058659,0.1603259672188848,0.18668327507808335,0.28426693954600246,0.05230010520931394
ATCGAGTAGCCAGTAG-D1_Stim,0.017375872066319076,0.042354173053574584,-0.1318277065373703,0.13793094734882594,0.005904159276139964,0.18669507517994255,0.2869962787482425,0.09280235709322682
ATCTACTAGCGATATA-D1_Stim,-0.08187952081697603,-0.04307656445407204,-0.13732923174476586,0.10366510153656883,0.18367667883796024,0.11045857935625136,0.339314547044399,0.085044743723941
ATCTACTAGGCCATAG-D1_Stim,-0.01453278872140018,-0.03138422391634954,-0.2510019259629317,0.2004927604904747,-0.0778791827792027,0.27487371103056546,0.487841938440404,0.08094691562118861
ATCTGCCAGTCCGTAT-D1_Stim,-0.11796772006274736,-0.14524137755455868,-0.31237823831941647,0.16279257060841168,0.13829595271916872,0.25784470777301216,1.3983449763250828,0.08979045228414151
ATCTGCCCAAAGCAAT-D1_Stim,-0.03134678831848703,-0.014538316999855638,-0.120007654081844,0.07249198499923004,0.2991151773851488,0.010630544212666848,0.014299382776052028,-0.021150253123318308
ATCTGCCCAGACGCTC-D1_Stim,-0.006959042136912785,-0.02849379020820031,-0.28328298620730585,0.17428336296391755,0.11012293039100562,0.2775390453460922,0.4652850764895202,0.10677818359308944
ATCTGCCCAGGGTTAG-D1_Stim,-0.02654803505930836,-0.007101980720296552,-0.21814705810359492,-0.00370430688864154,0.08584212818174741,0.07705077935123583,-0.05666555180087762,0.013639094382137174
ATCTGCCGTAGGGACT-D1_Stim,0.06592791240147555,0.04476194611809703,0.11441551091610247,0.06748960199084841,0.21691357406996836,0.04055519172420752,-0.018407980451122796,0.05449667818915316
ATCTGCCTCTTGGGTA-D1_Stim,0.052453196833898375,0.00972718576103837,0.16626786380821823,0.06757221069168473,0.18986619677239247,-0.00038540530558428543,0.007500418669735609,0.07684973098815107
ATGAGGGAGTACTTGC-D1_Stim,0.055100522177630396,-0.003558384557196703,0.009474942037081213,0.09899177928334524,0.13280155881933453,0.20749042791085692,0.13022652368684362,0.1266897445528823
ATGAGGGTCAAGGCTT-D1_Stim,-0.11888759210492594,-0.03581977807181147,-0.18704654108456165,0.09290985289428733,-0.09087662963482224,-0.019000014446451274,0.2001657129457719,0.058359980333250405
ATGAGGGTCCTCTAGC-D1_Stim,-0.0822878406688563,-0.113611851602192,-0.296123269779347,0.01795416598082511,0.22559680564959095,0.09619346377687066,0.6867344011896215,0.018737476914864715
ATGCGATCAAGGACAC-D1_Stim,-0.005519748331700214,-0.021162314480603683,-0.1628409736072829,0.15635638612595848,0.03745398217151674,0.24966317724540765,0.7223676051203878,0.08547093330178335
ATGCGATCACATAACC-D1_Stim,0.060927598059711485,0.04175711775601343,0.02474581116350638,0.10504326744435843,0.2536024557315475,0.1326460253765802,0.1306739222798612,0.05858320770809655
ATGGGAGAGTACGTAA-D1_Stim,-0.1206609003837329,-0.051638649100038236,-0.15878566062755617,0.11126739795473561,0.23836393941433265,0.12956254614606522,0.7911547357514603,0.042334896870297456
ATGGGAGGTCATGCCG-D1_Stim,-0.007399289383217322,0.011744730136737047,-0.21152709866024466,0.14354133713057315,0.15475199229643266,0.2575554114989256,0.3564084916789447,0.1428579409159294
ATTACTCAGTTCCACA-D1_Stim,0.07936418300948134,0.06494118435316665,0.1163606197852074,0.06582925262554618,0.20937262699601789,0.05226514795480597,-0.0364468424349873,0.0633427447728927
ATTACTCTCAGAGACG-D1_Stim,-0.015049029575486372,-0.03746822444321296,-0.01709545510771182,0.06967509222256396,0.28778772893560145,0.009558976743072378,0.12602778123564917,0.021328652827376615
ATTACTCTCATAAAGG-D1_Stim,0.016989652089280938,-0.01940752339086771,0.04826883979615815,0.09314220351705238,0.24143828536698742,-0.030136531996959093,0.17856083982444204,0.023811713462436046
ATTACTCTCTCTTATG-D1_Stim,-0.00876001332029297,0.011231008274629417,-0.06368298102558256,0.11882315223643936,0.10321054386801976,0.08676646535391974,0.29275906903729876,0.08982611795824802
ATTCTACAGCCCAACC-D1_Stim,-0.016157638096789384,0.017548648304392955,0.00638865277847156,0.10993173773444553,0.17088224721252843,0.0773871862227864,0.2536041274374874,0.07219492509656256
ATTCTACCAAGGACTG-D1_Stim,-0.21339409017900657,-0.06142675769596195,-0.13886859770876114,0.06562761375650616,0.04423287272561893,-0.049693670363158304,0.7728760671316035,0.0172297640260215
ATTCTACGTAATCACC-D1_Stim,0.05937204061918244,0.047765464741333474,0.14469537547839462,0.051546301224711044,0.18652057695456925,0.09734830635433944,0.06544426624234134,0.03994809998770421
ATTGGACCAGGGATTG-D1_Stim,-0.05450695547495066,0.04268986458060553,-0.07997998987318145,0.09554532824999207,0.017789803289350203,0.06505355672135416,0.1443465976180356,0.12945446181278797
ATTGGTGCACCAACCG-D1_Stim,0.049458154173727564,0.1662989727535802,0.12406606012577193,0.016627141464708117,0.15848030874587593,0.11436512008623723,-0.1449060515063234,0.09560362958433544
ATTGGTGGTGGTTTCA-D1_Stim,0.08559468394432024,0.027666231316635148,0.019723258508188124,0.03445092914508763,0.2742790269233506,0.04442950847427696,0.11778725020962355,0.004816272439343905
ATTGGTGGTTACCGAT-D1_Stim,-0.1314246064188236,-0.03339896668224007,-0.1640105776852181,0.09441959054890958,-0.0027463206159694664,0.028083315452093416,0.9303513612232468,0.05873804290786211
ATTGGTGGTTGCGTTA-D1_Stim,0.0009436470720984858,-0.019909151952003157,0.015495241601787058,0.07591954782878041,0.23740311190072916,0.027460789445354905,0.21725647137736104,0.012950867362979679
ATTGGTGTCCTAGTGA-D1_Stim,-0.010661332727158523,-0.002805741277610352,-0.07551286554338432,0.08415988240515127,0.06312199167372512,0.08988069483370431,0.36351323912077227,0.04640116708484676
ATTGGTGTCGACCAGC-D1_Stim,-0.014528152727915966,0.03904805662094546,0.00019279034820218754,0.10273217456721184,0.1017046822955141,0.024739389643904985,0.08910706665758994,0.07446020966317235
ATTTCTGCAATGTAAG-D1_Stim,0.002229615666962559,0.011425060604912218,0.01931108696185735,0.05612219932986129,0.17400371613764953,-0.04377675004763937,0.13226512078814778,0.008400587727454223
ATTTCTGGTCTTCAAG-D1_Stim,-0.012976529218439836,-0.030267690472875586,-0.11605437277222563,0.10906858844873213,0.13172919131379146,0.1453130706885286,0.6080480947139151,0.06310478902559069
ATTTCTGTCAACGCTA-D1_Stim,0.06819335405983651,0.0170810924314182,0.056814429888278895,0.06862244934889894,0.2615449965515655,0.07593684586545635,0.23808096930432754,0.06769580715564061
ATTTCTGTCTATCCTA-D1_Stim,-0.038079728063271645,-0.026753172813791082,-0.07196352515761362,0.07649535608805813,0.08433215972569386,-0.007081565117726285,0.22473990185122972,0.06343509307756001
CAACCAACACGTTGGC-D1_Stim,0.09094099144843604,-0.00045458564601830176,0.06515293234975417,0.11007519687369616,0.37879429353998617,0.06898842407658101,0.40949570481872044,0.03799007290536771
CAACCAAGTGACAAAT-D1_Stim,0.10435257902685358,0.06331019030870877,0.20977949455615263,0.04504317291860893,0.36558509571516495,0.035379822100903624,0.05992706877539078,-0.028109710708044133
CAACCAAGTTGAGTTC-D1_Stim,-0.00677665664054139,0.0026473906723154528,0.017450921268242325,0.061977850542724866,0.17512361483229633,-0.0008347336710077258,0.02211409986187718,0.028116539399450247
CAACCAATCTCGCTTG-D1_Stim,0.07681555233075876,-0.05646581960496455,-0.5268843543821475,0.15720426695169643,0.4546666480476773,0.18406908196979188,0.5733649092468127,0.059716483973042855
CAACCAATCTGTCTCG-D1_Stim,0.001639695575006428,-0.05556545233229393,-0.09634480257490807,-0.01634406571402458,0.04198185264916354,-0.0019732034399844167,0.20243035721906466,-0.013411658869305398
CAACCTCTCCATTCTA-D1_Stim,-0.01614134756632346,-0.009788501135801653,0.01200794646718073,0.05966477889538879,0.19920540331803416,0.02678130654016897,0.10893447426933633,0.031300020758619596
CAACTAGGTGCACGAA-D1_Stim,-0.021067007206665878,-0.03705671636407182,-0.21282139106729225,0.16709446559057994,0.010788245294246934,0.178052933417014,0.4921569297738042,0.09019425272627579
CAAGAAAAGAAGGTGA-D1_Stim,-0.049028672747592594,-0.042054248017940665,-0.31372728192777366,0.30282165902388414,-0.1421590221968625,0.33476351426634565,0.8511076036656906,0.1363837480544614
CAAGAAAAGACAATAC-D1_Stim,-0.06902080147471956,-0.022250926188734255,-0.01273633574068711,0.09573585729528666,0.15492268963064326,0.07993901207794174,0.32884104861521735,0.06094817428016874
CAAGAAAAGTGCGATG-D1_Stim,0.060098844271086804,0.019190204774707453,0.06962087319405263,0.07874988236770442,0.1561131516211951,0.030795582610814165,0.14604525478835484,0.028334342881386476
CAAGAAACACAACGTT-D1_Stim,-0.03342838995933484,-0.04528500345800701,-0.18299025875259822,0.11572452154061352,0.08517424076738322,0.22021319724964705,0.46371121114635727,0.032115247031356375
CAAGAAAGTCGCTTCT-D1_Stim,-0.009515556421055393,0.006498545063600147,0.056683239108553884,0.06207343105476326,0.25204806616064346,0.03077185895943302,0.25355797730542484,0.041374205046075474
CAAGAAATCATAGCAC-D1_Stim,-0.11198730589830319,-0.0881775474634523,-0.18092507113966327,0.044376956571921866,0.13134337359809223,0.04812552008262472,0.4051118939983702,0.021659466002997618
CAAGAAATCGAGAGCA-D1_Stim,-0.13193394157116067,-0.04542994828585911,-0.20907938907076762,0.06331694230347118,-0.060854065463470164,0.13354901773755223,0.2850822009563583,0.028141894376469523
CAAGAAATCTGCGACG-D1_Stim,-0.15312936803981003,-0.0340319116707537,-0.16848565764366796,0.022224474502605673,0.04857571781543335,-0.1540850386381063,0.5408321406906342,0.016282074130668178
CAAGATCAGCGAAGGG-D1_Stim,0.09096519051650809,0.0368263104789488,0.07397463802766246,0.029997752916280263,0.44299419432939047,0.032176146122695926,0.12304550855330021,0.03353754136531961
CAAGATCGTCTTCTCG-D1_Stim,0.05100097175198037,0.039941750253866815,0.09786601389615956,0.03838298263405093,0.2557796125436713,-0.007096973439750798,0.0891057646309612,0.015415610784918599
CAAGTTGAGCTTATCG-D1_Stim,-0.05369056471783651,-0.08884721929234374,-0.29496216272877174,0.16680881257591373,-0.015954802628385778,0.18667270694131588,0.6433457355829368,0.11418356376444017
CAAGTTGCAATGCCAT-D1_Stim,0.045952674061839005,0.008821853329457952,0.04649019948623323,0.0251673729435975,0.24394541978504414,0.024612885858676492,0.237388059335796,0.005099303964223978
CAAGTTGGTACTCAAC-D1_Stim,-0.06148318841285949,-0.02528387505947549,-0.08036831061860195,0.027387922939583476,0.10532284205803322,0.015714303698215915,0.2397822945098227,0.05504506218568217
CAAGTTGGTAGCGTCC-D1_Stim,0.057802175569140246,0.03436241641547788,0.007829005730231486,0.0764626903323915,0.17362789501300568,0.0839163420380249,0.07084879522348686,0.10858738324599138
CACACAAAGACCTTTG-D1_Stim,0.04712851892360348,0.02259960157616092,0.08047171200907144,0.08289353418807188,0.23132363475587958,0.06534852515215128,0.15514117222629054,0.02926903460065411
CACACAACAGTGGAGT-D1_Stim,-0.012674944508077601,-0.018499292657555344,-0.01255313708785799,0.09502562973441187,0.16155559857723212,0.09511908895443533,0.2970333870680637,0.0952542045015381
CACACAATCGTGGACC-D1_Stim,-0.050020018642619846,-0.029883323228402148,-0.0623052585731223,0.07497776702720138,0.22341182269520488,-0.018964092115492548,0.06910969625560526,0.006857353696487323
CACACCTAGGATGGAA-D1_Stim,0.0488747923807864,0.006037852274113575,0.04522908458263508,0.13327097268810917,0.12677928419881823,0.038554141844752365,0.22305914102583557,0.06589350368729008
CACACCTTCCACGACG-D1_Stim,0.022366693988780995,0.03038327430016352,0.0609795246098459,0.00883197212873732,0.23448902892476298,0.02613962807940773,-0.01710873257405865,0.0566956093869706
CACACTCAGGGTGTTG-D1_Stim,-0.0904172489965358,-0.03868932407988268,-0.006573557515155315,-0.04639523966399928,0.04702835541627515,0.0010282175266418392,0.027022490318119097,-0.01604466954178818
CACACTCAGTTCGCGC-D1_Stim,0.08387688734556775,-0.012109893542783468,-0.13898587695860165,0.1271826650781538,0.37698380952129185,0.09890514870137679,0.33038167534441953,-0.007770586335688279
CACACTCCAGTTAACC-D1_Stim,-0.009230541715542273,0.0006815499037884365,0.01491162763860121,0.016731782668944817,0.1191089230035427,-0.031010559697550732,0.0961165577664147,0.008935676669851844
CACACTCTCTGCAGTA-D1_Stim,-0.015471723655283043,-0.040735597576532,0.06114836100549148,0.060815082015990285,0.27526050020191484,-0.013488505560285802,0.6956205713426744,0.011924843309374822
CACAGGCCAAGGTGTG-D1_Stim,-0.040367316417498245,-0.02513262406273853,-0.018742213900273086,0.1363734040256226,0.16828674729358717,0.13362409740043368,0.7315513131963503,0.10947096865683825
CACAGGCGTACCGGCT-D1_Stim,-0.055739565922056755,-0.018096258290970724,-0.14763483536029653,0.06760414208816101,0.051988055226159346,-0.04316491056317595,0.12404307581559593,0.015372098347476992
CACAGGCGTCTCGTTC-D1_Stim,-0.010086230090061932,-0.031323782575993775,0.032490999938390885,0.11697781966943488,0.23490139150136002,0.06751978800742009,0.21420317021105006,0.07328738979737892
CACAGGCTCCTTAATC-D1_Stim,-0.008776913396491892,-0.009471007462718006,-1.0915615003881385e-05,0.024282405594599155,0.26542088260149477,0.026923658288435348,-0.04643970067726855,0.016492096626100405
CACAGTAAGCCACTAT-D1_Stim,0.09233284717502421,0.033209767081068264,0.06233861406365371,0.036819477866414374,0.24079443303424242,0.00931998493350683,0.0772788481972917,0.0013579677527033596
CACAGTAAGGTGTTAA-D1_Stim,-0.05537264825511201,-0.049192268567006536,-0.16267288768223942,0.13733950978395093,0.06371733700751925,0.1425390005647582,0.21145555237480096,0.13814382785335155
CACAGTACACTAAGTC-D1_Stim,-0.0028340831941058298,-0.041959902889773915,0.012066170780073548,-0.03973952901170463,-0.006906784895644336,0.002367046844183207,-0.23328852714291237,-0.004639047402610785
CACAGTATCTTGCAAG-D1_Stim,-0.1755715920803791,-0.040751960434489476,0.021852360884070166,0.056984523596664616,0.14459841857308575,-0.05945929428834518,0.7504804715583777,0.0246592148729885
CACATAGCACCGAATT-D1_Stim,0.09808073544992091,0.04998715035219803,0.09175483940286444,0.05919107068000784,0.3403244338215021,0.015812270626296865,0.09555860155771967,0.009182290156298123
CACATAGCAGCGTTCG-D1_Stim,-0.056421838932847024,-0.02413455447481283,0.032052276322022344,0.11242149451499728,0.1836304418784689,0.06548943279114106,0.5661739443319931,0.054809071019183975
CACATAGGTTATGTGC-D1_Stim,0.07540129856081634,0.018718622725350187,0.022965854248388595,0.07887872156936915,0.29545248626677356,0.08317677201404372,0.17043566956435896,0.051768320186926786
CACATTTAGTACCGGA-D1_Stim,-0.16377421570607886,-0.05203154821706413,-0.07412479103829117,-0.010254436373948295,0.0728594699269074,-0.10900340210147164,0.2722621254513129,-0.016755343774262244
CACATTTTCACCAGGC-D1_Stim,-0.08451327922320928,0.0001941683809363326,-0.05729055973171526,0.1362273407593726,0.2401411218209617,0.11721296304850881,0.41640354777907973,0.0818452647392931
CACATTTTCCCAAGAT-D1_Stim,-0.08657715571116853,-0.038708543303531684,-0.11196443766390907,0.12987399415009193,0.0996876975337333,0.08439800632830163,0.8268484225400528,0.07102598402464544
CACATTTTCTTTACGT-D1_Stim,0.005480223796668682,0.010330284730578398,-0.10404812058543467,0.14225274648669206,0.10134214086072468,0.10277162163051301,0.23812506158792957,0.07136759526876979
CACCACTAGCGATATA-D1_Stim,-0.04513845752127388,-0.051897986702655885,0.06597220274363025,-0.04333671950940321,0.11823460271344821,-0.07511171683133178,0.240543373384007,-0.03484641922996268
CACCACTTCGAATGGG-D1_Stim,0.12767852717079187,0.03230303842422089,0.13207732810888384,0.05399458002068158,0.29756484503184133,0.034942988550451304,0.19732765749378345,0.01738451339974212
CACCAGGCAGTATGCT-D1_Stim,0.028045594883655767,-0.020224510155449238,-0.13770532572252403,0.024841431051765284,0.0674360236353806,0.1015857594275058,0.319238255820224,0.054124955815110454
CACCAGGGTAGCCTAT-D1_Stim,-0.011216311372495014,-0.05846784340962685,-0.0932767230968512,0.07939630138548992,0.4019117169599795,0.05829965198787335,0.2874807640754824,0.019491249846149472
CACCAGGTCCAGAGGA-D1_Stim,-0.2643848803307254,-0.08631025765083145,-0.2512348047377193,0.08634784231690773,-0.008774643888859401,-0.1368189438184011,0.9680052191551827,0.012266319021618344
CACCTTGGTCTTCAAG-D1_Stim,-0.04990631789115696,-0.015036191291063261,-0.10351805065660802,0.05943974628205595,0.042001990860400795,-0.04122681204587941,0.20185573763266262,0.013220127582536989
CACCTTGTCATCTGCC-D1_Stim,0.032805398597473,0.028500284991427094,0.048568570680526335,0.035223059377335275,0.19129968797701835,-0.02457061884213907,-0.02947358069658179,-0.010395239533327327
CACTCCACAATAGCGG-D1_Stim,0.010668758704872161,-0.013840511828576041,-0.29730976953305976,0.10036030232522819,-0.0075471345825590674,0.17958488713463971,0.5018004438731296,0.03705709764219911
CACTCCATCATAGCAC-D1_Stim,0.07847142033163124,0.06870062560798651,0.1665529403074526,0.09170434862951105,0.166994816964241,0.04320010523250595,0.12807479310956182,0.02262226654812416
CAGAATCAGTTTCCTT-D1_Stim,0.08142987760450104,-0.002792665268440686,-0.03897896340377116,0.10731837907800035,0.09019211921716064,0.11401166257014417,0.17056245087657373,0.021480787740403073
CAGAATCCACTAAGTC-D1_Stim,0.013565976267784663,0.01921221501263659,0.10319782635135333,0.07972514301143718,0.14066735018986698,-0.0016418306190502108,0.1164380953798414,0.060127790754599175
CAGAATCCAGGGTATG-D1_Stim,0.027032353120537422,0.03241719861229875,0.028375696164943065,0.12423424610543599,0.133597156581434,0.14427750485817903,0.23557290521842056,0.08550334482830912
CAGAATCCAGTGAGTG-D1_Stim,0.04139004291927684,-0.005616172505602535,-0.005289553958117921,0.09354348236620247,0.015174995592795781,0.12174302248404345,0.16267568202266247,0.07414735992380628
CAGAATCGTTGACGTT-D1_Stim,0.07640449326258647,0.011971145118085502,0.07211564701187001,0.07427564749834126,0.22311500143929663,0.12078928095793984,-0.03753737281829217,0.06482781780356284
CAGAGAGAGCTCCCAG-D1_Stim,-0.03876646344291501,-0.01969120278691605,-0.023909056812103202,0.05030851315945206,0.027806489838344106,0.015776146563840854,0.28626819732296127,0.041949431156822925
CAGAGAGCACGGACAA-D1_Stim,-0.029708948928615087,-0.012608640358060086,0.02055004212413092,0.025162775233674495,0.08681331484763888,0.0666075118294529,0.06664335387896791,0.04773316365253599
CAGAGAGTCAAACAAG-D1_Stim,0.01438073137496687,0.11937768702048501,0.0594037471182709,0.0762160075985463,0.11559490424924945,0.07223894661418129,-0.1371852217675773,0.1523124122637718
CAGATCAAGGATCGCA-D1_Stim,-0.03894323033753011,0.0003317998304552816,0.02103394377074075,0.10300629823094631,0.19839223999762368,0.08209567889648461,0.3127337910724748,0.05372576533434881
CAGATCATCAACACCA-D1_Stim,0.1274595182762006,0.049935129062307126,0.1513448218128115,0.07043859985376599,0.21648893249112078,0.078057788182198,0.1670456572102097,0.01872084892821313
CAGCAGCAGCAGATCG-D1_Stim,0.05450333809089436,0.004591246915186531,0.019441230777378138,0.05492100679605194,0.1294716994261922,0.04462639382662914,0.21269013440255513,0.04588766666230626
CAGCAGCGTAAGGATT-D1_Stim,0.1857566447897856,0.025316443224070895,0.18589886780240317,0.057488811444201815,0.4822464023030921,0.080803525668248,0.19329220969097705,0.02734844561423877
CAGCAGCTCGGTTAAC-D1_Stim,0.001294589388507461,0.009302422999260429,-0.14439364957160805,0.11211663981143793,0.0764370749660852,0.1187051800947021,0.22792532133795085,0.05327716644717562
CAGCATATCAAACAAG-D1_Stim,-0.023187883307162593,0.012296489833076407,-0.24211177283875074,0.07100757543471659,0.06341018919187746,0.09009322756243421,0.14892061696879466,0.04620091323713105
CAGCATATCTGGTTCC-D1_Stim,-0.043117931482852256,-0.06208113909248958,-0.08404349958200541,0.11938871668808737,0.15860002453975675,0.10173884573790204,0.5448614932785389,0.053741215715403357
CAGCCGAAGAAACCGC-D1_Stim,0.009207723141798851,-0.0028779129822584792,0.062134358597958794,0.03430364486087001,0.21173298791184791,-0.038508850219114876,0.11043625059870621,-0.011493248942567647
CAGCCGAAGGTGTTAA-D1_Stim,-0.022963727412106394,0.03926520162739067,0.07715376531344553,0.0685652377469701,0.03576757051213697,0.048616505367883533,-0.05461762932488412,0.1032763880870462
CAGCCGAGTCCGAAGA-D1_Stim,0.030335423122542338,0.01289749172983612,0.07082636142297183,0.08543597487403964,0.1857031415756687,0.006997963624263193,0.10254674951230314,0.042841772759762975
CAGCGACTCAATCACG-D1_Stim,-0.05325448610310701,-0.08853100544750525,-0.28152017149560216,0.1338726533191501,0.051585641179590525,0.09332397097493583,0.3622508697654929,0.07388862368376614
CAGCTAACACGCGAAA-D1_Stim,0.027349389462818507,0.016128768189124898,-0.20495664183615148,0.15687214548374584,0.033772128497455256,0.2613429526343527,0.3217801141645129,0.10632102258059817
CAGCTAACAGTAAGCG-D1_Stim,-0.03728074768474876,-0.04245411730228632,-0.13522765018578475,0.021913384246378342,0.15946214902690592,0.07191503277369549,0.3954343183427014,0.04073914239597265
CAGCTAAGTCGACTAT-D1_Stim,0.03704620672935022,0.025270742623257902,0.037425229382038516,0.010983391019149025,0.18474258218472528,0.02283316690314585,0.017663467150931922,0.0384643111350389
CAGCTGGAGGCCGAAT-D1_Stim,0.034856545376156234,0.006541208725616698,0.005777759191159859,0.1325338973831034,0.13762957777994522,0.12502575337240351,0.320919594524133,0.08877882065622877
CAGCTGGAGGTGGGTT-D1_Stim,-0.02513602196276743,-0.03448332069859639,-0.2671848018888152,0.16298912067261107,0.012762631094634713,0.24504213032835231,0.6451500418329577,0.11668507813702078
CAGGTGCCACCGTTGG-D1_Stim,0.03143413270485773,-0.02746176848588533,-0.21905179940597996,0.19639107163800595,0.04795949209240469,0.2779715652620247,0.7450344324002156,0.08730620871367734
CAGGTGCGTCGGCATC-D1_Stim,0.13820626944959713,0.09278243135980624,0.4664891298286671,-0.04504040757905514,0.30782457085971693,-0.028258573458037617,-0.19008277101056592,0.04405585265759804
CAGGTGCTCAGCCTAA-D1_Stim,-0.0789169665991789,-0.0014267467888036123,-0.07795993830181391,0.03767940318042129,0.034425946464438084,-0.029184945108996274,-0.03270494697465054,0.03185981114812719
CAGGTGCTCAGGCAAG-D1_Stim,-0.027399169729422468,0.0070768596072330325,0.03401174691561337,0.008405305238241567,0.13667846358590374,-0.017918699355249146,0.07593370983824244,-0.0003815607526096443
CAGTAACCAAGCCTAT-D1_Stim,-0.21805318528575413,-0.05226034189612783,-0.32245571266994677,0.17098208652110003,-0.03947033923132359,0.12434159199217909,0.798758799819721,0.10146757721543942
CAGTAACGTCATCCCT-D1_Stim,0.010541164530252445,-0.027000181498980425,0.03885902145793452,0.11106858904598127,-0.06268962646324461,0.15570145846911387,0.5563140553606445,0.07408307986698404
CAGTAACGTCTTCAAG-D1_Stim,0.10758720200597693,0.05935956825473987,0.17810883029942826,0.01960083652231326,0.3685141861733303,0.0069222878535804,0.1620785511722076,0.01881292619643382
CAGTAACGTGTTGAGG-D1_Stim,0.1491168256445512,0.011513973322646365,0.10211165043707648,0.06706706746177993,0.43852146521805224,0.08291675092061546,0.19152829420868045,0.006776734173765675
CAGTAACTCAGCAACT-D1_Stim,0.06377082947854973,0.031132340697345384,0.008480853430598678,0.07920030943148682,0.059851566526340605,0.05751632041664223,0.093832020284502,0.07280722311846866
CAGTCCTAGTCCCACG-D1_Stim,-0.10000827272872925,-0.039153047597544344,0.007944802555219788,-0.027391833185284042,0.09514693923594031,-0.13498614467347814,0.2521846266429435,-0.034789141794417944
CATATGGAGCTGAACG-D1_Stim,-0.01562362851484167,-0.03461066364059562,-0.1885079685595592,0.09809259887011201,0.1650870863232754,0.13077641185978806,0.5021277224549152,0.09546110842500966
CATATGGAGGGTCTCC-D1_Stim,0.05820652741211063,-0.024840192021974516,0.008566283108468298,0.08138626108723201,0.0008155500146802552,0.06141917533282992,0.009854924569598467,0.07820854266585542
CATATGGTCAGCTCTC-D1_Stim,-0.18096621479731745,-0.10939829075139507,-0.4740245065452253,0.14862117471984782,0.03706587224226432,0.2019139068733118,0.4203701348405655,0.11232012538788894
CATATTCAGACACTAA-D1_Stim,0.03725184779854196,-0.011232215640447407,0.18843430155341245,-0.005863063835475302,0.46880334830244585,0.0049282473788991865,0.12799019949683554,0.00557630665194786
CATATTCAGTACACCT-D1_Stim,0.1141206297851074,0.0513680660194229,0.2632064961500884,0.026999275524888233,0.36747958860232544,-0.02641838987386791,0.09548636820089129,0.018832547826253432
CATATTCTCAGAAATG-D1_Stim,-0.002276980703957321,-0.049797747280342364,-0.0935276981520552,0.059341582281646765,0.062207289087442774,0.10380583986260916,0.17388616997255113,0.06349873588050237
CATCAAGGTCCTAGCG-D1_Stim,-0.018289383625083033,-0.0004306579744000061,-0.024593497334100434,0.09389856690173559,0.07113888478864361,0.0894180652301273,0.2079378809395358,0.10791427856402258
CATCAAGTCCCTTGTG-D1_Stim,9.437773377385383e-05,0.03194263295731403,-0.31568961784370586,0.2533333920874945,-0.008592413354287842,0.2814361182033043,0.8050050609439694,0.11555317569164814
CATCAGAAGATAGCAT-D1_Stim,-0.04007980028956837,0.004887713623691781,-0.07854377767283971,0.12961865613309342,0.08427403622192209,0.0944617321429746,0.4146996997539478,0.09304392832294361
CATCAGATCAGCAACT-D1_Stim,0.07993761550468292,0.04964227287851841,0.07409426488020099,0.07829852989960173,0.3083580894507918,0.02584393944960972,0.043826041831216855,0.021303838468346825
CATCCACAGCAGCCTC-D1_Stim,-0.019042970725040576,-0.05586680832804092,-0.22192153192335695,0.16875558988592054,0.11233747294126317,0.02439736821381544,0.38508767787386233,0.028357808476698665
CATCCACAGCTAGCCC-D1_Stim,0.0779236824720062,0.03720865827747133,0.05360105880215027,0.07102938768313294,0.357732960561858,0.06186017681550382,0.14859191799913773,0.04174268873546616
CATCCACAGTACATGA-D1_Stim,-0.0029383334601664757,0.01813827918281241,-0.015103628030034066,0.1386078215799671,0.3054576162071392,0.12148685758999989,0.5066768137658393,0.07335817005874823
CATCGAAAGATGGCGT-D1_Stim,-0.030956570506001313,-0.025820962045024487,-0.014061420496815025,0.04312954082167941,0.1594950398526933,0.03325613388670057,0.06220663753282629,0.03612627161241733
CATCGAACAGCCTGTG-D1_Stim,0.047871755373625646,0.14844751401144052,0.278574537012549,-0.12166221931352794,0.5424605282230655,0.05749424739659226,-0.4468979604657104,0.010066596225401625
CATCGAATCAAACAAG-D1_Stim,-0.01682328105153985,-0.0018493772964056632,-0.03458738307090137,0.15594804187167455,-0.042557376545595105,0.2127187367076644,0.3937009786766765,0.1355654895528975
CATCGAATCAGCGATT-D1_Stim,0.04106906394817855,-0.017213314869032104,-0.027067068744321077,0.12726897938774862,0.08775334215246744,0.12211195706123945,0.21035565468375417,0.10153190722299676
CATCGGGGTTTGCATG-D1_Stim,-0.0851246553830407,-0.04522629822322166,0.02991430388747407,-0.05224587042330242,0.09527407019760581,-0.06493942475359482,0.15988402221815612,-0.023357892117040535
CATGACAGTATAAACG-D1_Stim,-0.038283398129863144,-0.022856671570986364,-0.0022774081367709087,0.1260347149768517,0.12765573960905918,-0.024685653119741247,0.3025103307450223,0.06944850868646668
CATGCCTCATTACCTT-D1_Stim,0.02618530257622176,0.021707111212398544,0.09181431747269997,0.025951922769847258,0.27167191624815956,0.08266309466167776,0.09345203943240321,0.05986169577179368
CATGGCGAGTGCCAGA-D1_Stim,0.06484494620921843,0.1301818808747548,-0.048024836792455616,0.08553951430884865,-0.012389384724006192,0.06526698391809305,-0.23166362113124706,0.03532056610221268
CATGGCGCATACAGCT-D1_Stim,-0.053095464007673954,-0.01840800825729083,-0.27650611492802035,0.19323136689240883,-0.026195027667192505,0.21310295775013266,0.5213914573963301,0.06840971379521044
CATGGCGTCAGCGACC-D1_Stim,-0.005389761839337481,0.016970713195060938,-0.21568418837972203,0.2373496744980077,-0.06953225501752947,0.28621089683618983,0.702883162173368,0.16084681003789036
CATGGCGTCTCGTTTA-D1_Stim,-0.048202053436870784,-0.02034912009122891,-0.02865191802914957,0.05118531051370212,0.08047869512518524,0.026032872486673853,0.17648219846251934,0.05871655150750854
CATTATCAGCTGTCTA-D1_Stim,0.12022476226790069,0.010010053612754533,0.12149244455915209,0.036571656572366606,0.5554416252292071,0.09253428437399691,0.11585230856313444,-0.021291887272528953
CATTATCGTATATGAG-D1_Stim,0.0728565524796263,-0.0011912621997201,0.3660063726707712,-0.04257238776692773,0.21781014757222472,0.0277962473264477,0.057207035121045635,0.04360863741519694
CATTCGCAGTGCGATG-D1_Stim,-0.06939634642705883,-0.037960605454479435,-0.09991700854422447,0.06754827992166312,0.052681804028129164,-0.0016660105007559878,0.20467577996264907,0.03483980395881581
CATTCGCCAACACCCG-D1_Stim,0.11086840065076942,0.03872009638435969,0.26337450251968164,-0.03661977301687358,0.5626347846591813,-0.04471655464074331,-0.2146797760728134,-0.021045549577353384
CATTCGCTCTGACCTC-D1_Stim,-0.07643211359116009,-0.0845037802395634,-0.19282200502952662,0.10909177881166343,0.014581418941462587,0.1803503816818779,0.3693456718966992,0.052733990525824836
CCAATCCTCAGGCAAG-D1_Stim,-0.12034569718616339,-0.04658851167749489,-0.3004929932540996,0.14480516982142966,0.18968782788467742,0.18227993850878832,0.805640707625404,0.033840639281914164
CCACCTAAGGACAGAA-D1_Stim,-0.08811199158972194,-0.13367407561737998,-0.2281338703914937,-0.04665271365357704,0.08348584098941458,0.0012513791501085336,0.19009613956047033,0.0010045168315073738
CCACCTAAGTATTGGA-D1_Stim,0.010731741884816515,0.013609152340331221,-0.3281383741824495,0.15333215121318133,0.03196362939637076,0.18855295266743255,0.2803817141718241,0.11452004671518701
CCACCTAGTCCTCCAT-D1_Stim,-0.1201760449889786,-0.048257070273818314,-0.0683782293736872,0.04459330771042502,0.1497248695286455,-0.11782971608477766,0.49005943081056813,-0.01927129051413523
CCACCTAGTGTTGAGG-D1_Stim,-0.01224651083408368,-0.016708725709280614,-0.0052419550527478265,0.03119776817523423,0.22427744824864604,-0.022544617316636817,0.07454687498916002,0.008962501595021877
CCACCTATCGACAGCC-D1_Stim,0.010019316557928093,-0.019952249438032865,0.14686155619046826,0.034146254368845774,0.2867535422684888,0.0401617141298658,0.11132253795296165,0.05141590324031675
CCACTACAGATAGGAG-D1_Stim,0.041175699633575036,0.05086033883459251,0.2024409124739348,0.05788564794643847,0.16716700689618946,0.11401918914567055,0.033094628905137924,0.08772980321103319
CCACTACAGTGGTCCC-D1_Stim,0.12967071476777292,0.05403438423674345,0.15218792462375585,0.05659979002298421,0.43755494887995106,0.06930634780154854,0.1818471115673752,0.030805798169071252
CCATGTCAGATGTGGC-D1_Stim,-0.22908752952165123,-0.08635404777824185,-0.036176634767997484,0.006962038984278607,0.24446736431609928,-0.07654700435736395,0.8755427985418347,-0.012332016817310887
CCATGTCAGGCCATAG-D1_Stim,0.02832217356181843,-0.02000631970721045,-0.00018597822724597535,0.06229697721852112,0.18948655910320866,0.0236537344966532,0.23691476742288842,0.0003832116411253139
CCATGTCAGTTTAGGA-D1_Stim,0.04951144842666899,-0.0027356675255241214,0.11000288534692437,0.09454183197513366,0.16621702939628058,0.014498433748986628,0.22772021552331623,0.006521202459865094
CCATGTCCATAGACTC-D1_Stim,-0.051558759143480515,0.0018848891455487404,-0.3026440397470882,0.11546046819858802,-0.02553144848683253,0.21625667508457447,0.3885366116814204,0.04392842651412465
CCATGTCGTTTGGGCC-D1_Stim,-0.017632136920910924,0.03298070644480866,-0.003988461726200931,0.15339770215267556,0.13907581106972344,0.10326918876542912,0.39474427638509724,0.09700944157122393
CCATTCGTCGTAGATC-D1_Stim,0.04679220990078825,0.08283731312057974,0.11800272150906999,0.041315992113107214,0.26653763948586473,0.018184201780634623,-0.13771757604880008,0.1156699759863038
CCCAATCAGACGACGT-D1_Stim,-0.03520170212014406,-0.05252228276542681,-0.09026332050786579,0.018557665003520185,0.033512673118162084,0.0940100276216036,0.17237951628754367,0.015651275958799005
CCCAATCAGTCATCCA-D1_Stim,-0.10020526057636658,-0.05057316294525549,0.09813476185958425,-0.022334183726959722,0.17712140573803303,-0.1454996672606388,0.4696492918801436,-0.02711500241153253
CCCAATCAGTGCAAGC-D1_Stim,-0.19594890109378404,-0.0531946836902808,-0.10989711666640645,0.05280412989355909,0.26557446536077656,-0.04561262164452806,0.8801999902375179,0.007966916013726788
CCCAATCTCATAAAGG-D1_Stim,0.052516474989063866,0.04662791664850019,0.12311280515584411,0.04513225042512836,0.2776721000051552,-0.01554983225917006,0.11414055625716912,0.029977666474520603
CCCAGTTCACGTAAGG-D1_Stim,-0.09756296083713778,-0.07659902634342686,-0.09464481391404966,0.06877735304414756,0.08578931125682132,-0.0010316099683898017,0.48246668126754955,0.07144232964019714
CCCAGTTGTTCGTCTC-D1_Stim,0.09497755838186706,0.06108386983400571,-0.044515684992543214,0.0761981333153976,0.2618178724021192,0.24622412054256948,0.1460331470058307,0.06864956846750836
CCCAGTTTCAATCACG-D1_Stim,0.06022125923924371,0.03446008446461413,0.10313451807646334,0.036472738767432844,0.37759453384303754,0.005688984241610129,0.058444925175308526,0.013498788395096994
CCCAGTTTCCAGGGCT-D1_Stim,-0.04291673893471071,-0.05819998805627513,-0.29507247552712457,0.26952035844939104,0.050302337190542445,0.2798459261954118,1.0098602163199022,0.07981986826340126
CCCATACAGCCAGGAT-D1_Stim,0.10892695875103975,0.15131817596015829,0.20158791717538715,0.022417564116091526,0.10118224400291709,0.04628048626767267,-0.35875606489342715,0.050570851378772375
CCCATACAGCTAGTTC-D1_Stim,-0.0776918351405218,-0.044139447980912294,-0.17851916909858545,0.11575797198723059,0.12452856371987409,0.1665331933978038,0.5627472210338809,0.09193414150538715
CCCATACTCCTATGTT-D1_Stim,0.012809858294447807,-0.022763222549034623,-0.05612265552742812,0.07203196002195966,0.33042945128538115,0.03737397470222348,0.09550966577027609,0.011048909480756208
CCCTCCTAGGAGTACC-D1_Stim,-0.08089432628137061,-0.07117671830011929,-0.16465069648085073,0.12036217391008996,0.1291120965578365,0.10266857821814668,0.6151390540083685,0.10508168199587331
CCCTCCTAGGCTCAGA-D1_Stim,-0.06861169135131284,-0.07326453200377081,-0.19524171634690113,0.09510876745706476,0.13540835744414714,0.05098623619813303,0.14314857741362985,0.0193099298698165
CCGGGATCAATCCAAC-D1_Stim,-0.06094702621433434,-0.053214821975501536,-0.1416533517301275,0.10201528853541753,0.048407323552305925,0.10197120871066367,0.6270621132603811,0.07230943242432986
CCGGGATGTCGACTAT-D1_Stim,0.017988791215879374,-0.00336943337579676,-0.018153026184426935,0.09085703429674652,0.1278464060504252,0.12103992684156317,0.4031515442752145,0.053277810927383484
CCGGGATTCAGTTGAC-D1_Stim,0.05366487087198735,0.01593083542253737,0.07042209253737752,0.05316447867976137,0.32620843772544283,-0.006709521745198899,0.16917533678166663,-0.001451799813134258
CCGGTAGAGTGCGTGA-D1_Stim,-0.12735215242176778,-0.031650337469347534,-0.2234207421328085,0.1247589537138456,-0.04770518960304493,-0.006803499365002352,0.22511256461642049,0.08960226566875917
CCGGTAGCAGACGCCT-D1_Stim,0.0020528293368418105,-0.07629513208344996,-0.04450617905299126,0.15223912272647055,0.16905960428893785,0.09905938325991315,0.4211883134265868,0.05965227802980522
CCGGTAGCATTCACTT-D1_Stim,0.0485852651950367,0.06500922296247857,0.03283264246140405,0.14649416273960192,0.20029042317065482,0.16107579309964848,0.16710030240410845,0.08748282669272989
CCGTACTAGCAGCGTA-D1_Stim,-0.01786578850477305,0.0016713126264473743,-0.007550000258925493,0.12478863677510788,0.109788273171743,0.09007995286711079,0.2960736258312018,0.06799276478056981
CCGTGGAAGGCCATAG-D1_Stim,0.11531971934578422,0.0314535488578187,0.005369251267717701,0.09984558073369065,0.22996144275773567,0.07153009449877423,0.1681182187559962,0.05486466931506051
CCGTTCACAGTCCTTC-D1_Stim,-0.030004770585849272,-0.05338728498593248,-0.01736100762214665,0.102014988183182,0.13076690929676182,0.0462275902301279,0.44129693872138986,0.06772800072364227
CCTAAAGAGCGTGAAC-D1_Stim,0.05438652551656098,-0.030592089349957163,-0.08566711671582983,0.14015102876601837,0.1101459497249877,0.040787798142259746,0.18851470605164167,0.06427288816226628
CCTAAAGGTGCTAGCC-D1_Stim,-0.0600962239065268,-0.05024483008562619,-0.09469536379943921,0.07417183860031429,0.09802831382237542,-0.10990433807512368,0.8612375136642214,0.0026397786186524996
CCTACACAGTGGAGAA-D1_Stim,0.10448190765392518,0.018232718438270012,0.11502881107663221,0.07821387616288433,0.21786811959179175,0.04251467512143847,0.15343731259414284,0.0006584970641423382
CCTACACTCATGCAAC-D1_Stim,0.025917635279016693,-0.026430815860855716,-0.32952006215130325,0.15169524922053057,0.10672572337984043,0.27446820453303644,0.2771535248814949,0.07122972707968955
CCTACCACACACTGCG-D1_Stim,-0.03841540023932133,-0.03805849342011136,0.03189644535425451,-0.027396830749990997,0.2185064364849474,0.01176266964901096,0.2072077336024396,-0.012064966791852427
CCTACCATCGTTACAG-D1_Stim,-0.07985116187961872,-0.009485678943896403,-0.10813793072706535,0.10551326886381673,0.0797817424740721,0.14547627130011165,0.3986583314642633,0.10331221251581368
CCTAGCTAGTAGGTGC-D1_Stim,0.033260657065442345,-0.03955233960090432,0.09503498450866399,0.018821523726959555,0.18641216810833328,0.1708638672703131,0.2483290346781022,0.06869139157284465
CCTAGCTCACCAACCG-D1_Stim,-0.019058841804262983,0.06415805249804585,0.03429047799573137,0.09451480444571381,0.09432118447035798,0.1634461070838622,0.027822307960686743,0.14385091444693465
CCTAGCTGTTACGACT-D1_Stim,0.03673823599534032,0.002362792362040622,0.06070667651587591,0.037673716867580254,0.12282567426175639,-0.021060501774211815,0.675440943766624,0.04653137505522231
CCTAGCTTCCTGTAGA-D1_Stim,-0.17306853286271107,-0.03611519807963859,-0.12562972402986983,0.03851109324941859,0.06724778933305409,-0.12082380058553177,0.4964018956109406,0.02555849869876603
CCTATTAAGACAATAC-D1_Stim,0.10844094659940318,0.02524432105806973,0.09626799915733208,0.07271231782271492,0.33363406577216104,0.03543013518369165,0.22446529246030522,0.02529242181710778
CCTATTAGTGCACCAC-D1_Stim,0.06122882973237154,-0.003090670919879912,-0.008537750448194714,0.07298117857787823,0.05706890159378908,0.03754699338644407,0.21396693372330944,0.03560093445696033
CCTCAGTTCTAGCACA-D1_Stim,0.0308259190800122,-0.010404034480352209,0.00048492431441449213,0.1091841382864942,0.15574646858481245,0.08483319550322044,0.23447568766319193,0.06435800952072235
CCTCTGAAGAACAACT-D1_Stim,-0.06610540896153516,-0.04577094628752931,-0.20495393592814182,0.10070368747896197,0.11823319716481429,0.1794720782241157,0.3428485184170649,0.07655077280898581
CCTCTGAAGCCGGTAA-D1_Stim,0.04780531864884274,-0.0014776684744770563,0.06453447476226692,-0.02718549864681208,0.18433395879869785,0.03536416267930065,0.16312162279988485,0.009226188764872134
CCTCTGAAGGCTAGGT-D1_Stim,-0.07108661006311578,-0.051917189031927435,0.11095673144604135,-0.029684171046010732,0.19550171112962467,-0.2267143210925191,0.7931434709157106,-0.01108767494063656
CCTCTGATCGCCGTGA-D1_Stim,-0.05537778271839855,-0.00784442404424368,-0.07534714502908813,0.03645713993253352,0.07391421190548719,-0.027261543860555904,0.1414882613382602,0.029659170753014052
CCTTACGGTCTAGCCG-D1_Stim,-0.2077622842926612,-0.040229833459550335,-0.11285111685109506,0.07044044137570893,0.08650253819276088,-0.11913267482947276,0.8320203226530509,0.021806042635081013
CCTTCCCAGCCAGTTT-D1_Stim,0.12234320660859588,0.022299781652343142,0.13317117080807161,0.11167889262117292,0.34148431382382327,0.09584017327244787,0.2565621889752343,0.0332043527413024
CCTTCCCGTAAGTAGT-D1_Stim,0.18525082170528684,0.12574279108437914,0.2569657317159306,-0.01157578716004437,0.3337226917744758,0.09717650008989231,-0.2959097992727511,0.04327489109775051
CCTTCCCGTATGCTTG-D1_Stim,0.05556024054257769,0.04272163569641663,0.13474645060305868,0.06630483333345971,0.3245175579486812,0.10033701761800629,0.14103219015814972,0.04891909066333966
CCTTCCCGTCTCCCTA-D1_Stim,0.07862935653786707,-0.049009734174370934,0.12986668114727262,0.019286928100413547,0.1677919223751978,0.07838169779747695,0.060753026459568815,0.03564417891747418
CCTTCGAAGGAGTTGC-D1_Stim,0.027362208328788995,0.017038481429679564,0.0682124065552232,0.08407769148839606,0.22890508868320225,-0.014456348385117224,0.094094905385667,0.030908996904933872
CCTTCGAAGTAGATGT-D1_Stim,0.035173299628151966,-0.005748268138596302,-0.20944731916568848,0.13499995759034888,-0.04578619761632119,0.15800219469421783,0.3910137323608627,0.11692044779351107
CCTTCGACATGTTGAC-D1_Stim,-0.1025426176347839,-0.03997429057293189,-0.175368400316799,0.13874494648410263,0.0843308318994005,0.24425395693778995,0.4434323208552202,0.1291766254984541
CCTTCGATCAGAGCTT-D1_Stim,-0.033543272787289524,-0.07790952777602733,-0.3362681246344623,0.06760015870074554,0.10587573079119394,0.15821722776854408,-0.03553904531957386,0.029345070103410364
CCTTTCTGTACGCTGC-D1_Stim,0.008656149225959808,0.016398712570454776,-0.028332007437111173,0.14328762173516552,0.08411037424883716,0.13885959532158232,0.33970807204196163,0.10414262397920915
CGAATGTGTTGAGGTG-D1_Stim,-0.057044674862899214,-0.028190631673577826,-0.16876823263370166,0.04949140416887943,0.07599895508136356,-0.011812042155433744,0.06668315079332743,0.025079612212136837
CGAATGTTCTTATCTG-D1_Stim,-0.005422862267055351,0.003851859645742195,-0.01870461297417858,0.14370477890182976,0.03651125587209947,0.09122471129843213,0.2889068754993094,0.09297607626485238
CGACCTTCACAGACAG-D1_Stim,0.12291349542384822,0.046837078674176524,0.20100574933938553,0.032656666776444965,0.4565626481435725,0.041651080658983375,0.1293992537458699,0.004762316411012435
CGACCTTGTAGATTAG-D1_Stim,-0.18021102574273762,-0.02529658676391655,-0.01417670177719721,0.03752665822056045,0.10268584437336514,-0.13265081644911447,0.6069936886095899,0.024065574973551662
CGACCTTGTGCCTTGG-D1_Stim,0.018758446011052143,0.023040775391239166,0.05801014413924577,0.05216671423929853,0.1410733739110963,-0.01089902257829145,0.0915694751386873,0.013065971426259537
CGACCTTTCCTTAATC-D1_Stim,0.007942345766380754,0.022336361541221095,0.050755917563427566,0.020836117224501294,0.2853279567949212,-0.005456893559259157,0.033032169438790504,-0.003835526021283897
CGACTTCAGAGCCCAA-D1_Stim,-0.033384447936031236,-0.019429228319683745,-0.09700392592771756,0.04731989712319162,0.2181688198025178,0.05811079091561666,-0.07439573891702267,-0.001423214883809365
CGAGAAGAGACCTAGG-D1_Stim,-0.0035572207119614063,-0.037460880947687514,-0.008959072332247686,0.10070326423769416,0.18496157066015861,0.0522212825502546,0.16527685167720918,0.0399344551938281
CGAGAAGGTATAATGG-D1_Stim,-0.041387547474700526,-0.011952343843146807,-0.2508015085992348,0.16279077076017323,0.06127966694815434,0.16048749605159607,0.5053634330189603,0.08796385063353007
CGAGAAGTCACAGGCC-D1_Stim,0.019921005105869583,-0.006368586263199916,0.02929410415594802,0.07795552519235116,0.17209678184995703,0.06879352052476051,0.1967741439487547,0.06438968671971423
CGAGCACAGCGGCTTC-D1_Stim,0.005470715378521618,0.051964095528417076,-0.0644020597929611,0.07707160769506238,0.13777313585814888,0.04709865102032751,-0.0015901695596234333,0.06369287603362928
CGAGCACCATCGATTG-D1_Stim,0.05558614310388421,-0.012925848366766246,-0.043176337987702595,0.039194533025973755,0.10143887377818928,0.08889108745158758,0.06222682279470426,0.052377308702908465
CGAGCCACAGATCTGT-D1_Stim,-0.17949694432421737,-0.05651171982851899,-0.16652936102252447,0.05685437906633517,0.1043212039907111,-0.12294206993345469,0.8632951055521527,0.019214930313525613
CGATCGGGTTCGCTAA-D1_Stim,0.0321768218109213,0.11566181021360045,0.21846953409059822,0.0791487753541702,0.10465186043991537,0.05413616746554162,0.024125457704812447,0.15380246328930447
CGATGGCCAAAGGCGT-D1_Stim,-0.13830439836178954,-0.07265203750971061,-0.17515023917246442,0.051212354731324794,0.011625940893431164,-0.05798591785102403,0.5794273195759878,0.05290434136746214
CGATGGCTCAACGGGA-D1_Stim,-0.012871803502235935,-0.03289055499020499,-0.06345595403677073,0.06719962927381751,0.10833142492429815,-0.010835867709710456,0.17984181293178736,0.005855499602402503
CGATGTAAGACCACGA-D1_Stim,0.03072883957721828,0.00726405216946624,0.0335239407407677,0.09345432784733276,0.21397074722956155,0.009047118284318145,0.2112939844544819,0.03985583907718748
CGATGTAAGGAACTGC-D1_Stim,0.09051604825313753,0.02438758972488131,0.10831882309886254,0.05684001015388951,0.21180722356529813,0.018882542151864357,0.12709706278997857,0.015515384575754965
CGATTGACATGCCACG-D1_Stim,-0.04904564426842306,-0.019147329415263314,-0.03885332804488861,0.12396724054103991,0.15755983757624925,0.11874281197877146,0.26540951914462596,0.06172281632751542
CGATTGAGTCATTAGC-D1_Stim,-0.013094233551353085,-0.003260057974264541,-0.028639296529615166,0.04770146973192979,0.08702892131079487,-0.016612314486041058,0.20665748855509491,0.03110530155761637
CGATTGAGTTACGTCA-D1_Stim,-0.10581476168363224,0.024966307113677644,-0.1305411521659554,0.07734855084578562,0.0003375981952231655,0.0015217726996432646,-0.06344180583567649,0.10592712371091118
CGATTGAGTTTGCATG-D1_Stim,-0.12161606065269659,-0.08497991485862855,-0.29024486914835457,0.12471080687375036,0.10484607151342296,0.14826176777555844,0.891909570008524,0.038434736557741545
CGATTGATCCGAACGC-D1_Stim,0.018062800470683982,0.011869142167615365,0.049682877598137054,0.04182850808022209,0.18202471113076335,0.09671636550560336,0.04885249844916295,0.005045164181199269
CGCCAAGTCTGCGACG-D1_Stim,-0.059766423817901426,0.025161624875826405,-0.003037387930156399,0.0862683861294471,0.09920545220285071,0.06367117546298218,-0.03606110202125734,0.13359175864180095
CGCGGTACAAGAAGAG-D1_Stim,-0.005302061134738523,-0.041747257861727505,-0.08576060497046356,0.11669082807307163,0.11787029837359064,0.1242563711594471,0.20661234738935264,0.0689525716317263
CGCGTTTCAGCTTAAC-D1_Stim,0.03357003368810041,-0.011560739918294871,0.031669943661253086,0.10112228480374874,0.15561972057292017,0.056960962342659016,0.10701100447755252,0.0643863266882505
CGCGTTTCATAGACTC-D1_Stim,0.052005798396198344,-0.0009632780907260496,-0.0062653240352741335,0.052998873784385836,0.19514525150981576,0.030613069671895587,0.16608441020533604,0.012594362504588119
CGCTATCCACCGAAAG-D1_Stim,0.008940757494210416,0.0005059665227680199,-0.02724860147912711,0.1083699662229165,0.07918179580297036,0.04287294692450949,0.10701035205281073,0.05173904499953963
CGCTGGACAAGCCATT-D1_Stim,0.026645224660356348,-0.0047370131447408426,0.029594555266510447,0.11321412407839127,0.14502104885307432,0.12418717307018667,0.3491447050361227,0.07996604693676801
CGCTGGAGTGCTAGCC-D1_Stim,-0.13202140917525718,-0.08406490311258885,-0.06308885174303569,0.09124794428742788,0.24541508929782374,0.03516700320459876,0.7900563038090205,0.01206836953628887
CGGACACCACGGCCAT-D1_Stim,-0.15629110225462206,-0.05770939841284317,-0.16885217170418976,0.029037611409396646,0.025683045791952352,-0.08160688669524774,0.43972047820978055,0.03573300391663281
CGGACACGTACGAAAT-D1_Stim,0.013614429250022653,0.01930374197002216,0.14405078343255795,0.015097459319912687,0.3161620280142152,-0.03265596235204882,-0.06831214678631525,-0.02254158822942287
CGGACGTGTAAACCTC-D1_Stim,-0.007204391716056691,-0.03211566472091221,-0.020588256601614674,0.03333182280168323,0.24311688124199193,-0.03768699196386294,0.054978988946988494,-0.012587540023945465
CGGACGTGTGTTAAGA-D1_Stim,-0.07936345259617106,-0.064649292692053,0.07544351165818686,-0.02395936908613905,0.1849897128094966,-0.10161752606898311,0.7784355660425764,-0.015498315001108764
CGGACGTGTTCACGGC-D1_Stim,-0.08842209159506531,-0.07218793637450283,-0.17476979823887895,0.07784299374903014,0.09933537642807799,-0.00319344465353133,0.6401555306054014,0.025969165776288605
CGGACTGAGCTGCGAA-D1_Stim,-0.003945415404647434,-0.0050546821063850444,0.053006634922420304,0.10681042218397074,0.15694379439638695,0.07929168676173681,0.3275361035367048,0.06382655832220863
CGGACTGAGCTTCGCG-D1_Stim,0.028573141046374317,0.020938552634090613,0.01618622298559025,0.13377009992862732,-0.13581327452091685,0.1394880170212982,0.29181875046717476,0.08540020356145028
CGGACTGTCGCCAAAT-D1_Stim,0.0490009422248896,0.010442291414754834,0.21482977493581856,0.025036113484866007,0.1930858082647795,0.1091899409069903,0.29764808741103366,0.04581632715064288
CGGACTGTCTGACCTC-D1_Stim,-0.14828870904132074,-0.07897624214612264,-0.3097229234825827,0.14604430806655877,-0.0772687345672427,0.17779444999346872,0.5953728487478251,0.08788177412300868
CGGAGCTAGCTAGTGG-D1_Stim,0.036854659837135983,0.04723703357001696,0.14528817873065236,0.08341074268952475,0.19913421935784648,0.16680460088918814,0.06674237462874899,0.09499079708090008
CGGAGCTCAGACGTAG-D1_Stim,-0.032255384774842355,0.0070500601292167175,-0.05550641774503262,0.10620479775385938,0.2260490579501333,0.09264954493140465,0.39266439293503197,0.05131261905968465
CGGAGCTCAGTCCTTC-D1_Stim,-0.037618457905349345,0.02447917204977834,-0.18498804440661942,0.14391077247733897,0.036115556002753735,0.1757751948688835,0.32848204591648056,0.10202313094439397
CGGAGTCAGCTGAACG-D1_Stim,-0.011591814834263303,-0.02988540222640701,-0.09948797547422039,0.12914162344121927,0.07175795117471928,0.14929676755569865,0.5296694073450947,0.08806127494439053
CGGAGTCAGGACAGAA-D1_Stim,0.01936036996346502,0.004410882143554673,0.029510768539507737,0.014478332792396742,0.20713093173764108,0.06831868507535255,0.18150842728930883,0.018147956800607545
CGGAGTCGTAGCGTGA-D1_Stim,0.0365557914189818,-0.0013093247623761073,0.07569374323462519,0.024509449792658344,0.19157232892404785,0.007336921962201259,0.12987985579456662,0.01329949817816889
CGGAGTCTCACAATGC-D1_Stim,0.038588881800082575,0.004491070848573031,0.1009244899581283,0.08919144460948658,0.23070688338980538,-0.0009622323260298771,0.11986161894526148,0.04214951847293058
CGGGTCAGTAGGCTGA-D1_Stim,0.11547578666419156,0.014382457384046532,0.12585963819126533,0.03905159654288859,0.4608784662990342,0.051554073921797894,0.18145486457897064,0.010741479314051006
CGGGTCATCAATCTCT-D1_Stim,-0.14426834101118402,-0.022560251481509752,-0.15533742324806,0.08815859792989222,-0.038312363169659136,0.0010640874421934399,0.17478951244487106,0.12089197873235591
CGGGTCATCACCCTCA-D1_Stim,-0.10556479248727513,-0.06174614499902731,-0.25816933904237693,0.05277914801039074,0.1742773129741657,0.06023760258255528,0.49452059625833655,0.034734021843160434
CGGGTCATCCCTAACC-D1_Stim,-0.19416938599942313,-0.10252262333569817,-0.1923577640686016,0.048327847338265784,0.05901680331865933,-0.12544127321034892,0.6921033493591366,0.015955802847951617
CGGTTAACAGCGAACA-D1_Stim,0.01829031676576598,-0.013776676364019025,0.24706126730891675,0.06970555435730219,0.1439535188077361,0.10266339212454234,0.09545969568666912,0.07883395652312686
CGGTTAACATCAGTAC-D1_Stim,0.1596363809407233,0.06332149853136038,0.09221510500091767,0.09013621152634066,0.40394947195671627,0.09024951887808363,0.16156706841423585,0.04258650788573881
CGGTTAATCCGCTGTT-D1_Stim,0.052796753241491245,0.0875420012378676,0.31624874871179465,-0.014821303270670327,0.16531177375148154,0.1639048199995905,-0.18309664626416478,0.05681300288091329
CGTAGCGAGAGCTGGT-D1_Stim,0.047733082315419395,-0.00100012465104804,-0.011162542702432887,0.0249097210874627,0.08623158322549784,0.07649222241663267,-0.001709907685031098,0.05088889447157818
CGTAGCGAGCGATCCC-D1_Stim,0.1476381062130816,0.15431018961783494,0.42423488792496755,-0.10697907230103709,0.30753730334687646,0.03293305410903535,-0.6401536924830769,0.03811339806665259
CGTAGCGCACTCTGTC-D1_Stim,0.01596606070822837,0.022607973936551673,0.025850899644707326,0.022376393366286607,0.21484691722389826,-0.0044550246496495305,0.057436448427097275,0.008372450017406052
CGTAGCGGTAGAGGAA-D1_Stim,-0.08001184527485172,-0.01912172308814064,0.046571020447128575,0.10351276607388193,-0.03217234445170014,0.045252530503102406,0.34678191907710243,0.03758789943831076
CGTAGGCCACCTATCC-D1_Stim,-0.09583509523491429,-0.02884307706987599,-0.1893683515885094,0.06650070795096141,-0.012758266168384935,-0.01565565259150148,0.18289306073457823,0.03473565865078854
CGTAGGCTCACTTACT-D1_Stim,-0.01849581928092725,-0.029252103278263775,-0.030136413820946117,0.08843083878901581,0.014958121468271912,0.1190522870649211,0.31163897311510347,0.03878192586329554
CGTAGGCTCCTTAATC-D1_Stim,0.15823809441527636,0.04966222393489517,0.1240544226985012,0.06476422639271817,0.29756655156188394,0.05384576292554755,0.1874728253231055,0.014049160679157069
CGTCACTTCAACACTG-D1_Stim,-0.01767632841857747,0.02070476132158916,0.08921752225477686,0.073967436746047,0.20581882868815704,0.039175313062253636,0.0702015836028238,0.04740120955861826
CGTCAGGCACCGATAT-D1_Stim,0.06881159550559701,0.03317884648306446,0.0824379538107296,0.09904799438697154,0.25648383525592244,0.07299617412247272,0.0894718987477674,0.059679706807378
CGTCAGGGTGGCCCTA-D1_Stim,0.031290057712507036,-0.004634353020197324,0.03960300565676711,0.1333305498117454,0.14916926482515436,0.06424075965580478,0.32460245539853005,0.07107093106307794
CGTCAGGGTTGACGTT-D1_Stim,0.09677512266160981,0.028473439383892796,0.14447186611229323,0.01943525515188682,0.4332275236055647,0.05449238757563357,0.09617115395867515,-0.001247344229591718
CGTCCATCATGGATGG-D1_Stim,0.043399532456614764,0.058580083900784174,0.1886806153272076,0.05695150434042873,0.18078761801796261,0.03426773905007785,0.0572168055665081,0.05351008604943708
CGTCCATGTTTAGCTG-D1_Stim,-0.053524738036950126,-0.03623595893161813,-0.12046364958000844,0.09221075430147252,0.013247945977905573,0.004798688020125397,0.4035192159781431,0.10084966321360866
CGTCTACTCAGAGCTT-D1_Stim,0.03571219040725815,0.02077613202354911,0.05666395867721796,0.0753379898977915,0.2336460338878581,-0.019509617916611433,0.11299936808453381,0.0019220414789522522
CGTGAGCCAATCGGTT-D1_Stim,0.05915096747759918,0.024906892163579997,0.12361171570307938,0.08671089739110727,0.19731936731781197,-0.010591759156749703,0.09673567431987706,0.026441755984365045
CGTGTAAAGCACGCCT-D1_Stim,0.055987532310252774,0.027072904285777355,0.09580071531978795,0.09056114806072557,0.16568296978768515,0.04448277037164594,0.18883186762406012,0.013522359231474823
CGTGTAACACACAGAG-D1_Stim,-0.007251425305405235,0.00028318091946211155,0.006074839941292431,0.08984679965616671,0.10874924668471664,0.017575802313062994,0.31204033692333866,0.0583197093436425
CGTGTAATCGTTTATC-D1_Stim,0.08059007306786192,0.05478483453908467,0.17140829157234716,0.05867623649524489,0.4023942682441142,0.08875940237903457,0.018329532742388466,0.06609967592042487
CGTGTCTCATGTCCTC-D1_Stim,-0.05430835457677219,-0.003589837382282468,-0.3620260039056262,0.16564051148674608,0.011433175890653402,0.24387571824157916,0.5107684132768853,0.10658064345252427
CGTGTCTGTTCCATGA-D1_Stim,0.033641943984843437,0.023596683345463276,0.038565767367995996,0.08494713803682785,0.14028491569328239,0.041798605937447775,0.0926923513765523,0.008208003615921555
CGTGTCTTCACAATGC-D1_Stim,0.07277677503435243,0.029849305433279127,0.10961319967752647,0.02929706659799791,0.34203385454649826,0.04517904133482631,-0.012483332013879078,0.0009228611537928089
CGTTAGACAGCTGTGC-D1_Stim,-0.06736698950997777,-0.03795161077001552,-0.2927628530329702,0.1401927774154963,0.11825611593337193,0.2095592413430758,0.6331673959015145,0.07604138459286425
CGTTAGAGTCTGGTCG-D1_Stim,-0.013501042124749674,-0.012513514541760529,-0.03318822755274731,0.12103880601149264,0.13704489405244402,0.05266486839360773,0.27277155355693594,0.07182857134912624
CGTTCTGAGAACTCGG-D1_Stim,0.10198597748014748,0.059475075731622695,-0.07792984415978044,0.10352009332467027,0.10852000636784531,0.1359915233936313,0.15986773819907363,0.07424759114323898
CGTTCTGAGTACGTTC-D1_Stim,0.021140439460182847,0.008945945412705214,0.1652948365910909,0.051694086291497854,0.1843485062737109,0.03136728202528438,0.11475837718575477,0.079565990679491
CGTTCTGTCTAACTCT-D1_Stim,-0.022655317578356815,0.00752821359177247,-0.008763159998306236,0.021317454190301177,0.1607763317843265,-0.029263766279996162,0.05873876655734023,0.01664262691931384
CGTTGGGGTGAGGGAG-D1_Stim,-0.0463217166851706,-0.042971358891213285,-0.05847280050599135,0.032454250540416396,0.11153836448341359,0.04631064652067529,0.27495312810861705,0.02191551265172542
CTAAGACGTAGCTGCC-D1_Stim,0.10147544128476582,0.05332895788464853,0.12326863017226675,0.09558755884689418,0.19362662192826008,0.045025351449943685,0.18796470126901,0.03494406872387579
CTACACCGTTCCTCCA-D1_Stim,-0.014321607893808874,-0.01988246220521006,-0.03240674776175112,0.06474882205001897,0.12131858688077912,0.06679192919862764,0.26838525967185944,0.08087458803705161
CTACATTGTCTAAAGA-D1_Stim,-0.049627018375995036,-0.01720132539631436,-0.03795654844427254,0.07837889405269216,0.23619237748693678,0.014954239065543717,0.5445575737755881,0.03452968290377889
CTACCCACAAGAGTCG-D1_Stim,-0.008013787334448352,-0.050027202233362544,-0.006506641248156697,0.08127549591581662,0.23050834052372693,-0.014265006597968366,0.22948769367947008,0.020711432200426927
CTACCCACATACGCTA-D1_Stim,-0.05458549783666733,-0.027423954259109706,-0.06845377691293386,0.05932806511141209,0.13072546327011558,0.06401164195627906,0.421246600517323,0.03918934328463486
CTACCCACATGTCTCC-D1_Stim,0.06473734616334781,0.05367295326891153,0.09080071452678773,0.06845136348760761,0.24770635930026685,0.04400139386913615,0.06039985930529568,0.06597835800106822
CTACCCAGTTTGACAC-D1_Stim,-0.058167466715026706,-0.028484438254164246,0.030020370276293562,-0.02327059800805209,0.25353235062743273,0.010440013768095113,0.14560107963556135,-0.011319911648303815
CTACGTCAGTCGTACT-D1_Stim,0.18799611866236887,0.05681045146970298,0.004292547304160621,0.1246366846166076,0.39174605890010916,0.1817313234268596,0.36509538040722234,0.08947378406410245
CTAGAGTAGTCGATAA-D1_Stim,0.020811148954196668,-0.008736118355832545,0.15016876747008112,0.017170832191450103,0.03036831225481329,0.08710931151938084,0.2770961279974049,0.03675298500285962
CTAGAGTCAATGACCT-D1_Stim,0.04731868752042878,0.01732752710109864,-0.023987300716280302,0.06076312246133675,0.35126388865498726,0.024078011779710806,0.12574162658483345,0.004050769673551002
CTAGAGTGTTGTTTGG-D1_Stim,0.010607314644168753,0.020108511707142895,0.1639792387496275,0.02367814457673667,0.06229876534556311,0.03544255703081767,0.24688619861473526,0.007355089337501397
CTAGAGTTCCCTCTTT-D1_Stim,-0.14179777732722343,-0.19552980745838866,-0.5288372405096329,0.18970865619752075,0.21540645127558378,0.331454275374492,1.1671677575160384,0.08093134509929278
CTAGCCTAGCTAAACA-D1_Stim,0.00043159465392861307,-0.005117158787690812,-0.11840085773489317,0.0977597827567589,0.02961732990926791,0.09130002319694874,0.2951834328849223,0.08611711645827747
CTAGTGAAGTAGGTGC-D1_Stim,-0.27220140491366784,-0.09315347925040207,-0.21409943092107753,0.08570925748519187,0.12464172017056008,-0.14849026088368156,0.8980732439953787,0.021170991080188273
CTAGTGAGTCGTGGCT-D1_Stim,-0.008177789785515088,-0.056124062416742504,-0.14711200315196749,0.07001428277253652,-0.0013975223829501005,0.2138222021680587,0.1087951055813523,0.07594566248956802
CTAGTGAGTTAAGGGC-D1_Stim,-0.03534964279256414,-0.036497032742305535,0.20190572635782011,-0.009364060952941955,0.14495474558882115,-0.0731010162722896,0.7289978653621372,-0.0038918918898502852
CTCACACTCCATGCTC-D1_Stim,-0.09007209448230036,-0.0315829258375544,9.91365319826798e-05,0.059123895056263365,0.3122153896657007,0.04417199341875566,0.3765378908456256,0.025427546702440296
CTCACACTCTTCTGGC-D1_Stim,-0.02263852681709899,0.00839302535798403,-0.14319506567572482,0.10244983552618514,0.052958524183559064,0.13629960216652215,0.31234559616494195,0.08821145456454182
CTCAGAACAGTATAAG-D1_Stim,-0.002270069998635549,-0.015948948338062152,-0.15397860310062317,0.13679509396415668,-0.014798231035943132,0.16430066706457858,0.4218416458446477,0.08939870483415646
CTCATTAAGCTGCAAG-D1_Stim,0.0158399733900918,-0.01652739416271487,-0.0811616400814712,0.14385559584341046,0.13863807322725386,0.18055239264407064,0.35561473318159464,0.10275519489151996
CTCATTACAAAGGTGC-D1_Stim,0.09772031479388055,0.012613560063455154,-0.0236796287572707,0.0657737724643983,0.22016074954127873,0.04341349686318452,0.1624718643988352,0.020100142540421473
CTCATTAGTAAGCACG-D1_Stim,-0.09128374535186623,-0.019976603588229835,-0.08938919588504035,0.07808713562515379,0.009104523228598893,0.025833647000034432,0.2763522962400984,0.08390958421727213
CTCATTATCGCCAGCA-D1_Stim,0.02967017282950124,0.0015105375427175716,-0.09917561900646987,0.21610628302730106,-0.11177022912855783,0.31137490014610236,0.6401591871369936,0.11668348403274464
CTCCTAGAGCTCCCAG-D1_Stim,-0.07173539675403795,-0.04540016135184288,-0.09969913431943311,0.0013734820114787993,0.12423407377940521,0.06598704577606185,0.15117484147346616,0.026514654618793543
CTCCTAGCATATACGC-D1_Stim,0.06811209366105508,-0.004173989748096574,-0.03180480151292908,0.043113418349014054,0.06034501288995919,0.08629120097364584,-0.046742372251788566,0.0615756677309669
CTCCTAGCATGGTCTA-D1_Stim,-0.029893240161078083,-0.04459919955882086,-0.0740240070892133,0.07363273105013235,0.14826842984015087,0.02060535442780953,0.13853309902640376,0.023219581818686663
CTCGAAACAAGAAAGG-D1_Stim,-0.010216562860170697,0.013124622233029015,-0.26510146477650487,0.26158964316333844,-0.011166562174075523,0.3227291903849441,0.7888160542732656,0.1173133389230756
CTCGAAACACGAAATA-D1_Stim,-0.05582130951414399,-0.030210488095448795,-0.11436362747794071,0.02765011155307384,0.1426671202555152,0.08052828235054221,0.3162229880878584,0.016361618855652793
CTCGAAAGTAAACGCG-D1_Stim,0.03272190527641605,0.055136758700381705,0.07672282802221275,0.056158239763336226,0.20794662108343331,0.059394297096512005,0.06951275456336248,0.05439211735207117
CTCGAAAGTTAAGGGC-D1_Stim,0.07185133558692236,0.0670106894434479,0.25938054362293084,0.007664364622762321,0.23349570876212766,0.12394808316751593,-0.19290347236933947,0.07568747432591749
CTCGAGGAGAAGATTC-D1_Stim,0.1615897597174527,0.07239519084185275,0.12948713926237687,0.10152674387660277,0.28801107814495275,0.10341064314516757,0.19210161349120014,0.050832731985602564
CTCGAGGCAAGGACTG-D1_Stim,0.0411015716589791,-0.023464001059696926,0.0037880816132558337,0.08678527898916855,0.09168403485901777,0.0690063852615328,0.2969892514688013,0.05978326288815339
CTCGAGGTCAGCGATT-D1_Stim,0.06969292710529018,0.008450850666442022,0.09689613548168552,0.07514860945348012,0.2409885199684645,0.04735106784396059,0.20518865564342548,-8.149961241699089e-05
CTCGAGGTCCCATTTA-D1_Stim,0.14963586664789652,0.02829328477232096,0.07186310043279054,0.06339485333518624,0.34272961239122246,0.09106097154029413,0.13421333102554556,0.04550524957144653
CTCGGAGAGGAGCGAG-D1_Stim,-0.017909691165010955,-0.0020443503167744126,-0.21701022267044046,0.15963619479401459,0.05152141162702151,0.2257036160041288,0.3886988479932647,0.14226316523713578
CTCGGAGCATACTCTT-D1_Stim,-0.14193153191081365,-0.09641452920017457,-0.3417081763039924,0.11039233115650404,-0.04518860793276325,0.26316925196355534,0.528576768269696,0.07046765114781017
CTCGGAGCATAGGATA-D1_Stim,0.03066045318484889,0.010593211374468225,-0.21658330892730682,0.1257308856137982,0.07284614281923396,0.1960145182192683,0.22443734533801418,0.09972930153880633
CTCGGAGGTTTGTGTG-D1_Stim,0.14819282920119825,0.05563543556646344,0.14307398370836744,0.07584490312253145,0.2568878477561789,0.06163810282884796,0.24717707040611359,0.029472927416959394
CTCGGGACACTGTCGG-D1_Stim,0.11249247938745377,0.036887638821026414,0.23880341469569277,0.0027870622925512123,0.30513309665688126,-0.035774513078949965,0.07268862095515516,-0.013673740491181974
CTCGGGACACTTCGAA-D1_Stim,-0.08920189746197416,-0.043505080787321404,-0.05924888831927788,0.04783800776420044,0.1245549388449092,0.11710564861063588,0.15611719779422906,0.04404597394673537
CTCGGGACATTAGCCA-D1_Stim,0.031886829378981574,-0.007295450904159395,0.024510884523955667,0.037300852751261715,0.11380595957884587,0.08359218016008185,0.1573042404715519,0.06091933059140864
CTCGGGATCTTATCTG-D1_Stim,-0.005314121668643423,0.00859760334419235,0.05746740848339549,0.07867202772814608,0.06333392942531191,0.0032662532793636956,0.16400680396616707,0.056800005392274144
CTCGTACAGAGCTGCA-D1_Stim,-0.1709002591927682,-0.2570768137358055,-0.1925619444760649,-0.02934679671991347,0.012728925905673094,-0.009772177182515662,0.4182402653199393,-0.09051871722192573
CTCGTACCAGTGGAGT-D1_Stim,0.13734252819988235,0.21891678317869712,0.47137305588741185,0.016546987432452198,0.18048146329113912,-0.08058892956080754,-0.32916301367554013,0.05828202082631506
CTCGTACGTAGCTGCC-D1_Stim,0.04802756343289083,0.040623845752818966,0.008459836622988881,0.06524143833499174,0.14557370112200374,0.09524598285448427,0.01642725738730988,0.042345378311081205
CTCGTACGTCTGATTG-D1_Stim,0.0025043149996015757,-0.007187889282128879,0.04374771564507807,0.0839429262389011,0.14034255580164512,0.06968561746040969,0.2713391319217493,0.03695060781168635
CTCGTCATCACAAACC-D1_Stim,-0.13184890483751133,-0.03563664812415546,-0.11014813711306637,0.12267454377311893,0.07807393781897964,0.04526831843097412,0.7031132985084056,0.057444768672642255
CTCGTCATCTGCGACG-D1_Stim,-0.052448718662256866,0.026942857968332845,0.29678117797807246,0.023794816931630436,0.13467553783721264,-0.03327357364474537,0.03450042981903856,0.025344304507443738
CTCTAATAGCTCCTCT-D1_Stim,0.039680597238707094,-0.05292176542750937,-0.07075611112924385,0.1026010641388364,-0.04292223100097914,0.16146587803136114,0.362546462699477,0.05687002164599164
CTCTAATAGTGTGAAT-D1_Stim,-0.050856152504376695,0.019064921268579837,0.0458425028032492,0.04007276075327759,0.11124027203855036,-0.01517725679862636,0.07576418927283157,0.04216821568783935
CTCTAATCAAAGCAAT-D1_Stim,0.07257578987098334,0.05256898283573719,0.110478992244321,0.065008480588018,0.23008738481403412,-0.0045984196955810575,0.16181930170626302,0.04164460654689783
CTCTAATCATGGTCTA-D1_Stim,-0.01745514469216225,-0.05769673102140871,-0.027874634221438654,0.03805152283960389,0.06521635972363882,0.07525081521397681,0.0051333901914105695,0.0072293098832858504
CTCTAATGTGAACCTT-D1_Stim,-0.08444777494133149,-0.028381193345909494,-0.13856706333407587,0.112312622276308,0.11971720613594883,0.07687661369114984,0.6095241387428345,0.06404586914479182
CTCTACGAGACTAAGT-D1_Stim,-0.05784680354480898,-0.00552411423685939,0.10594379709407864,0.022704453546428027,0.2860197794487007,0.050025102852329084,0.3020528239453899,0.041878145018573676
CTCTACGAGCGCCTTG-D1_Stim,-0.01848997573011779,-0.005200984081147553,-0.37959571353609256,0.23841099103000474,0.12046255143210871,0.3112376855011192,0.5843597847354278,0.11958010020240195
CTCTACGCATATACGC-D1_Stim,0.025514706269357035,0.011983695252428817,0.05326267574529009,0.0501924991735212,0.1476267301794021,-0.003773193867450786,0.10036278373880947,0.03652323460310747
CTGAAACAGGCTCTTA-D1_Stim,0.049653246240145776,0.03295466975468209,0.09966783249530842,0.0925033149792327,0.2521477397660856,0.04052968410443292,0.09610393547603735,0.04623863644430415
CTGAAACAGGGCATGT-D1_Stim,-0.2704641639152463,-0.0692878662858778,-0.17752408093369798,0.03545466408558795,0.08022459204935295,-0.1295926361702655,0.9910805376846916,0.008160407029571104
CTGAAACCATTTCAGG-D1_Stim,0.12423404650752268,0.053177227051929066,0.05708381971116694,0.11451392734652543,0.3046836782594724,0.11244004279067532,0.21074563633990095,0.05836460635917007
CTGAAGTAGCTGAAAT-D1_Stim,0.0069870523983190935,0.008164899831786698,-0.03488392753499436,0.07129812937290758,0.10160962529336892,0.11074745141638154,0.2650178291824936,0.10706582047111368
CTGAAGTCAGCCACCA-D1_Stim,-0.0006382073123063492,-0.0335447434031515,-0.10982719023306498,0.05197764060016041,0.22175763120040415,-0.01182048039413175,0.06757627395948873,-0.002929935132563344
CTGAAGTGTGTTCGAT-D1_Stim,-0.07064368600921611,-0.08172292707960516,-0.1521914144907246,0.08880362826887378,0.14021866783030035,0.1332724325862209,0.416560724680064,0.011853014258761618
CTGATAGCAGACAAAT-D1_Stim,-0.18320453753959853,-0.03831725530665686,-0.2551262831671117,0.12341078206967104,-0.014251023800239793,0.0870491756502787,0.7043072802339427,0.09627305783763163
CTGATAGGTCAAAGAT-D1_Stim,0.028657827811962022,0.03752266172642216,-0.20939278421724694,0.17313260404648823,-0.03455348253688939,0.1614892226863507,0.27882255962798475,0.11016479347374464
CTGATCCTCGTGGTCG-D1_Stim,0.001552495804315157,-0.0039036401949505972,0.13049868274040755,0.06064912560417923,0.212344627762036,0.11433661065441214,0.2692700813464537,0.06396349204943874
CTGCCTACACATCTTT-D1_Stim,-0.016773339557172307,-0.02684316072493509,-0.21150475459325158,0.16566837847519977,0.09791160565887402,0.25812685106346933,0.3469620998365741,0.10479762928565428
CTGCCTACATCACAAC-D1_Stim,-0.009387833683430102,-0.034430375158208903,-0.024801834229032593,0.1390718844681995,0.1508705465692195,0.04638898710716255,0.4724188854338003,0.0685283123764755
CTGCCTAGTCAGAAGC-D1_Stim,0.05985710179101922,0.010777526935347836,0.11582419735046035,-0.007731730584003671,0.19431069546521051,0.04609368666678293,0.0369734989442243,0.009034084962911137
CTGCCTAGTTCCGTCT-D1_Stim,-0.027571947668667107,-0.005390667998655729,-0.19974135121374204,0.13432462314536409,0.07873429669862375,0.12975722775169274,0.6281552412071036,0.09001145562450219
CTGCGGAGTAAAGTCA-D1_Stim,0.11817545622492176,0.05151214099236867,0.14595111098894975,0.049974383985690096,0.3148631555020778,0.030804011927354935,0.1744038552900129,0.010683789474926542
CTGCGGAGTACGACCC-D1_Stim,0.1900735669276905,0.04272929962070826,0.006170842406577393,0.16447068715227253,0.3318986800198793,0.15287821425464898,0.45926516663999095,0.09545911633507664
CTGCTGTTCCGCGCAA-D1_Stim,-0.06555014975156048,-0.05339839374602917,-0.3029726767886842,0.17461451000130168,0.16860826718740896,0.2756070830926962,0.9946740975562633,0.1353458594460175
CTGGTCTGTGCCTTGG-D1_Stim,-0.11846404951582734,-0.06329954971388929,-0.09701256367483602,0.05589267615919269,0.11668325350735032,0.12692462247715852,0.22361063870970277,0.025158751337080787
CTGGTCTGTTTGGCGC-D1_Stim,0.035123430009623036,-0.016680969318828787,0.020311652867959218,0.06628658681818855,0.23311805689199439,-0.0010697271308615086,0.05917611683174684,0.024540718765029723
CTGTTTAAGCAGACTG-D1_Stim,0.04017339968089928,0.006813330119824101,0.027371944760812283,0.10653304885063619,0.11015662060623832,0.055777172027847044,0.10587550722491557,0.04065822166954547
CTGTTTAGTCAGAATA-D1_Stim,0.020038116891544888,-0.0038656343489016365,-0.035831226915759906,0.0690353514569253,0.303536706289373,-0.006221307232394224,-0.021940634492597866,0.0011668673445832667
CTTAACTAGACCCACC-D1_Stim,0.1471370918115138,0.04455717145328819,0.07145528746981444,0.061211952987433094,0.38734049662552295,0.06616572227530071,0.13589665363130266,0.03129632569264196
CTTAACTCATGCCACG-D1_Stim,0.002116459134107629,0.04857197942455471,0.05669327707639038,0.05138599553236034,0.068248237422468,-0.001439264318104705,0.0769187416870345,0.026428117926451833
CTTAACTTCAACGCTA-D1_Stim,-0.021310744228975054,-0.010519066316467374,-0.011913589651108225,0.03941651305527927,0.13735152470288803,-0.04300801461237036,0.03470685290515263,-0.0026832967350660653
CTTACCGAGCTCAACT-D1_Stim,0.06578090540836534,-0.012520778406768684,0.02937253167730347,0.1298849589993356,0.10893631174383245,0.13290462682178017,0.1814920127142443,0.09987268922965598
CTTACCGCACACCGCA-D1_Stim,0.03613295933625871,0.04675903871451048,0.24596325302386646,-0.006032878140540987,0.30860301720537464,0.02929694537462524,-0.06525745927826776,0.07162111560442419
CTTAGGACAGCGAACA-D1_Stim,-0.08524920730411978,-0.036260512971857395,-0.13151742564601765,0.1173354657367387,0.047520605597677346,0.09172525581276325,0.6035129642767476,0.08347434443830082
CTTAGGATCGGTGTCG-D1_Stim,-0.016607499153842298,-0.04756576626483522,0.048485259560949956,0.03324661363098613,0.06203462054938136,0.11007184492376787,0.0057751936092422795,0.07691273241159813
CTTCTCTAGTACGTTC-D1_Stim,0.07441158307916851,0.0056609899422284116,0.11728484581874099,0.025292803964982014,0.2931275176957211,-0.015412930676163228,0.10222265889387572,-0.00929082710603879
CTTCTCTTCCTTTCGG-D1_Stim,0.16296679322793928,0.05522802573131358,0.09738381185568556,0.05731927744488985,0.3833603693230927,0.012208971197040341,0.15434651078161465,0.012122894886216429
CTTCTCTTCTTGAGAC-D1_Stim,-0.15465661465114167,-0.07492426244846584,-0.4122336666585511,0.15293676622833452,-0.04951745559945664,0.29502886954581875,0.7632653958139102,0.1026619200359189
CTTGGCTGTGGTTTCA-D1_Stim,0.021676700952349748,0.006205799623096198,0.001461650676843007,0.09278246196120854,0.3029171540480071,0.020548170428689616,0.2169501903857345,0.02418989394927351
CTTTGCGTCCAAGCCG-D1_Stim,0.07623356842500861,0.040153989574205795,0.10216418172020969,0.07001851186459973,0.24924922111630465,0.050544468915919794,0.13175942011933373,0.04709114383534363
GAAACTCCAGCGAACA-D1_Stim,0.02488882442626128,-0.014589199576848344,-0.04490350519276376,0.0750860134506599,0.23864384788134174,0.006095708425695179,0.16756100084750258,0.030835576287381983
GAAACTCGTACACCGC-D1_Stim,-0.04012592900837575,0.006075946569565005,-0.11917346433874787,0.14112857837896442,0.09071404555345453,0.11040509991793179,0.5020920164363147,0.10160580388227558
GAAACTCTCAGTGCAT-D1_Stim,-0.03172382081065983,-0.020162515997975916,-0.12027069889683162,0.06090580939580725,-0.0026801801009312953,0.01444610190583262,0.12877268233979677,0.0860738911396961
GAAACTCTCCCTTGTG-D1_Stim,-0.05850703420282066,0.021346273024603235,-0.09403225613332378,0.09626828533285448,0.0812083347184629,0.03916698828394338,0.4979700891639194,0.0810072795886736
GAAATGACACTCAGGC-D1_Stim,0.05587235806065216,-0.011170134247034724,0.024661220111038773,0.07289382928285093,0.1495169545402213,0.11412635601837451,0.33596089584036015,0.06825884436171137
GAAATGAGTTAAGGGC-D1_Stim,0.06813048565984303,0.04440221841126757,0.12207278319472525,0.057010193423904454,0.2542760887452751,0.016962743570701377,0.06837105804600085,0.028477844131041152
GAACCTACATGTAAGA-D1_Stim,-0.00868541671130707,-0.03475291467660924,-0.03633509236232335,0.05786377799397435,0.22812416319330175,0.034440340984277285,0.34015168504224746,0.02219050327314065
GAACCTATCCGCAGTG-D1_Stim,-0.040035071947766454,-0.03893561512430388,-0.09076300769125556,0.0852098105788901,0.10241731382760833,0.07224639915364328,0.43879248719780506,0.07523722716446812
GAACCTATCTGCGACG-D1_Stim,-0.07043825845926399,-0.056686192925258894,0.024183829545654234,-0.0026217695185728473,0.1836074300503583,-0.016613854516684512,0.5119628996529535,0.008659880802861508
GAAGCAGAGAGGTAGA-D1_Stim,-0.05485769192233825,-0.025795830915804174,-0.14393628227990618,0.1327064128923503,0.10204580109525807,0.14449930580334147,0.5867385298507681,0.09287606842679352
GAAGCAGAGCCAGGAT-D1_Stim,0.007774610789768488,0.08918045243819073,0.1507695187023126,0.01961394973416475,0.10028087681355835,0.09123721106879756,-0.2596935253060426,0.09737590023763687
GAAGCAGCATAGAAAC-D1_Stim,-0.12655288989085278,-0.02843766924227431,-0.20830802578663654,0.0902525994473038,-0.030905619764435954,-0.01764195402292046,0.12015891005440693,0.07004231553755247
GAAGCAGCATCGGAAG-D1_Stim,0.05175506869809787,0.03992142142105948,0.13944762787889786,0.10536467873076383,0.17240673986567678,0.058479600174043966,0.22990562571144224,0.024633203893468902
GAAGCAGCATGTCTCC-D1_Stim,0.05374204065625321,-0.020238823170389608,-0.06425526370789036,0.09305425585710303,0.30159947103924445,0.07111466240237618,0.23613748006022917,0.0372703754497099
GAAGCAGGTAGAAGGA-D1_Stim,-0.000984731294112251,-0.007964590340293398,-0.06056291172014561,0.03852939911605979,0.004015080414339067,0.07611949673138163,-0.09321151210646939,0.03520401947974783
GAAGCAGGTGAAGGCT-D1_Stim,-0.03072220867998965,0.04822862824618035,0.06680849841734204,0.025693056634647604,0.12219043352641634,-0.0050291778672679754,-0.040509187017420345,0.06022075177363817
GAAGCAGGTTCACGGC-D1_Stim,-0.06765775420097597,-0.061601016414011056,-0.04736792748941454,0.046942357979308014,0.15007187569482738,0.017653418703218904,0.15224819431834646,0.014561153543700911
GAAGCAGTCATCACCC-D1_Stim,0.05637028781064046,-0.03373239353431856,-0.1436552624081857,0.14883840341624044,0.15517895027383943,0.12466421503760827,0.3103518421540983,0.022345860225566838
GAAGCAGTCCAAATGC-D1_Stim,-0.04475703051631186,-0.026123917970165778,-0.27938419019156946,0.15463981596945153,0.018356019448150462,0.22585512461010993,0.5116678148360467,0.07129294263434893
GAAGCAGTCTCTGTCG-D1_Stim,-0.0703084130799958,-0.028799870075038925,-0.08961671749436029,0.09393749909213511,0.02752044643425222,0.07124101176801645,0.32125099184017536,0.030773593839104052
GAATAAGCAGCCAGAA-D1_Stim,0.04476879675210732,0.02722655534115148,0.03567895822346312,0.038181796768446574,0.22049981782352468,-0.003727829495383972,0.0724405355573694,0.014636991727295268
GAATAAGCATCCGTGG-D1_Stim,0.052949325901618494,-0.0024707191893984515,-0.0564972908596717,0.0903983925932792,0.22770554587909508,0.11647906050032297,0.23762442840493847,0.08858442159613311
GAATAAGCATGTAGTC-D1_Stim,-0.06402975518654408,-0.09043998033425105,-0.18605325074185686,0.003810316765386901,0.10815067423077096,0.07198226722694123,0.1535827808767003,-0.003912723401414908
GAATGAACAGTGACAG-D1_Stim,-0.10104871097883716,-0.07525670986465549,-0.2679611757397087,0.08157356905586077,0.06880065685360037,0.1685618376664202,0.573462743377199,0.08909727184212635
GACACGCAGGAGTAGA-D1_Stim,-0.14799940873687412,-0.012075622215133919,-0.21162111674367345,0.16717688371274875,0.14106129092534836,0.12872307946904193,0.7482982569924808,0.10783477984264422
GACACGCAGGCATTGG-D1_Stim,-0.11989972464599852,-0.09251137436498524,-0.31078396701685485,0.11815255245703149,0.2336567584321596,0.22122001045609174,1.0117265821995467,0.09037133738155134
GACACGCAGGCGACAT-D1_Stim,-0.1113815111806673,-0.046844746160905615,-0.018785925185423658,-0.004931230186858926,0.07440292715041075,-0.10563903290864118,0.24663755166669432,-0.006266318156606943
GACACGCAGGTGACCA-D1_Stim,-0.07783965038950136,-0.05931059700862562,-0.10427325170180968,0.08469607424742165,0.10771763917045618,-0.00641352471512846,0.48180368257479955,0.08068245571089072
GACACGCTCCCTTGCA-D1_Stim,-0.022919122898926503,-0.04536539056777755,-0.1014717254581674,0.10078746350701984,0.09908053483636436,0.1602053597205053,0.20390257618591257,0.10796631704230641
GACAGAGCACTATCTT-D1_Stim,-0.022890859800892116,-0.051449457580263314,0.01645032879431696,-0.0072014814207364,0.16633658640082416,0.09452209418967605,0.24160623498685574,0.009128794012374541
GACAGAGTCTGCGGCA-D1_Stim,0.0021150644076453062,-0.005103229075350768,-0.31789417669875597,0.22187045083585843,0.03495625089814425,0.30636394185723326,0.44207960343137565,0.1481297451591992
GACCAATCAACTTGAC-D1_Stim,-0.062193642053888,-0.0999114029692052,-0.1363565628578698,0.02107241421966144,0.10464634968068687,0.01771534554838361,0.2829795869933669,-0.0032328893605022557
GACCAATGTGCACCAC-D1_Stim,-0.002512958856534908,-0.027003626490865074,0.019777966928097968,0.0900628692216614,0.26795628572024377,0.07428332661743475,0.43002479322489506,0.04732883554399514
GACCAATGTGCTAGCC-D1_Stim,-0.09415838945936095,-0.038040588428264854,-0.2021423186277529,0.10535045885747607,0.06236101441165509,-0.029399680234169168,0.25353729645256706,0.05868120749008554
GACCTGGGTAAACGCG-D1_Stim,-0.17310450649020837,-0.03779281362064246,-0.18834982067431927,0.07384741568798603,0.06826507263028603,0.08096448129260736,0.49835020190884194,0.05623456836509888
GACCTGGGTGTGAATA-D1_Stim,-0.04038344794803095,-0.05508275565904874,0.07022198240216504,0.008574398051649723,0.0653921642262496,0.03505444175679351,0.274102685914988,0.010489908629573108
GACCTGGGTGTTCGAT-D1_Stim,0.11646767447020956,0.033691172984239515,0.08134800298691314,0.06202223168215859,0.3531373866612615,0.09077562139523287,0.08282687000046351,0.039029888443470995
GACGCGTAGGGTCTCC-D1_Stim,-0.10355301074848455,-0.045878407029183776,-0.16768393267740844,0.103367383595101,0.039215142660427915,0.06552835776819421,0.46621927906709715,0.08615725996849832
GACGCGTAGTAGGCCA-D1_Stim,-0.027947031910066755,-0.017954399390418985,-0.40228907671520187,0.15319926008865892,-0.02435990117023934,0.15822550095598942,0.1589059413410876,0.09419923853373469
GACGCGTGTCCGAATT-D1_Stim,-0.030552769591444928,0.015317499096306975,-0.052470125146051316,0.04223538835320717,0.1772961854987294,0.04295068751331854,0.011236958207735626,-0.0014129545718031267
GACGCGTGTTCTGGTA-D1_Stim,-0.019339130095643142,0.02695598094454077,-0.09136084697723668,0.1440839661929605,0.11659111799848354,0.12419667828563163,0.3321441292553935,0.10229702361436921
GACGTGCGTGCAACTT-D1_Stim,-0.026209844248681335,-0.06203902006267015,-0.16537270852285157,0.16330709087299233,0.07725655558783373,0.09702516455174681,0.38437851340749773,0.08024584187388939
GACGTTAAGTCAAGGC-D1_Stim,0.03041629492971687,-0.011176217808527511,0.04745146876851525,0.0019555319762680767,0.17741967704293415,0.03994499907732951,0.08821452491947568,0.01688378250945277
GACGTTAGTGATGCCC-D1_Stim,-0.0060138395310573856,0.0019093649634882581,0.01166372061424159,0.06738625034529555,0.3573091219262885,0.09759872493949473,0.2502170791457079,0.0560396094773008
GACGTTATCACCACCT-D1_Stim,-0.027417179723725482,0.0025509556994887106,-0.27398739458410404,0.25759144900527,-0.13340824084327885,0.3102958156585842,0.6967650860963861,0.15730673828441333
GACGTTATCTTCAACT-D1_Stim,0.10954270760838902,0.02024688924666762,0.1387644318181298,0.09137932908985569,0.1493793890047197,0.026785639805359196,0.21194576692586864,0.017800847828922883
GACTAACAGGCCCTTG-D1_Stim,-0.11521526314002628,-0.054435735181373346,-0.1808143914038567,0.11353138598201085,0.06694560169562891,0.07307712175442482,0.6356668611429317,0.0872966493299181
GACTAACAGTACGCCC-D1_Stim,-0.09009503856591294,-0.048339361890830546,-0.09210077958288654,0.10463940161857721,0.11761302249911765,0.03639108296015614,0.5659103594402168,0.0510006791392037
GACTAACTCCTCATTA-D1_Stim,-0.0063450369821822505,-0.0036405352471273744,-0.008120224115709007,0.12280230507280443,0.16046469999124646,0.015450252060999148,0.0834404458037099,0.03341980231649977
GACTGCGAGTTCGCGC-D1_Stim,-0.031673693860609475,-0.04235212370687158,-0.11012560806686089,0.0532480922065961,0.05011685775297536,0.0635760267641956,0.22084267157045723,0.0516413855985185
GACTGCGCAGAGTGTG-D1_Stim,0.02558836121815844,-0.0288337827404348,-0.05800402126677007,0.0928349745278716,0.12058655009915498,0.06822063371155807,0.23841893091517719,0.05649304390913912
GACTGCGGTTCGCTAA-D1_Stim,-0.0166532326602038,-0.026568935845988406,-0.051561184979577845,0.08518931183099987,0.11421652391126003,0.09183136196258168,0.2957509141976242,0.0897832576645019
GAGCAGAAGTTTAGGA-D1_Stim,-0.24284510972554862,-0.07137090658105905,-0.3012764632351974,0.14918886284758237,0.07500579024989129,0.08663309928478391,0.8310838559809426,0.08235329352626408
GAGGTGAAGACTTTCG-D1_Stim,0.007481955316841038,0.014895155788563486,-0.0908124671906041,0.08064955787926564,0.082424956389346,0.05071486149429738,0.26468084270914005,0.05596335400920083
GAGGTGAAGGCAGTCA-D1_Stim,0.08575750736134324,0.012281552319601374,0.06553161974060284,0.10059489705048463,0.14550270876795324,0.1093192202142621,0.16059037699778855,0.03948643729276924
GAGGTGAGTCTGCGGT-D1_Stim,-0.08947899750772947,-0.025527092913286253,-0.17985309416506823,0.11324431812492364,0.03542868803153709,-0.013673179955961956,0.21639516435413952,0.07789398479100207
GAGTCCGAGAACTGTA-D1_Stim,-0.232483422997392,-0.07596816331344236,-0.2709213246445179,0.040730313647227234,0.024381201801990215,-0.14558361877353576,0.7705741139019651,0.028670885669395574
GAGTCCGGTGTTGGGA-D1_Stim,0.002284061328658993,-0.015603093562106096,-0.07097867618767761,0.03434465560092015,0.030041050661369084,0.004267217091687314,0.13323998644485258,0.050053636984008776
GAGTCCGTCCTTTCTC-D1_Stim,-0.036064984731750016,-0.060812649865258805,-0.05892229321598563,-0.0011374815839673147,0.048969120855757,0.08214078717045581,0.4160195946714591,0.02777980764564525
GATCAGTAGCCAGAAC-D1_Stim,-0.09056054940748304,-0.058258534915022864,0.013531617548936836,0.01060437088613142,0.2743893698221225,-0.07350737622907211,0.7191447664332884,-0.023681737537433634
GATCAGTAGGATCGCA-D1_Stim,0.07606127951293828,0.03323956945750517,0.14737170416866796,0.08727431500199323,0.19419580635139866,0.08774792275719534,0.08816979724693041,0.04550761965875516
GATCAGTTCGTATCAG-D1_Stim,-0.1327596816808132,0.020554408623087994,-0.17470265082598058,0.14515834895239266,0.029357924814183534,0.1410017155538963,0.48431894578942725,0.11216983863431906
GATCGATAGCGCCTCA-D1_Stim,-0.013750272556013243,-0.0050011693123312995,-0.01932379676399343,0.07036482578917713,0.10817672296300351,0.05407176853637807,0.3486945995939763,0.08472561017030067
GATCGATCATGTCGAT-D1_Stim,0.18454485905274787,0.06661701801295195,0.08025181746331711,0.13889287783352344,0.3996908122602676,0.19171928882601286,0.2991962324325037,0.10221866019657533
GATCGATGTAAATGTG-D1_Stim,-0.09123565765021269,0.003626210664895879,-0.13815013509270635,0.15151787398710326,0.07914572945533571,0.06038003654638935,0.6506057232855227,0.09868383770532851
GATCGCGAGGGATCTG-D1_Stim,-0.032970760836102286,-0.029443351325065592,-0.0873996490144826,0.07026024629752214,0.06978119201984434,0.05804604639690858,0.3930915961336048,0.039482222635273345
GATCGCGCAAACCTAC-D1_Stim,-0.17080729159385122,-0.04283105628362094,-0.16628421664917248,0.1692445765677828,0.07377232955895607,0.13749429161066473,0.8068821072278443,0.07918620207140314
GATCGCGGTATAGGTA-D1_Stim,0.0436452859221248,0.04645002294812528,0.12340986673274301,0.09568071495317554,0.22745164282041763,0.07563463248776259,0.1492456220705236,0.06436930060694124
GATCGCGGTGTCAATC-D1_Stim,-0.08402966993539707,-0.038279088240120274,-0.15356237219930158,0.06977925618869207,0.0018297051752682592,-0.03548087716248105,0.2298341660973584,0.0743709434923634
GATCGCGTCAGCCTAA-D1_Stim,0.022243809024748984,0.03361993275988695,-0.2597017526613463,0.22168723015626313,-0.08743467969649465,0.2645821535574715,0.30617832551110524,0.16240549803835513
GATCGTATCGGACAAG-D1_Stim,-0.0048287157249085055,-0.012901322591620357,-0.11963679440140318,0.08635579563028273,0.038502719643803474,0.1477910600749901,0.054186000905199094,0.05921910708167388
GATCTAGAGCACCGTC-D1_Stim,0.05014795755258383,0.035483089786144006,0.0670709257809623,0.05376937437142182,0.2843550429407635,0.02268763699442644,0.04472377632154334,0.040475261451257794
GATGAAAAGAAACCTA-D1_Stim,-0.0015179894683701178,0.002011583624673463,-0.0703512588341848,0.05501249715513801,0.05186637344491629,0.008280020278292,0.21556165552195594,0.04472995670254143
GATGAAAAGAGTACAT-D1_Stim,-0.03753551047554815,0.024727833708027447,0.03856866407734394,0.0661770075262389,0.08803130964256844,0.004366019988738756,0.31746063092013266,0.056879708011887686
GATGAAACAGGCGATA-D1_Stim,0.03999475577821876,-0.0005044595144472197,0.07851259362985541,0.04306921072992864,0.20900054869543716,0.04295786965080772,0.09678434140856851,0.02864202345919331
GATGAAAGTCGGCACT-D1_Stim,0.04070391237550197,0.02170431827228292,-0.2547248922909251,0.13407239471300691,0.010209247272518596,0.22741055039780633,0.17318035252224462,0.12183976488321413
GATGAAAGTGCTTCTC-D1_Stim,-0.11151495058065564,-0.020293208700049803,-0.16053937950905084,0.10557341475935544,0.0326223464407267,-0.037535777169198425,0.20080051392576692,0.057950691523405595
GATGAAATCGCCATAA-D1_Stim,-0.12816396177477962,-0.05997183640645787,-0.21779664852879854,0.10714876434782816,-0.042867973563740946,0.04153775848853769,0.2837492757393356,0.11784315776254317
GATGAGGTCAACACAC-D1_Stim,-0.11475447298621688,-0.051946509629589244,-0.05559693551499301,0.004582331198079714,0.1979299866858959,-0.0957746434491007,0.4879290935361489,-0.03689349658473873
GATGCTACAAAGAATC-D1_Stim,-0.032685429731792226,-0.0817968910414919,-0.22079946277164986,0.15542105680599505,0.06933599193276585,0.16879897161525648,0.2654209030411163,0.14132131804002412
GCAAACTCATTAGGCT-D1_Stim,-0.008641611782115532,-0.028294896209370535,-0.025353699309007993,0.06738932437422385,0.09777599414836402,0.0996776410300626,-0.06207340275775941,0.06311804419840605
GCAAACTGTCTAGTGT-D1_Stim,0.0243969170987981,0.04154185521555043,0.14485654222628508,0.06795205875689092,0.09853147917833027,0.027582815625642354,0.04703628821029682,0.03050538526905555
GCAATCAAGCGATCCC-D1_Stim,0.025553937221854284,-0.0817155320896159,-0.07281563960535475,0.04523305460232763,0.12185291713149304,0.11343025324323364,0.0024576928175736867,0.05003594842973946
GCAATCAAGTGTGGCA-D1_Stim,0.12847474430843242,0.042736742103674175,0.19082440331977413,0.045900917791051654,0.49440859443421026,0.06896408166637968,0.12716424770563606,0.02744792046255995
GCAATCACATCTCGCT-D1_Stim,0.03136504320643674,0.00829914372401852,0.06924993594763151,0.023037860082103734,0.24191830385895763,0.039437598974590315,0.11230528316711741,0.013936186596399835
GCAATCATCATTCACT-D1_Stim,-0.17559180542098396,-0.04084473113372056,-0.22175647986869151,0.0916977108138628,0.03591069524701673,-0.027331793554521866,0.625190894492528,0.04530538064320311
GCAATCATCTGTCCGT-D1_Stim,-0.12954505551527618,-0.043269377955288846,-0.2107560693463384,0.05999088635255134,0.03820863790597784,0.15019651530447398,0.09121336799957191,0.0448128703499755
GCACATACACCGAAAG-D1_Stim,-0.00831761120667096,-0.007192077603546565,0.003960835463620249,0.04051503156337333,0.11718600685629532,0.01944906744571817,0.12120992712958589,0.05033154284753927
GCACATAGTCCGACGT-D1_Stim,0.047081104989810996,-0.016734033806114823,0.07550048734864934,0.0004511523200179113,0.20238560163636876,-0.004696524882943365,0.19126920775671863,0.009877002908918797
GCACTCTAGACTAGAT-D1_Stim,0.11433319637905193,0.042913238548614174,0.1765768512225474,0.07957677832635923,0.1848317760860425,0.05096483795605522,0.09247939508448155,0.02760291577325802
GCACTCTCATCGGAAG-D1_Stim,0.049660450459104055,0.020755028631111117,0.03530193501225476,0.04534921985672469,0.24304403892570114,0.11148521047185866,0.038384805762170515,0.05521174128592676
GCAGCCAAGAAGGTTT-D1_Stim,0.11230652616522363,0.09381861431931604,0.1103705362369416,0.0991809047033545,0.18003413376868949,0.06529380862355971,-0.08067456363349024,0.021886313365031995
GCAGCCAAGCTAGCCC-D1_Stim,-0.01953966235246618,-0.09750014037512855,0.025545305889409065,0.010116750520424489,0.18869065220732573,0.008524096145498206,0.0041425243118844435,0.018175340836830145
GCAGCCAAGTTAGGTA-D1_Stim,0.16236732363596218,0.03725055421024237,0.10737128036442378,0.05303793210547525,0.45171055821626105,0.12622637751916876,0.21233495604464636,0.042937715305132684
GCAGCCACAATGTTGC-D1_Stim,-0.17925315537524256,-0.06201220981888689,0.08845187707757596,-0.00033450125501843786,0.2303991892100985,-0.14581779076249468,0.8244523920660605,-0.006491924425171547
GCAGCCAGTGAAAGAG-D1_Stim,0.08730808362698106,0.050549841832500775,0.10447507152217383,0.09414564853120311,0.20049140382691455,0.10110202442123573,0.10443510361755415,0.057337850099791865
GCAGCCATCTCCCTGA-D1_Stim,0.09738330842620257,0.038603534927572625,0.052974141498923544,0.09100282910196,0.17279700015788713,0.10744319116574808,0.08336177735027661,0.056562874128047724
GCAGTTACAGTAACGG-D1_Stim,0.042265827321706695,-0.011971342453950484,-0.10905955072331519,0.08027835771266822,0.1743762711912069,0.05142796931279037,0.4541625071249715,0.05693035512690514
GCAGTTAGTCAAGCGA-D1_Stim,0.0675788446812895,0.033701884637746815,0.22532109230793917,0.009579910802587577,0.4378370909974887,0.033913899108220846,-0.07341621243217133,0.01945235870553752
GCAGTTAGTGCGAAAC-D1_Stim,-0.0792449296042399,-0.037911444346038436,-0.20664652601894762,0.0667123323162464,0.00798839763518977,0.008572904187872155,0.1286181062848364,0.04298936561126787
GCAGTTAGTTCGGCAC-D1_Stim,0.09375363201643339,-0.004992871539899468,0.11839798940105162,0.031446434727605777,0.22487171597062527,0.0516206925486955,0.21884877530303726,-0.009474479081353238
GCATACAGTAGAGCTG-D1_Stim,0.014274344202197753,-0.010775485557976694,0.07634758275265874,0.04612613531495846,0.09769355830443693,0.1300107142853122,0.15118457821042597,0.07470897135304888
GCATACAGTCGTTGTA-D1_Stim,-0.029223168323218474,-0.03708082353415065,-0.15763908959649342,0.09047790674027212,0.03205564020501939,0.015538404710328635,0.10574874546242441,0.024668232909416332
GCATACAGTTCAGACT-D1_Stim,0.16309251280917714,0.09534347890155281,0.36230737732580476,-0.03063217992312417,0.5796467930695002,0.06746026758078294,-0.08362088894289599,0.06118687510090126
GCATACATCATGTCCC-D1_Stim,0.0804070467777045,0.04758096968267367,0.18082378659499465,0.024972855867714472,0.16739861282657031,-0.011366767809800393,-0.005794715753452806,0.05345297338720023
GCATGATGTCACAAGG-D1_Stim,-0.036374058477827376,-0.05625944443427855,-0.397155934068687,0.12593944916755007,0.08399723030906792,0.24398871758094565,0.3350592165337112,0.09631796249368563
GCATGATTCCTGCAGG-D1_Stim,-0.040461198330605797,-0.04230544132023617,-0.10117851647977716,0.00959452960025331,-0.21683340648855065,-0.052291453310701286,-0.003269227246354589,-0.005166349762358635
GCATGCGAGGAATCGC-D1_Stim,-0.051072439204885356,-0.004329533322611212,-0.02875679333855352,0.08753184505659917,0.14901025491209374,-0.02769230493833419,0.13588086074911132,0.040379158784144664
GCATGCGAGTACCGGA-D1_Stim,-0.05470392621354847,-0.029661859803836066,-0.01616234955175866,0.09092400900697228,0.1484721912206055,0.08961707499475224,0.45279360785450606,0.05984905496945103
GCATGCGCAAACCTAC-D1_Stim,0.008652006421145941,0.0029220436341823586,0.026203391493359263,0.03380998741592478,0.22154003469025874,0.03441042389850146,0.10006030206757544,0.045746551376584677
GCATGCGGTAGAGGAA-D1_Stim,-0.04456872857074856,-0.01183421760481096,-0.12315524072509465,0.13239266663520155,0.03639511993471878,0.02116952256648119,0.6956487870705317,0.07073386105755297
GCATGTACAGCGAACA-D1_Stim,0.019560563854547297,0.02792978318862893,0.014407520951719377,0.07810773503719126,0.17425347613094644,0.009844829521155063,0.060175019433859944,0.046933616789164745
GCATGTAGTGTTGAGG-D1_Stim,-0.06824484615951043,-0.031993391219243605,-0.03889666632278033,0.09423468415421254,0.1393580835595234,0.06494354113887901,0.3306221289613305,0.06235819455893399
GCATGTATCCACGAAT-D1_Stim,-0.0749312561849429,-0.05644684180445836,-0.1509233346644816,0.12029443134651707,0.2831158178435267,0.23806797828212467,0.5275499282528777,0.06052178679323994
GCATGTATCGCGTTTC-D1_Stim,0.03195906755316713,-0.006374175687572148,-0.009075000685653478,0.09814075219536633,0.112807068538471,0.1152471981920673,0.33801686977184175,0.0658925322552566
GCCAAATCAAGGACAC-D1_Stim,-0.12195066684588873,-0.01860259826814037,-0.18988829608713864,0.09048576865741964,0.07514591198748555,0.22150481405270206,0.40918506313081515,0.05493075119252211
GCCAAATCATGGAATA-D1_Stim,-0.053701659497583876,-0.015857532772015404,-0.12731603767788702,0.09020713230876964,0.023682587981319614,0.18121616467455937,0.24097432583450207,0.07529770129080582
GCCTCTAGTAGAAGGA-D1_Stim,0.08539042016148635,0.01108824589574553,0.06131536289921424,0.04938017609459244,0.35291790873679396,-0.0052461591887844605,0.10265517076611985,-0.02660198459627594
GCCTCTAGTCTGCGGT-D1_Stim,-0.08270889559216243,-0.04957008796665363,0.007969648526920281,0.015704698266828743,0.2354365433672534,0.04438379008532678,0.3592630989238579,0.0076778191665987094
GCGACCAAGATGCCTT-D1_Stim,0.03609426915841496,0.01818623341306136,0.016242108801655775,0.09803706574829896,0.1267140435732923,0.037452381499944565,0.26333813257181404,0.05179351125442011
GCGACCAAGCACAGGT-D1_Stim,0.032282375399388386,-0.06783541327884457,-0.15110364817201294,0.15760057534517102,0.07914774999454188,0.2718771243462452,0.5601112836653197,0.13819057680417224
GCGACCAAGGGAGTAA-D1_Stim,-0.03562690054582163,-0.07566412925111798,-0.15134625268342994,0.027925302200188185,0.20490413874022195,0.04544990742870603,0.2810358674208011,0.010988010091034894
GCGCAACAGTAACCCT-D1_Stim,0.05674731957781631,0.04104829686072975,0.15567566837043856,-0.009967899618228415,0.27632833868778484,0.06749027398314311,-0.12611197881605207,0.01916598414494608
GCGCAGTCACATTTCT-D1_Stim,0.04541901538361515,0.05530405328638288,0.11465445991972789,0.08855311592778392,0.20877132047783498,0.037401058241805174,0.12326459251347543,0.03861905967050561
GCGCAGTCAGATTGCT-D1_Stim,-0.02111272278130194,-0.002095987263889043,-0.031996912735036354,0.08200072532640235,0.11284320271208337,0.07349244070295491,0.14162648508033726,0.024737110908342075
GCGCAGTGTTCCCGAG-D1_Stim,0.040480922750013804,0.05192950277306707,0.13217419962842492,0.07694785187514519,0.205167314393627,0.03622279206828871,0.04721443074094367,0.05958533360542795
GCGCCAAAGCACAGGT-D1_Stim,0.037405323448648886,0.031418377609952586,0.01518809093803064,0.1218955648779243,0.14452129481761666,0.11413670149358168,0.15883453305715278,0.07677932479572647
GCGCCAAGTCCGAACC-D1_Stim,0.07107019305750129,0.04236580551381408,0.11270829576760466,0.10921417129577904,0.2643162166832447,0.06995699030188796,0.13316305965010145,0.06211829118192469
GCGCGATCACCGAATT-D1_Stim,0.11707605833662527,0.06185835535739237,0.063842193950852,0.09189243742814135,0.2678986326186159,0.11383557045627946,0.17647017355314887,0.041689903769531966
GCGCGATCACCTATCC-D1_Stim,0.01786548579589997,0.03000270670427696,0.021806530904199484,0.027033025136852018,0.17949275859639435,-0.0062549485509908465,-0.0018116024064163128,0.006590274695440712
GCGCGATGTTGATTGC-D1_Stim,-0.02452582160818295,0.027551624629143845,-0.030829408418989068,0.07183901039647722,-0.01663172297375226,0.010425554009149351,0.08747997381646755,0.04838838243511745
GCTCCTACATCCTAGA-D1_Stim,0.1438081348070046,0.06462269663794373,0.1412793257950522,0.060669864093982895,0.40451262733103377,0.04608820629360899,0.10310784075353396,0.020866913965495115
GCTCTGTCACCAGCAC-D1_Stim,0.03448786119763447,0.006752915261872161,0.013354573671421122,0.10121766944805444,0.04788973386265205,0.1419923295977661,0.42556702492014153,0.07508014438723265
GCTCTGTGTCTTGTCC-D1_Stim,0.025072062359589253,0.014786256167440115,0.015558972675629335,0.18532157000427318,0.12345268331491077,0.12913430418266358,0.4102038571903073,0.15136217212025116
GCTCTGTTCGACCAGC-D1_Stim,0.055615903480140005,0.04088965892603191,0.03191107028494944,0.08892148572377145,0.22568416388851098,0.06852429011818018,0.053015047208326394,0.07155006851134615
GCTGCAGTCACTTATC-D1_Stim,-0.021250937634976097,-0.03641468967558481,-0.11526241835991691,0.13188634604052396,0.08251876759147692,0.08711804381694321,0.32508336282582917,0.09469769193791144
GCTGCGAAGCCAGTAG-D1_Stim,-0.24785019911930917,-0.08585939183568314,-0.18593675611411165,0.06447100639024939,0.10192668054683196,-0.09120977277042641,0.7098578602052275,0.017885569782336574
GCTGGGTAGTGTTGAA-D1_Stim,0.0031596796602428867,0.012549213992716801,-0.010207353504037009,0.02603249855358669,0.09949961822332476,-0.023530157883097758,0.1473440646302926,0.022349056279377777
GCTGGGTTCTTACCTA-D1_Stim,-0.20077098170111718,-0.07245878755969493,-0.12443741447763657,0.13996370751329046,0.14142380496922158,0.10850512227210451,0.857611322089145,0.045216848476789195
GCTTCCAAGCCGCCTA-D1_Stim,0.03552395153187504,0.03870560106889798,0.18372305175748682,0.012175854669406405,0.17225699156522722,0.04882650598795735,-0.20179624059895218,0.057102139826927356
GCTTCCACAATCCAAC-D1_Stim,0.09792009372791632,0.03205210949790249,0.16469788092741222,0.03532034146569707,0.403470604067536,0.022953154223712247,0.1179920891988715,-0.020306198380637852
GCTTGAAAGCAACGGT-D1_Stim,0.08174863322001968,0.030915472632749186,0.11772424486753863,0.08581694709978827,0.18164240523973163,0.04217852836997338,0.06060264027855666,0.030977211235452273
GGAAAGCAGAAGGACA-D1_Stim,0.1319731926696157,0.03828859449109956,0.13543973804038156,0.04194653187459174,0.3272503379293088,0.004252533003494818,0.12423436921820397,0.003956661559906038
GGAAAGCTCAGCGATT-D1_Stim,0.09172173893476199,0.07960552670572696,0.1602601792578584,0.12873668582890296,0.19155272287658498,0.08486480363899318,0.193948088332629,0.05646902871468029
GGAAAGCTCCGCATAA-D1_Stim,0.013600995552904394,-0.019569484507142576,0.07783622149061031,-0.025417411312897542,0.08029752759118658,0.0021823247211472108,0.08939507091622634,-0.006141615194239947
GGAACTTTCGCAAGCC-D1_Stim,-0.07735781994001201,-0.05249569746126603,-0.032883377926496316,-0.00882787648433414,0.1562227934738285,-0.17112457634676304,0.4729644500779244,-0.021494358039804595
GGAATAAGTCTAGCGC-D1_Stim,0.04115966130620308,0.012593079453459666,0.03473148377960644,0.06411750906266533,0.25993937225401,0.010015941781889026,0.10941367015902514,0.013599512616774945
GGAATAATCGCACTCT-D1_Stim,-0.24737152082441405,-0.07409427550740944,-0.27568889268927865,0.08991318449238861,0.04229723013223641,-0.09026366542129338,0.9809742809139337,0.023936566165009054
GGACAAGAGAGCAATT-D1_Stim,-0.10714189355126535,-0.00410406132814245,-0.11338164865846778,0.10106290008205931,0.024317564719588347,5.5075446486085866e-05,0.15345298463341805,0.1139068831030201
GGACAAGCAGACAAGC-D1_Stim,-0.224932158882714,-0.06621087901552336,-0.2075867944304175,0.0685354898297188,-0.03085456261313979,-0.14232466746233996,0.8816545573880035,0.0302313996098178
GGACAAGGTCTTGCGG-D1_Stim,-0.01602688769328786,0.0016161176048719028,-0.023669734406927212,0.04784236226356953,0.10259423950230939,0.020409404408550103,0.08647601923156145,0.029605804631705368
GGACAGACAGACGCAA-D1_Stim,-0.08522194227930946,-0.0808936592166205,-0.25732466338447946,0.11857323023528288,0.031773683888728144,0.10687149412447994,0.33852983254105595,0.08043792297184282
GGACAGACAGCCTTGG-D1_Stim,-0.09151569124102288,0.008733075500822807,-0.0397270063795947,0.14563183664741253,-0.1834605845068129,0.19799507115601678,0.5997605909458628,0.055767318461171556
GGACATTCACTACAGT-D1_Stim,-0.01045533113381758,0.045302490494163905,0.08964207539121816,0.058715731460441845,0.2314588523098262,0.041611887373694145,0.004754255117653372,0.08750538407377384
GGACATTGTAGCTGCC-D1_Stim,-0.033812364365489955,-0.08442107416705014,-0.07272227834553924,0.10440343772254757,0.12109828070698292,0.02929956815784074,0.367089389615316,0.03181173579028673
GGACATTGTGTGCGTC-D1_Stim,-0.04643327922388707,0.032021653483205625,-0.015382800093714621,0.05989490281284304,0.13024944698249463,0.004090915769626946,0.05327767462208044,0.04546991204619921
GGACGTCAGAATAGGG-D1_Stim,-0.14705183140015166,-0.04688373853294614,-0.09951083447575826,0.04873324347025054,0.1616078323010015,-0.06358645655287631,0.4499160474958508,0.05227910087069709
GGACGTCAGCTGCCCA-D1_Stim,-0.08192649581097022,-0.050576713373237325,-0.0725714123059289,0.12141024946778067,0.18023233379274473,0.044238112229239235,0.43428118081220646,0.12022504943982781
GGACGTCGTAGAAGGA-D1_Stim,0.06181338659414237,0.061565589886880545,0.07060838462453312,0.0737545151530501,0.16957796471571562,0.08684873491546696,0.12115352508391908,0.05776815280493253
GGACGTCTCCACTCCA-D1_Stim,-0.0527688708321552,0.009286498476383187,-0.03700236768170395,0.08006527159720989,0.06683335226528442,0.031337061894701534,-0.012827882066176244,0.09077241932158486
GGAGCAACATTGAGCT-D1_Stim,-0.06124796701184643,-0.005457049180037643,-0.15142548698644553,0.09566738004207664,0.008477543012805455,0.09422996046740195,0.27800400065931186,0.06091573176333398
GGAGCAAGTATATGAG-D1_Stim,0.0058186785654044115,0.025386878448040662,-0.010604439252659859,0.04060445769102827,0.1909128485580016,0.001727824335358008,0.08970528018571144,0.030155443718426156
GGAGCAAGTCCTAGCG-D1_Stim,-0.12071713462777645,-0.05297700827078877,-0.17669432264187712,0.10687775574140446,0.05850163736491609,0.027290030569401935,0.6971689335658784,0.06071016186313649
GGAGCAAGTGAGCGAT-D1_Stim,0.06763914246694291,-0.030169948749700026,-0.0002676012101545666,0.014547286894979194,0.10919507444913457,0.04535651373069172,0.13156429171044337,0.02564092021611586
GGAGCAATCTTCCTTC-D1_Stim,0.04884915269060919,0.04811034945785586,0.12246505486644477,0.03883966161162711,0.2967116652181563,0.01606460987948921,-0.08552243425870643,0.047162508323953745
GGATGTTTCCGCGGTA-D1_Stim,-0.02551272706502239,-0.0059558249303997,-0.005622076812866084,0.031106080312211404,0.08673756515933206,-0.023101534341043006,0.2135257726027291,0.03148144250241636
GGATGTTTCTTGTATC-D1_Stim,-0.02902576305137039,0.014910804742633843,0.014031770700965396,0.017629088276203575,0.2549575620623532,0.015985512249359957,-0.00207737613574821,0.04162268446698292
GGATTACGTCCGTTAA-D1_Stim,-0.07460599432802972,-0.04309834516773314,-0.24521751792424773,0.10992415320968618,0.012225963171053067,0.10397028484858062,0.3457718769256335,0.07379670965001317
GGATTACGTTGTCGCG-D1_Stim,-0.08126665106215825,-0.02080226777249372,-0.2256596814807601,0.14596656955050946,0.2065408977098091,0.22374656540655913,0.8600235482713305,0.10291719561847046
GGATTACTCTAACTTC-D1_Stim,0.019761773390690962,0.02763290406616825,-0.15966140278044527,0.15365280105611845,-0.010826496406442843,0.23372635408933284,0.13358171586898315,0.11508287014436824
GGCAATTAGTCATGCT-D1_Stim,-0.05474999888705412,-0.042382284992381614,-0.05970164481426021,0.0497849776465209,0.09470035074114591,-0.1302192129764812,0.4486073847744194,0.014125086361994832
GGCAATTGTCTCATCC-D1_Stim,0.020375588589249816,0.049620434471888686,-0.20655230260743807,0.06566820967730536,0.018691517263583535,0.13539628516343782,-0.13149854290805862,0.08552419427241986
GGCCGATTCTCGATGA-D1_Stim,0.0010723699736026049,-0.014350414743157458,-0.28105330894628544,0.13885693652442832,0.14458882932811967,0.19000115531979844,0.4868675090002075,0.08413374814455743
GGCCGATTCTGCGGCA-D1_Stim,0.12679239611634152,0.04340886762485141,0.4711526848359471,-0.04262696348106232,0.34571838143507705,-0.08263293286169748,-0.03244850485752693,-0.02833702971096841
GGCCGATTCTTAACCT-D1_Stim,0.08238945170033496,0.02906659794206412,0.052124866040232476,0.06515681847523602,0.24659901108646665,0.002482677587993365,0.17115634167388905,0.02571038181353913
GGCGACTAGCGTTGCC-D1_Stim,0.042972698551077215,0.013319481287338064,0.12602063077516323,0.06934938457615125,0.2679966959844293,0.033699433270095724,0.22116519955626757,0.010737190530772267
GGCGACTAGTATCGAA-D1_Stim,-0.10927311571438736,-0.07688743367108763,-0.19833187331093072,0.05154990641830537,0.14764774639774636,0.1191615063060496,0.2981121000152669,0.06876477541793058
GGCGACTTCAGTTGAC-D1_Stim,-0.06932117827826012,-0.012821093984145548,-0.06428482389251489,0.1427130162410073,0.08088680689241201,0.08633135618279475,0.6659308404034903,0.09106041739668491
GGCGTGTAGTAAGTAC-D1_Stim,-0.0767779445528376,0.03213365345198049,-0.016292296916846638,0.07881510326825492,0.04608782567444436,-0.012832367780026388,0.12799535083475888,0.03402450274673896
GGCTCGATCCGGGTGT-D1_Stim,-0.010487540108620408,-0.0276943438014019,0.006856088706769903,0.05227311532410717,0.06572860056510876,0.02777799789357971,0.19630957247179026,0.06583719983617087
GGCTGGTGTTGTCTTT-D1_Stim,0.10699761732371904,0.034391817700299754,0.2265671776927185,-0.02087722933981162,0.49121381626382465,-0.008243681991995544,0.05643416647010113,-0.013902180435092504
GGGACCTCATCCGTGG-D1_Stim,-0.024482897704492856,-0.009822451036857416,-0.11143106817082149,0.15773822801942927,0.08024792318168039,0.23633318217470922,0.6702371920274697,0.09145583900181364
GGGACCTGTCATTAGC-D1_Stim,0.09231143303154532,0.06466784825834893,0.10491425024705947,0.0061878831473638485,0.11968075265984979,0.09944914519285497,-0.13843031633237501,0.04103842364884436
GGGACCTTCAACTCTT-D1_Stim,0.00834288493408053,-0.0020041137473256754,0.11073010350343893,0.0898416154925421,0.10590286375177271,0.12059569957976102,0.1374814737432679,0.08408103239936437
GGGACCTTCGCATGAT-D1_Stim,0.062308266123206835,-3.2866002509734926e-05,0.08611093860638785,0.07116239880119934,0.4537643161062892,0.02128704199230036,0.19121329989542346,-0.0006135995008698103
GGGACCTTCTGCCAGG-D1_Stim,0.010422602136893389,-0.01749661395926161,-0.10025630354967685,0.09937987757591671,0.06218871376229629,0.1382704289280401,0.33028020609461706,0.06591444366930155
GGGAGATAGTGTACTC-D1_Stim,-0.02120160871845833,-0.022108630199694446,-0.02641363226862481,0.1418317836932843,0.10351694183250437,0.0825557126818719,0.38555606364576533,0.08492928364822205
GGGAGATCATGACATC-D1_Stim,-0.060915983420764874,-0.04992493590587621,-0.11553893088480915,0.13949277377988523,0.18218309841934222,0.09961713489301793,0.30947083721990865,0.07088892598124907
GGGAGATTCCCGACTT-D1_Stim,0.06938244691038875,0.034367456684345044,0.1197007177120355,0.05502370687529279,0.25275207645596254,0.009128332039855636,0.02441791566804241,0.002604668812752564
GGGATGACAGGAACGT-D1_Stim,0.08139412401258284,0.03511203329186685,0.11127990349358718,0.06948339640255519,0.4119793289852538,0.13320974604671498,0.18624754104561703,0.07958168054168802
GGGATGAGTTTAAGCC-D1_Stim,0.04588127601525471,0.0584936102019622,0.00023840377918737943,0.05227320035686667,0.19584620575732536,0.07529814404787594,-0.07431076799430869,0.04750180901417522
GGGTCTGAGAATCTCC-D1_Stim,0.09551158976719165,0.039091506685767996,0.11397272195671082,0.05693235502905125,0.2839258145131076,0.001295988844272955,0.13929361220158754,0.025115786225820003
GGGTCTGAGTCAAGCG-D1_Stim,-0.09160871382482227,-0.012439577454182782,-0.15341828613478015,0.237313370903955,-0.055709607546951645,0.23241340854812975,0.8123753792641271,0.09584031712315166
GGGTCTGCATCTACGA-D1_Stim,-0.08078764835836694,-0.019278738221881753,-0.14326324651393207,0.18081577242158176,0.011980944384923475,0.06850899288872014,0.22463891523969437,0.15127127657776107
GGGTCTGTCCTATGTT-D1_Stim,-0.16391661078340114,-0.06292908910741879,-0.09029874497802304,0.06844984612328098,0.19861240184758167,0.035488282309364294,0.847216050012559,0.010841311769883788
GGGTTGCGTAGCCTAT-D1_Stim,-0.06784870325941661,-0.032923676016046954,-0.17093816914501936,0.17140550547069466,-0.06938671368262384,0.230130843905048,0.5072287177435708,0.1075599072695077
GGGTTGCTCAAGGTAA-D1_Stim,-0.0663595485799533,-0.021287019700617194,-0.12221691905228926,0.0861132447909938,0.07774171378751049,0.010732556456497733,0.17520546002186776,0.05791515737501918
GGGTTGCTCGCACTCT-D1_Stim,5.2156039444639646e-05,0.06779974589295001,0.06791143186832915,0.04957656217681361,0.20324793087588766,0.07670377299409914,-0.18291967508468687,0.08341255657682467
GGTATTGAGCATCATC-D1_Stim,0.0019016060373928667,-0.02536458390274099,-0.117194590244595,0.08939919955506959,0.065370815415001,0.15316237745157224,0.3713825761645797,0.08360356788461942
GGTATTGGTTTAGGAA-D1_Stim,-0.00870596113860067,0.023829089811536974,0.015768507122853492,0.06643062116847887,0.19176564884258873,0.0022257343332974244,0.0523192889911428,0.03126406545726468
GGTATTGGTTTGGCGC-D1_Stim,-0.07236403170296235,-0.018789728762810043,-0.16316710555030234,0.15822919900135446,0.023460851112300674,0.12215523553302177,0.6174134334921426,0.11748373556555691
GGTATTGTCAGAGCTT-D1_Stim,-0.004738190612876281,-0.02961406126398458,-0.0656131560928177,0.08332902772702155,0.07953070057033607,0.06773904991828594,0.29985509568882485,0.05962445419561391
GGTGAAGGTGGAAAGA-D1_Stim,-0.010223506132058802,0.019494307471836336,0.005057306275372042,0.17082933111687737,-0.010669862154736975,0.20928504156018413,0.600592035393424,0.12546522336345411
GGTGCGTCAAGTAATG-D1_Stim,0.03397745809690811,-0.028113051205526318,-0.05531817294091823,0.08267584726558574,0.1576198134421496,0.025742441120524262,0.27887542816419497,0.020347198334677685
GGTGCGTCATTCGACA-D1_Stim,0.03976870873402838,0.06040636033671021,0.1538648781649279,0.05621340962327359,0.03173202737376357,0.028095775411774326,0.08196232743528498,0.04982930405127384
GGTGCGTGTTTGTTTC-D1_Stim,-0.0167407302828817,-0.048155821312033,-0.21509766665168506,0.05352241420571602,0.3752900529460206,0.22203190062410094,0.5353587257419647,0.03302124131944595
GGTGTTAAGCGTCAAG-D1_Stim,-0.059991773637564805,-0.05493425065596469,0.1335887219299714,-0.08728472097038775,0.1944482147900164,-0.11310965507405513,0.5475896381677892,-0.034213190472085486
GGTGTTACAAGCGAGT-D1_Stim,0.06188225596513064,0.04775092154251226,0.13786597590543437,0.06789250162680993,0.19067335758805903,0.08973685495629624,0.020189979466717745,0.07956126273753661
GTAACGTAGATGGCGT-D1_Stim,0.03404410527689272,0.007794816485629852,-0.016952028731814117,0.07898975666441821,0.13692702644190824,0.19305623251084825,0.37642769471974447,0.10828263771058388
GTAACGTAGCTGGAAC-D1_Stim,0.024004285429501948,-0.0033216779489873005,0.03983945872653294,0.039936584722216395,0.20312995268522904,0.018676275825576738,0.024382370468032377,0.033648952352686834
GTAACGTCAGCATACT-D1_Stim,-0.13384451388570717,-0.00957393104157589,-0.22800941741655034,0.2007357604323765,-0.0779861961874726,0.10716107223398019,0.7742945926685696,0.11890593098788749
GTAACTGGTTCGAATC-D1_Stim,0.01344179620236119,0.03664138128065275,0.09449644932499979,0.015251696682618388,0.22880762044057867,0.07021554676572173,-0.13340057844291664,0.026120774514232892
GTAACTGTCTCAAACG-D1_Stim,-0.05658761575426041,-0.03650842383539121,-0.11699357524804466,0.08512183270538998,-0.005583346018708468,0.1173590479266764,0.4247840634762561,0.06430343060677579
GTACGTAAGGGCACTA-D1_Stim,0.016123802094529793,0.030317432700766034,0.09763954742212988,0.09733259239700232,-0.010857962911330787,0.0624579904218141,0.3990227555920107,0.07907063196010178
GTACGTAAGGGCTTCC-D1_Stim,-0.08444715569092409,0.05352966976758111,-0.01767399908839007,0.05494318189374958,-0.008382932252082753,-0.0044594139819800205,0.06791465977979527,0.08637091890107484
GTACGTACAATAACGA-D1_Stim,0.07378732259707022,0.08767539418056636,0.18192672825856793,0.023283482566821334,0.18958605383867422,0.0944166137953264,-0.0033431336029607905,0.04980628672936582
GTACGTATCGCGCCAA-D1_Stim,-0.017219848287760797,-0.012495546645357791,-0.008866297625131914,0.06306627733450121,0.15419017603066898,0.01347324441479536,0.06654787714645138,0.02189189148910131
GTACGTATCGTTTAGG-D1_Stim,-0.027484352488155395,-0.026837101805513797,-0.0054450076194720864,0.07474357636111684,0.10996724786371281,0.06027658041844575,0.1839640643194418,0.09050127408038122
GTACTCCCATACGCTA-D1_Stim,0.01750394149630985,-0.041255194472737955,-0.05041711360042811,0.06782617669545665,0.11089124160582209,0.02199064088361702,0.3081764176465214,0.03590267648749723
GTACTCCTCAGTTAGC-D1_Stim,-0.06443398604888095,-0.09434487261114555,-0.20741958870043042,0.15594436030199788,0.08345520282857066,0.1862186767841898,1.0196689974415953,0.053371060055301456
GTACTTTAGCTATGCT-D1_Stim,0.2054790628793839,0.13455192039081787,0.37867785120242736,-0.11673980541589124,0.36880351485845964,0.0058663513371453035,-0.28685712864857393,-0.014983897277470959
GTACTTTTCCTCCTAG-D1_Stim,-0.18447190619595766,-0.04467793894627725,-0.1503652422004036,0.08314219502578091,0.02429719103486505,-0.04167318401229636,0.6161578288622156,0.05113680560570444
GTAGGCCGTACTTCTT-D1_Stim,0.07684042268407154,-0.03573521592725548,-0.05940231134136198,0.12374968118208862,0.11225990100925642,0.06560850591055356,0.23217588245320542,0.013112435840492154
GTAGGCCGTCATCCCT-D1_Stim,0.019163309286687635,0.02599885750377595,-0.30417467795481024,0.2907571397933726,-0.10376595158153812,0.2481456671297586,0.7252499904772698,0.1393297442811594
GTAGGCCTCCCTCAGT-D1_Stim,-0.03193490863004733,0.010369105203512419,0.007895307679543606,0.025137691731336176,0.18069910706321402,-0.010059864565411303,-0.021162739931941843,0.008160344043321999
GTAGGCCTCCGTAGGC-D1_Stim,-0.019662173510093695,-0.04962686440370945,-0.004793396512438264,0.077684565397945,0.1671904588480615,-0.011092968896992517,0.2671505454279881,0.02846645234550671
GTAGGCCTCCGTTGCT-D1_Stim,0.09451491043759397,0.01461371624578156,0.16129204820545429,0.046368497306827905,0.41403389040198846,0.030965200048120423,0.096705857485194,-0.005298917962594629
GTAGGCCTCTACTCAT-D1_Stim,0.03359439265214448,-0.023775639859207942,-0.2039160191097773,0.1308765466686026,0.10369193052799197,0.18242893485567002,0.5111317788141978,0.10398714716332513
GTAGTCACATGGTAGG-D1_Stim,-0.030489687660949727,-0.023118803735112436,-0.15323853938723442,0.05175612593037826,0.09732041986224083,-0.032261571367646624,0.12099023332057968,0.015607847437276945
GTATCTTTCCACGACG-D1_Stim,-0.0524206128738669,-0.0006119564859563553,-0.12007131303989205,0.11138310213268632,0.07296482678739125,0.07981936445610671,0.05171456392809404,0.12709880533137685
GTATTCTAGCAAATCA-D1_Stim,0.04308966107678991,0.0031860065615667565,0.05142258668559041,0.0756840492029216,0.26421349626561685,-0.007718074959239374,0.1537326677380868,0.014318090060616129
GTATTCTCATATACGC-D1_Stim,0.04926867250618905,0.03745072906767888,0.10994674669272264,0.06417672237149752,0.3298795350987547,0.129043471239072,0.061060517534720304,0.0619692395420941
GTATTCTGTGGCCCTA-D1_Stim,0.0929180700319705,0.05169294599344809,0.13404488987991048,0.019517535005093123,0.32071771783433967,0.05864418289114326,-0.028102565165578852,0.04363524178430467
GTCAAGTGTAGAGTGC-D1_Stim,-0.06814918281201443,-0.03748680300179785,-0.3479451670249212,0.16104390903605825,-0.1282080807397712,0.2479916136417284,0.3493174113492916,0.11768888611790018
GTCACAAAGTGTACCT-D1_Stim,-0.09253292136662061,-0.055925470918129605,0.056315660395313216,0.0179785675968418,0.2104621843484491,-0.00033664319746051774,0.6320830764321563,0.00044299235055156316
GTCACAACAATCACAC-D1_Stim,-0.12903956521476623,-0.06588073613970913,-0.022021455993538552,-0.025912867277837037,0.16766452103757779,-0.1053912681925766,0.7432511057280315,-0.05142271514075247
GTCACAAGTCACCTAA-D1_Stim,0.16569088834231316,0.03925614280809597,0.13556430319896862,0.08786808548748937,0.314078097255166,0.09601822201730847,0.2345706410267283,0.033945925272966804
GTCACGGTCTGTGCAA-D1_Stim,0.06226304857010767,0.009774535966091236,0.07434413700549314,0.013928667223673585,0.25545124061574853,0.008440840654756698,0.12617739947148365,-0.016387569850117245
GTCATTTAGCATGGCA-D1_Stim,-0.07304595207494202,-0.0028287706570271354,-0.07861409395257368,0.021997047749389154,0.10988347250285813,-0.008405435684128548,-0.04116975406126855,0.002545696055046065
GTCATTTCAATGTAAG-D1_Stim,0.02052629248109028,0.00793242984670428,-0.1329433013629142,0.08990334829169022,-0.015599024964764396,0.16036191896010266,0.19667006143313515,0.05511112079962466
GTCATTTGTTGGAGGT-D1_Stim,-0.025299463097276487,0.013835689273987484,-0.1649756174912813,0.14723300200890677,-0.03619983681457484,0.15874081339656598,0.3976974654078731,0.11322533618991315
GTCCTCAAGTACGTTC-D1_Stim,0.02878648344145418,-0.014453379290479518,0.05616733534356655,0.04117704740806438,0.16069298854969993,0.005327118357314475,0.1281844287048166,0.03292126880338486
GTCCTCACACCCTATC-D1_Stim,-0.057889437471173366,0.02891088321604407,-0.22130540586823422,0.20426623183583992,0.11357060111036787,0.12400732603559916,0.6761093902046102,0.08673237710553039
GTCCTCAGTCTAGCCG-D1_Stim,0.08354364943621562,0.006650819275186848,-0.06340061288071919,0.09001418403205541,0.1073758306904633,0.20252635441102917,0.325532487540384,0.09013290763719439
GTCCTCATCTACCTGC-D1_Stim,-0.04532757083223693,-0.08181005815696629,-0.35532737479374443,0.135976246205761,-0.032119646158081494,0.1440697870727572,0.1277907180079083,0.07933197046508589
GTCCTCATCTTCGGTC-D1_Stim,0.03095482490731527,0.07022219905770655,-0.08549934866503506,0.1393251289881885,0.04787980564938721,0.15846479856210927,0.17166369147484772,0.08968634589462887
GTCGGGTGTCGGGTCT-D1_Stim,-0.03586739569145436,0.012301846178154108,-0.2641272162807482,0.20345711896946028,-0.04533238368810899,0.2282627057949682,0.4389511476975976,0.14730610602915029
GTCGGGTTCTTTACGT-D1_Stim,-0.019439356513071715,-0.008240423180918555,-0.003144615867697098,0.04970046699825126,0.07210870429266336,0.0164039524695081,0.2655029957437236,0.04100738563403894
GTCGTAAAGAGTGAGA-D1_Stim,-0.05285348281923774,-0.009056428779727455,-0.015005242189603862,0.050658744631075336,-0.17544459132460233,-0.06676400600844623,0.16322703356796353,0.022426606017747375
GTCGTAAAGGTGTGGT-D1_Stim,0.02549974038661773,0.04096724218764791,0.09810044913013627,0.07643236798211817,0.14813565169285248,0.09317879718359023,0.12163332388167447,0.10214096706535969
GTCGTAAGTCATGCAT-D1_Stim,0.017304498693077264,0.026060857733813947,-0.013649457156907019,0.052057131149558344,0.2264520115225661,0.04779082523286782,-0.015025125154043195,0.03681241783515432
GTCTCGTAGCAATCTC-D1_Stim,-0.010151116950972039,-0.025561628375838197,-0.004512274378248193,0.08161451191587332,0.10090629123943273,-0.04814782943754814,0.6730747524630818,0.03985384710504292
GTCTCGTGTGGTTTCA-D1_Stim,-0.011433023160133615,0.034903069281192245,0.024730060818263233,0.07510656198464893,0.12789145073493202,0.045893915727857504,0.07473947189293284,0.08409902804404012
GTCTCGTGTTGCGCAC-D1_Stim,-0.02796160106001011,-0.026114953978005673,-0.03888970724594021,0.1442249894045684,0.06651716924310414,0.09239443795818048,0.4831508237592068,0.10439571458677754
GTCTTCGAGAGAACAG-D1_Stim,-0.11119116305726351,-0.045772791894899356,-0.12393221447495151,0.13348473495482338,0.06763502642825792,0.033976719588718396,0.3159326483482445,0.11939258883480441
GTCTTCGCAAGAAAGG-D1_Stim,0.13388782398556742,0.018715103560463575,0.022591413463977084,0.09659019407698821,0.5923504567539499,0.1546348692885875,0.17844363967525112,0.03669472034371779
GTCTTCGCATGGTAGG-D1_Stim,0.007293443977040681,0.006576810769436392,0.00855205185657848,0.10067912669243384,0.1287555133865741,0.11814500666357297,0.1773500532482366,0.1040072700268162
GTCTTCGGTTAGGGTG-D1_Stim,0.020337715319662664,-0.02306398413887578,-0.060579106542420824,0.10670840981241447,0.19399415307490742,0.15901986646256105,0.16885527189506533,0.10821786501286645
GTCTTCGTCGGCCGAT-D1_Stim,-0.09666485224087751,-0.06350928925509258,-0.00719593115736572,0.02294876366470433,0.17180526546103536,0.011807051170361405,0.6659415884820792,0.016592750450739047
GTGAAGGGTACCTACA-D1_Stim,0.1637294198547039,0.049333188889958635,0.14146608565436392,0.04801128984633074,0.4088834764782483,0.06854011310500674,0.14669734261953948,0.018604020789279474
GTGAAGGTCATGTCTT-D1_Stim,0.006364476198061908,-0.0055839460133668695,0.08956185869673305,0.08948380467916728,0.18907180816039748,0.0007736708395462699,0.18776392420035748,0.03889478149634762
GTGCAGCAGGTAGCTG-D1_Stim,0.0033876100657206365,-0.023587835886763386,-0.0765512826593433,0.08177362989541415,0.05781854535424458,-0.0189853017281969,0.19527003269758936,0.026114959258416448
GTGCAGCCAATGTTGC-D1_Stim,0.07404310211309983,0.0334875781230739,0.0769830229659183,0.0567829411975147,0.23971094901394885,0.04792896976274008,0.07429251371615919,0.030455311355753523
GTGCAGCCATGGTCAT-D1_Stim,-0.013860726798093026,-0.028075952095063528,-0.06575177323915149,0.04662737361059577,0.08245826189924266,0.021969087891971384,0.08949164130538989,0.019448698225431826
GTGCAGCTCCCAGGTG-D1_Stim,-0.24209060977358376,-0.050873896181583333,-0.31743854937354055,0.17416407571100123,-0.05083867196367997,0.02626354389437502,1.0132121438968262,0.06502689942756135
GTGCATAGTGCGATAG-D1_Stim,0.08144375460162045,0.042604896746897936,0.07962129983731714,0.07833837280195333,0.2689299916101877,0.12362413283172913,0.06275428119884907,0.06703071013548723
GTGCATAGTGGGTCAA-D1_Stim,-0.021156739801453384,-0.040163773026939964,-0.13640713128887505,0.12265551910302896,0.20694753223076923,-0.0009988884831297895,0.17234848379372636,0.013409324008602397
GTGCGGTAGGCTAGGT-D1_Stim,0.07192284629022616,0.018003676370918598,0.05753364603039657,0.07608078145702635,0.2413056956767452,0.019318330192483302,0.1603634659809572,0.020935893704830733
GTGCGGTTCACATACG-D1_Stim,-0.02019183612775599,-0.0017762968337766694,-0.014860527221663311,0.10607715686047925,0.17605081795953836,-0.01309133909328608,0.19293505262813326,0.027813596008867236
GTGCGGTTCTGCTGTC-D1_Stim,0.04748081729168874,0.024673449993052543,0.03126044767518188,0.09034810401536753,0.13400362743593242,0.02362810866115872,0.11685704265170216,0.045555446880902295
GTGCTTCCAGATGGGT-D1_Stim,-0.24187808649116072,-0.05853394934279166,-0.3396711327444537,0.15523743898394926,-0.06972681737502029,0.19512415025824126,0.8584353687746464,0.09629013668694775
GTGCTTCGTATGCTTG-D1_Stim,-0.04123657084652699,-0.007208582186612134,-0.14944966501060897,0.13551595547361472,0.09837950116022576,0.14329971614900394,0.47890474279487627,0.08988020135275399
GTGGGTCAGTGAACAT-D1_Stim,0.016657963054086622,-0.02625303314486338,0.027522452194888025,0.06555877289178191,0.09928074283503285,0.05160056423552817,0.23483933110866317,0.04476147763071303
GTGGGTCGTGGCGAAT-D1_Stim,-0.009818958947283463,-0.0013563296626575294,-0.03638990065592118,0.05911184002083303,0.14327567894821946,-0.00706995622462081,0.1929328405928814,0.044550648622013966
GTGGGTCTCACAATGC-D1_Stim,-0.1385856894167432,-0.050088028869691215,-0.02408588570970238,0.045366540766758945,0.18410577462001143,-0.01885080146093543,0.7965374589586514,0.01664717681204131
GTGTGCGTCAATCTCT-D1_Stim,0.02222306585474243,0.028989828951026198,0.10745283648946824,0.031110884274372808,0.27759465109748405,-0.005827789658827243,0.06137163697052728,0.01457340867162138
GTGTGCGTCGGCGCAT-D1_Stim,0.04517318768054679,-0.019089746965629928,0.12319012467443624,0.030829730652957466,0.32584256938488565,0.011200285125882559,0.14743857659319914,-0.017925044725538797
GTGTTAGCAATCTGCA-D1_Stim,0.05657469711218788,0.07105302949191383,0.04519251893994536,0.01204109639798645,0.13611216919614222,0.053441819682618075,-0.1255304125319796,0.04001895978166736
GTGTTAGGTTCGAATC-D1_Stim,-0.01715388326214473,-0.009073290498973208,-0.017049691220222485,0.02660704715658646,0.10406834492701655,-0.01590156803315601,0.1393764564535651,0.024397280177032243
GTGTTAGTCTATGTGG-D1_Stim,-0.2226254648638104,-0.06726247281223507,-0.25758512483236284,0.09960770357364268,0.06850458351588706,-0.006559076410315612,0.6344833869176423,0.04180290226280903
GTTAAGCCAAACGTGG-D1_Stim,-0.08350569606282576,-0.054526442351241045,-0.08357959571346107,0.1024960844061873,0.07851663632688144,0.06261121551247584,0.46291757750949003,0.057637910784473334
GTTAAGCCACGGTTTA-D1_Stim,-0.12288046936656549,-0.018810968299971975,-0.3232338643106729,0.1925384234119445,0.10124995152802718,0.25406317059617933,0.7613263312015413,0.14665716778157112
GTTAAGCGTCAAACTC-D1_Stim,0.007603645205428222,0.004486717533584539,0.016689859020289077,0.06801793932635469,0.003528630043838632,0.11023933472945302,0.17885935907873218,0.0763146969902504
GTTAAGCTCAGAAATG-D1_Stim,0.039980492051382654,-0.008175416324890605,0.03990959513894765,0.054746872957849746,0.13898341996369012,0.018970910843499666,0.31437173722110145,0.023558058593216913
GTTAAGCTCTTAGCCC-D1_Stim,0.13872502595891234,0.02743753715212094,0.15969063396515715,0.03812091585423971,0.4047883454451213,0.06504383600004005,0.09114799998309664,0.004923560144611372
GTTACAGAGGGTCGAT-D1_Stim,-0.26352486432499234,-0.06400272105019056,-0.2586272716353255,0.14932652703006433,0.027675192326695353,0.020908270461156064,0.7929630192031212,0.04806841507549997
GTTACAGCACTTGGAT-D1_Stim,-0.032754885237009645,0.03515518903212289,-0.007683791893765779,0.06424516397870761,0.07355903395533048,-0.02126095735459188,0.14249740394216204,0.09047484932913363
GTTACAGCAGGTCCAC-D1_Stim,-0.05557319765818569,0.016644379777801532,-0.052054063208615275,0.19396096844841004,-0.11123318397092419,0.1887380473308795,0.5630643002239761,0.10303383442259317
GTTACAGTCTGAGTGT-D1_Stim,0.10957172514707736,-0.01979394742627072,0.10152411605472889,0.028942753664605192,0.5157130260186289,0.06230801749872583,0.11904547733949755,-0.019905950417127727
GTTCATTCAAGCGCTC-D1_Stim,0.12013848627358215,0.04170838136885102,0.125749552135348,0.06004615564313198,0.35887823009519515,0.02660974036356656,0.14877644917271837,0.02183234752033769
GTTCATTCACGGTGTC-D1_Stim,-0.029398138557903408,-0.03119181707773855,-0.298970955158671,0.1860654703068061,0.04045853702630531,0.23948073165345463,0.6853442524916797,0.09211667898266285
GTTCATTCAGTCGATT-D1_Stim,-0.032838755768921146,0.07024250053933123,0.03496693133406126,0.03529707408285887,0.02174126290919709,0.06531122480165585,-0.0037959511771195054,0.07511493621244192
GTTCATTTCTTCGAGA-D1_Stim,0.0009070898176855025,0.03049092692472044,-0.21075888559935585,0.1483318848317925,0.010975230347193943,0.1644412788524683,0.26846428067918104,0.12492044715749273
GTTCGGGAGCAATCTC-D1_Stim,-0.020535970965458006,-0.0794299170183006,-0.14042606205804375,0.14637062038105597,-0.09974257677867726,0.23188017857603604,0.550201135560938,0.05370427604835015
GTTCGGGAGCACAGGT-D1_Stim,0.11290902769681743,0.036464305290691,0.08358748613959666,0.07494286579982123,0.40077608085774585,0.07135817653094989,0.17422108319541252,0.035461023060634034
GTTCGGGAGTGGAGAA-D1_Stim,-0.005743179943770826,-0.028080853210159518,-0.15151893913181524,0.14487989836397297,0.021172367828892646,0.17793882349250367,0.40621853765048854,0.11342695330197827
GTTCGGGCACAACGTT-D1_Stim,0.01827040139279923,0.041548004979480524,0.005321446270964536,0.12342723903086394,0.28623214557810783,0.144426354174227,0.435324182940068,0.09508083341579088
GTTCTCGAGTCTTGCA-D1_Stim,-0.01299650185127632,0.002108234052846214,-0.21760337917688588,0.1726135408054965,-0.019791509921111228,0.21726564278815452,0.35338362647948607,0.1351724904955809
GTTCTCGAGTGGACGT-D1_Stim,0.10207446313538249,0.026376285985618253,0.11749056132786784,0.036308369244260064,0.4526614054903728,0.048671674339205495,0.19098017331999628,-0.014204461637195465
GTTCTCGCACATGGGA-D1_Stim,-0.009848997576996865,0.013504405847820422,-0.03625629496364624,0.040888909794217554,0.16437484362306165,0.0068323213520908865,0.0988076307766832,0.03571204149123908
GTTTCTAAGAAACGAG-D1_Stim,-0.05211527300838448,-0.00856333548018462,-0.06269891339963518,0.06862857264983369,0.020860442002105017,0.0005826058999094386,0.18951726616660025,0.060019545902825655
GTTTCTACACAGGCCT-D1_Stim,-0.01656024171282411,0.08475731018361543,-0.0011815269761656921,0.05212125538306722,0.09613750132587562,0.0865312558358724,-0.05971698370550982,0.13995211282652598
GTTTCTACAGATGAGC-D1_Stim,0.13804777868736018,0.0649546919698647,0.07960526957984193,0.11542791744919967,0.2791631325865307,0.09754911726538396,0.19164911222732428,0.048435816820243005
GTTTCTAGTGCTCTTC-D1_Stim,-0.03236706909818743,-0.005938028431794251,-0.010012724704129283,0.061833879973466566,0.12047408718200003,0.004555887190221597,0.15582634142523943,0.09701250191413635
TAAACCGAGAAGGGTA-D1_Stim,-0.15883620185686098,-0.04230268578425367,-0.29511088580949885,0.1249506056974461,0.023931377346576355,0.16625879356040585,0.5305446800294966,0.09528893243909486
TAAGAGAAGTCCGTAT-D1_Stim,-0.006170782613700965,0.021299668566852503,0.02737371763456764,0.028634069222221115,0.2635157244030797,-0.010158739738956868,0.02049322741911297,0.002735066528011032
TAAGAGACAGACAAGC-D1_Stim,0.10126609338445292,-0.01988330579142783,0.020144540530523614,0.06865925761093017,0.466182162542383,0.14195937036740425,0.23546755943021225,0.023800581308409008
TAAGCGTAGATCGATA-D1_Stim,0.11771474658773151,-0.01440256836047027,0.049886260205838084,0.09023992567844985,0.47415151381459,0.09467084560279382,0.31535345809472304,0.035156058279131486
TAAGCGTGTCAACTGT-D1_Stim,0.08298466711439545,-0.0009705125180410334,0.1035607347694052,0.08879254251922752,0.19677707341597284,0.01735160939312763,0.096425743537214,0.01143833937113925
TAAGCGTTCACAATGC-D1_Stim,-0.021095534090488144,-0.07513684513601682,-0.12609600615496142,0.0034829140874332865,0.20020505899094054,0.05388998016887925,0.3819741767336424,0.015267960627648236
TAAGCGTTCCGCGTTT-D1_Stim,-0.05625522017854756,-0.005617708585948122,-0.0296185541564018,0.10133461155372459,0.03579149762924061,-0.0025914472064290095,0.28219525463811124,0.07783807987003222
TAAGTGCAGCACCGTC-D1_Stim,-0.12175351528692069,-0.026973112898506457,-0.13130514735389198,0.05445806488201477,0.05990993935542477,-0.024021965389550815,0.6415691954100211,0.03455820066820614
TACACGAAGGATGCGT-D1_Stim,-0.08119116588157738,-0.0409413248821906,-0.0299934609467698,0.05006984263864034,0.01281866870451509,-0.017773024085052214,0.2731656588292317,0.07189374440583585
TACACGAAGTTTAGGA-D1_Stim,0.07704319869877274,0.025048298759232424,0.09007333014725383,0.024604404135033064,0.2512089742164285,0.018433006415097708,0.09144911062560723,0.008181485371256514
TACACGACACTCGACG-D1_Stim,-0.1677363172597559,-0.03887489776160358,-0.1572905232903521,0.08605024855413923,-0.005991916509906048,-0.10812313379044802,0.6918977005576235,0.028691405772180545
TACAGTGCAACTGCGC-D1_Stim,0.17054493252738823,0.04251290532485008,0.11778828234761729,0.06269095455843043,0.4721406734887239,0.1077539428834342,0.15061047542306838,0.03997201759911562
TACAGTGGTAAAGTCA-D1_Stim,-0.023601467024597866,-0.025934692417594718,-0.39223652098437434,0.13543430988796779,-0.0413891156766919,0.20320980378644826,0.30064094570765754,0.08354418912604622
TACAGTGGTGGTACAG-D1_Stim,0.0796799143035436,0.0456230918973759,0.068396524512087,0.0748104654541919,0.34195739338466424,0.06298985079449082,0.12179038732109149,0.05910380973650042
TACAGTGTCCACGCAG-D1_Stim,0.09070325880874286,0.03938313547188521,0.10660334848254038,0.0871826553747983,0.44937204209769455,0.0891075485643551,0.20312402981609523,0.05356713239602229
TACAGTGTCGAATCCA-D1_Stim,0.09865503887245808,0.019388765577367906,0.0451890789505045,0.08999903978769375,0.2878153343459129,0.0960597306161084,0.1877962824821502,0.07318222786058115
TACCTATTCTGCCAGG-D1_Stim,0.010437994192159294,0.03173846626678767,0.10433795780268174,0.03028778224644668,0.26059254130787934,0.07283004337134713,-0.08189850968842904,0.06753290208406959
TACCTTACAGATAATG-D1_Stim,-0.06603432308054202,-0.008369532037008298,-0.05138157269654098,0.07212887668880974,0.00951275404604246,-0.039284363640518905,0.20822494061151886,0.02908250341468488
TACGGATCAGTGGAGT-D1_Stim,0.012912448478818561,0.036050612461030695,0.1058581209221865,0.12712977382460267,0.13196507805642632,0.11719912576443292,0.04763048600372599,0.15161792030331078
TACGGATTCGTTGACA-D1_Stim,0.012437241236089136,0.014184613999617568,0.009367134519219,0.0791204020783347,0.09942522045148294,0.059048994597974414,0.22029804427821986,0.08927691156259421
TACGGGCAGAGGGCTT-D1_Stim,-0.06219871051882819,-0.026555155659595542,-0.3694041903598695,0.17856574262172842,-0.0026070963135502723,0.2477665431830971,0.7619264120018485,0.10392211165811993
TACGGGCCATGGTCAT-D1_Stim,0.10690204831206884,0.04385748102023257,0.013105033734541749,0.07816332392341074,0.2228115883516253,0.00129623141402746,0.135910532190195,0.016983096793957486
TACGGTAAGTACGCGA-D1_Stim,-0.0033975841754632086,-0.004575982399696699,-0.03356282418060097,0.18732606438851285,0.059716112073987304,0.11785018299067218,0.40837413546051593,0.15623741990646067
TACGGTAGTCAAAGCG-D1_Stim,-0.025755549914350695,0.012551405867013088,-0.08332922732806303,0.04216393681443442,0.10418749155605234,-0.01770768066433348,0.003967921634433935,0.0070162663914512535
TACGGTATCTATCCCG-D1_Stim,-0.049373777819500475,0.0037757541969352104,-0.08041689040650368,0.06671927753158968,0.10039855707137235,-0.017420847332077827,0.14687807711633027,0.039868903791528965
TACTCATAGCCTTGAT-D1_Stim,-0.012403518741573194,-0.04042319300248565,-0.1205068952899051,0.13327841133073548,0.04691925221099069,0.15212016057713384,0.22375325884455677,0.10692436305715525
TACTCATTCAAGATCC-D1_Stim,0.09769909885672412,-0.02272090864076226,0.0036528570785918646,0.09892165208060533,0.2942767065599661,0.13614243868515707,0.4452078920668008,0.0758753504094809
TACTCATTCGAGGTAG-D1_Stim,0.0322814629834518,0.06874746506840879,0.18296530450437398,0.08818101087273433,0.2151060864082286,0.06467400600430828,-0.0978721146110999,0.04317150248629176
TACTCGCCAGGTGCCT-D1_Stim,-0.16554382923921196,-0.06262208022994287,0.0417426599280768,-0.0032089033985567283,0.2906415359850776,-0.15694303058580417,0.6086318819250245,-0.04274127410550399
TACTCGCGTAAGTAGT-D1_Stim,0.020123515071691855,0.037600208824240866,0.07278260793667002,0.05402311066239207,0.14954532896485873,0.05407305776544469,0.12479198983509576,0.04987114853858721
TACTCGCTCACGCGGT-D1_Stim,0.07598251792629185,-0.012411126367913639,-0.17427482653956083,0.042393401642996764,0.4603039631324002,0.10292693485923898,0.1229040807777082,-0.021308806128381264
TACTCGCTCGGACAAG-D1_Stim,0.13278323441768336,0.0735371644081777,0.1888929143703857,0.06858798673846067,0.1915964609812928,0.0521223721505546,0.20627537710191035,0.01825455036451018
TACTTACCACGACGAA-D1_Stim,0.06389250523353596,0.03375395490291133,0.09404983902746977,0.04077197243455544,0.3285557906623744,-0.010828327519986303,0.09257052898918161,0.01166298883205208
TACTTACCATCAGTCA-D1_Stim,0.17584676724278125,0.038387698782702984,0.18676588917562675,0.007448564878373531,0.4032441043755739,0.049776668378379796,0.07215394895482063,-0.018544967719407168
TACTTACGTACATGTC-D1_Stim,-0.02961040056384867,-0.038632081802962404,-0.11839169368251667,0.04639057992569562,0.1567094043307904,-0.02531711204241205,0.029911717851856423,0.009180792047374098
TACTTACTCAGCTCTC-D1_Stim,0.006464944866756639,-0.07030585156803326,-0.13454472308630017,0.11567117156289619,0.38641721509861604,0.037246325138415415,0.3692329306500355,0.013204429702465603
TACTTACTCAGTTAGC-D1_Stim,0.028874853743536377,-0.002492647536556092,0.14902985371963773,0.007130165498944407,0.26745027463986304,0.016561963739222918,0.10160246736382561,-0.0007906215362005753
TACTTGTGTGCATCTA-D1_Stim,-0.04217696008659999,-0.03087496822548097,-0.18787300848896749,0.11337376944532451,0.04529023859369019,0.01620857731109382,0.3183253265633539,0.06094096294245688
TAGACCAAGTTGAGTA-D1_Stim,-0.07089666244025494,-0.04294109636139254,-0.11395596454127332,0.06568656294054698,0.08527396183124125,0.006935480015240358,0.394844559467737,0.05912502147272747
TAGACCACACAAGTAA-D1_Stim,0.09830719065605997,-0.011873040840066906,0.02460705645405703,0.10246133903598142,0.30590717482939667,0.11493878165569171,0.3348436799382206,0.07195397634005474
TAGACCAGTAGGAGTC-D1_Stim,0.080238536771855,0.04134836452476165,0.13453470534299772,0.0470903357989112,0.37209630324067433,0.05458168905577665,0.03700112720911264,0.009668597072083784
TAGACCAGTCTTGTCC-D1_Stim,0.04553615876349504,-0.0037096188045175893,0.06174873335911624,0.08343824169322822,0.2725801022751213,-0.0034021269655344355,0.1491656562907302,0.017497320434369357
TAGACCAGTTCACGGC-D1_Stim,0.048701852107646104,0.00427892794406759,0.02722132777542008,0.027519174492676157,0.261348752636664,0.04572443864409692,0.09141747508797593,0.03628475567425937
TAGACCAGTTCGTGAT-D1_Stim,-0.05516591777242219,-0.0247997107162643,-0.30002987713685947,0.07898640455340455,0.05589051150567492,0.16092992532415984,0.4600082166670969,0.03996033002589705
TAGACCATCGACGGAA-D1_Stim,-0.03643224738659079,-0.033982617567470896,0.03125848860962943,0.03261789124700165,0.3140441870103672,0.031664555469598454,0.24000506205518057,0.015563125309542514
TAGAGCTAGGTGCAAC-D1_Stim,0.021642657619057815,0.07312631851360507,0.01137216748538794,0.10454682273883442,0.06977134381137517,0.059692562939291705,-0.03527636390918687,0.05511192196302339
TAGAGCTAGTGTACCT-D1_Stim,0.1962355899294561,0.07181259683523677,0.039674808199306355,0.10015255316228355,0.2723180511265859,0.16398065714914267,0.32299319861248676,0.06294186776613842
TAGAGCTCACAGACAG-D1_Stim,0.05118783924740988,0.004167949511648672,0.10357760293784146,0.035448897393743906,0.08846946880237994,0.15626018957377852,0.04637217147000783,0.06375278103636184
TAGAGCTCATCGGAAG-D1_Stim,0.11777001724276914,0.07799111711506335,0.15008487790096048,0.08137020347010093,0.3838030919743005,0.1295539428519703,0.097965980400474,0.07818998476219718
TAGAGCTTCCTCATTA-D1_Stim,0.12798519652585583,0.05406194863313196,0.12603784284012054,0.03686666069530098,0.4360418319217576,0.067924949670644,0.13377267509480362,0.012222500033839623
TAGCCGGAGCCGTCGT-D1_Stim,-0.04725499392981547,-0.010946338689128865,0.01713519325755186,0.07026055271822784,0.19842123676697732,0.08373068113863269,0.17810426058118978,0.050346825903771375
TAGCCGGCATCACCCT-D1_Stim,0.09042524113622363,0.04710779336207693,0.04952686150003682,0.07226228293307813,0.19963996911924653,0.06484900130076454,0.09318596215053887,0.028884729056834146
TAGCCGGGTAGAAAGG-D1_Stim,-0.07614431545682443,-0.026930159828477684,-0.13796455319243783,0.1266338161830518,-0.014147248930980183,-0.043458777033885454,0.27129937520366454,0.07411749018812763
TAGCCGGGTGAGTGAC-D1_Stim,-0.06902013141691832,-0.003934373155917825,-0.06840199026739402,0.03404898341670126,0.049904275799354636,-0.032690264329753305,0.15457240793573135,0.03142493000287949
TAGTGGTAGACAGAGA-D1_Stim,-0.004800243229704293,-0.034615507228174636,-0.08052347319389064,0.11490848369447626,0.0898199542427438,0.08387203039350766,0.37930654409126596,0.09427478056934291
TAGTGGTTCTCCTATA-D1_Stim,0.09850196129341704,0.04327607709240233,0.03988891173386744,0.07086589461430037,0.24319050871164016,0.01696788750348155,0.14098599898472486,0.011606192752283917
TAGTGGTTCTGTCTAT-D1_Stim,-0.015437190006108992,-0.03163408634392617,-0.07428817653851283,0.06462374352623002,0.10574972360677037,0.07931060909999665,0.19343465775012447,0.058524998891041236
TAGTTGGAGATGCGAC-D1_Stim,-0.03207828203456131,-0.033434202859320195,-0.16600674942724858,0.13188960543833694,0.08358150704727052,0.09176691932851355,0.22166189168255102,0.07640372836702625
TAGTTGGAGCTGCGAA-D1_Stim,0.05074950869012973,0.006379656660087107,0.1168130150187503,0.08635822168818663,0.3601784178728913,0.011136075666899004,0.18988161251515479,0.006411505073270263
TAGTTGGCATGCTGGC-D1_Stim,0.1044268160342412,0.002968813350143762,-0.010682260309595293,0.09131633536398454,0.3598392601088918,0.09590968722779536,0.36034658903668415,0.04016698160081944
TAGTTGGGTCTCGTTC-D1_Stim,0.06161922885841875,0.005290406147343774,-0.05571350163853417,0.0863693310519551,0.2263436260081022,0.018160205403601637,0.17359415448531124,0.0049931432755432326
TATCTCACAACTTGAC-D1_Stim,-0.16177801136346304,-0.02277379938871782,-0.20498809657478034,0.2248452595008743,0.08157473166951412,0.09719695959120678,0.7868931221712323,0.1267341779182214
TATCTCACAAGGTGTG-D1_Stim,0.09009062257900347,0.03756625453075024,0.08798430974742466,0.06954639973089982,0.25857594392551064,0.04516695280341665,0.11440209797211054,0.04443535973213919
TATCTCAGTGTTTGTG-D1_Stim,0.1246873754627913,0.03975143935163494,0.061595537940553946,0.05066438947324592,0.48028107080032356,0.156133543767341,0.07955300900808382,0.034699105707968414
TATGCCCAGGAGTTGC-D1_Stim,-0.0017240008717145372,0.008355053319499817,-0.04293658067237249,0.07089470513243157,-0.01063304778608476,0.0028875397462080343,0.12816159300734142,0.038953818570258036
TATGCCCTCCGGGTGT-D1_Stim,0.04893358461101904,0.0025072623656114956,0.0751503821648356,0.005755878728704644,0.27208508238270745,0.0207517187366264,0.2746346960206125,-0.020725404282377013
TATTACCGTATCTGCA-D1_Stim,-0.07199188662768385,-0.03810362520025734,-0.12498524646562448,0.07153884482796968,0.07457976115322751,0.034565670164125706,0.3525510589445986,0.07838125161921994
TCAACGAGTAGGGTAC-D1_Stim,-0.09432461620115795,-0.027879649325790012,-0.23269512567722384,0.15879133042241733,-0.03256320081235309,0.003911060724844262,0.33468949898830047,0.08286052807578947
TCAATCTAGCGCTCCA-D1_Stim,-0.026003499405124586,-0.07991651286498147,-0.20544038889966032,0.1143991634664836,0.02087279194525138,0.10215063158251958,0.43864220470687165,0.09458379298442487
TCACAAGCATCTCCCA-D1_Stim,-0.043163137820531716,-0.007183891365471595,-0.16963466779958392,0.08579463794174913,0.06849334510086891,0.008377700166301238,0.09055995505186942,0.045530031146041594
TCACAAGGTCGCTTTC-D1_Stim,0.10382669927230559,0.0008525960404863753,-0.2625060932871701,0.18878374240256512,0.27487906465735,0.30873468177601815,0.6625736877215012,0.14797458392312457
TCACAAGTCAGCATGT-D1_Stim,-0.0992735429420808,-0.061831941090744635,-0.040688673496204864,-0.0009347194208757514,0.13434878302790665,-0.08320090615905151,0.4790439154656294,0.002045298044503596
TCACGAAAGATACACA-D1_Stim,0.04049594129555523,-0.013798336824550006,-0.00045346083006592153,0.08243443390217031,0.2790732471279558,0.08010601636163805,0.26414627441662475,0.06106569459292821
TCAGATGGTCACCTAA-D1_Stim,-0.040221448092294665,0.010249888968962395,-0.07243883754571723,0.11616488409127612,0.07420806138929059,0.07222565018199312,0.2349512308003625,0.12859000578673552
TCAGCAACACGAAATA-D1_Stim,-0.11781908653658846,-0.0342695046963577,-0.07475932363861482,-0.023211266278392984,0.06847943807493628,-0.030243410865629983,0.006244225771490974,0.008264679579395917
TCAGCAATCGGCGGTT-D1_Stim,-0.07935565176674153,-0.059446501146503294,-0.12034496223317781,0.08831180580341957,0.21458515054744076,0.16277469825700486,0.5359098125416644,0.055771228409716045
TCAGCTCAGATGTGGC-D1_Stim,0.19609818641606935,0.050472278065086584,0.11206833211127432,0.07131568164645685,0.3525221288211444,0.06371462809702955,0.19385656137120932,0.029786771575139426
TCAGCTCCAGGAACGT-D1_Stim,0.006271865587427428,-0.01601955727222837,-0.03880820303214794,0.057633151213767775,0.13092236759781883,0.0865321755023718,0.19142324487321716,0.08996745458135358
TCAGCTCCATCGATTG-D1_Stim,0.004403854220404568,0.007224492151966189,-0.000480309416558633,0.12189523619277232,0.1800851583795282,0.1298845407250404,0.28305471854543285,0.07669196267870504
TCAGGATAGAAGGACA-D1_Stim,-0.06800413940670147,-0.03658655271850009,-0.07659913075218672,-0.02028486797064666,0.1214442833280387,-0.04049187642895369,0.09793842320283641,-0.013648649483471331
TCAGGATAGACCTAGG-D1_Stim,0.06835338791857204,0.010048998137712317,0.05557152698033008,0.02645580045049556,0.1352672875787242,0.0009869307227710067,0.14457562016744774,0.01575505412015943
TCAGGATAGCACCGCT-D1_Stim,-0.06775088761583525,0.05744350104714968,-0.027787987370254896,0.05452017379199425,0.013036906071873133,-0.020178526572308897,-0.009401075552226246,0.03992046895228718
TCAGGATTCCTTAATC-D1_Stim,0.04386616199048454,-0.014794620568306271,-0.05990826311794262,0.06569502939117378,0.1550978426394085,0.0018083147735534766,0.12726736348568934,0.011683079706630295
TCAGGTAAGGCCCTTG-D1_Stim,-0.12648854889389582,-0.0935103712443972,-0.21187654534715428,0.14053159796462467,0.09761595302536819,0.13382118462193837,0.8701783993941614,0.057894592270605116
TCAGGTAAGTTCGCAT-D1_Stim,0.07348561211748894,0.05475241796178665,0.06737738990466458,0.051897226310259725,0.2364527207381748,-0.0050835549502057376,0.0003450227203778411,0.00010578616527467943
TCAGGTATCCTCTAGC-D1_Stim,0.01784009094510708,0.04455129675672964,-0.2806414776086683,0.08822771323097456,-0.0017994969452193033,0.13915950838357638,-0.044749000321557375,0.09337880568307888
TCATTACCAAGTTGTC-D1_Stim,0.09424538422566364,0.053263675651933795,0.017823526565219794,0.04009528542408347,0.12326278567008231,0.09843910750338303,0.02083381335853396,0.05375589473428377
TCATTTGAGATGGCGT-D1_Stim,0.1409327245015266,0.05940260883468973,0.04029927336257799,0.1258654330949831,0.3745432596263374,0.12472545404516566,0.10078642844231211,0.05408983374774046
TCATTTGAGCAATCTC-D1_Stim,0.04294843620350797,-0.003857622134454175,0.0073178906736988125,0.18142575961568674,-0.09004477149125556,0.2726527544303199,0.6108899176326172,0.10768274727825045
TCATTTGCACTAGTAC-D1_Stim,0.06298756229045921,0.06897691229240444,0.100954666417028,0.11541438900485801,0.16474188973202786,0.06601772111104154,0.011953301381822712,0.039950836522820055
TCATTTGGTGTGCGTC-D1_Stim,-0.13685671541553113,-0.034414888828528944,-0.19212442589038492,0.08221211645063953,-0.003241153996253132,-0.04556302821902314,0.3984591052368085,0.039140620501994405
TCATTTGTCACGGTTA-D1_Stim,0.11049294847805058,0.043282748859873266,0.14875719688051614,0.08729645700747035,0.28650130618116876,0.010763558249916372,0.16048174524718561,0.03041577281409147
TCCACACGTTTAGGAA-D1_Stim,-0.21057478237135818,-0.06952749313735573,-0.11538385994992773,0.09000701739909545,0.1327191306354134,-0.06090413639823922,1.000102118852105,-0.0053786906495592035
TCCACACTCTTCCTTC-D1_Stim,0.10921878285398279,0.034734016975615845,0.12772079924450885,0.058626367723073614,0.26055468788733904,0.009356059183515342,0.11718021589734562,0.021649511621882667
TCCCGATCAGGTGGAT-D1_Stim,-0.060886965591407716,0.020373719387594136,-0.09941737827569241,0.04531207240439983,-0.0020391408449818016,-0.027852431704266323,0.40013156205840694,0.07200855764922665
TCGAGGCCAACTGCTA-D1_Stim,0.05271863788492048,0.07029379655376644,0.12613139955281394,0.05575873765067918,0.08065306872437361,0.03066038585434505,0.26688064849615856,0.02800930210794661
TCGAGGCCAGCCTTTC-D1_Stim,-0.04653077267690975,-0.015391632118697984,-0.1045509662952524,0.09984852158803292,-0.01931373971803474,0.009536285530966637,0.25054028907926096,0.09553581582608928
TCGAGGCCAGTGAGTG-D1_Stim,0.011090624516249648,0.109834604218074,-0.08590632755715966,0.09750876246735274,0.03205970816792103,0.1506633759921261,0.009654300756213985,0.1000643944878501
TCGAGGCCATCTCGCT-D1_Stim,-0.15838016549282052,-0.05080991168297189,-0.07202435022103248,0.06664210105899748,0.06499611616116496,-0.12129230170408434,0.862607666491721,3.294543388854265e-05
TCGCGAGAGGATGCGT-D1_Stim,-0.03635893313757421,-0.04991573893082624,-0.1665471222548245,0.033835384539456115,-0.014377059420798588,0.09637422553045205,0.08380778969064906,0.013347454903716027
TCGCGAGCAGTGGAGT-D1_Stim,-0.03377085508100208,0.044873399499897104,0.0201242639983521,0.024326885569507795,0.2223372509217878,0.07156626237612151,-0.18580048895532997,0.055445002461224746
TCGCGAGGTACTTCTT-D1_Stim,0.003125592867098348,0.020196950626258925,-0.025918307534561258,0.043172961543890054,0.11931842884617261,-0.015903857121822185,-0.005748675204461762,0.026139781527010797
TCGCGAGTCCTCTAGC-D1_Stim,0.10836296730108508,0.013958236323382778,0.10549635825095827,0.07590231499793987,0.43826998014738017,0.09794328843016409,0.20522479075170352,0.04523484578638204
TCGCGTTAGCGGATCA-D1_Stim,-0.03866310629240566,-0.015082836971153313,-0.2670714520752622,0.0739634440917083,0.09108084800548077,0.09231375842945866,0.3449055052689065,0.08204779937790718
TCGCGTTCAAGCCTAT-D1_Stim,-0.16211194995196898,-0.0342134291930023,-0.1385708344344545,0.05444394626948679,0.03860352891438801,-0.06188898673571863,0.7759057082068157,0.01884119083220881
TCGCGTTGTCTACCTC-D1_Stim,-0.025707728941865682,-0.051208474915499735,-0.2248405367558135,0.12601666364126451,0.0065949498115127625,0.2025220779722794,0.4481354954961887,0.08713053816789262
TCGCGTTGTGCGCTTG-D1_Stim,-0.03455217837159097,-0.05894798165320836,-0.0841414004591492,0.011933612212521538,0.07039948207454572,0.07703090485193975,0.04723052821008622,0.010099994665617729
TCGCGTTTCCTACAGA-D1_Stim,-0.08532915534226149,-0.02878146039468632,-0.17995730379516228,0.08774844263424875,0.04596175854213591,0.060672057871855145,0.8169649444269282,0.07172084856131455
TCGGGACGTTTGTTTC-D1_Stim,-0.015158678072909382,-0.022851844263218624,0.004993919430722471,0.12473362950590072,0.09342851706713695,0.12769869815856616,0.39076984141948934,0.09198395589533881
TCGGTAAAGGATTCGG-D1_Stim,0.07318040980928409,0.012442672908553831,0.031526014347441844,0.08194219573513628,0.12971458580126694,0.11282667162988602,0.13539013168061942,0.062907734653189
TCGGTAACACCCATGG-D1_Stim,0.009619016621554621,-0.017949283837921826,0.12026672444117281,-0.02181499000665177,0.08178941699435427,-0.04104500282990031,0.276928611909236,-0.009422643854223978
TCGGTAAGTAGCCTAT-D1_Stim,-0.003099423277824087,0.02505230023543703,-0.2983233112343431,0.1310770842030866,-0.010217221465167015,0.19689229939550756,0.1873573490605711,0.06690734624083916
TCGGTAAGTCCGAACC-D1_Stim,0.01181997422768788,0.02586668517875701,0.029425777796408426,0.1475571036808372,-0.0013560087512693997,0.17304523681429096,0.5892253132477396,0.09699638827779644
TCGGTAATCGGTCCGA-D1_Stim,-0.04464789065510644,-0.023063393770261342,-0.18113463134857355,0.07314194107740413,-0.029888937340595945,0.11128806298223104,0.18730805761056413,0.04721582121419665
TCGTACCAGTGTCCAT-D1_Stim,-0.004060728015225834,-0.05490998205881681,-0.19050940986276643,0.12019880325457066,0.05609004899862313,0.21366997835836976,0.41142141521135933,0.11039753793841633
TCGTACCAGTGTGGCA-D1_Stim,-0.11416593328534752,-0.04714947975252848,-0.2278876242601795,0.09885279699606286,-0.022260190661612,-0.017429193116891284,0.2997417649299692,0.0790902155271116
TCGTACCCAATGGACG-D1_Stim,0.06746115180097512,0.03690544698631548,0.16952617863422503,0.08209979883249652,0.291791433427651,0.060476595096554675,0.18923419273912856,0.030490942165011248
TCGTACCTCATGGTCA-D1_Stim,-0.03923753525551277,-0.00305094491730884,0.030250637609461783,0.06925738533471915,0.18290507203295192,0.03310620417610366,0.02226596674639225,0.06365203136705944
TCGTAGACACGCATCG-D1_Stim,0.08322279984300174,0.04160069008125511,0.04951537442803655,0.058993935606030945,0.2343624805561344,-0.010246289681845155,0.1614753414191803,-0.00010982124600467102
TCTATTGCAGGAACGT-D1_Stim,-0.07950687167022785,-0.00042724079193590114,-0.18575383313768512,0.1287777593253825,0.0018709691801337414,0.01074906548460497,0.14213079283859287,0.07042323246230708
TCTATTGGTAGCAAAT-D1_Stim,-0.029330692211585685,-0.01043616764267874,-0.20000704576112405,0.11145815638385059,-0.045824749264548714,0.19757279413474116,0.6101227347995675,0.04410573508241278
TCTCATAGTCTAACGT-D1_Stim,0.03145930535349706,-0.005485307562887343,0.015725898282862083,0.10151738371734531,0.144764140751791,0.060408066061617305,0.3205412134199612,0.0662375213526083
TCTCATATCGGCCGAT-D1_Stim,-0.01517331723294646,0.00771295906141134,-0.15015650212606957,0.15941801667298172,0.01915896132260464,0.0882829787757089,0.42939312302557475,0.11462722097073197
TCTCTAAAGACTCGGA-D1_Stim,-0.017128903207517254,-0.03824264507101027,-0.03415851692557759,0.013189504019452514,0.2323679346456924,0.027320051979133453,0.019390967026453154,0.011746934787476349
TCTCTAAAGTGTCCCG-D1_Stim,0.006807669076618339,-0.02800085094106919,-0.04489070452853383,0.13195543006023058,0.1781748011114157,0.03531058451697433,0.3104666121031521,0.03570494220047671
TCTCTAACATGCCACG-D1_Stim,0.17230623020685343,0.04593420656412128,0.07237476288490896,0.12123496898644426,0.17297565461560716,0.13243392183075642,0.27178845630693615,0.08459250765893778
TCTCTAATCGAATCCA-D1_Stim,-0.032794951367968395,-0.07533263515583499,0.12642961003365372,0.04001438618957742,0.14821004443724028,0.0848065770900277,0.24545670748626947,0.0502996344286224
TCTGAGACAGCTGTTA-D1_Stim,0.017375791559603115,0.01451209193372982,0.06495578092999654,0.09533626871708734,0.1420634861268706,0.02044817118055242,0.22645636390095447,0.0736414965562755
TCTGAGATCTAACTTC-D1_Stim,0.04101077829671951,0.014080909229845062,0.10136163958355215,0.05998506365290979,0.18393334573323017,0.056793206106560135,0.20278272529758112,0.019088306049470205
TCTGAGATCTGCTTGC-D1_Stim,-0.07342547221456996,-0.05323881487237614,-0.046142629958136894,0.07748004980074263,0.16276103317885138,0.004367103835758002,0.6424888616494258,0.027365080102290662
TCTGGAATCGCCGTGA-D1_Stim,-0.0009055638488586482,0.0015548543159873418,-0.12048106965063532,0.15119428239000499,0.026859319142955584,0.12645704184476614,0.3699538951257537,0.10413697223329166
TCTTTCCTCCATGCTC-D1_Stim,0.0027983878526924855,0.017474839134990816,-0.050722662832632714,0.16976569539627917,0.079624890580833,0.11559308495186649,0.3768506292958307,0.1529349204626982
TCTTTCCTCTTTACGT-D1_Stim,-0.04196010489734725,-0.012896824234674753,-0.29338774253171884,0.15396375422597153,0.01603500825660653,0.1830730672814873,0.7665048490623949,0.09856076305344885
TGAAAGACAGTCTTCC-D1_Stim,0.12261839635350213,0.020819462848438164,0.15121102237616046,0.03349070810210897,0.49321863526547105,0.06962372805850414,0.020198712822733,-0.01724254483087506
TGAAAGAGTTGCTCCT-D1_Stim,-0.028476583728183513,-0.009986942027676804,-0.016368300337076036,0.16992414985512916,0.04185774583750934,0.185607152900241,0.43076070480892525,0.14528802932670537
TGAAAGATCACGATGT-D1_Stim,0.16774182739972154,0.09583329315072042,0.10356323398952139,0.06906054208935153,0.24782172353134158,0.0991110887724016,-0.0525949190634627,0.029076015188786997
TGAAAGATCATGTAGC-D1_Stim,-0.07241865629905142,-0.027845646602850493,-0.1900685482059501,0.14736255671062004,-0.037072854490057594,0.11773569276067875,0.5848168961649911,0.10101817334796515
TGAAAGATCTGTTGAG-D1_Stim,-0.16136014347872418,-0.0598525346938974,-0.2457034095100994,0.1907056585451663,0.22362849783858785,0.17022433322605934,0.753724149820453,0.0849658044758499
TGACAACGTCATGCAT-D1_Stim,0.03494363230218411,0.0367187696432314,0.044961659517753105,0.07295515866001523,0.30674538338678303,0.11010570794171493,0.23912075122883003,0.06348058273755797
TGACAACGTGCACTTA-D1_Stim,0.09204003333272581,0.11409189819499765,0.21028706813828268,0.03344319631528059,0.12642763568871906,0.04829500269319631,-0.2155890297891574,0.07226820809908929
TGACAACTCTTGTACT-D1_Stim,0.07205412563200397,0.027289331651349613,0.11626916890210737,0.041253921360445034,0.3537958417413858,0.0032326770474409017,0.09552819257725886,-0.019815070968288495
TGACGGCAGGCTCAGA-D1_Stim,-0.018351691470277487,-0.01291709076212122,-0.013029580302662325,0.10952725955298703,0.15508296388521892,0.058767075541421576,0.2620464976268231,0.052717929063613056
TGACGGCCACCCAGTG-D1_Stim,-0.006261042638170622,0.017648961644068706,-0.1326101284497252,0.04091264503284009,0.10128077882204778,0.06508377606802185,0.10714649255440101,0.0312634589829468
TGACGGCGTATAAACG-D1_Stim,0.0680844394458795,0.041313681550986914,0.09501628553085162,0.06060285946661814,0.21957528673078208,0.01333143324810493,0.11054371662277873,0.04113820338347551
TGACGGCGTGTGACCC-D1_Stim,0.045963795292879084,0.07538813176753933,0.03842626284902462,0.10416176757425788,0.10517107533680203,0.12892346141515,0.06343700462324264,0.0900276736718979
TGACTAGGTAGCTCCG-D1_Stim,-0.03291080285700687,-0.040485347989777765,0.022666424994371326,-0.07894015204502303,0.17241461855229012,-0.1611821902174686,0.3783749378715804,-0.0482350283545081
TGACTAGTCGCCCTTA-D1_Stim,0.013252123880505451,-0.005975332559401636,0.06876150710694073,0.0864254884795237,0.15234660174038694,0.0991332542039558,0.379191223314276,0.09580393460953118
TGACTTTAGAGATGAG-D1_Stim,-0.0023345675429542467,-0.012932860042205618,0.020508985653955314,0.020913677826106536,0.05154226674027562,0.017221685898949346,0.16032622748388903,0.039841564689997
TGACTTTTCCGCGTTT-D1_Stim,0.14111071757290716,0.030083732334615476,0.07142338280167593,0.09577996591087157,0.42632309337694885,0.08828421306997036,0.2036735455898082,0.047746292176999106
TGAGCCGAGTTAGCGG-D1_Stim,0.10822597010828972,0.055728777597254364,0.13450847009102596,0.07125984621868398,0.22110122618261663,0.08696799794865306,0.1300565852426061,0.04603245823374991
TGAGCCGGTCGCGGTT-D1_Stim,0.03279418408813228,0.03735290152790682,-0.19991850976373904,0.1648057977003674,0.0019951457042530762,0.24289544412834907,0.18436534648883907,0.13291841149341366
TGAGCCGTCTGGTGTA-D1_Stim,0.08186096232975437,0.03156635367526839,0.15060398239255246,0.05819224191548322,0.2377239604990269,0.03343917871687374,0.20163887848071838,0.006308121657225385
TGAGGGATCAGTTGAC-D1_Stim,-0.007672087753041623,-0.0070115923840177174,0.0043841821516616974,0.04469310521028902,0.16226794788274645,0.05194634781762453,0.18434126246520854,0.040462388835020846
TGATTTCAGGTTCCTA-D1_Stim,-0.07820113206239299,-0.11670548372970657,-0.20679110957642344,0.058191063250834674,0.07366482100011318,0.07072321705882345,0.44168773116221693,0.018639830495089882
TGATTTCAGTATCTCG-D1_Stim,0.06903913484061164,0.1586991398062505,0.542096701185395,-0.09894756011375883,0.2323436998184416,-0.04246453320988408,-0.5670663150471498,-0.005897190312319722
TGATTTCCACCAGATT-D1_Stim,0.11812977959362314,0.05129020543106222,0.08855297050272082,0.06244339696293366,0.3019266611307252,0.03744782068560504,0.09448559118649769,0.02451741352058434
TGATTTCCAGACGCTC-D1_Stim,-0.07140808904966889,-0.053137372484686196,-0.09362352417720565,0.118855010016647,0.0612013647638161,0.09611217142056994,0.5914279205620492,0.06788166715671018
TGATTTCGTTTGGCGC-D1_Stim,0.030655000616679473,0.040535590023068835,-0.00012068540958232177,0.16027572053700645,0.058999969574440314,0.15847383352651256,0.2318862768035217,0.10811000703179019
TGCACCTAGGGTTTCT-D1_Stim,-0.022204614492675745,-0.02310632980316818,0.10649041682528271,0.03405221731515162,0.2786187488256502,0.0023701504017505926,0.2891084560756454,0.012820352852614292
TGCACCTGTGATGCCC-D1_Stim,0.03679649269298935,0.05719416348628137,0.003319891959943533,0.046084906591092434,0.12446829202447951,0.03970217911016505,-0.1373509675886524,0.018625135293230954
TGCACCTTCAGTTGAC-D1_Stim,-0.06858996266617723,-0.015329248752193436,-0.07718200395450658,0.09915990328927826,0.04631617108857711,-0.04187158254791612,0.20192916844388265,0.031671013481515686
TGCACCTTCTCCGGTT-D1_Stim,0.034502097405626486,-0.03966812342518189,0.05379565845730383,-0.06326986551593805,0.008004033102460895,-0.065562799949344,-0.03472794042643379,-0.05409478616330432
TGCCAAAGTAAGCACG-D1_Stim,0.03565030797474655,-0.021069240685022805,-0.029932151429308718,0.09357588014324314,0.13849136094789571,0.14663696332866571,0.18604312018615232,0.07384542706049757
TGCCAAATCCAAAGTC-D1_Stim,-0.009176390005361412,0.015277038996202918,-0.0659087801610676,0.062066287870830905,0.03230225552010424,-0.017676442545841553,0.15455040687344024,0.03856446113899281
TGCCCTAAGTGTCCCG-D1_Stim,-0.042852186178615526,-0.034407115539774935,-0.0741614675879827,0.12100626170258622,0.0575323089550146,0.10653072258684482,0.4534627174821839,0.07626132570053379
TGCCCTACAATTGCTG-D1_Stim,0.15042838319291008,0.03681544865959552,0.15489920305717408,0.04687633423475823,0.4564127426065987,0.05578389096380576,0.15283332585336495,0.014456155759649647
TGCCCTAGTTCTGAAC-D1_Stim,0.12343961144610205,0.045176317979512604,0.19009774647094968,0.03306250649730025,0.34134462121846454,0.00937697992814357,0.107861534824778,0.0035873810889821556
TGCCCTATCAGCTCGG-D1_Stim,0.11212351335333537,0.02249990169821281,0.09858941331471893,0.036250764848416495,0.34649761160348724,0.01649081309745526,0.09870240907886796,-0.0069816070653327955
TGCGCAGAGCACCGTC-D1_Stim,-0.013887576285487313,-0.016523277853689677,-0.10423549224588502,0.07101662909793305,0.09079557196016097,0.01916122292759681,0.27198903904684,0.04030362177768332
TGCGGGTCAGGGAGAG-D1_Stim,0.10031846622135987,0.051624557284045025,0.17972945734297419,0.05831757945503213,0.2814526360287708,0.0664567995092451,0.11321973247159889,0.05585721513960351
TGCGTGGCAGATGGCA-D1_Stim,-0.029147677211703638,-0.029564216382024,-0.041584007823082914,0.04950090832594434,-2.0266523874212794e-05,0.07042937095204493,0.45430225017137893,0.03846300082729748
TGCGTGGCAGATGGGT-D1_Stim,0.001813167390693593,-0.027136176281464586,-0.006334274223088521,0.1143081658520888,0.13108253245490964,0.06167173451927077,0.42262725123054423,0.10196801286527446
TGCTACCGTAGATTAG-D1_Stim,-0.0065749288528067495,-0.019982454086058254,0.14862938934274617,-0.030883658090342436,0.0736157483562625,-0.11765295020930822,0.2576170550387751,0.0029554981559911653
TGCTACCTCTTCATGT-D1_Stim,-0.003474357207402079,-0.0008463284390654024,-0.03556376838869291,0.07001024152707735,0.07477383667697168,0.08289869846435671,0.2162267129882487,0.07727475860761501
TGCTGCTAGGTGCACA-D1_Stim,-0.07547823086143524,-0.05032613345650283,-0.15903905655315498,0.15322846231520337,0.05394896904718571,0.13401119843274678,0.5071131558298472,0.13519356165877383
TGCTGCTAGTGGGATC-D1_Stim,-0.06924861402581683,-0.054789676874541726,-0.263420586808901,0.0968605264887028,0.13452668293977688,0.11584355156786685,0.20413499133441348,0.05593535953363293
TGCTGCTGTAACGCGA-D1_Stim,-0.004569557938406632,0.022323524637853254,-0.010361949429460893,0.23496253394288935,0.2316929618023078,0.18422300153191706,0.8944757181892609,0.11376247712260579
TGCTGCTGTCGCATAT-D1_Stim,-0.26849649707184575,-0.07876558225915531,-0.2646476686515351,0.06601465276854945,0.028222987782612563,-0.09479604248134343,0.8846880688147714,0.03228064320765078
TGGACGCAGGCGCTCT-D1_Stim,0.1506518078128689,0.0820598168156188,0.18157839385006103,0.07529293984240581,0.23932646213800624,0.11550206415499709,-0.22613692376581795,0.0720541084309545
TGGACGCTCCGCGGTA-D1_Stim,-0.0232242448587634,-0.03683711489122565,-0.0028012246556663456,-0.053254600924505624,0.12541978587485758,-0.1375712712049726,0.10032287786430683,-0.022561055328742086
TGGCCAGCAGCCTTGG-D1_Stim,0.0647288806985653,0.022223055673874725,0.1557243756520652,0.014256266226968961,0.3790621825321292,-0.010112562485431908,0.040846274655976345,0.0044888817261821146
TGGCCAGCATGCCACG-D1_Stim,-0.03280711835780714,0.02232524879849329,-0.018640617344892085,0.04683275947150811,0.14503621917632792,-0.005516079540461405,0.022035645445004803,0.027842159904496455
TGGCCAGTCGTCTGAA-D1_Stim,0.02400906892852639,0.024420310498355136,0.011116235251278361,0.1094051389717201,0.1600073652710492,-0.004310610031577511,0.16457740286179146,0.02709385972318401
TGGCGCACAGCGAACA-D1_Stim,-0.10304271981978985,-0.05951077487635992,-0.2111686028294475,0.08417279261549027,0.18914651115249193,0.05876779097013163,0.7018704949839503,0.012710882446747007
TGGCGCACAGGATCGA-D1_Stim,-0.10750989438695235,-0.04581720368027398,-0.09298583316792186,0.01435265832924415,0.0822695393515005,-0.13533817388651137,0.4077679245488337,-0.009353021307688891
TGGCTGGTCACCACCT-D1_Stim,0.007535928419892812,0.004270229649526058,0.034533044053520534,0.05432576338396622,0.1708722039057431,0.06745353140426857,0.2371946320265117,0.06280920980307947
TGGGAAGGTAGCGCAA-D1_Stim,0.03848691388976988,0.03237131238118529,0.019764076731449975,0.08556172900133596,0.10194042222174282,0.10549528064493252,0.024212351815679156,0.06044215429459676
TGGGAAGGTCAGAATA-D1_Stim,-0.10868230051840833,-0.06878315344504671,-0.20840738019910532,0.07132242263508282,0.07356453725891221,0.1943992303208102,0.36607080050400675,0.05623403260741888
TGGGCGTCAGTATCTG-D1_Stim,0.057212650011386756,0.06037171430502042,0.10845704313004667,0.06971539892007073,0.24389527761527496,0.04721081164781715,0.10644270002108058,0.06603903295544988
TGGGCGTTCACCTCGT-D1_Stim,0.10455016970490938,0.0504898033905512,0.0974236800607633,0.0441310650512996,0.3882562723019536,0.058707240601286514,0.039505851660088354,0.0332134348563482
TGGTTAGAGACAGAGA-D1_Stim,0.02521860530511333,-0.030248657277306634,-0.01487070684763303,0.05874695381931794,0.016908761950878315,0.0641070312640597,0.18295666583287584,0.0672219948893833
TGGTTAGGTTCGTCTC-D1_Stim,0.09027846555974683,0.07033352188891051,0.03945347059087645,0.07048128054714908,0.27048613966690027,0.10755855082815025,0.05329783574478952,0.08255894771863126
TGGTTCCAGCTGAAAT-D1_Stim,-0.03891875290834257,0.05373856831382895,0.023113698191820298,0.0487942624874762,0.14410745281233694,0.031017838409098886,-0.1011305731117993,0.09600908000320452
TGGTTCCAGGTCGGAT-D1_Stim,0.006965219033070014,0.012699917460439636,-0.0074717790576173115,0.05526166952968126,0.15691482945636714,-0.001430214712325295,0.036131508875612894,0.023439727948636246
TGGTTCCAGTCGAGTG-D1_Stim,0.05857101983797186,0.010898052413651271,0.04397006297910444,0.05544523824960379,0.15474835071589155,-0.009510995837642255,0.07201881666407317,-0.0001864906103161701
TGTATTCAGGCCCTTG-D1_Stim,-0.023015622864502205,-0.01192503741857287,0.007047069468180567,0.1036689400447166,0.1224760363156765,0.08133694240717304,0.1595427480870093,0.06899973970418039
TGTATTCCACACATGT-D1_Stim,-0.03456658582586769,-0.004308485533261575,-0.1360929912055937,0.05085979589476075,0.05010437326058437,0.08283608671976594,0.25939851899593513,0.0454835345220328
TGTATTCGTGGCGAAT-D1_Stim,-0.15291107405512427,-0.17150003443462225,-0.26344333433857514,-0.03241744323270623,-0.09374507318395686,0.0084513370353001,0.0824846880678578,-0.09584856885837922
TGTATTCTCCGCAAGC-D1_Stim,0.03474883227507419,0.061323189954377355,0.1303809670170022,0.05461442579382059,0.14940641712849612,0.010676253102662514,0.19461771401691408,0.026598262813347873
TGTCCCAAGCGATAGC-D1_Stim,-0.0516398588400655,0.008710673552547732,-0.07276193040817347,0.151206378566755,0.07629586723752091,0.132894729254458,0.4423546386134696,0.09444251019107419
TGTCCCAAGCGCCTTG-D1_Stim,-0.279245415351836,-0.0870101434606454,-0.21425711258514113,0.14534095062611385,0.10907859478059301,-0.06561048364402211,0.9744091522430338,0.03773392261187958
TGTCCCAGTAGCCTCG-D1_Stim,-0.0864033214777411,-0.040244800714868134,-0.09695503550605267,0.012466517444831737,0.0059181327282118446,0.10961166820114521,-0.014517208843072282,0.016068379889571105
TGTCCCATCACCGGGT-D1_Stim,0.1084043037460205,0.03856577515621673,0.1255347129821276,0.0169639129529795,0.24676128925236362,0.010109395006814736,0.04424278520286151,-0.0003854599409951476
TGTGGTATCCACGCAG-D1_Stim,-0.05377637074291286,0.0037992343129147343,0.1642677855477528,0.098277968045414,0.11479486316864218,0.06995058181883351,0.29852606046626917,0.08740206676829487
TGTGTTTCATTGAGCT-D1_Stim,0.1826297092394089,0.10459052035669991,0.20469126721597242,0.059473544712901116,0.1976445285795041,0.11225664614002362,-0.02175862267714379,0.05677734022474468
TGTGTTTGTATCTGCA-D1_Stim,-0.0634386433671974,-0.06733907654325222,0.1358287382435286,0.009460044361986775,0.19883565339231168,-0.02332250013038184,0.7697050484977126,-0.003358803835027402
TGTGTTTTCCGTCATC-D1_Stim,0.023226402928791856,-0.04288580014002541,-0.09731017487992943,0.06235417718694514,0.0708855089239755,0.13208427685991353,0.14240716452394508,0.051242558479469125
TGTTCCGCAAGAAAGG-D1_Stim,-0.06940720851758897,-0.08153066439914802,-0.30725731902896847,0.24689082594770007,0.12549747032853986,0.27158121235149046,0.8704011641597287,0.09919792411228556
TGTTCCGTCAATCTCT-D1_Stim,0.008058303436884628,0.0283564620913328,0.01631869355863369,0.054922729789876,0.15280650045190214,0.031998048423885095,0.044550921269355115,0.04592634874507162
TGTTCCGTCACCAGGC-D1_Stim,0.004729249496351784,0.025722894101184224,0.03063491442595634,0.17501080712295902,-0.02834630518876402,0.10909591364711702,0.3634713960315654,0.13395705800063773
TTAACTCAGTTCGCGC-D1_Stim,0.03153350224482665,0.016612653628387264,0.056767850096482775,0.08244371546140172,0.3227475325379068,0.03176618061166536,0.17858812344387331,0.03119820541137308
TTAACTCTCTGGCGAC-D1_Stim,0.10993940258291524,0.0265697033063379,-0.007741340129150842,0.12740518091484532,0.23490302675341113,0.1608724577384706,0.39591349909552065,0.08838697851785327
TTAGGACAGGTGCAAC-D1_Stim,-0.054281338258356016,0.00735064768299587,-0.026493819037104238,0.0405599735611748,0.015841226326509528,-0.027746718102637402,0.10921803232970717,0.038455937095321246
TTAGGACTCAGCCTAA-D1_Stim,0.07222678823834805,-0.04568702934455082,-0.040947444895825136,0.1279847946621615,0.10493909706845805,0.11523445882857075,0.2600609807019403,0.006132001416521149
TTAGGACTCCTTTACA-D1_Stim,-0.002411200979130612,-0.03140629626010494,-0.24219927437690636,0.15816113956396727,0.07314532394997109,0.2872389665036241,0.6707985493013684,0.13246670516912928
TTAGTTCAGTACGATA-D1_Stim,0.19403650044095322,0.04338795961546715,0.08008369126372283,0.14149137246752908,0.4651978920203863,0.1789372504874187,0.30866833270310323,0.09234980582192165
TTAGTTCGTGGCTCCA-D1_Stim,-0.055425848040515646,-0.053987189007287384,0.04036313259631363,-0.001764156378705195,0.10113017702377824,-0.01551790896867189,0.22952766525975754,-0.009779348139064226
TTATGCTTCGTCTGCT-D1_Stim,0.03673330797616181,-0.011996159401657991,-0.021796314495434288,0.1543362925585079,-0.1945677035198159,0.14417418291811046,0.47041391992096404,0.06783795632019718
TTCCCAGAGTACTTGC-D1_Stim,-0.09045816249649263,-0.022390275973828366,-0.21636396552573167,0.20516101558261113,-0.1177516432025758,0.2688295900597204,0.41718947020308583,0.15655601869532276
TTCCCAGGTCGGGTCT-D1_Stim,-0.04602123034567107,-0.04509048118631931,0.13566428616777504,-0.06653365993057747,0.15306245447478872,-0.2184935513664641,0.3200343054091057,-0.07661916447117001
TTCGAAGAGCCAGTTT-D1_Stim,-0.03952541124965947,-0.008658120107105205,-0.07699139165534685,0.031007111990644987,0.09163752894802712,0.07400538557745939,0.0500186656690218,0.04741053959521224
TTCGAAGCAACGATGG-D1_Stim,0.1334758507808278,0.04514439722598773,0.15360913028867884,0.05024430155255999,0.2922693692633267,0.05011001155228634,0.15683097500343735,0.01797155039540499
TTCGAAGGTGAACCTT-D1_Stim,0.057837786598094354,0.01317434073969359,0.0002905909533144069,0.13070250002633088,0.23606179100186253,0.08650368039917211,0.3193249749153715,0.048023960499962826
TTCGAAGGTTCGCTAA-D1_Stim,-0.0046944444765077975,0.04387735000720561,0.009523402539179493,0.11537836109373067,0.19214231283115346,0.1002205310741271,0.19334831795186957,0.07239450261502256
TTCGAAGTCGAACTGT-D1_Stim,0.10165669016432055,0.03406967068511335,0.10645618038475213,0.04473653070876615,0.3399827522250085,0.07305508349219103,0.20486435172843542,0.04617183754803378
TTCGAAGTCTAACTCT-D1_Stim,-0.04085620063514739,0.014289123151613126,-0.03652194351467486,0.12192006500455932,0.12824388857865543,0.06781758546036087,0.2779230678545517,0.07012319422852897
TTCGGTCAGTGTTTGC-D1_Stim,0.05433965599070412,0.01347305442948965,0.2010967094660545,0.05052373529597887,0.10070617418861616,0.1360877821278592,-0.03964215643300051,0.0900069109357613
TTCGGTCGTAGATTAG-D1_Stim,-0.009451022352100935,-0.04017363261869633,-0.2334161846057885,0.14123408417469285,0.05595952070208021,0.21360603163650715,0.4104914379772513,0.11450736393781469
TTCTACACAGGTTTCA-D1_Stim,0.048671342666553485,0.02577809710811252,-0.14006568921658769,0.18062846204509775,0.033862049043174025,0.2469125192775543,0.4768009363650396,0.14416927197108542
TTCTACACATTGAGCT-D1_Stim,0.17357577408643898,0.038818606096272745,0.0684452441208423,0.04008261340666763,0.2986338749255495,0.09502680880786762,0.13155767323796042,0.019942210603366206
TTCTACAGTCGGATCC-D1_Stim,-0.044045717375382765,-0.031774129059916945,-0.13373262373500872,0.14466784444638492,0.05983072198759842,0.25054086865198144,0.21441354101154353,0.057527004316382246
TTCTCAACAACTTGAC-D1_Stim,-0.016056313753246343,-0.0007817524526547714,-0.07027550104173752,0.04562990787755439,0.22353167900210202,-0.0157624011852171,0.04677630798650867,0.014834150705095084
TTCTCAATCTATGTGG-D1_Stim,-0.0662409302133451,-0.002000223207513585,-0.061548306379305195,0.0724064813393337,0.031735577482255195,0.02386720066386694,0.16811101722077026,0.06903457112202993
TTCTTAGCAGCGTTCG-D1_Stim,0.07551578320638619,0.08047249625874109,0.010004375029701862,0.07047666338641534,-0.006085670061782622,0.159831343674794,-0.01979683615030048,0.07771315530170853
TTCTTAGTCGAACGGA-D1_Stim,0.02184087166891402,-0.023388990320629688,-0.045052270231185965,0.11850416486891646,0.08569365693713138,0.1275587823506985,0.14352046879545455,0.10899081323739068
TTCTTAGTCGCAAGCC-D1_Stim,0.007768457385992633,0.016723405958241955,0.06671974571296779,0.031860157303055914,0.2327304426864334,0.002241048789558775,0.02206727404725939,0.01291064214448312
TTGAACGAGGACCACA-D1_Stim,0.010183218258756455,-0.0024986614230133597,0.02640271412855011,0.00021313070533857115,0.14496304728077192,-0.026504465502847907,0.11636429046957986,0.005952463482760351
TTGAACGAGTCCAGGA-D1_Stim,0.046361893884068195,0.03623741663682978,0.12697989915601582,0.037962951360222874,0.256688866545959,-0.01608722653902639,0.054309794397035205,0.01459883336424106
TTGAACGGTAAGAGGA-D1_Stim,0.07245067171420594,0.14643289472359022,0.4605411288038397,-0.021384210114055335,0.21724284059559196,-0.06093014455881196,-0.14542918968558283,0.0655959632495815
TTGAACGGTCTGCAAT-D1_Stim,0.014775274896754453,-0.014576664140609097,0.0031765956764493453,0.0454324455878794,0.12052139585650501,0.04264335626369409,0.07103960590693603,0.02200753153673851
TTGCCGTCATGGTAGG-D1_Stim,0.0015002428416046598,0.04215568932657554,0.032340297156018494,0.03847589825452147,0.22036341926604663,0.03467847402452584,-0.12046339034383635,0.03823102058745853
TTGCCGTGTGATGTCT-D1_Stim,-0.0679358270488386,-0.010899869529167105,-0.08574207432762915,0.08430374567280374,0.025823022413439034,-0.03360613436744764,0.1515830983792128,0.040822447993148714
TTGGAACAGAACAACT-D1_Stim,0.059459590284504316,0.052539384820553536,0.11351876912024661,0.10600035940781893,0.16777557653760056,0.06325279395243832,0.21441360396173437,0.047719025374028945
TTGGAACGTGTAACGG-D1_Stim,-0.016829011011374462,-0.00906230850574019,-0.04511866509266049,0.07823331715283288,0.23640998596957274,0.07190602384317835,0.3515487784480289,0.0412068084931807
TTGTAGGCATGGAATA-D1_Stim,-0.02815277965977181,-0.03191894494410796,-0.10824245540740218,0.05072990334161531,0.03653285849395793,0.027391552741914182,0.15938787614068062,0.07316635989379172
TTTACTGCAATGGAAT-D1_Stim,0.07156025726092707,0.0008094143896304473,0.08831996772260453,0.026759564226356503,0.1589746461270778,-0.02612182134562424,0.02650405439666237,-0.003925392745061984
TTTACTGCATTCTCAT-D1_Stim,-0.022995867877201093,-0.08563746416854556,-0.31644134010534763,0.17926530356638182,0.029541135837710897,0.33290527300678185,0.7055283374464061,0.05023141279589005
TTTACTGGTCGGCACT-D1_Stim,-0.08393853311144461,-0.1306465398746539,-0.12864819879711575,0.0766761928235784,0.008687469994880459,0.13696816445975735,0.4597106592553999,0.06582532349555947
TTTACTGTCATGGTCA-D1_Stim,0.04377207190552923,-0.015338558090652654,-0.12448532926650024,0.1551203520463602,-0.2174708405605692,0.2665383885894066,0.4087422163796246,0.10010764043826548
TTTATGCCACCTATCC-D1_Stim,0.09751462659052557,0.04665238496045809,0.14377078914764319,0.06242832602801762,0.2771252437440026,0.012039225712445756,0.09623861310343074,0.00506244838918235
TTTATGCTCCGTACAA-D1_Stim,0.08298856060766369,0.01908938088271306,-0.01598210427960467,0.0717873616193021,0.08811443930720309,0.024278924854531425,0.05451644103480646,0.051130211052534236
TTTCCTCAGTCGTTTG-D1_Stim,-0.22620977665167885,-0.08789253548824227,-0.03681368336991664,-0.004249029962974049,0.17217282367992226,-0.17250960981671426,1.0014540943545196,-0.02983097690516523
TTTCCTCGTACAGTTC-D1_Stim,0.12072847730957648,0.04401315869997191,0.1926066589599955,0.006741789067080006,0.3163823776371988,-0.022025245487558465,0.08429496608646403,-0.010539359628870315
TTTCCTCTCCCAAGAT-D1_Stim,0.010713808225187194,-0.012297769759250343,0.0807384042335304,0.07003255349110482,0.1405708476280445,0.039170840717465794,0.2561251075737019,0.008233139075702667
TTTCCTCTCTAGAGTC-D1_Stim,-0.027099566350957005,-0.03290013098045286,-0.05290454158966007,0.05538142221993603,0.056974723266247196,0.013015608299209447,0.14207481704857017,0.021574313722638294
TTTGGTTCAAATTGCC-D1_Stim,-0.08109126587899418,-0.061159666206412666,-0.0511448475652152,-0.026530211053621855,0.073567915559412,-0.1263857027050701,0.3303284290729689,-0.02242131288240934
TTTGGTTCATTCCTCG-D1_Stim,-0.03368641015736529,-0.045604575132783154,0.10124454576430963,0.017677459071110846,0.21694258301130276,0.004302257244813035,0.6346537639920307,0.0027637177974977334
TTTGTCAAGGCATTGG-D1_Stim,-0.018108171492190905,0.03562350750387644,-0.053410401881938796,0.03714734879946491,0.21386467936699383,0.028835773103914164,-0.16389801732294274,0.015799499527792804
AAACCTGTCCTTTCTC-D1_NoStim,0.09955254365995003,-0.010643362734127138,-0.5152621824215782,0.1054488548288095,-0.06403060848840347,0.199815965314027,0.26595399571131395,0.06093178010788591
AAACGGGCAGATGGGT-D1_NoStim,-0.00508121022598651,-0.05071588346989664,-0.1350512611603314,0.03580443561481772,0.12438738060685317,0.22254364624338407,0.11304466553522818,0.014606396723902293
AAACGGGCAGCCTATA-D1_NoStim,0.05378328540918176,-0.013451630040570706,-0.2813158080710867,0.0161279879808518,0.02815162479294031,0.20584984051849986,0.047966492241777736,0.04209333654718783
AAACGGGGTTACGCGC-D1_NoStim,-0.03228499409870089,-0.036742387769043816,-0.3062797433875861,0.03837332596493859,0.013503128302849277,0.16617261461419464,0.05614122095891938,0.02273785100752157
AAACGGGTCCACTCCA-D1_NoStim,0.029623144505583454,-0.04491778151213843,-0.450782513428706,0.048357326319237615,-0.05234896653407617,0.23991599559807142,0.11457084161180564,0.0015960003657156108
AAAGATGGTATATGGA-D1_NoStim,0.10060854723932877,-0.013963343232493486,-0.040431466681063455,0.04347581654106669,0.17443490728613398,0.21030975029360555,0.14705797838681445,0.06818454831214105
AAAGATGTCTTCAACT-D1_NoStim,0.08244023792371458,-0.010200795778763094,-0.07348268719042039,0.03880765340951697,0.17209345140519616,0.19888443418356871,0.1360540068571936,0.052713675473391675
AAAGCAAAGGAGTCTG-D1_NoStim,0.09488031863609514,-0.001778207360498385,-0.10863144854241646,0.05908533834831253,0.14423217478909933,0.25167516315821636,0.135438081061797,0.06290333418310112
AAAGTAGGTATAGGTA-D1_NoStim,0.0859026630852533,-0.012028196479576536,-0.264689151181015,0.12586392712320738,0.24352013173919573,0.31579094679519315,0.38144705326594774,0.11105584742846375
AAATGCCTCCTCTAGC-D1_NoStim,0.0065029389998212395,-0.038359627919962946,-0.04878685685299189,-0.0002031578281371793,0.24385435104199615,0.1925130055248303,0.09436060055152318,0.006056643636643599
AACACGTAGTATGACA-D1_NoStim,0.14119627162282278,-0.015196053991317626,-0.20528935491314648,0.10545696642503444,0.24457349648483628,0.29210743274616036,0.31982959202733596,0.12019471579811203
AACACGTTCGAGCCCA-D1_NoStim,0.09936557644875066,0.02823412103623646,0.07856117344818259,-0.02477604478443496,0.09257218806149936,0.017637350719226674,-0.1104302673496953,0.010642713601388465
AACCGCGAGCAGGTCA-D1_NoStim,0.09232172955474738,-0.05108793864205197,-0.47217250198760397,0.06967783065008248,0.02834778835365448,0.2613468975310731,0.05743766620427415,0.047716777033599556
AACCGCGAGCTGTCTA-D1_NoStim,0.047226021354392245,-0.010185606874715702,0.1817305241364977,-0.020495361796385225,0.4816782169045517,0.13508197111968556,-0.0574205131788057,0.05408518912304672
AACCGCGCAATGCCAT-D1_NoStim,-0.03226464622596659,-0.054000964534024476,-0.1172120263372527,-0.02213536055943166,0.0872877791771618,0.05642771606889596,-0.028768634798155723,-0.02283813044965477
AACGTTGTCTAACGGT-D1_NoStim,-0.062130268297242,-0.04231204739194361,-0.3029093163561001,-0.025544156677620222,-0.058382217628791366,0.05015198553737488,-0.09952006541690928,-0.04080313132794977
AACTCAGCAGCTGTAT-D1_NoStim,0.03494771270985808,0.00016523171233906453,0.03315326360241855,0.057722182628818786,0.24209411793539815,0.20272440227228827,0.15079266207390596,0.0808871522835215
AACTCAGGTATGAAAC-D1_NoStim,0.07363491640404796,-0.010752961669908245,-0.16772478517502165,0.06625387366684876,0.004127348379231677,0.14376760705862424,0.11532261908931574,0.033759207271458536
AACTCAGGTGACCAAG-D1_NoStim,-0.045285581578465184,-0.11151316546427026,-0.5933548340401273,0.08130151082354509,0.19430587767949348,0.30404753373888127,0.14330861651071114,0.012771543662664087
AACTCTTCAATCTACG-D1_NoStim,0.003787012862654038,-0.013105281541559322,-0.3878511297616427,0.02445832002152315,0.4287129087919439,0.21728883172195523,0.099320638166426,0.03216013661084283
AACTCTTCATGCATGT-D1_NoStim,-0.03235412401090798,-0.04070781687534897,-0.21205211684735303,-0.047734478828756366,-0.035074216803616665,0.03978791093080769,-0.04633618079414337,-0.062459109493378406
AACTCTTTCTAACTTC-D1_NoStim,0.01994278254557358,0.006311423577695763,-0.37414871688451257,0.03420749571476023,-0.07236990169687729,0.07017644322247207,0.015869636671450138,0.007205242721852301
AACTGGTAGGCTAGAC-D1_NoStim,-0.07839605333729338,-0.06138395000395214,-0.4113576977333402,-0.01505030707251187,-0.16364012859586197,0.002739654955729698,0.1291249969745598,-0.07171362776191259
AACTGGTAGTTCGCAT-D1_NoStim,-0.010811288155396781,-0.0677181459484526,-0.2657792273706896,-0.028797038580778533,0.1809300477699658,0.10302116621365265,0.0327733226980822,-0.03895384009591396
AACTGGTCAAGGACTG-D1_NoStim,-0.02632268761677281,-0.028526625185154586,-0.06588022184439168,0.020902585894789993,0.35475658912385555,0.16216979060873804,0.15354143020015876,0.012115024756390369
AACTGGTTCACATGCA-D1_NoStim,-0.014678930703498239,0.011791924055636116,-0.31041902025885193,0.18761650743185676,-0.025093435435426414,0.222086084391929,0.6498882955944243,0.09583594390883476
AACTTTCAGACATAAC-D1_NoStim,0.0915333797830602,-0.004496216417294363,-0.32329083336166775,0.05663401419286984,0.19858665359171823,0.28872442465448955,0.14433907848486172,0.07214106229509021
AACTTTCCACTTCTGC-D1_NoStim,0.009041239842046522,-0.008370098208333232,-0.4300879720376294,-0.03304623259685435,-0.17316955504841225,-0.02191088110974615,-0.06976538689581702,-0.07167164203628751
AACTTTCCAGTCCTTC-D1_NoStim,0.09540884671854677,-0.01474977701666802,-0.23596852651532707,0.08621814396543748,0.2056787749589688,0.23266512159312214,0.1809096110338526,0.08974528937174497
AACTTTCGTAAATGAC-D1_NoStim,0.04345687306056689,-0.03744961674822278,-0.2929326350503114,0.05113627613115135,-0.031755940871548205,0.13402647598300277,0.06400568263919792,0.035209745155709626
AACTTTCGTATAGGGC-D1_NoStim,0.02425811420243207,-0.06375545435813024,-0.08402605985892464,-0.003054796715943553,0.053946425781107976,0.09062636815150249,0.004983199145390138,0.0005558335795079472
AACTTTCGTGTTGGGA-D1_NoStim,0.09280163450821988,0.011097012978822818,-0.04850845107441337,0.0678781193359228,0.41294789230804874,0.1973708778787806,0.1560304031152615,0.08173495117805274
AAGACCTAGGCAATTA-D1_NoStim,0.025623346005334113,-0.06126818397220113,-0.3045597694705542,0.006755104531302791,0.036419566045870155,0.18094694341358597,0.062422779284332375,0.0043962822441621086
AAGACCTTCCTTGCCA-D1_NoStim,-0.00817791101252574,-0.07429269985915532,-0.24490136782488037,0.011955320709938988,0.04935130844832614,0.10025909235280572,0.11402195368164936,-0.015148306731937566
AAGCCGCCACCTATCC-D1_NoStim,0.10086291807846415,0.044867257622980716,0.11904820845746755,-0.04242456015285612,-0.08922672515047836,-0.06141506596837765,-0.17544565614723417,-0.03316016166909641
AAGCCGCTCCGCTGTT-D1_NoStim,0.0845247608678843,0.000978733969596135,-0.10535074773977904,0.04646027481891579,0.43993817739065477,0.27018388316207087,0.11347203240152837,0.05232592371871192
AAGCCGCTCTCCTATA-D1_NoStim,-0.11799974155597504,-0.11460041592050096,-0.3579241120863905,-0.07084878014570961,-0.0403280752608044,0.003433543405941819,0.03382004267041783,-0.10760043677186104
AAGGAGCCAACGCACC-D1_NoStim,0.04689288408167336,-0.005489362353266358,-0.35756438316198214,0.09552123561844539,0.03641456494990436,0.21839502045240877,0.10824087849129604,0.0642645097043335
AAGGAGCCACTGAAGG-D1_NoStim,0.04996259294483352,-0.013371304533265516,-0.027232851079897813,-0.030788548251731385,0.0653214567526117,0.05814324579536212,-0.05553993632171661,-0.008664846692155947
AAGGAGCGTCATTAGC-D1_NoStim,0.06285503671668913,-0.02358284214121653,-0.21388006707356588,0.14470628220351855,0.14741857401644154,0.2570085421852504,0.42398541427070935,0.10335707939736594
AAGGCAGTCACTTCAT-D1_NoStim,0.049421438563131304,-0.004441293672179825,-0.06679306911544458,0.014325003100100986,0.42766557608207023,0.13971177086649433,0.11698021351876964,0.0648427296008034
AAGGTTCAGTCTCCTC-D1_NoStim,0.047091670393603735,-0.03551644165198553,-0.3142619256996184,0.05764597617204359,-0.03734227545141522,0.17803752642205684,0.046877479573262715,0.008577139467085715
AAGGTTCGTGTAATGA-D1_NoStim,0.028141160706713464,0.026927847305488584,-0.24322880593788732,0.04645733639525851,0.10517022701727896,0.1415401293175691,0.0860163300856307,0.031175794928936185
AAGGTTCTCGTCCAGG-D1_NoStim,0.00907946667432924,-0.022075809541188818,-0.12051598178752343,0.01929847719405231,0.29761808198491835,0.17690697959895374,0.07616942745957811,0.013367194231976853
AAGTCTGAGCTGTTCA-D1_NoStim,0.03263530738423981,0.0613650293296395,-0.20447197213430357,-0.013549836111691249,0.1324244902426983,0.27013180693422534,0.043337275109345264,-0.01467486771323756
AAGTCTGCAAGAAGAG-D1_NoStim,-0.0511849534992308,-0.04545263513804976,-0.0460261584224817,-0.031766183000248915,0.24114571228626858,0.11046432933262551,-0.12625529196561214,-0.041330914225843784
AAGTCTGCAATAGCGG-D1_NoStim,0.011960878186945578,-0.0636965791873969,-0.13941983938067892,0.033008118566133504,0.14549158780251759,0.2012428546639855,0.10670919777958954,0.020196254820158188
AAGTCTGGTAGCAAAT-D1_NoStim,0.01833595355730644,-0.00745934332236331,-0.1545640742115726,0.00945614238242598,0.025055008050006933,0.14224456131142738,-0.0927322193015474,0.007148471141389834
AATCCAGAGAGCTATA-D1_NoStim,-0.004112373770910338,-0.033554971887481244,-0.3364807597411428,0.01679077380409133,-0.03762549513063185,0.15061817951932976,0.05910401197997128,-0.022634472788583437
AATCCAGCAACGCACC-D1_NoStim,-0.017235242234271198,-0.0558363094259029,-0.2004411797883634,0.018190105731752837,0.07134778035415401,0.18975036093109487,0.0945160549834787,0.0064698669621670035
AATCCAGGTCGCCATG-D1_NoStim,-0.026050176484632814,-0.08374905731018956,-0.2074621005201429,-0.05424966444443058,-0.041807334122506035,0.0350786227251394,-0.11067352321855228,-0.0725250939255151
AATCGGTTCGCAGGCT-D1_NoStim,0.07121392223391254,-0.0005528223550026468,-0.21010145186623674,0.028922805547255237,0.10393367403235487,0.19417440940489517,0.07194014883150768,0.044015408476175466
ACACCAACACAGGCCT-D1_NoStim,0.07574184899000791,0.03282036305830793,0.18605688768168704,0.04945340224762518,0.5139012614143752,0.13447751268307329,0.014113414086625475,0.0718894969758459
ACACCAACACCCATTC-D1_NoStim,-0.021902139955997768,-0.005087372295303538,-0.3887136102457873,-0.011025712593157877,0.08094369738803842,0.22087509905617164,0.21251137410216359,0.02500623967391924
ACACCCTAGGCGACAT-D1_NoStim,-0.05262607383911089,-0.002013943705167165,-0.18397478479333884,0.06723287144469126,-0.049130210862015744,0.09275186698476556,-0.02204434459537552,-0.011995726297774567
ACACCGGTCATTTGGG-D1_NoStim,-0.026370179917618586,-0.033139372188266236,-0.29163377164846693,0.07873140807985735,0.32088033084774636,0.25054379834642937,0.3044470826885659,0.046340614485226084
ACACCGGTCTCTTGAT-D1_NoStim,0.04253644925832489,-0.007187404082380056,-0.522924081208993,0.09119749891056195,0.2288818515169897,0.3060209660004247,0.2308402534120857,0.07352061939110577
ACACTGACATGTCTCC-D1_NoStim,-0.04576655118945361,-0.05750752360013678,-0.8166861345385676,0.22713731715187713,-0.017819500363875918,0.38288788248646277,0.591451763711401,0.06795951437647396
ACACTGATCGCTGATA-D1_NoStim,-0.028927310401526185,-0.02798558254892569,-0.09528658465842277,0.027125369828629786,0.08880080217490338,0.11258392898133174,0.11074003858278658,-0.00901991720373907
ACACTGATCTCTGTCG-D1_NoStim,-0.039242364298242904,-0.062433904806805884,-0.2332465282879319,0.013166492835789967,-0.010559313482517041,0.19149012709258528,-0.0016154553413501027,-0.050550310134269694
ACAGCCGCAGCGTAAG-D1_NoStim,0.14986172493831873,-0.015194788644675938,-0.2677416454247137,0.18847060296641693,0.05204125259847814,0.2825953925573401,0.39972102372022,0.12178581043352565
ACAGCCGGTAGCTAAA-D1_NoStim,0.006993532715616979,-0.02156218479617067,-0.20386106966224915,-0.0011709275364637506,0.026651630749192634,0.04152280506232042,-0.10532462666286246,-0.01065586837085064
ACAGCCGGTTGATTCG-D1_NoStim,0.07241285821470278,-0.06454559184392927,-0.23247294469054935,0.05068336591956779,0.030558205454591203,0.20859853179757426,0.0636361561537746,0.02258007081310609
ACAGCCGTCTGGTATG-D1_NoStim,0.05407092737141461,-0.00852793408444441,-0.2704866166893094,0.04910673100579821,0.4223504954913224,0.1924538128570088,0.15619027912503736,0.0477443745403221
ACAGCTAAGGGCTCTC-D1_NoStim,-0.008508559202963895,-0.01507049909869096,-0.24648239730396426,0.1036214039548593,0.03137522215516242,0.2389627576895279,0.35686042825327746,0.043715992927403136
ACAGCTAGTTATCGGT-D1_NoStim,-0.09497267789658892,-0.004512591551174339,0.11589441439499204,-0.04148357320031337,0.0066282118575227145,-0.026103836051992957,0.12398784190195666,-0.02619938313429948
ACATACGCAATGACCT-D1_NoStim,0.07162340833249381,-0.022615387976371082,-0.40196141028932075,0.07623010762678994,-0.07674576863579219,0.22202590350520257,0.08036649017155062,0.02389048642110403
ACATACGTCCACTGGG-D1_NoStim,-0.007388749539856576,-0.05656964134433018,-0.1597141285425323,-0.00801699994708116,0.14729992128620495,0.10039344120847815,0.09132895448048739,-0.015909542911240138
ACATCAGTCCTAAGTG-D1_NoStim,0.040358411969702246,0.021183760058727685,-0.20274093641512358,0.1579738257292682,0.21451657097644627,0.23047333470562137,0.6446186848609949,0.10668735256375683
ACATCAGTCTGCCAGG-D1_NoStim,-0.0013491239680138989,-0.015769889716372276,-0.5861574078119247,0.12833129187388614,0.10681015378852443,0.33311751905795184,0.32378821116310785,0.05779766033307965
ACCAGTACACGGTGTC-D1_NoStim,0.0012728207816277148,-0.04989341729234553,-0.3307802169666658,0.053994354093131136,0.002076048576423517,0.1703433097415088,0.1040584932858426,0.0039177041519327105
ACCAGTACACTTACGA-D1_NoStim,0.10457064233692037,0.06638209540563267,0.09364163406667458,0.03120680030414391,0.09177131611295408,0.11538193404943886,-0.03957141912925177,0.0701779572723975
ACCAGTAGTAATCACC-D1_NoStim,0.007951153591331916,-0.08716700242347031,-0.27219766782319255,0.05670531262077283,0.0254512302246912,0.18067028672215812,0.09071830924476831,0.004640452773170267
ACCAGTAGTCTTGCGG-D1_NoStim,-0.04208115237744536,-0.04627795090644504,0.15418158584859043,0.044876053198365184,0.12689422231551717,-0.0016840899446055602,0.20025544875965728,0.00966893541756697
ACCAGTATCTGTTGAG-D1_NoStim,0.08619383684368032,0.03537248368937895,-0.15368463819520883,0.06520950056150632,0.01831514818500324,0.1269592745603152,-0.03183603892272924,0.023027117225458582
ACCAGTATCTTGTTTG-D1_NoStim,0.018003306752502723,-0.04782053125961916,-0.19257252856538543,0.03516849379228226,0.09185233726802622,0.16852225414173638,0.12731902111223636,0.022958219067376717
ACCCACTAGATGCGAC-D1_NoStim,0.03569480922601187,0.026662230491448113,0.046355099365568364,0.008772054178582067,0.19138809294489967,0.05284754707317063,-0.043774777692566325,0.03662694754734552
ACCCACTAGTGGGATC-D1_NoStim,0.03663889424254663,0.010421220474629678,-0.07050055061067084,-0.0026744285126092393,-0.01642807127703172,0.031444976065388985,-0.06142844640830791,-0.021925971010018586
ACCGTAAAGATATACG-D1_NoStim,-0.004890723482803949,0.04263195475079051,-0.3941301666596253,0.17037210422308036,0.012709885951887046,0.23212254855534553,0.6588052767723873,0.09756979371178609
ACCGTAACATGCGCAC-D1_NoStim,0.009343408898246253,-0.04834068871461916,-0.3185627103480435,0.015617708218528037,-0.03274157896731644,0.05205565405635859,-0.04935934633881445,-0.010084466092056488
ACCGTAAGTGAACCTT-D1_NoStim,0.15421424709084164,-0.005826985265862561,-0.1842821024585657,0.0826375350212114,0.18146724732031672,0.2543258555589567,0.17183878961031862,0.08521700518788577
ACCGTAATCTCATTCA-D1_NoStim,0.03738188403556819,-0.0410322651928432,0.11522471790573263,0.01860066509559921,0.49337673683299244,0.19586868553841263,0.17988514028575242,0.03736141659516434
ACCGTAATCTGCGGCA-D1_NoStim,0.038774080720012094,0.04035127093031754,0.032151217484672756,0.07380711236928228,0.22836229397518792,0.0994776963805819,0.13120251995811483,0.0716514050238839
ACCTTTAAGAGTAAGG-D1_NoStim,-0.04418962979498886,-0.04776878869003198,-0.25464663453174197,0.018477475313032343,0.10484081548474933,0.24686551978308469,0.17206413221609296,-0.003116767557260758
ACGAGCCAGTGTACTC-D1_NoStim,0.0661132748772193,-0.005402403841101133,-0.060410765558753354,0.13519408812375566,0.4688337759140033,0.2947751541857091,0.22699497960240578,0.10134313080391166
ACGAGCCCAAATCCGT-D1_NoStim,0.06434768028740123,0.04200700636907584,0.128511393774712,0.02033111976290236,0.18828906473168594,0.13323480633021223,-0.08691966500765602,0.030405340074285192
ACGAGGAAGCGTGTCC-D1_NoStim,-0.03970989311277684,-0.04347793322319227,-0.09866066513431093,0.014286617855271189,0.1647414973618062,0.23053219066322228,0.06606930480677331,-0.001866801762753667
ACGAGGAAGCTGCGAA-D1_NoStim,-0.01597095608425647,-0.0638692276609838,-0.0887773535428309,-0.03360249340811983,0.21127552739531907,0.09636933967814443,-0.2034210470752722,-0.02494838943560218
ACGAGGACAACTGCGC-D1_NoStim,0.1204122587070735,0.10398686141088653,0.11668841611355596,0.009778849433466519,0.10981207530829984,0.15997887358483887,0.004205448790714605,0.034085700355653614
ACGAGGACACATCCAA-D1_NoStim,0.0075438026838750005,-0.08791384116291212,-0.3273733263829737,0.05275251875594478,-0.03996795014101906,0.250495818047189,0.0812406315262737,0.013178130465307802
ACGAGGAGTCCCTTGT-D1_NoStim,0.10675344901717665,0.04094299003854296,-0.06428663002223978,0.076387352538001,-0.1391134514704202,0.04723207057887713,0.06765471549383939,0.03662098573941819
ACGATACAGGGATACC-D1_NoStim,0.07014154846917187,-0.010369795075948929,-0.11403213155992908,0.02756966105804004,0.34466451022727895,0.18647436859739308,0.26848968289833053,0.07379510449211324
ACGATACGTTCCAACA-D1_NoStim,0.0010785922502680734,-0.027932872809500964,0.09798432424945247,-0.006950539537553979,0.39331447396898156,0.12880801979009426,-0.01751249444552272,0.012799557893641733
ACGATGTCACGGTAGA-D1_NoStim,0.04608352442534169,-0.04294106641858164,-0.3297427600457361,0.018250912470065828,-0.016848528489443737,0.13688914717245293,0.04075810128183566,0.0020423480447089304
ACGATGTTCCCACTTG-D1_NoStim,0.00816083946772217,-0.06907738283630316,-0.06115786605766971,0.01545528726517098,0.32470695963649376,0.24414749862037155,0.1774568836880439,0.02270803025797896
ACGATGTTCTTAGCCC-D1_NoStim,0.06529852741598852,0.03514570261548755,-0.014977853195555113,-0.044113688756338476,0.012824619823414096,0.03442555059676433,-0.005043702390736371,0.0021394504424652183
ACGATGTTCTTTACAC-D1_NoStim,-0.09636755089679028,-0.07288830571687477,-0.10960348369924588,-0.034523905621542283,0.1418381596164089,0.07302673229524181,-0.0510764166305977,-0.08535793502800715
ACGCAGCTCAATACCG-D1_NoStim,0.048739412104204405,-0.00584172107325287,-0.5868595765659954,0.040079511012557134,0.2412135291302775,0.3564542239779147,0.14972884498733663,0.04597074132712642
ACGCCGACAAGAGTCG-D1_NoStim,0.04912429224627601,-0.0426382176361777,-0.48178732726042384,0.11201170089426427,-0.036022272724464344,0.3169310342795999,0.1314933894520376,0.049047731110006154
ACGGAGAAGGAACTGC-D1_NoStim,-0.020526357724740762,-0.04514206034230028,-0.6515654946148395,0.16196153762913212,0.01544577320231788,0.30837347089575484,0.41786053123371936,0.12336429986806863
ACGGAGACAGATCTGT-D1_NoStim,0.11620866860461199,-0.007488377805120905,0.02348262015470759,0.05014657781084075,0.24710523675186735,0.19791198231240337,0.07396893515168657,0.08688920616671858
ACGGAGACAGGAATGC-D1_NoStim,0.11581411382335105,0.05704644258225677,0.1240827606068926,0.009004409526870205,0.062320696983865886,0.04753684651931955,-0.05619112100886259,0.016869958031410448
ACGGAGATCGTTTGCC-D1_NoStim,0.06206455372393904,-0.011796724598172048,-0.3353450951229089,0.019482548464630156,0.3166719340063846,0.2311148448532485,0.07787294460339744,0.03586786138015263
ACGGAGATCTTTACAC-D1_NoStim,0.021160380011910007,-0.03083908660489776,-0.4392048644111384,0.043848901790296324,0.06143867219059551,0.10074520237822693,0.141062110620501,0.017292778197056435
ACGGCCAAGCAGATCG-D1_NoStim,0.05616035811975806,0.04270158078884201,-0.29208018259198454,-0.053056236768622256,-0.1390820751702453,-0.05057797644104056,-0.2238065983560542,-0.02043793915086667
ACGGCCAAGGCCCTCA-D1_NoStim,0.07724678478813019,0.013661966931236336,-0.2537158436848248,0.07750960149377839,-0.12320267116639805,0.1373266976195353,0.1110582971819678,0.027705202984249055
ACGGCCATCCTGCTTG-D1_NoStim,-0.0053180705151856245,-0.029836842890272663,-0.3977988993754096,0.03352131879028164,-0.04966199459121157,0.07719987158110264,-0.003373386937050249,-0.032293939293783325
ACGGGTCGTCTTGCGG-D1_NoStim,0.06614556538235483,-0.01353552752169307,-0.2788322905611569,0.05591023366602599,-0.008925647039975004,0.1748229293792969,0.04571233279933251,0.028926965200355426
ACGGGTCGTTGGTGGA-D1_NoStim,0.11407154050989554,0.011042714413624921,-0.297065380992116,0.1005509816579071,0.1701361351946602,0.22921108926924205,0.19114345805819166,0.07986187129398559
ACGTCAAAGAAACCAT-D1_NoStim,0.10624735119237627,0.042767750045586084,0.04406220536558081,-0.01415776503691113,0.1125590113355166,0.06692955840081183,-0.026860495966440467,-0.0016698399771755135
ACTATCTAGCGGATCA-D1_NoStim,-0.10100539704244405,-0.10340726709759274,-0.46825137732066935,-0.03962968513861398,-0.011300401276844951,0.09971916909339562,0.22703508568534314,-0.08802507325964548
ACTATCTCAATTGCTG-D1_NoStim,0.09437377055684593,0.008236909612346466,-0.4457679275647983,0.08814422142269684,-0.09927270954579903,0.1492029680874749,0.08132510386492431,0.04997753201780952
ACTATCTGTCGGCACT-D1_NoStim,-0.0025675673060412407,-0.019918096374068384,0.16445536760387292,0.024661846100507034,0.1509768109818559,0.1465161190554891,0.09720276188016364,0.054213357946917284
ACTATCTTCCTCAATT-D1_NoStim,0.014307420892089695,-0.04807312936477359,-0.10502066106946017,-0.07544226108661611,-0.008199460315440277,0.03261602953016318,-0.2719742514023311,-0.05924712629820306
ACTGAACAGACTTGAA-D1_NoStim,0.033890754475777385,-0.0216791819369071,-0.13615830884247515,0.034910969367714983,0.1673387295687796,0.14093393039322422,0.19204385386125722,0.03778701537416396
ACTGAACTCTAACTCT-D1_NoStim,0.12283272966747916,-0.010781325463607772,-0.3382305109399528,0.10381263328923751,0.17453194300214392,0.2823595973083268,0.3485007773700266,0.0999943258041398
ACTGAGTGTATTCGTG-D1_NoStim,-0.015836635189625525,-0.04242693417202403,0.10427885229218958,-0.043847377586969216,0.3792921933962674,0.16125368896556935,-0.17438740902844874,-0.02178878370882309
ACTGAGTGTTAGTGGG-D1_NoStim,0.16623692010483815,-0.016807855497825486,-0.21372316105604128,0.10736466051398885,0.1245888255834835,0.29407448673930503,0.21311349022340575,0.10524080122006829
ACTGCTCAGCGTGAGT-D1_NoStim,0.08976467489763884,0.0008031530428134204,-0.35837970816362485,0.0593179257427181,-0.03432909292953212,0.1808510834492374,0.019676809930797567,-0.0076408431385548425
ACTGCTCCACCAGGTC-D1_NoStim,0.06839472778718836,0.013207960302530353,0.023181944686164968,0.11241891663837222,0.006153787126926602,0.23084758392173832,0.2787416840907406,0.0692930648919301
ACTGTCCAGATTACCC-D1_NoStim,0.01746353443400217,-0.018513742800077893,-0.2937960934244366,0.029818809992301354,0.09263726567621688,0.20864425421112998,0.1640189176642739,0.044991553712106835
ACTGTCCCATGCCACG-D1_NoStim,0.015808293836743204,-0.029635254497158314,-0.25015230269345423,0.019035052200758074,0.2772641263475535,0.2603742553417865,0.07595190158235976,0.04037725746590759
ACTGTCCGTGGTCCGT-D1_NoStim,-0.015025437776381878,-0.026357082524070208,-0.31882737285876317,0.02816176998984332,0.035881052128823754,0.20511918834519438,0.0680179813736812,0.03639990029430251
ACTTACTAGAAGCCCA-D1_NoStim,0.07316540281827599,-0.023758252825880177,-0.4015196508297585,0.03317088783071931,0.4379191664585065,0.29346273647322363,0.14588553199283005,0.051171241703096726
ACTTACTAGTGCAAGC-D1_NoStim,-0.08173903952593875,-0.06507109352596352,-0.347776874744131,-0.05433299285821924,-0.03814453270385343,0.026161552528097154,0.04190776880146352,-0.09042283306190413
ACTTACTGTAAACCTC-D1_NoStim,-0.2093887354208448,-0.038069072158160466,-0.03689661264952626,-0.22453918629679137,0.06630084803538061,-0.21768334934767886,-0.34581647064180476,-0.1403910390067189
ACTTGTTCACCTCGGA-D1_NoStim,-0.07158451160499446,-0.05630184673155192,-0.5044131739490183,0.07071127554323908,-0.11228558056752469,0.09389414810984675,0.27506627478186285,-0.012837948239388552
ACTTGTTGTCTCACCT-D1_NoStim,0.07599173757347444,-0.016515225204623007,-0.012539038892839471,0.06204394040166328,0.0509882368150425,0.17448897951618392,0.22342925850244466,0.051929809068210986
ACTTTCACATAGAAAC-D1_NoStim,0.050732532648696704,-0.026110386142846664,-0.347574151110118,0.06237267324599394,0.1648368432589411,0.27623122817759693,0.21174191624752758,0.05996533126131354
ACTTTCAGTTGATTGC-D1_NoStim,0.03920358098369725,-0.025599576613123176,-0.3007609346457052,0.043760197994490824,0.08406586938978755,0.18600285453147158,0.1029646521704004,0.028220620649360484
ACTTTCATCCCAACGG-D1_NoStim,0.03708763298576301,-0.007649350880905459,-0.1996420889371393,0.05314880383441967,0.14391895646729402,0.2280787997785776,0.11659957534305843,0.06080482870258663
AGAATAGAGTCGATAA-D1_NoStim,0.12914719975627698,-0.008652107645023221,-0.19465356023632374,0.02890087281048892,0.34800613716093665,0.26710519286649337,0.1519697459439131,0.07833769640749288
AGAATAGCAGGATTGG-D1_NoStim,0.057649208225248216,0.010549047619177188,-0.3271780997493092,0.05089050246485449,-0.06556667374117353,0.17893167018623135,0.03882430733310205,0.018638470040277966
AGAATAGGTCGAAAGC-D1_NoStim,0.07284681639963608,-0.010594738042131624,-0.22242661581770307,0.02833265404854224,0.35216128530099056,0.2353412667644168,0.10409006809696386,0.03644375337571226
AGACGTTCAGACGCAA-D1_NoStim,0.07631505598449273,-0.006055680129534835,0.11734115897457009,0.04452355748984438,0.3352960321931562,0.15964331762425665,0.0901225352749111,0.05886965663371235
AGAGCGACAATGTTGC-D1_NoStim,-0.05609781136851133,-0.10004642032781952,-0.4547854209898645,0.028901770626481138,0.0546841822401305,0.1686938374490694,0.15747424005814903,-0.03536784005509297
AGAGCTTGTTCGGCAC-D1_NoStim,0.07518378503081813,-0.004226833523610196,-0.2741303668160562,0.030650691672111208,0.4617209004708229,0.2386928863397948,0.11256959817293044,0.053899272507592855
AGAGTGGGTCAATGTC-D1_NoStim,0.04481547855427159,-0.039404276786626724,-0.21077421548251607,0.02940093467318583,0.27226805691560685,0.23551623205979766,0.11292861288618461,0.03835244308060837
AGATCTGTCAACGGGA-D1_NoStim,-0.07490600428559091,-0.08564993964287204,-0.17812744150120707,-0.04106888997497826,0.07768174747967826,0.0965373148913562,-0.04580898233546993,-0.07806541996166239
AGATTGCAGTATCTCG-D1_NoStim,0.09899772237097793,0.03329929948158039,0.06331162497188991,0.06593096576517787,0.1263110741080844,0.21263024883686654,0.012303581145992837,0.041342872345232706
AGATTGCGTATAGGTA-D1_NoStim,0.019964538300389023,-0.057695405750221695,-0.5458748453580018,0.21246815211112136,-0.026060116175305126,0.24551394516555902,0.5588534007908379,0.09398584887105166
AGATTGCGTCGCTTTC-D1_NoStim,-0.06629029574051692,-0.08880704440889531,-0.36629823790844185,0.04700033764096645,0.20859714017687558,0.199974094339888,0.30085819862124374,-0.038025417025309594
AGATTGCTCGCCTGTT-D1_NoStim,0.09790090336330337,-0.0021044874490829812,-0.22958196531911312,0.04218852470870793,0.46498030362197085,0.24622516600331323,0.11300115128856891,0.07042545501635189
AGCAGCCAGCAGCGTA-D1_NoStim,0.04818285775903419,-0.030090088929332737,-0.6054534223552146,0.07399324812449493,0.0867047583859204,0.289459851306451,0.16149313131117493,0.04274080879334896
AGCATACAGCGTTTAC-D1_NoStim,0.05124498503232644,-0.022056433375974294,-0.3477857253203993,0.05953025185399774,-0.037345236593907316,0.14828409852005198,0.031868541161229835,0.027133847078131268
AGCATACCACCAGATT-D1_NoStim,-0.008452017931546152,-0.04619660835295569,-0.23416145131605504,-0.0022843194931922994,0.36005749681860877,0.23561667013077248,0.15749836924117222,0.012600056385634772
AGCATACCACGCATCG-D1_NoStim,0.09881374512831442,0.010302973066293575,0.07261618742399634,-0.00864717713092844,0.43972862640306687,0.17561839880418972,-0.008387380167056868,0.0847064477275854
AGCATACTCCCAAGAT-D1_NoStim,0.08748253747942059,-0.00045709354146517,-0.44653897606504245,0.0652651822045911,-0.05064602061823109,0.19873984531187538,-0.010490031222730956,0.014693633525096672
AGCATACTCGCGTTTC-D1_NoStim,-0.029554205562375202,-0.04789906610199601,-0.14424720390158896,0.00679565495038581,0.0614748713403106,0.10157584426994681,0.06494292657530654,-0.024743679739399838
AGCATACTCTATGTGG-D1_NoStim,0.012099232649848801,-0.016287077488398083,-0.045505987473870135,-0.002582902484963512,0.3876950298603141,0.2223528991731083,0.13950580873536644,0.046433374627980584
AGCGGTCTCTCGTTTA-D1_NoStim,0.017626680824514906,-0.02319956234322973,-0.14658418374451543,-0.10247658117275549,0.07341587450898324,0.028582954524599913,-0.3706329131132726,-0.07584852874150982
AGCGTATGTAGAGGAA-D1_NoStim,0.046386422929911575,-0.03474307134822929,-0.25594908832752594,0.0257272609760566,0.03610938371823913,0.16987675043823458,0.003957791196114613,0.013760035706249951
AGCGTATGTTCCGTCT-D1_NoStim,0.07542259268263152,0.0024778490290646715,-0.3985018381324288,0.05617521818800775,-0.04569437309262803,0.21460828618955574,0.064084868308532,0.03898356399789549
AGCGTCGGTTGACGTT-D1_NoStim,0.033367238805622534,-0.042704578211615996,-0.31078689634377454,0.04973130843419149,0.008574130943665992,0.10292489844119501,0.03633458186445626,-0.0063194447626298
AGCTCCTCACGGATAG-D1_NoStim,0.11635889258308474,0.0004901581712388747,-0.2328671636327293,0.028387764028956042,0.5396390639076571,0.27690513860156685,0.1256515147684807,0.08395560063597785
AGCTCCTGTACCCAAT-D1_NoStim,0.05106787381708244,-0.04728772247376156,-0.2193875720446279,0.013801956187148079,0.07319923265800377,0.17686069794864245,0.09470816949965499,0.012517474812872464
AGCTCCTGTCTACCTC-D1_NoStim,0.07705294726486578,-0.02242833206657302,-0.04474868575258384,0.02487602589583915,0.43439383930060416,0.23921120409642782,0.16322894010329403,0.060092270167073636
AGCTCTCAGCTCCTCT-D1_NoStim,0.05675117870748103,0.003993865213914205,-0.2683237894577495,0.040741429300986454,-0.06405449847969713,0.0214192566981124,0.07047615299616172,0.0130011579028384
AGCTCTCCAAACGCGA-D1_NoStim,-0.10669648539310828,-0.04007969048876703,-0.04291594447198577,-0.0013791189316325614,0.20669736770780744,0.1361426852582781,0.03649756874266341,-0.04291286262856708
AGCTTGAAGAAGGTGA-D1_NoStim,0.050552882638928764,-0.007085652276233034,-0.0892734688814869,0.038154606000947666,0.05384797982561551,0.13538432328187966,0.07781636694912564,0.04505019039818059
AGCTTGAGTGCCTGGT-D1_NoStim,0.013436038035131048,-0.012349873538086698,-0.19069484375843437,0.01299235818056843,0.4361667587305682,0.2548239299099446,0.06739359934812938,0.012886434238158273
AGGCCACCACGGTAAG-D1_NoStim,0.06078706399945233,-0.008287345236491106,-0.011230945539548287,0.06507259217422146,0.29589281190686734,0.22396975935006935,0.14272987161005002,0.07007574319140808
AGGCCACGTACACCGC-D1_NoStim,0.03339269338461648,-0.002654567102847949,-0.4320460700540121,0.06329240613486142,0.19739382059162303,0.23562649963331062,0.08091840396552374,0.057711431000326385
AGGCCACGTGAGGGTT-D1_NoStim,-0.013939833014697811,-0.02641950429645412,-0.2619146494731872,0.012686982990798512,0.234791934171648,0.23049102740959881,0.11349164003944878,0.019527537434688824
AGGCCACGTGGTCCGT-D1_NoStim,0.1173148338946568,0.013773841816588472,-0.23397642236140292,0.09389556098748564,0.12123466681138417,0.2540708812080599,0.1668730751304235,0.0854157108063518
AGGCCACTCTGCGACG-D1_NoStim,-0.01413310586916694,-0.07656259402642362,-0.4344102670843135,-0.017567310696836813,0.12004445492965132,0.10659954696347906,0.15523825797741786,-0.013408074360091504
AGGCCGTAGTCATGCT-D1_NoStim,0.03029375391330369,-0.02462518298517935,-0.38997511268330776,0.036819734732624454,0.05162048719856038,0.24822899853767133,0.13391776233874442,0.04346731491228972
AGGCCGTCACCGAATT-D1_NoStim,0.07281597627379455,-0.005519883141525739,-0.2498584797344936,0.09119239830750558,0.09876579407282904,0.22496357788840804,0.15578537147903493,0.08984012061732471
AGGCCGTGTTCCTCCA-D1_NoStim,0.0803551853476776,0.0014864446590898694,-0.2400184055517922,0.05376129332346835,0.2635710621169238,0.18943746685516238,0.051634698045903704,0.07375798905643549
AGGGAGTGTCAGAGGT-D1_NoStim,0.0045082510622620475,-0.06843684824288765,-0.2757423362027378,0.044483379929410205,0.03908443101433612,0.14094162963072954,0.03847119753181971,0.008377319264313954
AGGGATGCAGAAGCAC-D1_NoStim,0.07459506227932344,-0.0619242190369409,-0.30393906792889425,0.12918367213744908,0.03678690095695458,0.25966103382424954,0.1431134102233962,0.02808159831524293
AGGGATGGTAAGGATT-D1_NoStim,-0.044771907153652535,-0.006065063728646791,0.14389264159491333,-0.10709733498310747,0.1754786294087971,-0.07881648565557775,-0.34983355898621316,-0.04920029654930147
AGGGATGTCGGCTTGG-D1_NoStim,-0.061488583073828096,-0.06068540539778766,-0.11781459470480371,0.0007816642949176611,0.1558127165055918,0.1577524216120434,0.04795783771182016,-0.03422705021081818
AGGGTGAAGCTATGCT-D1_NoStim,-0.05817204612510629,-0.04913699429999063,-0.020667549263611917,0.026564911934212176,0.10492883717918389,0.018699639651504896,0.14226588755090663,0.01877183185401954
AGGGTGAAGGAACTGC-D1_NoStim,0.07789125156327437,-0.01607055148597958,-0.24319638438536373,0.054459025286451634,0.09254186801885922,0.25627052163327324,0.13026104367711433,0.06216640739925161
AGGGTGAAGGCCGAAT-D1_NoStim,0.049411323079368685,-0.03665822024803944,-0.41110149756877945,0.06071574185830819,-0.018548330022344572,0.19225711072074692,0.022645466917627033,0.004234585623750675
AGGGTGATCTTCGGTC-D1_NoStim,0.1063427397194534,-0.01960461133314162,-0.49085000152076397,0.10918685621964563,0.012920384891327075,0.25029935380232793,0.14816433088298542,0.063341868341249
AGGTCATTCACCGTAA-D1_NoStim,0.014315442257155198,-0.04039258107978938,-0.23416536724188575,0.035516746122585374,0.08499274160052828,0.18551668133001264,0.05903216308404957,0.03967263223252537
AGGTCCGAGAAGGTTT-D1_NoStim,-0.07257318723708117,-0.048561464648527064,-0.3666245469936804,0.04869942089806756,-0.019124139959641795,0.1486017529309116,0.1961958900600722,-0.024713237290290735
AGGTCCGCACGCCAGT-D1_NoStim,0.017370675912417255,-0.05837206990902111,-0.3543963417704834,0.0807389556410758,0.03955345819708711,0.0779197144870789,0.04769690553812822,0.00024122883309019016
AGTAGTCAGTCATGCT-D1_NoStim,0.03773754963797238,-0.017391149852326038,-0.29500424695125105,0.037272773538482795,0.20099422178959614,0.20049953521360386,0.12924782600340823,0.041097364532591385
AGTAGTCCACCATGTA-D1_NoStim,0.11513878408471001,-0.019833305795454947,-0.2910562144104123,0.14258452370279606,0.1712355548256248,0.32558388568177854,0.5237271330274567,0.10237240509531276
AGTCTTTTCGGAATCT-D1_NoStim,-0.11107309784494568,-0.04496085883841516,-0.06207457068563471,-0.023869912968674356,0.279779414210088,0.11638602224216577,0.11813909990687232,-0.02145065101862187
AGTGAGGAGCTGATAA-D1_NoStim,0.10086750336282968,0.006703868656158463,-0.26250822549121544,0.08840164597077127,0.1548318734060956,0.2521671693144967,0.154520801609495,0.08823061392280174
AGTGAGGCAAAGGAAG-D1_NoStim,0.048818102662945506,-0.025870924918777405,0.1034040109428247,-0.019828588269273695,0.5372543922505848,0.1512993254931434,0.03674072017528296,0.05260826238723659
AGTGAGGCAATGGAGC-D1_NoStim,0.0587343598424912,-0.028619117776141678,-0.41911319552289683,0.045710178381082045,-0.07705775790824454,0.20813055319223217,0.016129483499808472,-0.012037754437109527
AGTGGGAAGCGGATCA-D1_NoStim,0.08296064292530936,0.006697186447386372,-0.3603206432260304,0.09645081032420322,0.202344787868304,0.22215798435724032,0.2253657188752216,0.08773321235959664
AGTGGGACATGCTAGT-D1_NoStim,0.019133924085931397,-0.02876258358094219,-0.24858859505139286,0.02629923175358151,-0.029993928859679997,0.11757340256146964,-0.0026279085188676277,-0.013651178186483648
AGTGGGAGTCCGAATT-D1_NoStim,0.041802330618263994,-0.04015519927814637,-0.5017843878660386,0.07488912803630043,0.017889527420896556,0.1975821711821535,0.09277138336192925,0.017328252745162587
AGTGTCACATTAGCCA-D1_NoStim,0.015999643625031368,-0.06769557669317727,-0.16572705574131064,0.016366844610741893,0.09406103927902976,0.15944109440226306,0.08885241294179202,-0.006351900444036218
AGTGTCATCCAAGTAC-D1_NoStim,-6.733690396387715e-06,-0.06488104215922696,-0.45322150734301125,0.10288747658685438,-0.08039863011195436,0.30753726907192735,0.22558398884183806,0.024061040427557856
AGTTGGTAGAAACCGC-D1_NoStim,-0.01796058585594551,-0.07474300318752647,-0.3153309899651333,-0.0323702405837345,-0.0319722463034573,0.10169764117158842,0.035025763087677575,-0.05953385851578297
AGTTGGTAGATATGGT-D1_NoStim,0.03971187595359282,-0.021492877577433234,-0.30356780408120443,0.08152377868399796,-0.016590625169323303,0.21339118809404312,0.08672410065252922,0.037810794134895076
AGTTGGTAGTCAATAG-D1_NoStim,-0.08687767959072801,-0.041612979376273174,-0.04792550266491702,-0.013490363518306125,0.22408993420442513,0.12013385197403537,-0.04377611318972807,-0.04168924101440119
AGTTGGTCACCACGTG-D1_NoStim,0.06694922511675472,0.041254119239287235,0.19207059509734492,0.041999639649986875,0.22275546368703303,0.027633580860776163,0.0901636378506776,0.06966755641284372
AGTTGGTTCATGCATG-D1_NoStim,-0.04215178698586364,-0.031056848778725055,-0.2639113673881255,-0.04865818168777025,-0.008018116941585163,0.02832805612679934,-0.13488581596068716,-0.09747703249988149
AGTTGGTTCATTATCC-D1_NoStim,0.03415264088091696,0.013429523553046607,-0.38908203222652027,0.07269412004475839,0.15160348108405053,0.21171143957090344,0.3289326399116268,0.06942927200284643
ATAACGCCAAGCCATT-D1_NoStim,-0.0859700982641236,-0.08718879413655678,-0.2815485759101186,-0.07544579078879998,0.017121053302282974,0.08396393125464208,-0.12064392953474457,-0.07645840346147637
ATAACGCCAGTCCTTC-D1_NoStim,0.024781518283813142,-0.043939034147623346,-0.23988074158730477,0.10577980616008986,0.07720460716574706,0.1801788894520513,0.37747390203593767,0.07134049089154182
ATAACGCGTATTCGTG-D1_NoStim,0.054397954148560856,0.0019932443593102533,-0.2065687673509018,0.048933945930080824,-0.08475950352223549,0.16995189664818433,-0.022235086130358628,0.010198846027408948
ATAAGAGAGGATGTAT-D1_NoStim,0.06979518434371812,-0.009614232256685895,-0.3215770714278836,0.0053113950054957115,0.5378702579732568,0.27486508156498246,0.04540142398149616,0.043730657598519684
ATAAGAGTCTACTCAT-D1_NoStim,-0.058234971273943614,-0.06640665946672542,-0.1652299110913802,-0.01453157614186118,0.10348592531944867,0.1025141199535744,0.03205797602907179,-0.04048657151809287
ATCACGACACCATCCT-D1_NoStim,0.14062421706806738,0.03990412473483396,-0.12584073015794672,0.040836560694925694,-0.0429446484339131,0.06378447864097758,0.0444315895998022,0.050131165896109664
ATCATCTAGTCGAGTG-D1_NoStim,0.007645366036014067,0.00473511730244347,-0.24242120333572004,0.004404815896497993,-0.02020122398461055,0.053879951385181535,-0.0724086316661765,-0.04879853237786769
ATCATCTGTTGGTGGA-D1_NoStim,-0.047042889803392995,-0.07783451019214915,-0.6476828219720598,0.2183831036081081,-0.03918269811711639,0.317046945175246,0.5455463373362077,0.05892524268341859
ATCATGGAGTGAACAT-D1_NoStim,-0.0666493136110482,-0.03199954673087646,0.051072970312352695,-0.007856217473380056,-0.022576423596339268,0.029244837658763956,0.08897578018843255,-0.025929021812251207
ATCATGGGTAGATTAG-D1_NoStim,0.04876477144210156,-0.01616138428178182,-0.3276000135352426,0.13733721833565227,0.2151780842184312,0.321168161304378,0.49995048590580904,0.08383588567912881
ATCATGGGTATCTGCA-D1_NoStim,-0.011770576733125537,0.030099154713045806,-0.011804209141923039,-0.0110178344386469,0.25887943174098105,0.07652318335959407,-0.0067164416983303,0.007036130889352066
ATCATGGGTCAGCTAT-D1_NoStim,0.060080244653882175,0.0076960606106109,-0.2783394527292522,-0.01547584718279893,-0.024886509478786678,0.044694313215061676,-0.08498556941413149,-0.006123795206146809
ATCATGGGTGACGCCT-D1_NoStim,0.0917404665642696,-0.00476252834830504,-0.3041899470365834,0.03828309393502494,0.31585846126902695,0.22279252224683432,0.05389622497235713,0.0671549840465655
ATCATGGTCCCTGACT-D1_NoStim,-0.05066613029855205,-0.05927681681846941,-0.23972231569597113,-0.016291636130702614,0.022722953235970067,0.05503790675997866,-0.049575316157612015,-0.05909079662969319
ATCCACCCATTCTTAC-D1_NoStim,0.1475757265468438,0.08263673161801677,-0.17190959256039484,-0.03388425664111949,-0.06679179538861213,0.06218206112343516,-0.19316141330170833,0.034012560775664724
ATCCACCGTCTGGTCG-D1_NoStim,0.11560860153323738,-0.0066789361379928636,-0.2305159338667302,0.10534046583237178,0.07685372547000924,0.24156701913812206,0.21690915314077497,0.09122380847559164
ATCCGAACAATTGCTG-D1_NoStim,0.03208802018774648,0.017851735778600997,0.005831863353614963,0.0638446622673623,0.1605168624759319,0.15590186057937494,0.14479607736791777,0.07319054798929692
ATCCGAAGTAGCTGCC-D1_NoStim,-0.010924411741592976,-0.06200503071942087,-0.21997773353560746,0.014904420171536259,0.11152217152554478,0.19444119392939907,0.08231777107776228,-0.019555429121913548
ATCGAGTTCGAATCCA-D1_NoStim,0.055045763618476684,-0.007288313271299529,-0.3386369474673927,0.040262265183249824,-0.042744287914407764,0.20672536564112232,0.12747836326382522,0.04404684986551821
ATCTGCCAGCCGGTAA-D1_NoStim,0.06746878741726725,-0.02461013308212756,-0.3146657833599491,0.05560755866344991,0.0010919214509979014,0.17107061492041442,0.018184569766913405,0.022699255141988672
ATCTGCCCAAGACGTG-D1_NoStim,-0.05271410418947475,0.022568536749938417,-0.078095299790089,0.008844038285635847,0.21485473712408698,0.12438290620186265,0.12419173572720155,0.027872211944281133
ATGAGGGAGGCGACAT-D1_NoStim,0.07178458489951112,-0.03547238809512088,-0.19348623435836743,0.06031218752485579,0.033708434946467136,0.15514777186695827,-0.03989412374824841,0.009054266717946291
ATGAGGGGTGGTAACG-D1_NoStim,0.02844027990505893,-0.04370969543665204,-0.040396045788309465,0.006689552779791441,-0.0044485168103260975,0.008405267028074093,0.028658112174484884,-0.011534733323514956
ATGCGATGTGACGCCT-D1_NoStim,-0.008400595053188908,-0.009496435892510036,-0.13604511215968706,0.06809832400089455,-0.11855025308664757,0.1603292196061279,0.1138445198059781,0.040211660977993446
ATGCGATTCGTGGACC-D1_NoStim,0.07422517570303278,-0.03057941854665458,-0.27725117688757983,0.0327053934904864,0.04086110292589673,0.16869548769531661,0.004098019818071119,0.012923189825976067
ATGGGAGAGATATACG-D1_NoStim,0.04010318319115669,-0.007391636303086813,-0.3919669637198986,0.037148334006859685,0.06200097029016405,0.2237469487707644,0.08420798898521253,0.03511418715959813
ATGTGTGAGAATGTTG-D1_NoStim,-0.03767616027507614,-0.03246571907907381,-0.24278667703815415,0.001254669222271687,0.03323366945166484,0.1630337940192481,0.05267489977932982,-0.019521707250806486
ATGTGTGCATTAACCG-D1_NoStim,-0.005997855837692967,-0.05894339249104874,-0.08367599992702779,0.01046999730997733,0.40651398797277416,0.20125157844655028,0.1623289806817363,0.024242187670516557
ATTACTCAGCTTATCG-D1_NoStim,-0.032051416961602186,-0.017742953893694846,-0.13472548255158578,0.0007233025806065996,0.03690271105087106,0.132247317827491,-0.0819296848131108,0.00754471030173498
ATTACTCGTTGATTGC-D1_NoStim,0.04898391620692877,-0.05367538043377884,-0.37049777172144793,0.03503436418885997,-0.09188850478772892,0.21718390052133252,0.04652469169966755,-0.0033267582430358544
ATTATCCAGATAGTCA-D1_NoStim,-0.17666183149313675,-0.013676602956367745,-0.008951517865790848,-0.0972645060448567,0.08746333583426136,-0.10013271103362875,-0.23701260959755288,-0.09342207705485883
ATTATCCAGTCATCCA-D1_NoStim,-0.021064374368741312,-0.04389449741183071,-0.08233906530668733,0.006403139338086561,0.10650355569720027,0.1293197673407498,0.002810622655494477,-0.020258376811284506
ATTATCCGTGGTAACG-D1_NoStim,-0.04427254918589618,-0.06758867771919874,-0.45892119856031854,-0.08903032543390843,-0.12395780706198067,-0.03319661329947632,-0.026431823584444736,-0.07890000958293442
ATTATCCTCCGTTGTC-D1_NoStim,-0.04663862656039086,-0.037990491612735156,-0.1302645773936142,-0.010835493001721375,0.14533927865210217,0.10954899345462366,0.035959330264867084,-0.019365407219108732
ATTGGACTCTGACCTC-D1_NoStim,0.043384757745389635,0.002930833670255595,-0.16539070528367006,0.0916653720342886,0.36469954134980753,0.20350347114708356,0.40670371583492226,0.08888095235841575
ATTGGTGCATGCGCAC-D1_NoStim,-0.02701615687911385,-0.009856607724115563,-0.13755442722395195,0.09337206748251958,0.09437633145775237,0.2022366732726777,0.21220128174058406,0.034936003477538335
ATTGGTGGTCCAGTAT-D1_NoStim,-0.1003406143235459,0.01804879165359985,-0.3060006907282986,-0.001986108408152276,0.15682033286003616,0.2786453308054071,0.1963271968483209,-0.026689992637733084
ATTGGTGGTTAAAGTG-D1_NoStim,0.0208615659234912,-0.053969736752538466,-0.15741685613940604,0.023778385102417587,0.03550821046947483,0.14601032587602525,0.05849852919908738,0.005112153632325089
ATTGGTGTCCGTCAAA-D1_NoStim,-0.004524314098341975,-0.04095167389520249,0.05276309192460005,-0.009344166437591284,0.33885441847016295,0.16035980772488045,0.02682982227855657,0.00982566099178861
ATTTCTGAGGTGTGGT-D1_NoStim,0.06676550424073824,0.004315173683512086,-0.15656403129148977,0.08072014361789215,0.06159598723256288,0.10562929386804054,-0.05027179169501039,0.01625972627781813
ATTTCTGGTAAAGGAG-D1_NoStim,0.08128884314649731,-0.010145779607038108,-0.09591321559740607,0.05067636157430577,0.3214168538456761,0.2318930074948362,0.1443122224636939,0.0854467707492983
ATTTCTGGTATAGGGC-D1_NoStim,0.05001965571861966,-0.052036566604064305,-0.40932024806914136,0.05957882070661036,0.05630570400539803,0.2512302544550664,0.11472566306332954,0.01755715419190551
ATTTCTGGTTATGCGT-D1_NoStim,0.055122358711139796,-0.03795828244597921,-0.35112580804181626,0.05369583473124173,0.07714942337577568,0.19374621418914906,0.10193504799114983,0.015397711442446393
CAACCAAAGGCAAAGA-D1_NoStim,0.0300939480532314,0.03717472594343718,0.0006749970863424437,0.0735925517528262,0.45650221952269376,0.15018304496490664,0.17093031089955257,0.07068983801911521
CAACCAAGTGTGCCTG-D1_NoStim,0.044225569276953536,-0.05053942587225002,-0.3450920358366787,0.03884678350894788,-0.004660217988501358,0.18488779657061105,0.029984038526475576,0.006112637580367064
CAACCAATCACCCGAG-D1_NoStim,0.09288968433460987,0.03857583699277889,-0.153769067035622,-0.028226131328882076,-0.007291652025280371,0.04024664166779157,-0.03214407971008004,0.02734799060085713
CAACCAATCTTTACGT-D1_NoStim,0.08853652114139088,-0.006660946874255558,-0.1345619267186997,0.08061842953117448,0.1701503449603905,0.25122320809095733,0.45993101011328097,0.07180081361109636
CAACCTCAGACTAGAT-D1_NoStim,0.03459652322103324,0.027083973178353205,-0.15272660811956484,0.01391483884230027,-0.027121356638739158,0.024533617593696988,-0.08778836690380398,0.00521162696828803
CAACTAGAGAGAACAG-D1_NoStim,-0.10825144351339056,-0.1026847742399859,-0.449880036382428,0.05041767322108548,0.07506440671027548,0.185302439575322,0.19318237681281047,-0.05145545768622917
CAACTAGAGATGGGTC-D1_NoStim,-0.016872869988809214,-0.03927846298050497,-0.13892086663094716,-0.009376990308254562,0.19472579059613437,0.16658179212032564,0.10754971262789415,0.003208135006595114
CAACTAGGTCCCGACA-D1_NoStim,0.060818232048374554,-0.0014407144862698118,-0.31957266543724216,0.06124616783514192,0.1870312811749244,0.3041045510104823,0.15145864256686448,0.09006455490017551
CAACTAGTCCTATGTT-D1_NoStim,-0.0002629573575578803,-0.04977643467288928,-0.29919908506442994,0.02892978285485448,0.06682425378505386,0.10943416416939655,0.08437793332127086,0.00012312884868670437
CAAGAAACATTGGGCC-D1_NoStim,0.08226897348474438,0.061830808362625334,-0.15817255175041112,-0.013556445674526074,-0.06221657654719337,-0.014072079223850231,-0.17635260265945085,0.017641031622494197
CAAGAAATCCTTTACA-D1_NoStim,0.029583188990301323,0.018303443097400063,-0.1271435599676991,-0.0334680545532251,-0.024250727257873805,0.03610584081441637,-0.13292301077855395,-0.015724721746801507
CAAGATCTCATAGCAC-D1_NoStim,-0.0639381267574759,-0.06086796574934894,-0.13999145908057997,0.025291386461507415,0.052523628564419056,0.16486552859177905,0.07580917531424713,-0.03248579917069172
CAAGATCTCTGAAAGA-D1_NoStim,0.006036780861123248,-0.046650884873093545,-0.15343498100429187,0.02748193619737016,0.25475930749733067,0.19503095450184205,0.1259575112775333,0.023690267372732166
CAAGGCCAGAGGGCTT-D1_NoStim,0.004983201595928577,-0.0327678420751738,-0.08213219292739282,0.019283102060519752,0.1432515719217875,0.07353573618313014,0.05619290199754978,0.008794142263605309
CAAGGCCAGTCGAGTG-D1_NoStim,0.061979137595592704,-0.011793584363294585,-0.22657532852131723,0.03278127008310783,0.37385153799012905,0.27061502992116715,0.1470602148547755,0.057117375149999816
CAAGTTGCAAATACAG-D1_NoStim,-0.10357596492200294,-0.08675105348687673,-0.18434200483199703,-0.03928359758308986,0.014825040687618696,0.061240973932541465,-0.0401629320857646,-0.09520163655571956
CACAAACGTCTACCTC-D1_NoStim,0.021841854771460945,-0.06755337482278811,-0.1724400639686472,0.018053669127278127,-0.029336285853773347,0.14647883122956973,0.12199082537786143,-0.005996530015664803
CACAAACGTTCGAATC-D1_NoStim,0.1126168854709082,-0.0018231687411773834,-0.19427327375892567,0.031077342680665865,0.2337103542056802,0.2480523862429589,0.14704659549793053,0.07671424526651727
CACAAACGTTGGAGGT-D1_NoStim,0.04297199761431081,0.01307538482404702,-0.17723199270650092,0.042503203155771274,0.38551366791641684,0.1787651112610238,-0.0712958174304692,0.04144129595602131
CACACCTGTCCGTCAG-D1_NoStim,0.011314124726382602,-0.046037509494627926,-0.04491322769993289,0.0014907419300165259,0.4345014046837292,0.1720874657252356,0.11757281635354389,0.01454141942716447
CACACCTTCTGTACGA-D1_NoStim,0.007035750471917623,-0.049482878699627975,-0.15771799645810702,0.019209687214354787,0.24925365079862338,0.1885160163659343,0.13452397456397236,0.023153304818089637
CACACTCAGATGTTAG-D1_NoStim,0.0600680987256208,-0.05481674725637298,-0.5121574897896028,0.0939916337019131,-0.08027683610872316,0.22070142094253686,0.07702250111916875,0.0023333824989641982
CACACTCGTAAACCTC-D1_NoStim,0.08791840372944826,-0.029455472509251734,-0.42409630152767797,0.13595509935341887,0.02495713680942302,0.31701702792601516,0.44893766316624273,0.1224378720276249
CACACTCTCGGAAACG-D1_NoStim,0.04017558452125769,-0.008110680813256721,-0.3623871905920115,0.0621945111781077,0.08338038718671115,0.19743833999405336,0.3063094697866644,0.05210191885094062
CACAGGCCAATGCCAT-D1_NoStim,-0.12477060150089869,-0.024573258357268202,-0.33885526671334887,0.006148633113154389,0.029709744744160105,0.22844101678891526,0.10628580345468475,-0.02389309091190661
CACAGTAAGTTGTAGA-D1_NoStim,-0.11456770036831365,-0.11257801380047461,-0.4142126259707588,-0.043730198870536086,0.07196927836957201,0.06587485917695801,0.024664783698144177,-0.09699200610449665
CACATAGAGGGTTTCT-D1_NoStim,-0.07870699505244083,0.022076980250831824,-0.11170753496013752,-0.018908000772029254,0.25258739155760956,0.2218028639101881,0.02001650412200462,-0.024427597306289073
CACATAGAGTTGAGAT-D1_NoStim,0.08004538476371792,-0.04430540120945459,-0.38166138989220855,0.08114255379769197,0.02341491620716063,0.2661023400125453,0.08837189540657064,0.029607913115674123
CACCACTGTCCATCCT-D1_NoStim,-0.07800240224027988,-0.09702482082768071,-0.32492296279011157,-0.09279489169616895,0.04709260514073499,-0.024613411672747,-0.07206343287527961,-0.11392055177470972
CACCAGGCAACGCACC-D1_NoStim,0.036668704259344764,-0.02171017291572852,-0.5341613203210347,0.08071558968141623,0.1535137787061469,0.2991747900954538,0.22789332288885866,0.0544109732894249
CACCAGGCACGTAAGG-D1_NoStim,0.005700374511059536,-0.04772247681862041,-0.39297800729472065,0.041660381200420815,0.3815362750917064,0.28780301974911815,0.21502588353979846,0.034706961815018644
CACCAGGGTGTCGCTG-D1_NoStim,0.0877406407490664,-0.012624745317204145,-0.14249381381943138,0.05413774681368366,0.4258084821381942,0.2440043015640665,0.07811059473084381,0.06878340581867093
CACTCCATCAGGCAAG-D1_NoStim,-0.030207934312633355,-0.06627765823963472,-0.5960673260002753,0.1099360366658324,-0.09442018622855208,0.27748521802182324,0.19398066029037597,0.013804134231827803
CAGAATCAGCTTTGGT-D1_NoStim,0.10043348742323843,-0.004859926251656432,-0.3199234007375349,0.0343547918565168,0.34208377953990166,0.24505583401238518,0.09669047296859912,0.06535655270802287
CAGAATCGTCAGGACA-D1_NoStim,-0.031118875025118342,0.03118117929143871,0.03835039027683784,-0.021990662697522367,0.26294559729354283,0.034701205348163455,-0.07427947858007755,-0.030643671038953713
CAGAATCTCTAGAGTC-D1_NoStim,0.02987032505731335,-0.04047925229014737,-0.3732179725194662,0.044850768681801156,-0.054284926341120254,0.21828223503591015,0.0432038712993541,-0.017737638689974133
CAGAGAGGTATAGTAG-D1_NoStim,0.049443138953988,0.009899097499342702,-0.08081629242936295,0.027075802616923994,0.34462821120946074,0.18149237137306073,0.08789165061740256,0.06367892114599805
CAGAGAGTCCGATATG-D1_NoStim,-0.013320686635426071,-0.04036355517636281,-0.07001632322243623,-0.010385726877588652,0.13595717545016406,0.13961539509105236,0.045605447380896,0.003677113179447744
CAGATCAAGTGAATTG-D1_NoStim,0.036351633486809476,-0.038644076495028656,-0.5164150784907999,0.06252340240901866,0.047330463081554086,0.23747835287940244,0.08828541775026766,0.034513719276645816
CAGATCAGTATATGAG-D1_NoStim,0.06416055008285149,-0.04394119414383724,-0.4581859874105465,0.06275882101639496,0.047569736787687944,0.23448877026606318,0.11692982893828008,0.05511487908652235
CAGCAGCAGAGCTTCT-D1_NoStim,0.11002773092516804,0.008428727721110363,-0.011753244682180863,0.04151143002027169,0.3135115478836763,0.18798456877392766,0.0761850642325439,0.05515245384984624
CAGCAGCTCACATACG-D1_NoStim,0.11639121124463259,-0.02635800248776654,-0.15408026271374275,0.1408984146816401,0.21926780438693783,0.3302795485861978,0.29869142745197674,0.09357394292359267
CAGCAGCTCTGGTATG-D1_NoStim,-0.029652212901288166,-0.055134077081111954,-0.19486292092706492,-0.03935458569772976,-0.045060328873537614,0.014938294219657422,-0.15963409302273934,-0.0911729977548923
CAGCATAAGACAGGCT-D1_NoStim,0.12231381154828469,0.00469021313370277,-0.12411525707652693,0.06457614061548433,0.3435692198232445,0.2422485811696724,0.11512307925162535,0.06863147086213495
CAGCATACAGTAACGG-D1_NoStim,0.05927431807815431,0.011781776701445423,-0.09847112645948997,-0.02077171782062237,-0.01737100573537198,0.06632165155162095,-0.15186675159623597,-0.0192717403517495
CAGCATAGTGCTAGCC-D1_NoStim,-0.08762870782353183,-0.09796426882613574,-0.32337436703910427,-0.08743939237261955,-0.06858739653369028,-0.005906127136752204,-0.15476660328594338,-0.09898492711564622
CAGCATATCCTTTACA-D1_NoStim,-0.07717152233117197,-0.10088621160343259,-0.31891537069459375,-0.0563489753829014,0.26499970874693446,0.051560106150638774,0.022717646736311714,-0.07351170274766972
CAGCCGAAGGCAATTA-D1_NoStim,0.10327248991461069,-0.014989516026272298,-0.08954935504898387,0.015536838597418168,0.3795629114260457,0.2566406136359429,0.11184144652416705,0.06154206712059107
CAGCCGACACCAGATT-D1_NoStim,-0.03301575042590166,-0.03632773391507982,-0.3333627817932445,-0.01938209232058874,-0.041767527331675325,0.0040087337971339565,-0.09602152280000631,-0.06784173957347939
CAGCGACCAATAAGCA-D1_NoStim,0.02211523789328318,-0.016180851219379733,-0.3697829150965397,0.04607607591669627,0.3550384114607379,0.2559325044177587,0.2910986128455022,0.033217170604109114
CAGCGACCATTTCAGG-D1_NoStim,-0.09976198733487252,-0.061676729299525945,-0.13054048084135061,-0.06272787467997709,0.06967005950887284,0.023200679344899555,-0.11889259624669624,-0.09204034741367195
CAGCGACTCGTAGGAG-D1_NoStim,0.07128271808092101,-0.008940914276186263,-0.09676655111061017,0.06656831421048715,0.20974045188926738,0.23604074416257603,0.1683849154183008,0.07093066896095301
CAGCTAAAGTGCCATT-D1_NoStim,0.06752598288658795,-0.006377195754879494,-0.03271419680277532,0.03477703430705148,0.24877149721446656,0.18390186768233896,0.10630183766476442,0.05054748475769166
CAGCTAACATCCTTGC-D1_NoStim,-0.019272985060366565,-0.04117589552121004,-0.05925844391423851,-0.0145656556927527,0.34237916495502674,0.14054648051757646,0.0733991567143919,-0.006203969802513143
CAGCTAAGTACAGACG-D1_NoStim,0.08796582161013511,-0.012972688303392488,-0.2690303337730189,0.033999478789985105,0.4140646013314573,0.27326929554650015,0.17062127865973942,0.0664981719285791
CAGCTAATCGGACAAG-D1_NoStim,-0.02358259849708766,-0.030655875100331187,-0.1855029101186787,-0.03455653172187034,-0.01639613645859228,0.04766729630461519,-0.04566644029539013,-0.015162610477522875
CAGCTGGAGCCGCCTA-D1_NoStim,0.02432763502269708,-0.04154133232991519,-0.5999726105744774,0.08122650447877966,0.10154214875212908,0.3124916441134289,0.22902305691048008,0.0353631522809561
CAGGTGCGTGTCTGAT-D1_NoStim,0.08612409262533482,-0.016703654411024615,-0.41829446021802497,0.05522723894063297,-0.09923055806068604,0.17449885968995904,0.004298505613615777,0.037401668387365916
CAGTAACAGCTCCTCT-D1_NoStim,0.055006908221804096,0.041318288122985436,-0.2752749058240873,-0.06672452110295879,-0.07776236909837309,-0.025487323995781352,-0.013652183688730446,0.0017914643562821908
CAGTAACCATACGCCG-D1_NoStim,0.0313074811070031,-0.022163706019011187,-0.18889049712988992,0.057717958845389106,0.20081977003104434,0.20116191644382742,0.17833945564688936,0.061967793000091476
CAGTAACGTCCAAGTT-D1_NoStim,0.017603175726865317,-0.02200248946233252,-0.11038924406514816,0.005994966160777437,0.05537157663007797,0.1766199063764855,-0.01158000219013644,-0.018280217962914236
CAGTAACTCTTGACGA-D1_NoStim,0.08901659673476559,-0.01327676815175316,-0.36174460141171316,0.07723708780745042,-0.06010589322057669,0.17571417341579476,0.010527929835362215,0.006157088999652061
CAGTCCTCACGCATCG-D1_NoStim,-0.06864093474678867,-0.010569928421425345,-0.08042313682266844,0.03945632013637557,0.4141564693801669,0.10746520004563109,0.19040476375243287,0.023645849978354505
CAGTCCTTCATACGGT-D1_NoStim,0.004805542123103024,-0.02829832764869522,0.03437175132875936,0.015084079552094565,0.43387174090380753,0.1774282855427689,0.17998233496536198,0.04399215170516513
CATATGGAGGCAATTA-D1_NoStim,0.031228786869634817,-0.030994376821901426,-0.2529280419209812,0.03461719363174254,0.05758827356122076,0.22160038030083307,0.11630418003498466,0.030635384479953842
CATATGGAGTTACCCA-D1_NoStim,0.02108757890888846,0.008756335798359771,0.062070935672274175,0.05358766747928456,0.3439740320617055,0.12430826425357289,0.1371914189343597,0.06864956995597282
CATATGGTCATGCAAC-D1_NoStim,-0.002017032381209205,-0.06348079471558954,-0.2457650851164317,0.026866346397671492,0.046022763860921856,0.1747084373746608,0.04211923690673913,-0.00016350502735384964
CATATGGTCTGCGGCA-D1_NoStim,0.013697974987756822,0.029934448854886497,0.029294501658114314,0.1353630719454486,0.11975709069680818,0.14910726303764932,0.43116026389374174,0.0741927580848003
CATATTCAGCTACCTA-D1_NoStim,0.005031396838344193,-0.02008787405445034,-0.4334986822250393,0.018195309741013688,0.2553180427999937,0.23765492921238263,0.15071077353874252,0.028844964165568143
CATATTCGTGCTGTAT-D1_NoStim,-0.06177093334669337,-0.0678373765562661,-0.19888488278070682,-0.0022444301489255025,0.04231504245506024,0.13282434998202497,0.03809210084532033,-0.04047540100763669
CATCAAGAGCTAACTC-D1_NoStim,-0.011874048764111578,-0.03861892279049073,-0.046813588860157296,0.006089335463419943,0.36934723173896344,0.19108792571706346,0.10439971587714592,0.008327414130734567
CATCAAGCATCACGTA-D1_NoStim,0.04936799662012348,0.0025364404823218223,-0.009715341293640378,0.04093800525059521,0.1790963109418584,0.2114143759232121,0.21098256149119976,0.060429981791049414
CATCAAGGTGGAAAGA-D1_NoStim,0.02236671193514539,-0.021176116724417327,-0.17207779421340064,-0.0009212645519909302,0.0012891424554446473,0.11185140693794171,-5.40554951022898e-05,-0.002251555616625822
CATCAGACAGATCGGA-D1_NoStim,0.06834588525061491,0.010485552069850357,0.018985899312548682,-0.00995816408676653,0.05589287930272846,0.04877492317300369,-0.1570184865670976,-0.011851668109622793
CATCAGAGTCGGCTCA-D1_NoStim,-0.005274165276471621,-0.021602486411817168,-0.08737125180953598,0.03561841347237937,0.4071787448413797,0.24339761376206326,0.5890323770947461,0.0500684402978937
CATCGAAAGAGACGAA-D1_NoStim,-0.03929478528977093,-0.046832066397561434,-0.0879935858658385,-0.02981399762819059,0.3339564029141968,0.11961872415198194,-0.05844035279991555,-0.023242241332193103
CATCGAACAGAAGCAC-D1_NoStim,0.05747185053389181,-0.0006685895991171975,-0.17538380674813503,0.02958898635081475,0.3485413840734104,0.15392708248449516,0.342196122793494,0.08151643621248184
CATCGGGCATAGACTC-D1_NoStim,0.06787480946837476,0.04020147071012481,0.10658646947206307,0.03870204596830895,0.23995529681451444,0.1343054024268575,0.13922641545824188,0.0639445771944871
CATGCCTAGTCGAGTG-D1_NoStim,-0.016665443520013312,-0.06814533634699593,-0.2479005243881467,0.008959083590109884,-0.06960136122075511,0.11990881216747873,0.06740873312153361,-0.039939048282720435
CATGCCTCACGTGAGA-D1_NoStim,0.06246736776002493,0.005786232015163151,-0.21692838454046282,0.07951655646719402,0.24781640687204742,0.17539003693427802,0.12812441066400027,0.0660119214506345
CATGCCTCATGCTAGT-D1_NoStim,0.052079946749344685,-0.05451787414499165,-0.22057043224818962,0.05944036011481302,0.08749344878064669,0.19239466776893188,0.021514688681522287,0.02267621121395713
CATGCCTTCTGAGGGA-D1_NoStim,0.06523445904576519,-0.005483126529414406,-0.44386994343080133,0.013281270679225798,0.4022243350025434,0.28005218726749526,0.18419980667918345,0.044950619861493735
CATGGCGCACATTCGA-D1_NoStim,0.024672246832718514,-0.03289867794694601,-0.2287293665740293,0.04047256442438574,-0.0006205323773791349,0.17073239272045804,0.11734334688382386,0.027768359059926695
CATGGCGTCCCACTTG-D1_NoStim,-0.10119536710433152,-0.07145504005887737,-0.1762182631544178,-0.01961832464401958,0.08621487585641674,0.09017056115423294,0.05411808429197773,-0.05723909175301145
CATGGCGTCCCTCAGT-D1_NoStim,-0.04748504254827424,-0.07291354600630662,-0.12801734950845756,-0.02151070394950061,0.22932695264551128,0.1091742365817403,-0.005044754082068614,-0.02750220550445448
CATGGCGTCGGAAACG-D1_NoStim,0.049611843281832435,-0.015080669213745068,-0.15105655984945798,0.05570545029956975,0.44399362411754595,0.26019532771293186,0.3724888853447039,0.08324670023234404
CATTATCAGGTGATAT-D1_NoStim,0.03219732688952881,0.01613126952340771,0.13202369425727056,-0.12169930577099208,0.08846961482576887,-0.06643093760960461,-0.5444506801127691,-0.06259433255978486
CATTATCCAGACGCCT-D1_NoStim,0.1093335492846439,-0.001841394243770722,-0.30611637686718574,0.0614968466656709,0.3682265372491287,0.27705117982053906,0.11820557268077092,0.0660390332215055
CATTATCGTTGTCTTT-D1_NoStim,-0.039693877006037326,-0.05207216876272014,-0.2321900008890232,0.03998311049346093,0.06835708444051569,0.17412608112449313,0.0512679226201076,-0.0022103229955110493
CCACCTAAGTAGCCGA-D1_NoStim,0.07621496672981287,0.01485725843071073,-0.3621907167282501,0.018849052079890072,-0.09687735353952753,0.04097708319390314,-0.053769185101676165,0.0076804564239605355
CCACCTAAGTTGTCGT-D1_NoStim,0.14571806107983143,-0.01379931377906729,-0.28379161083618776,0.052627051610874886,0.3695083110552453,0.3216637628935768,0.1474076156174,0.09410722017752882
CCACCTAGTAGTACCT-D1_NoStim,0.08432395424238415,-0.003310470975947055,-0.2893142625022911,0.0757252349627251,-0.021316427853196984,0.1865134003355262,0.18295253768947273,0.0679424492290206
CCACGGACAGCCAGAA-D1_NoStim,-0.007249912748855891,-0.033680690341164166,-0.31478763448702196,0.03820603167024039,-0.02422253377768513,0.1378775531004548,0.06823424582198534,0.005134092089781106
CCACGGATCACATAGC-D1_NoStim,-0.04863785775401652,-0.05905805172741907,-0.15225922597831598,-0.026042162616631614,0.017521492756213064,0.07842233761918482,-0.036433028467074635,-0.0618540375967509
CCACGGATCCTATGTT-D1_NoStim,-0.056986424188799845,-0.055656999705254506,-0.25030381814838165,0.0046213769560310425,0.005409200310037221,0.1488866790118939,0.03491037830946997,-0.02930110314174783
CCACTACGTAAGGATT-D1_NoStim,-0.02762883121185311,-0.04963250997885993,-0.15434218247611398,-0.01754678644175911,0.33954736674139063,0.1381394026978855,0.06815025371057004,-0.022081144246715922
CCACTACTCAGTGCAT-D1_NoStim,0.08676592515410064,-0.015544341033088216,-0.19150510218450734,0.029245043872926146,0.3234029127516571,0.23836457063246996,0.18678021724187932,0.05936082048969027
CCAGCGAAGCTAAGAT-D1_NoStim,0.057991599633968605,-0.02133622183418815,-0.39968620085887885,0.05836117635255711,0.029684064744028404,0.2502172549489332,-0.004127420656837355,0.006415964331184298
CCAGCGAGTAGGGTAC-D1_NoStim,0.05683785615699044,-0.032622067416397726,-0.47377196772889896,0.08302499161970012,-0.10745135324238753,0.25091924470257965,0.12384455784448001,0.014931203005440707
CCAGCGAGTCCCTTGT-D1_NoStim,0.09371648485407746,0.01010764824064303,0.01351540224166392,0.06478860082636118,0.45254926155226727,0.2104724531058384,0.20043118538072413,0.08483315590613749
CCAGCGAGTCTTGATG-D1_NoStim,0.048550825221141736,0.03239935319072984,0.13288359229279756,-0.006963340810841601,0.0018007322754396426,-0.07566025197298387,-0.0957405460602585,-0.00014901894961916184
CCATGTCCACAACTGT-D1_NoStim,0.003923289846905931,-0.0634220092390052,-0.3530792742158848,0.06875710217043007,-0.02156874275841325,0.21837253237070975,0.04922749159569184,0.02055490015549921
CCATGTCGTGATGCCC-D1_NoStim,0.07541126269036447,0.010757147741704998,-0.053554112670749277,0.09839361747537545,-0.10015332908418806,0.193253441483197,0.10133945465742844,0.03896327825091639
CCATTCGGTATGAATG-D1_NoStim,-0.07613468565269343,-0.06754281298500686,-0.21404769335970997,-0.04965498861441908,0.29422523668097966,0.10605203497497229,-0.03825732842960772,-0.0486360281444469
CCATTCGGTATTACCG-D1_NoStim,0.07438738743103457,-0.05883623738226085,-0.4479256742114419,0.07643559269263989,-0.028747196499534056,0.2278957037654843,0.026034825093618874,0.003944806600314266
CCCAATCAGAGACTAT-D1_NoStim,0.07002508556346676,0.011140033197248655,-0.08512834851004669,0.051005128556870005,-0.04880109473682204,-0.015531947637629884,0.003635263541349687,0.036013339070978034
CCCAATCCATTGGTAC-D1_NoStim,0.01593903137182906,-0.02351137285737437,-0.3891737517509224,0.036450849341614244,0.43365168097992424,0.29026026283520956,0.19814303053374793,0.052412903089141594
CCCAATCGTACAGTGG-D1_NoStim,0.0858967172039975,-0.00903667799190444,-0.20595914273897975,0.04526494488463406,0.209016881521638,0.1719951218939748,0.1335078616921619,0.05762090828789468
CCCAATCGTATAGGGC-D1_NoStim,-0.03168769445460562,-0.00591585014872642,-0.20996033678370551,-0.01689688755823937,0.12283099388886676,0.18283647576795303,0.0742535231784176,-0.0029797522519583453
CCCAATCGTATAGGTA-D1_NoStim,0.07223373016563883,-0.004308305396925505,-0.08974590264971383,0.06705632854978028,0.37660731150295845,0.19315420006545736,0.18510461941593537,0.08724266993490204
CCCAATCGTTTAAGCC-D1_NoStim,-0.0018975055128525042,7.97270466161848e-05,-0.10368057417701948,0.011189213337415183,0.4471209476365452,0.14426263192948774,0.2557849351640975,0.051752248241999865
CCCAGTTAGCTGCCCA-D1_NoStim,-0.001280266482817538,0.010390886531851606,0.34822534381565795,0.009184653427951162,0.08197899035566181,-0.05998362623225084,0.06148552345174174,-0.007923687403557977
CCCAGTTCAATACGCT-D1_NoStim,0.05395121425878813,0.018425334196559007,-0.0298788556953955,0.058418585237909326,0.29312751175810803,0.17908063040376376,0.1229675147486553,0.08026048432869182
CCCAGTTCACACATGT-D1_NoStim,-0.011630335269444458,-0.045793194320470576,-0.07962487581244915,-0.04452011532156597,0.04423190858553383,0.07058549089935617,-0.17293135427366746,-0.02705483345539328
CCCAGTTGTGTGACCC-D1_NoStim,-0.07547103744123795,-0.050321377784769084,-0.27378243077763287,0.04076773398080036,0.058521322818114285,0.1281419145386371,0.03434669738414531,-0.0304177739487983
CCCATACAGCCCTAAT-D1_NoStim,0.09006151808141105,-0.01597368421135137,-0.046964563648694835,0.07906883650771235,0.04579131791700064,0.20741283782780684,0.25308262487261945,0.06491151668052453
CCCATACAGTCTCAAC-D1_NoStim,-0.03436128172818087,0.007686822284654227,-0.2094039589641934,-0.003017571688845422,0.1199852044616847,0.27487170706492137,0.11610310190766615,-0.00611616399474002
CCCATACTCTGGCGTG-D1_NoStim,0.019390709919887783,-0.05626639764061636,-0.47523806080850584,0.07967128596321871,0.032098934421259884,0.2762792125212501,0.00912052504518357,0.005386988734551679
CCCTCCTGTCTAAAGA-D1_NoStim,-0.041930023186688814,-0.07544949379767552,-0.21838618876371285,-0.020009170522655495,0.05492994053834188,0.08895865136950043,0.006316052649594894,-0.05562788807333696
CCCTCCTTCTAGCACA-D1_NoStim,0.025189590806096618,0.023405800077096472,-0.30758808277488825,-0.009476731780820202,-0.10834349321516079,-0.004423074359579893,-0.1115018125682381,-0.02272035403393602
CCGGGATCAATGTTGC-D1_NoStim,0.05162886955563728,-0.014179339227224474,-0.23664968344720982,0.022704779293725608,0.38081605039093347,0.2297138105836627,0.11855349704799245,0.04299124108838548
CCGGGATCATCACCCT-D1_NoStim,0.004348361093798658,-0.04583779764749352,-0.473318879955249,0.058944929137064506,0.0206094260036771,0.2540899421729357,0.1212899084530279,0.02697792282757483
CCGGGATGTCGGCTCA-D1_NoStim,0.002730490857397072,-0.04205458049936617,-0.48294399707523716,0.08516461144136755,0.06654858690824383,0.24012984722439956,0.15934098171475508,0.047523099774183564
CCGGGATTCTTCGAGA-D1_NoStim,0.02491231578771469,-0.03520858863112686,-0.24569783845091564,0.01008387787381082,0.10450204385801243,0.20576961229201807,0.09875789450539596,0.016018386735895618
CCGGTAGTCTACTTAC-D1_NoStim,0.005745181055861082,0.020698550230168422,-0.21387646384479098,-0.065454447653023,0.07312231104597977,-0.08226811899581232,-0.13001041621727616,-0.03698472147809362
CCGTACTAGTGCCAGA-D1_NoStim,0.10155745750227929,-0.020356112441033858,-0.32457284117529284,0.0642836495444552,-0.060638509072360236,0.21552787502250403,-0.0013489527102081844,0.0071434157464338455
CCGTACTGTTCAGTAC-D1_NoStim,0.07543620871387269,0.027581857586737257,-0.035156468676156294,0.020266461040414185,0.09727434738245577,0.08963144318978422,0.023962150333449728,0.01506225690050833
CCGTACTTCTAGCACA-D1_NoStim,0.012921299832449051,-0.04303584191389653,-0.26812729759737586,0.08955484487208132,0.133227142286227,0.2636436945718241,0.1793848362344832,0.039847659632325616
CCGTTCACAATGAATG-D1_NoStim,-0.04801618488363957,0.007755631823453513,-0.05357489539585991,-0.10750619203824918,0.07811353783315234,-0.03216653965480809,-0.14681402111316544,-0.08345514156192912
CCGTTCAGTAACGACG-D1_NoStim,0.07890547005413495,0.01502214321135753,-0.2614127928216732,0.06987443038824992,0.016853610218644732,0.12198110202089651,-0.0375520731819714,0.013584603301074694
CCGTTCATCCGCAGTG-D1_NoStim,0.05111983290855271,-0.025457806218510015,-0.151724663812697,0.022259337451902894,0.18908316037723338,0.20132964950148136,0.12192818917140169,0.03165477283599394
CCTAAAGAGCAGCCTC-D1_NoStim,0.09887700743241723,0.07031935249320398,0.3437949348473186,-0.013873992076856467,0.2562086795995935,0.16434763384240636,-0.11138303214544276,0.0024917152079986238
CCTAAAGTCGAGAGCA-D1_NoStim,-0.11020465749095187,-0.037475758366257494,-0.00621834046629921,-0.010772685322956832,0.18810917567427587,0.03308383593757824,0.20280144908959752,0.0028627950710760075
CCTACACAGATCGATA-D1_NoStim,-0.07887739761124024,-0.07377675772442593,-0.19267250273295033,-0.02512375266231004,0.15210355351949545,0.11697614411652957,0.003568006409487623,-0.04606628359555209
CCTACACAGCATCATC-D1_NoStim,-0.0737264525555652,-0.10289046505072541,-0.2827205336811396,-0.08561960218540143,0.06600754021553534,-0.02593469816947369,-0.08289134031057266,-0.1117166008899062
CCTACACCAACTTGAC-D1_NoStim,-0.04414735868320108,-0.07580603601758362,-0.26490876128719876,-0.051086489802377955,0.23630632218734604,0.09299959830458171,-0.0010466822256152142,-0.06424388341998544
CCTACACGTGTATGGG-D1_NoStim,0.07971429916593031,0.025436840001908934,-0.3489483885773854,0.018976757152017854,0.07752802076967669,0.2778417387700358,0.05127669644572208,0.03830231640705328
CCTACACTCTATCGCC-D1_NoStim,0.10004650908876656,-0.005842489238768067,-0.1715336519905506,0.05190770994602012,0.07109838382216438,0.1910127932139094,0.17725211586740297,0.07118497122784362
CCTACCACATCAGTAC-D1_NoStim,0.05783082404753159,-0.006970067612796171,-0.1431603472392986,0.023863914349682602,0.3692781127092353,0.18050239999839413,0.15761663055661668,0.05675384278525719
CCTACCATCCTAAGTG-D1_NoStim,0.09275927418478958,-0.005271728516387242,-0.3759108046325963,0.06441375722611475,0.10246980742454426,0.2992509720822891,0.19530499590594452,0.0811444441553224
CCTACCATCTCTAAGG-D1_NoStim,-0.0011375003968083774,-0.06468256595935173,-0.06687709066143199,0.019952102242063674,0.4031337504846526,0.1898366998637684,0.16578312933890516,0.024310240252967574
CCTAGCTAGGTGCAAC-D1_NoStim,0.010648468605308992,0.0026204539614713696,-0.44012594954880946,0.09857495384896886,-0.08140156607368887,0.07867863500880379,0.2570443987449824,0.0497317933933239
CCTAGCTCACAGATTC-D1_NoStim,-0.04943482903055951,-0.0697322277468011,-0.18356890793742764,-0.023652422576198262,0.04644784205703267,0.1025254633546151,-0.01844952249598375,-0.03663690392370178
CCTATTACAAGCCGCT-D1_NoStim,0.06522037266428171,0.020447427361686366,-0.07100968334745161,0.2217977167502294,0.0063246888799373124,0.20150645763496478,0.5629801537137862,0.13181025759272025
CCTATTACAGCTTCGG-D1_NoStim,-0.0179109726418325,-0.048905094226405765,-0.37961840741116504,0.0016892979140514797,-0.1421741943567909,0.07590816725145189,-0.019095744369164613,-0.03248143681213378
CCTATTAGTTATTCTC-D1_NoStim,0.022777402699334814,-0.006680804033047494,-0.004278287461273678,0.04809211327441254,0.3556282893336302,0.20548875755834572,0.12206235030554247,0.04131481041859786
CCTCAGTCAGCCAATT-D1_NoStim,0.009230556368875042,-0.050678837954313494,-0.20638031485380992,0.04069857869012061,0.03133162135143763,0.20058088270343166,0.08504531509946434,0.0053037360773942055
CCTCTGACATTACGAC-D1_NoStim,-0.041771412460883894,-0.05717823371338682,-0.36186029899757344,0.013512949519123296,-0.012104333414212576,0.09121596114246078,-0.03817377616467699,-0.038588536282121666
CCTCTGAGTACCGTAT-D1_NoStim,-0.08135387686361994,-0.052642298620797945,-0.06011311686697951,-0.11700714252347488,0.0739560428999031,-0.02389216064446842,-0.2053327949787329,-0.09566738969531663
CCTCTGATCGCCCTTA-D1_NoStim,0.05186398205847986,-0.027998641553699244,-0.31267583349193373,0.04348457953892826,0.04635316726133887,0.1929482976915775,0.12639220161359255,0.017295001763084628
CCTTACGGTGTGAAAT-D1_NoStim,-0.01997818670664664,-0.03775065395475252,-0.15934386334409112,0.008247711183521744,0.2644757416806005,0.21173476366475796,0.09613344773476751,0.009949686606709918
CCTTACGTCTCTGAGA-D1_NoStim,0.12302111988015163,0.1184361671097367,0.1883074797794002,-0.027736908490048506,0.3151987715396274,0.11596350622534146,-0.10885587857207835,0.030906540455326592
CCTTCCCGTACACCGC-D1_NoStim,-0.01332706776474879,-0.017480624995462435,-0.26913855058453606,0.001263843108908702,0.4996339377706498,0.24728926240917914,0.19496828496589913,0.024049422673009246
CCTTCCCGTAGCACGA-D1_NoStim,0.07177306597208322,-0.0643872770674161,-0.3547147394539323,0.057852849173647414,0.08193924172395128,0.25416612399300487,0.13218069650945186,0.053953664910984855
CCTTTCTCATCCTTGC-D1_NoStim,-0.05399543218825009,-0.04258072735443896,-0.10313910944113758,-0.021850060086547884,0.3429989533135327,0.11667172424394501,-0.22519657319441677,-0.034870441229351457
CCTTTCTGTCTTGCGG-D1_NoStim,-0.01658006122046274,-0.07235357798887243,-0.15467594607084578,-0.010713252809178897,0.05878522070403136,0.08805664731681162,0.07074450728801551,-0.021403515969542042
CCTTTCTTCGGATGGA-D1_NoStim,-0.04006159130841702,-0.00817392800492911,-0.08976539126990701,0.040480852858859606,0.36020487385571265,0.22545948678748928,0.12152398765443362,0.03867903955488039
CGAACATGTACACCGC-D1_NoStim,0.00295625348645423,-0.04785381473182504,-0.24375801289236065,0.0005179821006144891,0.05662652542865665,0.16870419670487813,0.01885641474997435,-0.011559498217902586
CGAACATGTAGCCTCG-D1_NoStim,-0.07837771003810445,-0.06495495115809113,-0.16596151304956663,-0.04130076427178153,0.10173020280643819,0.08421582228216273,-0.02226520946919397,-0.08407833735000025
CGAACATGTTCCACTC-D1_NoStim,0.07380779849216168,-0.010324203666923992,-0.046924696165460134,0.09026140120805337,0.25184082496577886,0.23040562246600693,0.21908952389428293,0.08564171191850534
CGAATGTAGGGCATGT-D1_NoStim,0.03328218494215207,-0.027645806757007563,-0.36089063921771647,0.0893051290827902,-0.1480827869524699,0.28068316430907103,0.18593233962491862,0.019751168841708022
CGAGCACGTTACTGAC-D1_NoStim,0.08272527009634523,-0.005046681471966963,-0.13156735534243502,0.09699035695290448,0.040020171308427166,0.16681326167520538,-0.00764836034274019,0.019075571661689494
CGAGCCAAGTTGAGAT-D1_NoStim,0.06992195631244158,0.01644332179239605,-0.18812169305167004,-0.06318446315582982,0.03580140916108121,-0.007447199307275554,-0.026143333271184233,-0.03152779741715328
CGAGCCATCACCCTCA-D1_NoStim,-0.011319876497918102,-0.04066323677904826,-0.6112095002693625,0.18218418017496063,-0.15232283175330785,0.2645140633454677,0.625693028459585,0.1155521545476983
CGAGCCATCTAACTGG-D1_NoStim,0.12339226121659408,-0.023955743449898037,-0.0926004240484879,0.06504244979212004,0.2811851579534306,0.23824154453878243,0.217563634914824,0.07922950021273323
CGATCGGGTAAGAGAG-D1_NoStim,0.01135807470478234,-0.07457922265195727,-0.4288953999801137,0.00132261078569762,0.023645161716085994,0.11549338133298903,0.1370054432069976,-0.009930962757840334
CGATCGGTCAACCATG-D1_NoStim,0.10768587764778204,0.08576412063810679,0.31014070124174964,-0.18088657726274882,0.10316068013799651,-0.07442978110183596,-0.6925542627273611,-0.07439539999992739
CGATCGGTCCATTCTA-D1_NoStim,0.07771374700801559,0.008214986607743668,-0.22589554337100282,0.027270541920824343,-0.07975308807187886,0.09828336736664411,-0.03127448292619217,-0.007459999432159137
CGATGGCAGGAACTGC-D1_NoStim,-0.020129095968426824,-0.046104709109638264,-0.0336669942287422,0.0029324859060935182,0.2631212376156604,0.1434133118320382,0.14117653427807753,0.011325661485145133
CGATGGCCAGATTGCT-D1_NoStim,0.016909075582402622,-0.0033021333148202103,-0.2626518281884067,0.061406170082113576,0.29440871309078176,0.326433660260113,0.19480157153318967,0.07640997219147216
CGATGGCGTGGACGAT-D1_NoStim,0.12826643703822782,0.06948887328808873,0.0630923119086404,-0.035600251372967406,0.15476206673834803,-0.01678922661334603,-0.31543380220080586,-0.006937436840889433
CGATGTACAGCTGCAC-D1_NoStim,0.0786554856287669,-0.033676489431467616,-0.2071119358072835,0.05436648183911963,0.11773115490206187,0.17673412961730772,0.09883007670369359,0.06545043715478904
CGATGTATCTATCCCG-D1_NoStim,-0.18599301845962657,-0.10234009175924719,-0.5456937371605406,0.05857459397728171,-0.054942375415578226,0.09115478440843283,0.3209570247655815,-0.057379300027127655
CGATTGAAGGTTACCT-D1_NoStim,0.04927106359672351,-0.04870693650257252,-0.2248649448582789,0.054203906018715386,0.07114734669667122,0.20169168709113539,0.11619291338059101,0.03828765667153178
CGATTGACAAGCCTAT-D1_NoStim,-0.017394501845100052,-0.021360794213666878,-0.14652713722404798,-0.03878091236933656,0.009094186989793585,0.06909386579931365,-0.13950580520227174,-0.06525417545482703
CGATTGATCAGCGATT-D1_NoStim,0.024238914174448567,-0.00219409820594052,-0.2125427714172563,0.08803570848395736,-0.03463664557401458,0.1917485904021401,-0.03751217502368842,0.041267352956975145
CGCCAAGAGGTTACCT-D1_NoStim,-0.05203190437832461,-0.08662484251459013,-0.3814336539382275,-0.019181444795185243,-0.012540238261808057,0.08649021513082822,0.12911985864391173,-0.06436220466731157
CGCCAAGAGTGCAAGC-D1_NoStim,-0.08813900545680653,-0.09204034875549816,-0.8038948481814927,0.17063389804919993,-0.02960734554462796,0.21884261356272905,0.5794383386634321,0.04939875462284604
CGCCAAGTCCAGTAGT-D1_NoStim,-0.011833569210358164,-0.04298273490784332,-0.06407776457302816,-0.007258895567462176,0.46082744494677286,0.19235402881891162,0.14555771802385475,0.013338981228937286
CGCCAAGTCGCAGGCT-D1_NoStim,0.13387789022978325,-0.007550742428033885,-0.11614663661848112,0.10766158861602904,0.17332239001834537,0.27377194233277535,0.4040457168995504,0.10073615514441947
CGCCAAGTCTGCGACG-D1_NoStim,-0.04213361264068105,-0.05475615772166087,-0.39518919767161975,0.0975722780443018,0.03508016785171186,0.2308022182322702,0.361686729257813,0.029632631215818606
CGCGGTACAATCTGCA-D1_NoStim,0.044465273619110235,-0.0013918674412618515,-0.2447813369470193,0.05853726961465533,0.048928624374765306,0.09461251945988014,0.009938532522519417,0.03920542633219526
CGCGGTACATCTCCCA-D1_NoStim,-0.03149002123416089,-0.05394699273716874,-0.07427772988634729,-0.004534838857185974,0.12000427738420072,0.17828807739202723,0.07081123454902727,-0.019251482704802925
CGCGTTTAGCTGTTCA-D1_NoStim,0.0028724581302359553,0.015990805312986467,-0.1624030301354793,0.046010505141682145,0.3484440232364072,0.14941420161978058,0.06287321886525987,0.04919149775709286
CGCGTTTTCGTGGGAA-D1_NoStim,0.009221196876129767,-0.06579023851750421,-0.40955143172909736,0.07260867803697302,0.04002759063321193,0.27570990851459243,0.1400412047458488,0.0174333506925759
CGCTATCCATTGGTAC-D1_NoStim,0.09307471868540595,-0.0021108641203735345,-0.12710541297789746,0.03212743851214661,0.3508697845305093,0.25196582969414827,0.13334332513299163,0.05361521769574473
CGCTATCGTAGCCTAT-D1_NoStim,-0.0645555231588606,0.001781202723448061,-0.20532430820181347,-0.02005116040927568,-0.05159416267965966,0.14493874374650595,-0.028531499761293766,-0.018933662545647323
CGCTGGACACATCCAA-D1_NoStim,0.018300422354467827,-0.008416478700077334,-0.26951482102323787,0.06766712966705235,0.07400414879246497,0.2459846090868627,0.10568753860145996,0.04557098094247891
CGCTGGACATCCAACA-D1_NoStim,0.050721031134552064,-0.027918563438879218,-0.13393484717576065,0.028660074253741286,0.41611023406766634,0.27961391923850343,0.11247472912293865,0.027142089745730402
CGCTGGAGTTGAACTC-D1_NoStim,-0.12815965738400514,-0.004073287070399445,-0.2461750864255947,0.0020315764031835215,0.2749911245022343,0.20574867933722096,0.03151085023467903,-0.01810170452198001
CGCTTCAGTTATCACG-D1_NoStim,-0.013198326286277151,-0.05589535068663487,-0.15758163745438125,-0.03901086512330387,-0.05229954378555668,0.054430829902603506,-0.13109769682447325,-0.0484492858582648
CGCTTCATCCCACTTG-D1_NoStim,-0.020765531859005648,-0.08565759077830215,-0.6317758942553731,0.059173798816845036,-0.18698673728111537,0.14870106534168048,0.43814658607967605,0.036832637395500356
CGGACACAGAGTAATC-D1_NoStim,0.023779300601447062,0.010713933683492272,-0.15963348460111604,-0.005222739992829517,0.002067007966310541,0.053769145756179526,-0.06596723030901508,-0.020896404137264568
CGGACACGTACTTCTT-D1_NoStim,0.15278568549648952,0.012643324961032931,-0.2529123697183806,0.0742421887170277,0.3055756303482795,0.2492666790987501,0.1459685079101245,0.06444147496752173
CGGACGTAGAGGGCTT-D1_NoStim,0.08831536026199949,0.029696194112972307,-0.03501502238547616,0.08911699749453916,0.12656058324446562,0.1732450709484432,0.06777344432480792,0.0455072685393656
CGGACGTAGCAGCCTC-D1_NoStim,0.09640965221993625,0.049460288638524474,0.07741724188713661,-0.013841909572201772,0.10181385089021688,0.01184081716857932,0.020589713371454543,0.03863469726321789
CGGACGTCATCAGTCA-D1_NoStim,0.02334913607558775,-0.02861630720016528,-0.06088945485381103,0.018768673366810873,0.43390141344709576,0.2365884973394543,0.13322997975242057,0.04189181921715779
CGGACGTGTCGGATCC-D1_NoStim,0.06652136346248128,-0.0157972720399826,-0.28429125810564315,0.056493613980800106,-0.05106919973975721,0.1450263676718455,-0.009769484423044261,0.005853410980364515
CGGACGTTCATCATTC-D1_NoStim,-0.03125803107906577,-0.008517946893142891,-0.25176588208479167,0.03166273779826234,0.1385511594140496,0.1658648204953206,0.15706884072716898,0.02070016546695186
CGGACTGCATAAGACA-D1_NoStim,0.06205487290409728,-0.02789384239149939,-0.44312125948725267,0.16002598673639135,0.09516033489862252,0.3535777894234009,0.4580436587067309,0.11382924267953598
CGGACTGTCCGAATGT-D1_NoStim,-0.12554044412568466,-0.10096349029568152,-0.34391395695168114,-0.04002019909841614,0.24127643323941683,0.07471381144842226,0.0224957566028543,-0.08536926872839068
CGGAGCTAGTCCTCCT-D1_NoStim,0.007599348342072432,-0.041927092465543936,-0.04550195939561519,-0.0038925119102124484,0.3991918161497132,0.22549064617704495,0.15770930756377677,0.006836518947059389
CGGAGCTCATTCTCAT-D1_NoStim,0.024938299235262917,0.030700419838799675,-0.2035515706128308,-0.02914498447393221,-0.008557966968433917,0.04944325696533092,0.20060805929321113,-0.013485073326824804
CGGAGCTTCCTTTCTC-D1_NoStim,-0.06604198340620471,-0.058518306770878326,-0.2390170233221447,-0.09766016599483685,-0.08650386719946113,-0.06752595106733139,-0.21266840656300268,-0.11423566719292744
CGGCTAGAGAAGGCCT-D1_NoStim,-0.05829329937596661,-0.07144435818812056,-0.2726431656255457,-0.05101394883593535,0.23210508214852865,0.06168528020148045,-0.07384804562388503,-0.051723538544484526
CGGCTAGCAAGCCATT-D1_NoStim,0.06156791923262084,0.023433465956872013,0.08703677841938351,0.0548278625410461,0.4625330366598597,0.13620598952229024,0.035461412043384044,0.07456228908771756
CGGGTCAGTACAAGTA-D1_NoStim,-0.07278352262469134,-0.06551747131640084,-0.18015919630842347,-0.036821672062913535,0.10913390261331735,0.08451542549696711,-0.005848416861798711,-0.05159077398946721
CGTAGCGCAGGTCGTC-D1_NoStim,-0.04616784301587984,-0.083838505627023,-0.34385255538909476,-0.012989039913701816,0.028743065426825254,0.08619721467095065,0.06080910462039224,-0.02493186093934341
CGTAGCGTCTCAAGTG-D1_NoStim,0.08060065735712385,-0.024442192889370773,-0.3245226483141366,0.04437836075256385,-0.054801786386160956,0.11221521381018551,0.02177612471703272,0.0028431828440389495
CGTAGGCCAAGCCATT-D1_NoStim,-0.09188336744251657,-0.08087605404777776,-0.34296288529340657,-0.054611109143824166,0.18963718559815135,0.07677798072607889,0.027347674276523293,-0.0784268129009309
CGTAGGCGTCGGCATC-D1_NoStim,0.000402042919532164,-0.10085797380534878,-0.2913824611420477,0.03531617096147066,0.08967213487368753,0.23028207320003258,0.045385786291685104,-0.019199212270818222
CGTCACTCAAGGACTG-D1_NoStim,0.012108410193407693,0.013989319340666384,-0.1398080398303776,-0.02378050243521379,0.05040888726551351,0.10855026626421349,-0.14918609942968786,0.0014159779374978143
CGTCACTGTAAATGTG-D1_NoStim,0.06380725142610899,-0.00576884506794606,-0.22424115586686177,0.05692545967206364,0.03906512157892372,0.18635404150252377,0.03628166023751778,0.005291258777676333
CGTCACTTCCCTAATT-D1_NoStim,-0.07382422247509624,-0.08829696170616685,-0.2729048550659421,-0.05717861788983036,-0.03575310098703177,0.006967692872647646,-0.0828255454408664,-0.08410006009050619
CGTCTACCAATGGACG-D1_NoStim,-0.005521072590623177,-0.013151687203876605,-0.16024502015227426,-0.007268316707582656,0.01149539831301638,0.06946453337185954,-0.14241919129793512,-0.03675201222617197
CGTCTACTCCAAAGTC-D1_NoStim,0.09370713918836593,0.03798597648278346,-0.24117207319922684,0.05199097506471162,-0.021683825123743006,0.08581136497024655,-0.01395756818569982,0.01816527859101491
CGTGTAAGTCTCTCGT-D1_NoStim,0.060355380404347514,0.0064249089387971026,-0.003119303474584001,0.09804981553242875,0.3855916167348994,0.169659803954179,0.12687900537272156,0.08187799857696554
CGTGTCTTCCGTAGTA-D1_NoStim,0.11130691765000122,0.053413953208925946,-0.14039033658605504,-0.046233348602230606,0.03898033613172558,-0.03389574173558252,-0.27689670319202175,-0.02148360403699101
CGTTAGACAAGCCCAC-D1_NoStim,0.08530171826615351,-0.003971474063215297,-0.40037311759775385,0.05721813506671225,-0.051785106785775525,0.20643835868224514,0.012432592823004462,-0.0001916337051692807
CGTTAGACAGCGTTCG-D1_NoStim,0.05521730504824163,0.013058431497068312,0.07705620853877093,0.06542244470126413,0.3901543083588468,0.18486912952062973,0.1417730737736811,0.06451508022797725
CGTTAGACATTCCTCG-D1_NoStim,0.13787685186937892,0.012353807381510151,-0.12314516591635716,0.1008287367463101,0.22125451780113892,0.23891910182564224,0.26182697038520875,0.10561761258046154
CGTTAGAGTTTGTTTC-D1_NoStim,-0.011845927158526948,-0.010421741099703397,0.03341945618672426,0.03280149369280316,0.3360951373747323,0.17369410597917145,0.09772611707651535,0.03654396143772232
CGTTAGATCGGCCGAT-D1_NoStim,0.04357880856678342,-0.002924044409136073,-0.2101720969435732,-0.006211302503334792,-0.015533437416266338,0.06749058585175316,-0.06492216373590587,-0.020753160067167542
CGTTCTGCATAAAGGT-D1_NoStim,0.06644010580535209,0.011817185947641917,-0.05726277394043322,0.04725937681905812,0.3257937303665628,0.19260532539220954,0.08630075928208347,0.07628903409499088
CGTTCTGTCTTGCATT-D1_NoStim,-0.064775449579896,-0.04957510153634992,-0.011084003114927299,-0.031703354515492776,0.1396407786695235,0.09036799115876804,0.023061943768480475,-0.03829034048539626
CGTTGGGAGATATGCA-D1_NoStim,0.06611912720149782,-0.06004663068226712,-0.43004925969183105,0.08319629634814873,-0.02762760668890074,0.2572014283870798,0.059609732009296756,0.037742441727322884
CTAACTTTCCCAGGTG-D1_NoStim,0.0633693634611916,-0.06309498928228052,-0.38571864399640354,0.051291204277058355,-0.023022984446539496,0.26024346033596135,0.03817031714126262,0.026132053770083985
CTAATGGAGATCCTGT-D1_NoStim,0.06362130693801404,-0.039280707951492744,-0.3368555969995519,0.04470167332880948,-0.03642607327649294,0.17378187710289605,0.060374866368243296,0.03273887686607324
CTAATGGAGGATGGTC-D1_NoStim,0.0735366945434972,-0.05373173670366782,-0.4176972668837493,0.032789094564371624,-0.031211720111324226,0.13809149380425811,-0.00361663165927828,-0.0007248441839085018
CTACACCAGCACCGTC-D1_NoStim,0.08370562112048496,-0.005276797485137763,-0.35875626993570897,0.11788126311445346,0.30049776043015086,0.3049097100896354,0.2898745981457642,0.08794442350622411
CTACACCCACCAGTTA-D1_NoStim,0.06423531131727422,0.028153178525464284,0.17815778045623354,-0.02292907865977334,0.12424143474141758,0.05348617068000827,-0.06035215245746128,-0.014434511612186895
CTACACCGTTGTCGCG-D1_NoStim,0.008449305731002,-0.05827641687189811,-0.07630263496839262,-0.01763807146950036,0.2881813891088516,0.12171479031778532,-0.04056751815322368,-0.001469296339960735
CTACACCTCCAAAGTC-D1_NoStim,-0.04067238292170039,-0.06418361403184036,-0.19374901790654064,-0.008332755177933748,0.14858938612643158,0.11825081641387314,0.008191554799894085,-0.018554199477593514
CTACACCTCGGTTAAC-D1_NoStim,0.10620537737612601,0.04403360013424518,-0.21755296539752678,0.06385620534823744,-0.028813301970753713,0.15178485194456304,0.06769155336719468,0.036138015491236075
CTACATTCACATCCGG-D1_NoStim,0.07258229467119648,-0.023256894053760746,-0.3641042927707012,0.05942684016426014,0.2360122064798702,0.266893036836672,0.18543989235086222,0.08037305454565669
CTACATTCATACTACG-D1_NoStim,0.008939931168605142,0.008239657269889733,-0.12041745660512149,0.006280414805063472,-0.05654810136916133,0.02747344687549713,-0.13709113667364292,-0.018318548342307395
CTACATTGTGCAACTT-D1_NoStim,0.09606049913509374,0.009885529824968486,-0.371804380889607,0.03811361849022177,0.21768637971141835,0.2689010115931625,0.10952334672349329,0.050812386200847826
CTACCCAGTGATGTCT-D1_NoStim,0.06008901010869572,0.004887449560367685,-0.33275913251174494,0.21573112558624885,-0.12425609962496331,0.22370551974901964,0.33864619904573345,0.12598310161124537
CTACCCAGTGGACGAT-D1_NoStim,-0.00014454929571705577,-0.04223787878682295,-0.2467530390191115,0.033916465729454615,0.03226013897991464,0.16437371618802565,0.024647996921282722,0.009672126949899607
CTACCCAGTTGTACAC-D1_NoStim,-0.01632391639148878,-0.05220769489750943,-0.11957590328897894,-0.03432328973444854,0.022789569184055836,0.06303357740875803,-0.13763824904521815,-0.06164413307123162
CTACGTCCAAGCCGCT-D1_NoStim,-0.008435706958533018,-0.03771958661785746,-0.2388265782055221,0.003975000495188397,-0.0008004296197761107,0.1605033711927586,-0.018535601185565298,-0.01960048166258943
CTACGTCCAATGACCT-D1_NoStim,0.07505835558573892,-0.050967660075484034,-0.4641201457310373,0.10542044953925966,-0.12397208848700103,0.24937955697533187,0.08888451913323614,0.015525436458126762
CTAGAGTAGCTAGGCA-D1_NoStim,-0.006999145303263177,0.0330443217802916,0.0905895152911409,0.028247554630747018,-0.14616710461139704,-0.032062279595196586,-0.03282218586469554,-0.00405677226143375
CTAGAGTCAGCTGTTA-D1_NoStim,-0.048894542226115334,-0.06639161227147738,-0.5544632410239405,0.2045703774773866,0.030187714743107108,0.27913154096373916,0.6485930773014861,0.06365144435359582
CTAGCCTAGCTTATCG-D1_NoStim,-0.09775393163982393,-0.07403207279011248,-0.13492537389013393,-0.044480026208900014,0.0683354968486789,0.05859006851939341,-0.003344373832293357,-0.07084583214244056
CTCACACCAAGTAATG-D1_NoStim,0.057897954537160956,0.004356096934033715,-0.016104645519492422,0.061894363937586405,0.04846843422133951,0.1304723469086415,-0.04945533214215114,0.013227070800944318
CTCATTAAGGACAGAA-D1_NoStim,-0.004640892257786078,-0.036149200550024574,-0.34019109330174757,0.005825848527210908,-0.04589955965715653,0.08568299670641544,0.00801496639914756,-0.03356618378494147
CTCATTAGTACCGTAT-D1_NoStim,-0.05447102286665739,-0.024060915869437594,-0.1687548051749772,-0.016807098941230336,0.37224424496415764,0.1795550081923487,0.007189483567493049,-0.012382511859856393
CTCGAAAGTCAATGTC-D1_NoStim,0.11080373756472817,0.0073836518063110645,-0.33435544156352925,0.05936829900414331,0.31676129497920513,0.276270443376859,0.12333216960999316,0.06943069992143514
CTCGAAAGTCACACGC-D1_NoStim,0.020582373984268543,-0.03609723702694545,-0.404686598028718,0.034096941094693634,-0.0899912120693358,0.1783212131086831,0.035202543362452765,-0.000933977050234347
CTCGAGGAGGGTTTCT-D1_NoStim,-0.004995183642851231,-0.07656231664763169,-0.5194450392825534,0.11676503489220202,0.3272099636207173,0.36847167758568666,0.7958105638598969,0.09892072411166808
CTCGAGGCACGGTAGA-D1_NoStim,0.10056989788448867,-0.024926788203085692,-0.4082427304590439,0.128241471774027,0.054745166984279336,0.3261178482513767,0.1783330148620732,0.0725942532258479
CTCGAGGTCCGCATAA-D1_NoStim,0.07280785724325334,0.01267261181885182,-0.25833318271773464,0.15042884699439796,0.19933079343416438,0.2618261017215513,0.3107219988286074,0.09664132440875584
CTCGGAGGTCCTAGCG-D1_NoStim,0.021784144396077565,-0.009910293926857605,-0.36044315867128596,0.05864604591715583,0.10181466107235693,0.18749243044429953,0.035848648701716446,0.009982181645520782
CTCGGAGGTGCTTCTC-D1_NoStim,0.06893426524587909,-0.03684457013493869,-0.20484537970815353,0.060262115131674676,0.04176190236705857,0.19462521578345893,0.11325021108296962,0.03561503117356146
CTCGGGAAGCCACGCT-D1_NoStim,0.02146963798423407,0.0062883249039416,-0.3881877738764974,0.06699010550216755,-0.0772440457149397,0.1337570882752539,0.16095217619348645,0.04881394613665968
CTCGGGAAGTAGGCCA-D1_NoStim,0.06799580532750937,-0.0024803349701869593,-0.08605768947050407,0.07440572467524476,0.45605452341125385,0.1816953664725265,0.19485070244368696,0.08721385494984801
CTCGGGACACATTAGC-D1_NoStim,0.03871906261667313,-0.024945188414607244,-0.3518905537381549,0.045806218635490836,0.025273249924802954,0.17553160943444013,0.05017189587964843,0.01535318485970194
CTCGTACAGAGTAATC-D1_NoStim,0.05132780739376308,-0.06155750568457741,-0.3027095670023918,0.05694108036660772,0.04513578963492115,0.2521174800888737,0.11470984207600043,0.015544374220310075
CTCGTCAAGGATGGAA-D1_NoStim,0.011519882394127379,-0.048650987225729025,-0.048979498370872676,0.021023171310892153,0.10070882952602389,0.19112049817260868,0.03667678203381719,0.016477145072977706
CTCGTCATCCGTCATC-D1_NoStim,-0.0540960512141222,-0.08752314543075101,-0.6996952862608321,0.1998416583218514,-0.04708763632547175,0.3128709027930192,0.5405736142092534,0.04295218046829419
CTCTAATTCGATCCCT-D1_NoStim,0.0727033410040061,-0.007086361275648656,-0.09079793903520716,0.026021668706551537,0.06851688927792843,0.1278001234762529,-0.09240980618999028,0.03313425940352843
CTCTACGAGAGGTACC-D1_NoStim,0.042070105811905734,-0.007275723731996919,-0.1889487245088386,0.03634924901968262,0.02303065233692969,0.17037378070797438,0.07091396814570317,0.0347961904601668
CTCTACGTCCGTAGTA-D1_NoStim,0.04879445227266821,-0.021676021235983,-0.4251256788048945,0.0454438916937967,0.07939893571278667,0.2375467762517509,0.0838850611056321,0.017738118882684617
CTCTGGTGTTCTCATT-D1_NoStim,-0.12028073600569655,-0.10148119417961432,-0.4000589629909541,-0.031616376076708974,-0.03200327473254383,0.09206653456928571,0.1675386923959179,-0.0754101180308524
CTCTGGTTCCACGACG-D1_NoStim,0.026146468305217496,0.00800382014997858,-0.08542529467119309,0.061780033172231796,0.39217693684134325,0.20550456055072708,0.1134374593393801,0.07535208887405354
CTGAAACGTAAGGATT-D1_NoStim,0.03043063272819424,-0.042352308704259656,-0.22500311036001008,0.03904760692786091,-0.02218843486286559,0.1003084855947094,-0.016186984665513826,-0.0026657791384838703
CTGAAACTCTAGCACA-D1_NoStim,0.06440236310582748,-0.0068450924037524175,-0.0845265578374601,0.0405042582864219,0.43348856896226806,0.16578032579470836,0.08902287434232825,0.047648299181512144
CTGAAGTCACATGGGA-D1_NoStim,0.028265174144067373,0.03216589573741224,0.12261901891757887,-0.059332395243949065,-0.0294492966434845,-0.026833157041341593,-0.04055585272637341,-0.0057621660091271565
CTGATAGGTCGCGTGT-D1_NoStim,0.03800189263269438,-0.04466759384514418,-0.616563150782909,0.12172444460863474,-0.07788544610217407,0.24644751493691253,0.24793751846511114,0.058611009938530856
CTGATCCGTAGAGTGC-D1_NoStim,-0.037683073002575895,0.000503770655086555,-0.05602536298990479,-0.028595017893907837,0.29587651169009455,0.18595253194040318,0.007575201308999802,0.022141636791594976
CTGCCTAAGTCTCGGC-D1_NoStim,-0.005783080130818519,-0.025930057351036595,-0.33720945517362644,0.0595601848101559,0.2689321724768625,0.25672036987508307,0.4402302780401781,0.04050713938782202
CTGCCTAGTACTTGAC-D1_NoStim,-0.042361224358920424,-0.026786159152315747,0.0302244885980123,0.008924200286392292,0.4342689398270245,0.22053484253246758,0.12562625192938714,0.022519800900747455
CTGCCTAGTCTCTCTG-D1_NoStim,-0.011854743221979547,-0.07662181559967429,-0.24364237842238268,-0.014703939650363651,0.01214770701489698,0.1118975483366178,-0.0042218829238303,-0.044292752383265466
CTGCCTATCGCCAAAT-D1_NoStim,-0.028482576961327055,0.014048184922840434,-0.1818127907305609,-0.02546496670183629,0.03347405899990186,0.16846526861856326,-0.0378209484830081,-0.01456463941352304
CTGCCTATCTGGCGTG-D1_NoStim,0.09858473261179057,0.019789738510342048,-0.0880457219367834,0.11452137560821107,0.4782175006063767,0.2613354245286015,0.30758840013611355,0.07891124537194649
CTGCGGAGTTCCGGCA-D1_NoStim,0.05127988640238712,-0.05388675337518478,-0.2245562584543137,0.02403724570006993,0.03863062369142334,0.20663063832149042,0.09847073744998847,0.011836428797188603
CTGCTGTGTCCTCTTG-D1_NoStim,0.054959543993788884,0.02761700943243639,-0.15134642468531467,0.05416902324894579,0.1112668693676877,0.1243305509300674,0.113950678841519,0.0400913133824794
CTGCTGTTCGAGGTAG-D1_NoStim,-0.017507317492414742,-0.09690276257745722,-0.03431620248104039,0.01617438705777907,0.058286755541757884,0.16720384059511773,0.09293551513692222,-0.0030357619907182
CTGGTCTCATACGCCG-D1_NoStim,-0.011443275198489644,-0.08539348955446968,-0.31595132466731,0.023277791500836642,-0.019349193834035106,0.10170542909945635,0.05443538832997685,-0.026558637058712975
CTGTGCTCACAGCGTC-D1_NoStim,0.11573560471309463,-0.0011949846141732223,-0.415097789813629,0.04590023121729203,0.46954868482353973,0.31784188945683844,0.15006721423392477,0.07998023755069106
CTGTGCTGTTGAGTTC-D1_NoStim,0.01732322598580005,-0.10346753890049598,-0.3968072610024844,0.0643261502189354,-0.05863080903566065,0.28699756553197986,0.1545990462119171,0.006913522849064435
CTGTTTACACACCGAC-D1_NoStim,-0.012515165745211831,-0.03655222428352367,-0.1820341966905623,0.01594754566629497,0.08482461020970611,0.12539090327621594,0.05071304992886683,-0.012116544249259675
CTGTTTAGTACCGTAT-D1_NoStim,0.038274903774617286,-0.09801211024969447,-0.3959310733929282,0.07310977516771366,0.02546613708387646,0.26103994081711424,0.08138778287989945,0.004697700271423244
CTGTTTATCCAGTATG-D1_NoStim,0.06357949513003369,-0.009020064153805407,-0.2613910717675765,0.020434732590354443,0.4220914541613663,0.260478703422967,0.1383634044617854,0.04862134930475648
CTTAACTAGCAGACTG-D1_NoStim,0.051153042828051554,-0.024735030973566552,-0.35468598699168297,0.04603311438462221,-0.09742534784181345,0.18475716570760436,0.1383194319920813,-0.01858116013088207
CTTAACTCAAGGACTG-D1_NoStim,-0.01596929646488121,-0.04988517348879462,-0.09615782609300183,0.0043047873217467725,0.08813067347982795,0.13382970511323933,0.08279572671065072,0.002521425244315978
CTTAACTTCAAGGCTT-D1_NoStim,-0.10851763133774206,-0.09653465052876165,-0.19947456817328302,-0.06860615337238407,0.010042477442986808,0.049993386993067546,-0.11122435770276784,-0.10717264084351363
CTTAACTTCTATCGCC-D1_NoStim,-0.05000505797617727,-0.05452487854594068,-0.1800496204749109,-0.07762939062738816,-0.03367041591627995,-0.010677409026064844,-0.20661189328883456,-0.09329437307220445
CTTACCGAGTTAAGTG-D1_NoStim,0.04776972896298659,-0.0508618515590431,-0.3724834382030302,0.08020570587461151,-0.05533956436441123,0.22578916658734904,0.0937621054980986,0.03240637226441123
CTTACCGCAATTGCTG-D1_NoStim,0.041756109659067064,0.024368140329066534,-0.05571097181362461,-0.12880608913965297,-0.1547653006164147,-0.1579160290520445,-0.2761806604285786,-0.06661452004082591
CTTACCGCAGATCCAT-D1_NoStim,0.06157253855225697,0.029797548969836996,-0.18151929534471556,0.06073296973734088,0.42399165652361503,0.2086656230924131,0.22149500116542153,0.05470325629369022
CTTACCGCATTGTGCA-D1_NoStim,0.05711925372544968,-0.029725365143091764,-0.4041285048911689,0.10403683831501098,-0.014954967332934999,0.09652104294219921,0.233792703246138,0.051192687416829585
CTTACCGGTTGCCTCT-D1_NoStim,0.06651705545552389,-0.018795204595924986,0.03264824772998409,0.026021735481196018,0.3521510585219403,0.20880442942630317,0.1681148075222989,0.048693471578401315
CTTACCGTCATGCATG-D1_NoStim,-0.0636432872074213,-0.036007663226302,-0.08660536458936008,0.03575253035677406,0.34682905938370645,0.13301353310769848,0.21210372424012647,0.015973593265623975
CTTAGGAAGTTTCCTT-D1_NoStim,0.009573968273297595,-0.028862225867857916,-0.3335372409709336,0.03979980352504242,-0.10898810846104112,0.1272060423151915,0.036971803497910294,0.014230306176193253
CTTAGGAGTAGTAGTA-D1_NoStim,0.13233829350484605,0.08152271624866358,0.2696999954538324,-0.12459064778733975,0.15672836752579933,0.03544679039483345,-0.36757900032695723,-0.03892052822516767
CTTAGGAGTTCGGGCT-D1_NoStim,0.09952677174422497,-0.027401625930810525,-0.24038964609651003,0.04251609924025068,0.042720837148042534,0.2445177740665443,0.13593942238489376,0.058511053451189454
CTTAGGATCCCTCAGT-D1_NoStim,0.043721159883270744,-0.014028505934382096,-0.2926123972239054,0.0663723800947551,-0.02691270339681573,0.14932050688498588,0.023721801509911877,0.025819070664361732
CTTCTCTTCTCCCTGA-D1_NoStim,0.08375355545138952,0.004876703477197708,-0.28578035959328574,0.03481051925484557,-0.0827328950785251,0.11995569050189747,0.003460654480534675,0.029203084031701465
CTTGGCTAGAAAGTGG-D1_NoStim,0.059812567388071614,0.0013104554445408922,0.007561269415433003,0.023424039522620177,0.41274709673156096,0.25103915907120466,0.23996604463378102,0.058420337487724794
GAAACTCCAAGAAGAG-D1_NoStim,0.13163903472168492,-0.013585504273615712,-0.18016873355522023,0.05060796120451272,0.19963106821004217,0.27889098476908636,0.20884608188246734,0.08131188379656784
GAAACTCCAAGTCTGT-D1_NoStim,0.05679765244438073,-0.05496119119382925,-0.32001615497057045,0.030571516969015278,0.09283558501090461,0.27704668179986225,0.07433398361060872,0.032592862733739736
GAAACTCTCTGCTTGC-D1_NoStim,0.08358762667407404,0.020369187830381108,-0.24347218941853654,0.032130909430382104,-0.03168026004915703,0.09691865895990137,-0.013221796489237825,0.0080768339425763
GAAATGACAAATTGCC-D1_NoStim,0.06764382695466686,0.0001555719876957795,-0.10927431966116607,0.0036871194621390657,0.4607516412458246,0.18275287765659343,0.052717960397435704,0.0414345347973466
GAAATGATCAGTCCCT-D1_NoStim,0.10439526212457118,-0.026195316552740877,-0.27710015810684574,0.09257437500934529,0.2449461411517042,0.3307231221924436,0.2535453838554762,0.07981038411960206
GAAATGATCTTCAACT-D1_NoStim,0.06983622656147759,-0.01318029713754143,-0.24489081104600174,0.0509674868880321,0.2764934525881664,0.247640928335092,0.16400252046524155,0.07193029128468176
GAACATCAGCTATGCT-D1_NoStim,0.08117264362662091,-0.016101837024541155,-0.0019332576385053812,0.03437556212066539,0.1783129572972868,0.20660977498237187,0.1256848481874906,0.04137957992470653
GAACATCTCCTTTACA-D1_NoStim,-0.015413586458890904,-0.018149630231194536,-0.34205234000169327,-0.006754215800485852,-0.1642983655111987,0.042791476859448174,-0.009740365782603178,-0.045827095482673386
GAACATCTCTCCAACC-D1_NoStim,-0.09147227232995903,-0.10339877424610933,-0.2869361376314252,-0.05829274967120668,0.01875780468458821,0.01875557538576622,-0.14574906496394924,-0.10469544633018302
GAACCTAAGCCACCTG-D1_NoStim,0.016403193200792643,-0.0387930095251523,-0.13148127182749292,0.004966998023904878,0.02630357207764078,0.09661172788652195,-0.009497589778853843,-0.026892438580237155
GAACCTAAGGCTAGAC-D1_NoStim,0.09782578979742951,-0.015186112508585481,-0.3833951522743533,0.060514807271777826,-0.07018639022269113,0.21433641002953863,0.0075068428830245,0.028684103529313276
GAACCTAAGGCTCTTA-D1_NoStim,0.012545373149903227,-0.059863314614826635,0.09797134409859787,0.053714138178719395,0.0906756238573756,0.06478625086864298,-0.09557467979810941,0.03501453829223422
GAACCTACATTTCACT-D1_NoStim,-0.0771665344297503,-0.08289133293960127,-0.2198336748372185,-0.07915081488932074,0.04870631861201957,0.06434762977180064,-0.2990721185135925,-0.0981310648695164
GAACGGACATGGTTGT-D1_NoStim,0.024937136144025374,-0.04207304321045946,-0.12874092952276683,0.012156837470451265,0.11462781096954444,0.21775507175494635,0.10002717668242012,0.008492367814787016
GAAGCAGGTCGACTGC-D1_NoStim,0.03382415500708014,-0.01959091743862551,-0.19254416003391484,0.02212712892791835,0.31607433873854873,0.22409022679052448,0.1140834401477111,0.04272293546106276
GAATAAGCAGCCTTGG-D1_NoStim,0.10638334897681645,-0.00600816768847956,-0.14789267699389086,0.07663973295248816,0.3528092518487469,0.2935645854917226,0.156525090528695,0.08840136097997586
GAATAAGGTGTCTGAT-D1_NoStim,-0.06303436440693133,-0.0525788246428629,-0.002756039340681582,-0.05401969226469561,0.10173725810980194,-0.0847906904267326,0.1880856494913843,-0.026152620289128237
GAATAAGTCCACTCCA-D1_NoStim,0.01930463538291427,-0.02301327075768178,-0.1973576020585348,0.037706697684342316,0.21264681685721243,0.18246681684121313,0.13186932352159264,0.04844737094631846
GAATAAGTCTGCGACG-D1_NoStim,0.03654349759093911,-0.045099742094556916,-0.21539433054794088,0.0369201139055324,0.0055305014767697,0.13157878777410215,0.08786775023845195,0.005250601634628538
GAATGAAAGGGATCTG-D1_NoStim,0.08475256799089159,-0.04821414129607682,-0.4428890944467767,0.07734367410780685,-0.09304253688098285,0.23691830726768615,0.04356137404166205,0.022592266585435894
GAATGAACAAGGACTG-D1_NoStim,-0.08393890389170089,-0.07070283783836828,-0.05245673796796524,-0.015628223829605048,0.0709777443267221,0.13758453565586315,-0.03998426464060767,-0.031598363325304746
GACACGCAGGCCCGTT-D1_NoStim,-0.11699059233126086,-0.05734104230947423,-0.10233966340388889,-0.01798714204637797,0.3884817262752911,0.13456678588103266,0.029929206151892984,-0.030337538845445877
GACACGCAGTACATGA-D1_NoStim,-0.043432607642463594,-0.06923045587902266,-0.10933168837042473,-0.01998012966754814,0.34333337412563125,0.1645212881070961,-0.00012481666408792336,-0.017818570635322217
GACACGCCAAATCCGT-D1_NoStim,0.012479248272580179,-0.04146053491115076,-0.025362855178556742,-0.031532862669287454,0.06002122696538059,0.09837127402388202,-0.06988648238812178,-0.03007301827128117
GACACGCGTACCAGTT-D1_NoStim,0.07125102157792718,-0.022012875153182065,-0.40902331225850297,0.14233057367461655,0.01302034842871791,0.3136940450959145,0.44981605312451656,0.10898743878500383
GACACGCGTACTTCTT-D1_NoStim,0.06914027296595471,-0.009730886917024506,-0.12659758997363113,0.005184902193658303,0.35638469765560643,0.21813482714103039,0.12533693274606694,0.0448027154004631
GACACGCGTCACACGC-D1_NoStim,0.08381703068421054,-0.006066182936747211,-0.3658292130804526,0.03909246893364404,-0.10329060435928916,0.126652867427552,0.0017516241080413053,0.022084397268317346
GACAGAGGTTCGTCTC-D1_NoStim,0.0067386911794713455,-0.025147951453956097,-0.5381924990379652,0.1517669586523951,-0.03473605305902616,0.3693918063069823,0.2600195621564527,0.060383226630612796
GACAGAGTCCTAGTGA-D1_NoStim,-0.16537526638216526,-0.07515438792371221,-0.6476687109831172,0.16147142365581502,-0.01799229795613222,0.24981946848313363,0.48100776138887014,0.010372980208320115
GACCAATAGTACGACG-D1_NoStim,-0.010871964546007362,-0.04079534038828214,-0.12087549305560685,0.02976968519153189,0.14415888196454674,0.13320157484786144,0.11437729317312595,0.007212382269308648
GACCAATTCTTGTCAT-D1_NoStim,0.06759039716464876,-0.012130560310600558,-0.3061866037276282,0.02231777321055972,0.31648826646672745,0.2387129165282058,0.13564330051740736,0.0419917445423863
GACCTGGAGAATGTGT-D1_NoStim,-0.07173582839895154,-0.07313276568614846,-0.27720648376415724,-0.0370432312839295,0.07560290457346497,0.1006714281283676,-0.02030510921950679,-0.07808494368748065
GACCTGGAGCACAGGT-D1_NoStim,0.06142923694969582,0.003963953610060855,-0.3609459559106174,0.029859139049632333,0.21219478858447793,0.22726303283924842,0.08286698994313912,0.045264113745666634
GACCTGGAGTGCTGCC-D1_NoStim,-0.01360534851152373,-0.0035026439108012397,-0.09255785936219141,0.022163110579807466,0.4881238680909519,0.1407306826842234,0.1167468890394332,0.008111737502829897
GACCTGGCAGCTGTAT-D1_NoStim,0.13284604277231793,0.10613162220348293,0.15089436033829706,-0.07008776090359703,0.1231771350001587,-0.016332863442579892,-0.26077375595606966,0.021572392291265174
GACGCGTAGTGGGATC-D1_NoStim,0.0970306132379708,-0.014174249534836036,-0.36626373066297546,0.03402616696419969,0.41938437470644985,0.30817737838113324,0.13102641491917577,0.06657762867280326
GACGGCTGTATTCGTG-D1_NoStim,-0.003499796663909649,-0.0179685105119205,0.07707465985494011,-0.01580896409443433,0.4123199932328774,0.1805033567132952,0.07138666832455431,0.016720358034623573
GACGTGCAGCTATGCT-D1_NoStim,0.10019225147224198,0.009731635101561054,-0.2309962901798741,0.0665482464161471,-0.06350569617945823,0.19028219355835496,0.04162022657744169,0.04088112174236791
GACGTGCTCCAACCAA-D1_NoStim,0.08066635884165585,-0.01682667894196932,-0.3485514316052605,0.04252466573934832,0.285609940155652,0.26784815346840496,0.09000200800958469,0.06550867178090236
GACGTTAAGATGGCGT-D1_NoStim,0.10289832014170486,-0.002225648647584677,-0.25830002510425487,0.1332573064798872,0.10826881238461361,0.2725249231614164,0.202513295003536,0.08388301917879559
GACGTTAGTACAGCAG-D1_NoStim,-0.04451790793901189,-0.06293124086103141,-0.27983257191436905,0.0029635615962071427,0.04834385048694223,0.19545954840073776,0.07356467633923813,0.0010531343436177565
GACTAACTCACAGGCC-D1_NoStim,-0.007914738070686766,-0.04794844564036538,-0.39679292887125683,0.08698762878350053,-0.061329294598831297,0.17202914724439555,0.15563468059805352,0.06653233298773209
GACTAACTCACCGTAA-D1_NoStim,-0.047470832376829364,-0.04665315778762036,-0.20133703597837282,-0.04889199932240196,-0.043023145830979104,-0.006956126931685347,-0.15927084972492356,-0.04696447388493752
GACTAACTCTTAACCT-D1_NoStim,0.011816047313891076,-0.04218424159347833,-0.3843739596088156,-0.03703149979811826,-0.07459210465725796,-0.014342219794219346,-0.1276924574719418,-0.03334685096183243
GACTACAGTGGTCCGT-D1_NoStim,0.09669999424011344,0.016242741143669193,-0.06567213083410017,0.07513688408906383,0.11115556499551182,0.18230673090316696,-0.03434714060995292,0.02949893879560328
GACTGCGCACTCTGTC-D1_NoStim,0.030767520444896945,-0.071916716459004,-0.36532942138234503,0.06784151488720092,0.03283162408400031,0.2550589658153921,0.19999967490793136,0.0521272932331609
GACTGCGCATCAGTAC-D1_NoStim,-0.026698865442801534,-0.026734627189821225,0.015659147218810787,0.019534915437038336,0.08474287235874733,0.025391371865572054,0.30126383886711317,0.02359159033545133
GACTGCGGTTATGTGC-D1_NoStim,-0.03329602314390101,0.002829625169606942,0.052537419701979005,0.021232515390890327,0.44280211898928457,0.13718524515097563,0.014875922897608085,0.021004750039054443
GAGCAGACAAGGACTG-D1_NoStim,0.0111203886477238,-0.0187321772140443,-0.42882143117287796,0.05972928692199986,-0.05266522172105681,0.23164332851201674,0.12972890926907343,0.037454327443551705
GAGCAGAGTGATAAGT-D1_NoStim,0.05254060462002563,-0.01053347847694397,-0.22988621545836985,0.03889567406701211,0.2179197721316921,0.23598933352765705,0.10970162883805479,0.04012972348689203
GAGGTGAGTAGGGACT-D1_NoStim,0.08218555832999108,-0.007230086108277689,-0.22758615053105657,0.08889785741792267,-0.07578881890447775,0.2012535586108779,0.22196260514102395,0.056979777573532786
GAGGTGAGTATGGTTC-D1_NoStim,0.1921125289683161,0.003633491151482815,-0.24997233440244315,0.09772771210839082,0.2500452946595999,0.3039091945686305,0.1651860410621735,0.10283002683272535
GAGTCCGAGCTGCCCA-D1_NoStim,-0.007100163773319679,-0.021432721779488517,-0.006852056208376922,0.01480380421452665,0.44207106986566913,0.13550629947506643,0.15815088705220326,0.026115323515366384
GAGTCCGGTGAGGCTA-D1_NoStim,0.04954801138935139,-0.0035665497230485954,-0.435367294673906,0.057584067494609315,-0.03157702369114368,0.10981517515590955,0.07982732762330613,0.025964054446927065
GATCAGTTCCTATTCA-D1_NoStim,0.0024959705816698374,-0.06261762334514565,-0.47048726088864257,-0.039793411511695354,-0.15432117883344,0.009799560434951005,0.0988939348951341,-0.058109371430646206
GATCAGTTCGATAGAA-D1_NoStim,0.07407241614602889,-0.0014732315030023813,-0.014764383356714816,0.08363746753173373,0.17955968956217205,0.20967341095102654,0.2500989621274412,0.07850356960575056
GATCGATTCACTCCTG-D1_NoStim,0.017022886697196427,-0.03642355680885068,-0.5490794877113618,0.14450673187680962,-0.21803363883598337,0.1544819792200114,0.34764137819464125,0.06811614642894881
GATCGATTCGAATGGG-D1_NoStim,0.06768873411313692,-0.007186791315413998,-0.19562642415083076,0.058596592968612526,0.22276695930688817,0.2206080875700085,0.12791353547649287,0.06317115890126601
GATCGCGGTGAGGGAG-D1_NoStim,0.040819125218412466,0.015790369089458522,-0.24754591750224542,0.037093694513073316,0.36282821681149713,0.16115290648350822,0.26526908244919145,0.057752785514152194
GATCGTACAAATTGCC-D1_NoStim,0.07475246712700923,-0.0028401476914314827,-0.17495527637089126,0.04683560180904678,0.3997568415584283,0.21908586760852167,0.1612009192530346,0.07468922095280561
GATCGTAGTGCTAGCC-D1_NoStim,-0.16173536344381212,-0.06717764487578748,-0.5520886963705962,0.11990711701987422,0.013956650369690848,0.1659224840870248,0.4392646356203098,-0.010709784957521506
GATCTAGCAAATACAG-D1_NoStim,-0.016823475731213122,-0.08167074963739474,-0.21691304896493335,-0.03888671012854772,0.33760764783906083,0.11351581802814081,0.059344071806994414,-0.023829334716541695
GATCTAGTCGATGAGG-D1_NoStim,0.09694381926050433,-0.05510463362934814,-0.5307453311231232,0.07882842071949803,-0.10723443493666451,0.31470136508038404,0.09190271917315274,0.036401927148277835
GATGAAATCTGAGTGT-D1_NoStim,0.09822640573081642,0.0007541649625082414,-0.5026644234091329,0.09918354986812261,-0.12523968825829712,0.22046207563165954,0.07893368776314524,0.03591610235289977
GATGAGGAGATATGCA-D1_NoStim,0.09635636599432296,-0.0053723308271109715,-0.03094557163187872,0.03930361691400641,0.33361181639044446,0.18533712889750475,0.07525303874887079,0.06876587233340814
GATGAGGCAACTGCGC-D1_NoStim,-0.025549493042079874,-0.06558998448541686,-0.16778654109849356,0.0032548954100981575,0.021406180856397228,0.12719485955794596,0.006444987538128721,-0.02018879689080144
GATTCAGAGATCCTGT-D1_NoStim,-0.04338497186158641,-0.10735504558595821,-0.5731767071303313,0.14011310341326144,0.013053381922889074,0.2615368925661583,0.3561736121224621,0.03903018025545535
GATTCAGCAGGTCTCG-D1_NoStim,-0.08025646324344926,-0.06026005382608446,-0.2916850746081785,-0.09399442226959565,-0.008932603768597502,-0.08854612743776524,-0.16586574879635219,-0.11216957359454582
GCAAACTGTTCGGCAC-D1_NoStim,0.03652108430384082,-0.029272251610516165,-0.17583249281868518,0.005498557371709012,0.019650466743415862,0.20614421446420206,0.050466547099948134,0.019772028754017512
GCAAACTTCTGCAGTA-D1_NoStim,-0.01791541323370005,-0.07712753260903149,-0.4375781157344605,0.010163329087292894,-0.04571065812287678,0.11242555544665933,0.13142963979282296,-0.015342331843916313
GCAATCATCGTTTAGG-D1_NoStim,0.132224686546488,0.0180131444825804,-0.061057209991215444,0.07513525428873713,0.28394108894656256,0.26320470567214294,0.2840428330698064,0.08844279786205256
GCACATAAGGCAGGTT-D1_NoStim,0.006745278507288788,0.031105523139014934,-0.045591930698744676,-0.09055210489093568,-0.053996054816206396,-0.0893786733830062,-0.46059794285326916,-0.0720254325759111
GCACATACAGCGTTCG-D1_NoStim,0.0356478093143906,-0.06303859660395261,-0.20000176326094987,-0.0033028400978754036,0.053731002922955184,0.11201224856986514,0.014561396098797807,-0.011732978463383503
GCACATAGTTACTGAC-D1_NoStim,0.0286003052073891,0.01326511395111396,-0.22774175131894125,0.01759611059994448,0.1657117429067192,0.2063965974616817,0.07962398773583157,0.03598987501620776
GCACATATCGTTACGA-D1_NoStim,0.11178373798663088,-0.026681496045316777,-0.12377982607075566,0.17710099734371276,0.10331691606541682,0.31070833709965484,0.6874555325240106,0.1173631784881497
GCACTCTCAGCCTGTG-D1_NoStim,0.03003641080487185,-0.03760360519498818,0.04689111555666159,0.003905049630912316,0.4427181992031386,0.18810137424561546,0.12211411381463488,0.026642744118481332
GCACTCTCATTCACTT-D1_NoStim,0.06465024644954909,-0.01375616748557107,-0.03692656907753289,0.028967458713628602,0.394018500229933,0.18165371448811563,0.18407249598295206,0.05910187747318929
GCAGCCAAGAGACGAA-D1_NoStim,-0.03738384452405619,-0.026625364396624107,0.013898352737538033,-0.006751779939072833,0.21905231192247143,0.08364422554730488,0.08781576023913651,-0.029749726239886698
GCAGCCAAGCTACCTA-D1_NoStim,0.046688215076843065,0.010789653595553617,-0.2305353131875556,0.012700032654281657,0.4174040802288772,0.225839566546302,0.060802371044308856,0.043276617079884616
GCAGCCACACCACGTG-D1_NoStim,0.07188051451027455,0.008893761492663188,-0.32814049042090687,0.02985138992115033,0.4316682371185898,0.24537747971246482,0.13399416853983936,0.07119569670676995
GCAGTTATCACCCTCA-D1_NoStim,0.05764828745405026,0.07833642697708676,0.09556190793542996,-0.05149165005140155,0.014744141431590307,-0.03176791365065057,-0.17442489892554303,-0.017063333451904583
GCAGTTATCTTCAACT-D1_NoStim,-0.042733397005477514,-0.05092061064242337,-0.21782498769288594,-0.006431436837436522,0.01830539692909383,0.07289929217458013,0.028280699906440887,-0.051405912288842615
GCATACAAGTGGTAAT-D1_NoStim,0.09700240930246729,-0.013829011303906569,-0.35091234260114845,0.06376989726297388,0.27795628030315456,0.2587862096292586,0.16195408385492627,0.06046199125481344
GCATACACACCTCGGA-D1_NoStim,-0.00878019329366353,-0.10641714490198062,-0.17925384118606758,0.013769061557601603,0.053508814264136006,0.16613384566791467,0.010376704749726073,-0.012175469994328836
GCATGATGTCTGGTCG-D1_NoStim,0.06775509106118172,-0.007370784558009547,-0.39321401037484804,0.09043374449313646,-0.06439091231291272,0.18349822026597984,0.2141365852346846,0.07290337224087473
GCATGATGTCTTTCAT-D1_NoStim,0.12461199034922998,0.0645235841745393,0.069233479004291,-0.01644011764800979,0.001162055700602238,0.1010952259269704,0.05220043311807032,0.017102521487512234
GCATGCGCAGGGTACA-D1_NoStim,0.12297283269223058,0.04718198380517258,-0.1475483315137609,0.0075386652723956615,-0.005128355059177636,0.041883851008122974,-0.0840520202523436,0.0049164242430528304
GCATGCGGTAGCCTAT-D1_NoStim,0.04844996490240838,-0.03201902819941438,-0.2901243293202427,0.04171594690665614,-0.08497388393877081,0.1446024398323118,0.013134615906956082,-0.015419660552012715
GCATGCGTCTTGTTTG-D1_NoStim,-0.06549947769474329,-0.005139207531266621,0.07902196799519423,-0.07225806452814787,0.5870656135441941,0.11805198276778839,-0.15763874098951902,-0.0060256611462996545
GCATGTAAGAAACCTA-D1_NoStim,0.05627828913185873,-0.014977468885957634,-0.29161839085652375,0.05402937690785414,-0.0031254446646951095,0.11175269921547848,0.04205325961254447,0.03170174649020652
GCATGTAAGGTGCAAC-D1_NoStim,0.07187206642960753,-0.022179769220835865,-0.10853027379172886,0.08354922745799342,0.0035393464907045313,0.14424454545201293,0.06545029711932537,0.02271118983679976
GCATGTATCCTTTCGG-D1_NoStim,-0.08532911901319373,-0.09172767383883951,-0.13532848715752976,-0.02338227657511638,0.1149763258022638,0.09024585837240906,-0.011735308512367482,-0.08117096833015758
GCATGTATCGCTAGCG-D1_NoStim,0.02276046151332345,-0.05833284673385286,-0.2927065550806205,0.028450137537937792,0.03823209310197839,0.21179990458971698,0.057244932728079956,0.0020643561707860414
GCCAAATCAGGAACGT-D1_NoStim,0.012386271453866726,0.008026728129093996,-0.26000559392540445,0.02688879805135258,0.3919478760700805,0.2635857448115466,0.059897287024714974,0.03756915801911909
GCCAAATGTACTTCTT-D1_NoStim,-0.016550499255552964,0.008793523975901607,-0.050307459020768164,-0.13731948687970608,-0.033634592040884925,-0.13239984803945148,-0.0353311394723228,-0.06521713902368909
GCCAAATGTTCTGAAC-D1_NoStim,-0.012649052046644016,-0.0745181871849514,-0.19063209680667192,0.09903339529684096,0.03394042511554751,0.15261819136271715,0.2237285235983162,0.06791602045474221
GCCAAATTCATCTGTT-D1_NoStim,0.04462400125259869,-0.049581388104611435,-0.2456411674015797,0.05036009583325196,-0.02513784186103507,0.1524628751325814,0.02012183325610639,0.0152290071504666
GCCTCTACAATGACCT-D1_NoStim,0.06414610178957325,0.0004784732345104459,-0.3742682114989684,0.08911929393902795,-0.0012371962978114937,0.13959654867770244,0.15370467020156298,0.04966876852942015
GCGACCACAGCTTCGG-D1_NoStim,0.10217411296604517,0.03985077912922108,-0.013711440213377557,0.0581365170199426,0.04457558195490563,0.11568853784780408,-0.04445561812278598,0.020283166055984125
GCGACCAGTTGATTCG-D1_NoStim,0.0811543236364578,0.029240558079075996,-0.05272763809880132,0.05813138281986241,0.0732279501583406,0.1149221716867519,0.07166467078721439,0.03322442759379918
GCGACCATCATTTGGG-D1_NoStim,-0.019530394646540827,-0.0775031522641143,-0.4412962692847451,0.06552638743704797,0.3299693679501896,0.2837880926795915,0.13348062739965272,0.03663208551854247
GCGAGAATCATCACCC-D1_NoStim,0.059202040066715256,-0.0044688078685712895,-0.3707386395300585,0.03611243933521635,0.0687732750470218,0.23948485598623215,0.05981046487586372,0.02479905102581803
GCGAGAATCTGATTCT-D1_NoStim,0.01793169653494253,0.012136035547047896,-0.21371129552873747,0.018692838557429425,0.2641273986710502,0.26918287068385993,0.09770925073364944,0.025684635501766806
GCGCAACCATTGTGCA-D1_NoStim,0.07377599043727123,-0.009177851428360029,-0.42840500843422014,0.0558362025248087,0.4552947052737508,0.3403505410923984,0.2797809800171329,0.07617041349053189
GCGCAACGTAGTACCT-D1_NoStim,-0.09607910190518254,-0.10090506604401739,-0.1429679993863786,0.0464635421635613,0.4313747795655054,0.17033050317102827,0.31507696542793706,0.019777980623508995
GCGCAACTCAACACGT-D1_NoStim,0.011943146523185177,-0.016053304198891283,0.0117822695716292,-0.00015729723947721652,0.4336373523226804,0.14657668883295116,0.11897841777718288,0.03147471754444986
GCGCAGTAGGACATTA-D1_NoStim,0.045290078180626026,0.06488078870950531,-0.31223060931019475,0.007223116991276868,0.31007215699864155,0.22092944031229678,0.00628523474948306,0.009452289465988528
GCGCCAAAGATATACG-D1_NoStim,0.07297936143303119,-0.0019850867482666956,0.030088379692085,0.026163967418931122,0.24543477858801666,0.197207372263156,0.13276979209174744,0.04485901250438218
GCGCCAACACAGAGGT-D1_NoStim,0.08371053250958127,-0.05016476456529162,-0.3955713998243393,0.08884498249797268,-0.07473585143990569,0.20920382441655683,0.07045376849827223,0.013059743249097977
GCGCCAATCTGACCTC-D1_NoStim,0.004457697527417537,-0.0761969135896301,-0.4486698697530329,0.031238377123697703,0.025924767528993087,0.14263643197581644,0.20718176439249802,0.006025371370515842
GCGCCAATCTGCGTAA-D1_NoStim,0.07483905433071492,0.005352794761639856,-0.16822893929474958,0.05385931640081054,0.3261657470899486,0.20313346624262785,0.18955288416474048,0.06581982081919158
GCGCCAATCTTTAGGG-D1_NoStim,0.0344055255229172,-0.004695130842993223,0.04748812990905549,-0.00817758342576802,0.27235213480637555,0.09916118867999835,0.35136854021575825,0.047638517861910756
GCGCGATAGTTACGGG-D1_NoStim,-0.03511695786003344,-0.07042464209875199,-0.13840633713929762,-0.02215812992812971,0.07361279048783231,0.10801063870568228,0.07089221201543694,-0.025857870461459598
GCGCGATTCACTTATC-D1_NoStim,0.027564859057690683,0.08435624620500803,-0.04577268079743568,-0.16809965642887725,-0.001967648051969917,-0.03246828523946377,-0.597950639871442,-0.09908531695938017
GCGCGATTCCTTGACC-D1_NoStim,-0.013757798490759754,-0.02598583986798353,-0.2697394228438128,-0.0470776520997962,-0.05604349210319981,0.013549229094313553,-0.06799938004780515,-0.06787097219689997
GCGGGTTAGGCAGTCA-D1_NoStim,0.0392443612352249,-0.03903302731742464,-0.5193100382426206,0.08580351770740258,0.02865893255087748,0.34124488167737255,0.1025978714910778,0.02445665283786269
GCGGGTTCATGTAGTC-D1_NoStim,0.0980156072248608,-0.010767377850116944,-0.023715413211208514,0.0525232437003087,0.3082375802181261,0.16666408263400356,0.09524236373839656,0.048365901667366984
GCTCCTAGTACAGCAG-D1_NoStim,0.0011456629063673063,-0.03426520616320161,-0.24822791372248787,0.023571171384897838,-0.024840868519827808,0.1372306728058703,-0.0013920436730785468,0.016068246777850348
GCTCCTATCCCGGATG-D1_NoStim,-0.023290727626060104,-0.030068246907621443,-0.26178704629534977,0.016062516342673305,0.11419701296628837,0.2043981056764128,0.023204423907342786,-0.0055192566861475
GCTCTGTCAATTGCTG-D1_NoStim,0.009862933081127068,-0.023393876743373454,-0.1609621473862397,0.026443725952937314,0.4200103518913174,0.2595260376194837,0.23719753878150573,0.03346065832983669
GCTCTGTCATATACCG-D1_NoStim,-0.016901297889184264,0.03154235747545364,0.1325654764138804,0.05227146391257875,-0.1080296779551837,0.011006590257963467,0.2716332744490062,0.008665746578774502
GCTCTGTGTTTAGCTG-D1_NoStim,0.015214777601899598,0.06695782583358323,0.299491698058695,-0.0450812543221204,0.09660432356012194,-0.0966435975944897,0.18972071721720773,0.013725111399525147
GCTGCGACAACGATGG-D1_NoStim,0.019483653729865935,0.028120207174163525,0.13359859886602976,-0.01624703396844218,0.14326777488776443,0.08020458113085116,0.06107046793357007,-0.0036916957184267574
GCTGCGATCGTAGATC-D1_NoStim,-0.011662379171257342,0.00820034071167619,-0.4282272097072308,-0.027591556427315922,-0.12870528636183565,0.01612663414413973,-0.10807044928706588,-0.05591878075813206
GCTGCTTAGATCACGG-D1_NoStim,0.03144380215920073,0.04316184457443484,0.05818577564857996,-0.03661551210674929,0.17919493154716015,0.010563613278804063,-0.05710966647802618,-0.012749195115292267
GCTGCTTAGTCATCCA-D1_NoStim,0.016206525417988615,-0.012526880356681147,-0.037947033570453925,0.03481671772843953,0.23612726863455613,0.1870572483314259,0.12049031127454235,0.04837112062745064
GCTGGGTAGAAACCGC-D1_NoStim,0.07055065255386594,0.0030670491665301114,-0.14969706882185108,0.017774371127300626,0.3355673478655774,0.2595804578052814,0.1900054673081195,0.020696979519422953
GCTGGGTCAAAGGAAG-D1_NoStim,0.011729576271472197,-0.048884165103618926,-0.08076847161849088,0.022995130493463023,0.16824435271825955,0.1920144651838065,0.06987136558574214,0.02162140105586019
GCTGGGTGTAGGCATG-D1_NoStim,0.0177813082434799,0.036952363167515045,-0.13484660309909557,0.06757449523856174,0.16245967922321292,0.20946991709239882,0.19477598709124067,0.058690212850402546
GCTTCCACATGGAATA-D1_NoStim,0.022020482904460792,-0.08839882908840657,-0.5133942387023769,0.06483236277852633,-0.08247284181087977,0.21561319810538748,0.14299677219071683,0.009791331653584479
GCTTCCATCCACGACG-D1_NoStim,0.04383992255613123,0.0002772738354739346,-0.04968269775536527,-0.0142506254233421,0.06061309908009349,0.06923188205256814,-0.0924345775335067,-0.013437491891805209
GCTTGAAAGCGCTTAT-D1_NoStim,0.04515313707446289,-0.025110258424994925,0.14612084298415695,-0.004358400379889105,0.4911369887900783,0.16107935945916907,0.09330549488610185,0.047803157294483256
GCTTGAATCGACCAGC-D1_NoStim,0.04021984640438525,-0.012975725587843101,-0.11346716386744404,0.1317522224022163,0.10029217457546657,0.2841860805754415,0.491060829835658,0.08514590600669081
GGAAAGCAGTACCGGA-D1_NoStim,0.07548173723955287,-0.026164598934839134,0.04375768856748152,0.024017946062375728,0.3564636101298184,0.1858642135205617,0.1471978703583705,0.054173138268907906
GGAAAGCTCCCTCAGT-D1_NoStim,0.07866160165894698,-0.016784374823187065,-0.37236937048376006,0.08284814100095339,-0.01850844119257289,0.25271344715445565,0.10296452648024346,0.0470003624894364
GGAATAACACTGTGTA-D1_NoStim,0.04172480626743713,-0.0376488878250445,-0.3721069095072149,0.053632076607890156,-0.0035916391540453674,0.17994805094745736,0.18625147346259574,0.02738806426997087
GGAATAAGTAGGCTGA-D1_NoStim,0.07054797165379512,0.060182783954175534,-0.13805022127681887,0.002850914883049782,-0.02302676190168995,0.05556017378405986,-0.07339760093595071,-0.00529228925848102
GGACAAGCAAGGCTCC-D1_NoStim,0.02346023152929888,-0.011230758876294544,-0.12175106027656213,0.01930417106244775,0.026934332120678306,0.07715256769372303,0.010558559353210484,0.013441946987688524
GGACAAGCACGAGAGT-D1_NoStim,0.0731592398282146,-0.00019820896948985478,0.1237441056685924,0.05467518503942159,0.39264942274140324,0.18441330251916455,0.09771259606965099,0.06859419599419248
GGACAAGCAGACTCGC-D1_NoStim,0.022470217546828763,-0.025163786287293988,-0.4437892421114391,0.08070000429816382,-0.11373546029010306,0.2693527188915814,0.1538879808969278,0.08153293446586751
GGACAAGTCCAGGGCT-D1_NoStim,0.06425740661294377,0.044609089546124636,-0.1520021726412235,0.09882262603265879,0.502290293930816,0.179728277566106,0.10892333711646884,0.10030632162990294
GGACAGAGTACCCAAT-D1_NoStim,-0.03263536494547381,-0.04692630693216415,-0.051695522987994735,-0.01998813834115154,0.2616411032328436,0.08664006616376874,0.0288917215351292,-0.02934741819610842
GGACAGATCTTCGAGA-D1_NoStim,-0.013726003560798006,-0.11664357492684019,-0.28271144521729497,0.06198236015371883,0.03781105709646582,0.2230495576754068,0.08012991470377795,0.006054234565972649
GGACATTAGCCACCTG-D1_NoStim,0.1155280874919562,0.06344729812721361,-0.143533332514723,-0.0393226766363064,-0.029965134229039236,0.06076349975943085,-0.0783344163403159,0.004974450109170192
GGACATTAGTTGCAGG-D1_NoStim,0.05379153728419084,0.06107134600677,0.1818996039125622,-0.04855636365704186,0.1727834233511416,0.008399464310164362,-0.14730738250357156,-0.02280099933093105
GGACGTCAGGCTCTTA-D1_NoStim,-0.0941699578375772,-0.11422113333091488,-0.34524647694096444,-0.041746794114994046,0.04124465221399021,0.08851231969324758,0.1309479401447584,-0.10027553137169498
GGACGTCGTTCGTCTC-D1_NoStim,0.054851652554921415,-0.06986978052726478,-0.36922106259358145,0.04551191443761482,-0.022728455693815874,0.24521953888983727,0.024825376706158586,0.007290496227389198
GGAGCAATCGCGCCAA-D1_NoStim,0.10055112881835981,0.0475852063423865,-0.12426496930145703,0.012786425054134298,-0.05818855766016995,0.006056932702943385,-0.13806944715962643,-0.009408536275058665
GGATGTTCAGTGGGAT-D1_NoStim,0.01672219182349899,-0.049165098504358795,-0.29403642810956043,0.042459711619395435,0.07832849099689554,0.171953236472695,0.15154276180078075,0.028635585331016955
GGATTACCATCGGACC-D1_NoStim,0.05677178586837073,-0.019067569614019675,-0.2459592378112916,0.04122036727254752,-0.05135243997011685,0.09049317285265968,-0.032545020574809236,0.017149160922880213
GGCAATTAGCATGGCA-D1_NoStim,0.05884171976271091,0.008679599853426367,0.15054977284646576,0.0518578451549061,0.3962845777453019,0.16435451328696082,0.19292480636410758,0.0736191258339236
GGCAATTCATCGTCGG-D1_NoStim,-0.010840286967663815,-0.047575712570711914,-0.4685197161625929,0.07266384495585498,-0.10296434564062551,0.15357456070861275,0.18770515852647573,0.006852778464308429
GGCAATTGTCAACTGT-D1_NoStim,0.02365075902294933,-0.009183543226399138,-0.2916417696476046,0.04089001854499408,-0.04884450265605622,0.06930083010184163,-0.018798737417420774,0.010159181304141285
GGCAATTGTCTAACGT-D1_NoStim,-0.05797371936354878,-0.040538488768220304,-0.12464497668582197,-0.017097387661413777,0.08291267110933198,0.10079046999482788,0.05981222978542,-0.031761219485234804
GGCCGATAGAGTCTGG-D1_NoStim,0.08191406110080024,-0.035096887847043234,-0.4750447714052868,0.0758861982039214,-0.04960013118600237,0.21865363410519123,0.05261537007011796,0.05774614931703681
GGCGACTAGGCACATG-D1_NoStim,0.036781479654495186,-0.023254126954981302,-0.2495460349132692,0.051368906105388135,0.002391677718932783,0.0546105844714857,-0.020430659023694453,0.019425767206099565
GGCGACTCAACAACCT-D1_NoStim,0.04759740206237417,0.019065237999608797,0.13914835383368285,0.02935100409296787,0.3638593307135558,0.11190020914989063,-0.003245491343848883,0.06839671610333298
GGCTCGAAGCGTGTCC-D1_NoStim,-0.016528885984808284,-0.06390596488569855,-0.22808269886611043,-0.0060754118390740075,0.0182300735531431,0.12501521610835997,0.03253578992692141,-0.03462747107607633
GGCTCGAAGGATGTAT-D1_NoStim,0.014295854026032728,-0.0361561998589508,-0.3577031785756777,0.09145354135920947,-0.09797935994942009,0.21946065202042142,0.09647330083311934,-0.010277901224286623
GGCTCGAAGGGATGGG-D1_NoStim,0.00610847920805746,0.03180137099119129,-0.013646433210015019,0.04326006513686309,0.2052063147342924,0.1908125700696015,0.12202280991176018,0.021637863450575168
GGCTCGAGTTCTCATT-D1_NoStim,-0.06379512378037333,-0.050813388162502804,-0.12693733731533285,-0.0007814376553110236,0.10751024307903556,0.14688761606379686,0.017727345481687085,-0.03704188714633894
GGCTCGATCCGCATCT-D1_NoStim,-0.0023295823384099634,-0.0066438855453601064,-0.05641637259224197,-0.019524931155986636,-0.047206232373223855,0.062362466477488,-0.13293553871492936,0.0015644714730651543
GGCTCGATCGCATGGC-D1_NoStim,0.14574868940452212,-0.014995266720431388,-0.3060887696212582,0.16643352011285728,0.02670573137710619,0.32047183106201516,0.4466873693609008,0.11299380601712627
GGCTGGTCAGTTAACC-D1_NoStim,0.05064512316752179,-0.05926516185940578,-0.2993651978695109,0.06353411536579223,0.00863037506207931,0.1964362675055895,0.05449095765350087,0.01895248154255924
GGCTGGTGTAAAGTCA-D1_NoStim,0.09340977516679239,-0.024442264034883365,-0.3535669446224503,0.1750625980789966,0.0684989355832446,0.3312603934136451,0.39494829399410314,0.11923708601169025
GGGAATGAGTGTTGAA-D1_NoStim,-0.03057414269049552,0.001436039674990397,-0.3021421618551603,0.0025232279861278073,0.20999530910006037,0.11230553670583099,0.03948547708988581,0.00033768771935172026
GGGACCTAGTAGCGGT-D1_NoStim,0.016134713039830828,0.009135008408895473,-0.047350396936058914,0.03775281927963725,0.19309412811005977,0.07505892946114479,0.07860866352541107,0.03362421933473314
GGGACCTGTGTTTGTG-D1_NoStim,0.02348336232668835,-0.0545708759701693,-0.3328603423461338,0.04724971561329738,0.06866292565967491,0.24926994365635569,0.05330561698043912,-0.0022258112645676675
GGGAGATAGCAACGGT-D1_NoStim,0.01573014095104419,-0.03243663661398877,-0.2335766094356586,0.05410343042764154,0.046402611094192636,0.11250453868404708,0.07708713035023962,0.015625999852243666
GGGAGATAGGCAATTA-D1_NoStim,0.07440489967499886,-0.04913213752245049,-0.4050032289974226,0.05678042039375697,-0.0875582190884927,0.21866354522357057,0.07012827664122812,0.014049136980686328
GGGAGATAGTATCGAA-D1_NoStim,-0.03957275555358564,-0.06665902094649567,-0.1377412849105255,0.016473350193837888,0.07759794366690187,0.12665175462402978,-0.00760286364636098,-0.019478372115834475
GGGAGATGTTTGTTTC-D1_NoStim,0.009784746758635166,-0.04441119396117266,-0.30800313604652274,0.0338818353489625,0.016565078473803396,0.15019079268861013,0.02750192597974177,-0.01946384376363497
GGGAGATTCGTAGGAG-D1_NoStim,0.04999741469136332,0.004925477549925006,-0.3844271016677343,0.023857435649055958,0.4536477529690117,0.3033818127955463,0.12174391096687653,0.035502862358336884
GGGATGAAGACCCACC-D1_NoStim,0.009169244356709072,-0.04645502151766756,0.02675822780076942,-0.06519521372047521,0.1437268046083684,0.0857778539918197,-0.27238659107907104,-0.05647546705209194
GGGATGAAGGCCCGTT-D1_NoStim,0.05389910784235141,-0.008111817466113891,-0.21025682322754236,0.16135349661548481,0.10299097291447268,0.29077899460244083,0.33312981959627486,0.08179971111371209
GGGATGAAGGTACTCT-D1_NoStim,0.07037325895651847,0.0410958283106293,-0.014256570975648586,0.05173360674241323,0.45232830443978855,0.15760953751712314,0.14404208239308502,0.07789411597774354
GGGCACTCATGGGACA-D1_NoStim,-0.03284294606481453,-0.007487721856698215,-0.1290595648028603,0.044377958800559725,0.028706362388227546,0.17774083560061094,0.030497615711904125,0.009306964000813878
GGGCACTTCAGGTAAA-D1_NoStim,0.03525833510977705,-0.0906684471995245,-0.3021847093219243,0.0966139153008676,0.00285568390319213,0.20778547549078663,0.11698934881736989,0.024249869520772904
GGGCACTTCCCGACTT-D1_NoStim,-0.08300430259605385,-0.10010694673282394,-0.2208432176655002,-0.054941158812521707,0.19257635815476348,0.06911348062496181,-0.09383803108342725,-0.0671814704966156
GGGCATCCAAAGTCAA-D1_NoStim,-0.045563995388921086,-0.08400984439916392,-0.24720760511122108,-0.03262675887690847,0.0015704552731925503,0.06655475168227021,-0.0019738169966441177,-0.04577008065130528
GGGCATCGTCGTGGCT-D1_NoStim,0.052770817902075606,-0.0705661207576167,-0.5827034372865292,0.12070950535391489,-0.0478791594617185,0.2881889266441835,0.1869665765845978,0.0179858882049011
GGGCATCGTGCCTTGG-D1_NoStim,0.08578596253412307,-0.007108715174393154,-0.18882830360654346,0.0586972682171254,0.42278491380626093,0.29532079714081405,0.18461084396357563,0.09097364851484002
GGGCATCTCTATCCCG-D1_NoStim,-0.10850330428241861,-0.09315498333750938,0.07202774023575031,-0.06629535717214985,-0.04623375202557867,-9.722945309142972e-05,0.12658789547458227,-0.07856267556462093
GGTATTGCACTAGTAC-D1_NoStim,0.061910595718210004,0.11097461276252574,-0.1579433951887168,0.004459653789830043,0.07986036852307343,0.19649879085492294,-0.0272849958752035,-0.002599520296435287
GGTATTGGTTACGACT-D1_NoStim,-0.048081311924034864,-0.06248906849548419,-0.5115872414533804,0.06612192452796961,-0.12642311418767882,0.13468443468296254,0.29909777714949115,-0.014610123227686955
GGTATTGTCCTAGGGC-D1_NoStim,0.007256350067436301,-0.03916888848253919,-0.1795735057380874,0.008029621226517847,0.023820242601436448,0.1348201207048012,0.0943756355853953,-0.01041032720639734
GGTGAAGGTTTAGCTG-D1_NoStim,0.04353767281710752,0.03698174225954709,0.17947661334669718,-0.055671201490916644,0.007002817624897517,-0.09399189667935559,-0.14015337998357769,-0.026658100074927304
GGTGCGTAGGTGACCA-D1_NoStim,-0.0823372805292717,-0.07918664532481046,-0.20831694405915613,-0.0313447971783507,0.06442039920109366,0.09261654255148777,0.02921629334838105,-0.05659455873654551
GGTGTTAGTACGCACC-D1_NoStim,0.12460565161557646,-0.01561405244078884,-0.22381635592065763,0.09625953456049174,0.24682364303309612,0.3914904911759134,0.5599011006524357,0.10322040680271272
GTAACGTAGGCGACAT-D1_NoStim,0.08554484433111043,-0.03842745353561128,-0.37088865090384715,0.04981399072275927,-0.04723784091844507,0.20716649794235398,0.05893431756656531,0.017333732058006035
GTAACTGAGAAGCCCA-D1_NoStim,0.03930245929259968,0.012361570705859748,-0.13700016582500574,0.06536192818862041,0.05574889818599971,0.22124914890237513,0.13278086433807523,0.0208437096607188
GTACGTAGTCCATGAT-D1_NoStim,0.020539672583440804,-0.05805265864674247,-0.55122408982872,0.10339697283123428,-0.09619597766764976,0.26302743871001333,0.20216805155127826,0.07584533546642547
GTACGTATCCGTTGCT-D1_NoStim,0.028510150563759495,0.01936333687955205,0.15714884923275285,0.01860340368049407,-0.03459987551721788,-0.004116735412555528,-0.04329148005603223,0.026596041723321306
GTACTCCCACCAGTTA-D1_NoStim,-0.0226792218344265,-0.07995450023993378,-0.16578158837653945,0.02189561910927651,0.12750065788230813,0.23672294712558006,0.12332784205791114,-0.016034922661983586
GTACTCCCAGACAGGT-D1_NoStim,0.04379740677623012,0.02685567175760717,0.10336426667983112,0.03638629940904714,0.15887756670701947,0.0960370180258554,0.05079657463155929,0.003244841641745211
GTACTCCGTCAAACTC-D1_NoStim,0.018020450090476814,-0.028245226793726985,-0.2911204339346014,0.061283698694127864,0.11872733427700233,0.158770499914759,0.14226704113327404,0.04648175396077825
GTACTCCGTCCAGTAT-D1_NoStim,-0.04215826764677999,-0.05143857796355711,-0.22125741925249898,-0.054421362729257794,-0.021333123286169098,0.01620679539172265,-0.03026135442879241,-0.0805351053591643
GTACTCCGTCTAGTCA-D1_NoStim,0.10463333752097803,-0.008404246670515647,-0.17121504574406288,0.11731052559800581,0.09318544424887065,0.3446350085791394,0.5282189330341245,0.06716373666187359
GTACTCCGTCTCCACT-D1_NoStim,0.04236694921686457,-0.060687146538048964,-0.28790915217046553,0.044518400957828774,0.027380889472778946,0.1864711541404631,0.09038970358527187,0.021325759734935446
GTACTTTAGGTCATCT-D1_NoStim,-0.09183679742278272,-0.07401414586829347,-0.48697232063721074,0.0912061656548584,-0.07415354955552544,0.1479581209872025,0.266604089486,-0.0007972962300417663
GTACTTTAGTGGGTTG-D1_NoStim,0.09414617482097398,0.055632457032020355,-0.3499848980409048,0.024479075594138422,0.04295530343410725,0.1825820802888094,0.05839053528704241,0.06396065479997404
GTAGGCCCAAGCCGTC-D1_NoStim,0.02465881255886515,0.0014233626135986555,0.12799476699030343,0.14869162640719402,0.12765878605543612,0.19145128427964586,0.3538964723285698,0.08464424003123128
GTAGGCCCATACCATG-D1_NoStim,0.05859330644658378,-0.006977477296947754,-0.13104761405186593,0.041215937225935306,0.3638652935951292,0.16956250311125487,0.1103482260141071,0.07391627041121929
GTATCTTAGCTGCGAA-D1_NoStim,0.02845908711688594,0.01637119977194068,-0.16717261298039787,-0.03598311592780945,0.0192975173062937,0.015590884148637407,-0.1771801277543048,-0.018899330143296922
GTATTCTAGCCCAGCT-D1_NoStim,0.024002276658606547,-0.042517715610236095,0.08718503494604946,0.039343426126201564,0.05214607600614052,0.02152634207295634,-0.006265909312359597,0.010253875501685883
GTCAAGTAGAAACCGC-D1_NoStim,0.0965990644240442,0.005527662659607913,-0.03303991871140788,0.14546949547674792,0.24270197486467104,0.27848636540105964,0.3732118971546212,0.09950798841805053
GTCAAGTAGGAATGGA-D1_NoStim,0.007098160851683133,-0.05331190363370375,-0.3633576070730129,0.06134407396192465,0.2203883084774727,0.25110460049404537,0.24358704919706486,0.04568090296624483
GTCAAGTTCTTAACCT-D1_NoStim,0.024606767037967714,-0.0491049683507736,-0.7345773820167878,0.2854588797846489,-0.38124126898808086,0.34445896287796174,0.953294013260038,0.14283989619631754
GTCACAACAAGAGGCT-D1_NoStim,0.02080098441035716,-0.0022146180745110655,-0.11156795738062009,0.0021177022123275435,0.4249332894552591,0.178392330868558,0.008354214131149007,0.02807650298515796
GTCACAAGTCCCTTGT-D1_NoStim,0.03731074410354296,-0.04581411391485446,-0.4147110746537681,0.06387414413218018,0.08835783478332182,0.2752337368601001,0.16392871066394443,0.03267187088934698
GTCACAAGTTACGTCA-D1_NoStim,0.024921027664753126,0.06245426839735124,0.1150424146195057,-0.11109606645566217,-0.052059408684014485,-0.08742511363938377,-0.39504634557706986,-0.07280775387805782
GTCACGGAGACCACGA-D1_NoStim,0.02385356177635778,-0.07547368143048416,-0.5902555438054495,0.10392016383065972,-0.02172068703823804,0.2592272103339557,0.1434850217517032,0.016547671660260832
GTCACGGGTACACCGC-D1_NoStim,0.06064157912503987,-0.02005353369231777,-0.2751350070818468,0.05827587766625797,-0.013165734096377335,0.17044255519475016,0.04060300414132989,0.012749616009326559
GTCACGGTCCTGTAGA-D1_NoStim,0.08383886235034765,-0.03816837767914549,-0.2013120226937506,0.064008456198275,0.05985894036769501,0.19530915566529394,0.01132408616072178,0.013698195720790451
GTCACGGTCTCGTATT-D1_NoStim,0.06130453246389145,0.01752977610026285,-0.1656290229873285,0.06078116457216076,0.20234406994429932,0.1855302893592352,0.12705298092287265,0.051670654652371084
GTCATTTAGAATCTCC-D1_NoStim,0.07990057080008484,-0.00172905804550183,-0.2712009130461581,-0.08414867778986768,-0.12235226895166917,-0.11520614419846176,-0.021324824258349473,-0.06388382994656183
GTCCTCATCCTCCTAG-D1_NoStim,0.04402340920474934,-0.037368397363211514,-0.12770976288287628,0.008863360920255303,-0.025547795149329033,0.10469084417065133,0.11569257147877376,0.015206921269170337
GTCGGGTCATCACGTA-D1_NoStim,0.07993898298751922,-0.016074554834116128,-0.2783472856699927,0.011686397548414718,0.46832095346547575,0.2792571316646715,0.08606334572148544,0.06381510619969433
GTCGGGTGTTCCACAA-D1_NoStim,0.01481610462089833,-0.015214738483138035,-0.1730218361494149,0.08224044033364919,0.32800455425002895,0.2636237132991681,0.21797326041844478,0.03744859422273272
GTCGGGTTCAGCTGGC-D1_NoStim,0.05527782595305908,-0.03867112500983261,-0.3515785556387563,0.1295685278640306,-0.006827958260585021,0.16096496981663222,0.4384531599484447,0.07571695358704567
GTCGTAACACACCGCA-D1_NoStim,0.09240414569725353,-0.02617393264782919,-0.2069953892577221,0.0982766325547555,0.06054598031154157,0.22109484713835847,0.06879836626807068,0.03803663057634843
GTCGTAAGTCTTGATG-D1_NoStim,0.050275718980064,-0.00797873975831287,-0.22553046083087303,0.03536256281181416,0.06322862128568829,0.2230947184253811,0.058124756540520295,0.052651820183651665
GTGAAGGTCTGCTGTC-D1_NoStim,0.10447535758589233,0.04677096134229153,-0.2565469399354363,0.008363099992614309,-0.04042295601147394,0.03998527035808852,-0.09329082655899068,0.00500391063762784
GTGCAGCAGCGTCTAT-D1_NoStim,0.061296068195451525,0.022712594666064234,0.04271836481052915,0.07214105956535022,0.31194529811182115,0.1722064299819177,0.14814998626785147,0.05491309056304594
GTGCAGCAGGACGAAA-D1_NoStim,0.10950756616869128,-0.004822408122850064,-0.1389940073147713,0.1594493220647717,0.20759267459224517,0.30774227597549597,0.3898479994093007,0.10902081235118999
GTGCAGCGTATTACCG-D1_NoStim,0.017824853052687217,-0.029327831155725903,-0.07881863076145557,0.1403268848688004,0.009968177723717275,0.180274747563546,0.27539601348720755,0.06595173289413836
GTGCAGCGTATTCGTG-D1_NoStim,-0.05500903483351571,-0.06957615977977305,-0.7099617074410496,0.1751465094787079,-0.03592678133074756,0.35809912323201676,0.5899765617443888,0.1291248767636013
GTGCAGCGTGTTTGTG-D1_NoStim,0.07468160071701746,-0.034126564690179606,-0.4102508761165993,0.1354835076842562,0.036946370397021866,0.2689354634500738,0.2003311608506868,0.028144532098894004
GTGCAGCTCGAATGGG-D1_NoStim,-0.019688059385851275,-0.0557931570063559,-0.3920085384042711,0.04483469658167927,0.10438502641920877,0.18289125086311664,0.18843794243595902,0.016194243646486584
GTGCATACATATACCG-D1_NoStim,0.15248491972475264,0.009268808084620161,-0.09580011376601583,0.013385859344566597,0.447101750330809,0.26950849738009275,0.11637821000460136,0.09646816483274634
GTGCATAGTGTTTGGT-D1_NoStim,0.049669003450215854,-0.07903596274725899,-0.3305754262726559,0.06400922150252342,-0.04083937929616255,0.20803910294959316,0.1001470528383992,-0.008193918535035039
GTGCATAGTTCAGCGC-D1_NoStim,0.000857836272025736,-0.021504290986046115,-0.3008168944127192,0.016159803458329236,0.39017068255017406,0.23594900711099953,0.10860912268183753,0.011879487629189
GTGCATATCGCCAAAT-D1_NoStim,-0.05605701335746538,-0.09802282084955749,-0.41067351545192565,0.05775789361344685,0.015022406108091246,0.25533150094484736,0.2135382017576637,0.004257384220377247
GTGCGGTTCCTGTACC-D1_NoStim,0.051514819161239345,-0.057298226931171925,-0.38669135158722767,0.0634490171519193,-0.06739355520858581,0.19032496716344394,0.02533565899243051,0.005612645494229795
GTGTGCGAGAGTCGGT-D1_NoStim,0.03658808017200599,0.003724304273584167,-0.2869643362406826,0.07513112611623818,0.06224340688160801,0.20786031499749313,0.09808017630086052,0.05156587258242418
GTGTGCGCAGACGCAA-D1_NoStim,0.10639508206998549,-0.03836523550605264,-0.4658356629578968,0.0693538155015272,-0.0911359145733126,0.2940159397950728,0.057386808593013594,0.020457640293084722
GTGTTAGCAATCGAAA-D1_NoStim,-0.03097051130845152,-0.03281098005099459,-0.04925992908032839,0.006458769737513137,0.4411368994777547,0.16746318227771972,0.10063529127016846,0.018720403987664724
GTTAAGCAGGTGATAT-D1_NoStim,-0.015933873195921322,-0.07417993132977685,-0.4108683569683915,0.07536254462241132,-0.06698655543236853,0.2534504961279147,0.14900861061643056,0.018977734022811887
GTTAAGCCAAGGTGTG-D1_NoStim,-0.035792868352375606,-0.04018256620869565,-0.334191651521909,-0.017922680688114312,-0.00985882263246829,0.055610676349203914,-0.009592530848360425,-0.06354315372938935
GTTAAGCCAGACTCGC-D1_NoStim,0.04530916888242409,-0.01732135291219805,-0.3825277132126601,0.014057900597936879,0.47645953431387333,0.2769519748755531,0.13047842185260228,0.019025745225750512
GTTAAGCCAGCCTGTG-D1_NoStim,0.03431941114330783,-0.04682497258056273,-0.3214383063756756,0.054632736793404746,-0.02256359339302172,0.12030386392014325,0.09542522128182451,0.0068106970250312315
GTTACAGAGGCTCTTA-D1_NoStim,0.17157796512689316,0.11632550873060943,0.28490261271268125,-0.12744268027797645,0.1761837687610459,-0.021645073404982895,-0.523554720967133,-0.04326729534266782
GTTACAGCAAGGACTG-D1_NoStim,0.01689057097424218,0.04491439099956729,0.07289612749656449,-0.003511544015736945,-0.048191917055413924,0.005046394488747552,-0.04696474366171621,-0.01376460671488644
GTTACAGCATCCCATC-D1_NoStim,0.13207585373667818,-0.0008193860193639324,-0.2286344366977744,0.03972050392154536,0.29616829165648184,0.22480951469842658,0.1545886960070435,0.08362333859345483
GTTACAGCATGAGCGA-D1_NoStim,0.06856709791563453,-0.05276234054406714,-0.3486592089948388,0.052993453307095706,-0.05526875211312898,0.2246736428947731,0.03930519892148654,0.011072833184526232
GTTACAGGTACAGTGG-D1_NoStim,0.10928876472468829,-0.031103757550519973,-0.3339812591481195,0.11872967854881367,0.03377046484858681,0.264607437558503,0.20186997393777162,0.07822202537826861
GTTACAGTCGCTAGCG-D1_NoStim,0.06407796152955392,0.017812377172715443,0.062482154503795684,0.016834969731274185,0.3315984544386694,0.19252381718129463,0.06491122080737632,0.046702006659920414
GTTCATTCAGATGAGC-D1_NoStim,0.02479942677267921,-0.01752590990458991,-0.2759777540982,0.04260813622895476,-0.026960774125836195,0.12027101155737085,0.18868037422568573,0.03790919257647474
GTTCATTGTGCGAAAC-D1_NoStim,0.04900400344042666,-0.08160851980067463,-0.442527801641841,0.08133762678790646,0.018517700675127813,0.23625794695011315,0.06398168177706953,0.009120923598445074
GTTCATTTCTGCGACG-D1_NoStim,-0.05729332573261381,-0.08022985208469358,-0.08706963347419716,-0.054885146352889436,0.0854910116126586,0.046908354402116714,-0.1322797213992395,-0.08339650141938826
GTTCGGGCACATGTGT-D1_NoStim,0.10183665566212419,-0.003998791326788265,-0.2312242060922287,0.06097477455971756,0.1833806451662241,0.22124922922856705,0.19411591464420308,0.07476607568728788
GTTCGGGTCGCGTTTC-D1_NoStim,-0.0002511832837353012,-0.03710779743282977,-0.29900193078864845,0.04396877532352761,0.023713357590123607,0.15421238983264018,0.11941324554233201,0.013878516319435263
GTTCTCGGTCATCCCT-D1_NoStim,0.06489051839283633,0.08743116311309329,-0.1803787551390812,-0.07838550031360825,-0.1390765063279975,-0.06186841568858448,-0.41104433180099065,-0.02783747056805197
GTTCTCGTCTTGCATT-D1_NoStim,0.09907567820331487,-0.006442069284688046,-0.28536022395720373,0.039911588815989774,0.1758098729407216,0.24615308652752077,0.09986562113305553,0.07030130495388676
TAAACCGTCGAATGGG-D1_NoStim,0.09227640434698614,0.009278375006754658,-0.1690886096925066,0.11998737805722115,0.22178900980015825,0.25454246524624047,0.4319560808827765,0.10109726842602385
TAAACCGTCTCCAGGG-D1_NoStim,-0.003788211777331796,-0.040278136719363644,-0.24392838322135546,0.007769854566866741,-0.02143984575246094,0.08149500251804298,0.06165270841532866,0.011539971212526368
TAAGAGAGTAGAGCTG-D1_NoStim,0.0035983466182472057,-0.005195069433353794,-0.23866408263858396,0.045850627047355985,-0.06582011607113358,0.20622193674127054,0.25407117662126133,0.018471640712512283
TAAGAGATCAGCCTAA-D1_NoStim,0.023348187210281424,-0.0959296901498341,-0.1029431974077788,0.019220362930525425,0.10743826358263497,0.200426185961172,0.06921011386091802,-0.007193509751365568
TAAGCGTAGTCCGTAT-D1_NoStim,0.008600322377240843,-0.033269383622219095,0.023887144911810765,0.019478193253327447,0.47586300270044646,0.21223298059936013,0.17365420560277212,0.03101668653714995
TAAGCGTCAAGCGTAG-D1_NoStim,0.02935541162384503,-0.00847279750007246,-0.048172888443549056,0.00013463310595440703,-0.047558089573069395,0.04610758381137536,-0.052214087744278714,-0.0054191180958742535
TAAGCGTTCACGCGGT-D1_NoStim,-0.114732871288318,-0.08620396960987797,-0.7791986497619625,0.20654958448316663,-0.048589298674192705,0.27237768189197276,0.5199085738545355,0.03907446299116124
TAAGTGCAGGAATCGC-D1_NoStim,-0.032197996856668354,0.030894315764218305,0.22409346760192506,-0.1892908330153631,0.30857882804337144,-0.0402847059505369,-0.21582356040172268,-0.10420965581183594
TAAGTGCAGTACGCGA-D1_NoStim,0.08980104094000119,-0.006922433087209967,-0.36976121069020884,0.09577008727411318,0.16561474757387984,0.3080948635998997,0.24440385698721023,0.07762069951792583
TAAGTGCAGTACGTTC-D1_NoStim,0.02814871787142792,-0.007747498649644413,-0.3254725874893474,0.06348401770500445,0.12753636737949314,0.22145213722325874,0.18606931582609576,0.05063565884276855
TACACGAAGAGAACAG-D1_NoStim,0.030013223957569224,-0.02212352271942919,-0.3385808914821986,0.024540668842334412,0.1504635173644555,0.22201642098319763,0.13474432657729007,0.03582560451366845
TACACGAAGGAATCGC-D1_NoStim,0.10976440122297326,0.017332841055981874,-0.2994400764974223,0.04277075298693589,-0.1002194001171528,0.10727586789347487,-0.020733639025716677,0.01277860751586779
TACACGACACGAAGCA-D1_NoStim,0.04763562246493791,-0.04755422307065871,-0.3648408706135946,0.02400610894137678,0.006346486306423316,0.2455167404651979,0.055362818422298066,0.01842348959830531
TACAGTGAGCTAAGAT-D1_NoStim,0.039955506786643724,0.009901539716663521,-0.11678769205421702,0.041928409020364654,0.12323619474430103,0.19218745741404142,0.08770891674570436,0.032532886202355726
TACAGTGCACTGTGTA-D1_NoStim,0.07820557382661164,-0.01600431343511488,-0.2593497502279547,0.07144295074489371,0.147490814299438,0.1500671377765297,0.21037082965400522,0.06452543533507615
TACAGTGCATTTGCTT-D1_NoStim,0.06164626768901904,0.016039798581577003,-0.5050409513034619,0.11145774424233323,-0.06435028229219775,0.20808014674830666,0.35173389734682026,0.03101303727676452
TACAGTGGTGACAAAT-D1_NoStim,-0.07818508982584227,-0.06518059405351728,-0.2661048304936706,-0.027247394322690965,-0.016164597142637405,0.05192077079402857,-0.018240036177815,-0.07488169075546125
TACAGTGTCAGTTGAC-D1_NoStim,0.08796549887178173,-0.04723261351299968,-0.438721178278767,0.0723646444676671,-0.047370696071583396,0.2102488130688096,0.00890244751968483,0.008132501425853533
TACCTATAGGCGCTCT-D1_NoStim,0.11602679885520395,-0.02303064091313267,-0.3195650824858163,0.18593358775462043,-0.0879715447250291,0.25185219112328916,0.5854226124433595,0.12229710272013428
TACCTATAGTCAAGCG-D1_NoStim,0.024846087620703727,-0.014015496094151203,-0.22092367124226797,0.04130786775968076,-0.04663532228568279,0.10868644547094153,-0.018799332429991544,-0.0011719369116871547
TACCTATGTAGTGAAT-D1_NoStim,0.04689926986042359,-0.04081754362923995,-0.3481679676179681,0.04630849176912477,-0.06291804813718471,0.1093700011624339,0.11733883558845992,0.014578628213856248
TACCTATGTCGCATCG-D1_NoStim,0.025188817500104932,-0.030380457944431782,-0.37782814363989736,0.03177993351925146,-0.11376614064799462,0.16624249412053427,0.004532913787663073,-0.00770810653531484
TACCTATGTCTTGATG-D1_NoStim,0.002541179210361122,-0.044153311791793826,-0.082871293969081,0.014811026150209017,0.147704291497174,0.16605971948140485,0.08837882081343995,0.025121341932077712
TACCTATTCTCGCATC-D1_NoStim,0.014618605019119713,-0.04036921311209163,-0.1615161904776734,0.02461259108677538,0.16990443040709913,0.18555974855401125,0.05543482590545512,0.041073609049560034
TACGGGCGTTCAGACT-D1_NoStim,-0.06799753139273967,-0.006564852871788318,-0.10108441817271263,-0.0199478117504146,0.48723226202311665,0.17568582178512138,0.0900471940173917,0.023981202352404196
TACGGTAAGACTAAGT-D1_NoStim,0.08536919019674372,0.017149776576358633,-0.13937159932248733,0.0496875584615637,0.26464652393184096,0.21317768075473076,0.11406804757779643,0.0467891440526742
TACTCATAGCGCTTAT-D1_NoStim,0.05301750494122537,0.014083806052830994,-0.2331672905100337,0.06529046312732234,0.06437108219725474,0.15416896119543022,-0.060902705405976754,0.0027311795254920668
TACTCATCAATGCCAT-D1_NoStim,0.05709914820925022,-0.007808825746700165,-0.23892995098700354,0.022335084299081487,0.40244878126292605,0.20034778802532038,0.11346676809159462,0.034525086617897216
TACTCATGTTTGGCGC-D1_NoStim,0.078473447696771,0.00886827361455822,0.05751103428310245,0.025966188774662058,0.28956665323829966,0.16521478932653366,0.05830497839405702,0.05780377985028906
TACTCGCAGACTTGAA-D1_NoStim,0.05259952317726757,-0.0018873067046936143,-0.332963481580828,0.06932448609236808,0.005968359878824714,0.2504689921291856,0.057594127881881896,0.0427167626210494
TACTCGCCAGTCAGCC-D1_NoStim,0.07756356470047798,-0.0034529219898988828,-0.26674249894761815,0.08212003268469559,0.015143717160988501,0.2597982515333275,0.11451388113301597,0.07073766683101645
TACTCGCTCCCAGGTG-D1_NoStim,-0.04529371061475018,-0.07421016708130779,-0.2825832016239431,-0.014707174313967286,0.016797598417785053,0.10555447128061424,-0.033152092609149975,-0.05291703219374
TACTTACAGATGTGTA-D1_NoStim,0.07627243598223288,-0.008400103195082664,-0.41656500822181286,0.12312794518665449,-0.1682997454365136,0.10436238933895048,0.2836692506605454,0.07907003794143463
TACTTACAGGAATGGA-D1_NoStim,9.479725072125689e-05,0.0254196671035416,-0.19472278739947058,0.09577884158563066,0.020912237272034062,0.07906741018138508,-0.024235431100084526,0.04314364616261912
TACTTACGTACGCTGC-D1_NoStim,0.06727504093454328,-0.041030883376381055,-0.28065969032597593,0.07765305289713176,0.1418779817425566,0.23333974890749154,0.1049736032840114,0.03997357882785124
TACTTACGTCTCACCT-D1_NoStim,0.0004773299355562699,-0.055945411957633695,-0.23293751644910543,0.03183781553523346,0.08241729324025826,0.14276831545152735,0.02996989351516266,-0.016879992337448968
TACTTACGTCTCCATC-D1_NoStim,0.09757467230368277,0.006238642565776331,-0.2897632144869835,0.012291179733356472,0.42046857403578386,0.24761717669452032,0.13694361363055485,0.04330169607464818
TACTTGTCAGCCTATA-D1_NoStim,-0.043368224870221184,-0.033747323266201334,-0.3762140308419628,0.07870700644428652,0.015512172114346967,0.24700898701998852,0.2513768470801274,0.03212778235433689
TACTTGTCAGTCGATT-D1_NoStim,-0.019082780773905128,-0.05922398019611741,-0.07430960230814421,-0.03076441903640159,0.010859575476191097,0.0529583942250742,-0.15335047678044056,-0.024357658855073794
TACTTGTGTCCGAGTC-D1_NoStim,0.07707522577563708,0.0658068980658797,-0.3764849817796172,0.0714984994421144,-0.07823388898487238,0.17589277687654103,0.07774075143806147,0.04672000321119718
TAGACCAAGACCCACC-D1_NoStim,-0.055671083411150235,-0.0797199768521093,-0.25439797053640945,-0.026510545687683518,-0.0007405788636098976,0.06311853509969634,-0.04403338671185164,-0.06064272932308157
TAGACCAGTCATATGC-D1_NoStim,-0.00020915338285476537,0.05739442930803307,0.1191619648532356,0.03412944053484601,0.01836934625242037,0.07464187047053628,0.18403735551034384,0.022015672262300612
TAGACCAGTCTAGGTT-D1_NoStim,0.08428458520204885,-0.017167476987310692,-0.38044422498086483,0.0616749427081853,0.007266491057588809,0.2518821195848133,0.10717243305643187,0.05403449212583311
TAGACCAGTTCCGGCA-D1_NoStim,-0.04417958429353597,-0.03859431854865214,-0.15651561579666406,-0.024503394390643862,0.08678031780797468,0.09305506578773226,0.04113466729362525,-0.03411190926843055
TAGAGCTAGCAGGCTA-D1_NoStim,0.03658506122065752,-0.00983990892554587,-0.3759051569947758,0.01858857447313511,0.015469162453330298,0.08563750937167924,0.08226232385472532,0.008979217535863171
TAGAGCTGTACAAGTA-D1_NoStim,-0.05695426000271553,-0.0874899835003724,-0.3896761418811465,0.027010233063444744,0.06660930831838208,0.1192771184672683,0.13288134228338322,-0.027995647670485013
TAGAGCTGTGCCTGTG-D1_NoStim,0.03578750118435714,-0.0008385324715511899,-0.3400046353623516,-0.016072588316315972,-0.049804019960832946,0.00961961839367742,0.024457446738590072,0.013581770764405476
TAGAGCTTCCCTAATT-D1_NoStim,0.0655307228094184,-0.018661944234724004,-0.2682991568687534,0.06675171551345116,0.006980959508547713,0.1637240042762409,-0.02003376995561368,0.005787157098872342
TAGCCGGCACAAGTAA-D1_NoStim,-0.03555412705471994,-0.035292908710749415,-0.07584340830896963,0.0023279032022571755,0.09414697322543653,0.160123953221051,0.12035133320697611,-0.004250258350671388
TAGGCATCAATCCGAT-D1_NoStim,-0.048115070019527195,-0.051089336994353474,-0.13369172126787277,-0.043617267406350635,0.3877086479862726,0.16506338873466397,-0.05268781450836002,-0.024275665082294395
TAGGCATCACTTAAGC-D1_NoStim,-0.01718862699137169,-0.053925112510389894,-0.272729669037286,-0.03839087018709009,-0.16797647568049,-0.036260713853653925,-0.03282630775484474,-0.07393460149228304
TAGGCATGTTACGCGC-D1_NoStim,-0.0023512829839198446,-0.05299622156169015,-0.3313208377290735,0.042602792872937556,0.08044724317780627,0.22008649969684768,0.13538875958685237,0.007802217385551202
TAGGCATTCCCATTAT-D1_NoStim,-0.06823622770532012,-0.07975532097125893,-0.48732534452159015,-0.03280951853945524,0.09181454779003317,0.11401322878116105,0.06502916323188757,-0.06907452279227222
TAGTTGGAGATCACGG-D1_NoStim,0.004029604136974285,-0.03124547060571281,-0.4396646709793046,0.04408545668315966,-0.019637983388813396,0.24550763657241426,0.062107078776894475,0.036630429570564615
TAGTTGGGTGATGCCC-D1_NoStim,0.08910721945020761,-0.010911026095973497,-0.2549005420477979,0.03390643293794504,0.4725378094438355,0.22777348616272874,0.08846811453856684,0.06211356638334564
TAGTTGGTCCACTCCA-D1_NoStim,0.01945972715551747,0.009574582670270004,-0.27507178133240373,0.03567338448519308,0.04882148148242926,0.19407890660197502,0.02807663326343679,0.029895680353011045
TATCAGGGTCATCCCT-D1_NoStim,0.1260841552924017,3.8072737483574315e-05,-0.2270322128672433,0.05863901633609636,0.3186105915784694,0.23987296537270453,0.07768887216940445,0.08857289502186383
TATGCCCCAGTTCATG-D1_NoStim,0.025579175161825063,0.022133553026053576,0.03621174874726307,0.02998129594206489,0.3390681359752392,0.13972116373028598,0.021726094988326672,0.06255577464399664
TATGCCCGTGGTGTAG-D1_NoStim,-0.1222117833808074,-0.09766660991411413,-0.32740443714446954,-0.038288710926018155,-0.015437257973642815,0.031551989126910485,0.21391679686597165,-0.06979160758878145
TATGCCCTCCGAAGAG-D1_NoStim,0.0633160582130845,-0.0008457063482154581,0.0010850178205750183,0.04862272116398536,0.39475545652729593,0.15553082841095645,0.0884615354576006,0.04814024555475527
TATGCCCTCCGAGCCA-D1_NoStim,-0.1275180392618207,-0.11881859357168167,-0.341295460923142,-0.0865265348925206,0.08126608113783362,0.028792490593028575,-0.04181196916270569,-0.12125651275295546
TATGCCCTCCGCATCT-D1_NoStim,0.10827367422760048,0.062219570951727476,0.1901884755180525,-0.04497983574389153,0.1093003310131202,-0.11073201382952291,-0.09248760909142639,-0.009803634619391488
TATTACCTCCCAAGTA-D1_NoStim,0.014589976204153032,-0.0425237645508183,-0.13524269041795023,0.0180684277762726,0.0964534028004369,0.2017881210622141,0.07252934654512,0.01299509000618393
TCAACGAAGAGCAATT-D1_NoStim,-0.019046161733921707,-0.045973509987673467,-0.08563988052359406,0.027353102421246334,0.08780714581948423,0.14752518440550055,0.11040604856943226,0.02888917321600637
TCAACGACACAACGCC-D1_NoStim,-0.048832899180396794,-0.04919761295102809,0.044705360931633464,-0.011885456067540545,0.3747879924944755,0.1532896145455478,-0.02404395034147022,-0.013220221033799717
TCAACGATCGCATGAT-D1_NoStim,-0.055961409457392364,-0.04055280130894978,-0.06257417356935235,-0.04931460644033692,0.26235769412464904,0.08871447729906556,-0.0008165383429385997,-0.026759783550208027
TCAATCTCATCGATTG-D1_NoStim,0.05329258414197113,-0.08139744839687602,-0.3061654937572129,0.03613524489536246,-0.05028664919667669,0.18417010345289242,0.02166729246750254,0.004180780786420257
TCACAAGTCTCGCTTG-D1_NoStim,0.03680090127146585,0.005787278422433317,-0.21079689940306956,0.013844841253954243,0.27348633816106016,0.20909004948272347,0.13045128268512496,0.04503482340026288
TCACGAATCACCTTAT-D1_NoStim,-0.0802487884616685,-0.0871559193700211,-0.18674537569314964,0.004157412359582224,0.05868660512941837,0.11808064859103773,0.0880543994313916,-0.04294192243827055
TCAGCAATCAGCGATT-D1_NoStim,0.0475858715542099,0.04770888025847064,0.1912097711315912,0.07438269398168096,0.5035773236797247,0.16705021210473703,0.0615216985646887,0.0980311722925542
TCAGCAATCTCTAAGG-D1_NoStim,0.07703080187364186,0.02496234198763503,-0.002713678513497797,0.0699594394335481,0.3774587928177091,0.1359864556908459,0.16067700723602218,0.05872751660230158
TCAGCTCCACTCGACG-D1_NoStim,0.05444890300645788,0.010402196333682667,-0.43511112730001855,0.052239472990232017,-0.1316525425431898,0.058121941320549375,0.04697366667020475,0.03321621280603715
TCAGCTCTCGAGAACG-D1_NoStim,-0.005172566308548454,-0.05586857371977949,-0.13094378463559408,0.011362973939155196,0.09443724426839495,0.1329697076752101,0.11345293434933534,-0.011957462311832145
TCAGCTCTCTCGTTTA-D1_NoStim,-0.1751613361915112,-0.04775086966133202,-0.16221562812495804,-0.07284030756313342,0.3353866503457894,0.1212674571467307,-0.015391104725662075,-0.07022933958451993
TCAGGATAGTAGATGT-D1_NoStim,0.02944799442438395,-0.010019278693889078,-0.5444135804039014,0.0585477388516118,0.19622279792958253,0.33155599787472134,0.19909485420686135,0.05081810959386779
TCAGGATGTTACGACT-D1_NoStim,0.10243955203276478,0.09446064824232536,0.2505904406288515,-0.1576650717381778,0.21833909641618732,-0.061850051538340445,-0.5484065460608125,-0.060537449512738206
TCAGGATTCACCCTCA-D1_NoStim,-0.05785412112268773,-0.07179959866951435,-0.2678700643955487,-0.050893743508634515,0.04208810302965915,0.08057135606092292,0.018641359892505704,-0.07455779226756398
TCAGGTAAGACGCACA-D1_NoStim,-0.010253445353692214,-0.04832371216988385,0.026788508535879885,-0.0190128822894291,0.1740916230090832,0.10521916160131184,-0.10884340421140148,-0.025120636840149757
TCAGGTAAGGTTCCTA-D1_NoStim,0.054783370691916744,-0.027318231833215023,-0.2341537291305329,0.03397035320429431,0.09312224507901234,0.24621219581428466,0.19053782879064585,0.04713185272025555
TCATTTGAGGTCATCT-D1_NoStim,0.003191696713532366,-0.028811689272263408,-0.3049695528234295,0.027426190790489358,0.14903528377786301,0.2214325540217308,0.10396815882029697,0.02408077002102793
TCATTTGAGTCTTGCA-D1_NoStim,0.033625511498661,-0.0372396337265517,-0.4629471677917234,0.09588661336916715,-0.05462030777127147,0.2648363306840311,0.09103810756625164,0.0393983702933518
TCATTTGCAGACAAGC-D1_NoStim,0.14286662517875648,-0.007244739530056776,-0.16269773557467104,0.06784478306684782,0.32207715642975643,0.28550863584438346,0.21508996696268134,0.09880170539958755
TCCACACAGGTGTTAA-D1_NoStim,0.05273239761195647,-0.03656641020200446,-0.6138568698153595,0.08938618215506189,0.01894676838095677,0.2944497316934527,0.17674263005122226,0.052144795631443586
TCCACACCAGTAGAGC-D1_NoStim,0.05091635900264002,-0.005968325230432114,-0.3533093149271842,0.020477440601666785,-0.03380030288955638,0.07605775442712837,-0.06049720158817884,0.017158738523512795
TCCACACTCACGCATA-D1_NoStim,0.07538292912851752,-0.04287463927200186,-0.44968518391011614,0.09240271686126533,-0.07874752547557229,0.2671629327240419,0.10599596011809442,0.021935326556084433
TCCCGATCAGCTGGCT-D1_NoStim,0.12564829340864314,0.08369043066486626,-0.3329971867888073,0.14513502759031027,-0.053456109121460926,0.13939180355692038,-0.09766314035903001,0.0791268980318609
TCGAGGCTCTGATACG-D1_NoStim,-0.007341346590900244,-0.005606317596333454,-0.22868921027443534,0.019460952199137793,0.21319255782931457,0.1925966180000369,0.2015396684002555,0.02512921109409838
TCGCGAGAGATGTGGC-D1_NoStim,0.023069849722689995,-0.03355034504861365,-0.37889433078288803,0.04491638326304148,-0.05842897927580104,0.17863418315378787,0.049239240316949484,0.008161583798832694
TCGCGAGGTCTGCCAG-D1_NoStim,0.10683461362028268,0.0695557931394486,0.2843225969326877,-0.013025550138557662,0.11399434389888796,0.11212814885842004,-0.09256989209364797,0.03713062212716167
TCGCGAGGTGATGCCC-D1_NoStim,0.0017606875675628686,0.007040140005965867,-0.23332967496099855,-0.005958516966238392,0.4634399068737629,0.23724757334483826,0.025353745774984837,0.034913869387310115
TCGCGAGGTTGTGGAG-D1_NoStim,0.031374006928613696,-0.058860495588083594,-0.25302676344165675,0.06624470164506668,-0.03647594463993187,0.09341000089259754,0.05177002409341824,0.0072780138967640795
TCGCGTTGTGGCTCCA-D1_NoStim,-0.059581813052119514,0.006535236091401941,-0.07390836677577894,0.008250935755141242,0.42652535522649515,0.17926543295354236,0.11937037445556697,0.019813026778891185
TCGCGTTTCCGAAGAG-D1_NoStim,0.040218224281769466,-0.03874124255278666,-0.47958763288578865,0.05483457385427215,0.03446987690444736,0.17436468116592518,0.05025287539852208,0.01110875267158562
TCGGGACAGCGCTCCA-D1_NoStim,0.0884070212557706,0.07979303182246866,0.18809302525090033,-0.15360486738535784,0.2110232555470457,-0.09292444671666011,-0.5704571684245572,-0.0678118184833707
TCGGTAAAGTCATCCA-D1_NoStim,-0.03660512626590062,-0.05755019236856995,-0.35953882719525865,-0.009517349304807965,-0.00798400483848738,0.13269094803320947,-0.03621443278064174,-0.018415868444158434
TCGGTAACAGATGGGT-D1_NoStim,-0.03387165154033234,0.0025552010972411665,-0.3105285876723656,0.014276620814571928,0.19442045997119273,0.17044757052075177,-0.030384248441348127,-0.05104380364286776
TCGGTAATCCTGTAGA-D1_NoStim,-0.11389929777189423,-0.034436060425081294,-0.13069762568832743,-0.0060665158766504135,0.07585779925283731,0.08925918402870892,0.05364464122418511,-0.05113727170905591
TCGTACCCAGCTGCTG-D1_NoStim,-0.053537839144592425,-0.06892202374580769,-0.27735603670111075,-0.035616616820096425,0.0025049742372509343,0.1070578421565358,-0.028258191405740263,-0.05554703132480654
TCGTACCTCTATGTGG-D1_NoStim,0.025216704902929266,0.048980537750358266,0.07489403830462571,-0.09361471653413389,0.1649232622900776,-0.0633494629088247,-0.19946779803623027,-0.05257682644540296
TCGTAGATCAAAGTAG-D1_NoStim,-0.002866506330096996,-0.034708473693497055,-0.47068312905118503,0.06376522368943327,0.31940764549338674,0.31550306020252883,0.13031454717089286,0.022160265910349253
TCGTAGATCAAGATCC-D1_NoStim,0.08530580761684092,0.09913341700236167,0.21764417911686706,-0.13916753024897055,0.16195914557581403,-0.08507395198822909,-0.5310310743934537,-0.06194068936512309
TCTATTGAGAGACGAA-D1_NoStim,0.09560898590351918,-0.0028871061672059994,-0.10873269930349672,0.04769513178278473,0.3501699492593886,0.2634854730758871,0.17267301027793547,0.05543337044202623
TCTCATACATATGGTC-D1_NoStim,-0.05330650754583566,-0.062686819051887,-0.25295313666071806,-0.07239656581077192,0.017889143824010745,-0.005084019062467249,-0.12186906256756114,-0.09355502300666885
TCTCTAATCAGCTCTC-D1_NoStim,0.007408896601203807,-0.004452906108603827,-0.2297856308436188,-0.027487981870342182,-0.10337018153557942,-0.0010817081109415483,-0.10472533115157923,-0.028351034249253004
TCTCTAATCAGTTCGA-D1_NoStim,0.07052176329383109,0.003133645764767934,-0.3521104020557573,0.031532952111064105,0.46673312974145276,0.2942713473202634,0.14225807063274054,0.05589491244511535
TCTGAGACACGAAATA-D1_NoStim,0.020533860448402663,-0.03794859783684856,-0.37217983328373805,0.03119470945263636,-0.02607527452696523,0.199875395987692,0.10108507730479088,0.025497221728022268
TCTGAGACAGTTTACG-D1_NoStim,0.050083604359350886,-0.05479500721983932,-0.29286549648532834,0.03807146950450502,0.01687222311988812,0.21985565163886278,0.0010141909414378425,-0.013851723613161226
TCTGGAAGTAGCAAAT-D1_NoStim,-0.00611552835719209,-0.0463149985725142,-0.5113419454790087,0.15411909955083836,-0.011067376832682996,0.2971300312527738,0.5328895938038176,0.11801604851548575
TCTGGAAGTAGCCTCG-D1_NoStim,0.068271386947794,-0.00721187211143004,-0.37677431485964163,0.10806419927605049,0.08768026130882056,0.29236359582688287,0.1140836405785084,0.07285928396575869
TCTTCGGAGAGACGAA-D1_NoStim,0.022571525458248587,-0.022398099700200902,-0.32576405287331056,0.03411001788121126,0.45741266793119095,0.30409808469816113,0.42839025249733975,0.05875335409117177
TCTTCGGCAAGACGTG-D1_NoStim,-0.11431460306728702,-0.06308852449296509,-0.37686516023772043,0.15143831991798073,-0.03758678135321247,0.160456062157861,0.5077095830662959,0.04062104368468589
TCTTTCCAGCAATCTC-D1_NoStim,0.06104140366907984,0.007535748205038217,-0.34723720072538455,0.06716158388406335,-0.0012156868256738562,0.13545762870680367,0.14237760486913853,0.03449517782379985
TCTTTCCAGTAGCGGT-D1_NoStim,-0.007338553693672978,-0.0160944829122176,-0.20492593483444566,0.10000467262146095,0.08910581557116615,0.33652553914094696,0.25660686230599605,0.027581047492992283
TCTTTCCCAAAGGAAG-D1_NoStim,0.07150805190198994,-0.004235940234572411,-0.3375981545092337,0.05758422477843261,0.0749900374351622,0.21133647049806203,0.07003857565094274,0.052499247071674304
TGAAAGAAGCATGGCA-D1_NoStim,0.043200849395047314,0.02314985261318192,-0.2156956573640585,-0.09237547574950433,0.004104986511595854,-0.07965385254687973,-0.2896989863140398,-0.06216870748921721
TGAAAGAAGTCATGCT-D1_NoStim,0.041528876978523144,0.020727597308413337,-0.13001649034386098,0.025463874921834773,0.047925632845320365,0.06813736239200807,-0.11482660944346357,0.007848571534076143
TGAAAGACAGCATACT-D1_NoStim,0.11064854307490357,0.006157028474952142,-0.14098534730274004,0.0061813332886035965,0.45705362454041776,0.24901525285466697,0.10749966363233909,0.06892501782388294
TGAAAGAGTCGTTGTA-D1_NoStim,0.09781043486065144,-0.014908322556092202,-0.14112759830213228,0.09957801646584308,0.0371342020072305,0.27826546318721235,0.26901459552012685,0.09247198531056888
TGAAAGAGTCTCTTAT-D1_NoStim,-0.03661914507860864,-0.08052093671840233,-0.0517563132405634,-0.013147979959903466,0.11716311887118813,0.19632003140230658,0.0015528101679800344,-0.008327487773629016
TGACAACAGAGACTAT-D1_NoStim,0.03880334789974782,-0.03001748849298913,-0.3482163400599134,-0.03259654354213026,-0.024814590038225504,0.013110477361403028,-0.13734038728022746,-0.04666129091029525
TGACAACGTGCAGGTA-D1_NoStim,-0.013919167725235937,0.02161575781300762,-0.10952855196416245,0.004363617558965416,0.20170063839559838,0.17065402348458392,0.024919384253465626,0.016373702084877095
TGACAACTCACTATTC-D1_NoStim,0.10188452501278356,0.052869663541880385,0.08437364052205965,0.019422560597375238,0.03394334916318975,0.13324778179999797,0.09016775574185143,0.06546110406999972
TGACTAGAGTTGCAGG-D1_NoStim,0.007571799407925184,-0.015858451107483518,-0.10322162040017702,0.19129090210338617,-0.08463558187516895,0.2382819948295527,0.552466706516376,0.09372626377371596
TGACTAGCATTGGTAC-D1_NoStim,0.009939015137236495,-0.013159752271898029,-0.14766362168572655,0.017232285767406097,0.2790014369061531,0.18438818412679225,0.11889414252077835,0.014504886794989957
TGACTAGTCCGCGGTA-D1_NoStim,0.11562892980375317,-0.022563560206714683,-0.21503087070059834,0.1620903969080505,0.3019820430934743,0.35627085945481873,0.33410038972147493,0.12046887857722588
TGACTAGTCGTGGTCG-D1_NoStim,0.11050479047851525,0.0030864544123385684,-0.0862553741899319,0.003999798121432363,0.3884160218026729,0.21796125343053596,-0.0749647771701536,0.07790648795008437
TGACTTTGTCGGCACT-D1_NoStim,0.07280988314446901,-0.003240401539827076,-0.3038848542954309,0.040357210532846466,-0.0013715350876193355,0.23163042333904915,-0.023567575920852235,0.02353130822182159
TGAGAGGAGTTCGCGC-D1_NoStim,0.11773702035643474,-0.0026214838522751194,-0.17975177186203695,0.039202619366825786,0.304462049631951,0.2578171862077312,0.18637627842645177,0.07430763540739704
TGAGCATAGTCAAGGC-D1_NoStim,0.028991341725092212,0.017438055041880673,-0.13425449678548596,0.0748296723119406,0.3155096997166247,0.16766251917992214,0.2104762602894965,0.06260789327535754
TGAGCATCACTACAGT-D1_NoStim,0.11483331009018016,0.028130392610240307,0.042873551995715076,0.05736462119296881,0.12272908053086162,0.13400715941114605,0.06755235350079491,0.057166335569824867
TGAGCATGTCCTAGCG-D1_NoStim,0.01593200226561642,-0.03478336611215305,-0.12513980716108364,-0.027137763696229555,-0.018150562357462263,0.01633565668845982,-0.11171192269364205,-0.0152092592559665
TGAGCATGTGGCTCCA-D1_NoStim,0.03602586055342272,-0.015245547236901302,-0.2856949396295132,0.023969798866728453,0.02807652775582703,0.22709338747928776,0.12317092544315056,0.02453783438811641
TGAGCCGCAGTTCATG-D1_NoStim,0.05509427628599006,0.005340057025861711,-0.13662579912169193,0.06867269669939269,0.04262705704896064,0.19055549252061432,0.14924930568415817,0.048422876294567985
TGAGCCGTCAGTTAGC-D1_NoStim,-0.16287226737749094,-0.05629029293658938,-0.6811929310216431,0.2561078349269703,-0.05729768223426923,0.3284853819541489,0.5842091728605041,0.0784236552564046
TGAGGGAAGGATGCGT-D1_NoStim,0.05209027314806036,0.015880795250470925,-0.3237154719477662,0.10939885290031803,-0.10617822330625692,0.22715140783814824,0.23041738193007255,0.06867266096968194
TGAGGGACACAGCCCA-D1_NoStim,-0.018933545958997655,-0.06177972430029399,-0.2385570008064164,0.009764364865297637,-0.026619416910484972,0.11842539511415229,0.05403119072232965,-0.02502961915884505
TGAGGGAGTTGACGTT-D1_NoStim,0.027352764285476283,-0.052059344613491376,-0.17938224080114296,0.029889138308744734,0.376861145920925,0.259238812519178,0.15430572310455393,0.03242535604291774
TGAGGGATCATGCTCC-D1_NoStim,-0.1272654121843857,-0.09603042699667341,-0.3031472221946352,-0.0828073474565123,0.04423362990645252,0.02077774738355931,-0.007308990341116761,-0.10708771204578582
TGAGGGATCTTCGGTC-D1_NoStim,-0.02177008856684992,-0.06903320527110068,-0.2936192054539539,-0.0009023426718872685,0.02962294855856662,0.13371869206027576,0.11243739625208438,-0.041806145393447736
TGATTTCAGATCCCGC-D1_NoStim,0.06117840083011927,0.04700557157933183,0.19997781132031278,0.048927520215148235,0.15497903205858954,0.09557036660374152,0.2841437389753656,0.05077632889441119
TGATTTCGTCGTCTTC-D1_NoStim,0.04687581342305869,-0.02145331479011503,-0.39464188041942805,0.07367996318026115,0.16393519286623182,0.2867844476572561,0.11676447939592549,0.06305795645492829
TGCCAAAAGTCCGGTC-D1_NoStim,0.08711905821761157,0.0018494558317314613,-0.09428110851235871,0.05997557064061532,0.45873662627508693,0.2652871835875974,0.1282883633114702,0.0851094121405005
TGCCAAAAGTGGGATC-D1_NoStim,-0.12990102634103984,-0.0058552681297801,0.1792394010425049,-0.12828239169297007,0.11354599658336362,-0.019731312087259312,0.07573885523482193,-0.03257205427340537
TGCCAAAGTCCGAACC-D1_NoStim,0.060416739753307525,0.04329278891831656,0.2536198134536338,-0.021639968071067273,0.09602644924844661,-0.09478526602538473,-0.030343087894682874,-0.009156918878463927
TGCCCATAGTGGAGTC-D1_NoStim,0.09298525838056726,-0.008929590767724704,-0.2921592232002972,0.042193968987787045,0.03709917188085221,0.2369884379146585,0.08951665152713417,0.04936751125160299
TGCCCATAGTTACCCA-D1_NoStim,0.09231110976798007,-0.028517684015893607,-0.17669830939904507,0.0844682452850325,0.038581542532584834,0.17195750859631342,0.06277327436315883,0.02366531881996714
TGCCCATCATCTGGTA-D1_NoStim,0.09156888499163074,0.04284322267947971,-0.022437060152146415,0.002531897607751077,0.17053500580590253,0.08475040485054564,0.030423342411535437,0.030565244325858387
TGCCCATGTGAAATCA-D1_NoStim,0.04465307494873905,-0.09080676151144473,-0.44059842220001855,0.08493159467680833,-0.010500889717866002,0.2376826179807381,0.04045511117304823,0.006864175698549246
TGCCCTATCTCATTCA-D1_NoStim,0.028170797127945235,-0.014074056424501435,-0.26693905987117006,0.008272263884631315,0.5171483501179104,0.24647604230639786,0.18084412022185603,0.042248134540244564
TGCGCAGCACAAGTAA-D1_NoStim,-0.008146309158465925,-0.054259091779869095,-0.37639581830726954,0.011973021291289854,-0.03754911369821201,0.1685593358641233,0.038924617232523495,-0.04667992300007562
TGCGCAGCACCTCGTT-D1_NoStim,0.13451074130051666,-0.00974782884017067,-0.17362204770772394,0.06283880361750427,0.32301284756740856,0.2575859268983738,0.13038053425605778,0.08765265510592712
TGCGCAGTCTACCAGA-D1_NoStim,-0.022030776018135967,-0.035652581495694946,-0.15103181329434534,0.02779814843855455,0.3840227687437281,0.2548339853014543,0.16040987926275996,0.025535839571045216
TGCGGGTAGATATGGT-D1_NoStim,0.09171417972428664,-0.02023407484781714,-0.4084080575672395,0.08049845568738156,0.34694327765406996,0.27453747282067553,0.15902813725708764,0.08997743371514133
TGCGGGTCAGGTCCAC-D1_NoStim,-0.08555242252659845,-0.059255385037932484,-0.07099258917845219,-0.03029024088289667,0.2657746563069239,0.09297405614468346,0.006144081776469079,-0.03932136700139921
TGCGGGTGTAGCGTCC-D1_NoStim,0.015808550911872388,-0.01876796313012541,-0.17340796134644165,-0.0042202079001825155,0.10425097164296382,0.06740596019286915,-0.04837935512537683,-0.018913261239685397
TGCGGGTTCAACGGCC-D1_NoStim,0.13356391045942928,0.05314154685658856,-0.47304097074946583,0.1958325335849196,-0.18286339726479284,0.1964161894947587,0.4413783757657779,0.11826801874561355
TGCGTGGCAGACGCAA-D1_NoStim,-0.20109974312425827,0.0275750110665971,0.2732635502754359,-0.2012622412628744,0.18722491692937204,-0.12573731808180177,-0.23788457105182736,-0.11786827087602347
TGCGTGGTCAACCATG-D1_NoStim,0.02050806742330913,0.02206312387786724,-0.026944568036388006,0.018217702125243207,0.16303466769734243,0.17000101722034344,0.15383538754869175,0.03692346604334418
TGCTACCCATGTTCCC-D1_NoStim,0.0007766432317488636,-0.0058325121224225285,0.02490004288322467,0.04750816741184494,0.31545951249800197,0.08166555082665994,0.20856928319093093,0.058710890840272256
TGCTACCTCAACGCTA-D1_NoStim,0.09412504934146781,0.006532820612170198,-0.1784122482163486,0.0278203581946439,0.2601767455192139,0.17971705894953338,-0.07056035591238974,0.06488858636620343
TGCTGCTAGAGTAAGG-D1_NoStim,0.09863105974109132,0.008387371821365619,-0.1288782608825194,0.0502806449120925,-0.043834620031168114,0.12481006773320047,-0.002071370525471572,0.008410574064058096
TGCTGCTCATTCGACA-D1_NoStim,0.025707533268761296,0.015391292164251169,-0.436155055394682,-0.03082134622935584,-0.1805972505016964,0.013234055948089463,-0.09137343148280319,-0.030279488378695874
TGCTGCTGTGCTGTAT-D1_NoStim,-0.13248692910412174,-0.0759601169073374,-0.9315521591782883,0.18089003595204645,0.03667226419307923,0.2172326720615647,0.5388844564184119,0.04618557170646831
TGGCCAGAGACTACAA-D1_NoStim,0.01100877451359139,0.0004886995788133675,-0.3559694981379593,0.0015458815517543911,0.47273838988136063,0.21510855480792657,0.08149252735488055,0.047607508133687304
TGGCGCAAGGTAGCTG-D1_NoStim,0.07890406830493113,-0.08276475607985745,-0.42860409705476243,0.067828743004128,-0.01834496903635241,0.254563439065258,0.03262364666317641,0.006050092625635273
TGGCTGGGTCAAAGCG-D1_NoStim,0.04638598842992536,-0.019397948206549387,-0.12056437688671906,0.016107240274102708,0.35950781729384573,0.2189828226439694,0.1675659028449461,0.03127930991906247
TGGCTGGTCCGTTGCT-D1_NoStim,0.005790637341650751,-0.012741155915664493,-0.19638024608973126,-0.0014925666439680185,0.46794254792057544,0.21006755500394902,0.05832135696654994,0.03977499748121893
TGGGAAGCAGATAATG-D1_NoStim,0.03834952061479768,-0.021227692705293677,-0.27684865312087936,0.02032109111367575,-0.039162971431018434,0.1278999623972732,0.033867659779764914,-0.0026799141453448527
TGGGAAGGTACGAAAT-D1_NoStim,0.0953455632733835,-0.021245735910353503,-0.33448650039340855,0.13325683444239544,0.1527238690800452,0.2946801116524753,0.5019115949354918,0.09772320979107185
TGGGAAGGTAGCGATG-D1_NoStim,0.14918467920734457,-0.02825168947712342,-0.2977542574008911,0.15386178889464297,0.018358929250798184,0.29844843866364634,0.5887010899604421,0.11492504058532482
TGGGCGTAGGGCACTA-D1_NoStim,0.05804468378476635,-0.010953855668237367,0.0032760127642088577,0.03883435196595997,0.11109140938857465,0.19851862922026342,0.06235004549019063,0.0581405537579176
TGGGCGTCAAGGACTG-D1_NoStim,0.06135425600627009,0.012683056821023442,-0.061299052748303495,0.05957918780190852,-0.03738026211538248,0.14314654181952058,0.04941572885249945,0.029171223363080756
TGGGCGTCATCCGTGG-D1_NoStim,-0.017037560475721136,-0.03769018388213752,-0.3248841414653505,0.023565101519620768,0.08801565891630148,0.16020764166253354,0.07819830300051933,0.009560606137732464
TGGGCGTGTAAAGTCA-D1_NoStim,-0.05226652578406821,-0.011512531370613033,-0.34055171472895296,0.00829713212215033,0.3957433855610297,0.26111929207345064,0.143709701689696,0.01506464530049989
TGGGCGTGTACCGGCT-D1_NoStim,-0.0021820005128141418,-0.05413148669075163,-0.554212240984981,0.1320325763017678,-0.014210621961954217,0.3237609901274059,0.15082302173268314,0.020429348398680602
TGGGCGTGTCTCACCT-D1_NoStim,0.048726536210239146,-0.0024993391975947077,-0.35922203234500927,0.02839220270469056,-0.0810096985281934,0.05417096279998468,-0.006474481642264607,0.005106265448324265
TGGGCGTTCGGCTACG-D1_NoStim,-0.00589012529622579,-0.057110678622677824,-0.056516222612337685,-0.0266817564227928,0.04496568423810565,0.04561915365573377,-0.17998189217910632,-0.023706074838669267
TGGTTCCCAAGCTGTT-D1_NoStim,0.08570238118356244,0.0003140144147320001,-0.24214145787844998,0.059597638550853205,0.13001175288016853,0.20939057423679852,0.13033421036095305,0.061561799266549144
TGTATTCCAGTAACGG-D1_NoStim,0.024002023291787467,-0.06853677318986406,-0.37122227790956863,0.05554166030880481,0.018572992078045303,0.1869032830883235,0.07683347529701035,0.010614801330147472
TGTCCCAAGACAAGCC-D1_NoStim,0.0056534140594663995,-0.05483157927764104,-0.3392276624188355,0.02594633746314834,0.0900752906634601,0.15612444795126468,0.03795674310936015,-0.008380085397039494
TGTCCCAAGGGCACTA-D1_NoStim,-0.04090113994327815,-0.057287406271683494,-0.20296043513583584,-0.01648670364668625,0.03046739631857953,0.09989731478274955,-0.013340517036882105,-0.047277216079290696
TGTCCCAGTCCGTTAA-D1_NoStim,-0.010907088693882017,-0.016882655047254502,-0.33579714937219407,0.05296059412502352,-0.052621379295949566,0.11804633861827263,0.0978681449711587,-0.006769686127409358
TGTGGTAAGGATATAC-D1_NoStim,-0.09250916326923964,-0.008834753296374842,-0.24796752446762582,-0.052747154171187915,0.09429313576077547,0.06735126616209364,-0.010313206013219833,-0.04509234746792323
TGTGGTACAGTGAGTG-D1_NoStim,-0.043019411598601565,-0.023036105516155203,-0.1749656844482601,0.01644816379188363,0.2850128120208435,0.20513345871311373,0.08574907860245506,0.01857601291879618
TGTGGTACATGGGAAC-D1_NoStim,0.02164904246278354,-0.017308544092884404,-0.1061658953564546,0.0058719629064025725,0.41369633414627316,0.2337539311161887,0.19111007130128144,0.04789250400404299
TGTGGTATCAACACGT-D1_NoStim,0.0478510080385508,-0.022486931058255166,0.06671181035052953,0.00919412743300363,0.4138417061759334,0.22183601593776636,0.16581784119725818,0.0390774943568708
TGTTCCGCATACTCTT-D1_NoStim,0.05147646428720343,-0.052966695346436055,-0.3734503769682789,0.061845049202736035,0.09424151918722679,0.20554074409477696,0.1150040734534068,0.028634195087933634
TGTTCCGTCCTAAGTG-D1_NoStim,0.1285890819105564,0.01357100432150915,-0.11684029289442321,0.10986595778364716,0.24554635899061594,0.2750797617884846,0.3567177590986388,0.10728101179631366
TTAGGACTCCACTGGG-D1_NoStim,-0.012168449805695758,-0.05277894911581171,-0.259792600067815,0.018970733806066065,0.006100805374462226,0.13376024916686902,0.00302242162200983,0.0001799432843050397
TTAGGCAGTCCAGTAT-D1_NoStim,-0.11363878784402104,-0.09173118326348373,-0.2002332208526596,-0.06323314383483236,0.06112336227394621,0.07968528497308114,-0.032339586750985916,-0.07565396772405819
TTAGGCAGTGCTAGCC-D1_NoStim,0.05689978416097574,-0.026947537415829004,-0.2543955456989764,0.058415178182858796,0.05278903588181727,0.17690735423817916,0.09147756175183552,0.05571907045171187
TTAGGCAGTTAAGTAG-D1_NoStim,0.1022622408656435,0.05287502035932512,-0.2601751138498827,0.052714608859957934,0.008257804074613517,0.05298383693460362,-0.018476497274968473,0.034648665886019
TTAGGCATCGTGGTCG-D1_NoStim,0.031720330716925815,-0.0009246580773254465,-0.12315122936209022,0.0007324366187333453,0.0023877799344429462,0.053338557524498675,-0.050560066019023076,-0.024569093846789514
TTAGTTCAGATGTGGC-D1_NoStim,-0.05498219104564939,0.07329431558511423,0.3942688158503458,-0.23258736399486324,0.4411751693114958,-0.03280118918080177,-0.49981037198805733,-0.0902884109465667
TTAGTTCGTTATCGGT-D1_NoStim,-0.021575729002014654,-0.04832968934724491,-0.27378158349657156,0.02550068014275375,0.04603434812248075,0.07293305348461487,0.09071473466437485,-0.01974687106756967
TTATGCTAGCAGGCTA-D1_NoStim,0.10356301234458876,-0.013722683583630158,-0.23230093738131785,0.06839522795844033,0.22086852958345915,0.3479838445501766,0.2511522443405134,0.08260773813785605
TTATGCTCAATTGCTG-D1_NoStim,0.028280208857470512,0.0017465909459453144,-0.18933108648448993,0.016113733201709834,-0.07991919738088527,0.0451616848320473,-0.11605927326461174,-0.0006793111551726128
TTATGCTGTAAGCACG-D1_NoStim,-0.009441074396292493,-0.006453659940135026,-0.08555597120325942,-0.03954439282729716,0.35433216742761786,0.10107641296961134,-0.1244326926457866,-0.02907212734018394
TTCCCAGAGCTACCTA-D1_NoStim,0.04151120379083473,-0.024711868060768083,-0.13960523204250563,0.013708754158139769,0.25518394788660004,0.2536968916852782,0.16083077911791666,0.04797751921016058
TTCGAAGAGCTGAAAT-D1_NoStim,0.0653623092782798,-0.01904246649927188,-0.21559579119292493,0.029278637982969258,0.1314937881812135,0.220030811729778,0.0952645093675537,0.035998635693294645
TTCGAAGGTACAGTTC-D1_NoStim,0.09019976693653042,-0.004725016137205884,-0.3487054596912884,0.05041524019979349,0.23282613539171493,0.2368334443035245,0.12688290772376387,0.07115030163506475
TTCGAAGGTCTTGATG-D1_NoStim,0.07516002355451867,0.008764120619188631,-0.32633687838196757,0.04947833142056801,0.3648818686066253,0.24660370793125708,0.05479607493762906,0.046891759765035346
TTCTACACAACTGCGC-D1_NoStim,0.010013675110018383,-0.055829627816619265,-0.23134623458897252,0.02695582067202551,0.03654102405592674,0.21660635147552476,0.07467734066451204,0.0048192650791207825
TTCTACACACTCGACG-D1_NoStim,0.09388161508258719,0.013652128552800846,-0.5431504598202679,0.02418264993132979,0.37378477821627243,0.33430374428095533,0.1287796037568656,0.07023970016411596
TTCTACATCAACACTG-D1_NoStim,-0.0025717605292268075,-0.050847580791128166,-0.27566865768679705,0.0159536986602955,0.18544889540880938,0.18467782173795033,0.11447929420249103,-0.00329248756978906
TTCTCCTAGTTAGCGG-D1_NoStim,-0.0999637757742633,-0.07878244240536603,-0.12384001290487845,-0.04165535691753419,0.20362064139910885,0.0950509681895273,0.02207986214073898,-0.06736121219718783
TTCTCCTGTGTTGAGG-D1_NoStim,0.09965698494560549,0.015573617997635125,-0.16760441185621744,0.044953824687770094,0.01578958120709828,0.11729111709625073,-0.0212301568747435,0.018438107144129745
TTCTTAGCAAGTCTGT-D1_NoStim,0.04072670139480472,-0.02023513200650129,-0.41535508359555173,0.09596085384367292,-0.046617120599959705,0.16468129396665887,0.1606497387328627,0.032604533304285255
TTGAACGAGGCTACGA-D1_NoStim,-0.03343445031954495,-0.06441208217190919,-0.21875694693946457,-0.0243456724478488,0.127587881829184,0.1329846492916289,0.03788375895898888,-0.02943280587295405
TTGAACGCAAAGGTGC-D1_NoStim,0.0593586556593646,-0.0592844961509531,-0.4226706310331725,0.06914368148976635,-0.03265374760870543,0.2363577723930037,0.09755664268185615,0.00447005407139045
TTGACTTAGATGCCAG-D1_NoStim,0.07594222182340715,0.008494320760542351,0.00341024526695044,0.06705280373873457,0.42481462319878105,0.2328565255353876,0.13826316426878993,0.08161649918537961
TTGACTTAGCGTTGCC-D1_NoStim,0.07039680485846311,0.009719476982128938,-0.28735825226202216,0.05915341761009074,0.08203450345088115,0.18775627481804769,0.11205706951804117,0.055151215217764005
TTGACTTCATACCATG-D1_NoStim,0.033760267908146346,-0.017059580101312477,-0.2610351632441894,0.041271816998985855,0.41250611030011086,0.22859072341979392,0.13655384661358383,0.04601080194254692
TTGCCGTAGACCACGA-D1_NoStim,-0.03446735113753974,-0.009023072645376828,-0.3953546825907015,0.028453964046748936,0.019307468801713412,0.24500772482213407,0.18481696437922146,0.052385412007303955
TTGCCGTAGCCAGTTT-D1_NoStim,0.03340106852778746,-0.028833749938106834,-0.3857108563858205,0.07252837911775067,-0.10177172495043507,0.2365767332702884,0.1127538082793027,0.01674530541531638
TTGCCGTGTTTGTTTC-D1_NoStim,-0.12433676415620099,-0.02658084790444981,0.089591807944295,-0.04704263088497029,0.26125235003897096,-0.043447173908319314,0.20288479748097465,-0.020994161496988184
TTGCGTCAGGGTGTTG-D1_NoStim,0.07164706705666646,0.014312169994161295,-0.1617000835264477,0.03210508337560647,0.05800651003888113,0.08624294135865718,-0.0087888484280354,0.014421831044211686
TTGCGTCGTCGAACAG-D1_NoStim,0.006954428735081564,-0.037708533465602656,-0.3749970678946042,0.04060487887537434,-0.08156466232100001,0.14287466389166603,0.06088297645853924,0.005365368840442031
TTGCGTCGTTGTGGAG-D1_NoStim,0.004363788536092983,-0.0991727993260767,-0.4247869171188299,0.06799054733524912,-0.05654921269151458,0.25529575130661897,0.05880416804061328,0.008845194492156594
TTGCGTCTCGTCCAGG-D1_NoStim,0.04677907088336575,-0.011808158821805748,-0.39909616185153496,0.03623991536555771,-0.017232239323442755,0.06295358142909802,0.1601146783372167,0.0566120406059305
TTGGAACAGGGATACC-D1_NoStim,0.04221363222516672,0.032699123790020934,0.0391739549838821,0.025847870622193625,-0.08005927848310357,0.13418541177356236,0.004751420212900648,-0.008196605854514871
TTGGAACGTGATAAGT-D1_NoStim,0.0019353577662375443,-0.059127679564213054,-0.15850691646186377,0.010040553051261725,0.12361021179734699,0.1919443306822206,0.12023975666894682,-0.012056128041303182
TTGGAACTCACTTACT-D1_NoStim,0.06686455296821947,9.789548376559765e-05,-0.4453615844443757,0.02304109236642482,0.4766821664360421,0.31752575117411297,0.15458148388236115,0.059947792820400636
TTGTAGGGTCCGAACC-D1_NoStim,0.06642111895952851,-0.03149697299815912,-0.43828780515034715,0.10439155477040707,-0.10489952562481086,0.23715926006822396,0.15650303482498185,0.054746636160540874
TTGTAGGGTTCAGGCC-D1_NoStim,0.07484818932291937,-0.00678228128030689,-0.08423951918463501,0.028848228868936232,0.36839174900680405,0.21360554903034057,0.138882026355442,0.044113828152408274
TTTACTGTCCGTCAAA-D1_NoStim,0.0985199901420053,-0.01379041406429593,-0.2201314647589374,0.12709877416351922,0.056459539799472935,0.2007600271031098,0.315326401831844,0.10142613681871815
TTTACTGTCCTGCCAT-D1_NoStim,0.04989523559206965,-0.04195109604063241,-0.09097887609110344,0.03500375141209666,0.07799335778838135,0.21456492051830267,0.06738955831736959,0.031229433961653896
TTTATGCCAAAGAATC-D1_NoStim,0.2271017446825283,0.22357545829074255,0.3536769469790553,-0.10741875962067127,0.0969074738143938,0.08078791159686638,-0.7317995635406964,-0.02265778413128139
TTTATGCGTACCGCTG-D1_NoStim,0.06132592529426972,-0.03271589129670893,-0.3489204799503618,0.03608645905752361,0.0016080383926659891,0.16241163039056605,0.05631343888097051,0.029232766990798353
TTTATGCTCAGTGTTG-D1_NoStim,0.021655393408941848,-0.044364708267023545,-0.28939717974774837,0.025330495640798034,0.004119665013115892,0.11866119355791405,0.015257543975708998,-0.009088909941251444
TTTCCTCGTCATCCCT-D1_NoStim,0.05974062083498133,0.0019097764168307663,-0.3674626660868512,0.051354320667938325,-0.058633373332236616,0.06829167395992641,-0.0019992202226530864,0.026031639881463065
TTTCCTCGTTCCCTTG-D1_NoStim,-0.11797848429418778,-0.09567334637626423,-0.2811126300835305,-0.06705660225188659,-0.0146232756972271,0.019482546347393992,-0.15484875665277364,-0.11662858843246404
TTTGCGCAGGAATGGA-D1_NoStim,0.10722505823009065,-0.015952553492581956,-0.3326132232335901,0.06866641197924217,0.17253745919414598,0.30294789263786726,0.3041272295447337,0.08370230550039182
TTTGCGCGTAACGCGA-D1_NoStim,0.013222740617248263,-0.039684820849622326,-0.18525557190206143,-0.0031114994468843804,0.19883011149542185,0.21834093285910416,0.11948566159504903,0.016022027554884133
TTTGCGCTCGCATGGC-D1_NoStim,0.019787422613186223,0.02714804983931529,0.01816107351194063,-0.0461603950220244,0.03536992089042279,-0.029981458308542486,-0.3876752041555305,-0.03257610103970521
TTTGTCAAGAAACGAG-D1_NoStim,0.11005989700263719,-0.01344679171616825,-0.16004860738998872,0.018805696785696213,0.449196978539657,0.24938456774910023,0.11283361482617327,0.0706962372659703
TTTGTCACACAGCGTC-D1_NoStim,-0.008046257136868462,-0.049331333934510724,-0.1673287803642971,0.005203472123898933,0.06135358168566363,0.17820875853527252,0.09243124473931719,0.00529414026061481
TTTGTCATCAATCTCT-D1_NoStim,0.08894073789515744,-0.006186271300114399,-0.18662588134264624,0.046271977194965785,0.28464206746857634,0.22994893349596168,0.08351504230028262,0.061772560729872694
TTTGTCATCGTCTGAA-D1_NoStim,0.034171013880065715,-0.0518406779339049,-0.527575720998323,0.12358142892080082,-0.0336980103059048,0.33157616713209315,0.19586919368116362,0.032758681522027544
AAACCTGGTCGCGAAA-D2_Stim,0.1278574451052723,0.019814285304203594,0.08841325157119062,0.043791314123875935,0.41924451965357434,0.08002016044300753,0.07214397174298526,-0.012130942158641744
AAACGGGAGAAACCGC-D2_Stim,-0.12482477263588976,-0.06716727859401317,-0.09830630936716744,0.006140949658190564,0.0721048866427978,-0.012101488180839226,0.3860960917776701,-0.017393365230740088
AAACGGGAGAATTGTG-D2_Stim,-0.0991903140155248,-0.06548811320892511,-0.21149104452143774,0.06241303762685213,0.03575771487427737,0.1519472821050325,0.19737205836606986,0.019826431725743277
AAACGGGGTATCAGTC-D2_Stim,0.08211653845997624,0.0436210776720074,0.12492286984371948,0.0503575682365085,0.2679695932881643,0.008504111949699578,0.10538805976822019,0.013664469960247061
AAAGATGCAAAGCAAT-D2_Stim,0.01773529923634598,-0.017402517623926528,0.15327975379394232,0.033731661076521036,0.1271827919304016,0.044075828579044796,0.03679973491393351,0.05285766864742847
AAAGATGCAATACGCT-D2_Stim,0.03143764117678316,-0.006361504426795506,-0.01293526296860037,0.036543271605234295,-0.0362985098714077,0.05531883113803282,0.08742790479772822,0.012846804133342715
AAAGATGTCACAGTAC-D2_Stim,0.04032770289293097,0.012156685645591025,-0.02683771810387281,0.10889513217845881,0.07608905155970191,0.09656292394480559,0.020647301489734815,0.05756104556166264
AAAGATGTCTATCCTA-D2_Stim,-0.0846618609183043,-0.02534262840035595,-0.1696088653767056,0.17633342889347325,-0.04248309938325967,0.16172161938220775,0.5466871311456938,0.07380833167241718
AAAGATGTCTTGGGTA-D2_Stim,-0.007365475821057288,-0.024992984891216707,0.16605062397600534,-0.013951707679005665,0.3501542411960994,-0.06000630196256296,-0.028605784961079905,-0.02893947886733983
AAAGTAGCATGGTAGG-D2_Stim,0.08005294311693589,0.011156316581764969,-0.0020009359042205688,0.1075727314959476,0.22939818667383527,0.05553211932887869,0.15632859457345205,0.010217703684682888
AAAGTAGGTAGAGGAA-D2_Stim,0.10497601794459044,0.04933779120663395,0.12116778895798586,0.03999825010182256,0.3464657347229405,0.023468463564350728,0.13917154622387073,0.027748797847381823
AAAGTAGTCAGCTTAG-D2_Stim,-0.0022968655521413694,-0.01799301527952757,-0.058291059555998004,0.09105932738509814,0.026361463668429508,0.17357075589023552,0.09624406725613355,0.03022652097293488
AACACGTGTCGAGTTT-D2_Stim,-0.033876609798079826,-0.014944731988578042,-0.166719533800201,0.05597021475038133,0.0814230922461423,0.1946387512976191,0.16076304717271395,0.046235662110360565
AACACGTTCACGAAGG-D2_Stim,-0.030142773894786146,-0.030164432708007283,0.08577960010711028,0.013160466399813942,0.29811212157174616,0.028574169434604002,0.29972937871957583,0.02855827693815094
AACCATGGTAAGGGAA-D2_Stim,-0.08364981859992149,-0.04251115016239915,-0.12964641892756923,0.11183993448552165,0.014080279095896486,0.11052134109063694,0.5283798238140456,0.0969368587009587
AACCATGTCATCTGCC-D2_Stim,-0.010950218710005899,-0.01779063386242896,-0.4028165568918354,0.28134278116766787,-0.09627635656060818,0.2955187974822522,0.9182659901887398,0.10257356267025841
AACCGCGTCCAGAGGA-D2_Stim,-0.03552064206710881,0.013942610925807841,0.11040764260069835,0.07690657438992687,-0.19330060251342118,0.0647926575212594,0.2961917196165773,0.02087698389440007
AACCGCGTCTACTCAT-D2_Stim,0.0484054855286562,0.020856553317504023,-0.1016372478269485,0.07016166975492588,-0.08248906795282629,0.11473422959017299,0.07024036402010925,0.02133035698202157
AACGTTGGTAAGTTCC-D2_Stim,0.031974536228077,-0.019719804325156076,0.006817965625810274,0.05268161329746057,0.19677020221663,0.12642953158998793,0.1137760921556712,0.01628046561210006
AACGTTGGTAGTGAAT-D2_Stim,0.011723852563275017,0.03555454084687426,0.27997591962143,-0.018902062084681148,0.16504943347372958,-0.08999646430072339,-0.05394909240009316,0.00011666337587712405
AACTCAGTCCAGAAGG-D2_Stim,-0.004887916698825379,0.025981054697757244,-0.12889333439934703,0.1423492743510959,0.08913768526982757,0.24878996239339202,0.4509714739151498,0.11022658123003204
AACTCCCAGAGTTGGC-D2_Stim,-0.15842697685701346,-0.100408305311106,-0.35325125506166266,0.11650829007502139,0.09519311388548957,0.09593315895622823,0.6847251379976935,0.009370577668340374
AACTCTTTCGGTTCGG-D2_Stim,0.0473143589650693,0.0334630831615943,0.2951890711314462,-0.03678569119090014,0.27570789174266785,-0.02837462474396446,-0.06844946613566272,0.02097201677701399
AACTGGTAGCATCATC-D2_Stim,0.031102266135494716,0.036826203913916444,-0.08281355384329103,0.08997598481508895,0.35078745283163215,0.1244988212237974,0.30906012984169706,0.04860281738435113
AACTGGTAGGGTTTCT-D2_Stim,-0.04356943733386309,0.0078111622066376896,0.021056882103389185,0.014650343442847102,0.042016034346502806,0.10338265733534335,0.16741088139205385,0.025571387748248853
AACTGGTAGTCCGTAT-D2_Stim,-0.22126268054356935,-0.07099323078512754,-0.20156814409249613,-0.003493378869078967,0.06381734358358315,0.1416263050865858,0.48217808032477194,5.0705633887204726e-05
AACTGGTCACCGGAAA-D2_Stim,-0.0821524806738978,-0.039946658581243355,-0.054902105336385176,0.03068482144788298,0.13593942708847173,0.040675471543169195,0.34528712432679143,0.017765295357591526
AACTGGTTCCGTTGTC-D2_Stim,0.054341806017754735,-0.02319809716799881,-0.16957201541008082,0.12969296375096206,0.025096678640093018,0.17065913917809006,0.21827107007826108,0.09959582589273808
AACTTTCAGACGCTTT-D2_Stim,0.013706814154453184,-0.005122306416874167,0.07422781446031479,0.0723655665105607,0.11340598558697579,0.00023296262226324416,0.1748463998263503,0.06831037735713075
AACTTTCCACAAGTAA-D2_Stim,0.13631621445272835,0.04212440745162205,0.2743062003266745,0.020288772394172483,0.3404617198012527,-0.039980296808906246,-0.05275790077478604,0.0036026610432102757
AAGACCTTCCAGGGCT-D2_Stim,0.024052517737617407,0.019159207425104796,-0.19516681453351303,0.24788370904842338,0.07104005236957533,0.2432603602752188,0.7593741853932503,0.10905416968554427
AAGACCTTCGTACCGG-D2_Stim,-0.05901646130361904,0.010193339201029161,0.2417877968241804,-0.033042466083108124,0.16785192890585243,-0.12670956856162086,0.0227610980779005,-0.024962749070670753
AAGGAGCAGGGATACC-D2_Stim,0.0014525464066625915,0.02298521800915232,-0.3003294438556665,0.2347160405166715,-0.19127067803646902,0.23298451925799313,0.3759801197941801,0.1490606053112149
AAGGAGCGTACGCACC-D2_Stim,-0.04488567832840573,-0.04593509212239155,0.0059406040962795,0.05257037504018136,0.03593854437412958,0.06597768898751788,0.09473181145904963,0.02614478702491496
AAGGCAGAGCGATAGC-D2_Stim,0.03339672272200289,-0.007240539688794456,0.06321574182229384,0.06888086563391305,0.23818770999468342,0.0023593506285575216,0.24480303947579074,0.0410779551924918
AAGGCAGAGGAACTGC-D2_Stim,0.07547639023769293,0.039753208749649716,0.2681946893918816,-0.07940760568959249,0.0016888253123390484,-0.15873824669278846,-0.08033483483238779,0.01576077586721958
AAGGCAGGTAGCCTCG-D2_Stim,-0.13603879452917766,-0.06091167558683708,-0.29317949009391775,0.18858343153617518,-0.14586602853837505,0.2215265157160431,0.6699952670881686,0.0477495882334118
AAGGCAGGTCGAGTTT-D2_Stim,0.020657956606685346,-0.05633568850733184,-0.10449846660426942,0.07526121907276995,0.103368914450364,0.17394315861637644,0.24788516824359608,0.04257870036600586
AAGGTTCGTTCAGTAC-D2_Stim,-0.0959845625993534,-0.03662466962427047,-0.35525960944832136,0.23185523207571634,-0.21930409607451473,0.27247915775445364,0.9393341545429292,0.07877727878982199
AAGTCTGAGGATCGCA-D2_Stim,-0.05658633313911565,-0.04003787270162462,-0.09742458989806657,0.047548333185003955,0.14684712834573155,0.17479622756904867,0.274558620979529,0.030512764193707298
AAGTCTGCACGAAACG-D2_Stim,-0.12313442310116862,-0.01874216900137604,0.15075768533452738,0.012002243212513974,0.1795154275722215,-0.029326217412084077,0.3588681445833526,0.02130478812697767
AATCCAGGTGGTTTCA-D2_Stim,0.08762171454836043,-0.005486898469587942,-0.19853091684573165,0.13820887567864837,-0.02466893946831128,0.15843499057117505,0.12495245965015211,0.050017989783530226
AATCCAGGTTCCACTC-D2_Stim,-0.07332553029827871,-0.05722918845881786,-0.3808168865880681,0.13975707290686756,0.046622281150316525,0.19161122879730286,0.581207200251642,0.022012149733985353
AATCGGTCACCGATAT-D2_Stim,0.04487143055895437,0.02692715984299987,0.07090552002882333,0.011616838670564178,0.08684484494937905,0.07603508095215261,-0.09624469173497019,0.047817179159713064
AATCGGTGTGACGGTA-D2_Stim,0.09284235276744646,0.05398742650283417,0.1809196328657432,0.015694811910758943,0.1327741352418368,-0.015443336265095198,-0.06973647044865139,0.010933380131994852
ACACCCTCAGCGTCCA-D2_Stim,-0.0602753627617556,-0.02110999997625207,-0.1008443151732461,0.015278056115954897,0.04919992541392482,0.05397211846306327,0.18647878358003833,0.03383916609463533
ACACCGGCAAAGCAAT-D2_Stim,-0.1352073881013336,-0.08922265063760193,-0.15493834989370292,0.060835785956076194,0.20787672395746348,0.14268636783802435,0.8679011611706908,0.0541562232284285
ACACCGGCAAGGGTCA-D2_Stim,-0.011170048729574944,0.0022878921899263105,-0.22010444183207056,0.2110175084357877,0.012548560838887113,0.1835682280215014,1.1435095328840799,0.12247860820442291
ACACCGGCAATCTGCA-D2_Stim,-0.11931161588025674,-0.030965972089870064,-0.037876056094043875,-0.010620006793322645,0.1277196393949076,-0.15520160593857923,0.6064318682457639,0.011116961571152828
ACACCGGCATATACGC-D2_Stim,-0.17671935581409848,-0.08665208897881271,-0.18518105909614135,0.010537096458437034,0.08524130620860326,0.053169950077661454,0.3044529762542316,-0.024155792398378395
ACACCGGGTGAGTATA-D2_Stim,-0.04400174083770203,-0.03301455439742362,-0.08808419416567936,0.09618800371733549,0.125340247209218,0.17366487696641464,0.14741537732405074,0.05767121541514797
ACACCGGGTTCATGGT-D2_Stim,0.011840442696939846,0.022496752113942975,0.27292245548947847,-0.059025027724329604,0.12154433129076381,-0.08840391334936548,-0.06299009701490643,0.03439394747537783
ACACTGAAGTTGAGAT-D2_Stim,-0.06746334806423526,-0.08213314090887636,-0.11722377870234268,0.04516345589915716,0.10105196053926413,0.006928273595089962,0.08473891666601929,0.002782209252442769
ACACTGACAAACGTGG-D2_Stim,-0.06641341036231374,0.0006200415230974698,-0.0591312927929728,0.05177325009197098,0.15202485600513427,0.07294619921275824,0.28644507079538695,0.058885677981747264
ACACTGACACTATCTT-D2_Stim,0.07930737985701164,0.02223852610500998,0.11033567237076003,-0.02080150247968149,0.20630702409429524,0.0609455729734627,-0.09309441718605704,0.02593484139364932
ACACTGAGTCTAGCCG-D2_Stim,-0.099805932339331,-0.000927888383886355,-0.0903664269746347,0.05786254818290182,0.1495518963739606,0.20086388154708423,0.18657324190680669,0.020125317493533856
ACAGCCGCAGTCAGAG-D2_Stim,0.11297955518608305,0.012099241888970269,-0.016262763371880595,0.1144622640000339,0.06742639427669062,0.1337654446172074,0.15428213855564366,0.05081660542864341
ACAGCCGTCTTCGGTC-D2_Stim,-0.06336645617525072,-0.04803376460456832,-0.21599138763229675,0.08224401724689834,0.1366879542170647,0.2494104421096246,0.41278260812075995,0.05029284476338525
ACAGCTAAGGATGGAA-D2_Stim,-0.03971904543836935,0.011603896436184868,-0.30267954729057855,0.2709936568589182,-0.16628546449944892,0.31493443908732743,0.7661067429427799,0.12340051290985521
ACAGCTATCTCGTTTA-D2_Stim,0.009557220380376208,0.024203187864429765,-0.2756360434773697,0.15440838466668438,-0.006538807075431308,0.24493309476649827,0.4953019124473723,0.045199905979201205
ACATACGAGGATGGTC-D2_Stim,-0.1151964874574638,-0.07524037522709115,-0.19306102871213504,0.13390906937081226,0.1764254835375887,0.1232603416894662,1.0430680611044902,0.054652247232118256
ACATACGAGGTGTTAA-D2_Stim,-0.049700964428589955,-0.042317556531054734,2.1760055907371623e-05,0.02906101089166846,0.11986509887633368,-0.04121912602914968,0.2775629354480742,0.010022896408242943
ACATCAGAGCTCCTCT-D2_Stim,0.016273236581866968,0.08178173884440376,-0.2365654214530899,0.05581688175728239,0.1573061239379605,0.18806908781044918,-0.011189857377701173,0.06897213220867648
ACATCAGGTTACGACT-D2_Stim,0.010691495699937548,0.010512562690319527,0.01904108811000782,0.06880096585316942,0.1305297671621819,0.10817663842703773,0.3323118897564745,0.06301660581067026
ACATGGTAGTACGCCC-D2_Stim,-0.0139633329298956,-0.0662975027179904,-0.13149458403542091,0.023725005999823523,0.35818195785206264,0.019627708266888533,-0.0304951838593297,-0.018634675091554698
ACCAGTAAGAGGTAGA-D2_Stim,0.03953421149653735,0.05561221203352851,-0.23391002974522834,0.23181223121200567,-0.0019166620986386107,0.19027378297675845,0.38336823825828503,0.14700094471222336
ACCAGTAAGCTCCTCT-D2_Stim,0.03746773255485003,0.005017217931497342,0.08394661743438192,0.028324072604414496,0.1528824756677114,0.0653427581500825,0.13059779500320357,0.03459429637653244
ACCAGTAAGTGCCAGA-D2_Stim,-0.05509149203072283,-0.02581781741853817,-0.1628879491505728,0.05386938996509372,0.04005484113688418,0.1389524950095531,0.2620136587731867,0.042795581554825546
ACCAGTAGTTCACCTC-D2_Stim,0.02440633903474776,0.026080833505309542,-0.02142976103704619,0.2395312907142788,0.2402589847761636,0.18544172722832108,0.7957616783121502,0.13044898164245033
ACCAGTATCAACACCA-D2_Stim,0.07845751332278539,-0.009712400733475235,-0.12030435286905572,0.16662903800460604,0.0010509554624977824,0.18768097254273997,0.3110309167627783,0.05109700408394957
ACCAGTATCTGTGCAA-D2_Stim,-0.19783601761585068,-0.06344890705023687,-0.40412639986104004,0.17538709281370757,0.1647145995327879,0.1727851263168212,0.9215364531961932,0.048019274644168775
ACCCACTAGATATGGT-D2_Stim,-0.06623737776959793,-0.049433427884640224,-0.11027759035548002,0.006417137153386321,0.19785545897209644,0.06936871494723817,0.1748000460711827,0.014536558030474822
ACCCACTGTGACGCCT-D2_Stim,-0.130680386459618,-0.07765480033790695,-0.22506401459631675,0.032998226708661704,0.06068202714467574,0.07709162636033007,0.3587170578985326,0.030677872247443005
ACCGTAAGTCTAGGTT-D2_Stim,-0.030148903526427517,-0.04905046944411495,0.15534988032920616,-0.09060770620025416,0.2242452340594987,-0.10989431443226572,0.25638409798292194,-0.06515203911550316
ACCTTTAGTACAAGTA-D2_Stim,-0.020772656509524978,-0.04143236000961359,-0.06686290201020118,0.09733621661409408,0.14859591888341583,0.04407530873106147,0.38340531567916436,0.06441685060453928
ACCTTTAGTGAGGGAG-D2_Stim,-0.09294016566119545,-0.07762532342564299,-0.11908092056104458,-0.0438851497047672,0.052399794665664245,-0.12171601805045995,0.1506144824785407,-0.024483072808193285
ACCTTTATCTCTGTCG-D2_Stim,-0.015757936272164486,-0.06889378806195623,-0.10607108250070318,0.010842237059282667,0.2105422887687336,0.025565257572759847,-0.08283978798814573,-0.03007684650749276
ACGAGGAAGACTGTAA-D2_Stim,-0.07297575781375265,-0.0429276403633736,-0.12449683437297399,0.04741045111889619,0.02844372105337456,-0.06413288838150599,0.6167161936767567,0.019430988728917242
ACGAGGAAGATCCCGC-D2_Stim,-0.07083563234361101,-0.03793736917591062,-0.05685470746754717,0.02433694521044849,0.0754770811722505,0.06984031079686126,0.25322959177906146,0.031132331601593677
ACGAGGAAGCGGCTTC-D2_Stim,0.02918744900606285,-0.004148232935333951,-0.007344958356062747,0.0570739738318462,0.29863162592756964,0.06793950933251836,0.19319162945386026,0.04055561218095072
ACGAGGAAGCTTATCG-D2_Stim,0.011702553804578741,0.013649560961727758,-0.29007812837535596,0.14319373037331218,0.07158975583027605,0.2255395370365747,0.17431198605964582,0.08504187192087187
ACGAGGACATCGGAAG-D2_Stim,-0.2422663985347544,-0.048980427700469065,-0.035096229493223774,0.050586760275045606,0.18677310083920062,-0.14176441998635703,0.8482667933941013,0.016440603588629088
ACGAGGAGTGCACTTA-D2_Stim,-0.1471203886298582,-0.059555474682248644,-0.42792658708355447,0.2566705775393956,-0.3218468114389914,0.2667452238153043,0.6763139725812106,0.07242307032831086
ACGATACAGAGATGAG-D2_Stim,-0.05707702454987107,0.0009064080822192011,0.11651849928196079,0.0018363802713192712,0.16174590381273823,0.07873866979083388,0.14086378124759236,0.023440553425741584
ACGATACGTGCAGGTA-D2_Stim,-0.11179672032353416,-0.045731537969119884,0.0024198056751938424,-0.03955545215985268,0.13096220673922687,-0.1392639385739205,0.5110173187879443,-0.03492633357001296
ACGATACGTGTGACCC-D2_Stim,-0.013536839125807276,-0.011401102747299774,0.19867870434799606,0.034176909348897055,0.3088651621168754,-0.05603890315183868,0.2056818656183026,0.01712537441014561
ACGATGTGTGGGTCAA-D2_Stim,-0.027478640080277117,0.012158835803644408,0.10884021138987698,-0.09184791438066675,-0.024510931973914296,-0.20547248296574772,-0.14378232885309838,-0.04716293085771106
ACGCAGCAGCTAGCCC-D2_Stim,-0.09315302263642877,-0.06498984977414857,-0.26026593602533943,0.11935774086051687,-0.0409944264952653,0.16572725572174463,0.4830332272441433,0.043931953216725717
ACGCAGCCAATTCCTT-D2_Stim,-0.14218041169775653,-0.0759573712064654,-0.5024754482516443,0.22198971636054488,-0.07544174331056297,0.2856217649713635,0.6352172102237139,0.05090151787084274
ACGCAGCGTACACCGC-D2_Stim,-0.10180712197916542,-0.04788335962348711,-0.3226504326661548,0.1826654728997159,0.10707106511974018,0.18939494593533723,0.7428664381590675,0.09508185667407076
ACGCAGCTCGAGAACG-D2_Stim,-0.1215339494345784,-0.056278605651383984,-0.1134100923580057,-0.058506501888819784,0.1068615460503608,-0.06790341731320382,0.1662701359984835,-0.049677539115199565
ACGCCAGAGTCGTACT-D2_Stim,-0.044128928869307416,0.02004606892813321,0.25170691800417266,-0.008532963813548733,0.11052757886635689,-0.12312957657584533,-0.07421324976419452,0.010026912526006626
ACGCCAGTCCTTTCGG-D2_Stim,-0.12754967856802146,-0.016353659468629544,0.0032481486452002883,-0.12955497473658717,0.09818719403211595,-0.1269972210960777,0.022910183219957858,-0.06193990666708338
ACGCCGAAGGCGATAC-D2_Stim,0.017356412804629073,-0.04389612332435178,0.3237002789020842,-0.02873155403172767,0.33318255383937334,-0.0012798522750099295,0.06757219296427053,0.05011530028273192
ACGCCGAAGTCGCCGT-D2_Stim,-0.0793600235344023,-0.05173679395922193,-0.16362187904711512,0.0378554228377741,0.08819140200399289,0.12481945378020143,0.17937764875278628,0.013599771692508256
ACGCCGAAGTGTACTC-D2_Stim,-0.0912892073775442,-0.0753896026801808,-0.1784437517139299,0.060710172678369645,0.0791618545117938,0.10481633676909041,0.3285563002012095,0.03231157252425909
ACGCCGAGTCCAGTGC-D2_Stim,-0.08680862848992277,-0.06192893143928657,-0.11712200478758827,0.03782989471433318,0.12401891218837591,0.0065135257695310145,0.4212713286323373,0.024252687592969835
ACGCCGATCGGTGTTA-D2_Stim,0.04825356315067708,0.0003554227952236033,-0.11377796910373661,0.06851019574617645,0.4637615758099436,0.15996759927684678,0.12792132002567413,0.05469019842145073
ACGCCGATCTTAGCCC-D2_Stim,-0.05928706250318072,-0.059282914563214106,-0.016625056465628063,-0.034062913473349,0.0774713101253166,-0.07125939014604832,0.2551269501383473,-0.01748815353199973
ACGGAGACAAGGTGTG-D2_Stim,-0.038355533508410034,0.005078874892562979,-0.020981329109911684,-0.003483459012400658,0.10716335443223812,0.05810299415976594,0.07192685350984362,-0.0016853169243304933
ACGGAGATCTGGAGCC-D2_Stim,-0.05959247983607163,-0.06412980476778252,-0.220454823601699,0.17955356865585337,0.01884702252562498,0.1825022812965429,0.48090354734975094,0.07377246743876853
ACGGCCACAACACCCG-D2_Stim,-0.008277570387539512,0.04966295196925152,0.18409342879883894,-0.014680546382232151,0.2068435922940246,0.0047234305709231705,-0.03867918532499992,0.03536660909213296
ACGGCCACACGCGAAA-D2_Stim,-0.06802110348896484,-0.06448159699629308,-0.03197314707867349,0.01927183274790778,0.10929250911909527,0.09731683910212752,0.3361344432425195,0.03967952335284153
ACGGCCACATGGATGG-D2_Stim,-0.053550141973314425,0.001863379550149702,-0.47168523471158785,0.2292162075095856,-0.1785605742138312,0.2360652677523678,0.5647384004537361,0.10021099581276971
ACGGCCAGTGATAAGT-D2_Stim,-0.13245710172629188,-0.07642696916492575,-0.27487018760018067,0.058337324139497326,0.03584415320525913,0.11193608430104796,0.2766467643601116,0.01349036752650079
ACGGCCAGTGCTAGCC-D2_Stim,-0.04319370274636647,-0.014418134921593051,0.16960841707904173,-0.038398481630233405,0.13937075174718672,-0.03340518594776576,0.04635218668777963,0.01502481393347388
ACGGCCATCGACGGAA-D2_Stim,-0.1004636513415118,-0.015882458825677404,-0.1776405030113999,0.03573819344780027,0.053897095975214526,0.13781869073915232,0.27742883123187223,0.048732689207824365
ACGGCCATCTTGCATT-D2_Stim,0.07547728052930758,0.029319082313760347,0.11962937428191012,0.026206056912004172,0.03504821609862674,0.04234637788916018,0.10545632107790404,0.050376931597947205
ACGGGTCTCGGAATCT-D2_Stim,-0.06435195962132845,-0.027941110393488344,-0.098371747631262,0.04893324012506106,0.07991365020631491,0.08739756840619428,0.27571226123010195,0.05262328405204286
ACGTCAAAGTCGCCGT-D2_Stim,0.0021831413242505704,-0.009780602443509423,-0.3575409948681827,0.10888854566882777,0.0159369302451573,0.20190968134895115,0.06814948640763063,0.06458231078640608
ACTATCTCAAGCGTAG-D2_Stim,0.01260573824540856,-0.03535460393242218,0.017931380512935746,0.05955777912792648,0.16187128949223428,0.003781916189879553,0.1258608864498072,0.016091190878073647
ACTATCTGTAGAAGGA-D2_Stim,-0.06525312554032503,-0.05199704313780984,0.03173842121552095,-0.023653155735049225,0.14701741411782088,-0.09284774455385403,0.30643743818398583,-0.030382034107663713
ACTATCTGTGACCAAG-D2_Stim,0.04213681590121787,0.0710577714322067,0.3141009803864918,0.0050813368582325324,0.15642559307475246,-0.09548222328441014,-0.035959664466719055,0.04809633577154493
ACTGAACAGGACAGAA-D2_Stim,-0.11285441254978856,-0.04243852346953325,-0.4014494347408881,0.21091907292954915,0.07406780308696881,0.1941290559558002,0.7356639405478518,0.05968535586952939
ACTGAACAGTGAAGTT-D2_Stim,-0.09045285362191713,-0.046911343216978096,-0.33884295537843734,0.19171545336165785,-0.07457263288348237,0.2436964990839261,0.3706300707177368,0.05152453479700725
ACTGAACTCGGTTAAC-D2_Stim,-0.12151171030038554,-0.07568012035848781,-0.2317158117780842,0.0580781949132998,0.055920230753706335,0.1261539111511123,0.3433649712124325,0.031527947334572204
ACTGAACTCTATCCCG-D2_Stim,-0.004708222563243325,0.029797095389843875,0.024211302549943525,-0.0381242578793497,0.01390709172149407,-0.045726474316209575,-0.08796126963811712,-0.02379476412328252
ACTGAGTCAACGCACC-D2_Stim,-0.05018072275763963,-0.07495972278361585,-0.3273086114447885,0.09909487954114837,-0.037206342256590474,0.17497592688970975,0.5970463927502454,0.026153066931057012
ACTGAGTCACGAAATA-D2_Stim,-0.18966951035060298,-0.0933064050050092,-0.11473579643530485,0.007190037559503537,0.12508998121071357,0.08706218754994133,0.3257697759489293,-0.0044073460617291005
ACTGAGTCATCGATGT-D2_Stim,-0.0552093352572971,-0.04640352685901128,-0.04871875601208853,0.021121096614606927,0.09012316206184501,0.019312669366442492,0.07054605088136512,0.012521484033001684
ACTGAGTTCAGAGGTG-D2_Stim,-0.019847988800895777,-0.05907276442837528,-0.03114826875879384,0.0314940991321464,0.3194508342944218,0.021020211425813784,0.02677000798044915,0.0032510157135501316
ACTGAGTTCTATCCCG-D2_Stim,-0.07327256073622301,-0.04926925308239305,-0.18035409411497128,0.020986243586561315,0.07817300180084885,0.027900792979529854,0.3524067499946799,0.014166466501549735
ACTGATGAGCCTATGT-D2_Stim,-0.07663326970467743,-0.06242498400860086,-0.05540379348049029,-0.015926393493680635,0.09152846780521884,-0.004326317452727935,0.31505557129557094,-0.005673736478234659
ACTGATGAGTACGCGA-D2_Stim,-0.09854155332318193,-0.053911020043136304,-0.0805821008230776,0.021382974266121124,0.09417584167054649,-0.2007558064169146,0.6094079867887761,0.008022399574905137
ACTGATGCACGAGGTA-D2_Stim,-0.10651211978314379,-0.07932769446537691,-0.19497695705463158,0.07645251627466365,0.07937824575335561,0.20576583001946247,0.4923267345788487,0.04439708217427629
ACTGATGCACGCATCG-D2_Stim,0.10134838437118532,0.026087769304115938,-0.08247449724466627,0.09807360003914489,0.6595532512573072,0.2894581692025504,0.30814245169412047,0.03526045801259592
ACTGATGCATCCAACA-D2_Stim,0.03681735639751693,0.07000614769879832,0.18800557524819528,-0.009985733842722055,0.2852649190964094,-0.08049953190300307,-0.25767153809998433,-0.028293966064341092
ACTGATGTCAGCGATT-D2_Stim,-0.05183536574002012,-0.07111093508857813,-0.18346571713699866,0.07936410955291961,-0.07563093694270684,0.03377267890264335,0.1730816509283173,0.0030244257433054145
ACTGATGTCGAACTGT-D2_Stim,0.16031818596338,0.08614377953605157,0.3285920634588102,0.0017446072401661183,0.05203214555758251,-0.13377064913505698,-0.17817750480846684,0.02641944057090484
ACTGCTCAGATCACGG-D2_Stim,0.05382143471091716,-0.019796797641518538,0.029736023295361846,0.02953963748678845,0.0675706472122588,0.1288047574459963,-0.17768629816065307,0.07016561799416898
ACTGCTCCATGTAAGA-D2_Stim,-0.0073303825082184915,0.0005856900837581946,-0.274478921453003,0.15535533850792227,0.04974603470339822,0.20176315965469094,0.4893930175188608,0.12561152923272978
ACTGCTCGTGAGGGAG-D2_Stim,-0.11055876451085744,-0.07130594091537645,-0.1259222734307901,0.022335369198639654,0.1434846615704135,0.11507213681267459,0.4407966174824667,0.03601158273469274
ACTGCTCTCTAACTTC-D2_Stim,-0.05967153101686762,-0.028155628750544892,-0.039952641780969245,0.0915950709225477,0.12266452329117783,-0.016675265243161874,0.3332408164044969,0.03797565043749351
ACTGCTCTCTGTCCGT-D2_Stim,-0.06026768743572397,-0.04755749623542194,-0.05486986487911949,-0.02103765879381747,0.13858636896008214,0.09872505855133618,0.25748842621581414,-0.0036973489924001512
ACTGTCCCAATGACCT-D2_Stim,-0.05781380143273651,-0.07365791519590381,-0.14872770371546729,0.0962652254342391,0.11244143285761155,0.014626158124837474,0.03291167393339478,0.00130547447303897
ACTTACTAGCTGCAAG-D2_Stim,-0.07304551810969961,-0.027228444954957354,-0.06546989309300422,-0.010459699536927047,0.2327774199869559,0.07512333348557121,0.10765503329446346,-0.011065959719779528
ACTTACTCAACTGGCC-D2_Stim,-0.11014921204731465,-0.0923007085974561,-0.23838972212599785,0.07272197403286462,0.0313977695236769,0.1493885253423901,0.355470590140909,0.04589625111475648
ACTTACTCAGTACACT-D2_Stim,-0.006577483258579875,0.029363960597702743,0.31672418790380874,-0.046103249543239855,0.12387396868896339,-0.11459628331162186,-0.07329420756621197,0.023268164864605367
ACTTACTCATCGATTG-D2_Stim,-0.019394458260416414,0.0036505163600164536,0.08737357059225737,-0.004249436927397099,0.1057550388686952,-0.04426653670891412,-0.02716324097074274,0.01944969656856621
ACTTACTTCTATCCCG-D2_Stim,0.10630164261490904,0.0478539744872446,-0.22248048727309033,0.337508908639947,0.05904236131370233,0.35759924053114034,0.8322439926027521,0.1640126830946098
ACTTTCAAGCGTGAGT-D2_Stim,-0.029929628430865662,0.0011329284647469962,-0.11429886229651132,0.09689113671251981,0.04765251795184611,0.21438656381346455,0.19036294474603022,0.08098256913558721
ACTTTCAAGTCAATAG-D2_Stim,-0.0807079629662173,-0.04511859463990042,0.1406137810031396,0.05431188028123479,0.23482339126049645,-0.10829283628694064,0.5718253400053159,0.018389904251620237
ACTTTCACAAGCGAGT-D2_Stim,-0.08889219116024272,0.006080579238750161,-0.08396903829711633,0.21082282468449165,-0.19570620627708024,0.1908466122086505,0.5888733927716387,0.07941664329488773
ACTTTCAGTGATAAGT-D2_Stim,0.0009207558532935423,-0.0065030199412206,-0.034948088688887324,0.09039898905369625,0.15412465943593645,0.20703228619771252,0.1982293219233302,0.07457948000848269
ACTTTCAGTTCGAATC-D2_Stim,-0.057976295707396375,-0.008062144073042177,-0.048471094550388116,0.007283073696573439,0.03268976010773095,0.07182911005291359,0.10331939345119423,0.012026610730275777
ACTTTCAGTTGGGACA-D2_Stim,-0.02520555731403462,0.03148153832306022,-0.11968455385740384,0.021285576111724325,-0.010330162707179014,0.06097853011475607,-0.2586986315144131,-0.02018220956700212
AGAATAGAGAGGTACC-D2_Stim,-0.04718685433888936,0.00012497223568352922,-0.08034293142997484,0.05995049032205735,0.13572481003174808,0.1490713524809717,0.07419756367910946,0.016386894125751894
AGAATAGGTACAGTTC-D2_Stim,-0.04591241866079798,-0.007278470199652887,0.03959579089072385,0.025557758580196932,0.10463521842574686,0.08457709334240171,0.09704707580096184,0.03377467544732049
AGAATAGTCACTATTC-D2_Stim,-0.02199855555376473,0.049506208403663265,0.023461511749552244,0.01261464278823965,0.14514393840946482,0.10871396180417925,-0.08930735558587077,6.83810274342278e-05
AGACGTTAGCTTTGGT-D2_Stim,-0.08247976591182216,-0.05400763529678265,0.001674346804684923,-0.03192017314744966,0.11835870879616373,-0.18045362600641468,0.603984448977851,-0.04477147481884991
AGACGTTAGGGATACC-D2_Stim,-0.04562893901078624,-0.06077126475348926,-0.33206318530088375,0.0787617023797278,0.16445162540351355,0.20791980953488576,0.5852316479983575,0.09064127006971034
AGACGTTCACAACGTT-D2_Stim,-0.1947690209959756,-0.07019770896630106,-0.22158137277653545,0.0762574246723915,0.06689411844613602,0.17816501643051907,0.49294611425069235,0.015876051553190607
AGACGTTGTTCGCGAC-D2_Stim,-0.06079938273826713,-0.04678863025705482,-0.21821741940561878,0.09055094972922895,0.07266419474868968,0.20361927710671957,0.12403016473507211,0.06599762016292132
AGAGCGAAGATCGATA-D2_Stim,-0.11822907312047981,-0.043734766193411545,-0.1734263860822054,0.15957229490323144,0.09683768856479702,0.10274299318158064,0.836086953696725,0.07622289846548469
AGAGCGACACTCTGTC-D2_Stim,-0.0041624185432169725,-0.006696073840078753,-0.35614338616076857,0.1415901016043133,0.0255754447305101,0.22467227081024532,0.22909587778555718,0.09757312663963269
AGAGCTTAGTACGTTC-D2_Stim,-0.08737926479087577,-0.074473035091982,-0.09534089183900107,-0.052271348595054334,0.07977850192290781,-0.07281616358204701,0.20009541898146832,-0.010756804701777867
AGAGCTTCAAGCTGGA-D2_Stim,-0.08237531465104908,-0.04680326897516629,0.05704476755097154,-0.019395229365850142,0.20508042379959868,-0.04667605933167707,0.32946776567595215,0.001589465456813599
AGAGCTTGTGACCAAG-D2_Stim,0.09050146343936305,0.015551853820484851,0.0793872366482491,0.048725997790006303,0.40057790530786797,0.04463482382825923,0.17366604682952413,0.0018545366141111685
AGAGTGGCAGCATGAG-D2_Stim,-0.03440335939770556,-0.045988379306379557,-0.09642883936272995,0.07765708597843357,0.1141546014620296,0.01962413458243084,0.05379665277505197,0.026273500059627253
AGAGTGGGTCCCTTGT-D2_Stim,-0.05029634144574224,-0.04637435652486133,0.02749160580459442,0.06901831734375108,0.2828718073424987,0.04657116109891213,0.27685988359383273,0.044334561033553044
AGAGTGGTCATCGATG-D2_Stim,-0.09903157770486182,-0.030891241589197094,-0.08180335389605276,0.10270872572579748,0.15724225661345592,0.08634565998705845,0.6500493428789547,0.06274096012879404
AGAGTGGTCCTAGGGC-D2_Stim,-0.01648741007909038,0.026579017913734404,0.21709216583949953,0.0007445746411480769,0.10750763075588665,-0.11989205666449365,0.04102049914484329,0.02069963449402934
AGATCTGAGAGCAATT-D2_Stim,-0.12012919623716023,-0.0915995918198309,-0.09710200115745238,-0.007504135265024914,0.18511168865958183,0.017635560481352286,0.3758585273424817,-0.008471683304259514
AGATCTGAGTCAAGGC-D2_Stim,-0.03628601012216315,0.023750924519385208,0.212168746486892,-0.0029780611628869025,0.18003055097762655,-0.04876179592515939,-0.015733228370833352,0.03936549516252974
AGATTGCAGAGGGCTT-D2_Stim,-0.16635649586476298,-0.029717806394710777,-0.18300289657979718,0.06866076904146823,-0.06253252531116438,0.1373045581091663,0.2838871403730838,0.01671721372517254
AGATTGCGTACATCCA-D2_Stim,-0.08809830409891894,-0.07205431880928259,-0.14200424257900224,0.09848731565196012,0.09177061360330363,0.13056812572649434,0.33726415547294053,0.02169625052510682
AGCAGCCGTCTCTTAT-D2_Stim,0.06096102094249645,-0.015070866848269304,0.03923033293249745,0.08491512126350109,0.06109163739990642,0.1052641283824336,0.03663245290957917,0.05607695198266427
AGCATACAGACAATAC-D2_Stim,0.06156203702190233,-0.024567931082577488,0.031385907092047916,0.011004683938415027,0.3998957195028545,-0.005139141060279684,0.040103536720280886,-0.045426053641481445
AGCCTAAAGAAGAAGC-D2_Stim,-0.08604147622954095,-0.05495091634300664,-0.3609491521999093,0.12167482263545715,0.06594931501431134,0.3064895727306176,0.4929827785983303,0.034656823161089534
AGCCTAAGTAAGTAGT-D2_Stim,-0.10238404359679265,-0.035473655890198685,-0.23692091565094664,0.10305933562139202,0.03569670926338553,0.10911491759740777,0.6116805304451383,0.06997579749666016
AGCCTAAGTACTTAGC-D2_Stim,-0.03898309645311926,0.011673114055099632,0.1492450798402043,-0.006446424863522537,0.1498175720439594,-0.01965567434256066,0.06547901218246643,-0.0032975564973174443
AGCCTAAGTCGGCTCA-D2_Stim,-0.10974769759442893,-0.061007333738579916,-0.2386335763644798,0.0550686221523744,0.1242301841927631,0.10423930842064344,0.39827443076620384,0.034240767748572765
AGCGGTCAGTTGAGTA-D2_Stim,-0.16893872276169297,-0.05023466456689896,-0.11293586144036194,-0.0005430981182019678,0.11282580424810185,-0.10829708842031849,0.5144247063260181,0.01751674232460232
AGCGGTCGTCGTCTTC-D2_Stim,-0.037886893656848386,-0.021236692046052497,-0.17698593806674445,0.09372755649127207,-0.10808673540677205,0.03740754763083309,0.2854488614178816,0.014843454365058406
AGCGGTCTCCTTTACA-D2_Stim,0.06693066803134506,0.019456681924399533,-0.0083008336861905,0.09673275220638544,0.26714010459857107,0.022549185265175353,0.038679138020871306,0.024728407201532576
AGCGTATCACCCAGTG-D2_Stim,0.07861167872002817,0.06630263673335612,0.2995082246831249,-0.025957757870301634,-0.06468398521962193,-0.17329446571700124,-0.089317992508966,0.00021383442131472918
AGCGTATTCGACGGAA-D2_Stim,-0.03175793777394098,-0.07130430550858868,-0.23613715788938627,0.08501668000929641,0.008340038550123552,0.10358763160601647,0.16713747248335586,0.005435127217648272
AGCGTATTCGGTGTTA-D2_Stim,0.02322859910981201,-0.0218405896266205,0.16422186253339177,0.011233646108498974,0.05042061581768387,-0.023383712527445866,-0.03380575214035364,0.023803014732141747
AGCGTCGCAGCAGTTT-D2_Stim,-0.06534820097625982,-0.05208315305011446,-0.27969638805963726,0.1775796782503427,0.002779195066143103,0.17254916310617396,0.7807791071729522,0.09151330904054511
AGCGTCGGTCTTTCAT-D2_Stim,-0.05827480527813833,-0.0367419191064311,-0.09669537216514801,0.03603297991803167,0.06583726984218607,0.05359940448446565,0.21162810297580137,0.04258150028909036
AGCTCCTTCATGCTCC-D2_Stim,-0.06411824818826695,0.012076529215415022,-0.011316392611510295,0.020314488675516884,0.1145156489681618,0.08878132455908627,0.02496530432041677,0.03622736745069233
AGCTCTCAGAGACTTA-D2_Stim,-0.072865519963635,-0.04265335553094829,-0.11256133261165147,0.017705095019692862,0.06803724079703422,0.1559034835486024,0.13729266449393585,0.02958841769915388
AGCTCTCCATGAGCGA-D2_Stim,-0.0343006169214366,-0.05296262716416322,-0.02451571856670398,0.04270521015160611,0.19250222774008385,-0.006868022044260513,0.17615956281553125,0.004235896261928218
AGCTCTCGTACCGGCT-D2_Stim,-0.033028902355740186,0.023854428905545788,0.16166161929829315,0.05713622536596752,0.3321452568388157,0.0193965261995519,0.4007757500785969,0.0460791353876715
AGCTCTCGTGAAAGAG-D2_Stim,-0.006792055863302338,-0.01482692862357382,0.019191048067426664,0.09911242896923333,-0.0744550672559825,0.23982488997028462,0.3085155939469697,0.017443213876122243
AGCTCTCTCCTCCTAG-D2_Stim,-0.0910961304946909,0.0012868860612584854,0.3393256344882456,-0.06675619286991541,0.21757579264177984,-0.07980472874516664,0.07973493594138148,0.013492992352960087
AGCTTGACAACGCACC-D2_Stim,-0.04768918114069365,-0.03343970144508468,0.059015488028206775,0.011326417220134388,0.0979218758520446,0.05451252274171203,0.18537255926895035,0.029147097270882938
AGCTTGACACAAGTAA-D2_Stim,-0.1438076761074658,-0.050913522538794,-0.43520387334019617,0.2381535544945912,0.205520989234655,0.2288976526972739,0.963135403904424,0.11211961520807812
AGGCCACAGTTAACGA-D2_Stim,-0.2047669445191822,-0.12853070733201477,-0.41851203282796057,0.1258081063605676,-0.011525911071206707,0.14857416442580096,0.6555987582070486,0.004213266617968614
AGGCCACCATGCCCGA-D2_Stim,-0.004099772494907228,-0.006550026042033252,-0.17395362872728093,0.1471897726629141,0.2121466870494242,0.25499720660109304,0.44078425388580467,0.07274428656547016
AGGCCACTCCCTGACT-D2_Stim,-0.011399551857900647,-0.027494113277050758,-0.00707546424375316,0.16826281992896064,0.23218751749522681,0.12217218118195561,0.44612532567751373,0.07210062152598162
AGGCCACTCTCCTATA-D2_Stim,0.05385756949646492,-0.004031780001234608,-0.34411175269160665,0.15616624060321094,-0.07165877966801659,0.25939764613379346,0.36990209410182473,0.08607245177402767
AGGCCGTGTCAGAGGT-D2_Stim,-0.06881587516617671,-0.040308728733217336,0.0033882508293743285,0.04826615083167418,0.18994507759069634,0.1506976815036296,0.28504516698320437,0.028186629007322495
AGGCCGTTCTGCAGTA-D2_Stim,0.012899972081513056,-0.015560326399636892,-0.013968758875406273,0.08911642716027401,0.19077230660222888,-0.054214619919150664,0.17922749869130783,-0.006350893004814395
AGGGAGTAGGTACTCT-D2_Stim,-0.10559545408282922,-0.03785113818623742,0.0696985230331606,0.021980803587728914,0.12340888801606908,-0.03358597034581834,0.25394358325606436,0.02061791192194562
AGGGATGGTACATCCA-D2_Stim,-0.03759646871644051,-0.08395896003441017,-0.18846716931271068,-0.04132490664964372,0.07556220130237179,0.04090993840238433,0.22086671655120682,-0.04760201224906524
AGGGATGGTACTCGCG-D2_Stim,-0.023034595670887725,0.022427865523278356,0.1672194339750206,-0.002395967990199921,0.24560773812274483,-0.0571610831751741,0.010080515761281994,-0.009172833910582767
AGGGATGGTCACTTCC-D2_Stim,0.05322764704643568,-0.0018290127186446625,0.03140658018929621,0.0650843950543134,0.40825775125598973,0.043735372906319014,0.10735654461486277,-0.002802399204053785
AGGGATGTCGCGATCG-D2_Stim,-0.04123271595674893,-0.06969520078623681,0.031239897842485043,0.06814637479560126,0.24675601529887814,-0.003244897513026146,0.3916146673310337,0.01703219642894993
AGGGTGAAGTACACCT-D2_Stim,0.0946246618438451,-0.025240668298106783,-0.4324870123468454,0.15199508641243575,0.1633080637253883,0.44590892864176546,0.375587760016189,0.0902496209546193
AGGGTGACAGTAGAGC-D2_Stim,-0.08187067235177814,-0.014804226264631737,-0.07375367295473367,0.003761996572626103,0.07567858672337557,0.03272855179070078,0.3491370217991525,0.012264078188071181
AGGTCATAGTCGAGTG-D2_Stim,-0.1038968515523262,-0.03591390351373569,-0.10093494920432455,0.032973026347210777,0.03967002457462243,0.024704237071867752,0.18744051312553456,0.03716417297963481
AGGTCATCACATCCGG-D2_Stim,-0.15365903434319073,-0.04324305038587539,-0.28643913992897296,0.237378055424454,0.0006245666449817833,0.3147198756990104,0.8869825075359845,0.11196083918805932
AGGTCATGTCCGAACC-D2_Stim,0.0057366178612117125,0.05216013434071165,0.14339288823918572,0.03064715049838007,0.19913847464615841,-0.011591733524731751,-0.02171748752836944,0.0378371390158474
AGGTCATTCCGATATG-D2_Stim,0.01706039800636283,0.0030357450332054725,0.033451927582473395,0.05530945948262911,0.30018765189871566,0.023441577578342532,0.12166997675305069,0.02656908308549788
AGGTCCGCAAGTAGTA-D2_Stim,0.031752834879666736,0.041899256686969366,0.2125103566870532,-0.026651059981706027,0.09351167097809032,-0.2096947637201687,-0.06431183792768991,-0.018601770425993536
AGGTCCGTCCGCAAGC-D2_Stim,-0.07640749708904337,-0.04233501096213921,-0.11479541363033618,-0.000859650525940836,0.21218869854420674,0.0536990107253299,0.23540121929951852,-0.0017939885661313326
AGGTCCGTCTTCTGGC-D2_Stim,0.108338023692232,0.03285792099860352,0.11458612987197547,0.06035474106036709,0.3709566893163423,-0.010290156036502296,0.038644683477059516,-0.02944465800085183
AGTAGTCTCCAAACAC-D2_Stim,-0.12868164949908767,-0.028976271804262765,-0.14827526450972606,0.026878307794419243,0.07976974637777445,-0.034492970481490914,0.35911089701772525,0.02617111166433439
AGTAGTCTCGGTTAAC-D2_Stim,-0.10483948897520357,-0.06611243715021686,-0.13544584252562508,-0.035774082041823974,0.1035891412478751,-0.09014832845092613,0.3948405930774017,-0.015266873385817448
AGTCTTTCAGTGAGTG-D2_Stim,-0.0761542554945649,-0.019061590703763898,0.06997239711094494,0.025610881624755777,0.2047503977651317,0.09133015413020118,0.12588251412300444,0.01992458871528946
AGTCTTTGTGAGGCTA-D2_Stim,-0.04261528295317518,0.029613024696264034,0.13833877948763984,0.025468886695792392,0.31349127607532523,0.05747099670556288,0.3736412683727641,0.038471883386462125
AGTGAGGAGCAAATCA-D2_Stim,0.049285537648597,-0.0029084485342636412,0.19558923621811442,0.029063586716050693,0.40409223268490635,0.01153230146547557,0.15905078000918493,-0.022812585283663367
AGTGAGGAGTACCGGA-D2_Stim,-0.050648852952573264,0.01380955124344041,-0.047678269257128036,0.041053420946688846,0.15975040763086668,0.10153604966321517,0.1258466503392306,0.06024314213030202
AGTGAGGGTCGGCTCA-D2_Stim,-0.1648622615321127,-0.0711870788469735,-0.19403724641588038,0.13159203575166956,0.06121177004465039,0.1010601703675107,0.5853200190633085,0.08235465190954905
AGTGAGGGTCTTGCGG-D2_Stim,0.01959683357092601,0.029372541872096036,0.044847746409018896,0.08181510655139945,-0.11809153715757859,0.05666675915496633,0.11764445293758818,0.01606324325470787
AGTGGGACAAAGGCGT-D2_Stim,-0.06492964421065217,-0.0099124666199355,-0.3472600634812757,0.1774875401402607,0.1091071324735644,0.16732266938657503,0.8226164004547147,0.10640907312341596
AGTGGGACAAAGTGCG-D2_Stim,-0.009638134242516472,-0.032756063785090106,0.03764828833506506,0.028533202924741374,0.39112122556296036,0.026155198064936158,0.13820201653551223,-0.001688546863279683
AGTGGGACAAGTAATG-D2_Stim,-0.046495377002081284,-0.06588489524689045,-0.1090866845223033,0.08112294805718356,0.32765369819598256,0.06614595815787716,0.23799279849621513,0.009993719353765584
AGTGGGACAAGTTGTC-D2_Stim,-0.04134986222372916,-0.06983786092181177,0.04779670237007139,0.03367897199223968,0.2803120417805207,0.006746160478559915,0.30035797191954927,0.003874983214968708
AGTGTCAAGCTTTGGT-D2_Stim,-0.1821068932704204,-0.13566136013543684,-0.4529225820317677,0.25043314464980604,-0.03907780959545626,0.29549936393708975,0.8757172601156284,0.061171339660502255
AGTGTCAAGGAGCGAG-D2_Stim,-0.15759231750338998,-0.08457342864462447,-0.4740162892636022,0.10956701585672235,0.08008787342730805,0.18024692916566565,0.33996250252150517,-0.01067256345497647
AGTGTCACACTCAGGC-D2_Stim,0.003808142821014826,0.04431711408483885,-0.06522865999194494,0.1359410415228055,0.10195315633797897,0.15513769979036773,0.4127541242366881,0.060336571988038656
AGTGTCATCATCGGAT-D2_Stim,-0.04004390396705837,-0.04568455339633282,-0.4698116890658177,0.22528075584792084,-0.034755769073278486,0.2485591638693343,0.8694134453685578,0.10710942278246627
AGTTGGTAGAGCCTAG-D2_Stim,0.01028310576734981,0.0072121862999150466,-0.12481451954790757,0.14013573785363675,-0.004851122112226491,0.13302687859686202,0.49260476191902214,0.10112401225758383
AGTTGGTCAAACAACA-D2_Stim,-0.1423247601204416,-0.10287483478120762,-0.21356014852177196,0.0372690104051383,0.03493810676553366,0.08311692030803464,0.4270749801619198,0.03136275365026542
AGTTGGTCACTTCGAA-D2_Stim,-0.08207544566895031,-0.007583396129508202,-0.43635181463993966,0.13138520886973737,-0.043593458346501635,0.24440209050622208,0.5698867674917754,0.030507574113997293
AGTTGGTGTGTAACGG-D2_Stim,-0.023729904639383292,0.005620908529948565,0.17399506071255466,0.04301730838232842,0.18794849436402217,-0.0264700553518189,0.4258384334861516,0.039816459752222144
ATAACGCCATGCCCGA-D2_Stim,0.1121930074616575,-0.005516161752126436,0.10327035813524255,0.10276399653692359,0.5582916456900726,0.09231709609048089,0.3173607579555302,0.0198456453442013
ATAACGCTCATTGCGA-D2_Stim,0.0809945086267323,-0.01728836060391714,0.09103495733115174,0.0446460176766319,0.049195882882216324,-0.02914348152908275,0.06011371044417757,0.030682305744269556
ATAACGCTCCCTAACC-D2_Stim,-0.02457424351050541,-0.010206783374751893,0.06990317481472186,-0.0041240627950909214,0.2545904669737453,-0.01592667557171623,0.08433536856985313,-0.003333095352493487
ATAACGCTCCTAAGTG-D2_Stim,-0.1415468700628857,-0.04061304191120563,0.0037189643500941116,0.03005471838075202,-0.031176535868057798,0.11695373617368432,0.30161256677285486,0.03342440812689951
ATAAGAGTCAGGCCCA-D2_Stim,-0.004708705245107581,0.009201996384549105,-0.006146601506939575,0.07405623495814595,0.14790540311086886,0.04302914545658254,0.20378070123440306,0.06966722250881396
ATAAGAGTCCTGTACC-D2_Stim,-0.01039668327244847,-0.0007056104748901504,0.04518291918721218,0.07422138547081403,0.23950423732829584,0.03489413767743699,0.028494768747055588,0.09623090343290208
ATAAGAGTCTATCGCC-D2_Stim,-0.031196261405058934,-0.028859186351217758,-0.034392422175349324,0.10132472306124995,0.19916612266994171,0.13960114541645474,0.5674037630126119,0.05348017411597006
ATAGACCAGACCTAGG-D2_Stim,-0.02584568385546504,-0.05093991647252061,-0.30479442479555985,0.18747168918343426,0.022789492595952865,0.25930017242497705,0.5572644147896249,0.065586078194384
ATAGACCCAGTTTACG-D2_Stim,-0.07632314487339542,-0.0029619774188915926,-0.16525446665836796,0.07899243536268763,0.0710078585741094,0.19720813373733037,0.35295993781748525,0.06065176914835568
ATAGACCCATATGCTG-D2_Stim,-0.013140156164139327,-0.09711626620198466,0.07129687610616031,-0.0038635773766433346,0.08958961118669251,-0.029877967037093,0.08086704130940348,0.001016538844067938
ATAGACCCATCAGTAC-D2_Stim,-0.1131252335536459,-0.05994196779744776,-0.2801008427048952,0.09741740114746378,0.06879024159280434,0.22108728126771204,0.4280926929924682,0.07387307416609623
ATCACGAAGTGCAAGC-D2_Stim,-0.18338403076465326,-0.07620747757697721,-0.22223226101653104,0.08354032828955305,-0.017022670271110485,0.024554364793505812,0.46173726492032685,0.06781416711670474
ATCACGACATCGGGTC-D2_Stim,0.03149860388530357,-0.02881411075644813,0.41155103955080197,-0.06968841393642577,0.3198793048868698,-0.09625455973366392,-0.1222588459649856,-0.03728616812133545
ATCATCTCAAGCGCTC-D2_Stim,-0.04292643536458485,0.0046483245123312145,0.08836657826065064,-0.0008284796454169907,0.05127258535153878,-0.024972003736490223,0.2173933159540029,0.011180483356218573
ATCATCTCACCAACCG-D2_Stim,-0.07485623279146303,-0.06828218513030038,-0.30175971974182936,0.15992701652821317,0.16121483311469298,0.24568499677701539,0.764094996272636,0.08813986537552942
ATCATGGAGGAATTAC-D2_Stim,-0.16799769484823734,-0.07991473464183407,-0.23591190264468942,0.08715264679664969,0.0800026870103423,0.1066187917955439,0.5783557394295942,0.04834401789938525
ATCATGGAGGCTATCT-D2_Stim,0.10061354470204975,-0.007234737175435768,0.1631012421190361,0.000811264894286623,0.06376690363508253,0.14564554553075126,-0.2239245716907341,0.04942335832083877
ATCATGGCATGCAACT-D2_Stim,0.06187533479740637,-0.009930922215261262,0.12047519966480014,0.03647926451288086,0.26302302137790257,0.030257132359796657,0.14825109296665673,0.02586078819082971
ATCATGGGTAGCGATG-D2_Stim,-0.09105800193960434,-0.05227432131032117,-0.12829519705329062,0.04162343573052851,0.06348458394134227,0.03330262036597453,0.37590461143948417,0.03687755560521744
ATCATGGGTTGAACTC-D2_Stim,-0.08326465417351692,-0.08513269607521501,-0.2083703394903793,0.011885076426299435,-0.05664757262954012,0.04775604318753501,0.051602328828188604,-0.008185987127250272
ATCCACCAGAGTGAGA-D2_Stim,-0.09849122432660096,-0.04743643627478633,-0.050099237076976166,0.046660893061703845,0.10642126702160937,0.08086538535619958,0.16689940383850388,0.026071594326030123
ATCCACCTCGGCATCG-D2_Stim,-0.030913389634386945,0.00572109087104522,0.08610849908640184,-0.05853216602554312,0.035155209497926165,-0.0527019665669215,-0.038666509860622256,-0.028245895571718194
ATCCGAACAAGCTGGA-D2_Stim,-0.11442183660961014,-0.06982569133990779,0.012975985621267228,-0.018083383249273055,0.2413737520609427,-0.11019198095126548,0.675883570950619,-0.04134898354815064
ATCCGAAGTCAACTGT-D2_Stim,-0.064603916301893,0.020696452977931656,0.16245571023664773,0.029401606822320403,0.10345507578137436,0.016962140569397377,0.10998679288974333,0.031438768579755916
ATCGAGTCAACGCACC-D2_Stim,0.12071960369388712,0.03039355887923101,0.34168765369726284,-0.036659168908277806,0.42605845087816085,-0.04153847384560372,-0.0016024382493995404,-0.03715644329620105
ATCGAGTCAGTATGCT-D2_Stim,-0.01278442788085421,-0.010399511911487025,0.16381445933773975,0.03867790603123922,-0.1910470563104827,-0.04010553556608798,-0.019962517966943594,-0.004947615522427284
ATCTGCCTCAACGGGA-D2_Stim,-0.09194623713413286,-0.08198482939876861,-0.135603994629788,-0.08641186659152211,0.13259763657533874,-0.006373522822253008,0.22395203147269704,-0.04929781400989697
ATGAGGGTCATCGCTC-D2_Stim,-0.01696447730568984,-0.023885740433552627,0.00448388324862492,0.0025161848067565273,0.22766451664588772,0.035214997481785915,-0.053910236686306234,-0.02109751640696622
ATGCGATCAACCGCCA-D2_Stim,-0.1836146659604072,-0.07575660482152102,-0.19364662776085773,0.03224648266515473,0.0649073560216209,0.08652809835476383,0.1941610399863931,-0.001635927692896999
ATGCGATCAAGGTGTG-D2_Stim,-0.05237207660012544,-0.05526649450682619,0.07112966236717355,-0.039157164083095,0.1430597828267164,-0.07740533365573654,0.23628318887206845,-0.048404163488907415
ATGCGATCAGACAAAT-D2_Stim,-0.13815837798981967,-0.09021173648464931,-0.3247239454385884,0.1794491273385841,0.10937788001653281,0.19435054779683547,0.8912038957337067,0.06607703679280696
ATGGGAGCATCCGGGT-D2_Stim,-0.03704653493578469,-0.025602953809933382,-0.08800031358614646,0.09956391438876011,0.11331008151652888,0.09288387920465269,0.4842283104057934,0.06484237443839547
ATGTGTGCAACGCACC-D2_Stim,0.11126489663381989,-0.02105328455590616,-0.1342886395400278,0.09882191677545116,0.07204268798716384,0.22023209527372334,0.09169672163713649,0.05829378175637956
ATGTGTGCAGCTTAAC-D2_Stim,0.11894419005519374,0.07120484888061007,0.28188726998333635,-0.008093308789323572,0.08447827603971447,-0.1460575314965542,-0.026296954948774598,0.022235502688211284
ATTACTCCAGGAATCG-D2_Stim,0.05296217320472962,0.0574086000124705,0.027060164961769217,0.0966616694148037,0.1602525773207475,0.04825582839061049,-0.08412303175316538,0.04092689226181534
ATTACTCCATGTAGTC-D2_Stim,-0.0973279328050527,-0.03688859233357533,-0.15094654171849875,0.06234304559354875,0.04048072083040033,0.10656313992358157,0.4015233583350195,0.048439049619453556
ATTATCCCAATTCCTT-D2_Stim,-0.08418246814673225,0.05223657855636432,0.1486593339157949,-0.051682722099144485,0.17184595736969221,-0.00967043976004156,-0.13614281918247784,-0.009095551528343293
ATTCTACCAAGTTAAG-D2_Stim,0.060802970937428924,-0.013057109745044926,0.1361318099886777,0.010221194804293177,0.32673686848851347,-0.05224772617239992,0.16695737195450278,-0.04266751739658581
ATTCTACTCCCATTAT-D2_Stim,-0.0345686248301309,-0.055582180304863726,-0.12951901568925095,0.0678942589907443,0.12291828640912783,0.1303702116228358,0.14465232723817234,0.027829333915981636
ATTGGACAGGTGCACA-D2_Stim,-0.04729953439118084,-0.05094920995233565,0.0684464825245037,-0.05543852987043607,0.10621761655449191,-0.03486497441770453,0.22856633534275872,-0.006448303916627651
ATTGGTGCACAGTCGC-D2_Stim,0.03693917830129223,-0.01651425437237819,-0.0077454457555035106,0.08794953881270118,0.3936863188244111,0.03273102493471036,0.37373066940736877,0.024640350805121614
ATTGGTGGTACTCGCG-D2_Stim,0.0873250468341027,0.042792467501469034,0.12909255210672832,0.018080001939392076,0.32334510426382224,-0.007858407071550388,0.03034871992235111,-0.005938378618752793
ATTGGTGGTGGCAAAC-D2_Stim,-0.030965279398103007,0.03085310937705188,0.2699065326597374,0.00989934514646329,0.33006479469983674,-0.06003000027911298,0.003327235876477097,2.0333402458661e-05
ATTTCTGTCCGAACGC-D2_Stim,-0.07686263313888198,-0.017531868265182382,-0.012214255496836302,0.040949629187039704,-0.03525166940464963,0.037403860709343206,0.2851075718647653,0.03928171616565379
CAACCAAAGGTGCTTT-D2_Stim,-0.08907175324379502,-0.04467490137182928,-0.03134653064792836,-0.025587146502168423,0.10598235465545613,-0.13710863172683752,0.13536348102126006,-0.01676541192785841
CAACCAACATGGTCAT-D2_Stim,-0.10011126630474898,-0.05812884330905632,-0.02436622433566704,0.09946641355922559,0.2700842257534415,0.08603870129374513,0.46685230059559046,0.05137408117591846
CAACCAAGTGTGCCTG-D2_Stim,0.06680106603469227,0.05279875577837423,0.27780245850557606,-0.022656225853728174,0.04097829123950092,-0.12922386165444877,-0.12264670236200192,0.022221237963949036
CAACCAATCAACGGCC-D2_Stim,0.1326366854653731,0.05744476121980391,0.16677756840229385,0.029426462971308354,0.11892475203913833,-0.024999547947162526,0.009045912989289917,0.019011166110542987
CAACCTCAGGGCTTCC-D2_Stim,-0.12003323371738084,-0.04313860751670617,-0.23347073075301594,0.04014544170028955,0.06980793346442482,-0.0750569249529427,0.7711428797606299,0.03591169342333167
CAACCTCCAAATTGCC-D2_Stim,0.02054624917073511,-0.03167211738273856,0.018890307647754234,0.0691925975086054,0.2354356944444227,0.022912499806956532,0.19853676424127542,0.029350421059152865
CAACCTCCAGGTCTCG-D2_Stim,-0.09852971883848305,-0.048103049600159764,-0.036312350803177296,0.026833372014369417,0.14030513575582582,0.017341694760135695,0.3130743628251089,0.03741183962630146
CAACCTCGTATCACCA-D2_Stim,-0.07878714273231502,-0.07469044172767525,-0.24680800852994444,0.10300804697998345,0.06635153029600005,0.20677924507341672,0.3636175304142464,0.052382378992994916
CAACCTCTCACAGGCC-D2_Stim,0.006801570247152,-0.04250671198349032,-0.2083703228840097,0.10238761887738868,0.06183348172687353,0.12062825828864554,0.17404128879508374,0.020532503611557118
CAACCTCTCATCACCC-D2_Stim,-0.07403088017519543,-0.053366017719479686,-0.046593781187900696,0.005166384085368847,0.1045861902282379,-0.10829333694722365,0.49956528028771174,-0.01903531297308625
CAACTAGGTAAACCTC-D2_Stim,-0.12412772911683767,0.009753629959558197,0.2709593979429936,-0.04090198434725778,0.11549252815632727,-0.04505056824784148,0.08566891695594059,0.010396791786964954
CAACTAGGTCGCCATG-D2_Stim,-0.058252987564031855,-0.05136476596473116,-0.20678321919174536,0.22596317866172022,0.1413619577785692,0.2353746247636188,0.9219659196347383,0.15305834151520337
CAACTAGGTCGCTTCT-D2_Stim,-0.15912414575936218,-0.07554355929647016,-0.19372821478114766,0.006642613692934063,0.08571291690907756,-0.10570903881006899,0.3647871897731667,-0.032461950041843934
CAACTAGGTCGTGGCT-D2_Stim,0.06673349989077693,0.05101240317862654,0.2584023252490315,0.038392749506137136,0.24307188580718098,-0.04653907528608592,0.035579262641828535,0.051520477617900795
CAACTAGGTTAGATGA-D2_Stim,-0.08468720791610096,-0.05068327450527299,-0.054115356134548875,-0.025159151268196567,0.055504412177901585,-0.0009928878564000598,0.15474144423500125,-0.01488640525859708
CAACTAGTCACTCCTG-D2_Stim,-0.0615679696978404,-0.059673800576186764,-0.0011598972836921462,0.03983315507860752,0.1298291143312742,0.023047271651009282,0.3639638195184727,-0.019046283065625502
CAACTAGTCCGCATAA-D2_Stim,-0.00657456301267878,-0.04306014142387227,0.09015586026321198,0.010505972616675407,0.2962724641373278,-0.0653197989329275,0.017418002466310867,-0.03188149580585886
CAAGAAAAGAGCTGCA-D2_Stim,-0.18621841761759406,-0.05916606229424204,-0.15241926588961885,0.052693839322696334,0.07275377156120832,-0.11569424962852892,0.7100163343997874,0.01614050206268125
CAAGAAAAGCGTGAAC-D2_Stim,-0.07154996850780115,-0.052511890760913005,-0.20010922026125044,0.11778461437492638,0.10491603116247106,0.2159321958140925,0.37411612746083645,0.053825491253238766
CAAGAAACATGGTCAT-D2_Stim,-0.10835832213163421,-0.02953547862684225,0.052212535606688704,-0.012200350990196895,0.3271787074568042,-0.0023409003533583217,0.07449277372584007,0.018865089827237114
CAAGAAAGTGCATCTA-D2_Stim,-0.07318302428073764,-0.08816382626761055,-0.3444308946823913,0.2762157059203041,0.09253874270931917,0.2750514893788747,0.9628427665768093,0.07437093728252009
CAAGAAATCTTCTGGC-D2_Stim,-0.06829173663551735,-0.05730845500628057,-0.07405543780612689,-0.022001063953277722,0.06496962688441066,-0.00035642436613869677,0.08344662784840917,-0.022697015958359046
CAAGATCCAGATAATG-D2_Stim,-0.007034992113709393,-0.04755473164704682,0.046242354788216034,0.028319034944185972,0.11036522416115879,0.02796968829741786,0.11155607884128482,0.048469156330867236
CAAGGCCCACTTACGA-D2_Stim,-0.01790546763876577,-0.025986346190739695,-0.2622224441063281,0.19208590566915795,-0.02542202371020963,0.37786483188061837,0.959804914203513,0.12909137802371262
CAAGGCCTCTTAACCT-D2_Stim,-0.12437914317716547,-0.061297100729063914,-0.06684807699096318,0.09635606823950837,-0.015248798959918375,0.16467991893012446,0.4356872027937513,0.05045738072127648
CAAGTTGAGCATCATC-D2_Stim,-0.061946110502535845,-0.05871929243062013,-0.05379694221663733,-0.009809162672910432,0.05736535215487848,-0.024043194728889716,0.19258257646323518,-0.020113431066164367
CAAGTTGCATGCGCAC-D2_Stim,0.07173883399642733,0.04905081818717072,0.1630528734653094,0.02652481768382131,0.26420959608658556,-0.06353453664487674,-0.05002276231931191,-0.004355027229584252
CAAGTTGCATTGGCGC-D2_Stim,0.009473715857929221,0.015400677965095255,-0.28496236990235957,0.1497810995694593,0.01957053103659767,0.2418243539868623,0.45432491858114865,0.06486715151359768
CAAGTTGTCGGTCCGA-D2_Stim,0.015547088635573303,0.01971498833425578,0.07689009244227307,0.02367292682085953,0.14351406981461778,0.030258726107454947,-0.042384993554163586,0.05469458000048455
CACAAACTCACCTTAT-D2_Stim,0.11047208001681597,0.06431657455825146,0.15155841950713622,0.0632085138037386,0.40371388931668584,0.13256146095379506,0.07803096725583458,0.040721723898560214
CACAAACTCCTTGGTC-D2_Stim,-0.05731927888393962,-0.049405415777521,0.06600484658423866,0.09128744037512782,0.2628787781545032,-0.022606304150919243,0.40430823845437747,0.0310713542128358
CACACAAAGAGCTATA-D2_Stim,-0.02750054810066871,-0.052305522292130036,0.08655949554627096,0.006657792422988251,0.2982569525260139,0.03188763508783765,0.03442314949698755,-0.009602070421438569
CACACCTAGACACTAA-D2_Stim,0.04790393523572689,0.01778380551862213,0.15294587347051447,0.014094975467832782,0.29419578132530155,-0.003677486971271904,0.0537848716076077,-0.009036397564528897
CACACCTTCTGCCAGG-D2_Stim,-0.11048503963002254,-0.10383532009756635,-0.13117013280919565,0.09423489550361275,0.20404319715213326,-0.0022147231533438116,0.08901162349483727,-0.006002948021173182
CACACCTTCTTGAGAC-D2_Stim,-0.09910560485107034,-0.07523431727214458,-0.09260845560206654,0.041535292489614406,0.2248125913473764,0.04625592239202625,0.34639200260391245,0.014950189798280888
CACACTCAGCCACCTG-D2_Stim,0.008999480096118617,-0.031792822712739977,-0.5184744842067488,0.30763099797149884,0.09048207283651344,0.40878679485670055,0.8193159721209486,0.13383464726033445
CACACTCCACGTGAGA-D2_Stim,-0.13137873584235393,0.014061223280180002,-0.005818937238430522,0.00736471878388123,0.1659214394859987,0.00031243935129232625,0.17854107826257692,0.0096668099907955
CACACTCCATCGGAAG-D2_Stim,0.007757901563934411,0.025881184647355227,0.198013318758953,0.007456909256079669,0.21680113331642303,-0.05810521116435119,-0.0013913077089311443,0.04956826799608294
CACACTCGTCCCTACT-D2_Stim,-0.12733692220749582,-0.013127129253945213,0.024897567081556105,-0.035776154061629484,0.09999033679278391,-0.03348228188887781,0.17568463103023646,-0.0029822755701456316
CACACTCTCAGAGCTT-D2_Stim,0.0016257207701464438,-0.04157623096527274,0.09909180520755356,-0.026686390010260297,0.28954372946522255,0.02379788749912315,0.23270651881521687,-0.053440986902064225
CACAGGCAGGACTGGT-D2_Stim,-0.06251324891073473,-0.05488257267076868,-0.2638142950377098,0.14977116651093958,-0.05488838888278913,0.15616252992598767,0.6851536902171365,0.0687275473605311
CACAGGCGTGCGCTTG-D2_Stim,0.01825855109740715,-0.032300239607366166,-0.03229147278239708,0.156499718657356,0.26372858224412177,0.18326194386353833,0.5221534141596251,0.12884513256486052
CACAGTAAGACGCTTT-D2_Stim,-0.05011146938446842,0.018531603084591453,0.11056547339446077,0.08060640459244617,-0.1194683223125903,0.05901746024282595,0.45666278334133636,0.03561367712358354
CACAGTAAGCTAGCCC-D2_Stim,-0.08332222546958334,0.047052596579964856,0.181929144862794,0.04571194133472645,0.14757948483353545,0.08516511611868083,-0.01398559355127027,0.028563867762382955
CACAGTACATCCTTGC-D2_Stim,0.05371016327328881,-0.013856383760785462,-0.29248794162440284,0.080588719674763,0.3551741649521105,0.09067948574509188,0.2485524477451051,0.03383189240293305
CACATAGCAGTAAGCG-D2_Stim,-0.10139522995764061,-0.04403362525958521,-0.427408038414562,0.19458697784699552,-0.019108707670309144,0.21561064711151978,0.8791197871853598,0.07376309467637121
CACATAGGTTCAGGCC-D2_Stim,-0.1732916545425809,-0.08207606049253613,-0.14060864919466276,0.048909309935643464,0.12442151090476372,-0.12448880639730042,0.6847744490741476,0.03201662366326907
CACATAGGTTGTGGAG-D2_Stim,-0.0828807578759232,-0.019396471977524143,0.14705767484104726,0.03152785283241144,0.1180280955603461,0.05561176367579179,0.17571028448115733,-0.0033643576667437003
CACATAGTCAGTTCGA-D2_Stim,-0.16725860640401713,-0.02823511951189417,-0.039023035184658994,0.05936848328834188,0.043049539846467866,0.07763117038784273,0.569186101926566,0.02902190076903821
CACATAGTCCTCAATT-D2_Stim,-0.07169243704127659,-0.03995421134090016,-0.3578294745512416,0.252364222934089,-0.18983487185216497,0.26765387333494495,0.6506375838580034,0.09879756354693825
CACATTTAGTGCGTGA-D2_Stim,-0.02794768038048545,0.09138886516757871,0.3817258028204016,-0.017705497774784362,0.2930401226326964,-0.12858909293792564,-0.15420047684987725,0.02991646313292229
CACCACTCAGCTCGAC-D2_Stim,-0.07930052852629998,-0.018839478997769277,-0.06937201862908537,0.029623214119167685,0.10293549747033381,0.08100197385018149,0.21681951528784715,0.03329629702060366
CACCAGGAGCCCAATT-D2_Stim,0.14636494924748256,-0.0017475690286232748,-0.07935017194666472,0.142596470609746,0.5639924102695844,0.17850474074183253,0.4583106582209986,0.09509585746736704
CACCAGGAGTTATCGC-D2_Stim,-0.05241254447296839,0.010127283484246519,0.028241471449984346,0.07470573371899292,0.19957601227862654,0.13880037095878528,0.21513151283678678,0.09781760643749315
CACCAGGCAAGAGTCG-D2_Stim,-0.02079084137402276,0.0096115280447151,-0.19965028289370146,0.2093024194252049,-0.1216253557437792,0.21141965457201195,0.3925737046241089,0.0915328621017224
CACCAGGCATATGCTG-D2_Stim,-0.02681187122085049,-0.01920984973468265,-0.1157331230108376,0.04650961164691836,0.12078899428275491,0.1354138699662304,0.26874835854355794,0.02963049145247787
CACCAGGGTCACAAGG-D2_Stim,-0.006208533532133131,0.009155364600236027,-0.20833086824389646,0.24296231453644346,0.059323952482769116,0.28375412987166904,0.8098139240828335,0.11278082853730176
CACCTTGAGGACCACA-D2_Stim,-0.034834443135922655,0.00017546216045793983,0.0965575799656051,-0.026325921480363945,0.0846532006010321,-0.07653948412925793,0.05238243458328373,0.0076345265674859775
CACCTTGAGGCAATTA-D2_Stim,0.004654131155630736,-0.05932542404576502,0.0709750621891665,0.0252992296905461,0.43051689125910286,0.028585414898790518,0.040905233211898206,-0.010721540692678388
CACCTTGCATGCAACT-D2_Stim,-0.04465563921571558,-0.01940323295813151,-0.03707869626129323,0.08732550891694046,0.0607584190529451,0.13048751606274855,0.24917534509976402,0.06178156614262775
CACCTTGTCATAAAGG-D2_Stim,-0.04383292024330565,-0.024407628730912734,-0.13603979856824822,0.0716776131913921,0.07097485241371437,0.19702711450351984,0.22288213267608992,0.06736974359037973
CACCTTGTCTTGTTTG-D2_Stim,-0.10504797002239741,-0.054041697836058944,-0.18340870367346973,0.15153996062046282,0.05282539989539714,0.13742875315116265,0.6875112473330631,0.0725370387977673
CAGAATCGTCTGGTCG-D2_Stim,-0.17754500887825486,-0.06202662182097107,0.07654848086227517,-8.99289724500818e-05,0.10113655800643073,0.015609262914194844,0.23606247593112606,-0.029213027415400106
CAGAATCGTGCGATAG-D2_Stim,0.05786355769398277,-0.023598235618896624,-0.0929047542374466,0.015417613983922607,0.09464628478033887,0.1063587735781546,0.04159094509270034,0.029689146818565604
CAGAGAGTCAGGATCT-D2_Stim,0.020224374304918413,0.018547469387595328,0.0857696840378015,0.045936777333484,0.1652520021187982,0.07426749842017877,0.04976251579494395,0.06250762025492484
CAGATCATCATCATTC-D2_Stim,-0.11981747501469187,-0.05222055323863195,-0.15870510685717498,0.0016069730047281183,0.07186156399282773,0.03674461480746949,0.31673995891350426,0.002123156544133309
CAGCAGCGTAGATTAG-D2_Stim,0.07108458365160963,0.04055387789602172,0.06991662210261751,0.027776987048159896,0.010826469477729361,-0.012402440788845226,0.004144152258934497,0.016147860172294415
CAGCAGCGTATTCTCT-D2_Stim,-0.0767294819867459,-0.1106696517095127,-0.25050621468698075,0.016968108101982793,0.09570179848463845,0.05303725309119933,0.3269177096469562,-0.0073547044934834105
CAGCAGCTCCATGCTC-D2_Stim,-0.05522013105586865,-0.06704324545386342,-0.08593271615358233,0.009928281329580457,0.085254274335405,0.03502864377604453,0.30787481036435516,0.0051017552636754004
CAGCCGAAGATGCCTT-D2_Stim,-0.027600744693945245,-0.03185091408268015,-0.08677365703485762,0.04983708070495574,-0.041083966172319464,0.09265785909096458,0.12003380716273426,0.0056515142970532395
CAGCCGAAGCGTAATA-D2_Stim,-0.07944655837264669,-0.009810497843078636,-0.09392894239095995,0.04297448145708671,-0.09183444493031168,0.07070375850226007,0.14920813786774456,0.0019280402367840566
CAGCGACCACATGACT-D2_Stim,-0.14684922277976398,-0.03909754221033879,-0.12718840610679205,0.036090099769195305,0.20582743699258543,-0.09872468229584364,0.6829093174711982,-0.005372966182839889
CAGCGACGTCAGAAGC-D2_Stim,-0.0403693232876261,-0.008038260788531204,-0.1410595829479071,0.22297714579746675,-0.2723381707752992,0.2881176153965743,0.7976781970305717,0.08003905546454426
CAGCTAAAGCCGATTT-D2_Stim,-0.03273235668927299,-0.05116483471731392,-0.1123882454871854,0.039292496503389174,0.12575785059468458,0.12379783051675908,0.1383837441402882,0.009403723748135917
CAGCTAAAGTACGATA-D2_Stim,0.10155489773154613,0.038116019844931515,0.3421786276570824,0.03788633417206455,0.17844563691687476,-0.011364179325264345,-0.05685623389471406,0.04255241638098184
CAGCTAATCAGCTTAG-D2_Stim,0.09181590986944244,0.04883015228170429,0.3844689815245559,-0.007264518217144911,0.36006288123967956,-0.10531985243774855,-0.12771044702910572,-0.02018363434089565
CAGCTGGAGACATAAC-D2_Stim,-0.04122450887965634,-0.0520328225846729,-0.09096716236254387,0.05680736090767624,0.10870812206954739,0.08314893100367371,0.20835753690472902,0.03576964785148817
CAGCTGGAGACCTTTG-D2_Stim,0.06443633384699332,0.03274711710109912,0.1339268958737323,0.07063149089730736,0.2679458462675779,-0.028404639892794847,0.12587502488715074,0.007846266640214594
CAGCTGGTCAGGATCT-D2_Stim,-0.12794585876543607,-0.04471194361146935,-0.2272246439962231,0.07863348235519396,0.0011259265185135092,0.0719700175006821,0.5010473994110338,0.042999796616202346
CAGGTGCTCAACGGCC-D2_Stim,-0.05843058950796021,-0.04043369047622036,-0.15895667865969365,0.014192079004491376,0.07594201594122296,0.029092544756217364,0.3455650168446205,0.023332278870611844
CAGGTGCTCCCTTGTG-D2_Stim,-0.006509543073473623,-0.0005581251005981613,0.26969799720607135,0.032316792361925195,0.20903757879706575,-0.06941518455613327,0.22370498394361693,-0.01420218779660587
CAGGTGCTCTCATTCA-D2_Stim,-0.08664044651985847,-0.042257965632133576,-0.08475754444165595,-0.03778108885096998,0.11532675930762082,0.08738203286641166,0.359804354383245,0.013719132412823853
CAGTAACAGGCTACGA-D2_Stim,-0.17933383063317976,-0.06479544694852457,-0.1179276234371045,0.005815886251482993,0.11568431169594007,0.06326778268335964,0.38785157621373756,0.023447176547799486
CAGTAACGTAGAGTGC-D2_Stim,-0.09098314661966533,-0.07230387068163502,-0.17841667839836894,0.007068547322869989,0.03669400404290357,0.015804469772719543,0.1684416280815455,-0.0009902082647101906
CAGTAACTCTAACTCT-D2_Stim,-0.09944929499879862,-0.10966802819204169,-0.1941189651886397,0.07488471456616175,0.056520750311690904,0.1341725420006714,0.503146633508953,0.013304103248598764
CAGTCCTTCAGTACGT-D2_Stim,0.02541757362294028,-0.011023997679682651,0.0696108083359892,0.028425945373594885,0.28449857958893965,-0.006654134171952819,0.21822153127616417,-0.0006902332063560834
CAGTCCTTCCAAGCCG-D2_Stim,-0.03349325888968835,-0.055158530193905264,0.00446417676830535,0.006508388024665024,-0.019905633127871525,0.13003958942551286,0.4676923292533619,0.033671660279670945
CAGTCCTTCTCGTTTA-D2_Stim,-0.15243026591757491,-0.06305620482194563,0.012966751741054772,-0.006470477943160802,0.19870961005772614,-0.15046616219092712,0.440358653892881,0.00448007572256337
CATATGGTCGAATCCA-D2_Stim,-0.0334287424119708,-0.036229527999246613,0.13281594554766052,-0.02712735671597777,0.1431862450750767,-0.09069455370755364,0.18713430383636975,-0.020223864294155902
CATCAAGAGACATAAC-D2_Stim,0.010130363087842653,-0.038506647508629754,-0.06218261782857226,0.019455789319591688,0.3635558118013158,0.10238812864552393,0.0010154821081265197,0.029917679449088297
CATCAAGAGAGTAAGG-D2_Stim,-0.02905075212707331,-0.016613505442299115,0.025921237156101284,0.08154528662507587,0.23846747185779904,-0.05577568763055929,0.12973089905120716,0.022929055379819374
CATCAAGCAATCCGAT-D2_Stim,-0.03792657022912138,-0.04942164771901325,-0.038327443216299883,0.007110489705794976,0.03768498849742663,0.01928914630402012,0.2642664469396774,0.015140220335652543
CATCAAGCAGGTCCAC-D2_Stim,-0.2293513602558459,-0.08591937798736993,-0.1764995800370972,0.02246942824714182,0.1747854784985261,0.10504834642264349,0.9039374344096647,0.03497173317278168
CATCAAGCATGGTCAT-D2_Stim,0.004191723648125034,-0.012925198990359377,-0.2686933739822397,0.1556190967908968,-0.07093944415124831,0.2639039462646089,0.46368836314079687,0.07688626423716372
CATCAAGGTGGTACAG-D2_Stim,-0.03032380857616701,-0.0531114914426265,-0.06370006562598896,0.03579875087680229,0.2695521180522391,0.035647081352669474,0.3855026834512252,-0.005136054585092253
CATCAGACACAACTGT-D2_Stim,-0.0713858511947052,-0.08605446450107657,-0.41419062545359786,0.027794952971952114,0.10534428405803631,0.11958562606541001,0.2116053051338298,-0.01258280529595801
CATCGGGAGGAGCGAG-D2_Stim,-0.11301863895800857,-0.025915427287696247,-0.1613759938388757,0.13580848950874902,0.05955702496660642,0.11565560465122893,0.4017494148130467,0.09035892738481088
CATCGGGAGTCTCAAC-D2_Stim,-0.21714833053644256,-0.06985133175399305,-0.17572011705559376,0.1380204570193122,0.1256940698265634,0.033545887455680656,0.9439938306484876,0.04625992706902515
CATCGGGGTCCGCTGA-D2_Stim,-0.11586820618038196,-0.044209240927093774,-0.07045117874692863,0.03361888284248238,0.11282175876492673,0.1143494508404217,0.5799366150387124,0.023984200952600787
CATGACACATCAGTAC-D2_Stim,-0.14425152194098523,-0.07849601633601466,-0.21484744081279672,0.050268015024876433,0.050677479615044874,0.16694365517991727,0.3033249427449167,0.005155693407942863
CATGACAGTAGGAGTC-D2_Stim,-0.048905552028729815,-0.03859030591004675,0.015264059126334217,-0.001400897896004949,0.09386389132459705,-0.08594407216640576,0.19996177649487912,-0.021545224679009323
CATGACAGTATCGCAT-D2_Stim,-0.07784087846735588,-0.01863312944844253,-0.4047234704557159,0.2952761669105435,-0.10110313945147098,0.2892594448397432,0.8260906605880614,0.09569158474980455
CATGACAGTCAACATC-D2_Stim,-0.023294771041204143,-0.013140966222216832,-0.09986265426290508,0.03494589172661655,0.08021179281709045,0.13493835626973372,0.2451830070277854,0.04024150918423608
CATGCCTAGACTGTAA-D2_Stim,-0.10168744199996205,-0.03985788907167276,-0.0765167626610701,-0.0048361958369156355,0.10194083880856653,0.016372088672582663,0.13519440393989068,0.0010658111830661454
CATGCCTAGGCGTACA-D2_Stim,-0.04937635076939806,-0.01616415017886652,-0.4062992684353084,0.23274754509126616,-0.181230675843425,0.24357242940153156,0.6811666849854667,0.10298558336121744
CATGGCGGTCATCGGC-D2_Stim,-0.2210035095974341,-0.0798249842564207,-0.3112854310806714,0.11963508746375062,0.09926395875290872,0.17581187410404553,0.5141027635149289,-0.003620992367439513
CATTATCCATTCCTGC-D2_Stim,-0.15211653766891153,-0.03144903562893475,-0.20516497490539543,0.14303388472825596,0.018061573483178606,0.08803788733388274,0.8353564223218672,0.0769746848470092
CATTCGCCATCTCCCA-D2_Stim,-0.11134637514313184,-0.06548446845052602,0.04691579046622252,-0.053784891835448434,0.1962494295974384,-0.109092480920852,0.3380894434165693,-0.05421057196232937
CCAATCCAGGAATTAC-D2_Stim,0.094584150453624,0.04216851451392678,0.27786455895939355,-0.02459542773304868,0.4405100228348662,0.010219494157876596,-0.09634595219304032,0.033575947925507776
CCAATCCCACGTCTCT-D2_Stim,-0.10383640546489481,-0.11085955236653078,-0.4985364814761084,0.1628351458394608,0.05357526079479058,0.3010362085877727,0.6791192237294226,0.04034267020722204
CCAATCCGTGAGGCTA-D2_Stim,-0.01169306746225196,-0.05200620694280644,-0.10650687647930468,0.00657616893478874,0.21929300696533005,0.05351533912930506,0.2846661827617645,0.01728985332467836
CCAATCCTCAAACGGG-D2_Stim,-0.022865533298057628,-0.06275056874956242,-0.052583530232391595,0.026962282127474424,0.07830553044050248,0.06409046248263905,-0.025746926381529534,-0.022116245762841658
CCAATCCTCTGCCAGG-D2_Stim,-0.02211727205483527,-0.044921667546580224,-0.03075373361436906,0.093331271380233,0.16549547344010485,0.04567477356741634,0.31173802528929073,0.036822748521226245
CCAATCCTCTTCAACT-D2_Stim,-0.146797647819497,-0.027912013466751873,0.07295031302562194,0.02437896981178156,0.10982594568810988,0.024530746172802154,0.08293157729418699,0.011995480447865248
CCACCTATCAAAGACA-D2_Stim,-0.02518667611749592,-0.04597212360106617,-0.023165673776473383,0.05438564975323246,0.10001773865851149,0.03758710986302205,0.13229564621269674,0.015720755279229337
CCACGGAGTGTTCGAT-D2_Stim,0.018268610317775824,0.0019615733195870177,0.0835176129250117,0.003597938319797933,0.17197113646217232,0.029238743101615228,-0.1961640475272155,0.008455485089518433
CCACTACAGCCCTAAT-D2_Stim,0.007400938774527077,-0.05593038895867153,0.07691164821373775,0.04380668082911754,0.11139421166027219,0.03922988834966823,0.1922879649746978,0.055805069129776896
CCACTACAGGGTGTGT-D2_Stim,-0.06561235137834132,-0.052120410845741816,-0.22227691374519054,0.038633011034722387,0.030219966564358103,0.11118984249124786,0.21692015373663853,0.03563197346084479
CCACTACCAAAGTGCG-D2_Stim,-0.023821977312639575,-0.0697591981835739,-0.1484808270726532,0.0010541355796718221,0.10044310791310451,0.08879986986359789,0.18573548478656932,-0.013498356576816306
CCACTACCAGGTCCAC-D2_Stim,-0.09304467855379173,-0.01944783968019337,0.049599925194197425,0.025459002077797166,0.0028498185553598177,0.03650245919569706,0.5307107820960217,0.04051193319104307
CCACTACGTGCGGTAA-D2_Stim,0.029506650511592625,0.09323951257819907,0.05413077507685404,-0.01952538309131313,0.14521291336590458,0.047656904512324516,-0.1767288586506055,0.05966564285225573
CCACTACTCAGCTCTC-D2_Stim,-0.0444077315854674,-0.052821012240611864,-0.16605826442550864,0.06632280576772587,0.18074707766341191,0.12727746219521485,0.3755358232656647,0.000461981430561309
CCAGCGAAGCTAACTC-D2_Stim,0.07825943568732185,0.011641953097942803,0.12264778594061365,0.06840102944568116,0.24479342286436356,0.01956405227177882,0.21512174462208478,-0.010112879175432354
CCAGCGAAGGGTCGAT-D2_Stim,-0.11206731351593824,-0.053916453464211145,0.004925464059002849,0.01608035937369401,0.23790328138642458,-0.12122784744326687,0.728707593142067,0.031808576114132237
CCAGCGACAGGACGTA-D2_Stim,0.05911282926170003,-0.061138018982354936,-0.21504061179049394,0.11354716736330417,0.3625636534337229,0.1061480968034747,0.385670399065976,0.026550159977348997
CCAGCGAGTGGCAAAC-D2_Stim,0.08701327825526661,-0.017865540950690928,0.04852660032504197,0.07122160736498984,0.06518596244065122,0.022517772332156127,0.03673990657115045,0.02826530575361552
CCAGCGATCATCACCC-D2_Stim,-0.09410348444418482,-0.06637713395215172,-0.10460501004141953,0.030234541091497036,0.11730930241707505,0.009952149777676667,0.46139905780279555,0.015454984290556695
CCAGCGATCTTCGGTC-D2_Stim,-0.11274234798383276,-0.05099943429418552,-0.07880623759249072,0.0535951493511444,0.07599039001696717,0.06012907567940573,0.22378775929259387,0.031218106334153006
CCATGTCAGAATCTCC-D2_Stim,0.025448880468619706,0.07155015171159462,0.2588120361860806,0.02431496305532299,0.11318353666523073,-0.14631786320253504,0.10542896396264911,0.0313830114307212
CCATGTCGTAGCGTGA-D2_Stim,-0.052464901689846855,0.01251857294916725,0.014187227084114795,0.019303690371604176,0.027705037448761516,0.02474426549111186,0.14467971289323334,0.035880626880882005
CCATTCGAGAAACCGC-D2_Stim,-0.024534003949444383,0.023011171948121856,-0.21525462723526445,0.04692412254557432,0.059717670051560034,0.09821439139285637,0.12383335245344362,0.06949201190597698
CCATTCGAGAAGGCCT-D2_Stim,-0.018877337326877353,-0.030539428558542525,-1.964543496235649e-05,0.12507271492969174,0.12728862499498383,0.05833345826366809,0.41798436883073364,0.10024878679086768
CCATTCGCAGGGAGAG-D2_Stim,-0.0657938192439591,0.02110606937567283,0.08781553548989862,0.039449110820006794,0.1523657030003669,0.037083666433893825,0.03430638801918828,0.06908283783166169
CCCAATCAGAGGTTGC-D2_Stim,-0.00152229473119192,-0.06722352996432512,-0.2338096901284743,0.08439779866699659,0.14000897571326654,0.2235518377704171,0.5292785389149799,0.058820357088734454
CCCAATCAGTGTTAGA-D2_Stim,-0.09094379250409013,-0.021461579810134523,-0.20586497242930868,0.1640066692399582,0.14149882065688502,0.18162530820482736,0.7056759684809926,0.07283056728690518
CCCAATCCAGGCAGTA-D2_Stim,-0.17485567200122354,-0.07159100958284625,-0.18949972504056767,0.10135898136324073,0.13929018273283233,0.025235972314696653,0.9939670114273511,0.01844418265972969
CCCAATCCATTCGACA-D2_Stim,-0.2865994962606564,-0.09562569647566121,-0.6500059918853616,0.2677453654468067,-0.07950984347436219,0.3332962831443069,1.0754406561590972,0.07529401984243123
CCCAATCGTGATGCCC-D2_Stim,-0.1300239590701331,-0.07535834334986191,-0.2699429452129305,0.14301283441059987,-0.016920902352847378,0.13943671604081054,0.641591720181232,0.07213799377938734
CCCAGTTCAAGGGTCA-D2_Stim,0.03829463529007171,0.03599057033222408,0.009502540076629984,0.014055635261906119,0.15336232902431668,0.07915538912392606,0.11849155323184313,0.04329904629876857
CCCAGTTTCACTATTC-D2_Stim,-0.09460542201907529,-0.07266390496072006,-0.20007118680579516,0.055207186980247513,0.12267589404855883,0.13241586723109933,0.4092307943876081,0.03241040729862554
CCCATACAGTACGCCC-D2_Stim,-0.08532924518344842,-0.11106451959305552,-0.2386186471550733,-6.283039605214924e-05,0.07163676569596511,0.05210289526189982,0.2510270533033587,0.00041597324535835867
CCCATACCAGTCGTGC-D2_Stim,-0.04668126479348267,-0.05401801200675216,-0.20783082851059476,0.08617109454120175,0.06733031641949694,0.20073172668250727,0.17856484140378548,0.05139303832409681
CCCATACTCTACTCAT-D2_Stim,-0.10050536223868001,-0.09275316972001413,-0.08566500434753266,-0.01086997415361779,0.027598193614890576,-0.0370613261070627,0.09398527856682914,-0.03154942594562371
CCCATACTCTACTTAC-D2_Stim,-0.08479525677552324,-0.03686526931323364,-0.12175628617928425,0.09870079533469145,0.05852070958751554,0.05645794793698755,0.4498752632936043,0.06178979160381459
CCCTCCTAGCGCCTTG-D2_Stim,0.01900313727875691,-0.024645281282218434,0.12945834036136095,0.027937946420424353,0.3266780569138863,-0.04180406124086744,0.16977835343107017,-0.013450353265923809
CCCTCCTAGTCTTGCA-D2_Stim,-0.10421144021816531,-0.05673816442801538,-0.2114940674110084,0.04386245292430324,0.052722943664452515,0.07943472350858372,0.21222786509792346,0.017977791880452898
CCCTCCTTCCACTGGG-D2_Stim,-0.11077480910230264,-0.05401523793648266,-0.21429285441896084,0.045536370573858065,0.04325313186111579,0.1961543080934227,0.37869365397254295,0.04591704026116794
CCGGTAGGTCGACTAT-D2_Stim,0.010516433639725875,0.017352897770560816,0.039147271910215053,0.11987620767544982,0.21431860524619317,0.14080517921455993,0.10198278619798629,0.07550684950841458
CCGGTAGGTTACTGAC-D2_Stim,-0.09212949133904047,-0.12092510022581493,-0.39090237018151086,0.08810228918483531,0.06670271757671031,0.16465864115821205,0.5614077202937278,0.04413773069632576
CCGGTAGTCTAACTCT-D2_Stim,-0.044489296946713,0.0037597921171066417,0.07351434079751584,-0.00020401700066940975,0.014897965661237578,0.020802912768861148,0.02694240841151707,-0.0059414702626074956
CCGTACTTCAACCATG-D2_Stim,-0.12438552613262743,-0.03765113847343571,-0.20505767868109093,0.05484142311719076,0.04654360790704182,-0.027350807472656058,0.5719081724457205,0.04619365469331704
CCGTACTTCTTGGGTA-D2_Stim,-0.1870936576465656,-0.060445705177629705,-0.036464542540874945,0.03801602567779483,0.24596306245749666,0.006224269045084441,0.6606862887286411,0.03585460590654321
CCGTGGAGTGCCTGCA-D2_Stim,0.010540064717357467,-0.02497347983124243,-0.02911553982832693,0.06057843127714868,0.16231546590307033,0.19996911795992212,0.1993156595454515,0.0408896029005259
CCGTTCACATCTACGA-D2_Stim,-0.008990872396502425,-0.016206935560994395,-0.43324649176828345,0.16884100447471084,0.07052325235904533,0.3000331900021269,0.49848280016608726,0.09642074697978664
CCGTTCAGTTAGATGA-D2_Stim,-0.000679593672838763,-0.01757352002406698,0.06028021305065501,0.09805286075241959,0.31635174350886786,0.22928129092144367,0.2213962072814155,0.05396624817653617
CCTAAAGAGTCAAGCG-D2_Stim,0.0527305512699936,-0.009436486450626447,0.010617369823151535,0.1357461795503454,-0.10956909049648544,0.08403865695446022,0.3510793179361027,0.09954123541649373
CCTAAAGCAAGCGCTC-D2_Stim,-0.17118283923295863,-0.18631556335411226,-0.431115201898459,0.20169007251735493,0.0038307884869563935,0.35256477074618076,0.9146372821804993,0.054364224715149234
CCTAAAGTCATGCATG-D2_Stim,-0.08876640542971259,-0.0763861902807097,-0.08136470835870924,0.10238782806737312,0.06856610699626309,0.09021933683062855,0.3336234040027417,0.030849800636573832
CCTACACAGACGACGT-D2_Stim,-0.08473722215959079,-0.09121179214944775,-0.11975349372204391,0.07832950031419017,0.040763223898144574,0.04896944125269265,0.24591595267692767,0.017476644825741516
CCTACACGTGATGTGG-D2_Stim,-0.054672894561687,-0.002051300975791648,0.10946000201961326,-0.016146097023403527,0.10572780957476269,-0.11119907183894817,0.1697718049789687,0.003660059616093392
CCTACACGTTGTTTGG-D2_Stim,-0.06882236423122912,-0.054825381460217315,-0.08614188642699006,0.00467822583270916,0.057524761008755476,0.07624849957090696,0.17747044834694226,0.025902129465610102
CCTAGCTAGAAGGTGA-D2_Stim,0.00720312757455055,-0.007090054742509011,-0.17471484976290697,0.1242618612087778,0.26689797510711877,0.12092613805752173,0.27840159279213594,0.05949487160714639
CCTAGCTAGCGTTCCG-D2_Stim,-0.04202065077948447,-0.007570005706361016,-0.2037412454827816,0.043611011119013554,0.04412926576757137,0.09568455705680101,0.39449211675689355,0.038645505323934515
CCTAGCTAGGCTACGA-D2_Stim,-0.020174152475695095,-0.01284134664196479,0.03440182296522565,0.0005896808097993755,-0.01652936071257116,0.00020270208333172945,0.07780277052858597,0.001330618049214749
CCTAGCTCACCACGTG-D2_Stim,-0.14705275016696362,-0.01760535847932765,-0.3070657684466376,0.1792335475044453,0.06125557528000769,0.14771695391782735,0.7554368430994973,0.06590546844740963
CCTAGCTTCACCACCT-D2_Stim,0.12681984909493949,0.04212140419251931,0.15723145537757954,0.05024355310244388,0.29408319802071325,-0.004764280693887457,0.1260413214524938,-0.000701599716427026
CCTAGCTTCTCGTATT-D2_Stim,-0.14870516304890025,-0.04594317981609919,-0.1646868914243118,0.02923562566504856,0.07374586851969411,-0.09310908976354781,0.6489003823313659,-0.014273993614557057
CCTATTACAACACGCC-D2_Stim,-0.27386981964036394,-0.06908510553437885,-0.21495212729622537,0.12084279176258228,0.1040759099400379,-0.007089605064427573,1.0378320012470112,0.03932179184946705
CCTCAGTAGTCGTACT-D2_Stim,-0.04785822799707695,-0.10355881782232856,-0.402048812903125,0.21330262930463384,-0.08337078601211267,0.34240973654869045,0.7206902010081357,0.049863372562802155
CCTCTGAAGTGACATA-D2_Stim,-0.02913569667481042,0.013995750149952357,-0.09485774744455533,0.0954351890356957,0.17801758673690493,0.179012193933886,0.14997347265642968,0.048333811364900114
CCTCTGAAGTTGCAGG-D2_Stim,-0.09933430607877902,-0.06208411143684067,-0.03186071980413985,-0.0012636764814821788,0.17006098414929838,-0.0764851030729421,0.4568768520551938,-0.01685211309186485
CCTCTGACAGATCGGA-D2_Stim,0.027731608003527697,-0.0009145645290544735,-0.05080767926443741,0.15222302869331195,0.05902970015460696,0.13622442850768657,0.44595006234322376,0.08008883422903601
CCTCTGACAGTCGATT-D2_Stim,-0.06023338345708851,-0.04191622627253189,-0.19000652144118746,0.057363720884696434,0.08505227447137997,0.1452021311167382,0.12437765771161047,0.007359068574974259
CCTCTGAGTCACTGGC-D2_Stim,-0.09843201815031044,-0.07248315736190847,-0.090251167748292,0.03813170943987032,0.14111305338329494,0.13143971934468723,0.45519401678430427,0.025517276062769767
CCTCTGAGTGATGTGG-D2_Stim,0.0058022758765048366,-0.06947165910007058,-0.09189404104654386,0.004008363041718255,0.353455002091863,-0.00010148997198733412,0.0629487223761096,-0.033286328186999725
CCTTACGAGCAGGCTA-D2_Stim,0.08467853237599599,0.026183495271297375,0.0750446562335263,0.05091017223268146,0.2009818658882061,0.04314293339401232,0.1692850778420798,0.01484351558193886
CCTTCCCAGCTGCAAG-D2_Stim,-0.026747841744652945,-0.017165495329923175,-0.01272953841631086,0.11626919954370507,0.16163811003908535,0.09346219028373781,0.11066291347345825,0.05241618853236574
CCTTCCCTCACTCCTG-D2_Stim,-0.039807089301941545,-0.0529453909698514,-0.147975259993812,0.009034981947101173,0.21135678737736896,0.06585378877147718,0.24341263627740162,-0.006416718372873831
CCTTCGAAGTATCTCG-D2_Stim,-0.06789026500467799,-0.010922527127272375,0.10717310817803494,0.017149786116426924,-0.022234746804674188,0.0296265174217325,0.2248222283117487,0.01134405786637771
CCTTCGACACAGCCCA-D2_Stim,0.09585212451885816,0.0785284316920496,0.3923030765025608,-0.10568103314567345,0.03870129020262958,-0.258670751797931,-0.20409571963259232,-0.037453221301742445
CCTTCGACACATGACT-D2_Stim,0.1209843225972751,0.03447950065540617,0.03810502936588556,0.01850771598273937,0.3285830116199193,-0.01333111085683747,0.0682431762986262,-0.0037833807325853286
CCTTTCTCAATCCAAC-D2_Stim,-0.07181820254799653,-0.03632450701981682,-0.12605772842182184,0.0036564572955519736,0.005663323512738572,0.07481130929342505,0.035405464413777565,-0.010457187153669167
CCTTTCTCAGATGGGT-D2_Stim,0.074536608687362,0.03931245879971712,0.15265132408783888,-0.01585927721206737,0.1820868241988105,0.03646851589141775,-0.12128020739860546,0.0035135207157459547
CCTTTCTCAGCCACCA-D2_Stim,-0.036178818656912526,-0.015649380510636135,-0.09955969828336286,0.10580478775381685,0.1786628306868714,0.1972184117095015,0.17299368110328928,0.042807144873799885
CGAACATCAAGCGCTC-D2_Stim,-0.05304664582653196,-0.06363889436784653,-0.01391303459773674,-0.053272923328488986,0.039298400648885234,-0.08685870217890646,0.2557091131122533,-0.02067639755984807
CGAATGTAGATCGATA-D2_Stim,-0.006509260717690424,-0.04556398381915372,0.04563852649904376,0.059265017346252336,0.160300378693508,0.0491383642096892,0.18065937010146982,0.056839629608873565
CGAATGTGTGGCCCTA-D2_Stim,0.020079397542918542,0.06739292931220042,0.26136558043351066,-0.03530722866513969,0.16629342568446148,-0.11147418740587867,-0.11163448058346237,0.018743340725372093
CGAATGTTCCACGTTC-D2_Stim,-0.0621083469342949,-0.04320258771531016,-0.11781048597851473,0.05706093231675524,0.0787258256058454,0.1744609868921767,0.27156201871574215,0.03300352573039156
CGAATGTTCTGGAGCC-D2_Stim,0.18174539684297208,0.08349590837549492,0.30398667609583185,-0.012458665182297324,0.25188479995401813,-0.06269505676723242,-0.035398958679579096,-0.005571931305384581
CGACCTTAGGGAGTAA-D2_Stim,0.09948634258592115,0.009817090053630295,0.23262980837471225,-0.004131275474916762,0.3721665544599819,-0.051674423715809326,0.0782128724373905,-0.027749853800564495
CGACTTCAGATCCGAG-D2_Stim,0.036819684802146924,0.0328703410063067,0.26441701333213175,-0.038311862081773285,0.1896917858811058,-0.08941372459992536,0.051528776072588656,0.008072333522042285
CGACTTCAGTCCAGGA-D2_Stim,-0.0699403922582853,-0.05950219841523641,-0.2917433396103384,0.14686020359786767,0.1573348667309169,0.20301689293209257,0.674088589920693,0.05370853724318714
CGACTTCCAGTGACAG-D2_Stim,-0.08511202937859785,-0.04933230752324391,-0.25430122135411715,0.050462926747574244,0.19055298532349063,0.08455437850093972,0.49774383196297833,0.03146213745750792
CGACTTCGTCATATCG-D2_Stim,-0.008173414269265322,0.02269078406208358,-0.19420235693458388,0.05980823630912191,0.07420130837150296,0.1255396816138621,0.2846224264705981,0.06816143003352337
CGACTTCGTCGGCTCA-D2_Stim,-0.11046123545618336,-0.0720785174780545,-0.05461792131820964,-0.06865197712543747,0.1126106345190756,-0.14825693061767176,0.18496768962488286,-0.039524342362557974
CGACTTCGTTTGACAC-D2_Stim,0.00888066611418381,0.02073476169959676,0.1279078125013413,0.07221749882194217,-0.10418149169281854,0.0893952252386292,0.5266649042817715,0.08880961736028681
CGACTTCGTTTGCATG-D2_Stim,-0.018650476810236682,-0.05115754288479302,-0.04991571481661872,0.15270900050781577,0.07809541178907153,0.10406550539596182,0.42577493541874567,0.07847509974165234
CGACTTCTCTGGAGCC-D2_Stim,-0.2612226681769041,-0.033786638672253844,-0.1550958281352397,0.013662945540046323,0.19298559743034538,-0.13631567107320564,0.9583914758069838,-0.011514260260055309
CGAGAAGGTTCCACTC-D2_Stim,-0.06204338479690108,-0.02899175678841104,-0.09550158335124603,0.09069976426482107,0.07616382960164181,0.04378088100873789,0.32938192868678584,0.05572612452866821
CGAGCCATCACGGTTA-D2_Stim,-0.1611785091023723,-0.041757933904360556,-0.22101284055191872,0.09570393751194217,0.02841570603906085,-0.07322243280647278,0.7103946690035805,0.04847558588460643
CGATCGGAGAAACCAT-D2_Stim,-0.05819604356577024,-0.045379925210072614,-0.03353363308668911,-0.05300478437888678,0.08522290091032758,-0.10851206762160359,0.18252559970261029,-0.022726126875515007
CGATCGGAGAAGGCCT-D2_Stim,-0.07613182027864696,-0.06810654067741773,-0.3005813966923885,0.1146716929767706,0.2141090856736394,0.22386017637940725,0.8479477573552181,0.07673997521050069
CGATCGGAGAGCTGCA-D2_Stim,-0.049218580015116586,-0.0719383835552172,-0.4356291628928872,0.08857350577327594,-0.09470017138137976,0.2171528247992498,0.3592190617678188,0.012458109985471921
CGATCGGCAGGCAGTA-D2_Stim,0.1207335845280273,0.03674429414868463,0.20325467092169625,0.07220023843066414,0.029146607717278172,-0.023454927591618713,0.04490247851746787,0.051385260778340935
CGATCGGTCCCTTGTG-D2_Stim,-0.02651126775159085,0.03034177540907379,0.042177318017088794,0.10487680684537892,-0.20169222229517025,-0.021988745039296376,0.5209497692612963,0.018658232002795927
CGATCGGTCCTCGCAT-D2_Stim,-0.05656670233627992,0.005255969525295612,-0.03558545136193736,0.05991129785436833,0.18263214095373925,0.13607381892759918,0.28444431361362277,0.061242596161365626
CGATGGCAGAATTGTG-D2_Stim,-0.0994348937528109,-0.11307495125240585,-0.45314923317352473,0.15477580559339899,0.02505646052936683,0.31615066378478573,0.6636553152151361,0.06328785147023375
CGATGGCCAATGACCT-D2_Stim,0.07229378262828412,0.03445513071411099,0.021214301534712376,0.10572763221642312,-0.15416229064055464,0.12083107738462395,0.05177137121876729,0.07028007957631921
CGATGGCCAGCTGTGC-D2_Stim,-0.03642578091131199,-0.030551549235758202,0.023412704549087948,0.06241960235811561,0.22297810275065721,0.07947398535372052,0.3034365331308351,0.04905061066717842
CGATGGCTCATTGCGA-D2_Stim,-0.0663141481479066,-0.07225735922248333,-0.047404555306538754,0.027623572344340985,0.20548747843523074,0.07782752337451271,0.04929943949447946,-0.0026990347965689665
CGATGTAAGTGTACGG-D2_Stim,-0.10553348853256139,0.02078383344396606,-0.015286440875808438,-0.010818841170989302,0.06222557616546709,0.1065715750592151,0.2160930557298686,0.02895239431315666
CGATTGAAGCACAGGT-D2_Stim,-0.2843301748334337,-0.07137324708170745,-0.24533304106923026,0.19106516365469517,0.24228617911314032,0.10622543063467837,1.0701228854424496,0.07070388837245112
CGATTGAGTACCGGCT-D2_Stim,-0.13127589834022046,-0.056944301619129334,-0.2271718976889776,0.0739853247784783,0.2578480947003463,0.14468004450834293,0.6911982456879162,0.030410592830570238
CGATTGAGTGTTCTTT-D2_Stim,0.02966371737027451,0.038859419988321875,-0.011851922894416944,0.17802439823772787,0.116733210986256,0.21783460082603234,0.4439469087723049,0.08776073748702906
CGCCAAGCACCTCGTT-D2_Stim,-0.06243557243783293,0.006997226107534615,-0.09308571468440796,0.025285957323260888,0.09948383280566908,0.08394989898738281,0.11380472787112694,0.024032716352097694
CGCCAAGTCCCTAATT-D2_Stim,-0.0761881524146304,-0.0528478848672993,-0.19943982176781816,0.060236713165942035,0.07218317370481131,0.1318640915498115,0.19241542687205282,0.0287876950435475
CGCCAAGTCTATGTGG-D2_Stim,-0.06661852272439184,-0.04142445537102546,-0.34650534070967787,0.12691749088631354,0.054597449793737596,0.18799999588086713,0.6791901331930568,0.06681611869166382
CGCGGTAAGGGCTCTC-D2_Stim,-0.06167167307416754,-0.03600670642150661,-0.15287215523305875,0.020404778525954015,0.14431471352947156,0.08096821418503453,0.31036847567452863,0.0274294045760044
CGCGGTAGTCCTCCAT-D2_Stim,-0.006651307930832573,-0.01056562457077348,-0.01671338443682302,0.09420192822608264,0.232097706921083,0.11590353474225701,0.32693234558618123,0.07323448223818119
CGCGGTAGTCTCCCTA-D2_Stim,-0.0767937451506846,-0.09843336905607636,-0.36769769636973315,0.01779127454136642,0.028101659819837366,0.09529324659094485,0.14208954668616336,0.00012811495155951036
CGCGGTAGTTACGTCA-D2_Stim,0.06908816785319338,0.011324524639817923,0.021580798293206804,0.02712870895102526,0.30671007594715505,-0.0061215947077091215,0.0694516807556056,-0.023909388766291784
CGCGTTTAGAGGGCTT-D2_Stim,-0.04331608846371715,-0.028389919159366173,-0.16396620109869353,0.030807645158054342,0.04529907634599617,0.14025493482524354,0.20061243032299458,0.0037837719373623457
CGCGTTTAGATGTAAC-D2_Stim,-0.011782293012943867,-0.025901219399418807,0.09104181161917602,-0.014705233949914742,0.06640466296276415,0.04194520643288868,0.2673930389964383,0.01840057405544826
CGCGTTTGTGAGTGAC-D2_Stim,0.006323935944450909,0.0543866555703687,0.20679650080686862,0.036556300009010556,-0.2000454511616958,-0.06557225625941143,0.12249255024129102,0.02352456549530757
CGCTATCAGAGACTAT-D2_Stim,0.002634778128401294,-0.006489876072315326,0.20125244825186428,0.03111538439271122,0.20245536462871705,-0.05006010720260612,0.2846572982386846,0.02011641920900331
CGCTATCAGCTGATAA-D2_Stim,0.0245417363223126,-0.019053483601828347,0.057949058433806044,-0.02012123342729133,0.23329414156717831,-0.006438337502226332,0.14454906036680626,-0.0030659517487485743
CGCTATCCATGTAAGA-D2_Stim,-0.15031304683078694,-0.0848149485143086,-0.3646219906822772,0.12342225931689121,-0.040661524252247006,0.1591202916611998,0.36135938634956855,0.011298132315882725
CGCTATCTCAACACCA-D2_Stim,-0.1656875335943937,-0.08385235334764296,-0.22339836312334427,0.027653949561639024,0.12133903922495826,0.15076913421246907,0.4561452466770195,-0.009001724047367432
CGCTGGACATTAACCG-D2_Stim,-0.10386246607761507,-0.07895150259281891,-0.2745958460830913,0.059513614317140195,0.03298570871949025,0.1745422392653957,0.3425751528925378,0.02840869997775819
CGCTGGAGTCGCGGTT-D2_Stim,-0.07965579391480127,-0.02603507813053696,-0.06121252234222929,0.05166994681202475,0.11448956221368611,-0.06510679208013137,0.5101561915421531,0.036438049692842256
CGCTGGATCAACACAC-D2_Stim,-0.022479621741396727,-0.026763570214312082,0.002937882113101864,0.05569522852724518,0.22788543323571098,-0.003315377352972604,0.1297908902551903,-0.005052939288111347
CGCTGGATCAATAAGG-D2_Stim,-0.07282545016377284,-0.015710519596508377,-0.19515357993499372,0.1043689214523944,0.07268341139582901,0.08551623057958935,0.5435151429291558,0.05640762880739025
CGCTGGATCATCGGAT-D2_Stim,-0.04227412176562062,-0.0036366535774270403,-0.050580896373174866,0.0038554801574655073,0.1375277080916053,0.058614744026012744,0.10493020514951734,-0.008861802434124044
CGCTGGATCCGGCACA-D2_Stim,-0.043312189891116404,-0.04108101251468277,-0.12786465002445802,0.05555043031530893,0.07844875614817859,0.20179865101141914,0.2475276321556974,0.06947634231298316
CGCTGGATCCTCGCAT-D2_Stim,0.09994997362807823,0.06278954054919161,0.06574630149903626,0.11914271731547998,0.2396735363703577,0.11314546811934711,0.09196502024112263,0.08187392605048771
CGCTTCACATTACGAC-D2_Stim,-0.11599942675899477,-0.04672613277196547,-0.028461195166649134,-0.029512167192942584,0.12732754851457173,-0.05424372118031684,0.3462077683724267,-0.03998784380270415
CGCTTCAGTACTCGCG-D2_Stim,-0.03920770839378207,0.04356091832753961,0.020484562459300193,0.04648551222927644,0.1731312605149089,0.12399784333432962,0.21326963481457284,0.08097737279947559
CGGACACCAAGTACCT-D2_Stim,-0.1252449806905016,-0.0871623124296459,-0.18153195283363743,0.08798195631471906,0.09679799876200157,0.22582947226724315,0.46807457740196057,0.05576296949467441
CGGACACCAGCGTCCA-D2_Stim,-0.14343280970296668,-0.04677051164640744,-0.15495739645974638,0.06928413334570394,0.07700355742665899,0.21803189680036716,0.28196195915898503,0.0606016284797235
CGGACACTCAATCACG-D2_Stim,-0.03419226922509111,-0.044576560952050315,-0.3662046149813474,0.14110554321666058,-0.09958926394409318,0.2643960433175625,0.35157160250157116,0.03752016691949933
CGGACACTCGCCTGAG-D2_Stim,0.07875888044752344,0.004987793548568931,0.06516953467857967,0.021339075071765023,0.3399521358090656,0.04255371167308475,0.1879632624391796,-0.02725879390479946
CGGACGTGTCATCGGC-D2_Stim,-0.08899288354362334,-0.07357346177992063,-0.11809778266086646,0.07899516371616677,0.026001281619173255,0.03069271704385912,0.4758914048848597,0.005224267861326126
CGGACGTTCCGTCAAA-D2_Stim,-0.05828861395056251,-0.06421172394167485,-0.19652353169247583,0.0698897746322622,0.0880100303419713,0.1766631463448043,0.2754157127036203,0.032201193610696066
CGGACTGGTTATTCTC-D2_Stim,-0.0804012116468531,-0.017959601248735524,0.07421178649090443,0.029663111551437638,0.15398463913167504,0.04530195037450824,0.09697994433014845,0.03654593515652316
CGGACTGTCACATGCA-D2_Stim,-0.09600591532645986,-0.09839315045664421,-0.1157517439088167,0.0005849636293291383,0.02593422344353513,0.04711785388350975,0.3347005300712187,-0.0010874457611951271
CGGAGCTAGAACAATC-D2_Stim,-0.0745937071985594,-0.062098953782601995,-0.1797943191428999,0.11516763287278842,0.09612263157037937,0.18482881437979337,0.3260032221501312,0.07800649808417148
CGGAGCTTCCTAGGGC-D2_Stim,-0.08412028286373285,-0.025425856869031094,-0.24017346963770514,0.12269798606516602,0.19509488180670154,0.0914839650899335,0.700279776604674,0.03904992418146058
CGGAGTCAGCGTTGCC-D2_Stim,0.005791214798152922,-0.010848708630224024,0.26672187521008794,-0.027395020232948042,0.21872692816884154,-0.030866602481127714,-0.06755126075306528,0.010946543539974485
CGGAGTCCAGGTCGTC-D2_Stim,0.06294451699563375,0.013299979709548992,0.09460764981810676,0.07799777904975436,0.18294816089069776,0.07827148330962963,0.11552638056418019,0.030143300126969308
CGGCTAGGTCATCCCT-D2_Stim,-0.06218511204513,-0.11860836052210821,-0.30175863387737323,0.01697941905780631,0.06669708283783038,0.23142225020554363,0.3413110888236801,-0.00467872810521186
CGGCTAGGTCCTAGCG-D2_Stim,-0.18556613588652127,-0.048433223528702385,-0.03246988656460026,0.014471569203292844,0.09388710665539257,-0.10719851675141534,0.7633541156462655,-0.015450962831007331
CGGTTAAGTAGGGTAC-D2_Stim,-0.05908535970491968,-0.059267180905345995,-0.006403030704550616,-0.03417944715875798,0.10052718324031318,-0.039971080360682976,0.19830134199599136,-0.02889867050615713
CGGTTAATCAGAAATG-D2_Stim,-0.07907151381846589,-0.07256652226029381,-0.10186947261008328,-0.05881255399150298,0.23609019572091938,0.010724579220450892,0.3038041332249497,-0.02013417464197431
CGTAGCGCATACGCTA-D2_Stim,-0.07873886138610509,-0.05772920528230863,0.07879993317133938,-0.08356581056708734,0.14869573766479682,-0.1596360647570645,0.17728454673981453,-0.04589425683404258
CGTAGCGTCCGCATCT-D2_Stim,-0.04542628893558032,-0.043842955605020606,-0.03128556826102624,0.06657781215175085,0.2314635507894618,-0.00745770142042268,0.23344904687099088,0.030631493828702006
CGTAGGCCATCGGGTC-D2_Stim,-0.08361793472623802,-0.029711874791708226,-0.10734709642355966,0.10108797867721186,0.04648893607590665,0.18377245103538087,0.4089549042136653,0.0654473527620194
CGTAGGCTCCGATATG-D2_Stim,-0.0072328830407162314,-0.008033212502697396,-0.01280288611567304,0.06752752258587691,0.12813747181958668,0.0791857214533298,0.1498083190305639,0.07043753540066433
CGTCACTGTAGCGTGA-D2_Stim,-0.09994389603629728,-0.039557461076880074,-0.09010194970753993,0.012239617352776122,0.14698486525208843,0.0038180653528954167,0.1700000661143113,0.02519696558938911
CGTCAGGAGCACAGGT-D2_Stim,-0.08242736629661174,-0.02391524318188587,0.1339790945710373,-0.04461623288718819,0.04141232032911368,-0.03669401116993498,0.3605245986400547,-0.02689327200747904
CGTCAGGCATGACATC-D2_Stim,-0.019990761389266254,0.021013843589729575,-0.24124117928771582,0.19111495821892,-0.1311721546235436,0.19481004138479996,0.33354541311123853,0.1413157693390925
CGTCAGGTCTCCAACC-D2_Stim,-0.015350637359919261,-0.02722374567851027,-0.06890368003354297,0.07414584274903468,0.08319648368023458,0.06112926398219365,0.45163780826029054,0.04686046583418957
CGTCCATAGGAGCGTT-D2_Stim,-0.09237814779413611,-0.07089748436002807,-0.07236877202831771,0.0325061759200711,0.04638984443715799,0.046573233990070406,0.09984722557372905,0.0072983146133207555
CGTCCATGTAGCGTAG-D2_Stim,-0.01466202354458801,-0.05708077349864382,0.0772612419107368,-0.02750157703113487,0.27368298909698296,-0.06607390827520199,0.2519395636082056,-0.01957991654670188
CGTCCATGTGTTGAGG-D2_Stim,-0.15484072743091382,-0.045215000157387664,-0.11144505529260584,0.10254462191436353,0.1053147199481117,0.0559233511887367,0.6116596667952354,0.00972930265550076
CGTCCATGTGTTTGTG-D2_Stim,0.10971000182908952,0.028044649323586412,0.222637633691793,0.02508565591853973,0.3554938041592184,-0.007020594821334214,0.12064705242860896,-0.0009966330555215563
CGTCCATTCACGCATA-D2_Stim,0.05272414374478451,0.0036064076916222376,0.08278647314275922,0.0062255880043551315,0.1596790140901625,0.014738045693420077,-0.005015066106015098,0.010671398761834539
CGTCTACCACGTTGGC-D2_Stim,-0.0558987898997767,-0.06827349814298067,0.014003015635825733,-0.003931442158416232,0.13564086957839017,-0.03866601517705348,0.19158380953214138,-0.01747724723440669
CGTCTACGTAAAGTCA-D2_Stim,0.04164119728485538,-0.020293334432453847,0.017481882668340276,-0.0032981280491952703,0.06356300822313266,0.059432325442983824,-0.17795224223396922,0.04541226474416149
CGTCTACGTCTTGATG-D2_Stim,-0.09632726418251814,-0.027749827420731066,-0.03253959274167251,0.19281199853466013,-0.23797087755511193,0.16245337610430965,0.5872051169052499,0.059819090481274984
CGTGAGCCATCACGTA-D2_Stim,0.020826044767510155,-0.03775379522370237,0.10165198137447273,-0.028746350097703655,0.4144049245034829,0.0018822526746973267,0.16581814215868818,-0.03027718859051909
CGTGAGCGTAATCACC-D2_Stim,0.13510647571652257,0.05010910879395958,0.24424446456784654,0.006008191883083214,0.3477287619947891,-0.03133650981934366,0.06789295703977061,-0.02132773081366679
CGTGAGCGTGGGTATG-D2_Stim,-0.09736320019280598,0.01730485936237791,0.0858057706169717,0.017652190238511167,0.004678217321647082,-0.049530525123882896,0.09811127653430596,0.015091662353347246
CGTGAGCTCGGATGTT-D2_Stim,-0.1645555625370676,-0.04637937390265101,-0.1523359834266511,0.04197432913483645,0.03210008443997481,0.10792259491772427,0.3996715961348265,0.013729625854455918
CGTGTAAAGACGCACA-D2_Stim,-0.1810652274308886,-0.06235111957492201,-0.24431247712915471,0.14795071764077505,0.10271509125577438,0.2332055188395401,0.5952762955205904,0.07793693144035885
CGTGTAATCTGGGCCA-D2_Stim,-0.020668660838078168,-0.02443473616428271,0.04051354327936174,0.11773435114006148,0.10565674020567961,0.10146906630640373,0.2454325893246505,0.038819299682701924
CGTGTCTAGCAGACTG-D2_Stim,-0.09079804028780991,-0.05187536140023319,-0.027941051849444065,0.022316361439690624,0.0481834046546048,0.07848582883193878,0.4979203378243984,0.007590573726934835
CGTGTCTAGCCAGAAC-D2_Stim,-0.11237474574827111,-0.031613339998980194,-0.11163033696177038,0.044022265359581425,0.05071649652178323,0.12248374516698846,0.29188719939344754,0.025497097279140846
CGTGTCTAGCTGTCTA-D2_Stim,-0.22585822266694322,-0.05433516304280772,-0.07410841373698673,0.009027055464629896,0.05506158574237574,0.1214547504315302,0.20355291318854007,-0.02894132214701628
CGTTAGAAGCGTTCCG-D2_Stim,0.07074126240443057,0.0324776019975932,-0.09346319647529633,0.17715218793944665,0.2390605233199885,0.24112908831534874,0.6080897238443699,0.10524520099774293
CGTTAGAAGGCATTGG-D2_Stim,-0.08674986113544314,-0.0330020334884491,-0.2586500269196801,0.11069828870103748,0.08594533746051347,0.23648394646797577,0.3942893308389017,0.08088960490733577
CGTTAGAGTCCGCTGA-D2_Stim,0.024774653828448123,-0.05419094443445793,0.08062759384818463,0.008428098762506053,0.35207194235720074,0.014635607668111561,0.1907979599414915,-0.030902171562081193
CGTTAGAGTCGCATCG-D2_Stim,-0.10528389908613356,-0.028708421012913377,-0.12545584213148775,0.07504642333902467,0.15711709812444852,-0.022739545355372925,0.6266894219835741,0.04816025204435981
CGTTCTGTCGTCCGTT-D2_Stim,-0.050210243744642113,-0.027901366227382596,-0.1173665160866122,0.04128724617841151,0.10914050041768064,0.13522974121582898,0.16754898858555567,0.04850850118676675
CGTTCTGTCGTGGACC-D2_Stim,-0.12000586587391027,-0.05898227586179061,-0.25799896890157825,0.12180809431601247,0.09066386806927795,0.04918275810759987,0.6464226197758336,0.04769884796144552
CGTTGGGAGTGCTGCC-D2_Stim,-0.11496794589313097,-0.043542890370268594,-0.10453382516204535,0.04064714543318537,0.04094902503075559,0.09202841680256668,0.2545925071448858,0.05213966408975068
CGTTGGGCACTGTGTA-D2_Stim,-0.044359272086124335,0.005880782088683034,-0.2555220950462793,0.1831988980252479,0.01111640759277499,0.21219949002986915,0.5831512690318021,0.11556972749173156
CGTTGGGTCAGTCCCT-D2_Stim,-0.09087942179356112,-0.052769091063927576,-0.08134568165887224,0.017215669905729314,0.05512259863351865,0.08313020545606697,0.3219723212772134,0.016673796904662197
CTAACTTCACAAGTAA-D2_Stim,-0.12678441642167293,-0.07092043152565708,-0.11200662602949585,-0.01718347683855015,0.15334557866013476,-0.015706744282363516,0.39929000485062716,-0.014887839021758609
CTAACTTTCTGCGGCA-D2_Stim,0.018275856362759413,-0.04000677687520948,-0.02849723024463735,0.03743235018277957,0.08727693361822908,0.017179321298993244,0.06317516878831686,0.032357355421810396
CTAAGACAGCAGACTG-D2_Stim,-0.07627912139030002,-0.0480471643197955,-0.15416784269735828,0.08514649180400546,0.10978028552885988,0.19093075523595182,0.31822878484092065,0.05961495744630696
CTAAGACCAGCGTCCA-D2_Stim,-0.16424794056940506,-0.04675400882876701,-0.17261617255728456,0.041790888824021266,0.05456140322720415,-0.09874703607395752,0.38743088206345,0.0009845484643360436
CTAAGACCAGTATAAG-D2_Stim,0.03479223816363053,0.04536370417279123,0.1931106325646379,-0.031070149524479618,0.3553535461339745,0.01562843806603631,-0.13944483064848967,0.005603369807055003
CTAAGACCATCCGCGA-D2_Stim,-0.018538105763097334,-0.11954778361298324,-0.06098808179338988,0.05562195623593347,0.1856844803292983,0.17927543463645534,0.1341379258651596,0.09044351656949168
CTAATGGCATTTCACT-D2_Stim,-0.00679998292240569,-0.09243919351268204,-0.20527894442178507,0.03358090726246665,-0.04181225853566417,0.1648185664852697,0.18454531804887608,-0.02354697472527789
CTAATGGTCGTTTATC-D2_Stim,-0.020438156089525705,-0.013300022349675089,-0.10622941034267974,0.09886619274322506,0.025234805417426287,0.10231080274500037,0.3868676544442522,0.06787679377929123
CTACACCAGAAACGAG-D2_Stim,-0.0754424085519041,-0.06739751851319653,-0.24722624680579308,0.06714675557584293,0.05861274546222006,0.23861989648284876,0.4690119071970651,0.05905349087080758
CTACACCAGAGACGAA-D2_Stim,0.0017979740965685664,-0.07616763963967976,0.003104053983697952,0.010359150470165446,0.37339364980251233,0.05885238922430602,0.25789589780406885,-0.016635584740242848
CTACATTAGCACACAG-D2_Stim,-0.11092601181683825,-0.0896862126033593,-0.20412436062367867,0.01862740142542485,0.027900873312619368,0.09907302629873804,0.29040921820770826,-0.025887903320795047
CTACATTCAATCTGCA-D2_Stim,0.0812103762654992,0.026592140690761212,0.2924723219111396,0.009449739699070037,0.47309415481166894,-0.028897456474242134,0.027937472399475638,0.013838754139570142
CTACATTCATGCATGT-D2_Stim,-0.20139467450013093,-0.04132331457729421,-0.20409779848075793,0.15448676381387827,0.2361116328093118,0.09847306906685915,0.8370423219965168,0.05631419162044082
CTACCCATCCTGTACC-D2_Stim,-0.12433164703164756,-0.07189058914035229,-0.11260824940000269,0.12206448088378075,0.13663037009813195,0.19195760946511875,0.6601050316871344,0.04866151047241196
CTACCCATCTCCTATA-D2_Stim,-0.041721145183007735,-0.021537704346517472,0.008646869131888835,0.06750779401219731,0.19567923870078374,0.02592770009928813,0.5338874995292411,0.025485107949434038
CTACGTCAGCAGGTCA-D2_Stim,-0.12518759882988206,-0.037248981509911516,-0.004848369028309207,-0.001077687384936965,0.10494967801673738,0.06892400784387398,0.309994987933762,0.016589888641151518
CTACGTCCAAATACAG-D2_Stim,-0.12123729330257049,-0.08043518790641535,-0.29874443157322084,0.08009668554343286,0.047142616186620856,0.2635585873007109,0.43103972094177934,0.05407046083634448
CTACGTCTCAGTCAGT-D2_Stim,-0.042434237763535165,-0.03953218440383566,-0.35453681921883984,0.17260101478644607,-0.012802181968385895,0.2812956660042172,0.5191045623259178,0.05951451662259721
CTAGAGTGTTGCCTCT-D2_Stim,-0.06505896760483587,-0.010961035799978092,-0.2350512179751476,0.016397680055698416,-0.03674898926878356,0.08370568068380635,0.03375204630283335,-0.004695528426772455
CTAGAGTTCAGCCTAA-D2_Stim,-0.05249928304964868,-0.000584212176882204,-0.13845975511995334,0.04768296765439928,0.07953000246040354,0.13285297788518768,0.15161064978533556,0.05348077203426094
CTAGCCTAGACGCACA-D2_Stim,-0.02354572435529967,-0.04795795801847191,-0.01663595638517812,0.06470274515164576,0.3216884851672841,-0.057875815674892195,0.30652601242817923,-0.017224397303786887
CTAGCCTAGTTCCACA-D2_Stim,0.07627004844558449,0.0011823326688560343,0.07863030407586624,0.05196742718834457,0.2673165060347511,0.023767218859051198,0.20680927208921673,0.02574429960925073
CTAGCCTCAAGACACG-D2_Stim,-0.04041262438625637,-0.01058857050748152,0.004075258711933927,-0.01069477941891428,0.08263520008924985,-0.03180483147499302,0.016687756190303382,-0.0057474294313824
CTAGCCTCAGACGCTC-D2_Stim,0.14038363094832995,0.05416633789376846,0.14095180760489434,0.07165022497879647,0.050381139550113474,0.04654108096991827,0.042527484571887264,0.04851947655854971
CTAGCCTGTATTCTCT-D2_Stim,-0.038290972165169634,0.0025992792313367374,-0.21218437505022436,0.15930244094457535,-0.11339997654371992,0.19235136046707524,0.29287965327626075,0.05385200351737396
CTAGTGACAAGGTTCT-D2_Stim,-0.057513076010865305,-0.02523598718702047,-0.15682805939673372,0.03950537748343308,0.10127744665092386,0.0733390539683203,0.14942718868246718,0.03021572931818106
CTAGTGATCCGTACAA-D2_Stim,0.09353858656833047,0.0364895110440937,0.0833652414686128,0.08784975092534353,0.09531944957815064,-0.007498967202847595,0.14203154297920495,0.06770564255023181
CTAGTGATCTGGTTCC-D2_Stim,-0.016373154276802637,-0.0015452561411066768,-0.03302132722983053,0.037589008193414486,-0.0746846886559478,0.050771900491168864,0.09896715056189276,0.026231902238089688
CTCAGAAAGAGCTGCA-D2_Stim,-0.014575392331540371,-0.02507251120625753,-0.04018605537626385,0.04573876073087746,0.24975141385658794,0.07588328745655026,0.21436087407137805,0.037098206367154773
CTCATTAAGAGGTAGA-D2_Stim,0.07041883112113645,0.08681146504798676,0.2771377274639848,-0.0372486023890648,0.44707092516168423,0.1054401027820493,-0.3587476263436784,0.014187759276339307
CTCATTAAGATGCGAC-D2_Stim,-0.09063580194118792,-0.055231227703249175,-0.05842093279436611,0.030320809766243073,0.10627026437147791,0.08078052932276059,0.35344701338694495,0.0495760745848397
CTCATTAAGGATGGAA-D2_Stim,-0.06231197884042139,-0.07236975334185658,-0.4463055687502919,0.22067256428065285,-0.03438630075336491,0.25156940789109683,0.8424305826388405,0.10064070602935793
CTCATTAGTTACCGAT-D2_Stim,0.029169867637072855,0.015580911439089462,-0.0026141232626955,0.1420440895826598,-0.15162320022129805,0.08448852256264594,0.385103386368308,0.08164671971430693
CTCATTAGTTTGACTG-D2_Stim,-0.01487966547999342,-0.052444785540656014,-0.09247965564587446,0.10058702973469913,0.3751763311261609,-0.012178068073080084,0.25584632172834887,0.002510259758807365
CTCCTAGAGATGTTAG-D2_Stim,-0.08891200014045886,-0.05644742041908657,-0.03383281612558697,-0.06704319472940057,0.07293433041852282,-0.13713391292536237,0.1992817162268441,-0.04250046231464566
CTCCTAGTCCTTGACC-D2_Stim,0.0021164759094709495,0.024693820410970346,-0.27611303693123723,0.15796725598115025,0.04720905539431186,0.2723841409355874,0.3075836880444811,0.06169776218861678
CTCGAGGGTTTCCACC-D2_Stim,-0.21572517894475496,-0.10584007401702955,-0.2672108140644509,0.10100982346484422,0.0972946539127868,0.14911992989748768,0.7626930309035425,0.07132884867752587
CTCGGAGAGCCCTAAT-D2_Stim,-0.19516308888296408,-0.07272294563972181,-0.2958564442893614,0.16126592030320097,0.07630408001592137,0.14709530508686086,0.6684724223156744,0.07367726868402791
CTCGGAGCAGCTTCGG-D2_Stim,-0.052060391711261644,-0.05856024469482435,0.05162626267012094,-0.022686836111750708,0.08252223577872364,-0.09367772307180466,0.1945593694359129,-0.044925911463007395
CTCGGAGGTTCAGGCC-D2_Stim,-0.0746576275150872,-0.05784385562622596,-0.1678455281922524,-0.013212005446280983,0.1707974992650172,0.07216276498065,0.21927627575498487,0.015998995124224535
CTCGGAGTCGTGGGAA-D2_Stim,-0.0088062752875544,-0.010365009519256674,-0.002431732915216145,0.015728838885292973,0.22692975135299065,0.004794182531520974,-0.12523139039342723,-0.012759565299580444
CTCGGAGTCTCGCTTG-D2_Stim,0.007718992916142753,0.043018744254700536,0.1280416103326072,0.09258427470751052,-0.14202919621862087,0.009410027623840023,0.42282890371380777,0.05764149318581069
CTCGGGAAGCGCTTAT-D2_Stim,-0.03233738587302426,-0.11777007180085697,-0.26157967890503997,0.16528615504869215,0.05718220516045136,0.2345283427210969,0.5889080998649696,0.0664723014536488
CTCGGGACACCGAATT-D2_Stim,-0.10129956242151117,-0.06448174863818679,-0.13753297397819964,0.027011775023987994,0.06328342722274094,0.10628035736042385,0.5396872778305966,0.03825162276788063
CTCGGGATCTAACCGA-D2_Stim,0.010554850921511871,0.03446990757919011,0.07121849827260363,0.12145848558657235,0.43007074808345536,0.23276588424217337,0.23872819903778453,0.09507245791482788
CTCGGGATCTGGCGAC-D2_Stim,-0.07008277774377447,-0.17723280363745353,-0.4379196895125368,0.05131422557531451,-8.817042290765187e-05,0.2573491877774057,0.5878535799793463,-0.020105192564889407
CTCGTACAGAGCTTCT-D2_Stim,0.04161773032739724,-0.011008328446102666,-0.15762519203179615,0.06161485821814594,-0.04406221274026301,0.12231300848833904,0.19039072079420105,0.03506955646845533
CTCGTACGTCTTGTCC-D2_Stim,-0.029621652344133054,-0.01016987741800257,0.0064545422661872465,0.028168200384646624,0.11247830913766066,0.10872567205239925,0.07539148938348905,0.0343909940702094
CTCGTACGTGTGACGA-D2_Stim,0.10485611494860869,0.03189611952002558,0.19836254767232564,0.007429546791476227,0.27754262656400464,-0.02611895713943113,0.08077655124023053,0.0074919674062776664
CTCGTACTCATATCGG-D2_Stim,-0.08379575611454193,-0.09741464406618228,-0.10100442318760905,0.08148808896171289,0.10245393377421941,0.021688181737252066,0.4457591597849202,0.037062377250984824
CTCGTACTCCTGCCAT-D2_Stim,0.011206566004391405,-0.02273147530543085,-0.124765945358007,0.03323592788086138,-0.02340608455169857,0.043982873955508595,0.17448398781763785,0.010393655155118253
CTCGTCACAAGGTGTG-D2_Stim,-0.10420583723703203,-0.10767642812376366,-0.23421829948314432,0.13466584242443247,0.17892975956103996,0.1472099717222637,0.9860837339782762,0.045815612096209435
CTCGTCATCCCTAATT-D2_Stim,0.09091577713101806,0.03432960450936484,0.2308966425777772,0.02971509063083566,0.07541193562094506,-0.025971755837549182,0.02505970804121116,0.05045928597768068
CTCTAATAGCAATCTC-D2_Stim,-0.05005719313304091,-0.021159474258194422,-0.17611229889213575,0.05329598954652148,0.1239646904056606,0.11331194464247751,0.30544048345988806,0.02918595429836124
CTCTAATAGGACCACA-D2_Stim,-0.05254608240681158,-0.046416348678924635,-0.28002225180517115,0.052819350510901586,-0.03820957599441499,0.04079588583440419,0.07432221011876194,-0.0004541300863287745
CTCTAATCACCGATAT-D2_Stim,0.02003875834594737,-0.014779024062528734,-0.12424787149884509,0.014638216168812335,0.45078460870054116,0.21875167238173887,0.2513909796809859,0.06449649126293622
CTCTAATCAGGTCTCG-D2_Stim,-0.07772511450472841,-0.06097027966908897,-0.10597199423560788,-0.009164497541149785,0.04553419070382958,0.012085419524465735,0.21307834993668529,0.002944497404865132
CTCTAATGTGATGCCC-D2_Stim,-0.09298592940321626,-0.06060061035654307,-0.1472806609923456,0.11394326783844022,0.18837583779233036,0.1973042204046962,0.5696638558705684,0.06444709502633827
CTCTACGCATCCCACT-D2_Stim,-0.10003908375557202,-0.029870388722347485,-0.32789882907892576,0.14449504771671862,0.13387953098671623,0.14412562904421122,0.6449424864952107,0.0577240050728669
CTCTACGTCAGCTCTC-D2_Stim,0.09656361464095475,0.1354697565036016,0.37458626970044406,-0.15491019848682974,0.30679871847142337,-0.0647367554829934,-0.6341468691495198,-0.05001481329533597
CTCTACGTCGCCCTTA-D2_Stim,-0.07411384787917541,-0.06093444644872115,-0.5244879161172218,0.09674022941261562,0.006631009339695737,0.22565402341462892,0.26411995079056183,0.010658946406527647
CTCTGGTAGTGGAGTC-D2_Stim,-0.05620500339768597,-0.03887271149124949,-0.09097295987698573,0.030684493255003886,0.10776338650425998,0.13611497143791418,0.11166201615782967,0.0366477707637447
CTCTGGTTCTACTTAC-D2_Stim,-0.0625802875806265,-0.07392707330949655,-0.2146181317417124,0.021802125053326904,0.16696215350878063,0.1976520881944328,0.4080361803875654,0.003191282415203389
CTGAAACAGTACGTTC-D2_Stim,-0.00772072625907505,-0.0417806060419057,0.08233076951187179,0.028158845986814285,0.13668099527253652,-0.018444599770258918,0.10439583943731812,0.03504006755591327
CTGAAACAGTAGGTGC-D2_Stim,0.07494802233490816,0.059487452981480615,0.33713505590858617,-0.052175383623639604,0.3197036781302778,-0.11365317600925273,-0.14504817871766562,-0.007866087699618163
CTGAAACCACCCTATC-D2_Stim,-0.05218071373392519,-0.05729506784881977,-0.06774422907290045,0.038134325673681246,0.09693635389573352,0.0785681866587602,0.10539334376518283,0.018975707587696178
CTGAAACTCCCGGATG-D2_Stim,0.11994843792253818,0.06097514077602639,0.3381100276655964,0.02093633707693776,0.08575850725396528,-0.1196659758161207,-0.004541764997344266,0.051323843296747995
CTGAAACTCGTATCAG-D2_Stim,-0.02576075429000113,-0.003654518263024542,-0.25928544248306373,0.1297523361590489,0.04584375007974728,0.1785058259490686,0.4313658524127799,0.05551325129319373
CTGAAGTAGCTCCTCT-D2_Stim,-0.09861599132151255,-0.07455377067926605,-0.2596843403978859,0.07336476425441418,0.024935057118810278,0.2164880094044097,0.42220120090567637,0.043396184731163245
CTGATAGGTCACAAGG-D2_Stim,-0.05350342600473823,-0.057755828236878415,-0.037318392015285085,-0.02264244934581683,0.05110021608153836,-0.02951595164504539,0.18395401460417737,0.007783612600588796
CTGATCCCAGGCTCAC-D2_Stim,0.02936909198538018,0.025193046544730535,0.1221231734247894,-0.012874223122368633,0.2420726407836007,0.013141274798403657,-0.11757360400621764,0.016259289950571798
CTGATCCTCATGTCTT-D2_Stim,0.007832771697797725,-0.02675240164774806,-0.13457652790100205,0.18749667281407056,0.026929145041897584,0.2558664087975373,0.6463368352343917,0.0914118301055229
CTGCCTAAGAGTAAGG-D2_Stim,-0.04259492854367508,0.010684362693478278,-0.18037169303763712,0.1836060810201694,-0.013748927979589709,0.22305752422879976,0.8408405821744598,0.07899440702053795
CTGCCTAAGATATACG-D2_Stim,-0.09586926428133147,0.008433108992758065,-0.07607475181866263,0.1264913987598959,0.006581793867168173,0.2243425245952757,0.41702791682475304,0.06296717283304609
CTGCCTATCAGCTTAG-D2_Stim,0.09106872383804365,0.03176514858570201,0.10058327693655933,0.011030147691085901,0.08711555303373153,-0.05430381228034875,-0.018256292979724087,0.0014048692623624959
CTGCCTATCTTTACAC-D2_Stim,-0.11001925562756298,-0.08657862517675952,-0.15853324339511943,0.05403549686295861,0.0445745669271318,0.05892909040385064,0.3277303390380517,-0.001042357603109778
CTGCGGACATGTAAGA-D2_Stim,0.005243478840361249,0.033013920974264366,0.30608598169623136,-0.023968369372084908,0.16020529654733906,-0.19308745482260292,-0.06011753187685809,-0.021816257526038996
CTGCGGAGTCTGATTG-D2_Stim,0.009337705237111749,0.010362579366265834,0.05027644905130124,0.06157565724073777,0.036225767007946885,-0.02022078644071712,0.1051010542110653,0.04757989468648205
CTGCTGTAGATCTGAA-D2_Stim,0.09802234052436809,-0.0021984729498250033,0.11025236289626683,0.03941613803893951,0.3390221958041977,-0.0036319974492418083,0.1450811536645773,-0.01766374712858898
CTGGTCTAGGCTCTTA-D2_Stim,-0.0037723872832096106,-0.003808629497788374,0.1092190112702216,-0.008423684306221091,0.01002202031071242,-0.057741311112224025,-0.02765791220602143,0.010791224268556832
CTGGTCTAGGTAAACT-D2_Stim,-0.0740509003197598,0.039246083359781636,0.25138495358566004,-0.014516079455303199,0.16580491861328284,-0.015779530434272715,-0.006081114657168207,0.03873076132789777
CTGGTCTCAGATGGGT-D2_Stim,-0.1171498706742451,-0.0670768716013157,-0.09694932371700737,-0.03358048017359572,0.21507053570982926,0.00045976314118512107,0.21767728038398548,-0.016336399000852708
CTGGTCTTCAACACTG-D2_Stim,-0.08762532749226715,-0.05891477266802525,-0.16172692017841506,0.08631268059524011,0.12802941386387445,0.15382495823978637,0.32777007040977413,0.05898094056093406
CTGTGCTCACGCTTTC-D2_Stim,-0.018066403921507046,-0.027783154277353006,-0.1518209058783242,0.08687752351758604,0.23821934803609857,0.0734706087321122,0.36092233422710507,0.035089424836053595
CTGTGCTTCCTGTAGA-D2_Stim,-0.12102342369941432,-0.04568807412949383,-0.10451581864419701,-0.03897205269927184,0.15554407082685628,-0.017046857643810753,0.39785518369118833,-0.025607710936091266
CTGTTTAAGGTGATAT-D2_Stim,-0.02702258486425002,-0.023759292913146268,-0.02362478075127683,0.06342927952711186,-0.0008674762222593557,0.19436605757545244,0.21242639300785626,0.04246546529935458
CTGTTTACATCGGTTA-D2_Stim,-0.09125968825904529,-0.043519604123162026,-0.1680461787992158,0.10021150938219847,0.07446861015430528,0.27181926420241886,0.2750635486904187,0.06709930892635718
CTTAACTTCTTAACCT-D2_Stim,-0.09198910380267833,-0.06282450780379989,-0.21781177535979168,0.11353898715869626,-0.042040918600708466,0.1682590756548894,0.38012696005618807,0.035493466000856344
CTTACCGTCGGAGCAA-D2_Stim,0.03043372607605832,-0.022456053526619613,-0.02383694838870465,0.03995245422896154,0.06271500242113426,0.07255649368648953,0.14498022203490635,0.052894590642937445
CTTAGGACACCACCAG-D2_Stim,-0.0341270894608936,0.07051718258851558,0.09852884636343706,0.035491362465373655,0.09976939913924632,0.044915114333084816,-0.04476610422003802,0.10468507358166512
CTTAGGAGTACCGAGA-D2_Stim,0.18105041557073598,0.04072547549116656,-0.1276199624419423,0.09251890375987948,-0.010625965222047284,0.07267166871613995,0.039889898503295385,0.04639422997168374
CTTAGGAGTAGCTTGT-D2_Stim,0.062123450722838314,0.027694014022957347,0.1062400951988387,0.1789489103411679,0.469991673036235,0.21998388581051742,0.35832982929343427,0.10460875360933919
CTTAGGATCACCAGGC-D2_Stim,-0.04807876090388419,-0.04542418354768074,0.09144558531750668,-0.005115910562368597,0.1861816633966189,0.02800329420218617,0.5518951656862043,0.0021681925529684065
CTTAGGATCTGCAAGT-D2_Stim,-0.10577327561870575,-0.03606604795314894,-0.07057597175919383,0.04121477965187381,0.07270722017306674,-0.10042977974626055,0.6598273386444582,0.017622810072237982
CTTCTCTAGACTGGGT-D2_Stim,0.041673208111186355,0.0134431826884569,0.31626369032392,0.008283158476244168,0.08042887805843968,-0.06126273095618906,-0.005471605788811118,0.017202135294448695
CTTCTCTAGTCGAGTG-D2_Stim,-0.07379869226581448,-0.06683802371921921,-0.3961663869308065,0.23505464928258668,-0.10092381613574197,0.3565583205779195,0.7942873631313363,0.07757081787159059
CTTCTCTTCGAATCCA-D2_Stim,0.002415673011045172,-0.09863892953864806,-0.09924082189542105,0.057451787502827756,0.2504335915177762,0.20009386436741394,0.33335227913018883,0.01790692686785178
CTTGGCTAGACTGTAA-D2_Stim,-0.024926177951224204,-0.0016975240550038961,-0.15623652365594332,0.008447743996034873,-0.01516099525986192,0.0526739792139832,0.03682516467530306,0.0008118530310241567
CTTGGCTAGCGATGAC-D2_Stim,0.12959016313515015,0.016434981577528873,0.15928803790326107,-0.020395754981446856,0.4138049644655801,-0.022222059141762784,0.030131664700629557,-0.02603897199145422
CTTGGCTCACTACAGT-D2_Stim,0.12080981737468655,0.05653506362935623,0.23918379513912225,-0.012364513952622502,0.374352219729035,-0.020680954243486482,0.025777456327443105,-0.040859937943622526
CTTGGCTCATGTAGTC-D2_Stim,-0.06542613627142124,-0.07233329271906541,-0.012858473035537443,-0.026424625539560154,0.06550778120129941,-0.038728480172661506,0.13307258143467937,-0.017204046460227218
CTTTGCGCACTCAGGC-D2_Stim,-0.07222587725251195,-0.045390594596693035,-0.07947293519703891,0.04610068090690689,0.20025257831867016,0.09056985227451086,0.44323382827558166,0.045551102016911926
CTTTGCGGTCATTAGC-D2_Stim,0.000790038388839065,0.04323148246113817,0.2809278922048737,-0.00197347641937462,0.26447018024461144,-0.06140180114150695,-0.017261972554077687,0.03603243148908852
CTTTGCGGTTATTCTC-D2_Stim,0.01768806490349739,-0.019175978307590213,-0.06618492659706021,0.10720848611379985,0.2625732265820133,0.2702067550507685,0.3445233770068832,0.04788444338908704
CTTTGCGGTTCACCTC-D2_Stim,0.010085358703051384,-0.00969165405456529,0.09164479532991265,0.04194059819625906,0.08663082299514002,0.08275475936972754,0.10348774305807318,0.03878328888654892
CTTTGCGTCGGTGTCG-D2_Stim,-0.090198454037969,0.0013702617114859095,-0.11385257114145642,0.09069977870753299,0.06933975315049246,0.16801344165066467,0.2829518867127856,0.10901510451740215
GAAACTCAGACACTAA-D2_Stim,-0.0931949712882254,-0.03874017884577441,-0.08324782743750614,0.02792418446710876,0.08569332352143455,-0.03812305134804461,0.3504587223848059,0.034076690375576035
GAAACTCGTACAGTTC-D2_Stim,-0.11006480076217251,-0.06265151914156064,-0.14541429952953777,0.02396342783156591,0.07951523622840995,0.031784783240013326,0.36852047593103876,0.0030780867520903143
GAAATGATCGCTTGTC-D2_Stim,-0.004457906126390299,0.019329731494545754,0.04514203500052716,0.04682298401012552,0.2768914675003238,0.03300504760424339,0.08085428455461496,0.07586561876594722
GAACCTAAGGAATCGC-D2_Stim,0.10603021328586948,0.05325544635501345,0.27860432223546283,0.02263642547507061,0.260934337456451,-0.002918927681452743,0.02464053069568095,0.047391976932333435
GAACCTATCATGTAGC-D2_Stim,-0.008544213612186269,-0.007429257838962755,-0.14823096253647172,0.07973896454786811,-0.008704746943532626,0.17296576410221043,0.1351493920512672,0.02862461257588933
GAACCTATCCGGGTGT-D2_Stim,-0.03198805082570466,-0.018096865913944882,0.008011449967534112,0.00829774137784689,0.20392730860904784,-0.011637433858988189,0.1763959057338571,0.048935746708766104
GAACGGAGTCACCCAG-D2_Stim,-0.06318558106882577,-0.02434099823934055,-0.10934173034615924,0.03432637850619891,0.08284489291268748,0.09780243138310674,0.22612266562644567,0.030601985254339326
GAACGGAGTGACTACT-D2_Stim,-0.10290519272458276,-0.03998182589006127,0.06669614846526617,-0.079307369467017,0.2241082296432424,-0.1848881231221693,0.7000623771503474,-0.05568647348008149
GAACGGATCACTCCTG-D2_Stim,-0.1327618410222442,-0.06163340266958528,0.0055401069528766556,0.058037270874404356,0.17491705058888485,0.008213592444189288,0.5431371106092175,0.06535627715504688
GAAGCAGAGGTTACCT-D2_Stim,0.01116748794449407,-0.0034160308925166305,-0.07069845039389833,0.13293628665290846,-0.00167677481615236,0.1462575881648398,0.503828216688591,0.05327411929592074
GAAGCAGGTCCGACGT-D2_Stim,-0.04694702807784701,0.004945011982909975,-0.10246854130989291,0.07396101802184063,0.15160207659739378,0.19692843646712177,0.1626138119552536,0.05859255078117798
GAAGCAGGTTCGGCAC-D2_Stim,-0.1565583551704819,-0.05449766263434519,-0.22780520728722387,0.06374327254727064,-0.015088162346152956,-0.10095456500894073,0.697406543803254,0.028825216438153944
GAATAAGAGTAGCGGT-D2_Stim,0.1614787756917,0.022742731128069238,0.04132897225800658,0.07554876841812685,0.3375853260763755,0.11948493023659879,0.13341451968736706,0.023908364591427755
GAATAAGGTCTCCACT-D2_Stim,-0.09999951526707207,-0.045637225357312516,-0.17288133008253048,0.060244025783328325,0.07811017574762147,0.17613213986997422,0.0668116372187777,0.04484339399920145
GAATGAAAGTCCATAC-D2_Stim,0.09806390491139183,-0.0008955676597626194,0.05711173130516389,0.08879174671372603,0.433945599263307,0.11569009484467863,0.3151748143621944,0.05397644743517915
GAATGAACACTGTTAG-D2_Stim,-0.06665079358214854,-0.07758916883965306,-0.07559546540010231,0.06951240477996734,0.11052705337191426,-0.029267523591608224,0.3004340003772725,0.003396951152456751
GAATGAAGTAAATGTG-D2_Stim,-0.1566710698709688,-0.05368313164813365,-0.1924958871401774,0.0486042998767946,0.02192514156219083,-0.14390787620191858,0.6070477967161043,0.03954955087679579
GAATGAATCAGGCCCA-D2_Stim,-0.07157314304303064,-0.03595538872367854,-0.009088270537216836,0.024811497364394697,0.23169928099709303,-0.04533166190724636,0.5740558524304245,0.016277964880641704
GAATGAATCGCGATCG-D2_Stim,0.034001053767470424,0.16953655732972628,0.3095246327499632,-0.10604439398988319,0.23584879723744123,0.04290153902678462,-0.6290783323082234,0.05085363752175809
GACAGAGGTCGAGTTT-D2_Stim,0.020247779301300284,-0.006876351874572251,-0.11038426800180368,0.09652428621748044,0.3020281213638558,0.11266687170790846,0.15909741101393493,0.005634237434970046
GACAGAGGTCTAGGTT-D2_Stim,-0.028206268554013647,-0.027031204386455343,-0.12747609484977573,0.01878841336040793,0.16372444629373106,0.07401715120577812,0.14213936375147185,0.016117786973151027
GACAGAGTCCAAGCCG-D2_Stim,-0.12082402397766678,-0.05158369672384744,-0.10244743964730318,0.07179939911713262,0.06394660697200472,-0.04404704937866022,0.46051576473884204,0.02438727186199685
GACAGAGTCTACGAGT-D2_Stim,0.054156665005075766,0.013891168058480119,0.10830437824337746,-0.01898596737058611,0.22294786727831628,0.009996607910723654,-0.07700613380241705,-0.008811091356449197
GACCAATGTATATCCG-D2_Stim,-0.025451667167901704,0.007600637074078875,-0.14404948161185693,0.026306457191330068,-0.05719764093314872,0.05936653253474056,-0.0496878733007069,0.03152572785703889
GACCAATGTTCTCATT-D2_Stim,0.11782209799448395,-0.002208038322113026,0.028683390240985318,0.10032905503096323,0.44861805797944676,0.1322240089255864,0.3165487127251012,0.06811734798357172
GACCAATTCCCAACGG-D2_Stim,0.03534599787995596,0.06804372649615686,0.2851735254571093,-0.04877765242084209,0.19229016489388506,-0.16740598888267577,-0.12036262354485228,0.030380836423487878
GACCTGGAGCTAAGAT-D2_Stim,-0.23149994188757006,-0.14496158243212243,-0.29536220507943156,0.18466998694088588,0.18828820469176755,0.16458285085545477,0.9652568268784663,0.03525491202657527
GACCTGGCATGTAAGA-D2_Stim,-0.16092117944101503,-0.08808916696597713,-0.2566982123003214,0.10992921881413587,0.09898453586749945,0.09044777907618773,0.7734281430713335,0.013987828009716097
GACCTGGGTTGATTGC-D2_Stim,-0.15422026071144046,-0.06146230594887214,-0.17295529204670057,0.05350575709361571,-0.00024368007085051602,-0.16163251753548025,0.5377538493474976,0.018052227238625207
GACCTGGTCTCATTCA-D2_Stim,-0.10828438704781362,-0.09301911828859843,-0.16616275871193054,-0.011918059967387151,0.06051155294988142,0.07338265572307812,0.31957463624406834,-0.0018896566675561388
GACCTGGTCTTAACCT-D2_Stim,-0.031638428852577505,0.008915233359667596,-0.14784696768668049,0.05665445446995676,0.028142146150097247,0.08726584176058694,0.29907826411720784,0.05722975642935069
GACGCGTGTCGGATCC-D2_Stim,-0.0023081945289060712,-0.03662706969809193,0.004959041801349429,0.09299597500657875,0.03312374812774088,0.07471090383659629,0.2144154067555002,0.05685019683434156
GACGCGTGTTGAACTC-D2_Stim,-0.13732161860952985,-0.07784377464924042,-0.16531948170122845,0.07115408173883608,0.05016073479341898,0.014782816635223739,0.4429388984742255,0.0345852323227831
GACGGCTAGCGTGTCC-D2_Stim,-0.14999039769134548,-0.029759669235952302,0.004316230820673894,-0.07558338237461193,0.08361080027999712,-0.04595925294860059,0.052837833628121444,-0.04838411387109254
GACGGCTCATGGTTGT-D2_Stim,-0.06958381847767292,-0.05448041969166617,-0.2859928251525439,0.11418689652948544,0.04275525814721881,0.1717795572403915,0.5811186151055274,0.05965707384529573
GACGGCTTCGTATCAG-D2_Stim,-0.009500482502442509,-0.06416647712873313,-0.36015132741562894,0.1915134895321149,0.0823430857294074,0.32624827597157413,0.4573132131444613,0.09953180750288126
GACGTTAAGAGTCGGT-D2_Stim,-0.030917922399964937,0.008294774109225855,0.003352139239636287,0.01458844483093813,0.1409577012043286,0.02783243183730022,0.04243656448823607,-0.006320723197450917
GACTAACCACGGCCAT-D2_Stim,-0.11113497643638759,-0.028573169627788886,0.05351179187235644,0.02278237928824467,0.1273021893969073,0.0435357651683379,0.32241090641064485,0.014013393601125301
GACTAACGTCGCCATG-D2_Stim,0.06927146695310249,0.000897939282646476,-0.03107070480619356,0.06505577533300055,-0.10745485658211784,0.0843434703116106,0.20243849305231087,0.0544422714584627
GACTACACAGGTGCCT-D2_Stim,-0.11403273342028974,-0.06064639187857246,-0.03650341589784034,-0.011891869024990953,0.06373235215747819,-0.12949746681320917,0.3303420614918178,-0.017077195164642234
GACTACACATCGGGTC-D2_Stim,-0.08328563095203023,-0.056552487249472705,-0.048500955513184785,-0.022854682575852436,0.11436750904731241,-0.1160369038452238,0.21698018468661484,-0.025936330007279906
GACTGCGAGCATGGCA-D2_Stim,0.1648042495158908,0.07312034388163902,0.2526932719521202,0.023366814271806646,0.04872637331245677,-0.08346450690961049,-0.01112734289819528,0.03923435997879565
GACTGCGCAAGTACCT-D2_Stim,-0.05322005546883979,-0.05272729464652137,0.03159550626195884,-0.014159595367329914,0.14655889596848937,-0.14352893967068248,0.16006867953742798,-0.03128028090928936
GACTGCGCAGACTCGC-D2_Stim,0.007982210851047,-0.002222563794548549,-0.07490413843727595,0.08931471207297648,0.3946208968069591,0.2112284924769714,0.32323600108124495,0.061574146166213595
GACTGCGCATGGGACA-D2_Stim,-0.10603880205586513,-0.013507153567527297,-0.157797464214255,0.14617396647292225,0.16926592987279854,0.1705318552485302,0.29618924818149495,0.07033265677435452
GAGCAGAAGAATGTGT-D2_Stim,-0.06307640682303806,-0.05276384464526629,-0.3842269448444853,0.22362720663143243,0.040328327318157164,0.3142410635136965,0.6813673706916514,0.07694363443290086
GAGCAGAAGCCGATTT-D2_Stim,0.11807548003305612,0.003188927797287633,-0.07075845695620231,0.046806187433135804,-0.004683716359325629,0.008598037683686499,0.06862541225863161,0.003283821643002227
GAGGTGACACTTCGAA-D2_Stim,-0.003959581722217109,-0.05711498476788002,-0.10820287534070872,0.010838211789383934,0.35386487609423867,0.07437643733025645,0.27050395142252626,0.018463908945809848
GAGGTGATCACGACTA-D2_Stim,-0.02842850920261064,-0.05533302318698219,-0.059882629793287734,0.009497113303570615,0.020132891995681135,0.04534701265856356,-0.12674704346753884,-0.0046788144751594984
GAGTCCGAGGGTATCG-D2_Stim,-0.13527503938615304,-0.031132989703676728,-0.11131075718492678,0.026885409042220587,0.05608277588204125,-0.13721308029195356,0.5189942623990937,0.007394052082355884
GAGTCCGAGTAGTGCG-D2_Stim,0.03095616146427993,-0.013399887227684815,0.02210204066812338,0.050725213552432535,0.22258734746053577,0.012356468552290778,0.2036163514462288,-0.0019413994602590634
GAGTCCGCACAACGCC-D2_Stim,0.10453601694280756,-0.017619651960270488,-0.1104866820680126,0.09192570402657196,0.09105798629950712,0.2001842264538567,0.16897264198636464,0.0652752844444695
GAGTCCGGTCATGCAT-D2_Stim,-0.02934625154545678,0.007964593055520552,-0.0008400096295773096,0.07994475616325936,0.12058920839617393,0.05690207445555018,0.18096114804988872,0.08483307993720146
GAGTCCGGTTCCCTTG-D2_Stim,-0.05035203922837539,-0.034859868355471946,-0.051762051098803497,0.06060390896507428,0.10620356992119895,-0.05247610470363462,0.48716617446295984,0.04351463085825813
GATCAGTGTGTGCCTG-D2_Stim,-0.08655089197853627,-0.09618582090638128,-0.29395509332739955,0.10587567266520814,0.0866140069705974,0.17046733498764688,0.6188709263357932,0.028504812116855405
GATCAGTTCGGAATCT-D2_Stim,-0.1167051707612039,-0.045984943930008626,-0.19207287423561148,0.048394057041200256,0.02238942492230933,0.13251224084491753,0.1995377562669658,0.0002621210925966011
GATCGATAGAGACTAT-D2_Stim,0.1403463856959224,0.02977698784719962,0.39123434370623045,-0.050524800088179944,0.4409984735291008,-0.013872047920168384,-0.023215585546136452,-0.014844026244611896
GATCGATCAAGTCTAC-D2_Stim,-0.05885749781342042,-0.0497366796819918,-0.09786321893112238,0.07954200894752006,0.05158638811925087,0.16767764279507524,0.29969047958470973,0.07637625291665984
GATCGATCAGACGCAA-D2_Stim,0.06422904949267583,-0.008380621689751067,0.1589369959808522,0.017551286092135854,0.34003788540283786,0.01025002161386901,0.15021389316827083,-0.03707447651654405
GATCGATGTAATCGTC-D2_Stim,0.109952162076981,0.02047902607031382,-0.11122003155124816,0.07816416325254139,0.6082628028606472,0.2436311750430047,0.14760284957479541,0.02598755695631816
GATCGCGAGTGGGTTG-D2_Stim,0.043241437787507664,0.030822502117962003,0.12151304401337981,0.05545385663811864,0.37377727669751515,-0.0012643643762100254,0.05575928540459785,0.011917624924070225
GATCGCGCAGGGTTAG-D2_Stim,-0.05145284901383107,-0.09247827693393518,-0.20981029516194205,0.044947140397392005,0.11476341935501111,0.07251801996608442,0.13987863878111284,-0.0050140621247081185
GATCGCGCATCGACGC-D2_Stim,-0.06952986687661067,-0.002696136566564533,-0.022333055570367577,0.02611839686442785,0.09918778765749003,0.07011460236975608,0.1417186209773682,0.03014555522121576
GATCGCGCATTGGGCC-D2_Stim,0.06436083896116607,0.05949826902225297,-0.10802212622123619,0.1101229081224524,0.12663302385334596,0.2102314578657225,0.15715260470054915,0.06986739979986112
GATCGCGGTAGCGTCC-D2_Stim,-0.029464150604960437,-0.0006603025660218975,-0.08919983652698349,0.06310551495814565,0.1321771490709942,0.153677110232886,0.18953364206728285,0.024982363410749997
GATCGCGTCAAACCGT-D2_Stim,-0.03303192275552824,-0.014751729954561199,-0.03770718779498594,0.08840262298203427,0.14166073447293925,0.030945926530790757,0.38294909282788936,0.06614482068183314
GATCGCGTCACTGGGC-D2_Stim,-0.15627793766989306,-0.061353950514527966,-0.11134496513277714,0.028660670719329318,0.04539587848864812,-0.14288132880261806,0.5342858193972084,0.033098948715515775
GATCGTAAGTGACATA-D2_Stim,-0.050029535804286596,-0.04699932425738851,0.049336057758802454,-0.006285290730330573,0.21808985841673234,0.002346267461694751,0.1816845586474809,0.0044589974628514994
GATCGTATCCCAGGTG-D2_Stim,-0.22777819680876732,-0.04445627027570076,-0.1537507754733678,0.08169343690554776,0.19469255194350588,-0.09944493697759071,0.9854371111043854,0.025669170495739024
GATCGTATCTTAGAGC-D2_Stim,-0.04568419557694092,-0.019327191501679053,-0.4808768109571364,0.15061444978780258,-0.0572674580321042,0.27556110364831277,0.4805848915252202,0.020862248860105126
GATCTAGAGTCTCAAC-D2_Stim,0.043966075587729136,-0.033628790597829195,-0.08436971523470227,0.051731048404164426,0.04897152455533593,0.1133028312632618,0.030162383168966578,0.024759435682591757
GATCTAGGTCGGATCC-D2_Stim,-0.0562477567185109,-0.05622676951603367,0.029573522072839253,0.07505600685895786,0.11136410434760968,-0.04807579036244114,0.43667791594375416,0.03471151098419156
GATCTAGTCACTTACT-D2_Stim,0.057328923973763324,0.03319468122955627,-0.009986277226817108,0.14176131689338156,0.19192846503784367,0.15449066311337667,0.3282277653350123,0.08997324697684483
GATCTAGTCGCATGAT-D2_Stim,0.04615763544260609,-0.01921258645776014,0.03140184595255491,0.008241699699619076,0.14203715313729148,0.02103038245444111,0.32160166759463227,0.011389835101747181
GATGAAAAGGCACATG-D2_Stim,-0.04388496604098613,-0.06141022551276443,-0.000679956567838147,-0.045713367907627145,0.053687865429857595,-0.06534441856940809,0.19210353566737925,-0.025999429658810413
GATGAAATCACCTCGT-D2_Stim,-0.0559516766524375,-0.025186074197188546,-0.004522194083484976,-0.033741023870348386,0.047504961440502314,0.024068064403843792,0.24328610252051242,0.0013834031584547546
GATGAGGGTCTTGCGG-D2_Stim,0.08598721843940105,0.01988043821049601,0.05632084813969662,0.018172342773056016,0.10481399015781179,0.06788180094419793,-0.07900856945039436,-0.0006924102946435085
GATGAGGGTGCGAAAC-D2_Stim,0.023290004622937843,-0.03846672977391563,-0.29060611417832405,0.06573948855965206,0.3556534700757954,0.08997170136659705,0.14873690558918895,-0.02686147611215617
GATGCTAAGGAGCGTT-D2_Stim,-0.1448482569790599,-0.03153850613295717,-0.19494508159277046,0.11932148885781757,0.09604533028865525,0.0303511472789193,0.7013222481072869,0.06577613476345157
GATGCTATCCTTTCGG-D2_Stim,-0.0422576209611254,-0.008169296414507699,-0.05069964606598987,0.0065226338110182525,0.1318367333947119,0.011776826758641334,0.10328827145295527,-0.0011304071127113957
GATTCAGAGCTGGAAC-D2_Stim,0.02433221564990795,0.0007424560531887892,-0.3281149662140219,0.20140874735829506,0.13565697513897312,0.25907831969430895,0.7407376251130895,0.1282984276371728
GATTCAGCAGAGTGTG-D2_Stim,-0.08067188181888518,-0.06086709956301917,-0.21710681948673916,0.059464023934712174,0.1631966221641683,0.1734262682704184,0.3346217088982959,0.045343404206478866
GATTCAGGTGTAATGA-D2_Stim,0.04384606105409539,-0.03301657504547428,0.19989471843862194,-0.06146532730459775,0.26680051753650424,-0.06480013814023522,0.0265287969215251,-0.027603806890651228
GATTCAGTCCTCAATT-D2_Stim,0.03822908430014671,0.023016260739074923,0.08873535737527938,0.05529154125441238,-0.1420145331935636,0.01989615514973231,0.30096302414184706,0.031874950620775166
GCAAACTCAAGTAATG-D2_Stim,-0.009401559698964945,-0.05607116122160427,-0.037938769581600695,0.026122706222441394,0.34781793283254636,-0.019943195280724524,0.12700755840995015,-0.023015751734870804
GCAAACTTCAGTTAGC-D2_Stim,0.11137997717297488,0.03601314669861644,0.20909951208846866,-0.017727492955465607,0.3202397794012217,-0.05058236814760342,0.028739179402446524,-0.014383305372003719
GCAATCAAGTACGTTC-D2_Stim,0.08160902112586399,0.0548614843933688,0.24437973605532193,-0.01914188190275823,-0.04750245877873027,-0.08964823423023738,-0.023630006044920826,-0.006827864966330921
GCACATAAGCGCTCCA-D2_Stim,-0.06511559406466283,-0.058581243734163735,-0.10055454097208205,0.00011056472889769964,0.06264935282773898,-0.07399939580441739,0.17274124794039292,-0.009634869143781088
GCACATAAGGCTAGGT-D2_Stim,-0.058354786951829496,-0.06597385409657797,-0.15888735797803832,0.0574156275548372,0.09374736482935475,0.0710542309503257,0.3795190678939955,0.06488683129430761
GCACATAAGTCACGCC-D2_Stim,0.008020057371490807,0.004020246183284115,-0.10987434064534618,0.14291935480375528,-0.2664837279352472,0.13919587189018934,0.29698385517699677,0.07478000003302299
GCACATAAGTTACGGG-D2_Stim,-0.16796422450442527,-0.0725964055460313,-0.1403896566914664,-0.02841780082830958,0.07520968203143141,0.023321249530155796,0.2014771648275886,-0.02591371086147376
GCACATACAGACGCTC-D2_Stim,-0.08786848639363498,-0.08812291148032436,-0.2567189119147457,0.07794232975641435,0.11170453489667231,0.2235735900580753,0.38408515043047675,0.026991404667162655
GCACATACAGCTTAAC-D2_Stim,-0.12256640640650573,-0.05397725208451121,-0.04456069469252455,0.002628299220370778,0.08864979880539003,-0.029104538998860008,0.2488068735773794,-0.005489910398104314
GCACATATCAGCTCTC-D2_Stim,0.01564057257645679,-0.00490669675509281,-0.02789764204038825,0.020746877597632718,0.13204707452590014,0.05298073475314524,0.12882439184003047,0.027946638399697576
GCACATATCTTTCCTC-D2_Stim,-0.06445131059219733,-0.006079618632709227,-0.18646512731954523,-0.05477742993865142,0.09651757485650592,9.274467740105763e-05,-0.06207263532956464,-0.04884730020160788
GCACTCTAGTACCGGA-D2_Stim,-0.07815294679867435,-0.053408953089682853,0.156236656641779,-0.008461923939588445,0.21283360451545086,-0.024465971667259723,0.30752151659038773,0.02589643398789221
GCACTCTCAGGTCTCG-D2_Stim,-0.0433017174904915,-0.04793348191773816,-0.01734817451096049,0.022732346213533816,0.1307354137247554,0.04886556328104241,0.37104995013026887,0.010390183327654512
GCACTCTTCGGCATCG-D2_Stim,-0.15798757063484814,-0.03629887215148031,-0.13891835688555965,0.05750236755466709,0.07120332057216139,-0.17302492924263646,0.5669736626816935,0.017515734123268345
GCAGCCACAACTGGCC-D2_Stim,-0.004708632373411348,-0.04337254874177354,0.07731001982206465,0.1063450459881139,0.12881396205492734,0.05661661681921615,0.5302929165057888,0.05241507330266515
GCAGCCAGTGCAACTT-D2_Stim,-0.12769469022339486,-0.04856932493443544,-0.138780475278109,0.05578384688144489,0.09035287245898616,-0.014788680026240897,0.4248885004813996,0.028225677426529927
GCAGTTAGTGTTAAGA-D2_Stim,-0.02561603257764844,0.002723771829783672,-0.3393893799819043,0.1217985121347489,0.04130312495753152,0.20491467594102453,0.5393464555322964,0.0781247288499749
GCATGATAGACAAAGG-D2_Stim,-0.15070416748380389,-0.05684249694622601,-0.18120144838577978,0.056360362019786336,0.12264957589263226,0.10819715975103072,0.37297587308935665,0.02906315656023395
GCATGATGTACCGCTG-D2_Stim,-0.017605914906667408,-0.04902879211031319,-0.057247137512353774,0.10429279747913789,0.2767387253611169,0.15427272350408394,0.192171082034708,0.06878500772102747
GCATGATTCTTGTACT-D2_Stim,-0.10259871170939938,-0.05669233688727182,-0.018576640278714862,-0.019942853217481016,0.17485023010858392,-0.03879233893352563,0.5475187048224157,-0.010412505121463411
GCATGCGAGTTCCACA-D2_Stim,-0.12623820753795378,-0.0719357324806591,-0.16459061104044181,0.022899962609306712,0.014352687976185052,0.04286091603026776,0.3240494272362291,-0.01454421033252018
GCATGCGCAATCCGAT-D2_Stim,-0.023328588491976276,0.0036429200986383137,-0.35318645710806784,0.1639592043532403,0.03303241050289962,0.25131654382032487,0.5566967821074567,0.09654579738179692
GCATGCGCACTTAAGC-D2_Stim,-0.11184846065653353,-0.06073332198993597,-0.14508178303876562,0.035468148489101736,-0.04641263293304121,0.10682250161173279,0.37343564399324514,0.018161151573821144
GCATGCGTCCGTTGTC-D2_Stim,-0.22644292669031785,-0.06613332498547209,-0.0827011143656593,0.071217017673181,0.11264748615793607,-0.08937269932753367,0.7422444362047624,0.024801798309548317
GCATGTACATCGGAAG-D2_Stim,0.0873840244137476,0.01830223061691072,0.03730204261555414,0.01722781827665898,0.09236642269910256,0.042231373152780805,-0.13244522609129383,0.005988394960745325
GCATGTAGTTGTGGCC-D2_Stim,-0.009402349886022066,-0.033604085164572695,-0.03537683610006326,0.06168288173593339,0.3140103917953443,-0.046557402075851684,0.14720369175328685,-0.004483895489231671
GCATGTATCCCTTGCA-D2_Stim,-0.06082513821283442,-0.023203543816443073,-0.017661355699706505,0.006939916075049624,0.061545218160945936,0.04315454092935589,0.1372106304415457,0.01936148448054631
GCCAAATAGGCATTGG-D2_Stim,-0.030492899255818884,-0.005921203430107269,0.03456690431578657,0.03987845147388036,0.19997259624487995,0.012007886210529506,0.004522079142869728,0.02274560659398084
GCCTCTAAGAGTTGGC-D2_Stim,-0.022431867176701203,0.010776972042231492,0.02476107101549374,-0.005898543061549688,0.20438650321213458,0.06511667878185534,0.020587503989029976,0.019401199490042487
GCGACCAAGACACGAC-D2_Stim,-0.20818491706317843,-0.09507833907303898,-0.1285920613155742,0.07887500007988102,0.13003576406771167,0.07052975528225325,0.8482584208829067,0.06164405751410662
GCGACCAGTGAGCGAT-D2_Stim,0.031869838403908446,-0.02372247765346991,-0.07653290310163108,0.058535567942445965,0.11930315561336435,0.03465158031384341,0.03347315517948157,0.03948488712475395
GCGAGAAAGAAACCGC-D2_Stim,0.12679563051210785,0.03750409044747016,0.14673425528323314,0.05237127606479319,0.03167273434291751,-0.04395189583169312,0.014426953311023283,0.05729109257725362
GCGAGAACAAGTAATG-D2_Stim,-0.08538810451102563,-0.048397324857200275,-0.07665430636662407,0.024705688775430446,0.026425778131013544,0.11372705269026895,0.29535373949803834,0.018530873281520144
GCGAGAACAGTATGCT-D2_Stim,-0.0594633120278143,0.0005749833533581494,-0.024026552598193973,0.12274772285085334,0.25323638326047515,0.08332815614834921,0.4530446220023343,0.07878331290668683
GCGCAACAGCGGCTTC-D2_Stim,-0.13284216356703205,-0.0907682622523236,-0.13472969493973785,-0.026633606715734004,0.0425178866653706,-0.045166233784616594,0.2109468140589419,-0.016315627287390555
GCGCAACCAAGCCTAT-D2_Stim,0.07193121210458386,0.014811657499814501,0.13761014478842526,0.053391439188473555,0.26086113950277934,0.015140721651839328,0.17179569346531665,-0.0004511774757727238
GCGCAACGTGCTCTTC-D2_Stim,-0.02950384415988161,-0.03699104511077245,-0.09122321003751921,0.08256686496527621,0.16003286029630637,0.22966115695325406,0.3472251249422378,0.04497718091679026
GCGCAACTCCGTTGTC-D2_Stim,0.06024583154662544,0.028787588032855638,0.05544700991473839,-0.007048412410833649,0.1403847703760288,0.049244385361047804,-0.2587596346546839,-0.004439131062303758
GCGCAGTCACGAGAGT-D2_Stim,-0.11501854722654237,-0.052537934637937767,-0.08493193269893595,0.04037978181256996,0.2903500105448149,-0.022488430592822795,0.5450912221879722,-0.008043008979424116
GCGCAGTCATTGGCGC-D2_Stim,-0.10129753441301581,-0.07722937078034242,-0.14261927878890202,0.0059973946222999786,0.044889645435810976,-0.05008097907264286,0.2808182581900436,-0.005644642619573759
GCGCAGTGTAGCAAAT-D2_Stim,-0.11793372575501238,-0.005100258842730909,0.014953780279206796,0.016564104177669847,0.09599502721033559,0.033517092267967286,0.24623940243034337,0.025859663965317026
GCGCAGTTCTACTATC-D2_Stim,0.0542115657527642,-0.013757837529158934,0.20420896086587348,-0.023615381316556494,0.446707891604035,0.02599633652836708,0.09918079073930386,-0.047161843160672845
GCGCCAAAGTAGGTGC-D2_Stim,-0.022188350035106552,0.027437649144976817,0.09192685468787154,0.06598427571591792,-0.2486678714109658,0.010780203051417914,0.2586856847125292,0.008362600128460684
GCGCCAAAGTTGCAGG-D2_Stim,-0.008322066105444392,0.027435220647957337,0.1578152527131902,0.04134645081311383,-0.06561320396696502,0.02227136873094082,0.07498858370152117,0.003708308523352244
GCGCCAACACACAGAG-D2_Stim,0.05775297075968844,0.025846480509558845,0.22209800469816177,-0.00411676081784762,0.30197344210438004,-0.01505886988760885,-0.15063642718911296,0.00366747741189144
GCGCCAACACGAAACG-D2_Stim,-0.04378028304826387,0.018414227518576354,0.2570899963894586,-0.005509566021313361,0.16476013949081114,-0.06512229664672198,0.009795467599975183,0.024350644191306614
GCGCCAATCTGGCGTG-D2_Stim,-0.04238946162237767,-0.10016199063356979,-0.30252263942045055,0.027660426224862533,0.16818916065134282,0.18508397920651376,0.571722388112601,0.07482157668922262
GCGCGATAGTCCGGTC-D2_Stim,0.11568074399403194,0.0243176694478624,0.05616673504179914,0.059423177190900844,0.374914888407476,0.018802197737251447,0.14683274115338563,-0.0264802430576907
GCGCGATCAGGCTCAC-D2_Stim,-0.13882309921529057,-0.039716056379671016,-0.0374869299608811,0.05853040067439785,0.24610552245222195,0.037446567877225334,0.5916972588039666,0.026627918364050984
GCGCGATGTATAGTAG-D2_Stim,0.07023356734672248,-0.011306794369419393,0.151388390209096,0.014459308164930462,0.0908654177077004,-0.05478859668225944,0.02139591665750462,0.023025112404443604
GCGCGATGTTGGAGGT-D2_Stim,-0.053529375382822764,-0.06281253486180383,-0.08094501110503671,-0.005377335597977151,0.059198505958839576,0.00039719721981867906,0.0937611448611424,-0.004636984138192801
GCGGGTTAGGAGTTTA-D2_Stim,0.03888796340372913,0.030231867736134177,-0.18160987476320756,0.09047816797759545,0.289618952190132,0.13047116325607888,0.10017345650006959,0.06341625207354262
GCGGGTTGTAGATTAG-D2_Stim,-0.013907662760299644,-0.020819895038926006,-0.23477388336912064,0.11728750719219683,-0.07906382008349588,0.18686659594848365,0.18391095377742595,0.016093765565154072
GCGGGTTTCTGCTGTC-D2_Stim,-0.023371405110403032,-0.018329608565855082,-0.11162116808147893,0.06936793463142443,0.15082139063167155,0.16460654975779576,0.16260272262116793,0.039260211451045635
GCTCCTAAGACACGAC-D2_Stim,-0.07294514247429262,-0.03695134389430166,-0.06687965729421741,0.0921009330789282,0.14815391564969893,0.026330613457790975,0.4989611901038362,0.03520435453746984
GCTCCTACACCACCAG-D2_Stim,-0.04545720935595021,-0.03973839174678062,-0.19162156424679821,0.05926117270923825,0.1153913074004933,0.22598329196888578,0.179435343664621,0.01966534835402811
GCTCCTAGTCCGAATT-D2_Stim,-0.11986134593413134,-0.05802264016532277,-0.17041205012025884,0.15205581576456417,0.08715068374664625,0.15058946314717758,0.5946834367573288,0.08359115275705165
GCTCCTAGTGGTTTCA-D2_Stim,-0.08187934238691774,-0.07820233574766533,-0.04750902912984856,0.014100301711566843,0.10736207138288911,-0.0150743791575767,0.25155466528419623,-0.019607185286380613
GCTCCTATCCAAATGC-D2_Stim,-0.015523424725444102,-0.04157074557288887,-0.29916174001071205,0.15220655060016242,-0.13583830956608445,0.17759810644352392,0.30467599299682213,0.052876513585614404
GCTCCTATCGTGGTCG-D2_Stim,0.028397573338828863,0.008834928107880557,0.22088360003968077,0.013029797381122421,0.1606997016778262,-0.02538274361825721,0.0011379025275957133,0.017150140522334212
GCTCTGTGTGCCTGTG-D2_Stim,-0.043927389468189304,-0.012812148781277344,-0.1493681149660322,0.07118807665479032,0.11877857302999928,0.14029453761158273,0.25994569432862047,0.05856904495051651
GCTGCAGCACGACTCG-D2_Stim,-0.00934186318415442,0.009754097219182967,-0.2747329288693514,0.29516191278585424,-0.16221014581064885,0.22169661636499782,0.7200143504423693,0.13850348869002183
GCTGCAGCAGCGATCC-D2_Stim,-0.0608004882908606,-0.07019086639955674,-0.04359449327823661,-0.043223399693372855,0.16495116745868899,-0.16218165387739703,0.2776465420576102,-5.0098829973421743e-05
GCTGCAGCATACAGCT-D2_Stim,-0.07307515326182745,-0.05704399084993206,-0.18880104145144472,0.0801236969274477,-0.008559502825825405,0.15956846382420053,0.5480613784971773,0.03795429069885259
GCTGCAGCATTCTCAT-D2_Stim,-0.06650168883120067,-0.05103321674303629,-0.11429498956454331,0.015549765757176814,0.1093393677080634,0.05260068161174658,0.37296195630379625,0.00024347471239849483
GCTGCAGGTACTCTCC-D2_Stim,0.08367393661208133,0.023267935556628316,0.2131475173887445,0.03767811300784807,0.3456695447872278,-0.045760220328000756,0.017239650977973753,0.014961128248653921
GCTGCAGTCAACACTG-D2_Stim,-0.09168440879108175,-0.038660301106078876,-0.06931308657917334,0.13316875841972653,0.06931207758180769,0.1472779640790023,0.485761262794945,0.05449879124100576
GCTGCGATCCTGCCAT-D2_Stim,0.14690001243349293,-0.013283591744521317,0.10517104675871547,0.07216692397049229,0.6001189892165968,0.07422483540698366,0.23998270059429672,0.005048761887756825
GCTGCGATCTGTACGA-D2_Stim,-0.09197543407894315,-0.07344424313693487,-0.07703448641605704,-0.019036955436831704,0.03454940700323483,-0.08515589996309458,0.07693298259519388,-0.028534195276186836
GCTGCTTCACCTTGTC-D2_Stim,-0.19775224257924506,-0.07424178516564872,-0.21340959513154978,0.08012962906286347,0.08049231223005648,0.034911111651886984,0.6916010763703557,0.05582935180171944
GCTGCTTGTCAGAAGC-D2_Stim,-0.01530918650628621,0.048410480681257084,0.32741218769092484,-0.0102760828703925,-0.14734047832283537,-0.21539401457064677,-0.08502341080252318,-0.011430807497132989
GCTGGGTGTTGCCTCT-D2_Stim,0.05696869254352599,-0.02084701505236808,0.006884171354679225,0.07722022241059179,0.4154332264123397,0.07441210945605725,0.09714580949893303,0.021217672292612733
GCTGGGTTCAGCCTAA-D2_Stim,-0.16682496624387788,-0.05484397988412759,-0.2457460809637766,0.05934624114031983,0.2221422257906145,-0.002238561639686054,0.7574193490089787,-0.022476216222269585
GCTTCCAAGAGTAAGG-D2_Stim,0.042297684906793975,0.013580830159447999,0.23299754011059548,-0.02766869309755826,0.08890791567091938,-0.1110743499086464,0.016677323581526515,0.039190003376956994
GCTTCCAAGAGTACAT-D2_Stim,-0.15831478033928015,-0.0523515099788483,-0.16217128911432077,0.09632039117660796,0.0532631318935195,-0.04947515921867485,0.758001317319966,0.040885715688515845
GCTTCCACATTATCTC-D2_Stim,0.09269112397766222,0.05938755776793414,0.28951367113844917,-0.003487033442633347,0.20490151660868605,-0.0045619663700868784,0.172985760963841,0.0223833314189541
GCTTCCAGTCAGGACA-D2_Stim,-0.09038813100648468,-0.06624838697240776,-0.04845760707364022,-0.04069754689243332,0.23390559352493945,-0.04580015714143393,0.3379950118937103,-0.03336207102989874
GCTTGAAAGGCTCTTA-D2_Stim,0.01672101986951091,0.10995578101024428,-0.12331698559026982,-0.01088478419245753,0.07220623193373221,0.08019983120570195,-0.3044348649625874,-0.02792214660715331
GCTTGAACATTAGGCT-D2_Stim,0.028886859591541025,-0.03798929079378155,0.042266677066105984,0.03364478025379114,0.32676878505983353,0.004492378935763597,0.1485025498733492,-0.005503177476274601
GCTTGAATCGCCTGTT-D2_Stim,-0.00906146142530595,0.03396185749835645,-0.2709610513817946,0.16546781218604423,-0.02969356376906518,0.20200890011365402,0.2929676157228158,0.10663411557156977
GGAAAGCAGAATGTTG-D2_Stim,-0.09584908730160357,-0.033212141935157646,-0.30225316470312613,0.16495567413480217,-0.057914256011079246,0.1925174452868621,0.44077998622814185,0.06572520752723676
GGAAAGCCAGCCTTGG-D2_Stim,-0.0790593442983134,-0.04274921528543274,-0.036856537830887603,0.002564569501348757,0.07471147209576579,-0.003534186118253402,0.22119781757832158,-0.0052798738226886854
GGAACTTAGACTGGGT-D2_Stim,-0.0982318979033785,-0.06825657980371957,-0.09980469965344518,0.04264921925719101,0.12699067653468177,0.05406281786502021,0.48932290067436757,0.019710779604396933
GGAACTTAGTACACCT-D2_Stim,-0.05882543691583564,-0.020824771506038786,-0.10695165809677931,0.01799112715149853,0.05941290210022743,0.13710804257993914,0.06503169732389669,0.0011164601325699408
GGAACTTCATTTGCTT-D2_Stim,-0.10635737793672995,-0.09604582195212252,-0.33135327598262165,0.11878609273538743,0.06302804514520233,0.26490095744901865,0.5219600193301623,0.0577512683073973
GGACAAGAGCGCCTCA-D2_Stim,-0.04507904731727841,-0.040660263900131,-0.054368771846110775,0.03148367005822017,0.039647915677527124,0.0883686811281752,0.12398897494731642,0.02703377829713638
GGACAAGCATGGTCTA-D2_Stim,-0.06399740279022303,-0.09708605727245434,-0.09629070774144033,0.10546517847623704,0.19100224205702077,0.01476181881449179,0.015241961098823253,0.013447154799312244
GGACAAGGTTGGAGGT-D2_Stim,-0.0738324904402532,-0.056128685072888373,-0.2040114018860706,0.06844335770434995,0.10534110368775096,0.1414274507698412,0.29654718587242,0.04418326465771294
GGACAAGTCGGCCGAT-D2_Stim,-0.13000642355698133,-0.03808249119957985,-0.16546109636311002,0.027124208987965304,0.08854483832726778,0.08975106677676514,0.21862679430313658,0.014122020407951297
GGACAGAAGGGTGTTG-D2_Stim,-0.04548249524153647,0.011730370706304782,0.02853544606204217,0.20145347892183807,0.008294829944338389,0.13844543589246783,0.5072831136163334,0.06692283166337631
GGACAGACAACCGCCA-D2_Stim,-0.10687962851289434,-0.026270230663003602,0.14164328074441457,-0.05952157673011804,0.23859387719621594,-0.16498316887887654,0.04554310240968995,-0.03139988054794962
GGACAGACATCCCATC-D2_Stim,-0.1700076943637736,-0.030746327789971772,-0.1604442018936556,0.04950469211741648,0.08956034873524565,-0.023492306398013696,0.4585879621706326,0.029640346790326788
GGACAGAGTCGGATCC-D2_Stim,-0.035506023804702025,0.0002300902204126487,-0.008379067818021113,-0.026761149199241885,0.12899988782508132,0.03871902113032277,0.06989853162369375,0.02140606067298556
GGACATTAGGATATAC-D2_Stim,-0.049000600100008285,-0.0491191216526925,0.11158113449195284,-0.10392699408823702,0.17554287324029438,-0.15957876357557588,0.1864777438398928,-0.06365930483082671
GGACATTAGGCAGGTT-D2_Stim,-0.1182910185865218,-0.0906598145791655,-0.15549866816092717,0.03040019214077283,0.02155786830773465,0.07424519701548071,0.21572310628965674,0.008501350345683889
GGACATTAGTGTTGAA-D2_Stim,0.06345333499791295,0.007065569628512236,-0.11372273840569491,0.08708754646395533,0.376482406313551,0.21147156625149677,0.20040136250644736,0.010414293324759072
GGACATTCACAAGACG-D2_Stim,-0.055432521638131504,-0.05378017175179828,0.030454785826087516,-0.08408770424068912,0.10370265316839955,-0.08645633704608713,0.15096625508152872,-0.035267586430055786
GGACATTGTACCGTTA-D2_Stim,-0.05893815279004855,-0.009399535015637284,-0.10028447874985424,-0.011671796460678507,0.08289287721698813,0.08058301969644788,0.001269905076748401,-0.015740642422118256
GGACGTCAGCGTCTAT-D2_Stim,-0.12492539042333739,-0.041337816145389894,-0.16503443212408087,0.028846473514642312,0.1047295411946223,0.04943455148247722,0.35600694839059255,0.022795429954804547
GGACGTCAGTACGTTC-D2_Stim,-0.029665307808969033,-0.0764253492432907,-0.008262347028791694,0.07789718079581576,0.2378572550467588,0.06514816658129519,0.0698125728341914,-0.01084659372988206
GGACGTCAGTGCCATT-D2_Stim,-0.08201894273106625,-0.05146570516448712,-0.06493954368161692,0.024871541030691446,0.1487723475399676,-0.08764888954527805,0.4994381213744816,-0.010992148346973707
GGACGTCCACGAGGTA-D2_Stim,-0.11032375045664367,-0.04736418529552289,-0.12651821312038436,0.0819934233021744,-0.09055130658371269,0.18341556720525531,0.5741823132347221,0.020223508885283792
GGAGCAACACCGATAT-D2_Stim,-0.1880039277479355,-0.036284627910927014,-0.2561772037526282,-0.006887720543788944,0.041384271458539956,0.1346829907240572,0.2020234020163345,-0.0019713473145994698
GGAGCAATCGACAGCC-D2_Stim,-0.03749283303683093,-0.07653358842993896,-0.35135025880864923,0.06872146591059902,-0.004692071696775102,0.1748948356668638,0.3144932510064269,0.04117375443026461
GGATGTTAGACACTAA-D2_Stim,-0.0452818956338259,0.016824916936839074,0.1840166117214359,0.06513205435393843,0.3697196368966189,0.05044636972155203,0.037690979714426476,0.03243195810877886
GGATGTTCATGCAATC-D2_Stim,-0.10844188619439343,-0.06999052839592323,-0.12337423907491996,0.07580696963532496,0.13780168983858943,0.12491734253875997,0.48158544823805727,0.047494079454921234
GGCAATTCATTGCGGC-D2_Stim,0.07262902851474529,0.0655486175510358,0.010173003278820758,-0.021023065572800093,0.17048226774037012,0.042778011197976085,-0.20609187965263587,0.002949711578198233
GGCAATTTCGAATCCA-D2_Stim,-0.13702940214072612,-0.07420139248853808,-0.10416845640616579,0.025694400689673103,0.03360571074620111,-0.12473582435988106,0.3291880707038768,-0.006682255287714156
GGCCGATAGACAGGCT-D2_Stim,0.10434686866430987,0.05083200091302409,0.2543511972200623,-0.03711085399664604,0.36380404005614864,-0.05888562201440273,-0.06003166744739019,-0.007123370721441091
GGCCGATAGTCGTTTG-D2_Stim,-0.07219148748917092,-0.09382166592325092,-0.21526740167153235,0.05413226926735781,0.06883931902164342,0.08195780608212111,0.45456924087008055,0.03740103444483367
GGCCGATTCGTACCGG-D2_Stim,-0.10674933776660644,-0.049942124045216474,-0.0795772332198359,0.0188651169190166,0.18468202801408395,-0.11286099641253244,0.4395335257478781,-0.02595043401736774
GGCGACTCACAACGCC-D2_Stim,-0.015174836811318926,0.027560253825228642,-0.364823500516545,0.17457386446372958,-0.0030751643554562946,0.1963822314599195,0.3921718580282967,0.08836640980469035
GGCGACTGTGGCAAAC-D2_Stim,-0.08486779941429745,-0.06236478349024743,-0.22711252290466888,0.0411625223125025,0.055496507841612086,0.11739237266005986,0.2406557540311045,0.02172807460611459
GGCGTGTTCCCTTGCA-D2_Stim,-0.04963913960891375,-0.05515263388802971,-0.0516131594066529,-0.03303293786644268,0.095054783488008,-0.052241386077596985,0.09085625770514927,-0.0189725454355969
GGCTCGAAGCAGATCG-D2_Stim,-0.0025891805733095907,-0.028661989982358804,0.18996581792515244,-0.007171413117887937,0.1345641643019384,0.0013211824798347038,0.4648892100211768,0.01316958972891058
GGCTCGACATAGACTC-D2_Stim,-0.03806496572549278,-0.0989789664444185,-0.14893027399202197,0.10926784526211364,0.34904140838610687,0.20628688053407984,0.5064642322919095,0.06249114964565905
GGCTCGAGTATAATGG-D2_Stim,0.013555764098422074,-0.06873318448816867,-0.11853208774492874,0.10243951958014641,0.07585950508721773,0.14849016006454008,-0.005330548939221913,0.07307660121037607
GGCTGGTGTGCCTGGT-D2_Stim,-0.11512975374020407,-0.04355041083671374,-0.06004831450521664,-0.0005085399000659407,0.15506309634100823,-0.07287071800712752,0.6880723306334602,-0.03461164733558597
GGCTGGTGTTACAGAA-D2_Stim,0.061021377084580664,0.024389205129077496,0.23775257783917958,-0.01355588446238798,0.16342227464580183,0.018052428306681634,-0.049723732852262614,0.05323262813345231
GGCTGGTGTTCCCTTG-D2_Stim,-0.14837615519766878,-0.07146565616221423,-0.21418923211672336,0.11996605108315173,0.10645245548919036,0.09490799293430818,0.6608527723943389,0.06242872409730893
GGGAATGGTCCAGTGC-D2_Stim,-0.025774463065452835,0.03340954201823898,-0.1935591060316657,0.22589804481878062,0.058466146339242187,0.19586065176728162,0.502436279252299,0.14892368998172678
GGGAATGGTGTGACCC-D2_Stim,-0.18666583587082286,-0.06406114419473496,-0.14451634015365133,0.05929919891868529,0.11254142138552936,-0.08092059818566177,0.6159321870539536,0.03860909945412949
GGGAATGTCACATGCA-D2_Stim,0.010956242138080441,0.007963269457430755,-0.009460878217308455,0.13456946499109357,0.1436240929729813,0.0032052531656194816,0.19553176945414563,0.04913971904619885
GGGACCTAGTAACCCT-D2_Stim,-0.0532784913673936,0.013061630044084893,-0.4661571272130036,0.1812024952599458,-0.07214726981949049,0.24089811548839535,0.6187618898272547,0.07007037742958389
GGGACCTAGTGTTTGC-D2_Stim,-0.04526409262058806,0.009074361260500652,0.06648766727768596,-0.002790269527586986,0.08332524532982788,-0.06552253062440627,0.016610302718158998,0.009694805813248664
GGGACCTCACTTACGA-D2_Stim,-0.1479072966010353,-0.05621145299605779,-0.1990932973552706,0.13792578938531896,0.07784213763144088,0.2277716847126996,0.41445582293127536,0.10920246162553049
GGGACCTCATGCAATC-D2_Stim,-0.18535650795651826,-0.07173535202438153,-0.07812005539879685,0.03696431864558036,0.17496539864612792,-0.10726752225389724,0.7689037879438185,-0.019847622367786144
GGGAGATGTATTCTCT-D2_Stim,-0.15199232178948208,-0.12833487139472588,-0.2837346105840872,0.12690699739118827,0.02519127104008234,0.0739695042963806,0.8080648529699204,0.06180643640499284
GGGAGATGTGGTTTCA-D2_Stim,-0.08678804437272625,-0.02514332632502203,-0.07339352831783508,0.03590721767105798,0.08995018377932773,-0.009909295856440181,0.23569578937186098,0.015807915717987342
GGGAGATTCGTAGGTT-D2_Stim,-0.04358882026983402,-0.001261258593025616,-0.12261795677198073,0.05209555443595271,0.0889689078992415,0.11892997497291269,0.14147200038007668,0.034245259979932996
GGGATGACACGAAATA-D2_Stim,-0.014865381065039429,0.016191545976724342,0.10780674252311329,-0.04078787733507383,0.13084667747455825,-0.09316086115372002,-0.09789715463542858,-0.00487766449396787
GGGATGACAGGGTACA-D2_Stim,-0.09980313351938364,-0.05297202206890006,0.01344709479496764,0.000464265780586004,0.033724448764740345,-0.13564871237792886,0.26713842246270936,-0.026910411634252895
GGGATGAGTGCAACTT-D2_Stim,-0.02280677422454147,0.04847355180963753,0.1517027629957033,0.02508689895675964,0.19268963982330511,0.036911155616959235,0.022380650886333342,0.07918356154651462
GGGATGATCCACGACG-D2_Stim,0.0014550285548633468,0.002702691374187438,0.03963649862592167,0.09541117921408215,0.23636612015289593,0.0069774845890364645,0.12229937038482319,0.03298440245138323
GGGATGATCCCTCTTT-D2_Stim,0.01805551675645667,0.0556426546999802,-0.2058660922610418,0.1844081666226849,0.03168795968777616,0.16666052805740073,0.2768856913466191,0.1132272242422534
GGGCACTGTAGCTGCC-D2_Stim,-0.016355668541176982,-0.019635840452835396,-0.7106473816509258,0.19296357809308518,0.06720396894996483,0.361980691346357,0.42266208966431407,0.05646251372821531
GGGCATCGTGGGTATG-D2_Stim,-0.20004721922269297,-0.06378192313531983,0.011424707788458832,-0.02539178346186688,0.17843581450353874,0.04520928270434332,0.42801666723043397,-0.01000781408389173
GGGCATCTCTGCTTGC-D2_Stim,-0.09474893942540596,-0.06514620998844833,-0.2864560036790351,0.05141621154124465,0.06078605245350843,0.181622474932011,0.35132424586302324,0.011049108616221659
GGGTCTGTCCTCCTAG-D2_Stim,0.029963974527172255,0.013332069200982843,0.0548539515906139,0.025883866064097205,0.2078773933691931,0.08400666574805093,0.17737050171368018,0.025588070661294537
GGGTTGCAGTGGGATC-D2_Stim,-0.08143416353319033,-0.07920366953125146,-0.21970329117521104,0.14851467287918396,0.13006375438134654,0.1687213014313631,0.6908453270133457,0.06207544173415691
GGGTTGCGTGAAAGAG-D2_Stim,-0.03969123735057423,-0.06117251984895766,-0.013566929734731836,0.042429732621188876,0.2787423908055455,-0.009150453161460348,0.12802519015676594,-0.00028451258885020536
GGGTTGCTCGAACTGT-D2_Stim,-0.11708195299406476,-0.05716159669140808,-0.15645246571242133,0.06071039019726321,0.11516957705010888,0.026317509660152894,0.33830479252283485,0.057665898631066526
GGTATTGAGATCGGGT-D2_Stim,-0.028409484574988042,0.061176914665194815,0.08805537071492431,0.0045953153784186185,0.12692522647722093,0.06169638532482935,-0.04843938060854924,0.015527073979614059
GGTATTGCACTTCGAA-D2_Stim,-0.05576617945042628,-0.0014523599459987935,0.25658334867249977,-0.06552254798739376,0.2331827773104287,-0.10703168772455207,-0.08622797054838216,-0.013719560574447343
GGTATTGCATTCGACA-D2_Stim,-0.06448143484871416,-0.060927472368975444,-0.09417656485148918,0.1413902828176763,0.09969019112780764,0.13793902503672406,0.45787695929042993,0.07981753509376333
GGTGAAGCAAGTTCTG-D2_Stim,-0.08614659355730936,-0.06242167742064808,-0.28675717279985236,0.06577232966940016,0.07542470886809483,0.23140617615056946,0.32802101882946477,0.043051219200956226
GGTGAAGCAATCGGTT-D2_Stim,-0.000883504478583319,-0.03559654578064553,-0.015342136229595127,0.07599350231745028,0.3099442539007917,0.06702696743577263,0.30097331596888566,0.046545459908939435
GGTGAAGCACCGTTGG-D2_Stim,-0.02284890064373002,0.02811317485367404,0.06425340465737506,-0.012753367986025665,0.12142364008848183,-0.006760532541772335,0.012180801596160862,0.037029711831143786
GGTGAAGCATGCCACG-D2_Stim,-0.05987694543249056,-0.10219962716898934,-0.41376258904257845,0.14051550694954607,0.08356167800855019,0.13292074334732717,0.6943583213160593,0.03717425687212028
GGTGAAGGTCTCCACT-D2_Stim,-0.06884303379517931,-0.031111316713662518,0.008054166066857604,-0.08437639939790742,0.1881012795929049,-0.14930457885881765,0.12019373744170547,-0.03389458158593861
GGTGCGTAGGATGGTC-D2_Stim,-0.10577789686255024,-0.16116361185221173,-0.2932244330533891,0.15602312212520886,0.14080469883709235,0.15792670804078668,1.0049409835730714,0.04119696160486619
GGTGCGTCAATGAAAC-D2_Stim,-0.03858483083003428,-0.033492205598296465,-0.33599319999060917,0.1982967808302547,0.09560427248144521,0.2858478182789632,0.660510497898521,0.10616584611843294
GGTGCGTTCATAAAGG-D2_Stim,-0.09177742263333499,0.027165397967513272,0.2857861625461524,-0.023733084802715965,0.21017640385577785,-0.08253414938602965,-0.009670104381245714,0.017817113154816155
GGTGCGTTCTTGTACT-D2_Stim,-0.10460544490734058,-0.056046163305737196,-0.1096665044539229,0.02661422715967099,0.0865753466666277,0.037803473156513334,0.13685500422295416,0.0036178499829713218
GGTGTTAGTACATGTC-D2_Stim,-0.037716222750619366,-0.016190285811257255,-0.20783162509952469,0.09565901529653686,0.08481865735377525,0.2205452691448997,0.281416193484727,0.06007590395527096
GGTGTTAGTTGAGGTG-D2_Stim,0.017917202921047704,-0.0019901965317661308,0.2618568670921153,0.0335093096360044,0.16247254107561204,-0.03725095532143641,0.5362664272484903,0.03166077429275482
GTAACGTCATGACGGA-D2_Stim,0.017097760733891576,0.004057491481546549,-0.06391859791811427,0.14628658105096903,0.020399955844268902,0.13011441680009206,0.45631504761693087,0.0988319458105611
GTAACGTGTGTCCTCT-D2_Stim,-0.013718465143018221,0.003401007026999636,-0.016409983851572107,0.03249190510853239,0.24791425145812518,0.09599660584471081,0.0732198380910809,0.025243667532361513
GTAACGTTCTTCCTTC-D2_Stim,-0.06449954178572526,-0.03577618557398843,0.029808037528956888,0.017589122325077255,0.12283234145955291,-0.03805908836543992,0.2897373129079224,-0.02812028120509602
GTAACTGAGCTGTTCA-D2_Stim,0.07113137491480437,0.08343535602744012,0.19679465945966435,-0.005421809380449005,0.49505962152576366,0.09593695934038848,-0.08165538869173439,0.05586578116886187
GTACGTAAGTTCGCAT-D2_Stim,0.04186253334922263,-0.0009407446699309929,-0.033969204375014606,0.11400590029011859,0.1344206895528952,0.09934727495535789,0.09638594496545849,0.060917976538901186
GTACTCCAGTGTCCCG-D2_Stim,0.07001566140202442,0.04729117194001908,-0.12111734698554777,0.07821657393883008,-0.06343362414184384,0.03522805230020687,0.10817058133098634,0.02835537517960418
GTACTCCCACCAACCG-D2_Stim,0.06311552429954048,0.05604480078863361,0.29785996454482344,-0.006481579219386191,0.20220419889167118,-0.08471113833618382,-0.013191707434061506,0.017763946059938363
GTACTCCCAGCTGTGC-D2_Stim,0.002385077740715502,-0.00429150937381273,-0.02171265337067929,0.06851158950496661,0.29328994247814677,0.05217852849989413,0.11945876880093209,0.03693262516998175
GTACTCCGTAGTACCT-D2_Stim,0.09539892091987667,0.03078229963383272,0.13496273395482383,0.030963623546176322,0.13942407515641264,-0.005758887553531267,0.005952424409208845,0.016141008601332274
GTAGGCCAGCACCGCT-D2_Stim,-0.04501671533879836,-0.029564299609500466,-0.12427073146941403,0.04492929470051621,0.1604791475800802,0.08079165513147579,0.17516963618508363,0.026034947855023916
GTAGGCCTCGATCCCT-D2_Stim,0.053742152637139995,-0.026798202504366486,-0.16271469047468834,0.24744232361185325,-0.029749789510438163,0.30264876163336396,0.5642747790957339,0.09178786410678974
GTAGTCAAGCAACGGT-D2_Stim,-0.036641582405286144,-0.07350351732227445,-0.0205322272903512,0.030049926833472185,0.3601592049806932,0.05722492537411483,0.23038153064016598,0.002724130160020266
GTAGTCACAAGAGTCG-D2_Stim,0.0032189026482409844,-0.025839520030435992,-0.12010355003915585,0.1392151504691519,0.14852487229532585,0.18943880755882958,0.5735635969116917,0.07996237006929441
GTAGTCATCCGCAAGC-D2_Stim,-0.014650120541935152,-0.013791338530923625,-0.05084445215547362,0.07160879219667393,0.0690994820066404,0.07727992176371856,0.1855962664802746,0.0394195633551746
GTATCTTCAAGAAAGG-D2_Stim,-0.16982437500182712,-0.0421969595503775,-0.13964864603155114,0.1488930218449429,0.2874709287668633,0.12519081750398797,0.8621176203950291,0.074825291415765
GTCAAGTCAAGGCTCC-D2_Stim,0.025052410452110152,0.027956832971472778,0.0635581906811602,0.07317369590162315,-0.2648637538597587,0.04386340208115591,0.16741350136497868,0.040047111050146356
GTCAAGTCACGGTAGA-D2_Stim,-0.09174896401704302,-0.02168577531633531,0.2588303557205194,0.025356255752880585,0.14165262507955134,0.0483581668343227,0.36837300481015234,0.04748655110316413
GTCACAAAGATCACGG-D2_Stim,-0.029180029244805894,0.007185322286131779,0.036114436535632066,0.07714065332315734,0.12450853950093688,0.06489215460966236,0.24054360342391057,0.08264173434005784
GTCACAAAGCGATAGC-D2_Stim,-0.09557281333101741,-0.07716006233732031,-0.2758650965841962,0.1271319183808508,0.07524864187594993,0.2505194050044377,0.5541479315251934,0.08675533134901059
GTCACAAAGTGGTAGC-D2_Stim,-0.07284648418623618,-0.05392601933412422,-0.022132275517064315,0.008723100374146142,0.1126302387914091,-0.0863933166558688,0.3551339625074821,-0.03393805224314761
GTCACAACAATGAATG-D2_Stim,-0.033068375867609134,-0.03335066230367545,-0.010968113215160002,0.14554584539030024,0.18288361511644524,-0.030811151393656644,0.2944580515153703,0.04166565104167752
GTCACAACAGTCTTCC-D2_Stim,-0.025742654232525197,0.0017311051771056185,-0.3648188555550167,0.2571474616513658,0.015088187585472923,0.2622114014024266,0.8731414892454001,0.10409177358250155
GTCACGGAGCCGGTAA-D2_Stim,0.09631265360427221,0.045100672243698625,0.057643663677268364,0.14110206108620282,-0.004072380515754759,0.17620601417159776,0.1559142682134933,0.07353216126234763
GTCACGGAGCTAGTGG-D2_Stim,-0.06011775062558655,-0.021974712406558794,-0.1272643502561106,0.035718829910795336,-0.02285459944401147,-0.06440132011374722,0.12554136535064941,0.029415639202873933
GTCACGGAGTGCCAGA-D2_Stim,-0.059314303767427745,-0.06435571860445499,0.014502447997630341,0.01024871763148738,0.23188286206642772,0.014128761103012977,-0.11552841207084796,-0.02278649820558698
GTCATTTAGACGCTTT-D2_Stim,0.006500222753254903,0.05195855325128029,0.32811667060761884,0.0008407001537271697,0.24036207949759714,-0.014790689150107283,-0.07227137902258374,0.02141169844272639
GTCATTTAGCCACTAT-D2_Stim,-0.08135566340316558,-0.07159625749070919,-0.023674081570412397,0.023472797906306297,0.032316315984720845,-0.018855880916616385,0.27268438694807173,-0.014594572977575382
GTCATTTAGTTACGGG-D2_Stim,-0.17198853795950875,-0.08736656223651629,-0.20576855251471926,0.021591402285423555,0.07989392437881371,-0.08013323664211569,0.5035642144267216,0.028120991439889664
GTCCTCAAGCTAACTC-D2_Stim,0.022099471818943783,-0.031043220495590162,0.11349812507835644,0.05379360310507053,0.16067739441290918,0.01802817401772039,0.11412475392306032,0.05983328588162529
GTCCTCAAGGAGTTGC-D2_Stim,-0.044679671310854374,-0.032686756310210896,0.027561095679873304,0.07467042378834243,0.10542485738573859,0.002782832536386337,0.6908562218382848,0.07633926819199743
GTCCTCAGTATGAAAC-D2_Stim,-0.05394135774626818,-0.058679992009977866,0.0820693023859107,-0.006358323882816208,0.25920204816454095,-0.03876848158060575,0.6478705272547565,-0.012951987627817019
GTCCTCATCGTTACGA-D2_Stim,0.07522817464723097,0.02320711785819185,-0.1641890591078834,0.02590143723699434,0.13445768670742275,0.0415947500559497,-0.02724242758868911,0.005783453088923807
GTCGGGTCACTTCTGC-D2_Stim,-0.1342513113225383,-0.048413635184688886,-0.10864090393934056,0.06904857348798821,0.18701467275206163,0.20682687787826026,0.559784956723079,0.07832593082376782
GTCGGGTGTGTGACGA-D2_Stim,-0.12377000056440224,-0.04543036211465257,-0.23146690008858606,0.1388211655272258,0.08705514466309694,0.2541555539917191,0.5101704865791694,0.10704272136692339
GTCGTAAAGGTTCCTA-D2_Stim,0.04743810736273524,0.016573914170361803,0.13174629092022272,0.05107737218625985,0.314564887605421,0.0718771862937917,0.035747230916786776,0.026163561055739137
GTCTCGTGTGTAACGG-D2_Stim,-0.01907849799665584,0.01607822112928403,0.09574261310293863,0.1420002013896351,-0.01856655304970367,0.10381638449186958,0.47860139975857585,0.03737575644597335
GTCTTCGAGCTAACAA-D2_Stim,-0.056821002115373886,-0.04968733542039949,0.10230675789175514,-0.035482163870781847,0.19010699898178451,-0.07151000581560929,0.4829752891433188,-0.021790718096101003
GTGAAGGAGACCCACC-D2_Stim,-0.1392203263138292,-0.04975087550275603,0.02913444051436187,-0.014528558681254466,0.08943597941537007,0.017228937468738437,0.2754516559687943,-0.013672657420208623
GTGAAGGAGCGCTCCA-D2_Stim,-0.08715605511407887,-0.041301920667605074,-0.09715623028531883,0.01581917741962613,0.10486907004468371,-0.07196721997502387,0.25883953067144283,0.03165936984739659
GTGAAGGAGCTTATCG-D2_Stim,-0.17030474379387428,-0.055572222598957666,-0.15195681731946387,-0.03406017084391344,0.09260668690573404,0.003645915383792442,0.24969739716421024,-0.011741064606114904
GTGAAGGAGGATGCGT-D2_Stim,-0.047115633329346096,-0.02139287634054554,-0.21327914874984444,0.06190466126997407,0.0657549657439187,0.24821862791176663,0.23007951713358388,0.06202865630688592
GTGAAGGCACGTCAGC-D2_Stim,-0.16341689683483374,-0.06026117858213986,-0.18954218810305878,0.05112474593662064,0.04013876270897576,-0.032112174138561045,0.6179403393078218,0.036335029044671785
GTGAAGGCATATGAGA-D2_Stim,0.07852254712112128,0.010685406090503946,0.07560418699443794,-0.03196760379871577,0.21012596379310544,0.027101582778923827,0.1398334918052626,-0.008314925666377704
GTGAAGGGTTCATGGT-D2_Stim,-0.06889577300053418,-0.06247370812035058,-0.012604452447703807,-0.026040687160126197,0.049159591852887985,-0.05895258036867901,0.18762400714627603,-0.03297806734298625
GTGCAGCTCCTCCTAG-D2_Stim,-0.09021336201051255,-0.059766578340150645,-0.05520938579347057,0.020168943663625427,0.18486222122723994,-0.07079382762256436,0.41083570065163855,-0.005330588661298208
GTGCAGCTCTTACCTA-D2_Stim,0.023473491456334372,-0.014987095981791043,0.03332943303331959,0.10134556845958365,0.13974593451518835,0.004591613533065697,0.20138186463492502,0.027327835213874607
GTGCATAAGGTTACCT-D2_Stim,-0.009657285026493767,0.0035739224011326343,-0.007637314201021539,0.0668286150723354,0.04442491771183832,0.05154614943906566,0.12608416958439772,0.03840005870910623
GTGCATATCAAACCAC-D2_Stim,0.012439812182698518,-0.0559948379168862,-0.0034522186964007773,0.02247927464216204,0.10297857128500532,0.10707361214493183,0.22659404324668309,0.026709054172547653
GTGCGGTTCCCATTAT-D2_Stim,-0.1530275672898913,-0.06637124961859264,-0.04417441746210393,-0.0076271375317436,0.20365881094764937,0.01939248689027373,0.3728235165636091,-0.02647179557929391
GTGCGGTTCTCGGACG-D2_Stim,-0.1078799859519819,0.0230479947606117,-0.07810005761919392,0.07042001988226865,0.17517960847409242,-0.01658680639487109,0.27087948726093636,0.02463645586585983
GTGCTTCGTCCTCCAT-D2_Stim,-0.03596896828699769,0.0397464206304452,0.1490346412848389,-0.0005058913140043586,0.15164187814198193,0.028751995987464696,0.012245451983750932,0.04232943510035625
GTGCTTCTCCAACCAA-D2_Stim,-0.1506026740392734,-0.05449092862014737,-0.18233842409699008,0.07062021491325865,0.08753673546419272,0.13648730691808986,0.265564335547694,0.0497645489063423
GTGGGTCAGATGCCTT-D2_Stim,-0.05120301725163934,0.0034554042932857243,0.1729883020180516,-0.021030378062256716,0.0992453854712032,-0.007608163274351654,0.07223391385457667,0.02184656313076694
GTGGGTCCAACACGCC-D2_Stim,0.0783678748991008,0.05259940857973611,0.08095968095123585,0.09627429472011784,0.2661446569822665,0.06942198623731066,0.16951628656600093,0.051996138897026256
GTGGGTCCAAGCCATT-D2_Stim,-0.2130599567663367,-0.12443971404795917,-0.40598064376824006,0.17818718877265205,0.10303529456257543,0.23098352531656907,0.7587345707387199,0.005931493367279828
GTGGGTCGTACTTCTT-D2_Stim,-0.04828366512900217,0.038928897815260655,0.30981274228697764,-0.011309878973065679,0.1604345107744365,-0.036100215745731745,-0.009155989961484146,0.007718707569562611
GTGTGCGCACGAGGTA-D2_Stim,-0.046066571741558704,-0.042460195268249734,-0.1305750809608046,0.04155295274380144,0.2950611817891211,0.0068761054013251055,0.04098739349457858,-0.011171248018301938
GTGTGCGTCTCTGCTG-D2_Stim,-0.0024908134342087607,-0.0013198576670134798,-0.2070858522174177,0.16592804215422063,0.04954687728489837,0.17826551460963636,0.4722016041211283,0.10809884605956377
GTGTTAGAGATAGGAG-D2_Stim,-0.047859303792021635,-0.013571813021425072,-0.1806978528701606,0.024701113865324587,0.061281344045802655,0.1275240033860765,0.1437011289044987,0.021571968971413114
GTGTTAGCAAGCTGGA-D2_Stim,-0.0010695484853009418,0.036724502495738776,0.11676722886083368,0.06978813244568016,0.3328945785704249,0.12815904628973307,0.08453717357686674,0.05973753007602589
GTGTTAGCAATAGAGT-D2_Stim,-0.02241241463136312,0.005161071263326988,0.08998238226377353,0.00993963969825451,0.17749811963393292,-0.036277615395968965,0.6231480877212849,0.013236846319740536
GTGTTAGCAGAAGCAC-D2_Stim,-0.11168722491109762,-0.007044603014552564,-0.013063012840843768,-0.10111699719797151,0.187354820688169,-0.03998297151410313,-0.017143112344763622,-0.03612483212154416
GTGTTAGTCGAATCCA-D2_Stim,-0.046584223221918464,-0.011753036143526074,0.08630397943723978,0.03839890015945002,0.2302825848103538,0.032539172021692764,0.24608168097541494,0.02959496787771876
GTTAAGCGTGCTGTAT-D2_Stim,-0.09140675825956102,-0.00079574332793797,-0.02098417553978571,0.02795067026853637,0.22436837731871329,0.06779236984985282,0.16651427031238697,0.029718481207108738
GTTAAGCTCTTCGAGA-D2_Stim,-0.1138418522454927,-0.03503420241702848,-0.1943472851706307,0.02544468315461046,0.11169684317309425,-0.024572180468256377,0.486033874309161,-0.0035551924690722103
GTTACAGAGAGTACCG-D2_Stim,-0.022781287178034404,-0.0424952567697332,-0.0017184571840491714,0.049843154407444246,0.07782829275997116,0.055806918842804976,0.3159266809717245,0.031737792527442465
GTTACAGAGGTCATCT-D2_Stim,0.07385637882055995,0.03910439667624743,0.16408079411389132,0.009785363058259833,-0.040608953315469876,-0.037510586443671556,0.05369741644854731,0.030071140349223313
GTTACAGCAATCTACG-D2_Stim,-0.07637813390348036,-0.06794512603590341,-0.2639835807464834,0.1324886803166354,0.040643292956753285,0.29699239675606215,0.6043864115434374,0.0988831111205446
GTTACAGCAGACGCCT-D2_Stim,-0.12007895453341355,-0.07389566222176391,-0.22458625514179964,0.16218566609389917,0.1177474774032099,0.17101592465999893,0.6979104156681402,0.05827356655844973
GTTACAGCATAGACTC-D2_Stim,-0.10765443318638823,-0.03418016343445629,-0.09702813909263241,0.07675821549435291,0.08137153369587757,0.1206667703556743,0.29602767292720333,0.054122637105546545
GTTACAGCATTCTCAT-D2_Stim,-0.09161102266342347,-0.06708032319698809,-0.1259680691461469,-0.07339469618367644,0.0830395732150997,-0.09781921616353806,0.14264282424266472,-0.05381721506331871
GTTACAGTCTATCGCC-D2_Stim,-0.07802140760951914,0.00046101713260249255,-0.13624784662027878,0.015124225377883604,-0.010909246791415583,0.04766915969782559,0.0704880308874749,-6.161641890756187e-05
GTTCATTGTATTCTCT-D2_Stim,-0.08151520906752907,-0.05637892268655342,-0.6178040631560613,0.12374181895164504,-0.10641609252786743,0.333400686972082,0.24684772942479327,0.033654910414306016
GTTCATTTCCGCGGTA-D2_Stim,-0.16994047807739676,-0.0551743166093015,-0.146085895273659,0.06421391484050432,0.07634917413082043,0.0048259167480253495,0.5418185898231762,0.03773361646294937
GTTCATTTCGTTTATC-D2_Stim,-0.0647340856420886,-0.011018183756471345,0.1537381204896171,0.04970141365749825,0.15809215401463383,-0.07474621065550124,0.3460723660860596,0.023086548875351554
GTTCGGGAGAAACGAG-D2_Stim,-0.12395810470227175,-0.07046319687340663,-0.23374917566350994,0.1793667482167649,0.09528200931645969,0.18057010389272676,0.7261091942321158,0.07395480787991815
GTTCGGGAGAGGACGG-D2_Stim,0.09532833101061478,0.025457042342166503,0.3322586341833169,0.008250402827403747,0.14322244102456416,0.1259921125944743,-0.18960493266400213,0.06291597729514109
GTTCGGGGTCTCCCTA-D2_Stim,-0.08564177868241529,-0.05535511074613808,-0.11226006261422405,-0.0057498144214847,0.044450816070764176,0.04432012445098188,0.24372330946637888,0.0064673096096505844
GTTCGGGGTGCGAAAC-D2_Stim,-0.1334956554312523,-0.04872876243826951,-0.18177682741119483,0.04793858999832956,0.07840180719584211,-0.04060439539910021,0.6409832753239701,0.02556830475358396
GTTCGGGTCAAGAAGT-D2_Stim,0.15966351049038963,0.05619424458216038,0.1041182905404705,0.0600344466144751,0.3705902567262367,0.13760950081780976,0.1337025807674337,0.043088276446173523
GTTCTCGAGACTAGGC-D2_Stim,-0.02927718683464775,-0.03655521001562789,0.047055414957480224,-0.05523375686773946,0.14429968864623177,-0.08392509572023599,0.20770492204402302,-0.030560219733338556
GTTCTCGAGTGCCAGA-D2_Stim,-0.050047083838391515,-0.030460277952940373,-0.15893959926019363,0.07064950908853618,0.048417967122896144,0.2212178512827805,0.2482782848220415,0.05130572961168944
GTTCTCGAGTGTCTCA-D2_Stim,-0.10725242582071637,-0.05812129628356644,-0.07045782804932976,0.04095468940803215,0.020190816911693332,-0.12265297209625103,0.2598584075596735,-0.011233958123723298
GTTCTCGGTAACGCGA-D2_Stim,-0.03664905708984456,-0.05859414044384614,-0.22037352027745882,0.07815659921740625,0.11727477541879416,0.19957392355168757,0.2912606740262982,0.042013101126833874
GTTCTCGGTAGGAGTC-D2_Stim,-0.01434979558829319,0.03913600470203171,0.005104148041500167,0.008737843504549758,0.16437401020176878,0.09979520418919918,0.0037834145957553744,0.025566505515573823
GTTCTCGTCACCCGAG-D2_Stim,-0.04474525345557545,-0.02415362916327979,0.11640996477998655,-0.034867466648941914,0.1874007789405816,0.022873956093320658,0.1440114220197426,0.009615100192009507
TAAACCGCAGTTTACG-D2_Stim,0.055616585016920794,0.018615588351073242,0.08446697335456399,0.028611828563924746,-0.024607127461562683,-0.033116239538315995,0.016185458841673217,0.022460237614897238
TAAACCGGTGACGCCT-D2_Stim,0.09553750829215346,0.03674720555483901,0.14959525980881772,0.04067420460993176,-0.05733910264508246,-0.0562278151445863,0.010810440349820816,0.029487638980407738
TAAACCGTCAGTTTGG-D2_Stim,-0.04055865629794653,-0.04750318422305888,-0.3998882235816037,0.27474618379974025,-0.15313984531579017,0.3414745579614813,0.7892886750214139,0.08928680546867085
TAAGAGACAACTGCTA-D2_Stim,0.09316373067712114,0.010530409838111154,0.013390115798056712,0.027977934497792845,-0.05865158482073518,0.07837589747216178,0.010935858240421759,0.017824064251636074
TAAGAGACAGCTCCGA-D2_Stim,-0.12180711785814147,-0.043405084659429605,-0.3536581520610067,0.1939353654798861,0.005946239063296943,0.26885169717795065,0.5257200280234837,0.06011291936868801
TAAGAGACATCACGAT-D2_Stim,-0.09852264258331367,-0.11389120429691069,-0.19180868963013964,0.1072208327858668,0.09978426861656153,0.10932752171215299,0.6035889510856016,0.008510810662661683
TAAGAGAGTAGAGGAA-D2_Stim,-0.04372400496088957,-0.06664203451157213,-0.38568188133637626,0.2534831090075187,-0.09816850815472655,0.31500571561258894,0.6823982796251986,0.06790884150434806
TAAGAGATCCAAGTAC-D2_Stim,-0.05979507103344339,-0.13968717933888364,-0.5205226317585989,0.15121265077804935,-0.007563413635883975,0.3669863771395505,0.6916179006086827,0.05323743071199871
TAAGAGATCTGGGCCA-D2_Stim,-0.043836871501943264,-0.01231806883645703,-0.18484531937155957,0.10149997498008645,-0.12012651792034035,0.07541920007011882,0.5806673925719172,0.02297446211090204
TAAGAGATCTTGTATC-D2_Stim,-0.06431892956233654,-0.04797780309388777,-0.08665467854089925,0.018308394751613832,0.06253333549632778,0.10469157851031952,0.292828631219626,0.02947659697573002
TAAGCGTAGTGCGATG-D2_Stim,0.04417444099193624,-0.005676073296626782,-0.05225902628176815,0.06623177822345028,0.021921723202442678,0.1460644834795346,0.10596400498392633,0.09424893594753847
TAAGCGTCACAGACAG-D2_Stim,-0.04911372047956064,-0.028618593496101852,-0.1958282064973904,0.09115842439792488,0.13353830859116123,0.2602563043517101,0.42045192786565355,0.05320370538660413
TAAGCGTCATAACCTG-D2_Stim,-0.06412059971941098,-0.03742278506930319,-0.2134261041987786,0.1634840878406063,0.018842291715104764,0.1632382114112314,0.5595215966561913,0.10199972294470427
TAAGCGTTCACGCGGT-D2_Stim,-0.09552498186656955,-0.01019989575275737,0.13472384324578712,0.06691715895100536,-0.14437075708570113,0.05896066074283901,0.4488186555792337,0.010888200343417864
TAAGTGCAGGTGTGGT-D2_Stim,-0.004087904693770739,0.12133014649641893,0.27916592307020416,-0.05786049199354082,0.44044728375360975,0.010134341754632459,-0.41122110079486873,0.009309733204922566
TAAGTGCCATGGTCTA-D2_Stim,-0.06929361691565994,-0.07170559437074076,-0.15554693339828773,0.0013816423204762174,0.10839322548250507,0.05869990254890389,0.3256571698693236,0.015850680285739216
TACACGAAGAAGGACA-D2_Stim,-0.12898010351493205,-0.08843608750646581,-0.2664081728504968,0.1325344213426245,-0.04474491862922214,0.25312505928829765,0.586641648683706,0.0389820311219502
TACACGAAGCGAGAAA-D2_Stim,-0.04582835059225587,0.018708742988545524,-0.008391921225619825,-0.0036357029501239424,0.3827474863814899,0.0894218675934777,0.04525507771140003,0.016416321745705176
TACACGAGTATGGTTC-D2_Stim,-0.18108608549661476,-0.07827645889935653,-0.16194057406112528,0.08134819821298578,0.12427303035860326,0.08005149202532458,0.6573050447716948,0.03874358048147997
TACACGAGTGTTTGTG-D2_Stim,-0.03149638701918711,-0.04236644848941573,0.0741284470311463,-0.0010269382908720814,0.19817600426617865,0.00970714786538096,0.6336069723118918,0.016118445828331218
TACACGATCAAACCAC-D2_Stim,-0.06998593436416556,-0.04015227732023874,-0.04002179276137241,0.10773477568265832,-0.13010005281987524,0.12990991334960356,0.6152789925053099,0.030510173731698842
TACACGATCACAATGC-D2_Stim,-0.06706478023389018,-0.011270326674903686,-0.2134443856854844,0.11743594844758398,-0.04027666633920113,0.19890100986171078,0.23101643438384833,0.07984834303796084
TACACGATCACCAGGC-D2_Stim,-0.09901404339813169,-0.017427373229471854,-0.0344797001021373,0.01383545215166393,0.055253404307761045,0.02379865354102506,0.2351447456055844,0.04321408758424461
TACACGATCACGCATA-D2_Stim,-0.04124416158090938,-0.016737977981405194,-0.007698343220276627,0.05310521203253593,0.11209050295830991,0.11982004252913114,0.44948407346179664,0.07677029937710955
TACAGTGGTCGAGATG-D2_Stim,-0.12255197068225776,-0.13567363156349188,-0.3822941478760207,0.13345906672604713,-0.10501932905264866,0.23323819167334747,0.33534424631809756,0.017675231496337318
TACAGTGGTGTGCGTC-D2_Stim,0.019852695039064727,0.02646183105872879,-0.1684370726637745,0.2025951730024591,-0.04330076343900302,0.26611943082409795,0.5384276934876713,0.11222775654196937
TACCTATCATTCACTT-D2_Stim,0.06527713783837541,-0.010813161520630388,0.03272996391581451,-0.05973987225661226,0.1892580401433186,0.0657472377656525,0.07188872230123966,0.0035349514765972145
TACCTATGTCCGCTGA-D2_Stim,-0.0050040175687176,0.03320526001931334,-0.24484661662859075,0.050470997245820826,0.04849504476255362,0.13526165279312252,0.173477415595368,0.019928875037367177
TACCTATGTTAAGACA-D2_Stim,0.044621317953565054,0.03577466853008282,0.19067341941396698,0.03221953313192216,0.16951757664721967,0.047261440319418924,-0.07564489958623621,0.04858065464794592
TACCTATTCGTGGACC-D2_Stim,0.05524973259890231,0.02011094351306042,0.27462811355106354,-0.022610496746665376,0.04669574075242089,-0.11971584472633445,-0.04400156415778511,-0.01235404656424599
TACCTTAAGAAGGGTA-D2_Stim,-0.050950550219099,-0.028986139114724807,-0.37869202998989593,0.10272737196012471,-0.052520209926731454,0.20469634832950057,0.11792065988888112,0.029115265198594642
TACGGATCATGAAGTA-D2_Stim,0.05339749985365927,-0.018976019269322464,0.19564580130885112,-0.07356343537169785,0.23026718585069794,-0.004113100631489175,0.010942457255413984,-0.019652621138808612
TACGGATTCGAATGCT-D2_Stim,0.08999438686611505,0.01273907892301196,0.024861239746064356,0.045811177629465405,0.3806754441902278,0.094994330756494,0.1214646421213672,-0.01960747642208105
TACGGGCAGAACAACT-D2_Stim,-0.004052857410826505,-0.00811005510913354,-0.26648717796149946,0.22430920341160387,-0.10493503292406636,0.27496912081310043,0.663907736868909,0.15372118303251625
TACGGGCAGCTCTCGG-D2_Stim,-0.06045127804609862,0.0033925075232463797,0.24927453935518962,-0.02751149663056296,0.16619939472339418,-0.04075876334299089,-0.10245464086471756,0.009403266546781808
TACGGGCTCATAAAGG-D2_Stim,-0.21391711314687,-0.06767461064840674,-0.11660577688087859,0.026490163173439996,0.16881634187829953,-0.13825600145731265,0.9934393836508484,-0.0219726230518571
TACGGTAAGGGTGTGT-D2_Stim,-0.0967159765562684,-0.06198315451169556,-0.29639875437985097,0.06708387154637308,0.13836609381518095,0.1341271979681995,0.5638471385784989,0.02309418760624027
TACGGTATCTCGATGA-D2_Stim,-0.0339838083837698,-0.027766353957176193,-0.018504193398821478,0.05105172261857227,0.08112154569444918,0.06231395188477862,0.27690400652783964,0.0693720907591917
TACTCATCATGTCTCC-D2_Stim,-0.02839060080613187,-0.04498294143419912,-0.004083626184632649,0.05287552028744358,0.29257956643566274,-0.039288864938720636,0.0886955047443223,-0.016608779014831043
TACTCATGTCTAAAGA-D2_Stim,-0.0380025869146543,-0.001722958831377852,0.001747607039060739,0.050402392636542004,0.0631062823480999,0.1419783537782866,0.1970593859854537,0.052303482325068984
TACTCATGTGAACCTT-D2_Stim,-0.08480290222708398,-0.043951121246903924,-0.01754875818170909,0.057603092681405954,0.11876314811484079,-0.12916605134563675,0.519118554774245,0.012272377343350627
TACTCATGTGACAAAT-D2_Stim,-0.10478372919335044,-0.09339512485673751,-0.2597549112419868,0.06650838942951154,-0.0775058608852337,0.10690503205182189,0.48142598604288445,0.03458078899078032
TACTCATTCCAAACTG-D2_Stim,0.022846278972428635,0.026131950397749293,0.14106033410207885,-0.03984438331559659,0.03189764990696986,-0.07736919445089008,-0.011926860535155903,0.04102532945949555
TACTCGCCAGACAAAT-D2_Stim,-0.04865609566679474,-0.08708414826848632,-0.028662047078396924,0.041516607449747056,0.23597849723292796,-0.0034726134461209313,0.2407268906213922,-0.018940650231053624
TACTCGCCATAAAGGT-D2_Stim,0.09130466675460625,0.034214174266155695,0.126854380512051,0.04734718252813863,0.3669489119943776,0.028037384371927487,0.17174120555625905,0.012092424150036862
TACTCGCGTCGGCACT-D2_Stim,-0.17769446200236416,-0.03498003179432452,-0.23594791327294473,0.08118648272536078,-0.007102047771040176,-0.03742875148343039,0.6229663005209556,0.03140558176100683
TACTCGCGTGACGGTA-D2_Stim,-0.05803603951411951,-0.04234494925376886,-0.023289025566436194,0.0044389007619329846,0.12463886953824499,0.06767263302749704,0.14122492031254996,0.004074755473341796
TACTTACAGTATTGGA-D2_Stim,-0.11751349200549299,-0.052951661843760434,-0.07713386996884886,0.02063209844215308,0.12383227515017126,-0.16243140661964262,0.7603716756062049,0.0013401747833921007
TACTTACCAGACGTAG-D2_Stim,0.01385243354793353,-0.036438552914544786,0.05160197164046387,0.039601605478374324,-0.009923083894793905,-0.03136861226087717,0.1525520611287039,-0.0072226920148992235
TACTTACTCGAACGGA-D2_Stim,-0.0650149942875693,0.03589879262318618,0.09134858797605894,0.04357635989916986,0.19922374128185716,0.0877129406881263,0.423882063775773,0.035320142193587145
TACTTGTAGCATGGCA-D2_Stim,-0.002076997838537764,-0.010788837462946788,-0.03431503173456374,0.09751068975401544,0.10005866951459197,0.06845043654808514,0.1406675394429211,0.07195994145247298
TACTTGTTCATCACCC-D2_Stim,-0.09392048883454862,-0.0333156010913882,-0.0024762908004412054,-0.00013234850460897007,0.09141132246985606,0.0701438455850667,0.08170543202113656,-0.00026851786855353055
TACTTGTTCGTGTAGT-D2_Stim,-0.10858802406570156,-0.05253193443737558,-0.35220546202604464,0.1485611598201224,0.0873777517057217,0.15561182637456028,0.4730926430505846,0.09748783580121767
TAGACCACATATACGC-D2_Stim,-0.122795031780365,-0.04866881145464852,-0.09448550646575526,0.003127828573836311,0.04286504912216138,-0.06000383388472841,0.2950361726758466,-0.00991495568140266
TAGACCACATGTCCTC-D2_Stim,-0.13157203092910308,-0.08047012858807356,-0.23376287454612665,0.04614887778621757,0.08374537619099875,0.12432368827168183,0.4505923781363581,0.0357186958862421
TAGACCAGTGGACGAT-D2_Stim,0.01278304342489811,-0.00046429921403579044,0.03357980143472883,0.03317957666467386,0.1726524463145065,0.016792809611008153,0.20048067973233685,0.039608716499508034
TAGAGCTCAGCCAGAA-D2_Stim,-0.15344736291907424,-0.03981717409492802,-0.10328165358154884,0.021914580381990234,0.17759469948019024,-0.11280512123807362,0.897603954516704,-0.018229165879329656
TAGAGCTTCCCGGATG-D2_Stim,-0.05969985426609803,-0.014728403941363766,-0.3945967637054295,0.2163648918059824,-0.05761513809855501,0.251677331501444,0.7858003200668051,0.08766274934020402
TAGCCGGAGATCCCAT-D2_Stim,-0.0020109716557019652,0.034611144295512375,-0.24565557280709172,0.15592655906932507,-0.10114562519773429,0.19925752636674865,0.21799592684918245,0.11049170294352173
TAGCCGGCAGGTCGTC-D2_Stim,-0.04857596094177552,-0.06324250785148955,-0.10945422147165473,-0.029349428965256052,0.24309622136386366,0.07120587195521644,0.030185926063109214,-0.019949319595925274
TAGCCGGTCGCTAGCG-D2_Stim,0.013159760061366654,0.025006640025273086,0.05998061031860136,0.05521930785987372,0.21350565043860925,0.03162015277840169,-0.01210177801039336,0.039216430300880845
TAGGCATAGGCAGGTT-D2_Stim,-0.04237986222932477,-0.08829267778321359,-0.20012372354499952,0.1567648799880068,0.029986195761285472,0.19675676113554275,0.7604561965729406,0.057003729074313725
TAGGCATGTGTGCCTG-D2_Stim,0.07539449446433011,0.058579183874888585,0.07548357703076469,0.006237082494529034,0.32252555585614395,0.04686488420235513,-0.18285942502034658,0.03927542393458694
TAGGCATTCGGCGCAT-D2_Stim,-0.019182507167807117,0.024703773911335603,0.143522098071438,0.05049210238115798,0.11389274067936839,-0.012634571783710413,0.08897056741845955,0.06835386229203166
TAGTGGTGTAAATACG-D2_Stim,-0.057938863372697824,-0.010592853939838776,-0.3272943790398024,0.23295862478680185,0.137424169943845,0.24531098327423528,0.7220471178781249,0.1391890629096988
TAGTGGTGTCGTCTTC-D2_Stim,-0.11823365582347556,-0.08536790141350181,-0.13875655449886004,0.01553160912054885,0.03255371782075578,0.0085244252883232,0.4012823250127022,0.005406301006726011
TAGTTGGCAGGCTCAC-D2_Stim,0.06833437147305155,0.0153422361588742,0.07186146699059215,0.05215867261369134,-0.03662445905325029,0.03979470545374397,0.06761552289188622,0.03108619079190511
TAGTTGGTCGGCTACG-D2_Stim,-0.007399507530768901,0.02995366572159064,-0.2756935706845187,0.14661048426978596,-0.01696121713566967,0.18606357239740134,0.25519380706714223,0.1165043301728268
TATCAGGCATCACCCT-D2_Stim,-0.059371127990875294,-0.022503217616256066,-0.1731555627047623,0.031208922672394834,0.0909458835330792,0.07982046567594736,0.173426200482524,0.027100946165639073
TATCTCAAGCACCGCT-D2_Stim,0.0006699740150128974,-0.02625297677825067,-0.3403464722248817,0.2495590869821065,0.025388351910708096,0.32396644214216685,0.8047510698250591,0.12347900195914185
TATCTCACACTTCTGC-D2_Stim,-0.006183655822701084,-0.03800395447332505,0.25023204370098107,0.05451558983302007,0.17368254848909004,-0.049144993579892216,0.4183226793093082,0.0344437850071273
TATGCCCAGATATACG-D2_Stim,-0.06863318973041466,-0.0024919151265532236,-0.1453014007757627,0.1686901031457122,-0.12249666282427718,0.1764043634787864,0.7267764007234376,0.07958718751644334
TATGCCCCAATGTAAG-D2_Stim,0.06704024435846989,0.0006374546315708329,0.08495651719366215,0.05765137139425214,0.431124698512102,-0.008706843854369595,0.15019218452576766,-0.014222652550458292
TATGCCCGTCGCGAAA-D2_Stim,0.0378028560796988,0.0493180986165509,0.25136501498323316,-0.00968121368591568,0.26625420321317605,0.005491136272253172,0.0605994533528218,0.05001381125079973
TATGCCCGTGCTCTTC-D2_Stim,0.05897411200416869,0.02308011435048485,0.046458610818917556,0.09646120705258099,0.2308006392744364,0.09145009037019669,0.2141879391852335,0.04964332041952346
TATTACCGTACGCACC-D2_Stim,-0.08392873790224442,-0.06185881898610823,0.04603345843845119,-0.02667835399544849,0.252259646143548,-0.09206143638909836,0.23244573732087304,-0.016048059655288327
TATTACCGTCCGAATT-D2_Stim,-0.04770293974127071,0.016156835506714984,0.282718687713432,0.004358878400996247,0.17422119719513063,-0.01583292296423977,0.0884805612415196,0.024734515677531377
TATTACCGTGTTGGGA-D2_Stim,-0.08734030382765923,-0.050387784508442834,-0.038645538420698955,0.06781708935928776,0.20438736001032254,0.00035043314992044827,0.6915430706627905,-0.007503686931736198
TATTACCGTTGGTGGA-D2_Stim,0.018474425118354176,0.0003086627076775983,-0.026757251662711923,0.03428267284495057,0.06416197416626446,0.10460125678061871,0.1908859639583973,0.05743379350568034
TCAACGAAGAAACCAT-D2_Stim,-0.04837370036364952,0.01619131411091601,-0.4011652757583857,0.22537548353417058,-0.11869137026416254,0.21984069705598763,0.5993394368966385,0.13437214734542735
TCAACGAAGCGTGAAC-D2_Stim,-0.0008609461858029022,-0.0014438829570977418,0.014328495566200417,0.11071797992920551,-0.00036220026624711466,0.10498561656939565,0.4572439747675201,0.07718063686598597
TCAACGAAGGTGCTAG-D2_Stim,0.013890444809810276,0.012076979959067202,0.023682483400837562,0.009241185425985066,0.2134397325256252,-0.027765649160553352,0.07746109379640131,-0.014959310694282024
TCAATCTCAGACACTT-D2_Stim,-0.29430114844478084,-0.06018430891639959,-0.38042193338543484,0.16997251081399511,-0.11068347437937476,-0.05487697143022352,1.1356323989168384,0.06658305482272908
TCACAAGAGACCTTTG-D2_Stim,-0.12277237314330414,-0.07615645801674731,-0.05837891892301528,-0.043126210487866246,0.03487216615738298,-0.07253117457019442,0.31996012885570835,-0.013622522195118947
TCACAAGAGGGCTTGA-D2_Stim,-0.07903459589883433,-0.06852675476688574,-0.06004473993848691,-0.006042615707224641,0.10608372041161296,-0.02654800325218787,0.22825030710236582,-0.014869064391850983
TCACAAGCAGATCTGT-D2_Stim,0.09934478445861394,0.04982004126529205,0.24856367767347187,0.018551350767911146,0.29473414235513573,-0.06795403460876237,-0.011872479123926638,-0.014180290192848943
TCACAAGCATTTGCCC-D2_Stim,-0.14698252138135715,-0.09563474137338623,-0.30029990411990326,0.1546225616342216,0.18087749501634853,0.16400587829491187,0.7205856972932061,0.03769787144817549
TCACGAAAGTAGTGCG-D2_Stim,-0.06329647582932374,-0.04424648931305519,-0.3174903895445773,0.1385044453138331,0.029656635505842743,0.18810054672323417,0.7728102495619016,0.06966495071086243
TCACGAACACCAACCG-D2_Stim,0.056132491820516606,0.025633410463404616,0.15050787512434916,0.04350875904210305,-0.011889249682960568,-0.061044618731715516,0.04202307863507926,0.016966766640821973
TCACGAATCGCTTGTC-D2_Stim,-0.11945782748312617,-0.06085218507234735,-0.09544339901602061,0.06163639181906433,0.09129962087310872,-0.07772084302400195,0.38282665026919993,0.014266938896859926
TCAGATGCAAAGCGGT-D2_Stim,-0.06275695666806591,-0.07681450555026714,-0.24556822268545808,0.07253766546838136,0.11161766495025383,0.19376639548524288,0.35971783100935806,0.028096704315808907
TCAGCAACAAGCGAGT-D2_Stim,-0.0795001283709329,-0.03556814921788032,-0.18873099024868623,0.09571056730948158,-0.10310556630808243,0.1462845711153946,0.20100220965632065,0.016671731564468217
TCAGCAACAAGGACTG-D2_Stim,-0.04703286955559527,-0.10256954987193545,-0.1673329557974803,0.06651673162200211,0.02105095381069333,0.1010978114889376,0.2730437594021655,-0.001626243936092564
TCAGCAACAGGTCCAC-D2_Stim,-0.017091180433260078,0.028594346710361762,0.10576143136237626,-0.028313416175709705,0.19093187598884143,-0.06450271770784255,0.09979978010598689,0.026971329728345594
TCAGCAAGTTAAAGAC-D2_Stim,-0.18901060511209877,-0.029910987095245645,-0.18174458963062534,0.05167532848179768,0.06337400382238556,-0.06612837461339538,0.5994778154270364,0.03261542334097278
TCAGCAATCTCCAGGG-D2_Stim,-0.11969460632452389,-0.015345191099751077,0.09615142340698135,-0.009846725917268984,0.13486660618078083,-0.021113532416201508,0.1221380715978233,0.007263234181500877
TCAGCTCCACGAGAGT-D2_Stim,-0.0988509850959467,-0.1027224181824753,-0.20656728674803482,0.046553080483464626,0.26352232137947595,0.02567519595072021,0.22746365867377705,-0.007177804862779524
TCAGCTCGTCACTTCC-D2_Stim,0.020185401598558528,0.040526110268375604,0.005182576640146763,0.04181095850231564,0.10757459666044156,0.10288549831834892,0.0982639668386831,0.043091040052530616
TCAGCTCTCCTATGTT-D2_Stim,-0.12920804557914956,-0.09691926528750905,-0.2215517472859272,0.12707260938634768,0.1197632099593946,0.1501254168100168,0.5212867074393621,0.038953591033278556
TCAGCTCTCGCCTGAG-D2_Stim,-0.0683695084898055,-0.02704964237411822,-0.12187682129463706,0.07746097081527381,0.07591322593157734,-0.005307342788528402,0.5647456039859993,0.04622175675276452
TCAGGATAGCCCGAAA-D2_Stim,-0.04948982458848761,-0.02401122720088189,-0.17555940615207,0.14110035946944066,-0.1760066846698365,0.23587793507667776,0.4829445185022285,0.028492903273715342
TCAGGATTCTGCGACG-D2_Stim,-0.15512578173296632,-0.033694499172183257,-0.28559486991996774,0.04985419187555351,0.01381764487379833,-0.06578624741083416,0.5789298746521201,-0.00041162122965587855
TCAGGTAAGGACAGAA-D2_Stim,0.09751028153603514,0.06822737099410858,0.35994616372103216,-0.01917414127482786,0.23353790687111697,-0.1010320435437233,-0.0744901833701519,0.03961798571942943
TCAGGTAAGTGGTAAT-D2_Stim,-0.055458375885351074,-0.08334787692733592,0.0451649275595436,0.03233634993326007,0.19487027684796487,0.06326804393675545,0.3964738496567124,0.04903346117419538
TCATTTGAGCTGCGAA-D2_Stim,0.08890717754100308,0.028073589055132686,0.10268451245545407,0.058991520170675216,0.07627724202882114,0.07640150154982273,0.11204064787132584,0.04388522297633024
TCCACACTCGTTACGA-D2_Stim,-0.1532531855127921,-0.079084828517205,-0.23721513281853746,0.027088234985654935,0.04299474522326108,0.10394916075923355,0.391938601825613,0.0385263961048139
TCCCGATCAACTGCTA-D2_Stim,0.028058334903864335,0.006783376967465671,0.019274159446172945,0.04698900741911238,0.330273704134326,0.050598242590950804,0.06443434807291482,0.028397504453488764
TCGAGGCCATCCTTGC-D2_Stim,-0.005793414570756994,0.007894473922091194,0.0567031712767303,-0.004236154615986365,0.10930595831868573,-0.03224492909916421,0.03412320136848823,-0.009164999563346043
TCGAGGCGTCCCTTGT-D2_Stim,-0.07220474203897531,-0.012870537741710208,-0.1353186770153254,0.09724546649968069,-0.023848582043877187,0.06264039754325701,0.17913274112636302,0.04804950659721641
TCGAGGCGTGTTGGGA-D2_Stim,-0.07093181713895369,0.0011719243654759737,-0.09455174851229664,0.06362952319441639,0.20589590423067783,0.18671033769183865,0.13634903290110323,0.05300092706487014
TCGAGGCTCGCACTCT-D2_Stim,-0.13307791656482948,-0.06789065567089736,-0.2701000594796863,0.08484841316330005,0.07127266653029096,0.2650945404288816,0.4927354777516486,0.055340555223470034
TCGCGAGCAGAAGCAC-D2_Stim,0.03256213564678667,-0.007008701568267384,0.07984401351074144,0.042403517316502715,0.29196730383177716,0.01158597517013682,0.14917406279229795,-0.0002673736750526956
TCGCGAGGTTGATTGC-D2_Stim,-0.06638626806503645,-0.05961628451878198,-0.11439150504412332,0.052747151113848645,0.08825364750302533,0.09155293784591834,0.17368989315962757,0.03622524466828736
TCGCGAGTCCCACTTG-D2_Stim,-0.10511415979344996,-0.07554188636223813,-0.1612761182730189,0.04358379318293082,0.033275985464777946,0.06378606463234959,0.1739082988418268,0.019165061500912017
TCGCGTTAGGTGTGGT-D2_Stim,0.06488997770089,-0.04695617441525357,-0.08253996072529723,0.1213695645838424,0.07399717901320457,0.1400336993726672,0.4872025556796693,0.07740677442845723
TCGCGTTGTATAATGG-D2_Stim,-0.12373586124753722,-0.02016799776398237,-0.030129495541750373,0.15469716906302722,0.3367593503536579,0.13785485882823068,0.7809751730486951,0.08890813744621617
TCGCGTTTCATCGCTC-D2_Stim,-0.08046574505743997,-0.03245472116118897,-0.12067038395411167,0.08700385093545471,0.10906553129161622,0.09889837460589845,0.21095774362542574,0.06062649251795449
TCGGGACAGTTGTCGT-D2_Stim,-0.054536842928936125,-0.06184893060121688,0.03538129200986262,-0.05653065591329032,0.21140896999755832,-0.1335323633073866,0.4813058252701161,-0.054187937592761415
TCGGGACTCGTGGGAA-D2_Stim,-0.055912196368264944,-0.04357601154676338,0.07352990527163072,0.047546896976077946,0.2944613158207492,0.0041501159850039215,0.24566560389985526,0.019295158964739656
TCGGTAACATCCCATC-D2_Stim,-0.08331052339408807,-0.05923973125145743,-0.1414716220249268,0.06221015136007502,0.05295021230129393,0.12939314889861464,0.3401272411844021,0.03439664614528404
TCGGTAAGTACATGTC-D2_Stim,-0.09216103948865673,-0.05541996772878477,-0.00578495721588812,0.024128708003470223,0.05919637387461307,-0.11756463089537128,0.3965115301611366,-0.004249424883195019
TCGTACCAGCTGCAAG-D2_Stim,-0.06731454065815257,-0.0370939221056652,-0.3079032908622601,0.14718942317183092,-0.007236586074796492,0.18730421576949396,0.7014765879264271,0.05953421556130145
TCGTACCCACAAGACG-D2_Stim,-0.1690358315647007,-0.07522995635705954,-0.33392037305308797,0.2123995320692007,-0.13692171163853217,0.26992013775304713,0.6731769032080512,0.06002894448143259
TCGTACCCAGGAATGC-D2_Stim,-0.2700415395849127,-0.07114936379026737,-0.18877093001098633,0.09437462271820252,0.11628510658404778,-0.036987816270006135,0.9622432893345021,0.01077913042867884
TCGTAGAAGACAGACC-D2_Stim,-0.13247410121125824,-0.06654542691203247,-0.0282887170348598,-0.01799079705925699,0.23770306946456188,-0.043237212469870556,0.28998128206463925,-0.017120907614325276
TCGTAGAGTAGAGCTG-D2_Stim,-0.04769689550225564,-0.005336225366074032,0.028024361935555575,0.039124482887567424,0.2182834970746299,-0.008943953198295773,0.09854924885939553,0.0159300686482311
TCTATTGAGCCTATGT-D2_Stim,0.015975854587576777,-0.04938714670131894,0.2985338581607815,-0.09533750784595263,0.4046006654525325,-0.10864174082121814,0.028374279922363854,-0.05336461238142398
TCTATTGAGGGAACGG-D2_Stim,-0.14122531580283493,-0.06993539653849723,-0.07316056825775163,-0.014121076908969243,0.18658111000602773,-0.049438642817580813,0.5203098658216518,-0.0477693732392126
TCTATTGCAAGTACCT-D2_Stim,-0.03355658276804796,-0.006220282116826681,-0.28395557866255494,0.09646359820686179,-0.02721396030022305,0.1504304222899755,0.19458758217950578,0.02536107868999693
TCTATTGGTGGTTTCA-D2_Stim,-0.06790025250368892,-0.13422298325669324,-0.2920178588118194,0.04941956597103925,0.08660792466776712,0.07987092214914604,0.16589564780920796,0.02258315450578685
TCTCATAAGGGTTCCC-D2_Stim,0.13272305188017341,0.08750197516812008,-0.08119018949163426,0.15467852718027508,0.24274944253913766,0.2865819289279816,-0.10117934669163198,0.11441006881709903
TCTCATACAATGAAAC-D2_Stim,-0.08603954872450892,-0.0032202161361567505,0.08851066572476718,-0.009225613403968325,0.18208979495712363,-0.032746023954045356,0.17964134943223797,0.007374248860273269
TCTCATACAGATAATG-D2_Stim,0.019455423352404466,-0.07369096101167827,-0.26673295470256164,0.049985948834438076,0.29406760987623315,0.13694395954823513,0.24613095888354763,0.011889371527715298
TCTCATACATCCCACT-D2_Stim,-0.025360929598740256,-0.010754441868673581,0.04653231340348718,0.09394370044797284,0.12297760060712015,0.03858315403281232,0.042505345640467596,0.022341664452589782
TCTCTAATCACTATTC-D2_Stim,-0.17014175249454055,-0.07742548954487027,-0.08423665531085867,-0.01925851374382148,0.06897716284230881,-0.023679741190404613,0.23296907096186814,-0.042750290381137646
TCTCTAATCGTGGGAA-D2_Stim,-0.057262329039593496,-0.04217001098339068,0.0310253592015286,-0.035474239750227454,0.15180412185467418,0.0576219142594514,0.11265679756774993,-0.015193590250303757
TCTCTAATCTGGCGAC-D2_Stim,-0.022788871513329312,0.055503442713899176,0.3213092881503474,-0.04304658390535998,0.18362666084588675,-0.057862614858539274,-0.10886714050157664,0.014592080414820074
TCTGAGACAGCTGCAC-D2_Stim,-0.060120896206569796,-0.060136756536527614,-0.17505063037677182,0.14504571731333726,-0.004399939203747039,0.2654244258329861,0.47113703732424383,0.0679102319402407
TCTGAGACAGGGAGAG-D2_Stim,0.09166413220598812,0.01636066484615739,0.09621002919942256,0.05294364660036166,0.35739463987864184,0.035090323758121045,0.19145940711625542,0.023765646781217953
TCTGAGACAGTCAGAG-D2_Stim,-0.1157032395220714,-0.017791935587851526,-0.17022129325899016,0.04899076521281387,0.08504528149637203,-0.05524880588120418,0.5846216389060324,0.027046856122741048
TCTGAGAGTTGAGGTG-D2_Stim,-0.14589946119584773,-0.05915945000679379,-0.1931037781990943,0.10752615241780106,0.030775258847642206,-0.10432758760012817,0.723891405009164,0.02030063224492551
TCTGGAACAATCCAAC-D2_Stim,-0.1688068443488575,-0.04221866502919447,-0.14505895046307327,0.06836777011594108,-0.03384109822177983,-0.00048299688525155204,0.5184695851339871,0.012585971460008949
TCTTCGGCACCCATGG-D2_Stim,-0.2584505567290467,-0.0479085999218789,-0.23510432389427027,0.04887228664914822,0.09864915040592415,-0.15551286953127175,0.8826838505709595,0.01700769679371028
TCTTCGGTCTCCCTGA-D2_Stim,0.09366458042326187,0.027573971327484514,0.2133158127564645,0.012095748666272499,0.4287586334899629,0.012198625441911304,-0.11510915615078332,0.002848673424098891
TCTTTCCAGGACGAAA-D2_Stim,0.08267379882170545,0.04405460009707696,0.019102428023334284,0.10247008343417185,-0.04707590092787761,0.08377320578666314,0.15247567042108479,0.07216437472153459
TCTTTCCAGGCAGTCA-D2_Stim,-0.054907204968658974,-0.04357309264355891,-0.027577674338444602,0.08329021105779866,0.10142576727083785,0.02671359011871388,0.2223191899717456,0.0396974049112675
TGAAAGACAGTAAGCG-D2_Stim,0.07852637042982202,0.023319712477333,0.27682968764247917,-0.15736145099388033,0.01249651230649107,-0.185760454969774,-0.1798605801111206,-0.06298253357332229
TGAAAGAGTCAGAAGC-D2_Stim,-0.02851340953981918,-0.013003693909890757,-0.25287085684709076,0.06114492289584206,0.04808471292216154,0.16617278749557052,0.21571352399154975,0.03663625432008466
TGACAACAGCGGCTTC-D2_Stim,-0.028854628868796084,0.01284247257906479,-0.39100923447577607,0.17425082718893314,-0.019489390959554598,0.25545199264551677,0.4652351984511629,0.08278825468639184
TGACAACCATATACCG-D2_Stim,-0.06300644997551252,-0.004652911724074116,-0.3767567604319648,-0.015146747468607558,0.31693683207260115,0.2273784189978798,0.1365930641319819,-0.003030620226750713
TGACAACCATCACCCT-D2_Stim,-0.02574752623423926,-0.001251008314820723,-0.0009534838183560268,0.04265175109342145,0.04876715653126951,0.09251578709180563,0.1978822487264864,0.0875937956428885
TGACAACGTCGACTGC-D2_Stim,0.11536884933360803,0.04510575259513594,0.140668919920663,0.0842499588644241,0.2399624292856668,0.012967826230530832,0.12131128956735893,0.02292581904785962
TGACAACTCACAAACC-D2_Stim,-0.2551605444005691,-0.06524569441174677,-0.1922738614710502,0.09474687251926994,0.14881181813922062,0.0038877524475129377,0.7942720691423091,0.048971317215324106
TGACGGCAGCTCCCAG-D2_Stim,-0.0005502299561861435,0.04665935910987962,-0.0225117992727899,0.11412687510863861,0.05996069685808081,0.0587448029979285,0.1006695294430422,0.08889270540050731
TGACGGCCAGCTGGCT-D2_Stim,-0.05505290725184686,-0.11925866237309712,-0.3878320919422613,0.02238943729050824,0.0014470711975764772,0.06394306478634881,0.2517472424829208,-0.011702671801851139
TGACGGCTCGGCTTGG-D2_Stim,-0.17384803292543793,-0.10911100603449242,-0.06282547115631587,0.14277102743536574,0.10456018326916094,-0.014338160498594377,0.724901921443518,0.06278730203687388
TGACGGCTCTCCGGTT-D2_Stim,-0.08118007990170106,-0.07722831104934613,-0.14098937069158524,0.055104513574903535,0.20566908154084018,0.1212632610676625,0.38350072377864386,0.01795098571406406
TGACTAGTCACCCTCA-D2_Stim,-0.18390628298655898,-0.04894879632743354,-0.12138958575435943,0.13465659673970087,0.1127095116076191,-0.008994410780827522,0.7903348454043133,0.0709403128540611
TGACTTTAGGCTATCT-D2_Stim,0.021266977040710344,-0.019003404899514464,0.15492196865669428,-0.022882556050969782,0.34628762740223173,-0.059477638530239574,0.008696443610830329,-0.02296918364875289
TGACTTTAGTGGTCCC-D2_Stim,-0.14066784732608362,-0.07040131035311781,-0.05335044043341064,-0.06602750990409234,0.13815721956752114,-0.07861089790711695,0.135742548269552,-0.07057903205010874
TGACTTTGTCACAAGG-D2_Stim,-0.16508249844458334,-0.04850754329878626,-0.2050231697653242,0.031340484629044596,0.06290079070591936,0.16035531728708108,0.248001262770857,0.02720532795723507
TGACTTTGTCTCACCT-D2_Stim,-0.09912621147114287,-0.03324714281476382,0.2380157744613456,0.09388974675598227,0.18105308737069947,-0.05758160165208359,0.5367474346825878,0.05360384933008788
TGAGAGGTCACAATGC-D2_Stim,0.1161141778398207,-0.005284147340020695,0.11884041311996718,0.058856411163271005,0.0216228066474784,0.06274483917568219,0.053625830568002186,0.05252450907125095
TGAGCATTCTGGTTCC-D2_Stim,-0.006372962346205213,0.002088611646017924,-0.013023271120718327,0.01875444272027771,0.07141139794152984,-0.004191744004502951,0.061095363967986316,0.02175375379946587
TGAGCCGCACCGGAAA-D2_Stim,-0.08522557370203465,-0.04757659901617117,-0.07976309929765257,0.12422228024648696,-0.09152824657307868,0.1975009388386848,0.6626922880886124,0.042551919839800334
TGAGGGAAGTACGTTC-D2_Stim,-0.18892072903679136,-0.10487655972913323,-0.18759879949417524,0.05526532767546044,0.20853722072952152,0.11004794724184208,0.8331971017110362,0.03455038022717716
TGAGGGACAGGTGCCT-D2_Stim,0.09352112122583911,0.03948861210642285,0.19179614248706756,0.03688824420297365,0.25123739175188575,0.09935946608778146,0.04369313460525248,0.06149718117281111
TGATTTCAGAAAGTGG-D2_Stim,-0.051023949028833115,-0.05547153664504023,-0.15513628662178824,0.07140025500156533,0.2834352425600386,0.05235290458194619,0.20180274704686596,0.001112515748154408
TGATTTCAGGCGTACA-D2_Stim,0.009089628177520126,-0.0036038462419600847,0.12646142930581838,0.03896063750161716,0.023075762792057475,0.030368342507738788,0.19976932712819373,0.03908076061384769
TGCACCTAGGGCATGT-D2_Stim,-0.1241254966183476,-0.14391460629932773,-0.3628719536840901,0.17025028607521975,-0.03067893939749311,0.2790641227583759,0.4684465252755299,0.03136087363713358
TGCACCTCACTAAGTC-D2_Stim,0.008305629165162642,-0.0020449552147105976,0.2647682725404863,-0.034435794855506074,0.34913263307819875,-0.07909846964231981,-0.15450180294370597,-0.010278447600917673
TGCACCTCATCCTAGA-D2_Stim,-0.044841615865916395,-0.0410861586154585,-0.09761054545882075,0.05722278804114822,-0.16680974713928975,0.12197809827144823,0.22826662736701575,-0.0017402747132955199
TGCCAAACAAGAGTCG-D2_Stim,-0.015020855858832505,0.015654360018951152,-0.30919018630697614,0.1902242609959508,-0.025982667049969876,0.25364656668752517,0.5309459560967653,0.1329360840339504
TGCCAAACATTCCTGC-D2_Stim,-0.09243201879628948,-0.049889125234203746,-0.1878754542735166,0.03393005004194016,0.10009479492191886,0.16439056978793332,0.22900563127271756,0.017211018884633944
TGCCAAATCAGTACGT-D2_Stim,-0.00571335250892524,-0.01706672189210856,-0.03705108836339832,0.11457866125332039,0.2078531592249817,0.12240480553611377,0.5530083075241716,0.0815869974910104
TGCCCATAGGTGCAAC-D2_Stim,-0.06723870616267646,-0.07516934604847947,0.0021344488930727934,-0.005310731115610423,0.08267608991491215,-0.11039721516988799,0.3045979197790265,-0.009320546074365055
TGCCCATGTTACAGAA-D2_Stim,-0.17342043901749093,-0.05396829521552249,-0.32687959518362497,0.14465392172073877,0.15903917321410255,0.20054056956757016,0.8799141740351057,0.044163495467381964
TGCCCATTCTCCAGGG-D2_Stim,0.03930025482253008,0.043638168512549314,0.20745279187582533,-0.009571438917333808,0.07155883467474133,-0.11975836788539418,-0.11807142619782596,0.02736627790257984
TGCCCTAAGTCAAGGC-D2_Stim,-0.08900522716930226,0.019535769197513986,0.3405230177343661,-0.039144619442156525,0.2015610457777619,-0.08644132009652417,-0.0049311183312550355,-0.006874432093955107
TGCCCTACAACAACCT-D2_Stim,-0.17644800581099673,-0.0925319306552641,-0.3170442039848158,0.0920723390757896,0.07160323370187349,0.15776390307505217,0.40282170297226116,0.012731730346308368
TGCCCTATCAAGATCC-D2_Stim,-0.0379567063762174,0.007290929542072888,-0.004282992858529511,0.03465477306697551,0.10585399590978106,0.11953693018745604,0.17404134281354633,0.019481419000801026
TGCGCAGAGCGAGAAA-D2_Stim,-0.01590829420650941,-0.009999473590386998,-0.0513027763129168,0.07419600829316586,0.07046600693264082,0.11673837897458128,0.08115898902806506,0.08673379632361033
TGCGCAGCACGGCTAC-D2_Stim,-0.11591310530080712,-0.026316241504698468,-0.2455713958447605,0.08863634914387042,0.016983343906922244,-0.03726193051853777,0.6947550415123214,0.05707208039469158
TGCGCAGCACTGCCAG-D2_Stim,-0.03821215579294268,-0.011493124310982594,0.11771196461188538,-0.013724416109083037,0.1907789160475346,-0.045419740822410404,-0.047413510572126505,0.01239195012936456
TGCGCAGCAGGGTATG-D2_Stim,-0.010567899297333483,0.032149239059966916,0.1003640769560743,0.09528668554803232,-0.12290714636394817,0.1324650768303055,0.17627340006133174,0.03423520470916408
TGCGGGTTCAACGCTA-D2_Stim,0.07700102309693158,0.039072410989389184,-0.05019802790049255,0.05678314063018064,0.3845865521250573,0.10070442540658497,0.11238511111711347,-0.010209669269933386
TGCGGGTTCCGCATAA-D2_Stim,0.1337166840028825,0.054543066260270834,0.2987997150993369,-0.0032740823695203147,0.3987605774394396,-0.030401363588223873,-0.10340607810604041,-0.003979500488814125
TGCGGGTTCGCTTAGA-D2_Stim,-0.14504729137883032,-0.0212063238263962,0.031649609939726986,-0.006701727497915755,0.11243283327428699,0.01225667592135693,0.2190919837492915,-0.0034893701788565323
TGCTACCAGGTTCCTA-D2_Stim,-0.0623523913431594,0.017424554098919742,-0.027579802266501474,0.06965689584563428,0.17934797413432157,0.0259662167614092,0.512486383226225,0.022377822649692902
TGCTACCCAGCTGCTG-D2_Stim,-0.019515226003591124,-0.04350159928725894,0.20012079331377386,-0.03820137551194769,0.25563353861333127,-0.10438350805516095,0.6196261646421846,0.006418324698909572
TGCTACCGTAAACACA-D2_Stim,-0.0451304988522967,0.002671732403380034,-0.06162224127231042,0.027315185118439445,0.12551976390507846,0.15006152955202623,0.10532730588839367,0.02336152515781542
TGCTACCGTCCGTCAG-D2_Stim,0.040048412957416346,-0.01006879451845144,0.27366809958208105,-0.01435959402548903,0.34170710059949094,-0.0704776403542855,0.05583137055530685,-0.029357970047144022
TGCTGCTAGATCGATA-D2_Stim,-0.05907935452294666,0.0175748661693369,0.14129123974898228,0.03404517144504915,0.10835300801090497,0.05024724647608281,0.12001975777089324,0.04131747917916684
TGCTGCTTCTACCAGA-D2_Stim,-0.04000906832479956,-0.04544524689436891,-0.34832272869001635,0.12002927081823778,-0.04995267951593618,0.26121312283242126,0.43402158677472613,0.06280888052117106
TGGACGCAGGCTCTTA-D2_Stim,-0.17114842578663847,-0.04671014042314425,-0.10774811296794518,-0.008654537147073427,0.17361940819924904,-0.09532126855822298,0.5089280502121305,-0.003475587040785655
TGGACGCCATATGAGA-D2_Stim,-0.13990075779610933,-0.038101596880661504,-0.14608685741700356,0.09566795708725628,0.21712971845214746,0.07215686163837987,0.697473990538235,0.051640897280012865
TGGACGCGTACCGAGA-D2_Stim,-0.0605792797984801,-0.007469734962862518,-0.35229447523423474,0.19764873782915338,-0.11124133496671185,0.1966997915818922,0.5590634696919139,0.12006702421369653
TGGACGCGTATGAAAC-D2_Stim,-0.08479490431072456,-0.047840228856173894,-0.1301147465593182,0.040293181130296674,0.11010952290415332,0.04173656942863069,0.2890620336527663,0.02668229212522988
TGGACGCTCCATGCTC-D2_Stim,0.09436575748905263,0.03933172745362512,0.010482775160580715,0.04548129836567938,0.07337897378466529,0.07895551165988834,-0.011909487281792863,0.031572225369435714
TGGACGCTCCGAATGT-D2_Stim,-0.07593224323337289,-0.08975777671900431,-0.27367300897446434,0.08618250787135295,0.026421258954524518,0.22644545377719538,0.4144874010054522,0.04432356623462752
TGGACGCTCCTTTCTC-D2_Stim,-0.03481926061128782,-0.031855559184780446,-0.044283657062026194,0.10070761085673396,0.0966780238954108,0.02961325781418722,0.29243515916429175,0.048500575039847504
TGGCGCACAGTAACGG-D2_Stim,-0.013476009591792959,-0.02927641774740941,0.08224607799120687,0.06013893573864948,0.22271373460191768,-0.02256316883488374,0.24986794771821508,0.016848246596795846
TGGCGCACATTCCTGC-D2_Stim,-0.0259683246863478,-0.08795897794937346,-0.14461460069907872,0.005226076205307351,0.2421010278769824,0.056053072728072806,0.45462223519323075,0.026482655716216996
TGGCGCAGTAACGCGA-D2_Stim,-0.07078108932018878,-0.0889152021052908,-0.21683240369930168,0.09763599330203654,0.03947984335664145,0.17615130285811453,0.3552414562159001,0.010245046397114876
TGGCGCAGTGCGAAAC-D2_Stim,-0.041263605176235174,-0.040769418282861736,-0.02560381886516616,-0.027376081861511636,0.19211670195303476,0.047785326833686526,0.19293464892277257,-0.0012694213441903912
TGGCGCATCAGCAACT-D2_Stim,0.06024588278656928,-0.006324376747622651,0.2553757344331036,-0.038085114586438706,0.34672772306541155,-0.10677125584767388,0.01731958944662182,-0.050875385662696004
TGGCTGGAGTTGCAGG-D2_Stim,0.18110577836488062,0.15022009829528038,0.45908289412052383,-0.08891567599652639,0.13607704958293887,-0.08804967913428818,-0.5660672954492769,0.010365068023526547
TGGCTGGCACGTTGGC-D2_Stim,-0.08105885412024705,-0.0398018570235017,-0.05396674858535988,0.006363061999829611,0.09153681413629755,0.028498775511421215,0.06406504296920801,0.020266527921819488
TGGCTGGGTCCAGTTA-D2_Stim,-0.1006262426936484,-0.08814202597561227,0.03669293139315677,0.056098406272454326,-0.025498571449695362,0.12487173691805609,0.5794524290187884,0.020989287861063133
TGGCTGGTCTCGTATT-D2_Stim,-0.04971257346726787,-0.07148024510183681,-0.12488111305315819,0.032472331504353136,0.23659237848542958,-0.0002738575666079157,0.055557215622908274,-0.019293023243827534
TGGGAAGAGATGTGGC-D2_Stim,-0.07567093524124147,-0.05602355302863948,0.023219343016785743,0.023726171874741908,0.17163181873612388,-0.0638127502087169,0.4278454470798403,0.009091018579754362
TGGGAAGAGCCAGAAC-D2_Stim,0.10653885341841374,0.06836089669728551,0.30310569134713283,-0.05822045842652557,0.2534470002438223,0.020795716468422043,-0.28479211605008814,0.05497607555282791
TGGGAAGAGTTCGCGC-D2_Stim,-0.021782669201851235,-0.0535322527061588,-0.002917477411884306,0.0026515860390947665,0.21710087690935964,0.08039241407744235,0.3520429828053713,-0.013000193064838683
TGGGAAGGTCCGTGAC-D2_Stim,-0.006156134399097013,-0.08563720110524642,-0.19935289423365887,0.047642985949813976,0.10715334660125464,0.07376334528152562,0.22581627526673564,0.024872965918818934
TGGGAAGTCATGTCCC-D2_Stim,-0.059532475499661786,-0.06841923182021148,-0.12730106030410226,0.023578885938192684,0.04644193755984283,0.014546210596941833,0.12001392604092764,0.001033964655585251
TGGGAAGTCTCGTTTA-D2_Stim,-0.18871483839044778,-0.0335022408369845,-0.18682953544337177,0.0499615180653894,0.015530686808968852,-0.0848461741309432,0.5758085432155422,0.03353871253478502
TGGGCGTCAAAGCGGT-D2_Stim,-0.11181127687085457,-0.0840150631300336,-0.16286593433028962,0.04578138069608784,0.0958753257894216,0.10049578330237097,0.36873585558792676,0.006030555617222433
TGGGCGTCACAGCCCA-D2_Stim,-0.15421475119148376,-0.08106271263818599,-0.22236599395258771,0.1278478349114529,0.07742586786720196,0.15462859544146745,0.6106702222193601,0.01803524156741787
TGGTTAGCAAAGAATC-D2_Stim,-0.005165226294641556,0.02510801052769196,-0.25313018007616783,0.14083180075894042,0.1765975935355062,0.2001518188598599,0.604449301815956,0.09098569712726245
TGGTTCCAGCGTGAGT-D2_Stim,-0.1639048773928362,-0.060109389348172115,-0.12576006781666127,0.04226585085109846,0.09872909403074281,-0.08844554420903705,0.6306615780087217,0.015175896164800307
TGGTTCCAGTTAAGTG-D2_Stim,0.12165159020557326,0.01274814464366969,-0.10117633384474445,0.13340252513204476,0.017608438199747667,0.2181419553447128,0.19118463345954595,0.06087474908186863
TGGTTCCCAAGCCCAC-D2_Stim,-0.06650964402294157,-0.07183118429620272,-0.13107326695097754,0.018856159098573855,0.06525565316288073,0.009830126646406256,0.2193929970933688,0.008361063952767367
TGGTTCCGTGCTCTTC-D2_Stim,-0.15207589613260275,-0.011427462987336767,-0.0859137297792909,-0.07956791154590448,0.10387319622714486,-0.0023517935024059966,0.1361526779252058,-0.03936053659784555
TGTATTCGTTGTGGAG-D2_Stim,-0.21877222385883677,-0.10107332295069504,-0.17385378582667954,-0.007268048703043206,0.27190282077247296,0.04605798608916878,0.47327658984844323,-0.0029598418303908858
TGTGGTAAGATCCGAG-D2_Stim,0.06205332961816801,0.029156509121094132,0.04075020731911039,0.0714675282151056,-0.13078992876431705,-0.008263257888742714,0.047318647077627674,0.013456057339436
TGTGGTACACGTTGGC-D2_Stim,-0.17788349872053644,-0.0692971226205934,-0.1948637865512417,0.07766943843665608,0.15768108344552978,-0.017849509140464903,0.9083405639748587,0.020672487183199806
TGTGTTTAGGGTATCG-D2_Stim,0.04539684064403282,0.036386277948075474,0.026580238690771196,0.07840640225187556,0.1373709951382942,0.19259076547828613,0.1949884631881833,0.043522230818012986
TGTGTTTTCAGTACGT-D2_Stim,-0.22468400367688268,-0.055255281650598675,-0.2711136187669787,0.1067069301178094,0.14754858939436133,0.04733468008692476,0.9644369164642441,0.040930739361039414
TGTTCCGGTTGTGGCC-D2_Stim,-9.91160288208448e-05,0.011029846165829582,0.35808728013148006,-0.14347079181923306,0.15773331104368538,-0.17952555651145552,0.24543400876857824,-0.03693379081244963
TGTTCCGTCATGTAGC-D2_Stim,-0.0929161343751872,-0.030363905338113284,-0.08592219153927871,0.041464289690893,0.05623553554897853,-0.06824130333818346,0.21288499234185032,0.030839996107204115
TTAACTCCAATGAAAC-D2_Stim,-0.10439093840540004,-0.057901084921169854,-0.07308770782274276,0.03367319785826517,0.1934684686819086,-0.0793447922373609,0.6427178068878039,-0.0044207670484954775
TTAACTCCAGGGATTG-D2_Stim,0.03753008838021188,0.014504759744310647,0.14622475628825882,-0.035119295090911606,0.22932679548907942,0.04562168826872792,-0.1906963800969379,0.047949916731019115
TTAACTCTCCGTTGCT-D2_Stim,-0.10565036161662,-0.0455243478700087,-0.018156308315131042,0.08395844008917841,0.15719365021875298,0.01906547670493275,0.7118684993202464,0.06804104637703468
TTAGGACAGCGATCCC-D2_Stim,-0.1536695445728551,-0.09459430648090894,-0.12967760864573386,-0.0074666507250320535,0.08425410770619557,-0.015124412239570617,0.3234794200851301,-0.03296311659212847
TTAGGACAGTTCGATC-D2_Stim,-0.012443534560405922,0.03723295830203455,0.3413893388953575,-0.15773270462377198,-0.06910585312403761,-0.35345090599347273,-0.2672576097817929,-0.09043986566767614
TTAGGACCATTCCTGC-D2_Stim,-0.052766353092419394,-0.014774030722747966,-0.09226499439516722,0.12163018461500563,0.18365191796975644,0.09947132111932433,0.08968172096838956,0.04752775793581421
TTAGGCATCATTGCCC-D2_Stim,-0.19012844089700032,-0.07152169799088881,-0.03390553492510229,0.07034811176978373,-0.08678498604140827,0.13984836476610774,0.5701929094999443,0.02464045303207918
TTAGTTCGTGTTGGGA-D2_Stim,-0.017163524281698983,0.044277154013196096,0.12549671807150098,-0.0006972422455611138,0.1808574607361333,0.04200398482523582,0.008372537134147429,0.039178060430945294
TTAGTTCTCCGTTGTC-D2_Stim,0.05624919547964424,0.027353372458183145,0.19813589336018467,0.05176584653925609,0.4103876677673277,0.10999694846400132,0.09134508717164458,0.0841232432355774
TTATGCTGTGTGGTTT-D2_Stim,-0.16906740455352853,-0.051311665870803935,0.09542486989595567,-0.014779864762841655,0.18978509673978294,-0.12154573460619744,0.6326406611830002,-0.011885153838223417
TTATGCTTCACTCCTG-D2_Stim,-0.08855636871463446,-0.041691538345487444,-0.005720822818584992,0.012913026203271727,0.2559375418912868,-0.007806697662310569,0.5991518514908964,-0.008573319930784251
TTCCCAGAGTCCGGTC-D2_Stim,-0.049630654640340666,-0.004802876114293753,-0.30024236632316637,0.16728514990942678,-0.018155190810190902,0.26007842857647034,0.4498010321170973,0.0729214907994642
TTCCCAGTCCCATTTA-D2_Stim,-0.017802885906744947,0.03843671902935597,0.07662685556905124,-0.000655014051346825,0.11115839624246782,0.047945726930343824,-0.05521437224372061,4.945103130715722e-05
TTCGAAGTCTGCGTAA-D2_Stim,0.01073289563092672,0.0012978686027089736,-0.40198064696627966,0.1543355382854248,-0.11704526679955585,0.2349134655485372,0.6434614670911749,0.08827815889762647
TTCGGTCAGTCCTCCT-D2_Stim,0.08851494971726481,-0.016604653941355352,-0.14473574265668887,0.1890175014883937,-0.043040705756173026,0.2210022921199517,0.26553225503045397,0.10017780976330926
TTCGGTCAGTGTGGCA-D2_Stim,-0.013659515119845977,-0.026929671350551132,-0.11244909677352943,0.02460082956914178,0.12062753437587403,0.07376593797943443,-0.07560198311418986,-0.004458378192223833
TTCGGTCCAGGAATCG-D2_Stim,-0.08207157007181287,-0.050694853609250856,0.06360636353265292,-0.01739989747732551,0.31399044840553536,-0.1270145041146069,0.40673710554081666,-0.039866142551844064
TTCTACAAGCTAAGAT-D2_Stim,-0.050853141475510455,-0.026751338875040886,0.02980143465662799,0.046809457895784945,0.14262954514597403,0.12077418516402894,0.2072105009028853,0.060783460974082715
TTCTACACAGGTCCAC-D2_Stim,0.03399067779296949,0.0223174547214402,0.1991004326138377,0.004248997326971704,0.07802188872326887,-0.009763464651726395,0.11347901362270729,0.05330053457329953
TTCTACAGTGCTTCTC-D2_Stim,0.11616059155538316,0.018997695665753156,-0.17649416590128197,0.14500462867465203,-0.10702468508543639,0.26135433241194406,0.1541360814158672,0.06670460994754457
TTCTACATCACCATAG-D2_Stim,-0.08750116911462236,-0.06014385726284566,0.04242534701165912,-0.0362064615323856,0.1725215735493304,-0.14327990087612186,0.47644081970647534,-0.037855762719351205
TTCTCAAAGTCGAGTG-D2_Stim,0.04390507804469124,-0.04891479542109067,0.13971147373764214,-0.03435152723660373,0.34030869987407364,0.02011788677006976,0.15923032436648654,-0.0287152710209142
TTCTCAACAGTAGAGC-D2_Stim,-0.021002517363738704,0.031299075227204654,-0.25307686204015845,0.08919961596233783,-0.00462913901098716,0.12167633142292544,0.13469130745363245,0.05177839303824605
TTCTCAAGTCAAGCGA-D2_Stim,-0.08471003431789903,-0.05439202140052579,-0.16838547381101066,0.13894370477896523,0.0860988060611323,0.14770607963499316,0.6544209031783605,0.052360272897646
TTCTCAAGTGAAAGAG-D2_Stim,-0.017561157822751028,-0.034967762866120466,-0.2546152649554223,0.1436033720928478,0.07130021705244616,0.2335961390326542,0.41628773235037997,0.05008861164782097
TTCTCCTAGATAGTCA-D2_Stim,-0.17170226792226728,-0.08217043839542804,-0.07478406199629184,0.12106518218557838,0.36901574292479467,0.07834043037047778,0.9083200868599439,0.0562497377501483
TTCTCCTTCATGTCCC-D2_Stim,-0.008721951459779831,-0.04131467867497918,-0.05755830531389172,0.08298583460294573,0.06074731934110211,0.10005319046804217,0.36002583961211343,0.06780469896591512
TTCTTAGAGCGATAGC-D2_Stim,-0.18219068153938522,-0.04482278188670641,-0.16982141612215962,0.13175880102610726,0.0443055309499627,0.014399388313551142,0.6720361186359227,0.07269462567997209
TTCTTAGCATCTGGTA-D2_Stim,-0.11169031415026254,-0.051343986341858994,-0.06959142317078992,0.01075062578973629,0.07102328307489714,-0.16533943828021158,0.4185008930233174,-0.013194254101893677
TTCTTAGGTTCCGTCT-D2_Stim,-0.05293033646323053,-0.06457407810194304,-0.147297548933647,0.11506641752820812,0.056856990982891986,0.20889436234886816,0.4274415575230517,0.0631343392198147
TTCTTAGGTTCTGGTA-D2_Stim,0.1653223089631375,0.06209082929453125,0.16078024332022078,0.020356776542781674,0.35034560126017844,-0.010145960689435185,0.043028893578167526,-0.0047386188253337735
TTCTTAGTCTGGCGTG-D2_Stim,-0.047887891827299356,-0.03950856485445797,0.19285704213841015,0.07988407041417567,0.3029933363679582,-0.018584988761741528,0.366187369755159,0.0415662277751121
TTGAACGAGCATCATC-D2_Stim,-0.015474167767033364,0.06421564986676032,0.31134751626302126,0.01624574723051886,0.32263077530440043,0.02792404832943518,0.1796462882030756,0.052174020129466925
TTGAACGCAAGCTGAG-D2_Stim,-0.13077285315909215,-0.17504577347063766,-0.35678788186532806,0.2058438544160044,-0.18554064781949542,0.30382988254399024,0.8312858623688211,0.03091500169814232
TTGAACGTCGGTCCGA-D2_Stim,0.032791646901930704,-0.026996991617858512,0.12367445113768127,0.015070022410553108,0.47474270445788314,0.06838097992523906,0.012005872984879318,0.0035737675994997886
TTGACTTAGCTAAACA-D2_Stim,0.07056805010016554,0.034995398857985194,-0.16458318441329745,0.1368981229999875,0.2419052604483909,0.1921071907250358,0.28593857735007244,0.09787850982045221
TTGACTTAGTAATCCC-D2_Stim,0.14575576405905544,0.015642444661319033,0.0206212964377972,0.07643356322522088,0.056180813831590015,0.03771279767894775,0.0882915362386667,0.03073728095508521
TTGACTTGTATATGAG-D2_Stim,-0.07234649245348912,-0.0681742578047615,-0.3673817508683648,0.20275414697057847,0.020929891988924254,0.3381995352992444,0.6585733828962699,0.061899883366745456
TTGACTTTCCAGTATG-D2_Stim,-0.038651023594153955,-0.04387316814088571,-0.3331030430776849,0.17825687993918926,0.06346574433456631,0.29090619663089257,0.4140148314216585,0.053973964747333625
TTGCCGTCAGTGGAGT-D2_Stim,-0.026475032733150883,0.010785037948856768,-0.09199002073907003,0.01921293729265905,0.1186034484972005,0.12429119731727312,0.020570848020744492,0.0016274117665613375
TTGCCGTGTCATTAGC-D2_Stim,-0.21836238340399738,-0.06708877019076809,-0.36165956758557094,0.13146388019807453,-0.11610731731437163,0.07143635736997389,0.7894757141782591,0.052981791921309807
TTGCCGTGTTACGGAG-D2_Stim,-0.059418128107516566,-0.06273772203548056,-0.01040849224784779,0.025787677280325383,0.31808955791986904,-0.04303293894385263,0.2734126995256112,-0.006529075073812507
TTGCCGTTCCTTTCGG-D2_Stim,0.0008994934445887282,0.04492301803304599,0.10506297903796913,0.03438723345964334,0.28818422080281536,0.01133956735351127,-0.13430810706159413,0.025786682927501303
TTGCCGTTCTGGCGTG-D2_Stim,-0.013888168562612435,-0.016723394802276914,-0.027564846639503315,0.15548931976614888,0.21189989056652792,0.1272610847419724,0.27338508170315023,0.09553354250849111
TTGGAACAGTTAACGA-D2_Stim,-0.054309984516846654,-0.03752608985872108,-0.08816295608228941,0.03411507381582801,0.06975109301562199,0.1153770033191659,0.17361292317144184,0.02930360505839147
TTGGAACGTCTGCCAG-D2_Stim,-0.0690575559830382,0.02023099402268791,0.05341048485726141,-0.03410064260690504,-0.010545692395092843,-0.07064580100293938,0.002650249315196085,-0.012439291571533673
TTGGAACTCCGTAGTA-D2_Stim,0.10882964837686337,0.05793311775425458,-0.3242790341083204,0.28120308221969204,0.0870477648747503,0.40856492651962384,0.8239762117165252,0.17699669771177362
TTGGCAAAGAGCAATT-D2_Stim,-0.026956704307986357,-0.011673343061348262,0.11162449739103586,0.03222786721056892,-0.006823896162847731,0.006799572785546104,0.1474754426017899,0.039837186416258774
TTGGCAAAGCCACTAT-D2_Stim,-0.07457051018337779,-0.062091099395367166,-0.004508440409003889,-0.027348842685430697,0.17021338894306126,-0.11478051087085639,0.23720247714470943,-0.03955999903127072
TTGGCAATCAATACCG-D2_Stim,-0.05276324864325943,-0.046195606896151986,-0.17088582110978123,0.05663983481275636,0.11143878793908435,0.12424168251849643,0.20238673265890306,0.008554100991434055
TTGTAGGCAGCATACT-D2_Stim,0.10311428836361536,-0.027516845997974215,-0.05166382517904644,0.09174234152334648,0.5303577261089263,0.12587374346705893,0.22312358204010607,0.011370077888637198
TTGTAGGGTTAAGAAC-D2_Stim,-0.1674635647436329,-0.046076757211288566,-0.003104034040026349,0.03860418484905637,0.23193272461257486,-0.030690568365251636,0.9485560931357284,0.024468735322701107
TTTACTGCATGCCCGA-D2_Stim,-0.1417245102739244,-0.08370240411600705,-0.7315854893328897,0.16163589744457063,-0.00906284825770598,0.30377263640147056,0.42849921480950215,0.03347295110683923
TTTACTGGTCATCGGC-D2_Stim,0.013701532430811625,0.008011264777413984,0.25251925824354515,-0.0013042189214704791,0.07843790525454253,-0.03658401027771241,-0.10871193612109487,0.024333943339497566
TTTACTGGTGACAAAT-D2_Stim,-0.102595389917715,-0.06765216578797073,-0.09509410030254806,0.01763294134131499,0.0554188841320844,-0.011824286171130183,0.351756460088092,-0.008457854025484934
TTTATGCAGATATGCA-D2_Stim,0.06386419536561228,0.04927426778947286,0.30147401546601493,-0.0159914802286103,0.08226551969229767,-0.13166891745469123,0.03221982962469028,0.037227371741117565
TTTATGCAGCGTAGTG-D2_Stim,0.041202612078862444,0.02792531513554053,0.1432751081069723,0.07136240397837312,0.2766464536085387,0.01565337327848404,0.08199312199119291,0.016890921148760896
TTTATGCAGTTAGCGG-D2_Stim,-0.18683911768108707,-0.07199464982032566,0.13941867558050625,0.011812202648284753,0.24180485048498923,0.051421954880437326,0.4450468396410301,0.024693846784744622
TTTATGCGTACCGCTG-D2_Stim,-0.024796042294374487,0.025099433694176554,0.048602496257489136,0.004580451112321526,0.1108294319136558,0.03787531866767502,0.003017888017303072,0.039841950783729985
TTTATGCGTCGCCATG-D2_Stim,-0.032651036278991796,-0.0020535103395609156,0.0718017594276521,-0.05712007378415862,0.10410835503828153,-0.09246015660565199,-0.055576234558163407,-0.04073612955410866
TTTCCTCCAAGGACTG-D2_Stim,0.056729158773450195,-0.0013254040652430632,0.31621210997413307,-0.05906387653220513,0.34748851331998054,-0.02957327417268729,-0.27653111397486185,-0.036537281267511545
TTTGCGCAGAAACGCC-D2_Stim,-0.03889404990776413,0.04228953186971829,-0.2641475595776779,0.1276697161822753,0.0018450619205001573,0.15705329874145058,0.4361314025783276,0.12273408608141168
TTTGCGCAGGTGATAT-D2_Stim,0.0036171173140466806,-0.01824761305640621,-0.20047936559452495,0.08958292614226337,0.3063350817716728,0.08105356680089137,0.17970841249432823,0.01076027652913325
TTTGCGCAGTGGGATC-D2_Stim,-0.010980876623387203,-0.019654052272070288,0.04130252680427482,0.038351301516602376,0.02948045523837628,0.028832307315337147,0.03503243921429622,0.02779770207317256
TTTGCGCTCAGAAATG-D2_Stim,-0.0695209640903478,-0.06175208714507363,-0.0645533482822156,0.06503889118316941,-0.04478108135088377,0.18049117798224223,0.4206721729870546,0.031111553292852534
TTTGGTTAGCCGTCGT-D2_Stim,0.043855432560503615,-0.020471954080004906,0.12814996172918036,0.007420588636508185,0.13402853044006946,-0.03633237500372921,-0.015471848558375356,0.02340250664475363
TTTGGTTCAGTTAACC-D2_Stim,0.10208879712994445,0.05496518368915915,0.204368494150728,0.05336032437366889,0.06059540422669052,-0.03350075539969666,0.030778900831288425,0.040548521241117186
TTTGTCAAGAGGGCTT-D2_Stim,-0.04025061622152748,-0.03889410508593549,0.00015032618370547368,0.10002785363942479,0.1630586405177894,0.1022956976941991,0.5387275817762234,0.06070670111220977
TTTGTCAAGTTCGATC-D2_Stim,0.13358537346934796,0.04225228835196759,0.18977744968959076,0.016968157768737058,0.3563497762744223,-0.012028763236894946,0.013314447063780932,-0.020953982836356744
TTTGTCACACGACTCG-D2_Stim,0.12233575663547924,0.018295337642584286,0.15230804883973814,0.03246670708542787,0.3946915056666729,-0.014765657842541913,0.08842782830013363,-0.026903696616553674
AAACCTGAGGACATTA-D2_NoStim,0.0777966842377289,-0.04356650259848216,-0.11434440998988649,0.08020403650936636,0.08353599883695395,0.14902044117630453,0.05061943581409434,0.04566822059327613
AAACCTGAGTACGTAA-D2_NoStim,0.08930765024240372,0.017847389561708837,-0.2143729155608618,0.06314070484077838,0.018149846805991743,0.11947375185573517,-0.021830365839476507,0.024931415600329743
AAACGGGCAGGGTTAG-D2_NoStim,0.0963057967737253,-0.010371976140691075,-0.21276257733151738,0.0693471683475515,-0.07084720119131127,0.2000324062708394,0.02916241910455941,0.016480430675926527
AAACGGGGTGCGATAG-D2_NoStim,-0.025643547938503986,-0.054597540322449234,-0.04000747031487428,0.06051321412259725,0.09774424247184221,0.11477217368985215,0.44670961598648784,0.028951331344231335
AAACGGGTCTATCCTA-D2_NoStim,-0.0009166456705322901,-0.07524651833629115,-0.4483845561623383,0.08611295695941301,-0.14272409324241764,0.2355906921968014,0.16222235169125288,0.005267843682544182
AAAGATGCACGCCAGT-D2_NoStim,0.010758718333699235,-0.017936960240398037,-0.1679005049167639,0.08381721734725112,0.0715121920641657,0.12536602635511596,0.21431420373048393,0.05383016934265328
AAAGATGGTGCTAGCC-D2_NoStim,0.05366776443592869,-0.02878398411363392,0.012299518713406954,0.04905756029443431,0.06101135565462812,0.1664128795489992,0.06603579413237881,0.04478656152866023
AAAGATGTCGGCTTGG-D2_NoStim,0.0862103109213237,-0.08724488359439775,-0.20500276681494256,-0.058618202196932145,0.1972222937500856,0.19507482358586614,-0.20468780697231725,-0.006321240476617973
AAAGCAACAGCCAGAA-D2_NoStim,0.010300649551027163,-0.056602687176093625,-0.2179044047121259,0.01010910030508505,0.0029236959998701906,0.10082629388412911,-0.020334099638465553,-0.006886537674500204
AAAGCAAGTGATGATA-D2_NoStim,-0.024990013912397302,-0.012118029389494467,0.003965838133581201,0.046950977459781384,0.08493227721394092,0.0925446414175477,0.20572705502223076,0.005573571613918915
AAAGTAGCAAGTCTGT-D2_NoStim,0.017627183177220118,-0.012966799808733498,-0.031063967190592123,0.1479341103463323,-0.04189125041830977,0.21481026366527267,0.322310244265295,0.06380921973422993
AAAGTAGGTAAAGTCA-D2_NoStim,0.12406514361292587,0.028889319511335998,-0.06153879874195667,0.07537776159643172,0.06625083932373244,0.17223707639300478,0.007615290635014205,0.03680503677113833
AAAGTAGGTATCTGCA-D2_NoStim,0.05837629411912637,-0.0456596408838017,-0.3190355961807061,0.0693515468107897,-0.031633455734731086,0.2216208328945264,0.08035459521223354,0.009778901117826422
AAAGTAGGTCCTCCAT-D2_NoStim,0.042883764782699174,-0.05503003484659885,-0.3030784779084428,0.0732500457857661,-0.03918001020977435,0.20461576667137216,0.06089555976098593,0.013820971912076985
AAAGTAGGTGCAGACA-D2_NoStim,0.13752190353585014,0.03261549021317123,-0.11038042905562762,0.05985745711005919,0.030106013139624466,0.12690936794361107,-0.03977485512618184,0.01951959825789018
AACACGTCAATGGTCT-D2_NoStim,0.07180850462790112,-0.05410639878519241,-0.145324247685366,0.07898037259642798,0.09808433298516128,0.18689300598683278,0.08810001718601779,0.031179092110633633
AACCATGTCTCGTATT-D2_NoStim,0.013831420795655802,-0.001389493520649765,0.016517820722784293,0.021121006264879227,0.20119234760836946,0.07892097948679044,0.010142688554122259,0.011894845053411984
AACCGCGCAAGTACCT-D2_NoStim,0.049893227022916875,-0.005871240758475338,-0.003408595787563584,0.034491965502811084,0.06662018168148975,0.11928691839625571,-0.01061686790826144,0.020810638105837498
AACGTTGAGGTGCAAC-D2_NoStim,0.044554010751953754,0.045731900925030544,0.16903159512137655,0.06991668622052494,0.4157767113879114,0.1323216551327544,0.07516760206867534,0.08391102612604406
AACTCAGGTAGCGATG-D2_NoStim,0.09524686804051363,0.06617299225377771,0.2549465896516132,0.014390574027181913,0.20008303095201363,0.05510222912416651,-0.30667657247521607,0.04102047513485374
AACTCCCCACACGCTG-D2_NoStim,0.06483851601236879,-0.009977767987640718,-0.31142988453347265,0.09450722997178396,-0.07780423097956302,0.17033295418736394,0.0646327953816126,0.03468960058915549
AACTCTTAGCTAAGAT-D2_NoStim,0.07986482673916484,0.030685078605634075,-0.12578272663919776,0.09954760010450059,0.004558367707042876,0.1751481080097772,0.09015014263902543,0.037990390883509306
AACTCTTCACCAGATT-D2_NoStim,0.08998101285756732,-0.008066699933026555,-0.21842316725279787,0.01722843165907051,0.023415382886891933,0.11348279385835713,-0.01327339233885283,-0.012681187351949674
AACTCTTGTCTTCGTC-D2_NoStim,0.08442884171959797,0.042972263934411004,0.014038666770240127,0.03627019964868694,0.14913270775668686,0.12098374364762687,-0.1429885278050893,0.018961468267393755
AACTGGTAGCACCGCT-D2_NoStim,0.05366463060392235,-0.03453207705215,-0.32300403305397296,0.03910066794841427,-0.04113680993437896,0.19346564012963618,0.031192418957671553,0.010517816211914166
AACTGGTTCACTTCAT-D2_NoStim,0.05019253265019863,0.007703484564450136,-0.04015061381527296,0.0435343798759682,0.11582690145587904,0.1886969384959567,0.025669956628678214,0.02178138472113389
AACTTTCCACGAAATA-D2_NoStim,0.09001381205271386,-0.03986685913974419,-0.3997815686215649,0.09223325658640391,-0.044139912408622806,0.15555040745554027,0.059608530080558886,0.019635622464448943
AACTTTCGTCGACTGC-D2_NoStim,0.046808082026032594,-0.02356904336175525,-0.09443645389869282,0.09416366999411707,0.04309082744678072,0.15663704689806224,0.11245108352432975,0.06248313682855411
AACTTTCTCGCGTTTC-D2_NoStim,-0.04097641950799691,-0.045220743720499,-0.1821831948681627,0.005943112589948285,-0.024940135178773915,0.05867611094172531,-0.017878853780845638,-0.009580156964950959
AAGGAGCAGTCGAGTG-D2_NoStim,0.02261273741369152,0.0014492726342520967,0.19364848909658505,0.04369256006693867,0.6128394548348588,0.1494972483814081,0.041383992423321914,0.08400163972028096
AAGGAGCCATTATCTC-D2_NoStim,0.05446116078115004,-0.0017430050302049693,-0.33081915905825987,0.0174779072902993,0.49946728690441944,0.2535044000820168,0.05352208598807273,0.03957935422666381
AAGGTTCAGTAGCCGA-D2_NoStim,-0.04074647904318418,0.02563628131229123,-0.11325141376358161,-0.07602729584449541,0.23288516433608386,0.21359993480032458,0.0008217467756672647,-0.02871823811216423
AAGGTTCAGTCCTCCT-D2_NoStim,-0.054294873346901085,0.05653244070845176,0.11393588444693314,-0.18479008654119689,0.13724626535813123,-0.06974421254553853,-0.2085290321512323,-0.0835854054340146
AAGTCTGAGAGCCTAG-D2_NoStim,0.01227413180914283,-0.016498695391003793,-0.34078399746619503,0.13600741132958127,0.0011297909600092026,0.32077155930280554,0.2777435944288573,0.05677615779532452
AATCGGTAGACTCGGA-D2_NoStim,-0.011576073966566014,-0.047059191249973154,-0.2343817497322096,0.02052235941981806,-0.02794003300718373,0.09738583636143794,0.02665981316317012,0.0027744586294673468
AATCGGTCACCTGGTG-D2_NoStim,0.09068954593015377,-0.007554266852963565,-0.27249919089097396,0.07780773807837349,-0.042989196164118226,0.20473136748238563,0.003881961575714854,0.01732870341569992
AATCGGTTCAAGGTAA-D2_NoStim,0.05939168207810397,0.00578348074752455,-0.27772372458685624,0.07008723726522881,-0.05333050055442001,0.15038596621973088,0.11669386842792129,0.025915909351422073
AATCGGTTCGGAAACG-D2_NoStim,0.09989412933234476,0.0711516550766298,-0.022912218495822145,0.07320067437921729,0.050632755720089406,0.15736169091390995,0.029451829836694365,0.04075470918758484
ACACCAACAATGTAAG-D2_NoStim,0.028495823642622042,-0.058899326821560294,-0.3279847101630047,0.026256384062278926,-0.06447447215544955,0.17054800432132922,0.009009645141055067,-0.012640909737928752
ACACCAATCTAGCACA-D2_NoStim,0.10605541172059496,0.03905124008724492,-0.10448432690797205,0.011179586398146313,-0.006861551579010694,0.08729443313715635,-0.015327932104531428,0.014099386696850402
ACACCCTCATCCTAGA-D2_NoStim,0.07908272392086069,0.009181900710853341,-0.08767934761144858,0.0888695114495075,0.06865183206977576,0.1738318876253837,0.024744122539718028,0.039126303407385876
ACACCGGCAGGGATTG-D2_NoStim,0.061745063484163865,-0.022479217842192867,-0.11070298328708716,0.0703230682309357,0.08720015603138975,0.17824353355719502,0.08686694895104186,0.04962060987456418
ACAGCCGGTACGACCC-D2_NoStim,-0.012368378371176547,-0.057277345783640854,-0.5704417893950229,0.09043530222894347,-0.033770690702015216,0.2270945289707882,0.10199539433791083,0.004625988579261886
ACAGCTAAGGCCCTTG-D2_NoStim,0.09107990984305481,-0.0018168765127803965,-0.3002437156722202,0.056390199955561826,0.11370408213391237,0.22415236252791892,0.00881008715791154,0.01523912178475939
ACATACGCATTGGGCC-D2_NoStim,0.10926007494472323,0.03604728244803468,-0.3690730434686387,0.028778904233220715,-0.04367977938876422,0.1218948242816209,-0.09321408018714994,0.008692420121443334
ACATACGTCTTTAGTC-D2_NoStim,0.1095303070625846,0.0843020281860607,0.17150829127717948,0.010130540029100743,0.07832143708923844,0.0496942522400845,-0.18565696128688103,0.017793869196465195
ACATCAGAGCTATGCT-D2_NoStim,0.07680316280636923,0.06156256765655144,0.11590538518224136,0.10177547464674674,-0.09567274948006066,0.0024946730250601235,0.059861101578770004,0.03240626291724347
ACATCAGCATTCTTAC-D2_NoStim,0.14487611529447975,-0.005823506595682204,-0.1413073630768391,0.10960160856346768,0.24475981960020476,0.27559757692113074,0.19979656433504367,0.11266434516253909
ACATCAGGTAACGTTC-D2_NoStim,0.10332125429049555,-0.04692795827288876,-0.13035179879035041,0.09301286018360422,-0.008497740274620469,0.1770114682713757,0.14766920746878132,0.05522392819170463
ACATCAGGTGACCAAG-D2_NoStim,-0.027873236777423926,-0.012873762498987418,0.051912203452495476,0.0045047884721842735,0.24002183103581665,0.10783268981651872,0.06680315983972562,-0.032642481087085784
ACATGGTTCAAGAAGT-D2_NoStim,0.1135656757155612,0.03355583014882235,-0.10092274391281286,0.0994701410704355,0.0566907782588526,0.17482315555581618,0.11173068825456767,0.046199366428703925
ACCAGTACATAACCTG-D2_NoStim,0.08035811215229671,-0.021966910224799463,-0.2889307372316434,0.08188140900030305,-0.02340491821361823,0.19884020732101604,0.01631128722737074,0.024221517723082897
ACCGTAACACTGTGTA-D2_NoStim,0.03967947084460022,-0.06346570494574877,-0.4678250470407761,0.057658148826407185,0.05989115388557309,0.27127218012334264,0.08307538202747056,0.004197552099808988
ACCGTAACAGATTGCT-D2_NoStim,0.05130230754464726,0.004185197241760363,-0.08471133473938863,0.038044525938946805,0.024838720316207485,0.11158755756029848,0.008032164632063132,0.0047187309491167895
ACCGTAATCACGCATA-D2_NoStim,0.07542351976092476,0.047046122276940494,0.006423893309172257,0.046088318898460656,0.09986353234584833,0.14624835183742402,0.08967503673968213,0.07221306083351742
ACCTTTAGTACAAGTA-D2_NoStim,-0.01833310166985136,-0.030099980803360182,0.030891331972156877,0.06730229740601423,0.011070603759741005,0.11208563231392077,0.13411868778315217,0.02144267874101402
ACGAGCCGTACGCACC-D2_NoStim,0.06461458993762825,-0.022815837480020917,-0.12371147757797729,0.09003001476389727,0.05103192035382165,0.14714437901576272,0.06801572129266376,0.03826188498992167
ACGAGGAGTATAAACG-D2_NoStim,-0.012460428481139374,0.004127834496376437,-0.030439837577770135,-0.01348109104856654,0.05566319644466766,0.1665791324316075,0.04704031578905843,0.00018194600638921088
ACGAGGATCACTTACT-D2_NoStim,0.10261148949331655,-0.027875340572284912,-0.3157517730325825,0.04227863867123105,0.04758297377890486,0.16606515923166398,0.057959120342049975,0.020443724143117237
ACGATACCATCGATTG-D2_NoStim,0.06728375662425101,0.06001972673772471,0.1811373092109072,0.008878100856264837,-0.020098064258620596,0.01116684202141549,0.10556781399682347,0.036675273751068715
ACGATACGTAGCCTAT-D2_NoStim,0.06035463977051059,0.0029982732381164112,-0.34026894686514453,0.06314457458178424,-0.039769925546465856,0.13627052095379621,-0.006770538014389427,0.0015348761728937177
ACGATGTAGCGATAGC-D2_NoStim,0.08774663967359508,0.027227394659817605,-0.03474849369910338,0.08858152162374822,-0.05447372161752995,0.10791851951774412,0.08744230786632334,0.05651500108427854
ACGATGTTCTCTAGGA-D2_NoStim,0.07263354542460299,-0.008141477956810306,-0.3710728650732591,0.06603808245566789,-0.033341663601520466,0.19937383309059786,0.03306976159925501,0.003379320993134982
ACGCAGCCAGGCTGAA-D2_NoStim,-0.0003467218166068875,-0.0746274927902757,-0.0798342435903443,0.06263309493635738,0.05699709643402251,0.10250568934005244,0.2264336598746306,0.029497629660081515
ACGCAGCTCGTACGGC-D2_NoStim,0.02377300001876037,-0.03338346168464312,-0.08578769134571296,0.05549336405861638,0.07492859198475266,0.18690204133206212,0.12651401927833827,0.045662657036363186
ACGCCAGTCAAGCCTA-D2_NoStim,0.11213301495331862,-0.005090779688476488,-0.12340837278826733,0.09139596614328127,0.050914704646819686,0.19935007775124358,-0.011329471246046552,0.0214221432996915
ACGCCGAGTCTGCAAT-D2_NoStim,0.07295949975239857,-0.02624933492999304,-0.2286813122795639,0.05390437255574021,0.01438866163226038,0.19061829981072798,0.2289731839418261,0.05019489352767437
ACGCCGATCGCAAACT-D2_NoStim,0.03348990027867593,0.03852104533439338,0.11500187993743083,0.057144896227057984,0.3232352802191514,0.1493794514922122,0.2620589832132776,0.039354600175972365
ACGGAGAGTGATAAGT-D2_NoStim,0.019410678634351086,-0.04870048816184003,-0.3359791040016802,0.03341783592101066,-0.07236716524552733,0.1821578253575602,0.06694708220174217,-0.0076145117611208235
ACGGCCACACCACGTG-D2_NoStim,0.11441843131374618,0.055364515382708035,-0.025632389572487924,0.09095902453865001,0.0753687238483316,0.17429214814604777,0.09540789386661341,0.07102441371383961
ACGGGCTCAGTAAGAT-D2_NoStim,-0.04117342812396885,-0.015667871157209134,0.18042829412480366,-0.024548737600930792,0.13401239395161646,-0.10989288605163772,0.05936516944096226,0.006142441558873557
ACGGGTCAGACACTAA-D2_NoStim,0.08676375293511818,-0.03199487503945875,-0.18393298548684633,0.10354399825055793,0.021958357827928765,0.13743371916679337,0.13379952977557386,0.032399754770150224
ACGGGTCCAAGTAATG-D2_NoStim,-0.07164794636502414,-0.025800582068290723,-0.2815493497313035,0.028588796794265292,0.10566630268182564,0.2356662894326167,0.15897516106752185,-0.021282777969908295
ACGGGTCTCCCAACGG-D2_NoStim,0.10506056115118945,0.014361579011810122,-0.03223054726386465,0.09363629916694194,0.10157099276897341,0.14800576310782443,0.05134546436875009,0.05336582651333366
ACGTCAAAGCGTCAAG-D2_NoStim,-0.008705765717660796,0.007540540972053478,0.06339340960897388,0.0035652870771123446,0.037543331009091574,0.04177248742034756,0.07834974229341274,0.024963133875395727
ACGTCAACAAGCGAGT-D2_NoStim,0.0946394363422769,0.007340276162898007,-0.09785045762796685,0.0695020410275955,0.12336091775534008,0.23351015064582548,-0.043492872630551016,0.0411058910186437
ACGTCAATCGAGAACG-D2_NoStim,0.07980367552438139,-0.024600937548179047,-0.19187929861511677,0.03613295377720149,0.06074192839606418,0.22615102414737542,0.06779596411066802,0.018978453053438926
ACTATCTAGGCAGTCA-D2_NoStim,0.0650211440270354,-0.035092005554727024,-0.16196576082970715,0.04755218132146943,0.07812609032766638,0.1753357522181851,0.09762552030301297,0.05300157004983497
ACTATCTCAAGCCTAT-D2_NoStim,-0.03150760555173271,-0.011696038399591657,-0.16643267386047,-0.019230094683738486,0.0062714004810739965,-0.019646847456317396,-0.05991076108707727,-0.0039129234766956955
ACTATCTCAGAGTGTG-D2_NoStim,0.021070473870700823,-0.030741611515750833,-0.04007833036166453,0.03546201606601862,0.044614557138215716,0.07270255181694818,0.008424531699266602,0.008373713633071489
ACTGAACAGACAATAC-D2_NoStim,-0.05558861704099982,-0.11248072394163167,-0.37778292828451754,0.08428514233064455,-0.022021116666529394,0.19086973311950217,0.28760440074590043,0.011089307219474875
ACTGAGTAGGGTTTCT-D2_NoStim,0.0839580436446834,0.012512502709176587,-0.1741451280621451,0.08493612974945997,0.043374244414833285,0.18871006081563646,0.03355921806362483,0.03194142486428575
ACTGAGTCAAGTTCTG-D2_NoStim,0.020871678848481068,0.030934686547018586,0.057645549753504,0.06356030525905787,0.4178791167276721,0.16238447024449876,0.14491534624597247,0.07234729800934758
ACTGAGTCACCGAATT-D2_NoStim,0.09454260047615293,0.014584021913989886,-0.03978231694133605,0.05265126794860109,0.18854285091336465,0.18603348082172388,0.023695135301733394,0.025478565470899994
ACTGAGTCACTACAGT-D2_NoStim,0.024966870452713508,-0.036075225858578364,-0.12802856778210625,0.04207690791779051,0.15666341154342334,0.17268199138629647,0.0869584441617004,0.03095420884922362
ACTGATGCAGAAGCAC-D2_NoStim,0.09276342276541527,0.0009004232459215444,-0.2794639980002245,0.09652023453247693,-0.023069780240859927,0.16636815554745787,0.05157693412482445,0.026433127359059228
ACTGATGCATTCCTGC-D2_NoStim,0.09389146282383365,0.0025800047930246706,-0.14733073320004308,0.06887652942063838,0.046708833290297846,0.12371224457275787,-0.0339138322952639,0.01931653894308738
ACTGATGGTATCACCA-D2_NoStim,-0.025113604130185152,0.0023414033012976176,-0.1355713158095817,0.05872521097966832,0.0465270005355638,0.15230049125624845,0.20904048660305108,0.02410051785112266
ACTGATGGTGATGCCC-D2_NoStim,-0.014986062067121608,-0.06064349004765823,-0.27160305785624317,0.04885217774669748,0.007543897722532833,0.12170843944008958,0.093454893578933,0.017691873320359264
ACTGCTCGTAGCGCAA-D2_NoStim,0.0030525055079611008,-0.08014548340485916,-0.07617723744395555,0.030711743446918405,0.13067874610402974,0.15185191412884702,0.19277789408829316,0.00841380606935438
ACTGTCCGTACTTGAC-D2_NoStim,-0.1339723412066416,-0.04035947544265994,-0.038343604195478775,0.0843023576482711,0.008760290140813254,0.09752426973064843,0.4818962933342448,0.027290132492829855
ACTGTCCTCCTCGCAT-D2_NoStim,0.07628396042396801,-0.09066936049533858,-0.45374801990048397,0.0756934710068844,-0.0008084703970610008,0.2802726985759829,0.08092174422832654,0.016468770905502694
ACTTACTAGTCGTTTG-D2_NoStim,-0.003566924252725201,-0.03748971294094261,-0.12382525638487785,0.019956346748271514,0.042529608014969966,0.10906297647358798,0.0156506642284171,0.022594184266253592
ACTTACTCACCATCCT-D2_NoStim,0.07768214881896363,0.026840456054594952,-0.14492328691773437,0.06902232846609202,0.02447645872550197,0.12860460786304984,-0.03638135048111124,0.01713753728055245
ACTTGTTAGACAGAGA-D2_NoStim,0.028146701519890627,-0.051376028410532015,-0.38320531094790944,0.08033923704526202,-0.01886320117164786,0.2407361392503855,0.09195596630306202,0.02398612271282552
ACTTGTTAGCGTGTCC-D2_NoStim,0.134711812139523,0.006217838508622009,-0.13199920209782157,0.10526182909040926,0.05190028833999527,0.1813284188064701,0.024331741215475766,0.056124815487642365
ACTTGTTTCACGCGGT-D2_NoStim,0.04911402309722668,-0.015323065382405687,-0.5028156693419277,0.054474932656969344,0.43017145546549784,0.32986273935663313,0.17282195212868334,0.06127382733934894
ACTTTCAAGACGCTTT-D2_NoStim,0.0717511446330299,0.030609936449154773,-0.1959886198972658,0.08150413938765766,0.07829453527503993,0.12794617349299386,0.03251422107648505,0.046239681509808506
ACTTTCACACGCTTTC-D2_NoStim,0.04095560840717738,-0.007039837253790537,-0.23391764195858933,0.018646140932126798,0.3111524297925854,0.20414475070935723,0.09013051611110345,0.04041177602151791
ACTTTCAGTAAACGCG-D2_NoStim,-0.003039583609600882,-0.005819000696906329,-0.2110071226506438,0.09723790174450819,-0.11106477263238723,0.20410211125357414,0.15058480962739473,0.019520305352664025
ACTTTCATCCGCTGTT-D2_NoStim,0.047088809453349256,-0.01649009167028659,-0.3070653971211872,0.05643522408390922,0.027532538553916908,0.1971771442692214,0.006247121957362545,0.05222138723386749
AGAGCGACAAGGGTCA-D2_NoStim,0.061192885540405584,-0.009510776372906093,0.006473705142202135,0.03043985940756677,0.08768442171700919,0.14560467860722337,-0.014259750988617537,0.03261116187317192
AGATTGCCAAGTAGTA-D2_NoStim,-0.005735081165683553,-0.05070289758345048,0.013829516212739534,0.03357264675945615,0.06291528672353408,0.13230512473694755,0.18631257965555204,0.034870288539581296
AGATTGCTCATTATCC-D2_NoStim,0.09842021164638659,0.007072919311662318,0.028778894858467297,0.07432383966409972,0.09998055888200952,0.18217358051892152,0.0656939039116824,0.023722144685477176
AGCAGCCTCAAGGTAA-D2_NoStim,0.007597435154767851,0.02425009106624998,0.11055240620859585,-0.03805066201372931,0.183693808819001,0.03552646330523679,-0.14302953667765816,-0.02666882501473644
AGCATACAGGCTAGGT-D2_NoStim,0.00520693387348814,0.02072120891603646,-0.0224035110866172,-0.015344795700531932,0.24167051080851998,0.14847510714610124,0.03398767020819626,0.0015722490608922612
AGCATACGTACCGGCT-D2_NoStim,0.0308641574745252,0.0169204058632193,0.008555894947962273,0.06333798456078732,0.194510830696494,0.08266741458362148,-0.09530184264120667,0.047403424924334914
AGCCTAAAGCGATAGC-D2_NoStim,0.007104982831380724,-0.0430978242798119,-0.1063129116228474,0.07350393145667056,0.040383205391723465,0.08322869695010127,0.21535027094655845,0.04158546030217458
AGCCTAACAAACCTAC-D2_NoStim,-0.05432991016256139,0.053717235404624475,0.1273705422009357,-0.1695007756517164,0.10840600487286167,-0.08411547399124508,-0.20954371334705346,-0.06923261250514656
AGCCTAATCCTGTAGA-D2_NoStim,0.0825518601314279,0.01998985905128592,-0.20158309164303745,0.057976245429557594,-0.027851175909146875,0.1365643900150051,-0.01116797406635861,0.008843222973931475
AGCGGTCAGTACGTTC-D2_NoStim,-0.04014026574110474,0.03534329880366194,0.0114016360857363,0.0853356827772167,0.18040476437311348,0.18618632409013003,0.14742477884503113,0.04675487050328897
AGCGGTCAGTTGTAGA-D2_NoStim,0.042603791343690744,-0.020963271565968,-0.1846910106828048,0.061734055793330356,-0.007599831160726822,0.14440897271564523,0.023118803513904496,0.0194068404879566
AGCGGTCCACGAGAGT-D2_NoStim,0.01643687280236783,-0.028065600837607008,-0.2093079937052913,0.0790405439595201,0.04780857888851919,0.13429994250584265,0.05421527619544042,0.013306617587828029
AGCGGTCCACGGCGTT-D2_NoStim,0.034935769470994416,-0.06150367451339456,-0.4101739224802472,0.0732212596061963,0.01666573481514355,0.2756827419201695,0.08320856417063727,0.03311033587047163
AGCGTATGTTATGCGT-D2_NoStim,0.08468446572251587,0.05244574180619743,-0.15588149426724662,0.08258137272383159,0.07988658430429751,0.13662054210007035,0.18283169978917435,0.046326374236464574
AGCGTATTCGCCCTTA-D2_NoStim,0.03780910837379636,-0.06563035584490429,-0.2824876874502493,0.014015878025430695,-0.043507048814282356,0.11534575001315606,0.033463388016544915,0.00492385957814534
AGCGTCGCATGGTCAT-D2_NoStim,0.07494391771456321,-0.008375210156522428,-0.042084045936968906,0.09208403167782997,0.09912653155355677,0.14645812933079227,0.0595555112706192,0.049101346619359276
AGCGTCGCATGTTGAC-D2_NoStim,0.10609081204705717,0.005560306047911467,-0.026697676744426246,0.03383616511817955,0.115922510669769,0.11422317042948471,-0.06221244652273494,0.0011534168481350804
AGCTCTCAGAGCTGGT-D2_NoStim,0.033872023147475616,-0.022726222917096806,-0.09441474189133636,0.045068685575675005,0.07864122710834032,0.12103571930833379,0.02220731807216625,0.02662893340494321
AGCTCTCGTACATGTC-D2_NoStim,0.04260013819373043,0.0053413985680990095,-0.1634289386704424,0.020741722336559576,-0.032654666672280896,0.18116967904663284,0.050368579420517534,0.03794252623571204
AGCTCTCTCGCGTTTC-D2_NoStim,-0.01739816181260423,-0.051103934807695595,-0.34179858951460673,0.0404052267740056,-0.007622129574356151,0.1793067604881493,0.14010259579761808,0.017676602500829475
AGCTCTCTCTGTCCGT-D2_NoStim,-0.0035996534069546726,-0.025341652346254406,0.020106963292843005,0.007136627994571043,0.04830056692498985,0.0282123190666983,-0.13718741430590864,-0.026304803798755216
AGCTTGAAGTCCTCCT-D2_NoStim,0.04648810020052352,-0.046585695712666464,-0.46818466056862995,0.1129327659479955,0.04232963005831358,0.34850905544170985,0.2081580945993009,0.03353395996037989
AGCTTGATCTTTAGTC-D2_NoStim,0.0796419243397164,-0.01946278587531225,-0.23145720856565433,0.040671537912434275,0.4335758032749055,0.22864674235258242,0.15650216424822805,0.058795658006118856
AGGCCACCAAGCGCTC-D2_NoStim,0.07131230104133479,0.009119979707406856,-0.1601893595225068,0.08904549893456881,-0.010751798259434509,0.20374165731850713,0.027962844461016267,0.03354558478749681
AGGCCACCAGGTCTCG-D2_NoStim,0.03420218196975178,0.06483978971724191,0.1065143638274364,0.012628309525355874,-0.07101154880238525,-0.008625574589579799,-0.04237870604667826,-0.0075638026467039765
AGGCCACGTCTTCAAG-D2_NoStim,0.02772310177456916,-0.004762021295453778,-0.49488538753231204,0.00945074784307387,0.3576006846006621,0.2679826695220697,0.1592266494153458,0.03006955952264434
AGGCCGTAGGAATTAC-D2_NoStim,0.038125497862582236,-0.09478086626561577,-0.45333867592252197,0.051552339104784295,-0.011981297052432893,0.2542671739206366,0.043963576968368834,0.0003870802067229562
AGGCCGTCACATTCGA-D2_NoStim,0.26077896353797314,0.2205790905023619,0.5316840187640555,-0.08967515097108958,0.2068014149869768,-0.03531955593191505,-0.8615731514736815,0.00442845459617125
AGGCCGTCATACTCTT-D2_NoStim,-0.0836729151070088,0.012741894641287388,-0.15212802704449757,-0.09938121387251186,0.05141211232562348,-0.07064313722625215,-0.029277900792580525,-0.08160070170909606
AGGCCGTGTAAACGCG-D2_NoStim,-0.007418747383173496,0.008225024450490892,0.18230752731566824,-0.04686740797500022,0.25950343200155146,-0.005906538167371522,-0.012762006101032952,-0.021333931771065906
AGGCCGTTCGCTTAGA-D2_NoStim,0.08270900674482462,-0.010691012873028427,-0.06725458253139571,0.05925800974399387,0.10872038139673812,0.1711810132864846,0.015172978479132126,0.04412262751207052
AGGCCGTTCTTGCATT-D2_NoStim,0.061490518287055096,-0.002320062538270662,-0.20672588375478362,0.07526995266318792,0.3471660217554433,0.2744296799247774,0.29937075452100537,0.06697261706429458
AGGGAGTGTCCGTCAG-D2_NoStim,-0.09794145260753062,-0.09203265028331842,-0.3875390499560645,0.10110041336146125,0.009660820697270367,0.13271629109661198,0.38820270359139464,0.0682314797545871
AGGGAGTGTTCATGGT-D2_NoStim,0.02118104456491743,-0.014529646763934423,-0.34933776476512257,0.05584663476693841,-0.06057856077930701,0.1844642174422404,0.09392548450423988,-0.0005291600291776888
AGGGATGAGAACTCGG-D2_NoStim,0.019226758294220048,-0.07143463237923697,-0.2205600127515801,0.0508831078799048,0.07165871368531995,0.1470174388352108,0.16042741836200003,0.02242271910827931
AGGGATGGTCTAAAGA-D2_NoStim,0.08681992837341745,0.015707740361371236,-0.388966838534607,0.07633021913463622,-0.08974417513091915,0.17990892992393182,0.014072142860120707,0.023869967684149174
AGGGATGGTTCCGGCA-D2_NoStim,-0.09031478420869199,-0.10107468151929666,-0.5931995516683912,0.09662581125083669,-0.0397868993325492,0.13966840362573407,0.3085582904935009,-0.0034448988890520837
AGGTCATAGAACTCGG-D2_NoStim,-0.019934317373357047,-0.029940857438692348,-0.2800477481249164,0.05422072458999949,-0.014150057312486197,0.1487728839356759,0.06388896156775292,0.01489423397557843
AGGTCCGCATCTCCCA-D2_NoStim,-0.03191911135565917,0.011729069883640975,-0.015832592593632455,0.040141005841903166,0.05565789514885999,0.04097947802719837,0.045362953905436765,0.0018649242803832067
AGGTCCGTCTCCAGGG-D2_NoStim,0.1141781766058827,0.0128741411099913,-0.15573246440366262,0.08635873588841925,0.010719924795298041,0.19578358655218508,0.002664684306389553,0.023764989577102824
AGGTCCGTCTGTACGA-D2_NoStim,0.10706402857938713,-0.022777560701225497,-0.10523328894164763,0.0965714124175463,0.08646211730604847,0.19362997678571237,0.06765160193017428,0.05257864223301212
AGTCTTTGTGCGATAG-D2_NoStim,0.07061576034984185,-0.021371217048447022,-0.31635631006236054,0.07591746871255012,0.035109911020695606,0.24626464623147992,0.06458914160436624,0.02855713392936643
AGTCTTTTCACTTATC-D2_NoStim,-0.052357157447914915,0.020480569604716337,-0.1984632889779956,-0.06741391809816477,0.15453534688169945,-0.025428684983297423,-0.0892010983439846,-0.07415918485199668
AGTCTTTTCCTTTACA-D2_NoStim,0.06081392696900956,0.014521065178168868,-0.12271235959960514,-0.02777611724895479,0.23774837439419372,0.0834159669564265,-0.03164803001268446,0.014790412435040423
AGTCTTTTCTACGAGT-D2_NoStim,0.06768732165657454,0.015633335631406453,-0.025761349447231296,0.08004440548832648,0.0356569027010778,0.1111939072759709,0.012965646285490351,0.030454791579870744
AGTCTTTTCTGATTCT-D2_NoStim,0.06871283791768334,-0.0644909388067667,-0.35965573676219087,0.06616047913908396,-0.03920721312060138,0.21211799318972702,0.014978933355529023,0.01969590320027592
AGTGAGGTCTTTACGT-D2_NoStim,0.1534211266383423,0.061051500310064455,0.08347653369654395,0.11329110815966992,0.0987365457491407,0.12551470772597995,-0.08955014928757965,0.09862148291104056
AGTGGGAGTCGAGATG-D2_NoStim,-0.03426859120809134,0.011951244362045088,0.09858697882576983,0.007567323826240369,0.22612550109164964,-0.0049274847364273455,0.03829948574406927,-0.0012712828531871168
AGTGGGATCATTTGGG-D2_NoStim,0.04712197296872134,-0.054120913623565414,-0.2530073761080178,0.05946723907518958,0.08020832258265997,0.18570390223805067,0.08067419678832977,0.0239021009055147
AGTGTCAAGGCCCGTT-D2_NoStim,0.04899254416199561,-0.033111244001505113,-0.4301205463309099,0.07158715141035898,0.010514075059672834,0.25341119485728747,-0.01704795565151862,0.012080735250366459
AGTGTCACAGTCAGAG-D2_NoStim,0.10337106014106823,0.03764971716436527,0.10389468201094232,0.08032003765149476,0.14450312895649553,0.0738210643646795,0.1632399004332683,0.06258033873326951
ATAACGCCAATCTGCA-D2_NoStim,0.06092562586917616,-0.018902045481880236,-0.24066355708023224,0.02363628941622764,-0.02457163789013883,0.1833515171367761,-0.02503388607206336,0.00867045764277563
ATAACGCGTAAAGTCA-D2_NoStim,0.06852424079398212,0.001232080903717403,-0.08603900276942333,0.07277641755010578,0.08820078405079634,0.13567692358674144,0.015397103260884837,0.024415883130012972
ATAGACCAGATAGTCA-D2_NoStim,0.03098307861930749,0.005480375903683665,0.12131622090128147,0.03180070147603331,0.05582163183484212,0.09508825718267833,-0.10387541621291962,0.01816697645070775
ATAGACCAGTTGCAGG-D2_NoStim,0.08119484022048695,0.061637741141456814,0.011230575385164698,0.042636152782948855,-0.026389151064996952,0.05908499753181129,-0.04513827036657769,0.037580939345103204
ATCACGAAGATAGCAT-D2_NoStim,-0.043893954221900344,0.0454746154406962,0.09579691948857061,-0.08923578860192016,0.06396340041350612,-0.011735989461028495,-0.1291933570446444,-0.06519186093402851
ATCACGACATGTTCCC-D2_NoStim,0.08330224671171926,-0.003009834346267226,-0.20239578513590395,0.09723628193867562,0.3656830445876551,0.24854500252777711,0.1950489197182872,0.09233076369679871
ATCATCTGTGTATGGG-D2_NoStim,-0.016216095484612225,-0.02152222740517651,-0.17360877662935437,0.012488775103216554,0.4009189625199898,0.21949009436956501,0.13548239610004043,0.010292813818781
ATCATGGAGATATACG-D2_NoStim,0.09558833367905173,0.03507392418194932,-0.018689340859356918,0.06987830356521663,0.07792251379260229,0.17358104791567275,-0.0005186794649283399,0.043486170967767634
ATCATGGAGGATGGAA-D2_NoStim,-0.030102564970190926,-0.03543378272292763,-0.10439573950285208,0.05817179229908298,0.024507322031325884,0.1288891504813261,0.13320423644248525,0.03386552554130162
ATCATGGGTTCTGTTT-D2_NoStim,0.06258975021543733,0.069099577191027,0.1996998338694116,0.006680120162661396,0.24878775798235608,0.1255870834784325,-0.016845483590492094,0.01862268330149419
ATCATGGTCTCGAGTA-D2_NoStim,0.012579170490100822,0.03672566367938579,0.014290933169439413,0.06491429607160981,0.1077737849863194,0.12944170033328106,0.12597026502887498,0.05800496090422236
ATCCACCAGTCGTTTG-D2_NoStim,0.05388670770923909,-0.03675275752445728,-0.025081793633480842,0.04559703767247214,0.045897076452146024,0.12396729354377278,0.042619891087644746,0.029444381716920986
ATCCGAACAATGGATA-D2_NoStim,-0.0555895886714417,0.004039890226316345,0.042865590393761366,0.05952610499119082,0.08660696430895598,-0.03130318703460411,0.6296089765057005,0.032751062892703686
ATCCGAACACAGATTC-D2_NoStim,0.12853260451907644,0.04532243535414793,-0.18486670685545903,0.03350764681571583,0.4885086869038062,0.25441968452343744,-0.2342666273810572,0.08936965550956089
ATCTACTGTGCTGTAT-D2_NoStim,-0.04115551569296727,-0.03318588500742692,-0.3391822765039052,-0.03355059637327962,-0.08189830974203538,-0.045142705977477604,-0.14912923775890707,-0.0559609261227525
ATGAGGGGTAGCAAAT-D2_NoStim,0.028894732976004533,-0.0418181142899936,-0.08918505760571271,0.060297954763072426,0.051213753760029235,0.14893977266039293,0.17077676804049613,0.03203514439329247
ATGCGATGTCTGCCAG-D2_NoStim,0.13147539707903988,0.019451032069628837,-0.25360283858570654,0.10068519271319509,0.014374310620828723,0.20752146436756824,0.017428315643441383,0.039898306939981865
ATGCGATTCACGAAGG-D2_NoStim,0.054067492004350015,-0.017489669856519896,-0.32340753996020943,0.0608631934140913,-0.027581028233491622,0.1983804204406594,0.043265528760207506,0.005521368809001004
ATGCGATTCAGCACAT-D2_NoStim,0.12815793600438674,0.10667673260709698,0.004408047198396048,0.07255351111256658,0.06632087681541776,0.09002135904802522,0.027577121629395407,0.02493745392101765
ATGGGAGGTCTCCATC-D2_NoStim,0.21733931556547859,0.0718363761335663,0.1244413803312856,0.10252614678648975,0.0664453631127504,0.10474325881021862,0.008730618788335143,0.055966211612938466
ATGTGTGCAATAAGCA-D2_NoStim,0.036024613879712675,-0.018245530465737403,-0.3545297018746254,0.02939456733756174,-0.04419718225982017,0.09420065507141473,-0.03279476079452959,-0.008982162950603723
ATGTGTGCACCCTATC-D2_NoStim,0.05509796485434393,0.025001231902713528,-0.03997538416515667,0.021656748317969488,0.014761080520736769,0.07949601854796118,-0.08710876220901564,0.03531386182257634
ATTACTCGTCAATGTC-D2_NoStim,0.09187754358207201,-0.006482372450182794,0.022996410992510263,0.12005659230756294,0.0853067291793419,0.17439653468202998,0.07597327567823475,0.05023952327758252
ATTATCCAGTCCATAC-D2_NoStim,0.024042680021160834,-0.05061043091910378,-0.2899752156029045,0.032741168028616485,0.003069148743341188,0.14485056938965268,-0.005014712405619015,0.019858065129868763
ATTATCCCACATTCGA-D2_NoStim,0.02823145017836559,-0.009652677066277704,-0.3923784530010739,0.04512391361543422,0.2006650852489038,0.22813649121219015,0.08059866461881615,0.05150566496541842
ATTATCCTCACCGTAA-D2_NoStim,0.16954956657517428,0.08705586370361651,0.27512556061064153,-0.026233574474048282,0.20480343539522217,0.0604112222949027,-0.17522014520497997,0.007118307142267355
ATTCTACGTCAATGTC-D2_NoStim,0.03547182055919862,-0.04176039942611531,-0.26082813907848923,0.0665837565926033,0.028091744911881378,0.16202480624081783,0.22063788707750298,0.03856481280865687
ATTGGTGCAAGCGTAG-D2_NoStim,0.13595877118512512,0.08331380316504244,0.06682983698876832,0.07802470644202941,0.09479779196088423,0.1328226072066041,0.044562530821753654,0.07247090669548939
ATTGGTGGTACCTACA-D2_NoStim,0.1143862068178425,-0.01608512646459559,-0.4466875761129252,0.1087001799083982,-0.05398314698691209,0.291250721547998,0.02314217486528758,0.03550258337984502
ATTTCTGCAGTCGATT-D2_NoStim,-0.06445858510767088,-0.01971436973472329,0.15116774022626522,-0.03724735651755573,0.016324336661078576,-0.0805799660348594,0.05129368077843033,-0.038695982837900544
CAACCAAGTCAATACC-D2_NoStim,0.064409895904177,0.024959517310858104,-0.1288116729790456,0.05892979396766407,0.05862681122326663,0.1055271438376355,0.07926571084208511,0.049746346573986244
CAACTAGAGACAGACC-D2_NoStim,0.13627034335670984,0.041023108666960795,-0.10582370559631116,0.09833813352262055,0.08642768878844187,0.22900862527428512,-0.014492886280650374,0.04108347392247147
CAACTAGAGGACCACA-D2_NoStim,0.08321095676724966,-0.03234105604062343,-0.42074891384807245,0.06968828064262311,-0.035902558898870396,0.230532950452222,0.021526052911262195,0.0037124897334379625
CAACTAGAGTTGCAGG-D2_NoStim,0.12937233102019974,0.0911113042382663,0.27124466018401705,-0.01822027877046395,0.04807406098617939,-0.09541228888818232,-0.10814287652695764,0.0071964898297895985
CAACTAGCAAACGTGG-D2_NoStim,0.09116064773700394,-0.006334672406115516,-0.17589679354398235,0.08021982438407527,-0.005634936713544647,0.17186021509405514,0.02992234006369099,0.03399053127406937
CAAGATCAGAATTGTG-D2_NoStim,0.056009739059868835,-0.05301042730450867,-0.24613918361501952,0.07343618034486177,0.07369019707444124,0.21666481535689464,0.05419242785558742,0.024074942797160048
CAAGATCGTTAAGTAG-D2_NoStim,0.015360600942337044,-0.013082625232472722,0.04427342182130012,0.09161242481726894,0.4957529723846239,0.1916769648140395,0.09016614746381268,0.08329809510652986
CAAGTTGCACTTGGAT-D2_NoStim,0.08748550868443417,0.0300714595301681,0.03628646932282287,0.07386737320229031,0.09616712681163797,0.15094158486504838,0.09989160646259077,0.06791513855862519
CACAAACAGGCTAGAC-D2_NoStim,0.10826655930893025,0.013990213759194958,-0.20844193156918855,0.08179901844688864,0.0605549395428433,0.19090176710121654,0.005393250890635137,0.03303051816754632
CACAAACGTGATGTGG-D2_NoStim,0.020560332082018462,0.008539712292209956,-0.06732141332228458,0.056580455290569986,-0.08579723329733469,0.0705437201382022,0.06120658902114684,0.008554713084103938
CACACAACAATGAATG-D2_NoStim,0.05000401330339166,-0.013741954319472782,-0.12864528201599512,0.08178435630732395,0.00791116212284848,0.08928896327564129,0.08089673813671361,0.01085363274652451
CACACAATCCAAATGC-D2_NoStim,0.06556710534975707,0.0010215254907723903,-0.21619420616078955,0.08079882350368806,0.04258040058916279,0.22967742575659322,-0.030739678589587704,0.017434710912414886
CACACCTTCTTAACCT-D2_NoStim,-0.0043857327888403574,0.025010587726308486,-0.3296303147741284,0.03223548252526065,-0.18982431225915164,0.21257153843979992,0.3348015279958094,0.015023529526981605
CACAGGCCAAAGCAAT-D2_NoStim,-0.045273916031112194,-0.06404559776056296,-0.10361944640803067,0.016404580581809824,-0.003326995462925808,0.06807855304870536,0.09178944597205074,0.01006191040064941
CACAGGCGTCCGAACC-D2_NoStim,0.016976497872018825,-0.0382020255799862,-0.06792427114949895,0.01094912755812949,0.10537881013506123,0.12007800937162916,0.028719014342027727,0.001978787688640793
CACAGGCTCAATACCG-D2_NoStim,0.07234071026556776,0.011416497300896111,-0.023115868214633295,0.04959406793324206,0.07126770213639766,0.1652219400429642,0.13899946576492272,0.040879170332519976
CACATAGTCTCTGAGA-D2_NoStim,0.0062504775851977,-0.06253793372423289,-0.13816768408576507,0.06090376456309876,-0.005671711763620024,0.1545065510686161,0.22268034334465625,0.02071204851313624
CACATTTCAAGCTGTT-D2_NoStim,0.023110900833188452,0.0023428189796863563,-0.09699850556840772,0.15459718627003127,-0.12584069952102972,0.27112449162763674,0.32662575275889694,0.05895876851700166
CACATTTCATCGATTG-D2_NoStim,0.07604877981797742,-0.0028341954452208995,-0.1101830437214506,0.07102000792106367,0.05449290141312346,0.13153728392961472,0.0005636125695911431,0.03766445675703345
CACATTTTCGAACGGA-D2_NoStim,0.028671640764194706,0.044356643239138904,-0.19909316091537832,-0.054709147349599974,0.036373432744332135,-0.008328315388689056,-0.16523179272903477,-0.037465012034868295
CACCACTCAACTGGCC-D2_NoStim,0.02108122129334511,0.00024199276628067423,-0.04510990564489248,0.006309948299623613,0.10110031828634014,0.12211916028002268,0.06389218228395865,-0.0036677052868601123
CACCACTGTTCAGGCC-D2_NoStim,0.07383291658627655,-0.042405297062245495,-0.34610208905479567,0.018238200531374815,-0.0819352363006125,0.16512919157678052,-0.03066256717992122,-0.015178856392482842
CACCAGGTCCTTTCTC-D2_NoStim,0.02580635615448479,-0.03318906344635231,-0.44111799000465446,0.05186576641675167,0.033980200208366895,0.24605477476697146,0.11894973106059137,0.03700603561350668
CACCTTGAGTGGTCCC-D2_NoStim,0.10984702385180967,0.0057049192142297755,-0.2385477759946042,0.0777099403186341,0.006736071294204393,0.2101063216499055,-0.010517721389192936,0.02318822328228265
CACCTTGCACGCTTTC-D2_NoStim,0.036018647578636376,0.030204229333481436,0.1633302603539768,-0.0882875643222647,0.15850395249453975,-0.13527150295368795,-0.255663517537287,-0.04261355457484761
CACCTTGGTACAAGTA-D2_NoStim,-0.007198953954500098,-0.03486886393324973,-0.27966482715865126,0.07339590649372241,0.016906899486841098,0.1735606989772691,0.013484545312565821,-0.008248134742975921
CACCTTGGTTGGAGGT-D2_NoStim,0.042739469252293105,-0.02999318218685154,-0.24442766082052358,0.06302735420649341,-0.01299403736330973,0.1642870672807515,0.053904734107968366,0.036165784870734186
CACTCCATCTGATACG-D2_NoStim,0.08347901137593539,0.05939668494617756,0.11120952453209831,-0.032829770182990714,0.13091773535103712,-0.009613806506041378,-0.20669703508129356,0.008759340384798975
CAGAATCGTACACCGC-D2_NoStim,0.11699056945099073,0.06605524226942272,0.08588788847202444,0.03545841651689763,0.16540515480584084,0.11377897068994702,-0.15581330706534224,0.03506618818336271
CAGAATCGTTATGCGT-D2_NoStim,0.0657057376771828,0.0013887251995647887,-0.02613672948101886,0.08985342804359497,0.0888066749599723,0.1971052342962487,0.17677144915032184,0.057900848348802825
CAGATCAGTAGATTAG-D2_NoStim,0.08686122186031042,-0.013612566481828736,-0.3828749086173566,0.06999368122348493,-0.03830699252674208,0.22367630144172512,0.03261225315120386,0.00773126427392512
CAGATCAGTGGCGAAT-D2_NoStim,0.11107834237039604,-0.031377480054560536,-0.28895229983624127,0.11087643481330112,0.004261586939840356,0.2232090816943506,0.05864562401729412,0.02478502157961593
CAGCATAGTAAGGGCT-D2_NoStim,-0.07182630302215465,0.04787536925667801,-0.02212909568288346,-0.1624206810460347,0.2395376719773452,-0.06724285717099399,-0.2222968482793366,-0.06826345700971714
CAGCCGAAGATGTGGC-D2_NoStim,0.07874158074484505,0.03342178969012721,0.10749439288121465,0.06333974591598057,0.08438373776812114,0.07315168452627674,-0.07521972991427894,0.05642744843562397
CAGCCGACAAGCCCAC-D2_NoStim,-0.02620405870321818,0.036506826475971366,0.05546718463440392,-0.06381352838780785,0.058680367081853646,0.004942795996273119,0.022452253262957633,-0.03492300282470673
CAGCCGATCATAGCAC-D2_NoStim,-0.08982170786851107,-0.05834534191080998,-0.4771452453871685,0.15870813391962102,0.042099703236925023,0.1896973437111189,0.3454998593427572,0.027457038448403637
CAGCCGATCGTTTGCC-D2_NoStim,0.10381281803481279,0.0468016977897765,-0.13818510893053215,0.08424600317094466,0.115665370675897,0.14414691717315886,-0.07253171450860041,0.041525052542864316
CAGCGACAGAAACGCC-D2_NoStim,0.10514825749541146,0.051528486243046956,-0.20937956388238632,0.03312363834005261,-0.004414284788916589,0.057527695825068115,-0.09482759036268096,0.021432422891770386
CAGCGACCAAGTCATC-D2_NoStim,0.09708216002349879,0.07280120515303601,0.15357185722245958,-0.05560161869013314,0.11440007520711326,0.028160537598550306,-0.3313441147190277,-0.02109727863381039
CAGCGACCAATGGAGC-D2_NoStim,0.010964499429487518,-0.04038480218037854,-0.06944373018548511,0.038034711226281104,-0.002165733963003902,0.03751283335790312,0.04218489092730682,-0.0050292925785715425
CAGCGACCACTCTGTC-D2_NoStim,0.0640718668772351,-0.02488279742917321,-0.4638672435116611,0.07734570785047978,-0.06563574549595685,0.21632236204224053,0.10559335810720993,0.010773879840897393
CAGCGACTCTTTACAC-D2_NoStim,-0.01606600911856404,-0.07553740297374034,-0.027401364043075915,-0.018452097262253275,0.08767596508069175,0.12367699838042334,-0.0005076944232529357,-0.017318835431868962
CAGCTGGCAGGAATGC-D2_NoStim,0.036056886869086924,-0.027736891811134257,-0.14141425415396291,0.048738755778472864,0.07979625766692777,0.16044560964862242,0.02164770477185929,0.023273707202692506
CAGGTGCTCTTGCAAG-D2_NoStim,0.09380350736256204,0.03564306557187713,0.00707990105130385,0.05664305246719792,0.06682546232997666,0.09534039356626067,-0.07852269205491513,0.04904844098335914
CATATGGCATCCCATC-D2_NoStim,0.11555259051663036,0.06540329223966879,-0.140298887181995,-0.010430929753018958,-0.061848272803930016,0.016890602691860934,-0.07827421256099054,-0.010911172179936202
CATATGGTCTTTACAC-D2_NoStim,-0.012584881510639079,-0.05478436408811049,-0.3406134866410717,0.04281152759462259,-0.04094475980429024,0.20648048549869902,0.1640049590697017,0.0008627138738219742
CATATTCGTACTTAGC-D2_NoStim,0.06689686812983453,-0.021442657379378005,-0.1724869513106828,-0.005495637756315119,0.3818627770009062,0.11862095545888707,0.1333230598318771,0.05175588144637189
CATCAAGAGAATAGGG-D2_NoStim,0.09542691533262726,-0.025145824200768274,-0.10013996902457833,0.10275671224778904,0.06155864859451121,0.16159041841558963,0.0673171073322325,0.042997628727158954
CATCAAGCATGCCTTC-D2_NoStim,0.02894192938561524,0.027803787437969518,-0.004013161906300411,0.04165623796012774,0.013748251154012792,0.10874969887377617,-0.028161027610859257,0.000736104656800407
CATCAGAAGGCATGTG-D2_NoStim,0.05078015143478609,-0.06627121338336295,-0.11260539742687037,0.08236631911792713,0.0556835427951512,0.1599158802332301,0.024873945364578987,0.03701942954120341
CATCAGAGTAGGACAC-D2_NoStim,0.07839589796157576,0.011725106614312253,0.03831704697419802,0.07480481847162324,0.12496878166693293,0.13929115043838358,-0.08227783718575399,0.029642995531478533
CATCCACTCCAGAGGA-D2_NoStim,-0.08818505015568157,-0.12767408542478087,-0.5398342438218453,0.13064833994350522,0.29309327586815037,0.34754544953909416,0.3526453677841479,0.05760211316756347
CATCGAATCTCCAGGG-D2_NoStim,0.07957989319698378,0.04216506844792356,-0.05697055701566889,0.009234893246276243,0.14192552857848995,0.11620365978280667,-0.21957453809888428,0.008264586976242327
CATGCCTAGGATGTAT-D2_NoStim,0.11216081532242939,-0.0011787632779522994,-0.2668136478100305,0.1145337639506856,0.47024194384772855,0.36051922850646356,0.22988436024212255,0.1038914492069889
CATGCCTAGTGTCTCA-D2_NoStim,0.1460313025134088,0.08087960438835573,0.05767794385761604,0.05794863322239685,0.06692410001247318,0.0915371998032537,-0.07970780076905193,0.016357328477555555
CATGGCGCATATGCTG-D2_NoStim,-0.018558177471170723,-0.03976759031473698,-0.147897078767528,0.009403128775673508,0.07832141471421572,0.18085186397907727,0.08947472332655071,0.0038188421472415968
CATTATCCAGTAAGAT-D2_NoStim,0.08434552907574044,0.06162058000328052,0.08482690241791246,0.09861963620129188,0.08226980215287583,0.11826048246647858,-0.061132382712123956,0.04419452827280068
CATTATCCAGTAAGCG-D2_NoStim,0.04747533662625436,-0.00977218712948158,-0.08012926428169997,0.07216882609666975,0.024457436215842066,0.12864828143674067,0.009610053873530422,0.02215954181666291
CATTATCCATGTAAGA-D2_NoStim,0.051719953527808116,-0.01831782670270421,-0.0919471619417731,0.09916665643998357,0.08452978375031606,0.17038006393583238,0.15892884980869315,0.04576671024811496
CATTCGCGTGATGTCT-D2_NoStim,0.026407830942183352,0.008846368704849894,0.012447269673048211,0.024106759656858046,0.2221878188121149,0.13267384965461382,0.037115826118699236,0.014093939574426173
CATTCGCTCACAATGC-D2_NoStim,0.03545378052261228,-0.09135582071448312,-0.37030587544192883,0.06247488246704869,0.11138167754865158,0.28216978229974554,0.10854195556850321,0.01729787495467683
CCAATCCCAGACAAGC-D2_NoStim,0.07979818910689751,0.00948216161344817,-0.16166720412189228,0.06919099700514408,0.006835904134632642,0.1669715416030355,-0.02910697292089459,0.02017196717014258
CCACCTAAGACTAGGC-D2_NoStim,-0.07830852588044834,-0.12959912083168668,-0.26793304551042496,0.09466174881263711,0.06323778447933392,0.13094348938220346,0.4798359369654923,0.05089701800152113
CCACCTAAGCGTTCCG-D2_NoStim,0.08628086641960131,0.016713021398185646,-0.08851846240044914,0.03189836747204744,-0.023835935937643882,0.137860723630169,-0.023557983478771582,0.0009564759929965305
CCACCTAAGTGAACAT-D2_NoStim,0.08364037222885123,-0.05429792475565165,-0.4056757593957876,0.08989988552913353,0.04804423081991516,0.2931375804814973,0.17218818513053336,0.0345241058058221
CCACCTACACGAAGCA-D2_NoStim,0.06187666371491218,0.027784953593542383,-0.020561317577417526,0.05434557223070158,0.06555974686819077,0.14492852088358354,0.08628106028838944,0.03195153354873703
CCACCTAGTACCGTAT-D2_NoStim,0.08009625511822804,0.029322348901237305,0.28149581099534515,-0.014590384038957183,0.0382201936629194,-0.10911663503749658,0.1624778838910661,0.033360027706391904
CCACCTAGTGCGAAAC-D2_NoStim,0.06257823606796897,-0.012877342072282971,-0.2072026951127821,0.06967027346577126,-0.011286571667346479,0.12474167474459907,0.0386172563054874,0.010840746286357117
CCACCTATCTCTAGGA-D2_NoStim,0.11793038953172541,-0.03273719770395722,-0.41799043435712413,0.06840119901577602,0.01749914254784457,0.2751950626764703,0.0975383448969307,0.07000175379540785
CCACGGACAGATTGCT-D2_NoStim,0.03413571860001774,0.018398409738324517,0.028929452028553015,0.047451169848139685,0.08477189288475451,0.0376879209991845,-0.025258768209175386,0.0015140931598569551
CCACGGAGTCTTCAAG-D2_NoStim,0.09160716645064326,0.02191074508444757,-0.12228738518123272,0.006044752487616378,0.027958778534189932,0.15611467686933977,-0.09539463004153603,0.004580112643097323
CCACTACAGGCGACAT-D2_NoStim,0.09341626741210973,-0.026755470506467205,-0.17377254948087817,0.07979441472736148,0.010100221719733682,0.21381725902494164,0.03466699123775996,0.029120361532637418
CCACTACGTAACGTTC-D2_NoStim,0.08809994669223187,0.012941564197392452,-0.3183262688527364,0.10629026537490383,-0.02737154797259933,0.07127960888018503,0.06898641103473224,0.03838776759106466
CCATGTCCAGCCTTGG-D2_NoStim,0.1447481528426895,0.05278746729456252,0.0965233820910747,0.041319987345790565,0.1400850897091459,0.11848922970533238,-0.15618648874533658,0.019027353804339953
CCATTCGCATACTACG-D2_NoStim,0.09018852978122993,0.010769263435271625,-0.035014867373559966,0.06200357090073183,0.1116811722838893,0.11401744586881435,-0.05031521371584757,0.028621930109721916
CCCAATCAGAGTGACC-D2_NoStim,-0.0279760140313563,-0.03557116953496653,-0.1213757776540092,0.06060253899206813,0.014412760862482443,0.13496115513070173,0.20729343368997366,0.03595317251799912
CCCAATCTCGCAGGCT-D2_NoStim,0.08087638882360615,0.03073823709644863,-0.12556111308097861,0.08512379614517585,-0.012027184202823449,0.16572055513331296,0.08205475879189095,0.033924294660437226
CCCAGTTCATCCGGGT-D2_NoStim,0.009288054456609629,0.007265103453164556,-0.3999303813126893,0.036589638346219644,-0.12516693291865089,0.03247535322382333,0.032566977811560704,0.003221383671414557
CCCAGTTCATTACCTT-D2_NoStim,-0.026572580044652128,-0.020282016593018426,-0.02586801589215426,0.057085998802303806,0.1366809447142625,0.1336747976577799,0.29076568868532604,0.039253620738039174
CCCAGTTGTGTTTGGT-D2_NoStim,0.05411868995083324,-0.055974513745244536,-0.6155904338265952,0.17268014191023262,-0.03607712247893069,0.3140294364976306,0.3771881296506594,0.07234077962973551
CCCAGTTTCATAACCG-D2_NoStim,0.05777531785269474,-0.007482780450990489,-0.14911342900433056,0.06953585515431016,0.03109584995306136,0.1731748574790819,0.005745183973271839,0.00978041728442669
CCCATACAGTGTTAGA-D2_NoStim,0.054320790631349425,-0.005759342542983603,-0.11293070634389757,0.09755440592064168,0.09809670947147886,0.19861714505755135,0.0551443220390162,0.05332978567695612
CCCATACCAACTTGAC-D2_NoStim,-0.05484542221750388,-0.12586184286922197,-0.1401038198891662,0.04727261120628512,0.05421633409046045,0.07911765365783019,0.32040420364727407,0.04281611903074989
CCCTCCTCACTGTCGG-D2_NoStim,-0.04907061883699804,0.00866368602099854,-0.0981537472782037,-0.010727861227866953,0.18205822337895228,0.09382401821755337,0.09597641944532409,0.0014793752840329688
CCCTCCTGTAAACCTC-D2_NoStim,0.10837323265067589,0.014379367486885286,-0.10259880954287759,0.03072880073086459,0.08710818050601965,0.14305878174183295,-0.10346682753532743,0.010488336544380417
CCCTCCTGTCTCTCGT-D2_NoStim,0.07760627398229225,-0.00956243658578515,0.016618882110236655,0.05940221152131819,0.08995230455979275,0.13627108579813907,0.11270674118500068,0.03463672322025246
CCCTCCTTCCAGATCA-D2_NoStim,0.06913947668398102,0.00015610380974173665,-0.43354349461736064,0.05938619559490199,-0.06329761791789501,0.07410430057729833,0.061377906512779745,0.007005726870909612
CCGGGATAGGGCTCTC-D2_NoStim,0.02820242134105655,-0.0032917238096885626,-0.005976006429396108,0.082524441091266,0.06973925703630535,0.16668901722806861,0.16696706828893504,0.023738593741548186
CCGGGATGTTCGGGCT-D2_NoStim,-0.011063202612062284,0.028888582967306675,0.1902524980992979,-0.0826440144232432,0.08514347276655698,-0.00938973703946111,-0.0356068354503174,-0.016190788244088594
CCGGTAGGTCCGTCAG-D2_NoStim,0.03360688292589309,-0.02782344901940803,-0.3938833524524199,0.0694214978300085,-0.019781623785686264,0.208846631103075,0.0693819855215998,0.009254606016707356
CCGGTAGGTCGAGATG-D2_NoStim,0.07931996006911746,0.044263262498839495,-0.005575431016421106,0.048543126874584175,-0.030094587889532676,0.017714594249323312,0.0024520542527417533,0.025201624016050417
CCGTACTGTTGGGACA-D2_NoStim,0.09596054685817812,-0.008123186237090962,-0.32335810847037116,0.09856227008047647,0.03824912284747661,0.22273959687855172,-0.0031636320347390168,0.029074180893672974
CCGTGGAAGAGTCGGT-D2_NoStim,0.016550662860790766,0.01856720113119259,0.0950538567264978,0.01729480601218647,0.0142652644655481,0.13423107869127726,0.09804062455240636,0.03242133399267644
CCGTTCACACAGCCCA-D2_NoStim,0.08861828348145373,0.013176022448815772,-0.4270940689698932,0.08453915483499053,-0.05086531349688883,0.20379170616277342,0.011839626400322878,0.048100350302505035
CCTAAAGAGTGTTGAA-D2_NoStim,0.0056164970940120185,-0.05533737761759738,-0.4491973039450414,0.09537633468654505,-0.053433541783538985,0.31724188644903606,0.15653261112933503,0.020522659093339612
CCTAAAGTCTTGTTTG-D2_NoStim,0.04031416252229114,-0.08047706889983175,-0.5557229474319847,0.07770800725303317,-0.03154802117371602,0.2532768842367812,0.08409525080306901,0.0018113992433281823
CCTACACGTTAAGATG-D2_NoStim,0.029404990891764626,0.056157553121815695,0.12819678393046452,0.06731506107173146,0.2672630875485851,0.17077929936398117,0.05273903831014426,0.04024446380187463
CCTACCACAGTATCTG-D2_NoStim,0.05887456376252942,-0.07247850851283033,-0.4226424023050477,0.091827588150732,-0.03800472286814838,0.2904317859444854,0.12806081436732342,0.023247556169676997
CCTAGCTGTCCAGTGC-D2_NoStim,-0.1284244164710735,-0.15315786413263766,-0.5376453027708941,0.12375632931689573,-0.06363900863654592,0.2786582024240971,0.6867719042113007,0.02835925616781232
CCTATTACAGCGTTCG-D2_NoStim,-0.10459909881226892,-0.13222222130850092,-0.10301960847980318,0.058628122771279934,0.031754893828525255,0.13410154325855572,0.46055026574801516,0.009496406243151512
CCTATTAGTTATCGGT-D2_NoStim,0.08193990176261146,-0.02787456156925039,-0.23216428418527357,0.05136482544834031,-0.028430444725959347,0.18482858866186724,-0.020102539494097016,0.0011123397474062102
CCTCTGACACGAGGTA-D2_NoStim,-0.025806587890036425,-0.04404571028250359,-0.0650849492636354,0.10071147242554623,0.04508372995205434,0.1273624401374196,0.35175389751585673,0.07866452994692708
CCTCTGATCCTACAGA-D2_NoStim,0.007082434360986767,-0.017480880946409982,-0.44296710080822344,-0.0031844892848233997,0.4279338876254286,0.3058647512334449,0.0517921983476155,0.020706165075313976
CCTCTGATCCTTGACC-D2_NoStim,0.07081413080809895,0.03733048362615854,0.03745110152718922,-0.008095998438465202,0.14466364027301992,0.04742066946693413,-0.10764074818898628,0.009772606558946961
CCTTACGAGGTTCCTA-D2_NoStim,0.03422137452357177,0.0353208285872082,-0.06275573589085326,-0.02997376951950237,0.12265691002220258,0.032920419796936606,-0.16172720375715155,-0.050206854481436025
CCTTCCCTCCCAACGG-D2_NoStim,0.05839452168147119,-0.05208695382548001,-0.29617355515146215,0.03523865694944206,-0.0011334988264959378,0.21159250569613963,0.04346430425620573,0.0029830754939172976
CCTTTCTTCTAGCACA-D2_NoStim,0.05818900080436151,0.018560232349349448,-0.27987563700762763,0.031870499898611016,-0.03809065833233127,0.035167432119870945,0.03574024740294224,0.010201062061467425
CCTTTCTTCTCATTCA-D2_NoStim,-0.009517412179025797,-0.03497246331383508,-0.4699771100114791,0.09716789756809874,0.012142315506986634,0.19065281748952057,0.1568399154309139,0.056885149665188095
CGAACATAGCAATCTC-D2_NoStim,0.13304512386402756,-0.05884084984819715,-0.1454557238980314,0.1179874817329356,0.08022668725421056,0.25082985245638856,0.06429623658694883,0.054783411516933
CGAACATAGTGTTAGA-D2_NoStim,-0.018056873023303055,-0.034760869981541376,-0.23373900766860167,0.09977269755377627,0.024702508511776244,0.17600222858208348,0.11362480911637363,0.04394846553942067
CGAACATGTCAATGTC-D2_NoStim,-0.0806240738830386,-0.07367823400919526,-0.7362586996417697,0.18202322270540172,-0.07022395202542064,0.39579206454781257,0.4921550478936281,0.051015964219818244
CGAATGTGTGGGTCAA-D2_NoStim,0.07135394777656323,0.053202712613678926,-0.09136977373507982,0.0195336022932171,-0.06468837888860257,0.039127857531887855,-0.19531602136239634,0.003850488372977523
CGACCTTAGGTGCTTT-D2_NoStim,0.05799649081876268,-0.009310092451833896,-0.1409345207788597,0.05820469873645173,-0.017875578738827613,0.1623037570025474,0.016117284590952075,0.013176564109498301
CGACCTTGTATAAACG-D2_NoStim,0.02867656216299963,-0.0009032341423953483,-0.09907213859669106,0.06930938671068354,0.030261902764769033,0.08369466932869507,0.040183192501519915,0.006259681476754153
CGACTTCCACAAGACG-D2_NoStim,0.1151322648430888,-0.00670582584815449,-0.08346491392786604,0.04604630403023613,-0.08427028178702223,0.11670268190062849,-0.010139495294728462,0.012741287155741077
CGACTTCGTAATAGCA-D2_NoStim,-0.01708515981488823,0.02333080837460777,-0.07864054231089668,0.06281874739606508,0.16733316508368645,0.20764209409962042,0.3031255417878693,0.014288904801835756
CGACTTCTCCAGATCA-D2_NoStim,0.0320995078329549,-0.015523155617451323,-0.25836261526516324,0.049472865405618904,-0.009288893934808584,0.11200648205784525,0.01259014881058107,0.013543088181030782
CGAGCACGTAACGTTC-D2_NoStim,0.06313150584724703,-0.0717068871738924,-0.2637670212281247,0.09214854909566306,0.042077217428367675,0.22341256643809793,0.09879666800640985,0.020958611224454415
CGAGCACGTACCGTAT-D2_NoStim,-0.007824061767143675,-0.0928316963059963,-0.22234687296568012,0.05629957496357463,0.05234831781537075,0.19218338333661045,0.1284840565545986,0.023002141721644165
CGAGCCAGTATATGAG-D2_NoStim,-0.05119509049033333,-0.019404352059856578,0.0629714724866659,0.0014944244398105155,0.2638285081267071,0.09227656611526491,-0.057633321626467726,-0.015923182199390595
CGAGCCAGTTAGATGA-D2_NoStim,-0.08357828792769162,-0.08436187411959573,-0.017699013720942958,0.06629790153961679,0.08443813458744565,0.0971841906755273,0.4370619067597099,0.009961106962343536
CGATCGGAGCGTTCCG-D2_NoStim,0.03808996987726587,0.00360989110254728,-0.057596688500293425,-0.009377060448267471,-0.00480891888081203,0.024245728567450442,-0.051416029345524805,-0.011874197296929623
CGATCGGAGTACGATA-D2_NoStim,0.010083768647129787,0.045705149699697856,0.09221886235908805,-0.016863385605557113,0.08774811603412758,0.0006204534652392013,-0.18703027006345696,-0.0038642784897362503
CGATCGGGTTGATTGC-D2_NoStim,0.013362928360354687,0.04902776910436479,0.046561371586753,0.0008513712763686954,0.31705931185014613,0.1048727913381784,0.061932286808112025,0.01323309803196615
CGATCGGTCGGAATCT-D2_NoStim,0.06944535313832745,0.008547115103182179,-0.19483857272153848,0.06358724337237653,-0.04849753329758144,0.12353944298328923,0.021353530239940355,0.021460055404258327
CGATGGCAGAGTTGGC-D2_NoStim,0.007116941401836385,-0.04675917073937441,-0.3527387306237131,0.034095100498499065,-0.060469092368480304,0.13823309122791372,0.013132719893008904,-0.014742434424730888
CGATGGCCATTTGCTT-D2_NoStim,0.007435355087565654,-0.009091868447395512,-0.124642388027695,0.08398031523702265,-0.020447767398446004,0.1268013371581631,0.0811347099587163,0.024767338659593463
CGATGGCTCGTTACGA-D2_NoStim,0.08612588554276535,0.010047084221644909,-0.3413724873260886,0.0990553749470724,-0.029690059050523132,0.21096002233728584,0.03506503231400604,0.030818550871321904
CGCCAAGGTAGTACCT-D2_NoStim,0.1277957581163669,0.05155026263545537,0.09055891341339972,-0.010275139221816332,0.14973605856548033,0.043507195932555476,-0.06499221446327219,0.0035025305672657936
CGCCAAGGTGGTACAG-D2_NoStim,-0.04196948238052123,0.019225810455692383,0.035981777641660884,0.10818963557966299,0.3362101548573939,0.18589293230344506,0.1630357326137961,0.0027476871007312553
CGCGGTAAGTGGAGTC-D2_NoStim,0.005897299494971975,-0.05427437306826377,-0.03630371968097457,0.07022329294890284,0.03036514785604183,0.1383375227317467,0.061098300855387144,0.037483740193884785
CGCGTTTAGCTAACTC-D2_NoStim,0.02316164810244814,-0.011780682428531364,0.044738201852414505,0.041663799359820786,-0.009954566911160256,0.028516086482373026,0.035353987372298334,0.017039447587468004
CGCGTTTGTAAACGCG-D2_NoStim,0.042345729631046325,-0.08083845606713957,-0.5609386898480562,0.1640437508996726,-0.025367837345120492,0.27236261034372067,0.4290167625720862,0.046872548755427346
CGCGTTTGTCGGGTCT-D2_NoStim,0.02147504432975289,0.060337314889771676,0.035815359392548984,0.013580506781238455,-0.03062451599320859,0.02242585770982508,-0.13708180898547884,0.03994710626366604
CGCTATCAGCCAGGAT-D2_NoStim,0.06733070077339498,0.007988131224875517,0.12679053712602517,0.06749646915694285,0.49271537485182826,0.21813551484215132,0.1607218011886582,0.07109994232877703
CGCTATCTCATGTCTT-D2_NoStim,0.04274844657911103,-0.06736223993944535,-0.4697646505907045,0.10739806917808004,-0.10009254260474165,0.2789388960800574,0.12580226981790998,0.03022064855931461
CGCTTCAAGACACGAC-D2_NoStim,0.051985417586960736,0.00502253092401439,-0.14857399718515296,0.04009627200145971,-0.023605365056370786,0.10928630150604945,-0.01474916084631861,-0.0014899037258278014
CGCTTCAAGGAGTCTG-D2_NoStim,0.02691996823564402,0.04941397906417677,0.21571603543690543,0.05175459536920357,0.22532276679705276,0.14630761523108315,0.04348714336930559,0.033490024426169995
CGCTTCAGTCGGCACT-D2_NoStim,0.0820670246829156,0.012844993296509344,-0.07803448976727445,0.07480299387703582,0.11597308020758668,0.2171320028692545,0.0024645882498388616,0.0373391103739511
CGCTTCATCTTCCTTC-D2_NoStim,-0.02084307633144533,-0.05076492799130072,-0.1692463961119941,-0.0541662739108979,-0.013332336821935797,0.05600021384800602,-0.1031657452554624,-0.04015348375815897
CGGACACCATCTCGCT-D2_NoStim,0.04728132023182141,0.007371264187819193,-0.15160181071923873,0.07803524212863877,-0.009399120397734606,0.15317315082572058,0.07120243408808236,0.03326143615407062
CGGACACTCCTTGCCA-D2_NoStim,0.08200166475453408,0.00518330055510674,-0.08597109732753161,0.05514593377917443,0.08998086852009024,0.12812863118571283,-0.008939306617978815,0.04196771870226179
CGGACACTCTTTCCTC-D2_NoStim,0.0860815483174413,-0.011568347340531915,-0.23521310928422068,0.07234856176475013,0.05220819660585896,0.15043127052524508,-0.002960345843948886,0.02306915073634741
CGGACGTAGAAACGAG-D2_NoStim,0.015531551028086454,-0.018805749230166313,-0.2724484640487024,0.04654142036665121,-0.03266277685465013,0.16303561451836934,-0.020749305789657946,0.0021069874715475834
CGGACGTCACCAGCAC-D2_NoStim,0.13617079282410138,0.07815502588659129,-0.0725230319990473,0.07221107197423393,0.10017110068487867,0.11133346938416189,-0.062066213720647134,0.024051977786099243
CGGACTGAGAACAACT-D2_NoStim,0.06707928911134964,-0.023025342798145942,-0.2810844670230015,0.07005650581675305,-0.05429245970251628,0.19680619483144657,0.060499728323052615,0.014282243042435638
CGGACTGCACAACTGT-D2_NoStim,-0.02408813419100042,0.08610629508673995,0.21268844776650653,-0.026567085979650074,-0.12696798558725853,-0.12613571432280501,-0.074904553135684,-0.02740250283992296
CGGAGCTCAAGCGATG-D2_NoStim,-0.03347068921063823,-0.050947253503025536,-0.11801288542617883,0.0025332783929599145,0.10278885851829145,0.13686252525035414,0.07925777200820594,-0.01180354765726932
CGGAGTCAGCCAGGAT-D2_NoStim,0.0874951552811396,-0.014562818957745804,-0.18991096691024012,0.09070628325423336,0.03641049679560027,0.1818104434946255,0.06360227419107778,0.03416904298179446
CGGAGTCGTGCTAGCC-D2_NoStim,0.0063492766202362105,-0.04762701899108457,-0.026854167978955346,0.06927270841926791,0.03373779682460487,0.1227908519906622,0.17947027305562813,-0.010516173674327334
CGGCTAGAGACTCGGA-D2_NoStim,0.10223802409096194,0.02155575261930842,-0.048118721922486785,0.06843589876910805,0.03182949393372425,0.14707857845413752,-0.0066769652647105104,0.02784007915517428
CGGCTAGGTAGCTCCG-D2_NoStim,-0.06006868837080859,-0.11187820363108791,-0.26819433740037546,0.05419213532578837,-0.009469368665667943,0.153175067982545,0.12654287818543253,0.02382716752074643
CGGGTCAGTCGAAAGC-D2_NoStim,-0.03576814618757851,-0.05909559508590867,-0.020197790515297243,0.03373314513911829,0.05512839090307864,0.10108539209195211,0.2675336333907934,0.001259330434841388
CGGTTAATCACTTACT-D2_NoStim,0.13787656365296996,-0.02818800178092573,-0.10052727244227455,0.0950610957489868,0.08416922163576857,0.23668749039066128,0.020743400185275984,0.049048331109588617
CGGTTAATCCATGAAC-D2_NoStim,0.07053378199061378,-0.012681934537649653,-0.28904059257993886,0.08819930121521402,-0.05677801539469485,0.14366039401049502,0.012137011222091765,0.012331214319249995
CGTAGCGGTACGAAAT-D2_NoStim,-0.05304989604755228,-0.08870850322528234,-0.30787642176332675,0.07798129806945475,0.004502841112584477,0.1471057964747402,0.2676527238684425,0.03362610117745923
CGTAGCGTCCTTTACA-D2_NoStim,0.008844190631378979,0.006826761851156604,-0.04207862935287032,0.04484293481253765,0.20644129017717106,0.09440232334818344,0.17626516317911278,-0.0008486731196413189
CGTAGCGTCGTTACAG-D2_NoStim,-0.06484087296787244,-0.08175643315763637,0.013294041193175232,0.02885059910329346,0.04449785489130953,0.12600519871243065,0.26220645062317516,0.014636315556858293
CGTAGGCAGCCACGCT-D2_NoStim,0.027758691100387978,-0.02767694439114443,-0.07058841520617243,0.060801082532666584,0.028646727060216648,0.08313059242972898,0.06705860545419284,0.0015536991447397952
CGTAGGCTCCGCGCAA-D2_NoStim,-0.005479609289144705,0.06716654967597435,0.19735412955027876,-0.15930042555046064,0.17392899941902584,-0.14008867202775477,-0.12170782704713012,-0.05667257406370396
CGTCACTTCTCTGTCG-D2_NoStim,0.05657815052102144,-0.009404937039649397,0.06672587273808972,0.0806254847195298,0.13307787066604604,0.13424840358183587,0.18883665728564303,0.05526667771769844
CGTCAGGAGTACGTTC-D2_NoStim,0.04776247233269615,-0.042815334571644215,-0.11262584775450613,0.06339133243574935,0.06574109092343328,0.13004879384055368,0.1564734194544064,0.025968984187221267
CGTCAGGAGTGTCTCA-D2_NoStim,-0.007607592839901756,0.02494786685332606,-0.11439602917239888,0.030884857465794724,0.41454388157340105,0.20573147953919424,0.08972421674577813,0.05127543494454834
CGTCCATCACTGTGTA-D2_NoStim,0.07359849466092072,0.05046758198846568,0.04302411061821765,0.0014914897436657526,0.04154959214423215,0.0027758682632956777,-0.06912724887039712,-0.028599237801829602
CGTCCATTCGATAGAA-D2_NoStim,-0.04317132218799813,-0.009036231672235218,-0.33924274175689995,0.06555808242683447,0.08073148169584599,0.22184819817273294,0.11121174871053174,0.032239935810345344
CGTCTACCAGACTCGC-D2_NoStim,0.00934031029282778,-0.0688917650603198,-0.02308408153247754,0.07296340069759921,0.07849877111387826,0.13405651192768708,0.17199381295264615,0.0059594881077931205
CGTGAGCAGTTGTAGA-D2_NoStim,0.021744300966119567,-0.018330682629192907,-0.21510197107560103,0.04052328363891178,-0.028529923209903885,0.14108512735548295,0.030318362110730135,0.009993676676817387
CGTGAGCCATGTTGAC-D2_NoStim,0.0332546263671567,0.09308266828214329,0.30599449598469874,0.01502173381250671,-0.07713833560004701,-0.1295217645904927,0.019356503903254385,0.0001585986787269178
CGTGAGCTCGGACAAG-D2_NoStim,0.09489617434588027,0.006617478778972341,0.010160013963774972,0.07812124279138288,0.06324757104204437,0.2042415146608798,0.013738197144792963,0.05527106497026857
CGTGTAAAGGGTCTCC-D2_NoStim,0.07994762608116446,0.009332292150562083,-0.09710856474403684,0.07218705125552205,0.033954420205338565,0.17947360150494607,0.05648515253790176,0.03845813083647087
CGTTAGACACACGCTG-D2_NoStim,0.050359620806894156,0.021332953544092703,-0.22105722540235817,0.08809268843260121,0.10000457276789732,0.06662795133125599,0.12150997669651353,0.048813338796284356
CGTTAGACACGTCAGC-D2_NoStim,0.06626996213772962,-0.011196316695604835,-0.2195481702890607,0.08357309895031229,0.006218326850861544,0.20386554007246716,0.0081940567280272,0.01911944879590699
CGTTCTGCAAGCGATG-D2_NoStim,0.07615131185128021,-0.013497475122823843,-0.10248710548613893,0.06707508072489965,0.03765478202182848,0.19504134948852148,-6.847253693331723e-05,0.032693817440454964
CGTTGGGCATTGAGCT-D2_NoStim,0.0062980043191203094,-0.03039563125365241,-0.23440477786421177,0.03741270464366586,-0.07615123920025901,0.1451865776335346,0.12262088795371628,0.006022662341019114
CTAACTTAGGGTGTTG-D2_NoStim,0.08129135827789646,-0.04324181457571541,-0.47683653264889436,0.05025790475876768,-0.017057298331790705,0.19012181889578095,-0.00734338562635406,-0.011802301841939311
CTAACTTCACGACGAA-D2_NoStim,0.08358985840595956,-0.01856677091539538,-0.3884775237257685,0.07357813682108194,-0.0012090885201310186,0.19058560698798388,-0.004953352198898031,0.004630891070243948
CTAACTTCATCGGTTA-D2_NoStim,0.01467530632223557,-0.04911226084593778,-0.003527608772644797,0.04336397584238405,0.11114146153848381,0.12348785334004742,0.18931359684243487,0.008602629181320154
CTAAGACCACGCGAAA-D2_NoStim,0.04519110479053268,-0.019228840105331102,-0.06439460493040094,0.048896459100950196,0.092560336027665,0.12842476958452398,0.05700538606640526,0.03301721377470912
CTAAGACGTTCTCATT-D2_NoStim,0.032559054976571744,-0.07113419349774475,-0.28337913106649637,0.024671081642026138,-0.013822518608559875,0.20699978714178524,0.11604929688046939,0.0011501597166709843
CTAATGGAGCGTGAAC-D2_NoStim,-0.01616618461074637,-0.0688822608417059,-0.2074254228086332,0.05136024239166481,0.06995895735325952,0.19924648366154685,0.17455645266924336,0.024078718485821327
CTAATGGAGGTTACCT-D2_NoStim,0.09715539656303562,0.012059039039151287,-0.19115857521853208,0.11856150312844882,0.057675645731730896,0.20492898774600654,-0.05234135303031451,0.04689038973446458
CTAATGGCAATCACAC-D2_NoStim,0.0345260839014756,-0.07027002701370932,-0.11333192169148631,-0.0042924405880970795,0.08098104869681322,0.12532451081539442,0.007613545322590731,-0.020441256242881067
CTAATGGGTAGAGGAA-D2_NoStim,0.07229024361947012,0.02138006917398627,-0.10311499108532374,0.05832429998888777,-0.06555292112792444,0.09772785158948061,-0.03063320322855123,0.01471334563960447
CTAATGGTCAACGGGA-D2_NoStim,0.0118948986217422,-0.058563981908021034,-0.41185555666998575,0.08871531900476626,-0.0321482439495302,0.19184182882784562,0.1731215542021367,0.01334094642220407
CTACACCAGCCACGTC-D2_NoStim,-0.03955844124464569,0.014595309716936455,-0.1264374996130151,-0.019848014252540125,0.024691632430904775,-0.0025410967984083044,-0.026383709208708694,-0.031099789410257372
CTACATTAGAGCTATA-D2_NoStim,0.07207399035808315,-0.033879867647382156,-0.4293725502540564,0.10715813868256241,-0.08863931406883374,0.2405958171489253,0.0874675881871485,0.018533603994383085
CTACATTCATCCCACT-D2_NoStim,-0.009804639686569416,-0.052458381286468736,0.031727619455502065,0.1186495260290954,0.0729441839572118,0.139261707592075,0.5429627961502712,0.06136722307509679
CTACCCAAGCCAGTTT-D2_NoStim,0.029130399444035504,0.01330278503975002,-0.10202067947129301,0.1109842477341818,0.13276137102085173,0.19280285898582505,0.07218480939086014,0.06894414471255317
CTACCCAAGGACTGGT-D2_NoStim,0.07565197226654341,-0.06102439096527412,-0.2587902003546585,0.11333458715514588,0.10362314922209137,0.19697059288691054,0.058473456655454115,0.05448792154717452
CTACCCAAGTTCGCAT-D2_NoStim,0.008320738713262443,0.024852651142774462,0.10121130139157053,-0.01017527163019416,0.25957585219323853,0.1098434447651373,-0.06645541717096037,-0.007045277993135812
CTACGTCCACCGAATT-D2_NoStim,-0.024311513784230243,-0.057561955371577156,-0.11667471469609758,0.02548679072996407,0.07733973180335063,0.07236810761987211,0.040318829947938895,-0.0014042432701817376
CTAGAGTCAGGTCTCG-D2_NoStim,0.004309865871816143,-0.03899492393445492,-0.0858319396413112,0.06655979538085965,0.09621744944859856,0.16246959876893818,0.2713513174860722,0.02000294861847074
CTAGAGTGTCGCTTTC-D2_NoStim,-0.10041013191333192,-0.11547693657078639,-0.09027926504059636,0.0724510433432144,0.07817758906394268,0.1452186793436212,0.4684783531945653,0.022174434686931477
CTAGCCTTCAAGAAGT-D2_NoStim,0.09571484428209232,0.0011697377290200706,-0.21563275580102825,0.04804915752642103,0.3005001239326077,0.29165170327245704,0.08575079842154487,0.04433590235796103
CTCACACAGTACCGGA-D2_NoStim,0.029928617552341663,-0.034966001572499295,-0.2918710177973267,0.07932178038912774,-0.06243124133281164,0.1695152599065688,0.1792824538864135,0.017586359023299636
CTCACACCACTCTGTC-D2_NoStim,0.09811932801093626,0.008193830995574913,-0.09609165467777281,0.09527502896862572,-0.062163367467229946,0.1905660700077636,0.183009122649767,0.08326270823748239
CTCAGAAGTATTCTCT-D2_NoStim,0.09238752970711417,0.054222900005495234,0.23431787037359975,-0.0023203680175303276,0.1996875672123437,0.07315610521099547,-0.27525524122251976,0.005432101189215999
CTCATTAAGGAATGGA-D2_NoStim,0.12272745618934522,0.092240300384276,0.31962099513436826,-0.020499040710827643,0.12196667397002159,-0.018388393313722773,-0.2623419776366145,0.029145041838125607
CTCATTAAGTCGAGTG-D2_NoStim,0.136019115950198,-0.023603159960270403,-0.2574892907002315,0.12001868837760732,-0.0016129104654574178,0.2758759786791396,0.14219438857154243,0.06429055640790082
CTCATTAGTCTCCCTA-D2_NoStim,0.08416150011598944,0.027561208802531212,-0.32272161546053013,0.017082479804747308,-0.07159329590709085,0.07445089183594167,-0.08888155054082958,-0.019268682387627578
CTCCTAGCACGGTGTC-D2_NoStim,0.01417925726341629,-0.010263262190832734,-0.04158214706221841,0.02635488668338759,0.0622138430491308,0.18161624835499524,0.2718489171440508,0.04825171443664722
CTCCTAGGTGATGTCT-D2_NoStim,0.018796202102503656,-0.03351505183111669,-0.2642832140477971,0.06138898927587988,-0.019349966915953587,0.15756177778735037,0.0634606753177751,0.0023421788290178824
CTCGAAAAGATACACA-D2_NoStim,0.05529107621448226,-0.038573370025815734,-0.20111077170871106,0.0858966677627464,-0.013782564777050865,0.17793106736903663,0.0885295113016582,0.04258808216258103
CTCGAAAGTCAAGCGA-D2_NoStim,0.15249593952176532,0.10907428221608129,0.18415935201956835,-0.0071391955089783465,0.060416730912463024,0.06430030198861303,-0.258819304717977,0.03102954481162712
CTCGAAATCGACCAGC-D2_NoStim,0.04546742132056636,-0.02023066893896619,-0.36708899793598526,0.12185902459789766,-0.06410217809449215,0.25933428971603156,0.12226323889533486,0.06072616330425262
CTCGAGGGTCAGATAA-D2_NoStim,0.10402251395282924,-0.005933888821781252,-0.10663304439217924,0.05687514667521576,0.40521724514142576,0.22122524225532025,0.11473278722009184,0.09301733421587066
CTCGGAGAGCGTGAGT-D2_NoStim,0.022944188052344217,-0.07947492982586901,-0.3724443219201383,0.07966857014208983,-0.07018729580017968,0.23830097974353848,0.1090530177288489,0.021049990348426917
CTCGGAGCAGCTGTTA-D2_NoStim,0.08541359840457119,-0.027491318647252072,-0.1844921528376915,0.08260361011263484,0.12313932557995777,0.16401987160908327,0.018942446153223713,0.03561390105974915
CTCGGGACACTGTCGG-D2_NoStim,-0.02779682078986845,-0.07898695058132255,-0.02212894404107857,0.03249888798903022,0.11046204148833283,0.16169452635959924,0.30361862070385826,0.022409590353984044
CTCGGGACATCCCACT-D2_NoStim,-0.0017941034446593562,-0.03851772470077819,-0.11476907186592378,0.03702418315166334,0.06661986749781867,0.11114983092378772,0.058661193352446794,-0.0022929507815749872
CTCGGGAGTATTCTCT-D2_NoStim,0.06849220830548397,-0.020452350899157423,-0.03009242740841067,0.07417305071456859,0.0649608556072927,0.16416374366227782,0.16301339530854175,0.032261544890749505
CTCGGGATCTCTGCTG-D2_NoStim,0.03565155625653382,-0.028270376784314877,-0.14400085084656666,0.021429056733053287,-0.10469617352659633,0.18025279869056732,0.04851848816823434,-0.005118455931235388
CTCGTACCAAGGTTTC-D2_NoStim,0.09091804997082775,0.02899269388060155,-0.14114120014950515,0.07425579638864122,0.07279918906315963,0.13989230129215446,0.0496116522099328,0.03972616618495195
CTCGTACGTGTGGTTT-D2_NoStim,-0.03163911295396993,-0.04607354845658662,0.07193376120021888,0.003102711266588898,0.144819067196174,-0.0010660165452218706,-0.04172715245634917,0.010768314366357501
CTCGTACGTGTTAAGA-D2_NoStim,-0.05104538511223211,0.02195046838469139,0.04281158039015054,-0.1298435056068179,0.10080868104254392,-0.01621638611428544,-0.1539250905443934,-0.07490804215768421
CTCGTACTCGGCCGAT-D2_NoStim,0.02119464564538376,0.03756664712697777,-0.29526588655588526,0.06009616527137496,0.011767262204440243,0.20020365509958715,0.055330690003509986,0.060640515258491234
CTCGTCAAGCCCGAAA-D2_NoStim,0.012887916422071655,-0.11085291583240497,-0.22113393730692366,0.10545614981172236,0.08581697664853039,0.23923335790796685,0.21617829428284807,0.05001747135237977
CTCGTCAAGTGTCCAT-D2_NoStim,0.057506085727206724,0.021789389144176496,-0.07802012190891183,0.07835550883127773,0.04120361478870471,0.12957222408517577,0.038853296217248534,0.023611186039154575
CTCGTCATCTTAACCT-D2_NoStim,0.034404240512984074,-0.06092789574505275,-0.5316795813649922,0.09607294867043059,0.05468527075338869,0.33808818985381617,0.19129363838788382,0.05458192015391461
CTCTAATGTCCATCCT-D2_NoStim,0.05149547680587396,-0.07300074122110622,-0.2755389601731153,0.07661293390237844,0.0021676923242015533,0.22130593051170422,0.013102100485140156,0.011332889500341281
CTCTAATGTCGCTTCT-D2_NoStim,0.08799795802297083,-0.037072997940194696,-0.3755236436615679,0.07014824291289656,-0.12478087279045624,0.18104915820295986,0.03301492813871443,0.01758615562632926
CTCTACGTCAAACGGG-D2_NoStim,0.04354106316397477,0.007415737627704644,-0.15135487295117223,0.07097264232012712,0.030559800159139172,0.13517099624409745,0.04458656594258237,0.03518457729635749
CTCTGGTCAGTCACTA-D2_NoStim,0.05972120382149093,-0.06059756008438377,-0.34543511193285603,0.0779843722486433,-0.06057006685958477,0.19308550644759936,0.023697411219504083,0.005780806032605668
CTCTGGTGTAAATGAC-D2_NoStim,0.07459744692995152,-0.04339741109466466,-0.2867477941115286,0.08505999566409272,0.006924390660319801,0.18971729258935266,0.059201396885959046,0.026229895755726318
CTGAAACCAGATGAGC-D2_NoStim,0.1467229019533285,0.058796212456147856,-0.032250946922456336,0.04301307230095297,0.03971574380463849,0.039491133720645166,-0.013277227821174797,0.03534447079353775
CTGAAACGTCAATACC-D2_NoStim,0.059333400776093725,-0.03578745492344204,-0.1209349854695958,0.06616456129670212,0.017952117570201764,0.19068444737803691,0.007104141782466655,0.04002687038650343
CTGAAACTCGGAGCAA-D2_NoStim,-0.008512736251704567,0.04076993120640893,0.23166518549809112,-0.06036881875173883,0.14788021956666597,-0.060684875240470504,-0.05133486891570582,-0.02906120909147525
CTGATAGAGAGCTTCT-D2_NoStim,0.06381497096542965,-0.034184533873158784,-0.4242797212640994,0.0979737512593708,-0.03400953761587111,0.24403089185758287,0.08178341466478134,0.04054210853241891
CTGATAGAGCGCCTTG-D2_NoStim,0.07979697700717736,0.011612975427054195,-0.04932546530985782,0.07681873760951774,0.055730729405636836,0.13377348738372685,-0.003673825983204093,0.040911650291235446
CTGATAGGTTCGGGCT-D2_NoStim,0.042680755234052015,-0.010085475579755254,-0.10850456111382023,0.08657446848716432,0.06041788045953034,0.1421837652170268,0.2095919957182968,0.04803623873434759
CTGATAGTCAGTGTTG-D2_NoStim,0.2443673036482057,0.2009012944854316,0.00807214481806895,-0.016750344805492645,0.13388941324200232,0.13093693617830038,-0.5691383516783155,-0.0201126635766542
CTGATAGTCTCGGACG-D2_NoStim,-0.09240416970504306,-0.05387031044087642,-0.08275337756590595,0.11676289372261017,0.0145796700423233,0.12860571665221432,0.20879891893803748,0.0391306670091911
CTGCTGTAGGTGCAAC-D2_NoStim,-0.05253766001171911,0.001090791671989777,0.04468296960797957,0.033094342878948524,0.20268527377853474,0.14962024711782362,0.028382200143966863,-0.04464756109367585
CTGCTGTAGTCCGGTC-D2_NoStim,0.09355051811887272,0.0037785447276821316,0.01575611059015003,0.07178003313390668,0.07901710113619309,0.15609710097840512,0.0008098540911865015,0.05628011501218211
CTGCTGTTCAATCTCT-D2_NoStim,0.07321045872316567,0.01308933871519713,-0.06520429050517684,0.07959162545592413,0.09824768930472771,0.17913287353032725,-0.030516463642661584,0.028564983177902903
CTGGTCTAGCTAAGAT-D2_NoStim,0.10502491736912312,0.02222076665653283,-0.015363424348224797,0.09993188687745125,0.2995124186981073,0.20742737113781295,0.11721748066204363,0.07596946035405594
CTGTGCTAGAAGGTTT-D2_NoStim,0.062251220961638154,-0.03340019031436725,-0.3294643785596385,0.12643274351940903,0.02117897284836623,0.2210863523858677,0.08873443992595309,0.031248442959814327
CTGTGCTGTATAGGGC-D2_NoStim,0.05326273469803233,-0.05038380411665244,-0.41938687584505274,0.07127226029769673,-0.049390501752432314,0.22556694106054476,0.040555596304825414,0.009472055762886455
CTGTTTACAGGCGATA-D2_NoStim,-0.15812397786561228,-0.10483089476206153,-0.12634537212848507,0.09497205952881771,0.018394063712605657,0.20127766545333792,0.6121500826689177,0.02963602805640342
CTGTTTACATTGGCGC-D2_NoStim,0.12606951663447497,0.06773400398657081,0.0847757292105662,0.014405171789416471,0.069486246424308,0.05091320903969532,-0.028780019440543647,0.016517490276532598
CTTAACTAGATCGATA-D2_NoStim,0.029370769287877962,-0.04725867508516579,-0.42138688583706774,0.0672242583413798,-0.06999559608657258,0.15965563563534246,0.047174595235029315,0.0007775457890737414
CTTAACTAGCTAGCCC-D2_NoStim,0.03381896764702397,0.014888597563190942,0.035708652139010866,0.030720689482713226,0.13284347976910915,0.08181984263155062,-0.07538838613527687,0.02519504900494063
CTTAACTCACTGAAGG-D2_NoStim,-0.025055312944799013,0.048992666865057544,0.005542367189626418,-0.12768136465739488,-0.1116528082520638,-0.0575229250409226,-0.5008166976373225,-0.09401680312099359
CTTACCGGTCGACTGC-D2_NoStim,-0.009259442009867058,0.05812125955236347,0.21995250142312273,0.04368099864095676,-0.34748242228932824,-0.0347333067531892,0.0811186593782498,0.004735371656511944
CTTAGGAAGTGGTAGC-D2_NoStim,-0.10072648586974609,-0.06653616625522396,-0.12256760141385925,0.043528473740037654,0.04550042359299589,0.13498553404890234,0.1532311841577707,0.01743288845679558
CTTAGGAGTACAGCAG-D2_NoStim,0.08507041223986,-0.019818023243242777,-0.1453174095668608,0.07877686642406267,-0.002064508764856754,0.1422042074739549,0.10838906697992101,0.045689995058321387
CTTAGGAGTACCCAAT-D2_NoStim,0.05194538878250832,-0.01416416922761421,-0.22470494238687166,0.08265710103539092,-0.011305709100311034,0.1866787659485114,0.07294118250073645,0.040225087598868114
CTTCTCTAGCGATAGC-D2_NoStim,0.08387441537301044,-0.022033231336557435,-0.36414611362909355,0.056818719088692404,-0.04630390060123801,0.19132332538681318,0.015764099670832366,-0.007707366729560405
CTTGGCTCAACTGGCC-D2_NoStim,0.04389359187883812,0.021531520594621156,-0.08256759375383638,0.04264387457860863,0.06107961643587245,0.09134458699149839,-0.04041718870637112,0.0084944862821974
CTTGGCTTCACGCATA-D2_NoStim,0.08999385986636632,0.05346736463882351,-0.006616709778095142,0.027188671448577395,0.14114138788034936,0.09478645000139174,-0.1533526510484089,0.041540912476238034
GAAACTCCATACGCCG-D2_NoStim,-0.0010817474668609606,-0.0776690366938162,-0.12520556150881035,-0.019441888296341858,0.034030447753382376,0.06255436394140546,-0.012492920577546585,-0.050274468278059814
GAAACTCGTAGTAGTA-D2_NoStim,0.09969344030835714,0.012506797204544284,-0.1406624792697464,0.07807883311879671,0.09851799082846568,0.20160718754819484,0.07694775425701739,0.034195443745279164
GAAATGAAGGCACATG-D2_NoStim,0.08324295177398433,0.02229188800811599,0.23855981659532155,0.01905350935567718,0.28254233360195435,0.10204537985746676,-0.004468093435495035,0.03617774710218491
GAAATGAGTCAACATC-D2_NoStim,0.07722504282529563,0.013488340495170448,-0.19049054685556577,0.04045740145314092,0.01358778111360337,0.19999311435783618,0.10125430121972379,0.053898238384970654
GAAATGAGTGTGCCTG-D2_NoStim,0.08815514355582721,-0.052928841146131944,-0.4302688474994696,0.07087482982709581,-0.0034245473040037666,0.2322669163486415,0.06216151955090288,0.011763248864541609
GAACCTAAGGATGCGT-D2_NoStim,0.05758384684222406,-0.0328090197116051,-0.08869820549524832,0.07520149958079259,0.0471307951946045,0.18199047057202833,0.07850825522211036,0.039051525466877735
GAACGGACACGTCAGC-D2_NoStim,0.08779995677361363,-0.015873475935574533,-0.19031574532346696,0.10409988377264767,0.045554742229809264,0.2077523329134907,0.21441025512589995,0.06464555010519213
GAACGGACAGTTTACG-D2_NoStim,0.07155646557078654,-0.05662393142436173,-0.3936510047135915,0.09547618457458995,0.1598028634599018,0.3188971064318,0.1307651104869807,0.043680298428947495
GAACGGAGTGCAACGA-D2_NoStim,0.03799055080521008,0.06462472586787271,0.28510242469891445,-0.09026408515019213,0.2719732235702228,-0.1522464616445447,-0.036799691327138895,0.008183325213613202
GAACGGATCGTCTGAA-D2_NoStim,0.031515436336196245,0.08307496501463874,0.23701955800412833,-0.012665978451533277,0.17872036490564547,-0.09230811461861599,0.07270080535390022,0.01790756644320446
GAAGCAGAGACCTTTG-D2_NoStim,0.07592301585960648,0.04832216071098472,0.007203384152145276,0.049537839190758604,0.15195477554467907,0.08681125557305513,-0.14920781043255626,0.024123457337198673
GAAGCAGAGTGTCCAT-D2_NoStim,0.0526214708537136,-0.061812081458564094,-0.11072225078106257,0.07852821844221758,0.07989542702901531,0.16999163401754736,0.15453729155994989,0.05543492997473365
GAATAAGAGAGGTTGC-D2_NoStim,0.17521641631588203,0.10038954860773153,0.20142779528369203,0.02319864914200842,0.13758853096214985,0.033024701973154436,-0.08770366670853758,0.03171137205943886
GAATGAAAGGCTCTTA-D2_NoStim,0.035191263171823195,-0.05338351935592378,-0.29786551611384127,0.04770677240810883,0.037233490420888415,0.21322947977509354,-0.004313164216569021,0.01614382353400856
GAATGAACACGGTGTC-D2_NoStim,-0.11711901280519044,-0.09189843960660582,-0.06744518308010683,0.0524206695732623,0.09623556193953497,0.08550970313470074,0.5377404817799114,0.012082234769870581
GACACGCCAGCGAACA-D2_NoStim,0.07779448969295366,0.05934010837063042,0.03824982611306815,-0.0001403311728189749,0.13741782588039442,0.06963040021834566,-0.275159135644941,0.014104835434480378
GACACGCTCCTTTCTC-D2_NoStim,0.05554536844179836,-0.0020755085090371495,-0.30093637580689503,0.02528131588863225,-0.054328694352669515,0.11327792614645738,-0.0022979511193810254,0.004376435793270517
GACAGAGCAGGCTGAA-D2_NoStim,-0.04737396497728774,0.003520534271446607,0.11805267452714219,-0.0005751927805057733,-0.02343368059045936,-0.05811871808088753,0.14504421795619837,-0.012323053019978047
GACAGAGGTGTAAGTA-D2_NoStim,0.020483250767400207,-0.05491301383179703,-0.24351030174695865,0.027121119913031677,-0.0029488521525316003,0.12348118474227832,-0.006148298774360406,-0.010587637649438264
GACAGAGGTTTCCACC-D2_NoStim,0.10273550977241186,0.022825582197372185,-0.011244543083655856,0.05296483875666702,0.1898045608130552,0.17367316175496939,-0.034041958131957095,0.011806411598543676
GACAGAGTCGGCGCTA-D2_NoStim,0.10010381277079894,0.000203607333002509,-0.1211967773327931,0.09068501460343015,0.03687884228257943,0.18872812428135521,0.0385268841894546,0.0360979481072814
GACCAATCACACCGAC-D2_NoStim,0.09822966907921682,0.022624659882767517,0.09379431670979699,0.08936195046677575,0.12789763702099677,0.15575075956882944,0.05165399338671772,0.037858699570996635
GACCAATTCACTCCTG-D2_NoStim,0.019256852205773,-0.03994251707615071,-0.6687048179995543,0.09543407990113195,-0.1379829869524194,0.3116676895456463,0.12130068160210561,0.05000586967648246
GACCTGGAGGTGACCA-D2_NoStim,-0.10119648956689531,-0.09433963247206556,-0.1406992389424353,0.012819483133585052,0.01714191687710631,0.11808819475707466,0.1369169258057168,-0.0019279907341651636
GACCTGGCAAGAGGCT-D2_NoStim,0.06413688634989079,-0.02594268491295537,-0.3678167319953207,0.14290843681732568,0.020621331660402475,0.2504387331321887,0.11661218267505369,0.051215165021798015
GACCTGGGTGAAATCA-D2_NoStim,0.1077820347912688,0.005089111823849635,0.12763392222642267,0.09172478343419854,0.1361007075285734,0.18898543772945509,0.04858552713507347,0.03669042666820843
GACCTGGTCTGCGTAA-D2_NoStim,-0.15465873861981905,-0.15207129727536817,-0.34070282232939775,0.11603585988066456,0.13433729316775356,0.3524272942597353,0.8524952476569121,0.036268999445296046
GACGCGTCAAGAAGAG-D2_NoStim,0.06363325944407805,-0.02484275131619107,-0.0077149006647587726,0.07047074321038771,0.08514226825230153,0.1655652777048493,0.1214394171072577,0.02914136598555217
GACGCGTCAAGTCATC-D2_NoStim,0.0687703534932691,0.053786962087000845,0.23890307887897677,-0.035733010638910656,0.11462658275799242,-0.06925688993789691,-0.00631893657568483,0.02136356705123532
GACGCGTTCACAACGT-D2_NoStim,-0.002173443974200495,-0.045015597451540046,-0.25434989963731347,0.02533232151867182,0.06454126363766477,0.18343986749638397,0.04672265525617059,0.003728691564809594
GACGCGTTCACTCTTA-D2_NoStim,0.03400880409652984,-0.021676997153511124,-0.16138334449871117,0.026331657043073164,0.10558610646795152,0.1476744451911065,0.014551573927565897,0.01975719325176506
GACGCGTTCTGTTGAG-D2_NoStim,-0.016575530561006246,-0.06337943376166422,0.028511040636903573,0.09619060134078872,0.10112922942243152,0.1940845078496949,0.22227826992866717,0.06578904759693671
GACGGCTTCGGATGTT-D2_NoStim,0.0693115043650252,0.03271619224545752,-0.08035677958649678,0.0938211819601662,0.0799518454390018,0.14450417666505633,0.06507694266550068,0.04369603070779249
GACGTGCCACAACGCC-D2_NoStim,-0.027860705765514027,-0.052907267366689936,-0.6347521183985005,0.18519450314257746,-0.03505398357705225,0.37307939702686,0.37089075427194285,0.056865729046551294
GACGTGCCATTGCGGC-D2_NoStim,-0.004947910260229449,0.008869027548435326,-0.12487932864424955,0.005865247800311835,0.15334045469171365,0.16764201834049963,0.0998208368553426,0.019314347658234254
GACGTGCGTCCGTGAC-D2_NoStim,0.04092563721614795,-0.008169379377696018,-0.1330540263743245,0.002578606638826031,0.37464413351267467,0.20460576018871635,0.1455242087321995,0.04421054696097748
GACGTTACACCAGGTC-D2_NoStim,0.11313321039436453,0.07147738389963187,0.2521015303892131,-0.009962204548983777,-0.07206379407742425,-0.14364913599495388,-0.011083027678568946,0.01022246294265905
GACGTTAGTAAATGAC-D2_NoStim,0.10891898389655807,0.0828044902096714,0.25088941827670475,-0.14515015924615682,0.21869731689859506,-0.01692155965147002,-0.39740331396987827,-0.06082134817372342
GACTACAAGTTAGGTA-D2_NoStim,-0.03553639673956965,-0.0323739445642417,-0.11745060468190793,0.05395611507534959,-0.04100858757970549,0.09398662496645116,0.06720854008332644,0.00013492797601344364
GACTACATCGCATGAT-D2_NoStim,0.11803334549435185,0.03772348046521756,-0.06552867956291486,0.08699353351842554,0.10843739945696207,0.20142758130182337,0.036414203914278964,0.058704038419392646
GACTGCGAGGCTACGA-D2_NoStim,0.13385728526522023,0.04796166125289503,-0.231322323701999,0.037842611737382015,-0.05762651709222055,0.08810646643405029,-0.04881300152764645,0.03130907725669552
GACTGCGCAGCCTGTG-D2_NoStim,-0.01151017661642939,0.03706589368373692,-0.1522225222496001,0.009693573615424,-0.05623431075963303,0.1016257166696235,0.06880578531667858,-0.01152243756064486
GACTGCGGTCCGTGAC-D2_NoStim,-0.003674214249921093,0.002840646472698438,-0.41053552615725764,0.027694531849132176,0.4284097077341116,0.2535116347236066,0.09735763753863402,0.018682238502202964
GACTGCGGTTGGTGGA-D2_NoStim,0.05059205222889851,-0.03255238863546239,-0.2963891918543027,0.048479845350875905,-0.0828414133389419,0.19258417636350522,0.034728451476053745,-0.0033620599942647544
GAGTCCGCAATGGAGC-D2_NoStim,0.04207751797618009,-0.04986287797001765,-0.08064030297022562,0.06169601993877194,0.001325529749236054,0.10752444474040779,0.09681948868783019,0.037467867930910614
GAGTCCGGTGTCGCTG-D2_NoStim,0.08295756217519212,-0.008234016310771253,-0.2619954911218816,0.07184225555163337,0.030851379675807422,0.18215900335392377,0.07264702579357518,0.028264575504922007
GAGTCCGTCGTTTATC-D2_NoStim,0.00460654106564462,0.04452038061130459,0.07899870424958699,0.08701197255814108,0.1735062083226051,0.17554864359289368,0.46279016247134575,0.07686419267083444
GATCAGTGTCCGCTGA-D2_NoStim,0.009606719855060675,-0.011692697733518997,0.06796159073817165,0.010625352903888441,0.08576966696636745,0.03198550812256862,0.07541507020766858,-0.007596681060860533
GATCGATGTAAGAGAG-D2_NoStim,0.08323970170968131,-0.009128239280546069,-0.2592904500811226,0.059550870587603555,0.0014966104350175868,0.1425300640560616,0.011777164350957214,0.018107198933206448
GATCGATGTCTAGGTT-D2_NoStim,0.11555259061557877,-0.003870367554403842,-0.2749472995195177,0.08886051461029787,-0.011565685590626984,0.2264627802490784,0.08609623892749951,0.04017451571309394
GATCGCGGTCGAATCT-D2_NoStim,0.09711836535154106,-0.023770554664150012,-0.23123257522411045,0.04468608421142051,0.024926423118813545,0.16793981941825908,-0.056588038958382825,0.018883552832880568
GATCGTATCTTGAGAC-D2_NoStim,-0.03222154976865532,-0.0055261311232204235,-0.3405829087672192,0.05398841585888725,0.39536921057336194,0.23355700694451897,0.4254690733486175,0.04311380656346486
GATCTAGGTAAACGCG-D2_NoStim,0.06508209969134882,0.005149919731811892,-0.04687396767639207,0.05415690614468538,0.027272685490576265,0.12471148056342063,0.11239437966844035,0.033064625929990044
GATCTAGGTCCTGCTT-D2_NoStim,0.1293113865852007,0.016658943974002582,-0.09114186177821537,0.11094649044381732,0.05504742678469654,0.22123611535689136,0.06909704853952814,0.05774299698137142
GATGAAATCCGCGCAA-D2_NoStim,0.016517098806614783,-0.046630234263487225,-0.2852138888816871,0.16869931974247976,-0.05706463779718618,0.22315573613915873,0.24080726139599662,0.045215507129416466
GATGAGGCACCAGGTC-D2_NoStim,0.09969308334424909,-0.06012658532350201,-0.21817565070095135,0.1006621877362619,0.04934662630589237,0.2673835810020737,0.10836965511107266,0.04151855539607929
GATGAGGTCAGTCAGT-D2_NoStim,0.006766963955799454,-0.046356566440524105,-0.1362084250450284,0.04468485856832061,0.015377098191166283,0.11612169184464971,0.3312197779748427,-0.005884977488163301
GATTCAGAGCCTATGT-D2_NoStim,0.04563415448250474,0.01374445622830578,0.1516386126676057,0.08746528797487407,0.23745298755801159,0.1586141021332974,0.20326955787272816,0.07319541760348613
GATTCAGAGGATATAC-D2_NoStim,0.10118561512804725,-0.04301417428023946,-0.2987438592506031,0.06457714691924288,-0.018620441375999164,0.20774597281553486,-0.009870467258607185,0.022578876024418548
GATTCAGAGGCTAGCA-D2_NoStim,0.0918746197270579,0.06704710736966746,-0.04129729755777767,0.05549728148057298,0.015371583306572845,0.10464661420806909,0.06143917593739445,0.04398709838662107
GATTCAGGTCATTAGC-D2_NoStim,-0.05103883522601471,-0.07983063605691143,-0.16525535303501826,0.03695009938845928,0.031420944015769336,0.13079462245779983,0.26455790415764735,0.003144266149295305
GCAAACTCAGGAATGC-D2_NoStim,0.04894552698954513,-0.037919791884052145,-0.37272053691633644,0.09225944664985697,-0.06682586818365266,0.20647944036437682,0.05221693487588386,0.012193618517690297
GCAAACTTCCGGGTGT-D2_NoStim,0.10301163424934145,0.0005503378130242709,-0.11599905071464356,0.11209108942229307,0.1064687421984285,0.21915338379498905,-0.006072873165080317,0.04887516513062984
GCAATCACATCGATGT-D2_NoStim,0.05900334920441885,0.013720105209271694,0.02112294694989103,0.026219491279411145,-0.023699904914783687,0.06566876972778424,-0.017888465884529303,0.008777309494535146
GCAATCAGTAAACGCG-D2_NoStim,-0.056379319658640625,-0.08477835235263242,-0.06703055127207769,0.05627078881494363,0.09305286588872086,0.11167451801758332,0.2606564881566493,0.016783757190379944
GCACATAAGCGCTTAT-D2_NoStim,0.0027885343764193493,-0.07435416920250937,-0.42550180504517954,0.05318985026955758,-0.10715721846013793,0.17552552057867565,0.07238912467133574,0.004185829689463461
GCACATAAGGCGCTCT-D2_NoStim,0.016039587632464603,-0.06169599155055927,-0.08769142406509722,0.06924293271360149,0.07132714055750355,0.14577199283426,0.1018994010314822,0.046927158505900124
GCACATAAGTCTCAAC-D2_NoStim,0.03832752945324103,0.05942142213441315,0.2244627811479667,-0.12202479452000681,0.22355073575570295,0.00781868205135261,-0.5753317932768836,-0.12622883011026254
GCACATAAGTTGTAGA-D2_NoStim,0.06872133080026366,0.0043351987076789555,-0.10530149888436391,0.12158756369602841,0.07334919159280417,0.2207828114753827,0.0735843385417363,0.05790724343028231
GCACATACACCAGTTA-D2_NoStim,0.15017725964408513,0.05868666714250281,-0.09441839184865941,0.033588627990353004,0.06882062022991597,0.10139183226269921,-0.08700690560098145,0.010459239619846628
GCACATAGTTCGTTGA-D2_NoStim,-0.041184785605290486,-0.07501189507982531,-0.5113243887620857,0.058162170852398276,-0.10095388321953358,0.16367787673891776,0.08900147500376487,0.008351268766165987
GCACATATCTGATACG-D2_NoStim,0.1087277120352006,-0.004727277353170578,-0.3995501481655417,0.05401279223721289,-0.10389377091107121,0.12610329072615833,-0.021979477907795975,0.04483319720172574
GCACTCTCAATCTGCA-D2_NoStim,-0.001284736274017817,-0.015037377487931991,-0.2897447929548207,0.014876423144420059,0.2344025775236851,0.2081511072054525,0.06302906311796175,-0.00011322147962822271
GCACTCTCAGTAACGG-D2_NoStim,-0.006649168255478344,0.002140954745817325,0.07012881185532649,-0.05386873760764033,0.15519489648442608,-0.044589847544225236,-0.12336919694132487,-0.06408219344048405
GCACTCTTCAGTACGT-D2_NoStim,0.13429465915553962,0.01963559376017976,-0.17789079856653167,0.11714625806785328,0.056125190772496225,0.24477245954691007,2.3874858608330385e-05,0.046972124484710776
GCAGCCAAGTCTCGGC-D2_NoStim,0.08439030198342046,0.027948053483365598,-0.17304108840622945,0.023481330504106168,0.022100615123033407,0.011632896260749703,-0.014966759153805853,-0.014136486484945365
GCAGCCATCCTGCAGG-D2_NoStim,0.06800818313029566,0.013569492205011358,-0.16147726171474552,0.06986950416466797,0.08809055880795214,0.0818908425412328,0.08445073017082727,0.05660742400036334
GCAGTTACATGGTAGG-D2_NoStim,0.1066117853785844,0.03701149598508735,0.1489081090348474,0.047315158189322304,0.21042039826894587,0.12088338878342242,-0.15511270902620478,0.029257085952258066
GCAGTTAGTAGGCATG-D2_NoStim,0.059043526087688036,-0.04276153229405821,-0.022823893779893467,0.03952208124548129,0.0748307076189203,0.09328970066907516,0.049557531031309665,0.04381494097185623
GCAGTTATCCGATATG-D2_NoStim,0.06616480501238797,0.0100604828041444,-0.12090777985335244,0.0987266023801947,0.04589753414713371,0.1717683871785649,0.21097866506924934,0.03984625609231429
GCAGTTATCTTCGAGA-D2_NoStim,-0.07908690645635374,-0.07003095203227083,-0.2858361508952143,-0.02631811864526057,-0.021568341660735513,0.04494008827937801,-0.04975927513128919,-0.05746641490608262
GCATACACACCAGGCT-D2_NoStim,0.08976769483273372,-0.027959491943159165,-0.25112212550940605,0.05573711084937294,-0.08683493449492552,0.19471973425073408,-0.006012267296397145,-0.0015114803007669764
GCATACACACGGATAG-D2_NoStim,0.08262359592222346,0.003556441337092764,-0.01489211206244434,0.08618252949288596,0.06525304897353656,0.17870515842955914,0.11566366422816632,0.05395897549821704
GCATGCGAGGACATTA-D2_NoStim,0.07643935979688976,-0.008451048000834405,-0.07841025186811201,0.08139692877593063,0.03204325105425987,0.14046808102624997,0.07646531546866742,0.04117157643712588
GCATGCGGTGATGATA-D2_NoStim,0.08166699189655091,-0.03339907025867461,-0.29173603862803255,0.06761251705644611,-0.035105769141990706,0.18978044733434984,0.016351112747521768,0.00586354018324009
GCATGTACACAGGCCT-D2_NoStim,-0.0024518637037047597,-0.028862021950819994,-0.08762346485318062,0.082297575060716,0.05031512081195544,0.15478038146869544,0.2588868057205733,0.05224064525069849
GCATGTACAGTTCATG-D2_NoStim,0.10496926425322783,-0.004576791005275638,-0.09038060754809152,0.07967520060368827,0.10197753704467516,0.1665342782773438,-0.01842926726123295,0.018718483742798497
GCCAAATTCGGTCTAA-D2_NoStim,0.14818765406861623,0.17499566798769628,0.17651426760414068,0.011796923192660458,0.11325772122771127,0.09721220748804171,-0.3615793385895234,0.016755557365387475
GCCTCTACAGGATCGA-D2_NoStim,0.06506140057735443,-0.06000522389673968,-0.18070640300822305,0.07912003581003368,0.08645918201228575,0.1756341739287297,0.10548256053210014,0.04196878808805771
GCCTCTAGTCTCAACA-D2_NoStim,0.04943539849908696,0.02551980745247384,-0.20547375989447225,-0.011810479110815564,0.08187677362246149,0.029697826709159436,-0.02176179478385798,-0.02278665449240158
GCGACCAAGAGCCTAG-D2_NoStim,0.019137729923521363,0.04607234920374914,0.08588166173992562,-0.1364040389029526,-0.02618199400922272,-0.037390493611047404,-0.22774025960374011,-0.03846646146429755
GCGACCAGTAGAAAGG-D2_NoStim,0.07425011471508647,0.02858142104401118,0.006918726514419049,0.08169521016699832,0.1401766880148383,0.15674245144723997,0.07044462494216575,0.060603909481743656
GCGAGAAAGACTAGAT-D2_NoStim,-0.09032145844297901,-0.014913289498835525,-0.2612817192779122,-0.04253552944154926,0.025048373829809734,0.015684683029077995,0.16660702991704746,-0.05443825858177753
GCGAGAAGTGTGGCTC-D2_NoStim,0.08051581865783497,0.007110494215577745,-0.06638212796519127,0.08613558471610538,0.06768071524212083,0.15776498407586192,0.05689353061598812,0.05187182463820328
GCGCAACCAATACGCT-D2_NoStim,0.11241033592733451,0.11148335757678218,0.009049193789030241,-0.005624968479477133,0.13705918074103174,0.0811054113114702,-0.039580321254952366,0.021436132591473367
GCGCAACTCAAACAAG-D2_NoStim,0.02745088563251663,-0.09399525615275373,-0.15741715938004397,0.06721264562734319,0.05852218518079155,0.16069145014298503,0.13823191234691867,0.027679817086454506
GCGCAGTAGACTACAA-D2_NoStim,0.040427684257679175,-0.0919905247831565,-0.24162526804588857,0.07607546678374177,0.045063420939467136,0.1546949760399663,0.20613326778178465,0.02305419155949906
GCGCAGTAGAGTACCG-D2_NoStim,0.09821757365857842,0.08016917023774361,0.058706468149729574,0.03259242023803033,-0.01499157236106008,0.1375379594049253,-0.05620604089907477,0.03583316969722361
GCGCAGTAGCCCAACC-D2_NoStim,0.11109962303913612,0.01983962825087815,-0.2862507439006716,0.09162124703765073,-0.04281522555833739,0.17367901648370765,0.03618093525664978,0.028746218923405564
GCGCAGTTCCAAGTAC-D2_NoStim,-0.08458597567130788,-0.029920387268775883,-0.053233776397936694,0.0630282417395982,0.16028308090396415,0.17288511012297914,0.035642710334028216,0.02163064227721101
GCGCCAAAGCAGCCTC-D2_NoStim,-0.056434107037233616,-0.07925427236558491,-0.14243931677027355,0.024454266378716838,0.039723509336640817,0.09295722991480027,0.09628681519540461,0.027278239208337496
GCGCCAATCTTGACGA-D2_NoStim,0.08312391730192381,0.09629314795648902,0.17258333402382675,-0.14068214924239797,0.14830087166476957,-0.1239864525880332,-0.6483589575921629,-0.05658989085246802
GCGCGATAGATGTCGG-D2_NoStim,0.047807333638013816,0.07356814865421057,0.048102686111700876,0.02604030116632039,0.1057706509919214,0.07428804756743546,0.06605186159545884,0.03969203932804355
GCGCGATAGCAACGGT-D2_NoStim,-0.021525034880170324,-0.008551026898334868,0.14273662348910854,0.0949978992991749,0.16856860243118454,0.16555559984872303,0.2869476402171989,0.036078645414207244
GCGCGATTCAATACCG-D2_NoStim,0.09366364107393998,0.013448402728561959,-0.09879442737576838,0.07235960162328503,0.021230895346851852,0.16606357285726592,0.015559209091147608,0.025822760020336233
GCGGGTTAGCGTGTCC-D2_NoStim,0.07388535958827269,-0.05306337506739567,-0.3080694917342761,0.06276595146278474,-0.06188163875449604,0.1817825208496613,0.02486802406508959,-0.0006302970861593593
GCGGGTTAGTTGAGTA-D2_NoStim,0.050774034076914276,0.05195180309097225,0.06708943626292374,-0.021615506937695983,0.5704189844572198,0.13936088621276888,-0.24229260051190682,0.05455945515178229
GCGGGTTGTAGCTAAA-D2_NoStim,0.022969065894082874,-0.07926356446028926,-0.4581258917771738,0.12518412669590262,-0.03943084861348467,0.2640464740375892,0.29729295887696505,0.02791185027294496
GCGGGTTGTCGCATAT-D2_NoStim,0.03313996550607712,-0.02081845085226597,-0.36735753780542346,0.07528368626713267,-0.05287748940877535,0.17822198319793525,0.06472199057612604,0.010826800345563825
GCTCCTAAGACTAGGC-D2_NoStim,-0.02746588471049627,-0.038484771698700015,0.050328386734676656,0.03390590802760407,-0.003036165827710491,0.010220157772907967,0.19339119667625226,0.01820574512195705
GCTCCTAAGAGACTTA-D2_NoStim,0.020358502429985492,-0.0007693101829602256,0.06481779796555998,0.045102084101747764,0.19507416765210017,0.021988867296631298,0.11803190437488453,0.046563586588433736
GCTCCTACACATCCGG-D2_NoStim,-0.04716250811099165,-0.034350648035497144,-0.3002394740816925,0.021207420379843356,-0.03807107239601315,0.035426246477216594,0.0224322607119527,-0.02313774977130656
GCTCCTAGTGACAAAT-D2_NoStim,0.06839495518173777,0.016629193767847994,-0.11338375515022037,0.06627164728418755,0.045582875579130544,0.13557751389056172,-0.0589757591291713,0.01714409396027783
GCTCCTAGTGACGCCT-D2_NoStim,0.06697628840441539,-0.0030792323935422417,0.09289239128944438,0.0644238084933253,0.18479110275889,0.1267713676574065,0.004747710260680549,0.016536458420796762
GCTCCTAGTGCCTGTG-D2_NoStim,0.03693203402268175,-0.039317369371234534,-0.045342449818512875,0.07617631819455362,0.0693490201521687,0.1319197690009739,0.15238759240870614,0.04437226274094819
GCTCCTAGTTCTCATT-D2_NoStim,0.09844849380475473,-0.007863332978233828,-0.3329123767264992,0.06462882367162237,-0.024006520247288776,0.19179694209078946,0.006308188460665054,0.001973664467525893
GCTCCTATCGGCGCAT-D2_NoStim,0.0414642268126606,-0.007892780964926516,-0.1400687126815381,0.07242915963074381,0.001664806588571821,0.17571004021375103,0.02312869613232138,0.022060327442558147
GCTGCAGGTTTAGGAA-D2_NoStim,0.02152585352564884,-0.005762417315864354,-0.34003906578614895,0.05464043470245805,0.3362206610977392,0.22187903438693724,0.13949608042378525,0.028490528072397936
GCTGCGAGTCATATGC-D2_NoStim,-0.032005505462896267,-0.0631876811150498,-0.10191972583395703,0.09238769048089068,0.045406378746085,0.1129341916972022,0.47591548233639536,0.05863234471386214
GCTGCTTAGTTAGGTA-D2_NoStim,0.007859154242829902,-0.036755138516765484,-0.26311682146999615,0.05177374494569342,-0.03698297703514619,0.07155886905726305,0.08016721335775046,0.01815099118976704
GCTGGGTTCTGTCTAT-D2_NoStim,0.03766077271951396,0.012869754490537844,-0.1132377197144212,-0.011909428998341909,0.3406528001671667,0.21156678386317473,0.020146287943495267,0.022092620912186334
GCTTCCAAGGGTATCG-D2_NoStim,0.026549351221946793,-0.020525896787100706,-0.07903800685557805,0.03385883475393214,0.053203096446079456,0.07773236803412509,0.03602794109419749,0.028316872469343224
GCTTCCAGTTGAGGTG-D2_NoStim,0.011281504311316581,0.03851819574642157,-0.1371812497828948,0.05387756826758405,0.06409959313105063,0.11156252370762854,0.16107610580700804,0.07538544117108081
GCTTCCATCACCCGAG-D2_NoStim,0.05049311873404427,0.06398113452057785,0.1544623204428408,-0.05263320118912951,0.21537220726396455,0.040459260102888805,-0.10544203637690419,-0.023504410964473976
GGAAAGCCATTGGGCC-D2_NoStim,0.053176296107309895,-0.05226774989622385,-0.40582270908702966,0.07187777383283844,-0.0759756331454895,0.24165953306237675,0.08936007253324307,0.021088860477078697
GGAAAGCTCAGTTCGA-D2_NoStim,0.05406422647112663,-0.002443304431206883,-0.21398278039620422,0.06890407033001544,0.029714492946702364,0.10367973864396429,-0.04727316596683284,0.02033351165850661
GGAACTTAGAGCTGCA-D2_NoStim,-0.026494202630354735,-0.026777386249069224,-0.26421017047851336,0.029750309121086005,0.08476570703649244,0.22679275991199965,0.12317511964907091,0.01402421380680785
GGAACTTCACTACAGT-D2_NoStim,0.0550583722246607,-0.04285143933912927,-0.5019053247130518,0.09149422696182086,0.02102120191355006,0.27266589750419623,0.22075794397796322,0.058842714608687174
GGAACTTGTACCGAGA-D2_NoStim,-0.06877729859777126,-0.006595688154655832,-0.17097114617185305,0.08517575877336547,-0.043963306245581535,0.21127431899153848,0.2349932444017222,0.023033919609110498
GGAACTTGTGCAGGTA-D2_NoStim,0.046472012318337974,-0.06029841198719943,-0.49429144783257684,0.05093513202983324,-0.024538760501723544,0.2538278609211799,0.10623276910228974,0.014805045280338547
GGAACTTGTTCGTTGA-D2_NoStim,0.06495142107181096,-0.06554461375029774,-0.38651139030039694,0.05071910775332533,0.034204840157851635,0.24581494340614451,0.06346965717585729,0.0282824724439088
GGAATAACATCGTCGG-D2_NoStim,0.007665483068967305,-0.0009196619434934661,0.04849196625514551,0.04336185939582826,0.030625504278612325,0.13368070934187237,0.19050779030749698,0.014452029182388415
GGACATTTCATAACCG-D2_NoStim,0.06343227854937261,0.03636678952083727,0.09860030144388432,0.09446085705006446,0.352220197716699,0.10591598204334218,0.1705933784530913,0.05405891367304605
GGACGTCAGGAACTGC-D2_NoStim,0.12848310700523768,0.048643190999213104,-0.058225364198417395,0.09246802237633212,0.11032890766244385,0.170851446138653,0.0022462398974711917,0.0497754193182125
GGACGTCCAAGCGAGT-D2_NoStim,-0.016247073405525114,0.017247638430585965,-0.13522044082347406,0.06636871763748609,0.09212188372392127,0.17569146105372546,0.27581145088344616,0.053840991994038134
GGACGTCTCGCATGGC-D2_NoStim,0.0015363146872768851,-0.039414194303301286,-0.02092165684461733,0.03674068096578509,0.13825246520801038,0.11356818389594459,0.0446727944735712,0.025072885853337112
GGAGCAAAGAGAACAG-D2_NoStim,0.023902954390125686,-0.0029564750144821517,0.005170264991726015,0.031212186717555213,0.06858919424679044,0.08641089117793666,-0.014208324593127486,0.006363389438361011
GGAGCAAAGATGTCGG-D2_NoStim,-0.028813621020553626,0.054342890619823336,0.18784934569566936,-0.09428874754921246,-0.07847084456625097,-0.204609211537905,-0.09568202027700679,-0.029228864336896976
GGAGCAAGTCGACTGC-D2_NoStim,0.04120544398685411,-0.018604994495118987,-0.3914560810465204,0.09104886393720157,0.013035573003177703,0.29414410751867237,0.1593017572816393,0.01966076457264876
GGAGCAATCACAGTAC-D2_NoStim,0.0916269324267649,0.0033912342335860046,-0.281549194817611,0.10183678504995264,-0.10537428112185587,0.24398712727017546,0.038150291704377004,0.05838582792748248
GGATGTTCAAGTTAAG-D2_NoStim,0.08800918010832959,-0.05620703115858916,-0.16536632734588963,0.011873232561285363,0.05498985429323788,0.22808594035289786,0.06869167134823506,0.0238646785895682
GGATGTTTCTCTTATG-D2_NoStim,0.06726094020860351,-0.02312823258424146,-0.3274581214283998,0.047087081962118305,-0.05992953430309633,0.14623651999204057,0.028085447351057446,-0.004586921669915256
GGATTACCATTCGACA-D2_NoStim,0.07001525152748123,0.022191036733223868,-0.060039491513030896,0.06253720239336857,0.07647800665656668,0.1921414093769913,0.15117517566468663,0.014157961586759527
GGATTACGTAGCACGA-D2_NoStim,0.1221188804447575,0.08467811024442362,0.3430570958648129,-0.07145010686662268,0.2395227590017388,-0.0048441097878733075,-0.4179372900559608,-0.02967971746614495
GGATTACTCTATCCCG-D2_NoStim,0.08890985972582222,0.03861393842498373,-0.2384406781208206,0.02915488721393622,-0.07176329765615286,0.05865617797427536,-0.03219746995311912,0.011502849913172852
GGCAATTAGAGGTTAT-D2_NoStim,0.10082619336567866,0.039818382178207656,-0.05361212832820428,0.07477347572744542,-0.024651943504629514,0.11335009996200718,0.019693702264643065,0.019558448166922204
GGCCGATCAGCTCGCA-D2_NoStim,-0.12046754018099115,-0.15442880971034967,-0.27742576144043873,0.11765493390286785,0.06764670090674763,0.16767117869941206,0.5158807561252665,0.05459474297192379
GGCGTGTAGACTAAGT-D2_NoStim,0.11318944335421399,0.030844027816188557,0.051358286149161714,0.03219565272054581,0.18918856735375833,0.11368195126378033,-0.08197135541529921,0.030527181022577565
GGCGTGTAGTGTCTCA-D2_NoStim,0.025550907286122637,0.03694951885399256,0.17038867122063905,0.04020479460453785,0.31243070278633844,-0.0030747135795881064,0.21351699171605087,0.04225726557493914
GGCTCGAGTGAAATCA-D2_NoStim,0.10233210050249752,-0.012545359784766674,-0.17486776437806384,0.07799041482576108,0.04701162101548739,0.216637111472191,0.02791007666348566,0.04192003667443345
GGCTGGTAGAGACTAT-D2_NoStim,-0.05014398283152133,-0.04156901151900527,-0.21060484095612608,0.11630193585194526,-0.036493916237420265,0.23928157699699426,0.2753595948820404,0.03313703123252587
GGCTGGTTCACAAACC-D2_NoStim,0.09205232419306775,-0.031521920113060986,-0.2043087618843753,0.12164297687140646,0.06801165947354804,0.20195549169949256,0.07734275743550345,0.05656185966036276
GGGACCTGTAGATTAG-D2_NoStim,0.11775018588787667,0.07793251955724756,-0.005009891591328142,0.07992047652581924,0.06386191086130744,0.15712129730731839,-0.0021948144899326394,0.04830518360625291
GGGACCTGTTACGTCA-D2_NoStim,0.03541357668494172,-0.11375957587831742,-0.17297863780886047,0.06499044647567409,0.12350160473371474,0.16125418289666804,0.1901126086511562,0.029333642237503454
GGGACCTTCACAACGT-D2_NoStim,0.07488814465524918,-0.06393066207927056,-0.5087864491906178,0.12011794416114085,-0.01971557383226319,0.29759838010239203,0.10430132149899007,0.02426801906444176
GGGAGATCAAGGTGTG-D2_NoStim,0.07905171199099037,0.002937093206167418,-0.16973604629317407,0.12441154500462837,0.09566601779961026,0.16792533917334573,0.022281595184504788,0.04586646359269686
GGGAGATGTGGGTCAA-D2_NoStim,0.10032640463911946,-0.025326641998992372,-0.03249003913609272,0.07178932497243018,0.08699771117560928,0.201642426020058,0.033856237540039746,0.02015988543908165
GGGAGATGTTTAGCTG-D2_NoStim,-0.011766978377579562,-0.05717035053436881,-0.11017398289541624,0.08279828946890078,0.07312522843458069,0.09572842003461624,0.24953287818234848,0.03636057492468936
GGGATGAGTGGCAAAC-D2_NoStim,0.12196297649616739,0.06019578959885585,-0.08633245730261407,0.06208290352589785,0.011879597453649637,0.08077016553278504,0.03310278590375937,0.03999034792902023
GGGATGATCGGTGTTA-D2_NoStim,-0.0016548851720905589,0.011669699010873558,-0.27299690806369803,0.04944975116448447,-0.03633790330674458,0.08275534386866212,0.044662267926126376,-0.01583214684214518
GGGCACTTCAAAGTAG-D2_NoStim,0.06753675795629555,-0.031956948606454816,-0.28678698869929775,0.02150154139604865,0.4664268642079552,0.2773818938626018,0.17513573214030842,0.06049281931896111
GGGCATCTCATAACCG-D2_NoStim,-0.05353248216246698,-0.07334409382678686,-0.5227274609855339,0.08630660575227544,0.05228574698473487,0.3384542914909332,0.19120976045417226,0.04909618625215373
GGGTCTGTCTCGATGA-D2_NoStim,0.1770961842551113,0.08827723689560685,0.0641268815107523,0.030948703707785796,0.06931773053167412,0.038027161326898096,-0.11237787001165689,0.009604602702070864
GGGTTGCAGTACCGGA-D2_NoStim,0.040574023760701294,-0.036884720116228564,-0.19057838572052255,0.0886408466179045,0.10168051214289342,0.1772604141563514,0.12040457514363068,0.039603222932276694
GGGTTGCTCGCGGATC-D2_NoStim,0.0951413558963825,-0.0234069964405208,-0.5107444478392864,0.10141406192404645,-0.05332506502361056,0.2366951227076406,0.005740668063850762,0.012393859093220883
GGTATTGAGCCGCCTA-D2_NoStim,-0.051918739524122515,0.0002624654554139738,-0.14160993749312745,0.06801147028006405,0.0074355326651147635,0.11406317340156136,0.09374141626729404,0.015749041367644878
GGTGCGTTCGCCAGCA-D2_NoStim,0.06469380788192503,-0.016674137259300892,-0.02231928581609921,0.06314717859057772,0.048427254606783876,0.15398970980511795,0.08134488988022515,0.03887300129741611
GGTGTTAAGTTAGCGG-D2_NoStim,0.0958530263186006,-0.02348686216453899,-0.254148536586575,0.0973397363225228,0.07106339843601894,0.26939580035224964,-0.021285302961780328,0.021612524941895472
GTAACGTAGGGAACGG-D2_NoStim,0.1075773455059057,0.03343522794481579,0.004007077846992502,0.05306649732287383,0.03308562541974247,0.08563830919901605,-0.01063012347484893,0.039480023841942824
GTAACGTCAACTGCTA-D2_NoStim,0.027194433318410205,0.04710087609917046,0.18964503161088508,0.029472149635660472,0.3344249921149416,0.13681818066871188,0.01992059022196102,-0.0030544464556516715
GTAACTGGTGATGTCT-D2_NoStim,0.038513106978651734,-0.03381098449827924,-0.32764270458349465,0.0305318556394667,0.005497404262509775,0.18801926593449458,0.10182118376446869,0.014486234660667563
GTAACTGGTGGTCCGT-D2_NoStim,0.06146018481740079,-0.04245889538371017,-0.1870509827891027,0.03006111192066463,0.00023367122627959702,0.1394699932837309,0.04045901729400292,0.008258711083524162
GTAACTGTCGGATGGA-D2_NoStim,0.018966266018734856,0.021411474242999162,0.03309791245309057,0.001180706582669444,0.10450846561103155,0.13266910153397227,-0.009011492427077439,0.0026021190667719907
GTAACTGTCGGTCCGA-D2_NoStim,0.09887505033864663,0.06956440219469684,0.10876322223357171,0.030090978151541492,0.06875796613708296,0.10061839256966998,-0.09850767527953597,0.02356881062187277
GTACGTAAGCTTATCG-D2_NoStim,-0.06975499809125907,-0.043570374363252284,-0.1425060341584583,0.08595810436801088,0.03275648067834602,0.13476422899006124,0.389798894812996,0.01856487960551334
GTACGTACACAGGTTT-D2_NoStim,-0.017164413704461978,0.020242674709612274,-0.03845895541951094,0.07296832255324581,0.15689979976239243,0.10645093852855148,-0.0721820718097197,0.010112318241938922
GTACGTACATAGGATA-D2_NoStim,0.052555874071106956,-0.009440466989486751,-0.397477472022139,0.05321587468199773,-0.08561899465239442,0.17376519378982636,0.0005050253291467577,-0.004804629624045376
GTACGTAGTATGAAAC-D2_NoStim,0.07394071069396979,0.013890982949590125,-0.14071139916548603,0.052591098365665445,-0.02309928746145573,0.0723047462722386,-0.04450592625491279,0.017410899048060813
GTACTCCCATCACCCT-D2_NoStim,-0.11851684773276361,-0.07469105300502399,0.021122786091973822,-0.023112783135109893,0.15239381887656478,-0.16176083845775757,0.454771880606506,-0.021848997476269005
GTACTTTAGGCCGAAT-D2_NoStim,-0.05450691414306874,-0.11659828540358852,-0.5624597232762785,0.15903105154428943,-0.06221896146949035,0.34472509220828584,0.5437112049322543,0.044862528525623446
GTACTTTTCCTATGTT-D2_NoStim,0.04294198640861602,-0.01616716262878981,-0.2468868409554883,0.10048466565225311,0.018666418213275193,0.11557788186639595,0.3257876594930744,0.054965889413875146
GTAGGCCAGACACTAA-D2_NoStim,-0.009245119673389368,-0.045250668303841834,-0.17848246704009973,0.0740801682360761,0.005275411901957128,0.1177383656861597,0.17134966960831122,0.024322817065456803
GTAGGCCAGTTCCACA-D2_NoStim,0.007993647898336675,-0.03178959170641704,0.0439242764841854,0.07481271470471995,0.04276755889056005,0.12472096171785019,0.2049933813361875,-0.005599762973766076
GTAGGCCCACATCCGG-D2_NoStim,0.06760427729303409,0.04057129651734748,0.023792233578662447,0.007263693995334108,0.16200547815063082,0.05274078597236542,-0.02364958311646248,0.02470839385682666
GTAGGCCGTGCCTGGT-D2_NoStim,0.044834628581725156,-0.06218982564732656,-0.4447216272801633,0.0746328599996442,-0.055547470813564814,0.23687117194072904,0.07790882898175289,0.018275618075671574
GTAGTCACAGGGATTG-D2_NoStim,0.10074814631490803,-0.005895233847837744,-0.09811909092221072,0.07837087569497214,0.051681186983300265,0.20216533155981775,0.06819384194304146,0.04722421993446879
GTAGTCAGTGCAACTT-D2_NoStim,0.007224409274620314,-0.018949290196616175,0.01724160465621516,0.04025415292267631,0.03444999775888746,0.11014217436352158,0.053622364918000986,0.011733362237617229
GTAGTCAGTGTGGCTC-D2_NoStim,0.17540726470780754,0.059621694853110085,-0.06756456236734643,0.11352846304711939,0.08170584251741708,0.2009890063936215,0.02079110055202449,0.06352840046792885
GTCAAGTGTGCATCTA-D2_NoStim,0.055940399666029705,0.006974416192964128,-0.31813908117738876,0.0748345499777141,-0.09621618272018573,0.18667855464321814,-0.007807452146113558,0.00661193125723436
GTCAAGTTCATGTCCC-D2_NoStim,0.08778397955003925,0.03697772182989567,-0.16736211955145208,0.033343774130576875,-0.028862659450519246,0.090316767257546,-0.08584267662153522,0.017317724477207364
GTCACAACAGCTGTGC-D2_NoStim,0.010076375849514818,-0.028448742389869608,-0.23892542106205283,0.01654297404259708,-0.0012484872168254668,0.134185881703754,0.06571834873232785,0.010353992359638298
GTCACGGGTAGGGTAC-D2_NoStim,0.07086561976426609,0.016082573296619884,-0.006530659442276487,0.05116649224340364,0.10363189140828055,0.1069928644007323,-0.004909802695759247,0.028270419519042633
GTCACGGGTGTTGGGA-D2_NoStim,0.11021906802043802,0.015606010547843496,-0.1659132535208574,0.11191009887745551,0.06912224109797194,0.17686489531872862,0.0005856161649688829,0.034437731281926176
GTCACGGTCCAATGGT-D2_NoStim,0.07391286260418894,-0.04090240513387222,-0.129287317716269,0.07794854946956242,0.05613031434156568,0.20712111854697923,0.059112975690917224,0.0464639541523848
GTCATTTAGACTTGAA-D2_NoStim,-0.029470734833624945,0.00606812335053597,-0.1304308862588872,0.05893664624865558,0.07830541343572328,0.15704715998179175,0.04983618068740636,0.03505337452271462
GTCATTTAGGATTCGG-D2_NoStim,0.16885159354117896,0.12447978950617866,0.2610086209417659,0.09152991415725786,0.1377803008779761,0.16302348443944226,-0.2105459535365437,0.054561951546077125
GTCATTTGTAAAGGAG-D2_NoStim,0.03909824747376511,-0.03258235201425741,-0.33815823780061827,0.07752144010281015,0.0328398734604356,0.27397181921553404,0.15993577706105366,0.028875707076492674
GTCCTCACATAGGATA-D2_NoStim,0.06779954879382721,0.05763733131622928,0.12954231480020795,-0.07832655052730075,0.17237668852113863,-0.016535193778031143,-0.4246829221111552,-0.011005926343655048
GTCCTCAGTTTAAGCC-D2_NoStim,0.0020713176067470584,-0.02657622798727388,-0.250211135067854,0.010069801362941888,0.01872331282592299,0.1689038865539798,0.023738506860845554,0.00999282553162395
GTCGTAAAGAGTCTGG-D2_NoStim,0.08868561561077648,-0.0011165996110449328,-0.25713942811685087,0.12052401254182321,0.09319131034731143,0.20542210258725557,0.04351557400024664,0.037301220558456194
GTCGTAAAGTACGTAA-D2_NoStim,0.11238963655307543,0.009899962764539083,-0.22874044366196422,0.07779413013630965,0.022919793916821973,0.21956290348912777,-0.002672754627881524,0.01741112211053597
GTCGTAACAAGTTCTG-D2_NoStim,0.10645776044460398,0.03354733289855538,-0.08380059740241919,0.008730599565250685,0.46354171701344526,0.2210015351125314,0.18610364309603522,0.0662393876932228
GTCGTAATCCATGCTC-D2_NoStim,0.13306759228466802,0.02389075359114301,-0.12434678143633704,0.04777118160455629,0.06229914583794027,0.14263291944197576,-0.013156578139811081,0.022198732928121245
GTCTCGTAGAGAGCTC-D2_NoStim,0.07918997409695905,-0.050659482793601995,-0.2101712359514405,0.08616715195406144,0.10615130834506736,0.22406828606611118,0.06432749873329824,0.03436002515269543
GTCTCGTCATGTTGAC-D2_NoStim,0.026959480124883584,-0.0243934687780456,-0.04808000646334243,0.05921233128075443,0.17167254298672496,0.11423845406293687,0.13169318380452033,0.056608245027844006
GTCTTCGCAAGCCGTC-D2_NoStim,0.05394069167732418,0.01731355325162731,0.002000723032535845,0.05982056438322658,0.10415740385394123,0.12211856392312637,0.006549458758966509,0.042405175782809224
GTGAAGGCAGCTTAAC-D2_NoStim,0.07332496678246159,0.055784782020140256,0.1267476659106066,0.05728798733593443,-0.18160692407316503,-0.06308527904459815,0.027223017553637874,0.03619508690823636
GTGCATAAGGATATAC-D2_NoStim,-0.12649529354157352,-0.039188861790819374,-0.047678028717727194,0.060133723309796494,0.061274509744723815,0.043315490468259554,0.37413972507794035,0.017014399552355286
GTGCATATCATATCGG-D2_NoStim,0.048741660816599364,-0.06008864252723001,-0.3590054088638297,0.037361794838131956,-0.073243905987594,0.16560798242168318,0.07643592219133533,0.004372495293004874
GTGCATATCGCTTGTC-D2_NoStim,0.002201233899240762,-0.021089357100569472,-0.099788418942655,0.06176409625012802,0.11102916642302496,0.09718895870700806,0.12378557371834376,0.05368248644220586
GTGCTTCAGCGTGTCC-D2_NoStim,0.03664363409809113,0.04273732034560851,0.18014665799845453,0.08564934948004499,0.4919602295139285,0.14579441931968518,0.08440166092646262,0.08468846449209977
GTGCTTCCAACGATCT-D2_NoStim,0.046977462615844345,-0.006877847150638772,-0.09885852058642008,0.03880765982690271,0.012098099032968435,0.1016541735786447,0.09366714686493616,0.018808276133132296
GTGGGTCCATCCGTGG-D2_NoStim,0.049132075486392424,0.010277976688696455,-0.1370438505206355,0.07007973304618709,-0.035899462847108765,0.17490729596016763,0.08295018470614934,0.025411652056796186
GTGTGCGCATAGGATA-D2_NoStim,0.07907184523454447,0.0007870832807252981,-0.3190232394533208,0.07077350370441948,-0.01878026228914287,0.1764410596394077,0.08282791509046472,0.017814154213272815
GTGTGCGCATGCCTAA-D2_NoStim,0.09999615084776714,-0.042872126861542625,-0.24471166538550015,0.10915814568897808,0.06579334819442728,0.21016817348208505,0.03766391684897119,0.031758348823261784
GTGTGCGGTAGAGGAA-D2_NoStim,0.02273975481140056,-0.0373503904887329,-0.14046248656931049,0.05980116267940794,-0.06407621396325425,0.07932462495250103,0.2714154360124432,0.007998709675627325
GTGTGCGGTTTGTTTC-D2_NoStim,0.08395520839178339,0.057880317980277596,-0.05747322146924283,0.04775189972986027,0.11335581025805119,0.09228682647132036,-0.09097530227890882,0.03150916301336082
GTTACAGCATCGGTTA-D2_NoStim,0.09283862649372132,0.028172672578074653,-0.005083789313188092,0.05784218151280207,0.12870929577332113,0.16315662017915766,-0.03342385129902947,0.04084855179661062
GTTACAGGTCGCGTGT-D2_NoStim,0.07531044871819681,0.0021943093995488994,-0.1252225476293578,0.0711391352354962,0.03728077586649192,0.1735157243473573,0.06108382647717292,0.04255088470164736
GTTACAGGTCTCAACA-D2_NoStim,0.13721861535383617,0.14753825167277412,0.029030150539899324,0.052199044848842746,-0.024871743570152205,0.05621201695421263,-0.17676245337958374,0.03278134344707695
GTTACAGTCACGCGGT-D2_NoStim,0.037712335715498924,-0.03601251999759114,-0.5278381615401813,0.11954722951834995,0.07445647921681164,0.3170245118828854,0.22899767543085003,0.0526223005777009
GTTACAGTCCTTTCTC-D2_NoStim,0.07195599711430312,-0.05671250735272615,-0.378097835659565,0.06760936570949028,-0.0625015941892002,0.14596883454600107,0.017024749271298045,-0.0035855489198475254
GTTCATTAGCAGACTG-D2_NoStim,-0.09273577352925777,-0.09291893791453099,-0.009465315234589156,0.048960857430307314,0.005199727278073496,0.03082053557854003,0.7408670517637059,0.004744097956663751
GTTCATTAGCTGAAAT-D2_NoStim,0.0927400582475304,0.03454275874548074,0.014175361865623515,0.07503454943227084,0.09945467869833102,0.1406383928286612,-0.01638340230455615,0.04062906114806353
GTTCATTAGTGTTTGC-D2_NoStim,0.0626583994743104,0.07041861544677452,0.1808542034820544,-0.013278851344992404,-0.1548485675397373,-0.17554368010818422,-0.10808003068592065,-0.019096001249181427
GTTCATTTCTGGCGTG-D2_NoStim,-0.06326107045183349,-0.051719095282788174,0.0009707857063077086,0.09367897782793122,0.2799439090560405,0.09100303596321702,0.5636389866451008,0.04490604162045031
GTTCGGGTCCGTACAA-D2_NoStim,0.1022991764159702,0.013940161562810971,-0.09069997234358951,0.06610154137263535,0.038298813748482985,0.16842002511200782,0.0193016088130209,0.05043270341837669
GTTCTCGCAAGTTAAG-D2_NoStim,0.00033059423699732804,-0.04946057503567758,-0.019473710927117693,0.0664777883256722,0.1903522215180935,0.1114020568714782,0.1838155698616042,0.02066075725207739
GTTCTCGCATAAAGGT-D2_NoStim,-0.012569412065289498,-0.06605276114537517,-0.4590607684878183,0.07584138601764501,-0.07773149853988492,0.18108250131161885,0.0596282953133227,0.0164992733384004
GTTCTCGCATGACATC-D2_NoStim,0.06988184930635555,-0.016516351988613565,-0.16826014403775247,0.05340231101693682,0.009270545775441619,0.1566344637767516,0.0216267913171464,0.014930344007890284
GTTTCTAGTCCGAACC-D2_NoStim,0.041374241107771326,-0.04146291135503333,-0.02943912748491684,0.15323050413233474,0.13929421561392807,0.11373412346800826,0.14505784852507198,0.0860800621445037
GTTTCTAGTCTCTTTA-D2_NoStim,-0.08104054754681123,-0.18637463490051154,-0.378661221681849,0.09717810722121456,0.18217719805872612,0.2666978318701716,0.6106789494017582,0.04948723539583355
GTTTCTAGTTAAGACA-D2_NoStim,0.06160484904418695,0.005717899773332036,-0.2919273443101531,0.049534976083716487,-0.08519036347406939,0.08376108891472889,-0.04160837020538466,0.021002136779772584
TAAGAGAAGCCCAGCT-D2_NoStim,-0.030727923632838383,-0.050761660041091616,0.06293323098262782,0.02353647134471437,0.11390531168719598,0.03519169020487212,0.1959395702279796,0.025181864993996328
TAAGAGAAGTTGAGAT-D2_NoStim,0.030851097137938766,-0.03607383948622278,-0.08033743768477919,0.08528620697824785,0.13150869794679387,0.2079994610709326,0.11840026978799134,0.055665389089806894
TAAGCGTAGACAGGCT-D2_NoStim,0.09734327943205834,-0.024046251589828316,-0.23556702455411838,0.0770728366583171,0.013562342557971618,0.1999037423638521,0.03751262428422386,0.024915405118406397
TAAGCGTTCTTAACCT-D2_NoStim,0.036784168927498584,-0.03678769260654491,-0.4056650392723018,0.08950178551727461,-0.023731477146542446,0.20831328574773877,0.06238307353942574,0.04280646188704118
TAAGTGCAGTCCATAC-D2_NoStim,0.11270039558324463,0.0650927710200424,-0.21291785002014407,0.03228824022169441,0.020870717446078046,0.06611518692011042,-0.15807162512191741,0.004528705661007493
TAAGTGCCACGAAACG-D2_NoStim,0.07271075795605064,0.012508821100201573,-0.07851624777316424,0.07928173896695512,0.13165061881223927,0.17601499363522333,-0.014186960738530097,0.02202848236392363
TAAGTGCGTCAGAATA-D2_NoStim,0.08156065590466888,0.005483849037215549,-0.0706965245564053,0.0684230672782391,-0.014390164518621518,0.152051999897453,0.01961513646034696,0.029096438945300562
TAAGTGCTCTGGGCCA-D2_NoStim,0.014209016686944409,-0.045674421994654324,-0.15535063683255323,0.06128388240579952,0.12438941093669342,0.1528880879838228,0.048621208609170186,0.02256267447969229
TACACGAAGTTTGCGT-D2_NoStim,0.09383380313826528,0.038966784599637094,0.05650212015462053,0.08357852897066564,0.12896411137970176,0.15105060468821918,0.022475180199062805,0.06608618193392424
TACACGACATATGGTC-D2_NoStim,0.04817397082645769,0.016444371835314442,-0.2833976872943964,0.025231711175747407,-0.047415250120423025,0.08410601451561295,-0.023841985642342856,-0.04434865418542522
TACAGTGAGGGCACTA-D2_NoStim,0.11245989355008668,0.05856318957301987,0.21702575576017225,0.005918695082529624,0.12737653995569254,0.011415871479705686,-0.052829392259581276,0.006111224973508911
TACAGTGGTCTTCGTC-D2_NoStim,0.11314541506628473,0.013623580225559095,-0.07803296017150352,0.06228892109200501,0.09659833564950837,0.20006965580440017,-0.004941028212393839,0.032047878022243736
TACAGTGGTGATGCCC-D2_NoStim,0.12470394046706801,0.08844801464887375,-0.013240976552872041,0.05027797098212616,0.024450002628153555,0.1137387769255227,0.0032096703665338566,0.05229833220849578
TACCTATTCCCAGGTG-D2_NoStim,0.08307069047187454,0.06098180109444762,-0.022249486751970693,0.04169737817314356,0.027266649229018114,0.05487895544203525,-0.12092173779956106,0.013637279717206852
TACCTTAGTCTAAACC-D2_NoStim,0.06548176190121602,-0.05022107711500823,-0.5914434207869679,0.13282025933489727,-0.16880819173986872,0.31679449306376917,0.1680718843538802,0.03366453555428883
TACGGATTCCTCTAGC-D2_NoStim,-0.007038528474785366,-0.07318572722787486,-0.2186060518035191,0.019275623006999254,0.11275360819987945,0.13819518986540125,0.07905170536799044,-0.013074254059340262
TACGGGCTCTGTCAAG-D2_NoStim,0.09096553205557889,0.034358883559741926,0.221806342393025,0.08954375235957279,0.15512444363445788,0.09687715528876684,-0.009134970782116447,0.027795468036165616
TACGGTAAGGGCTTGA-D2_NoStim,-0.030239529914835472,-0.10750513787877303,-0.2953664519363688,0.06054651933567001,0.04320769627484111,0.15036573608161596,0.24657629021375715,0.008033579059592455
TACGGTAGTTATTCTC-D2_NoStim,0.06303524975340302,-0.0196735938591317,-0.3026519404559167,0.051292226422225085,-0.06024223281349528,0.13555364484018906,0.028606622977441987,0.008389968542910964
TACGGTAGTTCTCATT-D2_NoStim,0.07292740994383706,0.026053700715493733,-0.16912891560904697,0.05040018948089653,0.03847630061498819,0.06566805728334746,0.04382611202056541,0.015923689302191235
TACTCATCAAACTGCT-D2_NoStim,0.12203900306849391,-0.0024745185127326152,-0.1903761046051482,0.07754090019866133,0.06445435883497552,0.24158032069967472,0.033939280368997515,0.023120909831883196
TACTCATTCGGTTAAC-D2_NoStim,0.11303582005107415,0.04364145398442254,0.015089313764585555,0.05858366189654873,0.035447529546665635,0.12376906955522582,0.06688634852916842,0.021562455389043222
TACTCGCAGAATGTGT-D2_NoStim,0.02372964286878876,-0.017658381907970977,0.061701470666150726,0.04334726327653726,-0.0066710612574780725,0.06302419481164634,0.08983333979972308,0.02016010501832355
TACTCGCAGGTAAACT-D2_NoStim,0.023281345010468968,0.036549995515546385,-0.18935841050520175,0.022396164055365375,-0.019556316916588656,0.10073724147065377,-0.049842064413611276,-0.012322875509891418
TACTCGCCAGACGTAG-D2_NoStim,0.09802189282678775,-0.033350507823254105,-0.1594745943762721,0.0766852203302193,0.06509355140621587,0.21603661776240024,0.01632006706778366,0.023853427142949357
TACTCGCGTCCTAGCG-D2_NoStim,-0.03677314812258281,-0.06021190455031267,-0.10106496657636832,0.03584599352305773,0.1345573057991718,0.08537570649569304,0.13962849867406302,0.0026135267077389557
TACTCGCGTCTTGATG-D2_NoStim,0.026573319717941857,-0.028170078517431918,-0.08336171644064194,0.04586446341527939,0.0610828286175753,0.1572240172425765,0.10042038624659178,-0.006623656379218801
TACTTACTCGTGGTCG-D2_NoStim,0.11533750098791273,-0.07527625809188088,-0.17515379585309532,0.10310340624102565,0.08823421615713656,0.25709546665347904,0.05739095929662419,0.04819117025282971
TACTTGTAGATATACG-D2_NoStim,0.03993430588427316,-0.03855403876477226,-0.3398783623446864,0.12869567683559602,0.19676413660268288,0.35442335092295885,0.742848616631445,0.0964625100275196
TACTTGTGTCCTCCAT-D2_NoStim,0.029788576677308498,0.012708721926665945,0.090963126601741,0.08083330246130771,0.3732399980540837,0.14660155312633805,0.13429867141555274,0.0763614187538817
TAGACCAGTCTAAAGA-D2_NoStim,0.016989393165889766,-0.07190831565259082,-0.30549394654942397,0.08279740649757095,0.05794172233954065,0.12959966255299715,0.2477751075161585,0.07138953625235978
TAGAGCTCAGCGAACA-D2_NoStim,0.12911447373693896,0.04676697329452573,-0.2329389100536794,0.07483109438574687,0.0394528029681549,0.12515012388778768,-0.018040728596321998,0.01947307444282842
TAGAGCTCAGTATAAG-D2_NoStim,0.08704354636029876,0.024207486539342682,-0.08760390184669475,0.052032918028221076,0.04604894013180427,0.12557239603007897,0.017088307945043013,0.02111131219356821
TAGAGCTCATCAGTAC-D2_NoStim,0.1240333135285514,0.04865402762440496,-0.031041512091753987,0.08348090583271706,0.033803175610072955,0.12810221977572134,0.011487592284185055,0.05498248674672901
TAGAGCTGTTTCGCTC-D2_NoStim,0.04478517436906415,-0.000223647530033233,-0.3503814544817381,0.06828566866229835,-0.05576542978896981,0.15981640563407673,0.015173043974014089,0.005159056318996491
TAGCCGGAGTGCGATG-D2_NoStim,0.0755451165117016,-0.04261768512414754,-0.31170480430011693,0.06370800878716842,-0.03394506868887781,0.19869284436354917,0.026260839594331564,0.03268835118186786
TAGCCGGGTCAGCTAT-D2_NoStim,-0.09738247774837383,-0.04588361461298085,-0.23586221381668082,0.009396677892492988,0.009475237886089616,0.10442289831435758,0.09748510648701991,-0.034820915477716596
TAGCCGGGTCGACTAT-D2_NoStim,0.07688381763367502,0.009996071647982774,0.08100958182468965,0.028726917287983156,0.034304524445506246,0.12515181698054256,0.032139112575888085,0.019622779798227796
TAGGCATAGAAGGCCT-D2_NoStim,0.11035630368709093,0.013364185622126712,-0.006153125355501388,0.09618008833463065,0.07891835759974519,0.1797811754815246,0.04322621691543471,0.05893319281336318
TAGGCATAGACTGTAA-D2_NoStim,0.03454430793376417,-0.038981405967621896,-0.06396861141523225,0.06277634952982147,0.041842571636520276,0.10269194643024537,0.29695837631854793,0.03998236102862052
TAGGCATCACTTCGAA-D2_NoStim,0.08108156737448269,0.05578200279891732,0.04628087025113814,0.01785285413533977,0.15549947817916632,0.10021387323262587,-0.1632313343784375,0.01792142937005181
TAGGCATCATTTGCTT-D2_NoStim,0.08144623099139991,0.01602402558096827,-0.020567323157806072,0.08372528220966302,0.14128296976481636,0.1809684713744577,-0.046512150896944604,0.03034134943097122
TAGGCATTCAATACCG-D2_NoStim,0.0035232394414208557,-0.058877151742214195,-0.27499266193937544,0.038304093268436645,-0.04644549691963462,0.09876813739957147,-0.031192353130506945,-7.115430792659083e-05
TAGTGGTTCCCTCAGT-D2_NoStim,0.03749388111552321,0.0008401775644539811,-0.06980615819645308,0.0761284947254417,0.1293652854940195,0.17535696858549343,0.07971199842466348,0.06205009926199878
TAGTTGGAGTGTCCAT-D2_NoStim,0.02980752933785702,-0.021021918523418393,-0.5352225673364792,0.06901112074962334,-0.005169429454859653,0.24882483198469174,0.11597256671329381,0.00580286466268376
TAGTTGGGTAGCTCCG-D2_NoStim,0.0181347552898945,0.01676740374115049,-0.10082821797077735,0.0664183736108157,0.12456504655690637,0.2004580816994217,0.20457865050529733,0.03461557871909626
TATCAGGGTATAGGGC-D2_NoStim,0.07344775576470575,0.03065368261936996,-0.17265411868045177,0.04615038832404039,-0.013457806292786145,0.12238271517777388,-0.023203705791715823,0.023522947627553137
TATCAGGTCATACGGT-D2_NoStim,0.11094873425792606,0.053852043517823134,0.21732423610869134,-0.009162487768902494,0.162744714621482,0.08168560861957275,-0.3118633470106804,0.03049052538440833
TATCTCAGTACACCGC-D2_NoStim,0.13129772669949347,0.03181681300783801,0.05682375235585013,0.07833155256846425,0.1174964397332463,0.19933301048809504,0.18401607872726355,0.07444662214933118
TATCTCAGTCACTGGC-D2_NoStim,0.08628388662098097,0.003345807679648871,-0.16476102280559246,0.06297272244174756,0.025427580164882002,0.1564957737211179,0.013843560334507288,0.023971119200480118
TATCTCAGTCATCCCT-D2_NoStim,-0.04838514291136242,-0.06744171290974776,-0.22853126483491693,-0.010326880150588025,0.09725463301509052,0.08524129089928678,-0.0314313002546065,-0.035994553447872946
TATCTCATCAGTGCAT-D2_NoStim,0.054251422747533695,0.0470045729155224,-0.14958890681618087,-0.013741865525007668,0.026515761057520848,0.059619587767499205,-0.19300942853479963,-0.02170135924392902
TATCTCATCGGAGCAA-D2_NoStim,-0.03916046564162201,-0.03221944808224109,-0.07928995460675203,0.04286729124570776,0.006831802145169874,0.10850380253446978,0.0545394784093598,0.012651955964523509
TATGCCCCAAGCGATG-D2_NoStim,0.054024299112651164,-0.03689912111006777,-0.39001990833071076,0.03525455971739255,-0.05200412728857984,0.19173032279748714,0.014538390881838836,0.01212102106260815
TATTACCCAACACCTA-D2_NoStim,0.03061161826486014,-0.04495618031860005,-0.3824651006834756,0.0822506686052904,-0.03968808300201587,0.23656747913495657,0.11726307452772655,0.013256034182827392
TATTACCGTGCGAAAC-D2_NoStim,-0.0021650588927641934,-0.013169571614124465,-0.30162239939021873,0.030096257686015093,-0.03196748007179728,0.06988487492247852,-0.0020288135951593844,0.007098298480357812
TATTACCTCCGTTGTC-D2_NoStim,0.06599850676292895,0.04099450009329608,-0.011449234316687651,0.0924927028592677,0.08239827706198,0.12675800478460175,0.042609547390898506,0.04453151183419557
TCAATCTTCGCTGATA-D2_NoStim,0.0522132907509647,-0.03643753629221003,-0.35940578199693185,0.06786680263290279,-0.01872562672172684,0.19380844867893288,0.03729871770346582,-0.0031739904493406357
TCACAAGGTGATGTCT-D2_NoStim,0.07034877984317056,0.013230725624755024,-0.024749764618867687,0.05744311491319465,-0.019509362517181827,0.09020888877506827,0.0419148953707813,0.018687382156484134
TCACAAGGTTACAGAA-D2_NoStim,0.09770589647555994,-0.00453343592749178,-0.013269434265058777,0.0706704010540733,0.10411250975452013,0.1819878884558035,0.017276812676009,0.032968570176031164
TCACAAGTCACTTATC-D2_NoStim,0.09140250255292415,0.012190989915540129,-0.3273929089825316,0.053836936171986594,-0.025522822939779033,0.169653956603943,-0.010871027681962797,0.03419728079056128
TCACGAACATGCCTAA-D2_NoStim,-0.0010935042323740873,-0.031721005369020006,-0.061350488415804705,-0.07600086482564272,0.06776182995684366,0.004416211502863199,-0.22818897426223206,-0.05191097861300875
TCAGATGAGCTGGAAC-D2_NoStim,0.08279383127697493,0.04675779226535326,-0.07351343307977487,0.07978866747486357,0.10502251251189598,0.14686738291634516,0.02055029855561674,0.057255640824527276
TCAGATGGTACCGCTG-D2_NoStim,0.09665920175965859,-0.008045099840757075,-0.11586487230290388,0.0945990388793021,0.09320517823431551,0.17288518333448977,0.0162955094257482,0.03913716954192914
TCAGATGTCACCATAG-D2_NoStim,0.04417382034949391,-0.06691154651700337,-0.4468208684157151,0.051409807551932474,-0.07197382327249358,0.2679828634914152,0.035901783728554015,0.0024568978373569195
TCAGCAAAGCCGATTT-D2_NoStim,0.046239602665982815,-0.032421565940323305,-0.36489417538796687,0.07695161978620746,-0.05075297792254929,0.2356723482151697,0.0043512436496317974,0.019621374703406858
TCAGCTCAGAGCTGGT-D2_NoStim,0.00690604026336139,-0.022315573201835193,-0.23893421804917558,0.006328911810793869,0.4001458631585919,0.23232875862335334,0.09892928755011265,0.02275468075617937
TCAGCTCGTACAGTGG-D2_NoStim,0.031101370949444984,-0.09960003280342278,-0.17316176855247,0.12525635679661917,0.0912278645684772,0.17187764126426597,0.39715083417286134,0.060004515748037335
TCAGGATGTCGCTTTC-D2_NoStim,0.08822849599983762,0.009053837402293041,-0.2800628322184977,0.09081255850739467,-0.023357443729118188,0.2121342146558023,-0.0006607745069273641,0.027237857025124157
TCAGGATTCGTACGGC-D2_NoStim,0.038403893545115864,-0.047621830957869093,-0.3059733516014074,0.055324576916914836,0.030261900780459428,0.21948098551109751,0.09635286631566942,0.007297220105282776
TCATTACAGGTCATCT-D2_NoStim,0.0952903311976332,0.04383923617101004,-0.04656003565918709,0.045920630186232714,0.0706756139352187,0.08670043341588318,-0.08500557149569943,0.016759455136471146
TCATTTGAGGATCGCA-D2_NoStim,-0.04143764253662496,-0.04093575679073247,0.03936633243922749,0.0483360616796471,-0.06281754112876214,0.1222164887092898,0.21933050294900447,0.024369174424714757
TCATTTGAGGTTACCT-D2_NoStim,0.12217322186128499,0.01980787907292303,-0.2619988751093132,0.07749276906792346,0.02649784393688215,0.18850583169504898,-0.007622489357911988,0.018975940405891123
TCATTTGAGTCCTCCT-D2_NoStim,-0.0345454036287407,-0.052558671662096046,-0.25067579737295986,0.029486692088180888,-0.017230180944213913,0.09580124529437128,0.023950115022121743,-0.023345725019344954
TCATTTGCAGGGTACA-D2_NoStim,0.098219173230218,0.04935580635419079,0.05383565761014708,0.0582716702005186,0.16197270605537994,0.13139008468245894,-0.111083065515869,0.05234853443956844
TCATTTGGTCTGATCA-D2_NoStim,0.08362325447955676,0.0667326703404072,0.0955864960396191,-0.002228654318727763,0.10020162624222273,-0.001206103827881222,-0.12050946654935757,-0.029015691995047277
TCCACACGTCTAGCGC-D2_NoStim,0.0469443206186142,0.017919555025445177,-0.15371996673815858,0.06711547972665954,0.0720812615457227,0.10896832998716377,0.1602712505281545,0.044537051809516726
TCCCGATAGTAGGCCA-D2_NoStim,0.1397464004317257,0.07126632342836992,0.21326909006960548,-0.005928935652816492,0.24643665362128253,0.09101779422904865,-0.3103116865102562,0.02433684100953748
TCCCGATGTGGTACAG-D2_NoStim,0.06542598200540617,0.013460083337772488,-0.12276897708302492,0.0337660984238255,0.4514803093100319,0.17465607516681914,0.1195342777848083,0.060463864519045174
TCGAGGCAGTAGCGGT-D2_NoStim,0.07735082633007195,-0.04701690412064252,-0.27344843599717805,0.07902774214487529,0.02021436783077135,0.22505115996861225,0.005294278917491457,0.015281036764918099
TCGAGGCCAGATGGCA-D2_NoStim,0.03437635183844456,-0.027096124255733045,-0.46546582101380096,0.06817000342449653,-0.09147047165653177,0.1886421058271175,0.012002588860492658,0.011918856922807919
TCGAGGCTCGGATGGA-D2_NoStim,0.06724203691361375,-0.0241047108685688,-0.1863239537183894,0.07890353693168706,0.04988016074533519,0.17261938516930897,0.07864542812785169,0.011796263556179909
TCGCGTTCAATCTGCA-D2_NoStim,0.014600147253927886,-0.042220253436935806,-0.02488972178251636,0.042704969507877166,0.10786846550716866,0.06430587548489086,0.08232226768966111,0.026370805163043798
TCGCGTTTCCAAGTAC-D2_NoStim,0.1089213139230889,0.0029985683047168976,-0.22366555246962427,0.09551002678403187,0.024462006223771482,0.18059967950020983,-0.028517841514591247,0.02990162331510149
TCGGGACCAACACGCC-D2_NoStim,0.05016867762856769,-0.04539480156889297,-0.28206495927876496,0.05916063360727897,0.031249721592438107,0.2102105151996616,0.008260702112286467,0.01028909614581508
TCGGGACCACGGTAGA-D2_NoStim,-0.09553901758935801,-0.1236657315105596,0.09331148436781156,0.10579030777498843,0.10873137682957079,0.21212017279588036,0.5161879592498559,0.05469611993138557
TCGGGACTCCTTGCCA-D2_NoStim,-0.008336463815650674,-0.04455591524245328,-0.4747250133780696,0.09564540776635333,-0.0593707339911802,0.30081950163750015,0.14389544291699696,0.021856315688612682
TCGGTAACACATGACT-D2_NoStim,0.036557497118934634,-0.03000435461867923,-0.1960415866430818,0.05019913567276291,0.038722859278298216,0.12704112683541346,0.018160440217045437,0.005754931300444355
TCGGTAATCAGTTGAC-D2_NoStim,0.028421429453928226,-0.031057329824646374,-0.09596491656868089,0.10307196990806666,0.06358532594227562,0.15802634120908987,0.22806058015678232,0.06186891470227707
TCGTACCCATAGAAAC-D2_NoStim,0.05464258970882874,-0.04459904894975075,-0.4310748473802821,0.06749871565503085,-0.04379106696938173,0.24933633380417142,0.09630755708379724,0.04285622714666104
TCTATTGAGAGGTACC-D2_NoStim,0.09414554635220185,0.01773685001001546,-0.10176377031501893,0.06673886492494141,0.0848330660702743,0.17766891415532182,-0.04537122285316908,0.047104186941417936
TCTCATACAACTGCGC-D2_NoStim,0.05477632217656492,0.03648441065433694,0.06876416809534547,0.03311230219681427,0.1762098149558966,0.03798437378186037,-0.1589338807028895,0.0020255575721890295
TCTCATACACCGAAAG-D2_NoStim,-0.03429952184825957,0.02355641051252988,0.04282064874652214,-0.0757537629933136,0.03518974860777213,-0.03249250048938901,-0.19368327046029776,-0.020437646675699028
TCTGAGACAGTACACT-D2_NoStim,-0.005557595003297777,-0.057463580830813044,-0.23598183714161536,0.04022126406358062,0.08803928016989282,0.2002061724964337,0.15301368395967962,0.010033083867643455
TCTTCGGAGGCAAAGA-D2_NoStim,0.08408609537974066,0.024114737012087772,-0.010804474708463019,0.08969523924604239,0.04816030858581222,0.1628129567340464,0.10417239147929847,0.03480795204593612
TCTTCGGCAAAGGCGT-D2_NoStim,0.14228900062519223,0.00015561653598439307,-0.3485487949244295,0.06593835113531732,-0.03551640567755676,0.20841418248579924,-0.007467089670397442,0.03329163000209867
TCTTCGGCATGTCCTC-D2_NoStim,0.10847689016153517,0.10955053675046322,0.09779162370295502,-0.0559374601617062,0.34324829497235676,0.12533646688902866,-0.23024545141838537,0.018355471796482448
TCTTCGGTCTTCGGTC-D2_NoStim,0.0210678828501365,-0.0016871164251313076,-0.1288208644120914,0.0643141610361937,-0.04110872991634551,0.10112950917283747,0.12196476249799115,0.010448015856551862
TGAAAGACACAACGCC-D2_NoStim,0.10230526072668411,0.05277762444791989,0.2240051747543621,-0.02698425966339535,-0.04863860509594886,-0.08719782499466078,-0.07447921405261315,0.01649692181078244
TGAAAGACAGGCGATA-D2_NoStim,0.05359182560130371,0.016459874352072745,-0.2829037644710102,0.06327980908146102,-0.012103400445649726,0.23043624936130058,0.09260837210199258,0.02899876537926005
TGACAACCAGTTCATG-D2_NoStim,-0.07690801764084121,-0.05235517601654749,0.0019321913907344168,0.025886753869068357,0.22542653629097664,0.1040940424463157,0.23837066481443347,0.018203384896729347
TGACAACTCAACGGCC-D2_NoStim,0.0907416505453984,0.17685236115661773,0.10829075502214103,-0.09827431443726731,0.08769612500863921,0.08591490672152613,-0.6126493104135857,-0.05094795703631938
TGACGGCAGCCAGTTT-D2_NoStim,0.0183195121633819,-0.005473536006087798,-0.4169863357480672,-0.05064883934920239,-0.0997122013728795,-0.0001759134527432593,-0.18316700377115058,-0.02618923888135427
TGACTAGAGATCGATA-D2_NoStim,0.13709406427040527,0.0626437943790652,0.29767682518309435,-0.029798352900654024,0.26849702958940647,0.12125050437585827,-0.22997458574749352,0.01674856905629518
TGACTAGGTAGGGTAC-D2_NoStim,-0.01935418567902225,-0.0773351556908235,-0.2902586269188703,0.06548718437205991,-0.00028069201686520273,0.19747641706225405,0.2843173796792726,0.010806018924018446
TGACTAGTCTTGCCGT-D2_NoStim,0.13217204665603077,0.0485395217685749,0.14280259589702382,0.028266240463334924,0.18210719006900966,0.12773092705533706,-0.24982584367417537,0.021397304292431585
TGACTTTGTATTCTCT-D2_NoStim,0.07866089938652898,0.0690803863281868,-0.13653922015675235,-0.05713851462741104,-0.027925938727040744,0.008364555515317562,-0.2864860005841212,-0.042781017411424926
TGAGCATAGGGTATCG-D2_NoStim,0.016394990940719723,-0.011555521104105182,-0.09214347148401814,0.023215568894102034,0.053738471219496375,0.07909070829324705,0.009371038495332495,0.000886659665058076
TGAGCCGCATTGGCGC-D2_NoStim,-0.06603274157994932,-0.11095906241765441,-0.2960571253841273,0.0687675390386957,-0.06839825554419043,0.16168373824493365,0.1455271175432129,0.04019135920692385
TGAGCCGGTAGAAGGA-D2_NoStim,0.056995013992008126,-0.028811892359446034,-0.08023499119645194,0.10295855306451784,0.06088494490703056,0.1135087099694676,0.1425820952508401,0.06313672660081338
TGAGCCGTCAGCAACT-D2_NoStim,0.05035764336506077,0.034795427692507985,-0.018303065023252074,0.01834310844924758,-0.009681757644463218,0.05777146330956562,0.05767819384607753,0.009548447567411245
TGAGGGAGTTATGTGC-D2_NoStim,0.013906725243947093,-0.0014974188086025464,-0.08970463224097891,0.09674010842825709,0.14668231129187426,0.16909064218997472,0.21775883758541426,0.07732542383286756
TGATTTCTCCTTTCTC-D2_NoStim,0.05456666205660454,0.018980509558463865,0.12407388986965451,0.08276773367426138,0.45878573256805666,0.14743078077931493,0.1549781512710089,0.06369308394156548
TGCCAAAAGGCTCTTA-D2_NoStim,0.06229754484485284,-0.04563665324566024,-0.3692306172884994,0.06910475799523397,-0.01717172044032189,0.2171945930029704,0.09348327648297783,0.019904580504684688
TGCCAAACACGACGAA-D2_NoStim,0.04399881219180202,0.011242144034262935,0.025597608906979374,0.051877347604762036,0.4664641417837956,0.0747654291472859,0.2962839300164406,0.07854741958330891
TGCCCATAGTACCGGA-D2_NoStim,0.07201353987735892,-0.01979393642912619,-0.2344279297385441,0.049276658388428984,-0.10483525279855321,0.11624816572964924,0.02715581550975532,-0.0008392431523240873
TGCCCATCACATCCAA-D2_NoStim,0.08981644118210141,-0.004899648125389788,-0.007156502107502405,0.07406981430975534,0.08351048526442462,0.1709732625203202,-0.04824361737482574,0.057283287007285466
TGCCCATGTCCCGACA-D2_NoStim,0.02836697292226731,0.017271570727737995,0.07185295248263657,0.06733771842738179,0.306368008248441,0.1794734598580927,0.4115372595338105,0.0520709565577544
TGCCCTAAGACTAGAT-D2_NoStim,0.10546827128412062,0.020187985673125297,0.00908252568033241,0.07087771130136922,0.08127824027013375,0.1647634040672239,-0.006057775988784542,0.04629253173906278
TGCCCTACAATCCAAC-D2_NoStim,0.10250621162203721,0.030264956898541584,-0.09225837891370148,0.10084588644248527,0.13297173797363548,0.19661060833229982,-0.04354568151439686,0.03523505560128015
TGCCCTAGTTATCACG-D2_NoStim,-0.08997761855713371,-0.05229736422975151,0.008754847215394435,-0.030152581832249226,0.03977767904341256,0.12102663833820948,0.13569252965743672,-0.0087142029670364
TGCGGGTCATCTGGTA-D2_NoStim,0.0411995409113608,0.0013170915530622551,-0.184463107619397,0.07427092644540068,-0.008399386172627032,0.12500680000063902,0.039975986001056896,0.01212320616238216
TGCTACCAGCTCAACT-D2_NoStim,0.10239785701952009,-0.00442098539724789,-0.12894728352257978,0.08285736865932769,0.09058509604579612,0.16506757328526334,0.04276027496602852,0.04016759884300747
TGCTACCAGGGTCGAT-D2_NoStim,0.04897875880784319,0.04612534355475084,0.03607720327213926,-0.019944721777701346,0.021982880170972052,0.06386989355358352,-0.008444904666508712,0.0209169751129199
TGCTACCAGTGCGTGA-D2_NoStim,0.000403300151440078,0.04472683147995049,0.1029530743542324,-0.01863215520572936,-0.05733052067236066,-0.08398717776984732,-0.032972001623336133,-0.003323709369215777
TGCTACCCATGGGACA-D2_NoStim,-0.03512154692970881,0.024282256170957695,0.06555593018558703,0.002852523146080088,0.25547575462905847,0.09556139825779475,-0.115154788477005,-0.02067386702340457
TGCTACCTCAATAAGG-D2_NoStim,0.09098730898311658,0.007904998222388215,-0.24955998808438729,0.09446582952889315,-0.032214080690526004,0.16621556238377178,0.1845280583939921,0.035653698539110934
TGCTACCTCATGCAAC-D2_NoStim,0.17463404537928895,0.09820058760684347,-0.011858130653124022,0.04483048638734033,0.05613339298496989,0.08047640629860453,-0.08944253497660526,0.01975292623020586
TGCTGCTAGGTGCTTT-D2_NoStim,0.05289360817326916,-0.037272898064276916,0.030463838193588444,0.06106964990182817,0.0969366569784551,0.15696512685785002,0.08712305203367254,0.05865279087209707
TGGACGCAGACAGGCT-D2_NoStim,0.029993874927271236,-0.020653879618448556,-0.22704278815126244,0.05918801665436568,-0.04245570338218485,0.11888596641707494,0.11508424458862976,0.002005355721422575
TGGACGCGTCTAGCGC-D2_NoStim,0.1033168242849758,-0.004590498698727075,-0.059269697070766014,0.07097844773582018,0.06037497048962237,0.13906127651990907,0.009947021040245474,0.04387224032920578
TGGACGCGTGAAGGCT-D2_NoStim,0.08840591693427768,0.03813832963996866,-0.053463453168300035,0.07431074292033557,0.021220243302733977,0.15251950714546414,0.0661171211805529,0.04934919139226146
TGGACGCTCCCTCAGT-D2_NoStim,0.13611404607009092,-0.0338768527406792,-0.38695884137985637,0.10125233274597711,0.05329409564677512,0.2863111594355736,0.09857761686437128,0.0639395930537674
TGGACGCTCTCACATT-D2_NoStim,-0.012134773644868702,-0.05111239654606159,-0.3987525158455707,0.054707337315143434,-0.05668225343086064,0.19115475895986123,0.06587212611136772,0.01165436133413067
TGGCCAGAGACAGGCT-D2_NoStim,-0.01545078119320209,-0.040211966627701656,-0.33782360055208116,-0.02347283936243727,-0.1441590610899457,0.029604280675712857,-0.046586184532372954,-0.060530303452383194
TGGCCAGTCCTGCCAT-D2_NoStim,0.004527792608413961,0.0007554538660983212,0.1529776220038208,-0.0196368536052276,0.5699497734083465,0.11433244207934123,0.1252621263625029,0.03820721178828812
TGGCTGGCAGATCTGT-D2_NoStim,0.0005676895725557074,-0.021676159712665566,-0.1794207771111438,-0.011177117218922561,-0.05633074828788054,0.14051286371677563,0.0511658797137482,-0.018034838498591554
TGGGCGTAGGGCTTGA-D2_NoStim,0.12524284767213167,0.03244079491485152,-0.190229298162631,0.10743140317172717,0.03839048124794786,0.2056469785375059,-0.003324374466648017,0.0407633190451584
TGGGCGTCACTAAGTC-D2_NoStim,-0.04758828372884416,-0.09559894194570262,-0.02486523159693732,0.07147979569937846,0.11181572405059725,0.15262353791333094,0.21331629934910623,0.037158391474497066
TGGGCGTCAGCAGTTT-D2_NoStim,0.06819562011631675,-0.00040548197259404617,-0.03797018421494869,0.09644530272388963,0.13057053209009872,0.181985036722061,0.0707287979072122,0.04448543774926428
TGGTTAGAGTTGTAGA-D2_NoStim,-0.03531189372581345,-0.13455235875412797,-0.28911379531641757,0.021656466020575138,0.047936935607344466,0.15444057731332883,0.2869516786270001,0.020422229606841924
TGGTTAGCAGACAAGC-D2_NoStim,0.05070959823990151,0.017210694619786082,-0.05839836378808805,0.0816438815711571,0.1238679681610968,0.13666980973353482,0.06638364882107517,0.04839893992042654
TGGTTCCTCGGAGCAA-D2_NoStim,-0.040784226313503424,-0.0469786460514694,-0.3336255568228932,0.05596007088560917,-0.0851374165885872,0.15134635629204674,0.15790753271537294,0.01529546924436076
TGGTTCCTCTGCTGCT-D2_NoStim,0.028326197517976937,-0.08438569740947521,-0.4374678768585021,0.11118260215495646,-0.03961192449960649,0.2614323585680154,0.14043227045428486,0.03381334980484496
TGTATTCCAGTCACTA-D2_NoStim,0.09399803467487722,0.009556750689307947,-0.12522867264471138,0.11722681465593787,0.10086640135646441,0.23768460472098596,0.08120027709422484,0.05560155104450182
TGTATTCCATGTTGAC-D2_NoStim,0.03538076222197084,-0.006257783914035642,0.00566020857429983,0.05850974515794327,0.0011993626774717825,0.15928598537105643,0.04970854802862634,0.006271144675249474
TGTATTCGTGACAAAT-D2_NoStim,0.024315598904067315,-0.029978593263251696,-0.13371118072587862,0.08377812852393696,0.03874118589081199,0.16158273381818233,0.3107809884351944,0.039073668869228584
TGTCCCAAGGGATGGG-D2_NoStim,0.044744423594965,-0.07376318949470395,-0.3959785503619031,0.0575934956632107,-0.009997334366302013,0.25143169530887644,0.09063699627977817,-0.0009493101907942503
TGTCCCATCAGCAACT-D2_NoStim,-1.2495858769057122e-05,-0.07876885497155683,-0.21468542737414964,0.030613880641935154,0.08578670201654326,0.1719036738865567,0.08210238130179892,-0.007149470682117354
TGTCCCATCCAAACAC-D2_NoStim,0.1147053933502793,0.06958558666385706,0.2397148081906444,-0.022324783970116613,0.20572586024905526,0.11879309646265845,-0.2760928323736307,0.009270877147965706
TGTCCCATCGCAGGCT-D2_NoStim,-0.10544924199141192,-0.11451301038183814,-0.5898472056428314,0.11267199308712605,-0.06759942555882326,0.29569880702537255,0.5534532924119322,0.040727540395227635
TGTGGTAAGAATGTTG-D2_NoStim,0.057945243492632414,0.012510808686759134,-0.041968933292139354,0.08062769396092406,0.3482806453194911,0.1856864913524987,0.15824209610940176,0.07699469411101667
TGTGGTACACACCGCA-D2_NoStim,-0.044633681758236676,-0.04494573590184814,-0.10526549232423221,0.032985857411391706,-0.021477578986550228,0.09860597724428821,0.16086861197806357,0.0101853052780001
TGTGGTACAGTGAGTG-D2_NoStim,0.0031319665474374148,-0.08029462961026823,-0.4636115109122052,0.11268182120901216,-0.1109674974843724,0.24384935506428107,0.22641371324964332,0.02794995068131989
TGTGGTATCGGCTTGG-D2_NoStim,0.08171437979426521,0.014451180374502215,0.05484940523001214,0.015964117415094847,0.10803060315806512,0.1291129469496859,0.10706096944104626,0.023837155816364586
TGTGTTTCAGAGTGTG-D2_NoStim,-0.10231173498613977,-0.047991261881330516,-0.1398166979247133,0.05747201799655599,0.0877166677156822,0.20796901727404382,0.37699105244161313,0.01967768940371073
TGTGTTTTCACATAGC-D2_NoStim,0.04405075008826209,0.00423821150761583,-0.16873276914026292,0.008274728244003882,0.02033709867656519,0.1232519658478779,-0.02575171935685816,-0.018615929377869378
TGTTCCGGTTCAGGCC-D2_NoStim,0.08482057023589107,0.0028994981425860544,-0.06260102948849422,0.11658729023154635,0.14702588982725473,0.16784649811088936,0.09774852782824883,0.07044832346557328
TTAACTCGTCTTGCGG-D2_NoStim,0.12157272264408547,0.029006923803258644,-0.1066723915677219,0.11003122138541244,0.12202777724470693,0.223110021731447,-0.019057721958472662,0.03510738507810096
TTAGGACTCGCACTCT-D2_NoStim,0.09521711939134292,0.032002855004998665,-0.21317239815052602,0.02809433340764045,-0.06636137595301328,0.06390353785113767,-0.10070198188199253,0.007530981856689323
TTAGTTCCAACACCCG-D2_NoStim,0.14354615411201266,-0.011413877860832145,-0.2315878435587404,0.11159363657416854,0.0663774631321683,0.25237593558880533,0.0675013071120687,0.04599797222549462
TTAGTTCCATTAGCCA-D2_NoStim,0.08021565569353584,0.020533407869535836,-0.00395829729648689,0.05504741495732546,0.11942816092891739,0.13918204173496207,-0.09039985948213136,0.0383577151752128
TTAGTTCTCTTGCAAG-D2_NoStim,0.051120532333024826,-0.05424330321543991,-0.45504046922374997,0.07836250808635548,-0.029102037528394575,0.22450013293697157,0.026478037465658133,0.014829415238361676
TTCCCAGGTGAGTATA-D2_NoStim,0.06195258531604786,0.07812088685607144,0.10946376239183842,-0.08849948722685852,0.00022810969658948466,-0.07466976847662998,-0.09023389574136464,-0.020756986691765178
TTCCCAGTCGAACGGA-D2_NoStim,8.660445825192653e-05,-0.052079931864252416,-0.07672817546642285,0.03284619135146194,0.08948909688946927,0.11728200159657565,0.18769680258051036,0.00032962809610204147
TTCGAAGGTTAAAGAC-D2_NoStim,0.007151134794602498,-0.023863252892271092,-0.21059058746681458,-0.010534452156761631,0.15783372463758383,0.15948028978906237,-0.036198074548217996,-0.013606033177442356
TTCGAAGTCATGTAGC-D2_NoStim,0.060339135526348286,-0.05625349952934755,-0.4590560620423556,0.10659275193412121,-0.034347122852711465,0.25365972681094195,0.15248462727407075,0.01913872217626178
TTCGAAGTCGGCGCTA-D2_NoStim,0.032511956422263566,-0.017675630594402136,-0.03508870814555998,0.05002660689208405,0.05590557455437484,0.0606246963821242,0.0900673965040637,0.014533303773863082
TTCTACACATTCCTGC-D2_NoStim,-0.0008217140122113165,-0.09172015946713685,-0.26949710679653016,0.028245133507834197,0.013545204003643008,0.20970934678535436,0.049665311821447844,-0.0035143983137579937
TTCTCAAAGAGTAATC-D2_NoStim,-0.013396957535707799,-0.08112535597386916,-0.5721524012712091,0.13856786478241112,-0.054804976008687944,0.35201539305577967,0.22345563908127986,0.02712325321099307
TTCTCAATCCACGCAG-D2_NoStim,0.07775390755230127,0.016120090272391252,-0.4298173566656054,0.05928867945922711,-0.02359414502814694,0.1731597176227595,-0.011577749962679462,-0.00782431514517512
TTCTCCTGTAAGGGAA-D2_NoStim,0.04123171822227967,0.02344043610553115,-0.18056150033954843,0.06944212044114195,0.0844954278526977,0.09178288631367781,0.07593021980447112,0.04822154371478149
TTCTCCTGTACCTACA-D2_NoStim,0.09745526091143653,-0.05839258299872441,-0.16896120881210486,0.09047983429288031,0.12116808188812911,0.19127717860267435,0.11748830182280834,0.048107347880344875
TTCTTAGGTACTTGAC-D2_NoStim,0.09137829348992987,0.049998415355155146,0.21877803297270582,-0.0358859294431344,0.14502229671083455,-0.07300372128913946,-0.4784962003115538,-0.00198116937698245
TTGAACGAGGCAGGTT-D2_NoStim,0.12672170668422034,0.0551413167562238,-0.15210046067397442,0.10007367300017656,0.02288002571246217,0.16411733717607468,0.03306569000067583,0.06062938515200145
TTGAACGCATAGAAAC-D2_NoStim,0.08614072363949532,-0.001647966499847442,-0.34581489434308743,0.05554177182533948,-0.03208804995241543,0.17482382208325653,0.022166992288736864,0.00881277422620208
TTGAACGTCAAACCAC-D2_NoStim,0.07038671981898403,0.024391518909871124,-0.004156604628354543,0.05868053997970435,0.03958867869930671,0.10377511569640241,-0.00564249688287255,0.015115607971164735
TTGAACGTCACGCGGT-D2_NoStim,0.08623297988829393,0.009033795218087448,-0.06532645805569715,0.07242567606188288,0.09137711751054844,0.16192649158556716,0.05706753664449549,0.03876147021651377
TTGAACGTCTTAACCT-D2_NoStim,0.03413518080398248,-0.041907770897186225,-0.5813818578252672,0.13150738886879232,-0.07878214601862688,0.28545822465818915,0.20894414972165531,0.04287959688428522
TTGCCGTCAGGGCATA-D2_NoStim,0.060422510678483476,-0.031034582266816102,-0.18339914487870068,0.09625446090406875,0.1199876631499226,0.23524344115967732,0.014340554046763376,0.021209419118900286
TTGCGTCGTCTCCACT-D2_NoStim,0.07920018782591853,-0.05975695445093798,-0.26994708453162275,0.03669795106994833,0.006216001420254358,0.2443063281316986,0.0446783528395418,0.022615388554429572
TTGCGTCTCCCTTGTG-D2_NoStim,0.07366463610876295,-0.03838494926895386,-0.31551372261709787,0.03932185623810369,-0.0485163909987687,0.08899977562472383,0.036056506742913275,0.012758199114319524
TTGCGTCTCTGCTGTC-D2_NoStim,0.014844468793580035,-0.016057483340008005,0.14343248243451967,0.03476584132272542,-0.12623149297178315,0.001252269432299613,-0.06116949042571296,0.004649449612104561
TTGGAACAGATGTGGC-D2_NoStim,0.0687792814409196,-0.05525374726644472,-0.38493329629465656,0.05193182515986905,-0.029310379508499906,0.20571788870613794,0.07658368811818583,0.00908787355927565
TTGGCAACAGTCTTCC-D2_NoStim,0.07556776358034512,0.02539698687695413,0.016706906112531783,0.04190281930982742,0.20119329286422172,0.11930561891726033,-0.05175474140565317,0.04812068708011452
TTGGCAATCTAAGCCA-D2_NoStim,-0.006488582166511492,0.0194915285972197,0.0549088276103582,-0.056223470075165594,0.010990469734908359,0.1506061516118713,-0.07418193227988645,-0.025106916163727178
TTGTAGGGTCTGGAGA-D2_NoStim,0.06280438154167278,0.0594330418527278,-0.018964421970691703,0.024662621025541398,-0.006197199275876031,0.08557862470147892,-0.02594488617880053,-0.008657179927046954
TTTATGCAGTCCTCCT-D2_NoStim,0.08771394809166466,0.022305536102003032,0.14750103918165358,0.004501062366029984,0.09881166937659458,0.08835928864672837,-0.1116213770629928,-0.003994734036417924
TTTATGCGTTACTGAC-D2_NoStim,0.09116861412864097,0.029453617729494397,0.023823217705920996,0.05878696274180406,0.16541445176564196,0.1635781515153445,-0.026633393989099474,0.03682751875643753
TTTATGCTCCGCATAA-D2_NoStim,0.09402749763743046,0.03333547039378004,0.01977634862094213,0.05819450655342351,0.18178062063640255,0.16367237828905878,-0.08268088737706947,0.03964727442999205
TTTGCGCAGAATTGTG-D2_NoStim,-0.050563326390406615,-0.07058750651614076,-0.2885574044446457,-0.017041685917076776,0.1523690877715289,0.1513180558473417,0.02552638184108691,-0.039766351673677036
TTTGCGCGTAGCGTCC-D2_NoStim,0.00926692874670998,0.06282137627368556,0.15032025334092047,-0.09936591239800663,-0.036855667230071276,-0.151026218668056,-0.21545892258624733,-0.05619951917612198
TTTGCGCTCACGCGGT-D2_NoStim,0.09630857240895807,0.039015706838981146,-0.1703344485208227,0.03858009662399908,0.028918637865210428,0.09734668970487448,-0.08104771145430156,0.0120233130898999
TTTGTCAAGATAGGAG-D2_NoStim,0.095943065068548,0.011366079116026384,-0.05485742852401465,0.0636659978066838,0.057618994462945494,0.1115596729889905,0.1504600422394855,0.06531146758804063
TTTGTCACACATGTGT-D2_NoStim,0.05740511058486497,0.037235276669854045,-0.0753071330808126,0.05657323536331127,0.10039277063805763,0.11235891447571511,0.021312067380427457,0.023898068173744846
TTTGTCAGTTCGCGAC-D2_NoStim,-0.10413083716753135,-0.09841036397318526,-0.2365162652154087,0.09346906969597413,-0.005598569468517667,0.2115182070618964,0.6004449497186348,0.03233224062154072
