cell_barcode,factor_1,factor_2,factor_3,factor_4,factor_5,factor_6,factor_7,factor_8
AAACCTGCAGGGCATA-D1_Stim,-0.016288263519426138,-0.0013390331145153311,-0.018642462666338844,-0.03634549866226955,-0.06263062290724086,-0.011233375751444896,-0.446358033225458,-0.010553150037383219
AAACGGGAGCTATGCT-D1_Stim,0.02906301765953856,0.020507368678503113,0.2081383800874903,-0.1146969393241033,-0.1774694142794715,-0.05021792220406418,-0.6137775694167544,-0.0705682788607529
AAACGGGCAAGACACG-D1_Stim,0.020641614191116986,0.023825487059477624,-0.010721746815160138,-0.04481400767729049,-0.15987286995116,-0.01324055385494205,-0.3943785302202052,-0.06144515215224544
AAACGGGGTGCACCAC-D1_Stim,-0.045457685088290845,-0.003944600840856793,-0.054253010447361305,-0.09345048538004974,-0.24224865189761324,-0.16666825828095355,-0.8029405372734182,-0.07848343012804904
AAAGATGAGTACGCCC-D1_Stim,-0.028339049458161014,0.018750955779532674,-0.00122840745258479,-0.14209216424661264,-0.054363716479226554,-0.03791026295088962,-0.6335293846545653,-0.0764562436358851
AAAGATGGTATAGGGC-D1_Stim,-0.0034211577918714653,0.04924558401003054,-0.1987758891329543,-0.029275641209755676,-0.17227613710820577,0.0799470959084907,-0.35360565982236736,0.045686318255873104
AAAGCAAAGAGCTATA-D1_Stim,-0.027434411295612193,0.04083984680136332,0.0032583304496736076,-0.03824438530518215,-0.08955702987995906,-0.017311517219843253,-0.43481367706204743,-0.0399212857275959
AAAGCAAAGTACACCT-D1_Stim,0.0988585584908197,0.09722479575589382,0.3078790550836814,0.025996200910148204,-0.13193441964912012,-0.08727783022080793,-0.20628490599337646,0.01730755173779741
AAAGCAATCTATGTGG-D1_Stim,-0.11366612826456723,-0.030374882379968327,-0.22289209250785547,-0.12708456608800311,-0.19409569837661067,-0.10596197019401288,-0.41771491091952484,-0.0863306300951745
AAAGTAGCAATGGACG-D1_Stim,-0.13368226853438792,-0.11460974819861036,-0.5699830649870954,0.019575035901441495,-0.407437516731914,0.1961614547042867,-0.10381515874140668,-0.022676259014994926
AAAGTAGTCCTGTACC-D1_Stim,-0.09176952845224307,0.00024463688007259066,-0.11693467833335536,-0.1766847030314782,-0.10233396772601999,-0.07150138280783658,-0.6515696194590852,-0.07879236860019034
AAATGCCCAGTCGATT-D1_Stim,0.03508515314223892,0.04019138457477922,0.03123003666389046,0.09894530519336975,-0.39578558795335894,0.04343975058816518,-0.14122958449708456,0.06253220035901741
AAATGCCGTCCGCTGA-D1_Stim,0.035827707700368805,0.0551870337814222,-0.0975749557073069,-0.06520743295006248,-0.1569246967409672,0.04610822079754051,-0.39639711469770234,-0.039735170846268986
AAATGCCGTTAGATGA-D1_Stim,0.04028207559967889,0.03106493923367637,-0.11166139165356004,-0.04317019492400043,-0.1411171989579465,-0.05037650318742237,-0.4083196843596113,0.004068794354859406
AAATGCCTCACGCGGT-D1_Stim,-0.14142707410783117,-0.01988540393778848,-0.24049723456046213,0.05113073122067746,-0.2836347413714613,0.1186881852027053,0.18571905041583214,0.07505298839100405
AACACGTTCAAGGTAA-D1_Stim,0.005148194446327636,-0.03448848947815364,-0.11769306585910044,0.07021610137771006,-0.0481302462163935,0.11675787123682824,-0.07792630051639016,0.0580852705837227
AACACGTTCGAACGGA-D1_Stim,0.0026054164304643024,0.06918111795166304,0.1960797182888614,0.0693733574293347,-0.110684319812977,0.03948096365660092,-0.038676246686522475,0.08042392689512745
AACCATGAGACATAAC-D1_Stim,-0.04631689758294044,0.03947723022752747,-0.2845870726572386,-0.04252232123960553,-0.28304240391761226,-0.004055473159182199,-0.6626127027422513,-0.0014494880229669604
AACCATGGTTTACTCT-D1_Stim,-0.048717877592601155,0.004512492611185692,-0.24405263510238662,0.012131260588583714,-0.20595733571918906,-0.07294966299300576,-0.26498203343476057,-0.04559139146062208
AACCGCGAGGTAGCCA-D1_Stim,-0.11442373390156924,-0.01725570824589795,-0.1949189306099175,0.1213355396816258,-0.12716880865294833,0.21972958457552316,0.3493878637525185,0.05782471443027504
AACCGCGCAATGAATG-D1_Stim,-0.03609073130033913,0.02302956449980975,-0.09636591132193928,-0.106173127113939,-0.1461627003291941,-0.04557896688196372,-0.6888619948962766,-0.05825661187826192
AACCGCGGTACACCGC-D1_Stim,-0.02551865370727846,0.011575196245559027,-0.10059924494115169,-0.10525379698758108,-0.09708576984358608,-0.02193257587591191,-0.39627531562855367,-0.04968514036884564
AACCGCGGTTCTCATT-D1_Stim,0.05007892933742042,0.05193295673574738,0.04523169344761868,-0.04336787413569532,-0.025436597733063948,-0.0002530270865452877,-0.408915973425934,-0.030059243563568927
AACCGCGTCGGATGGA-D1_Stim,-0.07803293503999598,-0.07109296947817434,-0.4179992366611831,-0.17705695967947221,-0.1683297300679456,-0.13858318152412785,-0.724943821266308,-0.10096335559740588
AACGTTGTCTAACCGA-D1_Stim,-0.2078146612500369,-0.01599340258718307,-0.3039378281018772,0.0286137309137402,-0.385042486959696,0.011490104019493685,0.11193925987712028,-0.0016845084278536149
AACTCAGCATGCCACG-D1_Stim,-0.035066612086197324,0.014626197632249927,-0.17706825164706874,-0.08932569544386837,-0.16846199965135433,-0.02610861225572947,-0.4899911414307745,-0.04826545748439237
AACTCAGGTTTGGCGC-D1_Stim,0.014597000253669279,0.07506492451337365,-0.10968185299281252,0.07988343689227584,-0.3270096605653663,0.03884432949043415,-0.5781315945218921,0.05218406788384833
AACTCTTCACTTACGA-D1_Stim,-0.18636833047445478,-0.020801283019578065,0.06885845658882506,-0.30613010493157056,-0.10534950595881831,-0.29380145937234303,-1.459068222047451,-0.1978189147152598
AACTCTTCATGGTCTA-D1_Stim,-0.03461758089801492,0.04250543221109204,0.024793357644052882,-0.02373467197508461,-0.21252295631011364,0.05037899045085226,-0.43802649261448856,-0.0047648478658040005
AACTCTTGTCTAGTGT-D1_Stim,0.06735340186448013,0.03802344423326254,0.05370366303877194,-0.14204204134567533,-0.10423461003544077,-0.1010038864962457,-0.7827602301778036,-0.09863549586413178
AACTCTTGTGTGAATA-D1_Stim,-0.020087113053786965,0.011289414762320149,-0.11370919008856184,-0.09360664002662311,-0.21726221015897806,-0.030415232095805322,-0.6317324026504849,-0.027006782609575453
AACTGGTAGTGGACGT-D1_Stim,-0.033730255846210255,-0.013685674741029885,0.0014643228700670363,-0.29478866631970924,-0.017892851381750674,-0.08601546780105629,-0.9149020339505718,-0.12310526599376281
AACTTTCCATGCCACG-D1_Stim,0.07328223752851315,0.008871451352707282,-0.10549877802931107,-0.1603950722196057,-0.13949994206854832,-0.05210282933928667,-0.9805047364605812,-0.04109097394698935
AACTTTCTCTGTTTGT-D1_Stim,-0.03260881593242182,-0.04329933973701827,-0.06263750813660796,0.032345003619534296,-0.15939523966207503,-0.026390979705833928,0.12065591248084573,-0.003940132740774871
AAGACCTCACTCTGTC-D1_Stim,-0.17721904347722273,-0.034402989956340946,-0.2675527534819162,-0.19447749285607152,-0.1796545972677901,-0.23972617845223532,-0.8773767591290298,-0.10712876430725693
AAGACCTTCCTAAGTG-D1_Stim,-0.052163785789032246,0.015206331793789829,-0.2259868993406995,-0.05788242987922487,-0.2548949686437094,-0.0003494081196180332,-0.5326240282773966,-0.01891003702628602
AAGCCGCCAGCCACCA-D1_Stim,0.05023829707606531,0.06941558610974141,0.08458970575015368,-0.19237633831091117,-0.034459906142165764,-0.12422828666927366,-0.8488076135392095,-0.15566836052616395
AAGCCGCTCGGTTCGG-D1_Stim,0.014284296477082847,-0.03164038771268096,0.020822823800751067,-0.03558911504459772,-0.09956400268804266,-0.05119286953689084,-0.24784770410713008,-0.04205504705231711
AAGCCGCTCTCAACTT-D1_Stim,-0.006127073943554606,0.010396622105048436,-0.09720559160158881,0.028555520396484013,-0.26257548256350205,0.050867142176251434,-0.2935941300649052,0.05658845609146468
AAGGAGCGTCGTCTTC-D1_Stim,0.008869660976632332,0.05708180762585435,-0.10213878723672298,-0.11843315854842018,-0.06416445124889947,-0.0050640325116066975,-0.740600872843995,-0.09426241008674552
AAGGAGCGTTAAGATG-D1_Stim,-0.05734501959385874,0.038117554441368995,-0.13461612059619643,-0.09322109132483725,-0.24522193765913514,-0.049162275058078464,-0.7996325946091893,-0.06490051977847244
AAGGTTCCAGACGCCT-D1_Stim,-0.005320272701641926,-0.07062278963416091,-0.10302015602084147,-0.021705774501279862,-0.14475092249892363,-0.012385325539366221,-0.24977551147466137,-0.04447875035444682
AAGGTTCTCAACACTG-D1_Stim,-0.0008475481984682176,0.030181716106499223,-0.0685465463382755,-0.12102722392983978,-0.06069075629087628,-0.07097208404772282,-0.4778783387332979,-0.06884885542082131
AAGGTTCTCCACGACG-D1_Stim,0.009538079071981898,0.014477579250643302,-0.078424118628182,-0.1384405925011034,-0.04728827415582337,0.013600750533822037,-0.535950009681315,-0.020612473055324543
AAGTCTGAGAGTGAGA-D1_Stim,0.011752411690578057,0.08227315204430674,-0.03053373538801374,-0.05410531634928617,-0.04276098132509176,-0.004030737871746126,-0.6284669131583485,-0.05135446198087834
AAGTCTGAGCTGTCTA-D1_Stim,-0.013277642367153675,0.000512257034259278,-0.22518178671088673,0.045297365423618174,-0.2127749702309103,0.0311915232177995,-0.12512914599590808,0.014056369674683822
AAGTCTGTCATGGTCA-D1_Stim,0.0783843292831552,0.08402462569812919,-0.04501143110309691,0.008170102849927474,-0.10367211037095636,0.04656480213977687,-0.45543503918633377,-0.013831122443024313
AAGTCTGTCGAATGGG-D1_Stim,0.015138437749504519,-0.021324646375644463,-0.20631998567611465,0.039197555630865466,-0.11569559548616404,0.0812818274468814,-0.34269151563693434,-0.01972098447485493
AAGTCTGTCTCGGACG-D1_Stim,0.13693515736997597,0.038922169292918696,0.08375496324448317,-0.2089498435926238,-0.11857286499299491,-0.07173434872310125,-0.7720242697636763,-0.09196026552211123
AATCCAGAGGCGATAC-D1_Stim,-0.06928867977152642,0.05014262645592993,-0.2150627715587632,-0.11200253252997783,-0.30753578998959696,-0.16864094742128977,-0.8736085593357341,-0.03387707554479924
AATCCAGGTGTGAAAT-D1_Stim,-0.02211518325488271,0.02371680450118241,-0.10502686145799522,-0.11367533291091902,-0.09459462039353284,0.03202955476077207,-0.3720820138236718,-0.04292174478653443
AATCGGTCAGATGGCA-D1_Stim,0.07723402355058795,0.0847381941719636,0.18406248171349837,-0.08999457509211872,-0.13776349807399768,-0.1139821134946093,-0.48395385652200673,-0.05222101872218765
ACACCAATCTGGTGTA-D1_Stim,-0.11743577464044641,0.008714310484538856,-0.2833868672519664,-0.09081117405928651,-0.30623520708359386,-0.07969031527025905,-0.5019070688113523,-0.06159949670789899
ACACCCTCAAGCGCTC-D1_Stim,-0.018276734387592697,0.03525111158987215,-0.022781473281147768,-0.10939965541017038,-0.08284624186567946,-0.07130172904609466,-0.42335391175031845,-0.05888342485369691
ACACCGGAGAATAGGG-D1_Stim,0.052311797602474286,-0.009566704760343825,0.028377456468189344,-0.04141422686145013,-0.16374247398013964,-0.05873029224541959,-0.20827682563554184,-0.08267457512193133
ACACCGGAGGAACTGC-D1_Stim,0.04432887718405709,0.014499557743215874,0.2398789047185801,0.02821736014555043,0.019577213011842787,0.0070615347646203475,0.005355489830906279,0.01615090714526879
ACACCGGTCAAGGTAA-D1_Stim,0.017199748922408276,-0.004763680806270543,0.09353611219769942,0.04460735999230181,-0.05220386765876661,0.008497909557705796,0.1958656751104968,0.02707088295340654
ACACTGACAACAACCT-D1_Stim,-0.04079222806595517,-0.014222296598399353,-0.07500735021350291,-0.13901264854288087,-0.1048076959488018,-0.10839902942484336,-0.38175403748659775,-0.07649482477227387
ACACTGAGTGTTTGGT-D1_Stim,0.0310410918377535,0.03520982759204827,-0.05531629327162779,-0.10200530507651528,-0.050881465399410075,0.02228876846560013,-0.7110063112709675,-0.056748775799061235
ACAGCCGAGATAGTCA-D1_Stim,-0.15982275035236526,0.08813417014276581,0.5442772561659233,-0.007775466067984738,-0.08224529306394679,-0.22033041245792973,-0.20145838404568295,-0.01921717364841946
ACAGCCGAGTGGCACA-D1_Stim,0.009409278209400185,0.07862340405836932,-0.0733768207273684,0.01108180726295771,-0.12993244495332945,0.006638620068173395,-0.404486165392159,-0.045518416913253645
ACAGCCGCAAAGAATC-D1_Stim,-0.056120996708063586,0.00020646953299241488,-0.32401613813580354,-0.13262250765236594,-0.14255399303928407,-0.054064961692532165,-0.4435138913712997,-0.030418013191562565
ACAGCCGCATGGGAAC-D1_Stim,0.026205878636911706,0.05205552881253794,-0.12569080543223432,-0.10479206962324739,-0.07572608367601852,0.0035532276152778763,-0.6689773961317798,-0.037103862042737745
ACAGCCGGTAAGAGGA-D1_Stim,0.022293397134573567,0.03527626352568802,-0.029892049628648998,0.06288494409345269,-0.2475739428277226,0.06272684028921738,0.06932003860980274,0.0522728144067397
ACAGCTAGTGTTTGGT-D1_Stim,0.04399850052552523,0.06904916238868708,-0.11796068067548404,0.03883328132249986,-0.4019728659002251,0.006306727959803027,-0.5384362714359519,0.0020952969411087707
ACAGCTATCCGGCACA-D1_Stim,-0.008496005277478957,0.03305474279968834,0.04045776245155608,-0.04858104002913777,-0.33232228089503124,0.03141477561235462,-0.9772437846011552,-0.03503564314449825
ACAGCTATCTCCCTGA-D1_Stim,-0.06998313395322597,0.01894392633775155,-0.020012214197340228,-0.10918840959352671,-0.05975453911010398,0.014538409694637267,-0.6520488925989945,-0.06634730344904405
ACAGCTATCTTACCGC-D1_Stim,0.012421932444434347,0.055092665368835725,-0.11740521618185884,-0.0023214313326462843,-0.34087332923501457,0.01240841116383784,-0.4043521281288118,0.020508561203643083
ACATACGAGTTGCAGG-D1_Stim,-0.008945987867267746,0.08598883010409075,-0.05885607616669564,-0.10948460440135577,-0.1101654910191101,-0.004032344723441383,-0.8042159312582342,-0.035629818609097086
ACATACGCATCACAAC-D1_Stim,0.07660629862352408,-0.013521337808079181,0.09070061982767186,-0.03080471363807291,-0.18775313689676487,-0.01233595755856598,-0.2981527119208103,-0.02935914745075685
ACATACGCATTCTTAC-D1_Stim,-0.10797573335724309,-0.021511856836808008,-0.22093684329769925,-0.124111520196589,-0.21200080334923044,-0.0860520380491927,-0.7060481288343894,-0.06410853074222622
ACATACGGTCCAGTGC-D1_Stim,0.006707710915177856,-0.018727272087696534,-0.19410366669989987,-0.15305118281506935,-0.10380909550186423,-0.009097838901450217,-0.6216176374499778,-0.0685892518577127
ACATACGGTCTAGCGC-D1_Stim,0.01477820595302859,0.011267742608966458,-0.03306649497252501,-0.08825408263219003,-0.07277243766434793,-0.056795177491926196,-0.5031637526699271,-0.05220459999677196
ACATACGGTGCAGGTA-D1_Stim,-0.07890650259686716,0.04331671522108138,-0.1468900756019238,-0.17960531393929813,-0.11362819401416502,-0.14088504621015296,-1.214718095461011,-0.11146155726694396
ACATACGTCTGTTGAG-D1_Stim,0.017279119856709713,0.012752896245764589,-0.0265700353043421,0.06543876311357977,-0.16069504208217644,-0.007040644739484847,-0.1074232661517982,0.013449893413451264
ACATCAGAGGCTAGCA-D1_Stim,0.028337345891339183,-0.01252140417706471,0.09639601473438209,-0.06968531628104202,-0.1435645340278402,-0.03186842250404176,-0.31968832932397007,-0.08309651319530076
ACATCAGCATGTAAGA-D1_Stim,-0.02452978953973073,0.062315808879086276,0.40711059048362763,-0.011064204019472612,-0.12109567808474786,-0.1554005522999713,-0.09118495333106047,0.016276751194782335
ACATGGTGTATAGTAG-D1_Stim,0.07811891940976778,0.0056361014435672985,0.10556673355333857,0.018007896692854075,-0.06991032303063527,-0.00821644491013096,-0.2594992737288404,0.013717233537267504
ACATGGTGTCGATTGT-D1_Stim,0.08023067245655113,0.07647523881889207,0.07832790276306323,-0.017403269985885927,-0.013442755209204904,0.010309586907176538,-0.3776111939856186,-0.040006028036911445
ACATGGTTCGGTCTAA-D1_Stim,-0.04763996269402426,-0.036899319357800664,-0.2725570511926634,0.014921313336666131,-0.2728502863432194,-0.08509519130448417,-0.22735730165044288,-0.0013098827675701585
ACCCACTAGCCACGCT-D1_Stim,-0.14836110510081824,-0.031005715480151963,-0.23752444419910557,-0.07656082202258574,-0.2089086046235451,-0.03901755520581851,-0.6293967096092175,-0.019790396521305098
ACCCACTCACACAGAG-D1_Stim,-0.03748741032623748,0.031196948822120874,-0.08139299250737153,-0.08759431087492509,-0.06416354122303503,0.026437055486525196,-0.4158608489336295,0.008278792339183383
ACCCACTCATGAACCT-D1_Stim,-0.04908461846281753,0.02087298678814875,-0.1385353885372318,-0.20236331692253984,-0.1588760243802767,-0.09485178760064983,-0.7346665258737985,-0.12575024526544354
ACCCACTTCACATACG-D1_Stim,0.03318689710240896,-0.011564778748530458,-0.015630837995202818,-0.016587093523900975,-0.09536031185891503,-0.01775579555078899,-0.08933090295305846,-0.022343894310584034
ACCCACTTCACGAAGG-D1_Stim,0.13338113285309028,0.10296008230882592,0.2464974712740986,0.07151885437390071,-0.2540923934622814,0.024829789577163197,-0.11952573990631699,0.08642109435727896
ACCGTAAAGGCTAGAC-D1_Stim,-0.05781389535155945,-0.01914930677289206,0.024865317609967796,0.020362646391600236,-0.11683675508938585,-0.016496811652290333,0.07802046082060698,0.029233192155645682
ACCGTAACACCGTTGG-D1_Stim,-0.07841019150921369,-0.09136994407156962,-0.1657569246507471,-0.1907259343061387,-0.3620769819307661,-0.013325065078490184,-0.9181463138166972,-0.21722518754431164
ACCGTAATCGCATGAT-D1_Stim,0.05211328407265192,0.09618894147303791,-0.06505126857362242,-0.12089183691477245,-0.08324825043628792,-0.07695380220127035,-0.6850163218844543,-0.05539340729425746
ACCTTTAAGATGAGAG-D1_Stim,-0.03240878259895119,0.029426300843081066,-0.11883676617898242,0.05892815195894485,-0.11272442592815501,0.008999338809372759,-0.3096755465054333,-0.0006292287284210829
ACCTTTACACACAGAG-D1_Stim,-0.07122925173112371,0.005592474773727929,-0.1901231454509995,-0.07817043669056112,-0.30023213976031116,-0.06889146960432768,-0.7081908781096864,-0.06110119073399467
ACGAGCCCACATAACC-D1_Stim,-0.014343252411203267,-0.029632943186829408,-0.01158965441966231,-0.04073204565524691,-0.06548426221358561,-0.00023700919857994052,-0.050570717003374455,-0.026418814442484617
ACGAGCCTCCTTTCGG-D1_Stim,0.009384200149911592,0.025270214806216273,-0.08061159974783916,-0.10875361540491468,-0.10384801029278634,0.0032297840516406495,-0.2901249762949547,-0.04381527262837359
ACGAGGAAGGGTTTCT-D1_Stim,-0.05423251606265467,0.02519576615416419,-0.07531601734949689,-0.09598392414453016,-0.16267288261656,-0.01821405523949693,-0.6592516684760987,-0.06678203211168743
ACGAGGACACCTATCC-D1_Stim,0.04089162035660543,0.05597601094208038,-0.09438338059618445,-0.02739476307371902,-0.17085138690140234,0.0073389857933978675,-0.32103020843015173,-0.02172768423497473
ACGAGGATCCAATGGT-D1_Stim,-0.07551646818431479,0.0408393073319413,-0.18700402282764728,-0.10085432649556303,-0.23014554698404943,-0.01759658232809791,-0.5147591395149718,-0.04153966043228685
ACGATGTAGGTTACCT-D1_Stim,-0.0629188335925086,0.031795717368458654,-0.2793856166885984,-0.06633713164654331,-0.4603726724547066,-0.0782920374581515,-0.8484157762735158,-0.003824498174564539
ACGATGTCAACTGCGC-D1_Stim,-0.041061559722646024,-0.0703347682231108,-0.032030924287566265,0.042896309461314175,-0.11369491766742534,0.07465054041862018,0.321657285431721,-0.002656474448178514
ACGATGTGTGACTACT-D1_Stim,-0.04963394991518122,0.013137902469527063,-0.1655550737758249,-0.12499426301037886,-0.012841750620898651,-0.004219956910214151,-0.4709072419041753,-0.040821870777367764
ACGATGTTCAATCACG-D1_Stim,-0.02868889617531778,-0.019766350992140858,-0.1519809697406167,-0.11469258265653082,-0.11692830805792909,-0.08547474720422699,-0.3640232525927374,-0.03899203198823464
ACGCAGCAGGGTTCCC-D1_Stim,0.0018115869381922778,0.06799980720271925,0.319108174149191,0.023440327779097103,-0.06454634895034417,-0.09666719363971765,-0.04817451995793132,0.03097200797383337
ACGCAGCGTATTCTCT-D1_Stim,-0.02460039426245686,0.021531820474375962,-0.09732084396851182,-0.13723982327673134,-0.0803234875961838,-0.006849795046852236,-0.5228978382356573,-0.09618090160679849
ACGCAGCGTGCCTGCA-D1_Stim,0.022495111601328333,0.016530352620229394,0.04030103721082945,0.011837819112210823,-0.044270136206177924,-0.03632576233091278,-0.16143677705743187,-0.01078720490980345
ACGCAGCTCGAACTGT-D1_Stim,-0.039627281280179005,0.023409107144178876,-0.05630434237807869,-0.09746468924590523,-0.07837656094720025,0.01602117880698195,-0.3912966884664719,-0.011188567660244786
ACGCCAGGTCAATGTC-D1_Stim,-0.00654632268584443,0.011515407845024583,-0.019428488634867236,-0.13092473671568783,-0.07785283856556546,-0.005364167929846175,-0.5749182937047479,-0.06925323965120889
ACGCCAGGTCCAGTAT-D1_Stim,-0.03615564709500774,0.01064242079188027,0.014430199109940034,-0.18240327730418215,-0.021793397382062096,-0.09614955759333554,-0.41056819885538687,-0.05602561887224233
ACGGAGACACAGAGGT-D1_Stim,0.01776717952307294,0.024819536437604484,-0.2619326111053448,0.014849310667337079,-0.22944435854136636,0.0873258824595613,-0.2947466332291562,0.003866328674675401
ACGGCCAAGAAACCTA-D1_Stim,-0.013884301689955691,0.019769964725679046,-0.053518749531637155,-0.13911751394679683,-0.07789894158463362,-0.09894315839900614,-0.4254940413149306,-0.04497162389327514
ACGGGTCAGCGATGAC-D1_Stim,0.0068066048451278505,0.02933220277516213,-0.08217002329615575,-0.06969747692121153,-0.08877355510654716,-0.011017212836346602,-0.3417499278377747,-0.014049588063915763
ACGGGTCGTCAACTGT-D1_Stim,0.1087524814271621,0.06918171137848894,0.29427045346687564,-0.3147417711741056,0.2335712723847596,-0.1868409052445692,-1.028845734244653,-0.1308329470147367
ACTATCTCAACTGGCC-D1_Stim,0.007810881832774896,-0.004280477608659794,-0.006128500249996449,0.06987972694763123,-0.22437394170819225,0.03230265535562005,-0.003553712773367579,0.042747997391131776
ACTATCTTCCATTCTA-D1_Stim,-0.02003978084016822,0.009347637960610555,-0.09121902704374474,-0.1288801318729771,-0.04777763388933742,0.004349246883037949,-0.34516451391164793,-0.037228821934226275
ACTGAACCACCTGGTG-D1_Stim,0.020134701116985454,0.127046898183524,-0.0916820533264735,0.012991933934666022,-0.35741296703972836,0.010173346164702224,-0.5513963822308217,0.03150723627964247
ACTGAACGTAGAGCTG-D1_Stim,0.027222262086965543,0.05422283455150634,0.013394681390332508,-0.16406031031064927,-0.08579825663292162,0.008599423953638663,-0.6523943719414405,-0.09649931841769366
ACTGAGTAGCCAGAAC-D1_Stim,-0.030453084503847094,0.019504157294512936,-0.11867536507716281,-0.08118843075788895,-0.14240363319034444,0.0029518427665067293,-0.49980473390770186,-0.04072087313951833
ACTGAGTAGGACACCA-D1_Stim,-0.025728041283690217,0.00898247600401092,-0.10372113178108844,0.005058732933928667,-0.08313360238903122,-0.031925927121836395,-0.1700320862639071,-0.0124258982340546
ACTGAGTAGGCTCTTA-D1_Stim,-0.07283714770268013,0.011361268280571934,-0.000547606092303532,-0.2846348428365779,-0.020246529394738033,-0.10261326275799654,-1.0842638253324441,-0.09393314059992441
ACTGATGAGTTTCCTT-D1_Stim,0.079558826748654,-0.0009412865313933594,-0.1789905478968219,0.07356208580377022,0.053342984714136676,0.0749435367328477,0.05922394418636667,0.047119674220923
ACTGCTCAGAGTGAGA-D1_Stim,0.05664383987149613,0.08740725019557338,0.0816710934664524,-0.0518079965516165,-0.14372675467991058,0.05234193501864759,-0.6252945753187689,-0.060803426858798915
ACTGCTCAGGATGCGT-D1_Stim,-0.031359650395620164,0.02014792488766659,-0.05425106120805001,-0.12464318296601107,-0.05503097962549042,-0.023817118791017222,-0.3401078153858563,-0.032972669829927526
ACTTACTTCTTGCCGT-D1_Stim,0.024942370463536534,0.03563941384907565,-0.061085052314155064,-0.05817892823459658,-0.11872066740411924,-0.004087580817898839,-0.30439985619202403,-0.046037927203649076
ACTTGTTAGTAGGTGC-D1_Stim,0.07700604804870714,0.10651740332640358,0.2640015856275184,-0.31506829707860184,0.1654221147679884,-0.17697905606499553,-0.7301533496497541,-0.16867506348090622
ACTTGTTAGTTGAGTA-D1_Stim,0.04172710815742775,0.08467113377266777,-0.02566185428127543,-0.01336973383394735,-0.075913096328728,0.03295062047205377,-0.4440360550647533,-0.040953414520229714
ACTTGTTCAATAGCGG-D1_Stim,-0.04112382229375555,-0.014719311433557536,0.16028550843847178,-0.011705356478721285,-0.12150750780372377,-0.049164044547964636,-0.041001067631766475,-0.025118945220320654
ACTTGTTCAGGTTTCA-D1_Stim,0.06760643700322966,0.07016483873875501,0.17851013999520315,0.10275319396762939,-0.22858545185103374,0.04656782501118606,-0.16194993069253716,0.09995193608208375
ACTTGTTGTACTCTCC-D1_Stim,-0.005237380725764851,0.03895666576672063,-0.09309042747196461,-0.05836897260884655,-0.09749146507070172,0.024073580914386383,-0.3869870883933899,-0.01419584332554713
ACTTGTTTCCGAAGAG-D1_Stim,-0.05407002947699091,-0.00789744745249088,0.2769139612612461,-0.30672376512931265,0.10471490314992948,-0.04934608258621331,-0.7126869352381657,-0.13465061825584357
ACTTGTTTCTCTGCTG-D1_Stim,0.06658975768614717,0.0012506786216821553,-0.023874161379120018,-0.11978974402090081,-0.14834989198240578,0.011882100472103474,-0.7488519454294025,-0.04777343212758467
ACTTTCACAAGTAGTA-D1_Stim,-0.054951937826592356,0.041692399794937884,-0.03898166170547768,-0.17301246500137957,-0.20805271636880285,-0.12189921524869085,-0.945676786169269,-0.1195801764575215
ACTTTCATCACCACCT-D1_Stim,-0.026925401029798124,0.030281891491402035,-0.08828512219423246,-0.07310711008607207,-0.07342304601837668,0.015389731392840389,-0.5413559637491225,-0.027988158674830288
ACTTTCATCATACGGT-D1_Stim,-0.18500992056277887,-0.03939485497827455,0.042367980666635496,-0.2583302203805289,-0.05944156304495429,-0.22874970394397032,-1.3375048214046945,-0.1371255550407593
ACTTTCATCCAAGTAC-D1_Stim,-0.16781701563147955,0.0025440447170552716,-0.16966000405797477,-0.252712965844033,-0.23620642998225705,-0.26853181993604736,-1.1924129108531787,-0.13319649362039065
AGAATAGAGGTTACCT-D1_Stim,-0.010441373863905312,0.025943512712219174,-0.027787134782123246,-0.16030143975855538,-0.07537467069343151,-0.00587370106974916,-0.493256777797594,-0.014903169852690468
AGAATAGGTCCGTCAG-D1_Stim,0.008951331728829004,0.05806465052024912,0.03477542754872687,-0.07440368119633689,-0.23182002142858593,-0.007977319706206742,-0.5018180733745154,-0.0400964798833332
AGACGTTCAAGCTGGA-D1_Stim,-0.04489545129494843,0.017268991585941862,-0.11791234105282111,-0.15208133170258264,-0.14090648760891789,-0.12226381708173051,-0.5266287630538642,-0.09402783008349758
AGACGTTCAAGGACTG-D1_Stim,-0.029932800591423003,0.03148767200314495,-0.08088842584671863,-0.06577851276216151,-0.13308325011237976,-0.020894221759537146,-0.3612202020809754,-0.06566912193269658
AGACGTTGTCAATGTC-D1_Stim,-0.10749791863155167,0.023043570833159777,-0.016637819240088447,-0.2230562825317559,-0.16371028150477684,-0.19580465434844463,-1.08430576409644,-0.12226877559934657
AGAGCGACAAGAGTCG-D1_Stim,0.08501002863783746,0.10831156421190791,0.1371426649932559,-0.16036373297270856,0.017120697450867084,-0.18956452207645746,-0.54807823793411,-0.09047041391551325
AGAGCGATCAAGCCTA-D1_Stim,-0.08184117555865278,-0.01195529259816297,-0.23466337208718446,-0.11251822556170943,-0.24618183278158057,-0.0924423467351172,-0.6050648218659056,-0.04383052011998956
AGAGCTTGTCTAGTCA-D1_Stim,-0.012968941869743844,-0.02048195303831868,-0.001315545626547454,-0.03825649560099009,-0.10648776091354506,-0.07892636491927973,-0.2245395718877763,-0.06562181235956288
AGAGCTTGTTCAGACT-D1_Stim,-0.027725147474605194,-0.06362797364606898,-0.010473369009380562,-0.09199401613392766,-0.0644538219358477,-0.06506674286111291,-0.19439271804220937,-0.0679453265635388
AGAGTGGAGGTACTCT-D1_Stim,-0.017741702678268467,0.057947310918951445,0.019131350865929875,-0.05281913547327832,-0.14204142351916893,-0.030831483956097472,-0.6222773136337079,-0.0603560323841954
AGAGTGGCAGTAAGCG-D1_Stim,0.0843291403155284,0.03344407347311318,0.042768216072776255,-0.032963660458383615,-0.18611513109264521,-0.05295147902603681,-0.9959739436633814,-0.0031018504345414755
AGAGTGGGTTAGAACA-D1_Stim,-0.09556558791294556,0.005867489949631377,-0.07381484437777708,-0.14348342346037235,-0.18638898674302773,-0.08166855445019294,-1.1812868656316766,-0.0775508518437622
AGATCTGAGTGGTCCC-D1_Stim,0.033687026567085,-0.014042456489629984,-0.011705705208336248,-0.06218640679093035,-0.09342142863106062,-0.07343573957689564,-0.37439102506558086,-0.050738596810036896
AGATCTGCATGATCCA-D1_Stim,-0.011300908401862486,0.04441309002073268,-0.06396999195930864,-0.20925440736415446,-0.05122025712768341,-0.05191614770244435,-0.5981117068812587,-0.1007720040115121
AGATCTGCATGCCTTC-D1_Stim,0.003946987996759077,0.007278015997972176,-0.0766349083790816,-0.10228488758199994,-0.04489006289525044,0.024207401282856367,-0.4004709376988238,-0.0339275566880648
AGATCTGGTATTCGTG-D1_Stim,0.09387553232063617,0.07993073646396098,0.07016882371387201,-0.04915645613677455,-0.14764005829848514,-0.006103066726813822,-0.40951739221723926,-0.07529839701648378
AGATTGCCATTATCTC-D1_Stim,-0.04078922421730624,0.04660965779702764,-0.12361728369850056,-0.09169243653397885,-0.1204640210556196,-0.06482389254517074,-0.28955590432761014,-0.036917390738166134
AGATTGCTCACCCGAG-D1_Stim,-0.006629487931704148,0.07014636152522513,0.10080280022866095,-0.18275379428938265,0.017796673454578027,-0.09722103076067512,-0.9798727056969412,-0.09954820395086372
AGCAGCCCACACATGT-D1_Stim,0.024039797492159565,0.055281538649866846,0.011191168815599895,-0.062857334783887,-0.1282747367453858,0.036967794256327124,-0.7090381716091265,-0.04160522772359343
AGCAGCCGTCGTTGTA-D1_Stim,0.1190888174097342,0.10714748623646386,0.17283921661886925,-0.080162186004749,0.051793761523647674,-0.07485501317234267,-0.45585590293475065,-0.05164534396723042
AGCAGCCGTGTGACCC-D1_Stim,-0.05791549464612622,0.004294344284842211,-0.051734845751063574,0.11648086361667076,-0.1609460223463426,-0.006381352966728926,0.21026950316687643,0.06951256434992104
AGCATACGTCTCAACA-D1_Stim,0.03258886921422821,0.026931768548111634,0.06469337427163246,0.10892273746847891,-0.22288138868631613,0.06715938905866103,0.26095850500026074,0.09616570455373008
AGCATACTCACCACCT-D1_Stim,-0.002398079934174291,-0.027515447723551745,-0.00168924292824002,-0.03017925548557976,-0.16805511332640855,-0.08875095424266455,-0.21450021343073544,-0.05876110274791557
AGCATACTCGTTGCCT-D1_Stim,-0.06118392991707289,0.047129118252376756,-0.067077532458649,-0.1581991746473843,-0.26261487895520474,-0.12432331456337486,-1.0411851858941095,-0.1080928965427308
AGCCTAACATTTCACT-D1_Stim,-0.04590746667718548,-0.009868901274659336,-0.09640319108917694,0.0356259315316656,-0.24730019031354367,0.040062261772714436,0.0757440679290422,0.02110081846402423
AGCCTAAGTCCCTACT-D1_Stim,-0.01980954512365507,0.019352641007952087,-0.06532691618818909,-0.06561055575257768,-0.10412020713160786,-0.03022738111663159,-0.26609765245214234,-0.031148652679069855
AGCCTAATCCAAGTAC-D1_Stim,0.03546073428955587,0.1069620832379119,0.19378307185184251,-0.2965077521560069,0.07302522448970983,-0.0953227448815479,-1.110885796791333,-0.10668389461582173
AGCGGTCGTGAGTATA-D1_Stim,-0.03149625853465032,0.010221948327117758,-0.10047887345691642,-0.14297982456691471,-0.0630780627199119,0.0299690779802102,-0.7796151148868944,-0.08448148009070167
AGCGGTCGTTCCATGA-D1_Stim,-0.005118993695102603,0.03177695716685669,-0.05355645002852505,-0.05548565999391286,-0.08552863538234234,-0.029284118629851363,-0.35931337432388233,-0.03532549691728981
AGCGGTCTCCTTGACC-D1_Stim,0.034507909167228235,-0.01737470169312516,0.0028456603081368215,-0.04724032077368001,-0.05539804861040665,-0.04732293789714781,-0.3153334317422072,-0.04065085328191387
AGCGTATAGAGGTTGC-D1_Stim,-0.018296983571646663,0.059881683151422394,0.05712700196382148,-0.2153522594318833,0.06967190451225314,-0.1526016946472719,-0.33986899197343057,-0.07131052006029215
AGCGTATAGCCAGTTT-D1_Stim,0.008055360971122028,0.0012588046957162646,0.054025903884738824,-0.24597162542656115,0.13250825920245113,-0.11172144639386161,-0.6627259477500189,-0.07996540916610684
AGCGTATAGCTACCGC-D1_Stim,-0.12803725171417746,-0.021130577685879004,-0.17845931376512691,-0.09318296678214466,-0.26654090843894274,-0.13622449365428224,-0.41947973150689677,-0.06104017004954798
AGCGTATGTCTAGTGT-D1_Stim,0.0176931983336015,0.0475102991036529,-0.04911969766475277,-0.10743198245856611,-0.11344125256073667,-0.025794279346744275,-0.5619787758076118,-0.0619131876202168
AGCGTCGCAACTGCTA-D1_Stim,0.009291993569870982,-0.001209760209103905,-0.03590429939454953,-0.11417043742191879,-0.045042427470725954,-0.1052567358225005,-0.30178662377404386,-0.09670865976932852
AGCTCCTAGACAAGCC-D1_Stim,-0.10766640387411108,-0.05914975857454152,-0.056061457667349934,-0.0771509627824063,-0.09093475666768924,-0.07406854798186835,-0.13104183111082435,-0.06027105760495921
AGCTCCTGTGTTCTTT-D1_Stim,0.015258892715563022,0.006009718858292601,-0.03523166216768736,-0.0862344740657246,-0.10175341094367596,-0.03207731788114465,-0.23230741560557533,-0.054965058689928625
AGCTCCTTCTCATTCA-D1_Stim,-0.011147407335494464,0.030771105775453833,-0.281734587787291,-0.1260942115143191,-0.123369745676845,-0.053571426651906506,-0.760594415192422,-0.06556415891844303
AGCTCTCTCATGTGGT-D1_Stim,0.00018089120293574013,0.0631758836891585,-0.03159268417655525,-0.13438142528912955,-0.1260017845034227,-0.13033716055733358,-0.9577016618170067,-0.08999288409003192
AGCTTGAAGAGGGATA-D1_Stim,-0.04670111563500612,0.012528373735655407,-0.11875695666656316,-0.03221056045575921,-0.32375513067630735,0.030167067452383733,-0.6319969785542447,-0.022623054661256248
AGCTTGAAGGGCTTGA-D1_Stim,-0.024724723226917433,0.03732651729021974,-0.022267319839256672,-0.10450684898960816,-0.14666733453717384,0.009787505911221572,-0.5947804065034319,-0.05574498222377322
AGCTTGATCATTTGGG-D1_Stim,0.047896840632343896,0.04633734431961223,-0.0701582648106065,-0.08660812784197347,-0.05031562385609156,0.010195693010746965,-0.34236253583594234,-0.039389712697055046
AGGCCACAGTGTGAAT-D1_Stim,0.0557835706412142,0.04638565649637094,0.23380384401336762,-0.15555247884959655,-0.017924186133912556,-0.16466751487606146,-0.4335122952979962,-0.09227395264050742
AGGCCACCAGTCGTGC-D1_Stim,-0.008076329547426653,-0.023509333113956643,0.033529415928321704,-0.06677893303599625,-0.07561074039057836,-0.05924761752015684,-0.3747760794566446,-0.07487911274556502
AGGCCGTAGACCACGA-D1_Stim,-0.0334478268961238,0.038006480412482446,-0.027688968210981102,-0.10429865449754594,-0.10503647202908795,-0.07645889612272683,-0.5327959069016863,-0.06111178925005056
AGGCCGTCAGGTCTCG-D1_Stim,0.021968437507185357,0.050109485694257216,-0.10339224694670968,-0.1466942547428669,-0.11427000263961062,-0.023597427383469594,-1.0045271192714953,-0.03998870537184729
AGGCCGTGTAGATTAG-D1_Stim,-0.03017014110682581,0.010045324503089148,-0.08377384889115813,-0.061679038339546466,-0.18352573981624332,-0.056060880449248174,-0.6528852610454461,-0.06736148297511413
AGGCCGTGTCGACTAT-D1_Stim,-0.012279857026761931,-0.038944097303261316,0.0008048225368657569,0.0842002609005128,-0.045716105129237405,0.05942285582059803,0.1556563454772215,0.04989423987997377
AGGCCGTTCTCTTATG-D1_Stim,0.04306290306393379,0.015962985179559297,-0.05078788973733683,-0.08643283371370458,-0.06983111826711585,-0.06904374059804397,-0.5401270755845218,-0.07452731296695525
AGGGAGTAGACAGACC-D1_Stim,-0.019369500742712376,0.04434216562414939,-0.1208379677279936,-0.12526299600175506,-0.05925067649974203,0.015000097140051238,-0.3913873530949452,-0.029741933403048648
AGGGAGTCACCCAGTG-D1_Stim,0.08617658905163772,0.047388229596579734,0.1906293169017097,0.07432210700483388,-0.2343910539868066,0.06434218199548347,-0.1534423426569056,0.08179409112645963
AGGGAGTCAGTAAGAT-D1_Stim,0.005839226038757417,0.021327754615771966,-0.16324264653651088,0.032345563807659516,-0.23086091123905206,-0.0006798765821205421,-0.09175395564922795,0.025300722368339024
AGGGTGAAGCTAGGCA-D1_Stim,0.04082453923888529,0.088316817210492,0.220793049073019,-0.13597370132855602,-0.015054143846890966,-0.175389390248764,-0.5803255377140992,-0.10867768315109494
AGGGTGACAAAGGAAG-D1_Stim,0.003803706984610855,0.03460559900269722,-0.05182387957132306,-0.09288445899057862,-0.14726075565077856,-0.05972036726870478,-0.3638225824283303,-0.04471686733968738
AGGGTGACAAGTCTAC-D1_Stim,0.050516182169118906,0.03220765445646023,0.0017900553103480377,0.010809446214228302,-0.03911313105896852,-0.04730739848215393,-0.2588862205986828,-0.011151467859628283
AGGTCATTCTACCAGA-D1_Stim,-0.026763633927735953,0.036899063988149905,-0.26941888017364235,-0.060501241599174804,-0.38384039721596075,0.028598520572872488,-0.5211066475717843,-0.012431547147295774
AGGTCCGAGTAGGCCA-D1_Stim,-0.002798229666892027,0.00888042945620171,0.046412582921187884,-0.15175495814024842,-0.16917442532007598,-0.07404486643527619,-0.5497816432011451,-0.07991506211422639
AGGTCCGCAAGGACAC-D1_Stim,0.013129249222215478,0.01775725492439939,-0.018010061609569306,-0.04810982495122573,-0.14207976167641512,-0.04424385223469507,-0.3162864779241179,-0.05252970068390006
AGTAGTCCAAGTCTAC-D1_Stim,-0.004663072487588238,0.02413407283221325,-0.019606764885732098,-0.10355509537201968,-0.0497581624485921,-0.030912258051944974,-0.4830146095072969,-0.10128728024652212
AGTCTTTGTAAGTGTA-D1_Stim,0.008560073103739185,-0.0045009701312554995,0.06655170148386524,-0.10028982767660288,-0.24375606182965193,-0.15698298455166615,-0.8816216406482376,-0.02817488400561352
AGTCTTTGTGCCTTGG-D1_Stim,0.10211927601183213,0.06760648039943362,0.13849374284495397,-0.05246023511407749,-0.08068512542247852,-0.12038077949652148,-0.4155650597839067,0.011713670869717419
AGTGAGGAGACGCAAC-D1_Stim,0.08001105910756401,0.045950243680657366,-0.0999404152311607,-0.049368251954536646,-0.30703962556838604,-0.016440963757885285,-0.6601340097183286,-0.004478662851996162
AGTGAGGCATCTCGCT-D1_Stim,0.08148416758935184,0.06115722755999897,-0.026319743150182262,-0.04724136296707826,-0.08136624105950041,0.032232318070160915,-0.4431111794932505,-0.0450996051827488
AGTGAGGTCCTCAATT-D1_Stim,-0.09547308889127848,0.05780178121220381,-0.268508133393647,-0.05142836076249502,-0.40129053520776026,-0.14402452679586908,-0.889294932799416,-0.009943096535167228
AGTGGGAAGGGTGTTG-D1_Stim,-0.08828279674250794,-0.0010318661326831347,-0.1987117197865116,0.07422569873430795,-0.322692269387316,0.07258902777269327,-0.05285322714585128,0.05865389005219335
AGTGGGAGTATGCTTG-D1_Stim,-0.1496490804247088,0.00012314431416982075,-0.1104813897938417,-0.24565822949339378,-0.18891647080888774,-0.21939786679571505,-1.1162252443897547,-0.14558601255851755
AGTGTCATCATCGGAT-D1_Stim,-0.07807589190093012,-0.009446009166847347,-0.13344979603642493,-0.07358512142846685,-0.1020401161634723,-0.06533032461585542,-0.23275280061437797,-0.029198995746368084
AGTTGGTAGGCATGGT-D1_Stim,-0.04598983953293967,0.010112459351546477,-0.10474081139050462,-0.039090423138013364,-0.21714223702684698,-0.0083627794265837,-0.49583044519200214,-0.035332808372738
AGTTGGTGTAGCGATG-D1_Stim,-0.03215945728849512,-0.00991773992800482,0.06140859220458772,-0.16781119891149032,-0.07164155726441024,-0.1037907129290847,-0.36969230364202055,-0.10926289924571186
AGTTGGTGTAGTGAAT-D1_Stim,-0.05224404412791728,0.006402093583279367,-0.09954495454140933,-0.1396248472513868,-0.07611715104590999,0.024304831619641476,-0.6227488958983365,-0.036439066931116315
AGTTGGTGTGCAGGTA-D1_Stim,-0.21414954311115686,-0.05688638480666519,-0.19814551261525182,-0.2784977898555514,-0.19297188056979842,-0.25097658775010956,-1.1788371447042447,-0.13977843903949427
ATAACGCAGCTAGCCC-D1_Stim,0.01889256039668652,0.031219403436628212,-0.013987745935941653,-0.049662285291550035,-0.03561771281164461,0.011259580857338136,-0.2897942085697558,-0.028097399273704582
ATAAGAGAGAGCTGGT-D1_Stim,-0.03751929013530564,0.021259410010211255,-0.13851720296912529,-0.10210366928283143,-0.19525076502395144,-0.0662608358813479,-0.5875434185487016,-0.010797792989393429
ATAAGAGAGGACGAAA-D1_Stim,-0.008824788155479268,-0.014492938779442355,-0.07296107437708965,-0.02252034891930954,-0.1197370114969214,-0.07295078858668447,-0.2102079892213915,-0.014168104156999206
ATAAGAGGTCTAAACC-D1_Stim,0.05323626272489079,0.07613463045542446,0.25392329171565287,0.008736574153191512,-0.04272772000007308,-0.02319244481528493,-0.1681843211624745,0.030301192612384398
ATAAGAGTCCAATGGT-D1_Stim,-0.17410030634457385,-0.04134447392636886,-0.2809155814453579,-0.03488312136801497,-0.32279805829205444,0.028065792433547898,-0.6071552255996959,-0.03513986611389619
ATAGACCCATGCCCGA-D1_Stim,-0.0029361142184090028,0.060158564372036594,-0.08465156073590663,0.0721702930167325,-0.17332218787581866,0.036863554211617355,-0.4340425190215811,-0.002306227993591037
ATAGACCGTAATTGGA-D1_Stim,0.05283194457593865,0.04097433278547946,-0.0881129063095667,-0.03549707190514617,-0.31235493289106486,-0.007854704993123462,-0.7565855096570182,-0.0074888849880618835
ATAGACCTCTCCGGTT-D1_Stim,0.11986810933170666,0.07598723467832791,0.16727025762736325,0.09987741958250318,-0.18461687293769735,0.01614999418384322,0.11712413079923678,0.05346007319947077
ATCACGAAGTAGGTGC-D1_Stim,-0.013717659283747352,-0.0030836046723390353,-0.09300169185652862,0.015063862448167598,-0.12673462185776252,0.026245371612544588,-0.019289468859218672,-0.009800266658769985
ATCACGAGTGATAAGT-D1_Stim,-0.1301533024363195,-0.02086129510208501,-0.25943660088187936,-0.13234181537550427,-0.219923214326057,-0.10440341506862083,-0.5789699969254265,-0.08282397660712171
ATCATCTCATTTCAGG-D1_Stim,-0.05028120381402701,0.017141277619430184,-0.13401566795252595,-0.019512056446332693,-0.35442034124309174,-0.10492137896435416,-0.8084737913710835,-0.0009995112388274663
ATCATCTGTCCGTTAA-D1_Stim,-0.1146366459427508,0.04499941130875307,0.1331956561830676,0.02687399856542605,-0.024434277396315096,-0.034917717546496974,0.15946905370327258,-0.002917185229883046
ATCATCTGTGCGGTAA-D1_Stim,0.029056530472981734,0.057187071183575355,-0.12690185745347637,-0.10458340664794363,-0.14721865792439104,-0.0027488414039478215,-0.8039038253103676,-0.044149322493835186
ATCCGAAGTAAATACG-D1_Stim,-0.008834708923062706,0.012847559515225981,-0.043864596754675134,-0.1035079126530789,-0.2835399101761684,-0.148750453571191,-0.8245074886042207,-0.030472277620040344
ATCGAGTAGCCAGTAG-D1_Stim,-0.04122392244734918,-0.026440313861426645,-0.1741553615200946,-0.014783098497680669,-0.1972426034539314,-0.05581598252542719,-0.16655597642084174,-0.006106617044927987
ATCTACTAGGCCATAG-D1_Stim,0.1244952354631188,0.09251675347136512,0.2348352243747005,0.08185865407593163,-0.16119972626069057,-0.025755622803012912,-0.08719560956685601,0.079463237221713
ATCTGCCCAAAGCAAT-D1_Stim,-0.05176645013304437,0.09037755984111229,-0.20134348595520812,-0.046244895488205984,-0.4276962524871646,-0.07596070575859137,-0.7254747024695867,-0.01612904313516772
ATCTGCCCAGGGTTAG-D1_Stim,-0.10117018671463818,-0.010208980840081594,-0.2257617857805556,-0.16896124849510308,-0.34973428909536963,-0.1445729346230209,-1.3550267674774243,-0.10803814267412726
ATCTGCCGTAGGGACT-D1_Stim,-0.03706678760550908,0.010905667795462648,-0.12485914845123158,-0.10143273269495623,-0.029705589211269867,0.03606693200729083,-0.3593376809818807,-0.022699632709697326
ATCTGCCTCTTGGGTA-D1_Stim,0.011814013411798996,0.041066581086901977,-0.09994879925167766,-0.0949467370844701,-0.12012236834016754,0.024228700005041404,-0.6484587818610184,-0.0524148349948117
ATGAGGGAGTACTTGC-D1_Stim,0.03421929754870767,0.08701858387214045,0.15407508851085083,-0.251739796624566,0.07819782017209853,-0.14890488614996045,-0.8557656752637026,-0.10735698694582219
ATGCGATCAAGGACAC-D1_Stim,0.024492147524396657,0.05856887155388435,0.0889678726021863,-0.012296911320808235,-0.2600160897796169,-0.03535010983635978,-0.014958103640923426,0.02987365497782335
ATGGGAGAGTACGTAA-D1_Stim,0.034770023177919995,0.051319563943406976,0.07773567171842899,0.10366216199101963,-0.2773770674829823,0.027511853081486848,-0.1677269353061135,0.06927519735431886
ATTACTCAGTTCCACA-D1_Stim,-0.014195596424551482,0.05413388672215902,-0.09110723553058087,-0.013345107359102215,-0.18833465326807186,0.04484786428769816,-0.495893367776981,-0.0198374612646095
ATTACTCTCAGAGACG-D1_Stim,-0.036258979466161634,0.06205207288046388,-0.06393717070579719,-0.02838260149915861,-0.11980993677976137,-0.0037207312069220677,-0.5638775671304188,-0.00792941795840818
ATTCTACAGCCCAACC-D1_Stim,0.03323395932163642,0.03831084124489159,-0.05740683369468691,-0.031053452691407912,-0.28872484272881493,-0.01620242237225966,-0.4713337332063574,-0.01418300354247748
ATTCTACCAAGGACTG-D1_Stim,-0.10195706622959477,-0.05220202191497414,-0.11218243465825051,-0.04015784251553356,-0.11408497592926636,-0.08221502324452601,0.06620425346411452,-0.03723708147630944
ATTCTACGTAATCACC-D1_Stim,-0.11520885541708736,0.035627580710226425,-0.23343145517779984,-0.05316276737652004,-0.2997660952095753,-0.05025092176762591,-0.6329069363590349,-0.01873108783240518
ATTGGACCAATGGTCT-D1_Stim,0.011681870560998675,0.017361876895504835,-0.14262592585318234,-0.07485939826847599,-0.07413796796140382,-0.032061293470745156,-0.2501864164495675,-0.07946417863628774
ATTGGACCAGGGATTG-D1_Stim,0.028660829176745395,0.07403686428460787,-0.06384189318924438,-0.12094221697122265,-0.06672793877995709,0.0023912648295993932,-0.7397368006074174,-0.04832017714349135
ATTGGTGCACCAACCG-D1_Stim,0.07041858435862558,0.1202183746756127,0.10943831922787872,-0.18274741471249634,-0.026015168094717822,-0.01687889374929874,-1.102231120642422,-0.08704795375054175
ATTGGTGGTGGTTTCA-D1_Stim,0.06028002832704793,0.07319544163641467,-0.03335011340563376,-0.028401350330607755,-0.20153142693513004,-0.005775130727341704,-0.26114929659432207,0.0019714175672600476
ATTGGTGGTTACCGAT-D1_Stim,-0.0888747581228646,-0.0018064948354030719,-0.13451101262616838,0.022666085181247908,-0.37880672438163643,0.037721595585930245,-0.02767875558070898,0.017111521507736427
ATTGGTGTCCTAGTGA-D1_Stim,0.0063992609100473885,0.0019288336841061238,-0.05151094396428757,-0.046538809391526215,-0.2601931586861941,-0.00016843799593679876,-0.46311327103766686,-0.02436346239053755
ATTTCTGCAATGTAAG-D1_Stim,0.005479284166533205,0.036614038749085864,-0.10716116848997803,-0.0631919443824831,-0.149423371431876,0.019155283533770273,-0.38555241912785476,0.0030352478700148566
ATTTCTGGTCTTCAAG-D1_Stim,0.022947466447030607,0.008457686833564182,0.10844383355232878,0.059439735061692645,-0.27170744369247757,0.06024396198015758,0.11965614565994187,0.0789381198103083
ATTTCTGTCAACGCTA-D1_Stim,-0.2100732888014214,0.005708307495643439,-0.15268113696102503,-0.21045225393288547,-0.22164397784183798,-0.2077517591928384,-0.9582174767371328,-0.11657233350092788
ATTTCTGTCTATCCTA-D1_Stim,0.0836552952616163,0.09416115519939616,0.07771465042265024,-0.00012152301751555683,-0.032691860326377054,0.05638170050433189,-0.49262346131229684,-0.019104989613245138
CAACCAAGTGACAAAT-D1_Stim,0.06063144948721977,0.05239378719363863,0.031258793252367134,-0.20615130463011155,-0.051618651782447955,-0.06916778187173733,-0.7121989238607078,-0.09548452196185586
CAACCAAGTTGAGTTC-D1_Stim,-0.08000168646158379,0.0682289847703661,-0.3089631982785157,-0.039427339591705746,-0.4354291295360291,-0.08044659652871822,-0.6921642105625594,-0.014786864384650045
CAACCTCTCCATTCTA-D1_Stim,-0.019899187881897262,0.0791707251239746,-0.0645918124985716,-0.10856255466366704,-0.37137959216324745,-0.2524255586839157,-1.18407872421737,-0.026374207491903334
CAACTAGGTGAGGGAG-D1_Stim,-0.07588708864796878,0.019749754301072286,-0.0983138934333434,-0.042550805178363404,-0.16083878341705926,0.09721980830573074,-0.055375953153676605,0.02962030427915252
CAACTAGGTGCACGAA-D1_Stim,0.10746489025157757,0.05999766960522912,0.11626064656799517,-0.040218530608052916,-0.17870656152898512,-0.039302477049638185,-0.4179293882831523,0.009231546468688734
CAAGAAAAGAAGGTGA-D1_Stim,-0.008818528114002078,0.04085089088148308,0.08129330436464777,-0.0006437193239268169,0.06394659690582394,-0.147894085484225,-0.08124822825306843,-0.0017773494410757706
CAAGAAAAGACAATAC-D1_Stim,0.013925875374219743,0.030930989516248175,-0.036024067910108926,-0.013746733262479438,-0.1784377813974114,0.01927544584958696,-0.6242653849650299,-0.023538197853149256
CAAGAAAAGTGCGATG-D1_Stim,0.07634488208422674,0.08964388672918489,-0.09814989045539946,-0.036346888292404955,-0.18864722154158997,0.037441532744580286,-0.3366389907286411,-0.024979263636572213
CAAGAAACACAACGTT-D1_Stim,0.07679159044521455,0.06879554881397887,0.14414703796495587,0.09492398282398185,-0.2427732175215933,0.06048300343926449,-0.011658582541495655,0.08222895650387407
CAAGAAAGTCGCTTCT-D1_Stim,-0.006248418400682354,0.0012363092407436937,-0.12795121604215431,0.015733577010273336,-0.18539188684516894,-0.023798401963219362,-0.2319243442937129,-0.014561755251266462
CAAGAAATCTGCGACG-D1_Stim,-0.03632712278171546,-0.015096379977510566,0.14915391481138762,-0.1551808031741828,-0.0037367400595993416,-0.1271045654330063,-0.602149154154473,-0.10809625307981996
CAAGATCAGCGAAGGG-D1_Stim,-0.0008810284066971263,0.04608979187640472,-0.005050754880661756,-0.15441281922548988,-0.010182365019019812,-0.07869740384172808,-0.5179196560461996,-0.06203143968342317
CAAGATCGTCTTCTCG-D1_Stim,-0.041450968486046236,-0.00866784751721461,-0.06448102119224064,-0.085335016278421,-0.09010361260496325,-0.00755962505903085,-0.24868539121459676,-0.04578087201383063
CAAGTTGAGCTTATCG-D1_Stim,0.06372731084412386,-0.007108979047899311,0.08776067310183855,-0.15636872225729093,-0.08591327358554857,-0.16642556290531907,-0.572768117830952,-0.0793222883093776
CAAGTTGCAATGCCAT-D1_Stim,0.02502088634975763,0.024840178284934566,-0.0405427255348787,0.008183568179862988,-0.07223375164885049,-0.009200814055160933,-0.42372658086230963,-0.019565610401460987
CAAGTTGGTACTCAAC-D1_Stim,-0.04989534801236317,-0.021029525678203598,-0.040666646218221914,0.006793641890274316,-0.07426752794433611,-0.07020681555761143,-0.21337046898869616,-0.007111327823194458
CAAGTTGGTAGCGTCC-D1_Stim,-0.01819373400651436,0.01848397779322397,-0.21788634248213246,-0.141417497355123,-0.137952108177279,-0.05075501296216345,-0.6327438140130184,-0.04671062139018112
CACAAACCAACCGCCA-D1_Stim,-0.12431433286327476,-0.042263562336177785,-0.3877792818836836,-0.09086392637847318,-0.23572605290356918,-0.045031845226837675,-0.4564820247060517,-0.029040763681463133
CACACAAAGACCTTTG-D1_Stim,-0.024242844887684356,0.041387914280859306,-0.14083355575816725,0.029604621425699307,-0.151961123180687,0.03382538009278413,-0.4223691581440647,-0.002995345587542886
CACACAACAGTGGAGT-D1_Stim,0.049219428783064956,0.05153190647040695,-0.11038916562302337,-0.05216643022051315,-0.16006030719373676,0.12317726531566464,-0.692306048994082,-0.009891359319153636
CACACAATCGTGGACC-D1_Stim,-0.07570543230779947,0.07408868443787853,-0.22059463933036483,-0.1216019301582989,-0.3933813736168741,-0.12521684652863385,-0.8427360424147903,-0.06114323877307548
CACACCTAGATCCCAT-D1_Stim,-0.12358267694096803,-0.0814017583798865,-0.3800673555672853,-0.17025636408591716,-0.17881371885895447,-0.12431119043488437,-0.4627398960262372,-0.14026030854290994
CACACCTAGGATGGAA-D1_Stim,0.026780514056781612,0.06896160203595514,-0.04838787709075998,-0.0923912028942091,-0.13905919311420156,-0.07150684010640518,-0.6222255122837907,-0.10842015609073208
CACACCTTCCACGACG-D1_Stim,-0.021137057606297915,0.024719343888584433,-0.12314823974511313,-0.07957319438509991,-0.10368158359703017,0.022106514249340847,-0.4556392658727688,-0.013505440513863931
CACACTCAGGGTGTTG-D1_Stim,-0.05868409508106609,0.03343393835092101,0.022382615753542723,0.03115839499420936,-0.21989892212493345,0.052448288666917975,-0.12778887545300321,0.04124686011364531
CACACTCAGTTCGCGC-D1_Stim,0.05733612629231466,0.09527470662749948,-0.12341283185674534,-0.08108409841723407,-0.1944699974516979,-0.06576540758885052,-0.534186770547727,-0.03117239122090254
CACACTCCAGTTAACC-D1_Stim,0.07399762386279818,0.0682400542094257,-0.0048111596937667755,-0.06873903110635915,-0.031050024484876815,-0.005161781774404517,-0.39174686375219636,-0.0773311470029796
CACACTCGTCTTGCGG-D1_Stim,-0.16689067161245674,-0.03243628124014819,-0.216648656916278,-0.1159977105399026,-0.13606483492236165,-0.1819553253764905,-0.6159125872243099,-0.1333547891366127
CACACTCTCTGCAGTA-D1_Stim,7.532621264161321e-05,-0.017830980292519172,0.05383509466894232,0.07351193868589334,-0.2438827493414948,0.029881629434807877,0.19884551965532182,0.026955070049284657
CACAGGCCAAGGTGTG-D1_Stim,-0.04281669074172534,0.028695936002984368,0.08072019252590135,0.08094376800173286,-0.11059721378042653,-0.09529584152529225,0.2768077794775703,0.010023327959764572
CACAGGCGTACCGGCT-D1_Stim,-0.00044245981370316656,0.011064012197966377,-0.06254196685185054,-0.10930668470363081,-0.09582914856100722,-0.0786978488559349,-0.47031811480431784,-0.08419022574797097
CACAGGCGTCTCGTTC-D1_Stim,-0.1128258196304639,0.052496893420698854,-0.22212747545392642,-0.08300210046882306,-0.2758263736746773,-0.16820339895490122,-1.0919975660860057,-0.05075487628831432
CACAGGCTCCTTAATC-D1_Stim,-0.11334733566568467,0.06967879500135865,-0.2109690808517426,-0.08638777241834283,-0.3673199917227219,-0.15497754452275103,-0.9062539784883121,-0.030718843302787846
CACAGTAAGCCACTAT-D1_Stim,0.03717602028283551,0.053283085091800686,0.03122420722597674,-0.08246185475965717,-0.10686395362348478,-0.0056834382328467825,-0.2884572476495215,-0.04690278325150565
CACAGTAAGGTGTTAA-D1_Stim,-0.003845940914615653,0.051388180701803066,0.05059668793906802,-0.16187984325197569,-0.0389512038231441,-0.09436414827069939,-0.7136407052884159,-0.06071980245547692
CACAGTACACTAAGTC-D1_Stim,-0.06476514444576331,-0.029003990495880316,-0.1488146600250868,-0.12298466426505783,-0.1568118896786448,-0.16676026194829596,-0.8465040656785234,-0.06693267754267396
CACAGTATCTTGCAAG-D1_Stim,0.02602389715608666,-0.004468179012445006,0.03756605060551621,0.05158072068656594,-0.22113681645592642,0.06353770152622573,0.09530021021579316,0.06566440241538452
CACATAGCACCGAATT-D1_Stim,-0.041206896273031646,-0.00287580046385294,-0.050440656965560215,-0.09121657065487199,-0.0699249123108352,-0.023955098597147284,-0.3000532404752967,-0.03397766879698061
CACATAGCAGCGTTCG-D1_Stim,0.07896788530379695,0.004995374757614357,0.04888714920587667,-0.012410359669994264,-0.06953562900858046,-0.023489759632884244,-0.31324386571043483,-0.04621753816014973
CACATAGGTTATGTGC-D1_Stim,-0.13536793252067625,-0.025246491872358945,-0.16527829506343128,-0.13616242305682036,-0.29575364480166755,-0.16556715984939885,-0.621728077173529,-0.07879170723806794
CACATTTAGTACCGGA-D1_Stim,-0.1317719609821495,-0.011680303526892644,-0.11237856073949537,0.09581715308162586,-0.22957124949787655,0.09097111337983144,0.25530909029871296,0.06945898001530892
CACATTTCAATGGTCT-D1_Stim,-0.04091379821075414,0.01981534094310078,-0.20221523514259943,-0.06644781742922312,-0.21783394171397497,0.01774123300104158,-0.4845585586111518,-0.02405293921891527
CACATTTTCCCAAGAT-D1_Stim,-0.08817503195123777,0.0027728741677446322,0.019537312588782996,0.015141488475036269,-0.18200005078491976,0.009301723131905248,0.09127067030264335,0.003386273830127351
CACATTTTCTTTACGT-D1_Stim,0.024476341722198924,0.014523139365570259,-0.06195886516169491,-0.12139585571710043,-0.2248498454832717,-0.08758146949049639,-0.663237254802814,-0.07997304360083035
CACCACTAGCGATATA-D1_Stim,0.010204151733562483,-0.01682541262111492,-0.05379213420211659,0.019529004151214835,-0.13002167336918014,0.009633090762527274,-0.009971417012678785,0.029868478206282134
CACCACTTCGAATGGG-D1_Stim,-0.050543948532732585,0.01950526595600266,-0.1083303652186558,-0.049569336074403836,-0.20377989566732246,0.027437327149058888,-0.43317452749880303,-0.034714917696749836
CACCAGGAGTGCAAGC-D1_Stim,-0.07737385839454625,-0.034907291857473766,-0.17081084658613577,-0.0841052118834078,-0.1541124011474082,-0.07752578998830195,-0.24631280209049322,-0.06174999027004091
CACCAGGCAGTATGCT-D1_Stim,0.07850013808490885,0.03209173384006547,0.0768466406960373,-0.16679888141062804,-0.05410810127051846,-0.11965535025515983,-0.4427744522956427,-0.07581129450907831
CACCAGGGTAGCCTAT-D1_Stim,-0.09516819969508283,0.03912032227180795,-0.27527655036218235,-0.13086034677302472,-0.2855875009820785,-0.2080811164894758,-1.1483671987704316,-0.09523488750167886
CACCAGGTCCAGAGGA-D1_Stim,-0.037727961785931186,-0.056054438088020575,-0.04628321636555022,-0.09382857911520581,-0.14199043047488047,-0.040564450183998346,-0.14656198646729024,-0.07346625692028219
CACCTTGGTCTTCAAG-D1_Stim,0.06867986134150073,0.0535902212294701,0.12106062133875017,-0.07928176744738025,-0.06557184378624648,-0.03983834204329462,-0.47889467993535106,-0.07974320864746787
CACCTTGTCATCTGCC-D1_Stim,0.008827700904459945,0.01650707505021387,0.003342618129495989,-0.2283296795240073,-0.04832420435932505,-0.0973185253193094,-0.7628172731761822,-0.17429074441777637
CACCTTGTCTTGTTTG-D1_Stim,-0.08371819610462339,-0.02419229528636535,-0.1590044178035539,0.11686537122796636,-0.06829579293738064,0.14389195089527718,0.41611305023674383,0.09846349815905953
CACTCCACAATAGCGG-D1_Stim,0.005953876719946294,-0.05031433997633883,-0.0772480830677047,0.027535242690962747,-0.29893910245655064,0.013794635455568027,-0.03761522872854428,-0.027008396613396712
CACTCCATCATAGCAC-D1_Stim,-0.0007325816318921596,0.04681732465684618,-0.09468561901851569,-0.09188596172051788,-0.1783833342574468,-0.03591832779394544,-0.618870410751267,-0.05820052276929388
CAGAATCCACTAAGTC-D1_Stim,-0.049954116097318035,0.04423577296058845,-0.09549117060458201,-0.07099637453330843,-0.1594777457384513,0.03266394261367189,-0.4835081767261009,-0.034768159993967984
CAGAATCCAGGGTATG-D1_Stim,0.06551717426528825,0.0013455885356581376,0.060163419729026835,-0.09123923515443799,-0.12388921300486544,-0.05957925242550033,-0.5904965037819814,-0.10810597338248584
CAGAATCCAGTGAGTG-D1_Stim,-0.11165589744855176,0.028235175578824823,-0.202507558542667,-0.10177161779289357,-0.4498089469055415,-0.10199312459803522,-0.7613990820939502,-0.05352900540356842
CAGAATCGTTGACGTT-D1_Stim,-0.016307088139592807,0.024695337985303212,0.18706532877082527,-0.31411176715101163,-0.02795010445027657,-0.11935820876547254,-1.4098837893400056,-0.11678502832113402
CAGAGAGAGCTCCCAG-D1_Stim,-0.018731828279729967,-0.0001806500790131338,-0.018707296590432243,-0.10095572863555624,-0.07841565760065805,-0.035704184184472965,-0.6276361994045185,-0.05179182850959663
CAGAGAGCACGGACAA-D1_Stim,-0.06634591639382137,-0.0142893221141982,-0.029330359228890046,0.002135626282623093,-0.04475480054839842,-0.0545714341553154,-0.02873068028410053,-0.01689511743180283
CAGAGAGTCAAACAAG-D1_Stim,0.06322201072731914,0.10800359061393472,0.04371236930738753,-0.2164374346801452,0.044887698303487156,-0.008328174880517736,-0.994939774734851,-0.10213335346760744
CAGATCATCAACACCA-D1_Stim,0.004997899893265156,0.047344056926116096,-0.07201324515379692,-0.08885229167581166,-0.23560998922031118,-0.031004402862809144,-0.6270078276171347,-0.05430387389031743
CAGCAGCAGCAGATCG-D1_Stim,-0.08275605265174768,-0.01775539002485438,0.14827656234138864,-0.07865088886550176,0.026151197439162388,-0.18288040403483308,-0.5512121098710594,-0.09106752661909567
CAGCAGCGTAAGGATT-D1_Stim,-0.038487656678160675,0.021264750676351696,-0.07167460303870055,-0.10664911911135277,-0.1770874740522661,-0.08207613959878657,-0.4854367988947992,-0.061970010928808605
CAGCAGCTCGGTTAAC-D1_Stim,-0.004533246560511017,0.0583167770073274,-0.18555925236408832,0.04652823262461858,-0.4473646216914542,0.02596571542323467,-0.6161143878958182,0.02294973315449056
CAGCATATCAAACAAG-D1_Stim,-0.07490837660765592,-0.002056201690630033,0.04297933405265475,-0.06215886148222971,-0.36379889013243805,-0.11409784121207167,-0.5561837614356762,-0.04946146734154233
CAGCATATCTGGTTCC-D1_Stim,0.12650805642829788,0.07986057315801709,0.06916803367523539,-0.11958955270664617,-0.25751253210211544,-0.02012503632833962,-1.0974675420643152,-0.03452179188363225
CAGCCGAAGAAACCGC-D1_Stim,0.05513192697372027,0.03898984991164589,-0.0025017746606730284,-0.08942209123347666,-0.04993856799138108,-0.018078105225947994,-0.45454120268047404,-0.08572703546937532
CAGCCGAAGGTGTTAA-D1_Stim,-0.06573153755585359,0.025943861212494923,-0.14785499972308003,-0.1746777090570948,-0.1575916919427307,-0.04952649808098464,-0.6951012017915907,-0.06464639858741172
CAGCTAACACGCGAAA-D1_Stim,-0.03742422185340821,-0.0037108250617006178,-0.11385710746994349,0.026447371341864923,-0.26776883094324333,-0.004191124152832515,0.13836108914805934,0.017792301958941437
CAGCTAACAGTAAGCG-D1_Stim,0.047317847919295275,0.12155356570277576,-0.004300441270533639,-0.07733085825728914,-0.24008721024799584,-0.10685034073766353,-1.0345211024366918,-0.01871278359399753
CAGCTAAGTCGACTAT-D1_Stim,-0.089670379810741,0.0526713022887666,-0.19203621937746806,-0.12096489974030078,-0.22896471094600557,-0.17671573692122955,-0.9583358747379336,-0.05064232462950535
CAGCTGGAGGCCGAAT-D1_Stim,0.04475761112488286,0.017578410601059247,-0.016832965641474296,0.048862166667518636,-0.1647422460982071,0.04602213439913072,-0.3552618452069396,0.006728758921100919
CAGCTGGAGGTGGGTT-D1_Stim,0.0275101899766792,0.01760045877586336,-0.08030335397108068,0.005945166583481765,-0.25131540237437555,0.016961052209172323,-0.2845861465231412,0.017082956765120727
CAGGTGCGTCGGCATC-D1_Stim,-0.08691979640118497,-0.0036640916285115566,-0.1353935056442097,-0.16563062632213388,-0.08394011992333539,-0.08276221289904129,-1.050538864965489,-0.04403892710825019
CAGGTGCTCAGCCTAA-D1_Stim,0.017544735932290223,0.04704264755577903,0.03793324244802143,-0.1279334740078788,-0.03412960817739297,-0.03341255817646349,-0.5626912866860039,-0.12289757026394277
CAGGTGCTCAGGCAAG-D1_Stim,0.028710206144461736,0.05309069545909395,-0.034925271677931136,-0.05651810877421859,-0.05356042559749952,0.036327482420039914,-0.3400185850468418,-0.056898225131817526
CAGTAACAGGCAGGTT-D1_Stim,0.003951159515267477,0.002803108470601501,-0.1708740915434488,0.02990524261062255,-0.1657679078799159,0.04744518208928561,-0.208779113417636,-0.010291052005143797
CAGTAACGTCATCCCT-D1_Stim,0.010084752968712252,0.04521763444410354,0.07055495639993836,0.0895187762520937,-0.10629272404566414,-0.03675997073042403,0.07689284888255621,0.04708455422515634
CAGTAACGTCTTCAAG-D1_Stim,-0.008652872115796129,0.036018553610615456,-0.10484215451338308,-0.09786607287463944,-0.13638749572642617,-0.005941409729926406,-0.40449394483677636,-0.02772453031789368
CAGTAACGTGTTGAGG-D1_Stim,-0.012730002775507288,0.059446296538880006,-0.033513209584299375,-0.13949967224905713,-0.10211244981311829,-0.12741785760388247,-0.6561051883663076,-0.06304105049239439
CAGTAACTCAGCAACT-D1_Stim,0.019612278001030603,0.08906359377217399,0.03817724258549937,-0.017050220961650098,-0.08147675816678834,0.008621797888531901,-0.4999724328903099,-0.05005840568742137
CAGTCCTAGTCCCACG-D1_Stim,-0.0808109387243654,0.015283733680405476,-0.2501800449682481,0.0595498804124901,-0.24488187013185758,0.031231590295437428,0.11798767867669113,0.055294771479001525
CAGTCCTTCGTCCGTT-D1_Stim,-0.06679714815525806,0.005826487126507018,-0.11300800198458827,-0.13992995943954512,-0.009006899060496565,-0.07732084922301219,-0.39426585415081306,-0.061828186534953034
CATATGGAGCTGAACG-D1_Stim,-0.12311591496685637,-0.05796776742899645,-0.2622683926739011,-0.05937998286363566,-0.28524031696643526,-0.10351358010387557,-0.337245539816605,-0.06880610352421002
CATATGGAGGGTCTCC-D1_Stim,0.07559609022868585,-0.08727069701988377,-0.27563059426579173,0.03698525920849072,-0.18629646378374076,0.04339191937210174,-0.12137114097895552,0.03942826112627884
CATATGGGTCCAGTTA-D1_Stim,-0.00799382877142385,0.01649985351117067,-0.26413323189524895,0.09498237299547796,-0.228855662215949,0.3420912993071443,-0.555433172270078,0.014439290857637843
CATATTCAGACACTAA-D1_Stim,0.010504567611839377,0.0827766388951705,-0.043896884907669076,-0.08614439649401007,-0.08543736186317297,-0.08314511438207184,-0.8547989770990334,-0.040007974023138715
CATATTCAGTACACCT-D1_Stim,-0.0041224025903172645,0.023901223125767146,-0.15261297334648383,-0.11221591104041906,-0.17138318586072288,0.0022840926445457654,-0.48968277818997663,-0.026646984007918206
CATATTCTCAGAAATG-D1_Stim,0.0794500081674947,0.02245941737964685,0.14228278978634723,-0.021824891737640684,-0.011410768894188905,-0.04527561069085806,-0.29138017104534697,-0.023656486287089606
CATCAAGGTCCTAGCG-D1_Stim,0.03909076413160406,0.0790871517953029,-0.08204129577380925,-0.040293457986729564,-0.06073157241254279,0.08736142519535761,-0.6362913105002281,-0.021225592466796783
CATCAAGTCCCTTGTG-D1_Stim,-0.014047192731153402,0.011117562000784176,-0.025167543990461283,0.028371139574133508,-0.163592376317224,-0.07315778248423754,0.15914484797160533,0.021953933642082646
CATCAAGTCGTTACGA-D1_Stim,-0.00047902405647626267,0.05831244541767511,-0.1435843125223677,-0.13586473621444917,-0.17593086929619162,-0.08260100209958843,-0.5292763373299643,-0.05939886410677708
CATCAGAGTCATATCG-D1_Stim,0.046890690452453754,-0.0008114373424046306,-0.39358015576664585,0.10119802902730868,-0.2570936627024576,0.5119612752575975,-0.511624967917589,-0.005537433823322502
CATCAGATCAGCAACT-D1_Stim,-0.02013746342796452,0.0019897654130573983,-0.09108289154599092,-0.1585838263826389,-0.0755610960390527,-0.05486587555205169,-0.3907673595065688,-0.08478164619201323
CATCCACAGCTAGCCC-D1_Stim,-0.11079046014468474,-0.002464029034339177,-0.2915940943851938,-0.10884225475174603,-0.37666511376863987,-0.14643368910092036,-0.5665760787262641,-0.06814678419284803
CATCGAAAGATGGCGT-D1_Stim,-0.1013532335820031,-0.013717571966333608,-0.08615103660443246,-0.011689371850188479,-0.09228059556927626,-0.0922491231326017,-0.08969250168382459,-0.02017864419377169
CATCGAACAGCCTGTG-D1_Stim,-0.07508496412028975,0.07141603515307615,0.07133576285888665,-0.22605709321565648,0.06840608720186303,-0.004427343065033895,-1.270645239289868,-0.11413720111117343
CATCGAATCAAACAAG-D1_Stim,-0.005340763325449416,0.008876341033213109,0.11370533308336839,-0.03607338974494745,-0.10707133581632355,-0.09052165205539353,-0.3740380178973304,0.01675194842040284
CATCGAATCAGCGATT-D1_Stim,-0.003218517104537355,0.03635480060388652,0.02762211952171878,-0.09509269898916095,-0.18074248662775538,-0.047887814664814954,-0.7733038197701845,-0.07842550536894421
CATCGGGCACCCTATC-D1_Stim,-0.027052986817095004,0.06018176909723927,-0.273751170674009,0.034424955945523195,-0.36680343675282145,0.023407663169040305,-0.40249366739397097,0.0066777578908414625
CATCGGGGTTTGCATG-D1_Stim,0.002340672790500875,0.038885097024184745,-0.08160734071220777,0.0848000076770461,-0.2091872371176784,0.09425634567655905,0.0053773370372329765,0.08041218063596212
CATGCCTCATTACCTT-D1_Stim,-0.14489636955098817,0.0016120999275948122,-0.1266006606429242,-0.18087086262087304,-0.132524202736386,-0.22157740457923225,-1.37136553375076,-0.10034764700757393
CATGGCGAGTGCCAGA-D1_Stim,-0.010147863913408273,0.024809788737133687,-0.2495273173463648,-0.015314311204173592,-0.32638964430955575,-0.1429112567441031,-0.4457801924482556,-0.03166047588821286
CATGGCGCATACAGCT-D1_Stim,0.057036105058816844,0.04395654363763768,0.17809045770536436,0.1324697547781568,-0.2542387924993843,0.06230735749066518,0.07101243433950977,0.11455409118288529
CATGGCGTCAGCGACC-D1_Stim,0.030269272322446028,0.030701883031703403,0.15233171175848348,-0.03466244416658171,0.014399915033173727,-0.13720537229944263,-0.2997613990988768,-0.00863094893693983
CATGGCGTCTCGTTTA-D1_Stim,0.04507859355441468,-0.007079367995336483,0.0023318504060290124,-0.04065816558927082,-0.04478725173254716,-0.04222090833040504,-0.18795782527639027,-0.027360034951467327
CATTATCAGCTGTCTA-D1_Stim,-0.0001912421576477641,0.01975676967143869,-0.024828199274534946,-0.15975618221230015,-0.03925804281284684,-0.09004307750429774,-0.509237481742371,-0.07338613831607255
CATTATCGTATATGAG-D1_Stim,-0.10617562182273943,0.006006867509130487,-0.13883925876786485,-0.1637150897176891,-0.09094175119748904,-0.05001181528405141,-0.9657691269267552,-0.04617957269908679
CATTCGCAGTGCGATG-D1_Stim,0.06035580860618417,0.029903437724398074,0.04719309575521091,-0.06938512315328893,-0.08758896334824051,-0.013478441126670404,-0.3858921249743439,-0.039437794560546635
CATTCGCCAACACCCG-D1_Stim,-0.02595456493558146,0.04199507899636856,0.034241600041597486,-0.20939379332085828,0.13656633540358776,-0.08559296298937902,-0.8334749625481344,-0.10417946871169548
CCAATCCTCAGGCAAG-D1_Stim,0.01954443322364341,0.0005983572057584041,-0.05065202031039817,0.05911639207795716,-0.2605889451594958,0.05402727876141,-0.08830506415319839,0.03528592428235022
CCACCTAAGTATTGGA-D1_Stim,-0.16057867862713948,-0.06181160310648082,-0.034352924757380165,-0.03616151456290417,-0.14862381344523,-0.15460819501247336,0.108472543640044,-0.042146773325736575
CCACCTAGTCCTCCAT-D1_Stim,-0.047811203628638665,-0.018769975476228495,-0.07908641746321354,-0.006683305233913472,-0.16312221544927752,-0.0015420303924287282,-0.025498838142560487,-0.006163910771016745
CCACCTAGTGTTGAGG-D1_Stim,-0.024709782834968053,0.016120150685763335,0.024043265541500602,-0.16160763212696239,-0.007933766262405939,-0.05214879724418253,-0.35480731486933337,-0.045585271739659206
CCACCTATCGACAGCC-D1_Stim,-0.0526052262993808,0.05659364991964644,-0.05998866465872954,-0.04313212135754618,-0.11988375680349961,0.064413006470188,-0.5296648331970673,-0.001008128034539979
CCACGGATCTTGAGGT-D1_Stim,-0.023092382150055712,0.0186225020341233,-0.04206215521793766,-0.03429661405900042,-0.12484904682978382,0.05495884685562302,-0.4023199836684519,0.011454420596587411
CCACTACAGATAGGAG-D1_Stim,-0.019018256295273872,-0.0009457855179686447,0.0926444335302925,-0.2486942248734927,-0.0047793784731329225,-0.1878210968387677,-0.591308585132575,-0.10210774181290994
CCACTACAGATCGATA-D1_Stim,-0.012249779565420837,-0.036432954321117705,-0.33449919310049836,-0.12445690899244255,-0.15174985855135859,-0.031236938915885304,-0.4331935388622483,-0.11576864703884304
CCACTACAGTGCAAGC-D1_Stim,0.10319589324575063,0.0494094255179256,0.09805247403977901,0.0497108202957417,-0.14279331454140376,-0.013970243415137418,0.17156680346256703,0.012800854102966497
CCACTACAGTGGTCCC-D1_Stim,-0.02632583037519609,0.026395128743132545,-0.08371809232539285,-0.10289821506642127,-0.0861433852429041,-0.006601864575237926,-0.4195313711529671,-0.011980366058175207
CCACTACGTCTAAAGA-D1_Stim,-0.11390665488861451,-0.02622979291994021,-0.2291241304810443,-0.029223239888212404,-0.27721011777858173,-0.05185053184452393,-0.14186552926527796,-0.017631418171140112
CCATGTCAGATGTGGC-D1_Stim,0.018830123804528753,-0.01894678453844101,0.034176827379523544,0.014344214085332041,-0.17315609559216583,-0.010036939480196239,-0.08202117911832474,-0.005838309161545041
CCATGTCAGGCCATAG-D1_Stim,0.019988741364960205,0.060567825319058244,-0.11804700336559293,0.015225926040558946,-0.3772535542811575,0.02586801226719615,-0.42161613989301827,-0.012967447182353098
CCATGTCAGTTTAGGA-D1_Stim,0.061568675799252404,0.054594819798095884,-0.0891046373445592,0.03009291813465076,-0.20312080573432567,0.06945582643117021,-0.3886211092992191,0.005043200212211829
CCATGTCCATAGACTC-D1_Stim,-0.032415712173635924,-0.011328233939250865,-0.11242299680717238,0.014238098964243662,-0.2489784022679533,-0.1109256745420506,-0.4343589964416843,-0.004863969992291217
CCATTCGTCGTAGATC-D1_Stim,-0.051820194088740834,-0.003418350763254807,-0.1487054952287119,-0.18925685150441574,-0.029031632203357916,-0.023914984683642615,-0.8718362285432946,-0.08232961168821973
CCCAATCAGACGACGT-D1_Stim,-0.0395844994861676,0.011420600925085012,-0.1082864090974276,-0.12077933831571919,-0.2593622460566163,-0.13788049900010435,-1.0730323349853705,-0.06343431034776081
CCCAATCAGTCATCCA-D1_Stim,-0.00511638303425066,-0.0566819003507657,0.04181971388352412,-0.017674935108653145,-0.06882330638489798,-0.026238740393026205,-0.017683624842094403,-0.003909655746518581
CCCAATCAGTGCAAGC-D1_Stim,-0.043635798313225393,-0.03617008557025336,0.0038296807409343714,-0.04741421674948754,-0.13616746091731358,-0.01213780126230013,-0.06168010393840184,-0.0343286934938547
CCCAATCTCATAAAGG-D1_Stim,-0.03469167004375606,0.007606237074272215,-0.1555956029023733,-0.12652350694868453,-0.07106850716991708,-0.056873049461103165,-0.4328354392434619,-0.03682600981271911
CCCAGTTCATTGTGCA-D1_Stim,-0.10253338005553125,-0.09183935379451569,-0.4722780353545506,-0.013154718743956906,-0.1275669055903048,-0.02765977385524465,-0.0673888707087702,-0.0837890252500273
CCCAGTTGTTCGTCTC-D1_Stim,-0.16235026596244495,-0.004986742649855103,-0.07751931581139715,-0.3085054695600853,-0.13161614621778206,-0.12272137065294508,-1.5029402539534438,-0.17389212577189284
CCCAGTTTCAATCACG-D1_Stim,0.014562484820684674,0.009049475622532555,-0.05309644258591728,-0.10366374255050026,-0.02492503460949891,0.010540638182584772,-0.2995340916867839,-0.022683365446663828
CCCAGTTTCATCGGAT-D1_Stim,-0.05376102048045439,0.011371276753573412,-0.11163155206436848,-0.12024792918037619,-0.09370845969824693,-0.06887054940761672,-0.6160092900767786,-0.08161172584011567
CCCATACAGCCAGGAT-D1_Stim,-0.1704862626374144,-0.06782385655773027,-0.2838380863199115,-0.15941017616186848,-0.22268468545030018,-0.1757577354849751,-0.857486449717193,-0.12133907420623125
CCCATACAGCTAGTTC-D1_Stim,0.017114946917795137,-0.004074800291851588,0.051839043022409825,-0.040234041778482776,-0.10181651087412114,0.022104982755784874,-0.40994872968053997,-0.0354458077703228
CCCATACTCAATACCG-D1_Stim,-0.041268404648796775,-0.013454141647445184,-0.2023509246218298,-0.0907149387723063,-0.14949602522187,-0.03247826104591134,-0.481620634902292,-0.03744231855750968
CCCATACTCCTATGTT-D1_Stim,-0.060407942391377034,0.025496897294376097,-0.2525251246562137,-0.10594127206481474,-0.23431148737732244,-0.10163988691837567,-0.6933016480922696,-0.062237299442655214
CCCTCCTAGGCTCAGA-D1_Stim,0.11615118509096689,0.12221248126631501,-0.17903010346740267,-0.13360771411546501,-0.2754704611500607,-0.12896332336313954,-0.9323908112453001,-0.050030841928665026
CCGGGATCAATCCAAC-D1_Stim,0.06839307187397381,0.06718224313724619,-0.030967712621554178,0.023090984854526653,-0.4559173485688266,0.028285364298668014,-1.0553065303498261,0.03427062646169432
CCGGTAGCAGACGCCT-D1_Stim,0.1851712561387231,0.12033667432349127,0.07556564442447922,-0.11126305282923887,-0.2070750891486277,-0.001647282566429098,-0.6757888892416215,-0.053127745553140926
CCGTACTAGCAGCGTA-D1_Stim,0.04589465991927888,-0.0010566281882091744,0.08461763599299044,-0.08921913971303219,-0.0838774142328873,-0.053612687714664986,-0.47269375121355495,-0.10884836325626068
CCGTACTAGTCCGTAT-D1_Stim,-0.08724647173440303,-0.03507656303238882,-0.2566350244393636,-0.1376488194933625,-0.12801068117219394,-0.17441329482364765,-0.6905223407824366,-0.12851058481907707
CCGTGGAAGGCCATAG-D1_Stim,0.04554152861691918,0.05880279736838823,0.09539040119814235,-0.11967689115353153,-0.03631828847570873,-0.061623167414333935,-0.4960050631811619,-0.08984914124417465
CCGTTCACAGTCCTTC-D1_Stim,0.06595766534337955,0.0945927916810021,-0.03308056355228661,-0.04069874060735579,-0.16357506854448545,0.030794448691413123,-0.544526434772111,-0.03347250632005583
CCTAAAGAGCGTGAAC-D1_Stim,0.06671510449037932,0.07859505419137491,0.09559389122425532,-0.10068632114932363,-0.15682267701867403,-0.04297995433088175,-0.6203513148689783,-0.06732776242032124
CCTAAAGGTGCTAGCC-D1_Stim,-0.001970777307445104,-0.02206112998821652,0.007139089104579277,-0.049812257591014486,-0.13627930319437986,-0.027179068789648042,0.02595991184242763,-0.021177976054792325
CCTACACAGTGGAGAA-D1_Stim,0.07461926435033206,0.06904182457047092,-0.06813348063826385,-0.041606973468026,-0.19505760102309644,0.03483215863939293,-0.3757616615266244,-0.03422789498140055
CCTACCAAGATGCCTT-D1_Stim,0.07598331183615592,0.0001042070899952563,-0.04102603503419466,-0.046747628020490595,0.16762208605325846,0.08898472798304802,-0.6307993597370523,-0.06650714465489749
CCTACCAAGCCACGTC-D1_Stim,-0.12072576696258075,-0.08253991318928122,-0.345091583701695,-0.07328655470122314,-0.17124849166088651,-0.07408856205360692,-0.11422472550629337,-0.08898707288945218
CCTACCACACACTGCG-D1_Stim,0.04870523248444414,0.04378869477733538,0.10702133884802834,0.10863177110437938,-0.3074244204072709,0.10685257662901648,-0.22335613197840054,0.09356563748784019
CCTACCATCGTGGACC-D1_Stim,-0.06657075921919464,0.005653248549833734,-0.10451306283424078,-0.13663627143646728,-0.14428468656098303,-0.153275007517637,-0.45685028309353015,-0.12750352773521634
CCTACCATCGTTACAG-D1_Stim,0.02582744047338359,-0.016996157510790866,-0.01567767330030012,-0.07513266073597968,-0.11112533925844836,-0.023413003374276542,-0.32255094294537656,-0.0744296191046292
CCTAGCTAGTAGGTGC-D1_Stim,0.06889697248521998,0.0234812960653219,0.10695218492978054,-0.17293121518916088,0.10047538299095571,-0.12036267991033078,-0.7606945939248178,-0.06323381160137664
CCTAGCTCACCAACCG-D1_Stim,0.05278240165116266,0.0986736841677942,0.017967448873490888,-0.11333959613619449,0.0012057842712458466,0.015126879209558908,-0.6510458117915476,-0.032428496466266665
CCTAGCTGTTACGACT-D1_Stim,0.07835935938599725,0.07174100202145084,0.0930917776882847,0.021926707012234203,-0.2214046809420882,0.0531054062715981,-0.1284083116838044,0.0507427706272523
CCTAGCTTCCTGTAGA-D1_Stim,-0.05884386047783252,-0.01891739307232676,0.04857483160315823,-0.07578424653176619,0.023344044098319472,-0.05625713652114683,-0.04313789103016141,-0.06143110244897443
CCTATTAGTGCACCAC-D1_Stim,0.14544203552974544,0.09630066226773515,0.10697724508008122,-0.018255340427801414,-0.09670930001850131,0.02099050178105344,-0.44269198103126683,-0.06650584747374388
CCTCAGTTCTAGCACA-D1_Stim,0.005926151392335655,0.06797249147745177,-0.10407467678769677,0.02169261398385558,-0.2679828624457805,0.03868697208653771,-0.8312679714583826,-0.007974646705980248
CCTCTGAAGAACAACT-D1_Stim,0.009751386001790152,-0.01674024056403134,0.007827312060250335,0.10399939393367319,-0.010725748881061037,0.1410204220078164,0.1659923168303541,0.0783425414846306
CCTCTGAAGCCGGTAA-D1_Stim,0.005350773520248708,0.03598850945881793,-0.02664703415885672,-0.049358605059410365,-0.09494362658791289,-0.05263426733949217,-0.2890528026566699,-0.05563803188565686
CCTCTGAAGGCTAGGT-D1_Stim,0.07382086347679717,-0.006180657435578496,0.012650791526376715,0.014183055186864024,-0.18614420851652724,-0.030174640750583848,0.06819694026382095,0.02104717518339072
CCTCTGATCGCCGTGA-D1_Stim,0.056579742554040635,0.05781531528540107,0.0838288004475558,-0.06380736605784598,-0.0530765033022611,-0.03968933093497817,-0.43376984476915936,-0.08825898799781662
CCTTACGGTCTAGCCG-D1_Stim,-0.07882089625490352,0.01583258076505345,0.14193563138549514,-0.11150891080452219,-0.059264757207774466,-0.07312520896751451,-0.4606569621616501,-0.06696136378479345
CCTTCCCAGCCAGTTT-D1_Stim,-0.08422711564819352,0.021932968500044225,-0.10522751302601385,-0.08405211878367247,-0.11211391619386823,0.024109152119404342,-0.6621830237558122,-0.02517230468936482
CCTTCCCGTAAGTAGT-D1_Stim,-0.05915055223648302,0.002062269860994448,-0.08168825541812286,-0.23502222852070176,-0.07640189408219378,-0.05663681777265772,-1.0321777388348448,-0.081026361120907
CCTTCCCGTATGCTTG-D1_Stim,-0.15966363108845805,0.0229307394860232,-0.19672706076623125,-0.15112071933570093,-0.2869259432873328,-0.1263051028754365,-0.7013007671729312,-0.04686969841623245
CCTTCCCGTCTCCCTA-D1_Stim,0.05413433676490875,0.017256197197280443,0.209106366107922,-0.29704702090567103,0.12172761440980828,-0.15270113758859694,-0.9393552831238487,-0.10331315005173991
CCTTCGAAGGAGTTGC-D1_Stim,-0.04411533929300049,0.027891725026211844,-0.09975609049394674,-0.09741088800840103,-0.10026957063436726,0.008846095783328067,-0.43939242245507515,-0.042865511758984454
CCTTCGAAGTAGATGT-D1_Stim,0.023313080865131397,-0.010171740107619343,-0.010979131066615189,-0.0597483946048154,-0.09438206027117602,-0.03729889335741987,-0.2866598063224064,0.016723702771365367
CCTTCGACATGTTGAC-D1_Stim,-0.09144320016964258,-0.04445302472139723,-0.2020911774791685,0.14604748724993222,-0.1641459964180978,0.09337312626115057,0.46887227910958007,0.08332578923698719
CCTTCGATCAGAGCTT-D1_Stim,0.11420173909712972,0.036613016782945706,-0.18785435693440977,-0.0669553586394045,-0.054494610545386735,0.011852243128181783,-0.7652595887169653,-0.03362589345246825
CGAACATTCGTTTATC-D1_Stim,-0.012730468454913435,0.008272007284308103,-0.19841851315737724,-0.0007296493104451685,-0.27663296220190325,0.01804756880488334,-0.47054692252615027,-0.04094495360233097
CGAATGTAGAGCTTCT-D1_Stim,-0.14537993117356862,-0.03338942921520349,-0.3728492055826145,0.03601479906718019,-0.39823221453519864,0.0903022590015361,-0.09221297266916118,0.07868951735975749
CGAATGTGTTGAGGTG-D1_Stim,-0.0239738326518264,-0.016448803812517454,-0.13563475973533645,-0.14473090092917573,-0.1487517330251844,-0.04525536739754976,-0.4368504134733868,-0.04793023253145101
CGAATGTTCTTATCTG-D1_Stim,0.025742007265440847,0.00889533871917969,-0.10081111070834048,-0.05663053642047089,-0.21447648196452462,-0.029900580089222473,-0.46726986669350623,-0.011320708145575509
CGACCTTCACAGACAG-D1_Stim,0.0058998334588995505,0.02457275069783904,-0.024005748131282978,-0.16748740560434605,-0.004550020952674316,-0.045818445130981544,-0.5440991486774109,-0.076209746308745
CGACCTTGTAGATTAG-D1_Stim,-0.06690889882817075,-0.004565589365757461,0.16835088546189958,-0.18410925743561002,-0.08858484459569205,-0.07868430117214231,-0.6364848797609302,-0.09421928516779055
CGACCTTGTGCCTTGG-D1_Stim,0.04598099988638715,0.05112259951001086,-0.02291544743713292,-0.1097239495069271,-0.04364852338791536,-0.02244139393594935,-0.409188983548038,-0.08278624407168422
CGACCTTTCCTTAATC-D1_Stim,0.013391595089659702,0.0008822203531053674,-0.027542040587504424,-0.15231120166422762,-0.052817453525939584,-0.030251406675640524,-0.38602837816798186,-0.04366011020949756
CGACTTCAGAGCCCAA-D1_Stim,-0.051481052233828706,0.038590703802277915,-0.2695854580846362,-0.024582015564350357,-0.4780265565488353,-0.11895520417203365,-0.7673306801545507,-0.0005077605561520926
CGAGAAGAGACCTAGG-D1_Stim,0.10884219184676525,0.09877876702392996,0.005614885563757888,-0.025683694396624546,-0.21765106866795314,0.010927245344541703,-0.7968981657878498,-0.025343869743204905
CGAGAAGGTATAATGG-D1_Stim,0.14745202821745274,0.0809450065355719,-0.056783263757715474,-0.008294673298163246,-0.35012871138255974,-0.02974922585424089,-0.6713729915754989,0.03828019743920841
CGAGAAGTCACAGGCC-D1_Stim,-0.22257686402566357,-0.06069472544519172,-0.1602654102831389,-0.2303729126644285,-0.24782533106479043,-0.25260382713911156,-0.8535570396498926,-0.1471245092411202
CGAGCACCATCGATTG-D1_Stim,0.0699716703536648,0.032423207719523006,0.022704139982077542,-0.06702801620185284,-0.06323883445250722,-0.0477175674392889,-0.24348744533909894,-0.03194350070988605
CGAGCACTCAGCTCGG-D1_Stim,-0.07413650805838223,0.005501441654914174,-0.14807578058340098,-0.08689169522376616,-0.13541085815035636,-0.04821055645043515,-0.38054990369306907,-0.03950476157270977
CGAGCCACAGATCTGT-D1_Stim,-0.009872164900276204,-0.025417309164977198,0.10040494444279524,-0.15541241060642896,-0.07692061097772829,-0.03176174582538671,-0.3429892472333691,-0.08052717374120455
CGATCGGGTTCGCTAA-D1_Stim,0.04607654899560565,0.07969719655526397,0.06857443374628591,-0.1780375209066829,-0.02034999871240295,-0.015087054955538193,-0.8656247373504335,-0.09354277139282807
CGATGGCCAAAGGCGT-D1_Stim,0.024760846766245237,-0.0103561184299501,0.04194770984031759,-0.13223038794481212,-0.07992691975169564,-0.09867932744259456,-0.5510771536469967,-0.09282538369530613
CGATGGCTCAACGGGA-D1_Stim,0.05662725695092519,0.058814581943435584,-0.015866829094325574,-0.05897451117922792,-0.12612741411523842,-0.009107496333845333,-0.37824521725603333,-0.007570693418443852
CGATGTAAGGAACTGC-D1_Stim,0.05281899261678724,0.07559880592628865,-0.07801028323521031,-0.02348934198008301,-0.13101813278173147,0.0415098571655097,-0.3586841398524001,0.027786575966780802
CGATGTACAAGTTGTC-D1_Stim,-0.06763264119488355,0.007942752137550357,-0.11359146904547668,-0.07684397759282824,-0.24015800800184728,-0.01994693682992832,-0.5085837182142114,-0.024189160106754315
CGATTGACATGCCACG-D1_Stim,-0.010771716014964738,0.055159331869154116,-0.10511980778095431,0.04044016340061951,-0.292765597726536,0.06156401664734368,-0.6379512048922038,0.012734658664744103
CGATTGAGTCATTAGC-D1_Stim,0.07398925433158432,0.07752303086051882,0.005951405466525728,-0.08888810516691237,-0.0822689985399947,0.006538746467770196,-0.2848647876531203,-0.05215699740970514
CGATTGATCCGAACGC-D1_Stim,-0.05103078612791734,0.02760775536397908,0.10631487087926317,-0.13446094593738778,0.07380839374120818,-0.13816030663147316,-0.5703269541188103,-0.08500478564112868
CGCCAAGAGATGTAAC-D1_Stim,-0.1332346026787441,-0.01027865563756869,-0.19564762631069677,-0.12513121444222897,-0.09470985873632287,-0.11398716407598819,-0.20863071687311496,-0.05155152596768353
CGCCAAGTCTGCGACG-D1_Stim,-0.05073465568847091,0.028268597738602352,-0.1437117152413423,-0.15012926896228862,-0.09973246461808039,0.023885744367058592,-0.7650162171719366,-0.04308196944637821
CGCGGTACAAGAAGAG-D1_Stim,0.09954241060808755,0.09640243313283037,0.1666423491220872,-0.08656425380100963,-0.16771887970624455,-0.0655039271165112,-0.7788571972974321,-0.08330032604838955
CGCGTTTCAGCTTAAC-D1_Stim,0.09706001368989625,0.09782464944943392,-0.12188699815276838,-0.11910436498005161,-0.19474202113865324,-0.008817112851074782,-0.9439990374014151,-0.020177687018543722
CGCGTTTCATAGACTC-D1_Stim,0.12718965584013198,0.1228542632238625,-0.006502481627734369,-0.028417127720526736,-0.22170924584835028,-0.026406379638144628,-0.3587553538694017,-0.013952586731781125
CGCTATCCACCGAAAG-D1_Stim,0.007877557101464205,0.048182375908076835,-0.07177823469009592,0.004212820224655189,-0.25917663697381776,0.0036889106989566045,-0.539259252195091,-0.0025324329071771956
CGCTGGACAAGCCATT-D1_Stim,-0.03824876017898049,0.0029152868179433966,-0.13977323701566302,-0.1606596749144913,-0.008059430691874425,-0.08839839563739282,-0.39296420876750204,-0.07502011683349785
CGCTGGAGTGCTAGCC-D1_Stim,0.007913737199853443,0.008069936952866286,0.10590221008637712,0.041164306389379846,-0.15584714632176855,0.03498151061897126,0.09407617928468426,0.05083152446126249
CGCTGGATCACGCATA-D1_Stim,0.0003333034841670468,0.018150817371031636,-0.1152747057420056,-0.008562183065604856,-0.06098558734173842,0.014396813001582132,-0.3038367831902562,-0.011342195631112162
CGGACACGTACGAAAT-D1_Stim,-0.002126666793287768,0.0009478853721596181,-0.022089639272850903,-0.17900649400737834,-0.03349083717788659,-0.04931475733573265,-0.45805668922131915,-0.07660648670317194
CGGACGTGTAAACCTC-D1_Stim,-0.013174907466085628,0.014532786708716827,0.10778821420438423,-0.19165617053233142,-0.022821394928330463,-0.16243189914385958,-0.558951664527747,-0.08365814714203523
CGGACGTGTGTTAAGA-D1_Stim,-0.027408171106095836,-0.011528119533359416,-0.06594417183433432,0.05282712207422513,-0.2183567722016413,0.024710086512399698,0.129167897255952,0.0130122120190439
CGGACGTGTTCACGGC-D1_Stim,-0.052401814620630205,-0.055529485797396916,-0.0932468151770971,-0.10404817473446037,-0.21135482147082563,-0.05219352876775751,-0.28305743288626495,-0.05606038460828522
CGGACGTTCCTCGCAT-D1_Stim,-0.048487268346898205,0.009051626247048361,-0.15053373478029375,-0.0644476936750582,-0.12510930106133067,0.016175324540204983,-0.2754708319727328,-0.00943254285266093
CGGACTGAGCTGCGAA-D1_Stim,-0.004988861626520347,0.006535819178639102,0.005645278258672448,-0.029079495023815127,-0.18670923185105082,-0.026051116585335876,-0.2776691072439039,-0.06660552793456276
CGGACTGAGCTTCGCG-D1_Stim,0.11783722812881692,0.07961433082976832,0.17506295818836115,0.0395631464593027,-0.23074880899575945,0.023945915352141967,-0.05617912319971374,0.01889071957166344
CGGACTGTCCAAAGTC-D1_Stim,0.019391738345698073,0.08907549828211359,-0.07745074489615256,0.011620092540114868,-0.07480948149555999,0.0781878374673628,-0.4828129985003464,-0.022688793577078314
CGGACTGTCGCCAAAT-D1_Stim,0.0017936202270956159,0.04078566915221593,0.08269147598383508,-0.2047284118616428,0.07686268229367954,-0.11173463509150139,-0.3469871194591949,-0.05905654685714801
CGGAGCTAGCTAGTGG-D1_Stim,0.08377069648306268,0.06413753064243366,-0.039166014194458754,-0.14281825119990899,-0.10725808680278348,-0.003718924390074818,-0.7281992387815972,-0.0602860999277155
CGGAGCTCAGTCCTTC-D1_Stim,0.07683634808565998,0.07443025263188474,-0.04550785597611284,0.0735476519693421,-0.4164936358997853,0.05333334055214145,-0.5112379229167043,0.05534148318285759
CGGAGTCAGCTGAACG-D1_Stim,0.05856856903485941,0.062292415219159736,0.0351332998738334,-0.0594241003383118,-0.2475138668210004,-0.01777777395639113,-0.42675012620937025,-0.013129542289178175
CGGAGTCAGGACAGAA-D1_Stim,-0.14237015755787574,0.037661704774345495,-0.16785919492010493,-0.1531206598602015,-0.30186870134038557,-0.143616168209304,-0.8977711367177861,-0.10118428164005344
CGGAGTCGTAGCGTGA-D1_Stim,0.043130785130857774,0.05545328322877374,0.00036080843222929815,-0.011406816783773976,-0.07171828994552953,-0.01565600046748905,-0.3740070116130916,-0.03470492460362884
CGGAGTCTCACAATGC-D1_Stim,0.025609381488175487,0.0658992182638567,-0.057111789892655196,-0.054215376828626205,-0.16695833679488992,0.021909712495208566,-0.42086644467149625,0.002306958846491014
CGGCTAGGTATGAAAC-D1_Stim,-0.01921516011216262,0.03179917547997313,-0.19055817272363296,-0.03445372491988863,-0.16501268195713337,0.010943081761956464,-0.3213075910802452,-0.00043899994630081096
CGGGTCAGTAGGCTGA-D1_Stim,-0.09394883975232027,0.012397408622879524,0.003929093999563094,-0.22314174911450735,-0.08499385191104203,-0.13492847800683094,-0.9513118873266393,-0.11320300678822015
CGGGTCATCCCTAACC-D1_Stim,-0.06288073473091949,-0.07084244394518535,-0.13662881714242836,-0.08496564814670826,-0.23905185244480975,-0.11221409922456793,-0.19249408201522122,-0.06518876970497267
CGGTTAACAGCGAACA-D1_Stim,0.11271353628879233,0.09922000097810724,0.5379991108816835,-0.4252903084047599,0.2524017297410275,-0.3013956301055831,-0.6538044236894631,-0.18205719783296814
CGGTTAACATCAGTAC-D1_Stim,-0.07818196122394383,-0.006335071101448264,-0.12213988819534549,-0.11895569196397382,-0.13550369327847456,-0.09162879015371672,-0.48278855784393926,-0.07947366244424892
CGGTTAAGTAGCTCCG-D1_Stim,-0.0030381081069226212,0.02610712368484336,-0.15557200119966552,-0.013087595236745742,-0.21990165473638612,-0.002653436190394487,-0.19413205112175191,-0.025161759067662715
CGGTTAATCCGCTGTT-D1_Stim,0.06522716453023847,0.11408359390224199,0.014340854668317249,-0.03948073395113916,-0.16106736647386555,0.0790571458811673,-0.846293984989746,-0.030779396136956905
CGTAGCGAGAGCTGGT-D1_Stim,0.073574240710089,0.020544045953071688,0.022957449485023318,0.01312335203790127,-0.060287339367585346,0.007195998890933808,-0.2986141873168844,-0.020737332647280837
CGTAGCGAGCGATCCC-D1_Stim,-0.11235027558738686,0.02894475912236416,-0.04018049863564421,-0.2480686525840632,-0.03966150581855388,-0.06407127134981394,-1.1304947667830696,-0.0566791792504997
CGTAGCGCACTCTGTC-D1_Stim,-0.04134506082230338,-0.01031179341896582,-0.07041776207064299,-0.18102955405445798,-0.02345405446570048,-0.04363797320403151,-0.38635350642529076,-0.08685273332240051
CGTAGCGGTAGAGGAA-D1_Stim,-0.0387552353878462,0.022333675875376713,0.09082329401859113,0.06246937962453103,-0.16203382791723975,-0.13649708815441386,-0.10825965827330819,0.007340755948568756
CGTAGGCCACCTATCC-D1_Stim,0.07357080284360507,0.046560298269728406,0.11142688643597332,-0.06882814039171414,-0.01595299654236726,-0.07632725641684424,-0.4197875442283916,-0.0840295030547491
CGTAGGCTCACTTACT-D1_Stim,0.13734896286834442,0.09531406055080183,0.23754596954411156,0.047649561519722994,-0.22901295318017745,0.011857850075287502,-0.2502232846150374,0.09098896261334843
CGTAGGCTCCTTAATC-D1_Stim,-0.07828078424997642,-0.025613061559715433,-0.1660550516233288,-0.14303492509682414,-0.18717440804877228,-0.08180619093535668,-0.5937161368288919,-0.08260284608768309
CGTCACTTCAACACTG-D1_Stim,-0.024345109227480677,0.025960868071503995,-0.15172780840198197,-0.08031475050819381,-0.10879102667413854,0.025390464775959742,-0.39691279584614847,-0.006584947903270688
CGTCAGGCACCGATAT-D1_Stim,-0.024598295678430304,0.04228636225295901,-0.09203368756584762,-0.07553760935318543,-0.08962848749320429,0.07300068202634513,-0.5364506329951197,-0.0034626940823816454
CGTCAGGGTGGCCCTA-D1_Stim,-0.007694406217153116,0.044069231468915504,-0.07771426462981257,-0.05475297866090223,-0.23314755922438302,-0.02139945520699449,-0.5670612261585131,-0.07688174511964974
CGTCAGGGTTGACGTT-D1_Stim,0.0023853908688149517,0.018552356767662204,0.02833779384974644,-0.21288270187364944,-0.015830164525430845,-0.0901662388492479,-0.5187536979443053,-0.06514118864637197
CGTCCATCATGGATGG-D1_Stim,-0.0035542890728592624,0.05220672232004553,-0.1197124238738212,-0.05556040727181788,-0.22139111411514278,0.020086088347493813,-0.43781195734279876,-0.051999187910801936
CGTGAGCCAATCGGTT-D1_Stim,0.0303253741651055,0.023574254676692163,-0.09525092197761875,-0.02945835526557694,-0.2031606210824819,0.030899609596554356,-0.42880719976452397,-0.017643257329625683
CGTGTAAAGCACGCCT-D1_Stim,0.005442766612464567,0.0228748627493065,-0.024548517827189364,-0.10873733437434119,-0.10244137918287599,-0.03607839236893717,-0.42425034282987895,-0.12305534120174855
CGTGTAACACACAGAG-D1_Stim,0.07077926809256496,0.05817548467988409,0.004078727506100499,-0.038984517372409044,-0.07460354243400502,-0.04578627090624643,-0.4201778433663641,-0.0538030842344579
CGTGTAATCGTTTATC-D1_Stim,-0.013575456373541073,0.04066559325157293,-0.06702528546155673,-0.10231543353942207,-0.045227686187411464,0.0639251270031238,-0.47571196833518314,-0.025469149693726933
CGTGTCTCATGTCCTC-D1_Stim,0.023510370286407678,0.041774748234418624,0.03728540583530382,0.04981059623208317,-0.35899595096763903,0.029485755577175254,-0.35462442343711054,0.029762568617675456
CGTGTCTGTTCCATGA-D1_Stim,-0.011726464388674529,0.037871585152295495,-0.16185233061456206,-0.04244222756332938,-0.3404162500046777,-0.03717428659149924,-0.37927458038216066,-0.028096037801564222
CGTGTCTTCACAATGC-D1_Stim,-0.0031385450282996885,0.02153811167845454,-0.02365977591467594,-0.11599644903733797,-0.08283827308757452,-0.019904970042667003,-0.3829149547504116,-0.03947762348070505
CGTTAGACAGCTGTGC-D1_Stim,-0.06107748686369696,0.0069938837678531485,0.13434788922158525,0.0947971580244591,0.012116246833718591,-0.0841891756101365,0.21377970885909825,0.027812999867245836
CGTTAGAGTCTGGTCG-D1_Stim,-0.007845327737777907,0.043979178874890223,-0.05608450953942157,-0.10472872979822512,-0.17442684488278104,-0.008971899102778735,-0.667622342463833,-0.0351939603884599
CGTTCTGAGAACTCGG-D1_Stim,-0.05366682509991172,-0.018686380841492323,-0.16645232896699635,-0.11428205081418241,-0.12102002760803998,-0.13037351496788752,-0.5988708718725206,-0.11860896619585048
CGTTCTGAGTACGTTC-D1_Stim,-0.07362596267604005,0.043539903354863796,-0.15561456249554695,-0.04908521981348102,-0.18737158166183399,0.02019536882572126,-0.6563137075634558,-0.007284878883531576
CGTTCTGTCTAACTCT-D1_Stim,-0.00404457540996539,0.03934093027967123,-0.030944664138337075,-0.08124861759791102,-0.0949861730291861,-0.003492911425645673,-0.2912140713642337,-0.033124316410848564
CGTTGGGCAAGCGCTC-D1_Stim,0.03162909395105373,0.0931758385736714,-0.15186196155185705,-0.0367486067114946,-0.2947778210719747,0.028318375094833925,-0.6692758863772372,0.03495363984400335
CGTTGGGGTGAGGGAG-D1_Stim,-0.058541086647583285,-0.046816677373048066,-0.0012150041140595036,-0.059287108209545636,-0.1457287878294551,-0.1506292262211133,-0.13137152061935886,-0.0511073612666042
CGTTGGGTCCTTTACA-D1_Stim,-0.10520867894647523,-0.06566632431655073,-0.3497658804034014,-0.021038106088456132,-0.05721002997261415,-0.1044164041765061,-0.06744171372059427,-0.06282133894582564
CTAACTTAGTGAACGC-D1_Stim,-0.17149460595982724,-0.012394608397114482,-0.16855810913104552,0.0016788104059415332,-0.19796164383484083,-0.07780369877415083,-0.024582444920152824,-0.037073866463105176
CTAAGACGTAGCTGCC-D1_Stim,-0.03771204458462485,0.008741253401312932,-0.15074442222187479,-0.09734563920674155,-0.24488432753216216,0.015643764274248184,-0.5336861684858221,-0.015070351506050628
CTAATGGGTATGGTTC-D1_Stim,0.03188133749825717,0.0032421549882180045,-0.11353006985794423,0.16413835855133385,-0.11188875756880101,0.1333319100846584,0.06213554701621948,0.07411894432559762
CTAATGGGTATTACCG-D1_Stim,-0.007076022020166661,0.02176893235678712,-0.1944666220304665,0.06397618448238163,-0.22294821239973572,-0.006442621409661342,-0.19374017546992484,-0.002249993497812852
CTACACCAGTGTGGCA-D1_Stim,-0.09940334598802814,0.062222847822164695,-0.19098361700245903,0.03681274824475089,-0.19224953710441284,0.002289814856924366,-0.2154047270972832,0.006104194693854481
CTACACCGTTCCTCCA-D1_Stim,0.06346523475100163,0.06549131338282876,-0.033790990694757994,-0.04319123169027428,-0.04220568422013038,0.013491123816983475,-0.41944037988456095,-0.027801728979222062
CTACATTGTCTAAAGA-D1_Stim,0.034670389297085435,-0.016992526480995807,0.05921720018064658,-0.16910280708437675,-0.05207162666230225,-0.047023409494931556,-0.43541557956617716,-0.09119799292581021
CTACCCACATACGCTA-D1_Stim,-0.050115845602229925,-0.027600699494014336,-0.032991033639227396,-0.09829707470222715,-0.16377266288509418,-0.07759177456843425,-0.4295771493103153,-0.06835436137846784
CTACCCACATGTCTCC-D1_Stim,-0.03659390663336559,0.004748817440535902,-0.1126318272189355,-0.10509800715522388,-0.0044605016454628554,0.022972112679152445,-0.46161708074969354,-0.02133485843480898
CTACCCAGTTTGACAC-D1_Stim,0.13408489699091142,0.03849440455686448,0.074722740620496,0.11713250348471327,-0.2559614338857177,0.14928857813312746,0.041893742972448855,0.10940687559461182
CTACCCATCGGATGGA-D1_Stim,-0.07275199095591667,-0.06254478525686125,-0.32660778544653724,-0.0765849453695342,-0.36081383079598517,0.028270788259154855,-0.5053305549925948,-0.029744897318968455
CTACGTCAGTCGTACT-D1_Stim,-0.07095151870697691,0.0540414941746743,-0.11529811433687165,-0.2843268283635254,-0.12391246830101288,-0.22772995539345509,-1.064475096135805,-0.17681119314267413
CTAGAGTAGTCGATAA-D1_Stim,0.1713679108051771,0.09341341364231504,0.2356830292573857,0.09533470820202972,-0.23660352620524527,0.05650371843002411,-0.2269404115678917,0.08728239156625683
CTAGAGTCAATGACCT-D1_Stim,-0.10298456200258421,0.0067529768566387816,-0.22159124388206664,-0.14062260178822683,-0.25698004027365506,-0.19705236958129824,-0.5523053239795281,-0.08979695342980065
CTAGAGTGTTGTTTGG-D1_Stim,-0.04748105492285326,0.013087923040828287,0.02940761167731054,-0.12206098248359964,-0.13369712584617943,-0.14658250828945718,-0.5044521711829564,-0.05010404913576849
CTAGCCTAGCTAAACA-D1_Stim,-0.024142271405663607,-0.01669294420191747,-0.10529585383590145,-0.027607794121736973,-0.18512948661698658,-0.033117475451435396,-0.33490797322056487,-0.010470416799169158
CTAGCCTGTTTAGCTG-D1_Stim,-0.12210828485012648,-0.030326753699871034,-0.5047618804778509,-0.2962850575716338,-0.29578468714729134,-0.15024009629624047,-0.8448978910701648,-0.1888591483139539
CTAGTGAAGTAGGTGC-D1_Stim,0.015055782749673341,-0.03713404619456284,-0.045535760379639356,-0.074579432180915,-0.09066000251711692,-0.057200274269712637,-0.32212021692899384,-0.07299625684368749
CTAGTGACAAGCCTAT-D1_Stim,0.09162957164357088,0.04918838157989214,-0.05213583868571803,0.0818973242373886,-0.24994780079926215,0.07851645491863657,-0.06506412387043703,0.08466581970601261
CTAGTGAGTTAAGGGC-D1_Stim,0.03257401614246902,0.05207945805631731,0.09231593111333325,0.10950859709208416,-0.25566556061837886,0.0660848449421998,0.07453979737439553,0.07393648499272665
CTCACACTCCATGCTC-D1_Stim,0.009300462029276702,0.04017966568299691,-0.012349258585835798,-0.001582952834345619,-0.2917523989179198,0.002329084762736855,-0.5484404850825442,-0.03191280428516485
CTCACACTCTTCTGGC-D1_Stim,0.014480555833339182,0.013090924524583158,-0.104175814402371,0.011165103334159099,-0.3447526084604515,-0.02092631063673167,-0.352302764308277,0.003740686796643189
CTCAGAACAGTATAAG-D1_Stim,-0.02387711920516189,0.0019772263513058164,-0.07228759027957032,0.025595668959240925,-0.11526239619460377,-0.044116585859582,-0.2264623425326544,-0.007897633726701159
CTCATTAAGCTGCAAG-D1_Stim,0.007739289864266752,0.04164598844113243,-0.067357914557026,0.013552216488145419,-0.2810170580736582,0.021618622719362435,-0.536046371378708,-0.01633574925149439
CTCATTACAAAGGTGC-D1_Stim,0.04516127196581898,0.11334883036544419,-0.07465598013763763,-0.07136686761954358,-0.2392745486749046,-0.041827242987340085,-0.4001515576943184,-0.01570937176630416
CTCATTATCGCCAGCA-D1_Stim,0.04906731271409015,0.06883263422595931,0.23577266609149383,0.09564562529658716,-0.07159944119587358,-0.02185924306817455,0.1803706662986304,0.045577101494156835
CTCCTAGAGCTCCCAG-D1_Stim,-0.10539968536017952,-0.08046999444765923,-0.20796594521527112,-0.09660376962077244,-0.217779935955436,-0.08454587252500012,-0.5784676151283268,-0.10968771718179582
CTCCTAGCATATACGC-D1_Stim,0.03295605060757545,0.016432620592130576,0.004230662519206341,-0.01769666999723185,-0.02582561009737816,-0.04654626880860491,-0.08170005756343457,-0.015927442126852043
CTCCTAGCATGGTCTA-D1_Stim,0.07984763411085005,0.08456297736432461,-0.1359231439798716,-0.1015614509413556,-0.22866652036708146,-0.029044765670354522,-0.5178355613781243,-0.019481437114148292
CTCGAAACACGAAATA-D1_Stim,-0.03395184763791903,-0.0009473150277994336,-0.02095300762685337,-0.03424504038722098,-0.31610187959994995,-0.07465261284903413,-0.5129122478400845,-0.004568784774557244
CTCGAAAGTAAACGCG-D1_Stim,-0.005934206872241887,0.02486900903468303,-0.08438641708024619,-0.15184588150769862,-0.0500347426329224,-0.011700989506433501,-0.5383988944288518,-0.053366887573844224
CTCGAAAGTTAAGGGC-D1_Stim,-0.016713870180645074,0.07558435147918274,0.048061169563695216,-0.22441911817203497,-0.0494448033055388,-0.05109070118879622,-1.0884105313621149,-0.08355379251432282
CTCGAGGAGAAGATTC-D1_Stim,-0.10338085207978764,-0.008121835056483562,-0.15509581022851648,-0.15840156322163423,-0.16007316283706174,-0.10211929515868512,-0.7914588726135747,-0.0742743946940525
CTCGAGGCAAGGACTG-D1_Stim,0.024326764988826355,0.08689366522730602,0.025075872899896545,0.0058120917403883254,-0.10988661876825745,0.05969307970081239,-0.5305473409812276,-0.035627779928953274
CTCGAGGTCAGCGATT-D1_Stim,-0.0331863815919764,0.03742060040037032,-0.11288184910852461,-0.02752994734840719,-0.36116707892260713,-0.007172788630517957,-0.44387112566922227,-0.02752249765575243
CTCGAGGTCCCATTTA-D1_Stim,-0.13943813237618663,0.010710673901321854,-0.11431880085611557,-0.28042072898198356,-0.25141620973296774,-0.24561088552458443,-0.9783312641192765,-0.17909429158626367
CTCGGAGAGGAGCGAG-D1_Stim,-0.07675758132406685,-0.005791086349683283,-0.062412347151882486,0.037900232962277514,-0.24759712292961744,-0.050083102507246124,0.12915003764474697,0.010895839841987609
CTCGGAGCATAGGATA-D1_Stim,0.026622678786077714,0.018344499706378414,-0.10711865326415637,0.057967464317327355,-0.3266928119816672,0.033527799718326534,-0.3372670265146649,0.03497152516405144
CTCGGAGGTTTGTGTG-D1_Stim,0.006680964639441456,0.025220776639393705,-0.09197470888178128,-0.03373305890121614,-0.230095027592915,0.030675953079448703,-0.4210608881268918,0.002611898731371909
CTCGGGACACTGTCGG-D1_Stim,0.018051147150119462,0.03115622639638893,-0.0367046059442071,-0.14505392920941418,-0.03937713042458668,-0.016734802733198606,-0.36194448643511024,-0.045529237627190966
CTCGGGACACTTCGAA-D1_Stim,-0.03204928283629016,0.01542316303940261,0.01721064538830408,-0.03088008185257962,-0.18759221915557056,-0.06978543082208866,-0.0689872919821557,-0.010518792493177997
CTCGGGACATTAGCCA-D1_Stim,0.01857261730683568,-0.01157779694290717,0.0049296599198571656,-0.05842801972760192,-0.03653715513109468,-0.11588700813138253,-0.2745742756780878,-0.0511334718295231
CTCGGGATCTTATCTG-D1_Stim,0.0025591947396819137,0.05149806490064357,-0.10400314718849923,-0.05098586240519687,-0.15255625385970184,0.03428411324716052,-0.4807711396117256,-0.05864191503781235
CTCGTACCAGTGGAGT-D1_Stim,0.0944575221413384,0.15382718429813735,0.20360274412863966,-0.3063557954402061,0.11526996514664845,-0.061951634101717445,-1.1167950554759951,-0.1372977622870124
CTCGTACGTAGCTGCC-D1_Stim,-0.011102214430499302,0.05722243011767958,-0.05326970054829516,-1.980723755679037e-06,-0.19033509543775828,-0.01814454533376164,-0.5748416290355411,-0.047364836288739554
CTCGTCATCACAAACC-D1_Stim,0.05588521579841199,-0.02448024856891884,0.06612550596208333,-0.07597277984001849,-0.216815886418388,-0.08361200563476068,-0.38920383703305284,-0.07685297527950219
CTCGTCATCTGCGACG-D1_Stim,-0.0244163672114599,0.08782896579254107,0.4207070650135787,-0.0033358062732844473,-0.16014389653417993,-0.15779415415865827,-0.28740979588640325,-0.04501822504211361
CTCTAATAGCTCCTCT-D1_Stim,0.1266608019378701,0.06926177412446499,0.18898800386304693,0.04873474078345019,-0.24310810394094595,-0.04193760558284332,-0.15997832442757343,0.05537428060980609
CTCTAATAGTGTGAAT-D1_Stim,0.07364261699165553,0.08886241453820176,-0.024349327810768706,-0.06634610239604655,-0.06485722056552312,-0.03540786894589054,-0.3830631233357096,-0.07730977960738805
CTCTAATCAAAGCAAT-D1_Stim,-0.023902116556994812,0.024785328474379753,-0.13152669354610236,-0.10513978924980272,-0.057023608285570404,-0.02639276072414809,-0.45216845122194727,-0.04135234493158002
CTCTAATCATGGTCTA-D1_Stim,-0.0417561010671097,0.0151058056926896,-0.11795543843462752,-0.03531156903017241,-0.3562190077230607,-0.027889397101732882,-0.8004907649460655,-0.0002449293028288224
CTCTACGAGACTAAGT-D1_Stim,0.008182008454237888,0.0059568377209302525,-0.12362712878499416,0.019770063939660076,-0.10066512321331267,-0.019438581974785762,-0.19695297374927279,-0.024118631151132774
CTCTACGCATATACGC-D1_Stim,0.018599505146736917,0.062259886735704484,-0.0764251262108564,-0.014079319564219261,-0.07233448947846632,0.043415014070014024,-0.4857782251684952,-0.0165325751434775
CTGAAACAGGCTCTTA-D1_Stim,0.022516259635239066,0.06762990860822526,-0.08655935598818854,-0.05979744220303651,-0.1073179793392729,0.11088867545412384,-0.38223973720209514,-0.006139725080872793
CTGAAACAGGGCATGT-D1_Stim,-0.04104889118973354,-0.029037294382023404,-0.07411042890330588,-0.002577751790019178,-0.08266787511730023,-0.06880623724409851,-0.009206899313520367,-0.03456940090985583
CTGAAGTCAGCCACCA-D1_Stim,0.01677811525904893,0.024832704762086877,0.07391323151139151,-0.20942692394777218,0.007514378236828989,-0.07532647477616905,-0.5516972402849802,-0.12144531967714478
CTGATAGCAATGTAAG-D1_Stim,-0.009852614480736932,0.013826631165366976,-0.1915215849554439,-0.05880022035393573,-0.19294330987159114,-0.0050906895025431,-0.377436541601206,-0.0192001397005388
CTGATAGGTCAAAGAT-D1_Stim,-0.01307186828456608,0.011303902224778284,-0.23637603130256846,0.035688431589841585,-0.41127122380341774,0.01993872138241315,-0.3113217962021455,0.0014107459481298434
CTGATCCTCGTGGTCG-D1_Stim,-0.030184270952137382,0.05034548118294957,0.12138168139929295,-0.1849495997803423,-0.007787076383319658,-0.07785034098850474,-0.7829919051752352,-0.075592256768795
CTGCCTAGTCAGAAGC-D1_Stim,-0.020869217476244373,0.02224818080938995,-0.06569272104910961,-0.04026508400986728,-0.07990518173175865,-0.049971455098818396,-0.2752571674651296,-0.05012524673380092
CTGCCTAGTTCCGTCT-D1_Stim,0.05030785145453898,0.050345818060621994,-0.04860332199923789,-0.013801267413874996,-0.365884765307678,-0.05493875678411797,-0.5004437023950192,0.0036706195830973343
CTGCGGACAGGATCGA-D1_Stim,0.05706026489467675,-0.03724001141258704,-0.15859905615680958,0.06549570099856439,-0.26408798591841176,0.10196876376827113,0.1483214533899897,-0.022836810010453235
CTGCGGAGTAAAGTCA-D1_Stim,0.0058981792229264585,0.04515928672687686,-0.1347873304609113,-0.06329775225316503,-0.07068608022017742,0.02637374465917297,-0.30842403704692245,0.0026794357733912477
CTGGTCTGTCTAGTCA-D1_Stim,-0.025684242456131656,0.029636346380330636,-0.40975713454901985,0.00024946873221232124,-0.5552422812148556,0.0720911862862117,-0.21897655564654173,0.02119236545312475
CTGTTTAAGCAGACTG-D1_Stim,-0.0735018440071773,0.0361465238139953,-0.18368214800476856,-0.012581849034164705,-0.3487459740495513,-0.04012461830583369,-0.5432751702181644,0.019009107072790243
CTGTTTAGTCAGAATA-D1_Stim,-0.026249533261239577,0.04794235564345506,-0.20229982257518575,-0.09344528781167405,-0.359233653591442,-0.09267069999394373,-0.5731276794929023,-0.05107034620305306
CTTAACTAGACCCACC-D1_Stim,-0.006303459862797567,0.02793888145316359,-0.05692267529264328,-0.04713917737964657,-0.14092845029142076,-0.049149270247063725,-0.26103836146395665,-0.026655476862577743
CTTAACTCATGCCACG-D1_Stim,-0.002230583638286987,0.04381518042252708,-0.130071561327882,-0.09773648514516964,-0.15515511389249248,-0.005183901467669116,-0.4651057363765787,-0.06486632938650061
CTTAACTTCAACGCTA-D1_Stim,-0.04529633773178787,-0.02383761843863752,-0.13104859852011685,-0.15783365868586863,-0.10105605726145583,-0.10610397815031192,-0.3740158878214537,-0.05676283720147879
CTTACCGAGCTCAACT-D1_Stim,0.11928674295745978,0.12086235057762273,0.09744265866944879,-0.09200227141362127,-0.17545773327151082,-0.0325383376632189,-0.8157541403484014,-0.07991803435596623
CTTACCGCACACCGCA-D1_Stim,-0.009490850249790128,-0.006694065048144182,-0.052851817636089926,-0.16552971147912388,-0.0017167265029822687,-0.023278658821883624,-0.6644145334160036,-0.08140663017253225
CTTAGGACAGCGAACA-D1_Stim,0.04625832674634722,-0.023308841873692643,0.03719573791484976,-0.08839555461655912,-0.18639075323698506,-0.09425455040985398,-0.2924741286214321,-0.10564295407312585
CTTAGGATCGGTGTCG-D1_Stim,-0.07732651617591557,-0.04087290149884204,-0.18631150532972818,-0.08444351259411498,-0.09809998039147771,-0.05003585592698556,-0.9162255291030021,-0.010631608475488719
CTTCTCTAGTACGTTC-D1_Stim,0.05326605928625838,0.06990706954095138,-0.045840411203247555,-0.03719450533357005,-0.10697553616308397,0.055958147309301154,-0.40744104321312946,-0.024935693740937737
CTTCTCTTCCTTTCGG-D1_Stim,0.016759714371991308,0.026399572241045277,-0.10004500980665298,-0.0584542723517778,-0.15865245462603994,-0.10074450811235991,-0.321655213312674,-0.040090497684319715
CTTGGCTCAATGGTCT-D1_Stim,-0.10793933521088128,-0.1431302757776809,-0.4992126753844044,-0.10317364192058598,-0.23405277178847683,-0.02406862613328542,-0.480295031767918,-0.09788931683319113
CTTGGCTTCTCGTATT-D1_Stim,0.03841097962665607,0.12736361608743962,-0.10085423771433799,0.15917875501151357,-0.15890934518498767,0.13825563920594952,-0.09762322661578793,0.0882314306919838
CTTTGCGTCCAAGCCG-D1_Stim,-0.029597925703422234,0.004573245900679979,-0.1400295770843707,-0.11580942075939582,-0.08403699909453977,0.01256773271396483,-0.3409768422667945,-0.03746480711847333
GAAACTCCAGATCGGA-D1_Stim,0.0607185525286571,0.11309746665319764,-0.019116555971177007,0.07530918020097843,-0.08289205450838644,0.07895973245725862,-0.3179999569563581,0.014920036768883094
GAAACTCCAGCGAACA-D1_Stim,-0.10512783880757404,-0.003960720139380314,-0.23774155370711014,-0.05834499638093682,-0.24418012719704052,-0.062195319876238386,-0.5107247566418707,-0.01030587381807635
GAAACTCTCCCTTGTG-D1_Stim,0.04250436694896109,-0.004070749266414708,-0.044282218965309816,-0.07802838804142453,-0.09605966246099484,-0.06944692172098144,-0.04802516122038014,-0.0598771236945943
GAAATGACACTCAGGC-D1_Stim,0.02342817142139708,0.023193952266296947,-0.02483504084229171,-0.014373099609239048,-0.18770576796143068,-0.051690593614091895,-0.3630492469612534,-0.039646366535595945
GAAATGAGTTAAGGGC-D1_Stim,-0.06049258746443087,-0.0004372895772419838,-0.17764319671868378,-0.09702996931543595,-0.13533628082588756,-0.047835249222730525,-0.3788442303867292,-0.04914440600036585
GAACCTATCCGCAGTG-D1_Stim,-0.011362533732798497,-0.019235445900365633,-0.018408021547737796,-0.05198445845646127,-0.2261691777103998,-0.12452783341800533,-0.48529441254556893,-0.07838190392960875
GAACCTATCTGCGACG-D1_Stim,0.0967692169483243,0.03676493895428479,0.035294691420770796,0.08535815419555348,-0.22313623963025542,0.08404381605947009,-0.11403909132426371,0.07121815960429956
GAAGCAGAGAGGTAGA-D1_Stim,0.0013609182295244437,-0.022255632414585946,0.03296251088945645,-0.004177936849075081,-0.09741803751607492,-0.02062712339742845,-0.2033240880471361,-0.016647245707359204
GAAGCAGAGCCAGGAT-D1_Stim,-0.003842422046233196,0.06194209258894645,-0.065135405135746,-0.16713386192228974,-0.04161477561402549,-0.028804149402819945,-0.7171091198382644,-0.0674584383560628
GAAGCAGCATCGGAAG-D1_Stim,0.026438019962276016,0.0266801095525544,-0.059766901519635596,-0.1089723240799394,-0.12672593799294596,0.010451124023013847,-0.45105449774003503,-0.08595321692260072
GAAGCAGCATGTCTCC-D1_Stim,-0.15053508374134594,-0.008735385062953682,-0.20262653680806153,-0.22877218673708022,-0.27638825293642455,-0.3049769362079058,-1.212638237194918,-0.12992089472712642
GAAGCAGGTACCCAAT-D1_Stim,-0.07730527231998963,0.006112285837327036,-0.14539352887369983,-0.13048582922726837,-0.26370066642136614,-0.1543960579301249,-0.3934606426586278,-0.10782439059401483
GAAGCAGGTAGAAGGA-D1_Stim,-0.006967868862927773,0.05500242513356035,-0.10232679857691274,-0.21778627250118987,-0.1978044273888031,-0.18770043683732673,-1.3080959675803445,-0.0986665720386064
GAAGCAGGTGAAGGCT-D1_Stim,0.04338045193821216,0.08009029788445687,0.03773625218256882,-0.14943679849034908,-0.017302236478101918,-0.039825118217557076,-0.7598971410824831,-0.10996316229658909
GAAGCAGGTTCACGGC-D1_Stim,-0.003140467564479721,0.08647203715971763,-0.14883421501413974,-0.004118667635886197,-0.4563898402172448,0.0339229405013306,-0.4637547708243108,0.043595215809885346
GAAGCAGTCATCACCC-D1_Stim,0.03558899888292899,0.061553751186067984,0.07753905246333126,-0.10363613953961881,-0.1286963155283143,-0.07456787243179797,-0.5478860634835847,-0.11297126485473541
GAAGCAGTCCAAATGC-D1_Stim,0.02715181496083119,0.03403960640767245,0.08821678615594308,0.07696511744424583,-0.29311414771438216,0.06743639247737221,0.11691266507641451,0.10191961949589867
GAATAAGCACACAGAG-D1_Stim,-0.0374553479531734,0.019277469193252017,-0.14065798839490373,-0.16486327547673163,-0.16856322917479538,-0.07604350652348835,-0.708021257597256,-0.05888345991485622
GAATAAGCAGCCAGAA-D1_Stim,-0.003024181088848721,0.0178700640849776,-0.10325370453400229,-0.08849381385027044,-0.07572489954030104,-0.02259126340817552,-0.25159445141666126,-0.051322614201797734
GAATAAGCATGTAGTC-D1_Stim,-0.00780691177377868,0.026621309784026437,-0.07613628159080932,-0.0608350821375403,-0.31576867454186974,-0.1177611655286217,-0.772208845320149,-0.019877691636242645
GAATGAACAGTGACAG-D1_Stim,-0.01999772943425171,-0.01792977415142083,-0.07692235047846019,-0.04031263931246265,-0.21171853746813518,-0.09763169937733274,-0.7621432193032351,-0.032722828989625086
GACACGCAGGCGACAT-D1_Stim,0.027970335742418584,-0.02421066439692332,0.1288744302116518,-0.008816363465907529,-0.02854959731764417,0.020702223636419603,-0.03955459278399687,-0.0004382973855179273
GACACGCTCCCTTGCA-D1_Stim,0.03720480660478209,0.08699367647705358,-0.06658465423116322,-0.04459088257643451,-0.09191764630942778,0.08974546075697631,-0.7699955997387793,-0.031608623280504844
GACAGAGAGAACTGTA-D1_Stim,-0.0713294715549857,-0.06803329900079369,-0.10075274556115854,-0.04376155485895161,-0.2203375822063247,0.04365469688787549,-0.18195808651569934,-0.0363035747940188
GACAGAGCACTATCTT-D1_Stim,0.1011134629781516,0.0716698007323231,0.14345356321549296,0.1130804943587691,-0.25287803426835964,0.08811848876483808,0.02417095708102046,0.0881075750391851
GACCAATCAACTTGAC-D1_Stim,0.002597965550625858,0.058418836428726806,-0.15814658452892516,-0.08984395390702282,-0.25503639362522,-0.05770149889378651,-0.6952096094303339,-0.0382585090234393
GACCAATTCTCAAGTG-D1_Stim,0.0008158318200539583,0.06554013137590786,-0.2112863617010481,0.0534320021931034,-0.318919183818398,0.07240067860017518,-0.4174650014897985,0.048096475841417075
GACCTGGAGACTGGGT-D1_Stim,-0.13437687961083356,-0.006371585789116452,-0.2661587442970088,-0.0673654604897802,-0.12499153148236353,-0.007905015845661723,-0.40469649086281834,-0.008268396717191706
GACCTGGGTAAACGCG-D1_Stim,0.002765505213293551,-0.031698275072740145,0.01948112162876736,-0.06677216493139326,-0.12020910883250657,-0.04942789560363536,-0.30714632495367056,-0.05517436973927303
GACCTGGGTGTGAATA-D1_Stim,0.11923512410783133,0.061106677706705526,0.12739269008469822,0.09352352693432664,-0.3035314679312453,0.06901512593331205,-0.1296084807648583,0.09022646915119203
GACCTGGGTGTTCGAT-D1_Stim,-0.05060152857691591,0.009832291015161587,-0.01312694489353472,-0.12469556775610968,-0.08473932284255348,-0.0409552368582311,-0.6341384679196018,-0.029388544589487253
GACCTGGTCCGTACAA-D1_Stim,-0.06755186873096442,-0.05703001287866627,-0.3706388231411717,-0.1228305287735374,-0.24421479787154077,-0.14278779820310383,-0.6289173672461956,-0.07331706188496412
GACGCGTAGGCAATTA-D1_Stim,-0.027523154973366104,0.0010070644418203045,-0.23961874426090457,0.12998583320030477,-0.3452586343237467,0.11401376520173656,0.11163779597134393,0.09988454923039036
GACGCGTGTCCGAATT-D1_Stim,-0.013621971085022722,0.039369938723661235,-0.09930619713477995,-0.18393653815992472,-0.25658515503775803,-0.1476184070954485,-1.4555785477414371,-0.11286628851119929
GACGTGCGTGCAACTT-D1_Stim,0.03397153128405073,0.06627392417765954,0.08407492309129072,-0.08599068300343937,-0.19551148834737475,-0.09216885749310322,-0.6758058798969557,-0.08181689577423334
GACGTTAAGTCAAGGC-D1_Stim,-0.00423789253701834,0.02338992660603978,-0.045226550242651875,0.017853752860920835,-0.07606126336458274,-0.0099248021660312,-0.31220631168419644,-0.03515161450416926
GACGTTAGTGATGCCC-D1_Stim,-0.02818851406119549,0.012113060986516544,-0.10971559065877834,0.018153280862824417,-0.18046675251090427,-0.017993813622338095,-0.3584271932578762,-0.021918869427139498
GACGTTATCACCACCT-D1_Stim,0.031039326333669237,0.0707627275219167,0.11909775361763941,0.04800517728179443,-0.042969905413524856,-0.11199902075446921,-0.19793848112537482,0.022058952309262025
GACGTTATCTTCAACT-D1_Stim,0.04450211623685263,0.054681999557343985,-0.11142627177626441,-0.011629317906963976,-0.2604728649152026,0.02983494175319734,-0.2403599922508981,-0.01809894434485315
GACTAACAGGCCCTTG-D1_Stim,0.03396194465056723,0.0007083717319087413,-0.06896873998401443,-0.12687742206690977,-0.215364486370353,0.06610969568425062,-0.8185440101177388,-0.014022400567647253
GACTAACAGTACGCCC-D1_Stim,0.029563600878743657,-0.03512891797736373,0.08534729999300072,-0.06871279481775261,-0.1803053471869518,-0.04592790098595145,-0.3336225229835801,-0.05889376481810871
GACTAACTCCTCATTA-D1_Stim,0.056041138046534655,0.09323609612911454,-0.07900648738617999,-0.18908328418589448,-0.20582593968485696,-0.07973821120418556,-1.0022899191374819,-0.06839855667825034
GACTAACTCTACGAGT-D1_Stim,0.03619737408516066,0.11907001678817863,-0.12660360837110307,0.05074531461863607,-0.11532758320261927,0.060941336952067715,-0.595405787685312,0.0341642781715894
GACTGCGAGTTCGCGC-D1_Stim,0.03339041352548833,0.034006883743536775,0.007977778222053367,-0.027608223249506736,-0.08424264720581931,-0.02322077811969514,-0.30110940923517937,-0.020856033867074686
GACTGCGCAGAGTGTG-D1_Stim,0.054089477189002366,0.05299503959724916,0.05210675022802391,0.008332226956440536,-0.08963531623986754,0.011606635873789628,-0.3762670648467257,-0.02472920162592196
GACTGCGGTTCGCTAA-D1_Stim,-0.014814787086226744,0.049620112544385364,0.022467196144740242,-0.13000720643882602,-0.11806544327153112,-0.04673520573938461,-0.7811030110818891,-0.06555187201676738
GAGGTGAAGACTTTCG-D1_Stim,0.0028645280263717154,0.023212526147263546,-0.02617436652947802,-0.02555534857536479,-0.10344683044589686,-0.0581145053135792,-0.4316481401069634,-0.06875878263776691
GAGGTGAAGGCAGTCA-D1_Stim,0.018113764682990308,0.021355309559309532,0.049511790076265605,-0.12849286872353183,-0.06113997645278424,-0.09715865312212735,-0.6001449586601524,-0.13292501725345574
GAGGTGACATCTATGG-D1_Stim,-0.055287592731078306,0.045703272912602344,-0.18435743817718553,-0.07351908531583007,-0.1772463165893079,0.009314091269782665,-0.6541332120894907,-0.028690536905298103
GAGTCCGAGAACTGTA-D1_Stim,-0.03124802360724921,-0.015056329449569361,0.0864760908651725,-0.1397593878523491,0.004372110343199509,-0.10029518788435787,-0.22864019192985197,-0.06209429921967846
GAGTCCGAGCTGCAAG-D1_Stim,-0.0934077917246725,-0.015259261782505362,-0.19025351590139383,-0.08880022273272736,-0.12749648151627113,-0.10681041945115233,-0.6053268723089573,-0.060251402611156024
GAGTCCGGTCTAACGT-D1_Stim,-0.08084579822218352,0.015755415232691306,-0.30346157754162206,-0.04640394560241212,-0.19843315737216471,-0.017654401718598223,-0.2973316897373479,-0.03417563657138878
GAGTCCGGTGACGGTA-D1_Stim,-0.03871727803264058,0.041641545322315565,-0.1565132641923448,0.002988110661528154,-0.19965026801770946,0.04649096599501945,-0.2736842520028837,0.026735237246318988
GAGTCCGTCCTTTCTC-D1_Stim,0.02697679285199861,0.02254800538867663,0.035654932881040935,0.10387556870033876,-0.14769927943154215,0.12570169756904015,-0.12296617403471544,0.08460945353008675
GATCAGTAGCCAGAAC-D1_Stim,0.007993585820019078,-0.02953107235390995,-0.00479815120510807,0.004635354497683153,-0.10708723647043072,0.025285740168246917,-0.1172588978878828,-0.0012457765217117611
GATCAGTAGGATCGCA-D1_Stim,-0.017878742690177418,0.049169906473149894,-0.022675307577045167,-0.10734960923947945,-0.15682556309811702,-0.11014370388091166,-0.5579964091338638,-0.1025617752254
GATCGATAGCGCCTCA-D1_Stim,0.08174161412040526,0.1034961679170614,-0.021682951680047857,-0.04135832964291275,-0.07653342508202066,0.10819949207258084,-0.5171985641750378,-0.032733132430209366
GATCGATCAGTTCATG-D1_Stim,-0.12849579034026526,-0.03224637583464762,-0.4067956966045667,0.009210731104175807,-0.2833004355235378,-0.027205983868739736,-0.30553870096403557,-0.03797697761497787
GATCGCGAGCATGGCA-D1_Stim,-0.056782664216862955,0.017659987729906845,-0.01858323906271142,-0.1122894583260532,-0.10884636571338291,-0.06001036073917021,-0.4843626000022958,-0.03238790659996482
GATCGCGAGGGATCTG-D1_Stim,0.07654052524381783,0.10156063905366963,0.03801123166774367,-0.03680875887074109,-0.2987569116623554,-0.07402792409436643,-0.9142604650865334,0.035075516595258094
GATCGCGGTATAGGTA-D1_Stim,0.0026545204973853487,0.08606937988635543,-0.04366429145260309,0.024255489132304575,-0.18727580644100783,0.04373221450657638,-0.5454836324065511,-0.016405408418327383
GATCGCGTCAGCCTAA-D1_Stim,-0.06178410387608224,-0.016491380330446503,0.026776455903458896,0.00672167714735572,-0.12115252061293624,-0.03417348460584613,-0.04945060379732347,-0.022252636357295685
GATCGTATCGGACAAG-D1_Stim,0.028927797450746695,0.06895958079731557,0.07218168543291092,0.006537888308770334,-0.19134719431512615,-0.004471041827516231,-0.16747923408910825,0.003169661055684614
GATCTAGAGACATAAC-D1_Stim,0.03634388983876846,0.13237145062297806,-0.17076380413242553,0.00015369096037076702,-0.16317565401191914,0.0242713001261059,-0.7236309266781333,-0.021351531083821484
GATCTAGAGCACCGTC-D1_Stim,-0.013949865941366824,0.0233969652356798,-0.12590088713617753,-0.06504793409746235,-0.11118599835961618,0.05347690312382802,-0.308043261557458,-0.014598048247597362
GATGAAAAGAAACCTA-D1_Stim,0.10794507852570767,0.1081653840939758,0.07717003708431047,0.007536310089378162,-0.01576583540524723,0.03145244433601846,-0.4381493081351202,-0.052083813342786556
GATGAAAAGAGTACAT-D1_Stim,-0.025136377022471734,-0.030091286685498986,0.06665382614032289,-0.12068968475536757,-0.06945629208385995,-0.08671759416177238,-0.3699232494100464,-0.1006148816017518
GATGAAACAGGCGATA-D1_Stim,-0.005250534130427198,0.07347875219143951,-0.1792284312277248,0.009948016253474634,-0.2761935743727797,-0.026261628378776436,-0.4528586678211859,0.01565161435083695
GATGAAAGTCGGCACT-D1_Stim,-0.05985493516765672,-0.015537337982072685,-0.03978567263640187,-0.06417607667911973,-0.160739275556935,-0.10525102332112013,-0.1464805534337259,-0.039748871015451215
GATGAGGTCAACACAC-D1_Stim,-0.005622320550783044,-0.05502290381057229,0.07341955244116338,0.0011462888584912179,-0.03231709180881559,-0.026477608083805393,0.0849679167214461,-0.001485025426349651
GATGAGGTCTCATTCA-D1_Stim,-0.1342982012901004,-0.09570941129157262,-0.45989155553001293,-0.16339815303858884,-0.25876030020716456,-0.17706684506378956,-0.5455133274558008,-0.13705162513418578
GATGCTAAGAGGTTGC-D1_Stim,-0.024769181410896124,0.009819444818385037,-0.12190366196058022,-0.012145684121701805,-0.2868625447149302,0.036133156223526086,-0.3106985669307054,-0.01293799099821058
GATGCTACAAAGAATC-D1_Stim,-0.00024759481404679207,-0.0144254581522123,-0.23264509571251057,-0.11417440967067982,-0.12765760081694566,-0.016234118758456262,-0.7711353170798905,-0.01527878148975681
GATTCAGCAGCCTTTC-D1_Stim,-0.08691982290283384,0.0185866669512329,-0.1418747478934952,0.042865618833468844,-0.15991335644842763,0.04559104378665424,-0.3029232345795201,0.009475415307575119
GCAAACTCATTAGGCT-D1_Stim,-0.006162984399209037,0.05542607399836719,0.09400833188994184,-0.02143316298110598,-0.12936819926971665,-0.034707784186434054,-0.16467108952024745,-0.00962439158196382
GCAAACTGTCTAGTGT-D1_Stim,0.002361451153303662,0.0657848107796184,-0.04632015388392574,-0.13565578743278017,-0.156508645554446,-0.022750315046673464,-0.791212763071643,-0.07518727552537285
GCAATCAAGCGATCCC-D1_Stim,0.0034514896667463546,-0.03685923866752461,-0.17563251578043015,-0.07653925569525022,-0.10603966938294107,-0.08573174955142093,-0.6482232778399375,-0.01330293153010409
GCAATCAAGTGTGGCA-D1_Stim,0.025717203517857,0.06745810116597895,0.0300613180292304,-0.15617473213071165,0.006508130188709771,-0.02325218042265753,-0.5854313436334841,-0.06527580263757748
GCAATCACATCTCGCT-D1_Stim,-0.027112232221464083,0.011447288017409463,-0.12303820544842203,0.009908382917501513,-0.0838980044463522,-0.029123002083697003,-0.2984024291270426,-0.02294907312337635
GCAATCATCATTCACT-D1_Stim,-0.1466645134817135,-0.010081780449880284,0.056150543201419545,-0.043752011284645675,-0.04381449890217759,-0.1047055243177546,-0.40725762837639046,-0.04844361713949219
GCACATACACCGAAAG-D1_Stim,-0.05243698106054673,-0.016663791556615237,-0.06811641901696497,0.031032900194702506,-0.09110576000087711,-0.08136351855030277,0.012866278500661466,-0.011375466653046118
GCACATAGTCCGACGT-D1_Stim,-0.029668705361880043,-0.008233095816189362,-0.04419848871222154,-0.04674303006241942,-0.0884160043289306,-0.0731992023457213,-0.13817120345002465,-0.04165360283788466
GCACTCTAGACTAGAT-D1_Stim,0.03953123314992446,0.048593061327231624,-0.0012360743579096223,-0.039094023129887745,-0.18289604288108308,-0.0033456037770989155,-0.43900353797653224,-0.05113750255857852
GCAGCCAAGAAGGTTT-D1_Stim,-0.06440647914660858,0.01724120435249077,-0.09846439633900239,-0.10284137358906875,-0.1630257038798284,-0.054083923352830965,-0.4643364322059327,-0.09942772715369586
GCAGCCAAGCTAGCCC-D1_Stim,0.08552552791129742,0.012352692961579592,0.08601154205196693,-0.22881307279684648,0.05852904764084066,-0.06466114353521313,-0.7988387458042592,-0.08042738555010587
GCAGCCAAGTTAGGTA-D1_Stim,-0.128571187195055,-0.016506054000783976,-0.18352434553707653,-0.222762606886171,-0.23943506993970232,-0.18145935894999354,-0.953117229017721,-0.1252663762009245
GCAGCCACAATGTTGC-D1_Stim,0.030000311081856523,-0.011154256287671416,0.05522084571080388,-0.048394457496335974,-0.0960279182413526,0.019044200046996806,-0.28656132323629535,-0.03134994780361566
GCAGCCAGTGAAAGAG-D1_Stim,-0.011219118746062406,0.04696432461046207,-0.06009936323290699,-0.04950006274925478,-0.1947328383900686,0.04609462927127694,-0.5230200019382032,-0.020540027924660365
GCAGCCATCTCCCTGA-D1_Stim,-0.021223661875144018,0.012808218375042202,-0.14103982976024731,-0.023088845054084928,-0.24201966429285093,-0.04178393352099441,-0.37684861464866337,-0.051605221726257255
GCAGTTAAGCGTTTAC-D1_Stim,-0.10372562195514945,-0.015131056958317401,-0.16506158781515,-0.30392162841230075,-0.052416399248349066,-0.1286434261569127,-0.5118618990126311,-0.1345363170781333
GCAGTTACAGTAACGG-D1_Stim,-0.020161523220478372,-0.013357616454390708,-0.18115400968943174,-0.020057168285779525,-0.1937923589548589,-0.01217287592367633,-0.3180756281574961,-0.029623857298345158
GCAGTTAGTCAAGCGA-D1_Stim,-0.0052302731232209965,0.03235123135282869,-0.12539144332333407,-0.056356166410655106,-0.05355884115932241,-0.002104426577979268,-0.7793757739024372,-0.03628462079936945
GCAGTTAGTGCGAAAC-D1_Stim,0.03412788387618271,0.02936800936955919,0.03803907350988567,-0.12048976134015632,0.0037948116164727708,-0.04675955053637715,-0.5740394377450961,-0.10592333571897328
GCAGTTAGTTCGGCAC-D1_Stim,-0.0035303631126168966,0.05837439752242801,-0.09293702281712424,-0.013815207602400292,-0.3320952265675903,0.022257713460481554,-0.31488563496357,-0.0120794918572944
GCATACAGTAGAGCTG-D1_Stim,-0.05763120153362955,0.032208450150374546,0.12210841445259746,-0.22428907436459156,-0.0071822931248028965,-0.16075952451767606,-0.3067802139766336,-0.12055455104659174
GCATACAGTCGTTGTA-D1_Stim,0.1096994713163486,0.12333198151997671,-0.03355189362067268,-0.09830375062785102,-0.17666948451311448,-0.08936276729400916,-0.7867586702935707,-0.01189941480517831
GCATACAGTTCAGACT-D1_Stim,-0.10290329823618194,0.0043782764559914256,0.007570151994505281,-0.23227510830192344,-0.06160667544780729,-0.12501518996545968,-1.0834239525425193,-0.12348843930181808
GCATACATCATGTCCC-D1_Stim,-0.027755028669062654,0.02286033229666451,-0.15614399540929114,-0.13233418405914144,-0.10703593100544495,0.010776140227394038,-0.6937288497786582,-0.0556717073927917
GCATGCGAGAGACGAA-D1_Stim,-0.06943930193402181,-0.0450110249976543,-0.06793311985780637,-0.20869918152534694,0.002917052676831844,-0.204297345128019,-0.744210544534603,-0.12321829437761522
GCATGCGAGGAATCGC-D1_Stim,-0.0009952493366593984,0.03434387350816159,-0.11758655210025104,-0.05334712846984502,-0.14589361009989332,0.030847849085686718,-0.4204818468677267,-0.04807760364236913
GCATGCGAGTACCGGA-D1_Stim,0.019362798877319065,0.04906931572872075,-0.07599527581951726,-0.04431138254467015,-0.24491993645620092,-0.013432628667247926,-0.6875816272403057,-0.014181733405269625
GCATGCGCAAACCTAC-D1_Stim,-0.050839456462357546,0.03691609222436121,-0.10189135745577627,-0.013051799935245967,-0.08648335096169824,0.0558690425197188,-0.5847035745810167,-0.007121691649830453
GCATGCGCAGACAAAT-D1_Stim,0.04367020627164209,0.05197718424884812,-0.06928337916613536,0.023683870273851326,-0.04302636758620437,0.022935290661646235,-0.4419019057538254,-0.010901721252754015
GCATGCGGTAGAGGAA-D1_Stim,0.04642309362705355,-0.006603654054046615,0.0317847412971064,0.022237898517058596,-0.11299307688884141,0.0011325102537682596,-0.2645091369650032,-0.011213693130789792
GCATGTAGTGTTGAGG-D1_Stim,0.02540166899296281,0.05348381374196265,-0.08255460849509788,-0.025965920942706333,-0.24146454692606412,0.0005965497268594078,-0.833624224469153,-0.017673761872288196
GCATGTATCGCGTTTC-D1_Stim,0.04913964687618666,0.003024314229859826,0.03038172484817636,-0.026790526121803993,-0.10480231118798145,0.033999443662914075,-0.2978729230403374,-0.02627326103239014
GCCAAATCAAGGACAC-D1_Stim,-0.1015974262295476,-0.012554455422970179,-0.3258499976114919,0.05796327662008949,-0.24612493868440666,0.15273782020515014,0.21962687438299966,0.06474410772345607
GCCTCTAGTCTGCGGT-D1_Stim,0.08405797033895368,0.10981181042976473,0.36009673983879154,0.10456070182708466,-0.06249563837407379,0.048183315339684896,-0.15409247963649175,0.08991076622731242
GCGACCAAGATGCCTT-D1_Stim,0.05762701850383145,0.10370887597176726,-0.031162399490887616,-0.11667982420559397,-0.1245912589590592,0.02275873773678505,-0.769267780517259,-0.0366527372948795
GCGACCAAGCACAGGT-D1_Stim,-0.03960433257349649,0.007551944127753174,-0.08198025959288202,-0.007037065982933299,-0.15913527024786234,-0.15486967279412056,0.061579379627742625,-0.03645087412955661
GCGACCAAGGGAGTAA-D1_Stim,0.10560844849280038,0.16284118034887562,0.030984731317977854,-0.055369846714697246,-0.2853262393371008,-0.11047803976751602,-0.8896898579707742,-0.006702010238837985
GCGAGAAAGAGTGAGA-D1_Stim,-0.046178051153827226,-0.0037293293617182144,-0.08409143054872104,-0.05496411035378834,-0.09376646745351813,-0.06221098692464011,-0.3258459083732994,-0.012045241820795027
GCGAGAATCCCATTTA-D1_Stim,-0.09570616091323281,-0.012095943386372099,-0.2218415680412198,0.06666836170680135,-0.22135865070928595,0.08487031881657359,0.150332227368434,0.09436871370021827
GCGCAACAGTAACCCT-D1_Stim,-0.15196538225251643,-0.004304316137073272,-0.1809733478808404,-0.20482813372043474,-0.08538929117494654,-0.19920929839669377,-1.1182406011278676,-0.13036386123537547
GCGCAGTCACATTTCT-D1_Stim,-0.06269319609423007,0.02372970756198889,-0.15493962768764735,-0.11306806150980009,-0.19599543488439153,-0.06040349097411024,-0.6122090440335342,-0.049506460472814595
GCGCAGTCAGATTGCT-D1_Stim,-0.04540080059076246,0.036591308190674354,-0.20357707580661266,0.06913520985703947,-0.5249187725160365,0.036331376631814294,-0.4472525864254422,0.036863164896855594
GCGCAGTGTTCCCGAG-D1_Stim,0.005465776649506537,0.0894913644783557,-0.09906198136487898,-0.019713023285179432,-0.19240712764223744,0.041697907251467825,-0.5554013489911114,-0.02323568715304347
GCGCCAAGTCCGAACC-D1_Stim,0.023395014784680868,0.047950537472967625,-0.0771435200708872,0.008199449767335665,-0.1938150283160791,0.021047021728291426,-0.32732754861187807,-0.020708104942055883
GCGCGATCACCTATCC-D1_Stim,-0.015440843191123932,0.014468585970746517,-0.09275249679016184,-0.12421357947311762,-0.07545287484130547,-0.05425239976312568,-0.3690549450815048,-0.08907935387292909
GCGCGATGTTGATTGC-D1_Stim,0.02621607721311392,0.055385247770203705,-0.04661013504463174,-0.07083092856358242,-0.12676060813600643,-0.032051637504608266,-0.33351196916531833,-0.04778253153685341
GCTCCTACATCCTAGA-D1_Stim,-0.0467737466260445,0.00571642261312455,-0.14516566812398413,-0.09811151632556658,-0.08794746558132083,-0.054068332788352436,-0.3654905780761233,-0.027823368738063792
GCTCTGTCACCAGCAC-D1_Stim,0.11984090565410632,0.09130330761156458,0.1731672065066565,0.06588686241058994,-0.1955209601006178,0.029152317923971438,-0.07943525607295321,0.09607217041760663
GCTCTGTGTCTTGTCC-D1_Stim,0.01642120551598758,0.07007664665448488,0.021814969355244962,-0.17627723123371375,0.045460707929994015,-0.015842312303607997,-0.7017130892756214,-0.0662167278537158
GCTCTGTTCGACCAGC-D1_Stim,-0.009990431847826997,0.025275722241760334,-0.1364097465365086,-0.09240757517477682,-0.005305904102714365,0.030355020797381727,-0.34535793472195664,-0.04211241902240914
GCTGCAGTCACTTATC-D1_Stim,0.07270361074141185,0.07713435368115462,0.20439723489850703,-0.17967960640392633,-0.036288127925473646,-0.15756008579874958,-0.4230232792266815,-0.09224759992202713
GCTGCGAAGCCAGTAG-D1_Stim,-0.024590445794835603,-0.05382970443189805,0.0324037507895758,-0.08027251156238968,-0.10044772655256651,-0.06466195118945706,-0.10639964574003358,-0.09844886297335798
GCTGGGTAGTGTTGAA-D1_Stim,0.07132994235832868,0.06210708040109836,0.08308673644251297,-0.07201894711758605,-0.028629129781792884,-0.017899124692275947,-0.3539408801653252,-0.09344517647994621
GCTGGGTTCTTACCTA-D1_Stim,-0.09015772653280685,0.012289759911624287,0.010859244826331604,0.0411163419031606,-0.26216541180716035,0.018951381880469853,0.2309319523130977,0.049618763194802185
GCTTCCAAGCCGCCTA-D1_Stim,-0.049965177681256634,0.0008574050792518051,-0.06623838693846462,-0.18968869999964788,-0.1276947710327434,-0.08777532244761055,-0.8085926434202779,-0.05866659639097449
GCTTCCACAATCCAAC-D1_Stim,-0.0021507633806656656,0.01694845203828166,-0.028801423574211782,-0.14412152364416464,-0.09407738519034936,-0.06562104122877699,-0.5356347885708601,-0.08784433508751022
GCTTGAAAGCAACGGT-D1_Stim,0.06417992808876072,0.05002821661518908,-0.050126685422942074,-0.06859220833761448,-0.11603674370344486,0.018150577914141763,-0.5131919643115204,0.0023579523613346254
GCTTGAAGTTGGAGGT-D1_Stim,-0.033338163563355394,0.03534015813578151,-0.162956846438032,-0.009828856852971413,-0.10508070081610477,0.052394130921470605,-0.4070708369137712,0.004653581201973012
GGAAAGCAGAAGGACA-D1_Stim,0.005583686272427002,0.04075709197428168,-0.03465825981284709,-0.05873440311502165,-0.14021704566500226,-0.011434541177257174,-0.2615964183256345,-0.03449915044217633
GGAAAGCGTCCGAATT-D1_Stim,-0.1618797105526788,-0.04236679373051011,-0.2659799909654126,-0.14192951057498426,-0.12767240868944896,-0.11177376944330142,-0.6178682221146659,-0.09650684195934822
GGAAAGCTCAGCGATT-D1_Stim,-0.03835931260146985,0.02524231614579797,-0.12111120568220546,-0.14564135969293623,-0.14912801487280447,-0.06666888328848941,-0.7091842817759115,-0.06502307222299208
GGAAAGCTCCGCATAA-D1_Stim,0.10869951305536141,0.06952404591667438,0.2045421433759138,0.10228438892591107,-0.1986556396426966,0.04127386092384633,0.04649793019835968,0.08486668046462675
GGAACTTTCGCAAGCC-D1_Stim,-0.050566129719443964,-0.008217732194784944,-0.08908406639804411,0.04122198706225255,-0.10916998451340199,0.04153609126786151,0.08511722957897483,0.05148324343264932
GGAATAAGTCTAGCGC-D1_Stim,0.026136684040189095,0.06239946949180819,-0.05375312068699056,-0.019327020941565465,-0.113482978558471,0.02674186250581556,-0.2599062640866485,0.012381352686873015
GGAATAATCGCACTCT-D1_Stim,-0.15951156833612146,-0.05221567996921017,-0.09047122479520109,-0.03556489582221545,-0.17384695666196492,-0.09834180975888707,-0.027447910016967114,-0.05512318133228433
GGACAAGCAGACAAGC-D1_Stim,-0.030017777083376274,-0.040873151707749855,-0.06769201772535283,-0.07657398947829819,-0.09997936094438842,-0.07361166102603534,-0.17404777757672463,-0.07139447273888244
GGACAAGGTCTTGCGG-D1_Stim,-0.012830245730174994,-0.015432578822981213,0.03192411734958167,-0.033666642428935134,-0.03225654538975142,-0.16452683716260985,-0.18690132338422494,-0.047351860792980816
GGACAGACAGACGCAA-D1_Stim,0.03406007049671267,-0.020435654609682885,-0.118922269880958,-0.06311334922128609,-0.08152328373348894,0.03494261174708946,-0.3590987205732592,-0.018353233592563356
GGACAGACAGCCTTGG-D1_Stim,-0.03868654039025898,0.06283198504710263,0.2807284834577999,0.038672830101310396,0.018661809774579652,-0.06268926925389628,0.1443380468014066,0.047810787549849465
GGACATTCACTACAGT-D1_Stim,-0.09341499090817429,-0.026336446399810143,-0.10701525418520053,-0.13686536752125988,-0.05441439300486195,0.006608267227271369,-0.7447409144509223,-0.04376039729777759
GGACATTGTGTGCGTC-D1_Stim,-0.020102693323044818,0.004819423060155259,-0.12370663809184812,-0.09436991550372831,-0.11279078743549142,-0.012317771120853749,-0.4125700064728548,-0.04354683122488545
GGACGTCAGAATAGGG-D1_Stim,-0.02254222210132717,-0.029496520376369517,-0.012686650730159954,-0.024648241159265893,-0.0825303207151773,-0.08527078500519991,-0.2801242034518303,-0.047814676495248065
GGACGTCAGCCGCCTA-D1_Stim,-0.04093493303277285,0.012497279701342734,-0.07862034655560368,-0.01002612715366702,-0.23265715328146896,-0.0028098318735114702,-0.31281847361370474,-0.040920295635759274
GGACGTCGTAGAAGGA-D1_Stim,-0.12413821681310822,0.005139064464120935,-0.2752840200954907,-0.09066834153890824,-0.32580854160891093,-0.11756558687211616,-0.6071841474363993,-0.05848801484607691
GGACGTCTCCACTCCA-D1_Stim,-0.026095223297136982,0.03173222153035837,-0.07767636311862613,-0.05995374546583321,-0.07310669632647304,0.04070759096299703,-0.519232996318145,-0.04082861399403015
GGAGCAAGTATATGAG-D1_Stim,-0.0331107462007445,0.01854982153166418,-0.09499066715432747,-0.07130078182703592,-0.1459385274726852,0.02319575273342167,-0.3682055233599115,-0.01746774270096374
GGAGCAAGTCCTAGCG-D1_Stim,-0.04014706027736459,-0.03166965756976481,0.023176887586486394,-0.08944798211407523,-0.17672999896651476,-0.07546783544900215,-0.31886753479681396,-0.07712707963818488
GGAGCAAGTGAGCGAT-D1_Stim,0.026359354163613347,0.027780662072796503,-0.01618199674614562,-0.03143306165071991,-0.09692030633672744,-0.041979297208650124,-0.23171142209581674,-0.06411503293334064
GGAGCAATCTTCCTTC-D1_Stim,-0.0392775609993361,0.020605480227967377,-0.1720728904577351,-0.07727052998762574,-0.055257385079089616,0.01628648832629409,-0.4624990952022152,-0.019251323348658644
GGATGTTAGATGTAAC-D1_Stim,-0.10711468442971395,-0.03996673936030248,-0.2476904564614717,-0.08483882757645311,-0.2501581368964345,-0.04554054290701259,-0.34803313369459943,-0.052305982833189546
GGATGTTTCCGCGGTA-D1_Stim,0.10693464725610902,0.09297960329845623,0.061456557938949,-0.05677498969517458,0.0068587935376811515,0.02271182053706511,-0.4701028094099442,-0.07787012123348802
GGATGTTTCTTGTATC-D1_Stim,-0.034243429559280614,0.024199227354886332,-0.12441723099723312,-0.07451761643885924,-0.1469239651015677,0.023191014644943664,-0.2829524191831112,-0.006691588828662276
GGATTACGTCCGTTAA-D1_Stim,-0.05964869655459992,-0.04539371496537292,-0.1727954759793553,-0.09685092678763496,-0.21011408339621163,-0.12182704189866023,-0.37427675057431564,-0.06589445783501802
GGATTACTCCTAGGGC-D1_Stim,0.051600002280750346,0.019194328638509006,-0.11000091940897949,-0.04990202390533938,-0.09411824590884166,-0.007380466973565092,-0.39494592456400923,-0.0273165623806797
GGATTACTCGGCATCG-D1_Stim,-0.008469111973777643,0.03513811157365865,-0.11125475032488197,-0.027950381896141963,-0.03073107471932346,0.09177594097032937,-0.30416160988345453,0.05459010425171584
GGATTACTCTAACTTC-D1_Stim,-0.03779459029942345,-0.0030810640935055034,-0.09016497726907069,-0.003169642785412208,-0.3232749990459336,-0.045631325180387705,-0.0912097658400235,-0.012879789608835068
GGCAATTAGTCATGCT-D1_Stim,-0.06486773524411404,-0.03315891996904341,-0.08970127766900937,-0.013656972351279606,-0.11010251297786233,0.010099634290243742,0.1287166774232098,-0.0101480494531625
GGCAATTGTCTCATCC-D1_Stim,-0.08991800492487734,-0.024318484143991626,-0.08749440615171977,-0.05253011182281497,-0.38609569813842626,-0.09470718954404056,-0.32181477186334284,-0.00983307289541635
GGCCGATTCTGCGGCA-D1_Stim,-0.002935114075569345,0.03383554749445139,-0.17711339524883574,-0.12894139068716015,-0.08515753449274222,-0.014197516699576695,-0.43447001169426613,-0.0467733520219209
GGCCGATTCTTAACCT-D1_Stim,0.03267299547008484,0.06833802538159084,-0.06020089940878126,-0.014150375802543635,-0.16446265568787588,0.015911147315295082,-0.4836535377614162,-0.008357442137883808
GGCGACTAGCGTTGCC-D1_Stim,0.07918343023642649,0.07862115024990146,-0.029713934653310403,0.004914073147199716,-0.18968936993080554,0.06126785088280151,-0.4439137163876463,-0.009517549148679194
GGCGACTCAATGGAAT-D1_Stim,-0.1243565033675278,-0.03294747039369916,-0.1823367563430418,-0.11996910712419329,-0.14063235566973198,-0.07327792588887228,-0.5677178105207297,-0.07452298031919113
GGCGACTTCAGTTGAC-D1_Stim,0.05474767659235802,0.022641047558956018,0.10810705138338683,-0.10687318946750501,-0.050041116925584106,-0.08681690646351292,-0.4934296852827842,-0.08965709701656266
GGCGTGTAGTAAGTAC-D1_Stim,0.031285584157036084,0.0527152320628943,0.005321491201307538,-0.09245740184548445,-0.034367364820987234,-0.045350308226208114,-0.4390616786520525,-0.07092419644116887
GGCTCGATCCGGGTGT-D1_Stim,0.06373769643121818,0.08801278018312964,0.006314614963390142,0.018793513450374277,-0.040511283094614825,0.057303067267058694,-0.41000198097065876,-0.03310088294343494
GGGACCTCATCCGTGG-D1_Stim,0.1255853948422736,0.1111087375822688,0.16750216202410506,0.07149160351246131,-0.17310615557582665,-0.023395181146218746,-0.1440913326899178,0.06949000210966005
GGGACCTGTCATTAGC-D1_Stim,0.047828430225493435,0.027597089049098855,0.009844444267053554,0.005747114195186143,-0.06212700884555211,-0.03190531024533172,-0.3721623715365414,-0.015250726299861128
GGGACCTTCAACTCTT-D1_Stim,0.023347775931300774,0.10284738057360165,0.057217528047403654,-0.11969157457984814,-0.17665602614841625,-0.05400071438528542,-0.7790725066199276,-0.043862134570705535
GGGACCTTCGAGAACG-D1_Stim,0.007426677227678979,0.10820815105417303,0.2590640224576646,0.06876467504828021,0.028441370888959483,0.0060326062626536725,-0.14162009246169305,0.03184932289342335
GGGACCTTCGCATGAT-D1_Stim,-0.11807950395075117,-0.005010749350709887,-0.1704200324045031,-0.07321969382441118,-0.1825720308958143,-0.09667618815922019,-0.7614824620394209,-0.037176299230919696
GGGAGATAGTGTACTC-D1_Stim,0.028555975256036703,0.01524563500524323,0.027415834421612217,-0.06271732486708004,-0.20338823015825014,-0.056095169751040785,-0.5787599135298702,-0.07625952647229006
GGGAGATCATGACATC-D1_Stim,-0.0627097875912721,-0.00156277265712923,-0.16791174907966244,0.01820935699243087,-0.2760044699854962,0.011352788213120135,-0.3724374205976524,-0.00010470763791126103
GGGAGATTCCCGACTT-D1_Stim,-0.03930289883149385,0.004707695374582599,-0.07495756118397434,-0.11819535322791275,-0.021972722499812747,-0.04262566354907982,-0.3359555074336207,-0.0387989849212218
GGGATGAGTTTAAGCC-D1_Stim,-0.09052225303200423,0.004700421501441454,-0.09789367574495245,-0.27319938606397365,-0.15235548925828013,-0.1967212632600699,-1.485771737174879,-0.16573328452729896
GGGCATCAGTAAGTAC-D1_Stim,-0.0028702651206859997,0.029438256659759077,-0.03731583288346396,-0.10851587784687489,-0.052302426516304124,0.025672153398939912,-0.3866320362526636,-0.03414101301961914
GGGCATCCAAGACACG-D1_Stim,-0.0019112928332685186,-0.028509933332466986,-0.3090768261393615,-0.04887531970169867,-0.15625122211241838,-0.02314398100236481,-0.4258145617787328,-0.045485835929644836
GGGTCTGAGAATCTCC-D1_Stim,-0.016704833749502157,0.007883043896567798,-0.10865768941595277,-0.14222364820675715,-0.06740444376573862,-0.027213706735659926,-0.3328546722048493,-0.06267001112215098
GGGTCTGAGTCAAGCG-D1_Stim,0.005981785757203539,0.09131743725378882,0.5345249386289428,-0.009411841273079702,0.10475362269025901,-0.16214370240622245,-0.16817908397540648,0.0007181879413025172
GGGTCTGTCCTATGTT-D1_Stim,-0.021910195126576326,-0.006854625006086579,-0.06487343954886349,0.043771373455230744,-0.18788380757002265,0.03985171475623872,0.17430700696469614,0.029132789146238736
GGGTTGCGTAGCCTAT-D1_Stim,-0.12876325132254074,0.007117505305858529,0.21247232764419444,0.049382831527127635,-0.0640653385394323,-0.08590212704153721,0.2622249686902496,-0.005694860111253419
GGGTTGCTCAAGGTAA-D1_Stim,-0.020808851632670766,0.0018725604707050536,-0.06613684337655101,-0.10132052960116056,-0.09003559575573838,-0.03233677422763925,-0.5377361296086001,-0.08155063525111039
GGGTTGCTCGCACTCT-D1_Stim,0.025894946499255056,0.05989982597905552,-0.017274648332009868,-0.2198633993584238,-0.05994925888387215,-0.118819672149165,-0.960458397725926,-0.10119802976786296
GGTATTGAGCATCATC-D1_Stim,-0.0073636547655251405,0.029381524816741944,0.05865302732035982,-0.10141173737608788,-0.21462179169015627,-0.0016366882756262413,-0.7478020748961942,-0.03356204981194999
GGTATTGGTTTAGGAA-D1_Stim,-0.03331784320343267,0.012276090700506614,-0.11723801940091949,-0.10374806344352727,-0.10701666896468431,0.013788379509316329,-0.3511248125794282,-0.010987111946187511
GGTATTGTCAGAGCTT-D1_Stim,0.029288656651949907,0.020849261489932047,-0.017064168716686368,-0.10457618953711645,-0.12466983555469291,-0.05739402425154516,-0.5960414754360244,-0.04638605056388023
GGTGAAGGTGGAAAGA-D1_Stim,0.11417806280635467,0.11053968732238317,0.25323196253712155,0.06755032320323195,-0.06929164717231018,-0.053647887408127204,-0.2066300326822219,0.0253042390429723
GGTGCGTCAAGTAATG-D1_Stim,0.06605177352784253,0.09011957390857894,0.02392704258366596,-0.006452516124916485,-0.1432388846958741,0.027530203425873978,-0.4385872310735639,-0.049391798468278125
GGTGCGTCATTCGACA-D1_Stim,0.014844890016394885,0.04865488454528055,-0.054220927735030955,-0.12633068578398188,-0.18176047360502778,-0.008755155707181217,-0.5922676634627813,-0.07060003096476741
GGTGCGTGTTTGTTTC-D1_Stim,-0.09706495125524839,0.0202666418056765,0.07498767626821135,-0.3023422279218497,-0.11546859037070156,-0.21285822472695948,-1.5942101371814807,-0.15230213524486658
GGTGTTAAGCGTCAAG-D1_Stim,-0.010264585741259324,-0.02374897783115948,-0.001966220141666142,0.07840846363408183,-0.211413654568128,0.0064433051416958875,-0.0056762584779725955,0.010677358825862626
GTAACGTAGATGGCGT-D1_Stim,0.06681809062565236,0.056384487246971204,0.1263592914675895,-0.2345613579197945,-0.08969735974725346,-0.09449110965628016,-0.7165944999599034,-0.07057355582660563
GTAACGTAGCTGGAAC-D1_Stim,0.021086510706743056,0.042481673581558965,-0.10573373714196066,-0.1541884743558839,-0.0764367297969688,0.013239170662876276,-0.32839562401339606,-0.05124204634483043
GTAACTGGTTCGAATC-D1_Stim,-0.04753466326198108,0.1218463478594991,-0.1524681755931212,-0.0934594275631273,-0.3914964990782046,-0.12485933250503045,-1.0691358990019335,-0.024652703434160372
GTAACTGTCTCAAACG-D1_Stim,0.04754200425777988,-0.028877144933979082,0.06688432693368451,-0.16794877285215826,-0.0712646806543269,-0.16295543683487956,-0.681138812096048,-0.1258575854236632
GTACGTAAGGGCACTA-D1_Stim,0.10263426021939104,0.10054589006832515,0.19855092088637605,0.04534500944454045,-0.16219819398016,-0.04028487843936546,-0.14881385854034335,0.055773467195560755
GTACGTAAGGGCTTCC-D1_Stim,0.05475646445611737,0.0723259977211228,-0.04942535945324078,-0.0799408011456002,-0.05616164266368351,-0.05095556936979051,-0.627300725679568,-0.06524640259856973
GTACGTACAATAACGA-D1_Stim,-0.12077281828312714,0.022543914766302464,-0.1636800066406634,-0.1866004838900004,-0.23042464381609662,-0.15182278434522622,-0.6467454830539374,-0.12633260953019487
GTACGTATCGCGCCAA-D1_Stim,-0.051484875706531597,0.08364565365775789,-0.21892921837725599,-0.024919732285232143,-0.44280922963866765,-0.08766243304493138,-1.0091079605019448,0.004833130620809811
GTACGTATCGTTTAGG-D1_Stim,-0.017187835274937058,0.053124694804751016,-0.06042270037683384,-0.07716001163014852,-0.10068517017499978,0.0015217748727671676,-0.34013800436953723,-0.03874247077025217
GTACTCCCATACGCTA-D1_Stim,0.08248406091515292,0.06953827696172077,-0.0325750889992813,-0.0725638100743673,-0.06004843989783204,0.006190206948945232,-0.425955674890826,-0.0746704959241491
GTACTTTAGCTATGCT-D1_Stim,-0.0922498185161853,-0.02574164312703786,-0.28216748011526605,-0.22737507548811742,-0.0252869197722827,-0.13350786966243078,-0.9297277509386532,-0.13096231966076388
GTACTTTTCCTCCTAG-D1_Stim,-0.044505708700716795,-0.04522964106426741,-0.02054757939289953,-0.05331071103516294,-0.10663236723169511,-0.11504151139170204,-0.24290407317601748,-0.06927307452473563
GTAGGCCGTACTTCTT-D1_Stim,0.14340970573006828,0.07605577893500204,0.0908117414771441,-0.08956082657767084,-0.15929949699619605,-0.023192231385660733,-0.4571858831071367,-0.0850962480576456
GTAGGCCGTCATCCCT-D1_Stim,-0.023141899531223586,0.00794590996304656,0.027276661189880258,0.07209119628584482,-0.024366952481924997,0.03806009869554927,-0.22140595762111204,0.027206393693912645
GTAGGCCTCCCTCAGT-D1_Stim,-0.0038452319003763336,0.003317634199493824,-0.058769939472543165,-0.16551001205785099,-0.05925096595439783,-0.05327517795796055,-0.3584969805058478,-0.0880714742106008
GTAGGCCTCCGTTGCT-D1_Stim,-0.0018152081404743114,0.01080196608307915,-0.05358565263643289,-0.1196985590943509,-0.045003002880415366,-0.0361152880163651,-0.35850069105056903,-0.061374159237983505
GTAGGCCTCTACTCAT-D1_Stim,0.05668327346964652,0.03803133402458059,0.1457791274993303,-0.20407816005684154,-0.10805975485834729,-0.11830559635144411,-0.7777522748917267,-0.09469664780857734
GTAGTCACATGGTAGG-D1_Stim,0.0007263116180968865,0.01752370397324121,-0.040647040180894045,-0.09275952187007697,-0.07361344105645706,-0.06619285487331439,-0.3139620932907121,-0.06769265715113804
GTATCTTGTAATCGTC-D1_Stim,0.00042947286389782846,0.062210840042975946,-0.136198914357057,0.05153549356439058,-0.1277959393818886,0.08393708852756099,-0.18523544802118863,0.07442222717079616
GTATCTTTCCACGACG-D1_Stim,-0.06960052396230765,-0.007667012609774204,-0.20755385868711151,-0.14148989584983163,-0.12183503825721864,0.008363285853675961,-0.49781548962486966,-0.04701463243291393
GTATTCTAGCAAATCA-D1_Stim,0.05363408740276654,0.05175958551996551,-0.07582549640142133,-0.06851475132792828,-0.07786369510584201,0.08410031822326935,-0.4604159663710057,-0.0014186308000549985
GTATTCTCATATACGC-D1_Stim,-0.13666266689636153,-0.002266735501143202,-0.14500258913998287,-0.219529419648266,-0.11237050629451417,-0.18682887675154802,-1.2480249730743598,-0.11812367849206318
GTATTCTGTCGCATAT-D1_Stim,0.08620142758966054,0.005297886496965276,-0.023006289013517645,0.020806145608002424,-0.004838791365264328,0.05090596235419831,-0.0319850065008751,0.035163484147078705
GTATTCTGTGGCCCTA-D1_Stim,-0.046522353904101976,0.019242277797015817,-0.136020653283226,-0.0947855644163429,-0.03605196738089944,-0.016707079869199504,-0.5282496941481298,-0.04558854361341069
GTCACAAAGTGTACCT-D1_Stim,0.020001106366741794,0.01798147237734682,0.04679099705652856,0.05933623353711681,-0.2654910820277223,0.044607859969634234,-0.056597951807141555,0.035002956489092796
GTCACAACAATCACAC-D1_Stim,0.0012077294217913703,-0.02622017661302145,-0.03821616750249035,-0.0039418012147312,-0.10388022039627742,0.04707455701749197,0.14865335814962144,0.004447732024450701
GTCACAAGTCACCTAA-D1_Stim,-0.016420324715308965,0.03376527660680928,-0.09962397678462587,-0.11394562044361756,-0.19918629436946667,-0.058679346811878474,-0.6848952445915941,-0.030435489671013727
GTCACAATCTGTCCGT-D1_Stim,-0.22376522992959558,-0.11985087908790604,-0.3840335534922019,-0.01706531210787965,-0.23713156828682358,-0.0997808915935412,-0.01697383901677796,-0.10604957685826122
GTCACGGTCTGTGCAA-D1_Stim,0.06487759320671316,0.08248221647006382,-0.0678159457560179,0.0004600031559665041,-0.19843695675765005,0.05265298299383048,-0.19452618599225957,0.026608205311616118
GTCATTTAGCATGGCA-D1_Stim,0.02956755132476374,0.0048148409035899675,0.06099769787582865,-0.1838562687006302,-0.03402268382865081,-0.0994073741666952,-0.5725205333591532,-0.14442464643152242
GTCATTTCAATGTAAG-D1_Stim,-0.027242539384248587,0.03488477181298144,-0.1566282765308884,-0.01627537696884218,-0.4327863311912772,-0.0032682702074851022,-0.9711678800047334,-0.00798774468864849
GTCATTTGTTGGAGGT-D1_Stim,0.04844860733315137,0.04559463791810536,-0.04209332169148805,0.020912214960356224,-0.318333509618677,0.0005376112088555374,-0.24733121725983587,0.009171725917378026
GTCCTCAAGTACGTTC-D1_Stim,0.005376981377853696,0.05288663060713539,-0.07663900754681752,-0.03455479153416796,-0.13531430241298814,0.0245806883739359,-0.4031866371971695,-0.011602128787080446
GTCCTCACACCCTATC-D1_Stim,-0.02604584361330531,0.003711589473947896,0.1686296202720552,0.06790659863451687,0.030301307913916276,-0.025457854933199187,0.05633359226582613,0.014401283712292212
GTCCTCAGTCTAGCCG-D1_Stim,-0.00011214962193051292,0.013516961753859746,0.08419167043540465,-0.18776834239907636,-0.1211141585099913,-0.11108366743168929,-0.81101872095795,-0.10224739543910388
GTCCTCATCTTCGGTC-D1_Stim,0.022655036680262697,0.024842892355838586,-0.08015199925530592,0.01948784064806297,-0.2310493404341596,-0.0045728188835152395,-0.3842022763773336,-0.00896199065156189
GTCGGGTGTCGGGTCT-D1_Stim,0.006623748043898203,0.0058031641743614415,0.16253348774605314,0.01295571165331566,-0.10112752196051389,-0.07720080414010333,0.09531587354485715,-0.012996608742307458
GTCGGGTTCTTTACGT-D1_Stim,0.022179745828319497,0.053415848991972936,-0.04605442257264247,-0.012916540243697483,-0.10914830877299941,0.009956182601486674,-0.3986170595311087,-0.07053882321940996
GTCGTAAAGAGTGAGA-D1_Stim,-0.024976947440311648,0.05332024616588704,0.26114175808315565,-0.04205148839114514,-0.16052375656911266,-0.1390066884378598,-0.042930714428450756,-0.02274700392978346
GTCGTAAAGGTGTGGT-D1_Stim,-0.016056958277964384,0.048624510455246295,-0.047238623206464325,-0.11343048685326984,-0.1176678688905497,-0.05246849688028021,-0.772869443974141,-0.06538948348606688
GTCGTAAGTCATGCAT-D1_Stim,0.013243898351653627,0.02353086470885124,-0.02062571161688087,-0.13034047702492302,-0.03739495052650277,0.03959270986272756,-0.3616925016972772,-0.036577849308827126
GTCTCGTAGCAATCTC-D1_Stim,0.08089684913061568,0.011177427718008559,0.07166937510903804,-0.05783727679297712,-0.13959914019149622,-0.0987745626680887,-0.3001757322531855,-0.006129566415872034
GTCTCGTGTGGTTTCA-D1_Stim,-0.03216979062155367,0.02031347993987076,-0.016425253265979656,-0.16583274464588627,-0.017950173023297822,-0.00870463838717761,-0.6151944049489195,-0.08588562968340696
GTCTCGTGTTGCGCAC-D1_Stim,0.0524606755971746,0.10928925817247226,-0.012871088308993528,-0.05119841639446854,-0.19836183893182913,0.010067684087673001,-0.9073440772520378,-0.03736833630533276
GTCTTCGCAAGAAAGG-D1_Stim,-0.12591871374394792,-0.0032604248608496533,-0.11504156356387352,-0.2388886503801917,-0.06836157415076727,-0.1333447551186584,-1.0166033414146547,-0.1365356802390174
GTCTTCGCATGGTAGG-D1_Stim,0.05075857098638714,0.06812322191739284,-0.02361628592636489,-0.13612158553188713,-0.1344603391575223,-0.047554343537241195,-0.9941785571626447,-0.05066252855631781
GTCTTCGGTTAGGGTG-D1_Stim,-0.08673001430553917,0.040512755298586,-0.01797870202465024,-0.11268317635074432,-0.18846636444300202,-0.04360813545319431,-0.7894830633901186,-0.05532155557088636
GTCTTCGTCGGCCGAT-D1_Stim,-0.021469598204612694,0.025756603027238256,0.08416559274256663,0.0986112464153841,-0.12597662788805764,0.03073099777355104,0.09451962707765915,0.0480384534990872
GTGAAGGGTACCTACA-D1_Stim,-0.0067425393777114095,0.01608684007847927,-0.0680928046732765,-0.0776591693322306,-0.13939109521324156,-0.05706536892445335,-0.4308184133143129,-0.037269753430409835
GTGAAGGTCATGTCTT-D1_Stim,-0.017320182905031345,0.02355308265397582,-0.10196319691113676,-0.02427442989949391,-0.2080046245278595,0.0417880745531054,-0.38212883262217545,-0.012142743702794334
GTGCAGCAGGTAGCTG-D1_Stim,0.07834191313414429,0.07354091963038911,0.15070615692889966,-0.07863918371693046,-0.10745778313953736,-0.0073081639140522014,-0.38167739056133954,-0.043853558641119506
GTGCAGCCAATGTTGC-D1_Stim,0.04190898733727089,0.04752625694110435,0.016128117887991955,-0.13223832858088436,0.01319475191694508,-0.07017116506964172,-0.5654732382569847,-0.16692463389862766
GTGCAGCCATGGTCAT-D1_Stim,-0.004778102304063836,0.07153658646116234,-0.2405895295546756,-0.046320413173605246,-0.38342083756753276,-0.013643075825832796,-0.8129196500963314,0.0050672150950816786
GTGCATAGTGCGATAG-D1_Stim,-0.052290113518608905,0.019644459729898145,-0.07930226365939852,-0.1334128150195948,-0.0049729575566903605,-0.015329808573945058,-0.6458335816121767,-0.021173631901870493
GTGCGGTTCTGCTGTC-D1_Stim,0.024947775519880366,0.05967686646194004,-0.01710235164979501,-0.10661903930255257,-0.17337202897346948,0.011485107130654981,-0.5833520979296498,-0.02829122421263186
GTGGGTCAGCTAGTCT-D1_Stim,-0.24406903037539251,-0.212544817080774,-0.6041391426019693,0.00186103815492622,-0.25246043594851564,0.05050822589476489,-0.03213213151729022,-0.07538776651836798
GTGGGTCAGTGAACAT-D1_Stim,0.003947464104642862,0.06828077327183024,-0.03172153289749691,0.013645739591733985,-0.12026366910308894,0.04544507888764571,-0.40169288663474845,-0.02982698805854689
GTGGGTCTCACAATGC-D1_Stim,-0.01724136526683928,0.004077728327569474,0.04290753227619959,0.04718919345810413,-0.25911646373804587,0.042388546676889405,0.2848405024945855,0.044755213509020564
GTGTGCGTCAATCTCT-D1_Stim,-0.02215022501017394,0.03371762084082519,-0.11950117450200093,-0.06714963740390267,-0.09396705732982724,0.024352954923594794,-0.30240564782912216,0.005403777995114822
GTGTGCGTCGGCGCAT-D1_Stim,-0.04332030776396145,0.03148577262889596,-0.10418439021708892,-0.034180715802936135,-0.2091504388344987,0.05539316391508642,-0.2727418414297702,-0.005801986485614918
GTGTTAGCAATCTGCA-D1_Stim,-0.07720554156206028,0.0768816752078898,-0.19771594661216696,-0.08449658288698636,-0.24893984618499232,-0.09456898672565472,-0.9034044628125812,-0.062188370208293264
GTGTTAGGTTCGAATC-D1_Stim,0.09581960961603642,0.08101015016293367,0.05825990422579341,-0.0636313726047728,-0.023245735295535752,0.018812979280562914,-0.5085990900793522,-0.1067440377688218
GTGTTAGTCTATGTGG-D1_Stim,-0.046507075406506004,-0.03726770035762961,-0.19952816233699355,-0.026490741292123587,-0.264223422124914,-0.012221482338304668,-0.11527393841432065,-0.043598606126556305
GTTAAGCCAAACGTGG-D1_Stim,0.032251648295826385,0.05753760682565634,-0.015571271297915246,-0.0026429149656461703,-0.34970301421526706,-0.07750966178397967,-0.5739432483777822,0.012553383284169328
GTTAAGCGTACCGTAT-D1_Stim,0.03719076799681709,0.06167158677626361,-0.09725103272454483,0.0016221800908287065,-0.257752903625903,0.04166881396879596,-0.24944686925165982,0.021285255420080418
GTTAAGCGTCAAACTC-D1_Stim,0.08148689889838678,0.021577758105527423,-0.011827595271181934,0.010993485892678123,-0.16715053406807812,0.05017895899525193,-0.19681631508600983,0.01558301774265658
GTTAAGCTCAGAAATG-D1_Stim,-0.023391784133739435,-0.0009113788001080536,-0.013121903820019654,-0.022215594590052845,-0.12257683285150911,-0.041358007215810844,-0.4056989360065497,-0.05639682341926111
GTTAAGCTCTTAGCCC-D1_Stim,-0.007700627146265404,0.034866938098442546,-0.07165624996603004,-0.0668161925003048,-0.07586459356544673,-0.06618033827377623,-0.35438210595281205,-0.031228038024309512
GTTACAGAGGGTCGAT-D1_Stim,-0.044123559036590265,-0.029387544151614264,0.015682888829957164,-0.07046629363195223,-0.1156121102572083,-0.08575043427981122,-0.13254864913539777,-0.07191725119947812
GTTACAGCAGGTCCAC-D1_Stim,-0.15842832906071358,0.0790020415811945,0.5705950630891703,-0.01859783702859552,0.024287518927497587,-0.18412362428176898,-0.1581522731177376,0.005974470585181635
GTTACAGTCTGAGTGT-D1_Stim,-0.094186912839886,0.008544477225409963,-0.2376437238550837,-0.1353400683763244,-0.1938396244126377,-0.2081158435217194,-0.4917967074948777,-0.1021733303492649
GTTCATTCAAGCGCTC-D1_Stim,-0.04183083772684881,0.013526211504933272,-0.07283824733216981,-0.09457020674647687,-0.10136272674385438,-0.050231189761557715,-0.32697148495077855,-0.04320341546671358
GTTCATTCACGGTGTC-D1_Stim,0.08337094359935726,0.0605703262622832,0.04716384136578888,0.08185097427083043,-0.2908831382112673,0.015605521733480288,-0.23407556323228818,0.09149571293584913
GTTCATTCAGTCGATT-D1_Stim,0.046509586076169285,0.09386102279692565,-0.030899033210954663,-0.05827565685261504,0.0023152069301630718,-0.09533983315609973,-0.5846127222627668,-0.0469240256500747
GTTCATTTCATGTGGT-D1_Stim,-0.08127411736584733,-0.1102458721220021,-0.3230993804982507,0.12470365383174453,-0.10673470550779562,0.0986062418596454,0.46241977045536586,0.024214780052712825
GTTCATTTCGGTCCGA-D1_Stim,-0.054602374706066215,0.039518913660980814,-0.14819381426937994,-0.0780549475592256,-0.2703821324339888,-0.09845503446851644,-0.39879316046412683,-0.03806718156072009
GTTCATTTCTTCGAGA-D1_Stim,0.029471187710557345,-0.002179639298663716,-0.04578232445905339,-0.05462242368731651,-0.08784253467437075,-0.10171518380655087,-0.14311833746725888,-0.07078046321234588
GTTCGGGAGCAATCTC-D1_Stim,0.051514232603057764,0.015083741711627852,-0.062373513721619034,0.05136669211228728,-0.20020869232126515,-0.018585712119458364,0.04702019997285056,0.013554869129464464
GTTCGGGAGCACAGGT-D1_Stim,-0.11629323227776212,-0.031502499018607466,-0.15056384412751278,-0.11909739247164985,-0.2706355848775903,-0.06661862249385564,-0.4857704345202478,-0.05222989042679416
GTTCGGGAGTGGAGAA-D1_Stim,0.032257989581436775,0.008635429546462348,0.013728349865206546,-0.025194773263010006,-0.054656949410967215,-0.050873199960634,-0.4269463686839359,-0.012320431359491124
GTTCTCGAGTCTTGCA-D1_Stim,-0.09391463747698126,-0.021074830491654595,-0.0851937256856683,0.017003435015940482,-0.09931259124746283,-0.04017846524999236,0.02726057152490391,0.02077681435054579
GTTCTCGAGTGGACGT-D1_Stim,-0.011938851532384831,0.04823840419613745,-0.09848525025327959,-0.08169268600296142,-0.238323470878532,-0.05629417636286149,-0.4088352382087166,-0.06389892411509557
GTTCTCGCACATGGGA-D1_Stim,-0.044919301350230256,0.0009547366059479145,-0.1494805640528245,-0.10214084703481419,-0.1180612724391068,-0.009805248110705378,-0.4161209847684546,-0.03297333324104379
GTTTCTAAGAAACGAG-D1_Stim,0.1061059878689612,0.07340510789756927,0.0680079154058264,-0.02781037458298563,-0.004606647099816286,-0.016233503959691475,-0.4086137632949125,-0.04612446675434079
GTTTCTACACAGGCCT-D1_Stim,0.04437346600886194,0.09066314474593895,0.04691302509534534,-0.23531617280408135,0.004970851442498869,-0.03393979013030801,-0.8828353991644597,-0.11821527306949342
GTTTCTACAGATGAGC-D1_Stim,-0.04988967590986704,0.04643535898621032,-0.14761100468211996,-0.07959779933497835,-0.08023102863368692,0.0332996629884974,-0.4858963121884763,0.0012067503541572933
TAAGAGAAGTCCGTAT-D1_Stim,-0.030219121750514333,-0.01576963190602143,0.006108986284480089,-0.1810089675645976,-0.023581622744407227,-0.05776382321501927,-0.38878775828448653,-0.09362064158347749
TAAGAGACAGACAAGC-D1_Stim,-0.1328160813464372,0.014532383316296915,-0.15110708634009828,-0.20493128760336887,-0.24361557910468612,-0.16375798414544995,-1.107138439759325,-0.11539297796313619
TAAGCGTAGATCGATA-D1_Stim,-0.07124885507145606,0.023576188776612383,-0.19713563063848838,-0.1338780557681467,-0.2141054488564773,-0.149763482205163,-0.5768789407357247,-0.07778601843266664
TAAGCGTGTCAACTGT-D1_Stim,0.04285817913074119,0.08021423716324172,-0.10368722156178656,-0.019358584956867375,-0.2228150386357708,0.013743740595979048,-0.3306373369201445,-0.03418622556933215
TAAGCGTTCACAATGC-D1_Stim,-0.014801662591285236,0.05122573973476996,-0.09065033246391696,-0.06922533463238345,-0.216050234501731,-0.09868276836367329,-0.942161070041772,-0.007064570412879334
TAAGCGTTCCGCGTTT-D1_Stim,0.07680920059110186,0.09354782250245641,0.031063144565290024,-0.0221731750800096,-0.0343796789672961,0.03432147068413016,-0.4630616925657858,-0.05599441232864244
TAAGTGCAGCACCGTC-D1_Stim,-0.07251141696125707,-0.04113389428653491,-0.016318980798622817,-0.08106932001915013,-0.06809877470374559,-0.08504746255530193,-0.2708825715310237,-0.0808911558919263
TAAGTGCAGTTCGCGC-D1_Stim,-0.0064143722419149896,-0.0287537142282126,0.08131250374116927,-0.08965021629135883,-0.002860745649519103,0.03341664304674019,-0.2400319794331658,-0.006956569661037193
TACACGAAGTTTAGGA-D1_Stim,-0.015989457632000992,0.010576754449848735,-0.10607096037883945,-0.14602714199956068,-0.0361965899094443,0.036711409445244314,-0.40323179013887156,-0.03606786043020982
TACACGACACTCGACG-D1_Stim,-0.028207763925099272,-0.024840405515471176,0.04337271055666303,-0.10473708281281802,-0.08064049993663147,-0.1030864183708875,-0.4788936628109308,-0.07263199367139883
TACAGTGCAACTGCGC-D1_Stim,-0.09594589412388821,-0.006652932656981747,-0.1789639754306771,-0.24391404228398272,-0.20249561105432257,-0.18255994904869155,-0.6959514559664726,-0.13581339350598576
TACAGTGGTAAAGTCA-D1_Stim,-0.024249501466083956,-0.015383964206593603,0.06280943276394879,0.0055469190805421675,-0.2671481919988512,-0.016166158628331928,-0.21971655435592652,0.0304556895525252
TACAGTGGTGGTACAG-D1_Stim,0.0012526360200268982,0.05193534823448509,-0.10051639237139742,-0.15925072372912652,-0.06598570058134356,-0.0019745400294173265,-0.5321291614072798,-0.06273379548900238
TACCTATTCTGCCAGG-D1_Stim,-0.025758478642112337,0.0037780324835186008,-0.06651284301542404,-0.11622962871394193,-0.05840205139004695,0.011375584722676635,-0.5086537112608767,-0.03224748776550079
TACCTTACAGATAATG-D1_Stim,0.07153188893101614,0.04604516347118803,0.05278260400262891,-0.07433064379400456,-0.10293702296111107,-0.0033230850958982927,-0.3970597616247282,-0.05518028344609682
TACGGATCAGTGGAGT-D1_Stim,0.012911788704821348,0.047433173461385536,-0.12931760712034635,-0.2314949540429616,0.016248351200157884,-0.011564477978776466,-0.8926096876755647,-0.05761487979945201
TACGGATTCGTTGACA-D1_Stim,-0.03389630262890364,0.010680079576065538,-0.16206877991164426,-0.048211013720058205,-0.17280134548199122,-0.03159024780852704,-0.5050327653917304,-0.028758797117557577
TACGGGCAGAGGGCTT-D1_Stim,-0.03914340257410842,0.014302825507312988,0.1004947690610507,-0.03643246535819067,-0.09256281482065631,-0.08051741457102146,-0.5345556973445973,-0.006073797679897908
TACGGGCCATGGTCAT-D1_Stim,0.021403182057742498,0.05728360384090081,-0.06275051286356081,-0.08129571531102897,-0.1406673807042047,-0.029492755413546234,-0.438263443015952,-0.030619047389659926
TACGGTAAGTACGCGA-D1_Stim,0.04155147364157763,0.05599476587378582,-0.06863512835516783,-0.1140327378946715,0.011254888396083018,-0.015427856283933394,-0.4825613675496747,-0.038061958332901824
TACGGTAGTCAAAGCG-D1_Stim,-0.015024902815268248,-0.0014434054354346415,0.05107007287316634,-0.20058328198596875,-0.04300124200937461,-0.04990351708922347,-0.6745126488691788,-0.16587212069190116
TACGGTATCTATCCCG-D1_Stim,0.007004441718853727,0.024199188042853592,-0.048069268051606606,-0.10250587697085578,-0.0660071403516369,-0.013374839831087115,-0.3765574942429346,-0.05216017591582656
TACTCATAGCCTTGAT-D1_Stim,-3.977767484286687e-07,0.017967921926974384,-0.12250564084640736,0.04705260148354817,-0.1419511717518933,0.030188286629840633,-0.14497735738542605,0.00731669061699769
TACTCATTCGAGGTAG-D1_Stim,-0.039787920773601826,0.029544767056011167,-0.1418056262726921,-0.04741951390890442,-0.211675341937287,0.02434368335992687,-0.6793492476710838,-0.028373886630284062
TACTCGCCAGGTGCCT-D1_Stim,0.030447113924196856,-0.013976387935754175,0.14340999851777703,-0.011557681644369211,-0.11608536592831165,0.013722032395246941,0.061096557635377025,-0.02413366678778317
TACTCGCGTAAGTAGT-D1_Stim,0.06383346746195961,0.06077585935191543,-0.07165696436026714,0.005607133690215704,-0.10733097717860574,-0.006613338313389505,-0.4099179018011476,-0.06238763356909871
TACTCGCTCACGCGGT-D1_Stim,-0.09225941900938928,0.047548121881030525,-0.2221007433742157,-0.15040078154795467,-0.4120478244512604,-0.17540974842258983,-0.9136395817625669,-0.06984615172988917
TACTCGCTCGGACAAG-D1_Stim,-0.0013298594693811339,0.02720314056740669,-0.08135372356875603,-0.12049528182532399,-0.20254255328974047,-0.009423188674677618,-0.5015012651620196,-0.07339917358680914
TACTTACCATCAGTCA-D1_Stim,0.034437550011283236,0.048311145930535204,-0.050006921681367444,-0.05472457916293649,-0.2198471037187133,0.01114766904352038,-0.222326409441564,-0.03703528868699735
TACTTACGTACATGTC-D1_Stim,-0.025666443343046907,-0.0065780378893744995,-0.04272142453859118,-0.13778140783756143,-0.08192490414858788,-0.07469307207807496,-0.43225567179977986,-0.053550099406152185
TACTTACTCAGTTAGC-D1_Stim,-0.012409789025525697,0.0341943895747292,-0.0941030891858814,0.001059899395759345,-0.10207845996843368,-0.010063078793427493,-0.3302547279206429,-0.028984649731013334
TACTTGTCACCAGGCT-D1_Stim,0.025427688864471776,-0.026824977940140826,-0.13268960885716385,-0.07095190530350948,-0.1972273311384516,-0.06851506486183112,-0.133095547042398,-0.060283591287721094
TACTTGTGTGCATCTA-D1_Stim,0.1225060085076386,0.08595533858659365,0.11344053865563186,-0.01222563061145543,-0.027896789673038214,-0.034595479060078205,-0.41903398983522955,-0.04475320869502575
TAGACCAAGTTGAGTA-D1_Stim,0.023980492257672736,0.004388235111544958,-0.03807098370638773,-0.013903930681735233,-0.07433824246888321,-0.03401562357319321,-0.3753231079534629,-0.024794538096855945
TAGACCACACAAGTAA-D1_Stim,-0.19637397000825096,-0.012602217390254467,-0.07352922348901814,-0.3012666787724818,-0.18056489709621637,-0.2559780222300656,-1.2163885200622193,-0.15718915072014106
TAGACCAGTAGGAGTC-D1_Stim,-0.06924037424482066,-0.021391810577513937,-0.06875998946386375,-0.18472937338606954,-0.056937570318195796,-0.05046366019888637,-0.8932125236728155,-0.08962070286921886
TAGACCAGTTCACGGC-D1_Stim,-0.14109841102854048,0.04273863481386897,-0.2506859820521221,-0.07957295157751076,-0.2613686298323099,-0.11497051987196194,-0.9038225320246145,-0.03587713780861179
TAGACCAGTTCGTGAT-D1_Stim,0.10068801861955912,0.01146658290295477,0.09477119495167585,-0.057442797899771136,-0.3867721480462656,-0.14196417966178387,-0.803529976766912,-0.009099162204607936
TAGACCATCGACGGAA-D1_Stim,-0.048091064726621724,-0.0008435245283120452,-0.10188430840971563,-0.009326357942669006,-0.13164244262583225,-0.020409097353645933,-0.24074572779308667,-0.016114341542941446
TAGAGCTAGGTGCAAC-D1_Stim,-0.02202051733418564,0.04313794974432916,-0.09421603905538145,-0.12511914382993616,-0.16492367273992592,-0.08226231427591024,-0.7286454732543444,-0.056342179596317266
TAGAGCTCACAGACAG-D1_Stim,0.07485478889191022,0.01085825397674256,0.10841750194266897,-0.17851719914466102,0.0635030026929666,-0.08801310783930738,-0.7143989453219266,-0.12602560005905694
TAGAGCTCATCGGAAG-D1_Stim,-0.027974110204008085,0.0279890340575637,-0.039128828003511806,-0.13800003100854497,0.035956704231056236,0.03642324525729279,-0.5255518517846767,-0.027448062988444377
TAGAGCTGTCGAACAG-D1_Stim,-0.011331558299728428,0.026064690012811198,-0.15637545524187413,0.06405934032651928,-0.22576031669126095,0.06072962004892979,-0.2711788179627881,0.030377978392076344
TAGAGCTTCCTCATTA-D1_Stim,-0.007243111062077645,0.031657068731146154,-0.08197166330747407,-0.08565076569109387,-0.12144129781332147,-0.014140552754174252,-0.27037199172130144,-0.02287417627036703
TAGCCGGAGCCGTCGT-D1_Stim,-0.0052358192537553805,-0.012369753234258596,-0.08115589150979474,-0.014981710526134506,-0.17916952721783908,-0.007699543105196938,-0.43132768768707486,-0.05485315748836861
TAGCCGGCATCACCCT-D1_Stim,-0.017581675743237213,0.04895693379556221,-0.03745682630357461,-0.11297271417793553,-0.10366127542746284,-0.009090588303321212,-0.7830995032871826,-0.05368797617233234
TAGCCGGGTAGAAAGG-D1_Stim,0.07500204053969739,0.05273594304479623,0.13455267495859147,-0.09469078339990133,-0.038264653648973024,-0.040443120277592115,-0.4810573015450057,-0.08452886298151796
TAGCCGGGTGAGTGAC-D1_Stim,0.06444981831739405,0.055005204215961,0.08689322409936029,-0.06390886975902177,-0.02813693509838977,-0.023221621730655784,-0.4374868032260508,-0.07225488064366026
TAGGCATAGGCTAGGT-D1_Stim,-0.02737991116877403,0.03692400581548938,-0.17459822978870676,0.05676038380636861,-0.12085733350056671,0.08074512927038846,-0.250028896136385,0.014159937794987698
TAGTGGTAGACAGAGA-D1_Stim,0.0005759529628779347,0.024158410213939163,-0.11899478706629285,0.0014849817439692714,-0.20758632822044198,0.014288163991244218,-0.311131050779343,-0.025538542565250566
TAGTGGTTCTCCTATA-D1_Stim,0.02635754444643368,0.0556008053936079,0.0684115324571426,-0.07632456807404964,-0.10753203626193297,-0.0590039377581526,-0.3909480104618446,-0.033212393412856756
TAGTGGTTCTGTCTAT-D1_Stim,0.04729360924839732,0.09269397760429854,-0.03936819484857512,-0.06160533730634654,-0.3151259518180911,-0.10559456352142682,-0.7953681583993912,-0.007562921403621914
TAGTTGGGTCTCGTTC-D1_Stim,0.05604092264215765,0.049275180984727385,0.0710983487908372,-0.10714252725888329,-0.0725876778891621,-0.05914860614131712,-0.2600753442179844,-0.058693080109215146
TATCTCACAAGGTGTG-D1_Stim,-0.13012690515816594,-0.02240471773863817,-0.12713470514304426,-0.09633008117274855,-0.19765114245137205,-0.13547530347988967,-0.49618883338051845,-0.05438678841004041
TATCTCAGTGTTTGTG-D1_Stim,0.023994354610735513,0.04190407392349904,0.014073059762631068,-0.15853588406934982,-0.009429807153772174,-0.019526078365176502,-0.5348149480448718,-0.04869734597945374
TATGCCCAGGAGTTGC-D1_Stim,0.04873234904334289,0.054963405663340126,0.03811903420287521,-0.09926783481965806,-0.19347692316939558,-0.04951328015038037,-0.5661394352460718,-0.07967939554717951
TATGCCCTCCGGGTGT-D1_Stim,-0.03682720302466791,0.02760689902176061,-0.13275171044221423,0.024144192143962684,-0.2725488602508328,-0.012716429674480167,-0.18281770951494636,0.027734401880163517
TATTACCGTATCTGCA-D1_Stim,0.03286385405668746,0.08988989268234704,-0.10469639158526167,-0.012053514915331576,-0.09496438737145141,0.10062613040100565,-0.5544288251055178,-0.030169647483081263
TCAATCTAGCGCTCCA-D1_Stim,0.08389715972532485,0.05412726039159388,0.17396686757762403,-0.16641549775857634,-0.024981602133316017,-0.11043061349983141,-0.7681785285155431,-0.0678056038498056
TCACAAGCAGACAGGT-D1_Stim,-0.025903481386304605,0.05760116709083363,-0.1371684612441637,-0.1165737662855193,-0.1734500042129472,-0.07959149335868965,-0.8154984219962795,-0.032431910710984724
TCACAAGCATCTCCCA-D1_Stim,-0.05343009808488297,0.011867501058169694,-0.044496116173273315,-0.14594578120849455,-0.12106236051030272,-0.0612795965351598,-0.46872998032488766,-0.04717835238746382
TCACAAGTCAGCATGT-D1_Stim,0.017343577372020746,-0.01495554159974155,-0.12496763744484252,0.0320927478705304,-0.12600309352269434,0.028878593498410154,0.03122102845861008,0.023171446398533746
TCACGAAAGATACACA-D1_Stim,-0.16375861135365888,-0.019087185760383818,-0.20492617022253068,-0.18051190557522467,-0.19176082687904028,-0.21801455778515155,-0.88298853797437,-0.10961660571824616
TCAGATGCATACGCTA-D1_Stim,-0.10637383094895903,-0.04580143352525923,-0.37843611355893536,-0.10604309869899531,-0.43100113085226965,0.09483220229625289,-0.651358017215049,-0.10937090323576548
TCAGATGGTCACCTAA-D1_Stim,-0.011685014218123513,0.051621425143901334,-0.10303805549997236,-0.09117309952418395,-0.10141404225244699,0.013546375588026294,-0.555289339540213,-0.04214388085333809
TCAGCAACACGAAATA-D1_Stim,-0.10925575691476297,0.005670499007376151,-0.008931081825074294,0.08946305233805596,-0.21258345751426333,0.0888580364002749,-0.056188508921927394,0.04274978328702694
TCAGCAATCGGCGGTT-D1_Stim,-0.06520528232036327,-0.005632101018150593,0.036993384448210875,0.040354775855650615,-0.27326878597297366,-0.0032568160036205995,-0.061002889019999174,0.016064873846733718
TCAGCTCAGATGTGGC-D1_Stim,-0.1440959526224308,-0.014060843769257758,-0.23063084142719248,-0.17455153436541337,-0.36806997953516074,-0.19363752017470937,-0.8087725945514599,-0.11691557444929401
TCAGCTCCAGGAACGT-D1_Stim,0.006335330051260968,0.015221543028104634,-0.1158167220660733,-0.07291781184420287,-0.2285120532495295,-0.04337488191722194,-0.45265171203242716,-0.017501610735052964
TCAGCTCCATCGATTG-D1_Stim,0.034080802298165125,0.04920746477456106,-0.11064470126376058,0.006355725959071634,-0.26716683661113194,0.04088963274392832,-0.4371043825993919,-0.0019565013208246995
TCAGGATAGAAGGACA-D1_Stim,-0.0024565035161892013,0.025739614726630222,-0.0429773591159579,0.12305403466937115,-0.12842530323284151,0.1556099088043954,0.08010076734368443,0.1041108873654597
TCAGGATAGACCTAGG-D1_Stim,0.058942976908102906,0.055083304774711905,-0.0004715500027883124,-0.08630582572487455,-0.06213892671958021,0.015245252178290869,-0.35806306796022014,-0.06640746029124145
TCAGGATAGCACCGCT-D1_Stim,0.08745767859785225,0.092337709680125,0.016374507837564778,-0.16739164121140604,-0.013825786005453367,-0.10904364693861801,-0.6688833855342651,-0.08986065360454809
TCAGGATGTTCGTGAT-D1_Stim,0.06371048069949836,0.09399623929082779,-0.07522745999669844,0.03733270466254446,-0.05374128493649977,0.0874050130982642,-0.45453165250888006,-7.439443789536426e-05
TCAGGATTCCTTAATC-D1_Stim,0.09547459408085501,0.11998724653778936,-0.02499040726857782,-0.04595827196194513,-0.20483214362363,-0.005381314378581692,-0.6100481198764136,-0.010914711843183156
TCAGGTAAGTTCGCAT-D1_Stim,0.02335690221740805,0.022155127276285214,-0.07064376382315896,-0.1180962356376547,-0.048793910825082776,-0.01626890193154118,-0.3534419824038473,-0.05542439566093371
TCAGGTATCCTCTAGC-D1_Stim,-0.05479532245585261,-0.02569811699643232,0.007734940511184618,-0.09168066996709001,-0.2323826612966684,-0.11578194753433735,-0.355602944616793,-0.016816466599287594
TCATTACCAAGTTGTC-D1_Stim,-0.01989408468267584,-0.008339186511660657,0.004810583090685938,-0.005070390343608011,-0.09441777244954253,-0.020947745239700666,-0.4675428758995892,-0.03555408490428036
TCATTTGAGATGGCGT-D1_Stim,-0.04781950485504005,0.0022456285043475077,0.005136654402921437,-0.14095909380569438,-0.02535851769572872,-0.006119535936118581,-0.7056036657612026,-0.07769317411476706
TCATTTGAGCAATCTC-D1_Stim,-0.012327708213604183,0.004192940187810024,0.03903288882793632,0.05544969523674759,-0.14971603052238258,0.008742525593532946,0.007072612952656598,0.04251463051348203
TCATTTGAGCTTATCG-D1_Stim,-0.03605075281988768,-0.02368990422916717,-0.19321720980760304,-0.10982759859311919,-0.09535676898153689,-0.08841825400634207,-0.4410079853432798,-0.08805155542961884
TCATTTGCACTAGTAC-D1_Stim,-0.028709362450273446,0.03940033034072421,-0.22612301681982494,-0.04833086038657619,-0.30674834901951087,-0.06540209121144258,-0.8622745762814272,-0.05125742677664746
TCATTTGCAGGATTGG-D1_Stim,0.02264840051324768,0.14827209240164407,-0.09285220572880526,0.11668338838030579,-0.15049261515793688,0.1061695623337453,-0.5306070896546888,0.05996407040134599
TCATTTGTCACGGTTA-D1_Stim,-0.02167353017989626,0.01424333928711441,-0.0940303389398176,-0.102392296912301,-0.08326789253139388,0.007976586115306716,-0.3007289085731273,-0.04456370989020897
TCCACACGTTTAGGAA-D1_Stim,-0.024347647870627043,-0.01833569963979187,-0.09689187499730423,0.00035302812106863257,-0.15530701835439942,0.03257566980739668,0.14176648540311376,0.01030569199893172
TCCACACTCTTCCTTC-D1_Stim,0.004346139061016885,0.028044747727456354,-0.038307285419086234,-0.08673860826205093,-0.12260940882733529,-0.01801166251160602,-0.28374364620258063,-0.03421152435716479
TCGAGGCCAACTGCTA-D1_Stim,0.03905484626798206,0.07001044736873574,-0.11366650797256206,-0.11003505544880632,-0.15279037708920207,0.013668436930412753,-0.5315549931064361,-0.07431376601424411
TCGAGGCCAGTGAGTG-D1_Stim,-0.07999078201372534,-0.05227136745079086,-0.28100833541630976,0.02791360027685741,-0.11558402424078551,0.02443012243070619,-0.015121458388906106,-0.004222315770180174
TCGAGGCCATCTCGCT-D1_Stim,0.009069342285640047,0.006098915682596129,0.15079038209598217,-0.0922329283668013,-0.10189956976930148,-0.02669729156420786,-0.38330377102353275,-0.05486565657995257
TCGAGGCTCTGCTTGC-D1_Stim,-0.009681779668310853,-0.05864942799799877,-0.15294319931259537,0.015783021250774354,-0.04244386734807826,0.0991521276778844,-0.22198417717832797,0.0450503348855289
TCGCGAGAGGATGCGT-D1_Stim,-0.01531915538444295,-0.008122277605579598,-0.0524936611750455,-0.08315760720599563,-0.2775535155893376,-0.08880410718013465,-0.9678901857255049,-0.050135795961340435
TCGCGAGCAGTGGAGT-D1_Stim,-0.052153861759846265,0.013837656556290767,-0.007968271082960499,-0.2289910358153957,0.04423266140507209,-0.011337032188903251,-0.701274906485839,-0.14567759702040028
TCGCGAGGTACTTCTT-D1_Stim,-0.04336480213824423,0.017305940419280574,-0.13621171500127005,-0.0878788970047708,-0.10612662194509781,-0.038688687908912556,-0.4898031620995056,-0.04065190471955127
TCGCGAGTCCTCTAGC-D1_Stim,-0.13094900882720673,-0.00852631953929972,-0.08494031786916523,-0.13689612998270206,-0.2855909338643734,-0.11676707831971989,-0.5641104515748872,-0.08130219087117219
TCGCGTTAGCGGATCA-D1_Stim,-0.07057070180889902,-0.012518261821576004,-0.16645808522665106,-0.031200841513877364,-0.38701095204526226,-0.09293557769507643,-0.5917257307220698,0.00715439593855649
TCGCGTTAGGAGTACC-D1_Stim,-0.052017593894547076,-0.025536198501351137,-0.025864346578134523,-0.21535470259700418,-0.02231424818593908,-0.12170449304813147,-0.4790853695462083,-0.09698226382352892
TCGCGTTCAAGCCTAT-D1_Stim,-0.09485269369844573,-0.031105110780828227,-0.010534980007260053,-0.14794491859955627,-0.19758977689335389,-0.17776659717187115,-0.2673747312503867,-0.09547398565200105
TCGCGTTGTGCGCTTG-D1_Stim,-0.05858186414660338,0.050467789225086435,-0.16170038162977995,-0.11259904179801694,-0.29363702024127925,-0.08102299951917402,-0.8162614959803989,-0.06231908019019272
TCGCGTTTCCTACAGA-D1_Stim,-0.07405283143410024,-0.004955394974983207,-0.0694659716760091,0.05937358636093926,-0.07131715465981614,-0.09714387040127903,0.21046483301021723,-0.014468802405181336
TCGGGACGTTTGTTTC-D1_Stim,0.01965609533805157,0.017481009217387822,-0.11633661388959471,-0.014169105440206664,-0.22909308485405866,0.03397807929735208,-0.5773025014585507,-0.04340746902050974
TCGGTAAAGGATTCGG-D1_Stim,0.018036645175300237,0.08136318749549609,-0.03222138156021259,-0.011507591706479303,-0.2097916579992507,0.02475981338294453,-0.37687374505787297,-0.021979896738203664
TCGGTAACACCCATGG-D1_Stim,0.06773537786657968,0.04932620487256578,0.06751627398716664,0.09663737923038873,-0.31341198377763213,0.07184247047747583,-0.01193726803792039,0.08134964141844314
TCGGTAAGTAGCCTAT-D1_Stim,-0.024203579665227792,-0.0006208628278407957,0.027796233593996078,0.002768296390760483,-0.23935397550083337,-0.08048602903810753,-0.47728180175248625,0.018999781130412785
TCGGTAAGTCCGAACC-D1_Stim,0.14706628043221848,0.10345931320548551,0.2685685212243314,0.07011270906922462,-0.13885615065066936,-0.030343911098560383,-0.049881009044158375,0.05700405532134667
TCGTACCAGTGTCCAT-D1_Stim,-0.026751735761202156,-0.032791618776434106,-0.13943519394783888,-0.02163837092030718,-0.0887001184393057,-0.020963947846366793,-0.6670461270546468,-0.033756636125854556
TCGTACCCAATGGACG-D1_Stim,-0.013791321312234928,0.0601138489004871,-0.09482400971355709,-0.0003281734257694069,-0.1784192604511894,0.04372178641096802,-0.4668730531876264,0.0020613968442546593
TCGTACCTCATGGTCA-D1_Stim,-0.004450319663293456,0.036942056563379566,0.004618908112026254,-0.1521769821316905,-0.08092943436757061,-0.032406132999540205,-0.5516805918073509,-0.05344096619003125
TCGTAGACACGCATCG-D1_Stim,0.027938940824590475,0.03562951392583713,0.02598163558810196,-0.059941285066759775,-0.09574921100937495,-0.01762047687044621,-0.2510014375533949,-0.032142324847013626
TCTATTGGTAGCAAAT-D1_Stim,0.11304695452892766,0.08137973406944887,0.21956811129102682,0.10552826635344559,-0.1174702900088338,0.06566253175084391,0.16639371131763614,0.07850750172785759
TCTATTGTCAACCAAC-D1_Stim,-0.1898436984424734,-0.08267605605854911,-0.256264334701898,-0.11158564395667803,-0.17273689624369126,-0.1681403921216411,-0.4502597941652553,-0.07236555670102796
TCTCATAGTCTAACGT-D1_Stim,0.08524229279080231,0.08373716601082748,-0.06783596961820848,-0.021983604303777327,-0.15015000474944706,0.05201231106653026,-0.6406613109245907,-0.006920549899737338
TCTCATATCGGCCGAT-D1_Stim,0.09290535184276294,0.08697079507044769,0.2615465428368706,-0.12458652232720269,0.025358353892913854,-0.15697154868593444,-0.49332891495087416,-0.08214671278349783
TCTCTAAAGTGTCCCG-D1_Stim,0.06425999501739454,0.07851891059807237,0.07634613905411136,-0.07191703954931938,-0.09484066338875863,-0.05777594216962356,-0.46386104374608905,-0.04173631630814256
TCTCTAACATGCCACG-D1_Stim,-0.14564504750362772,0.022165052891974568,-0.07957088973380166,-0.30383180806531307,-0.2895641676597158,-0.20290551147262015,-1.1503374108299589,-0.17646057140455973
TCTCTAATCGAATCCA-D1_Stim,0.01848462178028676,0.01928489991361282,-0.017435356407217384,-0.26215884445343995,0.05530755302379475,-0.07069124169531804,-0.8617728720926685,-0.07671289669026571
TCTGAGACAGCTGTTA-D1_Stim,-0.05943415292539633,0.02325309887853777,-0.10693541313633759,-0.06120150616214026,-0.19486771728045404,-0.021662070543550627,-0.5699489839419609,-0.06498121564996495
TCTGAGATCTAACTTC-D1_Stim,0.02451277835886323,0.05562409212977926,-0.03466876459282631,0.00271572757359273,-0.08683180663361867,0.03794767854324732,-0.3066584669736532,-0.030826662988346243
TCTTTCCGTTCGTTGA-D1_Stim,-0.023669943928169346,0.04143570794998297,-0.156832952594832,-0.11132324856858489,-0.15627931579795273,-0.009275047284484472,-0.6588076198133272,-0.03138881831223195
TCTTTCCTCCATGCTC-D1_Stim,0.07558516549951122,0.059790333462466094,0.02641676872214127,-0.10980893600589603,0.012306855206123402,-0.005272614009276921,-0.5405891656348327,-0.042720341334083756
TCTTTCCTCTTTACGT-D1_Stim,0.01580831644848324,0.05868359357115516,0.0336190573157058,-0.010372425847080535,-0.18613007719641672,-0.046212831837289414,-0.5636874975885693,0.008193534389750567
TGAAAGACAGTCTTCC-D1_Stim,0.022343274704986982,0.03733297983225192,0.07531720332239988,-0.15002682317776284,-0.03713932311539736,-0.12103092671381255,-0.44935341846322174,-0.0730223014392557
TGAAAGAGTTGCTCCT-D1_Stim,-0.08493473687707542,0.018057608613503362,-0.01174876807574421,-0.04039197316732768,-0.13900368127246843,-0.0828987241241137,-0.07119371585893397,-0.02775906322867705
TGAAAGATCACGATGT-D1_Stim,0.11472782067182585,0.08969349527760961,0.023483138396444225,-0.1412208125816221,-0.15581643013649682,-0.14536058048675216,-0.6689301592650558,-0.10269857918621028
TGAAAGATCATGTAGC-D1_Stim,0.013828874445382056,-0.0007108708176932765,-0.0026346097179592576,-0.058554915871523505,-0.1732345107106692,-0.03988587107855501,-0.45962429774515456,-0.03280987300962401
TGACAACAGGCGACAT-D1_Stim,-0.13308555682582046,-0.04771350921744322,-0.2089219574658845,-0.06050430177677946,-0.16822659579978527,-0.1634322698775037,-0.422789128841659,-0.12232493931415789
TGACAACGTCATGCAT-D1_Stim,0.013950943060184073,0.041318343574154426,-0.11523854544132117,0.03436214118771197,-0.16498592889303154,0.016817482416815466,-0.3427325429152077,0.01653736553632612
TGACAACGTGCACTTA-D1_Stim,-0.05649036659929152,0.049648068102936094,-0.13472577251289142,-0.06937557802960903,-0.17232483318280423,-0.00804804095909617,-0.5837103458824764,-0.0018438329563341682
TGACAACTCTTGTACT-D1_Stim,0.05166055801079139,0.045527467812396694,0.059802311556036436,-0.20113344595025495,-0.0030455220264506977,-0.12433568379401905,-0.645421595023457,-0.09968662072787993
TGACGGCAGGCTCAGA-D1_Stim,-0.0012191592476948898,0.024373234323645576,-0.08805640853724306,-0.04246578897687492,-0.24297511475504763,-0.02282649331796449,-0.7571016295294406,-0.010073031781423936
TGACGGCCACCCAGTG-D1_Stim,-0.06122662149448921,0.0343904063311129,-0.10106686627119821,-0.05949257607700709,-0.39940311731329636,-0.08339502395069687,-0.8745867914575989,-0.003443521547104922
TGACGGCGTATAAACG-D1_Stim,-0.03846838896383353,0.06455932173377121,-0.07265395336319092,-0.044861746993177576,-0.04757832572839682,0.01227498874449573,-0.4964614489022132,-0.04245951784243651
TGACGGCGTGTGACCC-D1_Stim,-0.0017799053930040998,0.06812973771508979,-0.07524528447911383,-0.052534908118110124,-0.17060728209114018,0.025625168726186587,-0.6166809830542288,-0.020578649861450415
TGACTAGGTAGCTCCG-D1_Stim,-0.0189073294398181,-0.04470413041469179,-0.026570536545187373,-0.019719278500698323,-0.0353144971613375,0.006174664725403289,0.08083064532041107,0.00453812918021157
TGACTAGTCGCCCTTA-D1_Stim,-0.04832305979894791,0.0157123207907528,-0.04386617752035171,-0.15607254523483327,-0.15544933860108934,-0.00015037361021974505,-0.9611491447962344,-0.03510160810310836
TGACTTTAGAGATGAG-D1_Stim,0.031247467079158042,0.062269014252521515,-0.015945620121277315,0.035278394835856375,-0.06527724506746324,0.0015815729570274328,-0.3104292945109268,-0.01781400933997368
TGACTTTTCCGCGTTT-D1_Stim,-0.09724995088940247,-0.020164636430001437,-0.1609783343657698,-0.12614090957085367,-0.21179956819515766,-0.12389362494891643,-0.5161682249687374,-0.07392097390647656
TGAGAGGAGGATATAC-D1_Stim,0.01098380236271801,-0.015701456785421897,-0.25980770532600683,0.11976045825998405,-0.22672634866397168,0.15414488251726333,0.026881377453396027,0.09617987262534733
TGAGCCGAGTTAGCGG-D1_Stim,-0.1463562964537637,0.0038748601548768136,-0.15252487128732284,-0.1574265603822287,-0.22341068300470646,-0.10425042474075852,-0.8051608171592903,-0.06921711072935999
TGAGCCGGTCGCGGTT-D1_Stim,-0.07345013457522676,-0.014761046578474435,0.22956302619476432,-0.0512760413964255,-0.10867289450038164,-0.17239109252385276,0.03842903061386238,-0.043753563099979687
TGAGCCGTCAACTCTT-D1_Stim,-0.008743086702812874,0.06475054362823585,-0.13410851097785237,0.018795296517531312,-0.28699924998476334,0.017522597159667086,-0.4187722289832756,-0.03189346555890893
TGAGCCGTCTGGTGTA-D1_Stim,0.05438513611092333,0.044695819147571925,-0.06953152015652009,0.032926606863412644,-0.11733006892779407,0.06953957162012792,-0.3022991634934158,0.005035069017615967
TGAGGGATCAGTTGAC-D1_Stim,-0.04136588743436853,-0.018094111619726405,-0.04810719239046701,0.004261187001743494,-0.08694167827208332,-0.08576162871011483,-0.13460432959697854,-0.023452788860303997
TGATTTCAGGTTCCTA-D1_Stim,-0.017780731681909856,-0.0317171851154221,-0.1406110412363919,-0.08441750732524156,-0.19628340609624573,-0.09031293225787884,-0.7261000474537234,-0.029098953728045274
TGATTTCAGTATCTCG-D1_Stim,-0.08174122930965844,0.06443547552945361,0.33156089196070937,-0.37390090074274873,0.1519230815481052,-0.25057328416286495,-0.6890443699212376,-0.15626594934983373
TGATTTCCACCAGATT-D1_Stim,0.001394653455923489,0.00982178808682832,0.016657380039684533,-0.0868272392371825,-0.10956056053135121,-0.049510780264704124,-0.3715184904713382,-0.04911254743355009
TGATTTCCAGACGCTC-D1_Stim,0.11241123991511337,0.05168695931070744,0.051485841756247375,-0.03915476209024327,-0.3038899301063509,-0.024834849223287492,-1.0607111007341992,-0.00040059159895378116
TGATTTCGTAAAGTCA-D1_Stim,-0.05490421505046683,-0.03615791786692135,0.04560362700337084,-0.2365559212465147,-0.03809168155494369,-0.16474550390095288,-0.9498486936253272,-0.16677602045748507
TGCACCTAGGGTTTCT-D1_Stim,-0.06119869802913591,-0.00395099449095504,-0.08356825182998584,-0.012209872984399794,-0.07649164811868125,-0.04384529705921025,-0.2484643323207738,-0.01652077337127089
TGCACCTGTGATGCCC-D1_Stim,-0.035258163952416766,0.05126139092501525,-0.1490139760686242,-0.35357621201750256,-0.19349400789658056,-0.18207893903493755,-1.6520825452222372,-0.13922660273445153
TGCCAAAGTAAACGCG-D1_Stim,-0.11133667641723832,0.012340760310429744,-0.33123439298520374,-0.11777089798908413,-0.28231718975010267,-0.06836303504283947,-0.5140379282047256,-0.0669898403705762
TGCCAAAGTAAGCACG-D1_Stim,0.031100625930184478,0.09124345086940266,0.0054528220199081545,-0.026626642329409478,-0.14430829182317773,0.06917163283238281,-0.680997806537782,-0.024928458512622598
TGCCAAATCCAAAGTC-D1_Stim,0.10993139703686872,0.08071980666329814,0.18268298068333078,-0.10215489512933118,-0.03777503162435458,-0.03662223327495617,-0.5728003666187504,-0.1191193443666485
TGCCCTAAGTGTCCCG-D1_Stim,0.10471864832359756,0.05344275195213477,0.16065112588159902,-0.10417842369615116,-0.17347174805480847,0.010359177833482391,-0.5725387497699845,-0.033998753942979576
TGCCCTACAATTGCTG-D1_Stim,-0.010621627443097026,0.016976464231658994,-0.08409280338887015,-0.06441492812429139,-0.19587084664161303,-0.00304376176525345,-0.4196516854903045,-0.030031206272038702
TGCCCTAGTTCTGAAC-D1_Stim,-0.012799410507861708,0.02066490655525577,-0.04934467200018133,-0.16172505158760764,-0.025715554838740218,-0.029362793876423154,-0.320872029802846,-0.055076683328273646
TGCCCTATCAGCTCGG-D1_Stim,0.04273066716281804,0.019345074075717505,0.0519073617203718,-0.13706945931830106,-0.1071087043814849,-0.07461045529326782,-0.3911614737003859,-0.0630547406820412
TGCGCAGAGCACCGTC-D1_Stim,0.07837061405299472,0.055272066591232516,-0.05799424582484569,0.01078175660857994,-0.07073570824115905,0.03356177338723931,-0.32320722599461504,-0.0392677900972771
TGCGGGTCAGGGAGAG-D1_Stim,-0.030417659017475174,0.05144817694469239,-0.04371839655984555,-0.16172568402361165,-0.10166811325817093,-0.036890185391857955,-0.6363266044898808,-0.06284475151329971
TGCGTGGCAGATGGCA-D1_Stim,0.04894554117998062,0.05080372506250086,0.1303721324356033,0.07383177819539277,-0.3147973465493301,0.1176331949076399,-0.23140052378385434,0.09285959455246307
TGCGTGGCAGATGGGT-D1_Stim,-0.004265098364111708,0.049739907523262517,-0.043756153085380944,-0.060916668419221054,-0.16713794049194242,0.011388313644081549,-0.7973186819017997,-0.01379252139492948
TGCTACCGTAGATTAG-D1_Stim,0.09287756328130747,0.10015423797073808,0.3131760491612443,0.10688741909675059,-0.1831675737750924,0.03989072870586874,-0.09196007892173874,0.0630750871329635
TGCTACCTCTTCATGT-D1_Stim,-0.05570302758638057,-0.04118820444895199,-0.177648203358868,-0.04554139838002946,-0.21760558046616651,-0.0739543218313603,-0.43278971353387874,-0.05815043450661683
TGCTGCTAGTGGGATC-D1_Stim,-0.05389495310949677,0.041831795963297225,-0.3177174867179877,-0.15171375838815315,-0.27116063119685485,-0.17800136995692561,-1.352487947357778,-0.10126398215706445
TGCTGCTGTAACGCGA-D1_Stim,-0.025803387979946635,0.05581711832794589,0.2608938346829621,0.005118490171312828,-0.019643077502424333,-0.06004169798166714,0.1756037713036509,0.03576181511727938
TGCTGCTGTCGCATAT-D1_Stim,-0.08460955819318272,-0.05341644051801708,-0.001628285698854981,-0.1152177235279428,-0.14655058467074156,-0.14364327746184635,-0.02409430560396686,-0.06488819347370267
TGGACGCAGGCGCTCT-D1_Stim,-0.12992324640089237,-0.011658449509134527,-0.27017066198111905,-0.1705993018270089,-0.17259918127667717,-0.1326194323911256,-0.8012882671225228,-0.07317304838345784
TGGACGCCAAGACGTG-D1_Stim,0.009429559238952834,0.03901074573585461,-0.04064264925539707,-0.12034405252619251,-0.06461237362865546,0.02747415872464387,-0.36521364537302503,-0.013718289647625781
TGGACGCTCCGCGGTA-D1_Stim,-0.056889897644371246,-2.7549041766050664e-05,-0.08623435365099663,0.08143721032805118,-0.10057060244978899,0.07405384450190766,0.29076155261072323,0.0772121282216176
TGGCCAGCAGCCTTGG-D1_Stim,-0.019631082700399816,0.0024730083741388853,-0.08057412613354487,-0.17418819961880416,-0.04867425805245773,-0.050038230980215204,-0.4101661892310915,-0.0779449897859088
TGGCCAGCATGCCACG-D1_Stim,-0.0010568618255248907,0.00584914759843258,-0.07645296448148997,-0.13479035984011212,-0.10225549602130712,-0.01222539139655332,-0.39036466711299056,-0.05604146366476215
TGGCGCACAGGATCGA-D1_Stim,-0.030998781229405026,-0.03423845065751685,0.003176050668210806,-0.04638527284054206,-0.04326204336000572,-0.025629181785438604,0.018666582226726902,-0.009514987545612641
TGGCTGGGTAAACACA-D1_Stim,-0.06355462693032266,-0.0106904342269587,-0.1338993930123049,-0.19342122570152043,-0.05617506823798024,-0.12953046884094022,-0.4810441395816447,-0.06104018907111097
TGGGAAGCAGATGGGT-D1_Stim,-0.14899376508052953,-0.0359012745907048,-0.3847784641728236,-0.08981699231891582,-0.2524652103640328,-0.09169635644818364,-0.39962441270020577,-0.07341124881866534
TGGGAAGGTAGCGCAA-D1_Stim,0.035250607032999426,0.07078177796241647,-0.02735875685103295,-0.047894230990499054,-0.156876879088383,-0.004357689356535133,-0.49577679334824687,-0.04058135637536431
TGGGAAGGTCAGAATA-D1_Stim,-0.02338389256848039,0.019987040022225955,-0.06718814573008558,0.12077401303309188,-0.09300711155062302,0.18312286482279028,0.11691664755579279,0.1077774745039104
TGGGCGTCAGTATCTG-D1_Stim,-0.060750650878183876,0.015756403532137142,-0.1129973137776279,-0.13927055038073455,-0.03864381244443038,0.02213324470449507,-0.4275667753123358,-0.03039367114515734
TGGGCGTGTACAGTGG-D1_Stim,-0.05707198071250019,0.009276202653451193,-0.08427284984259398,0.09027361397896527,-0.12080264831829446,0.006014511418062085,-0.25758755626445584,-0.0045023220273616715
TGGGCGTTCACCTCGT-D1_Stim,0.006401393502121877,0.02477729496501624,-0.09027338715184996,-0.06704130425872812,-0.07248103795467742,0.06239892158232685,-0.36466622854939956,-0.005779020090123765
TGGTTAGAGACAGAGA-D1_Stim,0.07047705357988576,0.043217892909575895,0.2127175594355286,-0.01736647119453849,-0.05835414618148782,-0.06060884427534141,-0.11456234383707198,0.011591685146656872
TGGTTAGGTTCGTCTC-D1_Stim,-0.022198670030977752,0.041710010243262374,-0.10131236169741964,-0.11479850212944243,-0.023967537493627233,0.03884628849938032,-0.4869088154096026,-0.010200776368234798
TGGTTCCAGCTGAAAT-D1_Stim,-0.008105727655712158,0.03547962262122262,-0.0695044371378204,-0.17133274351851746,0.007531636944674958,-0.014245581312374966,-0.7241876333909367,-0.11010285757191163
TGGTTCCAGGTCGGAT-D1_Stim,-0.03526083311225925,-0.019733372301491414,-0.1249003077999955,-0.1933157160796366,-0.09597103082350067,-0.07661150592126909,-0.3709063178734837,-0.09142452940738899
TGGTTCCAGTCGAGTG-D1_Stim,0.036425730991153316,0.04211691590558786,-0.03491217660051582,-0.04503562378544501,-0.08505280344661337,0.008534783452425643,-0.30404790347632726,-0.010865978738666016
TGGTTCCCACGCCAGT-D1_Stim,-0.1572057025384801,-0.03256851531091165,-0.2681445771043922,-0.17248654550987652,-0.10484031459513865,-0.17468349066554723,-0.5776019028829609,-0.10805297368869304
TGTATTCAGGCCCTTG-D1_Stim,0.011890680498472861,0.06664464788541125,0.012147109620687324,-0.08043068946692067,-0.13294291562166194,-0.006489097234000596,-0.8103219682296228,-0.0800158179332211
TGTATTCCACACATGT-D1_Stim,0.012508103254878833,0.03418578943031214,-0.09671515308794376,-0.0532868710132135,-0.3658429570663895,-0.09353665984107629,-0.7654467528974678,-0.017076905534414877
TGTATTCTCCGCAAGC-D1_Stim,0.00030055701820685954,0.022746245659334363,-0.14028314869413894,-0.12686874978567175,-0.16593545971300117,-0.008769923144342329,-0.49979819973091466,-0.028385771570468066
TGTCCCAAGCACACAG-D1_Stim,-0.07237326677758738,-0.014700955520106973,-0.24852026589517795,0.018831506179983748,-0.19481454127788034,0.017647370541599372,-0.3443865832061448,-0.027772557662300912
TGTCCCAAGCGCCTTG-D1_Stim,-0.020928407194958254,-0.03721828763805135,0.02084935918699493,-0.04941341019111434,-0.10354826069275092,-0.043154518817571486,-0.14508002552029176,-0.0625290754947816
TGTCCCAGTAGCCTCG-D1_Stim,-0.05359297314437583,0.030290097080694522,0.08705484514726525,0.047822327289845035,-0.2068461551682681,0.068916717224079,-0.07598404114986579,0.05513986928724712
TGTCCCAGTTAGATGA-D1_Stim,0.0004542963494866825,0.06549942206082271,-0.17295329113041547,-0.16467448925979866,-0.10193311000123018,-0.03923939373916774,-0.7973535801242022,-0.07229155645022267
TGTCCCATCACCGGGT-D1_Stim,0.035371121226944524,0.07263718215034842,-0.08658729947548505,-0.0403300238796831,-0.09565180646951532,0.02507158239933105,-0.2937341605971504,0.010945959612186584
TGTGGTAGTTACAGAA-D1_Stim,0.045332615853547864,0.0046692126168768056,-0.107013209599641,0.19107775775817437,-0.3608038299084413,0.13575312036374676,-0.01022557505380739,0.10152098244585872
TGTGTTTCATTATCTC-D1_Stim,-0.15218640115854498,-0.03893617271548955,-0.34355093092374034,-0.000762389091038429,-0.24938348554636747,-0.08631053411259515,0.16915827362132063,-0.05720184831627151
TGTGTTTCATTGAGCT-D1_Stim,-0.08791314346883716,0.05087578230177314,-0.18502537027838173,-0.20793660266558867,-0.16692257625873275,-0.11168488065477788,-0.8296351061213016,-0.1520954215463739
TGTGTTTGTATCTGCA-D1_Stim,0.012956111132908177,0.008050666233312853,1.7268479191479003e-05,0.10779797223474219,-0.30433006424985365,0.06600281907491912,0.008737089776023055,0.05591012231729664
TGTGTTTTCCGTCATC-D1_Stim,0.02156273351139326,-0.0020069017194508376,0.1173057091676073,-0.06485163235937108,-0.06680646875923557,-0.061532890582336464,-0.22930416664456565,-0.03312694668892924
TGTTCCGTCAATCTCT-D1_Stim,0.010987710549173357,0.020033834135761097,-0.10836897236614895,-0.11835338674425167,-0.10147829785217688,0.035933022713066975,-0.31296804946757817,-0.02900489041982013
TGTTCCGTCACCAGGC-D1_Stim,0.028583214784895006,0.055055042031671775,-0.012728459637973089,0.0335424903645567,-0.17093036218127367,0.042010581954817994,-0.09774297719049585,0.046197759826137386
TTAACTCAGTTCGCGC-D1_Stim,-0.0901293977511326,0.02550080419689138,-0.22057603936470116,-0.06312216029453843,-0.328796857903658,-0.051652830968366814,-0.5120717408665278,-0.025690584756649315
TTAGGACAGGTGCAAC-D1_Stim,0.033209031373862885,0.043286332939345584,0.04934396142968911,-0.07881969931713328,-0.0604953112020965,-0.03389279843327486,-0.3298485558469224,-0.08330718570720919
TTAGGACCATCATCCC-D1_Stim,0.015089316427149058,-0.08368777052391252,-0.3432926777820384,0.08012321367944963,-0.19310620018760893,0.06827793266068305,0.18973935636388095,3.7716828575895534e-05
TTAGGACTCAGCCTAA-D1_Stim,0.10666293946677996,0.08756823415856729,0.029976462929090175,-0.09370743421090211,-0.095307081507233,-0.03527001709216471,-0.5361153368791776,-0.107084391747307
TTAGGACTCCTTTACA-D1_Stim,0.015741734018989817,0.04956146313476495,0.11035642753672725,-0.03427173893584623,-0.15899799772700263,-0.08193670657021102,-0.17951149330686533,-0.009047034333194759
TTAGGCAGTCTTCAAG-D1_Stim,0.06272350428650597,0.05677221724676329,0.16922382677753234,0.003605431532275105,-0.12273880328776343,0.006473678060251231,-0.3113891711452581,0.01090642278803955
TTAGTTCGTGGCTCCA-D1_Stim,0.05808146469006914,0.006295402089916635,0.09717896623814326,0.08553691592314294,-0.185554313285202,0.07759315599484928,0.04743067883569729,0.05313916503923366
TTATGCTTCGTCTGCT-D1_Stim,0.10510331042229382,0.09188750708452176,0.11073922005392056,0.05326257412306745,-0.04650153788996114,-0.11759297129711932,-0.08687823133930905,0.04173579691713236
TTCCCAGAGTACTTGC-D1_Stim,-0.08541023841954143,0.0010884180331824922,0.0012181267987703137,0.0343042910005682,-0.20973891004106449,-0.03431404013200279,-0.09502084987803805,-0.033690136342450216
TTCCCAGGTCGGGTCT-D1_Stim,0.011237465508031619,-0.02790538976425161,0.050216297107354535,0.012365583666495539,-0.09257870599230955,0.01821821484244701,0.03090910356690202,0.021964427539444387
TTCGAAGAGCCAGTTT-D1_Stim,-0.10368157953119983,-0.04153930961908259,-0.19925103283884127,-0.0750081434355856,-0.2054297160953933,-0.09828672460115762,-0.5364193771784613,-0.10473518943008031
TTCGAAGCAACGATGG-D1_Stim,0.0242316980935513,0.03730485470863698,-0.10017511363769316,-0.06128835242085451,-0.23822428737156542,0.0065585404371599765,-0.4151734675578851,-0.0175243827786975
TTCGAAGTCGAACTGT-D1_Stim,-0.06542489456018075,-0.00235177952448673,-0.04254881239730324,-0.15796437041912448,-0.08624960207954047,-0.04642401792040829,-1.2313481856561754,-0.052938060687381494
TTCGGTCAGTGTTTGC-D1_Stim,0.07996710688719055,0.07594999766184785,0.35258205791476005,-0.2676771906288522,0.1651487131393541,-0.3093673729770554,-0.37799616411342285,-0.13212888118388832
TTCGGTCGTAGATTAG-D1_Stim,0.004496661416172998,0.029548002347587143,-0.14782989969902083,-0.03860485515874856,-0.1828545637915422,-0.04710633087766425,-0.27066635178759846,-0.01241161740639285
TTCTACACAGGTTTCA-D1_Stim,0.005960136588669229,0.02223912067368161,0.17443688358374665,-0.03534132884220398,-0.13958359731786096,-0.10449574055128252,0.0428593679837217,-0.003759102518877455
TTCTACACATTGAGCT-D1_Stim,0.04214575119530117,0.056984205545363764,-0.1281672390062143,-0.0718582339283298,-0.19780780548835608,-0.09219410594960031,-0.31623644519836347,-0.0751452423501835
TTCTCAACAACTTGAC-D1_Stim,-0.07362088155412927,0.08588207735678566,-0.21498646869878169,-0.18818956352238558,-0.33081585684757897,-0.12474876441510752,-1.2903838401966095,-0.07657479039761306
TTCTCAAGTTGTTTGG-D1_Stim,0.0002452048809509222,-0.08004796709929707,-0.11946564813135296,-0.014095236154673785,-0.07821149538200345,0.05938457000095099,-0.18911974670312048,-0.036518897609871814
TTCTCAATCTATGTGG-D1_Stim,0.017588170202694542,0.06934889679281042,-0.052833057314754406,-0.0011718784027934248,-0.005033892501778325,0.06297039686838346,-0.3869804553360474,-0.024771121469443713
TTCTTAGCAGCGTTCG-D1_Stim,-0.11765583147555603,-0.03478872538492794,-0.413398061215525,0.026054942966966976,-0.2900780071593978,0.022119096161508978,-0.5763024514785346,-0.040831710020707845
TTCTTAGTCGAACGGA-D1_Stim,0.08495806500802594,0.07929416143635315,0.2332552249340969,-0.22611368955442046,0.0641077513694448,-0.2541305693584608,-0.453082202547229,-0.12884544350375116
TTCTTAGTCGCAAGCC-D1_Stim,-0.027019535153247176,0.0102135035541977,-0.11941177605722153,-0.07322148212047885,-0.09852178991639882,-0.004171751424548731,-0.30130724804247677,-0.04983737040826419
TTGAACGAGGACCACA-D1_Stim,0.05589568080461227,0.05114104551323173,-0.039969177147584745,-0.08133147420646836,-0.038811652802529295,0.006198580129138875,-0.33267419358521266,-0.046675881617863624
TTGAACGAGTCCAGGA-D1_Stim,-0.03153335228122245,0.02005450688645638,-0.11771360168650169,-0.10268846588185632,-0.10458302859902702,0.013632230003780776,-0.46970433210942986,-0.045252762991086826
TTGAACGGTAAGAGGA-D1_Stim,0.03734298224776467,0.0859783533549141,0.32438335858516165,-0.3191978130698132,0.1947680550657367,-0.14364883607705003,-0.9678559502845374,-0.15794422405488717
TTGAACGGTCTGCAAT-D1_Stim,-0.08694842856702856,0.03594760935405894,-0.24526471250118487,-0.003296793095515227,-0.3441117945806713,-0.061696962960512636,-0.5488382298190935,0.006123113610941644
TTGACTTCACCGAAAG-D1_Stim,-0.1545578780616257,-0.05909324491310208,-0.16050330773136512,-0.034132538170302595,-0.2430073678746627,0.08440904089351697,0.09173234539698072,-0.01253390306157165
TTGCCGTCATGGTAGG-D1_Stim,-0.009901384535524471,0.002038899321838983,-0.08217232091531912,-0.1001109515136811,-0.06009302488987878,-0.007399955751196785,-0.3801127113468432,-0.02321000735099865
TTGCCGTGTGATGTCT-D1_Stim,0.0228596390006075,0.02682359268267831,0.06321534169919474,-0.10493057118845961,-0.07256813607003565,-0.07138833286742319,-0.3810356744132619,-0.06716158385132687
TTGGAACAGAACAACT-D1_Stim,0.012979065952759328,0.022227284825351745,-0.055554815601666085,-0.1536694418833786,-0.1261576405150926,-0.035100997349070795,-0.59745270297865,-0.08330018841865261
TTGGAACGTGTAACGG-D1_Stim,-0.010723890787939894,0.035795470407162355,-0.02702618773333132,5.257195590857577e-06,-0.24454974153659137,-0.0063072388038794,-0.3614146486142058,-0.0058450479338052475
TTGTAGGCATGGAATA-D1_Stim,0.02310568785163092,0.01851746308204838,-0.07223990814223669,0.0014956376652648373,-0.02844371674720314,-0.010020110958572914,-0.3213867733668252,-0.010638479154462033
TTTACTGGTCGGCACT-D1_Stim,-0.006993021594279725,-0.04158566668612096,-0.07322644029154723,-0.11763046323254223,-0.19467181707963377,-0.1909723607385434,-0.730560662164379,-0.03929063263415955
TTTACTGTCATGGTCA-D1_Stim,0.11352757299073524,0.05133206367560916,0.1444002827252504,0.10394127614462256,-0.17992377325341025,0.01236080364709835,0.03408678297132184,0.049237114109130786
TTTATGCCACCTATCC-D1_Stim,0.04377653092626055,0.05999757512369719,-0.0955713166629586,-0.08343129461171905,-0.07737631432392966,-0.02167036991140492,-0.43235891061612364,-0.04375201324196709
TTTATGCTCCGTACAA-D1_Stim,-0.05725204769834136,0.053686278453453085,-0.2553039290017898,-0.0971341159441792,-0.20097467575245354,-0.08305205376913705,-0.6170668638192289,-0.05147886194786366
TTTCCTCAGTCGTTTG-D1_Stim,0.02841752597944769,-0.023493301515197018,0.04273676163990636,-0.002521076842146641,-0.1058164293207362,-0.016182481459262377,-0.07767519418107227,-0.024617062516250954
TTTCCTCGTACAGTTC-D1_Stim,0.0260251318140714,0.029900780133511162,-0.08672658027239954,-0.06851028719163565,-0.0648593087671383,-0.030189086090464556,-0.3290502174047738,-0.056873051059085356
TTTCCTCTCCCAAGAT-D1_Stim,0.009039334796414167,0.04348900847687531,-0.06169408107363772,-0.010660440602908494,-0.16236674937859696,0.00484542292877066,-0.3178800180554937,-0.05833169801997329
TTTCCTCTCTAGAGTC-D1_Stim,-0.006365687719114277,0.07394528137955447,-0.15912781977490198,-0.022737191657812517,-0.3777078009193353,-0.00432751579020163,-0.7614800182774708,0.029837304803780995
TTTGGTTCAAATTGCC-D1_Stim,-0.01572010426067827,-0.056078385837201594,-0.04519915042001177,-0.011675555193765064,-0.05854881843099591,0.0193502981158602,0.08747389526085314,-0.003341618558550863
TTTGGTTCATTCCTCG-D1_Stim,0.0203855042316885,0.006913852718451352,0.061113525448678985,0.03856561798466984,-0.26216856894929386,0.0057691035282676495,0.15829401977311264,0.06470199531966436
TTTGTCAAGGCATTGG-D1_Stim,0.037659131076926755,0.14779415667246631,0.016997248539146526,-0.11975695637977601,-0.3569211172062463,-0.2555853656264482,-1.5777375947217873,-0.038119476791228735
TTTGTCACAGTCGTGC-D1_Stim,-0.11093099455590227,-0.022301813317508135,-0.3173331981151062,-0.15642910393741438,-0.2528469411723222,-0.07659228247555205,-0.5113130723683597,-0.041713276241942765
AAACCTGTCCTTTCTC-D1_NoStim,0.03715137646478972,-0.01261161898983687,-0.5303795250385352,0.08537353626472033,-0.2111563123615312,0.2465945679413437,0.09339129303144134,0.01802964041332089
AAACGGGCAGATGGGT-D1_NoStim,0.008114850905119653,-0.003855741257417833,-0.3073325547043204,0.024612981658959754,-0.035734958562077423,0.03239333421200552,0.06427563457395014,0.0027486477199651915
AAACGGGCAGCCTATA-D1_NoStim,-0.04208280521392638,-0.020745461023450318,-0.29484977448482397,0.02828336151716293,0.07500216828810125,0.16661954741711416,0.10380585504603967,-0.03679241101479214
AAACGGGGTTACGCGC-D1_NoStim,0.029695542954799592,-0.023380062090195608,-0.14088135782726852,0.04814698452750754,-0.029155196089442725,0.1397283372200384,0.08433713624631611,-7.18536919350754e-05
AAACGGGTCAACCATG-D1_NoStim,-0.12706374397245135,-0.019992427498108256,0.22986781951776436,-0.008151304858074582,0.2897706593563889,0.004227163088206254,0.10990285978922465,-0.05095287158625794
AAACGGGTCCACTCCA-D1_NoStim,0.015014116860250226,0.015482775984335007,-0.15102240589328275,0.058517608472630656,-0.19599521238084172,0.0967304371568769,0.07295670801530552,0.005246096428297875
AAAGATGGTATATGGA-D1_NoStim,-0.033724464310941116,-0.027835966832048697,-0.14880200442542701,-0.011746897430896297,0.17882589192954157,0.14189873824194876,0.14514344724608197,-0.01708376173314008
AAAGATGTCTTCAACT-D1_NoStim,-0.039797114953231016,-0.01530434525396096,-0.08420298334612397,0.00033828516108158624,0.0003814372134769428,0.07708108308548134,0.10667845698018308,-0.02349297552330576
AAAGCAAAGGAGTCTG-D1_NoStim,0.01334615332030431,0.03682720490443181,0.02500856404028262,0.07991123879514639,0.04194994181681011,0.06804093614325524,0.168906602034391,0.02777053122142803
AAAGTAGGTATAGGTA-D1_NoStim,-0.00339367718705752,-0.005775719501063037,-0.15631832929532763,0.12924079269300748,-0.15058155190998157,0.11997892783232622,0.2274915882431685,0.023295653245455128
AAATGCCCACCGCTAG-D1_NoStim,0.006786976442674231,-0.043384968716575045,-0.12866145024877085,0.04481184582198772,0.1374861395422684,0.12503942946111124,0.3456516549880009,0.01906686604058727
AAATGCCTCCTCTAGC-D1_NoStim,-0.08395553947689294,-0.03260168929494078,-0.16110759390373275,-0.022475253771563786,0.06236421421946403,0.09740346214281637,0.05256916609581186,-0.03843840337801652
AACACGTTCGAGCCCA-D1_NoStim,0.031428620503643145,-0.08247605777295597,-0.2303511783825538,0.06834538309886184,-0.0786736021605634,0.3311435162535261,0.23180097514362918,-0.008287167809834628
AACCGCGAGCAGGTCA-D1_NoStim,0.06584787846371754,-0.024594104849400722,-0.2715076915945005,0.08005458327686732,0.019903303706875874,0.18465912254901262,0.16409361255847044,0.03271878593587729
AACGTTGAGGCTCATT-D1_NoStim,-0.04958254217326008,-0.0754977028450039,-0.06327170966292428,0.00039230993641936607,0.25200865119087723,0.18641544643568864,0.13861665252763267,-0.019024487601141615
AACGTTGTCTAACGGT-D1_NoStim,-0.12147150875802559,-0.07561574061922904,-0.8034919753177512,0.02309516615189544,-0.3259819250576026,-0.0007622580650297195,0.1183636127663501,-0.04859774207951517
AACTCAGCAGCTGTAT-D1_NoStim,0.008430089254325424,0.04365712407521194,-0.029631597640575436,0.048913453474838775,0.031665085969960316,0.021162189068096637,-0.015470538571661585,0.021829367260826515
AACTCAGGTATGAAAC-D1_NoStim,-0.021789435061185358,-0.0593525764091396,-0.17472897095044715,0.01599980982266125,0.08613271216298912,0.18038255801078673,0.14398777015581743,-0.024337332127378986
AACTCAGGTGACCAAG-D1_NoStim,-0.0259803648051804,-0.15418729118627894,-0.4085869230247354,0.12504260227273178,0.21680124811975077,0.3830756902686536,0.31015763510403627,0.023348144506350366
AACTCCCGTGTCCTCT-D1_NoStim,-0.11710964105369115,-0.04395031555517548,0.04912649932959923,-0.19144903340358788,-0.02342533233881383,0.12557894420032056,-0.35459637369456054,-0.11201268816154553
AACTCTTCAATCTACG-D1_NoStim,-0.061919097014763835,-0.012714901574911508,-0.13937389268294886,0.0497100050235737,0.11372743444115052,0.09383716598168235,0.219171836459636,-0.012038084750310318
AACTCTTCATGCATGT-D1_NoStim,-0.00391989754825417,-0.06947172672231261,-0.4787900149280837,0.043236272277583865,-0.2465520026249468,0.050432085404659155,0.2160635817102019,-0.024020486706485045
AACTCTTTCTAACTTC-D1_NoStim,-0.01923761821914205,-0.08828727118208946,-0.9386104427794457,0.13942840687315083,-0.2618265062728309,0.16336294452720246,0.24634875922005595,0.0007004974977533607
AACTGGTAGGCTAGAC-D1_NoStim,-0.08407887637306999,-0.1107741487675753,-1.00504760928027,0.0839485835158218,-0.42761826405542536,0.0881551863763157,0.7225911849695432,-0.03812065809365173
AACTGGTAGTTCGCAT-D1_NoStim,-0.06461390760637897,-0.08582120202108534,-0.4399317099497715,-0.05676682455106352,0.12306827463524428,0.08961917376594997,0.09364524493744675,-0.05580433408974983
AACTGGTCAAGGACTG-D1_NoStim,0.02176963945615995,0.00023302527274005058,-0.21488320338763067,0.06267050074432667,0.04337846022074743,0.13893848573301426,0.2833681194995856,-0.003312350639776085
AACTGGTGTTCTCATT-D1_NoStim,-0.18512595472276594,-0.03027698482363661,-0.08134667404800133,-0.33780460826511316,-0.07860326034224485,-0.14577491064849646,-1.3482830550072595,-0.2623676821278984
AACTGGTTCACATGCA-D1_NoStim,-0.03591969942298512,-0.0013722306365462345,-0.10270163210233285,0.12311278042806606,-0.1606637768370227,0.03230904870210516,0.135563303221792,0.06507791700854426
AACTTTCAGACATAAC-D1_NoStim,-0.09758040818223179,-0.012278730813825689,0.280857774333203,0.01757966171525105,0.10498424155418817,0.047176940782343024,0.07998153781182804,-0.028142376662321666
AACTTTCCACTTCTGC-D1_NoStim,-0.01044656548216416,-0.05098699103603721,-0.7835014622842369,0.04403265264734735,-0.3322426205696445,0.03589951580410489,0.2979236207339313,-0.003123290644525767
AACTTTCCAGTCCTTC-D1_NoStim,-0.04961482473985157,0.01840613184650941,0.11000986976432259,0.0034603650381193063,0.06401915194093633,0.024526518340080017,0.07469003520866035,-0.031148908488020766
AACTTTCGTAAATGAC-D1_NoStim,-0.0017650816540459857,-0.06495540829870272,-0.2308501029636556,0.06923731108484077,-0.08910628928890674,0.2274827739341534,0.1135751546978434,0.006838064883142536
AACTTTCGTGTTGGGA-D1_NoStim,0.036079205995401153,0.022731306634694803,0.03951112367251319,0.090864872441216,0.013751874743284986,0.08033879305491176,0.22573099708412858,0.0320415929984712
AAGACCTAGGCAATTA-D1_NoStim,0.043691987261137655,0.010002612136524647,-0.39270559901506275,0.04083138332766545,-0.14376859747423154,0.009996511314287915,0.027622057337483685,0.02923601059864822
AAGACCTTCCTTGCCA-D1_NoStim,-0.1442852777218846,-0.10477684067339865,-1.06981127051856,-0.1406077234691061,-0.04311409539422684,0.06356882069474423,-0.11996817603123233,-0.10732931742021634
AAGCCGCCATCTCCCA-D1_NoStim,0.0348474065816653,-0.02895871207200784,-0.13027525356807246,0.009818507197870474,-0.1713183567300014,-0.0025058157344206577,0.038271873001535894,-0.014463916354021222
AAGCCGCTCCGCTGTT-D1_NoStim,-0.009256590761662409,0.004112888664788983,0.2091951643595742,0.05893361961589605,0.11161656985567348,0.08870288307666208,0.14573929907397876,0.0065283628631114254
AAGCCGCTCTCCTATA-D1_NoStim,-0.07275210127863829,-0.08490573542674795,-0.6785336872033199,-0.051453315123733745,-0.151922453235942,-0.12282155256925442,0.1543988664107232,-0.07883505348363329
AAGGAGCCAACGCACC-D1_NoStim,0.009277452892215265,-0.017385682367208943,-0.13028790328599804,0.03080051426559649,0.06887397146577001,0.15234083142975674,0.12467055086723056,0.010007963884733684
AAGGAGCCACTGAAGG-D1_NoStim,-0.05395008315704963,-0.01969424373358919,-0.3571480924119257,0.02169061848698739,-0.11806991198488781,0.0937829712072702,0.18963182677833323,-0.03257478817417514
AAGGAGCGTCATTAGC-D1_NoStim,0.053288853452452045,0.02943469422931777,-0.09310024748194046,0.13975538115911945,-0.021220642043020987,0.08534883324914233,0.2686743847804367,0.02379108573362032
AAGGCAGTCACTTCAT-D1_NoStim,0.012903745180841142,0.02173070560478685,-0.06139383854397984,0.07964455835181816,-0.01742741372712686,-4.557787725723017e-05,-0.008896435692831162,0.0011204932598065653
AAGGTTCAGTCAAGGC-D1_NoStim,-0.1976271320541123,-0.048003173392693554,-0.28594612707556166,-0.1860807644783673,0.010299740442228256,-0.03065956837579975,-0.3560712329599651,-0.14850783835520787
AAGGTTCAGTCTCCTC-D1_NoStim,0.0199803523722899,-0.09637978681408299,-0.36942838657909327,0.0991445877166548,-0.04752752212506195,0.16129642033155278,0.1397119114517178,0.016568575862340396
AAGGTTCGTGTAATGA-D1_NoStim,-0.014831085046891346,-0.09328668062824441,0.018134435788184078,0.07653301224767084,0.1683104155385884,0.2185963667211892,0.23503132208186583,-0.027913152261211494
AAGGTTCTCATAGCAC-D1_NoStim,-0.07474305432332606,-0.06599552674534515,-0.14336320310694006,-0.042056226242721095,0.19808923562911573,0.10805530097514815,0.07048844643134533,-0.04526128086312475
AAGGTTCTCGTCCAGG-D1_NoStim,-0.07046639603409766,-0.04785712811662002,-0.06271950046033936,-0.010358427101252232,0.08688334154855326,0.10593494799711856,0.11852808563391548,-0.027868929028469935
AAGTCTGAGCTGTTCA-D1_NoStim,-0.10652368919223676,-0.05740106201328388,0.12025475739302571,0.012105178000460626,0.11575245733535411,0.14703578304222376,0.1154950488197688,-0.02735955153103653
AAGTCTGCAAGAAGAG-D1_NoStim,-0.2283547421398211,-0.05561337631269758,-0.4668399768540006,-0.0878630449382225,0.06479048450143488,0.04712398726200906,0.05010861954738299,-0.15130803821563177
AAGTCTGCAATAGCGG-D1_NoStim,0.04639355285780411,-0.07125684783063768,-0.14050659804955856,0.04525156446902656,-0.04029098686067201,0.06662657731224275,0.08360873864029239,0.013800631087487858
AAGTCTGGTAGCAAAT-D1_NoStim,0.001325551673366121,-0.12145509494120965,-0.3151561860442218,0.08576319930172538,0.008875263926437782,0.2581544382407799,0.23016365066902367,0.011579946142255437
AATCCAGAGAGCTATA-D1_NoStim,0.05201066980836089,-0.023203278979197606,-0.4843788030993217,0.05769897608636221,-0.20554960434393088,0.017171513235908265,0.07286159402632109,0.000991468408811258
AATCCAGCAACGCACC-D1_NoStim,0.027566869667356997,0.014797215716038536,-0.4113653349225199,0.049956025157060324,-0.1355772659284611,0.08957698831710204,0.024286283058586378,0.008313653404506738
AATCGGTTCGCAGGCT-D1_NoStim,-0.10213629579964056,-0.0339913963296361,-0.17439895064275035,0.005075123646802737,0.1484717583175179,0.17743916646999924,0.06154149443899648,-0.06451556579261641
ACACCAACACAGGCCT-D1_NoStim,-0.007664209541214717,0.030080285245622562,0.07263197852404701,0.06758332965678449,0.06813321779406145,-0.007736683968348146,0.12715347700488788,0.008001121101775865
ACACCAACACCCATTC-D1_NoStim,-0.09757491201269275,-0.06516518545911865,0.0885232997211407,-0.06107663716549361,0.07737277620152128,0.19543754670031888,-0.32839992430651854,-0.028223319958154747
ACACCGGTCATTTGGG-D1_NoStim,-0.07767377756026583,-0.03348192863571775,-0.21534328279720683,0.12464031206475212,0.16785833714654785,0.20675403836888506,0.3066525463743375,-0.000728186713622847
ACACCGGTCTCTTGAT-D1_NoStim,-0.03570977782817053,-0.038451280435495505,-0.25095655218077795,0.049648256800363555,-0.016253751953689388,0.1958540310626269,0.1380877310425186,-0.004215547675665121
ACACTGACATGTCTCC-D1_NoStim,0.008704991475577017,-0.005941396096483587,-0.28223966348623364,0.14301386844236674,0.02121382348775569,0.2776432153199435,0.16959583083388452,0.02366268554891171
ACACTGATCGCTGATA-D1_NoStim,0.040679641521712995,-0.036636496727624035,-0.3048026583918837,0.05800454964938595,-0.06342773494175447,0.3058437661761646,0.09247823409405331,0.026852526149953704
ACACTGATCTCTGTCG-D1_NoStim,-0.01471382632982099,-0.10091160212427042,-0.15743336529701502,0.04857481518298101,0.024583011421482226,0.12925005828378833,0.09555282835136447,-0.03890837400175862
ACAGCCGCAGCGTAAG-D1_NoStim,-0.021107855870971193,-0.007458040926470844,0.1094743908797593,0.03458392098086449,0.03213902053679263,0.03212588356764634,0.07303171363873862,-0.009046827692893444
ACAGCCGGTTGATTCG-D1_NoStim,0.04753967755266686,-0.05370241618721572,-0.14072359484618424,0.05010835428770477,0.0747872113034731,0.13755041992409023,0.13572734245958484,0.006720606240449456
ACAGCCGTCTGGTATG-D1_NoStim,-0.03568202861115388,0.023551173571373596,-0.1280990092389338,0.06909003626661203,-0.11281989953889493,0.10301376071201851,0.16462737253052406,-0.005946797797065528
ACAGCTAAGGGCTCTC-D1_NoStim,0.035051236855883516,-0.020210486409967032,-0.018302007721777258,0.13467361883353846,-0.09748706597844858,0.16537637193338828,0.3754461485545866,0.02691737476078515
ACAGCTAGTTATCGGT-D1_NoStim,-0.047928345481036416,-0.04075144397483044,-0.112229183808644,0.11675887313712252,-0.18636425136597623,0.22187877153154822,0.26726043489902995,0.0747532244879654
ACAGCTATCCTGTACC-D1_NoStim,-0.03104357038444583,-0.05201937875405527,-0.09362289433960669,-0.01400457961712398,0.2096966261658011,0.1535007538701727,0.12712136521348594,-0.006775740187473289
ACATACGCAAATCCGT-D1_NoStim,-0.02887689117935288,-0.06129343652255059,-0.13877618615929954,0.01936325729655053,-0.06822882533061403,0.08641182457692054,0.07075501853854504,-0.00533998512884537
ACATACGCAATGACCT-D1_NoStim,0.05567558120432459,-0.048045644771466556,-0.3258654352563948,0.1258366297759661,-0.09396876729953085,0.24159484313696478,0.1719259914494362,0.020017839333402065
ACATACGTCCACTGGG-D1_NoStim,-0.041519039616398246,-0.07649743523852415,-0.49789608901041404,-0.0512833978730729,0.07006763104824287,0.12068712093264011,0.11878897555385404,-0.06305275603573612
ACATCAGTCCTAAGTG-D1_NoStim,-0.022509851319851393,-0.001997133799612527,-0.11428526754476209,0.14347447356314547,-0.00214929967807187,0.10210060258387088,0.3166152400696953,0.05878766711241745
ACATCAGTCTGCCAGG-D1_NoStim,-0.18827558408762357,-0.06253993032097505,-0.06650222313793464,0.012788957380161392,0.1361597230718985,0.1388151756482392,0.08511954985325865,-0.0659868162884596
ACCAGTACACGGTGTC-D1_NoStim,0.03670705961298637,-0.0010284144057433053,-0.2854104184866202,0.030888690867062252,-0.17421805209520969,0.02863046336444519,0.014333644560036607,0.002016624500299713
ACCAGTACACTTACGA-D1_NoStim,0.11880894141235743,-0.06366728783269338,-0.12358141517273502,0.12478851126996737,0.015416616737613964,0.30905718471278476,0.2947813708286775,0.06303810915504826
ACCAGTAGTAATCACC-D1_NoStim,0.035456729579514956,-0.12979640667872339,-0.23524470281938825,0.12676391687898203,0.05943211109251578,0.22211184064240097,0.2807163783900877,0.02255037968329532
ACCAGTAGTCTTGCGG-D1_NoStim,0.05280701712167435,-0.04962271571281285,0.12503837431030362,-0.03710020939725567,0.054185750313054726,0.06903824138953318,-0.14857275260677305,-0.004255847464895268
ACCAGTATCTTGTTTG-D1_NoStim,0.00698597276572599,0.00869827288823366,-0.2537453669455978,0.046297117201094196,-0.06061118037359137,0.12194685800719007,0.09401642226893969,-0.003693951439666776
ACCCACTAGATGCGAC-D1_NoStim,0.1048408183830869,-0.05670728609264586,-0.07581134569062264,0.08049073050066724,-0.0017134982837045953,0.09583433350670312,0.0873126875811785,0.021422284453683105
ACCGTAAAGATATACG-D1_NoStim,-0.12103929239425781,-0.05433114769268066,-0.21882212254284994,0.12087768513671904,-0.15096833882360805,0.12115777115223203,0.24846827657654735,0.05152535770555389
ACCGTAACATGCGCAC-D1_NoStim,-0.1093637125692073,-0.0774077807060376,-0.4797879475425457,-0.0019438129913584845,-0.07144543390812075,0.05656543898441768,0.05030781463102407,-0.06477701905269129
ACCGTAAGTGAACCTT-D1_NoStim,-0.04204462650318952,-0.017033768366504276,0.14331692653763106,0.03544326781192986,0.07015947352475393,0.04506667660227137,0.14810963433340962,-0.026713483130022198
ACCGTAATCTGCGGCA-D1_NoStim,0.032312722431921514,0.035618242001223877,0.05393158405472498,0.11202986688524241,-0.01711736410107001,0.07984173248958548,0.29317212671245496,0.028656555034732634
ACGAGCCCAAATCCGT-D1_NoStim,-0.01664242912954883,-0.09698012016175639,-0.34540924025806596,0.18511528235359798,-0.19646023021925352,0.1834266553203534,0.2775179736907605,0.040108792945543925
ACGAGGAAGCGTGTCC-D1_NoStim,-0.17898095082362708,-0.05394760080380223,-0.2830307450477356,-0.060218535149399344,0.1316593298280786,0.0906957141220861,-0.029342288353884527,-0.09585065141203941
ACGAGGAAGCTGCGAA-D1_NoStim,-0.11362169411345313,-0.008577895664563684,-0.3186860521204622,-0.04524175153948917,-0.012346293636896988,-0.009918965921861478,0.019713277252704664,-0.08063508817393483
ACGAGGACAACTGCGC-D1_NoStim,0.017131583029440733,-0.08166242817980951,-0.001703600968388841,-0.014715065886484524,-0.03386977886159137,0.11760880313856426,-0.33699729894347197,0.006765342438692201
ACGAGGACACATCCAA-D1_NoStim,-0.017605340842219874,-0.14263520969148047,-0.3030100579694981,0.08194094264421992,-0.0597020377150681,0.15294924464563753,0.10356098943599568,0.022542391679436946
ACGAGGAGTCCCTTGT-D1_NoStim,0.07014535431616409,-0.06417369509335202,-0.42301959761039853,0.16990684848359372,-0.1668890397903091,0.2501489515540989,0.2396104264745773,0.05366116156053913
ACGATACAGCGATGAC-D1_NoStim,0.06888509480065252,0.007843886451242454,-0.2175436156192312,0.05676781208447679,-0.17333247052004808,0.03277981242933414,0.0007463247230128367,0.015915084879836172
ACGATACAGGGATACC-D1_NoStim,-0.052518279999086204,0.01587291012789116,-0.03675030997642992,0.05159989787829389,-0.07358312132861577,0.0939372629100994,-0.08076148542832762,-0.011419131698026774
ACGATACGTTCCAACA-D1_NoStim,-0.07529470942195715,-0.02236415820575388,0.027683956625981665,-0.01678524903133294,0.1083006198729155,0.09763575892895915,0.08708583239039847,-0.035004522979091846
ACGATGTCACGGTAGA-D1_NoStim,0.0691513289986112,-0.005143563094451409,-0.3671256734330761,0.03214899317037734,-0.05234399629697428,0.0862275598894966,0.044797488584453315,0.007973197621920391
ACGATGTTCTTAGCCC-D1_NoStim,-0.09665465115815586,-0.09083237093077479,-0.8643725074977642,0.10265489713320086,-0.4175119841723447,0.1391062627092463,0.2620410998576448,-0.0008447031335414579
ACGCAGCTCAATACCG-D1_NoStim,-0.017377825469703012,-0.006175476767170451,-0.2999639139489432,0.04364510781300446,0.19385347096408978,0.14505846889780827,0.10990822142046808,-0.010548382698450709
ACGCCGACAAGAGTCG-D1_NoStim,-0.016654911327288247,-0.14387802796844795,-0.566162119525794,0.11681208894869144,0.06300079068660658,0.34780203155560585,0.3418578080853054,0.01557107596500451
ACGGAGAAGGAACTGC-D1_NoStim,-0.08049076690179469,-0.04892021364990917,-0.165900569311054,0.01918764056243205,0.19862358968663507,0.27361784291163893,0.1534252309217532,-0.02256035713541671
ACGGAGACAGATCTGT-D1_NoStim,-0.014102202124728791,0.010652457707301721,0.14109683840760745,0.08074335585175163,-0.03800802617254462,0.03132061778917539,0.24802996491087992,-0.006710306495357088
ACGGAGAGTCTCCACT-D1_NoStim,-0.2875533680819977,-0.031524722912052994,0.4760643184736555,-0.22142996018406613,0.4889769973512639,-0.05149091912362813,-0.18797845076292585,-0.12887032819572397
ACGGAGATCGTTTGCC-D1_NoStim,-0.05861028903872523,-0.01011157562788334,-0.1312042153684807,0.01089301539547094,0.16300433355116617,0.13203017987421894,0.1255028980245383,-0.017121098324633266
ACGGAGATCTTTACAC-D1_NoStim,-0.09978769854526703,-0.07520126181399966,-0.8120211721390476,-0.004941770664247613,-0.16345706118777237,0.15083283229783984,0.14787735519208978,-0.05934653287593861
ACGGCCAAGCAGATCG-D1_NoStim,-0.05017593870460679,-0.055496413430697444,-0.8288233615729883,0.07559199383678994,-0.3212025928086941,0.07539201373746263,0.29329980195060035,-0.02262584855425942
ACGGCCAAGGCCCTCA-D1_NoStim,0.020780658862912915,-0.11805492969559062,-0.667069300370283,0.19310279986090428,-0.0598107135239232,0.4080422670730153,0.3165722273735896,0.047882630120737346
ACGGCCATCCTGCTTG-D1_NoStim,-0.062000987115238715,-0.09451936356371604,-0.9149829628456523,0.042381700329960026,-0.3688309796962894,0.10519654441495518,0.21593449094005956,-0.03246577481599999
ACGGGCTAGCTCCTTC-D1_NoStim,-0.03723272418992529,-0.0022762919784575786,0.013368890753095997,0.03457470878506186,0.09176442108126714,0.02869167476035983,0.12365566759126789,-0.020144059051453667
ACGGGTCGTCTTGCGG-D1_NoStim,-0.010419056720355258,-0.048189865464893344,-0.12495294851832561,0.0854360994413792,0.08529436265360602,0.2808558834386261,0.23363477589851334,-0.016779201854980386
ACGGGTCGTTGGTGGA-D1_NoStim,0.00923585040494146,-0.013120358036415425,0.10969106179193133,0.028793947542167686,0.09823959019418282,0.1417738526307728,0.11655008198935146,0.006371668991826951
ACTATCTAGCGGATCA-D1_NoStim,-0.10962937524020866,-0.12547474496599165,-1.0113062020958434,0.0069897435797035,-0.3243926435834279,-0.07768646306561244,0.5644150948767477,-0.0799895199178966
ACTATCTCAATTGCTG-D1_NoStim,0.07179111827717577,-0.051198128036153534,-0.6885715038791602,0.13478152843616087,-0.28582065747372276,0.16905604480244207,0.1938273953091918,0.03461223256882384
ACTATCTCAGTATCTG-D1_NoStim,-0.0926117476452557,-0.01456577337262921,0.02571193360081736,0.014718410577964747,0.11269286825433156,0.0933720162379732,0.08892959373655174,-0.050390632526511325
ACTATCTGTCGGCACT-D1_NoStim,-0.012640130482679979,-0.09319959624725804,-0.23194963572429117,0.030134177871921963,0.05955767542356405,0.2595495606440448,-0.04635884173804783,-0.010414575444013252
ACTGAACAGACTTGAA-D1_NoStim,-0.04834412138099076,-0.06255996351935522,-0.23784226580477252,-0.024668809424149174,0.1276059861052552,0.10698025563947589,0.12841537247424561,-0.03489379397230152
ACTGAACTCTAACTCT-D1_NoStim,-0.048249887348671194,-0.013850889490145235,-0.048704592510063094,0.03334202784140139,-0.08644868489568935,0.06168638294682616,0.0595050190077977,-0.04739495429294216
ACTGAGTGTTAGTGGG-D1_NoStim,-0.006076251155564094,-0.0008087739859643506,0.2035389143051809,0.06578928924158411,-0.014781310210722154,0.10017777244667059,0.14234972104526644,0.006459758371972768
ACTGCTCAGCGTGAGT-D1_NoStim,0.10560395964589553,-0.044545502846146334,-0.2955586606193119,0.11087463320146185,-0.05018280293079158,0.20857043182778146,0.06106322903950501,0.016637377941536968
ACTGCTCCACCAGGTC-D1_NoStim,0.02887102277126452,-0.04887366086405187,0.03315624312501875,-0.06255226451038176,0.05787535724336479,0.29586860349049005,-0.2533016490531086,-0.038466860972132366
ACTGTCCAGATTACCC-D1_NoStim,-0.028348746292708782,-0.007823238207532057,-0.1506676148655277,0.05546884091650739,0.1773062327059005,0.15519456291318967,0.2050786701936107,0.0009747648136251286
ACTGTCCCATGCCACG-D1_NoStim,-0.07196956738760996,-0.030683735389340328,-0.1587936567625423,0.037175502459330545,0.06485386134348481,0.18862879193430793,0.12385246957971585,-0.0040915486595345385
ACTGTCCGTGGTCCGT-D1_NoStim,-0.07063927642176537,-0.004880580863918738,-0.3688141098570199,0.0019884560615270885,-0.029439115845374175,0.06379039155001376,0.032821289200157366,-0.019853012362956335
ACTTACTAGAAGCCCA-D1_NoStim,-0.05181300614529327,-0.018315847535088636,-0.176142595464853,0.0229785407308416,0.21623429452294118,0.15170320107774682,0.11305464194738724,-0.03876669140769806
ACTTACTAGTGCAAGC-D1_NoStim,-0.13729165168283153,-0.10095555491675867,-0.5731494048424324,-0.04500086494799227,-0.0381334773594908,0.05511266746718846,0.03719270841765976,-0.09673765333580775
ACTTGTTCACCTCGGA-D1_NoStim,-0.05964819548405842,-0.11265859423029667,-0.9402437367129757,0.1621931995871897,-0.12143441874999539,0.12522093278540947,0.7524616891816969,0.009307291075771218
ACTTGTTGTCTCACCT-D1_NoStim,0.025458379485751692,-0.03199389458194446,-0.07971203373308988,0.03239542287190389,0.0643152734610446,0.21188226169211077,0.06265492889987812,-0.005571703280796925
ACTTTCACATAGAAAC-D1_NoStim,-0.05070251196443287,0.005946346275193193,-0.11055887582756085,0.10729563779074702,0.02066011891047559,0.15810359313324618,0.21023091200254163,0.012190046665086385
ACTTTCACATCTATGG-D1_NoStim,-0.2879091778257994,-0.051366068050754166,0.11246009573541293,-0.09100620908274948,0.14131064173945695,-0.021124306880746957,-0.0674204395929987,-0.1589990342128278
ACTTTCAGTTGATTGC-D1_NoStim,-0.004917712871797875,-0.0349270379575497,-0.44504074776178904,0.06895683996027557,0.10381161504900405,0.09737299657259602,0.10213101816859105,0.025469686536888858
ACTTTCATCCCAACGG-D1_NoStim,-0.04122889523316786,-0.006143070343398449,0.29236024998310484,0.07977014618920464,0.2165178572759654,0.07486576009215717,0.1508905715733322,0.007260639409153669
AGAATAGAGTCGATAA-D1_NoStim,-0.025872264615653506,0.0002987103705773819,0.005919519766894865,0.036840412595555705,0.034311780327080044,0.1090837358410468,0.10710813401576402,-0.0132952218929141
AGAATAGGTCGAAAGC-D1_NoStim,-0.023075252018776027,-0.014757155323509963,-0.08442998126802692,0.0333724108970177,0.022626383252045912,0.11998615279414793,0.20880418459913486,0.004675373419933848
AGACGTTCAGACGCAA-D1_NoStim,-0.02074910496125071,0.003558711770789813,0.12010712111096389,0.050282559081061606,-0.027757627401104656,0.0533436249229613,0.1841524065172635,-0.01235152066563927
AGACGTTGTGACCAAG-D1_NoStim,0.0704548998912582,0.00892987843731774,-0.16091763771528278,0.08470807909444389,0.031229127411959823,0.15420456297495821,0.02471728403623219,0.018762171628965874
AGAGCGACAATGTTGC-D1_NoStim,-0.10042759043468585,-0.10041313588659051,-0.5014571723147458,-0.04301916808541506,0.059625377090751996,0.09179685542198435,0.07438141247640218,-0.07964577423373775
AGAGCTTGTTCGGCAC-D1_NoStim,-0.012707163268508737,-0.00012045897947388085,0.0028659580332472956,0.03683705635806156,0.13740371992705036,0.07802076763940846,0.17324991344677887,-0.02323012427045157
AGATCTGTCAACGGGA-D1_NoStim,-0.03385909741773574,-0.04370662539920289,-0.35559915042512813,-0.009463928686599843,-0.06494778744062835,0.022512416715109396,0.04577479778465321,-0.04334713209147267
AGATTGCAGTATCTCG-D1_NoStim,0.08513099803859525,-0.11209566466318321,-0.2214841106043277,0.17187968961726696,-0.09364342079569177,0.3788170396157753,0.28203975636522705,0.07690461128243875
AGATTGCCACTAAGTC-D1_NoStim,0.03782678054344757,-0.03384383275190039,-0.10110857219424219,0.04847245175747439,-0.055636680171147646,0.051866276791241894,0.06491974682315815,0.007206861966718492
AGATTGCGTATAGGTA-D1_NoStim,0.013813298941560248,-0.07794368323250467,-0.27326612320827337,0.1510005735011557,-0.09778024095358617,0.31620839351321894,0.30403981176414074,0.02109441018474989
AGATTGCGTCCAGTTA-D1_NoStim,-0.11387572415540426,-0.019963944949928702,-0.11646043241123394,-0.057950603697300096,-0.023938520075777348,-0.020798095201180367,-0.06247517557600535,-0.07264225143162939
AGCAGCCAGCAGCGTA-D1_NoStim,0.04250212100302342,-0.014856812125477958,-0.32251636702356556,0.07479382116599709,0.18237408078024941,0.2010870504656932,0.18463116668454527,0.020314342307051092
AGCATACAGCGTTTAC-D1_NoStim,0.0642267909841081,-0.01734746965623124,-0.3510510617949052,0.05088713460861349,-0.10831183020538049,0.06868874391999125,0.02189237196040894,0.01832765008260928
AGCATACTCCCAAGAT-D1_NoStim,0.060205371155367615,-0.0812760710162177,-0.2474354962061689,0.08804279494203726,0.03091672966745307,0.23591525074496555,0.07738434896588631,-0.0014309258457654295
AGCATACTCGCGTTTC-D1_NoStim,-0.14068946167070528,-0.015366560593498946,-0.3050221010321259,-0.023270525274725173,-0.04090544114253092,0.013273761124202643,-0.012163493805851022,-0.08679793951102432
AGCATACTCTATGTGG-D1_NoStim,-0.16529116385481757,-0.026402484263726933,-0.1478877669827483,-0.017539937795479688,0.11353504268904757,0.036169657714999026,0.044251302349772814,-0.051999156643297795
AGCGGTCGTCTAGTCA-D1_NoStim,-0.037063736282888726,-0.01091118343682318,0.19053196472316358,-0.042545420757216235,0.3402484322000294,0.21828291572457914,0.13065590903532165,-0.030403841533935605
AGCGGTCTCTCGTTTA-D1_NoStim,-0.06275843359863131,-0.05905611790542764,-0.6360194288116059,0.11464953252828458,-0.2641267805006482,0.04417825161592237,0.5444182143436853,0.003711811404819798
AGCGTATGTAGAGGAA-D1_NoStim,-0.009365817587193348,0.00143800001105987,-0.330188229029158,0.06960142188967211,-0.05412183224129663,0.11451871371488309,0.0934431223415535,-0.003606577703875402
AGCGTATGTTCCGTCT-D1_NoStim,0.07433689313202407,-0.014269949152454942,-0.5474523397207598,0.07264756987208898,-0.16906362012533016,0.12880555593181242,0.07302277306122695,0.03516740012604025
AGCGTCGAGTCCCACG-D1_NoStim,-0.08275943216734838,-0.05520803101230065,-0.09699582290542708,-0.05031101475371358,-0.06285087769346909,0.1748120854426265,-0.13951656950695224,-0.060694433308265516
AGCGTCGGTTGACGTT-D1_NoStim,0.05749713128466283,-0.09626701028454221,-0.44513286741437774,0.11991301862535053,-0.06758131274396817,0.24264824486340508,0.12607170511048116,0.01841245283656079
AGCTCCTGTACCCAAT-D1_NoStim,0.03434547069415572,-0.001006804576558551,-0.39332338611304607,0.014789187103934509,-0.04494192849359102,0.030425933763463142,0.03875148058301958,0.006575982981852135
AGCTCCTGTCTACCTC-D1_NoStim,-0.09825490608629295,-0.01875095973197105,-0.15645936267337035,-0.002365336636811932,0.14993003354973844,0.06781577255620252,0.07033184986820817,-0.03794529263380397
AGCTCTCAGCTCCTCT-D1_NoStim,0.01237616634524663,-0.05322760461690912,-0.9741383114735065,0.1950540586921896,-0.32376989942826917,0.18503702029426172,0.22334961866572822,0.021300264708033367
AGCTCTCTCATGTCCC-D1_NoStim,0.00012729509686337792,-0.051165343860054335,-0.6792070011431086,0.08695766206924915,-0.22730009573557552,0.04629354477307679,0.11622901649184847,-0.007076632715085296
AGCTTGAAGAAGGTGA-D1_NoStim,-0.016901945141107433,-0.049715546580836545,-0.18758326019254312,0.012451064196788764,-0.01114924917623128,0.10761634787987262,0.27736108181330277,-0.021891927635012465
AGCTTGAAGTTGCAGG-D1_NoStim,-0.2234816728528859,-0.06713460145826033,0.09257064460701514,-0.11641309229282015,0.18709497397634145,0.07007688876437435,-0.3084401623996751,-0.11693114346190825
AGGCCACCACGGTAAG-D1_NoStim,-0.0076455014879464045,0.010223515160737051,0.041908262457480916,0.09960432758735216,0.04095889113248141,0.03954512654159892,0.17773051919112737,0.016760359298210403
AGGCCACGTACACCGC-D1_NoStim,-0.052985532979409555,-0.015084444359626303,-0.05103394019136864,0.06405302300631632,0.16857455016201328,0.15714796579621826,0.20506180884229686,0.019356976985227092
AGGCCACGTGAGGGTT-D1_NoStim,-0.13024211096492522,-0.03241143180045647,-0.16919937079346603,0.014193353442120582,0.24290373207367466,0.16892126661484586,0.08898743821038879,-0.039310235367830515
AGGCCACGTGGTCCGT-D1_NoStim,-0.007157874429537969,0.008320816650186913,0.01723942845989157,0.11838713327943395,0.13904117080033274,0.20224935359114227,0.24889737511542664,0.03230378977922044
AGGCCACTCTGCGACG-D1_NoStim,-0.09356269678935725,-0.1365304907414444,-0.7192990164611821,-0.05665488339096214,0.06854823057683923,0.08372410190424073,0.14670059623252074,-0.0806601810761407
AGGCCGTAGTCATGCT-D1_NoStim,-0.012479333300358775,0.0040653571044781955,-0.2501130582893154,0.06654828114669797,0.007364957342126388,0.10732748369573919,0.06096051910635403,0.008405422643974703
AGGCCGTCACCGAATT-D1_NoStim,-0.1363944141106721,-0.05160754617427976,-0.10875100481591815,0.019813822375187584,0.1648641299041902,0.23665076987481726,0.08198613343967054,-0.06752888483553932
AGGCCGTGTTCCTCCA-D1_NoStim,-0.04319291849973261,-0.02442792514064962,0.05909628185477622,0.062003040993019454,-0.1005113324322302,0.059749573851382465,0.4915149469740756,-0.012874180604324437
AGGGATGCAGAAGCAC-D1_NoStim,0.09810184375992215,-0.07572308744551925,-0.28537152784316966,0.12383928534478272,-0.003099760086353598,0.31044157806061623,0.31190060906446826,0.06900431601206591
AGGGATGTCCTTTCTC-D1_NoStim,-0.04476207150806921,0.0193011620999215,0.016676620164915334,0.018709231559524753,0.11470344633189455,-0.0024604983200529063,-0.023608633615083363,-0.027247338872102844
AGGGATGTCGGCTTGG-D1_NoStim,-0.057704974044998636,-0.010404204579248955,-0.19447941423007364,0.001866802661586675,-0.03545001367992917,-0.049151751293462276,0.007713233231604555,-0.025677251101585696
AGGGTGAAGCTATGCT-D1_NoStim,0.07028886184540717,0.02117708716659905,0.0983113798516202,0.11848933475690338,-0.11484976980492334,0.11151371521284048,0.14931244539445832,0.10501625493787792
AGGGTGAAGGAACTGC-D1_NoStim,-0.10669316911457294,-0.034014081023233445,-0.25106955607224535,0.0559005022732606,0.09510596189879372,0.20177496152595165,0.1761292717981746,-0.03164280715991552
AGGGTGAAGGCCGAAT-D1_NoStim,0.010772042032572315,-0.061553685445774775,-0.23021305150018279,0.09348531375457547,0.15800375520742982,0.1775054923112469,0.13306164159210399,0.016557564491773036
AGGTCATCACACCGAC-D1_NoStim,-0.043419217916845554,0.06804851059978567,-0.12809980206096228,-0.02485212192137176,0.01865921968445683,0.03874069684923498,-0.5260535355476588,-0.06541107659513301
AGGTCATTCACCGTAA-D1_NoStim,-0.053591917760224206,-0.018692053416652143,-0.316974136482008,0.028805691391722732,0.056724877755863545,0.1253905375211133,0.09061393344852942,-0.004570709364802639
AGGTCCGAGAAGGTTT-D1_NoStim,-0.00919385029182962,-0.026255475047786803,-0.4850890078906982,0.02552900278092629,-0.27012407816662964,-0.003446365283850561,0.14117669027094237,-0.011409417900315688
AGGTCCGCACGCCAGT-D1_NoStim,-0.0008799126126124435,-0.1306106785122516,-0.7771831576828152,0.20536851965363034,-0.14025264785778546,0.23447340523831262,0.19064491079113388,0.02385444841260842
AGGTCCGCATTGGGCC-D1_NoStim,-0.017817483535406353,-0.022105127602507935,-0.026407337297184696,0.03647094725791433,0.19073446303748653,0.1424319770984841,0.16881106582083572,-0.033295133774139174
AGGTCCGGTTGGTAAA-D1_NoStim,-0.18423136957544628,-0.06701791658984213,-0.17804919072166214,-0.057935464010238746,0.005965198425398555,0.04968792603235084,-0.039842463533562356,-0.13472705562496756
AGTAGTCAGTCATGCT-D1_NoStim,-0.05574982919314664,-0.0319303973849312,-0.18286198784654495,0.046210185715100494,0.010602206858884244,0.08920747757706415,0.14243908943528805,-0.039686310539691405
AGTAGTCCACCATGTA-D1_NoStim,0.027898831863407025,0.029295745671122475,0.1655801417661955,0.10860347281339422,-0.04767859396706697,-0.005057240307909439,0.11817570575420344,0.017826777036967556
AGTAGTCCAGTTTACG-D1_NoStim,-0.005546659708898005,-0.07341595029640224,0.07473449144614719,0.013520592015202837,0.19929010410928782,0.13911293252010104,0.2446572148485462,0.007552968886065159
AGTGAGGAGCTGATAA-D1_NoStim,-0.03547306589118904,-0.016623062720052317,0.2533836593021803,0.027572770182199946,0.04550723580185334,0.11893918388969738,0.10465793752716435,-0.017876237485952018
AGTGAGGCAAGAAGAG-D1_NoStim,0.13273014173500108,-0.00847344740278011,-0.3294049854166339,0.09316026925427501,-0.21695386485037638,0.13862693843739748,-0.007141115718702906,0.02277872167108086
AGTGAGGCAATGGAGC-D1_NoStim,0.025859346982244347,-0.07801754262126082,-0.12638230276816387,0.07145249907010509,-0.05879580474864632,0.15539537687326366,0.06239397476390485,-0.018966995382729834
AGTGGGAAGCGGATCA-D1_NoStim,-0.03726488548198503,-0.028375395981584006,0.1355454034028778,-0.04552645206320172,0.087824752496239,0.13619119077856556,0.011290492541632169,-0.051688288058040044
AGTGGGACATGCTAGT-D1_NoStim,-0.006647554350754703,-0.10897112857614033,-0.21077709425255797,0.0565546326636035,0.19231169764438327,0.22455321286422691,0.16350245298023625,0.004375323331100134
AGTGGGAGTCCGAATT-D1_NoStim,0.02320239905204957,-0.08372774091411017,-0.3232962962817094,0.12132095673388221,0.06985569060512553,0.25996520956536706,0.23956159928770804,0.013835244623763288
AGTGTCACATTAGCCA-D1_NoStim,0.03811343011362034,0.019812396359174755,-0.2664996106563713,0.04502235500030061,-0.13574777069626442,0.03140212825240596,0.004683258329823747,0.0029971022602772734
AGTGTCATCCAAGTAC-D1_NoStim,0.02345828374398984,-0.17142007433793793,-0.749267404360598,0.1735183311152273,0.18118992431872982,0.49179227360214206,0.38364165481757606,0.04356863863504934
AGTTGGTAGAAACCGC-D1_NoStim,-0.05674744757213013,-0.11674720606555056,-0.6698950056679074,-0.030350618992388334,0.034259433512648485,0.12751673031660182,0.15591782072947602,-0.07098174876162311
AGTTGGTAGATATGGT-D1_NoStim,0.07232611368392661,-0.0529075308251894,-0.20031522171096405,0.15396666676700832,-0.03531841888626275,0.33346249382652626,0.223287342004848,0.046687165307030654
AGTTGGTCACCACGTG-D1_NoStim,-0.008919593910446721,0.008658151481851561,0.13960463541684476,0.08740984176593258,0.07512053461361567,0.04561731930604296,0.16487976269343818,-0.0010777176283180978
AGTTGGTTCATGCATG-D1_NoStim,-0.035351872997917866,-0.057554152897791866,-0.36301406612588494,0.005090363816274035,-0.19908796438928,0.008461640750354604,0.07519177405190813,-0.03660721452038551
AGTTGGTTCATTATCC-D1_NoStim,-0.044793684792709954,0.0007829717274940862,-0.11348401249456863,0.08334120194004768,-0.062377723898974224,0.07134060188356983,0.14892191408217847,0.03856166379108039
ATAACGCCAAGCCATT-D1_NoStim,-0.12444527111123449,-0.09070350899833457,-0.448860325750271,-0.03139484960224692,0.06944874573165905,0.026074624444668792,0.2368435640414459,-0.051316814149036105
ATAACGCGTATTCGTG-D1_NoStim,0.06422358646379855,-0.07745242054875767,-0.36059352901103026,0.10291907267344769,0.13082003111265017,0.2486452532987924,0.2054260477287353,0.04808928980118132
ATAAGAGTCTACTCAT-D1_NoStim,-0.11178045457405439,-0.05208575820626926,-0.38514547577548797,-0.017154125239551732,-0.04456463757898277,0.01228389436950117,0.030062077519080965,-0.06223829071443099
ATAGACCTCAGAGACG-D1_NoStim,0.20644247048488573,0.057586914917495235,0.07237962380488483,0.15956529944179287,0.05938230192258409,0.15552385217073983,0.22063993359111045,0.1094998373782321
ATCACGACACCATCCT-D1_NoStim,0.03236732075743198,0.00433369105216741,-0.1837420729881778,-0.15582308266543166,-0.1508527713835246,-0.04905268224684001,-0.6553982197557584,-0.13630292393284194
ATCATCTAGTCGAGTG-D1_NoStim,-0.011444393044870438,-0.054128468634294435,-0.5169428923135317,0.0415157492262086,-0.15819627218638033,0.07985396136563772,0.08472819452678237,-0.043942020347621735
ATCATCTGTTGGTGGA-D1_NoStim,0.04679385779163425,-0.007509153506639166,-0.26749241341376084,0.10721339864156043,-0.17242385837502638,0.11513338623396052,-0.013948335946253998,0.013266883579508004
ATCATGGGTAGATTAG-D1_NoStim,-0.014826641124367157,0.02624298046682938,-0.029535298880347227,0.09379944229204717,0.11985335727166557,0.10338751070571739,0.30115810864181025,0.024649538390614012
ATCATGGGTATCTGCA-D1_NoStim,0.03658547463811068,0.017813307296071557,0.15236314769880188,0.076963118780494,-0.04477851495411578,0.07790244989683082,0.23185501195425218,0.02075584911487738
ATCATGGGTCAGCTAT-D1_NoStim,-0.004352570136633815,-0.051827317211733614,-0.7090573769764745,0.08936193582201035,-0.20733346926530416,0.08387827441526952,0.16252465484187484,-0.012718746225161226
ATCATGGGTGACGCCT-D1_NoStim,-0.01878917195362817,-0.0220448973011802,0.09161789365741413,0.060396463905558306,-0.04562180625214651,0.05968284870930418,0.26975064450478214,-0.010436308438956488
ATCCACCCATTCTTAC-D1_NoStim,-0.10431237845792829,-0.006956004894183465,-0.22954962037110782,-0.21356307203853753,-0.1542384132553707,-0.07550039882923443,-0.7809840363324678,-0.15567856333160712
ATCCACCGTCTGGTCG-D1_NoStim,-0.011651965390782948,-0.022223780443743735,0.11740483370185828,0.032366457133749194,0.04755059778109327,0.035986897020372055,0.15050368629611466,-0.004334999888280677
ATCCACCTCGTCTGAA-D1_NoStim,-0.01032424501712903,0.016576430671888076,0.08138203887377848,0.05865177366201735,0.11478305156220614,0.0516584070429289,0.16077883484702937,-0.0034910195788437903
ATCCGAACAATTGCTG-D1_NoStim,0.023697173840199426,0.020653589947123407,0.055143838971968506,0.1154077994298337,0.01490467863098388,0.08789443586198153,0.28083234702993476,0.033608457109325585
ATCCGAAGTAGCTGCC-D1_NoStim,-0.024647177270335163,-0.024962284076476493,-0.3074557902019279,0.049226265100461575,-0.06923709265292466,0.040432992662539746,0.02534749952205928,-0.021040899869230856
ATCGAGTTCGAATCCA-D1_NoStim,0.04848712787592824,0.012988452064934819,-0.440315605642839,0.05937517672921011,-0.1520234021448097,0.09994804763518417,0.01671619516003986,0.027699649160027207
ATCTGCCAGCCGGTAA-D1_NoStim,0.09345607558810087,-0.007559319495110017,-0.3383018244106957,0.0853384569622424,-0.1330129140139178,0.12180725945321846,0.10425933735386028,0.03734289093834242
ATCTGCCCAAGACGTG-D1_NoStim,-0.18560369779050667,-0.027670816871907533,0.4772879753726169,-0.043697080275604705,0.07791645002343195,-0.11412732612260434,-0.016760548272649167,-0.08124053581314605
ATGAGGGAGGCGACAT-D1_NoStim,0.09858024806709231,-0.07664554112779598,-0.21416588827091232,0.12211546179496402,0.030243003198597407,0.25370718256165503,0.09047495054551868,0.016240365826744707
ATGCGATTCGTGGACC-D1_NoStim,0.11564441006105142,-0.07616242310388621,-0.1718861521669659,0.1206440808464766,-0.01659042639984598,0.26963899143443726,0.08113335903471208,0.024978915942490687
ATGGGAGAGATATACG-D1_NoStim,-0.041883864265498616,-0.03327193463493572,-0.312326825562554,0.022259150237104564,0.05733057767133687,0.14862205478656065,0.07123041565833343,-0.01786120594439744
ATGTGTGAGAATGTTG-D1_NoStim,-0.0780013331981877,-0.03023866780802642,-0.19439917583438415,0.012135521494755608,0.022010358735899516,0.13556190243299948,0.0816780729719282,-0.047978856173335416
ATTACTCAGCTTATCG-D1_NoStim,-0.0003617438966561082,-0.1240691365755815,-0.47442370750661844,0.016838144489767615,0.06033231115933546,0.26706022171740873,-0.05746273439618399,-0.01425185279970087
ATTACTCGTTGATTGC-D1_NoStim,0.04024989134204837,-0.02620224543372629,-0.15185537666820892,0.07327799232286836,-0.08546771821964683,0.13456113334993614,0.08583235600512173,-0.0006398050098397334
ATTACTCTCTTTAGTC-D1_NoStim,-0.05749935389951233,-0.030520543935946165,-0.1651766291755088,-0.17938165005841356,-0.09793941422144314,-0.09968040584029669,-0.6596458805755105,-0.16341923460673868
ATTATCCAGTCATCCA-D1_NoStim,-0.1073227199089164,-0.019921369769161146,-0.29681215977698727,-0.01608644561489747,0.009466944264460153,0.031070448916535653,-0.024274598700078975,-0.06508608971061669
ATTATCCGTGGTAACG-D1_NoStim,-0.15217797832271707,-0.09218415405455715,-1.3543672004764762,0.06717590394805129,-0.5438912053538338,-0.016591394001319593,0.5048760070536771,-0.051357367021182654
ATTATCCTCCGTTGTC-D1_NoStim,-0.12836795590757255,-0.035097634859644344,-0.2774757557970311,-0.00956281355273525,0.0586821360509866,0.030367260415056663,0.01537647838337941,-0.05612104431047982
ATTGGACTCTGACCTC-D1_NoStim,-0.021205994379419835,0.05994381394494752,-0.057675069554509406,0.015756374654088745,-0.09900267703960886,0.014447318775948403,-0.25165237785101624,0.026721464183840027
ATTGGTGCATGCGCAC-D1_NoStim,0.09400886047052914,-0.015346820465657274,-0.24914900132148254,0.16143767467479897,-0.0115559019856466,0.2275519131733752,0.24821816289464582,0.07237728546382094
ATTGGTGGTTAAAGTG-D1_NoStim,-0.08310961614011703,-0.014630029609202566,-0.28084940852416906,0.02295242383139673,-0.06422950918591042,0.0487812039754667,0.004235758403226431,-0.05183054285828881
ATTTCTGAGGTGTGGT-D1_NoStim,-0.00031869752618618463,-0.12712595569934315,-0.498581121020365,0.1665790342610034,-0.04421516151244198,0.466393172894195,0.2870918298051244,0.03278867997383905
ATTTCTGGTAAAGGAG-D1_NoStim,-0.0851127170980579,-0.03596101682731323,0.07758679266264501,0.01948478477450344,0.11839751150241185,0.14226365075691838,0.09435417485278297,-0.024124923701382528
ATTTCTGGTATAGGGC-D1_NoStim,0.028175644683964052,-0.09734492509335446,-0.4717076929020312,0.11092146697165717,0.12461026634883687,0.36777214723644036,0.2258899442509832,0.027515043377308146
ATTTCTGGTTATGCGT-D1_NoStim,0.0399685225806401,-0.036130640515867896,-0.1785718948394983,0.05090991364911979,0.05509548707135359,0.12855001271506872,0.13306240213392284,0.008321495021725411
CAACCAAGTGTGCCTG-D1_NoStim,0.058033407112032975,0.0037021563481562936,-0.26906372536792134,0.05943058361659226,-0.12541711824951562,0.06264983704484273,0.061971983395745944,0.017807687386913074
CAACCAATCACCCGAG-D1_NoStim,-0.05174894156414922,-0.08353210464839833,-0.35187943056363835,0.010075466047686277,0.014277244714874016,0.07791809540700445,0.1383372386302555,-0.05615320750392172
CAACCAATCTTTACGT-D1_NoStim,0.007282690955712212,-0.0016454918830195453,0.0033843716301369398,0.14845729983595213,-0.05164892539648136,0.12442562415206204,0.5143942223231273,0.04278111517301042
CAACTAGAGATGGGTC-D1_NoStim,-0.06609510630237381,-0.008058784456162371,-0.22117549647862234,-0.004436047498840523,0.05107433151420082,0.011286632625819415,0.051212859331429605,-0.01830394726439799
CAACTAGGTCCCGACA-D1_NoStim,-0.21992433661236,-0.021073988832739587,0.3248770758299244,-0.02373540523452533,0.09331920912645764,-0.025882145622734498,0.006699999339312868,-0.07703194175309669
CAACTAGTCCTATGTT-D1_NoStim,-0.1363718125889708,-0.06803785105581106,-0.42257873217137387,-0.015491395470785818,0.044429303449076585,0.1316809387194784,0.046361269920224935,-0.08365196096821315
CAAGAAACATTGGGCC-D1_NoStim,-0.09697210048006966,-0.11344850446132426,-1.0801908962970135,0.11329327349856833,-0.3810473688554641,0.10822178675419902,0.3410395393391372,-0.011454106656850982
CAAGAAATCCTTTACA-D1_NoStim,-0.060056448147090435,-0.03359498584918974,-0.28586376429100113,0.0038604119138927473,-0.1367788083686623,0.07567302965662126,0.08252675001862952,-0.07514507905408685
CAAGATCAGCGTTTAC-D1_NoStim,0.03474803535822524,0.023847857175706366,0.12473879454430836,0.08748180767632974,0.04492285750808911,0.05915303354634105,0.2628203278110721,0.02719558667072519
CAAGATCGTTCAGCGC-D1_NoStim,-0.02057384871211454,-0.027440438737198036,-0.0639182872936992,0.014743643760501968,-0.025569693028327123,0.021716261073619236,0.012032409535224886,-0.019781735034776204
CAAGATCTCATAGCAC-D1_NoStim,-0.10212451680518342,-0.12642674338957782,-0.18921099386905205,0.03941963782990854,0.11499618812623957,0.1530660496917875,0.2170092084409938,-0.05222595227468574
CAAGATCTCTGAAAGA-D1_NoStim,-0.026797661915141546,-0.07414670915874311,-0.18676957734124144,0.03250970326002367,0.15155834902092913,0.1795305958020199,0.1564212036942778,-0.022934704759174807
CAAGGCCAGTCGAGTG-D1_NoStim,-0.06045512239460038,-0.01149533861712193,-0.10761690735006191,0.06465365781050103,0.02169479691756493,0.11185291106817452,0.18340799559146115,-0.020197627692249753
CAAGTTGCATCACGAT-D1_NoStim,-0.01882258852530505,0.05669388337896919,0.15453901716262308,0.02125925896196712,0.09572442618898158,0.002898545223770199,0.05790571197242578,0.012926387593289235
CACAAACGTCTACCTC-D1_NoStim,-0.06916277417647088,-0.08288258839865215,-0.6590413130136756,-0.019941148343571413,-0.16326325906388206,0.035433780547172944,0.04266825024645993,-0.07880187886916978
CACAAACGTTCGAATC-D1_NoStim,-0.04177508494551496,0.0005852091658606895,0.19942805561675314,0.04387158813781156,0.01345104945430542,0.03744864388100133,0.1323298544971827,-0.015226490104716106
CACAAACGTTGGAGGT-D1_NoStim,-0.012885664992623447,0.018295750196756444,-0.03837390192193091,0.06713175562005347,-0.0471268938893985,-0.0025617577652568,0.13788009589871653,0.01635791438340739
CACACCTTCTGTACGA-D1_NoStim,-0.00983142292589001,0.0026976918303951436,-0.26805720756260243,0.0003418665545744659,-0.008979606600115986,-0.005420923981771075,0.04942368438516942,-0.010758350699624941
CACACTCAGATGTTAG-D1_NoStim,0.05844119974213413,-0.06806233379340831,-0.2534186166435788,0.10765110042339998,-0.14195319812068874,0.19992553870883079,0.07538067432894158,0.0020220286552223854
CACACTCGTAAACCTC-D1_NoStim,-0.010030265796899585,0.012969041125273861,0.12596411936146268,0.05233801734464727,-0.0015354015488249217,0.024128246940922082,0.0899440572443293,-0.016113238702137878
CACACTCTCGGAAACG-D1_NoStim,-0.046398641915999406,-0.03985129026336409,-0.21750882772674096,0.008717381584135708,0.022196915946606666,0.14162425196372208,0.02289123593854958,-0.031610692034176324
CACAGGCCAATGCCAT-D1_NoStim,-0.19047918965777377,-0.05484262452040589,0.16691415890304206,-0.01819232515741298,0.10583030179028796,-0.004748533388504228,0.08638749552927871,-0.029045334864825634
CACAGTAAGTTGTAGA-D1_NoStim,-0.11741630208187637,-0.10498269834324248,-0.5270222900081194,-0.09073223825731169,-0.0459005408724984,-0.03398557119029011,0.025728332530033704,-0.09528702095116515
CACATAGAGTTGAGAT-D1_NoStim,0.04246793626372458,-0.08047912623170106,-0.25991562971617377,0.09410129379934418,0.03389559043224999,0.2933462687844477,0.266591792390964,0.022861255868480868
CACCACTGTCCATCCT-D1_NoStim,-0.14792848771103806,-0.10638837660596501,-1.1237275012961536,0.001103531096850574,-0.3471757350723568,-0.09497493139194013,0.4469783261254525,-0.08567141807024292
CACCAGGCAACGCACC-D1_NoStim,0.0005409765486241724,-0.01005459553284993,-0.3350557546701669,0.05319479871463706,0.07365720316886204,0.14325065437819884,0.10034293441697395,-0.01759685960943358
CACCAGGCACGTAAGG-D1_NoStim,0.034815344732875175,0.003559642064070445,-0.2590428006794685,0.07271677960781453,0.09843329364614384,0.19787938609836786,0.26626088067049114,0.02097297400861642
CACTCCATCAGGCAAG-D1_NoStim,-0.014278904481573207,-0.10242545504617873,-0.3167578483503224,0.14984065581003492,0.07054376789067796,0.3312904598002211,0.24000716918863185,0.01435890803562856
CAGAATCAGCTTTGGT-D1_NoStim,-0.015848300148769923,-0.011819676714525329,0.04998648347987711,0.029562303890994457,-0.03901491603544471,0.06691600827559441,0.1518930790936821,-0.01201979746376125
CAGAATCTCTAGAGTC-D1_NoStim,0.03270977469411562,-0.11466297136668402,-0.24256704863130807,0.07170342051691136,-0.04436271937963454,0.2024795811856519,0.08706494777320284,-0.0270335499906853
CAGAGAGGTATAGTAG-D1_NoStim,0.02066749880051688,0.018924242342052366,0.03131020037660015,0.09354775492889011,0.10602882205540709,0.09844251971251161,0.18563105188312612,0.02268171767251026
CAGAGAGTCCGATATG-D1_NoStim,-0.09358638730029156,-0.03198198321254608,-0.2922803937693743,0.032187855623703854,0.12467404455768794,0.14646785990966293,0.09195419619708023,-0.05162020646290166
CAGATCAAGTGAATTG-D1_NoStim,0.022465759222836112,-0.010694924552472784,-0.2161873781769863,0.08999511170829955,0.11370386479062233,0.1633365288886255,0.1619729790597333,0.024860688381860285
CAGATCAGTATATGAG-D1_NoStim,0.056561176690834714,-0.011731140382801541,-0.2574026341620854,0.06449072059787575,0.04364727363442,0.1049894000636531,0.10970209188583757,0.007449869455536273
CAGCAGCAGAGCTTCT-D1_NoStim,-0.02088985763250406,-0.02076996212422877,0.20609165065400248,0.07598719773603158,0.12234453660913402,0.07498502295114307,0.21483572601613066,0.009491132851488615
CAGCAGCGTACTCTCC-D1_NoStim,0.03461857455748252,-0.03756158260047293,-0.5479192669936399,0.056846392726987105,-0.2605772879052797,0.01962558775186629,0.11407822867203432,-0.005884570207031814
CAGCAGCTCACATACG-D1_NoStim,0.015352534895013648,0.005694399258141303,0.027302056282627163,0.12066172624960103,-0.024299109915171258,0.05896836724772214,0.2357221344681255,0.019048689000253916
CAGCAGCTCATTATCC-D1_NoStim,-0.2570713922043524,-0.046126078773026435,0.15066490813932276,-0.1535520211315209,0.08701608879410472,-0.05261643803927818,-0.13303967044797194,-0.13986166963848667
CAGCATAAGACAGGCT-D1_NoStim,-0.02836155589876377,-0.009339998572253094,0.2233426356334718,0.0733902970935727,0.13433881189409114,0.12818578474167452,0.2343979593838128,0.006831698502846706
CAGCATACAGTAACGG-D1_NoStim,-0.034982438121257786,-0.021695768892977085,-0.4633955110302832,0.08822796669409172,-0.1459841082572133,0.13690519653479072,0.046645406879122664,-0.0037809523223675257
CAGCATAGTGCTAGCC-D1_NoStim,-0.18164957546521876,-0.10659695365985833,-1.4002283768433479,0.0686833376306506,-0.4415886158658573,-0.07548753024814925,0.6370934964752228,-0.05774981769437737
CAGCATATCCTTTACA-D1_NoStim,-0.0755793207226585,-0.11082856148132869,-0.5167830116956615,-0.08713990095903235,0.12516698050914243,0.05556519999080756,0.08645399841686974,-0.08187772559524298
CAGCCGACACCAGATT-D1_NoStim,-0.05565214785968031,-0.08458159476358595,-0.868603211999762,0.06388215094425931,-0.411678096215752,-0.013364158035689577,0.18993770241207208,-0.01186296552869237
CAGCGACCAATAAGCA-D1_NoStim,0.03332164224498868,0.027383069850500874,-0.19645970203319507,0.15927615109543503,-0.06738997854021278,0.24225323366606766,0.3120438307571609,0.049412405034393814
CAGCGACTCGTAGGAG-D1_NoStim,0.02099950434684139,0.037981010961257056,0.062432313879837054,0.05852938052888845,0.05337935485959022,0.016828599842533265,0.13359284528967041,0.017145224496768918
CAGCTAAAGTGCCATT-D1_NoStim,-0.043393355232288044,0.005996544503263479,-0.33210402428646546,-0.0011966647156160803,-0.0034348753029149748,0.09525654562871466,0.06953951318889295,-0.03600947818726574
CAGCTAACATCCTTGC-D1_NoStim,-0.09318186601592693,-0.05369203522401378,-0.3172738355817799,-0.04754501160136826,0.09294840882632194,0.08815314487440329,0.05197015965893392,-0.06070501819267626
CAGCTAAGTACAGACG-D1_NoStim,-0.03296872805567652,0.002055415807085126,-0.010446695246944415,0.06621481856441314,0.04954664078914206,0.09145581636072464,0.18249506607524868,0.0005579095007686163
CAGCTAATCGGACAAG-D1_NoStim,-0.09612770187466069,-0.06670872632694547,-0.7408015320253227,0.19425654194050068,-0.21403104007000628,0.1912598063743287,0.647187462865018,0.0345106054250639
CAGCTGGAGCCGCCTA-D1_NoStim,0.02775513026410259,-0.03521667821743257,-0.264345855446237,0.0662961505270605,0.11166698436257683,0.23867753934686586,0.17292730476331108,0.01476143524531004
CAGGTGCGTGTCTGAT-D1_NoStim,0.08634355751144795,-0.011116676614154386,-0.32141180477704623,0.07007307832004273,-0.10795962195045661,0.07381020867655064,0.07002838030266112,0.031107893433377498
CAGTAACAGCTCCTCT-D1_NoStim,-0.16913509206966637,-0.08911575337885935,-0.9099895688313655,0.06186581453696682,-0.3220693215654915,0.11250721505269823,0.23532167262680037,-0.07655227286523392
CAGTAACCATACGCCG-D1_NoStim,-0.11419794862406363,-0.03396284044306164,-0.03665647592042731,-0.1499014092514681,0.18136280181423636,0.13431528350897892,-0.32480808640651126,-0.04991682054699176
CAGTAACGTCCAAGTT-D1_NoStim,-0.05722721503340722,-0.09284057035666038,-0.001619756588830512,0.008610409020420207,-0.07008812726679992,0.2903540807613876,-0.03149831938976444,-0.015604424009506346
CAGTAACTCTTGACGA-D1_NoStim,0.07811415870982863,-0.07945452658354135,-0.2661753415709125,0.12948430582469683,-0.08053911811013492,0.31137864125791115,0.10683931315094419,0.034017789395642595
CAGTCCTCACGCATCG-D1_NoStim,-0.06502519601417234,0.015337941198762195,-0.022910450735187382,0.02894108144713492,-0.07031381122752833,-0.004903812297012422,0.04114287474839795,0.01490926618481403
CAGTCCTTCATACGGT-D1_NoStim,-0.047940748059627225,-0.01870955951928721,-0.01572349563958042,0.020511147731397728,0.08955759086027015,0.10434256934312813,0.1551736247344646,-0.010159394037080105
CATATGGAGGCAATTA-D1_NoStim,0.02232556421131804,0.0024229621441786975,-0.213323194845497,0.03531299309440605,-0.017176389348026788,0.0524315375255906,0.07610028625401188,0.007801128080931363
CATATGGAGTTACCCA-D1_NoStim,0.006335689525535315,0.028471073510754508,0.10376769686613763,0.08637358450439336,0.08781598294026338,0.02937965752954952,0.19161268651947871,0.03141875097034763
CATATGGTCATGCAAC-D1_NoStim,-0.019825354301888254,-0.017577441280506534,-0.37515338174091895,0.056842913168166476,-0.09201214044085582,0.11789627231390654,0.15761258419524493,0.008078109392647193
CATATGGTCTGCGGCA-D1_NoStim,0.017956236769753886,0.03967798535325784,0.16173088158553028,0.08108922122779916,-0.003991054343304157,-0.010274011961561413,0.18795662117950585,0.06719245431561305
CATATTCAGCTACCTA-D1_NoStim,-0.054900788798528666,-0.01740750434001903,-0.2136102511642619,0.03005929175633959,0.2102301948481955,0.12914838392077232,0.12875093053441278,-0.021481824042268727
CATATTCGTGCTGTAT-D1_NoStim,-0.03391796632805466,-0.038857865305358175,-0.32513149376316264,0.027596376227974062,-0.07573947186242336,0.0012626739992018798,0.06582367639103248,-0.016652411838038006
CATCAAGCATCACGTA-D1_NoStim,0.036326908113450074,0.03005734475815025,0.01761826737829253,0.09088253513773914,0.06417677491322493,0.06574532243079645,0.18523373183516156,0.030576507151959476
CATCAGACAGATCGGA-D1_NoStim,0.04827475683688931,-0.0471339914833262,0.03188930931001721,0.11908750527698686,-0.02388115994542339,0.16180369742901668,0.2878609392490783,0.007657401082973081
CATCCACAGGATGTAT-D1_NoStim,0.03285524425407971,-0.023425543893107914,-0.42479738695181624,0.03124270558730302,-0.1824224134616781,0.025549652947040258,0.01993141385816255,-0.005625227820118539
CATCGAAAGAGACGAA-D1_NoStim,-0.08693024937105953,-0.047358315173831045,-0.3518858823996389,-0.05366059602575923,0.03718686016103234,0.012713729417427544,0.07555423505370307,-0.05822521173447903
CATCGAACAGAAGCAC-D1_NoStim,-0.04697810606268327,0.01185589201518411,-0.08489602373901128,0.06724640750015709,-0.04226619373413243,0.045284000373770894,-0.0010452660288251536,0.002699548227877102
CATCGGGCATAGACTC-D1_NoStim,0.01703663483749196,0.03971191131133622,0.18173895424189723,0.08010288511922958,0.09864084924773131,0.052144348601130375,0.13958329650015955,0.04532628893836588
CATGACACAAGTCATC-D1_NoStim,-0.17884650433353855,-0.11561459427369591,-0.26568331065476514,-0.3472713015679876,-0.04183480265020556,-0.03443228511068064,-1.38850343949413,-0.24254468579933608
CATGCCTAGTCGAGTG-D1_NoStim,0.021669345809915086,-0.059301533547808205,-0.5284993248558507,0.0886473471170266,-0.17266080745273804,0.13801050798784598,0.0628557080611305,-0.002899724309111562
CATGCCTCACGTGAGA-D1_NoStim,0.03945592760999084,0.031611920248643344,-0.1387513132746534,0.13346927294005262,-0.07362216698197166,0.10123322390270495,0.2569892905426361,0.0376778168175651
CATGCCTCATGCTAGT-D1_NoStim,0.1387258763208532,-0.13666409344945407,-0.5868282167886179,0.21237973177344216,-0.11261634348682215,0.43346407949252175,0.41957018036840665,0.08628645115933331
CATGCCTTCTGAGGGA-D1_NoStim,-0.007755135743293451,0.019357829336259513,-0.11178852865305267,0.04504075236744498,0.03409310750619454,-0.00858591848193413,0.17552141755147588,-0.012053573539450468
CATGGCGCACATTCGA-D1_NoStim,-0.046691278818785875,-0.007664961317047414,-0.48569400693448905,0.052248330501093676,-0.07698270898026216,0.12526033453092378,0.14400284297677501,-0.007426335500896997
CATGGCGTCCCTCAGT-D1_NoStim,-0.18090011522251004,-0.09355351832701153,-0.3548171936926785,-0.0683473879854013,0.10202600595522071,0.033437635904173035,0.00544566061153251,-0.10321890793417943
CATGGCGTCGGAAACG-D1_NoStim,0.011871029353232032,0.05094435572777023,0.03678639559995567,0.07297117024330468,0.018727230530505068,0.07710046397491332,0.15100306073329683,0.02824951823580868
CATTATCCAGACGCCT-D1_NoStim,-0.05975637125175126,-0.0015991441244977977,0.18260502098064535,0.03697667120871273,0.04933310935163604,0.07108716793791636,0.14204826045733165,-0.03069861064709478
CATTATCGTTGTCTTT-D1_NoStim,-0.1270182996331961,-0.04332742205011186,-0.34486038211878167,-0.02375732865174207,0.02752154404121754,0.016208889141325677,-0.010068828153810827,-0.042727142248015326
CATTCGCCATGCATGT-D1_NoStim,-0.02954111845619778,-0.047490085411309835,0.04721189521040969,0.00177592344053501,0.19858849023493264,0.12816555639454386,0.2434999201347683,0.0240562635126107
CCACCTAAGTAGCCGA-D1_NoStim,-0.0066833241087920214,-0.045586266106564466,-0.7981611678730314,0.091935557859399,-0.33772953913526926,0.09851700892818283,0.22616503825754242,0.003242632407781443
CCACCTAAGTTGTCGT-D1_NoStim,-0.023168516588754073,0.0035547337825860836,0.07295120354429763,0.05073389356142677,0.04458728577269078,0.09521088659107768,0.12550077953305205,-0.0018689265766536067
CCACCTAGTAGTACCT-D1_NoStim,-0.006016031404376676,-0.027080306291750844,-0.04441053108632076,-0.0073866362080892145,0.008586539414697114,0.08007189695348593,0.08198862824562347,-0.018773483384650902
CCACGGACAGCCAGAA-D1_NoStim,0.012004051897653412,-0.009225976067048336,-0.495029157069812,0.05329761991702853,-0.16809404361361224,0.08129207774885483,0.008619903212969238,-0.014483509854462895
CCACGGATCACATAGC-D1_NoStim,-0.0036719944415573025,-0.030695658981334972,-0.34149096478071783,0.03431110664237558,-0.1512503002203065,0.06384251491138837,0.04363377752697062,-0.035293140698504644
CCACGGATCCTATGTT-D1_NoStim,-0.032811095533883616,-0.03228194394618633,-0.4384535530269744,0.04828305688898027,-0.05088371873712205,0.11933214384013002,0.10864121767157586,-0.001523707784070183
CCACTACGTAAGGATT-D1_NoStim,-0.07747378076622802,-0.05929963746667788,-0.21721866255766997,-0.019051985747909228,0.2574387062122163,0.11638959903308432,0.09964880709808854,-0.03332808610926641
CCACTACTCAGTGCAT-D1_NoStim,-0.08727155715650348,-0.018095498333165594,-0.13567810774101652,0.008220861962023207,0.15637003131067928,0.10812811528965849,0.08338543391533326,-0.02817109958106201
CCAGCGAAGCTAAGAT-D1_NoStim,0.01818720180542499,-0.06471126317459053,-0.11929540157805718,0.053503221653910416,-0.004040867195017839,0.29576963200178596,0.16325625107261743,0.02136606756334203
CCAGCGAGTAGGGTAC-D1_NoStim,0.00014132675897293723,-0.03541797273225278,-0.24078232303455316,0.07088794076472027,-0.12721394384137952,0.18624762086969948,0.13094005429849354,0.016046829713060262
CCAGCGAGTCCCTTGT-D1_NoStim,0.0098218463166031,0.008130585701895399,0.12789573459223647,0.08760779898010007,0.09906254382990376,0.07078558668204948,0.17962312295092708,0.017197710612897765
CCATGTCCACAACTGT-D1_NoStim,-0.02684788999556531,-0.13133744439197237,-0.4729689981259213,0.07890925569227392,0.05278276119172709,0.27555710398006017,0.23190426426125743,0.0031535713630557183
CCATGTCGTGATGCCC-D1_NoStim,0.14045654338992186,0.00961683720734996,-0.12489961857049359,0.19792792321244157,-0.09794276473263253,0.24472000619211975,0.37759575678657153,0.08955987445403046
CCATTCGGTATGAATG-D1_NoStim,-0.10186099226351608,-0.021494034283966457,-0.3029267384561294,-0.03780232532581351,0.01915272381411448,-0.015667078334505646,0.08485289121904849,-0.06394842552954039
CCATTCGGTATTACCG-D1_NoStim,0.05806581392850596,-0.15329749179082164,-0.3569387388563978,0.11154408649655956,-0.10170677133489292,0.29670868551854923,0.14103032574412255,0.029653924594430947
CCCAATCAGAGACTAT-D1_NoStim,-0.029950743836241855,-0.0964378869481557,-0.8425745424490323,0.20807280182845922,-0.24464275542046998,0.27186940970543017,0.35180005846003404,0.0410187840237608
CCCAATCCATCTGGTA-D1_NoStim,-0.05652502723677166,0.06472422643488862,0.30303288506399184,-0.28574029042111704,0.11438002378991641,-0.017598080403701033,-0.7048190131215586,-0.09519393670747611
CCCAATCCATTGGTAC-D1_NoStim,-0.05063306602669648,-0.026046016520671955,0.028657399649254955,0.05359157768087819,0.15582631413238168,0.1450192056327495,0.17091155733762342,-0.0025697654376752865
CCCAATCGTACAGTGG-D1_NoStim,-0.058855531856043086,-0.050643550270264015,-0.25464116456076624,0.00389156957389325,0.07790019935200121,0.13522461101763028,0.1512267567195753,-0.06260776094061882
CCCAATCGTATAGGGC-D1_NoStim,-0.16374345381380984,-0.03570574280906946,0.37366114587875643,-0.006086338181349404,0.015373487954128962,0.030656252836495312,0.09500138461728191,-0.04508490360448825
CCCAATCGTATAGGTA-D1_NoStim,0.02059714449932848,0.014732626031801033,-6.709816168815053e-05,0.09168925160529895,0.04193285771860289,0.057615223590691045,0.17755631226397117,0.018460614953628607
CCCAATCGTTTAAGCC-D1_NoStim,0.003493561332904349,0.01692068052060236,-0.07017759022678582,0.10293822199822422,-0.04338470920261983,0.07504033318724446,0.11372697577040913,0.06838272684440128
CCCAGTTAGCTGCCCA-D1_NoStim,-0.01528231185761264,-0.013090237080387368,0.13575047694941844,-0.04295906757298695,-0.02148338706440356,-0.026499634056289523,-0.36138637773077953,-0.00022957581860794107
CCCAGTTCAATACGCT-D1_NoStim,0.02694897825566045,0.038404594618711485,0.038233760125816474,0.0689344251249242,0.007629410737472142,0.011783748208394229,0.1894919831607762,0.036864592819609854
CCCAGTTCACACATGT-D1_NoStim,-0.01646708964445409,-0.00760706033540437,-0.3568582991675413,0.044917617335086035,-0.07637470338109686,0.03523775300937526,0.18021027867699946,-0.017375775547323613
CCCATACAGCCCTAAT-D1_NoStim,-0.04624064602341882,0.008745530652735312,0.26454034039527663,0.024297361295674946,-0.020855959185450246,-0.042597905084051035,0.045349777747020426,-0.027342628022863025
CCCATACAGTCTCAAC-D1_NoStim,-0.05174810557038256,-0.0447623034975404,0.05905532290731408,0.03614493126732121,0.025943704405881007,0.12132148464698567,0.14873955399601213,-0.003367138607496045
CCCATACTCTGGCGTG-D1_NoStim,-0.04971852617917172,-0.1583191434699991,-0.607231390239793,0.12299134686158375,-0.00016080503776905175,0.48676120692694536,0.3369213207860655,0.01843781229573871
CCCTCCTGTCTAAAGA-D1_NoStim,-0.03716976228918334,-0.04745409608017859,-0.41724379658688093,-0.010478070722905741,0.024950511749173288,0.010364591225771491,0.05699300420670239,-0.06522386102560596
CCCTCCTTCTAGCACA-D1_NoStim,-0.04460286106130873,-0.04971259300368658,-0.9341395168648532,0.1188254137781346,-0.3924341648578391,0.15033527584520456,0.2079830934739766,0.003997051131703344
CCGGGATCAATGTTGC-D1_NoStim,-0.048873710087010025,-0.011408668401653443,-0.14325274289564405,0.03423241855560555,0.002272755843062413,0.07632628829497534,0.14621815818406336,-0.009381446404148619
CCGGGATCATCACCCT-D1_NoStim,0.03286323048945228,-0.0914537698326292,-0.28077484913415596,0.10477972807874458,0.14115913783276746,0.33076674447301446,0.2372590990998451,0.026309404303651363
CCGGGATGTCGGCTCA-D1_NoStim,0.03929392909713769,-0.039032885778468085,-0.4059628010406229,0.07656946364023298,-0.054611464822263756,0.1638081651465919,0.12397557639851309,0.02288042255074707
CCGGTAGTCTACTTAC-D1_NoStim,-0.11886621567883715,-0.09497449557720472,-1.1319544005188646,0.07621587176530831,-0.4351770613119186,0.04776825957078934,0.3700007920374784,-0.015923136168817464
CCGTACTAGTGCCAGA-D1_NoStim,0.05353177648740726,-0.04707050582650041,-0.2324185932797871,0.10440314057042244,-0.07213357321277059,0.16952034991864107,0.0468672823457803,-0.003732367126056957
CCGTACTGTTCAGTAC-D1_NoStim,0.03235121253704065,-0.08290583331594092,-0.32535526471221843,0.12324340840534553,-0.02609373937428927,0.1936156804813507,0.21960869822905238,0.03421323349540728
CCGTTCAGTAACGACG-D1_NoStim,0.09787783588064158,-0.028590892077524188,-0.33166308075989903,0.12594391823986584,-0.03771622146865106,0.19250654017236535,0.052678690432758746,0.02284643995689528
CCGTTCATCAAGATCC-D1_NoStim,-0.01857264574329598,0.01422787153408045,-0.12312179066167594,-0.04737121646943265,0.12253579153814975,-0.024843642995012516,-0.0964118548531161,-0.04168966511227623
CCGTTCATCCGCAGTG-D1_NoStim,-0.09307164688859082,-0.05830063021291565,-0.09478650695001889,-0.014095659369942837,0.17250362416415754,0.1827242710832877,0.13167358601287749,-0.04862842767088438
CCTAAAGAGCAGCCTC-D1_NoStim,0.06312825944496758,-0.058437514111806976,0.12076401391794889,0.0790894963172768,0.042184539928145526,0.16694043330544073,0.2026691549217996,0.03968008670929635
CCTAAAGCATACTCTT-D1_NoStim,-0.20468458285778013,-0.08794121412117484,-0.20348987309979805,-0.045915583256114445,0.20516192399671418,0.11314975743654632,0.031008382136307855,-0.12662790259988554
CCTAAAGGTGGACGAT-D1_NoStim,-0.10928010315097758,-0.05747225345584006,-0.24816681529071793,-0.03326001440490067,0.06800579598822942,0.09451533483134256,-0.06749819153796999,-0.09700293660803538
CCTAAAGTCGAGAGCA-D1_NoStim,0.029275723223427974,0.021078548342339687,-0.00908021731601849,0.19273447844776115,-0.11331297352011482,0.24344443720724485,0.23127582088993393,0.11905035074469517
CCTACACAGATCGATA-D1_NoStim,-0.06996656899272047,-0.02193148691020319,-0.29580372489080986,-0.02140655510756595,-0.08207514545456007,-0.012569702708224106,0.008159609919116573,-0.031922274588968236
CCTACACAGCATCATC-D1_NoStim,-0.16290251652155163,-0.09859962751656859,-1.1895049553375951,-0.004908941166739567,-0.3602218796407435,-0.09618317788565367,0.41750812555445016,-0.10043578995045799
CCTACACCAACTTGAC-D1_NoStim,-0.06667852585338352,-0.0994429410627724,-0.5849842416749347,-0.058062428532549504,-0.007901972834112314,0.018384680746114768,0.12392790012794297,-0.0808015879600017
CCTACACGTGTATGGG-D1_NoStim,-0.08719565541234076,-0.08517342686926987,-0.11991621618297188,0.05060739273485737,-0.014063302245931553,0.22232067111140097,0.2888978783369267,-0.04135835470314575
CCTACACTCTATCGCC-D1_NoStim,-0.029318959120839594,-0.02558769285266216,-0.012028089622315719,0.008713285385807623,0.08462334887522971,0.09754614180500454,0.14893547910450966,-0.0010579160397092835
CCTACCACATCAGTAC-D1_NoStim,-0.002043980281909441,0.010665322720287307,-0.0743749357025898,0.08227403899168628,-0.05790422375130788,0.04579859536017317,0.2568856373419157,0.01717747272408232
CCTACCATCCTAAGTG-D1_NoStim,-0.027908706188126686,0.0036673373107216634,-0.13132877997971093,0.003968164086282755,0.023461055730990665,0.04711206824233827,0.11525708770650489,-0.01190328045414546
CCTACCATCTCTAAGG-D1_NoStim,-0.052509448027477035,-0.0807384015742123,-0.09834429090656194,0.036901261978625755,0.035237468997189936,0.09488821109692314,0.1098536747007044,-0.014333388098011213
CCTAGCTAGGTGCAAC-D1_NoStim,-0.05431493139716537,-0.07790793262236484,-1.3224642755185556,0.21506861648974507,-0.512982377587889,0.4075345966044628,0.5142493198891014,0.07129759179207795
CCTAGCTCACAGATTC-D1_NoStim,-0.061411332548813036,-0.04016541123289841,-0.26235263463139447,0.003406784836753829,-0.14262796296647728,0.0038946928561092165,0.05727290910677674,-0.04660220374693225
CCTATTAAGACAAAGG-D1_NoStim,-0.056341008651747515,-0.03059480165736872,0.06820025642030103,0.012754044840544765,0.008958140949708593,0.07409412226677858,0.0023337461190111597,-0.05868835063091282
CCTATTACAAGCCGCT-D1_NoStim,0.005583966151590403,0.028657842512018306,0.06373879738426247,0.12421993805786613,-0.021480087109333468,0.09015278797227388,0.37784178492130316,0.06792253039153628
CCTATTACAGCTTCGG-D1_NoStim,-0.009352634676149663,-0.0494827221050258,-0.6521851066087425,0.06172801611792522,-0.2722747720177576,-0.0013956241876602604,0.11780620057022695,-0.01273539300800941
CCTATTAGTTATTCTC-D1_NoStim,-0.03395309963348225,-0.06322666858327608,0.04358154117866064,0.03437968137516734,0.2686228225538727,0.19849698321504405,0.16688092245482844,-0.005144397238359133
CCTCAGTCAGCCAATT-D1_NoStim,0.006777195093647492,-0.02620264561089769,-0.23989523575384197,0.06002793914686677,-0.024141140533918914,0.10179275811487454,0.06238732057440721,0.010247522976673196
CCTCTGACATTACGAC-D1_NoStim,-0.06470884031264035,-0.07578297158291569,-0.6079638518830599,0.03985573445769752,-0.1741478319188765,0.07354068121568158,0.1282032973369529,-0.044644878385390996
CCTCTGATCGCCCTTA-D1_NoStim,0.011266097011109366,-0.020248711307615963,-0.4066950714123916,0.04874494688779052,-0.046851105067514,0.09895187440156228,0.04953292447550295,0.0025353593983261646
CCTTACGCATTTCACT-D1_NoStim,-0.2653641349388991,-0.08002163952250996,0.24143508325178153,-0.29826655050735695,0.08571053146788365,-0.02359461320381584,-0.5297519187712387,-0.2407056456993164
CCTTACGGTGTGAAAT-D1_NoStim,-0.019832379345302797,-0.0043715596582654115,-0.24073184455392038,0.0030898986620790936,0.01486669452855871,0.024277454564004763,0.037956255017060236,-0.004485261014306019
CCTTACGTCTCTGAGA-D1_NoStim,-0.07804844512451048,-0.11404620339103744,-0.3525773652908466,0.06964517460476038,-0.06852337273008757,0.13742483901309743,0.15009700177873864,-0.06423916682986075
CCTTCCCGTACACCGC-D1_NoStim,-0.0023449780956177335,0.004431192943906481,-0.1972423558176093,0.01036348305882484,-0.010163097859505754,0.1010105878990899,0.23217293942188544,-0.02463241325866683
CCTTCCCGTAGCACGA-D1_NoStim,0.0513070962871236,-0.019638969409829343,-0.2169801376599647,0.06265123768420011,0.057376145124079514,0.14792539598254617,0.12479576075652021,0.018576026897441977
CCTTTCTTCGGATGGA-D1_NoStim,-0.23308975522869702,-0.025694143935567126,0.04049674758983102,-0.13594802839578612,0.19883437526289605,-0.02519945739598839,-0.09797800633725107,-0.11171142439333615
CGAACATGTTCCACTC-D1_NoStim,-0.02735517812696031,-0.008116290920344937,0.11239543904316918,0.07211104631884524,0.020319812003929627,0.042848091006225886,0.1592512931714687,0.0011708442290068177
CGAATGTAGGGCATGT-D1_NoStim,0.07295345780466356,-0.03379429352999175,-0.310669459675724,0.15658342648909596,-0.09951211787716652,0.3434795087345659,0.303218427838301,0.06044327231950497
CGACTTCGTTTCGCTC-D1_NoStim,-0.2872165425375339,-0.05057048811660536,0.3901877676915877,-0.14692986296655697,0.2203177671340768,-0.054259141247062104,-0.07869635763278993,-0.12820463262253945
CGAGAAGGTCTCATCC-D1_NoStim,-0.031752523665081966,-0.06173190642774351,-0.07145618671945186,0.01270235536984643,0.1468160877069149,0.12566084412792833,0.2524925103361202,-0.004663877232935931
CGAGCACGTTACTGAC-D1_NoStim,0.07419738267918419,-0.03396009268740663,-0.5222083744398454,0.15117030886922045,-0.05778027422162957,0.2592523752616449,0.11984680526923785,0.03328563101608495
CGAGCCAAGTTGAGAT-D1_NoStim,0.09651204050238604,-0.04732382651394218,-0.37241732527556515,0.04882025764749898,-0.043486582264398166,0.14739472473115978,0.14548852739871787,-0.03271849304799446
CGAGCCATCACCCTCA-D1_NoStim,-0.08936630123528388,-0.030314412837423532,0.062072165749761155,-0.15409663953577102,-0.07172349510260467,-0.08936884117609623,-1.0377354134000658,-0.10684251107637444
CGATCGGGTAAGAGAG-D1_NoStim,-0.07186054141687848,-0.09166930648977356,-0.7499104882378838,-0.06629270626469363,0.10382587235523744,0.088612555508921,0.16268522592922174,-0.06507249045330177
CGATCGGTCAACCATG-D1_NoStim,0.06867087304924269,0.013099734555620302,-0.26742567290539476,0.17239263571534913,-0.173087853143441,0.17817286066515425,0.14145400380869955,0.06016900106682144
CGATGGCCAGATTGCT-D1_NoStim,-0.21389338924005052,-0.008597800210653261,0.4177809638090597,-0.04948960664967217,-0.007451390518065537,-0.15068713801001365,-0.03576716630613941,-0.10067625846661699
CGATGTACAGCTGCAC-D1_NoStim,-0.08524711553236664,-0.05635817482255767,-0.07378622629822651,0.009141063620857537,0.21857411124571868,0.16191276665990184,0.03163499546561477,-0.06034274738277112
CGATGTATCAGCAACT-D1_NoStim,0.07497547567074392,0.0001036886655008118,-0.10535316223695546,0.10315997470399019,-0.03741234058871257,0.15384786601221556,0.055046966401071984,0.006375590745586024
CGATGTATCTATCCCG-D1_NoStim,-0.02745597066653005,-0.05150886143065492,-0.5564038925933197,-0.01613787863653826,-0.22648861769483553,-0.07466820609176761,0.04471975420779195,-0.03748613938087786
CGATTGAAGGTTACCT-D1_NoStim,0.032371160318625414,-0.014710057827493017,-0.17482153570897552,0.07068898571008475,0.0011874677525707256,0.1375609613963551,0.14004249376306577,0.01298775235023264
CGATTGACAAGCCTAT-D1_NoStim,-0.005451365840228206,-0.06702373956998642,-0.4707771231016906,0.08089517010328251,-0.24260104694866058,0.06927203810888649,0.25572484538239504,-0.01402875408235893
CGATTGAGTCAGAATA-D1_NoStim,-0.23971447353987863,-0.07328409199698704,-0.030891781084044112,-0.12785288450210786,0.27808103861499767,0.0007957266731395407,-0.07611678895639074,-0.15179564761787923
CGATTGATCAGCGATT-D1_NoStim,0.04635750379373249,-0.046768555572311854,-0.3746971167764723,0.15332113143729487,-0.15291691039128352,0.19552629692055667,0.3768643814497832,0.030263976612692645
CGCCAAGAGGTTACCT-D1_NoStim,-0.08668358700851009,-0.13102088595936223,-0.9769841667936632,-0.0741909294912837,-0.09576676612335255,-0.033182380842074366,0.13940803421847647,-0.11641552343980344
CGCCAAGAGTGCAAGC-D1_NoStim,-0.06280916784262303,-0.1029343060728447,-0.8444754402031052,-0.0165996746655086,-0.009059540890023143,0.08545452416262211,0.18289093613488827,-0.09162413410829551
CGCCAAGTCGCAGGCT-D1_NoStim,-0.02244204740149236,0.040190688220897997,0.19456408579086926,0.05715140108965677,-0.09546819133574047,-0.01434896439546307,0.1198313815861809,-0.0011527627084699787
CGCCAAGTCTATCCTA-D1_NoStim,-0.02567571275281466,-0.030764132528348753,-0.34011658394427613,-0.015018189276355898,-0.17657797335040826,-0.07658405803925383,-0.04465125948918658,-0.03437574616712524
CGCCAAGTCTGCGACG-D1_NoStim,-0.01946723168057396,0.0008780013488127736,-0.38883132822405564,0.044668873160016886,0.036584789634313,0.053595847924944984,0.11136706893233317,-0.004224277321922543
CGCGGTACAATCTGCA-D1_NoStim,0.027331965307169526,-0.06810830433935244,-0.7060516423336782,0.15952253915421188,-0.1666221857970509,0.18653346733871956,0.18942361899414983,-0.009022191752171338
CGCGTTTAGCTGTTCA-D1_NoStim,-0.04568829284847453,0.006993491759779147,0.0062579352784197795,0.05515124932074933,-0.08421348156858244,0.060105657740241014,0.15921785700124502,-0.02359672064147844
CGCGTTTTCGTGGGAA-D1_NoStim,-0.009794439625062878,-0.009327244859537842,-0.2151829690507352,0.09993304980930873,-0.05801198086868098,0.23606916415858947,0.2032337789008567,0.019055446835759327
CGCTATCCATTGGTAC-D1_NoStim,-0.011104518513935346,-0.012795348556556618,-0.14012907570094058,0.016049962334571788,0.020106908176632743,0.1301392469227931,0.14091561123638918,-0.001954163402979603
CGCTGGACACATCCAA-D1_NoStim,0.0031754553495648707,-0.07684166458758313,-0.4545621030559577,0.11979128921237425,0.05768031147682784,0.3843804609739063,0.35673978276194784,0.03036571544090627
CGCTTCATCCCACTTG-D1_NoStim,-0.16446311744479125,-0.12099441921844623,-1.2081422010958,0.05234335947588953,-0.24536827271541206,0.10958905843363276,0.5597021290537096,-0.083236848747692
CGGACACAGAGTAATC-D1_NoStim,0.0008026268172081075,-0.032923581027048954,-0.34310107235238796,0.05003307015350522,-0.11756693345211744,0.06348344474162726,0.07300531142054378,-0.009343809700515848
CGGACACGTACTTCTT-D1_NoStim,-0.0138322054777138,-0.03951005062428159,0.23116079069520978,0.024850499598148446,0.11422199811104505,0.18224044290080776,0.15200708210063896,-0.003071265184411587
CGGACGTAGAGGGCTT-D1_NoStim,0.12105808576796839,-0.01532261726782913,-0.3603616217348442,0.20781820095602832,0.01133386470955422,0.2749867723275683,0.2693172113942204,0.07231133365494813
CGGACGTAGCAGCCTC-D1_NoStim,0.009359232793467953,-0.007913303976385677,0.21936313549287334,0.10973655056541709,0.15507413308075968,0.15020197076732522,0.262443142786998,0.05031699686426627
CGGACGTGTCGGATCC-D1_NoStim,0.0938439955414907,-0.030001326316982713,-0.3128125930904737,0.09665142107868263,-0.04224487147370937,0.2252188876682224,0.052678484480118026,0.02318503757426349
CGGACGTTCATCATTC-D1_NoStim,-0.0548927559799921,-0.016115284272098407,0.19699696246874154,0.05739945028355642,0.022716971484948445,0.07029620518367174,0.17582997948092416,0.0032716359626956404
CGGACTGCATAAGACA-D1_NoStim,-0.007103807336749313,-0.012636656685183212,-0.04774961786609211,0.12452854322974893,-0.05569622230086857,0.22807902623660148,0.29762844493749174,0.016945902092892595
CGGACTGTCACGAAGG-D1_NoStim,0.046142066533420234,0.02265604931176135,-0.2670623167045427,0.07064403766491267,-0.10907341025760076,0.09460567336137782,0.03074233596456777,0.014701883566981877
CGGACTGTCCGAATGT-D1_NoStim,-0.13386838691223168,-0.09755203516463418,-0.48357762159058026,-0.09932699942797996,-0.027348708692739976,-0.08546471954116353,-0.024352109230969088,-0.09063833637858565
CGGAGCTAGGACAGAA-D1_NoStim,-0.01778477946037249,-0.015201784610781033,-0.25959413027908695,0.006834174920539837,-0.05640272895904985,0.04396485739445399,0.02142454864949972,-0.03781375856818592
CGGAGCTCATTCTCAT-D1_NoStim,-0.002640886133551845,-0.06217990376481097,-0.16698244366674864,0.04351916120233845,-0.004502870256015257,0.11307591522483396,0.34216509783166327,-0.017982746447277265
CGGCTAGAGAAGGCCT-D1_NoStim,-0.08823572617267317,-0.036058380023083814,-0.3858954758016999,-0.047327112262161464,0.10792819967469747,-0.049372019406204615,0.05914460445083147,-0.07065012440991758
CGGCTAGAGGACGAAA-D1_NoStim,-0.056799576431071586,-0.04544587166838454,-0.11718978831675031,-0.22226655300835674,-0.03994699730661111,-0.13886939241866258,-0.6208426775070182,-0.14337881320270895
CGGCTAGCAAGCCATT-D1_NoStim,-0.030174430070024627,0.02673974585160721,0.1689781192002222,0.027220476460403376,-0.03997756258216256,-0.08613919904440692,0.007957208834758589,-0.025430471164805013
CGGGTCAGTACAAGTA-D1_NoStim,-0.08338652793856127,-0.007197365276278234,-0.2930096060965113,-0.030352578045647505,-0.05093434578094502,-0.04068498123814823,0.01529058964201857,-0.04877905693039608
CGTAGCGCAGGTCGTC-D1_NoStim,-0.06989674851596384,-0.08991765507116867,-0.9550679706214709,0.03857693103886639,-0.23247497138690143,-0.02952096503160284,0.35795847786209745,-0.03546281826675646
CGTAGCGTCTCAAGTG-D1_NoStim,0.07740715412969479,-0.01545037623010792,-0.2422781747096554,0.09458577568402049,-0.10844805494098964,0.1981849244656999,0.04383563731625273,0.026448426676456194
CGTAGGCAGAAACGAG-D1_NoStim,-0.1343994772174888,-0.07516490224407235,-0.32023137671466806,0.01551513610212929,0.12462377941623615,0.22055765517549197,0.08718294587241493,-0.08259568131544093
CGTAGGCCAAGCCATT-D1_NoStim,-0.09979119280585458,-0.11021617979089626,-0.49893601530820675,-0.05573260351246567,0.013630164723128502,-0.024552317673540713,0.11070949497607607,-0.08883482096816131
CGTAGGCGTCGGCATC-D1_NoStim,0.021631551815424643,-0.1526159273320129,-0.2337257321772377,0.0580930562888593,0.04118817495193383,0.15908034048657882,0.1521107955735559,0.004088941889856201
CGTCACTCAAGGACTG-D1_NoStim,-0.11003208897399652,-0.10766758292304601,-0.2067026942174337,-0.005656704913997501,0.1757811423824034,0.3907082570097762,0.14089375483646815,-0.05454525019323775
CGTCACTGTAAATGTG-D1_NoStim,0.022537996673397842,-0.10176334099574014,-0.05868392730832106,0.0847750403753551,-0.04524024813924399,0.25154078747620723,0.19026268686444192,0.02919778790327321
CGTCACTTCCCTAATT-D1_NoStim,-0.07395767380503315,-0.04545872745697821,-0.3985983664080841,-0.022099634015285474,-0.18246916480285336,-0.0967150611333274,0.05580683356991667,-0.06097155941407806
CGTGTAAGTCTCTCGT-D1_NoStim,0.004762702063267454,-0.0015849947231956207,-0.07910288396947607,0.09786729827608376,-0.022876901753406287,0.04812594405085946,0.17804006693513053,0.03220921342118466
CGTTAGACAAGCCCAC-D1_NoStim,0.035490480102410515,-0.17520205769507236,-0.43049114094204377,0.08451777038680852,0.03960214171713794,0.40048439244440814,0.20090899494784153,0.021773457520636086
CGTTAGACAGCGTTCG-D1_NoStim,-0.052885272483678136,0.038261335694203424,0.07286882766572766,0.05340425660833681,-0.006119769684513443,0.010646731697029566,0.1707373272431596,-0.01078092601387759
CGTTAGACATTCCTCG-D1_NoStim,-0.011479728438978043,0.0713302972083234,0.17355002781221351,0.022920806374985503,-0.040767649757651014,-0.03727799144641253,-0.17932208894477153,-0.007442453078345679
CGTTAGAGTTTGTTTC-D1_NoStim,-0.2237970812519947,-0.0187818762362717,0.09940833847643304,-0.06499357703522257,-0.000826484718002618,-0.06787191868906461,-0.08825144235671889,-0.10660031622193245
CGTTAGATCGGCCGAT-D1_NoStim,-0.019649281975354427,-0.0384844211561024,-0.2902323718417552,0.02556484101707568,-0.05490589133165713,0.08306039860374437,0.016291781141088535,-0.005809135116754405
CGTTCTGAGCCACGTC-D1_NoStim,-0.028097836514810126,-0.011552121421978256,-0.03774747124526456,0.029934442999302036,0.014986628870268248,0.05558844910936145,0.03472309825006725,-0.013643474630349317
CGTTCTGCATAAAGGT-D1_NoStim,0.029963395148771,0.016909859952271233,-0.08021028551416443,0.0777353541446768,0.08684083877612281,0.0769008708475134,0.12718601605352342,0.025758501014481183
CGTTGGGAGATATGCA-D1_NoStim,0.05826490681415564,-0.007140487530085338,-0.3233967590986495,0.08066041314774175,-0.11759138955179971,0.10564591633664477,0.04900694401226646,0.020038188644660337
CGTTGGGTCTTAACCT-D1_NoStim,-0.002528745278864264,-0.06208481789517606,0.07598375427373227,0.003961055204252162,0.21283871561661982,0.10525258240360102,0.1645885433912211,-0.006255683872902651
CTAACTTTCCCAGGTG-D1_NoStim,0.05245212926796583,-0.03157651311646603,-0.27540479066401424,0.07091994787310796,-0.012428742939047055,0.16212555715201304,0.1298750740364487,0.015789865269447034
CTAATGGAGATCCTGT-D1_NoStim,-0.0012233217460657642,-0.014580775037588367,-0.2752279507143829,0.0523299012870897,-0.03902371758748657,0.06640040475519626,0.09479263586459918,-0.0319826828013241
CTAATGGAGGATGGTC-D1_NoStim,0.06347403356336834,-0.05715802373547341,-0.17781085190168966,0.07071649765000743,-0.034152671893778574,0.164300168528416,0.0894699613659462,0.004196089942345438
CTACACCAGCACCGTC-D1_NoStim,0.008623372543857144,-0.005952524870757259,-0.09901258656337575,0.07789060144443205,0.010947432432100612,0.09311139033744809,0.17886442293426708,0.014485237748376179
CTACACCCACCAGTTA-D1_NoStim,0.05867531944575788,-0.0752693974806693,0.09604917662227841,0.07940468958386404,0.028038882089829187,0.16774231332920575,0.2240924594909579,0.0422056129859687
CTACACCGTTGTCGCG-D1_NoStim,-0.04588708717740175,-0.003016429823381017,-0.38045531313330017,0.028838739364204002,0.026539397357183248,0.009203330212510963,0.3380427687410599,-0.020183061167236005
CTACACCTCCAAAGTC-D1_NoStim,-0.05043801351992627,-0.0189388577270595,-0.25151453026736803,-0.03512678493109789,0.03227746948135213,-0.04372649315610655,0.002362910658847639,-0.040456926531160065
CTACACCTCGGTTAAC-D1_NoStim,-0.009344117976340272,-0.06035274427762083,0.20382008268191854,-0.09085792262355241,0.04638110007328322,0.19815815317641672,-0.0808472209427391,-0.03156762157304627
CTACATTCACATCCGG-D1_NoStim,-0.1103945900176555,-0.03389795018578923,-0.16237631498469085,0.040624630372771975,0.11065468906973663,0.21447434563001355,0.1285765428255896,-0.04979452487086711
CTACATTCATACTACG-D1_NoStim,0.01908969748817846,-0.04482386438616537,-0.8815834245800431,0.12495818409846571,-0.2611097558111606,0.1859292377770272,0.22482688739589118,0.024892390311523016
CTACATTGTGCAACTT-D1_NoStim,-0.08428655566795484,-0.014756955172023467,-0.18273841481711628,0.008997850261030393,0.16303396725978025,0.09662455038175821,0.08534647200226209,-0.034276932419935235
CTACCCAGTGATGTCT-D1_NoStim,0.010603021616212516,-0.0016814434516945198,0.14359583298035083,-0.038822511017080785,-0.052154699560446716,0.09253618833025001,0.03688758449501428,-0.04741129123369525
CTACCCAGTTGTACAC-D1_NoStim,-0.06294881919533601,-0.05726795601705881,-0.6646549842145397,0.07708195731116874,-0.2706785515824297,0.16681676862015316,0.31160672557422053,-0.049014154582900815
CTACGTCCAAGCCGCT-D1_NoStim,-0.08541488021006494,-0.027088439639385342,-0.30832607580951255,0.04789484138383315,-0.002880363854576018,0.12574466559661523,0.03681508306739456,-0.022354550926754868
CTACGTCCAATGACCT-D1_NoStim,0.03594579485904603,-0.03732194188729565,-0.21629814797276836,0.0964408648106101,-0.11986542042797588,0.1940988342210419,0.10786794065926086,0.006864120913228078
CTAGAGTAGCTAGGCA-D1_NoStim,0.030179904765793353,-0.041462729680322497,-0.28159509347947775,0.11589725655286998,-0.10391670999456792,0.1173398026779715,0.2121705581722706,0.03633090209186207
CTAGCCTAGCTTATCG-D1_NoStim,-0.1240512385228616,-0.04228188205043715,-0.2965285379406346,-0.01776253071197864,-0.07196582329273049,-0.01814471958263475,0.08306962786329475,-0.06208914732677151
CTCACACCAAGTAATG-D1_NoStim,0.10887309887228014,-0.04768872365368004,-0.605786951730396,0.16637797663281084,-0.010614759791886641,0.39426142849295687,0.29660256647653815,0.005681501692693658
CTCACACGTATATGGA-D1_NoStim,-0.06591934067036931,-0.04190448919239742,-0.19038301138422398,0.00817279532029147,0.20483991684128888,0.13465594743304088,0.10778203492476957,-0.03962648406277758
CTCATTAAGGACAGAA-D1_NoStim,0.053200873333862475,-0.008926282592925716,-0.5116788979189089,0.030969351901497078,-0.22321850980149804,-0.0005996144626410072,0.017262875792931176,-0.0012378632160370273
CTCATTAGTACCGTAT-D1_NoStim,-0.06770421502236523,-0.042728007639157184,-0.25450284347100016,-0.004733514680745898,0.1725387328753154,0.14130314929848353,0.1009512496317253,-0.05403576444198421
CTCGAAACAAGCGATG-D1_NoStim,-0.19519064346734005,-0.046286747553425656,-0.17125604872907374,-0.09790875614486438,0.014593952797850918,-0.044597772511840716,-0.1640982702893865,-0.13873890791184884
CTCGAAAGTCAATGTC-D1_NoStim,-0.0364836243963822,-0.01577531939866006,0.02685078638617533,0.035517662382174464,0.13296927418213755,0.1536208137522177,0.12748024542274727,-0.026980405219827475
CTCGAAAGTCACACGC-D1_NoStim,0.071665139141464,-0.012686395838269249,-0.37443726821592627,0.06066188167845077,-0.18816807178930794,0.06932344112871291,0.07914826027169841,0.013614612680230564
CTCGAGGCACGGTAGA-D1_NoStim,0.09878599113199371,0.004985801768500053,-0.2818166540500151,0.1341785089276506,0.050337967362121816,0.3450376703066791,0.225186294530495,0.0548449792514063
CTCGAGGTCCGCATAA-D1_NoStim,0.051315087061608367,0.017130196038475987,-0.027771714145758963,0.14067373683318252,-0.06319783899525966,0.13901614606766977,0.23999036169785626,0.023895595902279965
CTCGGAGGTCCTAGCG-D1_NoStim,0.05675113375512275,-0.08747631917884746,0.05340221631542441,0.10016806309993953,0.113403951185715,0.28685400645138337,0.27025379996881194,0.03601148931227627
CTCGGGAAGCCACGCT-D1_NoStim,-0.04554690851295362,-0.09868185761392922,-0.39247954383627714,0.11714246140424756,-0.02587540607567007,0.11122950627076023,0.49405400374473185,-0.0025130645559539033
CTCGGGAAGTAGGCCA-D1_NoStim,-0.0042629939689575735,0.02448394577923274,-0.0031745437197407966,0.05432879854175354,-0.020481379798155785,0.007689387750735577,0.12050189050751392,-9.294696366168864e-05
CTCGGGACACATTAGC-D1_NoStim,0.0087805575569746,-0.03123247029973264,-0.3486575652397068,0.041649305322916774,-0.0349744811327497,0.1715489041060554,0.08309759544504258,0.0026292780793930604
CTCGGGAGTTAAGATG-D1_NoStim,-0.1738436716986218,-0.03305332929711824,-0.04970355621775013,-0.0882092074257752,0.019896183701469283,0.009558050747932256,-0.03977968463006398,-0.09162734312320531
CTCGGGAGTTCAGTAC-D1_NoStim,-0.040521622132128954,-0.06665146481303452,0.012403615974932336,0.0027084211672576686,0.1895881067106746,0.16906428437850174,0.25940342955726425,-0.03111523859285903
CTCGTACAGAGTAATC-D1_NoStim,0.04707152933285208,0.0075974495702215705,-0.32638605904231,0.057397506753579464,-0.09524548359017615,0.04740298603302495,0.039152836297120075,0.009847435957082595
CTCGTCATCCGTCATC-D1_NoStim,0.04930901034318502,0.022943400924525292,-0.41656911843134914,0.09350780073521214,-0.15942732808180615,0.07598267301332484,0.05242197643474267,0.020549644565507563
CTCTAATTCATCACCC-D1_NoStim,-0.06040889368276048,-0.024931065301091238,-0.11277664126874143,-0.0007389001650732752,-0.012836495043703877,0.02365751674974348,0.0019201658267427035,-0.035563190203907524
CTCTAATTCGATCCCT-D1_NoStim,0.06591801860104596,-0.09064158113321952,-0.7417941811413336,0.21886431246424287,-0.13494412259803568,0.4553522867447102,0.3291859546808622,0.05013954984413793
CTCTACGAGAGGTACC-D1_NoStim,0.05815276051142071,-0.003775427912811935,-0.08091787094461367,0.12780227973229685,0.07191431487703426,0.2858064881896567,0.29134597969025133,0.05831770557284521
CTCTACGTCCGTAGTA-D1_NoStim,-0.007702985870857049,-0.04784644808259131,-0.2227347771933399,0.05828984542473492,0.21676258917059954,0.18695338195461542,0.16538310283477387,0.003367651789853099
CTCTGGTGTTCTCATT-D1_NoStim,-0.06740284434829036,-0.10229148241434416,-0.7907947222543665,-0.009091118435096135,-0.1680520510520367,-0.05757899329548444,0.38842036891962195,-0.05149684239468577
CTCTGGTTCCACGACG-D1_NoStim,-0.007223232390613177,0.037974415848170295,-0.08809455999086246,0.06206851555218407,0.046502695742489664,0.00919945519750165,-0.06561500013098165,0.01892784731043129
CTGAAACGTAAGGATT-D1_NoStim,-0.0496654044840259,-0.017977079155441444,-0.29959630127915915,0.05025002124858524,-0.08055745962334271,0.0852284696748633,0.05828996700973743,-0.00349727041357184
CTGAAACTCTAGCACA-D1_NoStim,-0.014813110012225295,0.005150572457365499,0.1764585360814266,0.04944931159653265,-0.023067155617518154,-0.006989952200347815,0.08299475664317324,-0.019038832913340187
CTGAAGTCACATGGGA-D1_NoStim,-0.027499960021174275,-0.03558332886097659,0.2702915402981976,0.07526445465793152,0.2467338018964309,0.10780332985508423,0.21087132977643108,-0.007334317134242596
CTGATAGGTCGCGTGT-D1_NoStim,0.08497876556884876,-0.037037641919557274,-0.4043778863481897,0.14639115991382745,-0.07159251173042058,0.27825241798522793,0.32591606908473514,0.05743391841543399
CTGCCTAAGTCTCGGC-D1_NoStim,-0.0185449229955168,5.9643787199803455e-05,-0.32482980720644505,0.14574318334091707,-0.010890512102525562,0.1915323101641917,0.43604861688685226,0.05369056601647593
CTGCCTAGTACTTGAC-D1_NoStim,-0.24738619993096655,-0.027442869971745054,-0.03701724115083316,-0.11716678072032138,0.10997552630133711,-0.030646478006278954,-0.1051998216645833,-0.14977573128206068
CTGCCTAGTCTCTCTG-D1_NoStim,-0.024598038057021654,-0.010688434878385777,-0.26989605327287336,0.02183127938526397,-0.10428020326348886,0.04661495277880423,0.00435575498071783,-0.009499140245390336
CTGCCTATCGCCAAAT-D1_NoStim,-0.03946167541024792,-0.023818715106477484,0.04301111853369122,0.047115641465955704,-0.0074302078949752826,0.1520274476239365,0.17747878630266012,-0.010204977862143139
CTGCGGAGTCTCTTAT-D1_NoStim,0.07992548617671424,0.013387431182179554,-0.07265495014844348,0.06156389614447555,-0.11271670255385402,0.1269779178773769,0.024506316374353077,0.014513503636781167
CTGCGGAGTTCCGGCA-D1_NoStim,0.05844628837897403,-0.011444192694963107,-0.31100347531189243,0.06109154454835064,-0.06405387662099393,0.10483529957524773,0.08059711215030152,0.012373409939636204
CTGCTGTGTCCTCTTG-D1_NoStim,-0.028225104556675262,-0.0867890092575685,-0.31681936358355145,0.0760705764721834,-0.12946251923658636,0.10451729215512007,0.12815078277344494,-0.006710402000525306
CTGGTCTCATACGCCG-D1_NoStim,-0.0785131718206884,-0.0832026236637855,-0.4761606691137672,-0.007211244762117985,-0.11391420497263383,0.017679566160428983,0.08464114777638043,-0.06254095598293574
CTGGTCTGTTGGTTTG-D1_NoStim,-0.17870383852146965,-0.012191377531991066,-0.14783632653382028,-0.05280016027311518,0.05178470988869144,-0.020742356902406556,-0.12451475002786516,-0.10345759894842033
CTGTGCTCACAGCGTC-D1_NoStim,-0.0929897959068029,-0.009778803940589498,-0.013478553191617948,0.009569835422521322,0.10294988610061395,0.11819455214418095,0.07320809765086445,-0.03429824396216752
CTGTGCTGTTGAGTTC-D1_NoStim,0.07863255489834309,-0.0681411182033731,-0.3224431064035276,0.144519555706216,-0.06619628405619338,0.2509369933676302,0.2591179868371789,0.03398841046904977
CTGTTTACACACCGAC-D1_NoStim,0.010682996267716405,-0.017456455717001162,-0.36380555617601473,0.023548556328329084,-0.10730062219269776,0.06976580243344532,0.04432806025924574,0.015446487207910309
CTGTTTAGTACCGTAT-D1_NoStim,0.09450917428365635,-0.10463429080386177,-0.24578287903908347,0.07777970539591905,0.03267974264449869,0.24346767589388296,0.2239034600143759,0.03388001734669288
CTGTTTATCCAGTATG-D1_NoStim,-0.08028646544587836,-0.029481729641746668,-0.17950555853374794,0.011881576125636784,0.2699058988877372,0.17089881302786392,0.10108263207605628,-0.025932443142288264
CTTAACTAGCAGACTG-D1_NoStim,0.07960265015391244,-0.0005610788234822195,-0.35158969774319004,0.08173480753409201,-0.13840562151428948,0.12397858084937052,0.037374199077214065,0.012537403721671225
CTTAACTCAAGGACTG-D1_NoStim,-0.007744307498811054,0.0016743297275425562,-0.19102992305350952,0.008291109527174712,-0.060807928080333085,-0.03075074687176471,0.014912956833798674,-0.01275684701331059
CTTAACTTCAAGGCTT-D1_NoStim,-0.09258402876459826,-0.07191613015734433,-0.3792311359375873,-0.019538320678996968,-0.045062475730308194,-0.06990580322765272,0.09495236779681493,-0.06293521086964837
CTTAACTTCTATCGCC-D1_NoStim,-0.09361189333139386,-0.06781423631420047,-0.8192815857752898,0.06660234199394388,-0.2750396842739491,0.001137818596917306,0.41283535156033846,-0.03852318645449948
CTTACCGAGTGTACCT-D1_NoStim,0.02086066511204976,-0.0514686698479796,-0.0633226271892191,0.08172904382957036,-0.09374032937612853,0.13717132430286938,0.0663850378592512,-0.010477399256844322
CTTACCGAGTTAAGTG-D1_NoStim,0.04101117308908364,-0.0185040065461326,-0.319095366281303,0.055487494356006195,-0.008506748283190646,0.11049790952511795,0.04804900985720417,0.005241402942733231
CTTACCGCAGATCCAT-D1_NoStim,-0.010530554870177511,0.06416202427328344,0.028026594589515952,0.03821542778353049,-0.025701827271753075,-0.03218023591842645,-0.023307715224251346,0.013146252578463802
CTTACCGCATTGTGCA-D1_NoStim,-0.10939753511737571,-0.041728013684961596,-0.7031148405443215,0.09908552700149009,-0.29423122051579753,0.11814453408097503,0.11625865668418944,-0.0685385474236746
CTTACCGGTTGCCTCT-D1_NoStim,-0.06407151920005205,-0.01374899170078514,-0.18891889318380706,0.009060229323452518,0.01959063347758061,0.13111640946241288,0.0632243790979583,-0.025390078874199418
CTTACCGTCATGCATG-D1_NoStim,-0.061013815611531186,-0.02466816631553037,-0.2164904430507395,0.0643978924637647,0.0659770597930418,0.13037127465567444,0.3525960696786372,-0.015750497038558464
CTTACCGTCTCTGCTG-D1_NoStim,-0.0632196004435368,-0.01651567282854849,-0.12466418655979439,0.007579295271238351,0.08500535689295496,0.044123839620067606,0.04656112467521556,-0.031546515623361415
CTTAGGAAGTTTCCTT-D1_NoStim,0.06985613960098291,-0.01117819775903861,-0.47609113882335485,0.05501911411480265,-0.20764910903091405,0.035284440239476744,0.08247018637769177,0.007798229436232873
CTTAGGAGTAGTAGTA-D1_NoStim,0.056833566437386907,-0.08393317312875759,-0.5564019660749135,0.2862574078379243,-0.1567867091698929,0.3334732958519355,0.49666973678997195,0.0852891158347191
CTTAGGAGTTCGGGCT-D1_NoStim,0.08393147329763195,-0.0015514014846367274,-0.29095777229288977,0.07760189463755296,-0.020564959889942003,0.07913217290693453,0.07305130511091429,0.0425843135417896
CTTAGGATCCCTCAGT-D1_NoStim,-0.02277608719793811,-0.04717359657426101,-0.09600882873924199,0.04199695066719933,-0.0051236467040194356,0.10699606963498631,0.02512584553652708,-0.029417437772456978
CTTCTCTTCTCCCTGA-D1_NoStim,0.058090561572827326,-0.051867045516333476,-0.2312331852795495,0.0827379593168267,-0.04300051960756868,0.16860969650319202,0.04577022388103691,0.02548055063314969
CTTGGCTAGAAAGTGG-D1_NoStim,-0.028758798610871494,0.05404037879584678,0.21213087707028855,0.053115070612454574,0.1621613538243043,0.07189222447076737,0.007854500024742528,0.026002655878796688
GAAACTCCAAGAAGAG-D1_NoStim,-0.025790579254222123,-0.00655583675704996,0.07071551102259654,0.046047459103128574,-0.004546188777201365,0.09543793399526912,0.19111655510447623,-0.007478190822892472
GAAACTCCAAGTCTGT-D1_NoStim,0.06859185877275031,-0.015467933079008844,-0.21251870435576592,0.044062571671643624,0.0860736927010457,0.17818945077038606,0.1162883282810574,0.02540462083397621
GAAACTCTCTGCTTGC-D1_NoStim,0.07187540062977682,-0.027889180660404023,-0.5482505935701294,0.12594388540122559,-0.18396715761709181,0.13299998981636918,0.10356442333724081,0.013051444209006391
GAAATGACAAATTGCC-D1_NoStim,-0.08079621940170512,0.005957568622585896,-0.2472533696176722,0.010956069917245514,-0.11065211276404874,-0.008197367149101353,0.004861969787873122,-0.03423855261388731
GAAATGAGTCGCCATG-D1_NoStim,-0.07446182623116648,-0.003728319605002639,-0.12482200292006063,0.012393176916384974,0.003850525436190466,0.04065954613487932,0.06174238170431501,-0.040961153820134655
GAAATGATCTTCAACT-D1_NoStim,-0.03261370973821087,-0.03725464380441146,-0.03215147397661866,0.005715843093437201,0.16476893991407593,0.19156285195440415,0.12213462786992135,-0.026186705955826284
GAACATCAGCTATGCT-D1_NoStim,-0.030550696514108466,-0.03217770135246312,-0.21079485464906966,0.012883975079997612,0.026124445327468493,0.16960604647328825,0.11445315079115703,-0.02120022015990841
GAACATCTCCTTTACA-D1_NoStim,-0.027574440649708265,-0.05280085378734434,-0.6349584617437944,0.05924751267020412,-0.32379960976156674,0.045609511337117326,0.1748553854813104,-0.006778114987131545
GAACATCTCTCCAACC-D1_NoStim,-0.06346255113812127,-0.08269247541897151,-0.5376005451978862,-0.03827596184961557,-0.11688191659277969,-0.11846685557300862,0.07754118741648064,-0.06697963338524993
GAACCTAAGCCACCTG-D1_NoStim,0.02720397978353084,-0.01910701221507871,-0.2880659674473698,0.07103278499290511,-0.13993555339594366,0.07847895441525665,0.09087158774438198,0.011562071365235127
GAACCTAAGGCTAGAC-D1_NoStim,0.10105368268718706,0.0006795784338819999,-0.3301207685747194,0.09775889711015573,-0.12078680366191641,0.12017217517796652,0.027322705238406186,0.022703576608440912
GAACCTAAGGCTCTTA-D1_NoStim,-0.10296315501419606,-0.1119344769590036,-1.1315995814873663,0.2913727945915401,-0.22482208264514014,0.3803847740840176,0.44388537950581686,0.045975693893216985
GAACCTACATTTCACT-D1_NoStim,-0.06958679845270943,-0.1061727132075525,-0.7261302378053252,-0.004218121859580037,-0.15561960132905917,-0.07934407698766144,0.6016558229460527,-0.06577138600236765
GAACGGACATGGTTGT-D1_NoStim,-0.026385814445394118,-0.033341970409203725,-0.1875123908378331,0.035286194993210174,0.08598041806564893,0.1469898713546982,0.11698823967041871,0.002300342619589557
GAAGCAGGTCGACTGC-D1_NoStim,-0.06545904877402187,-0.028541806991013274,-0.16788735826856183,-0.005955172694946498,0.2045975017643613,0.11131537735807395,0.11754995494355613,-0.026526840640499927
GAAGCAGTCCTATGTT-D1_NoStim,-0.16039076108083705,-0.0007649704249104161,0.6530147536559081,-0.31391701473648403,0.20032250160061693,-0.13171190978551017,-0.5387967544934691,-0.19765124562944436
GAATAAGGTGTCTGAT-D1_NoStim,0.09444210466708292,0.0360302708769904,0.028421796254425757,0.1364415587753438,-0.24633771400739057,0.1173759541076631,0.10772829066409972,0.11872059657666867
GAATAAGTCCACTCCA-D1_NoStim,-0.06453591613482423,-0.03031029963314502,-0.0728153716602975,0.0056742978849477765,0.025891731953688435,0.0829403987891979,0.17391853365406185,-0.025850058477050908
GAATAAGTCTGCGACG-D1_NoStim,0.06640052118460815,-0.03682227532467053,-0.239069706238336,0.05789605362529393,-0.1056264023221214,0.09454883917923862,0.02057491851775861,0.017062663948427925
GAATGAAAGGGATCTG-D1_NoStim,0.020329584968624914,-0.04127904475303801,-0.2196306202347884,0.07237534439808435,-0.02082245502901614,0.10139766320499,0.08316669589757542,-0.0011987675541327292
GAATGAACAAGGACTG-D1_NoStim,0.01450526180617473,-0.0059203795462785536,-0.31549721892611515,0.061235823576648585,-0.17525238825567335,0.05500488989267094,0.2730099356193971,0.0034048573339848787
GACACGCAGGCCCGTT-D1_NoStim,-0.21894668197904643,-0.023280937450197214,-0.2968968449825873,-0.13970439292203451,0.04079032314242248,-0.066288662251897,-0.21527051506054118,-0.14199861047194773
GACACGCCAAATCCGT-D1_NoStim,0.0073600336486094875,-0.011089259467778945,-0.4183369645519175,0.07537011768481072,-0.17917149619707118,0.10566927097293544,0.15929085174297963,-0.0017052716063439277
GACACGCGTACCAGTT-D1_NoStim,-0.009175009320943062,0.011119517814577762,-0.06438875327236637,0.03858847418717026,-0.006638688027599926,0.11730996724414489,0.16676652881536036,0.00919482381375758
GACACGCGTACTTCTT-D1_NoStim,-0.0476724689132908,-0.015065063036209025,-0.12543334695325825,0.016330621181966265,0.0721703690415545,0.10143285802498525,0.09305126476257808,-0.01156224491294644
GACACGCGTCACACGC-D1_NoStim,0.07815702606810859,-0.015128186671427457,-0.32592319104607803,0.06322896986870497,-0.15844152369757758,0.07729884768752893,0.04253433425819031,0.0287372574160063
GACAGAGGTTCGTCTC-D1_NoStim,0.018428444581322978,-0.01333835283861795,-0.0948846096761855,0.07322586829764788,0.14963010834868307,0.18079949603139944,0.21868869490945597,0.01803176132729689
GACCAATAGTACGACG-D1_NoStim,-0.05663699158447777,-0.04626841143084448,-0.36570909082853476,0.0035680056418794237,0.12005582014270466,0.12665687028901296,0.07503556297013425,-0.045538242209838486
GACCAATTCTTGTCAT-D1_NoStim,-0.014591594766107718,-0.010792969010637421,-0.15896141960913823,0.015927047201442335,0.03191121038953071,0.13072351008843341,0.15872580241382117,-0.013194633340146922
GACCTGGAGCACAGGT-D1_NoStim,-0.08878121552212725,-0.04552911494716483,-0.027887424407509798,0.002561247814629297,0.07984952874754825,0.23558174183062874,0.10503867818095092,-0.05736657595608463
GACCTGGAGTGCTGCC-D1_NoStim,-0.057365490640478356,-0.004075206753753946,-0.18624553813848976,0.07580735752178924,-0.05366327439895535,0.06559443279218335,0.2952396245839397,0.010959425932846045
GACCTGGCAGCTGTAT-D1_NoStim,-0.1121662713916205,-0.07595017863926579,-0.7295014009706833,0.0679397167003657,-0.24374362355684553,0.06755320697992406,-0.18574818047294173,-0.0670883996917766
GACCTGGGTGAAGGCT-D1_NoStim,-0.13299720079812616,-0.029293526340124387,-0.03542666365984104,-0.09384174127410638,-0.0478257381045335,-0.049214076800956796,-0.311196286035222,-0.10067809796598226
GACGCGTAGTGGGATC-D1_NoStim,-0.05745361034503027,-0.008971127423585301,0.1028584740935834,0.03786703449867268,0.08831317796410154,0.11923737133761314,0.13941781091185845,-0.009566798966453405
GACGGCTAGCTTCGCG-D1_NoStim,-0.0322914936546006,-0.002994466724240752,-0.007211014478958333,0.0349431509638638,0.06231906611203719,0.059319389354559604,0.1938934324097339,-0.01749279024973127
GACGGCTGTTTAAGCC-D1_NoStim,-0.28467821021057915,-0.08657304997107751,0.043988245388373315,-0.110312797683628,0.25035550389194405,0.06075095652792939,-0.13891730336610042,-0.15952621763019437
GACGTGCAGCTATGCT-D1_NoStim,0.08839170781990724,0.004230528436291792,0.02954591668529538,0.17139984822704157,-0.06906486580848714,0.2476433746572404,0.30302624240925935,0.07115802646425884
GACGTGCTCCAACCAA-D1_NoStim,-0.05981776896779145,-0.01289422916274674,-0.09027733828279239,0.05224312975505718,0.12473975990020136,0.11263563536974708,0.15676153850294572,-0.0013502147164832223
GACGTTAAGATGGCGT-D1_NoStim,-0.01592313299538084,-0.0020404238849476286,0.32924462236139007,0.051810491398608605,0.03881954835869372,0.12293105646864788,0.1322934272784475,-0.017784131903304967
GACGTTAGTACAGCAG-D1_NoStim,0.029837436555361307,-0.026402580999397074,-0.3366539052334119,0.09275701267920944,-0.09612805134077895,0.12197446180304095,0.13661024356095552,0.009546922856561224
GACTAACTCACAGGCC-D1_NoStim,0.0025242388888546685,-0.0316395192383947,-0.3762438053742372,0.008074927930614706,-0.1351641705540647,0.06797233623506038,0.005159434323563694,-0.012988483412279095
GACTAACTCACCGTAA-D1_NoStim,-0.04704881320065191,-0.08175742245786388,-0.6907046626553193,0.11054564021019964,-0.231313026892094,0.045614311254149165,0.2722845795889919,0.005913803728544664
GACTAACTCGGCGCTA-D1_NoStim,-0.11336722825600276,-0.014330226896067444,-0.10866297975107209,0.0019630205238971854,0.08977543637298702,0.06890275201801543,0.005517277748479543,-0.06759455593495467
GACTAACTCTTAACCT-D1_NoStim,-0.12785019252393326,-0.09493994355600499,-1.425442165957767,0.09102816458575802,-0.5326517884419992,0.10121357851623358,0.36312377806593066,-0.0373117025051819
GACTACAGTGGTCCGT-D1_NoStim,0.14956659832746944,-0.035923890313750206,-0.332962444558186,0.17546859801992198,0.014137612365566099,0.29712249108194655,0.15280124317740773,0.06661847146583888
GACTGCGCACTCTGTC-D1_NoStim,-0.10467118380469742,-0.17539344335003904,-0.43354136647120356,0.09147763886497451,0.04313933745556575,0.3732753075430244,0.25427850504217275,-0.02881233684808393
GACTGCGCATCAGTAC-D1_NoStim,0.12550639917564155,0.07639029243692264,0.2150730637145628,0.11634177524703126,-0.2748063830870766,0.02918633531098891,-0.18572892217088555,0.11248716110626233
GACTGCGGTTATGTGC-D1_NoStim,-0.04245437626576276,0.0007365327069415173,-0.2084332005055476,0.03386958831642595,-0.26371317719298837,0.027755890693271112,0.1635597343390236,-0.01975213916515628
GAGCAGAAGGCTATCT-D1_NoStim,-0.0555571386092506,-0.02516353275762384,-0.2738676348316993,-0.012928861726155816,-0.08509197490672271,-0.03915694026596306,-0.03163520919730667,-0.04605356547092754
GAGCAGACAAGGACTG-D1_NoStim,0.016313728388414717,-0.04067802001584475,-0.28873612743647925,0.0868172528993334,0.10721803383762385,0.2461148245491307,0.2034299994383706,0.006615972904954859
GAGCAGAGTGATAAGT-D1_NoStim,-0.028163945004230584,-0.008881647643727675,-0.03438497933901452,0.03176440758681842,0.08543934272233855,0.12027157527482224,0.1665659835827178,-0.0058925810234295994
GAGGTGAAGGTGATAT-D1_NoStim,-0.21908504738292045,-0.024198032437684702,0.07553789720716608,-0.1337234417380717,0.10782415298477943,-0.013244238118659268,-0.08686923487851761,-0.09464406655740021
GAGGTGAGTAGGGACT-D1_NoStim,0.0032875528852294167,-0.01705430962229393,0.34158104282055746,0.020990875555863653,0.06331659173636695,0.025838678179532337,-0.06274460185129005,-0.0009331774012437677
GAGGTGAGTATGGTTC-D1_NoStim,-0.03063156402559919,-0.006650092241516248,0.21999400011098658,0.028930677706393126,0.07069931755689751,0.046670797026729716,0.11810597261012834,-0.011906478299621881
GAGTCCGAGCTGCCCA-D1_NoStim,-0.018475386006691963,-0.008469492702035453,-0.08000339689524338,0.039437824194157756,-0.07763407210296513,0.04563864283407604,0.1581725849164224,-0.015994136305561568
GAGTCCGGTGAGGCTA-D1_NoStim,-0.13334610606094266,-0.08486818962759024,-0.8505043038759386,-0.0009884738426908513,-0.1942106688393821,0.040116184262426025,0.03362599821405077,-0.0824536240044722
GATCAGTCACAGTCGC-D1_NoStim,-0.0996001579939012,-0.06041260456216513,-0.48072014780528605,0.029203742675157685,-0.2486971046080022,0.014850482810208732,-0.05576605763898801,-0.0519865771901582
GATCAGTTCCTATTCA-D1_NoStim,-0.08431456266371029,-0.0935587934271549,-0.9211754932063929,0.025994036636197038,-0.22630037476871045,0.0272335141202511,0.5387048528942096,-0.07138531558205408
GATCAGTTCGATAGAA-D1_NoStim,-0.0035615640975130702,-0.020212228582980885,0.14483074246195926,0.12487749666239267,-0.049859637709683824,0.09650708826556098,0.39187804084378985,0.008296373176758465
GATCGATCAGCTCGAC-D1_NoStim,-0.2526345960394565,-0.06318973364220248,0.498063248375086,-0.3781112452068829,0.3882976589898153,-0.1292304840762597,-0.8435603451793687,-0.27055863048762063
GATCGATTCACTCCTG-D1_NoStim,-0.025616659762137672,-0.01990228417072437,-0.4256757608795141,-0.14616263482337466,-0.13753348776535645,0.06779467165348496,-0.24869891759057872,-0.08265078528932968
GATCGATTCGAATGGG-D1_NoStim,-0.11946014028015561,-0.03390725495750857,0.010055743846017151,-0.013996865029080041,0.10779658630345601,0.18541662337016973,0.07226967784962302,-0.07265397404361984
GATCGCGGTGAGGGAG-D1_NoStim,-0.06420595050533251,-0.007467042697253845,-0.2702855034097169,0.08809536572190879,-0.07041621164874279,0.006158227638545455,0.06170176287191875,-0.00262428046992369
GATCGTACAAATTGCC-D1_NoStim,-0.01838987024302874,0.005882768606737088,-0.0631425497687097,0.06594864786721288,-0.06054284348563499,0.034721129754304414,0.14210385741703746,-0.022648421987900846
GATCGTAGTCTAACGT-D1_NoStim,-0.015070597992558277,-0.006594533445884565,0.2575225769877374,0.020380332770381315,0.23230964919655506,0.023786208755213423,0.06352207133786614,-0.012630624112116351
GATCGTAGTGCTAGCC-D1_NoStim,-0.0312857769141921,-0.008025468260139945,-0.3636559718858834,0.02419656850089069,-0.0809142615356695,0.07252800841872364,0.08235204157432996,-0.005080839789826541
GATCGTAGTGTAAGTA-D1_NoStim,-0.07930656591573104,-0.0819197715277653,-0.4215618156346359,-0.024385720254835874,-0.13651036493218882,-0.05954816860369849,0.1667661866465231,-0.07677400705065907
GATCTAGTCGATGAGG-D1_NoStim,0.0354119579266694,-0.053012558107251806,-0.2765142898937665,0.06655768018753605,0.01724268343198254,0.2254974680725912,0.17754553295757924,0.029108945644919615
GATGAAATCTGAGTGT-D1_NoStim,0.0804128633556509,-0.009826514145746756,-0.20311008258204666,0.10429008615507307,-0.123651409806671,0.1615010996577375,0.047188120586422855,0.009091281155567899
GATGAGGAGATATGCA-D1_NoStim,-0.00804596277260039,0.014212016594344234,0.09862471761495506,0.0738737844376427,-0.003403195961634964,0.03243203589615007,0.0745259703231973,-0.003504486041210342
GATGAGGCAACTGCGC-D1_NoStim,-0.026072408613700304,-0.020271061340960017,-0.37679562527760524,0.022624144723669914,-0.13707074149303367,-0.02915794563022711,0.011586840706769408,-0.01776337317095411
GATTCAGAGATCCTGT-D1_NoStim,-0.05365046338817869,-0.16561600201544913,-0.5450304218516422,0.12281149208177666,0.027649649713563207,0.2783153718539726,0.2356263419942657,0.04514372949705958
GATTCAGCAGGTCTCG-D1_NoStim,-0.15493663292171966,-0.0828654313024142,-1.158997439939002,0.041327170145189385,-0.40071141336568417,-0.10627760149393506,0.4999228478231874,-0.03113922461062124
GCAAACTCACTTAAGC-D1_NoStim,-0.04472500747219854,-0.029350081506105852,0.1540010564454679,0.03676244277896856,0.023345789718966614,0.11997704533877673,0.15608724433181376,-0.008720624408578459
GCAAACTGTTCGGCAC-D1_NoStim,-0.050190270448972285,-0.0254431940044757,-0.3160430960310183,0.03984218645378412,0.009317777239429503,0.2017885684328098,0.07649144373460803,-0.007051328076771668
GCAAACTTCTGCAGTA-D1_NoStim,-0.10107850241708505,-0.09591350786962494,-0.5368693780053881,-0.006575266068555408,-0.00954022394578935,0.07053993873709619,0.20409137367868135,-0.07018517501311194
GCAATCATCGTTTAGG-D1_NoStim,-0.026608887554784744,0.02376188557807879,-0.006789834935178263,0.10016738065524144,-0.12699749493654977,0.030592557103920726,0.3916827651624235,0.00719001442926448
GCACATAGTTACTGAC-D1_NoStim,-0.0662741749977993,-0.051163512273912914,0.20359615868484404,0.02970542992604841,0.2451806093141773,0.20344806753964662,0.11590507630309643,-0.0069307789468293635
GCACATATCCCACTTG-D1_NoStim,-0.0213064947263657,-0.07157835793604406,-0.20799597006723047,-0.027015520681040073,-0.0833671966721461,-0.06793309961295169,-0.10588855611051695,-0.04946578406949165
GCACATATCGTTACGA-D1_NoStim,-0.025349483394890626,0.055155504573107805,0.165799229506014,0.057267288619339496,-0.08773166371940277,-0.0043898012469778536,0.0049956626516625136,0.004483282083004525
GCACTCTCATTCACTT-D1_NoStim,-0.06766535699921405,-0.008755710321853627,-0.14718691850825394,0.013179817602161137,0.07325244632299643,0.10924316214394203,0.08201728019039844,-0.043695241098784976
GCAGCCAAGAGACGAA-D1_NoStim,0.061794792427205536,-0.046056357395530156,0.15543349770421422,0.03488679469621658,0.0856909479991117,0.2076005420429219,0.030043481629876467,0.0366299745034695
GCAGCCACACCACGTG-D1_NoStim,-0.005344967115931354,0.03311981130816122,-0.13432750278117567,0.04417965478551977,-0.03705258270128198,0.045477260193786506,0.03495647165662863,-0.00747320571263721
GCAGCCATCGTTGCCT-D1_NoStim,-0.05401236706527612,-0.07092761915006918,0.05492994605643453,-0.06705758936878325,0.13543395770922118,0.18094586764153675,0.009107369272368437,-0.09163276101724094
GCAGTTAAGTTTAGGA-D1_NoStim,-0.1906379639622635,-0.048225727056836476,0.01996026839280063,-0.021259920297245216,0.1782998506781528,0.0922865329969138,0.08387355693613063,-0.07917633702914628
GCAGTTATCTTCAACT-D1_NoStim,-0.06501593458076371,-0.012672888424386741,-0.34501350597104263,0.03089266483000941,-0.15094003361535613,0.04553028895936784,0.0284622590707313,-0.029273806539105607
GCATACAAGTGGTAAT-D1_NoStim,-0.04753358593855772,0.0036285568078273656,0.10431029118529267,0.04229814499995044,0.042435595107736646,0.07754656823333939,0.13849022744759942,-0.021587486704707004
GCATACAGTTAAGATG-D1_NoStim,-0.11203924949500177,-0.0725305230329969,-0.13186917397419506,0.005717709354891909,0.1856793315853711,0.14743143462177954,0.11609725103828517,-0.06004301758986408
GCATGATGTCTGGTCG-D1_NoStim,-0.01715523728902646,-0.054467958791013515,-0.3174085739497876,0.023812080211865094,0.10316769904460443,0.17052298183616799,0.2080254449790253,-0.03424745250493011
GCATGATGTCTTTCAT-D1_NoStim,-0.021793962356904117,-0.0806356948279614,-0.3444666252331654,-0.1221650997852084,-0.13490287287647185,0.09412733003611784,-0.35842240234224754,-0.08015618114773382
GCATGCGGTAGCCTAT-D1_NoStim,0.06649256954057492,-0.0021694251387334162,-0.2594140549109234,0.07142336407349958,-0.09101391039831519,0.12658288166757892,0.02552133707122195,-0.006836541384492634
GCATGTAAGAAACCTA-D1_NoStim,-0.05103340067412354,-0.0460117966080027,-0.23211533456296252,0.055597215740778694,-0.044939078180849634,0.13013443765602872,0.09322359108587142,-0.02048970101155234
GCATGTAAGGTGCAAC-D1_NoStim,0.06433128425623735,-0.09456153078263263,-0.44979295516546713,0.15312502603958578,-0.07357910919219357,0.3846739205258842,0.24083634560920864,0.05498614472863039
GCATGTATCGCTAGCG-D1_NoStim,0.07580146989312908,-0.009953120055799403,-0.2605916421098744,0.06799779052117749,-0.032446497346565906,0.11423660013437065,0.08625763863659541,0.03247075216861717
GCCAAATCAGGAACGT-D1_NoStim,-0.059362680038553606,0.008172968433299843,0.048911743270185326,0.05000552930660085,0.18104066477640046,0.1430759118572027,0.14256562182389665,-0.01303179097566165
GCCAAATGTTCTGAAC-D1_NoStim,-0.024134227759340376,-0.08130151950335929,-0.8898020716905108,0.24422282306056609,-0.1201218999307887,0.4247127298067257,0.59053252962791,0.03968250066053791
GCCAAATTCATCTGTT-D1_NoStim,0.10212978601046174,-0.007034612719586164,-0.21227360904544668,0.06968257149279111,-0.111301317480061,0.09781501306852469,0.06860218545602637,0.023359861669442594
GCCAAATTCATGCTCC-D1_NoStim,0.05843555656443655,0.09251239858521565,0.13214226873058976,0.004166621288641537,0.1691126367878102,0.031394657496591094,-0.3554730809969513,0.024191844973234566
GCCTCTACAATGACCT-D1_NoStim,-0.011655409214771595,-0.06847145504796259,-0.4886825060364526,0.03708345129626167,0.0543979542036368,0.18210888147055915,0.15300408497507156,-0.012921681568430543
GCGACCAGTTGATTCG-D1_NoStim,0.062411275599053795,-0.03853575552889943,-0.6057728382341647,0.2842421107981501,-0.10242626862146587,0.3981544599364888,0.11579033156303531,0.09194310007409534
GCGACCATCATTTGGG-D1_NoStim,-0.08792289730625846,-0.13156205073496707,-0.7316724763322622,0.11948334881126321,0.12704635484128346,0.3751532043836505,0.3700964382834817,0.01750848793637161
GCGAGAATCATCACCC-D1_NoStim,-0.09422154894317991,-0.03184279765822495,-0.2811574889653219,0.00891066305341326,0.07285893938191812,0.18104516147266914,0.1207754008294124,-0.052142801166548125
GCGAGAATCTGATTCT-D1_NoStim,-0.13992502160468767,-0.010947376680929821,0.2520114353973,0.02516392551457436,0.18119270314589642,0.058001842038487794,0.14347908960235056,-0.03173735347525941
GCGCAACCAACGCACC-D1_NoStim,0.16431610058627122,0.055265586800706146,0.033802944860539696,0.03449958548994658,0.09222827362821029,0.11731141583072358,-0.250809103563153,0.024237071350658113
GCGCAACCATTGTGCA-D1_NoStim,0.017312041039788895,0.036658173502301494,-0.2568032221312375,0.060474261649467564,-0.02068972432196503,0.11398458057730743,0.21698928596100853,0.006235105975475719
GCGCAACGTAGTACCT-D1_NoStim,-0.0935445010208209,-0.13223093740652203,-0.20459329753066946,0.06218012070369916,0.13251271324067737,0.20654085800382305,0.38542957561798996,-0.01354229137925067
GCGCAACTCAACACGT-D1_NoStim,-0.07823572098636689,-0.014127048116481689,-0.121832840115216,-0.0016716726094667678,0.06821730107714075,0.07357697933104035,0.13576646823245664,-0.037623573219484285
GCGCAGTAGGACATTA-D1_NoStim,-0.03343621013619291,-0.06723731480216522,-0.29118010209130496,0.10775186985701524,0.06021960394788195,0.27127457945802824,0.3819643754311155,-0.0022579116693144385
GCGCCAAAGATATACG-D1_NoStim,-0.019785457662280237,0.002099607076798904,-0.17713014514789194,0.0024444807450780814,-0.0031872058012147875,0.0886728414247866,0.12508574314661214,-0.01960715014516623
GCGCCAACACAGAGGT-D1_NoStim,0.07122672670581665,-0.04945069269807867,-0.15322904596893316,0.10055760818081616,-0.13693163346621517,0.15368958915982134,0.05244696712232155,-0.005877400997537308
GCGCCAATCTATCCTA-D1_NoStim,-0.12923196675027349,-0.029073068639091204,-0.19210232937357397,-0.32931620610986023,-0.1694238944982942,-0.23178211701869955,-0.9920384516278782,-0.2280778360878042
GCGCCAATCTGACCTC-D1_NoStim,-0.09698037371899382,-0.1279902811053688,-0.7592398262625046,-0.03034586481835788,0.02833642821170912,0.09343844989952466,0.24873315179039812,-0.10333940989995938
GCGCCAATCTGCGTAA-D1_NoStim,-0.013510298064257853,0.017849034967014177,0.1574988091317504,0.054968549996814886,0.047918485248978016,0.05572769272272282,0.14026256281251648,-0.01997435326193653
GCGCCAATCTTTAGGG-D1_NoStim,-0.005273341861887104,-0.00655877493365864,-0.2505529136422737,0.05400159555140149,-0.20259012514350516,0.08145295669959118,-0.3786167048653706,-0.012218133726506153
GCGCGATAGTTACGGG-D1_NoStim,0.04734739881184247,-0.003537843318088818,-0.29841433499519,0.06420638229739062,-0.13470424730580355,0.041665441474744824,0.12982569560361767,0.011799356464932131
GCGCGATTCCTTGACC-D1_NoStim,-0.06060712697163062,-0.04818945195669677,-0.7167967620175659,0.04600515139869721,-0.3604646412171384,0.06570335577967334,0.212316536923705,-0.023226534954554623
GCGGGTTAGGCAGTCA-D1_NoStim,0.07015776896874826,-0.1374323841156624,-0.7792012327493598,0.20730098858497215,-0.05118693914320005,0.5592271448994905,0.4198653803663128,0.06597069989449444
GCGGGTTCATGTAGTC-D1_NoStim,-0.024175671603915205,-0.024619008655468733,-0.033790323512711495,0.04972199955500223,-0.07685821724738418,0.009566428608874133,0.24879297056179173,-0.016303657997340792
GCTCCTAGTACAGCAG-D1_NoStim,-0.035239645229589556,-0.01807616509815979,-0.3379001844961014,0.05013817962817768,-0.11816892199800577,0.0946446419370437,0.08226503496107496,0.0020227238232202183
GCTCTGTCAATTGCTG-D1_NoStim,0.00010038130326250894,-0.004734440171825227,-0.25532168893596463,0.023054047714344605,0.1091304719657824,0.081321085918578,0.06206369200527995,0.0019114625200558066
GCTCTGTCATATACCG-D1_NoStim,0.011633123083527153,0.045901950283681714,0.2522916942817961,0.07576259002333252,-0.10067830938433531,-0.03027445923892813,0.09017503836911356,0.011844558015093654
GCTCTGTGTTTAGCTG-D1_NoStim,0.029933820682154888,-0.052951047951605545,-0.23960927897493178,0.09079849257742367,-0.1298510825606911,0.14583581859204386,-0.376299100237917,0.05211481120548811
GCTCTGTTCTATCCCG-D1_NoStim,0.021882427954089678,-0.01887483733551676,-0.18048286503270816,0.057306259947425886,-0.015381614855835224,0.12231816681308416,0.1475877425178127,0.007779106893336163
GCTGCAGGTTCCACGG-D1_NoStim,-0.07986114394608279,-0.01919049968816111,0.17195657911194395,-0.05098179776842571,0.2445497503894032,0.13482257663841857,-0.11126791540040859,-0.0556132948987873
GCTGCGACAACGATGG-D1_NoStim,0.06370694567533164,-0.05618403532865024,0.1836413500801921,0.016850731221103032,0.04209810995362773,0.21057204752797265,0.13413475452251467,0.009426021755201575
GCTGCGATCGTAGATC-D1_NoStim,-0.06080502521415809,-0.045180969931385206,-0.7202520296475114,0.05150992388415254,-0.2865899082213996,0.0888098420568868,0.1185609835321837,-0.04270940047046068
GCTGCTTAGATCACGG-D1_NoStim,-0.07147308350338122,-0.06739319142798017,0.10157331338976405,-0.028996925292728903,0.13155070266594215,0.11967575373431849,-0.030583010159655366,-0.0516016501551384
GCTGCTTAGTCATCCA-D1_NoStim,-0.03337160180186771,0.001083544674264303,-0.23737880861452787,0.047334109304065564,-0.03637225794583898,0.12080426274943967,0.2093454050136221,-0.012773514861391888
GCTGGGTAGAAACCGC-D1_NoStim,-0.06079631946945696,-0.009152401144580935,0.18242238761003904,0.04480618352897281,0.14368340543025582,0.12376276991748902,-0.1854830637702074,0.005377752063475683
GCTGGGTCAAAGGAAG-D1_NoStim,-0.05346229363792254,-0.01668901453657412,-0.21352690959538378,0.009620904084803428,0.07367481463622916,0.07166516855753535,0.03937923179112124,-0.031629716015096676
GCTTCCACAAACTGCT-D1_NoStim,-0.08140564744480017,-0.05347225833086888,-0.08670365588239903,0.006004515150339174,0.055615363156547915,0.15212122596742006,0.06521973796005076,-0.062083872081615255
GCTTCCACATGGAATA-D1_NoStim,-0.007475718884764504,-0.10770653399139896,-0.17589076561010053,0.12911659158923428,0.024424458572761765,0.27441787661958905,0.19357511831671204,0.020786578635807018
GCTTCCAGTAAAGGAG-D1_NoStim,-0.027493061768094407,0.012778588246296962,-0.013950299483211026,0.010752822317135369,0.008977360809740986,-0.018342931705012333,-0.16399058788961085,-0.031218751565956993
GCTTCCATCCACGACG-D1_NoStim,-0.02455011623149872,-0.07861159864875766,-0.18628069904686306,0.05017639904374249,0.005198624122021656,0.23139851754731477,0.1424635185460943,-0.0011106500944002562
GCTTGAAAGGCCCGTT-D1_NoStim,0.1443517042751452,-0.009795933869636286,-0.18397542056747618,0.10168964740963382,0.08180570772574569,0.22528704045934944,0.22954723187163673,0.0782242061790388
GCTTGAATCGACCAGC-D1_NoStim,-0.004983121640604438,0.04396658918249052,0.17156569295924307,0.030930649947533695,0.015701778826670676,-0.021499437165045876,0.09873072338624667,0.011804247318098149
GGAAAGCTCCCTCAGT-D1_NoStim,0.053746681348844305,-0.039164177815933954,-0.27496616322061307,0.08241264762292921,-0.12265371209999643,0.16302848710722362,0.0797038263565284,0.03039370065771685
GGAATAACACTGTGTA-D1_NoStim,0.10831424149309399,-0.03447166539965352,-0.26240422802144536,0.17604417696270858,-0.009420612276565876,0.31550670912814827,0.3498468169814126,0.07131246317399409
GGAATAAGTAGGCTGA-D1_NoStim,-0.007674209779006347,-0.06906988808411896,-0.014928520565471004,0.05551195025744171,-0.013121244607440019,0.1901366939093112,0.11750458156805887,-0.0321948820505078
GGACAAGCACGAGAGT-D1_NoStim,0.03150861165216767,0.022730072841206095,0.031862284373350036,0.12734615690174245,0.020062394027659636,0.11072335880494322,0.15812662597275606,0.042377126013340316
GGACAAGCAGACTCGC-D1_NoStim,0.06543443271561777,-0.01038929229855512,-0.43159597254256177,0.07253106808609999,-0.08430588029759889,0.11573389027929792,0.09986340895877621,0.025235095815983044
GGACAGATCTTCGAGA-D1_NoStim,0.019447112704877867,-0.14523426566885433,-0.2785035356842922,0.085160177904271,-0.010272184278282026,0.1989422020995173,0.24623473884321978,-0.003759796946019023
GGACATTAGCCACCTG-D1_NoStim,-0.11119917684623282,-0.010371754367669794,-0.16699601741977332,-0.17787503855565667,-0.14153044199517772,-0.048230301352392146,-0.8450601214636126,-0.16089148873133574
GGACGTCAGGCTCTTA-D1_NoStim,-0.19987129264709935,-0.13890358711522666,-1.3194512124207964,0.028597320870641596,-0.39377306701023684,-0.0361404968257899,0.5695165704603742,-0.10255461321841786
GGACGTCGTTCGTCTC-D1_NoStim,-0.008188404202240207,-0.04978138726430004,-0.21256200663442115,0.06312766371403455,-0.020787113561469894,0.19437377514330745,0.11178141032079747,0.0010991807387252805
GGACGTCTCCTTTCTC-D1_NoStim,0.1624667705091163,0.0250585201365201,-0.11167610435760622,0.004189527692160411,-0.39019441922646614,0.16051668673823016,-1.1053997089040237,-0.03177158545751979
GGAGCAATCGCGCCAA-D1_NoStim,0.009103998979862027,-0.06382363641815836,-0.5028393679217338,0.09263333835253107,-0.1426193856067215,0.15017124007411553,0.16961029696340146,0.03830297932715965
GGATGTTCAGTGGGAT-D1_NoStim,0.010284309603528996,0.008076462014125596,-0.331861939999909,0.048139154426811714,-0.00832927541774886,0.11772617940459185,0.1387102771360076,-0.003425373778970453
GGATGTTGTATTCTCT-D1_NoStim,-0.024176712375886922,0.006755365140298508,0.2430689052049697,0.04261260453114346,0.023202451945273594,0.032126828445406375,0.10842067683533685,-0.029634693379120947
GGATTACCATCGGACC-D1_NoStim,0.09940615519561469,-0.019411404553174805,-0.36584574246457535,0.0977983050902349,-0.1474333622736559,0.15980269235828093,0.01316567432413196,0.04062203152006383
GGCAATTAGCATGGCA-D1_NoStim,0.050390778397829905,0.04103748380759242,-0.0011736874085208626,0.07823679141251816,0.09381304765391896,0.036288861447870246,0.12730171452332328,0.04038469721151117
GGCAATTCATCGTCGG-D1_NoStim,0.01795261835261286,-0.03339726758899175,-0.5819007742953453,0.04419859628616507,-0.25525440890298867,0.01326472072736884,0.07820805694231314,-0.007786261984799481
GGCAATTGTCAACTGT-D1_NoStim,-0.033108962869633274,-0.04827974669788482,-0.34014690655123303,0.042896544003609094,-0.13302982382744943,0.13319158286879595,0.15381263323893446,-0.038209546846813325
GGCAATTGTCGAATCT-D1_NoStim,-0.047738956975711844,-0.06023622727326838,-0.11844542773935629,0.020020704807217626,0.3119559887752352,0.15234385803850792,0.1443560676213611,-0.03374445896154832
GGCAATTGTCTAACGT-D1_NoStim,-0.09181774886636873,-0.02418957172401548,-0.2819813815120682,0.00323364647915092,0.09253240956830311,-0.0027438892774753754,0.014093487371114932,-0.05365002481191539
GGCCGATAGAGTCTGG-D1_NoStim,0.03977391152588616,-0.032331585225058745,-0.220837196056209,0.052901056834771865,-0.014281164886282838,0.13330411808418763,0.12396332828152046,0.012849189500245828
GGCGACTAGGCACATG-D1_NoStim,-0.02005800943615199,-0.13768787459028076,-0.6014650799298256,0.17547033108518306,-0.1759543119035527,0.17143001857587947,0.2888355785236607,0.005315853052220376
GGCGACTCAACAACCT-D1_NoStim,-0.029435313330562707,0.02471537112201183,0.06933687621230966,0.055459863240054474,-0.011223261585403321,-0.025225246393915768,0.04546276935369864,0.0023200901238951133
GGCGTGTTCGTCCGTT-D1_NoStim,-0.07469074008234777,0.009201607267813827,0.09790755565704679,0.05913902366454771,0.0958300443737059,0.03336425348849126,0.1742046183456858,-0.0325853399884668
GGCTCGAAGCGTGTCC-D1_NoStim,0.04153013930221405,-0.013413226622676078,-0.3843422022594538,0.011461065383183922,-0.18265690098365006,-0.05311864951974954,-0.024143077153962356,-0.005707572867763133
GGCTCGAAGGATGTAT-D1_NoStim,-0.014170932752666232,-0.10789843922039921,-0.6525867596725625,0.13563986149517326,0.09755916175330448,0.24285399313520806,0.37515882816802737,0.022701141839114314
GGCTCGAAGGGATGGG-D1_NoStim,0.04879291764399518,0.013684021198667295,0.08500406348503908,0.09265986238605173,0.1057250039476525,0.11859349521361118,0.2814118505298113,0.0010279865465356863
GGCTCGATCGCATGGC-D1_NoStim,0.00023805926253572807,0.005286362015796797,0.18683047273791153,0.09195409247000264,-0.031133405884006038,0.04944428894363462,0.1753692336644237,0.010122633372079193
GGCTGGTCAGTTAACC-D1_NoStim,0.04468417680923764,-0.13121612331207722,-0.7409162974822028,0.1633784430139027,-0.1380157363794403,0.4465654652156674,0.29121165353553247,0.0546339710744963
GGCTGGTGTAAAGTCA-D1_NoStim,0.03697073395250783,0.009329281247985932,-0.2058553809792798,0.19841666137868685,-0.12791346926797154,0.2329328822642971,0.28923665635206053,0.06950832984629507
GGGAATGAGTGTTGAA-D1_NoStim,-0.06220024604451346,-0.03746146914695636,-0.1651070059216142,0.043650036439833784,0.1920069226294565,0.11611913313804845,0.1342497677722987,-0.02015834091949209
GGGACCTAGTAGCGGT-D1_NoStim,0.015035051860571969,-0.024290412955629392,0.14441000615528665,0.09468231897762536,0.027662401810143677,0.053378045468290836,0.2259155426756596,0.013146473373311096
GGGACCTGTGTTTGTG-D1_NoStim,0.025572297168368507,-0.1694505940287705,-0.5482439517315019,0.15210294476741026,-0.01215138713046926,0.39519222158574685,0.32190098845666437,0.036203543418634965
GGGAGATAGCAACGGT-D1_NoStim,-0.10492641959964111,-0.024176826288853093,-0.45384948825511984,0.04601738913555842,-0.07863800280205346,0.10839579558039336,0.0870225424088873,-0.07270218327191635
GGGAGATAGGCAATTA-D1_NoStim,0.053983338020525906,-0.008656865015534976,-0.2526848808034874,0.07372738437749149,-0.060143203276478374,0.1662930417335895,0.12735134302359974,0.016778971413666355
GGGAGATGTTTGTTTC-D1_NoStim,0.07554801507070685,-0.017900916794781452,-0.23446849928100733,0.03990317950144551,-0.11978147670278894,0.037752538312280315,0.015621526120696672,0.0028490965717455907
GGGAGATTCGTAGGAG-D1_NoStim,-0.03210473290472038,-0.012275262876574544,-0.216301208329007,0.007143252413699841,0.19100616486981536,0.11859587468162136,0.08897394013303872,-0.029161348178549318
GGGCACTCATGGGACA-D1_NoStim,-0.23231930121393063,-0.062086862106623286,0.319656049587671,-0.027063798407075623,0.24422030719783905,0.060173922236926636,0.13526111108718508,-0.07916550957754254
GGGCACTTCAGGTAAA-D1_NoStim,-0.03674638665149921,-0.18337029120998416,-0.3337687474457809,0.09558492589125045,-0.09911083746046323,0.31863335003270166,0.3768496447279359,-0.012078205153317256
GGGCACTTCCCGACTT-D1_NoStim,-0.06788036187749569,-0.06631402269266218,-0.40470245050554965,-0.05571573313037703,0.051521191326420634,-0.0308189468769271,0.05655605718039691,-0.07307416309304315
GGGCATCCAAAGTCAA-D1_NoStim,-0.0493210485006319,-0.026725609684490337,-0.3842931136680292,-0.04725781504110138,-0.12667979346310432,-0.07837713181616568,-0.0027823675898099864,-0.04513609814277331
GGGCATCGTCGTGGCT-D1_NoStim,0.06465217246370081,-0.07026597216911235,-0.29809066584760835,0.12385044312343219,-0.14138197807524477,0.3183296808126119,0.18634197907295436,0.038208866904373195
GGGCATCGTGCCTTGG-D1_NoStim,-0.07679656495216491,-0.014374174420717978,0.13478809553360271,0.025761662932943352,0.16627293610656757,0.15506441476036414,0.13181752199729102,-0.03162619807558009
GGTATTGCACTAGTAC-D1_NoStim,0.029369557914725064,-0.034201034535684016,0.036822943093454796,0.10248434910494453,0.17083891407232876,0.1989288052068261,0.28481896954668073,0.030838472942901873
GGTATTGGTTACGACT-D1_NoStim,-0.09105685097117089,-0.13171939146145561,-0.9813731497596425,0.15067809545465316,-0.11914110282084778,0.18140644791832639,0.7579175882030782,0.007249675315105009
GGTGAAGGTTTAGCTG-D1_NoStim,0.1288213830556728,-0.02715005260598069,-0.02171504533901114,0.0853128170992079,-0.13024749991498474,0.20352278731314044,0.23420421531592783,0.038491129916179645
GGTGCGTAGGTGACCA-D1_NoStim,-0.04282981716500345,-0.042567603295376344,-0.3918427975095575,-0.02781989819190045,-0.09389723760114776,-0.08255307239724541,0.009312590631584072,-0.05440555794523938
GGTGTTAGTACGCACC-D1_NoStim,-0.01411219261381369,0.059783726389987635,0.02330846953239707,0.05151721989714808,-0.09502628768846932,0.0550417419180782,-0.018947780589652297,-0.006501285269902013
GTAACGTAGGCGACAT-D1_NoStim,0.06795618902333267,-0.02824165698952541,-0.27668723676607065,0.09097123073655844,-0.13147226311824234,0.1440472146627627,0.1090629773557259,0.034569679252079766
GTAACGTTCATCGGAT-D1_NoStim,-0.08090550962541165,0.0304216933458612,0.22707323014323855,-0.21046989803462068,0.14029446004005663,-0.0507628226554413,-0.472653448451438,-0.07773301299279822
GTAACTGAGAAGCCCA-D1_NoStim,-0.0023433368823084777,-0.034650111231208314,-0.4157875962472133,0.1489592875094523,0.1848418402763965,0.27675221509344006,0.2789567222441054,0.03619271303739602
GTACGTAGTCCATGAT-D1_NoStim,0.002150458848696246,-0.047507194153702414,-0.29114244177683624,0.05431976868674404,-0.03791729194162663,0.2228686488393814,0.15158733959198178,0.04326771557601106
GTACGTATCCGTTGCT-D1_NoStim,0.00563007935750548,-0.057426769924115106,0.16748514782491242,0.02338463593652307,-0.11284830342805563,0.11413362706027641,-0.19482598212639335,-0.010176453678708341
GTACTCCCACCAGTTA-D1_NoStim,-0.014859977339060748,-0.14855598797221958,-0.29752432751200963,0.053626894681862325,0.0480426635217448,0.20419317403480264,0.15136277830743783,-0.0066583306105645335
GTACTCCCAGACAGGT-D1_NoStim,0.07110090299583227,-0.054125407054081975,-0.14544873191904983,0.18342905689834232,-0.02920915983784589,0.31422193178569113,0.45690479690480945,0.072756030985202
GTACTCCGTCAAACTC-D1_NoStim,-0.13719323423561747,-0.05143534475559797,-0.27440023521174695,-0.023037810174635354,0.10442167450312745,0.115736296804684,0.12198710058223172,-0.07882383531235604
GTACTCCGTCCAGTAT-D1_NoStim,-0.00395830314097978,-0.03948854918094291,-0.4115707879424839,-0.026310606707784956,-0.2519320865312835,-0.060102404962319333,-0.014138933897145378,-0.03729846451659391
GTACTCCGTCTAGTCA-D1_NoStim,-0.002657170041176826,0.055099687920765916,0.05299229774151115,0.07205172771926094,-0.014142583416333565,0.06052756141779092,-0.005682150320873269,0.011999351279261106
GTACTTTAGGTCATCT-D1_NoStim,-0.03420194682471234,-0.06281415557517,-0.786607769983668,0.10484266944983389,-0.24158490704796876,0.08249961775095471,0.21382953889553136,-0.004581764287035384
GTACTTTAGTGGGTTG-D1_NoStim,-0.013038731760785183,-0.05207734136628872,0.053637130045574466,-0.03826007435455203,0.05240659282216065,0.14629822067624332,-0.17940232503424802,-0.07991400923389236
GTAGGCCCAAGCCGTC-D1_NoStim,0.09979913550511021,0.01741947184362047,0.07933313091793615,0.1563324630745626,-0.03528784568526255,0.1733903383126485,0.33136937112920606,0.10597976289226807
GTAGGCCCATACCATG-D1_NoStim,-0.005849216578660332,0.025159957520180853,0.013449087596034914,0.08076804453354924,-0.08348705288725178,-0.018912211756159536,0.11793166123932064,0.01935088473646651
GTAGTCACATTGTGCA-D1_NoStim,-0.22228423050601975,-0.041794038835263336,-0.15093903799578712,-0.0828925077322733,0.08564508352152345,-0.03952679846499585,-0.10309127197179269,-0.10888031066989967
GTATCTTAGCTGCGAA-D1_NoStim,-0.058897139776933116,-0.04844245324236951,-0.5811977722011878,0.06686829275914263,-0.2108410794858564,0.15662095178137303,0.12556986228687306,-0.037955706986627646
GTATTCTAGCCCAGCT-D1_NoStim,0.10947712041568103,-0.02308282601767253,-0.1556705976226791,0.11855572632776301,-0.06578604238970343,0.2433524092640713,0.22635960800274546,0.059693156768064526
GTCAAGTAGGAATGGA-D1_NoStim,-0.07360403687828487,-0.08524106760756034,-0.46126636267171683,0.11636253789379936,-0.07018634398287205,0.340842551549267,0.31993770645273356,-0.00028926350242741705
GTCAAGTTCTTAACCT-D1_NoStim,0.005931549575452166,0.05361298025536776,-0.005318046949494004,-0.19203598013283774,-0.14000113153363714,0.059855032348652415,-0.9132861401110777,-0.10622373623125547
GTCACAAGTCCCTTGT-D1_NoStim,0.026167221484893588,-0.007014820039973557,-0.1991075658233612,0.046991344349660125,0.05394309276912779,0.11600824294903145,0.11176769642817064,0.0049807410842319655
GTCACGGAGACCACGA-D1_NoStim,0.029177146756405037,-0.1266746840356987,-0.9448822529434899,0.1542586613272494,-0.18638773272835962,0.4508604174963109,0.2889569944443138,0.0492807364646044
GTCACGGTCACAAACC-D1_NoStim,0.05708449632361301,0.018956887359966146,-0.21042497208744315,0.042541289880993816,-0.19710758071870238,0.07153599824985157,0.015926158645989563,0.009049662908232392
GTCACGGTCCTGTAGA-D1_NoStim,0.07873835666337925,-0.07065161552152333,-0.293922207965748,0.12226849617740498,0.07851405311447124,0.3085284645728903,0.11451928520259402,0.03960905907230128
GTCACGGTCTCGTATT-D1_NoStim,0.0023610633256954117,0.004001625081677673,-0.08855196094418538,0.1097344533001472,0.011957166867588853,0.05723394462605569,0.2135036152913461,0.02761388892692196
GTCATTTAGAATCTCC-D1_NoStim,-0.11407638608000248,-0.10203036822971256,-1.1880260023161195,0.0503580186254986,-0.49897857334717166,0.09471012923509647,0.41127489212262613,-0.05411809710932047
GTCCTCATCCTCCTAG-D1_NoStim,-0.02397448870905805,-0.043257932446792324,-0.49359596289310304,-0.025544855529171073,-0.0762986497740421,0.11022556322019206,0.09859042635800996,-0.05109158657277746
GTCGGGTCATCACGTA-D1_NoStim,-0.030075043206673868,-0.0020336595217518294,-0.0502399818156789,0.016740675051792664,0.048840818237451344,0.05341771919105831,0.09178274061061664,-0.019067110272180443
GTCGGGTGTTCCACAA-D1_NoStim,0.04712544511535377,0.01755192618155732,-0.03970982409697399,0.13446757086829209,-0.026437839161143728,0.19964313509409592,0.3031186578695664,0.053005555915047964
GTCGGGTTCAGCTGGC-D1_NoStim,-0.09443944351109934,-0.07100854248546185,-0.3547287002095203,0.04419992930876937,0.02925671594039514,0.1653824971628497,0.2420261154200558,-0.06148072083454359
GTCGTAACACACCGCA-D1_NoStim,0.11876017247506532,-0.02363507959482014,-0.5375135996686122,0.22518287304763973,-0.07795227153748385,0.3632346818850891,0.25404688473808834,0.059280158927027315
GTGAAGGTCTGCTGTC-D1_NoStim,0.049386573564715874,-0.04940779113741378,-0.7971837152351675,0.12363314289074623,-0.2212659983633305,0.18046560672900025,0.17715655019531562,0.01682846857890219
GTGCAGCAGCGTCTAT-D1_NoStim,0.024546225081982342,0.018313376563202866,-0.00022465347869093932,0.1252348917579056,-0.025854787498561294,0.17323394638346912,0.3215635643079855,0.026406040990824664
GTGCAGCAGGACGAAA-D1_NoStim,0.04542864005950875,0.03453328274383871,0.10124589761371361,0.11620893707734581,-0.003196569006753691,0.0668815579474149,0.29580249451620677,0.039731622340848816
GTGCAGCGTATTACCG-D1_NoStim,0.09312657184181994,0.03887984742438988,0.25629114458233815,0.10135214961212569,-0.09047850242255251,0.0780539766092403,0.21968509272974224,0.08324798435699243
GTGCAGCGTATTCGTG-D1_NoStim,-0.014249779880946889,-0.03715700331635752,-0.25208447177102755,-0.00041336118523283005,0.03776113046462193,0.2421660179441254,0.14823417252079096,0.019966030488944853
GTGCAGCGTGTTTGTG-D1_NoStim,0.04786262222794058,-0.043421701900705045,-0.34194204360460745,0.0823649289564159,-0.09417982598309926,0.3066955400832736,0.12051703993979013,0.026666033418726087
GTGCAGCTCGAATGGG-D1_NoStim,0.023777399278397837,-0.03390053949119931,-0.27833433642063454,0.07547118414778531,0.1384081736062246,0.1682603033143666,0.14634498708533306,0.013099496142670475
GTGCATAGTGTTTGGT-D1_NoStim,0.003055315963264249,-0.04367687814188592,-0.12812137886345099,0.055238365350822605,-0.07178635997520644,0.06873209987083762,0.04291068285392141,0.0063448825803078535
GTGCATAGTTCAGCGC-D1_NoStim,-0.05109537823905441,-0.023115705291870015,-0.08860266704042274,0.011933993178580238,0.14072670309002788,0.12410996975487443,0.12633239858733702,-0.009217327928057628
GTGCATATCGCCAAAT-D1_NoStim,-0.03974278724434299,-0.055925517420179816,-0.42834546951976193,0.1267755207090815,-0.12163066128143285,0.18333468510063256,0.23689177437662234,0.026052192143538377
GTGCGGTTCCTGTACC-D1_NoStim,0.02132765910647194,-0.06954787411534902,-0.0920607970005829,0.07758483126250582,-0.09109095914365994,0.12226842365519097,0.06692034253831913,-0.006051411272933294
GTGTGCGAGAGTCGGT-D1_NoStim,0.036365134980169245,-0.004434075595563414,-0.47988070471020805,0.14802945402633583,0.06125367005606286,0.27389854044696627,0.36639827017030946,0.039796586128630906
GTGTGCGCAGACGCAA-D1_NoStim,0.048426779177438206,-0.004674286215529122,-0.1250242459621358,0.079988010670478,-0.09852509349250482,0.16306289665945695,0.09742277006202471,-0.0029493426069233664
GTGTTAGCAATCGAAA-D1_NoStim,-0.18551352312744385,-0.022388246008107515,-0.04038523326366672,-0.029989946886503915,0.0949813558695567,0.02562830236707292,0.015144402718264338,-0.0706176486767447
GTTAAGCAGGTGATAT-D1_NoStim,-0.013143626199338954,-0.1455568205724873,-0.4649909001444268,0.08455802857622352,-0.06673856045393478,0.22518424608105914,0.1987524652279622,0.004879924669854319
GTTAAGCCAAGGTGTG-D1_NoStim,-0.012670087252610429,-0.05571780517042946,-0.47270639614089305,0.02954909781487025,-0.2115723138077854,-0.01699297099600372,0.15920951941932904,-0.01658380733327469
GTTAAGCCAGACTCGC-D1_NoStim,-0.046443161403159294,-0.030761867196886783,-0.18803550572686412,0.05150999678662771,0.19802426978522192,0.17099077886568637,0.19740860373128788,0.002662873068114635
GTTACAGAGGCTCTTA-D1_NoStim,-0.10941190707517201,-0.04056209597167637,-0.48863171562200947,0.11392559048598905,-0.2988916695570385,0.08598032027342128,0.04136639172221912,-0.014724235859709722
GTTACAGCAAGGACTG-D1_NoStim,0.11535035289703544,-0.018066473017134044,-0.20004434385869452,0.15590390251104935,-0.10118372569727896,0.1747886275862136,0.3115741815799833,0.03793034299404141
GTTACAGCATCCCATC-D1_NoStim,-0.039342026433836,-0.005489157580205628,0.08931162413609783,0.024069337267013324,-0.05972046348058768,0.01677228258924046,0.11567603431294415,-0.025895459201356275
GTTACAGCATGAGCGA-D1_NoStim,0.045970753229939376,-0.00924932605325779,-0.22232274671306307,0.06570104481819605,-0.012126728787091423,0.1589611313103898,0.06760676328426296,0.007287001796848713
GTTACAGGTACAGTGG-D1_NoStim,0.09868812884851863,-0.07189303274092396,-0.2410507504323185,0.20345875953095494,-0.09511899613359098,0.33946693702638076,0.37547781821588266,0.11263107731349109
GTTACAGTCGCTAGCG-D1_NoStim,0.04044954192226058,0.0410385115077041,0.08179979841159479,0.0813101038385522,0.09708889703414414,0.05812386318396712,0.2056566298311724,0.02024087005473696
GTTCATTCAGATGAGC-D1_NoStim,-0.03703558991596623,-0.041884283886167495,-0.2092646708635062,0.03879345061382544,0.012174676023974484,0.14640762985676314,0.16738484027320055,-0.02616066461687261
GTTCATTGTGCGAAAC-D1_NoStim,0.05776985386867928,-0.12526622418587685,-0.2885524427806203,0.10949745974934366,-0.11756194068184911,0.29700989444142145,0.1794540833510121,0.03189212599967561
GTTCGGGCACATGTGT-D1_NoStim,-0.048882817016599134,-0.047041567469763734,0.06875651039243635,0.005132752303914856,0.12216213951854371,0.09020749219657631,0.14160710875539717,-0.01737829488220477
GTTCGGGTCTGGTTCC-D1_NoStim,0.017769311175229063,-0.04933645707135881,-0.48868734013711546,0.02842555077857334,-0.23799795646761268,-0.05034252069453071,-0.041242836316542686,-0.028974939994668603
GTTCTCGGTCATCCCT-D1_NoStim,-0.01646769470752929,-0.04578503817639046,-0.5531499692747133,0.04035124138883894,-0.20922109718967974,0.11234445521617964,0.08397549405556592,-0.020505241383574457
GTTCTCGTCTTGCATT-D1_NoStim,-0.019576127836625545,-0.006763922803299849,0.018824729334193435,0.03694934565644914,-0.02008568938166988,0.0405125624401812,0.16746127324746585,-0.0010507882490280451
TAAACCGTCGAATGGG-D1_NoStim,-0.032538183577717206,0.05412902377723583,0.016809260374573753,0.07002400170511258,-0.17644166747022538,-0.021603511551123944,0.06498711188918449,0.021819951481267807
TAAACCGTCTCCAGGG-D1_NoStim,-0.06682414896582856,-0.046358136212498735,-0.282975884782136,-0.08830600651748632,-0.046140634645302825,0.07333369257699918,-0.04714144048031077,-0.09615968988337897
TAAGAGAGTAGAGCTG-D1_NoStim,-0.0037556036980639362,-0.002155301767412965,0.07887421644735682,0.11971025090822529,0.016819904566512278,0.0660073555234888,0.19214582220631105,0.037460456125604225
TAAGAGATCAGCCTAA-D1_NoStim,0.05956828704214168,-0.07930223676078185,-0.10435220456369976,0.04708592167075487,-0.05597829139322563,0.08459848283083105,0.08944545281245908,0.0018883660714585915
TAAGCGTAGTCCGTAT-D1_NoStim,-0.06995783692692825,-0.027183161091787866,-0.06548825171019246,0.03914007093583294,0.12242486110206308,0.09975227117591334,0.10098291866786324,-0.01677620769923749
TAAGCGTTCACGCGGT-D1_NoStim,0.024818382545591433,-0.008183756492762484,-0.33113223139644354,0.08530486769982737,-0.12341170089352183,0.07843148108566123,0.0725073508528844,0.016092774181556635
TAAGCGTTCGTACGGC-D1_NoStim,-0.24416975621148396,-0.003948402720759248,0.3713903574203048,-0.1339594416142713,0.19249555582457134,-0.10608713621763144,-0.16414862767965488,-0.1251965278434266
TAAGTGCAGTACGCGA-D1_NoStim,-0.005339747862981525,-0.003321142441306435,0.051850003769907005,0.06302638884730172,0.02430292696488756,0.05121522950580193,0.14410890033770496,-0.007342568312212805
TAAGTGCAGTACGTTC-D1_NoStim,-0.1282716241360422,-0.05388619957509988,-0.2778158374184976,-0.010863606080977917,0.0949669281340082,0.1441948993632023,0.06983259454538437,-0.06422425500190165
TACACGAAGAGAACAG-D1_NoStim,-0.0011234317016199924,-0.020867536450303703,-0.18894466571035728,0.03374878106908419,0.199534450854717,0.13574593628815368,0.1570922219939881,0.005082610021419853
TACACGAAGGAATCGC-D1_NoStim,0.06855487903688662,-0.008711300472244332,-0.4796108614271404,0.10674654956113372,-0.08464807484045345,0.16314969775357824,0.06731205786132,0.008234708342026664
TACACGACACGAAGCA-D1_NoStim,0.09220666050250337,-0.02289970795171925,-0.4033879791402679,0.08211218552441579,-0.004863111771923556,0.19844617187106017,0.15784485710050156,0.033903451122613504
TACAGTGAGCTAAGAT-D1_NoStim,-0.004162454467236287,-0.0040901615427291205,0.1224914883091035,0.0797928584857388,0.05730047040804109,0.08310286524359611,0.17555592510238283,0.029690169192603477
TACAGTGCACTGTGTA-D1_NoStim,-0.07533987924917263,-0.05497784121040539,-0.39236022450024777,0.0015606317918344104,0.08576932535690318,0.1529298181929759,0.12060602406990739,-0.04886054012573737
TACAGTGCATTTGCTT-D1_NoStim,-0.1558640711455368,-0.039925477990227165,-0.31998727819235384,-0.34250127800194186,-0.09863981509965924,-0.05864278520555022,-0.8834854988909635,-0.2370557272492153
TACAGTGGTGACAAAT-D1_NoStim,-0.05467479501294825,-0.07725102826397467,-0.6014856865870737,0.03430113828571635,-0.16369174936942876,0.021268169918191582,0.2783555664991879,-0.02876773088314266
TACAGTGTCAGTTGAC-D1_NoStim,0.03807433734018417,-0.09887282096394756,-0.1395520863256845,0.08339315243236456,-0.09353813768982988,0.15772576516533832,0.09343405283870165,-0.003573032791907238
TACCTATAGGCGCTCT-D1_NoStim,0.01612183720826721,0.013269047006865264,0.05957908129732914,0.12519095196379126,-0.16591601898496577,0.06143838228265608,0.20541913404414025,0.009686054612107142
TACCTATAGTCAAGCG-D1_NoStim,0.005889197955340819,-0.014492182382321417,-0.4652932032545447,0.08655715358853833,-0.16169209137222573,0.14848142225508099,0.049350814338589455,0.004488514533832699
TACCTATGTAGTGAAT-D1_NoStim,0.044155543826381205,-0.021925139356126166,-0.6134000332984275,0.05995665131999495,-0.20764185823084347,-0.005077066446003364,0.16712957343032864,0.017166856162988964
TACCTATGTCGCATCG-D1_NoStim,0.012891220100504697,-0.09531103271146613,-0.24572658770290978,0.07356594017170082,0.06258173624655505,0.2024909897681999,0.13113787502912988,-0.008070893578118188
TACCTATTCTCGCATC-D1_NoStim,-0.058794177410684156,-0.025903437189395362,-0.29629627040110407,0.08734283492358408,0.03194985337181677,0.1570946085711693,0.09139773303092724,-0.031147807033065078
TACGGTAAGACTAAGT-D1_NoStim,-0.01576599489285435,0.012029627456147551,0.058912354394770716,0.05941068128057303,0.08704527860034617,0.09301048042570415,0.19272838476648113,0.016162800919101272
TACGGTAGTCCAAGTT-D1_NoStim,0.05942806087351826,0.0014844233604609514,-0.11313774399530985,0.07186400839029439,0.11553285381078204,0.1252834268455576,0.33326351564228673,0.026725371120274843
TACTCATAGCGCTTAT-D1_NoStim,0.06648716743358207,-0.08970712121702107,-0.5509009872043986,0.23199731834625936,-0.062472902023428034,0.356850582550047,0.5088583017166775,0.04345765612354313
TACTCATCAATGCCAT-D1_NoStim,-0.08520520943058507,-0.016594649447757348,-0.14793118993270937,0.018426161551097664,0.05875331949580165,0.12794016681443843,0.14423881638377267,-0.03720834425369013
TACTCATGTGTGAAAT-D1_NoStim,0.0408999159208534,-0.019118186160719475,-0.16030731774846885,0.04259324484608129,0.015276688556129514,0.15647925095424586,0.0840083828906466,0.023227325294996604
TACTCATGTTTGGCGC-D1_NoStim,-0.006955175884197473,0.01802645877492992,0.15158578012969848,0.03741223274716354,-0.03432645930676159,-0.10208578726961548,-0.05267609767459103,-0.0037493028005357587
TACTCGCAGACTTGAA-D1_NoStim,0.10969784983570108,-0.06243016233043441,-0.164760076894936,0.167739660289703,0.018405557746309142,0.37094323213962177,0.3388331050408113,0.06939123928075652
TACTCGCCAGTCAGCC-D1_NoStim,-0.014695672940295168,-0.002663097095078726,-0.0607141424987816,0.06643914231980297,0.10571421122386226,0.18342994837793825,0.2177359435100028,0.010722142145610292
TACTTACAGATGTGTA-D1_NoStim,-0.015731214224244283,-0.03608601682516088,-0.13459586777602262,0.026375366538184508,0.013943987872078623,0.07727319305497815,0.07219642958713113,-0.031514751231918936
TACTTACAGGAATGGA-D1_NoStim,0.08314294153669621,-0.043221923614234825,-0.6329349987040072,0.16815908381074784,-0.21775203424479272,0.2462865841605799,0.1513419212213556,0.035274056199080306
TACTTACGTACGCTGC-D1_NoStim,0.04197214712235642,-0.04613162111537683,-0.2091609823310101,0.05766159420108963,0.16483910147773884,0.09778242465292486,0.12478771836551816,-0.008085377556534823
TACTTACGTCTCACCT-D1_NoStim,-0.09277765780152514,-0.05385817086971656,-0.31280115435613354,-0.0028928614638417116,0.002892920640231722,0.0697140052814289,0.06205482858609157,-0.06443081020272956
TACTTACGTCTCCATC-D1_NoStim,-0.026953659537458208,-0.00055772235350382,-0.1627683097905468,0.02828224581664429,-0.03827684139438503,0.0816513402138721,0.11235913536104203,-0.017887456022204873
TACTTACTCAAACGGG-D1_NoStim,-0.09516116864516988,-0.08567691144362932,-0.017825101878608862,-0.01586845448152907,0.028051288218330583,0.1879945157290388,0.003352351395625952,-0.08745799192378811
TACTTGTCAGCCTATA-D1_NoStim,-0.017244778466201538,-0.028839882652276216,-0.3940229118189933,0.15109794588627778,0.051149503954878384,0.3045832245437552,0.36200081513292126,0.03755351808206875
TACTTGTGTCCGAGTC-D1_NoStim,0.003607121995614193,-0.03824715206553009,-0.1863619388056197,0.015428055372547433,-0.126877905394716,0.11094346705848501,-0.24785074233394777,-0.013396589942757942
TAGACCAAGACCCACC-D1_NoStim,0.017374353782628305,-0.028010044024414427,-0.3236931700009116,0.0074160366306728065,-0.2005528401317278,-0.04422188719770492,0.01819576617119978,-0.03262658463588153
TAGACCAGTCATATGC-D1_NoStim,0.02865303714580314,0.054336472815005976,0.16432582813681584,0.09880596176790668,0.008801885058057124,0.08808629003219082,0.2156500531374741,0.044339643187775835
TAGACCAGTCTAGGTT-D1_NoStim,-0.022481596691278583,-0.04150491309605897,-0.210288532944098,0.0621281888075611,0.10234195978432226,0.21354821188138562,0.15457465214072252,-0.004147716072878893
TAGACCAGTTCCGGCA-D1_NoStim,-0.12480740055380402,-0.02734169836945277,-0.32215800213152335,-0.009859777029852523,0.12190662095012961,0.04591392097136371,0.011632424147096643,-0.061003360419453756
TAGAGCTAGCAGGCTA-D1_NoStim,-0.11481764696952901,-0.07960584584928476,-0.7949369129824362,0.04937866871960139,-0.17610583159370385,0.16420714709693396,0.08355100745708599,-0.05735891673345961
TAGAGCTGTACAAGTA-D1_NoStim,-0.19066451909010596,-0.09857454920670605,-0.47283405352046515,-0.07387731353172278,0.12880954668183797,0.08993100180947344,-0.0030888326663416343,-0.14601888726471657
TAGAGCTGTGCCTGTG-D1_NoStim,-0.16946005848243217,-0.11515997374483788,-0.9889841835085988,0.07153771309368295,-0.22315060851917323,0.08849882719162938,0.4686839770261013,-0.06209292065222982
TAGAGCTTCCCTAATT-D1_NoStim,0.10389971327365899,-0.06602269882881018,-0.24374079835286544,0.12840790055478557,0.00789823178064708,0.2901887309854656,0.05688851337812206,0.022893241982851364
TAGGCATCAATCCGAT-D1_NoStim,-0.10349537972720846,-0.06155502738110563,-0.37153362840204096,-0.012365539284790117,0.18740771242414667,0.11069924264844566,0.3638191969586,-0.03559556159406263
TAGGCATGTTACGCGC-D1_NoStim,0.039190612750658715,-0.005536962469074425,-0.31159098486224934,0.05917056732971915,-0.06601437241092967,0.09709999346786358,0.07756981785385886,0.019934048504580915
TAGGCATTCCCATTAT-D1_NoStim,-0.065751059744807,-0.07417193458495142,-0.516742642362555,-0.05841810023487781,0.08540469446938737,0.10823573184451618,0.13114889800834995,-0.05026357189430719
TAGTTGGAGATCACGG-D1_NoStim,-0.015118953720492101,-0.05258163736788468,-0.07838052724820699,0.05507151009904199,0.10902858152105743,0.16357390870687905,0.15521984248173615,-0.009331317098808967
TAGTTGGTCCACTCCA-D1_NoStim,-0.020820006224241183,-0.010436887134941841,-0.21502607112287286,0.11174417042877316,0.03876423006073537,0.28856078303769905,0.2372956768565042,-0.0011475585186122572
TATCAGGGTCATCCCT-D1_NoStim,0.01090737073373127,0.0037365147869010684,0.24734348417948127,0.042067535419192836,0.043562382094378904,0.04374041589184152,0.15477391183788303,0.011807597174403384
TATGCCCCAGTTCATG-D1_NoStim,-0.015423486279052767,0.02409303779111127,0.06642383300664356,0.05706941335143867,0.0110712504436421,-0.02492083606230011,0.12423112447960971,0.012205067128146396
TATGCCCGTGGTGTAG-D1_NoStim,-0.06277308374755641,-0.06423243219763108,-0.7129027295808257,-0.0010353225599555316,-0.17360655200848285,-0.0802713472841754,0.4390805212968836,-0.04944662724639137
TATGCCCTCCGAGCCA-D1_NoStim,-0.12322092971452037,-0.09340765893877112,-0.4961434032920451,-0.09334257145186875,-0.08030331302586724,-0.08156300637239156,0.053811062535169096,-0.08597100889845422
TATTACCTCCCAAGTA-D1_NoStim,-0.1107884769762073,-0.01821583698755269,-0.3459408057206659,0.04287984574829551,-0.04347326142204189,0.088735640080154,0.17106670961148573,-0.038593800997167804
TCAACGAAGAGCAATT-D1_NoStim,0.002133248411354316,-0.0001248973150271837,-0.22214696365455922,0.05959666461296642,0.0006408306238707695,0.10482020850188523,0.13551698263546985,-0.0011005835862025748
TCAACGATCGCATGAT-D1_NoStim,-0.1296024987665021,-0.048420297128688006,-0.19072921789979702,-0.018752364704424096,0.13464775906037296,0.09628559204159792,0.112829813158136,-0.06508822855962926
TCAATCTCAAGGTTTC-D1_NoStim,-0.061797382115271304,0.01630156436368857,0.15373877087276355,-0.2027237145478935,0.11907636533956278,0.0009254996625447376,-0.43480089676343603,-0.106283067379497
TCAATCTCATCGATTG-D1_NoStim,0.07965734211121678,-0.0828230360214075,-0.20845791203552544,0.07812621374780804,-0.09089482344368349,0.08811250026014239,0.08045975880556488,0.016403363385105507
TCACAAGTCTCGCTTG-D1_NoStim,-0.04130477573430724,-0.03226153813828958,0.10605882208100859,0.03087603224000368,0.1399079001161514,0.05178611564620006,0.16540404581842338,-0.02172733595508447
TCACGAATCACCTTAT-D1_NoStim,0.019746973551901803,-0.009981888113809845,-0.33368442634442985,0.030643856153691473,-0.20697758055182724,0.007993062151366637,0.1091611075029979,-0.019980040982712666
TCAGATGCATGCCTTC-D1_NoStim,-0.054748227274469485,-0.036301073690234276,-0.8998517633903553,0.04893266383945161,-0.2508455687006581,-0.06365304165563579,0.5385382124534628,-0.015950980070703835
TCAGCAAGTTTGGCGC-D1_NoStim,-0.06476017337882567,-0.027810019206365055,0.10399762994056516,0.0007123893009080007,0.1268682480984431,0.07796810819313826,0.1416506553798973,-0.04876754928124072
TCAGCAATCAGCGATT-D1_NoStim,0.006124370443535199,0.05968519443857545,0.1796243769942194,0.11207297164964736,-0.03311136893958988,-0.013276168343670847,0.2654600761513395,0.03560889920136212
TCAGCAATCTCTAAGG-D1_NoStim,0.03216577846067459,0.012259134702295782,0.07939456547784474,0.10285656492154871,0.12710852643820836,0.1397400173372887,0.2953138057188891,0.017878637716146173
TCAGCTCCACTCGACG-D1_NoStim,-0.095494814814435,-0.0893462148878168,-1.0459482297155134,0.08709624891827161,-0.30391219431480465,0.10779526281070506,0.2762301241147318,-0.04742347038347994
TCAGCTCTCGAGAACG-D1_NoStim,0.05275195714032499,0.011544854415630468,-0.27644595032187524,0.01870922194822988,-0.08719148774306973,0.007082079789315188,0.03996667049035896,0.0023575873150001314
TCAGGATAGCGTGAAC-D1_NoStim,-0.001508568768777252,-0.022405767468235638,0.13877449847982248,-0.06649188920113147,0.04323489642120215,0.055859310059348743,-0.4591481975782985,-0.04407344013171155
TCAGGATAGTAGATGT-D1_NoStim,-0.05624381143564072,-0.017606525920808025,-0.2625584604007809,0.07877677510485803,0.11237882161484691,0.22095543043004717,0.20862090093867192,0.01273967222965311
TCAGGTAAGACGCACA-D1_NoStim,-0.13658970963598982,-0.049902962652829785,-0.4402365596664133,-0.03094912012482709,0.06710585321163798,0.08355460557975913,0.0970550005290356,-0.09462077427651572
TCAGGTAAGGTTCCTA-D1_NoStim,-0.11896264018443503,-0.02512623431903549,-0.2798161729358526,0.03196645997448044,0.08733476312268706,0.1692493148135119,0.09107765100371346,-0.04558253963958947
TCAGGTAGTCGGCACT-D1_NoStim,-0.23780520098718583,-0.05224129081570794,-0.017680169460593476,-0.11835773568797414,0.24691562124830035,-0.0991698837002346,-0.06841339063055152,-0.167390585154104
TCATTTGAGGTCATCT-D1_NoStim,-0.09725308275793942,-0.029217431667515115,-0.21099969554719777,0.029909199920508556,0.1804249774829625,0.11891427412603406,0.11309150040980231,-0.036246173473905685
TCATTTGAGTCTTGCA-D1_NoStim,0.05545912652441132,-0.030533628618313102,-0.395261355606193,0.11136508143984614,0.0338374719276775,0.29572702665044037,0.1960707305010101,0.03799952705622367
TCATTTGCAGACAAGC-D1_NoStim,-0.05254074576565948,-0.023962355063391172,0.11508807760566953,0.02396440285962953,0.056869979295658624,0.08210927118036793,0.13111224111560293,-0.032042649137974166
TCCACACAGGTGTTAA-D1_NoStim,0.08804107292740149,-0.015074859403680918,-0.22509670854191377,0.10489744742576157,0.11432957472876915,0.19271654568175833,0.2513521137138519,0.0363856618381746
TCCACACCAGTAGAGC-D1_NoStim,-0.09926966240073654,-0.09509639894519673,-0.9499389467121766,0.03234435665679136,-0.24936522850877374,0.08587891771252032,0.15622288217228464,-0.038435923175967446
TCCACACTCACGCATA-D1_NoStim,0.037387145418072976,0.005035886338010442,-0.14846270863642097,0.09538166211234156,-0.121646221552286,0.09817419862516097,0.04252023903821733,0.004515278153046864
TCCCGATCAGCTGGCT-D1_NoStim,-0.009580895073021622,0.001633488201218114,-0.42640168544875934,-0.17307417977982809,-0.21097881930882068,-0.11696524496072325,-0.9597111010404848,-0.16287442337542402
TCCCGATTCGTTACAG-D1_NoStim,-0.04084552743957737,0.0044734904506888995,0.07590656320264166,0.024761095733941474,0.1507654194247685,0.03929737608803663,0.0369158156960836,-0.01922804757353269
TCGAGGCGTTAAGACA-D1_NoStim,0.09463301473473784,0.0077725525261787,-0.25064700582790067,0.07902218451739351,-0.16567571516399227,0.07315501829986726,-0.056027035265738157,0.020786726513986054
TCGAGGCTCTGATACG-D1_NoStim,-0.16790312422062037,-0.022619548382840193,0.43159955081119605,-0.16649019178936975,0.2904825244669187,-0.008903748308949133,-0.30769741023191877,-0.05340256290458889
TCGCGAGAGATGTGGC-D1_NoStim,0.05927037627395748,-0.005705789462496114,-0.4112933701247776,0.08125844056922027,-0.14042091776173748,0.08643337091292302,0.05529135246485817,0.018766674121730276
TCGCGAGGTCTGCCAG-D1_NoStim,0.08520533351932436,-0.08774458750413139,0.08340567107391195,0.10845961470942811,0.04012301189557377,0.28497873795970463,0.45122257373815255,0.048686065141952284
TCGCGAGGTTGTGGAG-D1_NoStim,0.018464962223879056,-0.05043352892332109,-0.6186174178530983,0.09960446550365987,-0.2262379892870463,0.1437574355572897,0.141728483486931,0.006318022450098937
TCGCGTTGTGAGCGAT-D1_NoStim,-0.0058016700477718786,0.12830746658832304,0.0586883943714156,-0.09086975247003082,0.13174740807458818,-0.03945521622010695,-0.6504268275785376,-0.010359451820626475
TCGCGTTGTGGCTCCA-D1_NoStim,-0.24067516127982636,0.0024333114398835676,0.44575593085412635,-0.0467650554423642,0.12262882036843692,-0.24788183323483004,-0.06345512298878209,-0.0970095287025412
TCGCGTTTCCGAAGAG-D1_NoStim,-0.02547351736681769,-0.09340826832988647,-0.15653353041334306,0.07825161097918887,0.12733691943904546,0.2001867024321946,0.12568417103702734,0.0028934782319876007
TCGGGACCAACCGCCA-D1_NoStim,-0.07628329180281312,-0.05839924361168869,-0.29768892781746814,-0.019816664030747333,-0.1611647488159491,-0.022731192411651335,-0.04765723506481834,-0.06813839496851948
TCGGTAAAGTCATCCA-D1_NoStim,-0.19249382551524796,-0.17354947089052786,-0.30355868202970626,-0.00812407195323317,0.17460817244023907,0.3643095992269112,0.17187282193375442,-0.08187778999599438
TCGTACCAGGACCACA-D1_NoStim,-0.014074012692937288,0.0247123044637938,-0.040630773510640594,0.025219595997171496,0.029089805032722182,-0.007078219356598581,0.018507105724260953,-0.033155463979584354
TCGTACCCAGCTGCTG-D1_NoStim,-0.06904781350537803,-0.05419955931127696,-0.32146428051507314,-0.0056527724009871605,-0.04864646790306182,0.02513230511801723,0.043239681913196826,-0.025931710296481114
TCGTACCTCTATGTGG-D1_NoStim,-0.0354390383895975,-0.052164879813433984,0.1000729421911899,-0.15691304479646462,0.12763870136787148,0.11130556769523814,-0.46816907449575496,-0.06039163977774464
TCGTAGATCAAAGTAG-D1_NoStim,0.013783775467000936,-0.012273487195685107,-0.2960896616434052,0.09571461373059975,0.12124645996024519,0.29065739941018087,0.32129618460212184,0.04410453230816813
TCTATTGCATTAACCG-D1_NoStim,0.1251528338526704,0.020462763893227987,-0.18876955518464023,0.133817733081516,-0.08265024903701246,0.25888330098010215,0.08063759593453579,0.05029831093443171
TCTCATACATATGGTC-D1_NoStim,-0.08787138276753481,-0.06578726374632282,-0.5990681089651577,0.004908251277262465,-0.15113787379466537,-0.047007792273208615,0.20674969569141055,-0.04695972099007584
TCTCATAGTTAAGACA-D1_NoStim,-0.0035739735981383802,-0.013551055162883685,-0.30766747505950676,0.03353447589878478,-0.09151858749608266,0.027511661126828457,-0.027457020173780933,-0.013054848075427117
TCTCATATCTAACTCT-D1_NoStim,-0.3425945095136509,-0.09063650076339513,0.36345979550356233,-0.18905546424926278,0.3198031010057836,-0.035190259542948965,-0.15874283559286262,-0.21200667968968467
TCTCTAATCAGTTCGA-D1_NoStim,-0.11062142477173253,-0.018491376616193378,-0.16689817837703913,0.00023158659350919208,0.22047765478838066,0.13357278195364408,0.08605983918584847,-0.041737726591007274
TCTGAGACACGAAATA-D1_NoStim,-0.0017417203258691671,-0.025833012473247763,-0.27310673138662267,0.05917707794234062,-0.07703294903778435,0.09354103693940008,0.08364319530419406,-0.002584983227793103
TCTGAGACAGTTTACG-D1_NoStim,0.08018810349041239,-0.07007155376435037,-0.25543662680974855,0.09376071319597123,-0.036685912638651175,0.18462820812124292,0.11064612374377614,0.023007016097249533
TCTGAGATCACTTCAT-D1_NoStim,-0.28251808689488733,-0.08035158785481578,0.07481795743258246,-0.1476027691934867,0.18989730395688298,0.01519539980536777,-0.09549526513286999,-0.1952673322070524
TCTGGAAGTAGCAAAT-D1_NoStim,-0.07135995800827111,0.01783211939329199,-0.0008124125259154624,-0.16919460091055072,-0.18782832803010407,-0.08093878686831069,-1.1103891261381627,-0.10859151637171038
TCTGGAAGTAGCCTCG-D1_NoStim,0.07459555213034719,0.02542295717978682,-0.3457130076743091,0.15778149009705622,-0.022186601509551096,0.23062415507000722,0.41412281666894835,0.0777076257752558
TCTTCGGAGAGACGAA-D1_NoStim,-0.017877974349339354,0.0021178406863366916,-0.2685453684323722,0.107506151595393,-0.014428972692542175,0.11151818644404798,0.1327533630745492,-0.007780032447998408
TCTTCGGCAAGACGTG-D1_NoStim,-0.04028959398357124,-0.023573950456958315,-0.17604425310452498,0.002048300384617008,-0.19656616162697915,0.09461842094831852,-0.17871021188816183,-0.015613182460578301
TCTTTCCAGCAATCTC-D1_NoStim,-0.028745111414227864,-0.07247155070099609,-0.5679445415522881,0.06818134299082246,-0.02054189411975038,0.26123730210110985,0.22702341353076605,-0.033275501563242216
TCTTTCCAGTAGCGGT-D1_NoStim,0.03382290007144029,-0.027279107247812462,-0.3277200859114231,0.1592229567768424,0.15609693956730908,0.2668080476276611,0.43325099782611787,0.0692149720379529
TCTTTCCCAAAGGAAG-D1_NoStim,-0.002871239677999071,-0.033198515267528705,-0.19715980254673937,0.043872962483881395,0.20000905536273805,0.2299575330461252,0.1436188565900327,-0.008186954872520857
TGAAAGAAGAGGTTAT-D1_NoStim,-0.2562352297023196,-0.07582993604785493,-0.1485391157302356,-0.37640792870922724,-0.001980828702324189,-0.09864352917337982,-1.19511517844409,-0.2859446399823362
TGAAAGAAGTCATGCT-D1_NoStim,0.0064200844051836015,-0.0956132480784273,-0.6441375351121206,0.20263825638901345,-0.10755281612253853,0.2265143281657478,0.26666568574774185,0.017218329222966844
TGAAAGAGTCGTTGTA-D1_NoStim,-0.018303247416971757,0.03343808364617651,0.14272184395894705,0.016489384102325033,-0.1088729786682201,-0.014924859913161725,0.07253791933001619,-0.011470611350492987
TGAAAGAGTCTCTTAT-D1_NoStim,0.039488070865949965,-0.015933811349944094,-0.19187656659627983,0.12413726307954853,-0.06860491393561041,0.16382597646713215,0.15713086078049532,0.01957866539873443
TGACAACAGAGACTAT-D1_NoStim,-0.13861887380793547,-0.07637112464299278,-0.9591979615508102,0.06557086687805835,-0.31393055833290795,0.052788531096597424,0.16902748975322446,-0.07866652346179137
TGACAACGTGCAGGTA-D1_NoStim,-0.03700192519483103,0.0007765588855814798,0.0838985755151409,0.052674791633570806,0.19989669458071546,0.12541499462753336,0.1158238189310623,0.018357396338524623
TGACAACTCACTATTC-D1_NoStim,0.04906740015929678,-0.03860608791370268,-0.42571420622209644,0.060713612560602925,-0.3298137505191825,0.07841366688834217,-0.24294032886163652,-0.03626008400938119
TGACGGCGTCTCTTAT-D1_NoStim,-0.018472941966418688,-0.06923884349034282,-0.37610346552538587,-0.008349900415941747,-0.25936218820918455,-0.05928576731893287,0.041682930429484344,-0.046058203753439386
TGACTAGAGTTGCAGG-D1_NoStim,0.12427967796052108,0.06388758443812037,0.18888655564268397,0.10361683628803675,-0.0877442473019503,0.037083814840288554,-0.052154412856877386,0.0785524226246892
TGACTAGCATTGGTAC-D1_NoStim,-0.08406674811225479,-0.03475473972035559,-0.24896243636182902,-0.015583152834834024,0.19737149101429985,0.09786438794952268,0.08737027961474775,-0.0665844848173549
TGACTAGTCCGCGGTA-D1_NoStim,0.05526693906208813,0.06674009615464982,0.05945476188033716,0.04794128936140751,-0.02482860991968394,0.018793365208937374,-0.07926768514201576,0.012920844391452135
TGACTTTGTCGGCACT-D1_NoStim,0.010398071651923857,-0.06889697932870753,-0.1388536500688744,0.06744675063613315,-0.07156586672211951,0.26277686294446845,0.15002820014630025,0.0029184227029332988
TGAGAGGAGTTCGCGC-D1_NoStim,-0.03733995100608567,-0.004572935610562823,-0.025048881092278208,0.007510181354865253,0.09111545654935327,0.06432093980678744,0.11471937893130502,-0.023573148584397075
TGAGCATAGTCAAGGC-D1_NoStim,0.008830775710340077,0.005850366789047712,-0.12433485802537803,0.09200777002308591,-0.008490899134272922,0.15288182620701107,0.18018192817711842,0.006712587700393513
TGAGCATCACTACAGT-D1_NoStim,0.025422937628375664,0.015386926540092105,0.1909777769926837,0.11771074374937918,0.1572550662796104,0.15548810411300984,0.23094124038898123,0.05290062409346419
TGAGCATGTGGCTCCA-D1_NoStim,-0.009041099148813458,-0.014904772191915328,-0.46021723948446613,0.048466860106318066,0.10885335329983015,0.19318774937386607,0.22732433053150958,-0.016898393133175205
TGAGCCGCAGTTCATG-D1_NoStim,-0.009555923711699776,-0.005947292821302241,0.17480322562431994,0.06928984440021146,0.04314467125380972,0.10611987573604686,0.16820628122451975,0.01889892026187745
TGAGCCGTCAGTTAGC-D1_NoStim,0.05444029730584532,0.012375220422169875,-0.43209370015718385,0.0875649440034465,-0.16497561220552903,0.11541514734240543,0.046504382649875,0.02420914407325192
TGAGGGAAGGATGCGT-D1_NoStim,-0.04751883559526071,-0.03087350669382971,0.2607034188127262,-0.1594297549428898,0.103331756210844,0.09555867473923918,-0.3487932555718416,-0.11332537072123827
TGAGGGACACAGCCCA-D1_NoStim,-0.022343180886830183,-0.01780082898814328,-0.3043891237652616,0.02005080961167849,-0.19625984611216118,0.0031787468100725746,0.06866978712425142,-0.012815965069252755
TGAGGGAGTTGACGTT-D1_NoStim,0.013803117386721908,-0.018811467616393074,-0.27409845096304863,0.05306151656453295,0.061430971009235336,0.08067405472830202,0.12005610947792977,0.00801892343068289
TGAGGGATCATGCTCC-D1_NoStim,-0.12251848316736869,-0.1095553073375033,-0.502819297084347,-0.03429270747721702,-0.07222149998212757,-0.045831434444230545,0.23396555115952822,-0.08203803420793143
TGAGGGATCTTCGGTC-D1_NoStim,-0.09716372951621821,-0.09163796332622987,-0.5771910310475796,0.023318513059720658,-0.011901339111656029,0.054808515814790404,0.1909053763271702,-0.09153192305185343
TGATTTCAGATCCCGC-D1_NoStim,-0.002204305311204635,0.007662955263469939,0.20000037591148256,0.09178911432419667,0.03077369618236858,0.028106971013876603,0.2072953934162891,0.04116339021446613
TGATTTCGTCGTCTTC-D1_NoStim,0.010104427137124006,-0.033987347366071674,-0.3338422877384435,0.06574409830505878,0.25783843311056565,0.26676915614620356,0.23187144348791344,0.02338498233495656
TGCCAAAAGAAACCAT-D1_NoStim,0.017558396348333005,0.022232211186514306,0.08325771480784461,0.032337629722293926,0.20047573443906153,0.05260518968302108,0.10259844922066641,0.020539430688753413
TGCCAAAAGTCCGGTC-D1_NoStim,-0.02472816641080655,0.005671003486261483,0.17109799485008637,0.05120855728038265,0.061278939966030066,0.03151737505520025,0.11922942620153076,-0.03449086130339829
TGCCAAAAGTGGGATC-D1_NoStim,-0.10749724955993578,-0.051374191529802715,0.23468027648748446,0.025260809755836888,0.028266673070048043,0.033411267909491116,0.12380315052790092,0.01599488835898022
TGCCAAAGTCCGAACC-D1_NoStim,-0.003046091159392361,0.006444852482298202,0.10149073334067005,0.07278660033760076,0.22804632594772123,0.12852083903617917,0.19880412120712032,0.03674879222125149
TGCCCATAGTGGAGTC-D1_NoStim,-0.08120054238249885,-0.05344111239920046,0.08373257600523232,0.026981104335938255,0.19118030248406015,0.24755872636501142,0.1611068151119781,-0.03718287329090053
TGCCCATCATCTGGTA-D1_NoStim,-0.008340456221043624,-0.07795806885757806,-0.19631684264620297,0.031167961032485536,-0.1101588595266545,0.11351428708691458,0.18608536926207986,-0.017624228900769978
TGCCCATGTGAAATCA-D1_NoStim,0.0003753378851829581,-0.08277764979011515,-0.2763260803719483,0.08525842851284082,-0.0879377454759318,0.08782010813378882,0.0025722715715943423,-0.00517038525308422
TGCCCTAAGATCTGAA-D1_NoStim,0.0758258301202428,0.09947970792900662,-0.04171381617439529,0.011154493291652301,0.21478359240511935,0.11232575743406592,-0.32416352227336276,0.06343475170120527
TGCCCTATCTCATTCA-D1_NoStim,0.012088361423753469,0.016269301019026017,-0.32809259622244547,0.03483616359122088,-0.006211338807808886,0.08687059892709748,0.16787898812415936,-0.006475399451957742
TGCGCAGCACAAGTAA-D1_NoStim,-0.013200431894299314,-0.10761700041795486,-0.33086931115125395,0.04958536095865007,0.052008451890376506,0.20294335344371994,0.13825327646487473,-0.04595380485852907
TGCGCAGCACCTCGTT-D1_NoStim,-0.037459546926369214,-0.003119708122024889,0.16091935206560493,0.01542920756335775,0.00025764847639209165,0.026620079785953266,0.08510163764483902,-0.029186175123568248
TGCGCAGGTCGACTGC-D1_NoStim,0.04085856404747901,-0.020304170840711677,-0.21294055870382955,0.0825343141574102,-0.10495232375592067,0.10670051008437831,0.001284265460295142,0.01384467433062575
TGCGCAGTCTACCAGA-D1_NoStim,-0.23521779885046712,-0.028162372831772586,-0.12822822208075557,-0.05126147603598419,0.14826387135962804,0.05369458972603347,0.012232143492144854,-0.09139010490044086
TGCGGGTAGATATGGT-D1_NoStim,-0.010826864172630124,-0.0024137030701663065,-0.0671712745827282,0.09728788602996019,0.06340411821151726,0.11378041247602866,0.28170609200366936,0.024980408884417216
TGCGGGTGTAGCGTCC-D1_NoStim,-0.09629782587518321,-0.05786374867388666,-0.48954828847467624,0.03574440482992891,-0.1636418256230847,0.05926152698245879,0.1728779627492778,-0.06772805161749851
TGCGGGTTCAACGGCC-D1_NoStim,-0.03777207454092846,-0.04514740809546858,-0.3598912198652702,0.006104017658312699,-0.11344208232995179,0.050463732614421275,-0.04646588510427474,-0.07192088325892776
TGCGTGGTCAACCATG-D1_NoStim,0.0005465383368559174,0.017239906553573547,0.09574959845619091,0.08883926142053156,0.11945542265705456,0.11590460162027583,0.2128689830095789,0.009282070500578499
TGCTACCAGTGCCATT-D1_NoStim,-0.09567446822666881,-0.015645017475199197,-0.23542028875653287,-0.02141014395036045,-0.02358361133918052,-0.026665150084307143,-0.046028564596816146,-0.058046936572290875
TGCTACCCATGTTCCC-D1_NoStim,0.020483569835208826,0.027982145693854932,-0.01505095953817559,0.10464832630013632,-0.11884434360597673,0.0317762008800937,0.08971033162161568,0.02445239716761982
TGCTACCTCAACGCTA-D1_NoStim,-0.02649757841021838,-0.023465778606448495,0.09270398376457933,0.07656109831385649,-0.03948398364136807,0.013509011367839108,0.34385984946021075,-0.01447013082651516
TGCTGCTCATTCGACA-D1_NoStim,-0.07231906943998645,-0.06478597765157623,-0.9757975737520184,0.04671727525061087,-0.41760426176127474,0.02926712530232578,0.27043770656324906,0.0007904218496914694
TGCTGCTGTGCTGTAT-D1_NoStim,-0.16404619273667365,-0.03562013022509447,-0.32899518317875653,-0.08315766296995797,0.08685869121683254,0.031068953246518483,-0.09274655988341785,-0.08741467653809565
TGGACGCCAACTGGCC-D1_NoStim,-0.09057545082194984,-0.022226272244964207,-0.024583586365192645,-0.002148672579496136,0.1049050261758282,0.09612797293895703,0.09077925183078506,-0.03629386317329342
TGGCCAGAGACTACAA-D1_NoStim,0.007572559204229279,-0.0016718355801241813,-0.10663955999130259,0.07947882702546138,0.018201326077784685,0.09812355310023335,0.20444828492945533,-0.0014708577246942411
TGGCGCAAGGTAGCTG-D1_NoStim,0.05078151943560272,-0.11831283581678953,-0.2969809812831379,0.09310116143014113,-0.04274656644500752,0.2220782078403456,0.1447996895514292,0.02195702387683518
TGGCTGGGTCAAAGCG-D1_NoStim,-0.058263650048891336,-0.02686164057766227,-0.1201234613807749,0.010065066720811089,0.13861611587601885,0.14370515655542881,0.13876277201709541,-0.017699709631353144
TGGCTGGTCCGTTGCT-D1_NoStim,-0.045052326066773674,0.012280031606415776,-0.17538247259511408,0.006067884775218246,-0.035377832446787494,0.04471951738367075,0.1444610382645184,-0.03354926422338167
TGGGAAGCAGATAATG-D1_NoStim,-0.007283734648085627,-0.02125424957558053,-0.22044812879140885,0.06586061985912295,-0.03663493209471902,0.15769062405091105,0.0895011213523218,-0.022029163987662415
TGGGAAGGTACGAAAT-D1_NoStim,0.012397510186978877,0.016065320922102444,0.1043624012114126,0.1461006328345551,-0.04066180518776363,0.08258030107406356,0.2532683354192482,0.03160907279253777
TGGGAAGGTAGCGATG-D1_NoStim,-0.0063610015898802885,0.0325745338714718,0.16627568773022006,0.06903907521805941,-0.006137454299285139,0.011904138087651006,0.06592279646308175,0.0017663836109402808
TGGGCGTAGGGCACTA-D1_NoStim,-0.05169803729432232,-0.002735318066694248,-0.03833149662505164,0.05437282335671334,0.030639322969522098,0.10605852586555464,0.19655243034116898,0.0026528713160676176
TGGGCGTCAAGGACTG-D1_NoStim,0.04582255300803162,0.0012263753359125218,-0.04177851093151119,0.11553182515738847,0.17864348126112972,0.28248455693762686,0.24180880711161423,0.06300512605006148
TGGGCGTCATCCGTGG-D1_NoStim,-0.07039210080526459,-0.05290910616390043,-0.40755871612900485,0.002309771474353184,-0.021770960090430336,0.06135946023604166,0.07674404426208437,-0.04645991846109965
TGGGCGTGTAAAGTCA-D1_NoStim,-0.22924856465760435,-0.01657127098155975,0.0662893727248921,-0.0882918531454564,0.218845338542085,-0.10375589036921085,-0.005739507266155464,-0.10972916375612485
TGGGCGTGTACCGGCT-D1_NoStim,0.022400083119116232,-0.14607386487863927,-0.5481084722749667,0.1887204896666148,0.07651486984343414,0.4543254957656,0.39162974177801235,0.04641167425234549
TGGGCGTGTCTCACCT-D1_NoStim,0.023069730250782072,-0.04583363387680173,-0.7043842666857323,0.07108672541985506,-0.23275965157569267,0.11183230870306815,0.1384075082017895,0.0027771297390852823
TGGTTAGGTGAGGCTA-D1_NoStim,-0.21111162688444018,-0.030620840552264994,-0.1735317339702256,-0.07225505491868667,0.017619591681778957,-0.06382521855965617,-0.15521290949255917,-0.11893011466500525
TGGTTCCCAAGCTGTT-D1_NoStim,-0.08757312167016451,-0.04916310957092307,-0.221336641530268,0.009786729884545764,0.153525800450673,0.22404945007276567,0.08067876944731722,-0.05509968688538258
TGTATTCCAGTAACGG-D1_NoStim,0.03746035726840091,-0.14348169981620096,-0.7180406989229642,0.20355672074607511,0.06600940416965173,0.4357552650819816,0.30856927815185786,0.05676559648630786
TGTCCCAAGACAAGCC-D1_NoStim,-0.08750762126763689,-0.06106080084047427,-0.36223693468058826,-0.004234605972895267,0.13199446422111016,0.06011210287208879,0.09379290387966188,-0.061471119620685855
TGTCCCAAGGGCACTA-D1_NoStim,-0.06439828587793173,-0.024849877829581146,-0.32203403580655277,-0.021469455471660126,-0.15080214924489255,-0.0025746205846823855,-0.05530356409950432,-0.05583050299958181
TGTCCCAGTCCGTTAA-D1_NoStim,0.017094694192849147,-0.17017745884920288,-0.7276684036114212,0.1925607540165526,0.17467649996612522,0.43129388160696536,0.4221371350560368,0.05028679549612747
TGTGGTACAGTGAGTG-D1_NoStim,-0.15300819288635736,-0.03722110930746858,-0.1926830713011647,-0.003665184830058621,0.055951337015725855,0.04846896197658079,0.0564964495824718,-0.04308126227181042
TGTGGTACATGGGAAC-D1_NoStim,-0.11451397156019638,-0.024449139835144962,-0.1407406483149316,0.0026528131033263236,0.2461234876343248,0.10511864331146636,0.13734261299926231,-0.043957084439705696
TGTGGTATCAGAGACG-D1_NoStim,-0.02908818331334828,-0.04149050754136674,0.06328169308768139,-0.004903296897754927,0.26517737370434347,0.10396908214648981,0.15384036818799185,-0.020825514028269154
TGTTCCGCATACTCTT-D1_NoStim,0.031194117968626145,-0.06937517005962057,-0.26187327263393456,0.07435229925506448,0.0957993323438302,0.25168302202702275,0.16813531599738596,0.02573589058910386
TGTTCCGTCAGCTCTC-D1_NoStim,0.011766592428150702,0.017170306145922964,0.14063937759221012,0.08346418039563375,0.13457266152268588,0.12149809068489503,0.10360854861014346,0.01207853778808321
TGTTCCGTCCTAAGTG-D1_NoStim,-0.058445409207772414,0.05061590357332335,0.10921885757056238,0.026563413877669362,-0.12647950377875716,-0.05781819900746932,-0.11962664053615057,-0.00634322439060675
TTAACTCTCACCTTAT-D1_NoStim,-0.035143680332542004,-0.0006734563172052788,0.07557074629909621,0.06293842020014218,0.09388545004556548,0.1316052444672522,0.21794011947075553,0.0025089978386745315
TTAGGACTCCACTGGG-D1_NoStim,-0.03350788467841426,-0.012778074282877583,-0.29621508147946685,0.0453740768695976,-0.07597872551173346,0.03826574667910876,0.034978898636071065,-0.00723833427061038
TTAGGCAGTCCAGTAT-D1_NoStim,-0.0954174419043472,-0.0826889134045814,-0.3282799132437084,-0.05596750831852937,0.014780658064330154,0.014564876385486869,0.007214501799137629,-0.06850595024895689
TTAGGCAGTGCTAGCC-D1_NoStim,-0.13483772811043337,-0.06446209634477817,-0.31879529723485334,0.017230972287377355,0.18332802845719698,0.14666363356101275,0.05006991475120204,-0.09089661570909335
TTAGGCAGTTAAGTAG-D1_NoStim,-0.026414955951267416,-0.0696985098760674,-0.44543747215432994,0.03325965614622106,-0.2081946310047389,0.08906958144269339,0.20902047815382385,-0.053049447607262934
TTAGGCATCGTGGTCG-D1_NoStim,-0.04969585395701692,-0.06342132956800128,-0.26621800328776324,0.09401242627522599,-0.1379210988356565,0.1824075942837311,0.11302877499862651,-0.04298239124058156
TTATGCTAGCAGGCTA-D1_NoStim,-0.035188136595136754,-0.015837118120765936,0.16963044567114416,0.03473769069948851,0.040539548026831795,0.13589467756774987,0.12010827818820147,-0.003951834522656128
TTATGCTAGGTGTGGT-D1_NoStim,-0.03830803105815228,-0.013293903415146247,0.1288831740927705,0.007586494065446203,0.22604491594191245,0.03243992408445706,0.094003666745067,-0.03932794041957344
TTATGCTCAATTGCTG-D1_NoStim,-0.025183426390368524,-0.033248610064731565,-0.49904074994811154,0.05487074003519865,-0.18835759947634578,0.10270472888474202,0.12264104999597336,-0.019332644293964307
TTCCCAGAGCTACCTA-D1_NoStim,-0.1433789695420291,-0.021340307835902905,-0.17403061825368127,0.002617975430075248,0.11914544910400515,0.09129268951765912,0.045681532687459114,-0.049204688223820625
TTCGAAGAGCTGAAAT-D1_NoStim,-0.12470575355289881,-0.04356094615641304,-0.25643263642874636,0.015201797369806869,0.15258842683466334,0.15596381195752507,0.0675664107274816,-0.05514311759677604
TTCGAAGGTACAGTTC-D1_NoStim,-0.07086068699715398,0.014489885382733547,-0.028801552711428258,0.05005229465832883,-0.025027836880395782,0.07374702838629332,0.11954088119794548,-0.0007335880557413077
TTCGAAGGTCTTGATG-D1_NoStim,-0.05165154632359581,-0.020514645053578917,-0.09901135154023066,0.05303627088989771,0.07382180394115068,0.20087957249740196,0.1713678041912723,-0.027574122411085256
TTCTACACAACTGCGC-D1_NoStim,0.025632492844927413,0.014310125900594883,-0.40956422108656554,0.05926289460690093,-0.17589862097794118,0.059458758722576555,0.058262691557578794,0.0189774171584709
TTCTACACACTCGACG-D1_NoStim,-0.04439406534092427,0.01433888810029238,-0.16741372431336643,0.006266008305384929,0.07383460055995528,0.06651388906622913,0.10293308578479898,-0.016158902506091977
TTCTACATCAACACTG-D1_NoStim,-0.06229468056683096,-0.03777155670808163,-0.26549098773363156,-0.02537665695810354,0.13262792088420738,0.0036094831643289638,0.04800576054553796,-0.05347764012818601
TTCTCCTCATACTACG-D1_NoStim,0.05040111149292947,-0.004593017618176987,-0.18535723489157263,0.03641603300591356,-0.04751002646684199,0.05626668197810236,0.032274258408108825,-0.0028403316432559222
TTCTCCTGTGTTGAGG-D1_NoStim,0.05394266395047076,-0.022165731060876936,-0.26134262897436145,0.08504827834270046,-0.04151526389007998,0.1822860670795352,0.029342744413575428,0.004391716659236877
TTCTTAGCAAGTCTGT-D1_NoStim,0.05806603737973326,-0.04060028008518657,-0.36077945723956795,0.06723746514614781,-0.16058500001798848,0.12655653479765583,0.07435867985926059,0.03961380768370937
TTGAACGAGGCTACGA-D1_NoStim,-0.07181195944459873,-0.02417727378769463,-0.3130152903250192,-0.02474924334415185,0.03469662309835897,-0.001685840675571093,0.006264906807228243,-0.04823213445575014
TTGAACGCAAAGGTGC-D1_NoStim,0.018469999691157923,-0.03513472547127705,-0.2298619072156054,0.06635915757234301,-0.050922375647509455,0.07218930725951722,0.0723348932995731,0.0005344742579183048
TTGAACGGTTTGGCGC-D1_NoStim,0.03224105928714316,0.09424652151019153,0.018172547274483364,0.025988100627527544,0.09484749250879076,0.03775087039373126,-0.0019214592010223797,0.010963147902252501
TTGACTTAGATGCCAG-D1_NoStim,0.04154876419538134,0.0070254214289313666,0.11087379252975893,0.0932535294217054,0.08485352306455773,0.07296703788063397,0.18422177620346947,0.012388056230497213
TTGACTTAGCGTTGCC-D1_NoStim,-0.026096850465215482,-0.03225564697530281,-0.04745043636794222,0.051560991896623776,0.006662129762982971,0.045905630504108785,0.3907831611793888,-0.019563624341977004
TTGACTTCATACCATG-D1_NoStim,-0.01942727236407471,-0.007314860212632723,-0.18100234992462916,0.05417787228087967,0.059610074728695395,0.07907792724308393,0.2642674469755093,-0.011063714006985137
TTGCCGTAGACCACGA-D1_NoStim,-0.15186590493764918,-0.07827019603596419,0.3391897886218036,-0.1406584489023821,0.33613665680208804,0.20029427378150544,-0.025033601356072133,-0.10657505186592786
TTGCCGTAGCCAGTTT-D1_NoStim,0.07001623793339817,0.019031885346075583,-0.3590235904948518,0.09716811210994969,-0.17032617113846094,0.13065919242343593,0.015432481999477776,0.03353169800715783
TTGCCGTGTTTGTTTC-D1_NoStim,-0.08492208649940558,-0.08653024344677007,0.18472511943436842,-0.05809978424737494,0.1301706065285675,0.11488146003462152,0.1812832846909247,-0.017747043801971785
TTGCGTCAGGGTGTTG-D1_NoStim,-0.07116100570399198,-0.05362478499071166,-0.3046759525666616,0.03608289103778972,-0.06510348443101321,0.18941930326839174,0.15590852902636465,-0.04526083035370476
TTGCGTCGTCGAACAG-D1_NoStim,-0.027793648136405835,-0.03355741843044058,-0.3004170036691711,0.04876447288304142,-0.01827406997336567,0.05164831515474777,0.06335130052353133,-0.023898395155169894
TTGCGTCGTTGTGGAG-D1_NoStim,0.03808477488556683,-0.14258428441828208,-0.4058208657900302,0.09369548877016776,-0.06844109186621061,0.22028391403055547,0.1709509736436874,0.03346584279341158
TTGCGTCTCGTCCAGG-D1_NoStim,-0.1298377419601433,-0.07653850388872563,-0.8964653061641936,0.08204931910676905,-0.27542793806589394,0.1767076053024068,0.08966294210860193,-0.05915028112505105
TTGGAACAGGGATACC-D1_NoStim,0.04850551132375891,-0.07245359877083324,-0.13538307855353793,0.07060007764707699,-0.07542122443504695,0.1471256693956544,0.2350054818128422,0.022245963298948013
TTGGAACTCACTTACT-D1_NoStim,-0.02771098029726282,0.005650978029118292,-0.17106008615067303,0.026878018053178465,0.08383795054338883,0.08199370407932527,0.10623946142342877,-0.016003517773100384
TTGTAGGGTCCGAACC-D1_NoStim,0.03685902801045948,-0.06723761220154323,-0.11712161379607444,0.11307570603907102,-0.11129138446279718,0.23620259579167602,0.24467154565325355,0.03467989781618286
TTGTAGGGTTCAGGCC-D1_NoStim,-0.027767072339880627,-0.009019320021344868,-0.2031794390971342,0.006737267292940885,0.10880173788833503,0.10439533403592804,0.12100491313536743,-0.009142358206975842
TTTACTGTCCGTCAAA-D1_NoStim,-0.025446419276130783,-0.013813003572265004,0.05220120359292402,0.05743180057197783,0.05555059527285877,0.04368892482295195,0.09997358497513087,-0.02248259606361991
TTTACTGTCCTGCCAT-D1_NoStim,0.002021318837250874,-0.02665737131925816,-0.2432778125465731,0.06792656451533574,-0.0004953176403379445,0.13996209668722948,0.14449094860411504,-0.0076461129937879235
TTTATGCCAAAGAATC-D1_NoStim,-0.05205901821490855,-0.06233440369801713,-0.3694920562531596,-0.04750213675600179,-0.14228095682154773,0.03489950275172049,-0.2985228219915559,-0.06235444960392478
TTTATGCGTACCGCTG-D1_NoStim,0.04392643597064705,-0.020229230391068498,-0.2947216407860971,0.06686149079509285,-0.02357910854576417,0.05984486420596369,0.06933834457776289,0.026833051569235877
TTTATGCTCAGTGTTG-D1_NoStim,-0.059541188045097115,-0.05385858312276248,-0.29175220685879744,-0.021527007588707292,-0.029966202912767415,0.04917832098609942,0.022189569548114463,-0.0799518027681625
TTTCCTCCATAACCTG-D1_NoStim,-0.13247083899091017,-0.0744230362979188,-0.3318000140943109,-0.07708179933560899,-0.08600457823755114,0.026615680498284,-0.15505095624707455,-0.12543643189482978
TTTCCTCGTCATCCCT-D1_NoStim,0.055000244379025176,-0.041258859871790676,-0.6623066327461125,0.08911943361175645,-0.2809582499202872,0.12451305691175918,0.19487049938505008,0.021720678483111655
TTTCCTCGTTCCCTTG-D1_NoStim,-0.10937582016322978,-0.09797954645415352,-0.7346582643745379,0.004708172338308003,-0.22866822543451093,-0.08243804771448815,0.23365727721168827,-0.06708675593618452
TTTGCGCAGGAATGGA-D1_NoStim,-0.02130949481139588,-0.0048786435278511675,-0.1354052883440442,0.0372874037298736,0.0005235087343926637,0.05965225728794543,0.12474962591058425,-0.022723918607617577
TTTGCGCGTAACGCGA-D1_NoStim,-0.012838854615782935,-0.007233047522570146,-0.2307467676280801,0.033095066042081456,0.07406671261586162,0.07980637842607141,0.057958770133393234,0.009177152467163552
TTTGTCAAGAAACGAG-D1_NoStim,-0.03596870127092977,0.0008848149005586947,0.058042273153638746,0.023236032238044046,0.05432227211201024,0.02596889120132495,0.10624799994411394,-0.009089512052694815
TTTGTCACACAGCGTC-D1_NoStim,0.030130183567001367,-5.397908363669046e-05,-0.3154324568947473,0.04635211919879012,-0.11225038926449571,0.02181498135591564,0.020543676826049406,0.019885421261864877
TTTGTCATCAATCTCT-D1_NoStim,-0.038332623546933675,-0.021048794662442916,0.25554275354978806,0.049035670995133174,0.1357120010798969,0.13798674358637442,0.17926368187849917,-0.0030223451331057305
TTTGTCATCGTCTGAA-D1_NoStim,0.03910071803876036,-0.027402328897057515,-0.3616870556391838,0.1563577952246451,-0.005551420879076119,0.38691413558480914,0.28972541569691934,0.04414993842434889
AAACCTGGTCGCGAAA-D2_Stim,-0.028196826267846475,0.038959526456499916,-0.11154986767564168,-0.15320277394825332,-0.05934601447687626,-0.11427312782805288,-0.5077061054072267,-0.07603273477292305
AAACGGGAGAAACCGC-D2_Stim,0.0043866271557462255,-0.017187130456500554,-0.05685907150775282,0.04419808373393863,-0.12031244661196006,0.10637201171049426,-0.025726754516677275,0.04666194664335599
AAACGGGAGAATTGTG-D2_Stim,0.05437027816324225,-0.022956512631401083,-0.015319067195687097,0.1226334788099237,0.014373349417018844,0.1771298299475461,0.2044668318106675,0.0887233590633798
AAACGGGGTATCAGTC-D2_Stim,-0.028005648019684415,-0.012025381792104994,-0.10882293732714299,-0.1737712642433582,-0.054965087329089,-0.07361689880637279,-0.2765081504441831,-0.0784425038546388
AAAGATGCAAAGCAAT-D2_Stim,0.11303972849379917,-0.023107290454840168,0.1811085100450338,0.062398394508315747,0.07648563996958835,0.07000072965735704,0.11651279979619478,0.043187625738198676
AAAGATGTCACAGTAC-D2_Stim,-0.049564570018395315,0.07251784508861014,-0.1447582962064322,-0.04673423339565197,-0.37291356510224105,-0.025258064979189143,-0.6612921867879731,-0.016121625120959493
AAAGATGTCTATCCTA-D2_Stim,0.005319245173689424,0.043097016235586594,0.22518574881788567,0.075617096789248,-0.0001254939201480454,-0.05319780758585857,0.1267298008322113,0.030847885199312586
AAAGATGTCTTGGGTA-D2_Stim,-0.08703630217321212,-0.004145169438277918,-0.12617829461976537,-0.03836690498484607,-0.09786309988277608,-0.04494388463187704,-0.46770339274045725,-0.026133819450754103
AAAGTAGGTAGAGGAA-D2_Stim,-0.0032927636230581925,0.043253497614431424,-0.13267729016220997,-0.04691234478209161,-0.16737586717023056,0.05350368148183371,-0.2686468931958821,0.010330049992802515
AAAGTAGGTTATCCGA-D2_Stim,0.0026718892666846017,0.08040656123585421,-0.13643493049920696,0.08039970791536533,-0.10993513606548078,0.09127197172409929,-0.2488796976757186,0.05910995693572474
AAAGTAGTCAGCTTAG-D2_Stim,0.05298358516727042,0.06802674932574604,-0.012132755411774276,-0.014577007084845661,-0.44438594123762876,0.0212269865381991,-1.2513481472019787,0.024813510583252096
AAATGCCTCTACTATC-D2_Stim,0.19024277159633307,0.1179616131231942,0.03869705254233402,0.12176591302013051,-0.1015912991019352,0.1073128912495438,-0.010087402179577154,0.09764297422894685
AACACGTGTCGAGTTT-D2_Stim,0.08021976525158081,0.01404112548960157,0.10700203060723545,0.10600987520179572,0.04809298277723428,0.16090899022202088,0.12184516739826545,0.08727111685052691
AACACGTGTGGCAAAC-D2_Stim,-0.01492872036175541,-0.05915111511808213,-0.07187139394658892,0.06966773880603583,-0.055014995043563886,0.12248212852211537,0.27159417325169866,0.07177632411274004
AACACGTTCACGAAGG-D2_Stim,-0.11001182846051094,-0.012307546150230664,-0.11568870807299358,-0.029036041772092958,-0.09565456271400663,-0.07293553699796718,-0.2019103263333264,-0.011673377430641452
AACCATGTCATCTGCC-D2_Stim,0.08275304158754615,0.032287249214677516,0.04378520957183163,0.02105859938709642,-0.0783579121221738,0.02011704723503982,-0.13281565064026069,0.05310815965268745
AACCGCGAGCACGCCT-D2_Stim,0.008831433708694547,0.02480936757874197,-0.09092414120549996,-0.009126491443609552,-0.22950850173724469,0.023982410051694103,-0.4441727087475904,-0.035615122868216886
AACCGCGTCCAGAGGA-D2_Stim,0.014310242018924058,0.012529159609615093,0.16161869311386745,0.12334988528499657,0.09808190930001182,0.11674938940726953,0.3551767787161859,0.052353111076181236
AACCGCGTCTACTCAT-D2_Stim,0.08523348338116143,0.006683345573138766,-0.03415690679681482,0.1423944009966025,-0.06597592537012353,0.1348724260094798,0.2801541702600785,0.07658324003337924
AACGTTGAGTTATCGC-D2_Stim,-0.004831986046093917,-0.0745248465813706,-0.135226946270107,0.1293638516272555,-0.14619493920963045,0.21783334302316426,0.21303294569711007,0.04685136155550218
AACGTTGGTAAGTTCC-D2_Stim,-0.008728190990174411,0.033615867280524014,0.03487553587934045,-0.28632872689160926,-0.23168609038672372,-0.03311513101390595,-1.5065209274420557,-0.11699537680493322
AACGTTGGTAGTGAAT-D2_Stim,0.062280890194088556,0.01458822926635861,0.07335819792384157,0.09589113899008339,0.05980072891926902,0.1852732020174095,0.16574860898402566,0.10200441659180903
AACTCAGTCCAGAAGG-D2_Stim,-0.04627710099899218,-0.014894746966689354,0.18468625677765793,-0.038142336206721694,-0.1157975696917024,-0.16667635894874167,-0.3901651871197309,-0.03883576465450744
AACTCCCAGAGTTGGC-D2_Stim,-0.0030144146104849057,-0.015297848435283257,-0.030897860047996772,0.06325324602302551,-0.18173787367094185,0.10800485275207272,-0.045106922599650545,0.0387401955090283
AACTCCCGTGTTGGGA-D2_Stim,0.038863660780757314,-0.02138855370160897,-0.03410016171110897,0.10605785382893096,-0.042619059465041076,0.1906712313049983,0.048827495895190864,0.08481076578481961
AACTCTTTCGGTTCGG-D2_Stim,0.08268338547177656,-0.02967877899810034,0.06720016604683465,0.10559418769604356,0.06278836254223386,0.16874301162988736,0.2415139623388436,0.07580610726598991
AACTGGTAGCATCATC-D2_Stim,-0.14404137289776386,-0.04398859817885814,-0.13090896281230435,0.07339753995309728,-0.11213475078729829,0.040577582454879746,0.1827547564606018,-0.007811098276288675
AACTGGTAGGGTTTCT-D2_Stim,0.016748076351229102,-0.014377785696584766,0.017708376751578214,0.12784599733086566,-0.054259886806995894,0.17995605897912448,0.11311988951228269,0.10357993442002389
AACTGGTAGTCCGTAT-D2_Stim,0.018991635701684828,-0.056405335551589886,-0.20098392919726038,0.1486443588720494,-0.09938415404803358,0.30312092786438427,0.33639211959786675,0.07785672938835475
AACTGGTCACCGGAAA-D2_Stim,0.05431087081733921,0.023050729874036335,0.16961550512723456,0.09486661732952051,-0.15397777522220935,0.05087484745319237,-0.110366785368047,0.068862167335622
AACTGGTTCCGTTGTC-D2_Stim,-0.009409851651723145,0.023097220479087355,-0.12481791997357572,-0.049710338555103206,-0.31393427665524776,0.037156456529881865,-0.7229469546281422,-0.010229557765104147
AACTTTCAGACGCTTT-D2_Stim,0.011419393023391677,-0.014218202177769257,0.14581059312378386,0.03840869853536333,-0.019159061540264588,0.031973491110097285,0.07692126362115204,0.05337572798076806
AACTTTCCACAAGTAA-D2_Stim,-0.001957479769238546,0.017459380476077868,-0.0008122788920612578,-0.1689246480042499,0.022063774084948307,-0.10122866327562186,-0.48236634106565646,-0.08345187018092304
AAGACCTTCCAGGGCT-D2_Stim,0.031482832804446303,0.03962890335284719,0.029412419220761876,0.1360641455520657,-0.01732374027261585,0.0269789764527939,0.16176416619842104,0.08108199097316593
AAGACCTTCGTACCGG-D2_Stim,0.04385274984994325,0.005951095380270388,0.020982220257781847,0.1102745759067627,0.06564250110284853,0.16283831788137704,0.08624526137780997,0.0896482654692754
AAGCCGCGTGAACCTT-D2_Stim,0.09553658185390823,0.0664671978060003,0.07731282030956166,0.1385131109647979,-0.1431680015179726,0.11158305734339358,-0.028402519653044855,0.1185417062372931
AAGGAGCAGGGATACC-D2_Stim,0.02098267779630625,0.033150681584045216,0.3029225329985934,0.0349906914957856,-0.06857363181514131,-0.07567786639583218,0.026626208426481668,0.017237069698527563
AAGGAGCGTACGCACC-D2_Stim,0.028943294834299138,-0.022483444580970513,0.07747756599734679,0.028450123273126238,-0.12112081724554358,0.05047715922251328,0.1693909608360178,0.06046983767734382
AAGGCAGAGCGATAGC-D2_Stim,0.008209497218267359,0.045972267937957056,-0.07867966219462907,-0.014874419990521304,-0.15582291001430626,0.07003822189806996,-0.6198036612322575,-0.01799931821675571
AAGGCAGGTAGCCTCG-D2_Stim,0.08394045389684734,0.07795620824898464,0.27736162650835716,0.03816631530481196,-0.00857390734972796,0.038366293154490805,0.14521321577459645,0.06458299613565188
AAGGCAGGTCGAGTTT-D2_Stim,0.11661563895397542,0.0015723602594857056,0.014562293722200081,0.0955047336915058,0.025197111577256237,0.10160983787157107,0.17594769320513937,0.08614162046663232
AAGGTTCGTTCAGTAC-D2_Stim,0.06246774616216655,0.05155817799122531,-0.0005345962864620191,0.1177494307105853,-0.1463847660251929,0.0285601366153454,0.1655198947000125,0.0702371178122636
AAGTCTGAGGATCGCA-D2_Stim,0.043961520681319755,0.028108966162022853,0.046605066564644915,0.1058651490635647,0.07618661799779858,0.055621693402038375,0.22693712986350612,0.09755159138455483
AAGTCTGCACGAAACG-D2_Stim,0.01098007591525274,0.02310650728698782,0.1079656972248717,0.1319755365007591,-0.09252309332558362,0.18424359798992995,0.30261204224710525,0.1083159459482026
AATCCAGGTCACTGGC-D2_Stim,-0.012382987259035971,-0.06118479775867591,-0.008466841488765198,0.08208975667075258,-0.09693843398713042,0.13753373942322789,0.14448296205123867,0.04487586960237877
AATCCAGGTGGTTTCA-D2_Stim,0.0791111829863862,0.021673957910779862,-0.033454480814057774,0.14452585889829628,-0.18639196992430485,0.20143102353852527,0.47231248819940497,0.07113946589676168
AATCCAGGTTCCACTC-D2_Stim,0.022231314603212482,0.0044672182983998,-0.04817059916079991,0.11288203684130771,-0.2515025117518874,0.11616966661587114,0.08250107465092604,0.09367563636048537
AATCGGTCACCGATAT-D2_Stim,0.01121238137259617,0.0697231114050858,-0.05751259279263099,0.007280807461988559,-0.08690756054935811,0.07571012119317011,-0.594577164747152,-0.011244173126886636
ACACCGGCAAAGCAAT-D2_Stim,0.014653288094278238,0.017829722764249212,-0.0560232891106196,0.11682039027457947,0.016943316338883463,0.1586489789579506,0.26555047594903947,0.09376916149974512
ACACCGGCAATCTGCA-D2_Stim,-0.005376878170437749,0.005949317764851969,0.23802698310693682,-0.12803002344827874,0.034309615847119446,-0.015274624495308586,-0.49865163987485595,-0.05802178320778495
ACACCGGCATATACGC-D2_Stim,0.012953350871550029,-0.027537848888451677,-0.10311559754068256,0.10633213021228016,-0.16494552841887788,0.1822581438198796,0.23231680092857854,0.07882076246628067
ACACCGGGTAGGACAC-D2_Stim,0.12975777325882198,0.062055141324140806,0.0031245717197414535,0.1713792087381414,-0.03964284291434872,0.23850186515809035,-0.031005137678227435,0.14753914225521925
ACACCGGGTTCATGGT-D2_Stim,-0.0047819172896304,-0.02561776691613815,-0.04927755545163848,0.07971756665043017,-0.059792758573214755,0.09440067568347033,0.07164614855129425,0.062173919845205816
ACACTGAAGTTGAGAT-D2_Stim,0.001587490447347406,0.003970640366212308,-0.08785547878638678,-0.01466287949043199,-0.4702635798345405,-0.060934296786806286,-0.5482409981929486,0.015269003546283244
ACACTGACAAACGTGG-D2_Stim,0.05420063286681476,-0.000879829055399739,-0.0033727775309149166,0.1360321933162325,0.06359241671109395,0.2948707487239872,0.2325136549491278,0.0923085388529401
ACACTGACACTATCTT-D2_Stim,-0.07165510674574982,0.021194500179165132,-0.10843757635354212,-0.018735656053491923,-0.1166489084449136,0.02166166304533057,-0.39166995434766605,0.016852300489890837
ACACTGAGTCTAGCCG-D2_Stim,0.019873322283286754,-0.02436158896594698,-0.034162567828435186,0.08976433066795941,-0.022620265024404063,0.1731271706294013,0.142379080897709,0.07851564296177038
ACAGCCGTCTTCGGTC-D2_Stim,0.03394183962367947,-0.016109360168110598,-0.07174608357073353,0.15726756976866163,0.010129341760551469,0.21489068279086077,0.27927510849087955,0.11153386829337109
ACAGCTAAGGATGGAA-D2_Stim,0.09174174765642995,0.08717153503600805,0.3477953085115484,0.0029483712778688442,-0.010248290466728704,-0.10715005437901581,-0.1598556438792471,0.0373448746769256
ACAGCTATCTCGTTTA-D2_Stim,0.015759494811501185,-0.012957161772504833,-0.1604273507021574,0.06224448305540342,-0.32952074619489835,0.08602715724477505,-0.2935640768020704,0.04640272937130163
ACATACGTCAACCATG-D2_Stim,0.06860055279490673,0.025592472884250483,0.15201941117414997,0.053235335694123975,-0.07553598672492967,0.045330715916870545,0.061070906875013264,0.03412483738449623
ACATCAGAGCTCCTCT-D2_Stim,-0.06566797160839499,-0.013504226362943683,-0.2755418504722318,-0.10134329735612368,-0.15085576844201043,-0.054971605311909144,-1.2702678676902401,-0.1165780814821975
ACATCAGGTTACGACT-D2_Stim,-0.010029318899929862,0.0017290890701069372,-0.00044021683446793247,0.11893399028155471,-0.05914172437605636,0.127720160768801,0.5201333330561724,0.08522376397473153
ACATGGTAGTACGCCC-D2_Stim,-0.040733426276919005,0.04137942850054799,-0.18161947401599754,-0.024367759453463478,-0.17418912312349555,-0.058270279084753795,-0.6581676491901156,-0.04003613775894799
ACCAGTAAGAGGTAGA-D2_Stim,-0.042252269113738805,-0.004959323263893367,-0.022700840808514755,0.017336023238001985,-0.02613532379475636,-0.02023361717937,-0.2682337822627634,0.009063030447515885
ACCAGTAAGCTCCTCT-D2_Stim,0.08350210881710396,-0.01617096357050407,0.14646323256685534,0.0846935445736765,0.08375367168851433,0.18731951483683673,0.11269216769333479,0.06152449231026935
ACCAGTAAGTGCCAGA-D2_Stim,0.042735979168698535,-0.014066358421658265,-0.055108929190261335,0.15254057945820776,-0.02364548109649789,0.23106292060487377,0.30204844414748777,0.10383381864460262
ACCAGTAGTTCACCTC-D2_Stim,-0.07264516537870236,0.006199430134477879,0.17463490904194323,0.036901798083558646,0.009781286248548682,-0.08143579597190076,0.15816383715248072,0.008371563116691405
ACCAGTATCTGTGCAA-D2_Stim,-0.0034649408359594958,0.024543639977260057,0.11315107865566532,0.08272098525804239,-0.18377290235687838,-0.009172053043606354,-0.1278258771063534,0.048383080864145
ACCCACTAGATATGGT-D2_Stim,0.043654914385474086,0.03469267004130394,0.057184022483605546,0.1166801919600644,-0.09651336670561506,0.12825058018632873,0.16072374550426094,0.08224641717335857
ACCCACTCACCCAGTG-D2_Stim,0.04814990007713327,0.057326728525028514,-0.5822285413237314,-0.08638480946021687,-0.2288446759649414,-0.03042284309290899,-0.49535235398678523,-0.05056102362348014
ACCCACTCAGGACGTA-D2_Stim,0.09063653318295017,-0.016682997917913056,-0.04553226611247396,0.09442539238239078,-0.027884330371481525,0.10892849289233908,0.2101104553509181,0.0667029333000908
ACCCACTGTGACGCCT-D2_Stim,0.05323090035055955,-0.032621767769088095,-0.0345039490193777,0.12508096786403655,-0.05556809508199656,0.17670130483558388,0.30901777757334337,0.08231997232985755
ACCCACTTCTCGTTTA-D2_Stim,0.09725631498723075,0.016461522533750994,0.15329893649802884,0.0629864175397632,-0.022950554084534502,0.07856007427232115,0.2048839473658166,0.06430267983649962
ACCGTAAGTCTAGGTT-D2_Stim,0.026020907330781995,-0.013991523683506202,0.09126775033005607,0.027116304515185874,-0.004733171857894902,-0.011429474018935792,-0.04191073806292245,0.01602634865439967
ACCGTAATCAACCAAC-D2_Stim,0.0994622083847343,0.04117693740623274,0.19470278950475262,0.08237977339582514,0.04786032021493014,0.047994436507142524,0.06839025763737894,0.05393736270947791
ACCTTTAGTACAAGTA-D2_Stim,0.03720130558386536,0.04775952557919361,-0.057384899960629454,-0.0029399558011569127,-0.04723041112459647,0.0014565395479557708,-0.5626606750959802,-0.025768400705278083
ACCTTTAGTCACCCAG-D2_Stim,-0.013404133535692253,0.025260157498827596,-0.0690890323377662,-0.030029899429726115,-0.22773159518606612,0.04465260946765426,-0.19555169023163543,0.014941070705900117
ACCTTTATCTCTGTCG-D2_Stim,-0.05549503193588734,-0.05734724841005345,-0.13004040291261632,0.01098718050279146,-0.3267676340354022,-0.02285737774208485,-0.2709677104793702,-0.03717493310840325
ACGAGGAAGACTGTAA-D2_Stim,-0.038207885342110615,-0.04907525517351985,-0.11780588951053961,-0.032616669161820155,-0.13889694250643636,-0.004985986444648205,-0.07506867289463237,-0.028519148801056105
ACGAGGAAGATCCCGC-D2_Stim,0.020897152748394987,0.012045766597216456,0.036363651280586495,0.06078459720355944,-0.05918844050419203,0.15289585832418595,0.1835901706505867,0.06096591718808675
ACGAGGAAGCGGCTTC-D2_Stim,-0.16502445296331558,0.0023442693587423236,-0.030301789928054212,-0.2739005120770521,-0.18344482903390613,-0.24035214762447588,-1.279953735786087,-0.12808480406918044
ACGAGGAAGCTTATCG-D2_Stim,-0.0850019116107461,-0.021792943417857202,-0.08680085669739945,-0.04783376880027035,-0.2800570993563376,-0.1339147571481636,-0.34294177244487045,-0.04915166742660659
ACGAGGACATCGGAAG-D2_Stim,-0.006545259533433878,0.006674650995686093,0.27532624013236706,-0.2868232307046288,0.043882782833728484,-0.029167065660328007,-0.7521271181718028,-0.12248707884918986
ACGAGGAGTGCACTTA-D2_Stim,-0.06430740490627329,0.0339173668804964,0.15031730133204846,0.06450286733591426,-0.16026717512638733,-0.030506768403650852,-0.07127391852257503,0.055564306323566015
ACGATACAGAGATGAG-D2_Stim,0.010707331463855496,-0.051953435123563096,-0.1682663670980542,0.10771224698996207,-0.035961061293257046,0.32136687937368613,0.2569624077522823,0.09224970061502091
ACGATACGTGCAGGTA-D2_Stim,-0.04262925902798109,-0.03539040853767972,-0.06850299029475337,0.018995791488306324,-0.08740828576245718,0.07064866405765358,0.07472881330625292,0.022422464069004278
ACGATACGTGTGACCC-D2_Stim,0.07388521102400958,0.013251664745160596,0.11560171145195319,0.20350240308702183,0.13581281823219982,0.3096781753272584,0.18392461579691588,0.11225698275116613
ACGATGTTCATTCACT-D2_Stim,0.04596739514824577,-0.010327650563185742,0.004026311051070763,0.06529055254643445,-0.03946582921350128,0.10277582899692383,0.09808055920054848,0.07819656125032814
ACGCAGCAGAGTCTGG-D2_Stim,-0.014354853880453433,0.03997834173121184,-0.17072783752700715,0.04592308319138283,-0.1419422361273952,0.07948736361881004,-0.5286051789607207,0.01316042516060989
ACGCAGCAGCTAGCCC-D2_Stim,0.059466529082586206,0.012465253555467015,0.16041308796080145,0.07690893685498956,-0.039911240628871525,0.10348335827476518,0.19898336425865182,0.08593170054137644
ACGCAGCCAATTCCTT-D2_Stim,0.06613361381381111,-0.00022907056538379322,0.09401532247157718,0.12991102638149066,-0.16846326756220797,0.09663876573867292,0.2192166209829205,0.07384280660383524
ACGCAGCTCGAGAACG-D2_Stim,-7.591811030849271e-05,-0.031607012020700154,-0.07333126887383301,0.0522444826511439,-0.08495434909811372,0.10958394067589872,0.05565777840954045,0.027383263358663257
ACGCCAGAGTCGTACT-D2_Stim,0.0692443548324384,0.016109183341184163,0.2920800921714761,0.044631109590241635,0.0052132293503568405,0.0940217075747114,-0.050306902837776946,0.07516547809956187
ACGCCAGTCCTTTCGG-D2_Stim,-0.05942717811364062,-0.08156103990169328,-0.20357985706154302,0.06238659863020679,-0.08410342959685302,0.2817262153910054,0.19339543770976775,0.057412986662038534
ACGCCGAAGGCGATAC-D2_Stim,-0.046409461681049535,0.00481072191771581,0.16231462767534754,-0.24040483233360987,0.014778140955943542,-0.07770777775963111,-1.3639358806341058,-0.10748625125564004
ACGCCGAAGTCGCCGT-D2_Stim,0.03636047533603204,-0.01753583660900304,-0.031116304718533883,0.14562498839934612,-0.04208805338227961,0.15424009501031932,0.28313624405981574,0.09006433571363104
ACGCCGAAGTGTACTC-D2_Stim,0.013063450058448112,0.01155350300264324,-0.09336818049656337,0.1400030417760334,-0.011327131110554944,0.20572356165295602,0.2662449213282585,0.14690745598721833
ACGCCGAGTCCAGTGC-D2_Stim,-0.058437989658603584,0.018840229754589544,-0.07863431394761555,0.13596178295328443,-0.07557845271616692,0.13084581727703615,0.27596277676284586,0.1259923043909481
ACGCCGATCGGTGTTA-D2_Stim,-0.1075967212872797,0.002014520237384687,0.14627448964553835,-0.36684543025364214,-0.04088564402320749,-0.1893927803914348,-1.7390837730742579,-0.22840654889519207
ACGCCGATCTTAGCCC-D2_Stim,0.030392185715498954,-0.001148919184844388,-0.04031751060020383,0.14491967240171988,-0.21761726242930735,0.185877771078232,0.24069706126052104,0.1070209026797535
ACGGAGAAGATGGCGT-D2_Stim,0.10711583604050645,0.04591117668160294,0.09728381977386569,0.13679879908734627,-0.3002985423832438,0.13935066746264368,0.06633757723041711,0.08900427031573344
ACGGAGATCTGGAGCC-D2_Stim,0.024640109907734242,0.01504143368715205,0.07135392208092206,-0.05250209273936335,-0.3031048467581563,0.008346380827431332,-0.6843992434103967,-0.016124613898924167
ACGGCCACAACACCCG-D2_Stim,0.036315173310688564,-0.001849824177730497,0.06005481265702706,0.014900043932088991,-0.01676383768148071,0.05077651437884967,0.03950408072847367,0.061675881359033013
ACGGCCACACGCGAAA-D2_Stim,-0.020713291455065175,-0.00011212487239298241,0.06654359741630422,0.012828879450676567,-0.013988924100662103,-0.032562571518671035,0.018873976577610918,0.02909297775093833
ACGGCCACATGGATGG-D2_Stim,0.053239837942969714,0.039037680254738305,0.22430016727011548,0.08421489550470262,-0.1634971584361562,0.014351444406644376,-0.09388246349712759,0.05577684436657293
ACGGCCAGTGATAAGT-D2_Stim,0.02282549109425247,-0.05229383498951634,-0.12140269868589826,0.1247928569636656,-0.042228119708004996,0.20388028977649242,0.2763317902244893,0.08320848054864705
ACGGCCAGTGCTAGCC-D2_Stim,-0.0001656279016319928,-0.043882341207874376,-0.04633480926419686,0.05587283303553647,-0.032381282059070315,0.19454220257898847,0.06973683873277015,0.08667881957998524
ACGGCCATCGACGGAA-D2_Stim,0.058650896569430344,0.02292043962483703,0.05930038005792504,0.07194008146059083,-0.01779666933078694,0.14136334306640208,0.043347176919509955,0.10226883496052253
ACGGGTCTCGGAATCT-D2_Stim,0.040548246442831726,0.024742474992395458,0.10024540734205445,0.09833865712672463,-0.09185776352372166,0.13297158448561852,0.0738886288456948,0.10559135096718819
ACGTCAAAGTCGCCGT-D2_Stim,-0.04816222002979664,-0.008317356371925655,-0.09052930947265558,-0.005999096403366266,-0.3020804987333534,0.017881288709171272,-0.3859677057975137,0.007860152230056983
ACTATCTCAAGCGTAG-D2_Stim,-0.05850444821408196,0.04776102842072305,-0.08560872272834796,-0.1615316698543161,-0.18303241739738318,-0.12334132624389404,-0.8567770622234949,-0.09770266127186034
ACTATCTGTAGAAGGA-D2_Stim,0.027139382015933577,-0.02059693607892399,0.032174816140186024,0.022586966220885074,-0.10554570518512918,0.03861945269399847,0.023009439739460902,0.02092933438468414
ACTATCTGTGACCAAG-D2_Stim,0.057412949108266886,-0.024122521658275886,0.15944716933251968,0.03494079066809164,-0.03288299733748801,0.10321866354050258,0.06549260903561116,0.056468826240969605
ACTGAACAGGACAGAA-D2_Stim,0.03849751320863248,0.012028612103454961,0.018377936772980163,0.02031036495991856,-0.24875743845969112,0.08762117359462884,-0.10605181295233201,0.023095910751280258
ACTGAACAGTGAAGTT-D2_Stim,0.10562571803985499,0.07825742774867983,0.16691788966284982,0.07953754157543358,-0.1370134167494843,0.030531557710915536,0.2394579023825374,0.0704747291502752
ACTGAACTCGGTTAAC-D2_Stim,0.04230312989782625,-0.028780010991539484,-0.0917596690886775,0.15385523084651886,-0.06329604392614918,0.24693920773421674,0.2598567906266984,0.11699090734118833
ACTGAACTCTATCCCG-D2_Stim,0.05058087656926169,-0.014733874352142351,0.10171594556040908,0.1459452216560404,0.0671580132227394,0.2147516470194475,0.28965702191173914,0.08162928693927896
ACTGAGTCAACGCACC-D2_Stim,0.0957147302869803,0.006320456187218326,-0.058190866886587145,0.04686108344810691,-0.36572686428753265,0.06489470004978948,-0.6426620047542109,-0.0007835112992449211
ACTGAGTCACGAAATA-D2_Stim,0.005093256301030635,-0.044925153182754585,-0.25442446529475404,0.15848800346033087,-0.11260915622819567,0.2619743806477981,0.2777765597160089,0.08199278712351799
ACTGAGTCATCGATGT-D2_Stim,-0.031464801350594485,-0.02118352365796916,-0.0941640956701475,0.1520052510233878,-0.054047356495678045,0.18661837474145493,0.40717948238590473,0.10920146709232803
ACTGAGTTCAGAGGTG-D2_Stim,-0.06352619444621865,-0.00952439316044007,-0.09302153177256933,-0.05897290832759694,-0.12150536811848234,-0.01855527961443748,-0.5433776112907616,-0.02346568908121327
ACTGAGTTCTATCCCG-D2_Stim,0.012747234383514439,-0.03609908960739183,-0.1159714310999238,0.13609450890821506,0.023589286810896226,0.22370610014857562,0.2622940209243847,0.08909057488167882
ACTGATGAGCCTATGT-D2_Stim,0.05551329739832234,0.021706495369311796,0.1544997703539739,0.04924196499051092,-0.22381509186928028,0.01751649704758762,-0.009236152255532204,0.058956082104073104
ACTGATGAGTACGCGA-D2_Stim,0.012108548027741861,-0.01861862235804601,0.028273748262232168,0.0097498248920882,-0.05113902704803053,-0.02458997390027129,-0.10432306605605035,-0.002676612259094213
ACTGATGAGTGACATA-D2_Stim,-0.08945593146667363,-0.01503782466030934,-0.20924245467560532,0.002987817986360497,-0.28023719821866777,0.0006113635940749873,-0.19981695582270476,0.02467541038159915
ACTGATGCACGAGGTA-D2_Stim,-0.033028355989602076,0.010969065159939007,-0.13118082647075546,0.1700841110294089,-0.03416438021956125,0.22246364604986368,0.2440316417232733,0.13379070778348634
ACTGATGCACGCATCG-D2_Stim,-0.045196446948914115,0.03805300354603425,-0.0933432788474109,-0.2240442988398943,-0.04457273614125867,-0.04969396227745548,-0.8291580193142707,-0.11753542280579765
ACTGATGCATCCAACA-D2_Stim,0.008467279682587758,0.05182457531553375,-0.020741570536982223,-0.23445485948453282,0.030568239678968823,-0.07535953824637076,-0.9241989087042839,-0.17044934233872056
ACTGCTCCATGTAAGA-D2_Stim,-0.07360200090148616,-0.029309591721544237,-0.04397662828413651,-0.0426866132832906,-0.18187612919206586,-0.11923000154136965,-0.23813222789915045,-0.04393806669569322
ACTGCTCGTGAGGGAG-D2_Stim,0.05655875647848596,0.056374472558278654,0.16327418899297363,0.11829086592829263,-0.14807055901873234,0.04176109402158623,0.17010374513382942,0.10073352644463895
ACTGCTCTCTAACTTC-D2_Stim,-0.06501470370042206,-0.0041565403289087755,0.11627251524699034,0.05918800222798204,-0.11912322479513193,0.23906454677780964,-0.004390087736841686,0.05911998308558353
ACTGTCCCAATGACCT-D2_Stim,-0.019324783837632253,0.0007939439850499497,-0.14894748362204613,-0.01773375143832645,-0.5264755972446284,-0.04105166015147965,-0.4797821654713541,-0.010482319398921192
ACTTACTAGCTGCAAG-D2_Stim,0.03664830587279866,0.015101372433310445,0.032352100219398494,0.11892596287246882,-0.11655611313122627,0.11336325765484112,0.21020226650244567,0.09277508853919159
ACTTACTCAGTACACT-D2_Stim,0.039619600382215125,0.003708176848366662,0.044910365133272734,0.11028524118123428,-0.0712899403640268,0.12061042942759848,0.171062201281015,0.07635364963048552
ACTTACTCATCGATTG-D2_Stim,0.05050555773919996,0.007149105220294771,0.1224558751784226,0.06648706240139646,-0.14322476953853247,0.0703087674865639,0.22101598853959636,0.08212951268956559
ACTTACTTCTCCTATA-D2_Stim,0.06659185454674343,-0.05995630418139797,-0.009973642377069325,0.24484172003423232,-0.04278603636612566,0.14862126419093968,0.8144505788545242,0.05837931370613525
ACTTTCAAGTCAATAG-D2_Stim,0.0812563539486284,0.042357073043305604,0.14201746252410707,0.17644574831462556,0.07558297107403966,0.24788969198378297,0.20009285352606554,0.07612318415424468
ACTTTCACAAGCGAGT-D2_Stim,-0.2271473068696892,0.07869590128203363,0.44387207483991276,-0.01002099118898947,0.006092674566971823,-0.19163340009702878,-0.1642027077509507,-0.006055522348574982
ACTTTCAGTGATAAGT-D2_Stim,0.07806280472734883,0.030988621665992255,0.10799434055634727,0.0455216498761839,0.006124506913392835,0.12372163182456752,0.09431683558077353,0.06682063171049535
ACTTTCAGTTCGAATC-D2_Stim,0.039697858611589254,0.010914328392615857,0.004130664573414933,0.12684097115343107,-0.05416814305644024,0.21095683339432725,0.15345844445318946,0.09591315465264749
ACTTTCAGTTGGGACA-D2_Stim,-0.007879518863161294,0.014607380232963152,-0.09135787017630292,-0.13508940503554,-0.37410731867342406,-0.22908234231824842,-1.302543329588394,-0.13156827475955346
AGAATAGAGAGGTACC-D2_Stim,0.07654374334837222,0.015316480805198651,0.02333539139491947,0.09124395525911844,0.0515082103949851,0.16150369673405862,0.11706795276501847,0.0735268700948346
AGAATAGGTACAGTTC-D2_Stim,0.006373784127250204,-0.022791765794750063,-0.09878755073367351,0.1127282955486919,-0.058886581855686515,0.2007051277242713,0.2661955405763665,0.08262446370914844
AGAATAGGTCTTGCGG-D2_Stim,-0.12508756832658463,-0.012770974574983995,-0.15248753682678107,-0.03282267841060538,-0.12652623909714045,-0.06125294499735823,-0.18022598722122218,-0.03140227054234224
AGAATAGTCACTATTC-D2_Stim,0.004377827036023518,-0.045027774945234356,-0.11202169523501837,0.0833488475813926,-0.02275179653401338,0.1923516590333545,0.13368293255309904,0.07082876007158667
AGACGTTAGCTTTGGT-D2_Stim,-0.006677996748264192,-0.04332916998538394,0.10136104105120225,-0.09898542365462859,-0.04913086544488543,-0.040262054284445625,-0.10662744078436681,-0.04594452055347453
AGACGTTCACAACGTT-D2_Stim,0.042972489964649085,-0.0012780789063580045,0.22304749846706784,0.11372196190579409,-0.09763726260593408,0.15061270634378765,0.2421746672746954,0.06747198932614573
AGAGCTTAGAACAACT-D2_Stim,-0.1036543446882181,0.011020884427486166,-0.4217828106182884,0.07802301586196769,-0.2782935076306856,0.09912639461130368,-0.11652883240176415,0.04239805913549333
AGAGCTTAGTACGTTC-D2_Stim,0.07047750176804257,0.010015137420278819,0.03139254490749899,0.10165733574766911,-0.05289778114584642,0.08494705702603866,0.0645112564173056,0.08809939628564933
AGAGCTTCAAGCTGGA-D2_Stim,0.012172196758882592,0.016778288066406688,0.12679894347391674,0.08189112772276985,-0.12405960196852561,0.037922506490053465,-0.03461473796157932,0.05302023888766705
AGAGCTTGTGACCAAG-D2_Stim,-0.1186066782303854,-0.008411493207621135,-0.18674343095910473,-0.11368217477063958,-0.14882164522544983,-0.09121219314667606,-0.5037720521530957,-0.05584416091736699
AGAGTGGCAGCATGAG-D2_Stim,0.008612550534419228,0.05438847901693755,-0.07859583289261973,-0.1418429973440265,-0.3151782622787138,-0.10574037707836759,-0.7330703258651265,-0.06287940575473172
AGAGTGGGTCCCTTGT-D2_Stim,0.013261874045012334,0.056427722352912824,-0.12354590254664455,0.02993523088638561,-0.23235667120661851,0.052909149798223254,-0.6554992610638397,0.03823115318941106
AGAGTGGTCATCGATG-D2_Stim,0.07552437460957506,0.059626078675929506,-0.035413905451178174,0.06857036750458256,-0.3867704260970424,0.05724179932658302,-0.7318071210413084,0.05468924732282687
AGAGTGGTCCTAGGGC-D2_Stim,0.04262425697285721,0.02780418883713942,0.12718929348657682,0.03448982265265599,-0.08680876418381622,-0.0015564067549860283,0.06546316992896006,0.05821155835545966
AGATCTGAGAGCAATT-D2_Stim,0.058620784260075,0.0018010618285781987,-0.04849814014429832,0.08540157210630284,-0.1139515666161337,0.11628974462164798,-0.021156485781539836,0.061377951013914966
AGATCTGAGTCAAGGC-D2_Stim,-0.012320961099524297,7.972550303669834e-05,0.04998710247229354,0.09645009527432258,-0.07379447983931797,0.11357204376757046,0.15831173354707406,0.09151173973107163
AGATTGCAGAGGGCTT-D2_Stim,0.08491107428882216,0.010723371918869518,-0.1533991144747553,0.09100777174508679,-0.1785973541150625,0.20786559887028666,0.23575806670584054,0.0829360337473588
AGATTGCGTACATCCA-D2_Stim,0.04630012530387084,0.04968985121648117,0.10694960371742823,0.10361682086838542,-0.2388762007573142,0.07397834923824398,0.09335193136333331,0.09549897076337643
AGCAGCCGTCTCTTAT-D2_Stim,0.07726642673214279,-0.050832027845684635,-0.06021230167265301,0.144698354125957,-0.04707894277590263,0.2545624218985054,0.23259426551282925,0.06498855334873177
AGCATACAGACAATAC-D2_Stim,-0.05010577976219466,0.003342312519571067,-0.2511819254190941,-0.04800051614254208,-0.18465093740885585,-0.04435826204575477,-0.36996706938177937,-0.03222890645653109
AGCCTAAAGAAGAAGC-D2_Stim,0.04543020673868625,0.0735951044623544,0.17681792256545492,0.10582644837800359,-0.1361600684048767,0.11641201473831586,0.2383051895066366,0.10148600277377362
AGCCTAAGTACTTAGC-D2_Stim,0.03072334005309152,0.025746174794237575,0.22043605776974928,0.049660456236402695,0.0057021778255244016,0.12224354440491325,-0.012620216204923373,0.06872712071193554
AGCGGTCAGTTGAGTA-D2_Stim,-0.11288089849524674,-0.019378836879635486,0.10595735388920957,-0.15678551642362493,0.08093631664545242,-0.08287848139637433,-0.2214306135202495,-0.08118906993476926
AGCGGTCGTCGTCTTC-D2_Stim,-0.029447851464393437,-0.10839170124194908,-0.3560206765493721,0.14309264706067637,0.24364503651652214,0.17030656038582492,0.22387186532895154,0.04900022258378556
AGCGGTCTCCTTTACA-D2_Stim,-0.004469809115342116,0.0358919907238473,0.15714495381564575,-0.0921733778999343,-0.023606885159228597,0.004679583815700994,-0.5281569738387226,-0.04883667064997077
AGCGTATTCGACGGAA-D2_Stim,0.010738166295190865,0.034034212009444786,0.0985420795147185,-0.08931567913030669,-0.34037770353486607,-0.07964569471451277,-1.2712179317412513,-0.055295868506433976
AGCGTATTCGGTGTTA-D2_Stim,0.04510804366941201,0.015625103213062985,0.12253583916066724,0.0877331297847821,-0.08285996320353206,0.07372494167890409,0.1448401356816289,0.03997886848398835
AGCGTCGCAGCAGTTT-D2_Stim,0.09187660057184743,0.06649833262826377,0.10204210214362952,0.02793545968392941,-0.24313496601529927,-0.03125546707275362,-0.28008438401651503,0.05705120070645542
AGCGTCGGTCTTTCAT-D2_Stim,-0.10362824893062772,-0.017934986346430648,-0.21253104700101932,-0.06382765489818176,-0.26707718787033663,-0.059990132661127404,-0.611272640991265,-0.06506526243223476
AGCTCCTTCATGCTCC-D2_Stim,0.08511897654306466,0.002974295785518777,0.13707095110234313,0.0891349215609214,-0.006667117180986892,0.07204495597211036,0.07684796187528775,0.07990077983368771
AGCTCTCAGAGACTTA-D2_Stim,0.05846731333905453,0.01927405284653183,0.06800181249107062,0.08084763984911625,0.02388885811549102,0.17554884608072108,0.06510269046535377,0.08853761912231839
AGCTCTCCATGAGCGA-D2_Stim,0.013072578593263273,0.09611572159586501,-0.12743617781856553,0.023060944988662513,-0.4572419289142591,-0.014734842821802374,-0.5413510100016836,0.037632210302634306
AGCTCTCGTACCGGCT-D2_Stim,-0.036499420583156805,0.020390426626253344,0.1840493661622613,0.010051970207779704,-0.1647365219760406,-0.1246822822295428,0.03562972585962054,-0.02236695535227362
AGCTCTCGTGAAAGAG-D2_Stim,0.04115038855500153,0.029196346388483008,0.1736246249898734,0.13858292006843342,0.011552038623827698,0.1398273871316622,0.4956177249226936,0.0540944550455702
AGCTCTCTCCTCCTAG-D2_Stim,0.061977616345593844,-0.04519632167861509,-0.13361050273532804,0.181813189907297,-0.03201281461677752,0.3859940611341681,0.3719868146337264,0.09904670827332573
AGCTTGACAACGCACC-D2_Stim,0.0019685060760075146,0.0010773238336554414,0.09390413861380154,0.017906646161767625,-0.024101163047728136,0.02724160815156118,0.10428293569852265,0.03345217679401813
AGGCCACAGTTAACGA-D2_Stim,-0.008528682075381155,-0.04479585331354308,-0.11644308919375135,0.10402914856645751,-0.18207764572473373,0.18927926302063014,0.06030330993005606,0.06604174934847329
AGGCCACCACGTGAGA-D2_Stim,0.14665357748104313,-0.002766991138610564,-0.1947440088248662,0.13222787872835262,0.021044223138398266,0.16235062531814748,0.23598696077062975,0.09541508511707875
AGGCCACTCCCTGACT-D2_Stim,0.0940196915425453,0.08253512408427355,-0.10225824661885508,0.01895151926023786,-0.29881504283382476,0.146006978098832,-1.0021731157253289,0.014492681778472516
AGGGAGTAGCCAGAAC-D2_Stim,-0.08432901680472327,-0.058041269445858745,-0.23202374971776596,-0.0654822719386896,-0.3009589141643758,-0.09815183414074546,-0.4363338640288408,-0.015251330858518486
AGGGAGTAGGTACTCT-D2_Stim,0.05405675743290317,0.008015587430183047,0.06298231431607171,0.15114723789054985,-0.2603722373388955,0.15318521640701732,0.30141180470396645,0.10182906486656051
AGGGAGTGTTAGTGGG-D2_Stim,0.027459225358143158,-0.02754747582060979,0.07907154401830851,0.042687801937447034,-0.25915129390526204,0.07851073475214676,0.0005790211291696323,0.03096424615160487
AGGGATGCATGGTCAT-D2_Stim,0.1010830359589594,-0.006799143291832621,0.04147934760951877,0.10561316632686335,-0.07333143932894082,0.10277611686437815,0.11152018450542744,0.07697821184020626
AGGGATGGTACTCGCG-D2_Stim,0.0956697606159782,0.011412577020585957,0.1202421159973337,0.17945007557634618,0.1134195888454137,0.280652367892511,0.11184245698975293,0.11829233472644773
AGGGATGGTCACTTCC-D2_Stim,-0.07070218971167641,-0.0037840099743569056,-0.11343913647336823,-0.07915767610490221,-0.061827962337122955,-0.08487218936094365,-0.6026705953015785,-0.05271547112201347
AGGGTGACAGTAGAGC-D2_Stim,0.09706928162448314,0.03240618497540737,0.1364482131104534,0.135595691449641,-0.08459437998948971,0.16858416489982453,0.30135184376864554,0.10550986586745204
AGGTCATAGTCGAGTG-D2_Stim,-0.019049710209799287,-0.049040121411648485,-0.12528626492685468,0.04483252124418513,-0.017821107444955686,0.10613445921545761,0.25373879011634504,0.04171387995629061
AGGTCATGTCCGAACC-D2_Stim,-0.014773759866759661,-0.024202999699314276,0.045870652843504445,0.0620473738876246,-0.07620064480206246,0.08269221529496917,0.08890966387708854,0.07980173849110095
AGGTCATTCCGATATG-D2_Stim,-0.11327204164047089,0.012538295571561164,-0.2291114336164588,-0.055406994843373525,-0.4215940572220447,-0.1392254199287013,-0.5669733503034706,-0.01696159249004836
AGGTCCGTCCGCAAGC-D2_Stim,-0.006585771575249311,-0.02842512964801891,-0.04826575459896176,0.1615635771715045,-0.13129132314348446,0.19458844053285773,0.3421401885017321,0.11506632018681628
AGGTCCGTCTTCTGGC-D2_Stim,0.04726500606254014,0.04731775756598822,-0.2223416555645228,-0.08072201106063304,-0.12250456071355664,0.03309189740172336,-0.37731109893307746,-0.024427925262374472
AGTAGTCTCCAAACAC-D2_Stim,-0.132790095270229,-0.009266987373944602,0.01969024650328155,-0.05000046173009132,-0.08993354788671049,-0.02191504783586673,-0.24380504206275155,-0.041955330274582536
AGTAGTCTCGGTTAAC-D2_Stim,0.0406083838087401,-0.0007735217649234016,0.028437227910014684,0.14633627339041588,-0.06260570426516665,0.11338972232394617,0.06219582115934674,0.10424206370017508
AGTCTTTCAGTGAGTG-D2_Stim,0.002577004431110197,-0.011937138136849157,0.12958423513926043,0.05648304276731153,-0.05735295555025566,0.11551924975643324,0.1829832528782971,0.07242670409619656
AGTCTTTGTGAGGCTA-D2_Stim,-0.01392923531848922,0.06814706978086527,0.1341141565363344,0.04318505068027001,-0.09400165634537139,-0.0009432650475424964,-0.10549794472618679,0.03760358861278945
AGTGAGGAGCAAATCA-D2_Stim,-0.0297954859270817,0.023851564841482542,-0.03312834742197879,-0.04409836483828933,-0.034703143337129205,-0.03572709131256069,-0.48877528998272624,-0.029576474062302793
AGTGAGGAGTACCGGA-D2_Stim,0.08348540221808243,0.004826217915463005,0.1402473870161156,0.06614882316248583,0.06091600015792409,0.06806347201570873,0.10048863499857497,0.07248198662159666
AGTGAGGGTCGGCTCA-D2_Stim,-0.028991083301059817,-0.04676575330719146,-0.1633440460815665,-0.04222977410244866,-0.15629073845944497,0.08473577261713139,-0.5897656436060181,0.007557177748314103
AGTGAGGGTCTTGCGG-D2_Stim,-0.05583833805537175,-0.09438353763702523,-0.4452044620962212,0.1044988626761505,-0.09054660789527347,0.10549031526305797,0.314868430911992,0.007152319055016676
AGTGGGACAAAGTGCG-D2_Stim,-0.04830768591030399,0.0349212230662328,-0.1784348562137712,-0.00263949947576414,-0.11921101325888372,0.04857498409744565,-0.6589909470693964,0.005316068114598949
AGTGGGACAAGTAATG-D2_Stim,0.004051612017097028,0.038589725599960545,-0.08541933602599272,-0.02633288337040618,-0.15726508220810764,0.08388274572581622,-0.7250634393558641,-0.01086080999141359
AGTGTCAAGGAGCGAG-D2_Stim,0.06577521043253753,-0.02102943921788203,-0.15595063573274892,0.11509740452479278,-0.14749536911617334,0.11968470180058866,0.15765953645846942,0.07608916344853789
AGTGTCATCATCGGAT-D2_Stim,0.059511564234417946,0.06582417645148553,0.21407475549545651,0.049079689862495,-0.26899451191656887,0.028582961784955785,0.005127426525133316,0.04851280482492193
AGTTGGTAGAGCCTAG-D2_Stim,0.057950841744363046,0.059546633060687526,-0.018014473243694873,0.02395703152497397,-0.22044030443039908,0.04044628203886269,-0.325843783561341,0.027901662519044024
AGTTGGTCAAACAACA-D2_Stim,0.01356053747316821,0.03752276678049249,-0.11385435010353984,0.14989120317366478,-0.041554277732421596,0.20521809108276656,0.12486618643269765,0.11095136561779562
AGTTGGTCACTTCGAA-D2_Stim,0.1123102872488726,0.005204323570644931,0.03838321118077204,-0.042130189503422955,-0.3222583815672788,0.004571960270602915,-0.6808985874256788,0.024252426227773682
AGTTGGTGTGTAACGG-D2_Stim,-0.033252413209597265,-0.0026622535262124103,0.16241563381035995,0.09449039371327039,0.0038154144329087814,0.060279323967284526,0.3043820730496414,0.07453869701758542
ATAACGCTCATTGCGA-D2_Stim,0.02777482469838688,-0.035852825108110054,-0.11983626649048951,0.11032930237356808,-0.18913995169833697,0.09255456740578794,0.21737074161167502,0.061915249550125395
ATAACGCTCCCTAACC-D2_Stim,0.05430023027201081,0.053897299295325496,-0.02163660129219025,-0.08651663659980358,-0.00365248511366012,-0.018275411533991814,-0.5312280145368931,-0.06766851644552574
ATAACGCTCCTAAGTG-D2_Stim,0.04021007296888257,0.030427940690300304,0.04412670895402826,0.10471077352690372,-0.06962953685705031,0.15330813628779083,0.27092320161817707,0.10230469783968665
ATAAGAGTCAGGCCCA-D2_Stim,-0.04166186606547839,0.01757409401507637,0.06124599025727484,0.017656357117715515,-0.05608825425585273,0.157093558052523,-0.009865175105508328,0.06380235657202782
ATAAGAGTCCTGTACC-D2_Stim,-0.06939607780969226,0.055957481128343645,-0.08481936254997624,-0.07038525760268932,0.006241787578888491,0.08469053577462837,-0.6561197933838585,-0.04694255451297202
ATAAGAGTCTATCGCC-D2_Stim,0.08778619702591861,0.04445468283288001,0.0683264772262806,0.11371714694946711,-0.34436598555848086,0.04972335473457612,-0.12827229073840307,0.09306565205872985
ATAGACCAGACCTAGG-D2_Stim,0.13272455745103606,0.08942836218929351,0.15978010916620278,0.12479877885668422,-0.21784278380088473,0.0390984527303857,0.0546241218224397,0.10176653376105094
ATAGACCCAGTTTACG-D2_Stim,-0.029216817397179184,-0.021566747305648448,0.06706529874408851,0.01991224005169734,-0.09913159422593587,0.11549472809334382,0.09156070439889419,0.06386948876868814
ATAGACCCATATGCTG-D2_Stim,0.07704868825872246,-0.015797521874521436,-0.07581431933859584,0.09745049136895112,-0.058094919179565,0.22391743509782813,-0.0684290512923944,0.044312529149697966
ATAGACCCATCAGTAC-D2_Stim,0.033073779677652126,-0.011073384816672416,-0.0023242970903591953,0.12206387461842994,0.02485930618550647,0.16934931060051106,0.16678973921328044,0.09621604982485366
ATCACGAAGTAGTGCG-D2_Stim,0.06602699343809881,0.02187754569925282,0.026286737055132292,0.1888261196194776,-0.1791999132201596,0.2069836312317701,0.1911542294611568,0.11560145671329103
ATCACGAAGTTTGCGT-D2_Stim,0.06243601249993347,-0.02775633679202727,0.002597215935246311,0.12439930134357802,-0.030883998123195866,0.2641403112446792,0.22352049767305981,0.10783217756852892
ATCACGACATCGGGTC-D2_Stim,-0.0034621136372656736,0.023974581092790714,0.060708069848107726,-0.1065371311882739,0.021847580213739448,-0.0634623259521625,-0.5334907627979177,-0.09182875772336985
ATCATCTCAAGCGCTC-D2_Stim,0.06554046251420154,0.05009696233596905,0.12356270774884415,0.10515930459054879,-0.023475613327295974,0.12278746704388865,0.2021645945745476,0.0852835861786474
ATCATGGAGGAATTAC-D2_Stim,-0.15287803886607243,-0.021661443310813766,-0.33735490596752804,0.14339023165091902,-0.17000672599103694,0.3638490590911445,0.18614090353447477,0.06617234332151689
ATCATGGAGTGCCAGA-D2_Stim,0.004529034852883029,-0.0621896048904631,-0.10794178050963055,0.1369368317997406,-0.06100987603407404,0.21550082062332443,0.16841992638275993,0.07674876493769034
ATCATGGCATGCAACT-D2_Stim,0.006095101994667118,0.06185145496246314,-0.06439796444477341,-0.004544011860376784,-0.12838165113379674,0.05702804156447705,-0.537758141482799,0.01008850662625349
ATCATGGGTAGCGATG-D2_Stim,0.04936838584374392,-0.009697803557914497,-0.006884476284904295,0.07902381684832527,0.0010484526406742134,0.188582767015534,0.08517378696112754,0.061895935142242564
ATCATGGGTTGAACTC-D2_Stim,-0.08471707852666199,0.031812419650075086,-0.16924976935276703,-0.16502078230487527,-0.3945365196628803,-0.18804951832378158,-1.3426210053515142,-0.1477127820657369
ATCCACCAGAGTGAGA-D2_Stim,0.01711594285709417,0.024988250073942453,0.022698516973303384,0.16602515207252466,-0.11087113421232964,0.21411114152676092,0.17274094596762612,0.13130459575462972
ATCCACCGTAGGCTGA-D2_Stim,0.12903259602706285,0.06196165808926679,0.18775374889824192,0.16356487701393974,-0.07892731409060083,0.07147519295098093,-0.02751512318466709,0.11319485996647316
ATCCACCTCGGCATCG-D2_Stim,0.057625091338149304,-0.027034157303301498,0.024500499170427403,0.09152585744176456,-0.015577076590213679,0.14539697358660142,0.1923368262669909,0.09206256697061654
ATCCGAACAAGCTGGA-D2_Stim,0.019847543069820617,-0.030542737972178102,-0.031208627630990193,0.011074549646759024,-0.06172281251706657,0.012264126272421905,-0.010377402194936991,0.011970972337945085
ATCGAGTCAACGCACC-D2_Stim,-0.013379595119785037,0.010026002707490989,-0.04665819919283809,-0.17599822092076778,0.025740619046002777,-0.09610180720314432,-0.3670366553376354,-0.0896693695115367
ATCGAGTCAGTATGCT-D2_Stim,-0.0025037384836039678,0.03353883851046646,0.14692998218426112,0.08465956287824739,-0.13582697728408277,-0.007591204428589293,0.13815560168207952,-0.0059782884032912875
ATCTACTCAGATCCAT-D2_Stim,-0.022489910451406914,0.02282931110852182,-0.30895235292621326,-0.061374784255146864,-0.1904936502758936,-0.003846145468925144,-0.3246179762137942,-0.017796360641971987
ATCTGCCTCAACGGGA-D2_Stim,0.008151797732235622,-0.002433568509150774,-0.0257816254327512,0.10195777903661707,-0.12636630057081355,0.11772756133695239,0.15114227072828879,0.07560320272644994
ATGAGGGTCATCGCTC-D2_Stim,0.0431964700255385,0.06569972391401357,-0.018886260805309973,-0.07567057712856418,-0.2488493946026118,-0.14739304045221324,-0.9017224414796612,-0.07184283430233229
ATGCGATCAACCGCCA-D2_Stim,0.012596652652659301,-0.035993990617422256,-0.04896783633000723,0.057754018658043194,-0.023857957502258387,0.1558355860239775,0.154704404425706,0.05757567163989563
ATGCGATCAAGGTGTG-D2_Stim,-0.008206301873304511,-0.029778018875951773,0.017030105420559494,0.0210193134214105,-0.13606019825123816,0.05395653037395398,-0.011021894502085239,0.025743203820594474
ATGCGATCAGACAAAT-D2_Stim,0.044310566095203896,0.011170170584925643,0.028347025236326928,0.023597937892258614,-0.24853641330889964,0.1010508217709134,-0.429368155583024,0.04168331804442538
ATGGGAGCATCCGGGT-D2_Stim,0.054052582610401245,0.07544571559253832,-0.08288243853276178,0.06848100614712571,-0.4000899358212564,0.06128471778024114,-0.5800670240218455,0.053027752436994646
ATGTGTGCAACGCACC-D2_Stim,0.12238695583569914,-0.0871313060986516,-0.11653381011302066,0.12507416981684294,0.019770980110436653,0.3563170511836038,0.19981434990977398,0.07207876954180037
ATTACTCCAGGAATCG-D2_Stim,0.00251545797958741,0.017508010914324856,-0.1765138284310952,-0.04841464620074554,-0.28484092774214353,0.010404375695195256,-0.8890889299499332,-0.04590069932962315
ATTACTCCATGTAGTC-D2_Stim,0.013647892569343512,0.02725160133576665,0.1371026086326239,0.05856856371982744,-0.07758829360670383,0.14688446946440337,0.0036324074697429154,0.08472072231428207
ATTATCCCAATTCCTT-D2_Stim,0.0041665247926623294,-0.036931120924899474,-0.05337016252090798,0.07943591292178809,0.007492034628537425,0.10063465929564863,0.09386753175008788,0.058883340894317016
ATTCTACCAAGTTAAG-D2_Stim,0.014309245234318979,0.03661065480161518,-0.097603481113679,-0.04737153290577467,-0.029958219859814506,0.030112489149212607,-0.3467218891750363,-0.025516520198335613
ATTGGACAGGTGCACA-D2_Stim,0.07347402537224923,0.02992703318784251,0.07894865784925997,0.10506246373412687,-0.288789015557807,0.05816764880738745,0.0522784507505607,0.07405840920641005
ATTGGTGGTACTCGCG-D2_Stim,0.003820356243464218,0.031826272722332405,-0.131466111914035,-0.12192373851205573,-0.04593992902986521,-0.017080373408425942,-0.5280628305396924,-0.051167999908539485
ATTGGTGGTGGCAAAC-D2_Stim,0.016459849621673683,0.0012262731120795678,0.5712515851555562,0.00274336610949355,0.2862513517052374,-0.029735079486860272,0.06662736203274111,0.02294759546965075
ATTTCTGTCCGAACGC-D2_Stim,0.045310259124347496,0.006455973632535361,0.05032800592537967,0.10006723705364529,-0.24376560334274622,0.09187095458171157,0.13741190911245837,0.08608295059140936
CAACCAAAGGTGCTTT-D2_Stim,-0.08560853939661861,-0.00547144311727088,-0.11016230795322368,0.08338271303946954,-0.10895676390587461,0.0971460695504689,0.24342024420181918,0.08346145716424047
CAACCAACATGGTCAT-D2_Stim,0.09132564989904424,0.06001859245373353,0.031134799554831005,0.0031980809276390687,-0.27828477489971704,0.07398149630087048,-0.9572603866998701,0.019180722614704493
CAACCAAGTGATGTCT-D2_Stim,0.021465047698200124,0.04050292084833984,0.016747150615156414,0.1641520415301514,-0.08037407883278647,0.16649972956279946,0.0964998444650158,0.11064399567499983
CAACCAAGTGTGCCTG-D2_Stim,0.11670740112029598,0.06605978259631584,0.17494534595285316,0.0755732364103654,-0.17235996942334886,0.05071624881734138,0.17752840000455716,0.06809314729150273
CAACCAATCCACGTTC-D2_Stim,0.1313661471427885,-0.016845473009567513,0.03612737113371445,0.10571989001190296,-0.10092648768806001,0.09897774118669744,0.03658000598961397,0.06439641661064677
CAACCAATCGTATCAG-D2_Stim,0.06551447252618026,0.0088192665698692,0.14509521844565842,-0.02079181232403471,-0.06498249840297099,0.08238351912991604,-0.40629853271425276,-0.007084739949242191
CAACCTCAGGGCTTCC-D2_Stim,-0.04595754731054136,-0.012645474840200066,0.11158622594197176,-0.11694727712934316,0.015554237256225178,-0.0024244022833137535,-0.3423911737978216,-0.058354975670365405
CAACCTCCAAATTGCC-D2_Stim,-0.035727087618317555,0.05799965907626259,-0.08214236341603254,0.0010492096792216188,-0.1865936996313433,0.06452867194968626,-0.4745990605222694,0.00615691716188671
CAACCTCGTATCACCA-D2_Stim,0.03150025010789648,0.003711207908612124,-0.04068339759523454,0.17157234068513283,-0.030742307532838353,0.2324020289031452,0.2181480996090981,0.11331113333234732
CAACCTCTCATCACCC-D2_Stim,-0.004073065656683639,-0.0004768008609961072,-0.1290450754553376,0.04675808339392873,-0.20077914630473792,0.01588682435601818,0.08796400866073029,0.03250538671826142
CAACTAGGTAAACCTC-D2_Stim,0.0578702516581604,0.01739746492924077,0.1912130945689956,0.12403700169903331,-0.01942011559978063,0.1277684553262617,0.23671678647065164,0.10571664112434753
CAACTAGGTCGCTTCT-D2_Stim,-0.027010790124441186,-0.06114143476429312,-0.15006920631044274,0.06153834606346287,-0.0730518074646298,0.16712784558572302,0.28859419146043486,0.034787527098451676
CAACTAGGTCGTGGCT-D2_Stim,0.11612682227475091,-0.02998657952480599,0.07012716554568499,0.16489200504985213,0.13720067989436124,0.2368996079677661,0.2772071875436186,0.0940133511130945
CAACTAGGTTAGATGA-D2_Stim,0.04379302710132471,-0.021396875351152644,-0.028445721914387434,0.10503621551606912,-0.06571492405980806,0.19011603922921338,0.17312290578312073,0.08658270967259973
CAACTAGTCACTCCTG-D2_Stim,-0.020952529847146906,-0.01719642813046285,-0.014452700853329503,0.04850334969160919,-0.1502997454725925,0.011339022633809037,-0.04828689860245383,0.00663171493319048
CAACTAGTCCGCATAA-D2_Stim,-0.04361049505541281,-0.003542561375068587,-0.10996313748421027,-0.061324225260348086,-0.04066503846505576,-0.05381155852694519,-0.3801503656513425,-0.027707902141488105
CAAGAAAAGAGCTGCA-D2_Stim,-0.018983903559895765,-0.0003945554800530715,0.002366856762529679,-0.06147683209829502,-0.04502165664923652,-0.009346586908542065,-0.12627477100645024,-0.042404646327305784
CAAGAAAAGCGTGAAC-D2_Stim,0.03048686081097962,-0.0038788479472700033,-0.07970680302571331,0.14869062587982285,-0.021149827667345633,0.19282063657772852,0.27800574270990897,0.11201389148626362
CAAGAAACATGGTCAT-D2_Stim,0.010719547468353241,0.01926756469772961,0.04524659379467977,0.13250212135147343,-0.12698980098263668,0.12957718828822706,0.06349033215197597,0.09488684377951095
CAAGAAATCTTCTGGC-D2_Stim,0.02606363907685072,-0.0008234245793996564,-0.07572973222666324,0.11694186828259134,-0.07801803120278805,0.11166502455429139,0.29364900108936176,0.11208547733087926
CAAGATCCAGATAATG-D2_Stim,0.024995914913763073,-0.015097002333927634,0.1356491605788257,0.027471333815919152,-0.05092170973033916,0.02762868970409116,-0.008485280259403538,0.043709703695048674
CAAGGCCTCTTAACCT-D2_Stim,0.05251631703353432,0.0292007111530328,0.1115628029059863,0.1566295613340607,-0.11475023029803388,0.18266371755933974,0.24884502140488696,0.10743085915508388
CAAGTTGAGCATCATC-D2_Stim,0.032085473451122226,-0.0158784468860933,-0.007814180794729175,0.0670868335540078,-0.09798744762507816,0.038574819363379476,0.12868793649897192,0.05350880954163806
CAAGTTGCACAAGCCC-D2_Stim,0.0009479738988318331,-0.06296480117798353,-0.04922676031817552,0.07739239297830025,-0.06461582594099724,0.13515127508566138,0.18517469690341137,0.0617443520424068
CAAGTTGCATGCGCAC-D2_Stim,-0.020677729679057677,-0.005643227802723416,-0.04644051473578248,-0.1345308493349897,0.010235415214792098,-0.0544624475911899,-0.44146039725943,-0.07813901253191702
CAAGTTGCATTGGCGC-D2_Stim,0.08040235111974603,0.012694254993611764,-0.019713354138112038,0.056005326758677754,-0.3633567456276179,0.008368804200033608,-0.22175781249913307,0.039329496201407466
CAAGTTGTCGGTCCGA-D2_Stim,-0.029792779488829524,0.06208434902774407,-0.0644241359960116,-0.03758456180423231,-0.043134878804229615,0.018486823528874652,-0.6539965893425403,-0.038161416336752296
CACAAACTCACCTTAT-D2_Stim,-0.13554856679122196,0.006275641630116624,0.1256290996881555,-0.3059226857202404,0.09384791969070783,-0.14863204409098785,-1.2204673207208128,-0.1387683989944133
CACAAACTCCTTGGTC-D2_Stim,-0.046157347077924626,-0.005106578411345097,0.1784251821957472,0.13594959967351627,0.2648611094504698,0.16611040752019868,0.22947093916142336,0.04711374556760184
CACACAAAGAGCTATA-D2_Stim,-0.018979876742038826,0.029213214456589753,-0.15557883602233868,0.015345330164837634,-0.10422856624384913,0.0390295707616275,-0.4957510422711291,-0.023569254342344692
CACACCTAGACACTAA-D2_Stim,0.024674236080892697,0.05118250721016082,-0.07798226847421397,-0.01603586669072854,-0.1340949894101211,0.057894668697015206,-0.534897071509004,0.007292967552674057
CACACCTTCTGCCAGG-D2_Stim,-0.01200935960047822,0.03380800087033542,-0.20635621307291352,-0.037443053212285804,-0.33098355067755847,-0.01692366182867744,-0.4793841586673935,-0.0009651202219576049
CACACCTTCTTGAGAC-D2_Stim,0.05650638608027947,0.034242755719271045,-0.04296620651289551,0.1655216173676699,-0.3090362511427731,0.15081409964487769,0.18436832712835205,0.10550853467911026
CACACTCAGCGTCAAG-D2_Stim,-0.06398191284666765,-0.009565858144105377,-0.13765780701397912,-0.020733537154667303,-0.07100921463554322,-0.03450674361746664,-0.20656173938650468,-0.03398546589483864
CACACTCCACGTGAGA-D2_Stim,0.041626053017497,0.006346007433794654,-0.0604089223536608,0.1637212798979224,-0.0848912000227191,0.24089680496164867,0.2889154195321435,0.10710744189096211
CACACTCCATCGGAAG-D2_Stim,0.03380497827645179,0.013324567953503674,0.144604176387217,0.03841513140352504,-0.008073287462844192,0.12673691016298427,-0.025742891666590495,0.07242439069103845
CACACTCGTCCCTACT-D2_Stim,-0.017328351618809634,-0.02614845503308416,-0.06633978519036354,0.08523031648367763,-0.07752305164896711,0.19134320032482144,0.14453002769367806,0.07609112387095429
CACACTCTCAGAGCTT-D2_Stim,-0.05017841476315077,0.017957464652463173,-0.1002716830154915,-0.020559251420506186,-0.06732376158604758,-0.02321924075541304,-0.2533010382901626,-0.020166709044701747
CACAGGCTCCCTAATT-D2_Stim,0.10234122027499382,0.09339424036240374,-0.03884678420612531,-0.06314112046403864,-0.11516568417052042,-0.10073928609840976,-0.6264853341614787,-0.008124838824315361
CACAGTAAGACGCTTT-D2_Stim,0.07138865526493277,0.06637357276015265,0.19599823867035404,0.11973516956061125,0.006718312303496177,0.04643628060564353,0.279875739163038,0.05729256477005862
CACAGTAAGCTAGCCC-D2_Stim,-0.03256134879816841,-0.09166894370932965,-0.017685502572168943,0.05265414575961991,0.00027226268553803834,0.14461219705274964,0.0862305179989491,0.04472870449238364
CACAGTATCTACTATC-D2_Stim,-0.046185134649544324,-0.06625320038940608,-0.45024644716214013,-0.027997464601346778,-0.2391034125790359,0.015512190125685166,-0.3509336344625531,-0.08831962561194473
CACATAGCAGTAAGCG-D2_Stim,0.0679068411274848,0.05806937156183878,0.039019616149166936,0.032635475658665314,-0.3109693660455406,0.06991061588650105,-0.395203157625982,0.030297772786676447
CACATAGGTTCAGGCC-D2_Stim,-0.0181037070346175,0.00021014185956858,-0.0337935151337696,0.020553291010706687,0.0077379250304314695,0.059723853012862094,0.08693703898354599,0.039339288984255205
CACATAGGTTGTGGAG-D2_Stim,-0.005295940439479452,0.03532354183225017,0.3020544360895805,0.019526454492632794,0.1202103984368712,0.03151410942690447,0.15359662449350253,0.03613130923502261
CACATAGTCAGTTCGA-D2_Stim,-0.02195606604171907,0.009836708653589099,-0.005161246850423851,0.12499255938608655,-0.14283921346230954,0.1678577095535907,0.04899848714839905,0.09176447460125381
CACATAGTCCTCAATT-D2_Stim,0.09312697676868886,0.07507070703719698,0.20295927658257717,0.06368482887136118,-0.11566279672503299,-0.02524937213502909,-0.11204459803179212,0.06538539093689089
CACATTTAGTGCGTGA-D2_Stim,0.046536137166658165,-0.0328156393970076,0.3919618926240407,0.055739943595407127,0.284088397344922,0.008722341267384692,0.16024954038829442,0.058099780857670424
CACCACTCAGCTCGAC-D2_Stim,0.0015499566459897807,-0.051248461202801465,-0.1273235027732884,0.09734591123493352,-0.07170615502549715,0.23243417329439353,0.23973803363557167,0.0812245057801011
CACCAGGAGTTATCGC-D2_Stim,0.006515336348380529,-0.004540332527209756,0.01736557507548575,0.09325505808453194,0.0639545619262254,0.2610216618643868,0.13323067108879272,0.07907222659554947
CACCAGGCAAGAGTCG-D2_Stim,0.005890217831233002,0.013449752967011008,-0.02360794835164981,0.08756930122332385,-0.11123145184514804,0.03680865547615575,-0.13836493262548544,0.05791047343853073
CACCAGGCATATGCTG-D2_Stim,0.14309672380664118,0.08396278076476982,0.10805736476890004,0.14968137599122677,-0.17942888251807076,0.12788943404760467,0.04466647721826966,0.10194475569042716
CACCAGGGTCACAAGG-D2_Stim,0.027598604418951567,0.02714155122730233,0.20282980215396762,0.08743169517066463,0.021600294313264712,-0.005047694112677803,0.09841559311507897,0.07714144799730072
CACCTTGAGGACCACA-D2_Stim,0.033585097567291555,-0.0022507819003969587,0.14292474404387967,0.099026853474669,-0.12261014440311158,0.14209181930527137,0.2751279812063139,0.09053593486391875
CACCTTGAGGCAATTA-D2_Stim,-0.06098508684538473,-0.01883523031265355,-0.14885544558021024,-0.09677759738353942,-0.10320361963060343,-0.03172238300876096,-0.5982182159111495,-0.07285194666864925
CACCTTGTCATAAAGG-D2_Stim,0.05271523379026277,0.008761828521590687,0.07878319457398852,0.10049667109300131,-0.03391183022381128,0.010925461563548566,0.06762031982608718,0.08152456392765117
CACCTTGTCTTGTTTG-D2_Stim,-0.0019922971335084583,0.036038047321978794,-0.0745263286704052,0.0427246831263588,-0.2553407763308595,0.018217049632623272,-0.0810630198495268,0.0407060043028018
CAGAATCGTCTGGTCG-D2_Stim,0.018758271036880103,-0.036530285518571404,-0.029227747480364386,0.15804994139596928,-0.09612031896454809,0.2962100057021644,0.3560727212469468,0.10031770805390394
CAGAATCGTGCGATAG-D2_Stim,0.11592726857884017,-0.05502320658955817,-0.19425859166809012,0.1423963103393433,-0.02631814299864388,0.2713348695538125,0.19197908629672478,0.059118687340943055
CAGAGAGTCAGGATCT-D2_Stim,0.023408647889064937,-0.022571659877852923,0.1038707828322103,0.04984072232771375,0.06243252968245727,0.22657240646478982,0.0359755523700489,0.06662317263910644
CAGATCAAGGTGACCA-D2_Stim,0.11357870733988662,0.018873680366068513,0.09368532280466191,0.11751479586615865,-0.21719220443499765,0.12165655894498606,0.24926525124840904,0.09833539420162829
CAGATCATCATCATTC-D2_Stim,-0.0010106352340031322,-0.047155113796220505,-0.17554693576538583,0.16950129506771638,-0.23549387748981587,0.24343124903447944,0.2504521162696678,0.09603076169298319
CAGATCATCGTGGTCG-D2_Stim,0.09915318296722653,0.01068833524372792,-0.043858668367432685,0.13256738234023935,-0.07559891408941155,0.17253263696509968,0.21336197494078135,0.06571364339312957
CAGCAGCGTATTCTCT-D2_Stim,0.02085460189106314,0.04615898236428251,0.07644174903779444,-0.0999533784249298,-0.28866032534785546,-0.12027583829902255,-1.1900552000308586,-0.027640830475249345
CAGCAGCTCCATGCTC-D2_Stim,0.062388567789440685,0.043545361808151384,0.10168059312057487,0.09332347258886031,-0.10754752464429274,0.07195590061101953,0.0890441492207188,0.09212492242491876
CAGCCGAAGATGCCTT-D2_Stim,0.03192616382114899,-0.1001172251192699,-0.3890490389760952,0.14514458013538878,0.060885758864937856,0.23303462511277928,0.27791639744641294,0.06536203049885891
CAGCCGAAGCGTAATA-D2_Stim,0.029141824264488747,-0.11557456471561878,-0.31905443626816954,0.09686741783182917,0.10824005258606739,0.1526727493772757,0.23601592993168907,0.039420827605274766
CAGCGACAGGATCGCA-D2_Stim,0.07776446767729084,0.009913474999320826,0.07740707985663242,0.05420242673733355,-0.033299661222310206,0.04359564244695768,0.12212760758602226,0.06196542576264896
CAGCGACCACATGACT-D2_Stim,-0.0156771915507381,-0.028891220778618276,-0.016795759722784354,0.04085006616946529,-0.07788135258812545,0.031621883653770055,0.011996361991753801,0.016543784046572085
CAGCGACGTCAGAAGC-D2_Stim,0.0852694144152828,0.06767702130156472,0.28970491021950195,0.08763205235351457,-0.0924660667432704,-0.06453098979609351,-0.012340976736294529,0.06454020583314524
CAGCTAAAGCCGATTT-D2_Stim,0.09866422010333942,0.03471270384589609,-0.0035255213053773105,0.14158314316449783,0.03716484258634445,0.2567031398861026,0.24329656443643177,0.14106678898475167
CAGCTAAAGTACGATA-D2_Stim,0.1450196621727251,-0.03927562280846786,0.14932132413427546,0.1258065725855797,0.10542434002458911,0.24670668410946028,0.24468548996309458,0.10355287279736558
CAGCTAATCAGCTTAG-D2_Stim,-0.02761374743131917,-0.0014028796530389798,-0.06436599692256006,-0.1935781768738032,0.01092518169003398,-0.06359184267957474,-0.46740995671684615,-0.10694034363137028
CAGCTGGAGACATAAC-D2_Stim,0.029410874136898357,0.04350381733394748,0.0070381642433163805,0.14624466273842351,-0.05410505573263613,0.20352609786059261,0.2684074977729436,0.12754764718286715
CAGCTGGCACCAGGTC-D2_Stim,0.024750046717459284,-0.05476127968926292,-0.40524793995546915,0.08518663254581149,-0.10052929328022309,0.08207897102350614,0.1517470929024194,0.027785709236558986
CAGCTGGTCAGGATCT-D2_Stim,0.015026471398401853,-0.03791367519950306,-0.030703943451625193,0.0447770878212399,-0.1349184100527907,0.04411882892268082,-0.1724728441401684,0.00861539358637664
CAGGTGCCAAGAGGCT-D2_Stim,-0.018075382980699217,0.034998701286909295,-0.2434303668128246,0.04088335770761198,-0.15104297507544295,0.0727044877233407,-0.07118155663225423,0.05726819229731994
CAGGTGCTCAACGGCC-D2_Stim,0.05015797599391014,-0.0009667259813266327,0.0721385237614367,0.13755087590886284,-0.06170243635840933,0.14889393864516265,0.11659934265235528,0.0938298184144788
CAGGTGCTCCCTTGTG-D2_Stim,-0.027402812661572185,-0.007034087805141809,0.41236140161181467,0.02315619151913495,0.3062424341694818,0.08380880431260351,0.2779940103714509,0.017477260191816057
CAGGTGCTCTCATTCA-D2_Stim,0.022304349494627118,-0.03928636882817749,-0.08890137117370145,0.18844489614903814,-0.09844815219588732,0.20928499475903983,0.29916583432533983,0.10831751105167164
CAGTAACAGGCTACGA-D2_Stim,0.004959173217219615,-0.03731863904887511,-0.09458608864003892,0.12322376354051556,-0.08101545175139613,0.20721501377656892,0.25474331585513976,0.07822664612451113
CAGTAACGTAGAGTGC-D2_Stim,0.021135769067008425,-0.032582353485176796,-0.1201870754589418,0.1689128893128462,-0.007685446354225078,0.24249602973469742,0.3474884630539945,0.12294721986243928
CAGTAACTCTAACCGA-D2_Stim,0.21281513484486503,-0.02168704714060965,-0.4208092611707368,0.1939074590834764,-0.09492016426091254,0.25628419116581114,0.25319650997836707,0.10172548914424695
CAGTCCTTCAGTACGT-D2_Stim,0.06727980982975623,0.09716209028591827,-0.0675872128385846,0.03548684433143201,-0.26853721592069313,0.06733152028055578,-0.3847312586303815,0.014205384875760174
CAGTCCTTCATAGCAC-D2_Stim,0.1483164397407819,0.07039884351045167,0.29574016248192514,0.0921667760929914,0.0768732924796236,0.038952588673286215,0.25625354169964965,0.06998790936058263
CAGTCCTTCTCGTTTA-D2_Stim,0.04164133373013712,0.002797976179602202,0.11409634216932307,-0.0015367688628646903,-0.00430572197496204,-0.020139769331182222,-0.33725690689974286,-0.004259327828943782
CATATGGTCGAATCCA-D2_Stim,0.05788998539873802,0.005954248020927366,0.121381144249181,0.07853383743819542,-0.19253780605243698,0.07497896390539438,-0.09781576243090839,0.07281974256434864
CATCAAGAGACATAAC-D2_Stim,-0.11829996543301924,-0.005560302836070008,0.07564971774546692,-0.16055992226949733,-0.02782277390143939,-0.04862450139677499,-1.032576383613435,-0.10662962778574503
CATCAAGCAGGTCCAC-D2_Stim,0.09050710297800535,-0.01183530585304382,-0.023424384722460445,0.11139990666970512,0.010815454441308603,0.2722822286313278,-0.0029082256355188463,0.076429494958143
CATCAAGCATGGTCAT-D2_Stim,-0.039362051383227126,0.008149985617484035,0.07996622749092808,0.022275913554656412,-0.13167271294205385,0.01613379356326483,-0.3179066292800208,0.02059023711400343
CATCAGACACAACTGT-D2_Stim,-0.058435460112564286,-0.008051070093864965,-0.040609100061329784,-0.07825193145613518,-0.285099878082292,-0.07661696745779878,-0.7625198967245765,-0.05621061506506031
CATCCACCAGCTGCTG-D2_Stim,0.0741765729271382,-0.04201471589862038,-0.343436010007121,0.1027220611805113,-0.15446875623805845,0.29245096141365057,0.15039352964032826,0.02641270540774876
CATCCACTCCGTTGCT-D2_Stim,-0.19034093793460904,-0.03256218676176559,-0.22029094129325255,-0.144677724049453,-0.22555381859543822,-0.17696619696960703,-0.7080034295988114,-0.09533714723522024
CATCGGGAGGAGCGAG-D2_Stim,0.05721428027067077,0.0033641533153048186,-0.07766123728282803,-0.0033024562802843604,-0.22564518464784733,0.050609618480095264,-0.662347342024777,0.001542206884469266
CATCGGGGTCCGCTGA-D2_Stim,-0.009904933294691887,0.033425880699100574,-0.010043285417888015,0.14667916385362822,-0.1160307591638059,0.14724117375395274,0.16471522363066793,0.10064674290409492
CATGACACATCAGTAC-D2_Stim,-0.00897924149452578,-0.07643802648673592,-0.22945388659351984,0.19119317159438687,-0.14117219159746064,0.32951532078624624,0.3355770939495404,0.08626439849045653
CATGACAGTATCGCAT-D2_Stim,0.08026813013523793,0.06841793266957374,0.3860813145308626,0.05410981721622754,0.00198213615537135,-0.11481555646982144,0.04153872572237827,0.04995608117083705
CATGACAGTCAACATC-D2_Stim,0.07120479148994363,0.026724987607098072,0.13021274286984408,0.06827295064559102,-0.04147122156155092,0.15832595692746843,0.0012065834891430427,0.08408303984999677
CATGCCTAGACTGTAA-D2_Stim,0.050953713366261866,-0.004776153593949672,0.039957329763607774,0.09199190109042554,-0.14375918579821167,0.13865286843250146,0.19888054179600534,0.07671852445448302
CATGCCTAGGCGTACA-D2_Stim,0.040469217782421296,0.07553314548504808,0.21897001283170958,0.05645768645939775,-0.09235053508343327,-0.03150578600677356,-0.15513012675116222,0.0653976251811752
CATGCCTGTCTCCCTA-D2_Stim,0.05774727038735428,-0.003445460767332875,0.006695744263033987,0.12954293980601506,-0.204521198695776,0.10986417913180802,0.16571631326426228,0.09049053012274832
CATGGCGGTCATCGGC-D2_Stim,0.05290479980339491,-0.004697596142381855,0.02096640902150604,0.16170983685722362,-0.1478062339808286,0.2412884922845855,0.28769573575717367,0.09306460093062796
CATTATCAGACGCACA-D2_Stim,-0.045252655031584155,-0.04321426463834399,-0.31695691532853765,0.12905204752028787,-0.10419884431910376,0.14235032381801638,0.3755426668725059,0.03569987231033522
CATTATCCATTCCTGC-D2_Stim,0.011576930737517088,0.02376831428094306,0.054800089795794094,-0.15732145785646878,-0.12534543667371345,-0.07259687842562279,-0.5934440903728877,-0.07585766198280197
CATTCGCCATCTCCCA-D2_Stim,0.04145329207850068,-0.016311590572675172,0.023467068647509137,0.02977436621350016,-0.14191473706275204,0.04906534788053385,-0.12930179500567363,0.01229800499273992
CCAATCCAGGAATTAC-D2_Stim,-0.02242386276255459,0.029259667800868527,0.12932064037126967,-0.17625496818726383,0.05083536421439838,-0.006940563486672602,-0.7147903330955074,-0.08592183797670927
CCAATCCGTGAGGCTA-D2_Stim,-0.0509477135991272,0.11305030943008632,-0.05000667093507616,-0.1154305940975302,-0.25365587600320794,-0.15919937180479238,-1.2842507084149481,-0.05136216200084931
CCAATCCTCAAACGGG-D2_Stim,0.007071784691417449,0.029355443407146353,0.043158440416704025,-0.06363217506585528,-0.38731784877833597,-0.059194974776641374,-0.9882539050425141,-0.05110643349916799
CCAATCCTCTGCCAGG-D2_Stim,0.06458678152396935,0.03709584891740825,-0.05290627489279576,-0.08152135625133994,-0.2097796734038706,-0.04543393647508154,-0.6040772927582712,-0.04275246435021174
CCAATCCTCTTCAACT-D2_Stim,0.04228968220175311,0.0020847321478907332,0.05212009013476582,0.10940726562670555,-0.04048447347220652,0.19571122241039163,0.2314365016748905,0.10627325718114378
CCACCTATCAAAGACA-D2_Stim,-0.041723389205602146,0.09978200496541412,-0.18422525898886022,0.04081192438232861,-0.48697258701733226,-0.006463623369704408,-0.6192090667688159,0.07232864764254643
CCACGGAGTGTTCGAT-D2_Stim,-0.00023211268752376668,0.058660207665136355,-0.16131837760125567,0.0185270320683788,-0.11340283364458159,0.06620601624886113,-0.6592172982920097,-0.016957356014534852
CCACTACAGCCCTAAT-D2_Stim,0.06634172330856636,-0.03649771758875353,0.12745745052886193,0.10365075544004476,0.032283851287568055,0.1355880906207414,0.1412838204197584,0.07459218257734257
CCACTACAGGGTGTGT-D2_Stim,0.04397812523062683,0.0032242790784291486,0.007255853283812286,0.13571150659190678,-0.011968763200952637,0.14928768211426124,0.25075777528150667,0.09480607071809821
CCACTACCAAAGTGCG-D2_Stim,-0.0934235432772006,0.04741383986564607,0.07135971253515905,-0.20131140642462775,-0.1395231299100086,-0.1453982041510269,-1.565777407192721,-0.14067879129210503
CCACTACCAGGTCCAC-D2_Stim,-0.0018982157118365706,-0.020412040127615327,0.18242293910552654,0.07964115880931644,0.09944515261926767,0.06331181374780037,0.01831475415653472,0.03802443136363998
CCACTACGTGCGGTAA-D2_Stim,0.06828753012137234,0.10748409386667745,-0.11779732976354573,-0.05997963514809257,-0.06239523458170204,0.026411681503391904,-0.7027312514916773,-0.04812880047671264
CCAGCGAAGCTAACTC-D2_Stim,0.03202273485795182,0.07904650378265465,-0.1361189137098222,-0.0096262666088478,-0.3449660466726847,0.010815486809002905,-0.3765002887743165,-0.005898740272140657
CCAGCGAAGGGTCGAT-D2_Stim,-0.0014819351645254386,-0.003240133785821442,0.2032490936799629,-0.21887126372369714,-0.00029809235123323674,-0.023061915222699625,-0.4795936033858208,-0.10411396054456823
CCAGCGACAAGCTGTT-D2_Stim,0.01768662378524688,-0.02671448685160449,0.006258130141919338,0.04902977300577582,-0.1083087718123199,0.10543049850567954,0.08068937973706802,0.036255618628107555
CCAGCGATCATCACCC-D2_Stim,0.03473478374573524,-0.0005854671747815843,-0.04093778534906267,0.1678841953228467,-0.04033066816697506,0.15826307449481725,0.02566776577432517,0.1255227366476923
CCAGCGATCTTCGGTC-D2_Stim,-0.006255508559947387,0.03335233112399827,0.016261207230447106,0.1582711331013904,-0.0956911175753472,0.17390109369776852,0.19202723939154343,0.1309160792456865
CCATGTCAGAATCTCC-D2_Stim,0.09897742439977719,0.052359507947695505,0.11791378278971898,0.12252097120772198,-0.02450904475298188,0.10079897819431594,0.1876166539991999,0.0533244426326025
CCATGTCCATTCACTT-D2_Stim,0.1859983446581186,-0.009768668162648098,-0.3181854065182872,0.1375479549937193,-0.10221519553536318,0.2919825509813805,0.28654408368143613,0.06300642335041218
CCATGTCGTAGCGTGA-D2_Stim,0.024248759932437025,0.026160078493585814,0.07270396382867261,0.05752929697589515,-0.14906614764080395,0.08155535688104365,0.11412840910488775,0.08917833246805529
CCATTCGAGAAACCGC-D2_Stim,-0.10313354413258047,-0.00471555372695498,-0.15457287709623735,-0.024658824472030716,-0.34225152398392744,-0.10833829362266378,-0.6294353704013602,-0.010526441303198908
CCATTCGAGAAGGCCT-D2_Stim,0.011862400642726811,0.05839742209031762,-0.061995107573296515,-0.10812881055568901,-0.15472190388268992,0.01058941843814587,-0.7107230479576359,-0.019054999387623894
CCATTCGCAGGGAGAG-D2_Stim,0.08016085437003717,-0.05217539952916361,-0.007181946317121657,0.11068335763055082,0.018615178494465923,0.2304675695209486,0.24207797066490144,0.10237604527110733
CCATTCGGTGCCTGTG-D2_Stim,0.16330499506269547,0.03173948449630615,0.1812952951858282,0.14468660086209972,0.05110015585259298,0.09867296036346929,0.2367655676612923,0.10295642374072145
CCCAATCAGTGTTAGA-D2_Stim,0.03156295027377176,0.04709280274365213,-0.015061356903248502,0.059338371759519504,-0.2698544769605604,0.02964439011306297,-0.14992496219064932,0.05858619137341847
CCCAATCCAGGCAGTA-D2_Stim,-0.01796522792833244,0.00936903115645471,-0.13556433394101752,0.046543323576861084,-0.20768695613385013,0.020704879464364723,0.05019725487675508,0.01626258653491064
CCCAATCCATTCGACA-D2_Stim,0.052184368399791126,0.05043929121870505,0.1665598285988974,0.05303368965768129,-0.012073485575017529,-0.03432779070969616,-0.1908272526325998,0.05291275784267668
CCCAGTTCAAGCGAGT-D2_Stim,-0.0932700443097243,-0.08254658395627423,-0.20726373401400355,0.026706374269192423,-0.31336104038095414,0.053107506953192996,-0.06341877907735594,-0.026817225355902252
CCCAGTTCAAGGGTCA-D2_Stim,-0.0885326160425528,-0.0015998820487812537,-0.1698787767028369,-0.04694117000965825,-0.2771961138129182,-0.07225390135541154,-0.5878821011954258,-0.04777271233469271
CCCAGTTCACACCGCA-D2_Stim,0.13465209321411997,-0.00785825819056818,0.1688559101648046,0.12177118033629952,-0.05343568377862873,0.12328397515175737,0.2777667612456627,0.0905218310079583
CCCAGTTTCACTATTC-D2_Stim,0.06277861966882448,0.0017851256406196114,-0.04981342807244182,0.17898477664231116,-0.04603949061129242,0.27028333654842385,0.21087057366662965,0.12406553902014572
CCCATACAGTACGCCC-D2_Stim,-0.06594049076816333,-0.018292195775352127,-0.12437073963798184,-0.12005988344672858,-0.31418760719834893,-0.16530318119957776,-1.1328526347727,-0.0716117833793799
CCCTCCTAGTCTTGCA-D2_Stim,0.029354096351907444,-0.032606223488176767,-0.05985251386844759,0.15735297868090115,-0.05579130805631749,0.20664513886101332,0.2778431291083079,0.0936916471981668
CCCTCCTTCCACTGGG-D2_Stim,0.04052698938526156,-0.030503889972328224,-0.13716408174728834,0.20921845556673802,0.005345280906858818,0.29755582006690595,0.2963429425849,0.13121276989315334
CCGGTAGCAAGGACTG-D2_Stim,0.00017743633267741643,0.0010415842365336658,-0.10522766088693558,0.09060127619434155,0.05793859590134787,0.04016391175918699,0.12779242343490615,0.005682608035490588
CCGGTAGGTCGACTAT-D2_Stim,-0.02048628603228586,0.016983622589751945,-0.0882409905943895,0.02345909232531973,-0.21519635577205598,0.01958738278903205,-0.4241032407998855,-0.002258312205722035
CCGGTAGGTTACTGAC-D2_Stim,-0.09023096751866966,-0.04132301890219381,-0.09888980515438917,-0.05391529794377803,-0.22894332560119324,-0.15476606783327362,-0.4880279927124995,-0.06655233764840496
CCGGTAGTCACCCTCA-D2_Stim,0.15221146007779218,0.03058629134823576,-0.06784029945390913,0.08825613222228768,-0.14925722324025692,0.11489926271397799,0.13841127539455478,0.046191950644461244
CCGGTAGTCTAACTCT-D2_Stim,0.015004538624731723,-0.03607409962410735,-0.0009061263421799026,0.06679538853084921,-0.07937256076940002,0.14580524594176403,0.1742414086750239,0.06432055333869613
CCGTACTTCTTGGGTA-D2_Stim,-0.07760259889374943,-0.033601345238380986,0.049470912975021264,0.08672385585999898,0.06932639416381292,0.15871104242859957,0.3962806945881123,0.06732043820962375
CCGTTCAGTTAGATGA-D2_Stim,-0.0136277767639843,0.02322786655276765,0.053802607664833246,0.1062401578669867,0.008873109196597895,0.053407773006629355,0.23757009588387934,0.028017065673346053
CCTAAAGAGGCTATCT-D2_Stim,0.2488053452922916,0.049870167168283075,0.09731724692820798,0.21671684022575732,-0.22472022947117942,0.2017207940724859,0.28391980933117544,0.1378444152282743
CCTAAAGAGTCAAGCG-D2_Stim,0.047805682189480336,0.04068239385896888,0.045291130372273614,0.07319189840453433,-0.263252235212617,0.028161041977837087,0.11676751759719473,0.006946743249368836
CCTAAAGCAAGCGCTC-D2_Stim,-0.07688622562884362,-0.1562784222703737,-0.42772529504316026,0.09469457786281943,0.11409926185613806,0.09281649115251156,0.12372848963588723,0.029264940961208907
CCTAAAGTCATGCATG-D2_Stim,0.06753240248326087,0.053377574909781345,0.010564151518114073,0.010327034617807485,-0.384182597543262,-0.020526856484716305,-1.061176950445466,0.026704298045245878
CCTAAAGTCTTCAACT-D2_Stim,0.06232599896129365,-0.0250611543342103,-0.09801768181220893,0.14470054388063502,-0.25830128510003725,0.19961357074489783,0.08626471049863227,0.08346372673579872
CCTACACAGACGACGT-D2_Stim,0.030794207149654085,0.0898845713936467,-0.07331160189591124,0.008936793550168076,-0.45424098571693605,-0.051075049416544616,-1.0405329605818832,0.014399483439776262
CCTACACGTGATGTGG-D2_Stim,0.00017504563712122945,0.012955083460530759,0.04043736150153521,0.06675971592658136,-0.10900424992008162,0.103437335579871,0.21708538157929347,0.09416332122261117
CCTACACGTTGTTTGG-D2_Stim,0.06038154038880883,0.003551046398305502,0.08979275044559643,0.1282915463409111,-0.01765378952666552,0.19007216765529478,0.27079387075964867,0.0911004554946615
CCTACCATCGGTCCGA-D2_Stim,0.007645371775611309,0.002591028182308719,-0.10091808345060649,0.10388719649303368,-0.11365134137620103,0.28524019675129964,0.066561296711793,0.03876902771473745
CCTAGCTAGAAGGTGA-D2_Stim,0.03989492301293751,0.04829377848083638,0.04595403423652478,-0.05389126367430386,-0.33282488815420663,0.0015192665664773841,-0.6478925497044443,-0.031024929005271318
CCTAGCTAGCGTTCCG-D2_Stim,0.1289580812490314,0.04115435055781269,-0.020207508621934878,0.14983892257636278,-0.2482658363583532,0.1967070567573277,0.19783189907362608,0.09609169319141664
CCTAGCTAGGCTACGA-D2_Stim,0.06704774006255043,0.04587831992271596,0.13269491645467468,0.07832019538812851,-0.033980542290786175,0.04690970390477567,0.18433902620943865,0.04942965754214512
CCTAGCTCACCACGTG-D2_Stim,0.03815461774489215,0.020655735125451713,0.24196966175574985,0.07542774804540642,-0.23941183443931635,0.027814187815595304,-0.024042824513710315,0.08496183853909045
CCTAGCTGTGATGCCC-D2_Stim,0.05203549390954798,-0.02742830784290895,0.05740934226320071,0.02912646720231571,-0.05747964562925212,0.10320490562499529,-0.0351636235345385,0.022431443171187837
CCTAGCTTCACCACCT-D2_Stim,-0.018703046553479652,0.011416516945335076,-0.09087347891865338,-0.14494903449818075,-0.01553394821379328,-0.06176056734472546,-0.31779635862996614,-0.055318954064700776
CCTAGCTTCTCGTATT-D2_Stim,-0.008134888909051341,-0.03558986842559797,0.05112955198436975,-0.048319615927510995,-0.005993439009818857,-0.01936438696263032,-0.1026032894626212,-0.032033865201823275
CCTATTACAACACGCC-D2_Stim,0.021189699404594364,-0.0024979220002929736,-0.00012038202721775804,0.012412813883285523,-0.11456666889369238,-0.03742900173665653,-0.21953708418855555,-0.0031067607972818934
CCTCAGTAGTCGTACT-D2_Stim,-0.020310695921732957,-0.19610338532624993,-0.9617005063519883,0.20576806067813713,0.0917878023294989,0.2163640622496441,0.4705782521666819,0.058633144405192184
CCTCTGAAGTGACATA-D2_Stim,0.08669106331453413,0.01398448822790499,0.09573397634524206,0.11500694600184147,0.08421832845764676,0.20270380625156292,0.13292941195786767,0.09717439198948341
CCTCTGAAGTTGCAGG-D2_Stim,-0.021656828161559005,-0.024392494416609622,-0.0638438091806508,0.03857430794711014,-0.1634792513040253,0.04318284591459154,0.05586500707118347,0.025650144914742157
CCTCTGACAGATCGGA-D2_Stim,0.02599598379219792,0.02557129568247518,-0.06530146423694294,0.02532600078386693,-0.21645471618185397,0.01106120479077255,-0.2609874022807581,0.016373571932220443
CCTCTGACAGTCGATT-D2_Stim,0.0778375190294458,0.033444859887689304,0.022606409511775283,0.11741722310601155,-0.010592507156820474,0.13087534339104323,0.13116339950065292,0.10308247939995674
CCTCTGAGTCACTGGC-D2_Stim,0.008729044137446351,0.04382605796017636,0.12198306594148711,0.10835799986095473,-0.28772097166979194,0.09501133038117437,0.013983459852949132,0.10277253654849083
CCTCTGAGTGATGTGG-D2_Stim,-0.0854297593924116,-0.02497125008658152,-0.3026466317505818,0.004241937057186007,-0.1416578804522608,0.010604248924988013,-0.48258326125505135,-0.011082432339895476
CCTTACGAGCAGGCTA-D2_Stim,0.1037735689041579,0.12022332137570935,0.03418644896512113,0.02190391946856174,-0.21638782616196828,0.04711027911679189,-0.29999668158391657,0.012325266874363194
CCTTACGTCACGGTTA-D2_Stim,-0.020096370589408608,-0.0271852614428596,-0.22852121660878844,0.057344005362045536,-0.3507678347155352,0.09843608868941445,-0.04424438214138071,0.009445800789588787
CCTTCCCAGCTGCAAG-D2_Stim,-0.0029557475388255483,0.024507752447302522,-0.28128766206425393,-0.02544953491381996,-0.3016468301395001,0.01240995559430047,-0.8945492498697991,-0.002830252224262253
CCTTCCCTCACTCCTG-D2_Stim,-0.039470625287858496,0.08532400955401798,-0.010755564381994986,-0.010984339291780998,-0.3820861006184817,-0.09933056169471577,-0.8865198025480936,0.03298827308446661
CCTTCGAAGTATCTCG-D2_Stim,0.05629918966984171,0.053857081996930845,0.25465677467612124,0.07603851101816694,0.10591536200376162,0.08984578543401689,0.2430437639701033,0.06467287746168182
CCTTCGATCAGAGCTT-D2_Stim,0.06638561231061324,-0.03662266129920155,-0.09577012996314771,0.0134642051073115,-0.17147707372097898,0.1242483200920752,-0.1790396042375999,-0.019809575639845534
CCTTTCTCAGATGGGT-D2_Stim,0.05001322765703087,0.08085439402846184,-0.1480856324112123,-0.01600385067870036,-0.06289548008798107,0.05814094674840398,-0.672018269687447,-0.01978848869151406
CCTTTCTCAGCCACCA-D2_Stim,0.09049868719685072,0.026983989710315015,0.05833643670535693,0.10641570726229332,0.0630946434614188,0.2170571901341951,0.19008602167751754,0.10388816403812129
CGAACATCAAGCGCTC-D2_Stim,0.025517039439225897,-0.02834744426335334,0.0193087355424737,0.09374542908132,-0.10269017377269662,0.090497312047642,0.20401536785610208,0.07698354331002122
CGAATGTAGATCGATA-D2_Stim,0.06489406305770729,-0.040923475048247226,0.09332688829558222,0.021793893499289396,0.00393804571448797,0.009788487266781942,0.07979503289143963,0.06009591748713028
CGAATGTTCCACGTTC-D2_Stim,0.04692203916060045,0.011471826785733441,-0.013003293985573094,0.1321378542990299,0.006880519260439755,0.23815893412760758,0.15193745422472116,0.10693305482737792
CGACCTTAGGGAGTAA-D2_Stim,-0.00898572554972965,0.02572727380047546,-0.13108379503252543,-0.07215165907691024,-0.05679390956369268,-0.03352261995185479,-0.34921735253355024,-0.04280746439912875
CGACTTCAGATCCGAG-D2_Stim,0.03619332096322303,-0.037564799316745834,-0.035690647956311494,0.1663697791919745,-0.10353655956043362,0.2718952516191333,0.2641166262120018,0.07421457088144123
CGACTTCAGCCCGAAA-D2_Stim,0.05455219486611895,0.013447284818159488,0.048679802548303286,0.08941919523584119,-0.004189068311935884,0.11955000436222107,0.07035408268564147,0.06206278899358608
CGACTTCGTCATATCG-D2_Stim,-0.05541046445948972,-0.02253696529853677,-0.15310011544064395,-0.03519481471845509,-0.39079821658955183,-0.16016828415132167,-0.5413116848803803,-0.025886796178575366
CGACTTCGTCGGCTCA-D2_Stim,-0.012020085959823845,-0.03444496325978008,0.010578110844501332,0.03966358580614049,0.01867958615756571,0.01494769424133402,0.1205624257977087,0.03297606030813682
CGACTTCGTTTGACAC-D2_Stim,-0.045197581434784695,0.05681245239814814,0.14540510539057294,-0.037720766808849504,-0.23691256533331106,-0.11522124093566077,0.019446352766543384,-0.00730727495007244
CGACTTCTCTGGAGCC-D2_Stim,-0.017959331850292415,-0.019962333841405666,-0.03761903063094252,-0.04851425055927194,-0.01673861826362355,0.0053835552671266385,-0.1798698365635989,-0.022947495282370056
CGAGAAGCATAGACTC-D2_Stim,0.05297548510652739,-0.05441407166461332,-0.08813420427460983,0.14412062540822568,-0.09001610090719936,0.30701822516939714,0.32320151065272995,0.09876881934209258
CGAGAAGGTTCCACTC-D2_Stim,-0.021459646295426182,-0.02714596454419471,-0.06268241841833166,0.018973553574626933,-0.0530049039657392,0.09635341573180689,0.12659112266857164,0.028781571850252874
CGAGCCAAGCGTGTCC-D2_Stim,0.10752140039528868,-0.023059040396644193,-0.058013259086949986,0.06435257335791,-0.026327469888370203,0.10198740510878856,0.10797870910284679,0.024096899925453386
CGAGCCATCACGGTTA-D2_Stim,-0.05543770650097812,0.011666678244605322,0.14694804161220265,-0.1633989881494653,-0.01823268022158331,-0.04884966179544392,-0.4190538463087563,-0.07295543783167524
CGATCGGAGAAACCAT-D2_Stim,0.05633977112888111,0.013510023878277266,0.08461589019632676,0.15590341844080235,-0.11500576330065648,0.02624251668162536,0.17761437894530996,0.1023538271182467
CGATCGGAGAGCTGCA-D2_Stim,0.04370529262108924,-0.18251717003897028,-0.5957066491015635,0.19573967626797995,0.10315464567676713,0.1565924944265884,0.3408427582282467,0.08786391649222303
CGATCGGTCCCTTGTG-D2_Stim,0.05591443296238907,0.08641971051111774,0.1392327546303047,0.11589532756807053,-0.028628210286699485,0.06297778293088463,0.26830495049411773,0.0499932666751306
CGATCGGTCCTCGCAT-D2_Stim,0.07165104954434476,-0.002781014902025092,-0.023495299416410376,0.14423589385575575,0.021310089655326436,0.226631794959415,0.17220347998276342,0.0934552568885465
CGATGGCAGAATTGTG-D2_Stim,0.08125207927737677,-0.06697321800690048,-0.14357805630219822,0.12732113512119625,0.01900978889203131,0.17300802062572807,0.36226908820062764,0.09344993131274215
CGATGGCCAATGACCT-D2_Stim,0.08609751332156357,0.009105515578117007,-0.057671599732074696,0.17931173910548637,0.03792782560803509,0.20374678028525395,0.29130431092968756,0.07051929268628498
CGATGGCCAGCTGTGC-D2_Stim,0.044328609275257946,0.025166670445448958,-0.049697294678814785,0.011419547308053168,-0.1093137662549637,-0.016420227296933376,-0.5944676542062961,-0.011559799667791637
CGATGGCCAGTCGATT-D2_Stim,0.15918452450313048,0.005259235553181085,-0.1619820014892568,0.11268339256416304,-0.055667267812042454,0.21700750892286358,-0.2701732530284948,0.059503164109019124
CGATGGCTCATTGCGA-D2_Stim,-0.03511071017063294,-0.039381665831202284,-0.16038605843058207,-0.09905330198631823,-0.4117195132422715,0.03647445900458912,-0.46871080441419544,-0.00754959077795192
CGATGTAAGGATGGTC-D2_Stim,0.16575042517770022,0.07385870194770128,0.1208026883693698,0.13496002524903616,0.00086089006712875,0.12510878061179298,0.22715761106923438,0.11553447493954927
CGATGTAAGTGTACGG-D2_Stim,0.028778042291312644,-0.02951324312860848,-0.019201205366783825,0.09534145142545647,-0.02759217376373968,0.14836946248174776,0.14329151197878698,0.08996699939663699
CGATGTATCGCAAACT-D2_Stim,0.01907865724090385,-0.015451482113464365,0.0732708606410899,0.1456839767848308,-0.09203837966664707,0.16539465659193908,0.26329985006170276,0.09934380514546959
CGATTGACAAGAGTCG-D2_Stim,0.1040921036875595,0.07204072901422798,0.07851194986311505,0.09620126719983979,-0.11157346433905602,0.07204368710736375,0.18950369767044517,0.08271726464776918
CGATTGAGTACCGGCT-D2_Stim,0.03152815591007041,0.03273218754475238,0.0328278346477866,0.06768433901185311,-0.2319323463925933,0.06728815398478716,-0.0946021919353246,0.04739969768404251
CGATTGAGTGTTCTTT-D2_Stim,0.047689640767471175,0.0316747258642156,0.1245940637598757,0.1649124831824551,0.021353495153144664,0.10093724080122968,0.42458291399002057,0.07599845608987188
CGATTGAGTTCCGGCA-D2_Stim,0.05808121420032819,-0.03923694151268187,-0.03836043285124546,0.22142464881974888,-0.1307159220729126,0.24437908170099654,0.9485319431630836,0.1002331951367541
CGCCAAGCACCTCGTT-D2_Stim,-0.0019127777817313785,-0.030662795192524683,-0.031549422089492296,0.1308411662737381,-0.10334590040652536,0.25152014420965685,0.21176849231921668,0.10410244418452308
CGCCAAGTCCCTAATT-D2_Stim,0.07056481900699652,-0.015748755035229323,-0.031144953216010407,0.1756960574816926,-0.009459686532851563,0.20952189200198745,0.21450465254832807,0.09293914142020654
CGCCAAGTCTATGTGG-D2_Stim,0.035857630087544834,0.07178183948691164,0.13416910788157033,-0.006136504811323107,-0.20440683360699552,-0.02158472501512776,-0.7088642964413623,0.024426640272768196
CGCGGTAAGGGCTCTC-D2_Stim,0.013445942287894752,0.042802433069047296,0.08570519758026407,0.13203241582390568,-0.13404920660993724,0.11397612805929214,0.16224673987278404,0.10334837331377145
CGCGGTAGTCCTCCAT-D2_Stim,0.011133343291374942,0.04902732321950509,-0.05735944455766706,-0.009365119909009678,-0.2283872111601415,-0.03731229905852196,-0.5115178097334443,-0.051126273365628805
CGCGGTAGTCTCCCTA-D2_Stim,-0.0851734862549609,-0.022588959523448082,0.1070692109862108,-0.08385980018300643,-0.3146999620346982,-0.1921583644865219,-1.0138153201335562,-0.1308243150907593
CGCGGTAGTTACGTCA-D2_Stim,0.021575632186491944,0.04866755164506387,-0.10881831119653107,-0.08307220278674698,-0.05106539675077748,-0.00013242001032232054,-0.3321658025197145,-0.02173126502628797
CGCGTTTAGATGTAAC-D2_Stim,0.07973831096627748,0.05522787622255976,0.13202708606571534,0.10373090977066113,-0.30872315727965116,0.031439763011963606,-0.02951385801552675,0.10122617144895862
CGCGTTTGTGAGTGAC-D2_Stim,0.04630885273155805,0.013575520319507817,-0.020587906503862996,0.12627434606329047,0.0030901214535408172,0.1510156415630579,0.37065730290792054,0.07085540249010336
CGCTATCAGAGACTAT-D2_Stim,-0.04773448996549412,-0.01111435720313736,0.06932790350231599,0.1334649277610982,0.06574937042134366,0.2668275890744223,0.33307978630229584,0.07070645473866577
CGCTATCAGTCGTACT-D2_Stim,-0.013657806356448532,-0.05578665207296041,-0.16655230831334045,0.1315326883220056,-0.016157300839026334,0.24216153706084853,0.19376140111905826,0.078032501705799
CGCTATCCATGTAAGA-D2_Stim,0.06940877595573802,-0.026312861044262448,0.0784583299693935,0.13693157002964007,-0.07073501933566106,0.13465757235456444,0.3267541787817265,0.10782303683297556
CGCTATCTCAACACCA-D2_Stim,0.03700066424907078,-0.040349551430098884,-0.12532810614682965,0.17356325535789985,-0.07718249921556541,0.3018854450354649,0.22050103084157424,0.09552305832341013
CGCTGGACATTAACCG-D2_Stim,0.03218317617908717,-0.02789915359129047,-0.05831663064439496,0.14484541876155,0.017577293922364845,0.23305414927790302,0.32854591365329355,0.11787737629255268
CGCTGGAGTCGCGGTT-D2_Stim,-0.14155409022260024,-0.012068100721808861,0.0504481331575084,-0.11935943407484828,-0.02168334064203492,-0.040924257709217926,-0.2972786351479435,-0.06928200312793997
CGCTGGAGTTCAACCA-D2_Stim,0.08924377639741188,-0.0018853365911439823,-0.08828705161081096,0.16951022560275852,-0.3104445291041529,0.30683345410023577,0.03607904580734722,0.08587797421419197
CGCTGGATCAACACAC-D2_Stim,-0.07705980982158955,0.025719799544859256,-0.18045754776538825,-0.047189419463258275,-0.3454877164401715,-0.1228673467004846,-0.7833917180374392,-0.00034691619826254794
CGCTGGATCATCGGAT-D2_Stim,0.12333019864131423,0.03153852987492023,0.08058419805963979,0.13396133149935885,-0.05643683747961781,0.16789427769569798,0.18812627429637452,0.11161676293836642
CGCTGGATCCGGCACA-D2_Stim,0.04376290675800654,0.0013364661914856413,0.07659255613094196,0.07146099860699273,-0.04034778122325733,0.15497073523363625,0.12558169497609395,0.07718606361315672
CGCTTCACATTACGAC-D2_Stim,-0.024276546128398024,-0.03463182130737508,-0.02970909175117331,-0.0040695159213459675,-0.10424797952457254,0.03517064644822021,0.02410489254207704,0.006731011056782421
CGCTTCAGTACTCGCG-D2_Stim,0.043385930294588704,-0.024551821003091945,0.031023478605987975,0.11567545205498497,-0.00796152408574713,0.20614766380967886,0.07040408932971332,0.0850998209981988
CGGACACCAGCGTCCA-D2_Stim,-0.03669835200144789,-0.03610077671557477,-0.0779571556412435,0.13493772362121703,0.01641777367970576,0.18728050499248994,0.40668265484177013,0.09910043733490248
CGGACACTCAATCACG-D2_Stim,0.06144708550880473,-0.13746889171975774,-0.5683250326856655,0.1684538356960008,-0.029644823721895364,0.2281304214776707,0.5246259853436079,0.08480739073883292
CGGACACTCGCCTGAG-D2_Stim,0.039684078315053384,0.06689428915963269,-0.10623967537179269,0.01938325634649729,-0.13037584179997808,0.035810657533708934,-0.396759202272861,0.010143587474264137
CGGACGTTCCGTCAAA-D2_Stim,0.0749106151259138,0.021472004122227162,-0.0486451432263042,0.1440652603268493,0.011831579863141428,0.2665979857285148,0.19992320587385048,0.1136910152057844
CGGACTGGTATGGTTC-D2_Stim,0.04005737318727398,-0.04199566379402597,-0.026780276424359428,0.0063426929831305046,-0.13365648315592615,0.13612207873418392,-0.09084341405043617,-0.0022987588003200443
CGGACTGGTTATTCTC-D2_Stim,-0.0023989421062982075,-0.041674943333696035,-0.07739167675295633,0.12844969552959107,-0.06465167893494339,0.16586544571788941,0.28655236439664034,0.06023515434885418
CGGAGCTCAAGACGTG-D2_Stim,-0.027504201512963178,0.0007998379439797532,-0.3257445500415672,-0.011213076154259483,-0.13546782788633038,-0.004425288295914598,-0.19698531408253928,-0.02979492497447822
CGGAGCTTCCTAGGGC-D2_Stim,0.008371087232571739,0.00164004024236597,-0.01859010208679468,0.03241663263071182,-0.21513738996670284,0.02171382316341841,0.0539822350763437,0.013130906230822248
CGGAGTCAGCGTTGCC-D2_Stim,0.08341982095598333,-0.016809694220798477,0.14356986934627614,0.07883362747140943,0.047603687598435585,0.10536880263818738,0.12835561112821914,0.04663874321791539
CGGAGTCCAGGTCGTC-D2_Stim,0.0024583400562168123,0.04463707274232043,-0.02814605165134232,-0.06531585460268019,-0.12358948492929578,-0.02492179644419501,-0.42318287313255887,-0.06191290725623588
CGGCTAGGTCATCCCT-D2_Stim,-0.07049573942081544,-0.06985081163729845,-0.180991704727397,-0.07023497813709056,-0.2929530023616689,-0.0011289720112515056,-0.48995837635863815,-0.07771421152510882
CGGCTAGGTCCTAGCG-D2_Stim,-0.0507543900389642,-0.044957060056106,-0.10013050602504325,0.03520483664026486,-0.18845792445840992,-0.001989927466464536,-0.0031604688768052114,0.005490642257074185
CGGGTCATCGGCATCG-D2_Stim,0.0960260281004004,0.037145911659074216,0.24530976898272883,0.026810051626499742,-0.061092073348730125,-0.08525146322737776,0.04508011423650515,0.038851824751187536
CGGTTAACAAACCTAC-D2_Stim,0.032710529752964845,-0.01985588448690656,-0.10819829352187327,0.14204509416597588,-0.20312254641606842,0.23078999331199768,0.07270458981708572,0.08302064629659611
CGGTTAAGTAGGGTAC-D2_Stim,0.024284665626428392,-0.03871527195176583,0.05661331295524885,0.05998670050844446,-0.10202326269336126,0.06368265456150901,0.06672142924092572,0.02860381810955026
CGGTTAATCAGAAATG-D2_Stim,-0.003706514775799974,0.019164698519322343,0.004185977446173439,0.128971736112506,-0.19815085682485822,0.11710427018616087,0.13647654607862236,0.09952418289824116
CGTAGCGCATACGCTA-D2_Stim,0.019393485138815336,-0.03645417463846634,0.05472309602818726,0.05436940547360081,-0.06245548123953881,0.07259391368494761,0.06003256323053563,0.03289835685922604
CGTAGCGGTTCCACTC-D2_Stim,0.060336474901896864,-0.02602743792094131,0.29532826985983895,0.037977442652262994,0.061496341053674186,0.013319964112397997,-0.012617490936057685,0.010703228131566433
CGTAGGCTCCGATATG-D2_Stim,0.055299729936523434,0.022108026521502566,-0.033142204318603596,-0.045509424699774925,-0.16111162541461255,0.03733485887708987,-0.7225642679031576,-0.05821507030863238
CGTAGGCTCTATCCCG-D2_Stim,0.04035794872742038,-0.01966378996903373,-0.034767913966060604,0.10164375216335664,-0.2473950893884318,0.19221265229552742,0.02524800146465367,0.049400780012202716
CGTCACTGTAGCGTGA-D2_Stim,-0.05480374111508013,0.007393103546476709,-0.04412532547012127,0.10293551738848095,-0.023538947475630678,0.18652637062404587,0.3543832926829218,0.11347052696838311
CGTCAGGAGCACAGGT-D2_Stim,0.026615533978842976,0.0710579626275738,0.35479187459849193,0.09398487023492841,-0.0647149987533524,-0.03703513062059649,-0.08464874745180406,0.055124236353458755
CGTCAGGCATGACATC-D2_Stim,-0.007543449499808119,0.02355719745721707,0.3177672832720546,-0.0023975172804924227,-0.09861427926515454,-0.07608178273278199,0.07057802823156578,0.0033567733509922704
CGTCAGGTCTCCAACC-D2_Stim,0.017461579224995916,0.08176979991267963,-0.11175527490187775,0.09974556002291912,-0.43500596357478116,0.05589310975307704,-0.570061722082329,0.05926746943378447
CGTCCATAGGAGCGTT-D2_Stim,0.0046877147111068496,-0.0347868045799995,-0.0576072655887927,0.12603931941979596,-0.05040272729338824,0.16201291255513972,0.28503192186730164,0.09376727085494352
CGTCCATGTAGCGTAG-D2_Stim,0.0653111166470719,0.025072948268272555,0.14143745125778118,0.1398150139220018,-0.15963497680163563,0.08118450052765347,0.1192839653733877,0.07757255529601537
CGTCCATGTGTTGAGG-D2_Stim,0.0333896095299675,0.040830918032831676,-0.00643085541859989,0.10345146131309235,-0.3120917738222104,0.10337455272496854,0.0007595788891574529,0.07581097810140314
CGTCCATGTGTTTGTG-D2_Stim,-0.04710031937594117,-0.0006949264944768885,-0.10061053063596592,-0.18492608093024288,-0.026707598947103506,-0.12408775790195214,-0.3732141178791011,-0.08298073055598998
CGTCCATTCACGCATA-D2_Stim,0.016016252085501392,0.06725061444305958,-0.08149589543265545,-0.03244983014958436,-0.08393495675408147,0.0026868959249046753,-0.44341529390003487,-0.05027933206815938
CGTCTACCACAGATTC-D2_Stim,0.10301641687064134,0.07978801073801023,-0.10968564031074912,0.20088748366062958,-0.0779629848680301,0.39178617639922386,-0.21807045546671944,0.16095467272799802
CGTCTACCACGTTGGC-D2_Stim,0.044984739292928566,-0.01095890394012855,0.07595516942664915,0.10105198496066237,-0.21674399255156374,0.08566514300634687,0.10645268055841317,0.07206465838364373
CGTCTACGTCTTGATG-D2_Stim,0.10382515631954448,0.07154218438235027,0.2447070392316597,0.03756584043780542,0.00626403953337018,-0.04972112874059498,-0.1707864802158774,0.036661573892864396
CGTGAGCAGAGGGATA-D2_Stim,-0.0042502112287987615,-0.0589483327865743,-0.2268016033232545,0.091025422429027,-0.23812890897406724,0.1359556236810402,-0.03265332450193981,0.05543985557407716
CGTGAGCCATCACGTA-D2_Stim,-0.09272143854691173,-0.013115804361600425,-0.12467410750801555,-0.09223796749811619,-0.0665796014830331,-0.04246728337685468,-0.3856461276355265,-0.028973618137960955
CGTGAGCGTAATCACC-D2_Stim,0.017638620825405127,0.024616807209566716,-0.05274101880217508,-0.1374329726747039,-0.058068609570677054,-0.016259031637527954,-0.36775451298316497,-0.052917078057463485
CGTGAGCGTGGGTATG-D2_Stim,0.025966557236058563,-0.009553152531815101,0.06498254299096651,0.05489637625720967,-0.07373431141432008,0.05357676766002584,0.0916525098369485,0.0642044817722649
CGTGAGCTCGGATGTT-D2_Stim,0.0063478562523435755,0.06918836698434205,0.18470554746550327,0.06948232778897889,-0.08840554288113545,0.1264233731365021,0.22331245539107858,0.07216931481080557
CGTGTAAAGACGCACA-D2_Stim,-0.03438085751059816,-0.0032553913384187894,-0.11702239555145155,0.09975146718235806,-0.0652963023734845,0.06213200433546362,0.23822241102473907,0.05361781719954983
CGTGTAATCTGGGCCA-D2_Stim,0.012597738150544657,0.05403959175150419,-0.10586211391996869,0.039281127585379494,-0.407177880299594,0.025321290280059472,-0.611959708801816,0.030829076077667494
CGTGTCTAGCAGACTG-D2_Stim,0.04782045757173492,0.02738678945915396,0.03388708391993234,0.14500991114815243,-0.24831651516600317,0.10259646725647364,0.10990615778568102,0.0834619293855976
CGTGTCTAGCTGTCTA-D2_Stim,-0.03833946322397708,-0.08651010403838022,-0.27602223428583805,0.1336997828707691,-0.07882965457014635,0.32014127465897957,0.2870402378362247,0.06689070038755318
CGTTAGAAGCGTTCCG-D2_Stim,-0.014935778055834348,0.014008946824240809,0.08814645316573255,0.14397153928995365,-0.08281211436554514,0.025114287715423345,0.46269697622473593,0.06014563894671454
CGTTAGAAGGCATTGG-D2_Stim,0.06314162955045077,0.0033301916201882165,0.007861659705163504,0.08780435387794583,-0.010363273241514648,0.08843533544660787,0.134467187255221,0.07286843232350293
CGTTAGAGTCGCATCG-D2_Stim,-0.09948734915858637,0.00748485410719546,0.035168244622617806,-0.06088089747071734,-0.04180099155416528,-0.05077956231655989,-0.23204074132110897,-0.050115743703518234
CGTTCTGCACCTTGTC-D2_Stim,0.028500757746794392,-0.015275238015938442,0.0021783782407744923,0.10618216933907476,-0.09543402567215331,0.1732930483950419,0.21984340769750688,0.06959063831230239
CGTTCTGTCGTCCGTT-D2_Stim,0.07512028551898098,0.03408278521930974,0.11397378504151234,0.07805930607003475,-0.05156303275226293,0.13422512438335588,0.14234855627360687,0.0805106806582927
CGTTGGGAGTGCTGCC-D2_Stim,0.042538259240759047,-0.007482247252823981,-0.019876207381226862,0.13189161058755872,-0.10747692706843104,0.16954568082359778,0.21181807492639315,0.0725622624876916
CGTTGGGCACTGTGTA-D2_Stim,0.10249186308116798,0.08346859030592846,0.17950926766178732,0.04831745316232272,-0.3027508576684479,0.0522589329510037,-0.24497211953018194,0.06824998820828831
CGTTGGGTCAGTCCCT-D2_Stim,0.007853688659340108,0.0265580076095695,-0.07626571304145635,0.15877108197437373,-0.22020941432604424,0.16871018052231435,0.22424683165819115,0.10008917852653809
CTAACTTCACAAGTAA-D2_Stim,0.018300863703771597,-0.011697849395105209,0.01828740078319413,0.0326717757644861,-0.11108730319327975,0.054294170728303115,-0.16392808080964372,0.02703400352595864
CTAACTTTCGGTCCGA-D2_Stim,-0.016888154966666846,0.026804819341361252,-0.06847344071341777,-0.043095320130449366,-0.046073845123073554,-0.02743778459871926,-0.12226888614705089,-0.02629213565677624
CTAACTTTCTGCGGCA-D2_Stim,0.022576088897578117,-0.07401122960589568,-0.3143645965386579,0.07249436874765003,-0.11700423306255736,0.12552775305747765,0.149046498068528,0.05726222264945946
CTAAGACAGCAGACTG-D2_Stim,-0.016497454715022286,-0.006943123977825039,-0.022856198450085685,0.11447248118255793,0.027852574163061306,0.1271648253713451,0.3051838151833923,0.09038720677382095
CTAAGACCAGCGTCCA-D2_Stim,-0.09084091538022498,-0.050198466322726176,-0.1170419381659693,-0.02094752528224042,-0.15457030423743845,-0.041255851560782375,-0.031008236670473366,-0.047187266745817524
CTAAGACCAGTATAAG-D2_Stim,-0.003074203885157445,0.08988195919428321,-0.059333714015646244,-0.07010198255850497,-0.0074051920337740995,0.0173118468147635,-0.9281782505040059,-0.03519775393914237
CTAAGACCATCCGCGA-D2_Stim,0.1294154166572703,0.094367526553361,0.2555171862428782,-0.18686646497899062,0.1556031990388025,-0.15607286694439537,-0.6329864327931087,-0.07105051671931228
CTAATGGTCGTTTATC-D2_Stim,0.04395248921881567,0.014335357006929783,-0.09853752837388985,0.028134412338300052,-0.3987113045964108,0.037292821820472,-0.6200693056670161,0.024952897828702802
CTACACCAGAAACGAG-D2_Stim,0.02890585239917698,-0.018270175165802982,-0.04087199412497711,0.17315424484572794,-0.046269145028858816,0.24445870950676785,0.29342830434570466,0.11465951172580802
CTACATTAGCACACAG-D2_Stim,0.013246236505079168,-0.029547108464186067,-0.10316267594839701,0.13118571539408386,-0.09785654348630679,0.20561071629777317,0.22107266198318332,0.08534125341190624
CTACATTCAATCTGCA-D2_Stim,-0.04705806896788722,-0.011414293919532525,-0.1115675229861619,-0.13350129893730944,0.01886909880586707,-0.03720465154543362,-0.5377090167981109,-0.047136381495958446
CTACATTCATGCATGT-D2_Stim,0.05179925196545199,0.06317097557015394,-0.01272682022947702,0.03519316324910804,-0.25056504612846986,0.012490517007229585,-0.6373485464449402,0.037543308599657266
CTACCCATCACATGCA-D2_Stim,0.09905142900510455,0.030823935031243366,0.1447756005329115,0.1123294597603941,0.07482523941676966,0.08486933377484718,0.1776633454203509,0.0357585454460807
CTACCCATCCTGTACC-D2_Stim,0.014557421134052007,0.04847496143913155,0.29599404814522856,0.12176442587218439,-0.10973669069975678,-0.00957954093004787,0.012170021908723072,0.07805017519797808
CTACGTCAGCAGGTCA-D2_Stim,0.1192445649667544,0.08355235604526356,0.10408027722063551,0.12719744455426252,-0.1875031176349644,0.08313225629886034,0.027789344939487926,0.10498829156234812
CTACGTCCAAATACAG-D2_Stim,0.0002791408989875066,-0.0201365720701574,-0.1465525636345184,0.17585967639741718,-0.005072596990837397,0.2430867992771386,0.24828670990519974,0.12619274247137824
CTACGTCTCAGTCAGT-D2_Stim,0.04161402066392483,0.033909338734043004,0.04302565989070395,0.12703368061903042,0.04488932566790105,0.11357775265091874,0.34097926406186385,0.06162032417010188
CTAGAGTGTTGCCTCT-D2_Stim,0.051557440306705615,-0.036289763329214964,-0.10390521242965889,0.08320631423385372,-0.08309241509975251,0.16184339746157939,0.14959889991240516,0.0706407801406499
CTAGAGTTCAGCCTAA-D2_Stim,0.04823460828456483,-0.02084902135198874,0.018312680532888592,0.1347208135386122,0.022655717375894113,0.1708184108195301,0.14515133060775032,0.08898474489980757
CTAGCCTAGTTCCACA-D2_Stim,0.035636915305016004,0.056193856974870116,-0.1801215179471809,-0.01542952882436488,-0.23911571499436235,0.06335713403171184,-0.5736784859725361,0.022804610164440575
CTAGCCTCAAGACACG-D2_Stim,0.08126554856846724,0.02363056693968346,0.1062557682499996,0.0946435133674921,-0.07967829802187687,0.21972050397712195,0.14543742789757985,0.10426386015333833
CTAGCCTCAGACGCTC-D2_Stim,0.1115401899792392,-0.028714228516504292,0.028131064439374853,0.14268700747776109,-0.03365557258413787,0.2666823898568822,0.2514991702856113,0.07910388025245219
CTAGCCTGTATTCTCT-D2_Stim,0.07257299746406254,0.010038745746614453,-0.1255098268779058,0.14219830421554036,-0.004887491726899285,0.16416064021007237,0.37529247057034265,0.07359206751966418
CTAGTGACAAGGTTCT-D2_Stim,0.04163745857120915,-0.002382538304114945,9.663638601509206e-05,0.11242984974827408,-0.036524947210672565,0.15223163715118027,0.15763469449995782,0.0850751927389215
CTAGTGATCTGGTTCC-D2_Stim,0.04959778198561793,0.0008937899426904039,0.13466569470600298,0.057514298023379595,-0.06750893277192205,0.004239000739801213,0.1929249424750088,0.05811491222996246
CTCAGAAAGAGCTGCA-D2_Stim,-0.005371196809209167,-0.03187376760108407,-0.034183260079092115,-0.0170964069904862,-0.08595749632617711,-0.0012461843082789414,-0.7071288404055238,-0.03286874113736005
CTCAGAACAGCTGCTG-D2_Stim,0.03702145748102126,-0.03861689197225182,-0.2515001314235441,0.17951015412953808,-0.166995094959681,0.31488878530486986,0.35117719341645426,0.09604202997817346
CTCATTAAGAGGTAGA-D2_Stim,-0.009319215668988079,0.10037922606831096,-0.010393436499473552,-0.09701749311315133,0.029955244012365156,0.017360953995238404,-1.6013119610475766,-0.07022261887307124
CTCATTAAGATGCGAC-D2_Stim,0.043016679107884315,-0.016754383247201687,-0.025111932568673723,0.13840256165423703,-0.11187807112066928,0.19586475889418686,0.315924801583102,0.11371641679102318
CTCATTAAGATGTTAG-D2_Stim,-0.0062612167444697775,0.0059208263265109196,0.06950450371559391,0.07987335709367471,0.06189050763813064,0.012199489059254276,0.19227056522407882,0.004160446457762035
CTCATTAGTTACCGAT-D2_Stim,0.11719197614234744,0.06234882920717055,0.14003509167870298,0.13782311875354658,-0.11258376651633561,0.08607352351093311,0.17245507698212847,0.09321433228498144
CTCCTAGAGATGTTAG-D2_Stim,-0.0072208145336158935,-0.03309306416113067,-0.1640637436782697,0.0920671618872202,-0.02931810354114539,0.05186455007178559,0.29330565175389367,0.08186791036975372
CTCCTAGAGCACAGGT-D2_Stim,-0.09850277246929551,-0.0006988889031127599,-0.24266715496061764,-0.10728591909292717,-0.11937808985338627,-0.07441862144576561,-0.5199253448729291,-0.08391628964106346
CTCGAAATCAGTCAGT-D2_Stim,0.04865124500436124,-0.010237468640678316,-0.02089864942868047,0.12046589148188325,-0.12094685600584221,0.16077083044531904,0.22303069204652104,0.07641541003243013
CTCGAGGGTTTCCACC-D2_Stim,-0.06904409780729992,-0.003385183048361995,-0.2059470664244527,0.11341723691164951,-0.07912718101134963,0.19021162269790182,0.23178850176863364,0.06795811271751084
CTCGGAGAGCCCTAAT-D2_Stim,-0.08828885586246571,0.008523656876528563,-0.2305917120175689,0.1314961695468959,-0.10896738296282216,0.20755478066272381,0.20658424892790705,0.07454663134127593
CTCGGAGCAGCTTCGG-D2_Stim,-0.004489675238803059,-0.034252201886214806,-0.039082985937633374,0.0012570154653204213,-0.14673481522752319,0.0413759975382586,0.07355834976969078,0.015196369104428342
CTCGGAGGTTCAGGCC-D2_Stim,0.034446968886140183,0.01562675084855769,0.08058419578649989,0.1389236916257186,-0.0996373058811848,0.07319324613051137,0.25732349143114064,0.10868244299573959
CTCGGAGTCGTGGGAA-D2_Stim,0.008285916198540022,0.07164278875651853,0.03803422925905231,-0.17217413009465155,-0.18492281391905685,-0.1636458727412471,-0.9427368235327815,-0.08552819404514445
CTCGGAGTCTCGCTTG-D2_Stim,0.03887868593032273,0.045242695456357396,0.09033756245426794,0.1423383595305161,-0.10594145187942772,0.1304612962338414,0.2536517153710145,0.0816899918057512
CTCGGGAAGCGCTTAT-D2_Stim,-0.07839446838767294,-0.08219162433951688,-0.5582672731039242,0.1287332191098418,-0.042541030626846776,0.1458466591400498,0.32187926748567275,0.04260877748069447
CTCGGGACACCGAATT-D2_Stim,0.04179368602554234,0.004161601298617867,-0.12733263056253463,0.1112276213477017,-0.13964040057239835,0.1836820169182154,0.10940122967522026,0.08209478656862323
CTCGGGATCTAACCGA-D2_Stim,0.002494274042375011,0.06047826504699039,0.33674540129450037,0.047248980909690985,0.06426997489803732,-0.0014912607675370282,0.11947218307545437,0.0399833100797089
CTCGTACAGAGCTTCT-D2_Stim,0.05249155792422755,-0.09541825069162257,-0.3450006690066658,0.1247166150673511,-0.06500188331607148,0.11163929428960628,0.141157398991675,0.0645380774962554
CTCGTACGTGTGACGA-D2_Stim,0.009334678275454422,0.016084698593044067,-0.061634472347186886,-0.15877001291893045,-0.07148999700522118,0.00017540461140796992,-0.3956423549589907,-0.06628585952466715
CTCGTACTCCTGCCAT-D2_Stim,0.0017758719807421386,-0.1291395834780502,-0.43607356527107655,0.1403714150171016,-0.04409095472988689,0.20175881542682816,0.3703003641881919,0.06282412693819417
CTCGTCATCCCTAATT-D2_Stim,0.0648146196348165,-0.011248598830380985,0.1015844467349396,0.0751030040834717,-0.08994106048773531,0.09258194590925228,0.06361391730519728,0.05250071143970558
CTCTAATAGCAATCTC-D2_Stim,-0.004638010732374909,0.06378385772083739,-0.04279796072741693,0.10076020398984475,-0.466034256724031,0.024915818216218355,-0.7289051089549883,0.07181161841015182
CTCTAATAGGACCACA-D2_Stim,-0.017290727360052216,0.08031311559982157,-0.08899363191812171,-0.16346943850609286,-0.4602993396637647,-0.2515947661566802,-1.3415890114467839,-0.12786684411644167
CTCTAATCAGGTCTCG-D2_Stim,0.029082524764888262,-0.018666976906738242,0.021017784868160305,0.12260193037741907,-0.06572057828359767,0.18840548413836977,0.2011513727435572,0.10454263514608009
CTCTAATGTGATGCCC-D2_Stim,-0.054475353184567865,0.0021514448943431574,-0.03448326410847358,0.10076539872573242,0.011296091036864908,0.202813020725074,0.43175383946880785,0.07606437909295316
CTCTACGAGGGTCTCC-D2_Stim,-0.10928744818720837,-0.06333049648570288,-0.060630562613130934,-0.0991700639372688,-0.20938971341727353,-0.13617425209645617,-0.13316372688166567,-0.08551871602406536
CTCTACGCATCCCACT-D2_Stim,0.04774125211988256,0.05307700064998144,0.038178259578023344,0.0529052046678995,-0.28056257611698143,-0.023661385945949576,-0.28947235551929573,0.03944017148629975
CTCTACGTCGCCCTTA-D2_Stim,0.04873467693677469,-0.04342349917320654,-0.08029215706029191,0.10489154110595678,-0.0956830674374558,0.08574835311633322,0.1838572417074733,0.07033673824887643
CTCTGGTAGTGGAGTC-D2_Stim,0.090355847633532,0.02922422873032815,0.09255055443916937,0.14102025214857328,-0.0113471153289737,0.1906644033918532,0.2220921985921862,0.09444508960211628
CTCTGGTTCACTTATC-D2_Stim,-0.011913396046242752,0.005214944082744921,-0.08817019103412971,-0.04865603127084128,-0.18760298615985782,-0.03291639621975584,-0.17003185368977825,-0.036993979841172475
CTGAAACAGGATGCGT-D2_Stim,0.0640981598127528,0.004724333184929819,-0.11151348016407603,-0.11188583537603058,-0.20822214438329567,0.0750817747778747,-0.8209504054821011,-0.11935911574367175
CTGAAACAGTACGTTC-D2_Stim,0.013061461657306594,-0.033774996421200854,-0.005257252657447253,0.10626330895865443,-0.02082810177063621,0.12970812836066337,0.20206194204864936,0.06772443559928298
CTGAAACAGTAGGTGC-D2_Stim,-0.0019017260624973886,0.004910136584689084,0.10163424093558238,-0.258810902465477,0.06437448072386864,-0.04236808742786202,-1.136624764430394,-0.13235191838740867
CTGAAACCACCCTATC-D2_Stim,0.10192421213626979,0.027036874666192645,0.08632999375762296,0.10500964896058385,-0.06638599335067497,0.07255049863834806,0.1910598477951666,0.08902333415771757
CTGAAACTCGTATCAG-D2_Stim,0.03785265371955404,0.046794161058528516,0.06364671527567722,-0.031115012518096563,-0.295936071861874,-0.037238274911274516,-0.675337142964004,-0.006900183783551839
CTGAAGTAGCTCCTCT-D2_Stim,0.013443353604911223,0.00303771942378539,-0.04792618603900678,0.16738022433891508,-0.045709125029700814,0.2804437114463383,0.26104899455398467,0.1396924269895603
CTGATAGGTCACAAGG-D2_Stim,0.012210152510373717,-0.05775951307536786,-0.030261531495924032,0.11497780378985212,-0.08397395936994556,0.2166666838355269,0.3064340288199494,0.09076630562228871
CTGATCCCAGGCTCAC-D2_Stim,-0.046231668546905524,0.03306264426182537,0.09721957032058448,-0.2943179187287015,-0.1948730894471442,-0.2683994142352457,-1.3667895266864267,-0.1561572430291669
CTGATCCTCATGTCTT-D2_Stim,0.09271558136291524,0.060346477810327315,0.13633572966889496,0.06120160032410027,-0.19475221695775957,0.041907509136381194,-0.1444625616239552,0.08017198138374759
CTGCCTAAGAGTAAGG-D2_Stim,0.031205544515946926,0.033200949463511265,0.053017979715304975,0.06923722381911901,-0.038276361332943765,-0.05314421707850059,0.08231877336146809,0.0503512957798673
CTGCCTAAGATATACG-D2_Stim,-0.14070721253419194,0.07025667564666982,0.3892542468245903,-0.0023402473663676204,0.059741427013436876,-0.24534395094215888,-0.09241983360395878,0.008077136274433627
CTGCCTAGTCATATCG-D2_Stim,-0.013815533589305318,-0.0064796103601239,-0.28501948357502016,0.00517159729385952,-0.2059814746821491,0.040494627372885006,-0.418968218260499,-0.020253488279076137
CTGCCTATCTTTACAC-D2_Stim,0.015310219163092498,-0.020467422542564506,0.007303348479307914,0.0739227930232147,-0.13434676895644238,0.11499083830377366,0.13391904925362041,0.06757553582522746
CTGCGGACATGTAAGA-D2_Stim,0.12696101215627564,0.00965723906343463,0.09110116481769559,0.19587163338191793,0.07412301710218472,0.31041994654059124,0.06540845394335015,0.12428740062201271
CTGCGGAGTCTGATTG-D2_Stim,0.017445730723190778,-0.03690397788872346,0.19974579434018658,0.009491826041402973,0.03701317390544645,-0.05427633698478296,0.018028219000091106,0.04181649553509459
CTGCTGTAGATCTGAA-D2_Stim,-0.02167958806072079,0.006625840032199903,-0.045495892776775904,-0.11582762143552294,-0.03379936870416955,-0.04025829982459683,-0.3228163316086423,-0.03780217294376875
CTGGTCTAGGCTCTTA-D2_Stim,0.06796174620239981,0.015059212725596183,-0.05568517024869735,0.07976510706478201,-0.17820104240028378,0.05728742617267635,0.22321832240937667,0.07816954377564755
CTGGTCTAGGTAAACT-D2_Stim,0.03923149821083882,0.002180860029151077,0.14274041931061454,0.1047253705163822,0.03546228369175708,0.13788336914535115,0.05889560641974878,0.08588121611931854
CTGGTCTCAGATGGGT-D2_Stim,0.07258413070691816,0.023865221985504448,0.09870866307470116,0.12952159378530403,-0.17922661353726888,0.14987871075426007,0.1628836864938341,0.13284027624171912
CTGGTCTTCAACACTG-D2_Stim,0.042601711059445435,-0.0036197767913783707,0.03898960819371311,0.13368259756119194,-0.04533515455881165,0.1584667366272683,0.23393143737321154,0.09359695773899723
CTGTGCTCACGCTTTC-D2_Stim,-0.11449947820510609,-0.01993107577846942,-0.16875128221457203,-0.18894286488397505,-0.08267349372167843,-0.2618396531026903,-1.172472008861023,-0.1640679623519894
CTGTGCTTCCTGTAGA-D2_Stim,0.017733720694215194,0.018583265753022715,0.06576128912077372,0.06534245328669996,-0.17102251742069186,0.05730398797340719,-0.18274871657618075,0.03723153782280697
CTGTTTACAGGCGATA-D2_Stim,0.003036817914528811,0.035625245380581205,-0.11987381307365474,-0.009925691387334012,-0.17777016717313643,-0.0034305192077130897,-0.3467579128040832,0.007349183705278151
CTTAACTAGCCACCTG-D2_Stim,0.15010689815260747,-0.025003230201818383,-0.3202620279806858,0.17236499761799173,-0.08241157945200328,0.2970468383337703,0.2142277339390457,0.11048044608088503
CTTAACTTCTTAACCT-D2_Stim,0.025669592150505238,0.04079366134310369,0.05216894995764321,0.05928772569857976,-0.23780404433724733,0.06959004371545241,0.1662690674592895,0.06940591494182158
CTTACCGTCGGAGCAA-D2_Stim,0.06943735878817314,0.03213550174533886,0.34430632707300557,-0.2560287978819833,0.09895678645383654,-0.2538668177621215,-0.872965672055793,-0.16084305919595288
CTTAGGACACCACCAG-D2_Stim,-0.010072533014197305,0.06127777616414143,-0.035964918226986775,-0.11129950101358332,-0.004596824303799707,0.022695303933447875,-0.8297925622898141,-0.08366388296835403
CTTAGGAGTAGCTTGT-D2_Stim,0.013034652789551515,0.057805510981514985,0.1805398977044117,0.03837394254530402,0.020724743431175696,-0.029813486476856,0.24378875502606157,0.04821106367956851
CTTAGGATCACCAGGC-D2_Stim,0.04564641291145932,0.025368369561377335,0.22110220177178164,0.08025955921606176,-0.21944640685768846,-0.035086682479276377,-0.020214124223485896,0.046919281777128674
CTTAGGATCTGCAAGT-D2_Stim,-0.029266617777556903,-0.02197113807138429,0.18541600288062732,-0.20208304537305288,0.005179279440765683,-0.06973697720151684,-0.49596819060185204,-0.10588755112804371
CTTCTCTAGTCGAGTG-D2_Stim,0.11049247749317104,0.09219953426681826,0.23197798683833248,0.10041945870579916,0.02901945781137627,0.010147659217969007,0.07686553288147735,0.06669697506751682
CTTGGCTAGACTGTAA-D2_Stim,-0.005038719971317107,0.08902199015973977,-0.07894859515312547,-0.14413897875352077,-0.4695102808309173,-0.2705873214039638,-1.394196910517131,-0.14547631965938734
CTTGGCTAGCGATGAC-D2_Stim,0.00909160327220171,0.056401588555615945,-0.11678643048453985,-0.12636245217339592,-0.07463524078925765,-0.0974082014879496,-0.3882687625562369,-0.05487913422097179
CTTGGCTCACTACAGT-D2_Stim,0.061544615179643714,0.07055282625440285,-0.05430768526951102,-0.08309518097965984,-0.07688076435949398,-0.026758091863699818,-0.3378297575476452,-0.02027788311683487
CTTGGCTCATGTAGTC-D2_Stim,0.035107580994784726,-0.022769374034913525,0.06269721933429473,0.11442939270215646,-0.07110759899345886,0.10173588910424236,0.3668984028244635,0.092433086394335
CTTTGCGCACTCAGGC-D2_Stim,-0.006712026848859409,0.0037689415742185872,-0.07957461262102328,0.17791859979596225,0.022760564488594426,0.3470044373499359,0.31374687950294167,0.14143433538452754
CTTTGCGGTCATTAGC-D2_Stim,0.07630112636382336,-0.003957162671918368,0.14436573692287702,0.05535679663028148,0.11003690056642768,0.09537118697443958,0.06372044021741008,0.0596898784558757
CTTTGCGGTTCACCTC-D2_Stim,0.12134032867356837,0.029645868669986086,0.3051149918601501,-0.3041298586520398,0.13049516821321738,-0.30061458059566704,-0.8375156356453051,-0.17684317655042392
CTTTGCGTCGGTGTCG-D2_Stim,0.012824749887077047,0.00033901229313393344,-0.08734649354296575,-0.05791344618551442,-0.10434691005070995,0.06880603440961686,-0.6768770381190006,-0.015275968374208304
GAAACTCGTACAGTTC-D2_Stim,0.028212483198165828,0.018789642315979904,0.01907270186552701,0.049367533800250385,-0.20813415000893976,0.05822178126288868,-0.0014190696548208592,0.0414314506200828
GAAACTCGTGTATGGG-D2_Stim,0.047619519112702235,0.05660991733691034,-0.03965573224097341,0.06752407562980345,-0.1599171519341791,0.24247464126040086,-0.29703259926426995,0.08577511391811399
GAAATGATCGCTTGTC-D2_Stim,-0.11653337768341743,0.013388910826250822,-0.09489150214913966,-0.06683765094957472,-0.01613998477894185,0.06161351173321883,-0.693175493845466,-0.03601284074291833
GAACATCAGGGCTTCC-D2_Stim,0.09027075717237132,0.043813519444448445,-0.030859009432218087,0.13966823026466813,-0.25289263686204144,0.1938474353728843,0.058275656663902,0.07761623836597309
GAACATCTCGCCTGAG-D2_Stim,0.029431548740612712,-0.05205664282360445,0.06237187998273974,-0.013914430485121088,-0.07412033925930928,0.08346364378691895,-0.13488851577344718,0.006466190892616908
GAACCTAAGAGTCTGG-D2_Stim,-0.09627386088861556,-0.022807550132155185,-0.213756760647958,-0.10331114245609463,-0.1258683027249372,-0.1268803552299449,-0.41303396757963284,-0.08163203247686823
GAACCTAAGGAATCGC-D2_Stim,-0.04205041777445473,0.031353251784635106,-0.11864002782361283,-0.07375572573659284,-0.1108493879745005,-0.008369157152818829,-0.6302914491889595,-0.03612449022568853
GAACCTATCATGTAGC-D2_Stim,0.07254183917833501,-0.010890703812522773,0.12200148002347078,0.16149665369150235,-0.07580601581564039,0.13466201436099112,0.37704120820755804,0.09638611462362512
GAACCTATCCGGGTGT-D2_Stim,-0.14636805229206118,-0.028579400231690144,-0.09827596181621612,-0.028149012418344554,-0.0912052615250154,-0.057757834871612346,-0.1606836278964039,-0.020531945029803822
GAACGGAGTCACCCAG-D2_Stim,0.045211606044770036,0.030440754555302263,0.08384777223986895,0.10919158472797541,-0.0992813740355345,0.13186055618511894,0.14892956049127193,0.09399594126248267
GAACGGAGTGACTACT-D2_Stim,-0.052172348686951864,-0.02199495626417658,-0.04105738149594895,-0.0007668648957821489,-0.13122537773850063,-0.004435062213509866,0.1612435866234332,0.0034636550861115722
GAACGGATCACTCCTG-D2_Stim,-0.05047900014013429,-0.04461785308547128,0.08257268519297689,0.04747551446582321,0.05133998455768207,0.16085694616941737,0.23129504551988944,0.03882479973743891
GAAGCAGAGGTTACCT-D2_Stim,0.13241639702170183,0.05887933175741544,0.10514043635260606,0.08183678797965044,-0.1794807791411781,0.05325225900960007,-0.07649286992495874,0.061554542151704084
GAAGCAGGTCCGACGT-D2_Stim,0.03655001655972967,0.003970287749146095,0.11063022218097807,0.08777677954714846,0.06928893486730026,0.0423074835708519,0.12594972201645138,0.08161424151741059
GAAGCAGGTTCGGCAC-D2_Stim,-0.12047136624621047,-0.0374629116106906,-0.09314441919479943,-0.014053150919904667,-0.12328979287136299,-0.03856727967528606,-0.00526302749604568,-0.01284983846740495
GAATAAGCATGTCGAT-D2_Stim,0.03569975920544799,-0.08586107326652659,-0.22121799359650396,0.11799396297167064,-0.06256267499372115,0.3199996355895003,0.12623136319445116,0.06987743986157113
GAATGAACAGATAATG-D2_Stim,0.05630304172618672,0.0033318233931591834,0.022280907513041015,0.11968152432857693,-0.06681576934868794,0.197983119790635,0.17268434971172386,0.08402528104726237
GAATGAAGTAAATGTG-D2_Stim,-0.0866153106861578,-0.01859300054121249,0.04269147695420106,-0.11617939611923056,0.024511098450743063,-0.11095805304174,-0.4433453723195857,-0.06672923676139497
GAATGAAGTGGTAACG-D2_Stim,-0.014069900998478602,0.036082250550395045,-0.13491229819230277,-0.040536535508641336,-0.12814364674805567,-0.06892529474218989,-0.4977258090804568,-0.027946952673264747
GAATGAATCAGGCCCA-D2_Stim,-0.013458998011486756,0.0037207045671650008,0.05991667578005533,-0.1562896070808204,-0.053452662798942896,-0.05809172147555053,-0.326999599931602,-0.08031977642898269
GAATGAATCGCGATCG-D2_Stim,0.026737609266254125,0.08541737236562241,0.22108102533240714,-0.2433980970866383,0.09203800322450917,-0.13654005017829185,-1.1293229734953893,-0.11712852944088326
GACACGCGTCCTGCTT-D2_Stim,-0.11852290252864961,-0.10748193406655915,-0.24808252868993286,-0.05629954991948338,-0.05883760660850079,-0.08140373582481253,-0.03009742962520434,-0.07951959482752002
GACAGAGGTCGAGTTT-D2_Stim,0.0018951434029226277,0.053869312669556635,-0.32442854701448187,-0.047438727883266196,-0.3823782405606835,0.08493459978023132,-0.6668473639803842,-0.0008025831769860048
GACAGAGGTCTAGGTT-D2_Stim,0.04522719424011434,0.011592384397843603,0.09828491856081101,0.09302587072608581,-0.06234240004132019,0.08790429690235513,0.2283057178760597,0.08718605026433224
GACAGAGTCTACGAGT-D2_Stim,0.05966093873881384,0.06416968365218167,-0.010553550728430672,-0.060889277608564996,-0.032670724883981705,-0.005077965839285881,-0.6536515252461275,-0.09673367800456667
GACCAATGTATATCCG-D2_Stim,-0.009582870538697108,0.08532766110382006,-0.13342982052185093,-0.16322272406556415,-0.39436565437619464,-0.21526652601577645,-1.506364834413704,-0.12723736956991516
GACCAATTCCCAACGG-D2_Stim,0.041984829913753074,0.00044619352134844803,0.02748498617900985,0.08241472472955635,-0.09388340654981242,0.10364364887559852,0.19270154728540145,0.06251473353055026
GACCTGGCATGTAAGA-D2_Stim,0.05342478795682659,0.012340665769356107,-0.022189102413573636,0.04609798514942298,-0.2352310445561656,0.1395821227729801,-0.46686368466380834,0.04828614714144486
GACCTGGGTTGATTGC-D2_Stim,-0.04981828299447777,-0.024751902829368788,-0.06695783925105037,-0.026597376056169963,-0.04531433267364626,-0.016557125106229975,0.014433467091579999,-0.007830494141872535
GACCTGGTCTTAACCT-D2_Stim,-0.017469384902264906,0.04017018255333227,-0.22256236934616513,0.06458688278099167,-0.46280807358142617,0.010055728114700457,-0.545422067802102,0.04073516369415131
GACGCGTGTTGAACTC-D2_Stim,-0.04667640916679261,-0.013107007133633886,-0.021127602363590903,0.013681326066699029,-0.045194165132105724,0.022750174375461896,0.16972906164303758,0.008210214391047188
GACGGCTAGCGTGTCC-D2_Stim,0.010850297807058595,-0.060396499993604635,0.02486461941318474,0.0839225335346292,-0.02068544295189767,0.11568311385630992,0.2256055995448376,0.06137541699285087
GACGTTAAGTCACGCC-D2_Stim,-0.027993671702597922,-0.12621680553260006,-0.17996046512320163,0.11961983599893777,-0.13001544699652356,0.1369973188732896,0.5782255981648206,0.015639175974772712
GACTAACCACGGCCAT-D2_Stim,-0.03811125281478134,0.012610327968275215,0.05441477717323373,0.15464789659842815,-0.02390868266167523,0.1579471339940035,0.20975194941439046,0.09132362444050734
GACTACACAGGTGCCT-D2_Stim,0.010352805355372752,-0.01896630325330939,0.04440649175648925,0.011988221487120754,-0.02087300089166355,0.01955594986038456,-0.008479377711866576,0.014958506221455892
GACTACACATCGGGTC-D2_Stim,0.02560563087988932,-0.01975013143185933,-0.027357400972777057,0.028319380693968554,-0.0522560235857874,0.017850930235107754,0.011856359651828186,0.029627060559898055
GACTGCGCAAGTACCT-D2_Stim,0.005735914341098436,-0.03443150962365493,-0.009524010981269093,-0.022517879904093263,-0.042541757593163254,0.010978448157544562,0.04913187396003771,0.0006836329015644793
GAGCAGAAGAATGTGT-D2_Stim,0.04079073647602982,0.021925965252082236,-0.05831747622114669,0.1211318723917465,-0.24222477201727344,0.13382900888936788,0.09430784050109509,0.09027086586379696
GAGGTGATCACGACTA-D2_Stim,-0.09188191918041788,0.00688785214236276,-0.09088403911409593,-0.15687208012983334,-0.408847379300342,-0.16045016030275683,-1.435656446104728,-0.1313697201614321
GAGTCCGAGGGTATCG-D2_Stim,-0.040525174405628306,-0.011680768979145384,0.10854605929875394,-0.10527358528300468,-0.06638490718212431,-0.041818519509210006,-0.3194257165037335,-0.07409908348318872
GAGTCCGAGTAGTGCG-D2_Stim,-0.008026359487370627,0.08436386313905864,-0.1705178706819881,0.03744663452164687,-0.4357666374662035,-0.004415548734156616,-0.36374624500370345,0.0320179960014606
GAGTCCGCACAACGCC-D2_Stim,0.06941222850967854,-0.0887217511284284,-0.014797773913821644,0.14220653573195996,-0.05527012656370367,0.2929974211840438,0.2503570175258707,0.0803948996256878
GAGTCCGGTCATGCAT-D2_Stim,-0.00983927577838628,0.03837959865842144,-0.15520694990613482,-0.02736575604323832,-0.18581361591030365,-0.001130472037464969,-0.574002173953307,-0.009473164855931415
GATCAGTTCGGAATCT-D2_Stim,0.010866216916850746,-0.04473678548283111,-0.11560129131631847,0.13216651533354806,-0.05261693079438068,0.2157959792214097,0.19516828690166932,0.08065815649361063
GATCGATAGAGACTAT-D2_Stim,-0.01171410088483249,0.03594510604899881,-0.028220803974404518,-0.14474352541302515,0.029244149632853933,-0.14180914635106134,-0.3764573195423573,-0.09236371084317163
GATCGATCAGACGCAA-D2_Stim,0.027289837121790228,0.07183453368223525,-0.08920822902855097,-0.012057717092822884,-0.11565484632335732,0.05472129774361534,-0.37531760339138387,0.004299074576637807
GATCGATGTAATCGTC-D2_Stim,-0.11159447822180368,-0.032712685254979945,-0.3564775770123383,-0.21456235568604676,-0.15095273848520385,-0.03844987012780443,-0.7650053528450371,-0.11175517398627477
GATCGATGTTGGTGGA-D2_Stim,0.01364904440752035,-0.002164298821750066,0.09235101471852492,-0.09452141990981744,-0.07242407434181075,0.02900844789426138,-0.20126080342198982,-0.04464099635719876
GATCGCGAGTGGGTTG-D2_Stim,-0.016652912485689342,0.01826899486985667,-0.018646895044240885,-0.09388798929166065,-0.04359220141703446,-0.05779297241694614,-0.6395336458672887,-0.030028204780739642
GATCGCGCAGGGTTAG-D2_Stim,0.040112893304900865,0.06812047661990306,-0.055004894372376434,0.02567681984098691,-0.4812214951337417,-0.04798247018355539,-0.5317864536432104,0.01641341577568589
GATCGCGCATCGACGC-D2_Stim,0.0383321240682406,-0.004796411884512963,0.025001836726008975,0.09744122607066608,0.021831304166665788,0.183304763699784,0.14219257131013396,0.08044941433909436
GATCGCGCATTGGGCC-D2_Stim,-0.13730728408551762,-0.043323568443497606,-0.15506855817143084,-0.16368574216558152,-0.2651937417624399,-0.15725640119799955,-1.2163015074356842,-0.11967330216794458
GATCGCGGTAGCGTCC-D2_Stim,0.08166228991252744,0.017968833285271657,0.06417497284256157,0.11503163490834112,0.022529442483630646,0.13877415969553297,0.07283928564757236,0.08030376335558032
GATCGCGTCACTGGGC-D2_Stim,-0.084531392039775,-0.027700572202746798,-0.05438825873088682,-0.07991967560783486,-0.016427853918816737,-0.07757714982782993,-0.008793337760872433,-0.050972520281806766
GATCGTAAGTGACATA-D2_Stim,0.10064789068706403,0.07543699559697714,0.19609096582840202,0.10519696126490707,-0.25132435069439296,0.08749606191122972,-0.16340090152923015,0.10579092514473487
GATCGTATCCCAGGTG-D2_Stim,-0.019320064132740455,-0.014523082791425779,0.12076451744957595,-0.1798055068897817,-0.026581139154222555,-0.05942693797567422,-0.37916182977584967,-0.0693556035865246
GATCGTATCTTAGAGC-D2_Stim,0.05144683741296774,-0.008277174644931051,-0.29679505136323314,0.073084276605206,-0.2766192981392841,0.08088069225518346,-0.28946841603510975,-0.01705460641812273
GATCTAGAGTCTCAAC-D2_Stim,0.04789787406659762,-0.06228702698068389,-0.18839911800823828,0.11981043983653272,-0.1258738554239187,0.28700183260099976,0.17103489812961303,0.051468674610529064
GATCTAGCAGCATGAG-D2_Stim,-0.015166217122356329,-0.014026518706709012,-0.1361744509368492,-0.017159262820854337,-0.1512395749633466,0.007528863661603324,-0.19407484735359581,0.012792415539669477
GATCTAGGTCGGATCC-D2_Stim,-0.04834775028631633,-0.01933345067690695,0.09534530675582076,0.09748002042547377,-0.01912730632678361,0.1071810825045354,0.21921826397263544,0.05447907310398037
GATCTAGTCACTTACT-D2_Stim,0.026436005791712347,0.01823836433196213,0.042989230875015494,0.17156198460900463,-0.0705491384881114,0.12735966911195185,0.4304342542493771,0.06191946692226935
GATCTAGTCGCATGAT-D2_Stim,0.0634813779144654,-0.008771919695979236,-0.0035053740598129934,0.1168281902253927,-0.04521581562815946,0.1494396813179133,0.08656458496057251,0.07912973270818213
GATGAAAAGGCACATG-D2_Stim,0.020973347268515852,-0.027319294438230557,-0.02011712318934933,0.07075704330446086,-0.06462701082894817,0.06406457912371621,0.20539487054003036,0.05819456482905139
GATGAAATCACCTCGT-D2_Stim,0.014258108677536185,-0.029993740239788735,-0.08024734177032578,0.13287031338651012,-0.20534340354193148,0.21559564428419442,0.18140012577433762,0.09723390459516423
GATGAGGGTGCGAAAC-D2_Stim,-0.08310196074641318,0.04724305423487429,-0.31555870336410585,-0.15304238549879834,-0.35376522871364635,-0.2548283401080269,-0.7031427677204078,-0.07334105227016963
GATGCTAAGGAGCGTT-D2_Stim,-0.052411782011706265,-0.0026826803864246074,0.08327849017013822,-0.11007527454216692,-0.020058746726597576,-0.060050770879687576,-0.3742811360121969,-0.07552539385959633
GATGCTATCCTGTACC-D2_Stim,0.0775116878954023,0.003944668964264153,-0.056047047379886195,0.07940764725717742,-0.06969823433781741,0.24798707553546606,-0.11290948622057506,0.05693181785744805
GATGCTATCCTTTCGG-D2_Stim,0.07960125595413281,0.04073169676389021,0.16816609169631924,0.049109737896747774,0.04268438871664415,0.11979417595687991,0.040199981500034454,0.06951990338669845
GATTCAGAGATGGGTC-D2_Stim,0.06746400285110177,-0.018879008783502016,-0.1010605284949122,0.17060204587515848,-0.28447634655014475,0.22859243368328386,0.011110456002265678,0.09142776741283676
GATTCAGCAGAGTGTG-D2_Stim,-0.002799790007642855,0.01412825372230131,-0.08815114005199298,0.10709901034005576,0.007253124627657925,0.1949220938486711,0.42842946706018825,0.06496371904792397
GATTCAGGTGTAATGA-D2_Stim,-0.08942344005417091,-0.008521294433039728,-0.15010384043738334,-0.02820767799706836,-0.08809472950734154,-0.003731538468704443,-0.3258042152114662,-0.02104254324980559
GATTCAGTCCTCAATT-D2_Stim,0.11084250721565603,0.059607633786979974,0.31714257973693094,0.09749326427651894,-0.10237662001132186,0.0687394240884629,0.17123375953103093,0.06146945986071728
GCAAACTCAAGTAATG-D2_Stim,-0.04049648974499043,0.018945545735922664,-0.17383292448035537,-0.02600813530326107,-0.21569816044338275,-0.03643684424964455,-0.44009530712892087,-0.025259848197494605
GCAAACTTCACATAGC-D2_Stim,0.12662722542386717,-0.07237594662188407,-0.5229785911147005,0.2014779538735052,-0.16334965214173636,0.16788602917204187,0.28722732926920624,0.07493861157126602
GCAAACTTCAGTTAGC-D2_Stim,-0.022581306007428026,0.022789517394411263,-0.03903971259332728,-0.14772255780689747,-0.048297473976326444,-0.07471566965355514,-0.3441051854502639,-0.07367365506533297
GCACATAAGCGCTCCA-D2_Stim,0.04456586390776529,0.0019416966359653287,0.04775413488781233,0.14904837962645345,-0.0570032280981696,0.12432927470757704,0.19243320606588643,0.11009590175220652
GCACATAAGGCTAGGT-D2_Stim,0.05417848107517109,0.019194511587727447,-0.003768318853902386,0.10636771291092018,-0.0548779283276879,0.21518293053223836,0.22742784398681337,0.11166752785791623
GCACATAAGTCACGCC-D2_Stim,0.13275338863415698,0.0851990128890332,0.32478814484207064,0.032241703345281536,-0.17774152811522903,-0.04575167802994784,-0.19160332822978976,0.04362240810486462
GCACATAAGTTACGGG-D2_Stim,-0.02274086481009796,-0.08203189964429569,-0.26780289977778615,0.14294599438004596,-0.147886065804002,0.31483273823979196,0.34026459242239415,0.07899309395940257
GCACATACAGACGCTC-D2_Stim,0.01859882653927869,0.01288787302652672,-0.1143945896241032,0.1502401469531769,0.03148933760669692,0.2894889628188597,0.3443217890594772,0.11905531734494623
GCACATACAGCTTAAC-D2_Stim,0.04684578684778273,0.03428780764980033,0.007616455461560534,0.07511854629186487,-0.12324769089667242,0.0805133604185233,0.04356113797706129,0.07062677921828353
GCACATATCAGCTCTC-D2_Stim,-0.049571882704638526,0.02663475788120806,-0.06272938594402167,0.002362299284332181,-0.0995226130330984,-0.027077551350211948,-0.30154958579077906,-0.034067768430398715
GCACATATCTTTCCTC-D2_Stim,0.016815379125077357,-0.04070779412962189,-0.2354695585903439,0.0733434966142461,0.00896069740218941,0.15253265259609883,0.19358292088351536,0.04328214414748288
GCACTCTAGTACCGGA-D2_Stim,0.010832309022118736,-0.020891015617037212,0.0392233708415759,0.12547295500456634,-0.017548496830352533,0.13437576876881963,0.08841999703540271,0.08280253744499255
GCACTCTCAGGTCTCG-D2_Stim,0.04071475031211236,0.03661137289972238,0.031575043814196846,0.11079646460433956,-0.2994954794498508,0.1156045104617629,-0.10275488122386278,0.08857036762802295
GCACTCTTCGGCATCG-D2_Stim,-0.01760908008873585,-0.008818044692427307,0.09887981827381154,-0.10553420350631981,-0.052158389703572894,-0.06850675325517663,-0.3473363727896679,-0.045544213070412454
GCAGCCACAACTGGCC-D2_Stim,0.06582116246917202,0.03070025322549519,0.08712936064037713,0.0019157254153707726,-0.08466313803390513,0.12957254786178574,-0.198789244612823,0.009603773615696198
GCAGCCAGTGCAACTT-D2_Stim,0.011372594291753302,-0.03076334892399224,-0.02169272279879486,0.04354002856932304,0.01396777261090243,0.10144964950600865,0.20761015215068745,0.01728507693179715
GCAGTTAGTGTTAAGA-D2_Stim,0.08888871489718753,0.08419513204175111,0.016309913763969064,0.05716453337506522,-0.4328048473240642,0.010589400278831818,-0.9294205661432411,0.06357415076810291
GCATGATAGACAAAGG-D2_Stim,0.0640403185882068,-0.0033662414365487336,0.04129090816791248,0.11524448829696432,-0.11400112814664887,0.20392474027879537,0.05838745043367055,0.09335148873953614
GCATGATCAGACACTT-D2_Stim,0.11562621310517329,-0.02626647787994507,-0.02795310828325448,0.09121668359021484,-0.09113524619431068,0.21460165952104227,0.11133552385775936,0.06831395634098669
GCATGATGTACCGCTG-D2_Stim,0.001920112710813271,0.0341853012408464,-0.08316156710199607,-0.08124810858803144,-0.09737248825402745,0.016293984677394846,-1.0167559816646587,-0.05107781555251378
GCATGATTCTTGTACT-D2_Stim,-0.02461769026214533,-0.009296363712643085,-0.026037036506863842,0.038308832374950086,-0.2076326700643527,0.0919780730368629,-0.014699066491788315,0.029774891404576564
GCATGCGAGTTCCACA-D2_Stim,0.028668972787615488,-0.042274242974521314,-0.08583915779381357,0.10757161452083963,-0.05153804466001688,0.2004629821657513,0.16494715460214238,0.07726466514238872
GCATGCGCAATCCGAT-D2_Stim,-0.023256377391550842,-0.006419369631290195,-0.005837759876344606,-0.06513260047924696,-0.2601427483048724,-0.1537546892208308,-0.48583386166353115,-0.015603621908489629
GCATGCGTCCGTTGTC-D2_Stim,-0.0063257567361620914,0.003155000106081829,0.1982389400469753,-0.052163236227972476,0.05700720278417215,-0.07431737011548734,-0.48810595366856546,-0.041828590742758465
GCATGTAGTTGTGGCC-D2_Stim,-0.034571391151136055,0.02458983070320997,-0.23031599360703936,0.03394388820553651,-0.2600415075679834,0.01585973804613694,-0.3870976881273904,0.009175590272878509
GCATGTATCCCTTGCA-D2_Stim,0.006808554646401177,-0.023206522914943406,-0.1388238469814027,0.1049362430319043,-0.11431648249832627,0.19374105687812815,0.20918008144217914,0.07328509143307649
GCCAAATAGGCATTGG-D2_Stim,-0.040131718463197075,0.0186858409485815,-0.234215135364515,-0.14772623824148035,-0.3075456685632769,-0.0745574219841405,-0.9919769700834102,-0.07565159394688159
GCCTCTAAGAGTTGGC-D2_Stim,0.05407758411960906,-0.0016395742299835092,0.18185421706192884,0.14738349231160264,-0.005302158644518329,0.2438148562699194,0.15762863262828297,0.11573529290632045
GCGACCAAGACACGAC-D2_Stim,-0.023135139488413614,0.004606558404097072,-0.06582325192489069,0.01887505193041683,-0.018628620734750356,-0.0011432821229231394,0.06271776622644154,0.0352941301791585
GCGACCAGTGAGCGAT-D2_Stim,0.012689693039723338,-0.08811641000424864,-0.19182768145947193,0.15470795482158373,-0.12205956600958423,0.282316048328477,0.2767427968705434,0.06821148042604541
GCGAGAAAGAAACCGC-D2_Stim,0.06009218138850514,-0.0215183740507765,-0.01953231988009385,0.07706219885500687,-0.06501156083423609,0.0690267278434824,0.1668140784318437,0.052627424367557296
GCGAGAACAAGTAATG-D2_Stim,0.045789774959803964,0.027172365785181896,0.04798148022140758,0.15145726416948335,-0.07708117029444495,0.12584005614983163,0.142494375117181,0.10178337155223538
GCGCAACAGGAGTCTG-D2_Stim,0.1164609408922459,0.061075357502975436,0.26956052519339124,0.08760561968672498,0.21034241925099906,0.02325175682019065,0.1191839073247758,0.06671732752785609
GCGCAACCAAGCCTAT-D2_Stim,-0.0010025705344052227,0.0545382453140153,-0.14090196227220098,0.020108517643745216,-0.2042475014351659,0.036004808668590016,-0.2760397788252291,0.014122194600561855
GCGCAACGTGCTCTTC-D2_Stim,0.029375217768230044,-0.01640688642131849,-0.039695886792781465,0.0659183362758764,0.018716960450646525,0.05947697843377142,0.20786523494366715,0.033178493468719594
GCGCAACTCCGTTGTC-D2_Stim,0.050923093651727314,0.06796339274156438,-0.09504850094046269,-0.027267542405761347,-0.06475499302149146,0.004381556141836995,-0.5769428399615997,-0.0443403111277334
GCGCAGTCACGAGAGT-D2_Stim,-0.02214401775771435,-0.009001297112158468,0.0399402555099142,0.0026143401015286116,-0.10269825378611053,0.009138468227838814,0.027777165527622216,0.015028545752834077
GCGCAGTCATTGGCGC-D2_Stim,0.06907447011418988,0.03470869846496605,0.010081548872811652,0.1389331613221696,-0.03099833320826839,0.21776066628053314,0.14738915060999958,0.13503781209885624
GCGCAGTGTAGCAAAT-D2_Stim,-0.021465751785964216,-0.06604818412352742,-0.18664378252123193,0.13206011835596243,-0.08937850391079571,0.25214318500077937,0.31687252177490244,0.0713677668007957
GCGCAGTTCTACTATC-D2_Stim,0.007440265576157401,0.05108080652751035,-0.07203449500041614,-0.0218867035263699,-0.024549926405962097,-0.0037226842666004956,-0.5415931795108957,-0.04419000777197013
GCGCCAAAGAGTGAGA-D2_Stim,0.13646714280083927,-0.0015579772992797558,0.14621459455341146,0.17256734845778965,-0.16668595469947078,0.23490395425607424,0.25602108430493065,0.12759468924468997
GCGCCAAAGTAGGTGC-D2_Stim,0.014034216372794006,0.006433463873314338,0.15452986478199193,0.0689131169984396,0.06867261872998576,0.09226213057306332,0.28582211779768496,0.028505343055881482
GCGCCAAAGTTGCAGG-D2_Stim,0.012015091286480484,0.06446755845755447,0.27735446759360727,0.05670477281465658,0.01630827483402797,-0.025840745166838985,0.14234861992095116,0.018800005735389647
GCGCCAACACACAGAG-D2_Stim,-0.04083136775559559,0.05933485596843724,-0.1146593607696147,-0.00575611761582806,-0.0763313394293661,0.038163847083366065,-0.7451413061435748,-0.04788075985658402
GCGCCAACACGAAACG-D2_Stim,0.027234440258945725,-0.003040689153769094,0.10831688140881646,0.07059507100657214,-0.004432364142857637,0.023520552769412006,0.09618093482183099,0.05182024929589879
GCGCGATCAGGCTCAC-D2_Stim,-0.023729954329498426,0.004351760080842482,0.1520404933373607,-0.04061404609014119,-0.01900154799805165,-0.03860528636364258,-0.3498177921723773,-0.04111420688927936
GCGCGATGTATAGTAG-D2_Stim,0.049638202078019944,-0.043622215495856764,-0.08453475349599415,0.07930140833551569,-0.12940791755790393,0.1510369059522727,0.25165532538954416,0.07469692275762263
GCGCGATGTTGGAGGT-D2_Stim,0.05031144561493406,-0.0218294027738537,0.018979363153146522,0.13482450733527607,-0.03651036831420207,0.11161630528399691,0.35749481015455054,0.08906679226833703
GCGGGTTAGGAGTTTA-D2_Stim,-0.010599607051224424,-0.010906191001250676,-0.07763540940550051,0.1541206845767924,-0.2183152928194989,0.08021555129778868,0.4355037253171403,0.04490756227203008
GCGGGTTGTAGATTAG-D2_Stim,0.11628278191174424,0.0730776295762432,0.18740162610588662,0.16707396984323175,-0.03270621992522749,0.06315091665153005,0.30198241647588286,0.08856836939294332
GCGGGTTTCTGCTGTC-D2_Stim,0.061014745057153874,0.02304014220785966,0.060296046935267356,0.11559173259685984,0.054399887999807106,0.26033747577435484,0.1819863680677436,0.09838047300902275
GCTCCTACACCACCAG-D2_Stim,0.08911363823722063,0.03868079958213855,0.057056401337614915,0.1445344785203897,0.019379023914188664,0.2194142210786456,0.1509461403350354,0.12439477645801489
GCTCCTAGTCCGAATT-D2_Stim,0.11500553480834697,0.06243745118110766,0.04835691158236166,-0.043500272226566494,-0.2669882751189103,-0.021207985558740816,-0.7318897373118158,-0.018251600769213283
GCTCCTAGTGGTTTCA-D2_Stim,0.004392305407499464,-0.02519427403384178,-0.04129293299241432,0.0406449593420799,-0.10983824420488375,0.08225084184695142,-0.03405678481568497,0.03581630541723335
GCTCCTATCCAAATGC-D2_Stim,0.07282970962924118,0.014806207434666874,-0.012025684854084062,0.12699792174164237,-0.2637322878872528,0.10598728010123892,0.30640399347798475,0.07013790494947258
GCTCCTATCGTGGTCG-D2_Stim,0.10393108277825291,-0.008523070510996433,0.19955656038487568,0.11407144643178313,0.1652886305894654,0.24632321781431976,0.12916642411830992,0.07691201269899395
GCTCTGTAGTGTTGAA-D2_Stim,0.05874910233025332,-0.005133909974304629,0.16147493472794672,0.07678363092506757,-0.013939040009548265,0.08955161597402572,0.0027247902114115874,0.05774141049250048
GCTCTGTGTGCCTGTG-D2_Stim,0.08258764806866559,0.014607669025572534,-0.03775301820774146,0.13922379983172029,0.04949098251253403,0.25309861187165517,0.182709442506356,0.10464808380542223
GCTGCAGCACGACTCG-D2_Stim,0.07051156550200055,0.059338239490374534,0.07311675886111857,-0.0009972942190970002,0.002258722610472219,-0.05345527873931566,-0.2707042518897236,0.044027066995932174
GCTGCAGCAGCGATCC-D2_Stim,0.02451483511607222,-0.02140535057652926,0.01719942626224924,0.07971629247459866,0.0004188151309882926,0.057989808823219136,0.11454621900844764,0.07395475197407997
GCTGCAGCATACAGCT-D2_Stim,0.01977524147526033,-0.007738809036482053,-0.014837813209721773,0.09538600218091275,-0.06799664242918624,0.1596700295538387,0.228197420763669,0.07690048955653417
GCTGCAGCATTCTCAT-D2_Stim,0.014752996846921107,-0.022037398271081088,-0.09363665031905377,0.1360221811976654,-0.1149562571029783,0.19942893465610112,0.17740697128317962,0.09725732202318049
GCTGCAGGTACTCTCC-D2_Stim,-0.06081247675937007,-0.01625998376985649,-0.057259940770378215,-0.12586284889148303,0.013013823980037031,-0.09202104871409134,-0.4628820260406492,-0.0673398708110895
GCTGCAGTCAACACTG-D2_Stim,0.06998185589416295,0.07309802921588648,-0.013089964956130018,-0.022854304073350207,-0.26072870443379514,0.035848932582634774,-0.9296145490539143,0.01874146149462952
GCTGCGATCTGACCTC-D2_Stim,0.0746775615997084,0.03338591801850832,0.07273720072284462,0.11744130121549112,-0.029764615952929674,0.16147681066103203,0.1365325922900853,0.10056427038614935
GCTGCGATCTGTACGA-D2_Stim,0.04464256157385016,-0.012468438731501053,0.04715830538931698,0.05784063954845742,-0.007590254572624744,0.04456067891019977,0.17339844889895506,0.0511525812296334
GCTGCTTAGGCATTGG-D2_Stim,0.08569884111085102,0.04019959814794305,-0.032230303653337344,0.15898989098470118,-0.2810581401623118,0.1720566686932301,0.15197655255117049,0.11802183611292172
GCTGCTTCACCTTGTC-D2_Stim,0.04132714717943031,0.006647997978696196,0.012147076077024366,-0.014278482037813234,-0.06940665813615787,-0.0031958362226589543,-0.1235661977851894,0.005247107762315295
GCTGCTTGTCAGAAGC-D2_Stim,0.06461819092502985,0.012575114607114912,0.1624070341492807,0.09896719506248175,-0.19185875671631258,0.12421228668343787,0.3030968382510162,0.04966461949095091
GCTGGGTGTCGAAAGC-D2_Stim,-0.01962557421183675,-0.036314452584440104,-0.20674336647893732,-0.04916520032779026,-0.13796991433461514,0.06369688431984954,-0.3999146583323121,-0.014821850814341175
GCTGGGTGTTGCCTCT-D2_Stim,-0.11149916302572116,-0.000811963415799255,-0.2651675207476778,-0.1325505313951858,-0.21743417413530963,-0.20476819718174433,-1.0200096642072083,-0.10825150689330165
GCTGGGTTCAGCAACT-D2_Stim,0.09697913982552286,0.048082643780267276,0.19155015471008774,0.06411461277709662,-0.15881595307004126,0.04435272102687016,0.02618854425460526,0.05808319126147943
GCTGGGTTCAGCCTAA-D2_Stim,-0.028257032692803108,-0.01561458514930436,-0.10758775101565377,0.02809593742534311,-0.12319877884752195,0.051715412984938425,0.05939535224292669,-0.000978181662578237
GCTTCCAAGAGTAAGG-D2_Stim,0.02374846703818001,-0.013208237041240523,0.02716921257041527,0.033340650322696064,-0.03198701585803576,0.02103692853665784,0.07921113448081218,0.05174571107678183
GCTTCCAAGAGTACAT-D2_Stim,-0.051694005884654004,-0.02279782687476839,-0.038911628440947865,-0.07693021194081062,-0.03198150912272091,-0.05594972888758143,-0.009847041182640126,-0.03832850915669361
GCTTCCAAGTGTGAAT-D2_Stim,-0.03572753105711435,0.02116212310015264,-0.1420234828849658,0.018095046836853257,-0.16583052770250717,0.015829734362434067,-0.2942192624020308,0.008942613650878783
GCTTCCACACGGCGTT-D2_Stim,0.04390422714812736,0.007698991555546542,-0.03186088417180066,0.1419701940351885,-0.20664826199401531,0.18649023511284923,0.184823646640222,0.10266184487843688
GCTTCCACATTATCTC-D2_Stim,0.11061809694954228,0.011440031643017434,0.19640330523970917,0.13676883707767828,0.07234138070388774,0.07699564704358508,0.5056745259682298,0.08309724863236134
GCTTCCAGTCAGGACA-D2_Stim,0.06262033981254334,0.030847343328925803,0.03715116709988031,0.1344059962590638,-0.20070937217387552,0.10284313486355323,0.19685336750563742,0.09572264298616417
GCTTGAAAGGCTCTTA-D2_Stim,0.042215070640390095,0.047090405259643475,0.007930174565329295,-0.13374042386674745,-0.2978179786221897,-0.23593736557435818,-1.170961145585224,-0.10234548384539188
GCTTGAACATTAGGCT-D2_Stim,-0.016225181013735934,0.05705105288711643,-0.11895163881702953,-0.0025259662615404466,-0.1757150636303475,0.0356929042587506,-0.20279864550427007,0.0035336323882990683
GCTTGAATCGCCTGTT-D2_Stim,-0.011790822994919736,0.02724819111855936,0.10462200203528838,0.00704004511376688,-0.2561183533294926,-0.01075435613487663,-0.33732823783084775,0.022739668636431176
GGAAAGCAGAATGTTG-D2_Stim,0.030441330367763086,0.08092849410095404,0.21555717299668586,0.07648876798863213,-0.0681607850614725,-0.01953224897339112,-0.045245187965512024,0.07216910954897848
GGAAAGCCAGCCTTGG-D2_Stim,-0.007467043719097788,-0.0371550933639444,0.024868483765018823,0.08659757914030308,-0.13246989131333642,0.0835092718609225,0.230847609761061,0.09918324108746468
GGAACTTAGACTGGGT-D2_Stim,0.05943427607332552,0.0372104963840556,-0.08386451265040762,0.182614875427074,0.024772072156297398,0.24958923921322196,0.22412783044079188,0.13291707103221562
GGACAAGAGCGCCTCA-D2_Stim,0.08779367675030869,0.04921540572476246,0.1541891941601783,0.10066793501977678,-0.2247019470439735,0.1074168356114793,-0.007821833844452897,0.08951577528876875
GGACAAGCATGGTCTA-D2_Stim,0.008315921166092366,0.03684908832295797,-0.17112087535624987,-0.10365531191575172,-0.2119784242207512,-0.08356757718629382,-0.6680710274489652,-0.0517912832223395
GGACAAGGTTGGAGGT-D2_Stim,0.037987094523893816,-0.007096886068120867,0.009856324973641861,0.11582203997878615,-0.05976940158035582,0.13672645020714924,0.260836772544617,0.09249250319736468
GGACAAGTCGGCCGAT-D2_Stim,0.03886186815457293,-0.01885324642693753,-0.054492212541223495,0.12685696290040127,-0.06762809416791882,0.17371848499931097,0.25997107587720425,0.09082270482091026
GGACAGAAGGGTGTTG-D2_Stim,-0.004958455979618748,0.06887063217154932,0.46275672480765095,-0.03741692190736501,-0.13472943469528076,-0.2162741252148468,-0.09033530698381043,-0.027044513328910114
GGACAGACAACCGCCA-D2_Stim,0.020872053131373747,-0.022965507445057654,-0.022759609592075236,0.1345038526841833,-0.15320572282061562,0.19874878060938883,0.32545257943068684,0.09536754853087359
GGACAGACATCCCATC-D2_Stim,-0.0709540112065099,-0.005623714891955345,0.03173635812364228,-0.04067647424865406,-0.06984430213581483,-0.00833700726395925,-0.3454527959503597,-0.024220988848700387
GGACAGAGTCGGATCC-D2_Stim,0.051476297342738064,0.01777280034867168,0.0778668446914974,0.09749662299442718,-0.10110107562246284,0.14729988010444117,0.16398707253423428,0.08809108080685846
GGACATTAGGATATAC-D2_Stim,0.04257967779371796,-0.020634943986880927,0.11292157969357053,0.035261697754863874,-0.0029463067905997065,0.017846549712714932,0.05635056999652477,0.039162639193042637
GGACATTAGGCAGGTT-D2_Stim,0.045064153486345404,-0.02963752885436577,-0.06930957880792654,0.14671991304116894,-0.03879244015528194,0.23316604554483078,0.3235704499208065,0.1161177003540299
GGACATTCACAAGACG-D2_Stim,0.012095622822284824,-0.03174959084762996,0.04273062040164177,0.04379704202686696,-0.0574792095382648,0.06356392279358758,0.09982392677511154,0.039131616320815965
GGACATTGTACCGTTA-D2_Stim,0.008399714797899804,-0.023106557257353444,-0.04304790555235449,0.10279007256850647,-0.06035919849317928,0.12832979765381403,0.20631773654933294,0.07890914127728443
GGACGTCAGCGTCTAT-D2_Stim,0.01685799011381839,0.03510430625792793,0.060242209781419476,0.13103487591444818,-0.13998130182848456,0.043978347792853256,0.14242382487225758,0.08072770001318652
GGACGTCAGTACGTTC-D2_Stim,0.04485019083991659,0.08672401536210828,-0.1525922252225005,-0.09308513389772877,-0.3120217985262759,-0.08087813033175273,-0.6487541261904095,-0.05844754840679478
GGACGTCAGTGCCATT-D2_Stim,-0.021551851947977596,-0.03519436528123876,-0.0036748970170545903,-0.049388519008644494,-0.009865869870003152,-0.022532249340249777,0.012376423445672913,-0.036922465942151206
GGACGTCCACGAGGTA-D2_Stim,0.03760599519246988,0.09453018391054435,0.4060682216665654,0.023702771908846287,0.12146122839534534,-0.01986548273577604,0.08076125993830363,0.0360311039072414
GGAGCAACACCGATAT-D2_Stim,-0.013567888223764868,-0.04761902763337034,-0.12693200369045954,0.09748335663762475,-0.20127128950027284,0.21266065510319443,0.2784659811275052,0.06991544523902782
GGAGCAATCGACAGCC-D2_Stim,-0.08270264024735852,-0.009847192864359755,-0.043748475766236083,-0.10962285461548227,-0.19226753030554988,-0.07940926422285344,-0.9185504530551292,-0.07441178708364937
GGATGTTAGACACTAA-D2_Stim,0.029546677734352045,0.03209046900066781,0.16766773256255618,0.04192512700622508,-0.1518840449111316,-0.04685946635566118,0.15453022128336258,-0.0005651787029705702
GGATGTTCATGCAATC-D2_Stim,0.0033404411982136395,-0.011913929728606831,-0.09354251282365222,0.16106792387951252,0.0036435171977355907,0.20943786076459148,0.30946704672216274,0.09922565838776976
GGATTACCATCCGGGT-D2_Stim,0.03280681322475587,0.014063589483722438,0.037974867861889194,0.04691444731901839,-0.018606724999619573,0.027548479227453626,-0.00981635417073079,0.004995889800163411
GGATTACGTCGCATAT-D2_Stim,0.07133251972078014,-0.05456946559604425,-0.08466714997444136,0.10120148869747148,-0.010458019799076013,0.1405387358167225,0.06605296801424831,0.07556973039427106
GGCAATTCATTGCGGC-D2_Stim,-0.08381430769219733,0.0470346613347008,-0.182920090218734,-0.06026268853594097,-0.2887701393180606,-0.08620399439960202,-1.2906919030970272,-0.026616451378552952
GGCAATTTCGAATCCA-D2_Stim,0.01927816646061231,-0.029792632212441106,0.07705958768498089,-0.03512289941425095,0.000668127864191348,-0.024652535136052478,-0.12259843284979866,-0.018656365932100627
GGCCGATAGACAGGCT-D2_Stim,0.051642143620941994,0.04323478718838558,0.25419270360354496,-0.26353919356713895,0.12741874979929158,-0.0903609387104023,-0.9458071580165317,-0.13362362556148355
GGCCGATAGTCGTTTG-D2_Stim,0.007588758651833061,0.017810200078855587,-0.16458260553898807,0.1384228747215701,-0.06172686916905512,0.14859478302531137,0.26741362421173864,0.11318575271299203
GGCCGATTCGTACCGG-D2_Stim,0.03180650344920366,9.155152959827717e-05,0.05023287502731133,0.008687918343193601,-0.03945064325257519,0.0027691500623827636,-0.0015172304043780116,0.02160305220113834
GGCGACTCACAACGCC-D2_Stim,0.05096620822120279,0.033194632675902724,-0.026878008544887422,0.03285183830587357,-0.409931451651266,0.0327623884070416,-0.39397304322711335,0.04042015588856884
GGCGACTGTGGCAAAC-D2_Stim,0.040509605453696196,-0.00733472536088442,-0.012624164121321613,0.14645138723059148,-0.024574126612540326,0.2091094187301774,0.24488346836071173,0.0990174849073373
GGCGTGTTCCCTTGCA-D2_Stim,-0.03935206376939426,0.005321883574737285,-0.11700835925662112,0.12063624868060252,-0.12066860110310706,0.11918791694919939,0.2458422210454474,0.12231574724949823
GGCTCGAAGCAGATCG-D2_Stim,0.03347665864581728,-0.0024399925300127023,0.11183869478803388,0.019471605627735755,-0.20457719190563317,0.022105935717592118,-0.04239933447274602,0.043758119299100784
GGCTCGAAGTAGATGT-D2_Stim,-0.07759053967775742,-0.0158695809623417,-0.27353839047190753,-0.13675366517792575,-0.11337427687717394,-0.15129882047591714,-0.3597483088020965,-0.09285424979637291
GGCTCGACATAGACTC-D2_Stim,0.014542776174858218,-0.0374738213021395,-0.2507010972115573,0.15189168801577324,0.01877070062928432,0.033549210750271286,0.33035754900441194,0.04347488376226494
GGCTCGAGTAGGGTAC-D2_Stim,0.2514873030996938,0.10324168365892206,0.0903004680326962,0.26396618246418946,-0.14586110874096292,0.22495518868273656,0.19304887340837684,0.18080182449418558
GGCTCGAGTATAATGG-D2_Stim,0.11249212065234104,0.0074183643328478155,0.0685494961851667,-0.295139510844761,0.08160619928877288,-0.14195694204040343,-0.9329259864000647,-0.11911243103342173
GGCTGGTGTGCCTGGT-D2_Stim,-0.028474092491075353,-0.02042132460360868,-0.017976187774594976,0.052623172833854426,-0.15659380931044176,0.04869616877119043,0.1606471487400487,0.015114478861089964
GGCTGGTGTTACAGAA-D2_Stim,0.054221154893175694,-0.021243672940265412,0.13499461191246276,0.11532377784346615,0.026126222154569945,0.2275890969190364,0.12891420857213198,0.08439972525780348
GGCTGGTGTTCCCTTG-D2_Stim,-0.06852967198195081,-0.014045619767882656,-0.22371552102726788,0.09723943494310205,-0.13771673557209496,0.28038631874042963,0.007822689046710352,0.0642277927644539
GGCTGGTGTTGATTGC-D2_Stim,-0.0031061881929943524,-0.047674412324131055,-0.014437913255545887,0.006796404487166896,-0.04095903412123647,0.08912286530576985,-0.017838226430468396,0.016875516084400743
GGGAATGCAGTTAACC-D2_Stim,0.041011594870456136,-0.05018670195714492,-0.02490041223711259,0.13523987133306115,-0.06982407980686034,0.2225181277945687,0.06755899132123133,0.07279648703487851
GGGAATGGTCCAGTGC-D2_Stim,-0.0054196689388081865,0.052112704984926594,0.21538727500614918,-0.003288501783048403,0.054482711790980076,-0.08705848377955938,-0.2974516569535046,-0.014183692270867354
GGGAATGGTGTGACCC-D2_Stim,-0.0012261735046088518,0.020662727751819432,-0.03411112691989526,0.036607280466817826,0.03483551801679319,0.056212601459398215,0.15782059851270347,0.035702241099123455
GGGACCTAGTAACCCT-D2_Stim,0.016984590588732473,0.009764275725329341,0.02987527969722059,-0.0121893495790939,-0.23982810363681395,-0.084202318347943,-0.5801333843403231,-0.0019325726811612043
GGGACCTAGTGTTTGC-D2_Stim,0.07980618419551888,0.04901784975422352,0.2475919540497049,0.012330654780813077,-0.10770701307742137,0.10265821596206592,-0.07378133086466399,0.0660248869729756
GGGACCTCATGCAATC-D2_Stim,-0.08338798111575585,-0.014910002691912894,-0.1761434901443346,0.04608155749366638,-0.1412241614704648,-0.0008661490112533698,0.20187949464287414,0.016516259005918243
GGGAGATGTGGTTTCA-D2_Stim,-0.024389181732935583,0.017593611949521915,0.06665217061111939,0.10282749338050756,-0.05790150939403382,0.17087301656026277,0.16220760670431833,0.08949764632170343
GGGATGACAGGGTACA-D2_Stim,0.011871970591156966,-0.04412816069756431,0.10197124905524291,-0.043366646108214724,-0.006096797093979589,0.0025830113199756255,-0.10635657705278234,-0.019744995607181792
GGGATGAGTGCAACTT-D2_Stim,0.033501819857578496,0.11964068509954018,0.1173170740425169,-0.1775264534741563,-0.0039617544108292435,0.006762514825172872,-1.1599001610731605,-0.08200543606292676
GGGATGATCCACGACG-D2_Stim,0.006184076350852052,0.03797606808168652,-0.04794361879070763,-0.04295719488451333,-0.15640449372398812,0.009214717161672326,-0.4060878544223314,-0.011824745209388254
GGGATGATCCCTCTTT-D2_Stim,-0.07093175373772098,-0.0491371936049152,-0.009841371653982023,-0.0019349620957243019,-0.13803368969181662,-0.04842069172794261,-0.25995579155084236,-0.010220954806468896
GGGCACTGTAGCTGCC-D2_Stim,-0.01806665802705787,-0.015924426086559862,-0.27743390353532327,0.09063589171956643,0.05390086054953791,0.2176650950540271,0.20070257567569083,0.008896408736161376
GGGCATCGTGGGTATG-D2_Stim,0.007624926027938628,-0.03989279836739179,-0.1552544932205162,0.17553178782628187,-0.1378939066505538,0.26242603409980525,0.2610484315441326,0.09827798484906936
GGGCATCTCTGCTTGC-D2_Stim,0.0452099355368869,-0.01698453976373493,-0.00489960575846915,0.15799245571842313,0.052873290796446426,0.1986317050236419,0.22889739378787333,0.12106826598547116
GGGTCTGTCCTCCTAG-D2_Stim,-0.03446569367443253,-0.008108587831381797,-9.80745298173602e-05,-0.0035493975403753097,-0.19068498204501338,-0.038915545298428,-0.2152697341782055,-0.01946255082577686
GGGTTGCGTGAAAGAG-D2_Stim,-0.06745003918819314,0.004753809786299357,-0.13640855392952922,-0.029539675525056097,-0.14006844478481284,-0.019970791935808307,-0.3164918341693088,0.00023633344129514455
GGGTTGCTCGAACTGT-D2_Stim,-0.002999050136864412,-0.009834993418524007,-0.011187508325132711,0.12794314339477175,-0.0392257995008265,0.20398216425338944,0.28520439823596,0.09559503894261745
GGTATTGCACTTCGAA-D2_Stim,0.010219441755939584,-0.03712604987595114,-0.06234263441015919,0.1024766846764038,0.06817840552785448,0.21101148374277834,0.14865626819641786,0.08691962367074879
GGTATTGCATTCGACA-D2_Stim,-0.07073206747110383,-0.0011144090754680036,-0.04983066951059989,0.10456404411344522,-0.07112261885479221,0.08569266763084471,0.2583878983260206,0.0758319273741126
GGTATTGGTCCGAATT-D2_Stim,0.2680931468434533,0.06638953106661027,-0.04367453696469248,0.1864618163434919,-0.03987116591625295,0.20532147671633183,0.2029375966470175,0.13369152505221393
GGTGAAGCAAGTTCTG-D2_Stim,0.03256870142958945,-0.01024738384325552,-0.13405524048762807,0.1547300966050873,-0.01666395164647838,0.2285438566946656,0.31122899429814144,0.12095993503821134
GGTGAAGCACCGTTGG-D2_Stim,0.06737109733991176,0.02852093625981844,0.13019961512371836,0.0367188709381292,0.00634400975992655,0.0809455710689786,-0.012622109846566865,0.06660586737805119
GGTGAAGGTCTCCACT-D2_Stim,0.003693860516193581,0.0018522554072379904,0.12385494177609857,0.09805767216327332,-0.18447965408988942,0.12230015904484404,0.2062235616297281,0.08882956853656054
GGTGCGTCAATGAAAC-D2_Stim,0.02201865502034117,-0.03909007506340778,0.07675286346484711,0.01335399359201972,0.015344570067732377,-0.038525448184746125,0.12422703207995411,0.01245254876952906
GGTGCGTTCATAAAGG-D2_Stim,0.0712916034202653,-0.05746437091135981,0.09657478861583968,0.10388024630786319,0.05579023900602387,0.24803568123418884,0.1801825264201371,0.07664726797177579
GGTGCGTTCTTGTACT-D2_Stim,0.02723259885676299,0.026775486931061465,-0.06202136994576257,0.15161940353141823,-0.030032490935626655,0.21082979964799442,0.21257504198784805,0.14539194457787197
GGTGTTAGTTGAGGTG-D2_Stim,0.07298202089371486,0.046291596309735894,0.10406964523020257,0.0453023808575459,-0.2311004139372379,0.017361347206007238,-0.07645870630276441,0.052484809834691504
GTAACGTCAACGATCT-D2_Stim,0.01772030420832138,-0.029823948853199056,-0.03677379803370151,0.043307100269306176,-0.1711621387440747,0.09492143845221612,-0.06369964698814812,0.028445477237298178
GTAACGTCATGACGGA-D2_Stim,0.043453697730225116,0.04631465305046767,-0.02552430601484268,0.1360757375140036,-0.0882404434013555,0.06759116825205425,0.26893295491912195,0.07877236163861134
GTAACGTGTGTCCTCT-D2_Stim,0.08438097712061499,0.020168215789633237,0.0984826968663608,0.16565787098543616,0.07735371696466942,0.2931650937664365,0.1168817598605294,0.12450333585532292
GTAACGTTCTTCCTTC-D2_Stim,0.012193231925362369,-0.012192985726855454,-0.06070062475717819,0.08194461651075002,-0.20608677530454855,0.09199677773244908,0.06962060874196219,0.05364076166436327
GTACGTAAGTTCGCAT-D2_Stim,-0.026793658616579563,0.09432703049072444,-0.16478058605208723,0.020830406215583963,-0.37647127844506834,0.07313480167033148,-0.6307476050221208,0.030683405130423225
GTACTCCAGTGTCCCG-D2_Stim,0.02022261854804519,-0.13610825102201218,-0.46332452069782093,0.18272359298321383,-0.02241949728687942,0.20634998610033506,0.3373890870416183,0.04963322701774331
GTACTCCCACCAACCG-D2_Stim,0.08664801682149559,-0.022189806265872747,0.07525077414634751,0.10853274848461147,0.06730821522867103,0.1467661809637839,0.14375778119030702,0.08194449456220276
GTACTCCCAGCTGTGC-D2_Stim,-0.11639023753627065,0.03580326600173578,-0.26645531298557046,-0.1364429617271643,-0.26991315070913124,-0.2062318971300332,-0.7415808711259153,-0.08970627648484708
GTACTCCGTAGTACCT-D2_Stim,0.1109528871037071,-0.02736707820781703,-0.03655570450149703,0.13454700714895473,0.046337578316167694,0.3225231805404096,0.13297071915112113,0.07822199868811808
GTACTTTAGATATGGT-D2_Stim,0.03198454475084844,-0.04749828686659541,-0.1431014526217549,0.1178752531152103,-0.19557353852493087,0.18338955376051658,-0.01787628590236956,0.07020763357118298
GTACTTTCATATGGTC-D2_Stim,0.11811499801744496,-0.021026905998722256,0.16348739894614894,0.11357170437396036,0.03123890668110363,0.22422792597451036,0.03317512507276987,0.07201879076762552
GTAGGCCAGCACCGCT-D2_Stim,0.018249980117522213,0.02304333852406515,0.026820526011054113,0.08737963634347068,-0.012614378525512393,0.18376147517067132,0.1850218808707691,0.08444868739810296
GTAGGCCTCGATCCCT-D2_Stim,0.12455240489933317,0.03397800732895817,0.019557747392029867,0.1639389455385185,-0.2258752483923132,0.1281616287068399,0.30648092074742905,0.07804644320586362
GTAGTCAAGCAACGGT-D2_Stim,-0.03607110109091316,0.032042227035670834,-0.13774474659365854,-0.020829434186074636,-0.10042127758905472,0.046988083967603345,-0.7982442876777576,0.011697908384595834
GTAGTCACAAGAGTCG-D2_Stim,0.10556037415935293,0.056078680219906474,0.4252540708677195,0.08468834872326703,-0.21092459268781028,-0.001703852397945127,0.007923959255878188,0.09067244778919736
GTAGTCATCCGCAAGC-D2_Stim,-0.04679160682775496,0.01464095670128529,-0.16572110902998105,0.06973437761854129,-0.5040183168893524,0.02605014256518068,-0.4973105219877141,0.042745067531388514
GTCAAGTCAAGGCTCC-D2_Stim,0.1390231988085162,0.08356838768108155,0.28179065480211385,0.11304249804112487,-0.04733773432193189,0.041753202621752195,0.23356857498910433,0.04691121088277583
GTCAAGTCACGGTAGA-D2_Stim,-0.016147467592498188,-0.0022092547548595576,0.06564337474824633,0.12574807423721346,-0.016353955288160194,0.15196154836563736,0.2761321039121496,0.09516444188176187
GTCAAGTCAGCTGTAT-D2_Stim,-0.08333758777226663,0.004665757845582874,-0.12113144858481117,-0.03705942448949706,-0.0318249486066744,-0.007611130605829075,-0.29046384346340304,-0.013419877970322958
GTCAAGTTCACAACGT-D2_Stim,-0.08924535872144901,-0.06522933534405162,-0.1774821213021074,-0.04675766508776924,-0.15440355808162387,-0.045866838739215154,-0.12966703903635235,-0.015380489545382403
GTCACAAAGATCACGG-D2_Stim,-0.03229511324607692,-0.028387935330609793,0.1290531597679223,0.03349065877768709,-0.028692443967385017,0.20324993324204854,0.02779116897133882,0.07986510054865015
GTCACAAAGCGATAGC-D2_Stim,-0.030046689415382133,-0.0043236900823728774,-0.09833600779520424,0.12548451737155375,0.0012277393232142941,0.13308974045084554,0.39378031334380736,0.09068817266802043
GTCACAAAGTGGTAGC-D2_Stim,0.025254216594779777,-0.015755617379161535,0.002079214652703776,0.0042632145606749106,-0.09770673559117604,0.033590378934473364,-0.04154551057282241,0.016339873255642345
GTCACAACAGTCTTCC-D2_Stim,0.08320363057521085,0.029056072359663787,0.20694805488066415,-0.014555252755647174,-0.05431810224869693,-0.08269840269962003,-0.17584819272935448,0.019103014800304408
GTCACGGAGTGCCAGA-D2_Stim,-0.04527229559520407,0.05159508409153091,-0.08231090300331445,-0.052344632934396174,-0.2862004525599513,-0.06287497778213691,-0.5777424524628039,-0.054040439843927146
GTCATTTAGACGCTTT-D2_Stim,0.029708675437646548,0.0359964156987278,0.32459166208392176,0.03951299739593672,-0.055737281976634634,-0.08395753066528577,0.05167682243324201,0.0010541789124633993
GTCATTTAGTTACGGG-D2_Stim,0.06754059964183234,-0.0018926135954178136,-0.0608478737362379,0.12580079551823609,0.006736783024084758,0.17325807837398877,0.2150378740554526,0.09706038313452225
GTCCTCAAGCTAACTC-D2_Stim,0.06817511578169899,-0.048892996591058946,0.14190503060233262,0.03577281061245152,0.08014809517727883,0.08630939681501637,0.13996369221754534,0.0612572748857243
GTCCTCAAGGAGTTGC-D2_Stim,0.051827253722672495,0.0015250174304135555,-0.0006431480639541576,0.10986089106453711,-0.01742657250116686,0.2094581325530278,0.4524766036775816,0.0724496203118914
GTCCTCAGTATGAAAC-D2_Stim,0.012371221659725151,-0.015690177608217226,0.06483631920618915,0.05977260559795994,-0.2040751063454458,0.007171346089247521,0.07321473167192138,0.02305386356782968
GTCCTCATCGTTACGA-D2_Stim,0.013653036516579675,-0.08356715685910387,-0.16376276194091943,0.10712789448645665,-0.112735968818928,0.3132416722051534,0.18995660345109933,0.04865537777819284
GTCCTCATCTTCGGTC-D2_Stim,0.10162870624984599,-0.01874988107684672,-0.06713575295236396,0.02284159435565769,0.08054089845538215,0.10687849501801949,0.19323947557724885,0.024279497426082486
GTCGGGTCACTTCTGC-D2_Stim,-0.05522767734582601,-0.014531942595791492,-0.062053700139012236,0.10797012509258508,0.04288801550264232,0.11470398659916725,0.4589660021327724,0.07871552555601191
GTCGGGTGTGTGACGA-D2_Stim,-0.05390197072580527,-0.019863969860278274,0.046599232225158715,0.06507945576334073,-0.12597160776930139,0.06206475346625595,0.10885719805440441,0.07118426657702237
GTCGTAAAGGTTCCTA-D2_Stim,-0.16202182455345238,-0.0034971336829698885,-0.17357682894714443,-0.13466278784597385,-0.1726501970978518,-0.11301004832854034,-0.8512076924006049,-0.0593465720935793
GTCTCGTGTGTAACGG-D2_Stim,0.025940050007239535,0.07331184370585042,0.234563282711159,0.05588196929663525,0.04872165956471086,-0.05150405788284651,0.07326038184061012,0.0534098611221232
GTCTTCGAGCATCATC-D2_Stim,0.08666347486227366,0.01898708562732132,0.07469920297523203,0.06512861905409295,-0.028630655630481172,0.10838973549491726,0.10789105290627088,0.07972375715051783
GTCTTCGAGCTAACAA-D2_Stim,0.03125954251420282,-0.0003630240440397614,0.06605273833247338,0.0657251385149813,-0.17221144486950024,0.027920837368535345,0.10182185611920147,0.020611207813713506
GTGAAGGAGACCCACC-D2_Stim,0.02364188149979718,-0.04983840328535827,-0.09805629029626317,0.14029349857565698,-0.15282672959155086,0.2631653494322599,0.3154586406550388,0.09017207231752167
GTGAAGGAGCGCTCCA-D2_Stim,-0.08937386555093063,-0.008089591144633701,-0.06477899634735174,-0.0009554797267412596,-0.1319161456097664,-0.0444155880736794,-0.3035043076822017,-0.011895690098532086
GTGAAGGAGCTTATCG-D2_Stim,0.013683469780268354,-0.020386044841091078,-0.0419142339431815,0.12105839993956735,-0.03298113148211179,0.15242342041500656,0.10446939603150263,0.09046046751761594
GTGAAGGAGGAGTTTA-D2_Stim,-0.03189034632101695,-0.0291458068664614,-0.36168725938641977,-0.04236884384592443,-0.2760211416259626,0.1308081481531822,-0.033630503500235776,-0.03155317559571813
GTGAAGGAGGATGCGT-D2_Stim,0.08189293549979837,0.008419101977244381,0.0674599474876576,0.1323876748583075,0.0502065443280717,0.12723650170388723,0.22127496049319895,0.09846820667629785
GTGAAGGCACGTCAGC-D2_Stim,-0.046168991765659584,-0.03367034827411608,-0.0262428891583113,0.0002839811842800799,0.004557977540915914,0.014894688222453212,0.08170696730895877,-0.009219562793784775
GTGAAGGCATATGAGA-D2_Stim,-0.06084979866973583,-0.018401947433648758,-0.08437834363351904,-0.09050305990811225,-0.2118395895325076,-0.08156645819070008,-0.5101784676989034,-0.08897829751623298
GTGAAGGGTTCATGGT-D2_Stim,0.009282186703893913,-0.05169157387300061,0.002222704805113551,0.09087270220737942,-0.1092640926369075,0.09571261275834608,0.27816044413515684,0.06532798045884469
GTGAAGGTCATTCACT-D2_Stim,-0.0013132242915876446,-0.023211755904446463,-0.022173313421294694,0.04307840435697052,-0.029075898082219,0.0900063989999893,0.10086305462757039,0.04702014092686113
GTGCAGCTCCTCCTAG-D2_Stim,0.017042916287397958,-0.011828936584818095,-0.026815511151641935,0.022340635902297734,-0.06612355515985335,0.012771383443562101,-0.03932545344522609,0.017667682597821255
GTGCAGCTCTTACCTA-D2_Stim,0.015314803959318724,0.07541957708433422,-0.16916451390390375,0.05475678067198686,-0.3426304748254232,0.019831936912256154,-0.3929686615115102,0.03810873550878391
GTGCATAAGGTTACCT-D2_Stim,0.007161859108498092,-0.02647837616258819,-0.0034732267677650697,0.06769828065849559,-0.10374458479403259,0.13259807648648625,0.21120782771583535,0.048370325228647815
GTGCATATCAAACCAC-D2_Stim,0.0636173903337145,-0.09300057891406865,-0.31228528813007905,0.15911184529699085,-0.14755168574702182,0.309632143198213,0.3287510797282156,0.08001217989478526
GTGCGGTTCCCATTAT-D2_Stim,0.007036535804905597,0.01409638295533,-0.05603093230025458,0.11346363199796627,-0.26561563272176336,0.13095912993706627,0.0783150047669805,0.06666196404131242
GTGCGGTTCTCGGACG-D2_Stim,-0.023039103539980843,-0.04973623593779131,0.08432700060594733,-0.015265513091460292,-0.09783448764638791,0.008311896208063274,-0.20698939164320507,-0.017476186107963088
GTGCTTCGTCCTCCAT-D2_Stim,0.09205701073981665,0.000981058988584138,0.06860333545494512,0.09220916751418962,-0.0065365827145011934,0.15556609183901848,0.12075210780496448,0.08645231614870497
GTGCTTCTCCAACCAA-D2_Stim,-0.12729645592123084,0.009618590828393891,-0.1302868101796708,0.11427253631577194,-0.1769497126442996,0.21328454603319713,0.192624752034102,0.08843911094217916
GTGGGTCAGATGCCTT-D2_Stim,-0.008022256576953879,-0.017996853730513962,-0.00025128453434142273,0.0639665438321213,-0.10983355352701984,0.11082133192066124,0.146891283438638,0.05925983691898651
GTGGGTCCAACACGCC-D2_Stim,-0.04039655183566637,0.00990222769928728,-0.08965250321528462,-0.044215805286786036,-0.01998244398376947,0.026343564406163367,-0.4061294000791307,-0.008469231498565932
GTGGGTCCAAGCCATT-D2_Stim,0.003326887466927886,0.002580309737309605,-0.0739282268748589,0.10585381036465336,-0.21859714375319328,0.11517157930864563,0.09871156985875018,0.07522387260202379
GTGGGTCGTAGGCATG-D2_Stim,-0.041763834458196314,0.02369690609587316,-0.09389401879634018,-0.05105244016551502,-0.20511866044550509,0.0006533227582377066,-0.5005558439691615,-0.06302520051584537
GTGTGCGCACGAGGTA-D2_Stim,-0.01610802262106681,0.08679628393583805,-0.1081278369359886,-0.10165038784147207,-0.19303334576692066,-0.10856953046897111,-0.634436472247657,-0.054114483063385066
GTGTGCGTCTCTGCTG-D2_Stim,-0.010767947599942929,-0.013176221724451764,-0.10816119945700464,-0.009680764745986892,-0.14578043638394256,-0.012045122970139488,-0.3208270597285612,0.0011599162423223675
GTGTTAGAGATAGGAG-D2_Stim,0.052241065462563796,-0.014316921812666195,-0.011123878198409543,0.13053289053796568,-0.015254750215841995,0.2368564374823059,0.2415552092899773,0.10112338503732055
GTGTTAGCAAGCTGGA-D2_Stim,-0.042488129099957916,0.018765762447369383,0.01213816183634897,0.11332375665374173,-0.04668296907813563,0.05124880712814672,0.216786572588342,0.03303338896283492
GTGTTAGCAATAGAGT-D2_Stim,-0.011012740616402894,0.03489531417753611,0.021863309321904723,0.06447801302374145,-0.1626299416470971,0.08085909158949534,-0.03080575226928417,0.040307255642074935
GTGTTAGCAGAAGCAC-D2_Stim,-0.0040120449545923975,-0.04261709279260906,-0.187572710253459,0.1426395194793919,-0.13254373725034618,0.2481668424306971,0.3000263634556104,0.09153260279487085
GTGTTAGGTTACGTCA-D2_Stim,0.05978432979016368,-0.009785534574767496,-0.04000717931693565,0.15814101031358518,-0.011417127840990915,0.29151263235660174,0.152683484836996,0.12901775421926054
GTGTTAGTCAACACAC-D2_Stim,-0.013304738034122465,-0.000906128136522355,-0.10344730935198143,0.10607876396470672,-0.19977137211128415,0.13738582636350039,-0.05901044405938727,0.07614532968549881
GTGTTAGTCGAATCCA-D2_Stim,-0.029252420076886665,0.03416142879181194,-0.07344100083906646,0.01846767595324117,-0.12216633500553087,-0.010525262085980813,-0.521229831513029,-0.003950727245728203
GTTAAGCGTGCTGTAT-D2_Stim,-0.010130392649081443,-0.021030960982095337,-0.040044584424348884,0.11820692819330603,-0.03027333156391343,0.22378999965055257,0.24003573273466827,0.09410573949222112
GTTAAGCTCTTCGAGA-D2_Stim,-0.043521629280601104,-0.024796898473287143,-0.10093685405570785,0.018702437202239963,-0.09784374338372537,0.08125030200462291,-0.23897740333109851,0.004916615702859062
GTTACAGCATAGACTC-D2_Stim,0.006267372646137304,-0.030560242192169795,-0.038075694925179704,0.13035650885853656,-0.051503782916984875,0.19170552965690568,0.31961474461781325,0.08893811570115595
GTTACAGCATTCTCAT-D2_Stim,0.041027556457109426,-0.032409602032098306,0.005575949618974008,0.10491021602000572,-0.0693702649791188,0.12079180954212987,0.15393979387123746,0.06932895187666688
GTTACAGTCTATCGCC-D2_Stim,0.0365884617023724,-0.013059217958486968,0.018740581819743696,0.08742671352008813,-0.08348592423345202,0.10932720716118993,0.20314556111545468,0.08675369008491529
GTTCATTGTATTCTCT-D2_Stim,0.05209795988381316,-0.014904365320608903,-0.19308970775953505,0.12103955989626236,-0.17410131980682486,0.11196354794571661,0.31535912745926,0.05392006327741683
GTTCATTTCCGCGGTA-D2_Stim,0.053422125079224614,-0.0024856952761354023,0.04785708381755249,0.03703315517508088,0.009184014146534025,0.0430994912356617,-0.07333644445463428,0.014124888625815402
GTTCATTTCGTACGGC-D2_Stim,-0.006360876541082305,-0.0534997245902904,-0.4956952527241878,0.06438209597018485,-0.07567572778319409,0.13217218912816087,0.03176805439237462,0.01628157372981498
GTTCATTTCGTTTATC-D2_Stim,-0.05477228644638821,-0.02429610035672347,0.291565009263687,0.03245812582183483,0.11646747443252892,0.07609497320138381,0.22950065723929924,0.048258091437521244
GTTCGGGAGAGGACGG-D2_Stim,0.0469480996976106,0.048351773058051606,0.1157282941287896,-0.1924243044774787,0.1565476166605606,-0.1675708759033192,-0.4170971801405905,-0.10236763491712608
GTTCGGGGTCTCCCTA-D2_Stim,0.021842042146879237,-0.023072556024171575,-0.02587689669259774,0.14700357886582438,-0.01361175410905524,0.24152903905299006,0.2477977601536372,0.1186790574600245
GTTCTCGAGACTAGGC-D2_Stim,0.03611367229067319,0.0039276021068932465,0.13500845442597686,0.10990727239768638,-0.14846254126998026,0.1033568707193826,-0.05461915851652854,0.05867935213423081
GTTCTCGAGTGTCTCA-D2_Stim,0.027458157401969885,-0.026913496665931902,0.08199798383743051,0.02063102419318419,-0.009294906303333406,0.049016476790797014,0.0654347235807986,0.02286688570360873
GTTCTCGGTAACGCGA-D2_Stim,0.07748663869242911,0.020249359192863636,-0.07520009310776743,0.17819416443955483,0.026800180964086096,0.253423269803994,0.2566003239245971,0.12018378129600826
GTTCTCGGTAGGAGTC-D2_Stim,0.0641445846013351,0.023453995013115403,0.04402625244321179,0.027506114014531846,-0.0370504032702037,0.08565379795700068,0.1381578405833137,0.08001894865019032
GTTCTCGTCACCCGAG-D2_Stim,0.08787755974409883,0.09036339795121862,0.3208341104085761,0.18848139190857616,-0.11776758177872537,0.008439653752246201,0.13189375831577088,0.13513223928456064
TAAACCGCAGTTTACG-D2_Stim,0.08498702226332533,0.014648658220652422,0.08373498032790216,0.1258058591261264,-0.0559758012798266,0.10732540957463321,0.22148696538164359,0.0889200990212089
TAAGAGACAACTGCTA-D2_Stim,0.1689357992414422,-0.04082891269523259,-0.1979310353274446,0.15100763952561636,-0.10287354093873446,0.35340558828145685,0.24002330495444912,0.09079955569953135
TAAGAGACAAGCGAGT-D2_Stim,0.07895803858372119,0.06174763431371133,-0.0019045863648461392,0.07633101374916329,-0.14818181445376766,0.2457226326723987,-0.2149561225884149,0.08138010782878169
TAAGAGACAGCTCCGA-D2_Stim,0.01766080839215256,0.029660380006410136,0.11401387772815674,0.09273664184721753,-0.2387370351934539,0.05739289840979822,0.009016999623849387,0.070266746803334
TAAGAGAGTAGAGGAA-D2_Stim,0.10213411375375259,0.07988082400008878,0.07494232330166817,0.12982587735133677,-0.12091001310348481,0.08827901331596344,-0.06138039794778827,0.08699771645435561
TAAGAGATCTGGGCCA-D2_Stim,0.12378891053299945,0.08365600988198274,0.1626710071049029,0.13135615387656152,-0.09901916485040374,0.08064239392355077,-0.03369826636989792,0.087670292574348
TAAGAGATCTTGTATC-D2_Stim,0.05909504207559735,-0.007137732684173059,0.07328984371993741,0.11954331629294934,-0.018706825851939612,0.21686309320281438,0.20360931145656735,0.11216453353912392
TAAGCGTCACAGACAG-D2_Stim,0.08465492560616461,0.02010139344980999,-0.010012247826578502,0.1300562834387975,0.05517670232425864,0.17054920679407815,0.29049070707832936,0.12134790996996436
TAAGCGTCATAACCTG-D2_Stim,0.0027333755230500856,-0.015401954165314535,0.003260856912371324,-0.040049674570834526,-0.28704961063145973,0.015427325452678886,-0.45753707654277065,-0.05883128238422408
TAAGCGTGTTGAGTTC-D2_Stim,0.06392368294014261,0.019239642721057493,0.1455408302109813,0.10993799988853503,-0.12636593552936226,0.13259726630811564,0.05520857280121749,0.08256270186079107
TAAGCGTTCACGCGGT-D2_Stim,0.032295535491570604,0.07962118870654855,0.46970141461157056,-0.024497505962676414,0.054070138932983625,-0.10845833627997159,-0.1738585253753948,0.015957591996420106
TAAGTGCAGATCCCGC-D2_Stim,0.10974355189994789,0.028715527963040444,-0.04242145647766726,0.1323212637937683,-0.15731175262511066,0.18925965306056725,0.20339204209119988,0.0397559444633373
TAAGTGCAGGTGTGGT-D2_Stim,0.028425675706508002,0.017142093805793124,0.04198451964343519,0.13004040134872774,0.09805605965589237,0.24275097059105555,0.12866818072324726,0.10470793080365226
TAAGTGCCATGGTCTA-D2_Stim,0.03680584032665202,-0.007071023286316702,0.04140642702112629,0.10425568491611159,-0.17686518693382958,0.12100801489693858,0.297061752416762,0.095355085838003
TACACGAAGAAGGACA-D2_Stim,0.05874765260992909,0.0715045287955558,0.3182920340025781,0.06976536293903557,-0.06083912596865915,0.03829788334589779,0.1963891330548435,0.09147541593244668
TACACGAAGCGAGAAA-D2_Stim,0.012452237294732882,-0.01268832315173718,-0.00514511544557017,0.10471421347143206,0.11074491362511729,0.18510428671135948,0.07582744464326208,0.0672429227939606
TACACGACATCGATTG-D2_Stim,0.07251179218722115,0.0011316542482191494,0.09090349109830953,0.10431593792859672,-0.3113967210414348,0.11498539684762576,0.02911539943842989,0.1016404512942799
TACACGAGTATGGTTC-D2_Stim,-0.051931118953698174,0.01451059020780221,-0.1364188617394877,0.12800249706720024,-0.06567118928768778,0.24774211353069298,0.28770607879460286,0.05873399699517101
TACACGAGTGTTTGTG-D2_Stim,0.02249394406753602,0.04214012814916934,0.17277009591469294,0.10619164187833618,-0.27382725437577093,0.08579587015125334,0.12589272305414845,0.08835750892224681
TACACGATCAAACCAC-D2_Stim,0.017974785551189143,0.019228098171348407,0.10983098540900116,0.03956872931462918,0.10057022739793098,0.05255491334452422,0.0759293864509134,0.038661921068362304
TACACGATCACAATGC-D2_Stim,-0.07455408336319813,-0.013479444758450754,-0.21278643179902357,0.07786720223990073,-0.25440650906327633,0.08007457561159903,-0.049013035971665175,0.08247097496209932
TACACGATCACCAGGC-D2_Stim,0.037409618570867664,0.028064082217978736,0.11878863521124039,0.05613851071393583,-0.028208633827780716,0.12439928680909773,0.009360766416569355,0.09382720562700264
TACACGATCACGCATA-D2_Stim,-0.03955084956817245,0.012196242243792454,-0.16585331742595866,-0.05557991654514893,-0.2828523688521489,0.05901251349225234,-0.4590881182649742,-0.009753106461523942
TACAGTGCACGGTTTA-D2_Stim,0.08404536834822629,-0.022566767548767075,-0.07588087195093962,0.14468165021624202,-0.032542698383004165,0.14705748584070832,0.28814950365995085,0.06389885628703595
TACAGTGGTCGAGATG-D2_Stim,-0.002615356202074537,-0.19875739962674466,-0.5424452701524665,0.17138681472934714,0.07455459146250476,0.31044473701470743,0.5858446195283733,0.054613335913050065
TACAGTGGTGTGCGTC-D2_Stim,0.02783535632545764,0.016817727320786346,0.15706112239978332,0.009299233438326837,-0.14693589422707554,-0.020355878643506742,-0.048879672026261645,0.018821296160480117
TACCTATGTCCGCTGA-D2_Stim,0.03298903265998199,-0.07643939974116343,-0.18253186194239923,0.038467691382551905,-0.2511711021339931,0.17747905323406243,-0.027088210812379998,0.012639634536226296
TACCTATGTTAAGACA-D2_Stim,0.09207905461930288,0.027051692625235546,0.20243795620288374,0.05810526930341453,0.06017855623642987,0.03351389562112672,0.08218328031450017,0.035013805769388284
TACCTTAAGAAGGGTA-D2_Stim,0.10946650760059562,0.013115261972520997,0.08380105325724685,0.12347420987839186,-0.019396262602930037,0.1260308266692185,0.3641163444254003,0.10779184233401828
TACCTTACATGGGAAC-D2_Stim,-0.01011429570461253,0.008535924476143819,-0.1704108470299781,-0.058983063714178385,-0.162136557325276,0.0014007830984059666,-0.3313500637211675,0.000440080990474101
TACGGATCATGAAGTA-D2_Stim,-0.048584709268528314,0.010500024104540984,-0.10269106101898906,-0.07878390997007223,-0.029476487615465174,-0.08804733682493548,-0.39059434385391967,-0.04715131123580818
TACGGATTCGAATGCT-D2_Stim,0.00548536934599575,0.057249536728617656,-0.2178246269552746,-0.10409733192746451,-0.1899978833004905,0.054240506966822366,-0.5339205940712866,-0.0324524985178094
TACGGGCAGAACAACT-D2_Stim,0.06192880560653791,0.06616072849205601,0.17085655435882074,0.023636176599859837,-0.13379822674107622,-0.06705361567642498,0.07713236599658657,0.04964351117071608
TACGGGCAGCTCTCGG-D2_Stim,0.0595794675463619,-0.06604575400853108,0.2308684368091356,0.06953710924960355,0.12160138987900382,0.1281853335604204,0.14821835172001752,0.06733021524274996
TACGGGCAGGCAATTA-D2_Stim,0.18698503319020254,0.013931957691170282,-0.11540691048588947,0.14090587354203876,-0.07155355955403486,0.34567840189810894,-0.1709306438453595,0.10575437487276673
TACGGGCCAAGACACG-D2_Stim,-0.02217864836351957,-0.0028865898733396733,-0.28692342408265237,0.0378515898238696,-0.30135556753798376,0.04723365711454086,-0.35045306071300786,0.03440252082350881
TACGGGCTCATAAAGG-D2_Stim,-0.040295845411346676,-0.03584757941554706,-0.10225769101039184,-0.013043770785882813,-0.12116208323160649,-0.026995219726067887,0.09299946090026445,-0.010815308258447232
TACGGTATCTCGATGA-D2_Stim,0.03356126940606785,0.08267327146479353,-0.09659889329706939,-0.001566957336958552,-0.06832844103299784,0.08195503803580273,-0.5934344507575435,-0.014900254709958816
TACTCATCATGTCTCC-D2_Stim,-0.023541074779007687,0.030611564089319643,-0.09504479447961511,0.020838108993055826,-0.18385628478001514,0.0032386823285275312,-0.33379485011279897,0.022898554117496417
TACTCATGTGAACCTT-D2_Stim,-0.016848805348491425,-0.03235367636465902,0.05446525716544848,-0.041814475760606484,0.012280695449069512,-0.02352174951814412,-0.12503187111459368,-0.03491783349706168
TACTCATTCCAAACTG-D2_Stim,0.048450102805455586,0.01402067562101017,0.09601201141579452,0.06506923823504529,-0.17814401269489544,0.04050879726271184,0.14460331576476726,0.06756686952297564
TACTCGCCATAAAGGT-D2_Stim,-0.05822221853438592,-0.003164378752630981,-0.11312849617594267,-0.06144591276803091,-0.08689488496887954,-0.03400459626771557,-0.232499813704802,-0.043624189830694604
TACTCGCGTCGGCACT-D2_Stim,0.011490973910289526,-0.004490138835338442,0.07409514237498716,-0.10535003336206827,-0.05217508465219467,-0.053970350384521026,-0.2900291340088561,-0.04550462156966084
TACTCGCGTGACGGTA-D2_Stim,0.036560899758686816,-0.01447217321677563,0.056518142867563625,0.06852065270012098,-0.01402939864041386,0.08803107859066728,0.24191274258223405,0.06623502547460802
TACTTACAGTATTGGA-D2_Stim,-0.029144699222715786,-0.02972531991174776,0.0192867561671326,-0.030309550230352755,-0.018388894317798332,-0.033419433746082916,-0.17103096798915907,-0.021490960689350302
TACTTACTCGAACGGA-D2_Stim,0.00893289213910009,0.06262902368426637,0.2849837386051952,0.01811089328049853,0.029793809530509918,0.0032565811232725395,-0.101301323996557,0.03130580011875139
TACTTGTAGCATGGCA-D2_Stim,-0.02655450331505982,-0.003509016342931659,-0.11399281429742292,-0.044514858470028784,-0.20086784784512268,0.012783126415328638,-0.49140111167799816,-0.05953234935894791
TACTTGTTCATCACCC-D2_Stim,0.0025793396562292514,-0.05964007499130375,-0.06372471226647392,0.1220183175669618,-0.0665147565934614,0.26607237341358214,0.2010587106322097,0.11013474285115699
TAGACCACATATACGC-D2_Stim,0.02496101500761938,-0.012789645889025536,0.0673700660473262,0.012097872825750144,-0.027913386836241116,0.04110814808059082,-0.04510270411111428,0.01675324313925408
TAGACCAGTGGACGAT-D2_Stim,0.015504703576826984,0.0487941091114692,-0.09773977359702357,-0.00037615303929783295,-0.10463795240049478,0.08895009466037962,-0.49426264578201184,-0.004138712050272275
TAGAGCTCAGCCAGAA-D2_Stim,-0.0018945368314913225,-0.026690602188971013,0.012244025592970331,-0.03588637426784835,-0.07730642986909864,0.0054451764585561335,-0.058399149553457264,-0.010875059220706973
TAGAGCTTCCCGGATG-D2_Stim,0.11449129574839567,0.06478696702429332,-0.0040235274391431375,0.022823184323078394,-0.313072619943112,0.04248260775286283,-0.25653485052066927,0.045429207536322735
TAGAGCTTCTGCTGTC-D2_Stim,0.18659575950127305,0.08853007329091156,-0.01019297723744117,0.1565768893093189,-0.0062910482987774685,0.15380569351059847,0.2804881348437913,0.09669086908296265
TAGCCGGAGATCCCAT-D2_Stim,-0.08004734930060309,-0.027066511351335976,-0.10792234589129279,-0.021663467800459912,-0.31189789733160467,-0.05945303677483871,-0.24423556911027688,-0.007527732422230926
TAGCCGGTCGCTAGCG-D2_Stim,-0.023579785185356528,0.03229197129781625,-0.13809395414401227,-0.030503705348234433,-0.11100008225460378,0.07041316439524792,-0.5266534297981078,-0.02884824179881207
TAGGCATGTGTGCCTG-D2_Stim,-0.08728683981387952,0.032584628345839306,-0.0027942003629153334,-0.12491907536193203,-0.021442567229108533,0.035542552486152346,-0.8670796022727068,-0.07328943252130138
TAGGCATTCGGCGCAT-D2_Stim,0.045955202751377655,0.016184819207143875,0.20950869748979706,0.012113303762427918,-0.007752902623224145,0.01943196442959305,-0.04418011494065688,0.06298431900364321
TAGTGGTGTCGTCTTC-D2_Stim,0.03818514411707774,-0.026000096208044,-0.05410223712890705,0.11314841345914317,-0.029448908059276135,0.18829115782195593,0.16089246306995886,0.11204377394603249
TAGTTGGCAGGCTCAC-D2_Stim,0.09118464724801889,0.05702410756357423,0.11519596943815102,0.11320728714838602,-0.1490380122097097,0.09365071735038732,0.31043541040450773,0.08049444192252153
TAGTTGGTCGGCTACG-D2_Stim,-0.09958232215926799,-0.024551946722302986,0.14610031619728936,-0.00013241408791309084,-0.13214200591677816,-0.1277949012893842,-0.18867979557750658,-0.01710108464927984
TATCAGGCATCACCCT-D2_Stim,0.05763209451206741,8.904630564998683e-05,0.0016017099357021891,0.1465718666994622,-0.02929119217777476,0.17511042919143627,0.2389951756279789,0.10423320696433436
TATCTCACACTTCTGC-D2_Stim,-0.006297719343054453,-0.0013238147790843868,0.2661602160566847,0.03981803851659649,0.04875632368796623,0.13150858496605977,0.1374722604667351,0.06852507427679733
TATCTCATCCACGTGG-D2_Stim,-0.04937852477599414,-0.07197591556513494,-0.29539473589556664,-0.10319937463958873,-0.29142241149218684,0.06905644766833774,-0.5186652455516718,-0.045535957493843426
TATGCCCAGATATACG-D2_Stim,0.0654544847079297,0.0535873551955639,0.09545459915048937,0.11567011501779412,-0.06228477698019752,-0.0015221304196302299,0.2430239203889153,0.05352738747620478
TATGCCCGTCGCGAAA-D2_Stim,0.057915614242304514,0.09363446182479684,0.11838626044033784,-0.09810708744003449,-0.048297960353988145,0.057341693568563556,-0.8872269503332255,-0.062040558402667756
TATGCCCGTGCTCTTC-D2_Stim,-0.03578507780564166,0.05741018292778044,-0.08928377241797492,-0.046360530086641205,-0.2318372435747449,0.019629560672802526,-0.8146636907389606,0.0013640774001526523
TATTACCGTACGCACC-D2_Stim,0.05613602782616134,-0.0073488182994996265,0.04285645094523893,0.09655343934070615,-0.28899776288085555,0.05980710767552644,0.16848424255274974,0.08064170288737671
TATTACCGTCCGAATT-D2_Stim,0.037646632702820426,-0.013710348615493473,-0.04744374789743411,0.09685103078177981,-0.11593135245292174,0.18059644807693864,0.2656386787633833,0.06719416187501004
TATTACCGTGTTGGGA-D2_Stim,-0.0037608768896095768,-0.022424190521618925,-0.038603138217303545,0.029434245344630128,-0.1978836746038759,0.05729734709809442,0.10236294628085929,0.021644839559552764
TATTACCGTTGGTGGA-D2_Stim,-0.1522471062918882,-0.006311377684435016,-0.0779755255242911,-0.20544263890849557,-0.3254077154468984,-0.2619950487694691,-1.091673237091877,-0.13867795522370585
TCAACGAAGAAACCAT-D2_Stim,0.10002240618999991,0.08112138318840678,0.2962706880260182,0.015123656883638148,-0.12123353645194435,-0.07136544601987538,-0.33558098229555533,0.02771115106095401
TCAACGAAGCGTGAAC-D2_Stim,0.12228252037622767,0.11800401801260385,0.2565774814088524,0.12046127525646178,-0.13846333801288502,0.051015679942709724,-0.08836790249810633,0.0801342580221931
TCAACGAAGGTGCTAG-D2_Stim,0.08124020913703234,0.07621125787522054,-0.06699708362804113,-0.0723457962196612,-0.0641089949416962,0.013074165119249415,-0.3766299317591333,-0.05225467906076808
TCACAAGAGGGCTTGA-D2_Stim,0.030330317215581104,-0.01841091777364845,-0.018823099916325248,0.11230555756212368,-0.15767391464236802,0.09790664004682981,0.15430554316799405,0.07758939641921714
TCACAAGCAGATCTGT-D2_Stim,0.01070988177481702,0.012616143032690985,-0.07611728643382776,-0.13195653941096808,0.008369919483014243,-0.08182855210861639,-0.4549324606965506,-0.07387492639817772
TCACAAGCATTTGCCC-D2_Stim,0.013912041513876261,0.020822605015773377,0.0644112289734533,0.06668081648956559,-0.22960671093564677,0.03674152567354305,-0.031474837214867435,0.06624057647280424
TCACGAAAGTAGTGCG-D2_Stim,0.05467763688520044,0.07359709607349707,0.09009878223707268,-0.01881900425837557,-0.21193526854030686,-0.07662794124221506,-0.8633268215037724,-0.004450677045001683
TCACGAACACCAACCG-D2_Stim,0.029743092054767217,-0.0034765717648710392,0.066872207166087,0.06378152859429775,-0.0078006704677928695,0.02630794368982947,0.25672550399739524,0.03674813987078274
TCACGAATCGCTTGTC-D2_Stim,0.019237779428765478,-0.01103909179464857,0.05461872262192813,-0.03246780446358599,0.038368610343738396,-0.02600339905283988,-0.048034183484306325,-0.020537875575161735
TCAGATGCAAAGCGGT-D2_Stim,0.07252442095705014,0.036165763514073745,-0.025247925062657828,0.15494834538264612,0.0393077908529591,0.2946542722208445,0.25521759158283874,0.12706191603680317
TCAGCAACAAGCGAGT-D2_Stim,0.03348451871554481,-0.03109887429519098,-0.19120471673766204,0.12646135337563713,0.08837856211214756,0.1390158401173558,0.23768293836188104,0.07738436647748514
TCAGCAACAAGGACTG-D2_Stim,0.010559876083229724,0.05798846526002599,0.04684645020228828,-0.1633388180710611,-0.3070365755142639,-0.14298248551114412,-1.3441900735723618,-0.08702598238266468
TCAGCAACAGGTCCAC-D2_Stim,-0.00834438912511537,-0.06206083493964698,-0.11954528426796784,0.12768190738753127,-0.030981326356741334,0.26024536512644936,0.3187163509444124,0.07666708656426557
TCAGCAAGTTAAAGAC-D2_Stim,-0.030171370060958935,-0.003908254063745176,0.03915292246378854,-0.1274039758002381,-0.05055249288919228,-0.02477294421971088,-0.3035420183535287,-0.04997219105291606
TCAGCAATCTCCAGGG-D2_Stim,-0.057378546446138046,-0.052535562993172746,-0.14660872174876616,0.1022749657798876,-0.09693337233681021,0.2070995110848628,0.2793829113705737,0.08394051029105754
TCAGCTCCACGAGAGT-D2_Stim,-0.06840037320238501,-0.0002801495379820551,-0.29369505173129884,-0.06162816628919643,-0.3298835946848815,-0.011683340047396129,-0.4005453405930304,0.005566872629801267
TCAGCTCGTCACTTCC-D2_Stim,-0.009063709991576019,0.13022613995741494,-0.13808057120574535,-0.022717504682741918,-0.3643788297010726,-0.02462425163280102,-1.0570042724343232,0.011980659943795047
TCAGCTCTCGCCTGAG-D2_Stim,-0.05146452486177111,0.01909088719048313,0.09265569809610241,-0.19726993218048072,0.03866203102039201,-0.06274978808970211,-0.5531446683069614,-0.08738106428496906
TCAGGATAGCCCGAAA-D2_Stim,0.06082836032125094,0.05948524107826891,0.17861665532988624,0.08773100714230431,0.019731375847928945,0.03056024541858271,0.2597111024214511,0.052845423383132584
TCAGGATTCTGCGACG-D2_Stim,0.017602944752328042,-0.011664440778826446,0.05592785089893493,-0.04183881630790509,-0.08214295771336566,-0.009848042657262468,-0.1640946600129567,-0.025410461027563613
TCAGGTAAGGACAGAA-D2_Stim,0.04666094684950295,-0.004687434238263677,0.04327097664302748,0.05371054856766122,-0.0781286720611174,0.07776413997508591,0.08853696507458242,0.05216654749317051
TCAGGTAAGTGGTAAT-D2_Stim,0.0976959175543346,0.007444053408072193,0.10306055929962277,0.0349174440962301,0.050205883031317455,0.07492074208738941,0.13263313660005682,0.041094482477587846
TCATTTGGTCACACGC-D2_Stim,-0.023899222459412783,0.012609295451538216,-0.1691053362120858,-0.047412694215454465,-0.11698610185775316,-0.022871033715791356,-0.1873452092083454,-0.03477711977145148
TCATTTGGTGGCCCTA-D2_Stim,0.09364464034358022,0.046325757617070806,-0.06388513605995882,0.18883907659962418,-0.004741161299836705,0.3448435049277716,0.12985920405135687,0.14189368623783594
TCCACACTCGTTACGA-D2_Stim,0.04455823770599032,-0.033539059481137556,-0.07081244952759924,0.15127750912744098,-0.07268618967601803,0.21733790233651895,0.2727275814566088,0.08608950114814284
TCCCGATCAACTGCTA-D2_Stim,-0.08805128428032027,0.08438604474324407,-0.22679067105956108,-0.009010766994688169,-0.40543686849542837,-0.045369417924446154,-0.5897480396806447,0.0162090319970023
TCCCGATGTCTAGAGG-D2_Stim,-0.20499114048991451,-0.06798996661804857,-0.14870077119474345,-0.19863380595894498,-0.06419336877592485,-0.16892949547956349,-0.8730632350835972,-0.12621329609018161
TCGAGGCGTCCCTTGT-D2_Stim,0.07337363991818258,0.018127078178901357,0.04650583305689615,0.061973102896304866,-0.11351075003001831,0.05224025487015993,0.15267981102201045,0.0752114219414306
TCGAGGCGTGTTGGGA-D2_Stim,0.07766679717161473,0.019698898302200618,0.012738574376882639,0.1111913923139003,0.03049768971647282,0.12801897063205914,0.12403484920739416,0.08829348157004979
TCGAGGCTCGCACTCT-D2_Stim,0.056842867869246305,0.002365950771768155,-0.06686635748145342,0.1928929480906607,-0.0011403075305018717,0.2596469244328272,0.17714256624755986,0.13688005401597536
TCGCGAGGTCTAAAGA-D2_Stim,0.18245611598236522,0.06287500440504523,0.27153720976609463,0.1498085979717878,-0.019448498011911397,0.20690040844027813,0.22021410223396387,0.13550205795912618
TCGCGAGGTTGATTGC-D2_Stim,0.05374280581306934,-0.028806529896874267,0.014806231786902657,0.13547932728377532,-0.05999713844831156,0.18058454090242115,0.33963927109300585,0.09152457127713376
TCGCGAGTCCCACTTG-D2_Stim,0.024163133205767906,-0.04128164872539841,-0.12413939401953478,0.16081311881434246,-0.029754201905630495,0.228336177944934,0.39500484127484903,0.09036538961913365
TCGCGTTTCATCGCTC-D2_Stim,0.01010826261752129,0.005507620298359939,0.041114530607252675,0.10007621458861315,-0.004647434892119051,0.3039088155353866,0.11739030570390696,0.09420576498771815
TCGGGACAGTTGTCGT-D2_Stim,0.02515057939240606,-0.01929181243048106,0.05758698995188638,0.023663492300554978,-0.10349078954807212,0.0413439701898195,-0.02479141579239119,0.03492232481437618
TCGGGACTCGTGGGAA-D2_Stim,-0.09497901314351331,0.009772817317397653,-0.10709190121390844,0.0003688852812935295,-0.1312911688726981,-0.0295425756221519,-0.41555534020533713,-0.006479981082568642
TCGGTAAAGGCTCAGA-D2_Stim,-0.06728129569534858,0.03244092368935192,-0.18849249160725012,0.05805486370720381,-0.25836754889375513,0.016353886990264854,-0.0783907889891573,0.025223453143913943
TCGGTAAGTACATGTC-D2_Stim,-0.002479027672180223,-0.03352953961826444,-0.06834956620016897,-0.011399338687899885,-0.055469067187509324,0.03369961401302213,0.03294965475714484,0.015003210456619342
TCGTACCAGCTGCAAG-D2_Stim,0.12457482343659265,0.09209211811847418,0.00042843271247505754,0.014058263639132207,-0.4707262655385982,0.0409039894905856,-1.183804475914899,0.045726339044909636
TCGTACCCACAAGACG-D2_Stim,0.10014410206622237,0.08552396167230292,0.38202916903532014,0.14403359701855756,-0.09981890619134859,0.015731782464033728,0.02154414054836362,0.09002364743973601
TCGTACCCAGGAATGC-D2_Stim,-0.05935115305086569,-0.004364670688397965,-0.10849884946934019,-0.010789529222373417,-0.1311722450624373,-0.0006804699022691096,-0.01067149217896457,-0.02804181081247492
TCGTAGAAGACAGACC-D2_Stim,-0.008148289120537555,-0.04311088139017727,-0.1461972997993204,0.14135783782490208,-0.21985929946549554,0.19230317575730638,0.24045951045582026,0.0675662728966202
TCTATTGAGCCTATGT-D2_Stim,-0.057983301578497404,0.0008333046726356486,-0.20910396718129487,-0.07860728930447713,-0.04063999583700095,-0.05407148012841745,-0.40249503818533583,-0.05082878955371761
TCTATTGAGGGAACGG-D2_Stim,0.007890304033931983,0.0033022901866424093,-0.008883088731646893,0.019789915500217248,-0.17380030518141787,0.02826707063703182,0.014674130555395237,-0.0026128536249849788
TCTATTGAGGTAGCTG-D2_Stim,0.03890956783706834,0.061906731391324854,-0.0377900827300266,0.04420883996079894,-0.18954137390639225,0.023601167646049248,-0.4238245020302376,-0.011468269922485064
TCTATTGCAAGTACCT-D2_Stim,0.07897195180819772,0.012349481168470788,-0.0031784022086807084,0.14871623687069402,-0.15449636347506335,0.13615111178219408,0.320941019676539,0.08766023031435388
TCTATTGGTGGTTTCA-D2_Stim,-0.10830140594423909,-0.04276556596231629,-0.4783042193170015,0.135714184904705,-0.08833374933687921,0.3322673831067817,0.2230675901133541,0.0937643049672694
TCTCATACAATGAAAC-D2_Stim,0.06298722929414069,0.004883383229183025,0.0318366849831655,0.0994291725203329,-0.06251411656683814,0.1731610780191737,0.2611382540759859,0.08424128285915167
TCTCATACATCCCACT-D2_Stim,0.016266008086775585,0.043272390082361056,-0.06314493784212516,-0.007925857717664186,-0.305746335931941,-0.011458813037689808,-0.9630424841074543,-0.003151134183610793
TCTCTAATCACTATTC-D2_Stim,-0.0338342345615672,-0.06782376160109571,-0.2450663144501597,0.11419028857092428,-0.16667981872125814,0.1950705362561571,0.18293473683636918,0.06333254169444658
TCTCTAATCGTGGGAA-D2_Stim,0.06320167046178504,-0.022129853757105522,-0.0707556402519618,0.16528582900555122,-0.02662466053572743,0.2891860142862548,0.32013972907775123,0.11586494566185834
TCTCTAATCTGGCGAC-D2_Stim,0.03409453296469067,-0.05112026925872648,0.20341391573143675,0.06501447287901385,0.027554244542015383,0.07319025118312439,0.1415815897496433,0.06748380920816643
TCTGAGACAGGGAGAG-D2_Stim,0.007046065749536368,0.05991009172527839,-0.07823466604701412,-0.020670110622138083,-0.2067175088966131,0.04208862841706562,-0.3675629859032057,0.012844981683690193
TCTGAGACAGTCAGAG-D2_Stim,0.0022346007914428867,-0.016350376689617363,0.06846284653172141,-0.06517955087989868,-0.01920277214249211,-0.0430403604443228,-0.08946918586087271,-0.05213066010536238
TCTGAGAGTTGAGGTG-D2_Stim,-0.10472574215543595,-0.018247178878345593,-0.0683002185545174,-0.05426556110618641,-0.06581891559215514,-0.046907702678657515,-0.03710277166632103,-0.02572858838727754
TCTGGAACAATCCAAC-D2_Stim,-0.09508003131853116,-0.003845472910441572,-0.21124143627192637,-0.018142030608714776,-0.23914947280754006,0.07179974991990079,-0.28487046703301466,0.03238347685926257
TCTTCGGAGAGAGCTC-D2_Stim,0.050184717275133295,0.005183023238476636,-0.1772713364848304,0.22533609454422354,-0.2350907691970967,0.20576537602360645,-0.0725080560938558,0.0665575504530107
TCTTCGGCACCCATGG-D2_Stim,-0.025204497515007418,0.008046527084239585,0.2287948416053842,-0.2923418176828214,0.1421618932422284,-0.07163033906817873,-0.6717728469275315,-0.14524138995792413
TCTTCGGTCTCCCTGA-D2_Stim,-0.033904563514528974,0.038922424371216735,-0.02439194624862928,-0.0533979722272786,-0.0488919069885938,-0.05797400059224067,-0.5934644823405968,-0.02413718391913733
TCTTTCCAGGCAGTCA-D2_Stim,-0.05822080459270573,0.015929434337866866,-0.18815645874316989,0.02946319014553822,-0.40163388250469545,-6.376746660841093e-05,-0.7074394398447499,0.05545079209236903
TGAAAGAGTCAGAAGC-D2_Stim,0.03289207521963888,0.02720685573668824,-0.13488493677007973,-0.007587343518824952,-0.5065663581124085,0.07999781917242998,-0.9448572840014702,0.013457247610038081
TGACAACAGCGGCTTC-D2_Stim,-0.013157325004668152,-0.0014865057958957095,0.013847207092949176,-0.012907965683476519,-0.16508556718818923,-0.0590000478906596,-0.6585839709412724,-0.0008086638298170357
TGACAACCATATACCG-D2_Stim,-0.06951018935324349,-0.014459976922820417,-0.2277118843293593,0.055925166413548055,0.03223301214211638,0.15054623982969773,0.29155944748372065,-0.018113784232218322
TGACAACCATCACCCT-D2_Stim,0.0638883842860416,0.13486175750998264,-0.011930729532960704,-0.019368490503273605,-0.03135509264378733,0.1000281024304428,-0.5578195266920734,-0.024114745036607488
TGACAACTCACAAACC-D2_Stim,-0.021413715480278483,-0.017679025398598114,0.015136300535505853,-0.0243532751317197,-0.04032069385159254,-0.03770970379951066,-0.17699551423824822,-0.02929112190515326
TGACAACTCCCAAGAT-D2_Stim,-0.1562768275512898,-0.11610948285944112,-0.21223649685262203,-0.0607435046018594,-0.27568481339583606,-0.0718807040564986,-0.15206060636314156,-0.08884786595202243
TGACGGCAGCTCCCAG-D2_Stim,-0.0852529042138439,-0.007366874453232697,-0.263454006325345,-0.04126200297775817,-0.24051909563258,-0.09087798562049798,-0.4604560592585134,-0.03323170662352126
TGACGGCCAGCTGGCT-D2_Stim,-0.04906910216066862,0.0005503368858406077,-0.015889182582139227,-0.12748304294475687,-0.2138474100600707,-0.09821603351278263,-1.0985017958466585,-0.052438130510124026
TGACGGCTCGGCTTGG-D2_Stim,0.04418970437182068,0.026842422766755192,-0.18832414785672213,0.07119695989230834,-0.1579199239442115,0.25669017160874397,-0.5790007699431143,0.00531856863516289
TGACGGCTCTCCGGTT-D2_Stim,0.03717475492468836,0.025197085702860278,0.08860701791615355,0.09572023445925382,-0.2911720525916355,0.060015040724906044,-0.03420586941307491,0.07855558327398526
TGACTAGTCACCCTCA-D2_Stim,-0.05865896661199699,0.013244960958974872,0.01955847106395847,-0.11486649456386466,-0.07012625421910101,-0.07823214643341281,-0.5869319045174954,-0.08364131647038242
TGACTTTAGGCTATCT-D2_Stim,-0.009923779009749722,0.023260058217204005,-0.08658844782582786,-0.08525622002991717,-0.10468526370869213,0.0014596644340567622,-0.4163229674830369,-0.056181404222263254
TGACTTTAGTGGTCCC-D2_Stim,-0.07756453822750764,-0.051068497246101074,-0.20210827229329453,0.06260955593440976,-0.1621785782059444,0.16446022533548899,0.15515064500413356,0.03283957980560004
TGACTTTGTCACAAGG-D2_Stim,0.053548219456446944,-0.02241437238887478,-0.030718180694252695,0.11197029504197253,0.014414194446867867,0.2148643130113772,0.17799861237925096,0.08340009925939462
TGACTTTGTCTCACCT-D2_Stim,-0.06276657158032073,-0.024073257201417064,0.23828333749450792,0.06328309111136576,0.06809319578666084,-0.004679074856941412,0.2595249926424019,0.04272513558849056
TGAGAGGAGGGCTTGA-D2_Stim,0.04687361711978788,-0.019953749197259896,-0.09411238808303324,0.031018893601272524,-0.06641257383395782,0.24016450204876527,-0.24298028033725494,0.07613870359936215
TGAGCATTCTGGTTCC-D2_Stim,0.07649234821672835,0.0788258169869831,-0.017228722117999418,-0.044691423574024114,-0.020953253921785375,0.03888912954897705,-0.6252055634496365,-0.06533031801746958
TGAGCCGCACCGGAAA-D2_Stim,-0.08364587980427274,0.037652726719064944,0.21139971463987806,-0.012114544750495781,-0.11541385913916358,-0.10012924616502339,0.1445433106033125,0.0042958970615707415
TGAGGGAAGTACGTTC-D2_Stim,-0.03221163499221902,0.012876337604756927,-0.09285933008324498,0.15708405481378307,-0.03947630495930987,0.26775720378803136,0.31308277126801265,0.10615654388989881
TGAGGGACAGGTGCCT-D2_Stim,-0.11605126240493924,0.03335171065507403,-0.1847587899140386,-0.0497360240350595,-0.08685585297346776,0.035547041797361345,-0.9051558130918469,-0.019794409423008474
TGATTTCAGAAAGTGG-D2_Stim,0.01367874502502886,0.05698688752736558,-0.04672055750351767,-0.14876391870581962,-0.3405250432962834,-0.041958348901683706,-1.1648558188572,-0.07122088550504202
TGATTTCAGGCGTACA-D2_Stim,0.048149447102661114,-0.010899706638666018,-0.018014975174326153,0.1419252401963007,-0.20989839330932192,0.09001100874679935,0.2001221344790638,0.1101406542175063
TGCACCTAGGATGCGT-D2_Stim,-0.1014013758365877,0.0069973682300705775,-0.2514555446158786,0.03830909043250941,-0.26916512208307175,-0.027918380401734666,-0.3188870300575619,0.0076037953193939245
TGCACCTAGGGCATGT-D2_Stim,-0.05056454069362992,-0.18166381764648243,-0.7202126314561248,0.14446043344856818,0.08284653206297143,0.20236006889803448,0.2780022085866545,0.05526675148067106
TGCACCTCACTAAGTC-D2_Stim,-0.026756897196749563,0.011380751309685522,0.0686415700890981,-0.18472970954601564,-0.004798447478934875,-0.0565052558465986,-1.1274515361902697,-0.08111864818233805
TGCACCTCATCCTAGA-D2_Stim,-0.08516782617177654,-0.10691948880500313,-0.4548405781030773,0.08961024638668214,0.060376012746248264,0.1263867548658677,0.2940392214996663,0.006673104883768488
TGCCAAACAAGAGTCG-D2_Stim,-0.0478641125868382,-0.0003602968886813329,0.3418096084947244,-0.06704445150197991,-0.04801754059679375,-0.11787859991682659,-0.10053084829355186,-0.025006446066173638
TGCCAAACATTCCTGC-D2_Stim,0.04258820521416773,-0.009578187879206723,-0.01088223138306077,0.15177478600881678,3.42128883286108e-05,0.2794854207131401,0.168801827234498,0.11403195091356189
TGCCAAATCAGTACGT-D2_Stim,0.022835578882348884,0.036677309197713726,0.018229520793276777,-0.02094999818375598,-0.2566073082339084,0.02394178127371127,-0.6313795552839032,-0.01969376792316524
TGCCCATAGGTGCAAC-D2_Stim,0.02460424449939147,-0.025702467451916178,-0.011121138410327802,0.0372754771887962,-0.048601123733586604,0.032502196208842093,0.07979202627765059,0.03544098512668015
TGCCCATGTTACAGAA-D2_Stim,0.0055475331406444894,-0.010868429177742556,-0.0036572304671427247,0.03028615512964805,-0.2442801353392241,0.044141895507335605,-0.267262826900474,0.01490389776871126
TGCCCATTCTCCAGGG-D2_Stim,0.08443576452240542,-0.007983283353469872,0.13145070518867819,0.14985603392682734,-0.09201346623321349,0.1263635537176846,0.2456058123910143,0.09141585788161599
TGCCCTAAGTCAAGGC-D2_Stim,-0.010518896900139296,-0.016738652828333755,0.11676530039799715,0.09314113832461679,-0.0052570787145658215,0.12691416224813068,0.2082131138377541,0.08866505292203364
TGCCCTACAACAACCT-D2_Stim,0.03310803594041012,-0.025235074585324924,-0.09703529959578816,0.1350855082514677,-0.03436621306586396,0.21946777994559064,0.1769215915535165,0.08177698256508847
TGCCCTATCAAGATCC-D2_Stim,0.009743459082667272,-0.014753022443818153,-0.07988837299819274,0.08952155021873232,-0.028747592156358692,0.18543912682407893,0.16279898104490265,0.089108702783399
TGCGCAGAGCGAGAAA-D2_Stim,0.011598059814659223,0.08362137809278991,-0.053333094936413694,-0.06502445232237086,-0.05173459451916074,0.045826442137691714,-0.5029235769176204,-0.04089717483050492
TGCGCAGCACTGCCAG-D2_Stim,0.045859071525333306,-0.014498218742451385,0.13694372765083962,0.10928573607505498,-0.013657281000369892,0.18185296270709372,0.10665953438469078,0.09301283630671975
TGCGCAGCAGGGTATG-D2_Stim,0.0982181797006163,0.06202473591166857,0.15191497996043601,0.14117998262538833,-0.03888805201829015,0.10349788260860215,0.46323896717937796,0.0709337651355959
TGCGGGTTCAACGCTA-D2_Stim,-0.0010130027144086284,0.06427988554646014,-0.28115123863213665,-0.10980535145910153,-0.23693320998173206,-0.04197218089253951,-0.6361219891099417,-0.031950966877852593
TGCGGGTTCCGCATAA-D2_Stim,-0.0295879256650462,0.028216300413966167,0.011941170111122723,-0.191280339879075,0.0361554613662598,-0.1453764800457975,-0.6083390171831979,-0.10668217216749731
TGCGGGTTCGCTTAGA-D2_Stim,0.029764245457288396,0.005179849277125115,0.01995022917269118,0.15700575817021623,-0.08669795351199028,0.19965735819294395,0.29162255568163165,0.12107779467328683
TGCGTGGAGACTAAGT-D2_Stim,-0.005784496351580515,-0.06281368259760889,-0.3058066924385887,0.13136621502062162,-0.1288045829539186,0.08721024435864244,0.42583820677511497,0.0445640103465994
TGCTACCAGGTTCCTA-D2_Stim,-0.028940154912126204,-0.06252585744527472,-0.20439179635075355,0.08326534328279678,-0.21308217913329486,0.1278221511998936,-0.13711608770477213,0.02389113039835422
TGCTACCCAGAGTGTG-D2_Stim,0.0736993753628461,-0.0016054804018690305,-0.05439605944808079,0.152954758658856,-0.05876037705937165,0.2866710627432614,0.2661301102981488,0.11097540701135067
TGCTACCCAGCTGCTG-D2_Stim,0.06528076312595488,0.048837662795643055,0.17227026347567964,0.04920141559062152,-0.21415662217696863,0.001314490457978934,0.07795615745073192,0.06296949778201366
TGCTACCGTAAACACA-D2_Stim,0.023811889899855387,-0.022939042696640044,-0.08522199845300626,0.10811370524862518,-0.02861085381441164,0.16645588091503605,0.21607873336110472,0.07878087736896155
TGCTACCGTCCGTCAG-D2_Stim,-0.005499791137172139,0.03853971043888649,-0.1386886583235336,-0.04700341552807785,-0.055213667065466154,0.014923328442902672,-0.31606266138662775,-0.027172007419324018
TGCTACCGTTCTGGTA-D2_Stim,0.10024390595587285,0.05398451245594238,-0.01997355131868872,0.14831585219453736,0.013502500419741992,0.22572172874369478,0.10424536028567122,0.13686327968652456
TGCTGCTAGATCGATA-D2_Stim,-0.008311032438900412,-0.023091106440737974,-0.028330567046474187,0.07735136152188637,-0.04215859722261506,0.16703311458909198,0.17096111346062948,0.06608271456000381
TGGACGCAGGCTCTTA-D2_Stim,-0.03524973307014889,-0.030731566754402806,0.08982266086473167,-0.06290139198716638,-0.03969055546224354,-0.08034510200706357,-0.11703179005842479,-0.048013462724803446
TGGACGCCATATGAGA-D2_Stim,0.016145217079730045,0.02852716377921638,0.11215900640272736,-0.0475351306884324,-0.11810480966149939,-0.038098789977667025,-0.4210062536327044,-0.02984413954066234
TGGACGCGTACCGAGA-D2_Stim,0.005587812855170071,0.0300572972018891,0.20256911543933853,0.016606919385878882,-0.25290326722507395,-0.01664490156534626,-0.21847882203272917,0.025490505128216157
TGGACGCGTATGAAAC-D2_Stim,0.01710914320364232,-0.028064230846410965,-0.02611633276114489,0.151271291901093,-0.03895068352828801,0.20450328513979166,0.2077413015445826,0.08368639488056573
TGGACGCTCCATGCTC-D2_Stim,0.14544297930994787,-0.04986103338284131,-0.06894885872219092,0.1315673906059427,-0.03464355043757372,0.3094492440477916,0.09360557115144097,0.07917123746917376
TGGACGCTCCGAATGT-D2_Stim,0.05051199076130963,-0.003282607379178515,-0.017640255666783844,0.1713657290750703,0.028863583747478216,0.22508982792399657,0.23763000851908433,0.13022254380936538
TGGACGCTCCTTTCTC-D2_Stim,-0.07546779276951021,0.03549622820844611,-0.1236321676685126,0.04318380531810817,-0.3560473083893321,-0.001957835529045937,-0.5950610654128781,0.04852791304928772
TGGCGCAGTGCGAAAC-D2_Stim,0.11897735907817442,0.07290556950971627,0.17123906231080355,0.10120461924974222,-0.2126034981395044,0.046658850459085244,-0.0018451084195270084,0.11078526796429955
TGGCGCATCAGCAACT-D2_Stim,-0.026178214465256033,0.013272164833818323,-0.0646327404748348,-0.1280746434923472,-0.011839829545548852,-0.06779976051615044,-0.45000028790529,-0.05739659652004825
TGGCTGGCACGTTGGC-D2_Stim,0.04831163739311961,0.04162547779700887,0.2255670020208438,0.10850872629898056,-0.14245910045013943,0.06962146194207897,0.09270075019957247,0.08283141010953443
TGGCTGGCAGCCAGAA-D2_Stim,-0.015018184998421447,-0.0001733939543928642,-0.06678797888497723,0.10376394309712644,-0.20256640988925767,0.04127881004084166,0.14206563884474477,0.04183276925935786
TGGCTGGGTCCAGTTA-D2_Stim,0.016261146031352425,0.02570571543282618,0.19366299588183722,0.04717469569267152,0.18972274072290496,0.06604963440158151,0.08127017669263736,0.029266302392494836
TGGCTGGGTTTGGGCC-D2_Stim,-0.04334735205537399,-0.028576417468343607,-0.06940382894741859,-0.011871595299988158,-0.10090301374515498,-0.02352440069250683,-0.3124030123318704,-0.015753375178286788
TGGCTGGTCTCGTATT-D2_Stim,-0.029623730635341516,0.05001795751293159,-0.15748400307597343,0.04614489018368495,-0.2136020536558778,0.020782096755050716,-0.27957829644282484,0.03341841039381066
TGGGAAGAGATGTGGC-D2_Stim,-0.004132239483523037,0.04066806596987682,0.1062355398432775,0.12797933404584683,0.011180049743726883,0.3046354920087513,0.07545053223078924,0.11127602899066602
TGGGAAGAGCCAGAAC-D2_Stim,-0.07886433577492014,0.0011866219575225045,0.04878481638712895,-0.2128827409611027,-0.03167635913424327,-0.03556882189091759,-1.1754515636339118,-0.06788783529144204
TGGGAAGGTCCGTGAC-D2_Stim,-0.07556176835416473,-0.04352542473356458,-0.32550229830079935,0.13762139555263353,-0.14846143213730478,0.35404060252686165,0.17961654367765867,0.0920320652588984
TGGGAAGTCTCGTTTA-D2_Stim,-0.0644553172678517,-0.021951527303400553,0.10706531094447502,-0.09940261728563016,0.02839091983953068,-0.07802200958395922,-0.30681906062265085,-0.06260274807918798
TGGGCGTCAAAGCGGT-D2_Stim,0.0913513094521754,0.035380098244425895,-0.014813524359579944,0.1746411754004722,-0.10506703143047957,0.27600050279249366,0.09544877823704923,0.1479918923086121
TGGGCGTCACAGCCCA-D2_Stim,0.04444543934450529,0.017584261510499744,-0.053385116750728656,0.13961067147948825,-0.21187938428773911,0.16764214120392218,0.03528462574197366,0.08016145380201145
TGGTTAGAGATAGTCA-D2_Stim,0.17574531592178744,0.04713963726836212,0.22271211531920976,0.17635537423522685,0.025848663103575475,0.1112804856520544,0.4563959631624961,0.10567755903141851
TGGTTAGCAAAGAATC-D2_Stim,0.0035335072560602754,0.005826515365898288,-0.12838115068233158,0.09693412495525244,-0.08164799246037191,0.0439651596863424,0.04998729574933414,0.047802053263120925
TGGTTAGTCGTCCGTT-D2_Stim,0.05710066590221352,0.008232128729268595,-0.10148167638462624,0.14643046546436267,-0.16941974551936667,0.21546543584662814,-0.028183463602298175,0.07533446558369228
TGGTTCCAGCGTGAGT-D2_Stim,-0.07280829659964638,-0.03218042298590795,-0.032376578190315364,0.004320988435717155,-0.03793227958422385,0.0027677026839239005,0.02537990472925422,-0.008545575447190146
TGGTTCCCAAGCCCAC-D2_Stim,0.005534274945089734,0.025794339306418834,-0.0777414937917067,0.13185109603150913,-0.025006011768194725,0.17771542707625088,0.25554424030054257,0.13174589369099898
TGGTTCCGTGCTCTTC-D2_Stim,-0.04433208164281055,-0.06445225681836675,-0.2194195884132757,0.13361511921209335,-0.1436278616580129,0.22295548240711405,0.3196223995713643,0.07391205588397476
TGTATTCGTTGTGGAG-D2_Stim,0.0320463243072826,-0.037375331501646514,-0.09302163482540138,0.12767220399727108,-0.16076588196166774,0.18476730689644327,0.137204191458685,0.07335411295666283
TGTGGTAAGATCCGAG-D2_Stim,0.06848863969531926,-0.03805465068414193,-0.30607372840730385,0.12988037835516764,-0.040545784554696596,0.1689921770609395,0.2156041109529392,0.052456270418613116
TGTGGTACACGTTGGC-D2_Stim,0.05362044425760182,-0.015206043240327816,0.004788020410858351,0.011246614282818257,-0.018228743212771903,0.03862941688631594,-0.10853178037631217,-0.0029492148402034957
TGTGTTTTCAGTACGT-D2_Stim,0.005597339336679497,0.01776302605161284,-0.02694559025466603,-0.01757370405455916,-0.22501375418350555,-0.020648240428705833,-0.15536974526735214,0.0014119331195274754
TGTTCCGGTTGTGGCC-D2_Stim,0.014119148254076563,0.009428537502287782,-0.037788357285792884,0.07606241480673681,-0.24559092267337945,0.03701285518510744,-0.34976011261985995,0.027705535267926962
TGTTCCGTCATGTAGC-D2_Stim,-0.05239454080561323,-0.006832738756717305,-0.015949451619640342,-0.018460977137452872,-0.08294346339243397,-0.10340336852419085,-0.19091055560197212,-0.016649153425106533
TTAACTCCAATGAAAC-D2_Stim,0.03589773823012088,-0.02175061612430973,0.018036735147610727,0.01692055738614151,-0.07197298965333054,0.001964497158393641,-0.14133481414178917,0.010725605009042738
TTAACTCCAGGGATTG-D2_Stim,-0.07112515481714077,0.031162320123602427,-0.07408023288095311,-0.1571242479243402,-0.07895773817626583,0.03194183744518675,-0.8354127084105887,-0.06452574730129612
TTAACTCTCCGTTGCT-D2_Stim,-0.08656619453931746,-0.04541750034411329,-0.18292750294786586,0.18504660925207617,0.03601126291665757,0.354875059090654,0.4583243090413278,0.08101103863389092
TTAGGACAGCGATCCC-D2_Stim,0.015155544062727344,-0.017112063807113387,-0.08848341754695355,0.07180729845240208,-0.1527725616101403,0.12031268341500301,0.004701790356557822,0.03368376856454347
TTAGGACCAGCTCGAC-D2_Stim,0.08811417960150258,-0.034644617997816596,-0.16365680995636822,0.1883057330110418,-0.032873196395872384,0.3731159690563235,0.24894842275211904,0.10171953934839983
TTAGGACCATTCCTGC-D2_Stim,-0.008600646155848324,0.04648183946480344,-0.09980569804185357,0.02556231163312006,-0.3825197995803098,0.04815136603036407,-0.666334068051702,-0.0010487320897016872
TTAGGCATCATTGCCC-D2_Stim,-0.01845636216097546,0.0915831757118255,0.2542543868583298,0.05476596163032532,0.0623813922768246,-0.06369140950741503,-0.08845451583600372,0.060183112117396576
TTAGTTCGTGTTGGGA-D2_Stim,0.027512132452644167,-0.010933569753937888,0.06624727523777274,0.061162295793828036,0.01498123533025364,0.1809131114247453,0.040224973820016,0.06587485866884535
TTAGTTCTCCGTTGTC-D2_Stim,-0.010303824913824755,0.031523895988790684,0.10873297250829772,0.04328318837933409,0.06763805701136505,-0.008161243422673436,0.08382821381786876,0.026717341890647006
TTATGCTGTGTGGTTT-D2_Stim,-0.08812062649858277,-0.00404584492395621,0.2533858823108943,-0.17683323763795578,0.1289056234982464,-0.06561450098979904,-0.4054855126699195,-0.08806852615381722
TTATGCTTCACTCCTG-D2_Stim,0.0027896291030149456,-0.003313957314611926,0.03207189919435294,0.03493987529511422,-0.17609188818992827,0.04355938271558202,0.05309763692373792,0.023361657671635783
TTCCCAGAGTCCGGTC-D2_Stim,0.07750935196322573,0.028410587978065394,-0.06974620785113217,0.054275388185967444,-0.45252237307913745,-0.03114655962593993,-0.6538718404088968,0.023339040285895507
TTCGAAGTCTGCGTAA-D2_Stim,-0.0108627927507019,-0.03927479535330569,-0.10542422245158001,0.05893175292577624,-0.16041896922277665,0.033817349780971284,0.026316376664535568,0.02628478429993919
TTCGGTCAGTGTGGCA-D2_Stim,-0.1326260596288229,0.022611550953129722,-0.02593782179872761,-0.13841902262754857,-0.287278538143779,-0.15956176245648201,-1.2562597369922646,-0.1069453109996612
TTCGGTCCAGGAATCG-D2_Stim,0.027885879567621785,-0.004121764762672342,0.1065651563457859,0.046160017547983045,0.03347097071486438,-0.0028879814132150017,-0.018722755896135368,0.013727614261457077
TTCTACAAGCTAAGAT-D2_Stim,-0.03876866155959924,-0.025459905702717833,-0.06603387085131018,-0.07406362254508103,-0.042242955170047836,0.013954196427684806,-0.511587803681655,-0.07190248716774583
TTCTACACAGGTCCAC-D2_Stim,0.013918738333316583,0.00980244180300538,0.17301686931184435,0.0820846074568724,-0.01676822033710401,0.10346449735116892,0.07463438875821016,0.1006216793971717
TTCTACAGTGCTTCTC-D2_Stim,0.11066850677422657,0.028002181131908443,-0.048933960284214706,0.21260474789574246,-0.009227435287444408,0.2689615561866887,0.3054753986692398,0.08756809986088854
TTCTACATCACCATAG-D2_Stim,-0.023061259203922546,-0.03959809264127223,-0.046404082080190534,-0.021384745629344337,-0.07425505658003573,-0.007560806267989051,0.08264663598509969,0.004106419213405488
TTCTCAAAGTCGAGTG-D2_Stim,-0.09705635044780614,-0.023319004722248238,-0.13886804600349834,-0.051332265989325165,-0.08134716283760923,-0.050983114100999316,-0.3280311374544489,-0.019333618134496078
TTCTCAACAGTAGAGC-D2_Stim,-0.042908913563676876,-0.02001481832085794,-0.03019975716489398,-0.011290200276464546,-0.2982176679845665,-0.09079055148193227,-0.6111558749234991,0.0011043541131670054
TTCTCAAGTGATGTGG-D2_Stim,-0.0011478026271607433,0.014521242434316406,-0.34498745749474224,0.07736143640189752,-0.382607497876041,0.1577181820878817,-0.10273883251394977,0.05241640760006838
TTCTCCTAGATAGTCA-D2_Stim,-0.04872424426195998,-0.018315402702684835,-0.06627518708831737,0.17131393869115463,0.10027532710203602,0.2550282728538438,0.12448731646724287,0.052834596319947025
TTCTTAGAGCGATAGC-D2_Stim,-0.04430367135344859,-0.003397141149731553,-0.002035951860828611,-0.028225308765870594,-0.0939189375553866,-0.0795326497198463,-0.2612368534845242,-0.043834463037264015
TTCTTAGCATCTGGTA-D2_Stim,0.037445780023064756,-0.02616922773644781,0.0500394396168895,-0.007604456476938637,-0.027171398957197113,0.028284325191380688,-0.09599412864666768,0.006139683413444175
TTCTTAGGTTCTGGTA-D2_Stim,-0.00549789189291694,0.029309155645306006,-0.11690440476171027,-0.13104735436539805,-0.03584451510337949,-0.04331607854527775,-0.27179273027714146,-0.058171697595311045
TTCTTAGTCTGGCGTG-D2_Stim,-0.03880918224478336,-0.0531659604406336,0.23850741451902202,0.03942764466952653,0.2623504871678328,0.10303190777682225,0.15189198697333595,0.029279189606162603
TTGAACGAGCATCATC-D2_Stim,0.013109018297921438,0.031526987257496586,0.07728012034781351,0.07857930997561269,-0.07311188374401567,0.0503198582862332,0.02661494038576162,0.040863954236446176
TTGAACGAGCCACGCT-D2_Stim,-0.10529482825367253,-0.08348462662841705,-0.12688235815773918,-0.028071866618599728,-0.21315060756891668,0.034107508539873876,-0.22318638017225112,-0.06679023612235291
TTGAACGCAAGCTGAG-D2_Stim,-0.05006342027396826,-0.08217187575207952,-0.386930866156149,0.06925459311121607,-0.06196961420391567,-0.05642470204709937,0.11003128376285432,0.031074863542487563
TTGAACGTCGGTCCGA-D2_Stim,-0.03242798238920486,0.004238535480471484,-0.07095292060827862,-0.15389573094213027,-0.09282248351568612,-0.0011755443050880388,-0.9215001141097225,-0.07594893693603133
TTGACTTAGCTAAACA-D2_Stim,-0.031389952515610275,0.006446607619849942,-0.24093421447036256,0.15227685439877092,-0.06965175194545914,0.1081133745640308,0.26978698142984037,0.04745278978563583
TTGACTTGTATATGAG-D2_Stim,0.06894902428243199,0.05330959037836003,0.11305925215924084,0.12875972748486042,-0.02684663258216169,0.08265767018550285,0.18060711393942697,0.110514909742502
TTGACTTTCACCGTAA-D2_Stim,0.08027186617604443,0.0845175795968025,-0.30739017921922773,-0.04167731290274368,-0.22584788822717705,0.161721170378323,-0.5530007119316842,0.006760889983441487
TTGACTTTCCAGTATG-D2_Stim,0.09763666111243374,0.06330129003116092,0.19566406458669405,0.12236598639178453,-0.08710699862131754,0.06772757311918554,0.2858321181018004,0.09257956826327529
TTGCCGTTCCTTTCGG-D2_Stim,0.058974837769456556,-0.02379418212328588,0.26052090290784236,0.11442541216849733,0.22767521621067743,0.20542564727932167,0.1334875544626728,0.10153777180451762
TTGCCGTTCTGGCGTG-D2_Stim,-0.0011185244564835273,0.0708427696433862,-0.10368623184352632,-0.019267186436659145,-0.18028116689449902,0.03451892797130718,-0.7671324002510396,-0.033345028773947405
TTGCGTCCAAGCCGCT-D2_Stim,-0.043370720277915,-0.04258666890525653,-0.08612518476709496,0.07172832317819555,-0.21434640759541956,0.0838700457404169,0.3451585983327323,0.03958553046232183
TTGGAACAGTTAACGA-D2_Stim,0.03390387991681365,-0.010718306756201557,-0.014277832749819197,0.12641334016332273,-0.07036185976162734,0.2564888777805976,0.24366602240945578,0.10952368963449288
TTGGAACGTCTGCCAG-D2_Stim,0.009793859002014571,-0.04794040532082988,-0.06177592829115852,0.09265678898622731,-0.11588323109787346,0.17926905015166028,0.25443172149618576,0.08560557446636352
TTGGCAAAGAGCAATT-D2_Stim,0.09685225713332102,0.0719109284337307,0.2997658097999931,0.08616026710391189,-0.10748831155654592,0.04373327894531087,0.14765672725610113,0.09836596389531316
TTGGCAAAGCCACTAT-D2_Stim,0.04458740889066526,-0.016882959242352058,0.01927791219665398,0.027911057162128827,-0.009852292534880291,0.0006223866464356576,0.0728208859011561,0.02895975462938516
TTGGCAAAGCGAAGGG-D2_Stim,-0.02487840543495956,0.005457004306943958,-0.1054045364841425,-0.10128267314857986,-0.09516750750682768,-0.0657078621514664,-0.47072189423280975,-0.08928465561481325
TTGGCAATCAATACCG-D2_Stim,0.09486007155520149,0.017935191300484377,0.04927289754834696,0.13858886645675383,0.029419392106762032,0.18724841610664456,0.17248450966015838,0.10783172810180197
TTGTAGGCAGCATACT-D2_Stim,-0.08265363047856411,-0.012995735894328675,-0.24737866440541367,-0.12725324485437106,-0.17333519298327893,-0.16673657092741578,-0.5496556328772257,-0.09910289966784802
TTTACTGCATGCCCGA-D2_Stim,0.034672047923075766,-0.04574896408131046,-0.1905605525109717,0.08287940402857963,-0.10620997926016251,0.17137397215708816,0.1449289872510846,0.03908019858201328
TTTACTGGTCATCGGC-D2_Stim,0.08581995748616933,-0.05227041414414657,0.19022004429554507,0.0728800439616002,-0.01932458590999886,0.11987638185671123,0.12482242540857591,0.060265405612774714
TTTACTGGTGACAAAT-D2_Stim,0.02700409171918139,-0.004402948439976129,0.0018822391402331107,0.06251287734577815,-0.14287417931474877,0.09037360919071169,-0.10675910858063187,0.04280208514437689
TTTACTGTCTAGAGTC-D2_Stim,0.08938726028587851,0.012816623086433054,0.15031834260956245,0.06369239257850268,0.01111988497151728,0.026312406386683307,-0.039204249393518076,0.08066856321076799
TTTATGCAGCGTAGTG-D2_Stim,-0.009295847975382188,0.030899460334481432,-0.16909589856782414,-0.07222425284102307,-0.18043307877332815,0.038703631398501415,-0.36807066416306,-0.00980224199740043
TTTATGCAGTTAGCGG-D2_Stim,0.0007259370157441936,-0.021038454227378267,0.04305804558996407,0.14137209590368194,-0.08059921907074319,0.15601940546387993,0.28214059380885015,0.08583646983402637
TTTATGCCATACGCTA-D2_Stim,0.20544635585017446,0.056124423557395886,-0.06294021716185405,0.08973285927960539,-0.2692978863007287,0.2850106695652759,-1.031724246521767,0.059345817167738346
TTTATGCGTACCGCTG-D2_Stim,0.0835767217762946,0.021850361391360096,0.10761651734278566,0.05413965032465917,0.025194647340581966,0.04042568956448633,0.03826172958362406,0.06902121416420748
TTTATGCGTCGCCATG-D2_Stim,0.08615565200369524,0.030714246261661415,0.11280413617864582,0.08342883230958265,-0.02297079957236292,0.12634520709818453,0.029229399983552007,0.08137544140191544
TTTCCTCAGGCGACAT-D2_Stim,0.07247842899095502,0.0090941371259472,-0.01210356053378625,0.1691865201684557,-0.028184702321157218,0.28684526848330627,0.17927278967958227,0.11894009405507688
TTTCCTCCAAGGACTG-D2_Stim,0.0013114518132297803,0.06166288386448571,-0.1571050356445225,-0.1401714852123721,0.004958611132689583,-0.08101349241895406,-0.8330114924276728,-0.07762284008336984
TTTGCGCAGAAACGCC-D2_Stim,-0.1532267471316846,-0.033521230764536725,-0.13717154681754806,-0.028006540780147304,-0.3045322553227301,-0.15351071585739895,-0.0973162958037932,-0.038337130275550635
TTTGCGCAGGTGATAT-D2_Stim,-0.05820788625390172,0.06710053934078708,-0.15854662291495725,-0.12957186597349057,-0.3063559070688129,-0.17607733833133565,-0.7879662211379568,-0.08206531420018237
TTTGCGCAGTGGGATC-D2_Stim,0.050235670122239284,-0.011214738826963,0.12216459712569083,0.018356755843193184,-0.0822494619496279,-0.05436575793478937,0.08588018540238807,0.032255745648381406
TTTGGTTAGCCGTCGT-D2_Stim,0.07109551526877667,0.0033265540102132007,0.07207608687033229,0.07798548527447657,-0.14050602732142714,0.0479122413298807,0.14813548703284063,0.04932168526270608
TTTGGTTCAGTTAACC-D2_Stim,0.07416807946867543,-0.007681725754739688,0.02969320672034037,0.08179584883274593,-0.12741645582188532,0.17049434380675343,0.1609231709312513,0.03690600240022768
TTTGTCAAGAGGGCTT-D2_Stim,0.10234103714640597,0.04997635102355069,0.22788615405342405,0.10812641269343004,-0.25426865412619115,0.09009699774503233,0.1985572056610163,0.1131179224085006
TTTGTCAAGTTCGATC-D2_Stim,0.015075859128357294,0.05429318233258762,-0.09611635329407608,-0.10560377620248929,-0.01944702726733638,0.0027672106316138922,-0.33672383667200734,-0.030146232261435202
TTTGTCACACGACTCG-D2_Stim,-0.014250284542745462,0.026657762850121003,-0.03142880326897579,-0.11400823806999583,-0.058137037751523124,-0.04466932245549948,-0.36200536155057605,-0.04626123690553108
AAACCTGAGGACATTA-D2_NoStim,0.09136507735622956,-0.08194032988999034,-0.6363252082947319,0.18201056580111086,-0.1278847623970787,0.44998696574144237,0.2579480615548926,0.05330545672305753
AAACCTGAGTACGTAA-D2_NoStim,0.08861406516017212,-0.05335646815127504,-0.59039460151517,0.20333697844589693,-0.11831610280978211,0.24326447997666634,0.14987261789325235,0.030319994758523094
AAACGGGCAGGGTTAG-D2_NoStim,0.059834985803425056,-0.055639746943164425,-0.14085923023084668,0.15860596289264528,0.03257478480562348,0.3160035854236387,0.25868031343504816,0.052094343506714935
AAACGGGGTGCGATAG-D2_NoStim,0.12211065591756132,-0.0033194106784257826,0.03045540439513239,0.12132421416468198,-0.012150558891189434,0.18830510082335739,0.0742485385198286,0.051705238603837245
AAACGGGTCTATCCTA-D2_NoStim,0.032075791841993606,-0.13566095742213946,-0.5546762361478788,0.14314662343596396,-0.04375606241086416,0.3421986138064783,0.28628605461515244,0.03815537504297062
AAAGATGCACGCCAGT-D2_NoStim,0.11844929083830458,-0.009231891944363468,-0.2989811378720848,0.20410081332069652,-0.009847160879751016,0.24685094188355894,0.3025520144853573,0.06836004693982467
AAAGATGGTGCTAGCC-D2_NoStim,0.1444896581799071,-0.010916025149192876,-0.27970537606242374,0.18664736287174577,-0.0024483514033200038,0.3457166678037016,0.18954395115413503,0.08601376222895674
AAAGCAACAGCCAGAA-D2_NoStim,0.0750110946582847,-0.004425487802240724,-0.4256750379184915,0.06782653605185551,-0.19316945995013235,0.039896302712268294,-0.019040264203581625,0.010898665112346606
AAAGCAAGTGATGATA-D2_NoStim,-0.020440003727214773,-0.042781142946241246,-0.04763806950479044,0.035290082300507564,-0.008397797620862235,0.22725744158921746,-0.0010148493126322933,-0.005935891071169763
AAAGCAATCTGTACGA-D2_NoStim,0.029225871551732396,0.0065869866127012955,0.03288323045123853,0.06939752797998189,0.044122445229332286,0.12836659983444587,0.0816574815543123,0.02081206257266288
AAAGTAGCAAGTCTGT-D2_NoStim,0.12461322729061841,0.037574260521951786,0.007917664648720901,0.16718000824263868,-0.060128711531563184,0.15522702910915065,0.43950166861382556,0.10034508585065893
AAAGTAGGTAAAGTCA-D2_NoStim,0.11184886004711458,-0.084411415893479,-0.3999429677916808,0.19595687891415636,-0.0906916539353464,0.48426682929197185,0.36661138277841454,0.08279307315877915
AAAGTAGGTATCTGCA-D2_NoStim,0.017855125613278844,-0.021570209390619155,-0.20214669512977324,0.08914100462790842,-0.048239724259499184,0.08680671435884602,0.05582515207159666,-0.0045374622410356835
AAAGTAGGTCCTCCAT-D2_NoStim,0.08576318894299106,-0.12457118150571667,-0.341572120181338,0.1085801703564293,0.014791960259044501,0.25718883512336976,0.21158875917967856,0.029535496651321935
AACACGTCAATGGTCT-D2_NoStim,0.1707022030825005,-0.01412778144309712,-0.3293429027757906,0.21937604447422387,-0.010569149237737108,0.41947939223558706,0.2683606862536272,0.09429130972085531
AACCATGTCTCGTATT-D2_NoStim,0.12938787194078394,0.025069322507379255,-0.1111711627344345,0.14874796039192795,-0.06028075673459021,0.16672485032903328,0.12305268554452198,0.03822582983671019
AACCGCGCAACGCACC-D2_NoStim,0.020188467364416596,-0.10029476531686399,-0.10585110151665234,0.04427668979010235,0.18570516694545525,0.18939224676079291,0.1411766401059431,-0.007195681207162963
AACCGCGCAAGTACCT-D2_NoStim,0.09514135841074278,0.018254297963997246,-0.3675261645440475,0.16335082463278994,-0.07404810286809216,0.31101608421869464,0.19887794342196896,0.06459052313173963
AACGTTGAGGTGCAAC-D2_NoStim,-0.020830746603678563,0.07487369477277994,0.30079597945213266,0.0738429140872352,0.11524725944705949,-0.02103976120890394,0.17006018127641198,0.012424269602785643
AACTCAGAGGTTACCT-D2_NoStim,0.15589417182463094,0.07250883834097621,-0.12908432916898605,0.10169014315557945,-0.03223779416206263,0.18062507380330128,-0.05337544479702405,0.048646931862823095
AACTCAGGTAGCGATG-D2_NoStim,0.03396301827154602,-0.06350333752507353,-0.6243810183603582,0.19499816230690215,-0.21451822130392806,0.2324136772115848,0.19879782766972465,0.03606800663462373
AACTCTTCACCAGATT-D2_NoStim,0.0671981433936022,-0.057601150128359535,-0.09754785954030254,0.13264342881446467,0.041423763788136725,0.24561434675362737,0.12694788803170454,0.028652754174435913
AACTCTTGTCTTCGTC-D2_NoStim,0.09952592749621303,-0.03864134122992802,-0.42548423789799017,0.1622638838329724,-0.01300337730698331,0.261495782474503,0.14889349683744468,0.03730548821298996
AACTGGTAGCACCGCT-D2_NoStim,0.04840941009184796,-0.0025468820497493994,-0.288712707813481,0.05462184038159634,-0.10660436524714356,0.03979424753401872,-0.004455023813870529,0.0001621345510116612
AACTGGTTCACTTCAT-D2_NoStim,0.13597590125215753,-0.12794334152317077,-0.2960750010547013,0.1751955358183892,0.011749025126274404,0.474303280329452,0.26731372584452195,0.06801459919900488
AACTTTCCAAGGTGTG-D2_NoStim,0.11371032170244533,0.01477786918454349,0.05690268727205883,0.0844642665784523,0.028352316483275075,0.17348890767334435,0.010999271033596436,0.025400193478814614
AACTTTCCACGAAATA-D2_NoStim,0.08900171580179972,-0.03784190599990822,-0.3525532478434439,0.13233292224355786,-0.09787610511046729,0.17003341615212353,0.07690696495448579,0.013399282912153865
AACTTTCGTCGACTGC-D2_NoStim,0.09321677613535684,-0.06635111860641452,-0.24871973515978674,0.14559576354881187,-0.08549922356385942,0.3052041458223851,0.27583585498647345,0.08860207640670481
AACTTTCTCGCGTTTC-D2_NoStim,-0.021542131619264993,-0.057208678153017445,-0.7197390502970684,0.09109598490791093,-0.24999540281169885,0.08211513947882843,0.12907595441996822,0.01385948766798073
AAGACCTGTACGCTGC-D2_NoStim,0.14976099716618307,0.027335539630438888,-0.039610825338632694,0.1411520163110005,0.0727100665992495,0.2372829478439522,0.1153085786059167,0.07164909193778612
AAGCCGCCAGATGAGC-D2_NoStim,0.11965982511523165,0.010948460590730846,0.015058828459800111,0.10916987535470746,-0.0626123092107651,0.13708250141229783,0.13794605513485703,0.08765209051974665
AAGGAGCAGTCGAGTG-D2_NoStim,0.025114176216694872,0.04375061840339178,0.06796312094891377,0.07166040752989922,0.06376375935793988,-0.006235683961532956,0.1001171476754843,0.03941744402997749
AAGGCAGAGGCTACGA-D2_NoStim,0.22739065726502972,0.10305768681734406,-0.08830447384628393,0.12333166713831467,0.02038410831275428,0.17925331675320422,-0.19882640293736387,0.06661915123279272
AAGTCTGAGAGCCTAG-D2_NoStim,0.016767549871335774,0.004078236798447321,-0.40606163070609114,0.16732730487531455,0.03793979426880867,0.2007264964127451,0.4758328543795658,0.04655830230697511
AAGTCTGTCAAACAAG-D2_NoStim,0.1578536746738397,0.05499456310064765,-0.2574896724466509,0.16444237530429184,-0.019469231798144193,0.2009290689890877,0.09610208978151213,0.058506165830817025
AATCCAGCACCGTTGG-D2_NoStim,-0.002041715633264829,0.010174879272543791,0.05191261298035954,0.046079467168199884,-0.013213075294276067,-0.0008497035903296535,0.015082581522260163,0.0060535748976331405
AATCGGTAGACTCGGA-D2_NoStim,0.07757151301288978,-0.10343023127776263,-0.7598697446734164,0.18530760504726906,-0.19368199653947826,0.3959707151244949,0.3023379169642775,0.06695016477796578
AATCGGTTCAAGGTAA-D2_NoStim,0.05215700699444703,-0.031071509075255577,-0.26448144779883265,0.1162484957437151,-0.04314532912431446,0.21670897366760045,0.14621904356829907,0.031014104926827102
ACACCCTCAGGAATGC-D2_NoStim,0.04895425957662525,-0.02833538554658155,-0.5090504124437416,0.07029137402898122,-0.1891347006593982,0.07247798641022474,0.10677625533096968,-0.007829954459323218
ACACCCTCATCCTAGA-D2_NoStim,0.06346158974035454,-0.028671154618370664,-0.4894295685731951,0.14965166657675333,-0.0540782707903702,0.2322279771915623,0.08001822933329539,0.04029969510114739
ACACCGGCAGGGATTG-D2_NoStim,0.11826244405954434,-0.07083898202573025,-0.18296070573100742,0.19284097526127653,-0.018166405857099832,0.2997103796690146,0.25039297996338217,0.09667784002750501
ACACTGATCTTGAGGT-D2_NoStim,0.08874360787430469,-0.007702115479878202,-0.053840447940430636,0.01839131997156862,-0.05852352535010219,0.11786181363909609,-0.24013092496056387,-0.02260883144220216
ACAGCCGGTACGACCC-D2_NoStim,-0.014238990363478976,-0.17552203151726786,-0.5831314620945331,0.1452280466411633,0.14374984028962068,0.4471530603845899,0.3493803882827162,0.03468471402010387
ACATACGCATTGGGCC-D2_NoStim,0.07069052160259304,-0.005832778365704172,-0.34018234347185583,0.06690324875056142,-0.1384917828000365,0.11482164718243748,0.01798460610367414,0.013169427437858872
ACATCAGAGCTATGCT-D2_NoStim,0.06490008402889913,-0.027104162339853133,-0.17973450072569364,0.12185524206331166,-0.08560278962237788,0.2507501285523599,0.23428091139537255,0.04674406575819745
ACATCAGCATTCTTAC-D2_NoStim,-0.04747486193273609,-0.00454665612394578,0.18253133621807116,0.040175004341039156,0.0027523412048395812,0.043653276638426775,0.11952764514777403,-0.021119846708904433
ACATCAGGTAACGTTC-D2_NoStim,0.10463003712490071,-0.07062948406130687,-0.4233077479577947,0.12964870729032896,-0.09718672976963916,0.31548800839697755,0.26268217636109625,0.07134318056782618
ACATCAGGTGACCAAG-D2_NoStim,0.18313788131850117,0.02934606598955547,0.030070634390222395,0.15911558823801464,0.045819899527126395,0.2697338021768152,0.2446126149638035,0.08526961770751029
ACATGGTTCAAGAAGT-D2_NoStim,0.189488655013907,0.04298762535233891,-0.23481118094025,0.2489947307375111,0.027516119683658857,0.27763662584805004,0.19230183587626115,0.0992110845574583
ACCAGTACATAACCTG-D2_NoStim,0.08055524606075615,-0.06867551940246841,-0.25191027465637994,0.18261095047104625,-0.11067093490191837,0.3083562446300814,0.4274008387749997,0.04545477374502127
ACCCACTCAGTAGAGC-D2_NoStim,0.023224722183059043,0.012099786014440284,-0.14160563812684934,0.04314180060930006,-0.0722188036486493,0.025487021946940303,-0.06579921568812797,-0.027192519002424476
ACCGTAACACTGTGTA-D2_NoStim,-0.003036761774176,-0.11367273916994058,-0.2586454479857405,0.12320647118995254,-0.02696083754363876,0.3198855659124362,0.1720953645053247,0.022410593390121747
ACCGTAATCACGCATA-D2_NoStim,0.048495401555662454,-0.04108756143775949,-0.3041908132938609,0.14870885646605814,-0.07591161154471315,0.1997066446613367,0.27093243863108096,0.01653505484125617
ACCTTTAGTACAAGTA-D2_NoStim,0.09553076618161604,-0.028875145145853764,-0.18435470072037852,0.17288930128900049,-0.025097295563844213,0.30859434451219947,0.21492023648771408,0.08787679501136658
ACGAGCCGTACGCACC-D2_NoStim,0.1513993175149615,-0.017991825608126177,-0.38260984075443893,0.22345703403779638,-0.07019087712365923,0.2986824643219448,0.25690455501638354,0.08640533345222323
ACGAGGAGTATAAACG-D2_NoStim,0.030937178652168384,0.011596621448930478,-0.025546258049875092,0.07764201161873352,0.1329167885656588,0.1958575075607012,0.20516514241354233,0.026988626894858925
ACGAGGATCACTTACT-D2_NoStim,0.06097925246138658,-0.07618004516808519,-0.25358466588236617,0.1411874302181957,0.06271947791001509,0.33678422192597335,0.23515515030164202,0.029844077155274817
ACGATACCATCGATTG-D2_NoStim,0.06313739098779259,0.025937105997460463,0.16524151287412536,0.15045488461495538,0.09005257249395449,0.1492282514327954,0.26080368139017374,0.055177481817976215
ACGATACGTAGCCTAT-D2_NoStim,0.09557173861541557,-0.07795200699363214,-0.3123021024299302,0.12611949362106145,0.006623896088468584,0.22284216732758289,0.059806471259692184,0.025201772750060414
ACGATGTAGCGATAGC-D2_NoStim,0.09339314857950143,-0.06122763170377077,-0.35118638041081596,0.1469052590067097,-0.07983012660327837,0.32282581726626347,0.2807782665598384,0.062225257166538483
ACGATGTTCTCTAGGA-D2_NoStim,0.046870752712077746,-0.07614945617501512,-0.2813445342008194,0.12213235479466356,-0.014302116091071682,0.2500100715631337,0.1549821740845343,0.009145387530058002
ACGCAGCCAGGCTGAA-D2_NoStim,0.13910397935055308,0.0034375431097615206,-0.2136272977380056,0.11698847476463925,-0.03714495335719015,0.2550644564744884,0.08501972798845969,0.06301691001239718
ACGCAGCTCGTACGGC-D2_NoStim,0.11240895565854103,-0.03567968091783591,-0.15898103373756456,0.16517869166731636,-0.03587341698128377,0.3060889683884662,0.2105367314252411,0.06817966770272577
ACGCCAGTCAAGCCTA-D2_NoStim,0.10331389696110094,-0.06084323625487542,-0.2800684035695298,0.17680050631459565,0.04368639970698851,0.29983020424819085,0.14533796121621645,0.04274129778277036
ACGCCGAAGGACACCA-D2_NoStim,0.06357080981167762,-0.00527141862727909,-0.08855188897098998,0.11470888632958598,-0.0067965199834425505,0.1542464522158804,0.17367528123284615,0.04713623627193009
ACGCCGAGTCTGCAAT-D2_NoStim,0.1026374321435366,-0.0084413530543479,-0.2924144470989951,0.14411458793606435,0.03723588692816726,0.2515554728632061,0.2036909826832476,0.05986269016663215
ACGCCGAGTTCGGGCT-D2_NoStim,0.016822665272417936,-0.00822454984569454,-0.02294119459487831,-0.03123875157222855,0.05329534175990602,0.08621532127692877,-0.12335536456865803,-0.04027278156548242
ACGCCGATCGCAAACT-D2_NoStim,0.04833731887643111,0.035682608211144995,0.11378333548811348,0.09811501908174769,0.04465913098461094,0.09952091703289412,0.27273584949235374,0.04589163738760682
ACGGAGAGTGATAAGT-D2_NoStim,0.025418023412539625,-0.034946243067546234,-0.19749415804664316,0.15647603513752095,-0.029233677780188927,0.20786758072587652,0.238210330466063,0.035867970547290184
ACGGCCACACCACGTG-D2_NoStim,0.1843586933909016,0.024070932644498555,-0.2452466940015583,0.19841655890356513,-0.037365294504796864,0.2840582439496364,0.12170300060913952,0.08985712378076727
ACGGGCTCAGTAAGAT-D2_NoStim,0.04571393417624492,-0.007166376152039078,-0.012668499317166848,0.123268168033702,-0.07808769346368649,0.13055897537198113,0.16634918113604957,0.09078315249403346
ACGGGTCAGACACTAA-D2_NoStim,0.12461333957361376,-0.01944483876760117,-0.12884637848433833,0.16330627194531644,0.020271784082011024,0.27844245802891177,0.23318601544228246,0.07350891349189936
ACGGGTCCAAGTAATG-D2_NoStim,-0.016577883371329705,-0.022680351000497367,-0.41069314677306323,0.037948942369375516,0.09520036257470643,0.16567939788438313,0.25952150283448905,0.0002643656919865123
ACGGGTCTCCCAACGG-D2_NoStim,0.17454953947843066,0.015145830510238767,-0.3504973628359025,0.24883487699882423,0.026460886923150184,0.33691421798873833,0.30341375416544647,0.10478179761757644
ACGTCAACAAGCGAGT-D2_NoStim,0.16398426088830576,-0.050176186697541425,-0.1573268143342368,0.17732902748719326,0.024787063708043178,0.36421506898826106,0.2443563784635554,0.09592041754288871
ACGTCAATCCAAACAC-D2_NoStim,0.07397822112810815,-0.01646148458213048,0.07406060985199048,0.08951722747618085,0.03294618724332565,0.18136592971136523,0.043543146654747567,0.025756724880235282
ACGTCAATCGAGAACG-D2_NoStim,0.12874851514859031,-0.011803553918481313,-0.0016038115519130258,0.176553479346655,0.006269115821190496,0.3518982871874252,0.2089356726674394,0.08572307216258324
ACTATCTCAAGCCTAT-D2_NoStim,-0.1387887383158244,-0.11790385433596384,-1.4360526052272924,0.2126749928551508,-0.4605891318409956,0.1544586515294757,0.6887839454944134,0.05691902613465416
ACTATCTCAGAGTGTG-D2_NoStim,0.05504314553625278,-0.023802920207273814,-0.09164662112668509,0.0969564861682688,0.05651251967580606,0.21756357295726847,0.24373556822433562,0.029862194583035517
ACTATCTGTCATATGC-D2_NoStim,0.22766541981918564,0.11848746692748868,0.11349544331721972,0.15629769989184084,-0.1251569837552502,0.11468035551940403,0.17673049435875043,0.10774552977687613
ACTGAGTAGGGTTTCT-D2_NoStim,0.0719219295886333,-0.0589351874259183,-0.08821157397563617,0.14862838510166654,0.019182178407891826,0.28754200189924806,0.23840289349751798,0.06477138487804623
ACTGAGTCAAGTTCTG-D2_NoStim,-0.019907363533029354,0.05188934027036041,0.13196277564352776,0.07611554336822834,0.0033520559130746364,-0.004416394930254697,0.3123437249697689,0.03954340204745854
ACTGAGTCACCGAATT-D2_NoStim,0.1153441286356145,-0.036736291358696604,0.1156776414567453,0.12832723454170925,0.025744918859668786,0.3119924700245136,0.22223520387035167,0.07478816246541342
ACTGATGCAGAAGCAC-D2_NoStim,0.12492822544994375,-0.004086910356367213,-0.4037749316095329,0.18995890600801246,-0.028019942600748138,0.252302589065045,0.3533953602430535,0.055554894604791016
ACTGATGCATTCCTGC-D2_NoStim,0.0675616572590183,-0.052667883581587915,-0.38528868559052043,0.13002457755619368,0.0021353661156275905,0.29360428696204544,0.09604979995643381,0.019434550743310908
ACTGATGGTATCACCA-D2_NoStim,0.06614086860813018,-0.029059834036686993,-0.16188317615071135,0.14969552716901724,-0.1211795637271269,0.18864469230230707,0.32363674918069485,0.06327205466125463
ACTGATGGTGATGCCC-D2_NoStim,0.10403104158111631,-0.10972203911089906,-0.8425849158885033,0.1636355398124998,-0.19338708912207636,0.349099045060262,0.30115389898529576,0.06699102212955133
ACTGCTCGTAGCGCAA-D2_NoStim,0.10250635499294702,0.015410687184129301,-0.2416706582938435,0.15782812020819037,-0.056436947083069455,0.26576291416079645,0.21396574681073988,0.05049625651982126
ACTGTCCAGCTCTCGG-D2_NoStim,0.05134100289980559,-0.0067695001209990835,-0.12221500772739269,0.09727674976006462,-0.14586735411734963,0.11519322418851008,0.07879422749643439,0.012836450943337852
ACTGTCCGTACTTGAC-D2_NoStim,-0.049244823869905474,-0.0017366993854679436,-0.14367155352928407,-0.0073995429019380055,-0.09314467875951316,0.10661638819433339,-0.32856060473465565,-0.014479144227566465
ACTGTCCTCCTCGCAT-D2_NoStim,0.05731869475127915,-0.07183333660826641,-0.2757158952685703,0.11189557887421664,-0.12894569833104796,0.3261225717785967,0.2224150907749216,0.03867215938997326
ACTTACTAGTCGTTTG-D2_NoStim,0.08736163738097957,-0.04998060678085281,-0.47869869642156715,0.17560545817939222,-0.08358803412818894,0.3411960093752944,0.23460845646811235,0.08186030316929482
ACTTGTTAGACAGAGA-D2_NoStim,0.11198286895597853,-0.066414471068585,-0.5663850179576126,0.2306535327633128,-0.07397405897755682,0.4563957402116907,0.44491629746453887,0.09042686860507132
ACTTGTTAGCGTGTCC-D2_NoStim,0.15648715838485927,-0.005313998784805207,-0.19692298353618476,0.20112694074230575,0.015964534643829964,0.2965991766867484,0.20498364182931317,0.09063346665194238
ACTTGTTTCACGCGGT-D2_NoStim,-0.013521465831939139,-0.007392674893944573,-0.21458096705819862,0.049343591473467896,0.11412938404074069,0.18959089154857445,0.18876242330189807,-0.003551040554304663
ACTTTCAAGACGCTTT-D2_NoStim,0.06638786651421569,-0.05051636793911385,-0.5724390815689642,0.21433057541870504,-0.08569607910180466,0.2495249017426424,0.27377734046559077,0.05927567004395584
ACTTTCACACGCTTTC-D2_NoStim,-0.030920190060239605,-0.056521964786650614,-0.3323758817818554,0.08497156800779138,0.031311795258719854,0.2973455826621514,0.2783633501761251,-0.010321409123603686
ACTTTCAGTAAACGCG-D2_NoStim,0.013791140103180055,-0.07830201554093641,-0.4227236429554466,0.14440915082719386,-0.04357162655692193,0.21081902212501724,0.30841706428976323,0.03152499621186067
ACTTTCATCCGCTGTT-D2_NoStim,0.04910986638101811,-0.1109509945911995,0.004829216939173264,0.10972743617887737,-0.07061865940784529,0.24132080179856086,0.19585880455175797,-0.0002646666926295893
AGACGTTGTGATGCCC-D2_NoStim,0.24931197899833712,0.11011281163715125,0.01487539384212333,0.11994224063371028,0.0005794144784747601,0.22803950643742876,-0.31241967259551817,0.061600140603474074
AGAGCGACAAGGGTCA-D2_NoStim,0.10652949345251272,-0.003092227865002073,-0.3350241534278773,0.16827483265314847,0.026111178663605017,0.31837610872276834,0.2530298056922984,0.06571157871208833
AGAGTGGTCCTCAATT-D2_NoStim,0.08929255588205187,0.013777810434085325,-0.0692358797342898,0.11930836307891468,-0.0935653010774331,0.1627115180369838,0.18593271006979872,0.09190518916845569
AGATTGCTCATTATCC-D2_NoStim,0.13813495977209733,0.02835728142913929,0.09417187523267323,0.16120769090868592,0.06604694210824036,0.24212916448830057,0.2666874299539095,0.07948100119940271
AGCATACAGGCTAGGT-D2_NoStim,0.007331412267033599,-0.0061218220677137225,0.052621923632493406,0.06861219588267353,0.0037921116524337606,0.12050691431612748,0.2129805637525557,0.008518993462962143
AGCATACGTACCGGCT-D2_NoStim,0.08490184866783856,-0.007167244968757203,-0.34742109102994156,0.24940985735792687,-0.08291939331983933,0.27111830173495655,0.13526572087520705,0.08091908444400175
AGCCTAAAGCGATAGC-D2_NoStim,0.1915022738476715,0.02700687605038965,-0.15946762748868792,0.13239200046785982,0.04294920242553246,0.1862512521149915,-0.2658890103581655,0.070004871599183
AGCCTAATCCTGTAGA-D2_NoStim,0.03655520885999586,-0.03942507049275257,-0.3261167374913807,0.0890966241222344,-0.07610123495918941,0.16668202152672684,0.07387111237359978,0.00961089821756822
AGCGGTCAGTACGTTC-D2_NoStim,0.1090581077024062,0.011426726123980657,-0.07041317283140991,0.11978541724585234,0.02749843421206677,0.19810256106222912,-0.1353376708312437,0.021218562847513667
AGCGGTCAGTTGTAGA-D2_NoStim,0.0759613995863333,-0.07672918561698161,-0.23025886587073963,0.12815018439205517,-0.054979197809219116,0.23452737244905197,0.11514457642358744,0.04850986525925194
AGCGGTCCACGAGAGT-D2_NoStim,0.1613741495981973,-0.03593225524712018,-0.3180154599628846,0.20110696514773885,-0.005565971216961785,0.34785398098256604,0.3219514376233219,0.05376655217713555
AGCGGTCCACGGCGTT-D2_NoStim,0.06039081855919548,-0.038588297682222716,-0.3230874798028811,0.15316511075368133,-0.07273275962363712,0.37599104993105126,0.2537581791768253,0.054177068036834086
AGCGGTCTCATGTCCC-D2_NoStim,0.18022214343719156,0.04518463735364797,-0.02946173488021664,0.047199283717045404,-0.06007225917738701,0.03937561059055383,-0.0391264574051684,-0.033371176722912566
AGCGTATGTTATGCGT-D2_NoStim,0.1637767141217772,0.013908936556063622,-0.16576257678280548,0.16765634826107245,0.059818304423984614,0.20540298059455164,0.24578891874955833,0.06491892862030646
AGCGTATTCGCCCTTA-D2_NoStim,0.06490932467894162,-0.0016555072059549758,-0.4212939383873646,0.04426398667994036,-0.16645332828610115,-0.0005201744635474626,0.008156371578321941,0.017656627530348246
AGCGTCGCATGGTCAT-D2_NoStim,0.1541213422040073,0.028492908114406745,-0.035689913420860364,0.15234158870440595,0.06876294819720918,0.24092978309423518,0.16915727203572217,0.08040080516203751
AGCGTCGCATGTTGAC-D2_NoStim,0.08647909716093238,-0.12254873339606043,-0.3898915532331948,0.1887453510972339,-0.1244371671208544,0.4189591473154568,0.4560342788861673,0.06310048980659211
AGCTCCTGTACTTGAC-D2_NoStim,0.06623651129537755,-0.01577037857974517,-0.44324054421691095,0.04170675602382268,0.006525610420546002,0.2597545090068838,-0.02386672359289399,0.0144929030166292
AGCTCTCAGAGCTGGT-D2_NoStim,0.1602614522681236,-0.03186770981378295,-0.5540248755950863,0.22084630897934332,-0.07887559994965443,0.463810120997719,0.3244909879236717,0.08132021137077494
AGCTCTCGTACATGTC-D2_NoStim,0.06898402987616592,0.0072352927898577946,0.10383807687635382,0.10234041965429164,0.05756930245078706,0.06097884363607875,0.2603915885770154,0.03697704960417525
AGCTCTCTCGCGTTTC-D2_NoStim,0.048375268076391365,0.0051638014895196704,-0.43671446913788614,0.054474085203446876,-0.11057852312191763,0.07920743954529108,0.03223555102848685,0.019139069474032766
AGCTCTCTCTGTCCGT-D2_NoStim,0.0006185534416118799,-0.032838099684424193,-0.49953866099973965,0.13448057379770972,-0.14828509294799375,0.21542792299335112,0.27763271404530787,0.026411655998829886
AGCTTGAAGTCCTCCT-D2_NoStim,0.030666044933205683,-0.05352076227911162,-0.5077856382475296,0.12500244883796086,0.05150737741256073,0.3910632260757758,0.28036911275768084,0.04604907569779293
AGCTTGACAAGCGCTC-D2_NoStim,0.12822393594559145,0.03836895084686809,-0.28440360458282576,0.13811855772155468,-0.10674491600429015,0.17884729541772337,0.2248174530114282,0.057148746778491244
AGCTTGATCGTACCGG-D2_NoStim,0.0293648767753929,-0.059949186158887,-0.09950500702064069,0.052568211362212125,-0.08274572182758888,0.051223558365216526,0.05393297020893417,-0.00722567513903094
AGCTTGATCTTTAGTC-D2_NoStim,-0.0883076635385045,0.0020304704575853094,-0.10634864579861691,0.03036879690714045,-0.07031421435456942,0.05458108340569012,0.15291847814628134,-0.026143813228474144
AGGCCACCAGGTCTCG-D2_NoStim,0.07415185347239373,-0.018404827176262017,-0.07981614158475381,0.10416460645925874,-0.027998702890336347,0.23182637853378552,0.23871547369751012,0.02995715087926243
AGGCCACGTCTTCAAG-D2_NoStim,-0.02001437103150927,0.014190669454924532,-0.22701772304475476,0.03365076372626774,0.07321423411658046,0.06818195090668766,0.185021595694578,-0.006825739939767317
AGGCCGTAGGAATTAC-D2_NoStim,0.008923643221551814,-0.10700071434537328,-0.1848752389153514,0.06226577007621614,-0.04548492898015155,0.1900896661934155,0.11293363938355538,-0.0001131245911718537
AGGCCGTGTAAACGCG-D2_NoStim,0.04355122153475044,-0.0798955221661597,-0.007328026633944162,0.07963638995265399,-0.07567841677411913,0.2671081913093989,0.28301991708525565,0.019624193124400335
AGGCCGTTCGCTTAGA-D2_NoStim,0.11317586728969253,-0.02893617577740315,-0.1625071185400948,0.17898914985313752,0.04047691953550547,0.40109614428208396,0.3480987645496989,0.06473845174902415
AGGGAGTGTCCGTCAG-D2_NoStim,0.13062550167398967,-0.0026219403506910766,-0.2155493601604075,0.0911671507921561,0.0037004926159607265,0.261959167266288,-0.2109822659273517,0.01950308497157316
AGGGAGTGTTCATGGT-D2_NoStim,0.060652320264294346,-0.11606770485829365,-0.6092380475107113,0.17016413683130516,0.16981288198484812,0.35310660678729455,0.3517810195653106,0.03749569399520247
AGGGATGAGAACTCGG-D2_NoStim,0.13095054573970089,-0.02499341629957108,-0.26513742404894103,0.1689020612361105,0.02413010624989731,0.35200244472163966,0.26380689616006414,0.06079361741840472
AGGGATGGTCTAAAGA-D2_NoStim,0.053063454647665154,-0.054762359880513145,-0.2841041219906959,0.12450063458379823,-0.029086040971439076,0.22466782763174997,0.16220289898244378,0.03771846684765379
AGGGATGGTTCCGGCA-D2_NoStim,-0.02598531709028684,-0.042697048255433856,-0.6297191222949419,0.014620298458686065,-0.1427088970617696,-0.026600467489708457,-0.0009852872852715855,0.006268556465460762
AGGTCATAGAACTCGG-D2_NoStim,0.13338720651079328,-0.047699312496492396,-0.21075922433146843,0.18664966612108103,-0.019467221171604265,0.38866040756396103,0.3695003087134716,0.10803038567214429
AGGTCCGAGATATACG-D2_NoStim,0.2219479390515957,0.046731801079967994,-0.007764575566698184,0.1295046665453352,0.04356606176347633,0.2553896029811753,0.04489469765200127,0.08170038363818044
AGGTCCGCATCTCCCA-D2_NoStim,0.008809341193794396,-0.057132841345989505,0.00029975127278092373,0.06805294058570155,0.26286819783481796,0.1930713384964955,0.18072080289380743,0.02970298560384599
AGGTCCGTCTGTACGA-D2_NoStim,0.14197383235443972,-0.04186756869491148,-0.26360807555050236,0.21697312295746052,0.009264268510566609,0.3724526146356002,0.18555806053827162,0.09362026008339974
AGTCTTTGTGCGATAG-D2_NoStim,0.09117393017662856,-0.10314207099086126,-0.7265549224662742,0.2283026186141175,-0.08981943506113943,0.444096985498061,0.32297854538250803,0.05309507446870221
AGTCTTTTCTACGAGT-D2_NoStim,0.08905934724820419,-0.06489486486148088,-0.17132975555540497,0.14889684670707837,-0.08127138295039771,0.25610131919935064,0.12952018673991716,0.06050645278643252
AGTCTTTTCTGATTCT-D2_NoStim,0.04852769355740172,-0.06473597182493585,-0.22195488311019496,0.07204687639295493,-0.12195647530118947,0.11123501037852002,0.05631037178293585,0.0051788976897970684
AGTGAGGTCTTTACGT-D2_NoStim,0.08507459322801125,-0.02332764281158184,-0.38368814663001594,0.14958962586147884,-0.07809480464372776,0.19156200658041378,0.4551347899624867,0.0037311823248220577
AGTGGGAGTCGAGATG-D2_NoStim,0.07900729770921089,0.026733612383182503,0.08405311082998601,0.11271673865187282,0.07440088905975628,0.1355133920079865,0.01375825258251595,0.10188121456793198
AGTGGGATCATTTGGG-D2_NoStim,0.1494667577093889,-0.0444589132717681,-0.3020220723787741,0.16465784228813263,-0.040402188448835474,0.321664597207147,0.23481865792786882,0.05466408784774224
AGTGTCAAGGCCCGTT-D2_NoStim,0.02442651104315452,-0.14705995790301074,-0.5398816359079373,0.13288187289555076,0.10756184801919311,0.3770163257575678,0.24475892718637837,0.0333982208116641
ATAACGCGTAAAGTCA-D2_NoStim,0.1049354227776842,-0.03194855373213379,-0.17281751698435777,0.20164726192573745,0.010376308762577224,0.2975461864621014,0.3529103566537919,0.051043259976756516
ATAGACCAGATAGTCA-D2_NoStim,0.0037211709748579125,-0.01430725195602811,-0.039745048316865095,0.010695139844351331,0.07377606625964894,0.1318328313749184,0.05848118833107652,0.0006811849079753074
ATCACGAGTAGCGTAG-D2_NoStim,0.11078220278624151,-0.014419198377506603,-0.15717927785231822,0.11991161580682785,-0.055521948770403284,0.1825940954029308,0.006687933126900525,0.01553601375845659
ATCATCTGTGTATGGG-D2_NoStim,-0.05553150729130962,-0.024532255600201225,-0.3289213889823017,0.04351861575089622,0.18475095909792927,0.17679260081432346,0.2409754878864918,-0.004467966411390023
ATCATCTTCCCTCTTT-D2_NoStim,0.10002771855290504,0.024358072112582008,-0.17090851266433305,0.09464063706893455,-0.09857544993021605,0.09531562522369708,0.011617914821236752,0.02414390726235105
ATCATGGAGATATACG-D2_NoStim,0.18924531564834268,0.021909691431051925,-0.05352339478393375,0.20193283367850512,0.03260782072056223,0.3377091782788533,0.23849941424336674,0.10778148562660306
ATCATGGAGGATGGAA-D2_NoStim,0.09611090579313064,-0.04503644911647342,-0.1280675575397794,0.13787096558062117,-0.03939036667928697,0.26486921779478223,0.15148574103782853,0.07325049094328406
ATCATGGGTTCTGTTT-D2_NoStim,0.026118689569880615,-0.06404257553750625,-0.10522789011104372,0.13421331345773702,0.013108635321335882,0.12077067262662755,0.35943084397679925,0.014981459072865633
ATCATGGTCTCGAGTA-D2_NoStim,0.01566875124930256,-0.0071388155206317805,-0.0710896312673519,0.12418371634283609,0.01182534344091657,0.11975922892316149,0.27424070837235526,0.04136744712037732
ATCCACCAGAGTGACC-D2_NoStim,-0.019724007941173127,0.03555289497891145,0.024180344940978316,-0.03252258311428591,0.07895235966067737,0.012026799192440762,-0.047898463425035676,-0.0213796775226065
ATCCACCAGTCGTTTG-D2_NoStim,0.15427484906905953,-0.023292733495400952,-0.2175792215653285,0.1265102222250718,-0.025139747415703795,0.25772114549902003,0.20876564303877876,0.06432258152205073
ATCCGAACAATGGATA-D2_NoStim,-0.023389328027574763,0.07292494449118969,0.13563937825928285,-0.036421706793587916,-0.22633760168150907,-0.10243449722901943,-0.11443640397928334,0.0336442680717326
ATCTACTGTGCTGTAT-D2_NoStim,-0.09237400382311556,-0.07889281933574921,-1.1442634658391881,0.07104614301609935,-0.5106469272759409,0.011573040188024741,0.19750201021699265,-0.017708515939203195
ATGAGGGGTAGCAAAT-D2_NoStim,0.15594131477826068,0.007291031453965147,-0.21033964934289884,0.1943102607299707,0.0032041467876844365,0.28756647560511706,0.21006336565468642,0.07785581644907147
ATGCGATGTCTGCCAG-D2_NoStim,0.10140289135060598,-0.026463044506439104,-0.23023105325344062,0.18155396121490774,0.01076468543814535,0.34440992730082787,0.30561074094284146,0.06404166501293318
ATGCGATTCACGAAGG-D2_NoStim,0.02178237928104565,-0.08487075482092798,-0.2617969332805501,0.10113516261620958,-0.05665503648635628,0.20916994990909288,0.13234469436204588,-0.001705368911562033
ATGTGTGCAATAAGCA-D2_NoStim,0.027010959945124924,-0.07016286181967857,-0.4781769183954587,0.09772638534268197,-0.12117329320149928,0.1548293522473445,0.11402990848584516,0.009128661669757676
ATTACTCGTCAATGTC-D2_NoStim,0.13701283715017354,0.004802825134783362,-0.07169273424945999,0.16599842194750103,0.030188704526780796,0.25220063126296743,0.18249287453429064,0.058460621698706916
ATTATCCAGTCCATAC-D2_NoStim,0.0133376196815842,-0.01731941673993198,-0.4501087821866854,0.05297334074215598,-0.17523714505036203,0.04726476416754988,0.05455152617154102,0.007395578576264938
ATTATCCCACATTCGA-D2_NoStim,-0.012339185395410013,-0.023875104091795052,-0.17946157407729757,0.07744220773142985,0.18562247228731898,0.2230484502358312,0.2122348493613866,0.04193128026883386
ATTCTACGTCAATGTC-D2_NoStim,0.09350838355307545,0.013660394658440822,-0.42526570164054966,0.17080925999669283,-0.12285480103934354,0.21023629749871287,0.38192977754740376,0.04770557045316082
ATTTCTGCAGTCGATT-D2_NoStim,-0.030740619319445273,-0.017830524696307748,0.1007179161690619,0.05108837782949216,-0.13449842372544651,0.060511619012178386,0.19342541398860913,0.005529261433222743
ATTTCTGGTATAGTAG-D2_NoStim,0.16661887537030218,0.022676857852948373,-0.16919599981618028,0.14765755170937744,-0.04910111284249652,0.15690462985664944,0.18187266676877467,0.06721442683901913
CAACCAAGTCAATACC-D2_NoStim,0.1386134983838403,-0.013204869406878927,-0.22313235198166126,0.138904930596512,-0.024266806531624496,0.17938990774273655,0.15679177653222798,0.07720630963618369
CAACTAGAGACAGACC-D2_NoStim,0.1843222696732667,-0.002792469022177002,-0.3934771695979631,0.23412895435159164,0.054350061895382495,0.3998121330006654,0.24973257442886032,0.08566044494819813
CAACTAGAGGACCACA-D2_NoStim,0.007919423029070671,-0.072032216413497,-0.10563696631108854,0.10147404880672006,-0.07518742854375482,0.22472340135739444,0.19260828435932265,0.00547945166318442
CAAGAAAGTGTGACCC-D2_NoStim,0.10712139078540694,0.07872180064833856,-0.04090420692833696,0.18596797851390967,-0.05317481386581946,0.12375897912686362,-0.04928129250820934,0.0731067836528787
CAAGATCAGAATTGTG-D2_NoStim,0.08355310342426492,-0.13428175023968159,-0.3619200492764847,0.13771488746627192,0.0542372881356421,0.376876314830616,0.43308706624393123,0.07047994122720525
CAAGATCGTTAAGTAG-D2_NoStim,0.014535064473387038,0.008009541231027484,-0.042792020369498474,0.09420018007603304,-0.12051342748510407,0.013586941618619619,0.1785292709258739,0.03217657616768044
CAAGTTGCACTTGGAT-D2_NoStim,0.20094483871259783,0.02814473369071102,0.040217498493921866,0.18363363583066672,0.04622744343744145,0.28945627303558474,0.24103993846950988,0.09031631533180118
CACAAACAGGCTAGAC-D2_NoStim,0.13712141918678356,-0.03175846981839392,-0.4046494904176914,0.19626794787866686,-0.013871283388066757,0.258702355788583,0.2122509749149466,0.055865854632697776
CACAAACGTGATGTGG-D2_NoStim,0.09059471562095567,-0.03766401956722554,-0.25001248944461274,0.1553019951731045,0.14278282678598764,0.3578616195272062,0.2977350611386491,0.07033662558723996
CACACAACAATGAATG-D2_NoStim,0.0833482241329424,-0.07269954306127424,-0.5769605619935785,0.19335739035589583,-0.1179012855765933,0.3274414650735684,0.27831907065457173,0.055334043516850784
CACACAAGTTAGGGTG-D2_NoStim,0.05390798456351753,0.041673343515642,0.07891752041874689,-0.025615430657678573,0.044394185146906295,0.05645962824656792,-0.24044512490332348,-0.019969443563605083
CACACAATCCAAATGC-D2_NoStim,0.14079452496291367,-0.0022347189926374966,-0.41898476581184063,0.16972333756775093,0.07154304638076248,0.2913753039099616,0.19570758985155656,0.04167345529550026
CACACCTTCTTAACCT-D2_NoStim,0.01234874406001829,-0.04473766665222456,-0.1001257875763244,0.052715373159522017,-0.09618461210660811,0.2685267160307543,0.17119156890411436,0.009153427699015282
CACAGGCAGACGCACA-D2_NoStim,0.21021387112563694,-0.015205114643318751,-0.16750339907555656,0.19457268997540034,0.002094741383858789,0.314676661901518,0.18526682404910844,0.09296229710636617
CACAGGCCAAAGCAAT-D2_NoStim,-0.011191767889547677,-0.048789963232302114,-0.1452343527385711,0.08638377778389561,0.27784859740937584,0.27774432461616083,0.20208000758041456,0.03735649127921192
CACAGGCGTCCGAACC-D2_NoStim,0.08295762477842317,-0.028027769702449135,0.0021899581149309455,0.11895666334988597,-0.011829878291692353,0.25341421620817695,0.239511691559116,0.05444783467067538
CACATAGTCTCTGAGA-D2_NoStim,0.05629483124648438,-0.03826055273845874,-0.3692414425044621,0.15817538195665826,-0.13239115727535733,0.3571753080575144,0.29897480052997194,0.06588832880022721
CACATTTCAAGCTGTT-D2_NoStim,0.08014443626230339,0.035663433005845846,0.145962071777884,0.1411605436321004,-0.05428924892416909,0.1288802648537839,0.31557939916237476,0.07631452387069615
CACATTTCATCGATTG-D2_NoStim,0.0640848807108032,-0.049028982708572144,-0.0847515270831245,0.11285129176800623,0.0421297719906768,0.19180041597972153,0.10742335877777442,0.05714065623558362
CACATTTTCCTTCAAT-D2_NoStim,0.15734226113916172,-0.010714162658256754,-0.21812069479439877,0.16396174254141194,-0.08583448269366123,0.24807285732499462,0.14585747352683232,0.03985381070743266
CACATTTTCGAACGGA-D2_NoStim,-0.09156602383227153,-0.07075764758332603,-0.8517580324162832,0.1247502466727557,-0.3644761962806111,0.055700954759767995,0.23393369018320698,-0.010810552970664133
CACCACTCAACTGGCC-D2_NoStim,0.13449759418250729,-0.006376030558625345,0.04287000866574786,0.15143328066826456,0.01740773404033291,0.23028594994102747,0.19735654321600737,0.06711745005862468
CACCACTGTTCAGGCC-D2_NoStim,0.04851175095704541,-0.038992277542512,-0.24382934885390917,0.07560529022087081,0.014367358933574437,0.1739277084268256,0.10135328795217546,0.019650657747952494
CACCAGGTCCTTTCTC-D2_NoStim,0.007663046113744798,0.016801991406454775,-0.31267360370781105,0.08363012566333516,0.004160473330760084,0.18663943410654937,0.1340400362759322,0.04628673601696143
CACCTTGAGTGGTCCC-D2_NoStim,0.10419590056419281,-0.06169717342896064,-0.3195593872372928,0.15648530392639337,0.0049644005537548,0.24069229381736434,0.09150152239270204,0.021866386109765656
CACCTTGGTACAAGTA-D2_NoStim,0.010301541391262603,-0.019444632826528974,-0.3153090044665454,0.08603794910892759,-0.16720886896664844,0.18461637991128566,0.15180120030972777,0.005866748430404911
CACCTTGGTTGGAGGT-D2_NoStim,0.08214146819662815,-0.07164408019484014,-0.3663610822109735,0.182773163109907,-0.09086488531612069,0.3541119435906399,0.15016684926683288,0.07404516707759434
CAGAATCGTTATGCGT-D2_NoStim,0.1879069699962823,0.011393647531027895,-0.139328244201943,0.1823721865588137,0.07948342837221212,0.28166885239647144,0.18086093646306445,0.08752230587912457
CAGATCAGTAGATTAG-D2_NoStim,0.02636547769747999,-0.08584159365741506,-0.17013077016451028,0.09092255187094445,-0.009065505407088281,0.19099468596268832,0.0831876785127541,-0.003035267975459277
CAGATCAGTGGCGAAT-D2_NoStim,0.11083258248527805,-0.13029357533489616,-0.2623493718060672,0.16546796806166597,-0.07876234723156195,0.2610366847442833,0.30153516463990426,0.04497435786902315
CAGCCGAAGATGTGGC-D2_NoStim,0.028510931781976723,0.014016572951167205,0.10698682581950791,0.10276718370440108,0.04805549067492798,0.07652857770310639,0.20246993636972288,0.0452031391201384
CAGCCGACAAGCCCAC-D2_NoStim,-0.028513239685914016,-0.046760682324480385,0.20196513934137883,0.06693686394775966,-0.09339365929825938,0.10229214913114326,0.1742077730283076,-0.004910020500629386
CAGCCGATCATAGCAC-D2_NoStim,0.04769443854751465,-0.0290352945771275,-0.41511017691371244,0.09434821833475127,-0.08376147682996482,0.1377312564584443,0.09806456902174521,0.03116546250292629
CAGCCGATCGTTTGCC-D2_NoStim,0.10266721059066874,-0.046555393470393724,-0.486271395796507,0.2526603235920746,-0.0392486389289477,0.26613276789823814,0.31416519896255224,0.06777264601891986
CAGCGACCAAGTCATC-D2_NoStim,0.0841539541549583,-0.008517550105507254,-0.3157830560721351,0.16397815609826338,-0.05879826513159081,0.18549330170273493,0.17555618525758465,0.03483903316567272
CAGCGACCAATGGAGC-D2_NoStim,0.04503830636106798,-0.07089443000444717,-0.49452924680935517,0.1311355700475314,-0.07877985443866109,0.19086820209197697,0.17490604224861483,0.04760481034708519
CAGCGACCACTCTGTC-D2_NoStim,0.01271200495696867,-0.06672813308353831,-0.2702768088133283,0.10858769045351124,-0.03312130760521015,0.2611333143605403,0.2033203799573169,0.03191745359368703
CAGCTGGAGACCCACC-D2_NoStim,0.18351016712339607,0.032173930526360195,-0.15826802633617376,0.152353895106506,0.003028842808999954,0.24289114771401898,0.11478317998051146,0.07444503901666977
CAGCTGGCAGGAATGC-D2_NoStim,0.11728269173067751,-0.048479156561404224,-0.3156085906685391,0.16214527730945782,-0.04556418499402959,0.3632823106618561,0.40220079131754893,0.054576970008081815
CAGTCCTAGTGTACCT-D2_NoStim,0.1815716845114519,0.009550704308638913,-0.4043627322965282,0.16687042348059222,-0.16063011516913583,0.30496469605166787,0.3000967393008116,0.07122126786469529
CATATGGGTATTACCG-D2_NoStim,0.09710116270252023,0.05614674370626105,-0.020224593895116882,0.14929593026608323,0.012676039464990296,0.16411690821494496,0.11342297905138388,0.06842593281904641
CATATGGTCTTTACAC-D2_NoStim,0.029433148118419794,-0.09418537266282101,-0.44414583951054176,0.15936244894085405,0.13282241267470596,0.30772993627852596,0.2963913228346158,0.06589764348711036
CATATTCCAACTGCTA-D2_NoStim,0.04581802568129767,-0.008775068463716451,-0.21986100253874064,0.13807792258627138,-0.044351073625580995,0.17126326918870038,0.07845795419680801,0.021104615407818272
CATCAAGAGAATAGGG-D2_NoStim,0.175426435907168,-0.027364339438427976,-0.3469788523738764,0.20971143608886145,-0.09207368163769303,0.3605839756539053,0.262021430668129,0.08755222756209946
CATCAAGCACAACTGT-D2_NoStim,0.11482255842587286,-0.0033967962270029517,-0.20164947994770444,0.10632542673164203,-0.15109557071692947,0.14638336684298192,0.03582597376538299,0.03191797546913122
CATCAAGCATGCCTTC-D2_NoStim,0.05938871298996773,-0.05971107483557425,-0.04552435783324249,0.099254618717449,-0.004881761556072561,0.23138098548005726,0.12081752388083222,0.036585783740452626
CATCAGAAGGCATGTG-D2_NoStim,0.15151001554775512,-0.015619420701332487,-0.3326778900578038,0.1897609709682495,-0.06410491488525771,0.32241162814179436,0.2842273190661113,0.09202858794879099
CATCAGAGTAGGACAC-D2_NoStim,0.057927905875898134,-0.04319158444018889,-0.047338393851360294,0.17483150675236558,-0.031723924883655386,0.24532125633277868,0.201799132703659,0.07192691368606319
CATCCACTCATAGCAC-D2_NoStim,0.011056148222595041,-0.021884382154141235,-0.22171250757054572,0.04636052025370674,0.049445169439595205,0.14579611542753046,0.056541044208954006,0.01902683345099021
CATCCACTCCAGAGGA-D2_NoStim,-0.01040997323786641,-0.0815872398020634,-0.7372793495427423,0.20885173958498093,0.17551802724522325,0.29230051611964036,0.540111263210509,0.058408382817241034
CATCGAATCTCCAGGG-D2_NoStim,0.039441220588742,-0.0004349838370067971,-0.21430222484277373,0.14403755136874707,-0.035032763119531296,0.25351890757247464,0.22132300935209948,0.06511416184233632
CATCGGGCACACCGCA-D2_NoStim,0.04588483232525853,-0.018152533261515558,-0.12879633003805324,0.07928043721742206,-0.06554411818347994,0.07376576909870369,0.06659947459721671,0.008609297320791853
CATGGCGCATATGCTG-D2_NoStim,-0.07971681922491136,-0.00753228284778551,-0.3542924923962971,0.04656196780226374,0.07125899228207011,0.10201904608528078,0.15709885664392864,-0.017727857057819207
CATTATCCAGTAAGCG-D2_NoStim,0.11689753883444354,-0.03847154817197129,-0.2281674915253511,0.16772623796593322,-0.06417998117524171,0.33850365753701794,0.2294668664588344,0.08012952606837409
CATTATCCATGTAAGA-D2_NoStim,0.1650961119084151,0.0016907922721642876,-0.15969381194569188,0.15519285413713568,0.023126904549695126,0.2891397151268196,0.2602797421051761,0.06818976047540737
CATTCGCGTGATGTCT-D2_NoStim,0.06783022738315303,-0.032263741257269274,0.12721872520910082,0.10225421547490754,0.08483606542644928,0.28572233610115205,0.08641553260455392,0.013447096587340113
CATTCGCTCACAATGC-D2_NoStim,0.05932990641927027,-0.09006177995150111,-0.5894698645783283,0.1586502523074671,-0.033070700327282765,0.3428515707677411,0.2615048449047932,0.049293792527718594
CCAATCCCAGACAAGC-D2_NoStim,0.03959068765127327,-0.02976220916037775,-0.1534393910955547,0.10712999890685637,-0.06684506710719162,0.18909172690095932,0.07771514161112147,0.02118508741005165
CCACCTAAGACTAGGC-D2_NoStim,0.09136199017742186,0.011783909320548958,-0.2270590412274256,0.04151961567781015,-0.03840813165497181,0.17435302273703712,-0.25737605273307285,0.038699720950985395
CCACCTACACGAAGCA-D2_NoStim,0.1594270158648161,0.02779374875557039,-0.08421281934664115,0.16837386277751598,-0.002503928421008439,0.25439221601324125,0.18046343719533198,0.0625934110284323
CCACCTAGTACCGTAT-D2_NoStim,0.058661526107297135,0.004207342901505484,0.1559163523674254,0.12983581075554085,0.03512233899310502,0.10920173422420376,0.33751866026633515,0.052910010641578964
CCACCTAGTGCGAAAC-D2_NoStim,0.08721269636446394,-0.07351403318287986,-0.3491315978941998,0.17167715847506315,-0.06121501733294821,0.4160879190509039,0.2730836356199431,0.06477037672751962
CCACGGACAGATTGCT-D2_NoStim,0.04049413535040358,-0.03281909361601976,-0.02026921390900327,0.1294095617642359,-0.07188986057594704,0.14919208127119532,0.17309628018173706,0.06776976093432197
CCACGGAGTCTTCAAG-D2_NoStim,0.10128950481443688,-0.01681203121739827,-0.11446650739070563,0.18527497132330417,-0.018136505371694867,0.32236392847478434,0.3410262960822976,0.0733031373234514
CCACTACGTAACGTTC-D2_NoStim,0.08889020272451731,-0.04611041534615268,-0.604152569553305,0.1500315088312245,-0.15186655289247142,0.29131892072371546,0.19061019544296132,0.04309696406394359
CCACTACTCTCATTCA-D2_NoStim,0.0962239934551441,-7.076845549036648e-05,-0.36234199922486,0.04965971835953731,-0.1959613999143741,0.0677272852343398,0.028603290767129863,0.0015285268052913636
CCAGCGAAGGAGTACC-D2_NoStim,0.1719131164797041,0.009877059701260293,-0.10500303486022311,0.18390586626703787,0.05189225585993107,0.3293090552112172,0.29404359717916684,0.07755486218609065
CCCAATCAGAGTGACC-D2_NoStim,0.12139431412437496,-0.04150937837021296,-0.08275073752940898,0.12655834306051972,-0.04640933813546333,0.2300940152085964,0.0971482476764347,0.06106756971962035
CCCAGTTCATCCGGGT-D2_NoStim,-0.04457970993777849,-0.0891441155397068,-1.1222725386759773,0.13121643328803678,-0.3425414665169235,0.04738371406432318,0.3301391807537959,0.011734524625509835
CCCAGTTCATTACCTT-D2_NoStim,0.01655301620137628,-0.04118843579905729,-0.04076118486032243,0.11169743141351063,0.10036890660185094,0.23438217400427508,0.11152074929655509,0.043813668739382194
CCCAGTTGTGTTTGGT-D2_NoStim,0.04305320938736479,-0.09306506328689679,-0.23775505958563237,0.1560821192635924,-0.20165191899296353,0.38277374733007097,0.39787427839595413,0.05320903230646046
CCCAGTTTCATAACCG-D2_NoStim,0.07388359146233547,-0.049372526460178534,-0.33115683195191714,0.1610080485401717,-0.03908144458703866,0.36744304633815705,0.26194134789426027,0.05158907220905107
CCCATACAGTGTTAGA-D2_NoStim,0.07073760347942049,-0.041873948967133146,-0.5778580167348792,0.18450183061541559,-0.03336476861973203,0.2964747954007114,0.2946078340061815,0.0459718989061475
CCCATACCAACTTGAC-D2_NoStim,0.059462170552700755,-0.028160104103939432,-0.23677466915411927,0.06116727575195746,-0.03281116609919188,0.20944988443970392,-0.040900437746890006,0.05377106772493079
CCCTCCTCACTGTCGG-D2_NoStim,0.02098132052034174,-0.061291943964407736,0.03119040376308746,0.15728852063797838,0.03966030194609438,0.19184408241146578,0.5522140176550465,0.04241678695719564
CCCTCCTGTAAACCTC-D2_NoStim,0.06842616600807716,-0.013976386037258592,-0.26908937584247816,0.15908889972551776,0.010399779279255839,0.25381113017771817,0.16037350112260018,0.06272350799520154
CCCTCCTGTCTCTCGT-D2_NoStim,0.12898839005013762,-0.01687076235556617,-0.29651783910393803,0.21043690604003018,0.02286303808843293,0.3025409648885251,0.4314807688051441,0.08079535045829189
CCCTCCTTCCAGATCA-D2_NoStim,0.08668919083303095,-0.0364750468292101,-0.5947341374709332,0.10890364643440975,-0.1757200332521709,0.09593660561857398,0.23437664052100793,0.038043020170592357
CCGGGATAGGGCTCTC-D2_NoStim,0.11973488830018475,0.03453401826112312,0.03369035560826106,0.12959802458433956,0.07387464649391084,0.1742098245323911,0.06227062689896545,0.05154275642263606
CCGGGATGTTCGGGCT-D2_NoStim,0.0009699971879530978,-0.007418055942880031,0.1700420791656665,0.08966362333629974,-0.05113159187752636,0.0781775667999618,0.09018629950505241,0.0035725964947204147
CCGGTAGGTCCGTCAG-D2_NoStim,-0.010804768472910453,-0.1351331051540985,-0.7547534048914155,0.12688366518443317,0.19570643525327291,0.3993790906185355,0.330204024629682,0.030989880880111897
CCGTACTGTTGGGACA-D2_NoStim,0.08569475694942419,-0.1016237149478112,-0.45273411957439436,0.19331108936414942,-0.030762119221236617,0.36216990151741335,0.22435073514913917,0.0627829394869277
CCGTGGAAGAGTCGGT-D2_NoStim,0.04344530889960829,0.027193624182382692,0.2683711801985922,0.10754394782399324,0.020414146320398174,0.07485356745953808,0.2653088402400918,0.04007818941285812
CCGTTCACACAGCCCA-D2_NoStim,0.10006732781655003,-0.017501158047771526,-0.5218559135342034,0.13538834442021397,-0.18159284368292283,0.17102917351640556,0.08720836436839097,0.028719261100839333
CCTAAAGAGTGTTGAA-D2_NoStim,0.04024630290608222,-0.03428217941085698,-0.21525284493681518,0.15950269722900323,-0.09793052935354396,0.18073024864893128,0.18560766632072578,0.031622502539685016
CCTAAAGTCTTGTTTG-D2_NoStim,0.081879833965532,-0.10522537264786713,-0.3199477979102632,0.13549028824280462,-0.10159871126565001,0.3429201709065266,0.2041669116739957,0.04533319695292093
CCTACACGTTAAGATG-D2_NoStim,0.041001176782497595,-0.059043741465570676,-0.03005277063753553,0.08047401429961454,0.09689918509460504,0.2025486215202541,-0.02605076752949742,0.016932883617146288
CCTACCACAGTATCTG-D2_NoStim,0.04268115329010236,-0.0583601922957353,-0.26465495466421807,0.12582712821825837,-0.13874286900592736,0.20205507265924272,0.10681037603748234,0.021369373641446643
CCTAGCTGTCCAGTGC-D2_NoStim,0.019730316577074802,-0.14247961011544596,-0.4704385669560178,0.1609712045701528,0.04761365400151796,0.21139089064718597,0.42996993761237245,0.08466985420547424
CCTATTACAGCGTTCG-D2_NoStim,0.04492140690558699,-0.07442751884945409,-0.24843174238604782,0.12347881253782411,0.11382739937482711,0.1398080131903896,0.2551366232396379,0.06716122093412658
CCTATTAGTTATCGGT-D2_NoStim,0.012651588614376763,-0.05540791528696154,-0.20210569968765135,0.09275228385596357,-0.05232372474671365,0.16009198462041763,0.060332463468884434,-0.005925056907132742
CCTCTGACACGAGGTA-D2_NoStim,0.0482606401924599,-0.014885337538222743,-0.09988213548606062,0.05165631025610651,0.007175281832401126,0.13637012749515431,-0.19373056893704543,0.015477441197429442
CCTCTGATCCTTGACC-D2_NoStim,0.09849548857112644,-0.07786141902323251,-0.08721198994655843,0.1651421804906814,-0.021933535696550877,0.28137534401211184,0.2690235494123261,0.08013625807859093
CCTTCCCTCCCAACGG-D2_NoStim,0.0562115693643328,0.026143789122325956,-0.31785172261636063,0.058567500598286415,-0.13819822381184466,0.09008866042478747,0.04563111943089204,0.010638976786113474
CCTTCGAAGCGCTTAT-D2_NoStim,-0.018386823627336568,-0.06713218323746695,-0.10008235387220132,0.026293456337690202,0.21870977460579866,0.223525974653362,0.09279057272411073,-0.027011314031257783
CCTTTCTTCTAGCACA-D2_NoStim,-0.03881973062249422,-0.09608041328379535,-1.027991332062113,0.1416520045949614,-0.4426916879603393,0.14006625176367127,0.45726283713794924,0.031538836586058494
CCTTTCTTCTCATTCA-D2_NoStim,-0.026296050945946448,-0.019775342795176343,-0.39904772996592897,0.009144866815081087,-0.03340073706883473,0.07875524718149318,0.003800746285642642,-0.03295369585408281
CGAACATAGCAATCTC-D2_NoStim,0.14947239109228505,-0.155147246191353,-0.7221586719568496,0.24610732735789043,-0.06150092475462543,0.517524396582818,0.3170180348702969,0.10299426787311816
CGAACATAGTGTTAGA-D2_NoStim,-0.040929739133925835,-0.04035955115640988,0.03290305137283944,0.013444748064902257,-0.21567485129848407,0.09074010663021603,-0.17902889868060434,-0.005332396993145139
CGAACATGTCAATGTC-D2_NoStim,0.042475432024987825,-0.05064236357868879,-0.1890979584787864,0.1448457867319224,0.05873629851294737,0.31996895891475585,0.24643796169835008,0.02951528607954046
CGACCTTAGGTGCTTT-D2_NoStim,0.0491164041942973,-0.032667690239870595,-0.15644978142807453,0.13077986044466883,-0.08356662170787388,0.1823769241179205,0.13580301800253158,0.023027862176535407
CGACCTTGTATAAACG-D2_NoStim,0.011999577205697776,-0.056067946269568125,-0.512605434400351,0.14250605937989036,-0.09983627947459262,0.3016119712551877,0.3173964261807143,0.014808282935476313
CGACTTCCATGGTCAT-D2_NoStim,0.2187341724097216,0.1278616384570359,0.05041099431913487,-0.08962717263416842,-0.2340216207648247,-0.0026703645259384956,-1.316790697647166,-0.048489022258651815
CGACTTCGTAATAGCA-D2_NoStim,0.0634324152804453,-0.03538649856927911,-0.08764854624816465,0.04061391560798455,-0.019483937451575173,0.21533757909671447,0.0212295976251049,-0.0014584032058184704
CGACTTCTCCAGATCA-D2_NoStim,0.10980835048625259,-0.09306349741938824,-0.4703646237027801,0.20846438059249728,-0.03179486683063715,0.4007498296858003,0.3606978293016043,0.08470757083191671
CGAGCACGTAACGTTC-D2_NoStim,0.08378478044307158,-0.08295913170314684,-0.39838009596260804,0.13365430324186356,-0.06794984118843495,0.3837113666216485,0.20186668849093392,0.0606738171820389
CGAGCACGTACCGTAT-D2_NoStim,0.05000532424798543,-0.08593229450558759,-0.585525731529799,0.1957346622698406,-0.1339526399213966,0.31414459473585854,0.37046232148406055,0.06007709219477775
CGAGCACGTACTCTCC-D2_NoStim,-0.05605113740809031,-0.09456532905401538,-0.18933827519602175,0.15244800985304074,-0.18772175596370388,0.19413667776399102,0.9169131705382672,0.08167645541952773
CGAGCCAAGCCACTAT-D2_NoStim,0.11222055566473266,0.019725656263439362,-0.23563621686466618,0.09712700347401082,-0.1428323759941783,0.13589986627238293,0.018047228215042566,0.016702285654007554
CGAGCCAGTATATGAG-D2_NoStim,0.06406100410806914,0.010838353466771977,-0.01611650598649561,-0.014493149265565108,0.016652279874806553,0.10905941420675092,-0.1043139741305188,-0.012153757873619497
CGAGCCAGTTAGATGA-D2_NoStim,0.05866155898147163,0.0006840558454577206,0.16856530996036767,0.013781374025452209,-0.0586130294862901,-0.02444250582432872,0.09410423578297333,0.04264317284906305
CGATCGGGTTGATTGC-D2_NoStim,0.0078026237639630125,-0.06587157103906982,0.027670913150318555,0.026777624886790363,0.057754595485938864,0.16677974029849008,0.06086038765948665,-0.0457288305415684
CGATCGGTCGGAATCT-D2_NoStim,0.07049633811756806,-0.050533815151675654,-0.18041586341540494,0.1431100457063792,-0.02056175825644324,0.20231254723073722,0.21730073894190038,0.053544178964804345
CGATGGCAGAGTTGGC-D2_NoStim,-0.023907363454686248,-0.09341142089593646,-0.19763902069698602,0.05100736333767664,0.011967332632767835,0.19785374371569997,0.14708333380003324,-0.044170245464613345
CGATGGCCATTTGCTT-D2_NoStim,0.09237746552222781,-0.07494365954688043,-0.3685600851028248,0.19829344577494545,-0.10006453942722437,0.3724546033440346,0.3049333261152185,0.07819002909189621
CGATGGCTCGTTACGA-D2_NoStim,0.13013463308676698,-0.012990776214452993,-0.3841567387412397,0.2198970602775372,-0.016210894726233605,0.28434527676121935,0.2691544086077551,0.06928288999150034
CGCCAAGGTGGTACAG-D2_NoStim,0.06159815557415271,-0.0222255017263695,-0.12498420428635093,0.15580215294010813,-0.005875463069793696,0.24361098433854966,0.31987942777877976,0.030664718874909624
CGCGGTAAGGTGATAT-D2_NoStim,0.16860534717999265,-0.009695378515790054,0.0443347506763061,0.12916464039396836,0.01721213803259758,0.14022078472517663,0.11147147577590744,0.07868442096515693
CGCGGTAAGTGGAGTC-D2_NoStim,0.15010330628201807,0.029776270292119378,-0.1861339220595859,0.07558489954050707,-0.13291277546236557,0.1701662503806629,-0.16643322330366583,0.01513576867336397
CGCGTTTAGCTAACTC-D2_NoStim,0.11682106461991815,-0.027256608997069165,-0.08571497498753544,0.14506310249635845,-0.002550053761266824,0.23076099532215366,0.29183418742318246,0.09055902825297757
CGCGTTTGTAAACGCG-D2_NoStim,0.09161828538267613,-0.07684614769685183,-0.44178782438624786,0.16861189867032955,-0.13705478133171312,0.3920827939659892,0.44838090865877156,0.048106045770804684
CGCTATCAGCCAGGAT-D2_NoStim,-0.004966060697416452,0.02431440694298992,0.12852846563525056,0.0715633277014085,-0.0010287618190822911,0.04044787462641963,0.17554508958535386,0.02676145070291014
CGCTATCTCATGTCTT-D2_NoStim,0.03060013239220538,-0.07526836767633682,-0.18432884349195255,0.13091159753121673,-0.07143761770388046,0.16118591856682674,0.15704598150903148,0.012264865658094593
CGCTTCAAGACACGAC-D2_NoStim,0.019204615298738403,-0.04765999069095628,-0.13001991257522683,0.10532429278419997,-0.04665590414567511,0.12947136617672328,0.09833432425069155,-4.126609107046875e-05
CGCTTCAAGGAGTCTG-D2_NoStim,0.05567605402247189,-0.06921316294646829,-0.29038849178585124,0.19861430161359195,0.029569295415591057,0.3339317788450735,0.4743873184442311,0.02047966701909587
CGCTTCAGTCGGCACT-D2_NoStim,0.12989617394265096,-0.003565389509910588,-0.022532296400642693,0.16835245951700806,0.06531616775872884,0.28441602977071057,0.15978500352670677,0.08469263966872198
CGCTTCATCTTCCTTC-D2_NoStim,0.00035217637724649364,-0.049232245190252044,-0.6778769021621933,0.16306403662271585,-0.2652603431610565,0.08798269723420482,0.3343716779686732,0.018858166046324953
CGGACACCATCTCGCT-D2_NoStim,0.07609391755135064,-0.06070860121264765,-0.274941893105364,0.21199593288923957,-0.050667297055504434,0.2975453874695546,0.31274409833510175,0.08109442761288754
CGGACACTCCTTGCCA-D2_NoStim,0.06041083551762405,-0.017683231574746827,-0.2607976212443237,0.16801937441827164,0.027541950541245086,0.25574395075126066,0.3677583521348362,0.06839828801696513
CGGACACTCTTTCCTC-D2_NoStim,0.09980441946776786,-0.05725134587352976,-0.3333854354578989,0.14837299140054228,-0.00161408946401842,0.2522887579104429,0.09998934753479238,0.0461488399732346
CGGACGTAGAAACGAG-D2_NoStim,0.019497041275021942,-0.09361815537516982,-0.15640591355075628,0.04884617357323329,0.0631399926261853,0.2813964888532192,0.23914934975920543,-0.008122177087784621
CGGACGTAGTAGGCCA-D2_NoStim,0.10177665428387961,0.02842912743886039,-0.27955625148034,0.0875274773915482,-0.04074804709405555,0.20293196471145958,-0.060617804976710765,0.03196022101014151
CGGACTGAGAACAACT-D2_NoStim,0.07820249268505464,-0.07478948111739037,-0.27774546649400733,0.1618309235633859,-0.02838250842118839,0.2952058688844881,0.2717377838465005,0.059892116737939816
CGGACTGCACAACTGT-D2_NoStim,0.07575374805090895,0.04443289032488984,0.13618236589627664,0.07087086383561925,0.060045138703635814,0.08608155460098388,0.12150231567556924,0.026840872403184335
CGGAGCTCAAGCGATG-D2_NoStim,0.004080780961970731,-0.013747304818027217,-0.2906197183259138,0.0112212934231124,-0.039329183873233475,0.05593886543680071,0.057699691863665414,-0.013323434271567791
CGGAGCTCAGCTCCGA-D2_NoStim,-0.08246472821744533,0.04831824524691797,0.1435796914068348,-0.19814398501018005,0.2247316835459543,0.02791446693548494,-0.43804605180359424,-0.07375896563510231
CGGAGTCAGCCAGGAT-D2_NoStim,0.049888092259536165,-0.07815523910767652,-0.07757334110032055,0.1223929563235977,0.0019028546841894922,0.2753542782820366,0.15106452654141478,0.038405105441666976
CGGAGTCGTGCTAGCC-D2_NoStim,0.09973725120310206,0.003059632209629015,0.040290882406811335,0.10824807092676991,0.025157749601586232,0.2288810846946232,0.0957505661157545,0.0798923040946189
CGGCTAGGTAGCTCCG-D2_NoStim,0.03781022516871779,-0.04770532880616685,-0.27574330486486076,0.042137327060689955,-0.10226179284983417,0.09532241162892419,0.12013115977521682,0.05546283264660978
CGGGTCAGTCGAAAGC-D2_NoStim,0.07430051307566465,-0.011858501531790466,-0.37467713798317526,0.1604887261454877,-0.06802418699527557,0.3162089068658904,0.3389970342716495,0.04738492904520797
CGGTTAATCACTTACT-D2_NoStim,0.1285724909652579,-0.07061936868381125,-0.3954537507494713,0.22040193632067684,-0.012224143125386888,0.36672600450643866,0.22763144883202546,0.09355907812356001
CGGTTAATCCATGAAC-D2_NoStim,0.0884509322312308,-0.057624505021010464,-0.48515282015255856,0.17826795297194487,-0.09054700238842983,0.3290620812524434,0.15557592656977315,0.02940567134951877
CGTAGCGGTACGAAAT-D2_NoStim,0.07019967413805084,-0.07318561525652179,-0.5273522738770442,0.17142377545969545,-0.1782896793309643,0.34781113532943664,0.38042905028150553,0.09028192026401705
CGTAGCGTCCTTTACA-D2_NoStim,-0.008888552575456288,-0.07461083251596712,0.16933399317966646,0.03385119684197235,0.09469568381854643,0.28717427993555766,0.07892582320546948,0.001399839707929118
CGTAGCGTCGTTACAG-D2_NoStim,-0.007161148609318602,0.011314604235352022,-0.13703447450278006,0.04692299833953051,-0.0723263218644341,-0.00029014849040187585,0.005403612713426931,0.0164814733545402
CGTAGGCAGCCACGCT-D2_NoStim,0.045092908761503736,-0.04500910325921126,-0.3820551016857934,0.1337696625690601,-0.09952627026640748,0.16123687537660025,0.20395157004005782,0.05449215278495956
CGTCACTTCAAGGTAA-D2_NoStim,-0.025836001615738624,-0.0630569820047917,0.1953316348593397,-0.08517771539617947,0.10711564704954135,0.00021708619594740242,-0.18074216572573576,-0.056004904428036184
CGTCACTTCTCTGTCG-D2_NoStim,0.08458491098276077,-0.02368827209428126,0.13469627436959364,0.10056857250198448,0.009645642551843636,0.14414810230755215,0.24594197756354141,0.06849261299098153
CGTCAGGAGTACGTTC-D2_NoStim,0.12638155967657205,-0.04086131334752707,-0.4325481008502443,0.195273863558306,-0.10392008799358976,0.38377879787593994,0.1789339623950803,0.07598937379315629
CGTCCATCACTGTGTA-D2_NoStim,0.06684619140158254,-0.007950329962904235,-0.30283493717744214,0.13552337672950365,-0.11161099864700574,0.19517830561123173,0.1875349973477487,0.029571625464527074
CGTCCATTCGATAGAA-D2_NoStim,-0.04574273355006575,-0.08447352099133631,-0.6959387801969719,0.13563656713631467,0.21610224436710013,0.27243359911841836,0.34439272665995624,0.023419413771962994
CGTCTACCAGACTCGC-D2_NoStim,0.11706351425297079,-0.003978249071295181,-0.06906571951901519,0.11242899647014148,-0.028848270536240506,0.29504090350676915,0.16536373179499764,0.07045938767805993
CGTGAGCAGTTGTAGA-D2_NoStim,0.0970532060273861,-0.010215967435646789,-0.3062224621931584,0.15983552317828575,-0.05931448351789115,0.316340353567627,0.17492202626086462,0.06252924352334865
CGTGAGCCATGTTGAC-D2_NoStim,0.04369194959700273,0.05573198208682939,0.31493074425261725,0.07474821805029386,-0.08060506521896649,-0.04083360323245344,0.19331842190013848,0.012780818217560608
CGTGAGCGTGTTGAGG-D2_NoStim,0.05870572986897571,-0.02847204731575914,-0.12108782015633679,0.056203423478965675,-0.021728169218752313,0.12030598084967448,0.044536028356001456,-0.015390750885821092
CGTGAGCTCGGACAAG-D2_NoStim,0.11511405731769742,-0.033553204004606485,-0.16257618630055326,0.1698652976096522,-0.01110971934696181,0.3115764016077609,0.13942320509576334,0.09682059361941953
CGTGTAAAGGGTCTCC-D2_NoStim,0.20139247738831934,0.04596835451561887,0.06806275396215078,0.1753279967669954,0.046182903492832494,0.25161243987908755,0.15700952231778187,0.08958587902544579
CGTTAGACACACGCTG-D2_NoStim,0.016641334759750492,-0.09687920270785533,-0.714234179035266,0.18803324909518437,-0.27289170399686213,0.24455237911879912,0.3987128476325008,0.048952417235939905
CGTTAGACACGTCAGC-D2_NoStim,0.1002240579203395,-0.092835053960588,-0.6486782690518762,0.21323180916093953,-0.013786638848815258,0.34213267874690345,0.2297599643054511,0.0799905033564059
CGTTCTGCAAGCGATG-D2_NoStim,0.07870392748506383,-0.05217417111985867,-0.4904780518214462,0.15981112120950236,-0.00034796972600581455,0.3732521794870918,0.28705353583435844,0.08005905677625336
CGTTGGGCATTGAGCT-D2_NoStim,0.0631601438749172,-0.1896157096065032,-0.6655155504227022,0.2060024654115704,0.0410089597454224,0.2160676255063425,0.4208673843441906,0.0755308159051502
CTAACTTAGGGTGTTG-D2_NoStim,0.06817021529697875,-0.12697288854425004,-0.2019018970011821,0.12146440115737889,-0.007355745273821768,0.22278862393148113,0.1547291198454004,0.03299001046917027
CTAACTTCACGACGAA-D2_NoStim,0.07038140564336182,-0.036917220565854336,-0.23266580832981276,0.10261080806181155,-0.057161165169592465,0.21674714912978033,0.07109246335445052,0.014430111160754322
CTAACTTCATCGGTTA-D2_NoStim,0.08434436692457936,-0.006118750517400073,-0.08643272666400215,0.14700640376797658,0.019731659096189347,0.30669397950461974,0.09892483504465055,0.04404667857167688
CTAACTTCATTCCTCG-D2_NoStim,0.08809948903228992,0.03839822326355069,-0.20699853686311975,-0.024905079312139478,-0.1725249609221624,0.12365963928185053,-0.3927830507477825,0.004188922842288889
CTAAGACCACGCGAAA-D2_NoStim,0.12148318597822616,0.012205275398981641,-0.10021983210382146,0.15707310678339503,0.031337476534680775,0.32543711902568084,0.16484398119197285,0.058558124708488535
CTAAGACGTTCTCATT-D2_NoStim,-0.0285000060180991,-0.11505852447431586,-0.2351719432513768,0.07450503687891441,0.03834230415704987,0.21715084825313546,0.16366062627432942,0.0012889769857640232
CTAATGGAGCGTGAAC-D2_NoStim,0.06725132146890545,-0.0525274057834384,-0.2707946719043015,0.07523113713435414,-0.009900522728582217,0.15403128447029069,0.15525579082245544,0.05269820805287928
CTAATGGAGGTTACCT-D2_NoStim,0.12913807829872326,-0.041998604914448734,-0.554265108345124,0.2407894314962018,-0.03912332261650597,0.33664040847981624,0.16757703037583083,0.07584588221613764
CTAATGGTCAACGGGA-D2_NoStim,0.0754846867304586,-0.11053079964705503,-0.7171987291239557,0.1745001260687289,-0.15843020551525555,0.411200306162276,0.2707662371520758,0.06293959166157848
CTACACCAGCCACGTC-D2_NoStim,-0.12226531457081435,-0.09835104404178807,-1.5872058752187836,0.1956218981890938,-0.5860661984641897,0.18577767642312448,0.6529474223411906,0.016995580155287016
CTACACCGTTTGCATG-D2_NoStim,0.01237145855196431,-0.023607290545479387,-0.34949905342239873,0.00608095067551595,-0.07584251405037357,-0.05007050443885408,0.05052511073919863,-0.014000717957706854
CTACATTAGAGCTATA-D2_NoStim,0.05845148521458832,-0.05162571886614842,-0.12731986887626334,0.1402921914332751,-0.08867956027384949,0.17297778531309582,0.11765175675536366,0.0050897240980685154
CTACATTCATCCCACT-D2_NoStim,0.12153423641384009,0.07001842446192796,0.09166609157805183,0.00892978915367948,0.01953897259206805,0.04564120024258855,-0.2630802626690967,0.018349301548356678
CTACCCAAGCCAGTTT-D2_NoStim,0.0606605205465911,-0.04924586869067582,-0.1839651328100551,0.1287531158973092,-0.030518898132902095,0.24654296036228285,0.2099592807822237,0.013526771494545287
CTACCCAAGGACTGGT-D2_NoStim,0.12710658781702655,-0.080390919493313,-0.6650248762409081,0.2160145350630387,-0.10885480556272498,0.44690523937705606,0.3306132741438068,0.08626316707616688
CTACCCAAGTTCGCAT-D2_NoStim,0.14105963951055145,-0.003462760003403176,0.010064818845204826,0.13661535984713957,0.0028785538511790776,0.2115905729702119,0.3009897017506171,0.0739764388778994
CTACCCACAAGCGATG-D2_NoStim,0.23391941156406482,0.08675385805817903,-0.242349985226463,0.15983258195675631,-0.11803821262938641,0.22443451862005048,-0.26184099832557806,0.09648260526801344
CTACGTCCACCGAATT-D2_NoStim,0.1267442736654143,-0.004778830976338355,-0.11525635296793446,0.1374013942847494,0.008357076950709086,0.20621988728072704,0.18860342812772535,0.0758994665315651
CTAGAGTCAGGTCTCG-D2_NoStim,0.14291278405211827,0.007121114500669989,0.1270570789794423,0.13700070156603772,0.0666477122070539,0.136014129516826,0.276310359671319,0.09140426167821403
CTAGAGTGTCGCTTTC-D2_NoStim,0.054621713769879676,0.007913447438046006,-0.08622421240014866,0.09169396597966006,-0.03259839980072243,0.18310254720465835,0.051014543661062284,0.03277625297377185
CTAGCCTCACATGACT-D2_NoStim,0.2173459772831663,0.11282305974662243,-0.24533721453353685,0.050760593293913914,-0.09483400227168559,0.1642786350880474,-0.654090698766244,0.0009557198709213566
CTCACACAGTACCGGA-D2_NoStim,0.03212909872896752,-0.050826333919578914,-0.33274065881862214,0.10783854662654946,-0.07700611973740301,0.27497714366703807,0.10975240404656095,0.010914677523794936
CTCAGAAGTATTCTCT-D2_NoStim,0.03493115132171987,-0.05202729805269257,-0.6033665783311406,0.19716826361215745,-0.15233039148355054,0.19349034388451347,0.2425600119249598,0.05130747723432805
CTCATTAAGTCGAGTG-D2_NoStim,0.11245889508911411,-0.07750668571461716,-0.11200061006698014,0.12100220633124081,0.04964234009140611,0.32263754553501567,0.215032106716889,0.06151296061237943
CTCATTAGTCTCCCTA-D2_NoStim,0.09820654993734479,-0.05168107971045899,-0.3977407138909701,0.09452430942525325,-0.18140065670897698,0.1264293792558453,0.24785426626834628,0.011681532425077634
CTCCTAGCACGGTGTC-D2_NoStim,0.13254320971415723,0.01514030860952964,-0.1420460432033579,0.1276866398713672,0.041654424787024524,0.2930639329317115,-0.13880183260278312,0.03891345535533297
CTCCTAGGTGATGTCT-D2_NoStim,-0.008665716891824715,-0.08251093781069763,-0.13086159783722273,0.09922256502872706,0.10698983421444375,0.14171855273289413,0.14665225449522,0.01011481603242892
CTCGAAAAGATACACA-D2_NoStim,0.07688430270902913,-0.0394841783043951,-0.19433585006057008,0.12740592541870832,-0.040925992480778106,0.26562239998951487,0.15224567098910136,0.0717392133629744
CTCGAAATCGACCAGC-D2_NoStim,0.08065244182185438,-0.0012435986974139723,-0.34970062767979115,0.1784280910431466,-0.07375791332922432,0.26689101562403117,0.32497164654530053,0.07022370555188218
CTCGGAGAGCGTGAGT-D2_NoStim,0.03606350798596303,-0.05501781623492086,-0.30379289454041825,0.14594083368843336,-0.10334620841047126,0.2150453844460971,0.12772313952032466,0.009834111476461516
CTCGGAGCAGCTGTTA-D2_NoStim,0.06955435627097728,-0.09982447722932264,-0.24125737702094163,0.1551187433320269,0.010017835491893834,0.3404648131373067,0.25400466028628754,0.07669975888302716
CTCGGGACACTGTCGG-D2_NoStim,0.09202259316997718,-0.006382485278416894,-0.34198426546776517,0.14675847303701417,-0.07630453440885887,0.27614385875808534,0.18481756381500514,0.04497155934555508
CTCGGGACATCCCACT-D2_NoStim,0.05477365723941752,0.0062354634244261575,0.0450662408610043,0.07403274729249176,0.01969733165216425,0.15082560992342486,0.16333157323189962,0.06387171933133473
CTCGGGAGTATTCTCT-D2_NoStim,0.08916662656645968,-0.050556687424343494,0.009781359503723053,0.10301717741305794,0.06748973871360597,0.2682471797658099,0.14917667493338715,0.031266654849313014
CTCGTACCAAGGTTTC-D2_NoStim,0.12751779468702296,-0.02920986861042607,-0.37398916158981876,0.21180787686258107,0.03260457942798567,0.33568516420594285,0.32004526363486363,0.07342804102631106
CTCGTACGTGTGGTTT-D2_NoStim,0.057200936367491906,-0.02398245533288268,-0.13974157941024146,0.11429706977076926,-0.07397041959091055,0.1795887467455799,0.21407059785221705,0.06279136108416417
CTCGTACTCGGCCGAT-D2_NoStim,-0.06152979138666126,-0.013234239372652112,-0.19545074870672074,0.12610434875411158,-0.016851743280950515,0.12198384219196612,0.35816563502047494,0.002701440264354815
CTCGTCAAGCCCGAAA-D2_NoStim,0.1068062389994413,-0.09574400375020886,-0.5101691956713363,0.19567897376250087,-0.10554056555447922,0.4605398368999296,0.36165091232253044,0.08248954070304926
CTCGTCAAGTGTCCAT-D2_NoStim,0.12706301263618336,-0.01086177268759414,-0.28225514486523906,0.20831703846604022,0.035919783050019305,0.3588420322456436,0.38086761937306246,0.07276606260965046
CTCGTCAGTCCGCTGA-D2_NoStim,-0.08468414478923414,-0.0399614324348363,-0.09108973887031269,0.02305794680011175,-0.1756327600876535,0.015480560221032391,0.22035775827520787,0.03210195956619799
CTCGTCATCTTAACCT-D2_NoStim,0.026663723105100345,-0.030162965354699978,-0.2783110712367467,0.05851815136124294,0.03265695027623039,0.17486629993284808,0.13092561105211376,0.002992533864368596
CTCTAATGTCCATCCT-D2_NoStim,0.0661927777193334,-0.10110005307521952,-0.32813522992092103,0.10794345106180714,0.0030941773387098692,0.2745837692418709,0.16675766447857487,0.02548135868088508
CTCTAATGTCGCTTCT-D2_NoStim,0.09745253190213887,-0.0012451834873665746,-0.1976762041164868,0.08511296633341381,-0.1437110451743724,0.1273963826146094,0.04193708476384739,0.018214363007377443
CTCTACGTCAAACGGG-D2_NoStim,0.06919604751761987,-0.047279887339625404,-0.1943236210894046,0.14208942271502067,-0.08546740569904365,0.24621969001382382,0.2401353393162351,0.062050002411933036
CTCTGGTCAGTCACTA-D2_NoStim,0.05694950984139169,-0.07683265040840048,-0.16424040157554387,0.11331353283968681,-0.06488769405796901,0.17881244506700522,0.15076674750761443,0.019746480467512484
CTCTGGTGTAAATGAC-D2_NoStim,0.13735966999655425,-0.04913658848968083,-0.34321457680652756,0.19759228914769267,-0.023080772657795734,0.39972291257815495,0.4078529624759297,0.06230168024296745
CTGAAACGTCAATACC-D2_NoStim,0.12083327976066194,-0.08579108311993089,-0.7414593968695549,0.20080074462244646,-0.15472629357554624,0.43051748489281305,0.3512076512550544,0.07140232954927761
CTGAAACTCGGAGCAA-D2_NoStim,0.05507638421996042,0.04292018060242242,0.10450192498598199,0.08674854002653376,0.05665744154758379,0.09550854383333629,0.14023371109693628,0.04670450966932371
CTGAAGTCAGGGAGAG-D2_NoStim,0.2632518075541519,0.1476842917281438,-0.08693245244146475,0.1582417006558785,0.021553831465498163,0.23587393731127015,-0.27854573625248236,0.07351757579334439
CTGATAGGTTCGGGCT-D2_NoStim,0.09734707161084621,-0.006837726655628984,-0.1787421990280169,0.13588844305976622,-0.0326843679040536,0.17927273952521627,0.14982277773244235,0.07828125073621628
CTGATAGTCTCGGACG-D2_NoStim,-0.002108424841242851,-0.01575546216269963,-0.20808304795112598,0.06386920158020715,-0.011863920502621639,0.2161084002307403,-0.005914539426616905,0.008555882822189886
CTGCTGTAGGTGCAAC-D2_NoStim,0.013448388543382706,0.0004917726980231407,0.06401106999829054,-0.004157933530899882,0.03430513697471227,0.12298101272928808,-0.06484288143388639,-0.022678008389945603
CTGCTGTAGTCCGGTC-D2_NoStim,0.08712108920642869,-0.09088364278849781,-0.182034223732094,0.17736737852820106,-0.02768090488595476,0.27418791558133027,0.31966241429384956,0.0883716528553471
CTGCTGTTCAATCTCT-D2_NoStim,0.15067452101055956,-0.008020370228457807,-0.19840433593511797,0.17347923843401958,0.08914151055017427,0.2654156672266712,0.20345316671988734,0.06346754323675619
CTGGTCTAGCTAAGAT-D2_NoStim,0.022953285906421428,-0.01140733494325552,0.0972079272281281,0.13003291018841523,-0.05813674165141158,0.11455717558119005,0.22134655643710222,0.03737545681234167
CTGTGCTAGAAGGTTT-D2_NoStim,0.11375733741180838,-0.06224015994922638,-0.38701758749862947,0.1988694860158038,-0.07171053259505555,0.32762676941375624,0.19735869300942888,0.043971370701926915
CTGTGCTGTATAGGGC-D2_NoStim,0.041086231596514367,-0.07202633670910785,-0.1269076538828724,0.10323738057750731,-0.11958507497525339,0.1852368243843916,0.10195178408247818,0.018998678860437934
CTGTTTACAGGCGATA-D2_NoStim,0.04104279725648752,0.00649658518634233,-0.07429768203396492,0.03607734289650999,0.055862174281587684,0.13468649509517228,-0.16400163615961727,0.009245105431697098
CTTAACTAGATCGATA-D2_NoStim,0.02197390333819982,-0.07088562079980498,-0.20326007027478354,0.11191463723918282,0.06247974465387607,0.17355886109689322,0.12293677938172598,0.024326613709506617
CTTAACTAGCTAGCCC-D2_NoStim,0.015831887563782843,-0.0891302801970344,-0.6105541463547546,0.19846356977142499,-0.15975085614802964,0.28815301824133854,0.4034927476387846,0.0534970455409578
CTTACCGAGGTCATCT-D2_NoStim,0.03199909161954473,0.028804490550706774,-0.022810084334803804,-0.03602561878889965,-0.012774162373199616,0.0469937326298,-0.3087582637785111,-0.05750490314135348
CTTACCGGTCGACTGC-D2_NoStim,0.024237149590966567,0.01764216401865326,0.16219619710198074,0.06463738031097321,-0.1623712368893635,-0.020774165716494153,0.2024375514704202,-0.009623553620846437
CTTAGGAAGTGGTAGC-D2_NoStim,0.10390232951774614,0.04693187819768596,-0.17609870260530336,0.10418706634241559,0.03889878382340939,0.21691190679384142,0.0893686820502193,0.05672280372910343
CTTAGGAGTACAGCAG-D2_NoStim,0.0524532264127906,-0.014312725214912447,-0.2863563857928124,0.1676713801775218,-0.016251136099429075,0.24318122294427624,0.13428912367333856,0.057786710665476804
CTTAGGAGTACCCAAT-D2_NoStim,0.1080743457156661,-0.05139065051933578,-0.16596732667227876,0.1500147971574215,-0.07835863756963413,0.2996765497400302,0.1439411629578604,0.07879522911088976
CTTAGGATCCGAAGAG-D2_NoStim,0.16227183153718805,0.0010543286819153508,-0.0591428068688824,0.05668060101973005,-0.22647816597373804,0.052198412362338686,0.005327256841063388,0.01584903263245252
CTTCTCTAGCGATAGC-D2_NoStim,0.04720835574163473,-0.06998824062967657,-0.21382875678164304,0.09028682777920238,-0.04901531563092121,0.1524121573481212,0.07329662760346256,-0.005183038497095893
CTTGGCTAGTTTAGGA-D2_NoStim,-0.01426434277297517,-0.06834191127055433,-0.27931433436679676,-0.06162621211903563,0.004473514996016448,0.10107821716996312,-0.23305795871407398,-0.056703446373212785
CTTGGCTTCACGCATA-D2_NoStim,0.08330450230453579,-0.04627639810195561,-0.42489017661042716,0.22625619911451977,-0.10476423717465799,0.24206474215309814,0.32851086211187575,0.04889996251610995
GAAACTCGTAGTAGTA-D2_NoStim,0.12310712675396651,-0.07054077444890616,-0.27710038934734804,0.2071794866892933,0.021727302253308878,0.40552579023378765,0.36825491037246616,0.09727673257288849
GAAATGAAGGCACATG-D2_NoStim,0.1376473568410308,-0.0638705455716373,0.14677482165491362,0.1364993355828723,0.018240344921204965,0.2737995049334172,0.3763964288527264,0.10431573749047729
GAAATGAAGTTAAGTG-D2_NoStim,0.20181940938607745,0.1457475048549739,-0.0487607463594113,0.09776274904977988,0.013609906683408113,0.14152715812856975,-0.24568204108788017,0.07454381026208168
GAAATGAGTCAACATC-D2_NoStim,0.020223836830464137,0.004251803554867095,0.048275007349333876,0.10474633418998813,-0.05060192342557812,0.11207112768426164,0.2566913672661846,0.03251926310189468
GAAATGAGTGTGCCTG-D2_NoStim,0.015369613012332195,-0.062157724978401774,-0.1889296338643618,0.08806006114590836,-0.07668547461560138,0.15613446220077254,0.04861476768738182,0.002106947991709518
GAACCTAAGGATGCGT-D2_NoStim,0.118815193693111,-0.04776067715463839,-0.134195022313655,0.16538892653027482,-0.009006717755372762,0.2794611952925532,0.2311305262486263,0.0777232072761258
GAACGGACACGTCAGC-D2_NoStim,0.10375732304759566,-0.09691706630185948,-0.4849913991731931,0.21422905283950833,-0.06300407457814039,0.3782622827038198,0.2571442969520441,0.09089139897360532
GAACGGACAGTTTACG-D2_NoStim,0.10703182901898067,-0.062287740989969365,-0.3585686591040389,0.24722784198307934,-0.1303037204991213,0.4886780743277921,0.43079416536000537,0.09320885111821475
GAACGGAGTGCAACGA-D2_NoStim,-0.00736823278197285,0.022372761336860947,0.2443210580224182,0.09828112062964856,0.07721704826666453,0.0636758990978521,0.16893783271904628,0.01917727082849474
GAACGGATCGTCTGAA-D2_NoStim,0.04974832987576683,0.01775998344503371,0.06535453357379417,0.11964994900314174,0.0494348706337675,0.0833820520644295,0.17960229428998176,0.049212298364953
GAAGCAGAGACCTTTG-D2_NoStim,0.08177834036137988,-0.02309016870287728,-0.6503903182291086,0.22543000800649082,-0.0934095899708165,0.2715495040331275,0.20990312970911162,0.0545807575119035
GAAGCAGAGTGTCCAT-D2_NoStim,0.04094549644391421,-0.09742096784707854,-0.35219205666596487,0.08707988944854428,-0.055662344221287796,0.23239348231458123,0.08859256779524749,0.050014717180692614
GAATGAAAGGCTCTTA-D2_NoStim,0.07599607539480147,-0.09636020963597325,-0.36311361252552565,0.13069055281636466,-0.09108563205822762,0.3060490185698601,0.1523953300522538,0.046354360394486704
GAATGAACACGGTGTC-D2_NoStim,0.11840059614982756,0.0547295497029463,0.056166356330759726,0.09139438671416933,-0.07635936124206388,0.1512049589261819,0.006510752889763438,0.07180250198737781
GACACGCCAGCGAACA-D2_NoStim,0.04755193274576719,-0.05533582199223197,-0.5198293925408155,0.23918205252254765,-0.020558357528592808,0.28438578168200923,0.41605244595540913,0.0687343060025114
GACACGCTCCTTTCTC-D2_NoStim,0.02727684542660569,-0.022319101366294447,-0.27233901142437666,0.054151428834353865,-0.13651744681235023,0.11229767626332965,0.04274020304788717,0.011571561215857784
GACAGAGCAGGCTGAA-D2_NoStim,-0.10979685954826301,-0.02768832465709714,0.2586742320119768,-0.05837790660275033,-0.11103898014353497,0.005548607353116353,-0.15892714219260728,-0.031891044939186486
GACAGAGGTGTAAGTA-D2_NoStim,0.004214831496195615,-0.04142880317158948,-0.29301565872178514,0.026561019245841422,-0.09699523996706638,0.007812540090720965,0.003736743379294083,-0.008250998575118018
GACAGAGGTTTCCACC-D2_NoStim,0.07431297926325087,-0.07141818971797065,-0.18146362445875042,0.1529426749391849,-0.002980317181309644,0.2624484114136587,0.10815960318763596,0.0579358100986056
GACAGAGTCGGCGCTA-D2_NoStim,0.05215930517833911,-0.1159109806628198,-0.09946364586714829,0.15446908681296279,0.05931261772929375,0.30214475222152704,0.6184512375004712,0.057655505414791364
GACCAATCACACCGAC-D2_NoStim,0.11074922965607925,-0.03519936701244042,0.01625413340947901,0.1550791238801903,0.027972749938170338,0.32173344140423765,0.12082115686521444,0.06593735480457141
GACCAATTCACTCCTG-D2_NoStim,-0.01511258851411057,-0.03363566605159285,-0.27889980235724643,0.07994590906093535,0.004456486782929758,0.15351498014388643,0.1668111607911844,-0.01031477009119186
GACCTGGAGGTGACCA-D2_NoStim,0.00608718423763932,-0.026164143152278996,-0.2880948467461568,0.08641002854552227,-0.15014689798650416,0.14813936306737752,0.11964047961514179,0.038174027606094896
GACCTGGCAAGAGGCT-D2_NoStim,0.1025234119597691,-0.12665627241318234,-0.6603025858920368,0.26297197143222384,-0.12425491021275725,0.40000827330067246,0.34287960322169475,0.08988530862609956
GACCTGGGTGAAATCA-D2_NoStim,0.1643557613131943,0.021021116565066222,0.05358605940727479,0.19165195275877167,-0.01603710912876366,0.2479198790465782,0.45485916893957823,0.10086424272308925
GACCTGGTCTGCGTAA-D2_NoStim,-0.06437150294406102,-0.06820274345309407,-0.40422071958463235,0.09316211977641231,0.17947437314339254,0.12653916916728747,0.255119652443776,0.009855508936766455
GACGCGTCAAGAAGAG-D2_NoStim,0.16462753297783195,0.027096012390437352,-0.217398653275362,0.18868932786993575,-0.012297081915360053,0.2502613208552056,0.15119768989678883,0.07750676738852391
GACGCGTCAAGTCATC-D2_NoStim,0.029079280028289745,-0.010101904555973817,0.02931567948705549,0.07228077266121602,-0.11711197045189792,0.083267072980723,0.1521576661009414,0.06390283479369607
GACGCGTTCACAACGT-D2_NoStim,-0.07417991090877862,-0.11450916966240676,-0.2700125945710514,0.03558486310180342,0.1460193071168856,0.22442781990282334,0.1910460165576815,-0.03543566875107196
GACGCGTTCACTCTTA-D2_NoStim,0.11356241468019945,-0.01971868924516862,0.09011400421819538,0.09716453961734928,0.06252973714109622,0.2624658502409618,0.18139288384896712,0.05576122164882591
GACGCGTTCTGTTGAG-D2_NoStim,0.07882110976614065,0.01586815848562928,0.000851079163153301,0.04449251714268598,-0.03193781288346287,0.15942338949794,-0.13657070354978273,0.013573276586969385
GACGGCTTCGGATGTT-D2_NoStim,0.18200993780022934,0.042401087154038564,-0.07742723099873494,0.16579221514520626,0.01594648536270782,0.2615530742073773,-0.05394701201046992,0.07469573257936979
GACGTGCCACAACGCC-D2_NoStim,0.03304282656022295,-0.017175807257086007,-0.3021429709714294,0.1369024544933417,-0.08614003078262122,0.2072803692687959,0.1256066342904587,0.0203627067358223
GACGTGCCATTGCGGC-D2_NoStim,0.03848940087368824,0.03652496072711564,0.04190295360123919,0.13258610709818264,0.0005959692942134609,0.1786094547199717,0.2716560704690103,0.035453141766996765
GACGTGCGTCCGTGAC-D2_NoStim,-0.02193434334300015,0.013733682950807236,0.20324162981441596,0.05933846354810868,0.18799996923487505,0.019667032020068476,0.15787759589150108,0.023078486683710153
GACGTTAAGGTCGGAT-D2_NoStim,0.2215146758677058,0.09600355950586525,-0.34820055856246945,0.11737927589504693,-0.07904020626451747,0.16893838602936917,-0.17991149404320428,0.08723075440441797
GACGTTACACCAGGTC-D2_NoStim,0.13464732387817158,0.028134343829023578,0.1356046768556869,0.17713573409907646,-0.051042827016592796,0.11575389437159167,0.2850492028112104,0.0970810997578031
GACTAACAGGAGCGAG-D2_NoStim,-0.03320475016982094,-0.05170359689867787,-0.07997708956515659,-0.04657009796058453,-0.07248080823323733,0.05155153580947491,-0.06545090047235025,-0.0535636694851469
GACTACAAGTTAGGTA-D2_NoStim,0.05832614481538556,-0.10051731849598156,-0.6026454811396036,0.16321941409366936,0.07361636743736,0.3643244549804736,0.3454543431830266,0.05453990582299184
GACTACATCGCATGAT-D2_NoStim,0.13987811855587573,-0.005836030529875913,-0.04829519230468016,0.16924418180254186,0.030963982163020987,0.30085318694112395,0.1303069981317253,0.06702017522941794
GACTGCGCAGCCTGTG-D2_NoStim,-0.02690724882470441,-0.05513952659079813,0.10858003005112415,0.09744965185589116,-0.08304787670922664,0.10089699739042768,0.2068184675070679,0.020207056551278413
GACTGCGGTCCGTGAC-D2_NoStim,-0.04809989817726823,0.004729265636953528,-0.20967571553808284,0.06943747063728445,0.07179138814438879,0.14278435236404263,0.27051973195746104,-0.0027212408207653027
GACTGCGGTTGGTGGA-D2_NoStim,0.028249859348280282,-0.06959324034008674,-0.167689128725236,0.11023601299525687,-0.008214839449955491,0.14281732773884404,0.12984147960372372,0.025855507734512173
GAGTCCGCAATGGAGC-D2_NoStim,0.08632603532151606,-0.05368196436670303,-0.4580633383530959,0.1363508478462041,-0.1443947025957808,0.3132016516445173,0.2814203280047267,0.05036734608343174
GAGTCCGGTGTCGCTG-D2_NoStim,0.05595140219219097,-0.03383061127715692,-0.20215297356961415,0.12127042408915933,-0.10439250877884554,0.22266932942818762,0.11197886204209118,0.027305681741390586
GAGTCCGTCGTTTATC-D2_NoStim,0.10619958176842914,-0.007842964836870081,-0.15907571673642806,0.048550856505254814,0.06106065402705063,0.265380926809776,-0.06478750861518456,-0.014141936892608342
GATCAGTGTCCGCTGA-D2_NoStim,0.005244750382191299,-0.04896126232880427,0.12744722230960548,0.04343200547842585,-0.027575622484375728,0.09449482753435312,0.1581665432813253,0.029049765778173864
GATCGATGTAAGAGAG-D2_NoStim,0.076049066460401,-0.06506359131444839,-0.17230113109283351,0.10421095406625369,0.035112995750937515,0.20112259655533116,0.10383021212410792,0.037041608413536764
GATCGATGTCTAGGTT-D2_NoStim,0.12623473129835183,-0.03542126084099628,-0.3218458624014602,0.19919618977423426,-0.03729613887568739,0.3551998722848344,0.21312321248646837,0.07681348158729762
GATCGCGGTCGAATCT-D2_NoStim,0.08183156018040982,-0.04318047756853005,-0.2947056373795576,0.1237869105865439,-0.04730878337076483,0.2539645216320707,0.09478748941168158,0.02465469503188089
GATCGTATCTTGAGAC-D2_NoStim,-0.0351232556197516,-0.02674199131431365,-0.33246002433218536,0.08820052057091843,0.048858607182864944,0.1583692622564108,0.38844773812982325,0.017154724129138543
GATCTAGGTAAACGCG-D2_NoStim,0.10177296294704874,0.016257627298182697,-0.27512532812313495,0.14502771354347033,-0.036722971091375456,0.2976847902451327,0.20348314573421256,0.05517061798837197
GATCTAGGTCCTGCTT-D2_NoStim,0.1663823804195914,0.0024261712020958726,-0.08800570841187927,0.2328106697935599,-0.012772162913421425,0.27089035100399705,0.19813196028489344,0.10258576753700233
GATGAAATCCGCGCAA-D2_NoStim,0.030703109900370507,-0.08348532529882391,-0.694298388513042,0.19055301006330438,0.03781599669086155,0.4380080765121548,0.44348887144841465,0.028874705057896577
GATGAGGCACCAGGTC-D2_NoStim,0.06310427681911257,-0.08349824984269816,-0.7027732074435313,0.19526919882415505,-0.13645561644704784,0.4469922603966312,0.3003803018557667,0.08160159739765405
GATGAGGTCAGTCAGT-D2_NoStim,0.0514839455769156,-0.028828778518480647,-0.07597009014378742,0.09165998598863823,-0.040433681066852856,0.28934211927282316,0.10457274673466621,0.032244112248939416
GATGCTATCAGAGACG-D2_NoStim,0.09500392174370198,-0.0074522344552807596,-0.1660924099094494,0.10191444922719306,-0.06776549903439744,0.18763599257731922,0.04200974669595636,0.006183295143166845
GATGCTATCCTATTCA-D2_NoStim,0.011639899093566441,-0.043693465004901455,-0.34212844092301253,0.05002634409561679,-0.1355077860785343,0.015732416506222258,0.05918391607419071,-0.018011958585736565
GATTCAGAGCCTATGT-D2_NoStim,-0.001370560466428472,0.02465805397203802,0.21364274125817673,0.09359530207277977,0.1791783753663374,0.13334871636953238,0.32598853345091516,0.030056322084794473
GATTCAGAGTTAAGTG-D2_NoStim,0.026161213850770082,-0.05105723411024243,-0.6381509983058784,0.09872505025083811,-0.1613253343871932,0.18156321545238718,0.2328070719548423,0.013321994541970028
GATTCAGCAAGACGTG-D2_NoStim,0.145191581196368,0.09394067344137191,0.3751052135001842,0.0768791507530544,0.33146443743151366,-0.02491485512376812,0.1104058899766871,0.05462630484695019
GATTCAGGTCATTAGC-D2_NoStim,0.0062523134580967366,-0.039258108302000494,-0.5797610972419491,0.13250305948916363,-0.1694197249072964,0.2859548819272364,0.33095651030659523,0.04887432818382642
GCAAACTCAGGAATGC-D2_NoStim,0.014424294013167582,-0.0574983927255186,-0.10330985030356388,0.08671499267378557,0.05027034651783424,0.1320826457177393,0.09512902042057725,-0.008403637545647769
GCAAACTTCCGGGTGT-D2_NoStim,0.11043840553119999,-0.07368860645232722,-0.5660033407255547,0.29734700445653317,-0.00982979892875413,0.4177317920796675,0.3481736431721467,0.0908361486654865
GCAATCAGTAAACGCG-D2_NoStim,0.00042782625179427214,-0.01509087712424595,-0.17759279457050248,0.0219286362365132,-0.039671558827095055,0.21815208278554632,-0.012239638302813383,0.014426648230609018
GCACATAAGCGCTTAT-D2_NoStim,0.05908371865547046,-0.09805641355865014,-0.4240645779010137,0.1550759720894277,0.015520894196464852,0.2995981533495886,0.18198458794363415,0.04568798207752778
GCACATAAGGCGCTCT-D2_NoStim,0.12582606123101137,-0.012762984053573234,-0.3187264772327527,0.1638097963412406,-0.060632912729257527,0.2653381646995072,0.2096732456448236,0.08805012318328664
GCACATAAGTTGTAGA-D2_NoStim,0.12829828240429286,-0.015124918877752691,-0.27173135963957407,0.1800198770909187,0.0377374370832797,0.28633478344445695,0.19266836501698137,0.06462644536789419
GCACATAGTTCGTTGA-D2_NoStim,0.0341151495955625,-0.15014625931551961,-0.523534915140285,0.19959790021252033,-0.018402735523922686,0.4254380103577988,0.29848681146150025,0.044882267230333284
GCACATATCTGATACG-D2_NoStim,0.08351404785192429,-0.0050684590760639026,-0.4420936255631567,0.0807918865843078,-0.19198669147888658,0.11931056734205381,0.07471292790341044,0.0403307687302501
GCACTCTCAATCTGCA-D2_NoStim,-0.03620948309366234,-0.030309989723493302,-0.1601154048067972,0.04013118719987041,0.056252916392896424,0.16041280360084187,0.23913628076190196,0.00592508661496538
GCACTCTCAGTAACGG-D2_NoStim,0.02599292793666841,-0.02746716780773184,0.13940469036848846,-0.05584468313652735,0.005858465099425558,0.14265536517766897,-0.188292072478351,0.0007770045004278359
GCACTCTTCAGTACGT-D2_NoStim,0.14541294036723862,-0.01488382175195646,-0.3882012729996589,0.21234618779923942,-0.0070065764643150175,0.3716015531605983,0.19633768481138292,0.062388543315540446
GCAGCCATCCTGCAGG-D2_NoStim,0.019254480568145382,-0.0630724847161428,-0.6298504524929989,0.22042909656061305,-0.2727728976743151,0.29057264203528455,0.3834727333804402,0.05481064974469163
GCAGTTACATGGTAGG-D2_NoStim,0.07903892971457438,0.0017588239075472245,-0.18865090162667997,0.17713850095972283,-0.07138855701822067,0.16186336867207896,0.19867384376078334,0.09111651898600215
GCAGTTAGTAGGCATG-D2_NoStim,0.09396219499733505,-0.0628290858359879,-0.11964505510375645,0.09786087611492178,-0.02895485854703672,0.2112021203078509,0.14644869876434763,0.04951568673169149
GCAGTTATCCGATATG-D2_NoStim,0.2195136514310434,0.03419074089590168,-0.05523819908666816,0.2117796909913654,0.03603427136382287,0.341692950519783,0.22180954301216804,0.09586933345438986
GCAGTTATCTATCGCC-D2_NoStim,-0.026399052615076357,-0.08969240005811763,-0.16134414712060696,0.003022683950094418,-0.06714907814152227,-0.0542439832743824,0.006868658739012545,-0.05012895407197959
GCAGTTATCTTCGAGA-D2_NoStim,-0.08728001588360712,-0.07170433306969493,-0.6846765397043644,-0.005801852581965861,-0.2004329150140567,-0.03384242238888202,0.190848868637568,-0.06124486358675618
GCATACACACCAGGCT-D2_NoStim,0.054711777553801966,-0.07797970124006603,-0.20660630282047698,0.09534069440897852,0.010304382176189009,0.1404961127172859,0.11486450984588759,0.01193962031261897
GCATACACACGGATAG-D2_NoStim,0.14781282857386735,-0.026343245393332992,-0.14404174924602842,0.16797932438213614,-0.019579979773615364,0.2342725697569472,0.14634990410520254,0.0835517333138327
GCATGCGAGGACATTA-D2_NoStim,0.08376105637232811,-0.05508403143267415,-0.4760326454020518,0.1614831390274336,-0.01920611299460262,0.3741479492160149,0.18712698926461657,0.05597058209638561
GCATGCGGTGATGATA-D2_NoStim,0.019706895047603368,-0.05354037885113705,-0.12022786688068265,0.06957400321376106,-0.04826847166636661,0.14172355367534895,0.08794007619639954,0.0035469624654727028
GCATGTACACAGGCCT-D2_NoStim,0.05895446274045568,0.01856027575225916,-0.18379249984495516,0.08958994696733491,-0.02032044786494147,0.1765908748800804,0.004011183657841144,0.033951714458183346
GCATGTACAGTTCATG-D2_NoStim,0.10222596399877837,-0.027237608268627866,-0.4011268172147364,0.1668836951380026,0.04363929633349706,0.24575472413454058,0.1519579657097303,0.059237073199318147
GCCAAATTCGGTCTAA-D2_NoStim,0.06603659339183743,0.06221404547904186,-0.22463005486966736,-0.11531048282711254,-0.21227743602897675,0.07387298097753447,-0.5459845268508268,-0.12820967560736918
GCCTCTACACAGACAG-D2_NoStim,0.12169859702529351,0.05103400119577195,-0.02940399506422331,0.16187791941604068,0.0036657030499576138,0.13870501242251176,0.16348126389235418,0.0671692880898096
GCCTCTACAGGATCGA-D2_NoStim,0.10320650055286684,-0.07582267663507025,-0.39859817518119733,0.17021284650494017,-0.09326319921901138,0.2940821129914344,0.28280211609905326,0.08274259847656396
GCCTCTAGTCTCAACA-D2_NoStim,0.04201952678075038,-0.09905738108264472,0.038684049475289584,0.08772760310127126,0.08668706218169575,0.20054844929433724,0.2458668483603823,0.03634299240280825
GCGACCAGTAGAAAGG-D2_NoStim,0.13911647830036244,0.022624932543392262,0.04793698172804106,0.09913517268684657,-0.02338279322900405,0.20956825731211115,0.007173467452040505,0.056229892207403154
GCGACCAGTCTGCAAT-D2_NoStim,0.1950758001540258,0.11443455966727889,-0.1132848362137544,0.07556665145109953,-0.11780657861763544,0.15268718533238523,-0.302481787650799,0.055461560939027876
GCGAGAAAGACTAGAT-D2_NoStim,-0.02569501303512034,-0.03981816462732546,-0.07086161422456883,0.04301188991135163,0.060856977297156334,0.05353605456679933,0.2618962620381078,-0.03959534643346352
GCGCAACTCAAACAAG-D2_NoStim,0.11284679102065986,-0.0001796630983967873,-0.33939736928353526,0.16119619944517005,-0.0790677604412302,0.2947448826522061,0.1975578143956236,0.08329883549265915
GCGCAGTAGACTACAA-D2_NoStim,0.14352140568520255,-0.010190931271395698,-0.3094333447746038,0.1822750578401049,-0.1110570860176896,0.3262809350286373,-0.02361395202112604,0.07196670551335593
GCGCAGTCATTACGAC-D2_NoStim,0.2134154848506462,0.04190055249727642,-0.23568182011609728,0.21786331501200884,0.049931791654183044,0.30918646861217525,0.16814638959491557,0.10859099808448924
GCGCAGTTCCAAGTAC-D2_NoStim,0.024824802664422663,0.002941202464755932,0.05984638503819184,0.05141759184278705,0.10262298070205489,0.17172723351723018,0.03343382057842792,0.015453028050934847
GCGCCAAAGCAGCCTC-D2_NoStim,0.07539235881468365,-0.0059470620681292274,-0.286121143775798,0.10402034865871812,-0.03522630822239492,0.19787786435030874,0.17990740277144557,0.05465766513067827
GCGCGATAGCAACGGT-D2_NoStim,0.04371340005574886,-0.020584422119382495,-0.2502868453957685,0.05250241393776811,0.033431215482551124,0.258236296856742,0.03461222216947668,-0.05545259981709627
GCGCGATTCAATACCG-D2_NoStim,0.0753438572839702,-0.06562370347960922,-0.29677123952609996,0.13702783069492241,0.024944821867205036,0.29875435552251606,0.22035446160673056,0.04703241523780122
GCGGGTTAGCGTGTCC-D2_NoStim,0.03235964066206343,-0.09519240652738148,-0.24492417993948656,0.08221340681428302,0.0801003519141954,0.1464063945220193,0.11886563308846654,0.02081195477699893
GCGGGTTGTAGCTAAA-D2_NoStim,0.08889928727911567,-0.030537301700244157,-0.45077004496937967,0.16103814251309245,-0.1336483720651298,0.40508857536625076,0.22671561693144326,0.05407405841092583
GCGGGTTGTCGCATAT-D2_NoStim,0.09256522035377124,-0.10766169518056401,-0.35720984621804597,0.19389315474534996,0.11643240358088391,0.2729242602848947,0.3475126403847244,0.0574525409744755
GCTCCTAAGACTAGGC-D2_NoStim,0.044985806242017645,-0.02342819745253344,0.14114281266178175,0.04682418554188139,-0.0970844891610021,-0.0014102575159729014,0.05003031198763086,0.033747559893036794
GCTCCTAAGAGACTTA-D2_NoStim,0.027449572656548682,0.09050822544881498,-0.021630272528716965,-0.07232105548885137,-0.03622760357080246,0.06285670300803936,-0.8708695003169851,-0.059827588111653895
GCTCCTACACATCCGG-D2_NoStim,-0.14488480567844064,-0.10651482135681789,-1.3260617071653087,0.10704239771778035,-0.4265056381707737,0.09148401959781705,0.3700009089611296,-0.004428608604506223
GCTCCTAGTGACAAAT-D2_NoStim,0.03273349188457608,-0.09548194360064954,-0.4056681714465906,0.13889632571601318,-0.016696999290179093,0.3015917818839613,0.14356336053303664,0.03292702595304853
GCTCCTAGTGACGCCT-D2_NoStim,0.13925819367257652,0.018570436110882937,0.15602830287407166,0.1327344295795534,0.02521216362753087,0.2462333365205991,0.24217150822640665,0.10270402214619345
GCTCCTAGTGCCTGTG-D2_NoStim,0.14565110935844672,0.025316944922947116,-0.23096511935110087,0.2039643616818836,0.01198193423877747,0.2826629651458745,0.2586525069808827,0.08408101829544101
GCTCCTAGTTCTCATT-D2_NoStim,0.10409641172583939,-0.04310649520392218,-0.24063682623814842,0.1407866666958153,-0.026279496349179254,0.26791772547667936,0.11748848747867946,0.01358590832577633
GCTCCTATCGGCGCAT-D2_NoStim,0.0789950850059391,-0.04684937514979737,-0.10100446813019559,0.13092608544594242,-0.020846262797888926,0.2857421776528142,0.15626185409617355,0.06619520624793118
GCTCCTATCTTGTACT-D2_NoStim,0.11544754734282847,0.018963197788517405,-0.15991910194523307,-0.04139991527759257,-0.06688256271530513,0.022970761949639318,-0.4822506941798901,-0.052246980950164
GCTGCAGGTTTAGGAA-D2_NoStim,-0.005561355391495937,-0.005694537591441673,-0.2920763226469738,0.10137826223234114,0.07857630854967823,0.12479335306447226,0.39086269426341147,0.03193853293012516
GCTGCGACAGCTTCGG-D2_NoStim,0.1613723196831227,0.04263262555572567,-0.1857271947503527,0.16152984193646702,0.00940635471065221,0.21006978175384106,0.14429741685554198,0.06631645863444291
GCTGCGAGTCATATGC-D2_NoStim,0.0983507746119745,0.026397426291635995,-0.00829127606289859,0.033168561960819076,0.008266868097642543,0.15117594145807978,-0.32636346684732054,0.02287267102701307
GCTGCGATCTGAAAGA-D2_NoStim,0.10268094562611196,0.010026595400560723,0.0834546713358364,0.11193769021031308,0.05950296641501218,0.16592405308064073,0.1153651565020164,0.03180562071413284
GCTGCTTAGTTAGGTA-D2_NoStim,0.1013525520054479,-0.07659354331850743,-0.6492278897607431,0.18925994090655962,-0.2001292385159381,0.4549345793084649,0.34484126687535754,0.08960031451507966
GCTGGGTTCTGTCTAT-D2_NoStim,-0.07381861995181538,-0.015705639798529347,0.2826497673013524,0.03690524008004381,0.21257621021886308,0.08221635183798881,0.1528245349766557,-0.020994835001044265
GCTTCCAAGGGTATCG-D2_NoStim,0.11234462643809984,-0.038912619160202055,-0.297656176676929,0.17433379338532085,-0.05269948907766775,0.3215869533798541,0.19278937849015287,0.08578745547322697
GCTTCCAGTTGAGGTG-D2_NoStim,0.16234745137101925,0.03234627196205686,-0.15892698989581255,0.1336905770852077,0.027210253583543675,0.2962245361787321,-0.011491573674066835,0.04304887694084414
GCTTCCATCACCCGAG-D2_NoStim,0.07681909523067354,-0.009612831112681519,-0.5592955445484584,0.1118397590609792,-0.10004799067183967,0.2015296954362631,0.17262425620768784,-0.01986517494826323
GCTTGAAGTGACTCAT-D2_NoStim,0.07087140591253771,0.01382798683417441,-0.23593790228295397,0.13501463795209467,-0.004617255459258729,0.14942157977407078,0.14467827581818593,0.032895759696979
GCTTGAAGTGTAATGA-D2_NoStim,0.21438811644392253,0.057077043312494524,0.120356188107543,0.20925969990040905,0.16747434239479553,0.17596746970377275,0.46197771059144266,0.13814393599911767
GGAAAGCCAAGTTAAG-D2_NoStim,0.06721415397824515,-0.0067859316039680095,0.14276787427056092,0.08103321942530783,0.22613080315355916,0.2500081281517197,-0.032424035298780574,0.0008160972726614091
GGAAAGCCATTGGGCC-D2_NoStim,0.07164281956625196,-0.012441482439598417,-0.21309494240053617,0.0876912220039241,-0.07499407131476232,0.09717704732739385,0.029967405767975297,0.012642061312092778
GGAAAGCTCAGTTCGA-D2_NoStim,0.05123887463924426,-0.07680767632374419,-0.5369000429168693,0.1449591898151663,-0.08109950056832993,0.19198707515596602,0.14346550835215366,0.011655106368612778
GGAACTTAGAGCTGCA-D2_NoStim,-0.004827605603363594,-0.0044601072451460055,-0.35967267165314354,0.04360762342760083,0.04809582627104625,0.11611039408668056,0.11146923195185421,0.0024147614326928135
GGAACTTCACTACAGT-D2_NoStim,0.07806728468127844,-0.029537610899579292,-0.295505866268126,0.10823256735885245,-0.04238749993827895,0.25953201038381835,0.12687869410627828,0.032198967778320764
GGAACTTGTACCGAGA-D2_NoStim,-0.023950493821637053,-0.06783685917710436,-0.5646875640496489,0.14892006319205997,0.06660814279249117,0.1320404359329661,0.24021584084631176,0.04683034785931284
GGAACTTGTGCAGGTA-D2_NoStim,0.01115451127755307,-0.0734067284519817,-0.30323736582347394,0.13636045800283014,-0.07098307236568502,0.30922636159985295,0.15473975785643113,0.027958382962635753
GGAACTTGTTCGTTGA-D2_NoStim,0.06835378584774432,-0.03254011422923675,-0.23889684491887664,0.06978368135593982,0.061427674258414555,0.15821462332557257,0.12034190985439253,0.016399257992128824
GGAATAACATCGTCGG-D2_NoStim,0.027476893654867496,-0.04551942443253587,-0.04976782417142189,0.1346966942007235,0.011327464985688707,0.21063847852177986,0.2734287823900097,0.0453278138895179
GGACATTTCATAACCG-D2_NoStim,0.020002901246128246,0.01756711470548389,0.1127382697195074,0.15164303905491927,-0.12518480815940336,0.1177137639348711,0.3212877082946539,0.0481140558192692
GGACGTCAGTCAAGGC-D2_NoStim,0.2034697822149365,0.030611289737189296,-0.06991287921933953,0.15329256058294405,-0.05484322548146281,0.18128294934456868,0.12373562697971874,0.08885097370763972
GGACGTCCAAGCGAGT-D2_NoStim,0.10101705695227281,-0.030741017295367712,-0.08995202965493831,0.08722764858764087,0.09990258478209313,0.2552948485250939,-0.01001334554799449,0.009596501060419982
GGACGTCCACTGTCGG-D2_NoStim,0.1793138313070557,0.025246242566893784,-0.3236480928881935,0.18113299765657764,-0.022640307966460327,0.2373620671882133,0.1037984622025947,0.09679477943365278
GGACGTCTCGCATGGC-D2_NoStim,-0.006971887388747433,-0.0319830336226854,0.07285372039623184,0.04799749413466792,0.10217199439422764,0.20704694272655289,0.025717889063559873,0.027606344090273183
GGAGCAAAGAGAACAG-D2_NoStim,0.1009858687473173,-0.012144100324581686,-0.44393954589174633,0.1974173740280296,-0.05609697464987384,0.3801540409117088,0.5257055249802098,0.06187629620582946
GGAGCAAAGATGTCGG-D2_NoStim,0.03970636973794939,0.02269943746337688,0.2646969907139738,0.10632419685351735,-0.02176556645625638,0.06566232405843131,0.26812059812774525,0.05098854920032814
GGAGCAAGTCGACTGC-D2_NoStim,0.04359468483279727,-0.06478531010320054,-0.3068102620605213,0.12473166100216204,-0.03620102458242336,0.2796282545904436,0.26912996494748676,0.04758402830129249
GGAGCAATCACAGTAC-D2_NoStim,0.12868414135549777,-0.04977867010991943,-0.3946745496639572,0.18841841338953635,-0.09558532092261451,0.4181642620243622,0.3462718587607636,0.08917716339116666
GGATGTTCAAGTTAAG-D2_NoStim,0.09396550176676399,-0.13586125569447027,-0.6064932132044909,0.23944324119651128,-0.12278514613080915,0.49688693689480434,0.5828905688697388,0.09338410948543441
GGATTACCATTCGACA-D2_NoStim,0.20195838113067666,0.038208871015397605,0.05290484496868331,0.20191163487239194,0.06108226892145474,0.2974363047392785,0.18314588319499148,0.07387460085320541
GGCAATTGTTACGCGC-D2_NoStim,0.09917795724362577,0.03715270944047511,-0.20728535557724648,0.15766524662566894,-0.027585762650975454,0.21026313001708807,0.06579209213388193,0.05216644618445798
GGCCGATCAGCTCGCA-D2_NoStim,0.1072094423408938,0.026627228415740944,-0.1907683718368549,0.09947788439914262,0.02019231040189773,0.21999597295890982,-0.38589570634231674,0.03508562890206335
GGCGTGTAGACTAAGT-D2_NoStim,0.05242434898272741,-0.07464761919729845,-0.06555408169396237,0.15619621228026048,0.03788921669623413,0.25988871814256775,0.2935282727861588,0.09222353928963223
GGCGTGTAGTGTCTCA-D2_NoStim,0.01874600708030627,-0.02452637745767383,-0.07556665592364453,0.16969779766034954,0.09559175564670497,0.19189202345184775,0.3457567634464507,0.0764053418474191
GGCTCGAGTGAAATCA-D2_NoStim,0.14968785121257433,-0.03685615061848857,-0.04247085914715498,0.18122813548046324,-0.02413049951707613,0.307708866071966,0.26913540290315385,0.09456649466665468
GGCTCGAGTGTATGGG-D2_NoStim,0.10023701142782748,0.0357525826544407,0.07718626835136355,0.06413498090479841,-0.049291844767230586,0.1296284590852821,0.05078861404063062,0.07704165259327667
GGCTGGTAGAGACTAT-D2_NoStim,0.05170993753048592,-0.030880390541863534,-0.4092181566121269,0.14565320086001599,0.00642930545558329,0.13403379469250076,0.2892561932872324,0.049697430853587576
GGCTGGTTCACAAACC-D2_NoStim,0.08594510532160093,-0.03899935473142335,-0.5970608040968362,0.31591387553039674,-0.06215020328663989,0.35861930619271387,0.4253105025037138,0.08775278110864804
GGGACCTGTTACGTCA-D2_NoStim,0.1418329624479231,-0.07954663209163648,-0.397902068292435,0.2311746912484658,-0.03861849237471304,0.4321126015343877,0.41593666335406887,0.08616566579317819
GGGACCTTCACAACGT-D2_NoStim,0.041662784449428614,-0.04816274567638601,-0.27977853928533314,0.092677205951329,-0.12141704247794571,0.23490114212043256,0.13067430629039034,0.010505030387806258
GGGAGATCAAGGTGTG-D2_NoStim,0.13175581903809785,-0.00021513877804579806,-0.42656505746361084,0.22402194133619524,0.017360629777845915,0.3074516300102257,0.21914345102351618,0.07639771497120584
GGGAGATGTGGGTCAA-D2_NoStim,0.05648576733383237,-0.11212415609757365,-0.09994394362013814,0.1711072499316053,-0.030498957683231964,0.31080953784623055,0.2871878456530661,0.0689831931498972
GGGAGATGTTTAGCTG-D2_NoStim,0.07590272409597354,-0.014629914442664926,0.06088779393740218,0.0883505537572713,0.09882731909715226,0.2224486140443247,-0.029330556761355098,0.03858925367476829
GGGATGATCGGTGTTA-D2_NoStim,0.00042320453997035656,-0.17253478360824914,-0.7293569560185666,0.16552225402340248,0.16253160030580105,0.4374672070561445,0.2768272113793926,0.013188218318282097
GGGCACTTCAAAGTAG-D2_NoStim,-0.05310561499775801,-0.029315249165108526,-0.16278947153021228,0.042931681946747347,0.30689605133423115,0.148473350032039,0.15551317085549954,-0.005419973564546154
GGGCATCTCATAACCG-D2_NoStim,-0.031848588186816684,-0.08363810183815445,-0.8484385494161586,0.15287381630661478,0.03760658401025374,0.3316499692577999,0.36237870416100204,0.05271284504387985
GGGTTGCAGTACCGGA-D2_NoStim,0.16710581156399762,0.005995856151962187,-0.41155749776563866,0.22634778921072218,-0.0015167692000286337,0.33722761977602556,0.1954409055391193,0.09120308533930732
GGGTTGCGTCAAACTC-D2_NoStim,0.1752390205113432,0.0691694168524073,-0.08596793406794845,0.18318014050281484,-0.018564860779809678,0.22357218849937066,0.1394485767316307,0.10764014801911337
GGGTTGCTCGCGGATC-D2_NoStim,0.061957379309287575,-0.10237450708893014,-0.17373067090993644,0.12230168460786217,-0.06683765422566879,0.2441241539428871,0.10341036648638458,0.011456499111121232
GGTATTGAGCCGCCTA-D2_NoStim,-0.008292807497884525,-0.0529603780740846,-0.5571606668593905,0.14811362834182695,0.01623810501605938,0.22092353722751668,0.3246518606985225,0.03875534059963215
GGTGCGTTCGCCAGCA-D2_NoStim,0.13415520653407143,-0.011383174986965727,-0.20889920681761787,0.18322065285017786,-0.009379244828158662,0.2866262468377343,0.18564437281311763,0.06586527780758367
GGTGTTAAGTTAGCGG-D2_NoStim,0.15453587845497907,-0.09781634940303796,-0.6198499797630941,0.1876098367538681,-0.06607212438092347,0.38672157585568634,0.22815615411426826,0.07866614641304004
GTAACGTCAACTGCTA-D2_NoStim,-0.05558648648227482,-0.10215343292556156,-0.08861112522175674,0.06248494161454232,-0.01576053133111799,0.13508946423622348,0.2883950791013117,-0.02342119053480829
GTAACTGTCCCATTAT-D2_NoStim,0.09259649221726107,0.11631442422365446,-0.34374547935532007,-0.2094965065838963,-0.2665416207525624,0.11489324414637103,-1.4293343814729962,-0.19420063171836865
GTAACTGTCGGATGGA-D2_NoStim,-0.06409574644944804,-0.018770480456407057,-0.08440376124575266,0.05505120363300797,0.026292345707613407,0.12530808619661293,0.16786059329402603,-0.02948789244005212
GTAACTGTCGGTCCGA-D2_NoStim,0.12842546509597064,-0.028452186955039593,-0.07336264710956542,0.175784136757013,-0.02522180203899005,0.31965695866047295,0.33982086445423754,0.07020661169326914
GTACGTAAGCTTATCG-D2_NoStim,0.03671286139192986,-0.027436611210625017,-0.26200354522110736,0.12629213765526437,0.21464991999673977,0.2549957192585044,0.34199759702864885,0.04746716809381901
GTACGTACACAGGTTT-D2_NoStim,0.013234873658914736,-0.03326096236877696,-0.37048718541601566,0.0681369632698896,-0.0676061564302195,0.07523485507689376,-0.12230633356530962,-0.013546159433060367
GTACGTACATAGGATA-D2_NoStim,0.012502409880148946,-0.08628580974626843,-0.1819808622724466,0.06948405043775274,0.07016888882816374,0.26285760989463824,0.1169419868205619,-0.05080028963337746
GTACTCCCATCACCCT-D2_NoStim,0.029942900471501943,-0.025670884902316615,0.047877224579565336,0.026433240795288526,-0.025211546430384146,0.053094156590312025,-0.03911891551661917,0.02218981002152276
GTACTTTAGGCCGAAT-D2_NoStim,0.05342581128975077,-0.08025954362117638,-0.3751811959723863,0.17203812583274747,0.024065210523462,0.3422822551173903,0.3454078788756756,0.06241372850990601
GTACTTTCAAACAACA-D2_NoStim,0.08493167516322053,0.009012506729566994,-0.07014465299069705,0.08963553670843893,-0.1999794321736026,0.12109052503890361,0.17909961791722306,0.06112938709625837
GTACTTTTCCTATGTT-D2_NoStim,0.05717267947217941,-0.06195566256073626,-0.15561821064119385,0.16085071799328432,0.09023938256068575,0.29652646348337264,0.33687217037503725,0.06491585845871306
GTAGGCCAGACACTAA-D2_NoStim,0.050013854119079326,-0.07499051524123246,-0.15334182328297885,0.12225518516022937,-0.11989288179254665,0.13458151558054787,0.22487029616323628,0.07081049283279484
GTAGGCCAGTTCCACA-D2_NoStim,0.08298105563623359,-0.024594320645988432,0.03630376148845471,0.09447098504241325,0.06775635594923379,0.22500088367217685,0.03300937946065696,0.04091000696187663
GTAGGCCCACATCCGG-D2_NoStim,0.023147486968321473,-0.019550698771690023,-0.47279883339506057,0.09687227880292149,-0.14976158249433524,0.14362133498866658,0.06688921288150151,-0.025002028540438204
GTAGGCCGTGCCTGGT-D2_NoStim,0.04831256806760642,-0.08231594585807755,-0.19020004247295752,0.1639797061163879,-0.20743793750891903,0.32609770195900634,0.20198582063407233,0.0615340594132725
GTAGTCACAGGGATTG-D2_NoStim,0.11822578668648376,-0.05114024372075754,-0.4744168596851708,0.25679709314524857,0.017349422899721745,0.40703168814684076,0.5711399584717984,0.09596824300878026
GTAGTCAGTGCAACTT-D2_NoStim,0.07677489525636183,-0.01884115366379646,-0.2512105333271304,0.14830994929637775,-0.01596164056505245,0.32266085765077435,0.24641054277892183,0.04963231726788919
GTCAAGTGTGCATCTA-D2_NoStim,0.07645875782069211,-0.015815539309260274,-0.20654245515077996,0.14661591045042321,-0.03389106798824315,0.2698434536108163,0.17357094059455935,0.034092915529816636
GTCACAACAGCTGTGC-D2_NoStim,-0.018323717150121155,-0.019658001797720814,-0.48904437820158186,0.0650788777818061,-0.10418638605814223,0.13691734225108032,0.09097281859521766,-0.012273110278831822
GTCACGGGTAGGGTAC-D2_NoStim,0.09748565669160847,-0.08494522063765864,-0.14595564366857694,0.19547041336966942,-0.061087262051408686,0.3772337088989559,0.46247228241929594,0.06582964687052062
GTCACGGGTGTTGGGA-D2_NoStim,0.16238127318218254,0.008045357500051864,-0.2538763466536622,0.19112979948082298,0.03490442093761814,0.29134587159546754,0.16434590102074775,0.0664470035861413
GTCACGGTCCAATGGT-D2_NoStim,0.13897953729995471,-0.044521692160374826,-0.4472983520204217,0.22880131977988682,-0.038495931131537375,0.4192300998574092,0.25915903967546505,0.09182402709264359
GTCATTTAGACTTGAA-D2_NoStim,0.11726985503012699,0.03364642617702529,-0.12421622795641696,0.11843026301467141,0.012414663417281702,0.23434725323777883,0.06845010734338253,0.0237731713813627
GTCATTTAGGATTCGG-D2_NoStim,0.04811882668445833,-0.01725389420335688,-0.412978080079867,-0.012905691148182186,-0.03778309375224431,0.17041028908918054,-0.31356088785671155,-0.09187097742834105
GTCATTTGTAAAGGAG-D2_NoStim,0.06528748506177884,-0.11489959812708861,-0.3287155376333004,0.17799614153340393,-0.14376964086953237,0.3648549810714332,0.3552870194904578,0.05918888944876599
GTCCTCACATAGGATA-D2_NoStim,0.03938523799193483,-0.015423551444648353,-0.5557236273874562,0.19431948453456194,-0.1574404586849898,0.15059943346076743,0.35730495081998903,0.032566506359426484
GTCCTCAGTTTAAGCC-D2_NoStim,-0.05255821273487982,-0.003224816006733633,-0.44243023167864237,0.05385622212043373,-0.1079294245337632,0.14610839247917973,0.042064733583008884,-0.030110349229275357
GTCGTAAAGAGTCTGG-D2_NoStim,0.0783785296010091,-0.023215142222358764,-0.4554281550448227,0.144610481534313,-0.05557679509274216,0.30082490820366026,0.13402648655827454,0.055109121847328524
GTCGTAAAGTACGTAA-D2_NoStim,0.10872939736932352,-0.02789293414600813,-0.32535427658367944,0.1729701461566826,-0.03115642833247456,0.24479879657002002,0.16597994597122767,0.044394782851268744
GTCTCGTAGAGAGCTC-D2_NoStim,0.1445658920086199,-0.11625216894830004,-0.3547246449388375,0.1529606638088108,-0.014590085141588105,0.3393222201528987,0.2857901035581718,0.07794930016173218
GTCTCGTCATGTTGAC-D2_NoStim,0.04528496225266743,-0.04374392410488426,-0.3576275536237574,0.17663443175375804,-0.06603399969465507,0.28844415743178153,0.32363921138294227,0.048993298621565984
GTCTTCGCAAGCCGTC-D2_NoStim,0.11933369470705912,-0.0012475651024299594,-0.3005643236873041,0.20971988361681504,-0.05097563094851054,0.2617744148746999,0.15231099586118546,0.07647606454201927
GTGAAGGCAGCTTAAC-D2_NoStim,0.1125098297267364,0.00036375690384460313,-0.13316988772847438,0.16004368445690176,0.011642089357515317,0.19332331948948323,0.23306044896348954,0.057424685316775026
GTGAAGGCATCTATGG-D2_NoStim,0.03424856412435773,0.0192346374461696,-0.19536464543555,0.07242946078996049,-0.024830922692272495,0.11192080260842552,0.053466890459078265,0.03291679416071602
GTGCATAAGGATATAC-D2_NoStim,-0.06125968661031678,-0.0018749425393185248,-0.08929992081422267,-0.004191380491697316,-0.14109290740917402,0.08268246935750412,-0.04486847665629945,0.0194320143652984
GTGCATATCGCTTGTC-D2_NoStim,0.05808477609411611,0.05489659015276693,-0.028904790450097195,-0.12783880480434462,-0.007316409177226646,0.018033979146837353,-0.7858239287356312,-0.058303930133330795
GTGCTTCAGCGTGTCC-D2_NoStim,0.013168074458530299,0.06081655027132271,0.17602264295635273,0.11859341464848683,-0.007811326916954187,0.010134441098440305,0.2615119512649242,0.0331501543889825
GTGGGTCCATCCGTGG-D2_NoStim,0.03882602387041878,-0.05087938338293618,-0.21782942186133702,0.1539927697865089,-0.11330186293803735,0.2608393877540536,0.17338277849334816,0.05756478447413471
GTGTGCGCATAGGATA-D2_NoStim,0.07255092346721526,-0.0033484274828978755,-0.14334413582523986,0.1253152894954468,-0.07201199506466871,0.18133491507827504,0.1317113477521792,0.017161276596029396
GTGTGCGCATGCCTAA-D2_NoStim,0.16879582712319774,-0.041811499770147975,-0.3515013538816145,0.21851182384316026,-0.013340905160367456,0.3500631786911983,0.24078762229785156,0.07273251519384338
GTGTGCGGTAGAGGAA-D2_NoStim,0.03612192124616165,-0.09244966617549544,-0.27064133589789563,0.09529669974381072,0.04269643976806847,0.23679386474159703,0.2931327288669534,0.013886827791415257
GTGTTAGCAGATAATG-D2_NoStim,0.1498788510964406,-0.0048521362582931715,-0.16164444996519833,0.12865224537978648,-0.056420482032763175,0.19591000489611066,0.08072448485977013,0.05427318799157632
GTTACAGCATCGGTTA-D2_NoStim,0.16219038378277872,-0.004395422817729866,-0.18541594574874054,0.19351460107292873,0.056199845920748004,0.25889382042035614,0.1848565629678669,0.08061825837503633
GTTACAGGTCGCGTGT-D2_NoStim,0.10063715799122797,-0.09301739170035361,-0.10090759412813277,0.07641881823796481,0.07594886643983045,0.30234545575046745,0.1884529973893625,0.04009430195103825
GTTACAGTCACGCGGT-D2_NoStim,0.02732652353217624,-0.015021996619090316,-0.1904406801090044,0.08642738288740048,0.1002577877887294,0.18037534428190227,0.19247321174073884,0.008821061256339746
GTTACAGTCCTTTCTC-D2_NoStim,0.045885132406537465,-0.06550343760973831,-0.22707577985002025,0.10114306189227307,-0.03589733366728787,0.2029784795227334,0.0921432241232969,0.015138232195155865
GTTCATTAGCAGACTG-D2_NoStim,0.028188401019422216,0.013738733040126405,0.21588619706960088,0.024638383335854996,-0.01752111933729772,-0.026142156774637826,0.048839775002548436,0.02713194254574347
GTTCATTAGCTGAAAT-D2_NoStim,0.18266178767698626,0.054712990568688724,-0.2984468408730123,0.1899170638930041,0.008882645954214397,0.28970352218853446,-0.22898553575116143,0.07602025152678138
GTTCATTAGTGTTTGC-D2_NoStim,0.10821322934658184,0.04061486624745747,0.15508327523546583,0.11751789545289171,-0.10643920585094335,0.06859907822742528,0.2015988137447775,0.062172334852879985
GTTCATTTCTGGCGTG-D2_NoStim,0.010320584144364986,0.029802418493572347,0.05563209862139118,0.12046406592479642,-0.3344614330727129,0.0480938790394525,-0.1009108961941525,0.07464483623821394
GTTCGGGTCCGTACAA-D2_NoStim,0.04015684949772158,-0.0757781620625142,-0.2380467403629467,0.1663186435985775,-0.16755436142841162,0.37212458432055406,0.3574999762496862,0.06879386769471907
GTTCTCGCAAGTTAAG-D2_NoStim,0.07398063817584699,-0.026132404211333338,-0.21579226469752655,0.1327470586664976,-0.0443764146843133,0.07036220175350394,0.3227997278314261,0.04817400342096256
GTTCTCGCAGAGCCAA-D2_NoStim,0.21025786644635502,0.10097884322867401,0.08197839944248742,0.056724103285199945,-0.0626555068482908,0.050146935346029764,-0.2410680532786662,0.0527619041110956
GTTCTCGCATAAAGGT-D2_NoStim,0.027033212670854567,-0.0832702325490029,-0.23255582455016643,0.08918843693691336,-0.16280105784812093,0.20146629876831135,0.11137508016775666,0.014680248057210576
GTTCTCGCATGACATC-D2_NoStim,0.044237088033604266,-0.03679922933212332,-0.17849975340923763,0.10816378837507656,-0.08836929045112285,0.18219572616158697,0.10332995183465998,-0.0013818090499011504
GTTTCTAGTCCGAACC-D2_NoStim,0.0015512658448137984,-0.06942465736794468,-0.7674688090838551,0.23368797572999256,-0.1403522385333975,0.36481625147300356,0.42942267969628656,0.054052678624975314
GTTTCTAGTCTCTTTA-D2_NoStim,-0.06600112279847004,-0.16057359846053032,-0.300068957360077,0.1041962975305264,0.1343737815908046,0.18876771000746917,0.32993131357275374,0.00597793346157971
GTTTCTAGTTAAGACA-D2_NoStim,0.08370429101366206,-0.022777059926500698,-0.48414637672328453,0.09018816172970467,-0.24480762117785027,0.15735413938223441,0.013466951639134361,0.04255888101230276
TAAACCGCAATCACAC-D2_NoStim,0.06261402361992374,-0.008771541199077859,-0.0908191650027117,0.10671472016310446,-0.02923841047265796,0.19526137741814775,0.0684882122907906,0.019908321264590967
TAAGAGAAGCCCAGCT-D2_NoStim,0.06962537529341084,-0.02566653066301683,0.02943293704506189,0.05631600961170591,0.04695587153336689,0.1333945037313331,-0.02473123111954223,0.05599502034042381
TAAGAGAAGTTGAGAT-D2_NoStim,0.08161671232472756,-0.04033413438842537,0.09092080953601211,0.14363624127053498,0.06966324480378105,0.2354651979258131,0.2492883062714446,0.05026782642825012
TAAGCGTAGACAGGCT-D2_NoStim,0.11558709229935715,-0.04747776106440682,-0.42595657897535943,0.16460070641986313,-0.03859172693295854,0.2796941502827446,0.15681474059070588,0.03894456319003936
TAAGCGTTCTTAACCT-D2_NoStim,0.0713995701877348,-0.07763552755563019,-0.3589190954045378,0.168533008807076,-0.09657045038143686,0.34962934050326666,0.18495095875779466,0.05812639325341884
TAAGTGCAGTCCATAC-D2_NoStim,0.07908417294793502,-0.026130121204619883,-0.674739917198707,0.13709268182614665,-0.1656910820896762,0.095616011166757,0.20044646842537528,0.03397066779839619
TAAGTGCCACGAAACG-D2_NoStim,0.16847131708829366,0.011701935087105042,-0.461156731874123,0.2245123330300416,-0.07757069743677114,0.3305487687074713,0.25502801751625004,0.0928315173009242
TAAGTGCGTCAGAATA-D2_NoStim,0.10628151003190744,-0.013163552321007188,-0.3619565823430051,0.17891890364987617,-0.0901578322075558,0.32005008917348476,0.20529916751233124,0.0690593579133747
TAAGTGCTCTGGGCCA-D2_NoStim,0.13298125808610806,-0.04071306830086385,-0.40517174422575764,0.16281494481555114,-0.061382754962616914,0.3638005706142744,0.3228189384229694,0.06441778473960191
TACACGAAGTTTGCGT-D2_NoStim,0.15718293554197516,-0.004016705513020469,-0.12430356179246083,0.11286911931036947,0.026667692288414813,0.3178721193611125,0.0035287970382889,0.0674611815102768
TACACGACATATGGTC-D2_NoStim,0.019651767284369015,-0.04858697276048218,-0.29561623005829674,0.0543062251031774,-0.04166448187123706,0.10152724935449786,0.04681964690011453,-0.019883655000398903
TACAGTGGTCTTCGTC-D2_NoStim,0.1330606731787114,-0.04838857311744782,-0.31188974824641313,0.20580794074063213,0.0115228350514478,0.3140299215345763,0.1977055564490815,0.07537024592789088
TACCTTAGTCTAAACC-D2_NoStim,0.05238697892390931,-0.049338044252625224,-0.3154696084688542,0.14825206448857564,-0.04757447840593976,0.3788368583666575,0.26732851155851645,0.05335881450513469
TACGGATCAGTAGAGC-D2_NoStim,0.14803236427230004,0.09083793656654748,-0.07719648223366882,0.09214455102035224,-0.0798999934090201,0.14675990305353448,0.00652187276263394,0.024941533506222413
TACGGATTCCTCTAGC-D2_NoStim,0.1181328239481303,0.0023474378460726086,-0.3063918851847163,0.1294886853636008,-0.017557747908947263,0.3248558334891074,0.24868979985665307,0.07562402215042319
TACGGGCTCGTGACAT-D2_NoStim,0.11963890093153395,0.008700753536842853,-0.2495824492951062,0.13410767095867193,-0.017694729529113218,0.2960156460149488,0.1313104177269997,0.05590608567704969
TACGGGCTCTGTCAAG-D2_NoStim,0.13229986981009212,-0.014520242872851696,-0.09890615527235092,0.14307915740746857,0.0612901494116862,0.2768694525699562,0.2856945846144283,0.02398321071481746
TACGGTAAGAGTAAGG-D2_NoStim,0.06631552875323088,-0.020589409049556195,-0.1668816927950587,0.14472756888511462,-0.03861635229089977,0.16195792299413458,0.10541931594246412,0.03996539183610004
TACGGTAAGGGCTTGA-D2_NoStim,-0.019681045771060113,-0.07599456648332215,-0.16632415411954504,0.049456255448474096,-0.051310832307180476,0.2025903079626019,0.0939081830096784,0.020814950286444756
TACGGTAGTTATTCTC-D2_NoStim,0.007204275287657325,-0.08359243885080758,-0.29077901217334023,0.09676098819063661,0.07449327527274008,0.2881938733250218,0.14858236365842847,0.0028991982723294285
TACGGTAGTTCTCATT-D2_NoStim,0.0522319130572626,-0.04475303208865178,-0.6674303610925971,0.16536023678135336,-0.25451425850046405,0.1450008574375472,0.3717235120850084,0.025085954796162824
TACTCATCAAACTGCT-D2_NoStim,0.14192500381439288,-0.053355633381393375,-0.2319046837436538,0.17277517174121648,-0.052123267303299414,0.3690806095419754,0.22731643929111467,0.08475320329880276
TACTCATTCGGTTAAC-D2_NoStim,0.16998519653818533,0.0011170946515211,-0.11645585365192979,0.16194700608434864,-0.07087306333934862,0.3018301922415203,0.060141955120317725,0.06161241764690217
TACTCGCCAGACGTAG-D2_NoStim,0.12001315167529114,-0.05189570024992385,-0.7356046962860479,0.19703075805427162,-0.15658864730522382,0.40666729745343577,0.28312505041850633,0.06817157411232344
TACTCGCGTCCTAGCG-D2_NoStim,0.07063869283584445,-0.006529704915561041,0.053028142799664835,0.045757245291637716,-0.02090876348902526,0.08890682887273726,0.08436520649575652,0.061979865166437165
TACTCGCGTCTTGATG-D2_NoStim,0.11797448857943849,-0.009996040470134915,-0.24273390704211018,0.15392671330936558,0.034501466128938674,0.3694030726514761,0.22261629166621244,0.06802431790192642
TACTTACTCGTGGTCG-D2_NoStim,0.14489575886952366,-0.11550456705566958,-0.3394339560031234,0.18446880496431817,-0.032716606470513554,0.4395494134651461,0.33959457794326076,0.0757150367795294
TACTTGTAGATATACG-D2_NoStim,-0.0897746532089041,0.027760210913678307,0.10577979365163515,-0.07359012260866038,0.006579153964491269,0.10715609017957917,-0.3386170114059768,-0.03195285178696139
TACTTGTCAACTGCTA-D2_NoStim,0.09093926014739395,0.044483239752603154,-0.17108347049314965,0.07840941856410844,-0.11905167436057518,0.11854614833037669,-0.08382419113887529,0.005621993731448782
TACTTGTGTCCTCCAT-D2_NoStim,0.011477661196089173,0.007426981308514158,-0.006432990208960376,0.07116095433311642,0.047234029975019354,0.04069884453021366,0.17451566054495338,0.02800421530606556
TAGACCAGTCTAAAGA-D2_NoStim,0.10720701419413636,-0.001266664636904835,-0.42249626666329476,0.22444243019787358,-0.03885658406489334,0.30850677199846377,0.32386043864448233,0.050194016296060795
TAGAGCTCAGCGAACA-D2_NoStim,0.0594409088953185,-0.04424210779311366,-0.5494882441231503,0.15629922647664252,-0.11048748982187995,0.18257782042282678,0.14201226218230367,0.008735557991279563
TAGAGCTCAGTATAAG-D2_NoStim,0.09500121435265818,-0.016414887873882122,-0.3637957240561782,0.16335257072523746,-0.053573718329442244,0.24788359774850832,0.23801931921771757,0.0377708385317721
TAGAGCTGTTTCGCTC-D2_NoStim,0.0580504605876726,-0.05885137021296849,-0.22785438408631364,0.12551117490153807,-0.08271852036652483,0.21001718201004405,0.0864935852878097,0.0037054178943751737
TAGCCGGAGTGCGATG-D2_NoStim,0.10501435818459548,-0.028369321000141667,-0.6048445155018758,0.11732012352172205,-0.18147823381231198,0.16444356422841722,0.09103916108080412,0.030091875116832867
TAGCCGGGTCAGCTAT-D2_NoStim,-0.04815453967325034,-0.03229324757340457,-0.4477250361634848,0.025202532970956426,-0.06794017412492792,0.106154344198508,0.10255084067889353,-0.03178115778571389
TAGCCGGGTCGACTAT-D2_NoStim,0.09669754377998174,-0.048159864517408835,0.28904201314365885,0.04055459884939516,0.0469424575496884,0.11470025127553818,0.08790818428689828,0.05950102487769371
TAGGCATAGAAGGCCT-D2_NoStim,0.12246155464585051,-0.06852701126162408,-0.09798426787692804,0.15277866619083014,-0.027867676433338318,0.288567386501847,0.26362531924493826,0.07817764557271545
TAGGCATAGACTGTAA-D2_NoStim,0.1502380761810702,-0.01038156789027056,-0.16397587626926047,0.191299374857266,-0.005264634265870427,0.2789500340174804,0.1843507263407087,0.055033165394087646
TAGGCATCACTTCGAA-D2_NoStim,0.08363041180274422,-0.0004186446863947424,-0.49231233779921624,0.18946058120098286,-0.0957427011508507,0.16697337116959066,0.18108236333310312,0.04674499319980896
TAGGCATCATTTGCTT-D2_NoStim,0.1128692570573282,-0.011490850152430454,-0.3911719006388701,0.18725580834034616,0.02015684044344468,0.29377515214456196,0.17789471084069897,0.06752009838083062
TAGGCATTCAATACCG-D2_NoStim,0.07035884850473906,-0.01092591708333046,-0.7056415796048494,0.1519149941437412,-0.2500758716843574,0.19614354295380743,0.1691924162067071,0.03803473782924982
TAGTGGTTCCCTCAGT-D2_NoStim,0.004555696235842177,-0.06569565151014523,-0.5216151156140789,0.2037451192055233,-0.10596936922078726,0.2416322777062332,0.40414052577030457,0.02998661061634955
TAGTTGGAGTGTCCAT-D2_NoStim,0.05646916308652905,-0.10637468700115527,-0.6207536446835462,0.18926100211059627,0.12667019941109992,0.42927662073205575,0.32363846466668855,0.05822251610125484
TAGTTGGGTAGCTCCG-D2_NoStim,0.0318966351421448,-0.039789321140430545,-0.04870153732712268,0.025353870959277103,-0.03135006577500832,0.17162758855179572,-0.03618312208534036,-0.030928542912640467
TATCTCAGTACACCGC-D2_NoStim,0.10975438527955639,-0.026656869768009628,-0.12373332406372306,0.19404381150974714,0.020218944391233507,0.27301587664639637,0.31857902355675716,0.07093609225048958
TATCTCATCAGTGCAT-D2_NoStim,0.0027248700587705343,-0.057685520030862136,-0.6485184258425658,0.12482127786567077,-0.15100089708175268,0.1974776483885181,0.1170045042375536,-0.0014327822142323754
TATCTCATCGGAGCAA-D2_NoStim,-0.008729159863651859,-0.07349111283183873,-0.23169689437012586,0.11631933192689559,0.23080887911314818,0.21110524082029158,0.19218720346670715,0.025079788718711526
TATGCCCCAAGCGATG-D2_NoStim,0.05777999438718062,0.007534782741799972,-0.412385031449249,0.09189701987557441,-0.15878387780270664,0.09986021374951903,0.05438840947595436,0.01317810402154862
TATTACCCAACACCTA-D2_NoStim,0.06551748031676397,-0.03890567604823403,-0.38874334353588047,0.17146823151914603,-0.1170738225858976,0.3631131086732582,0.44654501348611575,0.05290723690985821
TATTACCGTGCGAAAC-D2_NoStim,-0.028283623776772515,-0.07385898650168521,-1.1802271633520345,0.14210018516127576,-0.31528251265726404,0.14509346039129323,0.24750604306540724,0.005648062064638637
TATTACCTCCGTTGTC-D2_NoStim,0.15593921873913352,0.003861787735838007,-0.3191403954504253,0.2166849087572693,-0.0012362340531115734,0.2792749613714074,0.20731845190233233,0.08257340568551186
TCAACGAAGTGGTCCC-D2_NoStim,-0.1467178797065234,-0.015177612407507368,0.12648767184236576,-0.2502876059133001,0.28235942282334037,-0.051615371684025746,-0.4362315066468456,-0.13712324396767883
TCAATCTTCGCTGATA-D2_NoStim,0.0005913339418484043,-0.052349208460221064,-0.06604391335720905,0.0808590361478263,0.048439831529009325,0.1045739616100434,0.13260210423870689,0.0035302498313516395
TCACAAGGTGATGTCT-D2_NoStim,0.08798000712245724,-0.08178890789848836,-0.2699338382710472,0.2056942049064716,0.059429689683708986,0.3397463448069651,0.31827795854282304,0.08412631436500284
TCACAAGGTTACAGAA-D2_NoStim,0.1209043977974158,0.0007527283097630288,-0.2988435467606916,0.2009529233145546,0.041217163212053265,0.370680717822359,0.37024111217063416,0.07457952219441566
TCAGATGAGCTGGAAC-D2_NoStim,0.1157202227748666,-0.0033136243425211376,-0.31316462394400624,0.1809120532042403,0.013064070748217915,0.27653060345468017,0.3150274372968562,0.08615455910832104
TCAGATGGTACCGCTG-D2_NoStim,0.1736156841859735,-0.09552187838236215,-0.5288206752584248,0.2361206151116857,-0.085932452070006,0.42145559880157624,0.3514010131587728,0.09773242488077649
TCAGATGTCACCATAG-D2_NoStim,0.04324499459960052,-0.12797032960086518,-0.19095699113924702,0.09762685422143136,-0.05153452415533444,0.2593609262587533,0.1487601990827181,0.017115472318966596
TCAGCAAAGCCGATTT-D2_NoStim,0.06320736789214898,-0.07517912615397115,-0.19586745857579935,0.1425175581816127,-0.07253665353463212,0.3136887128877195,0.15111346699067818,0.03420513547531101
TCAGCTCAGAGCTGGT-D2_NoStim,-0.042663134197752584,-0.01334068180725545,-0.2457156467529238,0.033144509389975596,0.07094859013645483,0.11115739514644574,0.33189334003756166,0.007974986616515523
TCAGCTCGTACAGTGG-D2_NoStim,0.211161199328199,0.014517345405787196,-0.3493485648031971,0.216533921957625,0.018090775679633353,0.3197226884832052,0.2107381934035164,0.08772510335512074
TCAGCTCTCATTCACT-D2_NoStim,0.03487126481467584,-0.002850888466232604,-0.23916196718796812,0.06715156034641723,-0.10216614417775993,0.011485319507923641,-0.0029898864800208536,0.008227949351539365
TCAGGATGTCGCTTTC-D2_NoStim,0.11970995103868098,-0.03378468560076264,-0.27617894183057423,0.16088264656395346,-0.10963616597554093,0.2991953753911236,0.1440275564479112,0.06357517671418833
TCAGGATTCGTACGGC-D2_NoStim,0.05133386188463618,-0.04974094421860542,-0.23926520715179223,0.1355627525325236,-0.03259145817882825,0.22281086352386215,0.18569699831994724,0.029811580324951237
TCATTTGAGGATCGCA-D2_NoStim,0.06113840391348191,-0.012220897179842538,0.12209468895443187,0.05989912616329285,-0.08353596375657801,0.06483522162155886,0.12830205270156902,0.06043828145566721
TCATTTGAGGTTACCT-D2_NoStim,0.13293238305338484,-0.02803616663255326,-0.2654049339491884,0.14529634885576748,-0.008774027744566482,0.2552048478673763,0.04101449742335195,0.02987397464136876
TCATTTGAGTCCTCCT-D2_NoStim,-0.029046033646164204,-0.062001612809089224,-0.9754792909852448,0.1050799001459044,-0.3062616405369667,0.16703497533640643,0.15566963356037933,-0.012829477076351736
TCATTTGCAGGGTACA-D2_NoStim,0.09128663196971942,-0.01273870410688005,-0.33056439811513627,0.1914005947746027,-0.041310508823798386,0.21550095704522843,0.03731464502888926,0.05342010350000059
TCATTTGCATCTCCCA-D2_NoStim,0.1354881027593393,0.03213522536558422,0.09043950897284248,0.12763894947054766,0.09165142592048525,0.18958515395181674,0.09533549126060237,0.06343953292731719
TCCACACGTCTAGCGC-D2_NoStim,0.16943512073519607,0.008230151381875217,-0.15836139330267507,0.17158821879958452,0.022580585102563333,0.2320799498127757,0.1676403638321613,0.05087836769970089
TCCACACTCATCGATG-D2_NoStim,0.13271098722977293,0.016147166984888273,-0.4827151100916911,0.1293518484916607,-0.15761691922852705,0.18488751346108767,0.07876218325592799,0.0413165620615743
TCCCGATCACCGATAT-D2_NoStim,0.12426476427190103,-0.07443931317282981,-0.25607932094618135,0.11754594404696839,0.07130258824983926,0.41113889642478973,0.2425075092294553,0.05637096949351417
TCCCGATGTGGTACAG-D2_NoStim,-0.06766134261427403,0.009244146564952871,0.15683478873208934,0.03231557005606689,0.03471995771158731,0.028805035156455716,0.06925460801993744,-0.03121941815503071
TCGAGGCAGTAGCGGT-D2_NoStim,0.0707537865236354,-0.06842028367084829,-0.31504057952328957,0.16518868345927018,0.018583351547993843,0.3903786878850397,0.23548695871278147,0.07699293415197417
TCGAGGCCAGATGGCA-D2_NoStim,0.057362974633402786,-0.03083021553973886,-0.27893399456640466,0.14811555730127068,-0.11009255220690761,0.2524257514764141,0.1485507932537664,0.020128190074268915
TCGAGGCTCGGATGGA-D2_NoStim,0.14014498900086636,-0.11877947998715932,-0.5203386659285183,0.21558200990210885,0.11345242137868539,0.5417387859402298,0.36012203049953184,0.09109883784243067
TCGCGAGAGTGTACCT-D2_NoStim,0.06967116934545636,0.08389527698555277,0.1538487314716992,0.032810310782702246,0.010057412184233172,0.06408887872411739,-0.08332540995347415,0.04442390878388025
TCGCGTTCAATCTGCA-D2_NoStim,0.08222077825945817,-0.034361878712656946,-0.20057875163604777,0.07648574718937695,-0.06721603430449896,0.06781069263967332,0.17386068588585335,0.03849170669308677
TCGCGTTTCCAAGTAC-D2_NoStim,0.0602627573526231,-0.06763314896035766,-0.33121716833165493,0.14655912582719388,0.038812501542640376,0.27896758940663435,0.14240426458391653,0.03634439683286672
TCGGGACCAACACGCC-D2_NoStim,0.05143403821863579,-0.06680636530574624,-0.18073976249603696,0.12131254899327715,-0.01875947248700882,0.2672510438167155,0.13088630599091022,0.03500546132246107
TCGGGACCACGGTAGA-D2_NoStim,0.09365750301384779,0.014727840166095518,-0.09525572654621328,0.010457068958983129,0.009992487857516608,0.18711651635917903,-0.4635016518492243,-0.0032160731317922853
TCGGGACTCCTTGCCA-D2_NoStim,0.07336403785926038,-0.05886801583864276,-0.3250170666139205,0.15703971469783262,0.08986998999937335,0.39185321201173284,0.278890256013411,0.051550013974532405
TCGGTAACACATGACT-D2_NoStim,0.04650276179410717,-0.05595748780787346,-0.6394360442712514,0.18747934305570269,-0.16254605665645805,0.41782793476053914,0.25368883681462595,0.05644156477852924
TCGGTAATCAGTTGAC-D2_NoStim,0.08958346311468723,0.003951182550929744,-0.43563936195428,0.18192454259971136,-0.043458786857700105,0.2587680724001684,0.184614211975628,0.06629604278288603
TCGTACCCATAGAAAC-D2_NoStim,0.00969357765279355,-0.13642363117785727,-0.7425021077418492,0.13622517023525837,0.038545623644262506,0.46292434797065596,0.33948291988387425,0.04471650710956254
TCTATTGAGAGGTACC-D2_NoStim,0.19578436320296433,-0.006068034051898152,-0.10391660965087368,0.1873653053036879,0.04714300967308205,0.3619009898502972,0.15072437470086886,0.08470376269570146
TCTCATACAACTGCGC-D2_NoStim,0.05760396705955628,0.04596441852134525,-0.16343155931318698,0.13838887402811118,-0.006622273593768213,0.11240807769575856,0.19927639209806713,0.06529917071434
TCTGAGACAGTACACT-D2_NoStim,0.032829831953318234,0.029607313035681315,-0.23083919445101309,0.04559884786262991,-0.07296959771738365,0.08039173550874867,0.01950933700080526,0.015371356610652143
TCTTCGGAGGCAAAGA-D2_NoStim,0.15767909142546266,0.007379721718461241,-0.036920783603028084,0.1646282589643011,0.08031508463231596,0.30383815347441345,0.2901519124220626,0.03259636856381931
TCTTCGGCATGTCCTC-D2_NoStim,-0.032614173904120136,-0.09241464413068456,-0.16615478919530702,0.016833636377155514,-0.006203063846298207,0.0647147693485941,-0.043540980025813525,-0.07134972844085574
TCTTCGGTCTTCGGTC-D2_NoStim,0.06822539897663837,-0.03234488511139055,-0.07010266231037399,0.1314086372929335,0.032541680667328876,0.22149232876997615,0.21607610218676987,0.045581473235737135
TGAAAGACACAACGCC-D2_NoStim,0.03695527015370814,-0.004592809979467205,-0.07511232916715826,0.1304208654068688,0.01850924746945104,0.18988780308865572,0.24760234299868733,0.044597329191351065
TGAAAGACAGCTGCAC-D2_NoStim,0.16322765103593007,0.054489666337504516,-0.06464874575429214,0.05758550631037451,-0.0705461711475106,0.17081598300234724,-0.2864703457229245,0.002026104941368345
TGAAAGACAGGCGATA-D2_NoStim,0.04563637019001554,-0.04097023907171149,-0.13545332743972693,0.10124285910094777,0.05944463161093161,0.27501533221074936,0.2823427438608195,0.02610539435176662
TGACAACCAGTTCATG-D2_NoStim,0.023053434266376627,-0.03991575704731609,-0.027925952135099408,0.001316727960391617,-0.014267336204634162,0.16416076018416792,-0.0034746814752848465,0.015107649990943273
TGACGGCAGCCAGTTT-D2_NoStim,-0.08181098470970838,-0.08865304046973321,-0.9893684447000695,0.048096627862584285,-0.44456887580773063,0.09339276202111257,0.11173299444228002,-0.026890857245614797
TGACTAGAGATCGATA-D2_NoStim,0.06549910734628206,-0.019860242930194616,-0.2094740633883596,0.1880827408881025,-0.13737160374155089,0.16013576634768434,-0.046559233803315614,0.05284795228590333
TGACTAGGTAGGGTAC-D2_NoStim,0.06459130394233803,-0.07516092317577971,-0.3840262087052597,0.11985121648152308,-0.09393584128925347,0.2342782331087685,0.18478215113791752,0.02187843322354155
TGACTTTGTATTCTCT-D2_NoStim,-0.08802485749103894,-0.06661330913370733,-0.7126439947799668,0.08750156938751985,-0.3931178983902246,0.16644620332469184,0.13945728200289054,-0.009805845498302546
TGAGCATAGGACATTA-D2_NoStim,-0.02174728946431692,-0.022450725464473464,0.07825438382715433,0.017994975383910372,0.13238287259947157,0.08327359742545326,0.03733621932219933,-0.0188433187520598
TGAGCATAGGGTATCG-D2_NoStim,0.09843194789260146,-0.02131487164126078,-0.5088173876538189,0.17583519068177367,-0.1098660804296081,0.37682786025774284,0.2491056870011903,0.06771249501875154
TGAGCCGCATTGGCGC-D2_NoStim,0.07765508939882615,-0.057592076780903056,-0.3779370912707716,0.05331454805190994,-0.10411429116488868,0.10720083088038201,0.15125117171012015,0.07342359645618934
TGAGCCGGTAGAAGGA-D2_NoStim,0.177648607223043,0.011241116503606818,-0.35221409246744884,0.19270180839189877,-0.0019280082204549132,0.30140445542579464,0.12031647618081376,0.08595212263616503
TGAGCCGTCAGCAACT-D2_NoStim,0.005487240881306477,-0.019985246545040525,0.23474689039702135,0.09854156262463576,0.010725725813138354,0.05850848344933013,0.20522345368887507,0.013815585252181961
TGAGGGAGTTATGTGC-D2_NoStim,0.04578654669072435,-0.04850895588819881,-0.31914878817836545,0.12524717234332172,-0.10071026557192475,0.14979414975414862,0.14533426236599212,0.01470744641023991
TGATTTCTCCTTTCTC-D2_NoStim,-0.001120436840189143,0.023630094570092908,-0.04680573791936915,0.1283695207566673,-0.01759997006167069,0.08704928806696444,0.3996366302773193,0.03434613693421795
TGCCAAACACGACGAA-D2_NoStim,-0.00930222569114214,0.007590783470000417,-0.11877512267481549,0.11735854579289118,-0.14803125770352388,0.12161479640013262,0.004456299243382311,0.05743449400766565
TGCCCATCACATCCAA-D2_NoStim,0.13926045317446345,-0.0027907940553095756,-0.04736981240944438,0.17833437705577992,0.057634747189819535,0.32248546132832523,0.2945699381450595,0.093001722282132
TGCCCATGTCCCGACA-D2_NoStim,0.014518473802905163,0.06986653503217255,0.3253705391461388,0.07458721521006062,0.0430145259518504,0.052242609571292675,0.12990288995194454,0.04697079962341988
TGCCCTAAGACTAGAT-D2_NoStim,0.21646604365239952,0.04373166860058397,-0.043520473306562835,0.16582106095849625,-0.010030224030799673,0.2595277506591458,0.2125631541136226,0.09233183848800941
TGCCCTACAATCCAAC-D2_NoStim,0.14018349327855795,0.0005753937873205217,-0.45843387748587716,0.25087410739585714,-0.012131677696299192,0.335712414171768,0.24520038672559208,0.08005486142893048
TGCCCTAGTTATCACG-D2_NoStim,-0.09029197469829064,-0.05801212164968561,0.06569339715497868,0.02234471380845271,0.04046627332117225,0.26474178466982945,0.015591963387445062,0.005127582914528972
TGCGGGTCATCTGGTA-D2_NoStim,0.0856611173905577,-0.05751348179866511,-0.1526017277076992,0.13898358160555624,0.056740107065412104,0.20984810639682294,0.1870682213695143,0.04374720472003979
TGCTACCAGCTCAACT-D2_NoStim,0.15435068285216147,0.009594300477948181,-0.17400575906887816,0.19464810948666056,0.03379284734740651,0.2849970832504658,0.23591958616150865,0.0953600059198223
TGCTACCAGTGCGTGA-D2_NoStim,0.0789846834330401,0.0017388033964955696,0.012327848672500252,0.11016477919301515,0.04524128381432568,0.13711297592009508,0.12262699568403868,0.031187548927071873
TGCTACCCATGGGACA-D2_NoStim,0.02676266742245126,0.012902842158245775,0.16058596815651605,-0.021553826854924907,0.03389498161752691,0.15375288643207696,-0.11025602060579232,0.005544542927314211
TGCTACCTCAATAAGG-D2_NoStim,0.11230567066360564,-0.041162790077972744,-0.29333206756773755,0.18450195702761185,-0.0662022211834774,0.2842181265648289,0.19379602684603814,0.051581952742491666
TGCTGCTAGGTGCTTT-D2_NoStim,0.09096367521506465,-0.08796277820067644,-0.2666809618628516,0.1200836031237511,-0.10426205526096055,0.30332927847119784,0.22646954041692435,0.07360408529818585
TGCTGCTGTAGCGCAA-D2_NoStim,0.0973450765982129,-0.044836615368280874,-0.2380253303671136,0.11516376244045823,0.08614146821925495,0.32547233755153826,0.19554941612301224,0.03890898618055161
TGCTGCTGTCCGAAGA-D2_NoStim,0.28923281785282384,0.15927442855958418,0.032563667262863305,0.08289690794339499,-0.000591560018978754,0.0942490933977087,-0.575199937731278,0.05196606016177263
TGGACGCAGACAGGCT-D2_NoStim,0.04764766407608967,-0.13194041597860995,-0.6671615258243495,0.2193332450296115,-0.02435141324681034,0.45426288199468523,0.33392336029876724,0.03999301845524528
TGGACGCGTCTAGCGC-D2_NoStim,0.12933315478128016,-0.03278789169169016,-0.17539261971713316,0.18404010942512272,0.00799268181921775,0.2938531973241343,0.17546459177487383,0.07924092694296903
TGGACGCGTTAAGGGC-D2_NoStim,0.12241406145662559,0.059450575223875646,-0.06861186549327414,0.08758998031360221,0.05418963609199601,0.1409618802432897,-0.12894377568522764,0.05033424412046017
TGGACGCTCCCTCAGT-D2_NoStim,0.16436725677482933,-0.0837561857110316,-0.5897536728024306,0.2055315134635194,-0.11040069167727928,0.5114536062217603,0.3649498876419539,0.09568638255652573
TGGACGCTCTCACATT-D2_NoStim,0.011807438804474657,-0.12627927151782536,-0.3716877467904709,0.11144239489574659,0.11080160447733611,0.34472415543991985,0.2571184528291228,0.02410378988023787
TGGCCAGAGACAGGCT-D2_NoStim,0.020164683422716934,-0.04924922301455403,-0.8104546556801484,0.048451932438096534,-0.1720995386178945,0.0699141309411937,0.1705675847674173,-0.024265831639267432
TGGCCAGCATCTATGG-D2_NoStim,0.19638795672769938,0.076965583392548,-0.07105205124010361,0.14969890349014747,0.03783453584745544,0.19483782325945675,0.03614363512973995,0.07738291559779498
TGGCCAGTCCTGCCAT-D2_NoStim,-0.004559836280652263,0.05426973304223637,0.09882256301540338,0.03801330344554188,-0.06760613553428918,0.013992060352531865,0.001109854598002613,0.024405481883977842
TGGGCGTAGGGCTTGA-D2_NoStim,0.16455920433916305,-0.025437050422933538,-0.2847661129105834,0.2081443474179725,0.038217109923593284,0.30739067326873926,0.306701072320295,0.08562811305164253
TGGGCGTCACTAAGTC-D2_NoStim,0.09324071335238315,0.003330757275683993,-0.33119660393145445,0.12505329154262412,-0.003446693441484072,0.24811307038163832,0.057154569659766175,0.03796770615099199
TGGGCGTCAGCAGTTT-D2_NoStim,0.12109722724730787,-0.0022674211529576382,-0.4129865627231446,0.20847009154570095,0.008763010367697888,0.28844393133109403,0.23854736484521855,0.07401112216794026
TGGTTAGAGTTGTAGA-D2_NoStim,0.013064833700047629,-0.13397131346314595,-0.7019548464345196,0.1620027934933841,-0.23434556376210303,0.3484461156556531,0.36681379202355924,0.08492229782523708
TGGTTAGCAGACAAGC-D2_NoStim,0.05926799259326998,-0.057182855325487836,-0.5916471821711848,0.22591632049244126,-0.015763825849480995,0.3273033988265004,0.3786565708696932,0.06711576342290293
TGGTTCCTCGGAGCAA-D2_NoStim,0.1247065167713135,-0.03559650916844426,-0.1219659327308591,0.19105528229637336,-0.011066145115675496,0.24808449359405316,0.3788299077376278,0.11431044433434145
TGGTTCCTCTGCTGCT-D2_NoStim,0.02235053400184661,-0.08715877010412143,-0.35417554704444854,0.07816552848137803,-0.09359168556730602,0.20116359945638873,0.12351613941154627,0.008658611327705401
TGTATTCCAGTCACTA-D2_NoStim,0.1581445943282649,0.009378001873665553,-0.2688520066133311,0.21896999230714975,0.01731678462599362,0.3044512690873713,0.18816908954475053,0.0807776074885993
TGTATTCCATGTTGAC-D2_NoStim,0.017519268174261526,-0.1120121178210951,-0.47309885910924976,0.1713706095363765,0.13462028087044509,0.3741702533060485,0.6707352196530816,0.04208027113848445
TGTATTCGTGACAAAT-D2_NoStim,0.017538791044097835,-0.07095696650800498,-0.06620814304566736,0.09685138125032111,0.05671165753258833,0.3636031459917266,0.06432325488756518,0.015857420393111
TGTCCCAAGGGATGGG-D2_NoStim,0.06873578072084108,-0.09355822812982773,-0.30956909076070893,0.13509851624795743,-0.07472861109584272,0.2271777598662812,0.2249196782859042,0.03868485940179944
TGTCCCACAGCCTTGG-D2_NoStim,0.11786009294753619,0.024104799156841494,-0.035043007353856126,0.11350303187042421,-0.16385145832017756,0.06843445362914835,0.0856212953932749,0.05724068962293316
TGTCCCATCAGCAACT-D2_NoStim,-0.012067314007557783,-0.10790081477218472,-0.19248497673606302,0.06868013660577788,0.04764822150022319,0.18373365452659307,0.12986315108754498,0.004131966716549584
TGTCCCATCGCAGGCT-D2_NoStim,-0.03300142899209213,-0.114548133523515,-0.3316268252715382,0.15681060955002302,0.17465822093219252,0.28124642567036506,0.38826626683585497,0.034620410259945444
TGTGGTAAGAATGTTG-D2_NoStim,-0.030813286439475007,0.0006020916535849352,0.11837869737568596,0.06829053384493555,-0.0811692478438868,0.050435577951084554,0.1291400115985999,-0.010354747818077215
TGTGGTACACACCGCA-D2_NoStim,0.046740321333855306,-0.08430595954266451,-0.26902652884374767,0.145173936749039,0.07641170335789127,0.22207003876606635,0.29527903320416193,0.0771882492606828
TGTGGTACAGTGAGTG-D2_NoStim,0.006307561964648656,-0.10011069542840367,-0.22152488746147547,0.11011928149831185,-0.0964547637056512,0.15741009692071994,0.1065736690033976,0.006693989023842661
TGTGTTTCAGAGTGTG-D2_NoStim,0.07118996160811797,0.027585266424519972,0.01679368690643024,0.11013113486989745,-0.06052185203602001,0.16168975559263288,0.03264523999759206,0.12016437314411377
TGTTCCGGTTCAGGCC-D2_NoStim,0.13062108038593045,4.3561230853583766e-05,-0.18296364485391692,0.17382937198643056,0.0037537788366890368,0.27625406548505715,0.20000832273969937,0.053262771402474485
TTAACTCGTCTTGCGG-D2_NoStim,0.1467477576034959,-0.04661062773893576,-0.4197099202437595,0.2521692681773082,0.03410555626385303,0.29568168376161275,0.390359200165987,0.07531112663050621
TTAGGACCAGTAAGAT-D2_NoStim,0.03512861020904623,-0.05365950192407354,-0.44413521137909484,0.07288273612444307,0.04561109666110674,0.23160943523143374,0.1612304994689664,0.03125373218192529
TTAGGACTCGCACTCT-D2_NoStim,0.07915150930839943,-0.036373699123579684,-0.7794731450832959,0.1298597121744116,-0.24038414444892275,0.1792480115009747,0.17638497060345504,0.03327645094055143
TTAGTTCCAACACCCG-D2_NoStim,0.16350926424704504,-0.10252801554880975,-0.6746329826512021,0.23191990892383352,-0.12953917189155995,0.4914992121759525,0.3485624872743922,0.08872655541559027
TTAGTTCCATTAGCCA-D2_NoStim,0.04611727987308356,-0.08601422428184513,-0.740001817373944,0.28915584980412845,-0.07680767004309885,0.32482656504670704,0.5068512980200284,0.07272043849846099
TTAGTTCTCTTGCAAG-D2_NoStim,0.05166438098746262,-0.07601031264969649,-0.19531419235745773,0.11599452854257741,-0.1032094757930988,0.2401538650661843,0.10821741006384178,0.034841069658890333
TTCCCAGGTGAGTATA-D2_NoStim,0.0677608598534647,-0.028648465197784745,-0.021904055033155956,0.09226023475857303,-0.12712917152164138,0.21217751115589234,0.27120966254680345,0.04977221317761682
TTCCCAGTCGAACGGA-D2_NoStim,0.09967465785227603,-0.031360744761970594,0.051434379203350034,0.13599232086364843,0.002746084779445823,0.22266857999120937,0.10443447080224377,0.07071304222560748
TTCGAAGTCATGTAGC-D2_NoStim,0.06360537125829246,-0.09296960307086977,-0.7574871836225494,0.23909050228110296,-0.17131091386944775,0.47457545537798573,0.2918684927101034,0.05966535149657837
TTCGAAGTCGGCGCTA-D2_NoStim,-0.02761655552697384,-0.0774452754741386,0.11150447264410168,0.052481782015735945,-0.044556827035467705,0.13911711885245204,0.08543993457784271,0.013794392876299355
TTCTACACATTCCTGC-D2_NoStim,0.0077309073759277425,-0.048174618667095714,-0.22304359226961878,0.06965276568432976,-0.03255680505735903,0.12357567286313387,0.07720966253345729,5.085448836261719e-05
TTCTCAAAGAGTAATC-D2_NoStim,0.04350489129222623,-0.1252482353585176,-0.4996038769538558,0.20908632175419584,-0.009815575921869879,0.4571726138603305,0.36235936629990917,0.055720318840243976
TTCTCAATCCACGACG-D2_NoStim,0.159938913879218,0.09554888235008008,-0.05940562325653609,-0.017296831008138724,-0.12065073683620575,0.0039348174914861644,-1.147259295375978,-0.007401592226225162
TTCTCAATCCACGCAG-D2_NoStim,0.04515997508125302,-0.06328069748996157,-0.27628552810079476,0.1218502866991269,0.025189262756383002,0.33601076291443555,0.11569674346451508,0.020028692992411834
TTCTCCTGTAAGGGAA-D2_NoStim,0.08196601527320269,-0.034649851556302735,-0.43554243668668313,0.19301546958494775,-0.0728105431071544,0.16038498137621193,0.21140595549611962,0.040937518404073
TTGAACGCAGATCTGT-D2_NoStim,0.0407469404343459,-0.035646614503489715,-0.4120761662723922,-0.033579733646568855,-0.21321737678763597,0.18682938556269502,-0.5266260384131733,-0.0755435459540088
TTGAACGCATAGAAAC-D2_NoStim,0.05329582847253711,-0.03587377461107266,-0.2209906430238906,0.11937540094386101,-0.09614098193236842,0.20590225248797545,0.059831682085994764,0.01798359849406239
TTGAACGTCACGCGGT-D2_NoStim,0.13735671636834113,-0.0388868118473944,-0.48789586517016303,0.23561477517969287,-0.08501270722202214,0.40356078222772584,0.22759999012988663,0.08218918336016579
TTGAACGTCTTAACCT-D2_NoStim,0.011377558388710796,-0.03417994011316061,-0.24789985343585563,0.12713703772464768,-0.05361946210695834,0.28992311606564236,0.18397725698966472,0.023099097885136644
TTGACTTAGGCACATG-D2_NoStim,0.21654279008801502,0.07264029433079244,0.05412833894981084,0.18896690451274445,0.045102011567479394,0.2601259664302429,0.20510391697620678,0.10524507919734027
TTGCCGTCAGGGCATA-D2_NoStim,0.09994781450298795,-0.07430725082971179,-0.6146550227524017,0.2099077782341432,0.09225096100633401,0.4019835700282197,0.2990809948112614,0.08849774776453323
TTGCGTCTCCCTTGTG-D2_NoStim,0.11021250543219985,-0.012465440225756907,-0.37790555862478925,0.09873949990991804,-0.08027392153909751,0.1761918120518473,0.06713876350372683,0.01997799527290489
TTGCGTCTCTGCTGTC-D2_NoStim,0.015406877029882082,-0.027998808448586487,-0.09977816241419646,0.08404687274103217,-0.18897008491987854,0.15623824460053015,0.1432799262805764,0.03591520375390367
TTGGAACAGATGTGGC-D2_NoStim,0.046676375452838315,-0.06557356212807441,-0.2395831457080302,0.0929763215714754,-0.09395901874878021,0.17035314126909107,0.08749388900060184,0.010776989545064453
TTGGCAACAGTCTTCC-D2_NoStim,0.09924102842460236,0.014042482250573585,-0.15523514607944477,0.13941828445470605,0.05338428805849027,0.20381520306504708,0.18906788730609048,0.041498096703181275
TTGGCAATCTAAGCCA-D2_NoStim,0.05205815267323999,-0.053909924187866665,0.179819375858159,0.08590212988350387,0.14944630723898378,0.2573819716982655,0.25812371519266053,0.008465489073339327
TTGTAGGGTCTGGAGA-D2_NoStim,-0.003796554316032541,-0.0977705771596824,-0.188198708289379,0.09519595264204384,-0.07610179825413432,0.06522034342196381,0.2836280385975387,0.010504056229986958
TTTACTGCATAGACTC-D2_NoStim,0.09103541534515713,0.018793610971476582,-0.2546165429217666,0.06705544681559417,-0.16545040490370155,0.10270591287940434,0.02164096930945103,0.0242550747316308
TTTATGCAGTCCTCCT-D2_NoStim,0.034171599131783026,-0.07439702637418755,-0.5857349198365576,0.195673936660814,-0.14848154240801037,0.3384050312896907,0.29184431410529843,0.04897234727276256
TTTATGCGTTACTGAC-D2_NoStim,0.1570762411475819,0.005864903756094719,0.03139795881365259,0.1598608577848477,0.057716494799800344,0.29048330362220387,0.19036113778939345,0.08340536559555822
TTTATGCTCCGCATAA-D2_NoStim,0.11512417452559909,0.02683234715331473,-0.24476736808661492,0.1748616468334827,0.024823288386819797,0.21814516939979445,0.14598237745476883,0.05049121113152388
TTTGCGCAGAATTGTG-D2_NoStim,-0.06178755487316856,-0.02695410724402869,-0.4225792774359043,-0.041060011650266404,0.11026198498089634,-0.0017979846868030336,0.006618850665546017,-0.04016406646200288
TTTGCGCTCACGCGGT-D2_NoStim,0.026522295511103522,-0.057010499790131064,-0.609545544009471,0.12082336615712386,-0.10105270934369948,0.17651629278641767,0.054110354489398826,0.003539498812791919
TTTGTCAAGATAGGAG-D2_NoStim,0.20807620932526483,-0.008520483906153231,-0.24921504231910774,0.2043355545111627,0.04302427687652255,0.33626379040680465,0.001692722344647457,0.09604623072229757
TTTGTCACACATGTGT-D2_NoStim,0.08799433691846659,-0.06872896489777958,-0.21454011198785494,0.17792105882445064,-0.032863331205460256,0.37435495940246,0.28324212093254975,0.08441029814551548
TTTGTCAGTTCGCGAC-D2_NoStim,0.022025285735129074,-0.04650671957580066,-0.31832806166655025,0.13910995180366115,0.20605523331408548,0.22729244039638097,0.3022698379861284,0.044269855147838655
