cell_barcode,factor_1,factor_2,factor_3,factor_4,factor_5,factor_6,factor_7,factor_8
AAACGGGAGCTATGCT-D1_Stim,-0.10218258665327262,0.06321735069817613,-0.16842719664443173,0.1572293287487767,-0.07645299679561113,0.09735744744679131,0.42509030213382104,0.08979056342182012
AAACGGGCAAGACACG-D1_Stim,-0.050980613789956664,0.007250805061007171,-0.003550367289278711,0.050543113592627975,0.02446969684886291,0.02484191952711079,0.02286367066025008,0.01655481517813051
AAACGGGGTGATAAGT-D1_Stim,-0.09464273088693176,0.026315224590787167,-0.08429415619809344,0.10670388326359692,0.047297025008930405,0.09605573732834394,0.1208484795881013,0.09082480153067429
AAACGGGGTGCACCAC-D1_Stim,-0.07435728608775172,0.02511233838604454,-0.22995581636430984,0.13367702935979509,-0.00793881557423326,0.08829474556008599,0.0015925367045142025,0.05048379510641254
AAAGATGAGTACGCCC-D1_Stim,-0.11748770707425216,-0.057417492447290996,-0.11757491189286284,-0.04866308486324478,0.012221438044312194,-0.053607556130520706,-0.13804700836908523,-0.046490543096478376
AAAGATGGTTGGACCC-D1_Stim,-0.04475118198008943,0.0690180820511479,-0.06543978583334553,0.14502852764218765,-0.0160033537772577,0.21851484175969738,0.25829374864544796,0.07464734486738323
AAAGCAAAGAGCTATA-D1_Stim,0.029550352156681114,0.0639020485729418,0.05360425694237314,0.0803958302755099,0.1064695105454323,0.12424102954473071,-0.08769805983508228,0.06483642977081772
AAAGCAAAGGAGTTGC-D1_Stim,-0.13473211747783687,-0.02624036389934048,-0.0875250654793982,-0.005304780483886162,0.015329845886007831,-0.05554985086550168,-0.07345680124809917,-0.011633670155104525
AAAGCAAAGTACACCT-D1_Stim,-0.03077436055072802,0.07130876633223338,0.17520129989846112,0.06088024590789409,-0.12485687754872288,-0.08047380721414044,0.08018663466705256,0.04597788334935515
AAAGCAATCTATGTGG-D1_Stim,-0.18505014024218802,-0.08710306587711436,-0.27299631536893987,-0.06410327260692306,0.057685352245279375,-0.045157413913354816,-0.21277758220882248,-0.033170881246974204
AAATGCCCAGTCGATT-D1_Stim,-0.0925619854142532,0.004669685172402183,-0.08894656598902984,0.05880163733235655,-0.2766154282575446,-0.020016432566652753,0.11329635458030651,0.039728673017275895
AAATGCCGTCCGCTGA-D1_Stim,-0.08260638691812794,-0.038929197090279644,-0.03731071403118413,-0.05429763030499046,0.009489475868289077,-0.060062337187583026,-0.07889201344191932,-0.03103568996276529
AAATGCCGTTAGATGA-D1_Stim,-0.09361764058362354,0.09766911954769064,-0.21780607717233114,0.16119684579910576,-0.17021696621149296,0.11022134550993634,0.17328163893768256,0.09359594400995697
AACACGTAGTCCTCCT-D1_Stim,-0.17136179804952612,-0.08144307821961938,-0.21548358801162326,0.0183199766903428,0.036752604137639366,0.015533825904411103,0.21733328611944103,0.06100659926545404
AACACGTTCGAACGGA-D1_Stim,-0.04407464931281524,0.06147173167351205,0.18180387494331995,0.01037457054176727,0.10356134083742496,-0.1359221021965169,0.2851842415185164,-0.0005992688057325779
AACCATGAGACATAAC-D1_Stim,-0.14791629041387466,-0.0434080398945742,-0.22955126570453732,0.0258588054490847,0.0027515150137524813,0.02078161058169492,-0.08018635966468679,0.043058969455771035
AACCGCGAGGTAGCCA-D1_Stim,-0.019033968798453316,0.039751570941799486,0.05073929933470467,0.12648763863471935,0.13174307593037682,0.14990319727614576,0.16720984517504967,0.05855321239948097
AACCGCGCAATAGCGG-D1_Stim,-0.0683338000667657,0.07973110613811052,0.25565731043465156,-0.08833426870648786,0.08638018403575032,-0.1264247469454265,-0.06469603418439096,-0.05745458040286522
AACCGCGCAATGAATG-D1_Stim,-0.06215752936508956,0.03719792505429531,0.06674242289393284,0.018638841846533083,0.11357512622323007,0.06741398421161904,-0.0008585554009812313,0.044816305439963955
AACCGCGCAGCGATCC-D1_Stim,-0.13313221941423592,-0.04339006125984923,-0.0417387284475339,-0.0636726357431634,0.056501047889193856,-0.05609178808196624,-0.02418533820253188,-0.015952332687117377
AACCGCGCATAGACTC-D1_Stim,-0.15220454649114323,-0.12186981501234406,-0.20767183668996037,-0.04533708370986922,-0.05623561851271042,-0.14351107755388703,-0.11576612150054544,-0.07344975984853974
AACCGCGGTACACCGC-D1_Stim,-0.01344466623795526,-0.015619635140559751,0.01831984664841535,-0.05602470615880506,0.12274560699685289,-0.022452583041630447,-0.11702982672568396,-0.05748474055283026
AACCGCGGTTCTCATT-D1_Stim,-0.05653250918670061,0.025545683957602705,-0.04236921781076575,0.02960374321189896,0.011512847096739165,0.012814570427819305,-0.08652946821786145,0.014218093317232672
AACTCAGGTTTGGCGC-D1_Stim,-0.1254774090486297,0.006645452518830197,-0.17465789304029578,0.13058122648409665,-0.08261853815261588,0.10019600082032021,-0.021136353381809414,0.10553270031216577
AACTCTTCACTTACGA-D1_Stim,-0.1636695989804462,-0.048074295587566596,-0.18046220186415063,-0.022732837491155067,-0.055967748178387566,-0.03744399096869344,-0.16293111310401898,-0.04591001832188368
AACTCTTCATGGTCTA-D1_Stim,-0.06947864576039997,0.07041391349328485,-0.15676828066975368,0.12368150568399727,-0.09473540839839245,0.13616637368063778,0.28740545774900994,0.08066615613600625
AACTCTTGTCTAGTGT-D1_Stim,-0.0709477423481264,0.05918680478515448,-0.1354063367342011,0.12679003838754532,-0.14340706994872932,0.09166537871320557,0.16531957790695984,0.08833080348874489
AACTCTTGTGTGAATA-D1_Stim,-0.11460781469185122,-0.01940522443151238,-0.0372760966691601,0.03327132583425829,0.04872221278798783,-0.0165797338874345,-0.012065944415255103,0.04315916238529205
AACTGGTAGTGGACGT-D1_Stim,-0.023728502554716258,0.09031323124086832,0.27054594371147367,-0.09934086282240706,0.40587356235187144,-0.05339865810663724,-0.45266303004260955,-0.05379758789413103
AACTGGTCATCGGAAG-D1_Stim,-0.01374902465956751,0.04709268808624856,0.028610379860671387,0.12603036942245716,-0.0860149176192948,0.01522401883489799,0.29518751922306485,0.04864594974242742
AACTTTCCACTTAACG-D1_Stim,-0.18529254546836782,-0.06159871721807697,-0.0909781758612338,-0.027448762789541448,0.07251012052364914,-0.07476488709531282,-0.05084938607885903,0.018043879196396162
AACTTTCCATGCCACG-D1_Stim,0.028802675313485793,0.07727333454452356,0.09914690067421361,0.07540408671200538,0.11872049622346914,0.2235877130559647,-0.2475568456519781,0.07747042850369468
AACTTTCTCTGTTTGT-D1_Stim,-0.16513632409713352,-0.005457826067154059,-0.21870649410624132,0.1340492676593339,-0.1286823414094158,0.025249015546087605,0.5635049822469007,0.054546240136454927
AAGACCTCACTCTGTC-D1_Stim,-0.19068322941041238,-0.0035331007173571294,-0.12845845213796814,-0.014772451849752954,0.03434311855788508,-0.04183740556484494,-0.46763495709059555,0.00124814946236107
AAGCCGCCAGCCACCA-D1_Stim,0.007699932457361669,0.06710592910767232,-0.022031356604657937,0.047558800884724306,0.06838985909174156,0.09494869385131288,-0.04083104175663976,0.013513054899398469
AAGCCGCTCGGTTCGG-D1_Stim,-0.16427117909126387,-0.004133083478700783,-0.13616169329611338,0.05677714479325857,-0.02373964319036581,-0.0020571000106350823,0.37891641653460084,0.03978580990181868
AAGCCGCTCTCAACTT-D1_Stim,-0.13478673229469607,0.026543558649668952,-0.2317066540928181,0.16258382439914065,-0.1547014599477894,0.1066703443256074,0.4984234951627986,0.1031646378631681
AAGGAGCCAAGCCTAT-D1_Stim,-0.09850057751279628,-0.019153319871058727,-0.19663293784684122,0.14390237643814707,-0.08802287387770491,0.05608210673459091,0.42638723225259945,0.07783013243522952
AAGGAGCGTCGTCTTC-D1_Stim,-0.0707860294912308,0.04812932447034157,-0.013799435274371774,0.0681700189491945,0.10171273819930704,0.17268240614414765,-0.08909121377332951,0.07450472840699085
AAGGAGCGTTAAGATG-D1_Stim,-0.11839270588018103,0.032377093469388996,-0.21985308621677468,0.07253717777875757,-0.15188574502858287,0.05034213406766597,-0.2402323047173347,0.043718951488683544
AAGGTTCTCAACACTG-D1_Stim,-0.10060855685560988,-0.023943028980182746,-0.03895307614951449,-0.06308161536952639,0.06161842745863133,-0.04561363702181431,-0.12534651900981686,-0.020300360063188805
AAGGTTCTCCACGACG-D1_Stim,-0.06495889299762325,-0.009298484207217683,-0.015927518360936865,-0.07894923220793792,0.07775516079191469,-0.010032356952134336,-0.2678601145515245,-0.03654754237530966
AAGGTTCTCTACTATC-D1_Stim,-0.019971622201465422,0.10016657396736939,-0.0551679147629498,0.12298485802267223,0.11830588288012756,0.14139437827519252,0.10430968666148388,0.07423554980433344
AAGTCTGAGAGTGAGA-D1_Stim,-0.09742683131191221,-0.019619818604754258,0.01103127417616978,0.021836126837797565,0.08142111327092572,-0.012719343214055101,-0.04579185122632623,0.0037252030313332796
AAGTCTGAGCTGTCTA-D1_Stim,0.04105676018726356,0.01452846535760699,-0.0844137065583439,0.04796539051029747,-0.12984750211557206,0.015519540388392983,-0.06909614182699819,0.030791016137525773
AAGTCTGTCATGGTCA-D1_Stim,-0.05198336704331297,0.037929396034481755,-0.06756520810405231,-0.004169780731407613,0.037598408775581404,0.000641107762872295,-0.09825109743688643,0.01129211403655539
AAGTCTGTCTCGGACG-D1_Stim,0.10739870017594377,0.10790211042173503,0.06986733924131716,0.03948510388813631,0.06292965242428927,0.10718179243336579,-0.001359079103650629,0.04794153788635391
AATCCAGAGGCGATAC-D1_Stim,-0.18514681759226903,-0.013374583825022768,-0.18080195179935643,-0.027566515169406003,-0.12548554264238376,-0.04317565294364201,-0.36970877277436287,0.020027674355830527
AATCCAGGTGTGAAAT-D1_Stim,-0.07727298300330965,-0.028534709898268673,-0.040150687766539406,-0.08211718332996831,0.04823623373790831,-0.029465336947135157,-0.12644416815983917,-0.027219003441540934
AATCGGTCAGATGGCA-D1_Stim,-0.07777297811810335,-0.0028534321224658044,-0.10755966321484234,-0.0159147324520319,-0.029024417761329246,-0.0002229259487851465,-0.16866488372485122,0.009894788912118813
AATCGGTTCCTCATTA-D1_Stim,-0.25350916492863895,-0.13403754458106576,-0.5697296770925071,0.1740967251227623,-0.07899530408449529,0.18475815557309083,0.8974298104921772,0.04781736611989196
ACACCAACAAGTAATG-D1_Stim,-0.0020601183505242204,-0.006105429621422687,-0.14119159406999238,0.06446070903610135,-0.0387512913129715,0.034096168307241825,0.19476626470106773,0.029174591000050043
ACACCAAGTTGGTGGA-D1_Stim,0.15470437696105677,0.04108946778213962,-0.027458226283551213,0.1205396528723579,-0.1423171908876757,0.13791317923526059,0.231732383705479,0.09209616000725696
ACACCAATCTGGTGTA-D1_Stim,-0.1269281323323206,-0.03271252708681871,-0.16539624326513813,0.04847933070390731,-0.08004788739536295,0.044480797912962444,0.022122485072852527,0.05398413708657479
ACACCCTCAAGCGCTC-D1_Stim,-0.0531527595143757,-0.02252661341729123,-0.06446000319851919,-0.05642984065437773,0.018086517043043315,0.06227029018142005,-0.11649056760045795,-0.009588886990769652
ACACCCTCAGTGGGAT-D1_Stim,-0.21648391720916926,-0.005498335687633471,-0.325428711127449,0.16601329164662637,-0.22126000432672832,0.20895944142034928,0.6458854035940416,0.09784757117901322
ACACCGGAGAATAGGG-D1_Stim,0.022213011630583424,0.06507574482806433,0.028492947469723973,0.0633345426542622,0.10175107675429196,0.09547383238830953,0.039786410791821325,0.03906412077230392
ACACCGGAGGAACTGC-D1_Stim,-0.08264114905740882,0.0386213516926972,0.4048460485644565,-0.006816457849110336,0.36313863564104487,-0.1276264130377367,0.46055375289752654,-0.032250477924673504
ACACCGGAGGACACCA-D1_Stim,-0.08670437128300357,-0.022602478657047342,-0.055345782624412365,0.014919912336546659,0.016442100242977986,-0.004845315280862295,-0.030477066612128567,0.02649625953345236
ACACCGGTCAAGGTAA-D1_Stim,-0.10382635149000663,0.03839523719304161,0.03329472534374389,0.1053433962136694,0.0971565130830534,-0.061103154275473415,0.5844510571746113,0.018367195705474515
ACACTGAAGACGACGT-D1_Stim,-0.08058450953179985,-0.023708229771399303,-0.11970446131858115,-0.011631540357196712,0.07192571727378905,0.04859262587930502,-0.290926633221698,-0.012035491797876219
ACACTGAGTGTTTGGT-D1_Stim,-0.13189681372689677,0.009527943025766206,-0.10796048316580897,0.041997328477417994,0.013623993495528453,0.006214485654865598,-0.20657427752528434,0.05078174260326129
ACAGCCGAGATAGTCA-D1_Stim,0.0073563486145200585,0.0962602188095083,0.2682177271917521,0.08647176514450905,0.07160474659001181,0.020510842516287653,0.2637668669176563,0.026131236625785093
ACAGCCGAGTGGCACA-D1_Stim,0.015420761455754217,0.08131981536031319,0.03636530579402919,0.024585938391396667,0.11668736753357756,0.0753362415827894,-0.2060706558407439,0.0028318999320671168
ACAGCCGCATGGGAAC-D1_Stim,-0.07913594324397266,0.039690089768036785,-0.0517376766253399,0.07204131703625016,0.06584787450172414,0.12805639658241397,-0.07858599766158392,0.06935391442941174
ACAGCCGGTAAGAGGA-D1_Stim,-0.09804617578983077,0.04435746291518328,-0.10998235850030458,0.18025810559308297,-0.09402986239247291,-0.014924966194021394,0.4710814742695071,0.06344282441843241
ACAGCTAGTGTTTGGT-D1_Stim,-0.10912729428330259,0.010031600609888613,-0.11989416577599155,0.07134945019974381,-0.10855978692910462,0.014872075299784626,-0.07306899426494695,0.06240534052827762
ACAGCTATCCGGCACA-D1_Stim,-0.04914608202466475,0.0733406974116324,-0.18674192982882243,0.14498656646530428,-0.14864407427630688,0.1896408990324403,-0.10720522205751237,0.08751685836685574
ACAGCTATCTCCCTGA-D1_Stim,-0.08227198564954463,0.06146513384195096,0.057616343721218044,0.04142696835790893,0.12990759966041487,0.24029067977863683,-0.2589771111660042,0.05467808557717646
ACAGCTATCTTACCGC-D1_Stim,-0.11539848448255263,0.0006044054954674749,-0.26835102272340006,0.11804633670308995,-0.11161694708660974,0.03249779901228145,-0.19594544568796124,0.0930453005923475
ACATACGAGTTGCAGG-D1_Stim,-0.00948516128803334,0.054734408565757064,-0.10331154707234269,0.053226246116368614,0.06653455390958207,0.09170136991323119,-0.20549500298567125,0.06535491917469649
ACATACGCAGTGGGAT-D1_Stim,-0.18158795266643324,0.01415116903570457,-0.22720169245212674,0.2271033927940902,-0.20198760340891475,0.17257063829501185,0.4126903234234245,0.13151791635886312
ACATACGCATCACAAC-D1_Stim,-0.020484553351781898,0.04201699792715985,-0.07262575886410794,0.10359776571495694,-0.03599917555015786,0.07176400109664094,0.0688838088743875,0.05483060072791801
ACATACGCATTCTTAC-D1_Stim,-0.10826248563529717,0.0006610062569070152,-0.19492890209896974,0.013183210205907514,-0.09675756546775283,-0.002364437534401631,-0.13659421547067652,0.04360107193962115
ACATACGGTGCAGGTA-D1_Stim,-0.11996709509427816,0.033647389384272586,-0.12387739735696357,-0.008086908522354719,-0.03239054615455217,0.0380668383910443,-0.57722847856577,-0.035041083842267895
ACATACGTCTACGAGT-D1_Stim,-0.05976439750696727,-0.022763186846326278,-0.13276552761758076,0.01847288905867117,-0.23819368792204898,-0.005330657763858326,0.059811955249220006,-0.026809681426829712
ACATACGTCTGTTGAG-D1_Stim,0.0403680646115383,0.01919641593296184,-0.02982253646458055,0.035380600719676636,-0.0689303793370204,-0.022748927656826012,-0.03378857403273017,0.006420042981599039
ACATCAGAGGCTAGCA-D1_Stim,-0.012840604198659733,0.023903892773066815,0.014024317919545837,0.017064245566450253,-0.010150532077233265,5.21301908751326e-05,0.02234341824146746,-0.007154057016771631
ACATCAGCATGTAAGA-D1_Stim,-0.07630115753494593,0.0837830666460544,0.6074157490802143,0.08783091808741972,0.32885728458927943,-0.0919251620653565,0.645416857749634,0.04905686219558092
ACATGGTGTATAGTAG-D1_Stim,0.06388426298149597,0.01350392759132113,-0.01070629527896294,0.07677987134738018,0.04437892802362953,-0.04266774234547377,0.23536924240596413,0.03033898009556424
ACATGGTGTCGATTGT-D1_Stim,-0.12999433513629377,-0.03953642572818872,-0.03837817869386573,-0.0175766860840465,0.043036674098077654,-0.11726346969430246,0.0028578898262310304,-0.002014698144803262
ACATGGTTCGGTCTAA-D1_Stim,0.007713097149025572,0.03707629862728723,-0.18328063643491888,0.07620532168217764,-0.25939125869188295,-0.004773412852696168,-0.08956831745975258,0.062414632640440004
ACCCACTCACACAGAG-D1_Stim,-0.0045632075223789315,-0.025074523561276152,-0.010690343357470766,-0.09552042491574397,0.037115076744688835,0.0035761807553438274,-0.07410460116555484,-0.0597450040416696
ACCCACTCATGAACCT-D1_Stim,-0.09851889679783987,0.02165647337652743,-0.0850471267508297,-0.01392551427015043,0.006257630625754018,-0.0005445071200043117,-0.23541041036081012,0.0011755683940304351
ACCCACTTCACATACG-D1_Stim,-0.0688322885308299,0.07786325614265976,-0.09111453180637064,0.1240692893273625,-0.04049729344049524,0.06423166413736858,0.394352729912157,0.08553570858229698
ACCCACTTCACGAAGG-D1_Stim,-0.04665486571086319,0.05186212719678451,0.09160804281852641,0.04958005935710119,-0.20638894447484368,-0.07326825732556763,0.06179326468410373,0.03537687370077691
ACCGTAAAGGCTAGAC-D1_Stim,-0.11434280087687121,0.020854153211129045,-0.17107446158543116,0.1840867486886797,-0.14542714270227286,0.037299879687079596,0.42114091545799326,0.08516735412791654
ACCGTAATCGCATGAT-D1_Stim,-0.030829432005127444,-0.005237596007647838,0.016577800521491604,-0.05883703327145717,0.13111762838670948,-0.06820979156771045,-0.19120668874455404,-0.07043179820843193
ACCTTTACACACAGAG-D1_Stim,-0.1193535122552678,0.023133953101829974,-0.17520644667251695,0.05455141062413382,-0.1401885990643965,0.031162537920758737,-0.1606037819974997,0.04060536731512698
ACGAGCCCACATAACC-D1_Stim,-0.13480364844195947,-0.011773442094096254,-0.12706701884046723,0.07293187492377484,-0.10401573007754372,0.007846190678584719,0.28789227410339,0.048519068851613056
ACGAGCCTCCTTTCGG-D1_Stim,-0.05041177148859788,-0.025559284314246256,-0.015106194424505226,-0.07614778362033725,0.05438624848914131,-0.029557327589477822,-0.1901773332718868,-0.05934817865298214
ACGAGGAAGGGTTTCT-D1_Stim,-0.10215580087794685,-0.009659466077293288,0.016125709753780804,-0.013201672771135264,0.041888436342672364,-0.055025299440252695,-0.05156685828915286,0.01632420696122061
ACGAGGACACCTATCC-D1_Stim,-0.10188639203024508,-0.00495148222664632,-0.15224327355088096,-0.008329230966481305,0.04821601549151033,0.033878373252477445,-0.18933604838166218,0.036894608358716496
ACGAGGATCCAATGGT-D1_Stim,-0.09744017520544013,0.005710459283578828,-0.19623995631828173,0.07097315217655265,-0.10178441186721088,0.037481717652081414,-0.18015643261007597,0.0802151436086671
ACGATGTAGGTTACCT-D1_Stim,-0.20033177623238174,-0.021167996278082413,-0.282648843252022,0.07117438150975275,-0.187216492137674,0.05086065955735819,-0.26607688970092624,0.0735450968900011
ACGCAGCAGGGTTCCC-D1_Stim,-0.06035977697774264,0.09456334059215976,0.1924250023858569,-0.023493624346468067,0.04640618572020827,-0.10065424944284374,0.03586012611609579,-0.016352268386892632
ACGCAGCGTATTCTCT-D1_Stim,-0.1180557226753347,-0.01860047010879029,-0.033630625701290384,-0.029697995903113394,0.043936205590288324,0.009699536885763749,-0.2166143915851535,0.016502904444212874
ACGCAGCGTGCCTGCA-D1_Stim,-0.06940464755251163,0.03438050107138402,-0.05823581971408043,0.01602655013677534,0.05595485657432597,-0.00035925343689235945,0.09066810255984592,-0.021890652020076118
ACGCAGCTCGAACTGT-D1_Stim,-0.02548079575574569,-0.029032085005699315,0.03202494759525365,-0.10143433350462594,0.07188747096513559,-0.019613183831406644,-0.09030958340195383,-0.07903102014173768
ACGCCAGGTCAATGTC-D1_Stim,-0.04609931461095407,-0.03224287834912154,0.018780948205328052,-0.0515956690307906,0.005274167155205234,-0.02044446095334962,-0.20306655663771167,-0.03882064785188888
ACGCCAGGTCCAGTAT-D1_Stim,-0.027507624037271583,-0.041615495169303074,0.004516836332219221,-0.08630878635875128,0.055371221819598304,-0.007378592639112114,-0.1760053521280902,-0.060571928674800546
ACGGCCAAGAAACCTA-D1_Stim,-0.057121318583593705,-0.029649420635150747,-0.10786616517841363,-0.05752770128316165,-0.02072753049477427,-0.010163982869766386,-0.10577352775081295,-0.032739109741024564
ACGGGTCAGCGATGAC-D1_Stim,-0.0816597095381546,-0.015549825800066586,-0.07471758602543321,-0.045705441944374314,0.062412887229351455,-0.061710749191604464,-0.20753589144855766,-0.011158079909002083
ACGGGTCCATACTCTT-D1_Stim,-0.15233549458456963,-0.03242887925839533,-0.08905925944978144,-0.023213480284148602,0.02313403472352782,-0.11435313860050478,-0.08533051511578194,-0.018179497555603774
ACGGGTCGTCAACTGT-D1_Stim,-0.02807861612520135,0.03484693722984922,0.041855183616632985,0.060771164549739964,0.02954032878256818,0.12610700272890796,-0.008015572276978133,0.005444444953374372
ACTATCTCAACTGGCC-D1_Stim,-0.14454930889164608,-0.008220991290977864,-0.10627989604732413,0.09078577417846567,-0.16259131277394445,-0.04509170262544693,0.47751732890029963,0.02531132139642267
ACTATCTTCCATTCTA-D1_Stim,-0.048347389790023954,-0.022922857980830713,-0.03830672238338373,-0.071874113675781,0.023771088926588746,0.02698319331575405,-0.10541993416004303,-0.03746928548630457
ACTGAACCACCTGGTG-D1_Stim,-0.21109557465550388,-0.0348357845755185,-0.30235936825105103,0.08100521855185683,-0.13137125132447025,0.029180156838952698,-0.19510334534337304,0.07454878591406278
ACTGAACCATCATCCC-D1_Stim,-0.030946511884000216,-0.02996337999802101,-0.0347839812284958,-0.035200197463204574,0.03383562775695914,0.051868340353479425,-0.10759031301875766,-0.026104123081026387
ACTGAACGTAGAGCTG-D1_Stim,-0.09908232960950869,-0.016146453597697175,-0.0568019178087793,-0.10927204519679101,0.03577658476418577,-0.09932633245223066,-0.2763985404231235,-0.06621564207779151
ACTGAGTAGCCAGAAC-D1_Stim,-0.09863509389449554,-0.019296261544790028,-0.047713656615552935,-0.0014486358684759892,0.06944675106563913,-0.03150134933930282,-0.0713448578241227,0.030881917392798997
ACTGAGTAGGACACCA-D1_Stim,-0.019037728090516737,0.03525101909352024,0.010189464882012444,-0.029608629055310587,0.08157959686984917,0.026490575860631083,-0.18361511085944038,-0.0219610094423075
ACTGAGTAGGCTCTTA-D1_Stim,-0.03572516416554272,0.04544191007757803,0.1518575828858193,-0.04326772389291378,0.17547706266700125,-0.0038955241344424962,-0.2323985631006984,0.00965243122533721
ACTGCTCAGAGTGAGA-D1_Stim,0.1107225947993502,0.1443252841174889,0.08144078022057766,0.040920828308397716,0.15137441202530866,0.12571806855464018,-0.08153243066360716,0.0305386949164852
ACTGCTCAGCCCAACC-D1_Stim,-0.16494600676159799,-0.004335175897960397,-0.18814700224039527,0.09512715702638275,-0.2120910060251031,0.03595717546805233,0.2617237065049576,0.03857995359621569
ACTGCTCAGGATGCGT-D1_Stim,-0.007917081178844043,-0.006627207300057947,-0.030176421945222742,-0.07917471293154144,0.05414022222023185,0.014376545515704109,-0.10385702479850067,-0.022459063110888522
ACTTACTGTTACTGAC-D1_Stim,-0.138301194966564,-0.0025562770548432923,-0.23936264581162625,0.11396771298502628,-0.2176953162096087,0.04728124822470292,0.2853524301588184,0.04866841282557033
ACTTACTTCTTGCCGT-D1_Stim,-0.08588484661816231,0.014325904628426755,-0.07999881966348532,-0.021370802721586202,-0.021520174867765363,0.009565193987006282,-0.15485660619314956,0.009229194566188426
ACTTGTTAGTAGGTGC-D1_Stim,-0.05312816077887739,0.09282427815356797,-0.1504035918602833,0.060039351857293255,-0.014413754408222346,0.16969123614970272,-0.31536693371857183,0.04321384627077052
ACTTGTTAGTTGAGTA-D1_Stim,-0.07045259846620766,-0.006857910897098307,0.048905583792705265,-0.040248827960811084,0.10568063460803145,-0.010313415039911789,-0.10175674048125671,-0.04998722902859676
ACTTGTTCAATAGCGG-D1_Stim,-0.03952900854400454,0.04273358917145309,0.03338056293121561,0.024405410492626345,-0.22363463320926158,-0.005939456648363262,0.16082506145990827,0.005569828170546742
ACTTGTTCAGGTTTCA-D1_Stim,-0.03678685912907831,0.07146215187938587,0.12193465832721806,0.03424864428713903,-0.20141738836811207,-0.028822330277874286,0.20462746334104231,0.025893754260694735
ACTTGTTGTACTCTCC-D1_Stim,-0.05082063919657287,-0.020777256622906748,-0.06325405987935095,-0.05391792241439575,0.024144400014826317,-0.016040011942717314,-0.14325009002140376,-0.03341657120394004
ACTTGTTTCCGAAGAG-D1_Stim,-0.0886977644914122,-0.0032952218495889696,0.002533956796810344,-0.05440242692074193,0.042763229368530276,-0.09325909967869173,0.20392962147767513,-0.04220893358609601
ACTTGTTTCTCTGCTG-D1_Stim,-0.06389749952269952,0.05537425981571786,-0.05454146921935532,0.08007507452634677,0.036548167525834785,0.14502281292330998,0.13006930114183746,0.06226609274230732
ACTTTCAAGCTAGTGG-D1_Stim,-0.02174938121215142,-0.02839441001739651,-0.09858074828782115,-0.03249220533930064,0.15067863679162485,0.07909695341133904,-0.05314658225295332,0.0021333599230857203
ACTTTCACAAGTAGTA-D1_Stim,-0.13319219641925528,-0.020575405182567508,-0.1610968032006337,-0.13036700400959766,0.1557809853701997,-0.06517673227324039,-0.5355723854770975,-0.06764998860226257
ACTTTCAGTTACCAGT-D1_Stim,0.023012134836093878,0.053114959080943436,-0.23393818914314402,0.11919941228340925,-0.1582265687558273,0.12361319965697781,-0.13559449026896253,0.12028377400286949
ACTTTCATCACCACCT-D1_Stim,-0.11531909512411254,-0.04017441301369651,-0.14716695914287126,0.009898594765283875,0.06070241014207767,-0.02750606582375248,-0.1986720914992155,0.028395706147849253
ACTTTCATCATACGGT-D1_Stim,-0.17057953863553266,0.005175149482385066,-0.0159625228109892,-0.004886793455231242,-0.10831107897406334,-0.05639736140357421,-0.34839304223206113,-0.02139309525979982
ACTTTCATCCAAGTAC-D1_Stim,-0.16052713651421335,-0.026564836719245477,-0.19319255499231147,0.03197905604178253,-0.22333259394963356,-0.053520345733465646,-0.40206947366198165,0.015621981388015627
AGAATAGGTCCGTCAG-D1_Stim,-0.030200372908112172,0.023848353829682978,-0.09840163464038199,0.06518981173742766,-0.01240092270285409,0.06479963584962967,-0.014924192619528043,0.06998319574462819
AGACGTTCAAGCTGGA-D1_Stim,-0.08664245266097481,-0.040492012032379066,-0.17068354768202898,-0.045771271685840276,-0.004310006524367083,0.04769624402543826,-0.12471497448875368,-2.9930053333515616e-06
AGACGTTCAAGGACTG-D1_Stim,-0.06649254151346007,0.032986975093862725,-0.02047274185646142,0.021760295172960298,0.017757238667241992,0.039766702927185094,-0.1090002573772324,-0.00680211634779937
AGACGTTGTCAATGTC-D1_Stim,-0.1464940549762641,0.01997659078228864,-0.1113736696580494,-0.0007048317302906781,-0.020504233442231623,-0.05227919615595056,-0.2500753510382516,0.010486534999644803
AGAGCGACAAGAGTCG-D1_Stim,-0.0975715916137272,-0.008289342827813684,-0.03881377071884806,-0.03451301806921414,0.04586612877654517,0.012840357351015186,-0.23081506121728168,-0.041871146712328056
AGAGCGATCAAGCCTA-D1_Stim,-0.08977189776158312,0.003412039705267489,-0.2178482149178027,0.04430283013157066,-0.09634800073368943,-0.0034266031501477556,-0.1882871151039005,0.04912354481470338
AGAGCTTGTCTAGTCA-D1_Stim,0.027811251844505946,0.04055063177572116,0.024829866767874798,0.026696214597832224,0.0767424049807186,0.08042694422468877,-0.03587841263190583,0.01246886242436318
AGAGCTTGTTCAGACT-D1_Stim,-0.15454196559541877,-0.012453833435959183,-0.08760578370986938,0.053425532283871036,-0.022325135102258642,-0.13480667993844975,0.37737525540853945,-0.010784446685700999
AGAGCTTTCGGGAGTA-D1_Stim,-0.10733080887226265,0.019765542469393438,-0.16115612037474225,0.14991189343252032,-0.119112624336978,0.04850765979067795,0.3105403697790887,0.09754346252400303
AGAGTGGAGGTACTCT-D1_Stim,-0.029868870167971906,0.006002689517574211,0.06256771890239854,0.03417673361856366,0.14378700855911042,0.04246302166689908,-0.0038568761070081337,0.051537021480262624
AGAGTGGCAGTAAGCG-D1_Stim,-0.0498759647850715,0.04666524210458611,-0.1886211124111341,0.11282243749447574,-0.16599987215927747,0.15544462124666225,-0.00062463508773547,0.07073376816448729
AGAGTGGGTTAGAACA-D1_Stim,-0.12720470724469912,-0.01273316445855599,-0.02409171145735378,0.031316982056363685,-0.03128057841404264,0.11096656231102209,-0.23760065909797845,-0.0023002716198465833
AGATCTGAGTGGTCCC-D1_Stim,0.05589980075734147,0.06625993768210847,-0.03305724945260913,0.06988770524315413,0.04254939215660691,0.1708672181155908,0.13181340740465863,0.04375782391900529
AGATCTGCATGATCCA-D1_Stim,-0.0728425464791762,-0.04852443050222632,-0.015776794085457624,-0.1103617845018725,0.11480695381963812,-0.04227336024875861,-0.24586269179730635,-0.07344885417232483
AGATCTGCATGCCTTC-D1_Stim,-0.11585680397604214,-0.040115143376585394,-0.11490572469904681,-0.0681871363442994,0.049169281353208305,-0.0225940246531664,-0.15069689965939048,-0.015094206449697722
AGATCTGGTATTCGTG-D1_Stim,-0.060615537238350115,0.011894058095720084,-0.11556418759666887,0.014223467534144163,-0.01861076836641473,-0.017065787002179533,-0.10890458032102401,-0.00793204138674497
AGATTGCAGAGGTTGC-D1_Stim,-0.15405804367048148,0.022472024856625694,-0.32700551226390395,0.19189107213584755,-0.2384031686588628,0.06002458533592403,0.407497420093593,0.09802786774727323
AGATTGCCATTATCTC-D1_Stim,-0.013392183227011856,0.037231984820323305,0.06651345518905138,0.05047545758383265,0.0649014139719668,0.0932276536421277,-0.12350116137385925,0.04737638268224842
AGATTGCTCACCCGAG-D1_Stim,-0.08397630844373793,-0.006869701391513772,-0.012192209158604861,-0.0579959413564044,0.12511610417283237,-0.03567348973746576,-0.3303890217117491,-0.04217771978603224
AGCAGCCAGCCAGTTT-D1_Stim,-0.20338835292774782,0.0026501035747177326,-0.33217628325527215,0.2276468956010369,-0.2505524076204235,0.059291222875883065,0.6190353542788909,0.12116578084378737
AGCAGCCCACACATGT-D1_Stim,0.029653743838377267,0.06668034401507761,-0.045291503317280934,0.0190004049340029,0.07198665268980164,0.07449362947577853,-0.24249624388045987,0.03093305370483712
AGCAGCCGTCGTTGTA-D1_Stim,-0.1175058139709666,-0.03553145508421096,-0.1531946331429781,0.005271759057206893,-0.01737409110000243,-0.07847427898761872,-0.16784090394101625,0.005381970751576759
AGCAGCCGTGTGACCC-D1_Stim,-0.004784706572856123,0.03356832934669107,-0.07456960808637447,0.06572146588848327,0.05010990503580892,0.04550512714762078,0.1926466369343114,0.023787858899593672
AGCAGCCGTTACTGAC-D1_Stim,-0.22278089895396036,-0.07770725553659119,-0.35796550921158676,0.11988144944000645,-0.1424513139132415,0.02058777337148676,0.631956067774647,0.004410848560850056
AGCATACGTCTCAACA-D1_Stim,-0.14788669621905903,0.01799894414812009,0.025940865748063757,0.11226419436788149,-0.0856984930487581,-0.008027555623305815,0.5176668310225949,0.050615378567178126
AGCATACTCACCACCT-D1_Stim,-0.01322109052205711,0.03355172314167021,0.03394116495309518,-0.024499707594108244,0.06004613444469875,-0.02725604565631201,-0.06915153225141957,-0.02858582408437904
AGCCTAACATTTCACT-D1_Stim,-0.08951295285897487,0.0006281498782492179,-0.13311912969473472,0.09832389145621967,-0.04015506708553396,-0.01764398290868563,0.4475494534357356,0.04740589073752943
AGCCTAAGTCATACTG-D1_Stim,0.019767521919691333,0.08048740616325745,0.27308759212260725,-0.012478246840114338,0.0714852703793376,-0.04068211668302091,-0.14533097098939685,-0.0009692234960763102
AGCCTAAGTCCCTACT-D1_Stim,-0.06834455866587064,-0.01332011497646235,-0.05075482393375985,-0.04474220844418042,0.04221095095434002,0.04151920920312513,-0.13941115694892403,-0.01142977927544564
AGCCTAATCCAAGTAC-D1_Stim,-0.02987580689366709,0.14247930253055863,-0.05886065800751883,0.04216741624708931,0.0724042889656431,0.1786065352242101,-0.44161497671221284,0.04986809593656716
AGCGGTCCACCAGGTC-D1_Stim,-0.03070571148264456,0.0754437818427025,-0.05226388200984644,0.04125816546631711,-0.14455768120104295,0.08825997888911807,-0.22412800963678237,0.06352416191096033
AGCGGTCGTGAGTATA-D1_Stim,-0.08610231706630778,0.03242008140235342,-0.1305107538848045,-0.012372759777816711,0.07458109309648364,0.04814129922870514,-0.37192671683401457,0.014344921549188427
AGCGGTCGTTCCATGA-D1_Stim,-0.0542122418226505,-0.00543117793657899,-0.05337579968753481,-0.048620508773208115,0.028358863888959362,-0.006436397273617445,-0.1287040610032868,-0.023394167621527018
AGCGGTCTCCTTGACC-D1_Stim,-0.01931786273092939,0.035038852315205204,-0.03541832226878938,0.08251541933196904,-0.02028433626965942,0.14570621809169815,0.16738010858441754,0.03132911929917093
AGCGTATAGAGGTTGC-D1_Stim,-0.12284600405973478,0.02393355834314015,-0.09164668847006929,0.0029151545495302855,-0.06561205584754326,-0.007737565642793598,-0.40166781777494975,-0.034907767988116234
AGCGTATAGCCAGTTT-D1_Stim,-0.0655823715564594,0.03130796920697776,0.019877996046105295,0.025010226073970188,0.031016675827569173,0.16639605768146382,-0.4684307462728743,0.036816675419977685
AGCGTATAGCTACCGC-D1_Stim,-0.18779174331691983,-0.04414590389308515,-0.21624540132051173,0.020678544965349488,-0.1737835243058523,-0.028953064549090968,-0.1746757113128652,0.04146943251211077
AGCGTATGTCTAGTGT-D1_Stim,-0.11097368188931078,0.011579312142364628,-0.09044519954825248,0.08667649102727815,-0.06619356430442025,0.03309268654377284,0.0011034490794408214,0.06509202300471628
AGCGTCGCAACTGCTA-D1_Stim,-0.03456038520331539,0.005165799325281384,-0.0727381991738314,-0.02329141070839036,-0.020119294543551547,0.06603816748977209,0.1383804156701789,0.0033591079660020284
AGCTCCTAGACAAGCC-D1_Stim,-0.2075874688032897,-0.013585126728923314,-0.19426927896123924,0.10299635130961882,-0.07932166828138243,0.10696040693634856,0.6671390596334099,0.04337543648438569
AGCTCCTTCTCATTCA-D1_Stim,-0.0633912596990136,0.022625713434850425,-0.01101641612126425,-0.006661774835825085,0.048335526267416995,0.1429782985487158,-0.3585572484470525,0.0431453832103017
AGCTCTCCACCTTGTC-D1_Stim,0.0688376482787838,0.07547033855915153,0.17637736163490914,0.028478210425404882,-0.0009383264491962251,-0.047576671418438465,-0.056664879732762685,0.0026839512625222994
AGCTCTCTCATGTGGT-D1_Stim,-0.14998044362312868,-0.020521658054953207,-0.016708947198251778,-0.07826521482527049,0.08843193263479954,-0.05258062117311724,-0.5255719629761195,-0.03994310669692247
AGCTTGAAGAGGGATA-D1_Stim,-0.026657537563606226,0.07011994560197543,-0.06756718571704923,0.10352730361686646,-0.06488523606047991,0.21811373615783403,0.19712191143333868,0.09829997938149582
AGCTTGAAGGGCTTGA-D1_Stim,-0.10215168734267266,-0.022681008304729744,-0.06740191463058043,-0.010509193250369364,-0.056166863358267705,-0.022277857352529296,-0.14762928656605112,-0.011557074614032103
AGCTTGATCATTTGGG-D1_Stim,-0.021498693827133764,-0.029535807832477445,-0.0108158626474264,-0.07528395727116255,0.16821053743370484,-0.013456450688654087,-0.08339126801038788,-0.0761982446235887
AGCTTGATCGTACCGG-D1_Stim,-0.06317574942540283,-0.05479995510450841,-0.06983575086842109,-0.036629913222094856,-0.033715160416555534,-0.015784319395999447,-0.04399298518616135,-0.05240738241084664
AGCTTGATCTCATTCA-D1_Stim,-0.12486241001942666,-0.02632511572961249,-0.10491635567366853,0.017781560081267855,0.053630102966069515,-0.03174202558178685,-0.07614351717883139,0.038664857603986746
AGGCCACAGTGTGAAT-D1_Stim,-0.03540679952260284,0.005031503058443576,-0.05271209378875863,0.020602527629543843,0.005054023313517675,0.05420255583534761,-0.2081435130293361,-0.018658846493693204
AGGCCACCAGTCGTGC-D1_Stim,-0.09550069028011166,0.005622553863656066,-0.08896870952716807,0.04759280263608545,0.06678585631255096,-0.03461322344488771,0.24832566302581327,0.017541389085556247
AGGCCGTAGACCACGA-D1_Stim,-0.12592962200944235,-0.05224992597697664,-0.16609755203479004,-0.06522878578701174,0.06194415963543065,-0.006381635837096056,-0.10759413207423663,-0.022729127881197186
AGGCCGTCAATTGCTG-D1_Stim,-0.1336571908996831,-0.018831925537584837,-0.17065501611256728,0.05181784808325496,0.03962009437041125,0.041924078121414965,0.004370090469826948,0.06441710453763605
AGGCCGTCAGGTCTCG-D1_Stim,-0.048213166322844,0.07700930529041727,-0.04122951945149733,0.03904941450414867,0.05168531141777599,0.16991550432314106,-0.6528702060211824,0.026692258724787976
AGGCCGTGTAGATTAG-D1_Stim,-0.1019212210384417,0.059223085232297024,-0.2580098526259391,0.14280622936926513,-0.10647551436997738,0.1617939109496671,0.010370630779640067,0.0863222329100779
AGGCCGTGTCGACTAT-D1_Stim,-0.01956271241295937,0.009973914898308678,0.14466337545317476,-0.008262077584538119,0.20449238261858582,-0.11327208615269413,0.1201022747220204,-0.018616220184560106
AGGCCGTTCTCTTATG-D1_Stim,-0.049711275537696054,0.013618650992391679,-0.1241477058833036,0.03440612396855869,-0.0013488983958751533,0.03951795150024218,0.023725152396666616,0.034567704020258105
AGGGAGTAGACAGACC-D1_Stim,0.0010539674201996974,-0.02364894967521991,0.03399376459279768,-0.10746319190376674,0.20581611661327415,0.012865340137439674,-0.11670099029423397,-0.08160799141565356
AGGGAGTCACCCAGTG-D1_Stim,-0.03560554915122793,0.0384071660116625,-0.047400180097088906,0.06698017060340433,-0.1622349570743662,-0.05008133567025297,0.09337878200437899,0.03868152397074098
AGGGAGTCAGTAAGAT-D1_Stim,-0.11189197785107474,0.04019474027328762,-0.2191676590872147,0.17636786431492624,-0.21356924494174123,0.054964842841934924,0.16598590637996047,0.13006701532297527
AGGGTGAAGACACGAC-D1_Stim,-0.07329196808788652,-0.004114180544549484,-0.1358197178821774,0.0068510704586906,0.12154186363718367,0.067245670724974,-0.09696655338823845,0.015515313470823244
AGGGTGAAGCTAGGCA-D1_Stim,-0.1060375258124644,-0.05309483920593827,-0.07707238528305194,-0.059685672099378806,0.02482913365785322,-0.1346568607970422,-0.026242548908356866,-0.05127998344780771
AGGGTGACAAAGGAAG-D1_Stim,-0.09464750485580353,-0.03326340327623356,-0.06352097485671404,-0.013827136535933704,0.017003371074954643,-0.014486198893061797,-0.08477812818910735,0.006235480902342161
AGGGTGACAAGTCTAC-D1_Stim,-0.028737362356107354,0.045835862324087984,0.4139443992791154,-0.06635880470120092,-0.10943883759636286,-0.2281692474909658,-0.3518186523471787,-0.04230920347376532
AGGTCCGAGTAGGCCA-D1_Stim,0.03180108308614216,0.08187050040243271,0.042780910292560925,0.07603533731533041,0.08010297960282386,0.08614157530369404,0.09386118805144505,0.046331734200274255
AGGTCCGCAAGGACAC-D1_Stim,-0.06413497735872653,0.020152319107333838,-0.03565289707346686,0.012716769265134431,0.03693126535289437,0.0008615609029014593,0.07111679148413685,-0.003597795101285328
AGTAGTCCAAGTCTAC-D1_Stim,-0.13627607741643288,-0.03082138002380752,-0.13602174150845325,-0.017307111468836567,-0.02147896618643763,-0.0032837544043253786,-0.14128461583495167,0.01641506335493048
AGTCTTTGTAAGTGTA-D1_Stim,-0.10743731828450187,0.025642258951128483,-0.30902265982951604,0.01601037818510065,-0.11198924468055793,-0.003795996102136101,-0.15103328145510098,-0.0032856424370280024
AGTCTTTGTGCCTTGG-D1_Stim,-0.14509910559973882,0.030486942600436606,-0.3035699599881472,0.2240230348233574,-0.11092665989475847,0.10203728272348656,0.5645329960569256,0.08848414242303271
AGTCTTTTCGAATGGG-D1_Stim,-0.04952068819478406,-0.035573284668545924,-0.06966956736839514,-0.03282144242990803,0.03177016303487079,0.05145850283355813,-0.034673029280558154,-0.012527417882608916
AGTGAGGAGACGCAAC-D1_Stim,-0.09932876495850884,0.06911315888045166,-0.14127479451266112,0.10245713037348558,-0.2465458836793939,0.05431818602964178,0.0033660316393024914,0.06762858680892947
AGTGAGGCATCTCGCT-D1_Stim,-0.03374309950578436,0.0005485445441593129,-0.015941486822177886,-0.0292753559513379,0.08904994638233177,-0.009684937778734692,-0.123701240377045,0.01024777053013537
AGTGAGGTCCTCAATT-D1_Stim,-0.1546762013895524,-0.005377650403529444,-0.22456657904453436,0.03981473837769123,-0.19292648740277407,0.010549407703448921,-0.4463050477156507,0.04891635319735066
AGTGGGAGTATGCTTG-D1_Stim,-0.19578237599340298,0.003973056189147783,-0.1271870558466759,-0.051071666172564534,0.0022291165093211163,-0.023889151194614655,-0.5431756448889651,-0.03962003796771363
AGTGTCAAGTACTTGC-D1_Stim,-0.09179487116011842,-0.04050194770141857,-0.09027298034731945,-0.06039607979494299,-0.01001286477672636,-0.07139729196700628,-0.09479853232151214,-0.055768221216041525
AGTTGGTAGGCATGGT-D1_Stim,-0.11874731339516842,-0.03642809669418767,-0.0504326195371414,-0.011152727217799807,0.04020409799738012,-0.008222381587177807,0.06034436676102217,0.015404284486141506
AGTTGGTGTAGCGATG-D1_Stim,-0.0916439969165328,0.006779272055686292,-0.027549883085607796,-0.0013028467477749217,-0.0075491559384204265,0.023795785793018,-0.12990663570414895,-0.020818425399692586
AGTTGGTGTAGTGAAT-D1_Stim,-0.10018096383781483,-0.03199226570943736,-0.07576234369065382,-0.058290172444163346,0.04408544283579019,-0.05555502633469089,-0.1764431806829272,-0.005695308557054801
AGTTGGTGTGCAGGTA-D1_Stim,-0.16276464860940365,0.004030134515851103,-0.09392910890392248,0.003772966516988774,-0.1146142810244779,-0.002617034192290646,-0.4428829612016685,-0.00612810390242835
ATAACGCAGCTAGCCC-D1_Stim,-0.1492097746678791,-0.07199019237617676,-0.11854206183217375,-0.09150278594365702,0.03687995445139336,-0.051497307831100514,-0.2774308649965107,-0.035704443273298025
ATAACGCCAAAGCGGT-D1_Stim,-0.12454534774561488,-0.05079455055482107,-0.13829665546478864,-0.0598311339874531,0.08617180841579142,-0.02258761270306131,-0.16110716013219317,-0.017021462111726393
ATAAGAGAGAGCTGGT-D1_Stim,-0.030495959775262094,-0.020094747351450337,-0.05251032444056403,-0.059067934436278335,0.027627930373915532,0.034485790797079474,-0.09008612564476337,-0.029767338306712077
ATAAGAGAGGACGAAA-D1_Stim,0.025794912370541212,0.0880170259024915,-0.14844300616323292,0.12852054187198547,-0.19630152069759532,0.012779628679203014,-0.07709521917217366,0.08118251107463514
ATAAGAGGTCTAAACC-D1_Stim,-0.05728979954395541,0.07385684246543356,0.0506934105952741,0.14830410066832833,-0.0012977710952775112,0.0637650945537711,0.6035316179502814,0.06893397137114654
ATAAGAGTCACAAACC-D1_Stim,0.02380828793125822,0.031009048863690936,-0.045782243716539384,0.05535113444097561,0.05756111371641914,0.07710188045244237,-0.08074176663221166,0.07261070641299305
ATAAGAGTCCAATGGT-D1_Stim,-0.13554219777480725,-0.043542586472936406,-0.4934958641480591,0.1520377513618314,-0.23586341479508732,0.08810915065666514,0.3844821353724175,0.00892356344622236
ATAGACCGTAATTGGA-D1_Stim,-0.06630229537358368,0.0748627149348966,-0.071837193298947,0.05315906906255563,-0.2165768947628326,0.030015924168901975,-0.3996838892504311,0.03827288359476988
ATAGACCTCTCCGGTT-D1_Stim,0.11205370573934736,0.151531044734865,0.2368244145059304,-0.009768924624943054,-0.08599488934536481,-0.09568769387560216,-0.16871470263332444,0.05253370242439992
ATCACGAAGTAGGTGC-D1_Stim,-0.11009863143197585,0.00652963464439793,-0.13035893080873606,0.12401453283582597,-0.14872927600435482,0.0047344751293678655,0.2905559348873723,0.06846477807964213
ATCACGATCGGATGGA-D1_Stim,-0.11775220657369978,-0.04289581620451344,-0.14735357954555806,-0.06905859616486154,-0.03908291975790412,-0.08924727686382639,-0.2621025648722757,-0.02899516619648601
ATCATCTCATTTCAGG-D1_Stim,-0.031655537518993526,0.07627142174752954,0.008524480989850147,0.03460986569317903,-0.06050774320497965,-0.04854055226019938,-0.3969645749645583,0.048143256868328876
ATCATCTGTCCGTTAA-D1_Stim,-0.09445916614192917,0.08169499702917271,0.19256525394151236,0.10064471949681142,0.299486384473731,-0.0535025968069629,0.41134153705575294,0.03629361462596492
ATCATCTGTGCGGTAA-D1_Stim,-0.02336800497506708,0.04389407343181517,0.06944017523334267,0.05322524232082415,0.11573424160240364,0.1572163659575363,-0.15022109755313728,0.04765472583765984
ATCCACCTCAGGATCT-D1_Stim,-0.03388877800414747,0.10568919647275798,-0.14777183434331498,0.17106917009479972,-0.0011025670670985477,0.09779889776222106,0.13767897949187002,0.082968266123574
ATCCGAACAACGCACC-D1_Stim,-0.11600427423885762,0.018670192598673196,-0.33878782168588906,0.12831519223000853,-0.06466558773062125,0.17268877275421524,0.10983688997549734,0.09259333850570783
ATCCGAAGTAAATACG-D1_Stim,-0.012272794641905449,0.03947746964257526,-0.07809558604802547,-0.043304447331580675,-0.08484453418647675,-0.047272677969674604,-0.28991258603898906,-0.005690018784843431
ATCGAGTAGCCAGTAG-D1_Stim,-0.06708762578268157,0.012719696772119704,-0.1682954368862699,0.09390317162635142,-0.20551914852168096,-0.01076377235065884,0.01651460556679929,0.04731606998057103
ATCTACTAGGCCATAG-D1_Stim,-0.03324265450805619,0.03332479369161767,-0.024925803334866714,0.03533463550238558,-0.15536077264635395,0.05669232971694527,0.12511813220668877,0.02406069045589554
ATCTGCCCAAAGCAAT-D1_Stim,-0.19079261533923209,-0.015866725411479266,0.12561935810291125,-0.029392694107784223,-0.09561569462422526,-0.11530629662805225,-0.6234068274347173,0.03694211787539636
ATCTGCCCAGGGTTAG-D1_Stim,-0.13522463485720593,-0.05183582885677218,-0.29706956688552566,0.024889362134114634,-0.13965874105293885,0.040871041198753844,-0.37363279631630775,-0.03970281082477811
ATCTGCCGTAGGGACT-D1_Stim,-0.1126383110658935,-0.032642002450165464,-0.10406129510597939,-0.04662583141340093,0.03920903761372152,-0.018831194927217965,-0.20549342646981827,-0.01838341226617146
ATCTGCCTCTTGGGTA-D1_Stim,-0.0442366276684556,0.013943112291793014,-0.06314121735153222,0.03522802726905283,0.07934703156745826,0.04351645826909056,-0.046814740899360885,0.06305625706129447
ATGAGGGAGTACTTGC-D1_Stim,-0.07396051982443197,0.03189709467137014,0.04794884427895951,0.030411532087487814,0.0002846254732471465,0.1110608170791636,-0.563023687747112,-0.013198379647970881
ATGAGGGCAGACGCTC-D1_Stim,-0.12505681869113516,0.004375197092588934,-0.16460459848190467,0.08332890609135646,-0.1111946717508232,0.04846311477391119,0.3299127355804483,0.07425181174514428
ATGCGATCAAGGACAC-D1_Stim,-0.16424485558586177,0.02443359296836789,-0.2390569336617272,0.19237651253678933,-0.2905529672470628,0.008806566767054491,0.6033123922563313,0.08831174638916295
ATGGGAGAGTACGTAA-D1_Stim,0.05822964320726243,0.08059857334633058,0.10646347703636394,0.043862133160526895,-0.17293746363499274,-0.01911080013040589,0.08065024051156122,0.03990189576814451
ATTACTCAGTTCCACA-D1_Stim,-0.13247903525888205,-0.005935255028012065,-0.056101321921508074,0.013636800904484048,0.08257114142134192,-0.02076976536549857,-0.058688464609858215,0.01869522306104976
ATTACTCTCAGAGACG-D1_Stim,-0.14796589261612958,-0.03088384148928114,-0.25750038069346015,0.018514380599262026,0.04822422042771102,-0.0068174296563583425,-0.34575407245446144,0.009592943793505171
ATTATCCCATTCCTGC-D1_Stim,-0.04362159045643743,0.10685980375303394,-0.16125599539020463,0.20398489307599732,0.048662819194110085,0.27568931177618516,0.21368156053594412,0.10989806388390377
ATTATCCGTATCACCA-D1_Stim,0.0978712267255073,0.07709534986813793,-0.020711780815208414,0.0623248076880234,-0.01241600314907565,0.009906083402896115,-0.08558744112521133,0.026781604877033516
ATTCTACAGCCCAACC-D1_Stim,-0.07297522095530873,0.09164693853958816,-0.09061851725424219,0.09893953689864965,-0.07884270019867223,0.08894965011257128,-0.25394838772400874,0.0745549728525674
ATTCTACAGTGAACAT-D1_Stim,-0.10513363991390179,-0.018598914968979585,-0.1877275012217421,0.1250640596528818,-0.10725433069460877,0.07322974693780182,0.32579821097104045,0.07097598829103369
ATTCTACCAAGGACTG-D1_Stim,-0.12587602288831334,-0.010410294191110836,-0.08143170006224754,0.07924279333443351,0.012761310668150116,-0.057125483364409035,0.612598349522326,0.012128472955533098
ATTCTACGTAATCACC-D1_Stim,-0.10612498494922207,0.043430476473401924,-0.24247792846390848,0.09490443373191404,-0.22348336259203627,0.05844695734422878,-0.0667057766352741,0.10558969027946397
ATTGGACCAGGGATTG-D1_Stim,-0.05630903353031158,0.016212582931473207,-0.05223371769563201,0.028061095309352524,0.042025183991617254,-0.013099576170574778,-0.08704888792345145,0.025286322336468103
ATTGGTGCACCAACCG-D1_Stim,0.014912606829353692,0.10761998136763395,0.01400137430280779,0.07779022863645757,0.17640985688492528,0.18203164327582932,-0.464628113572914,0.05183545700872827
ATTGGTGGTGGTTTCA-D1_Stim,-0.06823874713613698,0.007865306390069549,-0.13858010090441386,0.023388006304669418,-0.040897443301201264,0.041874299722652,-0.13446377245190888,0.04213996284189925
ATTGGTGGTTACCGAT-D1_Stim,-0.1158049034724602,0.033054839607354225,-0.2912913600882234,0.19951718246960226,-0.18103935474957922,0.14677775509218272,0.36034756140223934,0.13206672109496687
ATTGGTGTCCTAGTGA-D1_Stim,-0.10991237460866365,0.06534508622960367,-0.18301950892057484,0.10696428783956868,-0.23395405320581375,0.03260632730971125,-0.020611815777622056,0.07121343342591757
ATTTCTGCAATGTAAG-D1_Stim,-0.04392022560297271,-0.028804339059956163,-0.038143112802014656,-0.07215126965851759,0.01447391077206106,-0.026384803432717874,-0.07721347938897694,-0.03505877960711423
ATTTCTGCATTCCTCG-D1_Stim,-0.1796265305902942,-0.018612831898844107,-0.140144315552865,0.04639943872639307,-0.12991605270247852,0.12025653328182706,0.3601949363906094,0.0011840250650596573
ATTTCTGGTCTTCAAG-D1_Stim,-0.07988096792850641,0.00021418906724868236,0.019269804446702565,0.01936365771003956,-0.09533286172514721,0.033749670724660064,0.3489660233284759,0.005598241436358009
ATTTCTGTCAACGCTA-D1_Stim,-0.1639373189349307,0.03539800943200078,-0.1691779045845676,0.027639090953755385,0.06532499708805695,-0.02123232692092536,-0.38440079209959066,0.01804380385993909
ATTTCTGTCTATCCTA-D1_Stim,-0.018127566697250685,0.05961702016842452,-0.05183727106925673,0.02813763711106354,0.015345180767862843,0.038730284375478874,-0.2264600822085967,0.02803242617238233
CAACCAAGTGACAAAT-D1_Stim,-0.16692699573497904,-0.09639911200037687,-0.18765127047974062,-0.05583636347816778,0.0772861028055587,-0.027740095895104844,-0.2678921625745936,-0.048951464841422876
CAACCAAGTTGAGTTC-D1_Stim,-0.18781312761093538,0.00024632144637415365,-0.22677048165011993,0.06589666946755557,-0.30513061207876646,0.02645544254756871,-0.26671733477002846,0.08829240183456122
CAACCTCTCCATTCTA-D1_Stim,-0.12991611525766444,-0.009530602896836271,-0.08006864346828646,0.015664909277370853,-0.13242104122793386,0.009803763568715596,-0.33860646272740524,0.03171855741136653
CAACTAGCATACCATG-D1_Stim,-0.09466097049316957,-0.018057695497978088,-0.23978198051328903,0.15664454295673202,-0.051849521402148824,0.30142495908761724,0.4632773385130662,0.09423801100515661
CAACTAGGTGCACGAA-D1_Stim,-0.1025377050289702,0.05956563703366058,-0.21014449133490487,0.16919262087613696,-0.06671307275972538,0.09542793145409156,0.3098035046828027,0.1167506407181893
CAACTAGGTTAAGGGC-D1_Stim,-0.11105392847661477,-0.017749972298647165,-0.07373882479926763,0.020486184582516387,0.016857621017223323,-0.0444772326916123,-0.07136995516655276,0.03271146563850991
CAAGAAAAGAAGGTGA-D1_Stim,-0.05053128451978672,0.047961009175638836,-0.08668896006588689,-0.02342229322975875,-0.16018319063520714,-0.09755029559868511,0.04719895577451716,-0.004820569379354822
CAAGAAAAGACAATAC-D1_Stim,-0.03206625192957269,0.10064874094491039,-0.03660983000808038,0.07694659266935133,0.04466665220265931,0.1252309967515597,-0.27904390959078107,0.06200864656106475
CAAGAAAAGTGCGATG-D1_Stim,-0.09643594259978272,-0.024651398867181484,-0.07944432568082593,-0.015155568989616341,-0.008675408865965295,-0.03384244810781745,0.005439101942275926,0.0019821645378979014
CAAGAAACACAACGTT-D1_Stim,-0.08187774264711045,0.02376680130571529,-0.05117065840616242,0.04267305357782014,-0.1520816982967812,-0.01070001454094438,0.08596566793753802,0.015449728217058478
CAAGAAAGTCGCTTCT-D1_Stim,-0.0279431374146224,-0.0032660423512052006,-0.07062979411426795,-0.001339488328264693,0.007556359909390409,0.003870629828780281,0.157942413051968,-0.005111315038821118
CAAGAAATCTGCGACG-D1_Stim,-0.19953663735651617,-0.02615148267091172,-0.17340019096963655,0.04373914108619559,-0.0462155545535623,0.03195016568498232,0.23981165133332816,0.018311081204915425
CAAGATCAGCGAAGGG-D1_Stim,-0.0787748275868978,-0.03551028800068323,-0.042811716584362,-0.04560717951061122,0.04692506139047836,0.008439699874440265,-0.08079165630977414,-0.034393499029723884
CAAGATCGTCTTCTCG-D1_Stim,-0.057649427067172354,-0.019724615695166037,-0.049077020722640974,-0.07224269945006867,0.004061436362130522,-0.036877063640440966,-0.09825314162122467,-0.04227166955398687
CAAGGCCCACGCGAAA-D1_Stim,-0.1073155595711377,0.07803131404362063,-0.30358262184922413,0.25670726003782995,-0.009611337383914176,0.22020122701522915,0.2130549610957715,0.14425336431983915
CAAGTTGAGCTTATCG-D1_Stim,-0.12505855497725626,0.052160153565543155,-0.2504452811969653,0.1903160205790453,-0.14010656382764708,0.1825041154363376,0.4551416872603191,0.11104463867191505
CAAGTTGCAATGCCAT-D1_Stim,0.0031143058646669886,0.07636477613675119,0.012802845438214305,0.005494225313348977,0.052859602765376934,0.06450695663398953,-0.22503155047617085,-0.015234838210743007
CAAGTTGGTACTCAAC-D1_Stim,-0.04058342724439612,0.04885397949293768,-0.017978896177830883,0.04841149713097792,-0.006792557236110497,0.04827873085552348,0.05171534168855274,0.019907129970086146
CAAGTTGGTAGCGTCC-D1_Stim,-0.08366661155200283,0.0010359995926414456,-0.02685548011893335,0.022759624243359866,0.11645456954897249,0.08265579639036069,-0.18136531677752998,0.04611760730782244
CAAGTTGTCAGTCCCT-D1_Stim,0.00303275362047728,0.06603194707009585,-0.0853498829823689,0.049754454243657875,-0.021130802573765095,0.08737785395466169,-0.072989803172673,0.01564081862779254
CACACAAAGACCTTTG-D1_Stim,-0.10439803141996329,0.008695799315885822,-0.028484242306137553,-0.04634095595201693,0.10202688251067471,-0.003391699704183182,-0.05286962323243927,-0.005851522288628175
CACACAACAGTGGAGT-D1_Stim,0.11575770605652558,0.11536881705416668,0.03615735480189741,0.13422268745619448,0.1110526260893625,0.2926881108884949,-0.0705502444856343,0.1085236126336877
CACACAATCGTGGACC-D1_Stim,-0.14317133919562863,-0.031210331953767323,-0.18407550341206846,0.0018228219929010692,-0.21376356010884479,-0.04759889560255992,-0.38624277461208933,0.014664195241063993
CACACCTAGGATGGAA-D1_Stim,-0.07424862213449579,-0.00013773813728690243,0.024197196613217287,-0.0021806286676984143,0.10145740183616958,0.00725237156239622,-0.020052355017384116,-0.014771685594974215
CACACCTTCCACGACG-D1_Stim,-0.13264894652374082,-0.026301340298781284,-0.07486846460796848,-0.010431735216366533,0.0756064674103527,-0.028756558335887306,-0.21163785580503713,0.027467801453450846
CACACTCAGACTTGAA-D1_Stim,-0.18039009405176287,-0.07957654294517802,-0.18908686876552405,-0.040622045680404284,-0.043739116212714535,-0.08661089534879984,-0.08954073292899878,-0.039317060125457104
CACACTCAGCGATCCC-D1_Stim,0.038464592897136995,0.047902804810560085,0.09137243643654891,-0.014083239593109198,0.034094464394542,-0.019741575845698023,-0.19643455516244224,-0.030008065707006537
CACACTCAGGGTGTTG-D1_Stim,-0.013441421776565932,0.02807998325346972,-0.07703864604020083,0.041138426156292596,-0.02395544629666979,-0.08037017445906613,0.12171523010791852,0.012476982229427946
CACACTCAGTTCGCGC-D1_Stim,-0.13069594453325273,-0.02974414946086945,-0.008225176846279325,-0.0481495344869618,0.08436924723353023,-0.029304995765215835,-0.2588184817228161,0.016369344874796354
CACACTCCAGTTAACC-D1_Stim,-0.0055013069151055305,0.01650113711380108,-0.008651795117284422,-0.03346422376500158,0.08026804688822509,0.02370077615183952,-0.13372221369930415,-0.034230231993491955
CACACTCTCTGCAGTA-D1_Stim,-0.1631494938906375,-0.0005142915552447391,-0.025332395946334074,0.03439909059748558,-0.22124266053056907,-0.004542365740840992,0.4446794955945048,0.0053760208231103945
CACAGGCCAAGGTGTG-D1_Stim,-0.06638693018221886,0.06619466167037658,0.1677247927472827,0.06766500877636261,0.10710484872988069,-0.08646603095177419,0.4454949447752359,0.021950582299918864
CACAGGCGTACCGGCT-D1_Stim,-0.09428239237795566,-0.0350831387772601,-0.10449687833260501,-0.054434139159385,-0.010815220250522728,-0.0393723882888235,-0.20502711529153217,-0.038649188027577
CACAGGCGTCTCGTTC-D1_Stim,-0.17678204894757776,-0.01662166201541737,-0.25662048337631926,0.059115100482626914,-0.18349740963597228,0.013023740545424545,-0.27435769531051335,0.03645745437880876
CACAGGCTCCTTAATC-D1_Stim,-0.16492086383388838,0.008864872381792566,-0.09751507515311086,-0.0190969560004568,-0.10431919448064875,-0.04043150874427148,-0.24282285935809966,0.02639568027537642
CACAGTAAGCCACTAT-D1_Stim,-0.013442252262336751,-0.005775594526902239,-0.02644381175173649,-0.0402024601953741,-0.027507162774396576,0.02526033976018205,-0.13210801295701557,-0.016629150766046763
CACAGTAAGGTGTTAA-D1_Stim,-0.04729593386841735,0.020400947536428404,-0.014767233214038278,0.07831955541453972,0.018970068038870025,0.11848433646364676,-0.15987994223466373,0.0354129660041167
CACAGTACAAGTCTAC-D1_Stim,-0.16686786041592327,-0.11271217664810962,-0.3112103119960281,0.02278043838072641,0.04699727521267505,0.006476283449158515,0.3245768993658551,0.02058665677564875
CACAGTACACTAAGTC-D1_Stim,-0.11908353110303693,0.008035302923957488,-0.0572144056021866,-0.011495356870485196,0.004419753317979058,0.03721731261101624,-0.7840145078236986,-0.051080388119773446
CACAGTATCTTGCAAG-D1_Stim,-0.12776004395327867,-0.01703566012510649,-0.22656703414559765,0.15838019841852002,-0.1679554169931059,0.028045279660247502,0.4859944202958211,0.08049659166169931
CACATAGCACCGAATT-D1_Stim,-0.13234390764790405,-0.06121487718593066,-0.14467242221184318,-0.04235718571921154,0.050552686821671244,-0.03851226795187124,-0.20579029880346766,-0.023298347588294632
CACATAGCAGCGTTCG-D1_Stim,-0.07773122661719611,0.08670579842596027,-0.09923268491743631,0.17342310690456486,-0.052136304902971276,0.14294327783262517,0.21394046118781773,0.0887224773941675
CACATAGGTTATGTGC-D1_Stim,-0.14283061045505363,0.0064126302299616356,-0.20222277658007393,0.026769050983629583,-0.1522712533194177,0.0033249454587807037,-0.173856806427235,0.06971637188591728
CACATTTAGTACCGGA-D1_Stim,-0.12352813225511383,0.01951725792045167,-0.18042773618922947,0.10059361145470902,-0.08152769157438478,0.012734053206829188,0.4553040030634108,0.0648906748359348
CACATTTTCCCAAGAT-D1_Stim,-0.06079084461129014,0.06475006092057711,-0.12223992387731375,0.1573326484561548,-0.15524480110365246,0.05201174836580158,0.3783211708658314,0.08012526859605984
CACATTTTCTTTACGT-D1_Stim,-0.07958570755470618,0.05728363231888878,-0.13777711189789077,0.11057835344233524,-0.20069168472369903,0.07251609317745533,-0.0432725083624792,0.07230035954189162
CACCACTAGCGATATA-D1_Stim,-0.04425275452161159,0.038244439544993014,-0.016621574883551204,0.04343850198367605,-0.05777724933777684,-0.07421394567409934,0.2188968698988063,0.019252255914727456
CACCACTTCGAATGGG-D1_Stim,-0.05899541813577436,-0.001697307464938902,-0.07443578717769483,-0.02235383875574648,0.08513389188892972,0.026149342637879158,-0.08368749572617418,0.023559708226555287
CACCAGGAGCTAAACA-D1_Stim,-0.13721760298386876,-0.037229188523335566,-0.10698186449131519,-0.06817341296321544,0.03602006324567952,-0.11961032393667814,-0.19653105750551703,-0.055570495340802495
CACCAGGCAGTATGCT-D1_Stim,-0.00017281031505334,0.04534273610778605,0.08810885948797686,-0.01457044503831284,0.055862254646518394,-0.04814965180402275,-0.14772474169790506,-0.0422688101036659
CACCAGGGTAGCCTAT-D1_Stim,-0.20038786616490967,-0.059579332802822904,-0.2600935764260468,-0.026028589178670458,0.02875272583629318,-0.02318294145926103,-0.39082376347331405,0.0038762678338990497
CACCAGGTCCAGAGGA-D1_Stim,-0.12774476526891831,0.0030981282643267605,-0.10780738071862839,0.055596523701559875,-0.0593835314204636,-0.05066302770167219,0.337043063378891,0.00037375971610487113
CACCTTGGTCTTCAAG-D1_Stim,-0.09171796597840753,-0.04272638683336005,-0.12912406732460724,-0.08725844009989636,-0.0025314210435709583,-0.066460515962385,-0.15803174364851102,-0.06989272982156791
CACCTTGTCATCTGCC-D1_Stim,-0.016116410539583015,-0.0036689647157572836,0.060779201176559994,-0.06700499434663953,0.06921697740614974,0.01329366542795718,-0.2793359173334089,-0.053491382831479584
CACTCCACAATAGCGG-D1_Stim,-0.10058560964728258,-0.033617395279625484,-0.40792825044595027,0.11299918889927518,-0.3282085678189368,0.05180718403589246,0.5339409275665812,-0.011763088789798815
CACTCCATCATAGCAC-D1_Stim,-0.10844719728423513,-0.018069439359035044,-0.045230328953180354,-0.03915186343700938,0.006817148129055539,-0.048228970497969925,-0.07118636824498736,-0.004128055103201689
CAGAATCCACTAAGTC-D1_Stim,-0.1538206755305147,-0.052890365539795425,-0.03505036474758416,-0.03958037674327031,0.03549186375082236,-0.018276850077155515,-0.1779915954380975,0.010645751217500887
CAGAATCCAGGGTATG-D1_Stim,-0.004924175833181721,0.03242370795425309,0.031568950187277345,-0.015468256240188438,0.048489434250733154,-0.004035718198196037,0.0067728801489046475,0.005554832132707688
CAGAATCCAGTGAGTG-D1_Stim,-0.16112771252756453,-0.026127218298446664,-0.28474743374405964,0.06518392936044748,-0.1978454729073551,0.01926195176749701,0.060048510650933196,0.04243433846396094
CAGAATCGTTGACGTT-D1_Stim,-0.030499171152134963,0.048147343328508896,-0.0031406547758425774,0.04727146752933287,0.10631082391654445,0.1455580546012687,-0.32386967832913527,0.03126350647542431
CAGAGAGAGCTCCCAG-D1_Stim,-0.01403634974375123,0.040365354818943544,-0.031050234147339317,0.035387724128737474,0.017194786797578132,-0.07757076554778664,0.20264121373975463,0.03351223592389374
CAGAGAGCACGGACAA-D1_Stim,-0.060817756442268944,0.020559722329098307,-0.05588035524870083,0.04992614355370684,0.010979799067262874,0.08722643742170888,0.21094481405356014,0.015682436615234607
CAGAGAGTCAAACAAG-D1_Stim,-0.05956624099278507,0.10831551279298246,-0.04192257783843889,0.07183468144849137,0.07978655361931075,0.16770397192579445,-0.25001521872242094,0.07140177291681304
CAGATCATCAACACCA-D1_Stim,-0.05414792618167574,-0.023093018812300414,-0.01709267564325767,-0.021049902387218822,-0.004577959146338628,-0.013943512401198177,-0.07206986018276851,-0.030181738672521163
CAGATCATCAGCGACC-D1_Stim,-0.08026750258672521,-0.029746920523846754,-0.11120950170203248,-0.05127106381418223,0.2536550855858053,0.06404963932291352,-0.08570160301654184,-0.0026820276031713775
CAGCAGCAGCAGATCG-D1_Stim,-0.03375617070589776,0.03574880753224896,0.06734296991315603,0.08315601362270186,0.24894416930696117,0.092444112731636,-0.2712338063969053,0.01635226159372749
CAGCAGCCATCTACGA-D1_Stim,-0.08595380693031629,-0.02182902677742682,-0.06355330923908653,-0.026064493575782777,0.011144632996854753,-0.0027137558599967804,-0.10986040017893117,0.008934938076244237
CAGCAGCGTAAGGATT-D1_Stim,-0.103507927981628,-0.013297808405919653,-0.08618628821525398,-0.04172097563697008,0.01501387594150927,0.023498773269198026,-0.13089366511330525,-0.0037514363815702723
CAGCAGCTCGGTTAAC-D1_Stim,-0.06691300066806782,0.02703804143227906,-0.17232083334769577,0.07863916209750421,-0.19743850456471002,0.026136116476159543,-0.268450858436724,0.0703680094218111
CAGCATATCAAACAAG-D1_Stim,-0.006099110014082143,0.05240943523000219,-0.011978345412122948,0.0131322970232155,-0.18603587679739775,-0.10369380576321952,-0.40861286662456386,0.01959345319652961
CAGCATATCTGGTTCC-D1_Stim,-0.047308639481542514,0.07204481493361392,-0.1485491516114017,0.05524829946629417,-0.05007745441594125,0.16538667625072456,-0.4423582941723563,0.055673267396974424
CAGCCGAAGAAACCGC-D1_Stim,-0.024105157448682135,-3.6132915296249735e-05,-0.0072998352164086455,-0.05679877124605959,0.0960304372626517,0.0012993733342359093,-0.2062919395037568,-0.035872197378502335
CAGCCGAAGGTGTTAA-D1_Stim,-0.10834009235894548,0.010901082288656383,-0.06588397757944353,-0.027378178463427716,0.051369454708291684,-0.04892120930783683,-0.17104795375485082,-0.006148389274752475
CAGCTAACACGCGAAA-D1_Stim,-0.08317486200513358,0.010390940309346064,-0.12118362521322368,0.07951851738800997,-0.2356198559794489,0.00890016638649982,0.09168817476971647,0.034131220715169164
CAGCTAACAGTAAGCG-D1_Stim,-0.037547820049196545,0.03423029499135133,-0.05228845036032581,0.030511634166263235,-0.0460423987954961,0.000539109226027179,-0.32942758525112126,0.05081850422464207
CAGCTAAGTCGACTAT-D1_Stim,-0.16214809905630112,-0.012935137128284424,-0.2002701840072323,0.02898687164616298,-0.05312703191279766,-0.011480392139326057,-0.19314123298520158,0.04281901676515787
CAGCTGGAGGCCGAAT-D1_Stim,-0.026545426680591788,0.08990927522524572,-0.1268109509032529,0.18707075016558505,-0.12142763548203916,0.10667034889419114,0.045505624691614344,0.11648681109625514
CAGCTGGAGGTGGGTT-D1_Stim,-0.09963702347277703,0.040736863674020185,-0.36356336724601945,0.16921593933001944,-0.1616079392975447,0.18113155765770728,0.471776256017284,0.11573435103663954
CAGCTGGTCAACGAAA-D1_Stim,-0.10269762766026602,-0.02007192592943774,-0.10637486670359397,-0.008976104512441907,0.018176626211431568,-0.034199791542160796,-0.19133426834509493,-0.00901167183779883
CAGGTGCCACCGCTAG-D1_Stim,-0.14942918445888864,0.03879323770062015,-0.28276874347915104,0.17204104968099543,-0.10727617235203546,0.14234479754534846,0.30381772606141055,0.08346064006695819
CAGGTGCGTCGGCATC-D1_Stim,-0.10842220394471624,-0.008942800705625586,-0.006084694191112128,-0.02450361279057489,0.04816098411991376,0.0170684804937693,-0.21669715504483733,0.0076185552794374445
CAGGTGCTCAGCCTAA-D1_Stim,-0.10144391106116402,-0.0312986968798139,-0.0393640390147878,-0.03636563527267178,-0.0025873131697249363,-0.02279335226754675,-0.22657494729673644,-0.017301829047658757
CAGGTGCTCAGGCAAG-D1_Stim,-0.0010863317201330602,0.009982365742303045,-0.005757416723736419,-0.039308228408241774,0.08228592178545568,0.024801956879612064,-0.15653108480858435,-0.022017749305730305
CAGTAACGTCATCCCT-D1_Stim,0.023556609438170284,0.14245829791633824,0.41260615134071976,0.023274015372177104,0.08431937059301475,-0.08790953728243167,0.007666842390987583,0.022938853693332817
CAGTAACGTCTTCAAG-D1_Stim,-0.07746058142676127,-0.028359323007995485,-0.06430317008301412,-0.05058493635604755,0.015329574921075562,-0.0326345745950416,-0.14759072509497884,-0.024942319450941497
CAGTAACGTGTTGAGG-D1_Stim,-0.1351010873042373,-0.06356051219509062,-0.15057440294953217,-0.08428740350895758,0.21440331887532693,-0.02054268253636593,-0.26656782368856824,-0.022119384962161703
CAGTAACTCAGCAACT-D1_Stim,0.004961803132060183,0.04278085455875491,-0.02373273297840406,-0.026165335781811905,0.09855587449657222,-0.03201884157600965,-0.08642206455978041,-0.02981330081537159
CAGTCCTAGTCCCACG-D1_Stim,-0.07121582551807393,0.026983245019932767,-0.11775828857977721,0.1147205866555634,-0.02609670169589151,-0.10679393628113765,0.3251917624637173,0.04749129113697492
CATATGGAGCTGAACG-D1_Stim,-0.14911068180538756,0.012093450714267817,-0.280918286653268,0.14440078433016268,-0.0683429037853962,0.08586623967745233,0.3328762077864962,0.04211736094340601
CATATGGAGGGTCTCC-D1_Stim,0.06620830217561213,0.07679690917022164,0.238109822658922,0.019326100296137128,0.025415111207255592,0.028174582007167714,-0.30939154994336704,0.046285145986503906
CATATGGTCGTTGACA-D1_Stim,-0.17483962323258595,-0.005244436231805594,-0.2751152400418233,0.052871073085963616,-0.13290726298342825,-0.024270826296808323,0.43328412844475217,0.0027571993197383904
CATATTCAGACACTAA-D1_Stim,-0.17717521888315169,-0.0513257324734937,-0.1444814202045226,-0.04906495525175103,0.12382268220179782,-0.010925944852491654,-0.568545262790753,-0.026759886651037235
CATATTCAGTACACCT-D1_Stim,-0.0730982807534808,-0.031736469771056264,-0.09162936383648557,-0.06502589070742637,0.09422397135777238,-0.00982460922931594,-0.13746364232897434,0.007069606221204339
CATATTCTCAGAAATG-D1_Stim,0.012258450552545597,0.05268793755568879,-0.04433467902011401,0.08299628885132648,0.03375529011267275,0.012386878494931253,0.26163369096454225,0.036013045711147385
CATCAAGGTCCTAGCG-D1_Stim,-0.008531432650794812,0.07283406764082123,0.047187568164257065,0.1076086378565062,0.09679473398387906,0.134170463073362,-0.26541943673192137,0.07762034922451022
CATCAAGTCCCTTGTG-D1_Stim,-0.10532874252544033,0.005101626789251412,-0.1803963779557094,0.043764263051746966,-0.23277186063911692,-0.00785957643767432,0.2113918447100822,0.02527309539734368
CATCAGACAGTAAGCG-D1_Stim,-0.12565705853308984,-0.04232073145773185,-0.10425011581968135,-0.035780860547617976,0.0012239638378250817,-0.043395218700469584,0.011149149005571957,-0.002625018429283088
CATCAGATCAGCAACT-D1_Stim,-0.04334301181335398,-0.029971278791306233,-0.027006800261395014,-0.06759380108903024,0.07851707125159102,0.002713820238771092,-0.16296235538657555,-0.06400734187736923
CATCCACAGCTAGCCC-D1_Stim,-0.14676648399782266,0.010800845098074774,-0.23074805529543596,0.020686556679628154,-0.0871657767839924,0.009904379883209913,-0.20943749337432038,0.06975022953733401
CATCGAAAGATGGCGT-D1_Stim,-0.040143796532696285,0.019774793695559012,-0.01100633748665203,0.03278339795378393,0.028860020512130546,0.0306165742390494,0.03923920688292526,0.002671372165155006
CATCGAACAGCCTGTG-D1_Stim,-0.013504427852858214,0.1329440273259319,0.11739201877598493,-0.031082040501996033,0.26658630329530375,0.1512998233186984,-0.6594375784963109,-0.019522113017380605
CATCGAATCAAACAAG-D1_Stim,-0.13483971062074573,0.023288105099007694,-0.12261772959194239,0.18719080030661495,0.028768611663776866,0.13467905987588402,0.6816892115240609,0.09424459794190732
CATCGAATCAGCGATT-D1_Stim,0.09000988978394275,0.0969239427934454,0.06840807974378738,0.06646874301269712,0.1085581311300885,0.20930765729568357,-0.146201502753998,0.0586801583734502
CATCGGGGTTTGCATG-D1_Stim,-0.06496278469256112,0.01680604017209575,-0.18070136826306094,0.09445064546114956,-0.06636161996648049,-0.007126850752948499,0.2972924421019876,0.040053777898688026
CATGACATCACATACG-D1_Stim,-0.11159567925879976,-0.009319492304610932,-0.11747076627113628,-0.017431351312657384,-0.14341547113796516,-0.005950071122647671,-0.33479233134521635,-0.04153049253813279
CATGCCTCATTACCTT-D1_Stim,-0.17203641574372064,-0.009557823156578493,-0.13107006491363293,0.009173396190860217,-0.051651538141122444,-0.02300045247788418,-0.5367793100232241,-0.0075062976258273295
CATGGCGAGTGCCAGA-D1_Stim,-0.038820115359941454,-0.041459892983068514,-0.22136027978625172,0.054055317587454965,-0.16024944839963418,0.000930213651422207,-0.005500260639022869,0.017610887694155863
CATGGCGCATACAGCT-D1_Stim,-0.07286362517533185,0.04449748417132149,-0.056245911578303165,0.017596586400308922,-0.05295837163653516,-0.031112426843611374,0.1071093589944887,0.005586012726865874
CATGGCGTCAGCGACC-D1_Stim,-0.06867300720565872,0.040464148908979425,-0.11817403107091806,0.06256217744920711,-0.2208527211593143,0.0077847873915803945,0.05887103464541177,0.02766718195466389
CATGGCGTCTCGTTTA-D1_Stim,-0.029112493288431907,0.041814386076449495,-0.07416560989714949,0.08437806265174608,-0.01950690909842301,0.07036807116175403,0.14804964260784104,0.03836904069908442
CATTATCAGCTGTCTA-D1_Stim,-0.09263099229033855,-0.07377215569267115,-0.17071565401858102,-0.06197938401551717,0.06538256589475999,0.0033133656462069894,-0.09075200225264979,-0.026357685798224395
CATTATCGTATATGAG-D1_Stim,-0.08188353126742776,0.06621537228870977,0.10411193232974991,0.007265198690031838,0.11331985501245256,0.10766245965994514,-0.37038875366408774,0.04083832587807912
CATTCGCAGCCCAGCT-D1_Stim,-0.08409253647564086,0.04200025884514247,-0.1131303384223612,0.069587291897804,-0.12620562549781056,0.05954195189641176,0.1043719098759972,0.00020990061025827345
CATTCGCAGTGCGATG-D1_Stim,-0.043428988630600074,-0.01414182799461372,-0.06084572217768791,-0.024413498119855603,0.050557411205561564,0.033036428676192386,-0.09587688704754527,-0.0019665370029908757
CATTCGCCAACACCCG-D1_Stim,-0.09683230264839437,-0.011617340155085643,0.037641685900032584,-0.06699863021744257,0.1957180862860639,0.0351249745608726,-0.3119917419621636,-0.013865566818461517
CCAATCCGTATCGCAT-D1_Stim,-0.10580415739196347,0.09527939965124332,-0.12607886881195807,0.15027925468573677,-0.04654134061800441,0.15593465561007314,0.34552465160717816,0.07908745855809052
CCAATCCTCAGGCAAG-D1_Stim,-0.02997683716887245,-0.008286552224449295,-0.1063215382514322,0.025015233848709073,-0.09465911193166576,-0.077681005645168,0.14358746237607356,-0.025753491704124443
CCACCTAAGTATTGGA-D1_Stim,-0.127809142574403,0.022933692880398482,-0.21723816558297848,0.0593624681903524,-0.3629385104717784,-0.02415025026555284,0.16353460504594608,0.01058415544771485
CCACCTAGTCCTCCAT-D1_Stim,-0.13762544476953664,-0.00983800036287441,-0.2407046825919945,0.1249253315255352,-0.15849567856367663,0.04004606490777718,0.4312420924639042,0.07492737013661888
CCACCTAGTGTTGAGG-D1_Stim,-0.04849606118561489,-0.03863439001624691,-0.02986473414714741,-0.11311913277658192,0.0056719098063311435,-0.028819489432704515,-0.15717857679783975,-0.05248843165668937
CCACCTATCACCAGGC-D1_Stim,-0.14951837242705857,-0.04736448796688819,-0.08774109800637397,-0.02672014085326957,0.043528844809683775,-0.061982838398231266,-0.06397501910200631,0.007264515552948936
CCACCTATCGACAGCC-D1_Stim,-0.07547893666716199,-0.01929274809395487,-0.033328606496428215,-0.009726471536772863,0.10001096017666988,0.0497243218116985,-0.42955985482481296,0.008672058860206278
CCACGGACACTTACGA-D1_Stim,-0.04471053391673152,0.0038732342930121177,-0.2526969668928736,0.060975254121446554,-0.17546500589587488,0.04169635589025944,0.05101351165183665,0.015362475244806717
CCACTACAGATAGGAG-D1_Stim,-0.06167287558629475,0.07589747876130204,0.17228462611385176,0.018654796388673844,0.1164467312100772,0.11286305420647302,-0.15773508789493995,0.028928319112898393
CCACTACAGTGGTCCC-D1_Stim,-0.025908148501649464,-0.012708471969066437,-0.07399760421843204,-0.054004158121694346,0.09796048908748922,0.06180326637154643,-0.14631051062328737,-0.023838763649337125
CCACTACTCCAACCAA-D1_Stim,-0.1275108209559619,-0.035032005337978234,-0.28082896357691567,0.1354363755198449,-0.142272288976395,0.2012129809910448,0.461491753945662,0.0906869958242904
CCATGTCAGATGTGGC-D1_Stim,0.0027943928478944002,0.03047373560623967,0.06362433571694481,0.014284869837599246,-0.02256148817916248,-0.10454482826903977,0.13224936357980077,-0.002837684457622558
CCATGTCAGGCCATAG-D1_Stim,-0.13726850238360555,-0.013035323527761378,-0.20279007367986068,0.03942347738752261,-0.0708572840445818,0.002918628091890696,-0.07617929451347294,0.03795799202521266
CCATGTCAGTGCTGCC-D1_Stim,-0.10633436456957668,-0.04010882947309469,-0.17359073147580784,-0.04581186316162267,0.10857169926416965,0.0008310765927106445,-0.13720829931983403,0.008904183238222174
CCATGTCAGTTTAGGA-D1_Stim,-0.06734252364934967,-0.01789698805555595,-0.028980245628194012,0.005219219363002736,0.04245560251687586,-0.014879259585145022,0.03200485070898296,0.01633886892320824
CCATGTCCATAGACTC-D1_Stim,-0.038454969272239126,0.02054532844957535,0.14997890627562427,-0.06886177862251586,-0.26210936206988045,-0.05607076791311094,-0.3461334941926566,-0.03346832732284888
CCATTCGTCAGCTTAG-D1_Stim,0.08923172646646549,0.14036519463449437,0.012161379007734396,0.11842707613775438,0.0358117242932785,0.1573729720994912,-0.0028095135093266776,0.07133963784473174
CCATTCGTCGTAGATC-D1_Stim,-0.06146968501750294,0.07574747269866045,0.12582657114927098,0.01342032306480867,0.13792691632847998,0.1578878262689276,-0.39466929585476507,0.03469964898553002
CCCAATCAGACGACGT-D1_Stim,-0.14805227787708297,0.011502593841273168,-0.26146226092768465,0.09216587019906974,-0.15123980498020906,0.06785455532097195,0.05061240498900332,0.030532425945857256
CCCAATCAGTCATCCA-D1_Stim,-0.10688600509922175,0.0033361623958025888,-0.03685848449595852,0.09741850000456509,-0.0839732348138611,-0.016866005895012748,0.2761139340552976,0.04904927733435471
CCCAATCAGTGCAAGC-D1_Stim,-0.14154124332987017,-0.00016435642928236405,-0.16615924392963954,0.06223391498485498,-0.05261128096485379,-0.07726492699563359,0.4901941231808049,0.006435960009861574
CCCAATCCACTAAGTC-D1_Stim,-0.18343082216326856,-0.045296546261356596,-0.18328853151152202,0.0704736797797878,-0.06705746388908373,-0.006789128639420383,0.4437541347670937,0.003464171308630526
CCCAATCTCATAAAGG-D1_Stim,0.003883781970461797,-0.01802912489072206,-0.007217763508219122,-0.07994423256987915,0.0913324186337725,-0.030509465600415453,-0.10947566071278203,-0.05573359540698597
CCCAGTTGTTCGTCTC-D1_Stim,-0.1480862423156175,-0.019825514300128688,-0.08600498105015753,-0.07522224659500587,0.11229214968263079,0.003558451802570417,-0.5280494695805249,-0.06102422088295789
CCCAGTTTCAATCACG-D1_Stim,-0.03873740015522742,-0.03788419361964834,-0.050489418871134006,-0.07931045956883054,0.03322584476472912,-0.020211031193927198,-0.09224401840538476,-0.0431749286705152
CCCATACAGCCAGGAT-D1_Stim,-0.1288766542782529,-0.040921197612210136,-0.17817645955295092,-0.0036205587810282935,-0.022172012776122685,0.018485821362412835,-0.17064316163188487,0.020032844635956337
CCCATACAGCTAGTTC-D1_Stim,-0.0498780014767668,0.04913428273748188,-0.14064680496268167,0.10415229969915529,-0.030525758787335988,0.06539065527985422,0.26033479619609956,0.06832147349960493
CCCATACCAATTCCTT-D1_Stim,-0.11856553254671809,-0.034380467594585795,-0.05791110700811597,-0.03348306540565105,0.11691772690970481,0.025853684645504416,0.08393219767579296,0.016153712873425263
CCCATACTCCTATGTT-D1_Stim,-0.20557999912872305,-0.054648803138988455,-0.2564841548604191,-0.03222702735715188,0.10000527488995736,-0.020326731205122073,-0.3361149611832239,-0.008669296948564664
CCCTCCTAGGCTCAGA-D1_Stim,-0.15517385691367203,-0.005093838918318383,-0.16003148653337185,-0.022535402113057046,-0.12455636532117786,-0.03602338374833103,-0.4608894225114817,0.015360950171075416
CCCTCCTTCTCTGCTG-D1_Stim,-0.12501580901873766,-0.05401294579550786,-0.11131075025561454,-0.05613115706308136,0.036039118666428394,-0.062366155102079546,-0.12608356187927328,-0.04024398799711015
CCGGGATCAATCCAAC-D1_Stim,0.03315163368437268,0.09843353426995449,-0.10786732644271702,0.08893790502144938,-0.2559784149913398,0.0563429389348471,-0.6024462850559917,0.06833628737853914
CCGGTAGCAGACGCCT-D1_Stim,0.011716718513007152,0.03721598096687373,-0.18364278167665393,0.09317209661543835,-0.05298685394987146,0.09664245649548242,-0.1052060336991083,0.0894963522700607
CCGTACTAGCAGCGTA-D1_Stim,-0.01785809664355753,0.0713319065940432,0.010746769709500725,0.0404512435893718,0.05914521807966722,0.04300294800801119,-0.07351541618764657,0.029845810830833486
CCGTGGAAGCAATATG-D1_Stim,-0.09087728966936126,-0.03930542486754085,-0.1706171755403263,0.04967012558093664,0.09118356835590902,0.06322749400128025,0.1075465377978162,0.04881919536184576
CCGTGGAAGGCCATAG-D1_Stim,-0.07637535431761044,0.020256806474002076,-0.06155743476660369,0.0022595039800030747,-0.048186783376211295,-0.02254972174179315,-0.0722838335731204,0.03661365056950494
CCGTTCACAGTCCTTC-D1_Stim,0.08924898877770637,0.12574963316787446,0.05997612429106969,0.06136712296567026,0.13320063499834411,0.11763679290312012,-0.4153444576543972,0.05483144585136479
CCTAAAGAGAAAGTGG-D1_Stim,-0.050966102146727366,0.019823360053729644,-0.03421489531614519,0.09038759843852695,-0.06220112840763825,0.05566691667724655,0.3721344029376521,0.026397937130262505
CCTAAAGAGCGTGAAC-D1_Stim,-0.052645447950379065,0.012104744433361958,-0.1273612109978286,0.06263901306436104,-0.06362311241675656,0.04313848027433309,-0.04474086466741767,0.057039373245391545
CCTAAAGGTGCTAGCC-D1_Stim,-0.13111082336020807,0.02079394552067093,-0.1769542102249595,0.14566713414017762,-0.16255462149580957,0.0544376058251288,0.3213315696201775,0.07414937219649076
CCTAAAGTCAGTTAGC-D1_Stim,0.05418960579843812,0.03422157088895261,0.13106004790869719,0.013245593371571829,-0.05138671256973204,-0.012030449685159539,-0.05093665666641112,-0.0009239850131343985
CCTACACAGTGGAGAA-D1_Stim,-0.039656889028560016,0.010637347956977905,-0.0069976004914025225,0.015028741947617164,-0.04542723269639204,0.008881387571262778,-0.028747909517985448,-0.0063687730823005495
CCTACCACACACTGCG-D1_Stim,-0.07797289338661173,0.042321116170434436,0.018081305852017948,0.0635576911210105,-0.16020500978005536,-0.009955440327630072,0.09644027288912582,0.04074275561083418
CCTACCACAGCTCGCA-D1_Stim,-0.045396516286686506,-0.012508007780398955,-0.11667447804692088,-0.010280194940326837,0.10761747051188486,0.053617529178247025,-0.19131758939796129,-0.0329765295958282
CCTACCATCGTTACAG-D1_Stim,-0.0857958398899612,0.0032601399297682576,-0.09401934713119076,0.06744755772122701,0.020898188337207912,0.07101161980073556,0.4280345236202745,0.03352060551330993
CCTAGCTAGTAGGTGC-D1_Stim,0.005923161511141473,0.0173448019826008,-0.08549522730658943,0.0959262697594756,0.0289676372539045,0.11301813488978496,0.10382759568998878,0.056467078365978196
CCTAGCTCACCAACCG-D1_Stim,-0.06378279714112445,0.07024980670785652,-0.047838191821536036,0.036737812931940894,0.055978278849002194,0.18736036820017965,-0.3057596790157362,0.056241481236167346
CCTAGCTGTTACGACT-D1_Stim,-0.07083467256078357,0.061221298787447864,0.021327946469110515,0.11716745933753892,-0.07874693477924843,-0.07270518759183986,0.2818313985158465,0.06498249681557411
CCTAGCTTCCTGTAGA-D1_Stim,-0.1794465224633388,-0.021272536932162467,-0.06272589453498068,0.028257443972542262,-0.02075717747114858,-0.10697050882739134,0.3761230920610821,-0.001937151889450206
CCTATTAGTGCACCAC-D1_Stim,-0.008620832393020805,0.0167647179857493,-0.0341990186651131,-0.013388952517836117,0.06344190251041404,-0.02604275148931734,-0.020933091037193208,-0.02659978818124209
CCTATTATCACTGGGC-D1_Stim,-0.15280062265549255,-0.055134336171493104,-0.1114374574643282,-0.06143157686967449,0.16790454885249417,0.02211853423694521,0.027630221435188673,0.0072018120566390564
CCTATTATCGGTGTTA-D1_Stim,0.09594760799282298,0.03563172098703404,0.11014664738258695,0.05892207527908688,-0.12385924862775255,0.0034655595688768415,0.08498138521721632,0.04371703726329912
CCTCAGTAGCCAGAAC-D1_Stim,0.036920967883812494,0.05458565410857652,0.1663100541780711,0.0021532174437766116,0.1620514570959699,-0.07375037416210617,0.07447753565849169,-0.015990951904248263
CCTCAGTTCTAGCACA-D1_Stim,-0.03285155908100812,0.09137236536004245,-0.12094626316113288,0.13354974468954062,-0.06814270737371864,0.11648334627279411,-0.20059923985077965,0.09351280294248632
CCTCTGAAGAACAACT-D1_Stim,0.06937367183173748,0.06991162375952342,0.139444315844516,0.09953763067839105,0.14850778531337205,0.06577101149540532,0.16805540723705725,0.07944862716290224
CCTCTGAAGCCGGTAA-D1_Stim,-0.008960775730793458,0.03747023355661483,0.031484207199619085,-0.07281644525156139,0.07870836451636087,0.030631167850735608,-0.29874552919639896,-0.05778225201335907
CCTCTGAAGGCTAGGT-D1_Stim,-0.054796783960577855,0.02678483121288444,-0.028107502851334232,0.13154442697431357,-0.04117606201462998,-0.15072167292744254,0.28996710080644306,0.044021963299028855
CCTCTGATCGCCGTGA-D1_Stim,-0.07259052221571416,-0.02137475596016003,-0.04877268648670707,-0.06367161811031785,0.005634347148943064,-0.01135820129234233,-0.1829699175441739,-0.03312176421804658
CCTTACGCAAGCCGTC-D1_Stim,-0.18082354717565075,-0.0453014407140504,-0.1563019479374157,-0.08859642317496963,-0.039382928910988824,-0.09286858648241925,-0.24238649012020375,-0.017286610312952533
CCTTACGGTCTAGCCG-D1_Stim,-0.1356270632191059,0.022353177721283757,-0.16089422463557135,0.030604824297974176,-0.02977743097095953,-0.05552788846697965,0.23388899344565317,-0.011856929816582706
CCTTCCCAGCCAGTTT-D1_Stim,-0.12199254830368922,-0.026918042316195212,-0.12951323751583654,-0.09091336833702535,0.08636599686323798,0.025256290561609163,-0.20199751591853854,-0.011149595786942967
CCTTCCCGTAAGTAGT-D1_Stim,-0.037973122140982696,0.07266650871254221,0.13538037822174598,-0.012116723912763305,0.1506720830072794,0.06280761101288945,-0.2802612542829195,0.005975553562670655
CCTTCCCGTATGCTTG-D1_Stim,-0.1582727956958756,0.014554522193686026,-0.22926638873988292,0.0656547972087207,-0.25213525293403016,0.02776437121131181,-0.2851885185321379,0.05761256462837494
CCTTCCCGTCTCCCTA-D1_Stim,-0.08907224795154711,-0.013960718735429367,-0.11006765961373866,0.07187588396452504,-0.011470917893277033,0.15374756153231317,-0.05118193186055109,0.05865830478307643
CCTTCGAAGGAGTTGC-D1_Stim,-0.07969131749854874,-0.03241729083523559,-0.06644041299845771,-0.05338573685008896,-0.011069016112122299,-0.04914530180341892,-0.19486866740868436,-0.03438617670427746
CCTTCGAAGTAGATGT-D1_Stim,-0.13129978226498373,0.05289784185755764,-0.26821976395453895,0.17626235504874366,-0.24777622214745598,0.050442426872114865,0.1937261153939822,0.10191953362861028
CCTTCGAAGTGTTTGC-D1_Stim,-0.08837572998859855,0.015587812734562334,-0.17380377555889925,0.09752306018309653,0.023362867461193204,0.09268107435461914,-0.016148544072592586,0.10273998315211053
CCTTCGACATGTTGAC-D1_Stim,-0.06713951275382435,-0.020114373629631643,-0.20580596593202571,0.225469992273565,0.030373015324045127,0.28248733581658847,0.42951625650172076,0.1310083702451763
CCTTCGATCAGAGCTT-D1_Stim,-0.018152122307840912,0.05587985623211722,-0.05618019428256904,0.039798551326523324,0.02200112382472419,0.0753750393046495,-0.3976932524974437,0.029568842374748883
CGAACATGTCCGTGAC-D1_Stim,-0.031009849836387104,0.0602566823576165,-0.013375260720004611,0.0625147760070881,0.03590903262245604,0.07980646375569656,0.017976028099926822,0.055909482974525915
CGAATGTGTTGAGGTG-D1_Stim,-0.06102857258152916,-0.039416683669598385,-0.08486118850025193,-0.04693981086249721,-0.029561061019728996,-0.007591698302769956,-0.19027766063941343,-0.0349175119450198
CGAATGTTCTTATCTG-D1_Stim,-0.07403607853883543,0.09017489055728056,-0.18573920245701903,0.13919676290524308,-0.22496538266442379,0.08330936755011464,-0.19868877519234474,0.12329902108520763
CGACCTTCACAGACAG-D1_Stim,-0.19247353663012134,-0.11166726578770891,-0.2592115651423361,-0.045131634956511846,0.043098377838472146,-0.07887899039566193,-0.2932424039145971,-0.04846395500851308
CGACCTTGTAGATTAG-D1_Stim,-0.1634674767117783,0.0012349591208824506,-0.12299164474076196,0.009487798641366396,-0.06431370850943807,-0.07512334157811296,0.2064202435236382,0.019212592737821055
CGACCTTGTGCCTTGG-D1_Stim,-0.004772411787614672,0.0006295196507082323,0.04514271126748515,-0.050811005735038606,0.12300870002048114,-0.0006141408337771992,-0.15618761229612943,-0.04726714440742086
CGACCTTTCCTTAATC-D1_Stim,-0.02568242123653164,-0.02735249013296226,-0.022048574497491202,-0.06248322503319059,0.04253918385257194,0.016155805568784487,-0.10109126834123927,-0.03379169215598132
CGACTTCAGAGCCCAA-D1_Stim,-0.12495785196719922,-0.01606191048195349,-0.2597902242770047,-0.010777047939363626,-0.07982112145329445,0.02363090853661376,-0.5974904968449,0.005763580502767596
CGAGAAGAGACCTAGG-D1_Stim,-0.05321097362878113,0.06270604118300405,-0.11684233275870426,0.10958470218951355,-0.0587516699678865,0.09802553690088445,-0.20772240440232181,0.07313241753968924
CGAGAAGGTATAATGG-D1_Stim,-0.0980053536707608,0.04857043523095861,-0.18594345547375113,0.12859176652665383,-0.2529674562022528,0.06680810111496172,0.1024609620715804,0.08497851174800886
CGAGAAGTCACAGGCC-D1_Stim,-0.15805964915048243,0.005253509780255072,-0.15548169198976147,-0.008830474215418604,0.06938834162048124,-0.03332105931658802,-0.4528021824660442,-0.005129480580015056
CGAGCACCATCGATTG-D1_Stim,0.03983794714501698,0.06603464549062821,-0.005263082937413621,0.05015268980703702,0.024318354970652933,0.07064451288946927,0.05271795738249985,0.023932891436242443
CGAGCCACAGATCTGT-D1_Stim,-0.1813117351406266,-0.01510804931284504,-0.15410027171519047,0.06096791487708053,-0.06970697968206174,-0.03360315842308559,0.4283339390969907,0.02126609979125682
CGATCGGGTTCGCTAA-D1_Stim,-0.08676159885580148,0.11318689704503626,0.012463991220041493,0.07312589730158159,0.08424680636393234,0.266718344633432,-0.4250333914252131,0.07253808832718533
CGATGGCCAAAGGCGT-D1_Stim,-0.08474958427708223,-0.0028588249505840935,-0.11466807775360799,0.055179869700019424,-0.022907742444846946,-0.23640162377777507,0.1809821629510786,-0.020934783783136623
CGATGGCTCAACGGGA-D1_Stim,-0.0303130697311893,-0.012319663830876237,-0.05841114760108024,-0.055258625601075195,0.0668502109535396,0.0034011820365957846,-0.09275814066961985,-0.03525567502887483
CGATGTAAGGAACTGC-D1_Stim,-0.07609557844804726,-0.029860340671849173,-0.07617922833737456,-0.059900094288368066,0.18068094566790727,0.0067691915108269995,-0.023949804314174372,-0.012622829600255514
CGATTGACATGCCACG-D1_Stim,-0.0964506208959115,0.09451151426511473,-0.17592452343845455,0.13561360769857522,-0.11426447284615548,0.11886245660841332,-0.29739329093172273,0.09724923552331077
CGATTGAGTCATTAGC-D1_Stim,-0.04043601334637614,-0.024786112798770077,-0.02655302132005577,-0.09725349806755901,0.0931708810220595,-0.02877491886616035,-0.0684584051423478,-0.07507009709615708
CGATTGATCCGAACGC-D1_Stim,-0.01579197148458711,0.043285005737118354,-0.024962269485851785,0.07785953777211141,0.0774985136577353,0.14307650846270725,-0.11274150903903823,0.07785855599928482
CGCCAAGAGGGATGGG-D1_Stim,-0.11762630760036608,-0.04377873207939942,-0.06459122857537469,-0.04643388807082438,-0.0184920578903629,-0.06868252392579599,-0.09627978177547547,-0.01842744705437127
CGCCAAGTCTGCGACG-D1_Stim,-0.11439467704246198,-0.022300797433349118,-0.056242374821763974,0.020995704215417632,0.08824417364233739,-0.005099832137897664,-0.1409266139754486,0.035105023055521656
CGCGGTACAAGAAGAG-D1_Stim,-0.015519200083254248,0.09532727211455239,-0.005896832711373534,0.08820256723766384,-0.03028454634772615,0.08248322236375749,-0.1268646970346321,0.05962220518513561
CGCGTTTCAGCTTAAC-D1_Stim,-0.06171292952803853,0.011208239942394727,-0.12433076225347062,0.056934358500642546,0.0006679016836983465,0.025622049529193447,-0.17383106090853673,0.064188336050778
CGCGTTTCATAGACTC-D1_Stim,-0.07511244043505627,0.021994921973353954,-0.15397608549385833,0.07298700083156184,-0.09007612873755377,0.0474361861943855,-0.15673244338130132,0.0813550770399658
CGCTATCCACCGAAAG-D1_Stim,-0.10065440119816671,0.035503859831866436,-0.19562018343474818,0.10994332847165289,-0.2050142867243423,0.07698636344388632,-0.11302119037958391,0.0900401663382926
CGCTGGACAAGCCATT-D1_Stim,-0.08062897176215067,0.05080979987683776,-0.039578943275556,-0.013062393270745432,0.037576382635128525,0.0731489807847634,-0.31269394383853744,-0.0006003413559430015
CGCTGGAGTGCTAGCC-D1_Stim,-0.15388762819965685,0.023247248436534917,0.040398957380338274,0.11525777805234405,0.033247875172873975,-0.09690536606185418,0.6572101931516556,0.040123285330494696
CGGACACCAGCTCGAC-D1_Stim,-0.16144262924394148,-0.042419502645534735,-0.2772463703531214,0.05739776986755807,-0.016088418759530043,0.09217568433207646,-0.1326302532146535,0.042209228744450655
CGGACACGTACGAAAT-D1_Stim,-0.08318155058797494,-0.06582070767125181,-0.07246682148225325,-0.08593174302466089,0.01464978106393211,-0.012619699777737026,-0.15770870639962098,-0.02803176107746097
CGGACACTCTACTTAC-D1_Stim,0.10756328931281978,0.04953750529180745,-0.004575112699241046,0.019955398437282668,-0.009791701056535373,0.019015898300240863,-0.07664304702168323,0.022223547945969813
CGGACGTCAAGCTGAG-D1_Stim,-0.011075228237826806,0.061594825917085316,-0.13146583252104538,0.14086915434251956,0.02340155709098468,0.15902748229923347,0.26507318823027504,0.08344551931562627
CGGACGTGTAAACCTC-D1_Stim,-0.031718394843437636,-0.039698496885279155,0.002139517829388815,-0.0976659117537455,-0.03831273017285497,0.013817140715554288,-0.1281500314015176,-0.061545189400929345
CGGACGTGTGTTAAGA-D1_Stim,-0.18199125965897345,0.006132910922007184,-0.156381096696542,0.13972401890575448,-0.21312102782433762,-0.017577175176761273,0.5588517565904674,0.05076510438591164
CGGACGTGTTCACGGC-D1_Stim,0.019052636036246184,0.015085144150088325,-0.03938247920085303,0.02796413057144065,0.05965063999421183,-0.018261211530841592,0.13951817993302917,0.017420851232834877
CGGACTGAGCTGCGAA-D1_Stim,-0.0163775615632904,0.06928334596530661,-0.01472392980641768,0.05494977562455716,0.07759409008542484,0.07647936227658825,-0.09084998545090706,0.045122039292875726
CGGACTGAGCTTCGCG-D1_Stim,0.07831538306839825,0.14097834812069898,0.33206234446497973,0.041433042741436665,-0.17791403665925998,-0.018312700218617195,-0.07031959481682826,0.02703385095269084
CGGACTGTCGCCAAAT-D1_Stim,-0.060152736452790734,0.048974280903243184,0.01432476994517451,0.016800205637659715,0.026036739224819527,0.152103790560556,-0.6471018365876908,0.0035574940239762043
CGGAGCTAGCTAGTGG-D1_Stim,0.08986420012563201,0.09179436194567359,0.015766211185477275,0.052530801882387124,0.0857120288403781,0.2504485745334595,-0.08060776988322971,0.05989619041516825
CGGAGCTAGTACGTAA-D1_Stim,-0.14638939645112892,-0.031261335965773185,-0.15516059939096483,0.02820687310244452,0.03300329884733344,0.01635121430979858,0.447895153752091,0.011648818809943506
CGGAGCTCAGTCCTTC-D1_Stim,0.022822329442421463,0.06818879926406574,-0.200442858945161,0.11618770895165831,-0.33996677208803305,0.06136259931986743,-0.26045851533247166,0.08873258651742866
CGGAGTCAGCTGAACG-D1_Stim,-0.09884706976344937,0.08558423789223824,-0.19138150378105756,0.15649848557998425,-0.2267893105853407,0.09697910826345968,0.1778721706794144,0.09655232659699031
CGGAGTCAGGACAGAA-D1_Stim,-0.1461971652538523,-0.000828079989084074,-0.03669597576416095,-0.03612160713929846,-0.002114253937465449,-0.04630233195699063,-0.4867916409930828,-0.04165247511797254
CGGAGTCGTAGCGTGA-D1_Stim,0.006568850451886377,0.010230545097552834,0.025450618336959607,-0.049170625391020906,0.06544498451759573,0.052246163411911795,-0.1658133454013644,-0.054307120648555696
CGGAGTCTCACAATGC-D1_Stim,-0.06339055717014297,-0.0076112674864621255,-0.09924683920847599,0.06907361588304717,0.024137613152214854,0.020867096050730893,-0.12438219844581866,0.07447861130196465
CGGCTAGTCACGCATA-D1_Stim,-0.05092290807580291,0.10370332316974462,-0.08023251491768146,0.14973733831451774,0.03727440157183182,0.1445697235876917,-0.012151238004969755,0.09487501405910059
CGGGTCACACGGCGTT-D1_Stim,-0.15756914901339059,-0.04436912060534581,-0.12247960117213719,-0.01952993389193658,0.0178317379992059,-0.05829244587150839,-0.034700522296880365,0.016849469384448312
CGGGTCAGTAGGCTGA-D1_Stim,-0.17637416174262022,-0.09086904410671615,-0.27453561949033034,-0.01181358792349485,-0.06022713382374967,-0.0854561216585239,-0.0985816675504374,-0.04355161835605692
CGGGTCATCATGCTCC-D1_Stim,-0.17683085716378955,-0.0012863342630939911,-0.12390701545468819,0.004815880591324984,-0.003656025060948309,-0.05716902224473941,-0.041859946108026236,0.026154493886066277
CGGGTCATCCCTAACC-D1_Stim,-0.1171351998152339,-0.03169421175560849,-0.03874772974638141,0.021381678950818994,0.023454364053044685,-0.12727625816922838,0.33614114302941367,0.0049515426098363235
CGGTTAAAGGCAATTA-D1_Stim,-0.20066484269181828,0.06660465363588308,-0.3069744821171039,0.22369786683117177,-0.13667323754719618,0.10182605331639394,0.5420914228455054,0.1200862605313322
CGGTTAACAGCGAACA-D1_Stim,-0.17176559872381958,-0.039101759268076464,-0.15851083630154417,0.010068425954317561,-0.09396783848299428,0.017605467004546682,-0.38443600787831045,-0.03140988090131103
CGGTTAACAGGGAGAG-D1_Stim,-0.19900799475116138,0.018397512168141006,-0.4141348396557092,0.23358882408150272,-0.20986737469989336,0.1491558671180364,0.43498654380881696,0.09574909597945158
CGGTTAACATCAGTAC-D1_Stim,-0.12662952262361316,0.0099530452030141,-0.08754803258028865,-0.0052051879365713205,-0.07730291341414208,-0.04497445773839104,-0.15842820942069835,0.021205053239325977
CGGTTAATCCGCTGTT-D1_Stim,-0.054605695523720854,0.02829403625880289,-0.09971975331945515,0.06571520353198679,0.07196448957757617,0.09775185006131615,-0.04024793571469765,0.053805476780517836
CGTAGCGAGAGCTGGT-D1_Stim,0.014042759333154464,0.04068857722610808,-0.03916229730769594,0.050096940601340734,-0.0016520429725783714,0.041366115669726256,0.026867328707144367,0.010130132774351708
CGTAGCGAGCGATCCC-D1_Stim,-0.014014194189000406,0.12002668230916314,0.12913161064309886,-0.04314603156408481,0.19773973301047576,0.06001370365793157,-0.6155195767968511,-0.024372421658434007
CGTAGCGCACTCTGTC-D1_Stim,0.002652158884465905,-0.04345143138007401,0.00514319537493968,-0.11145886042603514,0.058366651525902924,-0.010764442365895022,-0.15325691600047975,-0.07672313644828499
CGTAGCGCATCTACGA-D1_Stim,-0.08059404460149366,0.08976936392301127,-0.12104691150948099,0.16685168061895617,-0.016697708565265756,0.13922688189907717,-0.06958103405794702,0.12219134030017997
CGTAGCGGTAGAGGAA-D1_Stim,-0.05821691364193171,0.08341685250746167,0.4645045672796293,-0.05722891682718512,0.5551548632076209,-0.07785861782583936,0.2595667185072017,-0.066162684287427
CGTAGGCCACCTATCC-D1_Stim,-0.09709236763160156,-0.03687996641398428,-0.09218345418859375,-0.06911465613675993,-0.007707671553834672,-0.06381509629392212,-0.17641020647277728,-0.038631044085274624
CGTAGGCTCACTTACT-D1_Stim,-0.06207592284704866,0.050219074216311554,-0.10507576977689936,0.05002100650094832,-0.05919851455158032,-0.03337125997630608,0.12349666012144667,0.03420668180557662
CGTAGGCTCCTTAATC-D1_Stim,-0.11038530350658249,-0.004035166509652299,-0.09901952648394108,-0.006167776734551822,-0.019482307854154612,0.008997320401103792,-0.16847355686957144,0.036499437216198416
CGTCACTTCAACACTG-D1_Stim,-0.14670484395009176,-0.03910490395997357,-0.12292968750950273,-0.07401580604857116,0.048499718239975564,-0.05981716982507557,-0.15454376050143637,-0.021806956912298503
CGTCAGGCACCGATAT-D1_Stim,-0.066065127865361,0.010629950583787462,-0.17514195623912787,0.009767961229275812,0.03140642169037022,0.060277233860722035,-0.17222646948707165,0.026633415972726837
CGTCAGGGTGGCCCTA-D1_Stim,-0.03678362352411746,0.015880398166265408,0.07312733649127612,0.044266271964190196,0.05649950902802203,0.045690685507773665,-0.1067908798962307,0.03229846176049911
CGTCAGGGTTGACGTT-D1_Stim,-0.023183185012983998,-0.03854727821671311,-0.05477600276881667,-0.08814757203049695,0.15578681642460346,0.05346566939635089,-0.1815198648806735,-0.040342290801469005
CGTCCATCATGGATGG-D1_Stim,-0.11911727354022084,-0.03983278620844821,-0.04627213275486497,-0.020546509847234162,0.025483393212015315,-0.044276787863319456,-0.05481551119407868,0.010831840256777525
CGTCTACTCAGTGTTG-D1_Stim,0.065258093762532,0.03213796353305298,-0.2816179005665802,0.08233254529548972,-0.11668813254351029,0.24694707441848784,-0.2930315449706793,0.0649897360042182
CGTGAGCCAATCGGTT-D1_Stim,-0.12442005522968635,-0.02444473500035471,-0.09298239215099091,-0.0264333805620236,0.04360064008360709,-0.05221048906748571,-0.04196781100126046,0.03086068512029705
CGTGAGCCAGTTCCCT-D1_Stim,0.07402687916814266,0.10831577372539236,0.07307976898313484,0.08666359552764824,0.0680666930337992,0.09978020214796679,-0.478013652895962,0.07155651987087452
CGTGTAAAGCACGCCT-D1_Stim,-0.05739113785160832,-0.012817681585547192,-0.00828531000773669,-0.03656009564347684,-0.09077559916049971,-0.03933550633756866,-0.14882576412992066,-0.038924048756285856
CGTGTAACACACAGAG-D1_Stim,-0.07827404465755983,0.01670218347128838,-0.00900278721483705,-0.00723405201828875,0.09860372129084993,-0.08471250129023211,-0.1778880964260683,-0.024340915937655083
CGTGTAATCGTTTATC-D1_Stim,-0.04036242711498517,-0.011157352517816577,-0.032781838427029086,-0.06873014414386347,0.07660573698176165,-0.006203140683767927,-0.15419420845166343,-0.014382452669448043
CGTGTCTAGGGTATCG-D1_Stim,-0.13194628045494206,-0.037585939043086825,-0.14482254155429075,0.05165865246502932,-0.007312103007068416,-0.007715825782021568,-0.11756570572577374,0.05906150899580531
CGTGTCTCATGTCCTC-D1_Stim,-0.09295760927421703,0.010519553648155267,-0.07439378022844956,0.06419619371868635,-0.2536195529905978,0.0012302242660222618,-0.12734324986376855,0.04479702302172939
CGTGTCTGTTCCATGA-D1_Stim,-0.1357005619490188,0.012302532430267021,-0.14095782752026853,0.11525856316143113,-0.11824593369320446,0.0650311097114109,0.009230847756498406,0.07640513876139643
CGTGTCTTCACAATGC-D1_Stim,-0.02257203558094467,-0.012516543739884867,-0.039806649191029386,-0.06666589672254553,0.02169767855188276,0.008814219632373721,-0.08984211490521332,-0.01920017213426206
CGTTAGACAGCTGTGC-D1_Stim,-0.05315437721089644,0.06451903256364666,0.4594145527158773,-0.010741425681572991,0.27924460494533676,-0.13607111630584612,0.1848113320853333,-0.0064819781524754205
CGTTAGAGTCCAGTGC-D1_Stim,-0.14308254490129713,0.05200823574027602,-0.25674037417720097,0.21736078943182058,-0.14869325849518233,0.2594484795368128,0.5965415198974693,0.13290884156952743
CGTTAGAGTCTGGTCG-D1_Stim,-0.014921311424140882,0.05618423462838429,-0.07343569651268211,0.09729200576895813,0.09999576166069879,0.08094126117392975,-0.16280809823695108,0.06012453171125287
CGTTCTGAGAACTCGG-D1_Stim,-0.0477308794533311,0.04776966537085059,-0.09278649714258691,0.029161151813504205,-0.02466364125722542,0.0036751380240982456,0.10925732122084497,0.0166576546403423
CGTTCTGAGTACGTTC-D1_Stim,-0.16443594011995266,-0.031032731288039628,-0.07785069377557985,-0.014825321014049209,0.05034519221957012,0.0070850433055387185,-0.20903486069775923,0.016833172233189586
CGTTCTGCATAGAAAC-D1_Stim,-0.1692863999073868,-0.05264511635446745,-0.29592100676992317,0.03178891597128164,-0.16877230135494514,-0.019950800121016243,-0.19702185210091017,0.04114461428153149
CGTTCTGTCTAACTCT-D1_Stim,-0.03779035410007303,-0.03310622395963492,0.026054884324390848,-0.11124371166087954,0.11602860758449651,-0.0016905745898849744,-0.089763051778327,-0.06744762978525642
CGTTGGGCATTCACTT-D1_Stim,-0.02880154527983869,0.12144559980337277,-0.08240339969070742,0.15239243292141502,0.0763522713033673,0.12382921781504486,-0.10321982162751908,0.0796347644911588
CGTTGGGGTGAGGGAG-D1_Stim,0.04237764828150503,0.05218298551178435,0.08515758248975658,0.03643139860517053,0.09775451727477069,-0.011624816602378019,0.0012644215624515454,-0.00991430977709662
CTAAGACGTAGCTGCC-D1_Stim,-0.04738462956371592,-0.015954406492923567,-0.03191226625158006,-0.05071875039936735,0.0010127494522471636,0.0061092645790559175,-0.11039760498574935,-0.020310024679435656
CTACACCGTTCCTCCA-D1_Stim,-0.032824735521749915,0.04703044443634141,-0.010029588458812633,0.041385032766234175,0.06603909980011657,-0.0337345683512158,-0.21052798455436772,0.019750330688614426
CTACATTAGCTGGAAC-D1_Stim,-0.1064830771665104,-0.015560997508780261,-0.1338242786735515,0.029384996970629018,0.045598340220575295,0.0402499057746315,0.05867034781239866,0.05346666386229515
CTACATTAGGCTATCT-D1_Stim,-0.13971466844073177,-0.09626224811260897,-0.13824248174561227,-0.06566348878073569,0.072129016642279,-0.048576773342210444,-0.1672077435179098,-0.029481570270430524
CTACATTCAACGATCT-D1_Stim,-0.08505308574799209,0.06404535465013339,-0.08364788026633718,0.03857950009052935,-0.1510142119462472,0.05183722316670902,-0.3582813882493525,0.02000617724513276
CTACATTGTCTAAAGA-D1_Stim,-0.04647315358031001,-0.0008362011204656739,-0.09092213629755008,0.012423723576530321,0.032697125150958684,-0.020828515995193086,-0.06809750781973278,-0.007794749668867951
CTACCCACATACGCTA-D1_Stim,0.04185535792304229,0.07009388721801102,0.05569707228591181,0.001127440982909178,0.05156772259790898,0.08066426797078918,-0.06668499058639554,-0.02349800300560645
CTACCCACATGTCTCC-D1_Stim,-0.16214115485825786,-0.036552760532405415,-0.06855032541330441,-0.038426864274425654,0.05354449923795812,-0.005042015868648164,-0.18737333254414068,0.023891609235441535
CTACCCAGTTTGACAC-D1_Stim,0.011912555666073743,0.07936011755919203,0.04919683223525695,0.015525896975226772,-0.12724858597779054,-0.03213001944066285,-0.013581400000447275,0.020093201869430644
CTACGTCAGTCGTACT-D1_Stim,-0.1006872087834143,-0.027023303587693448,-0.21359990858442757,-0.011903412369655086,-0.010043703090060419,0.02894562823093061,-0.1833661436707068,0.0008825764645710166
CTACGTCGTTGAGTTC-D1_Stim,-0.0779525811579429,-0.024665304029202417,-0.11530025163899804,-0.05155255178202367,0.02241744429474224,-0.05468634171700337,-0.22190313914717663,-0.004428606059601492
CTAGAGTAGTCGATAA-D1_Stim,-0.07874016844611909,0.07253901081462644,0.10171524591805259,0.036081306978653416,-0.16699800874945403,0.005753883584741715,0.14331769752438994,0.018036332703244895
CTAGAGTCAATGACCT-D1_Stim,-0.1799454800989917,-0.03408369696061264,-0.229404432957514,-0.0356352501011834,-0.11111059256481504,-0.05058898936654366,-0.4653363000600663,-0.005194591426969097
CTAGAGTGTTGTTTGG-D1_Stim,0.0042728398379559,0.07802292805363287,-0.17684422718037318,0.1301114668228216,-0.09457935432502396,0.1865641032310208,-0.21886410708405357,0.10324497834139024
CTAGCCTAGCTAAACA-D1_Stim,-0.07095070351087429,0.08542748575295,-0.14660072392617796,0.15244563774292708,-0.2030978111303554,0.06720745795969307,0.06399155752730046,0.09930679667264819
CTAGTGAAGTAGGTGC-D1_Stim,-0.03488637915494586,-0.011481921277365359,-0.0647681207362174,0.045338722494113526,0.006043538419236327,-0.1311582249973391,0.095103105898108,-0.009231710220571898
CTAGTGACACCATGTA-D1_Stim,-0.0802849071274423,0.07062596526763976,-0.1546890957174183,0.1314826282822903,0.05025740791900368,0.07567806289513967,-0.07915891855192392,0.06770317868359932
CTAGTGAGTTAAGGGC-D1_Stim,-0.09685657086143529,0.05752557116756485,0.019334137743268087,0.12803676268275765,-0.13449015428135702,0.008120094898419694,0.43763197031614354,0.06504222208304
CTCACACTCCATGCTC-D1_Stim,-0.04104473900505923,0.038362976087499945,-0.10586577689057819,0.047091822318062526,-0.03947289527228648,0.060640932782833445,-0.38623154337015997,0.06140260396635888
CTCACACTCTTCTGGC-D1_Stim,0.01134611438368438,0.0851989624060554,-0.18034263148885188,0.12774807997884885,-0.25866616142087473,0.08141908107306506,-0.08739607595827614,0.09092778165450355
CTCAGAACAGTATAAG-D1_Stim,-0.10188974216017854,0.054068757538477286,-0.1715878788217582,0.1606606287852994,-0.16651986066931812,0.14853423901298868,0.36692646348818414,0.11699693965675628
CTCATTAAGCTGCAAG-D1_Stim,-0.07573018227525985,0.04800762249695012,-0.1723794303733568,0.12579941933513972,-0.10291038392490925,0.10393628856350112,0.16207643599688737,0.09398848069763055
CTCATTACAAAGGTGC-D1_Stim,-0.13833445234350883,-0.012756213349033985,-0.1652099648170342,0.06520108986387463,-0.0015749487118714711,0.04160256401975637,-0.20095790735551233,0.07020085861100256
CTCATTATCGCCAGCA-D1_Stim,0.015049147135956176,0.1013624432643212,0.2712245066934962,0.003399828403738425,-0.02930155078478336,-0.08502201485995364,-0.054458351019842866,0.029059433486429143
CTCATTATCTATGTGG-D1_Stim,-0.023769146734265334,-0.010031061686351705,-0.03306093370227714,-0.03994103828297568,0.11462167366993192,0.04436540260239141,-0.05553947852123997,0.0011449213624707966
CTCCTAGAGCTCCCAG-D1_Stim,-0.1180705416861656,0.05939251897244091,-0.19619792892066368,0.05921280700812659,-0.14670676081147782,0.035924265294617896,-0.14906419986259856,0.03445711278462049
CTCCTAGCATATACGC-D1_Stim,-0.04721403869189267,0.019258599837348456,0.024939134490150394,-0.0019439452519289802,0.050462879237734626,0.027625815758224093,0.01803274104767283,-0.024217862496946907
CTCCTAGCATGGTCTA-D1_Stim,-0.16438612722303247,-0.03382641040469103,-0.30958299474446527,0.07874231372757023,-0.011543198522019793,-0.015006323760662355,-0.1768317091414069,0.04251911852675505
CTCGAAACACGAAATA-D1_Stim,-0.09353705979667026,0.03434254838250261,-0.04649507873839731,0.0199498126741382,-0.09445162742403568,-0.0464812169693225,-0.35875732152852713,0.013667730771084408
CTCGAAACATCCTTGC-D1_Stim,-0.10774718163194485,-0.06151286747797435,-0.06122314887690017,-0.06169692899445067,-0.03127564338170252,-0.043617247423611616,-0.07838590612393759,-0.04821725567977886
CTCGAAAGTAAACGCG-D1_Stim,-0.036776407777738385,-0.021216531236333935,-0.02779148541334031,-0.09123266260720087,0.07573417439184915,-0.040442422644948905,-0.1610527872957057,-0.03152865355531631
CTCGAAAGTTAAGGGC-D1_Stim,0.017404194818904983,0.0861054228076803,0.05124631218656006,0.049036288619392465,0.1097810554880514,0.1983991929675284,-0.3685848069328568,0.05946883214358323
CTCGAGGAGAAGATTC-D1_Stim,-0.0853506495288503,0.009776633304356963,-0.07965143925448182,-0.03479417015462083,-0.008625583452193553,-0.010507863009340923,-0.20331929510160762,0.005605644176000624
CTCGAGGCAAGGACTG-D1_Stim,0.0590093963315681,0.10299957647531777,0.050694984272890764,0.049943650915242443,0.09354883108692391,0.09715778402298447,-0.12146899620752905,0.03275869809871246
CTCGAGGTCAGCGATT-D1_Stim,-0.09128201723020801,0.005370742339986023,-0.07144477892898049,0.04411586038202486,-0.08083418837731138,0.05106074857209464,0.02109453537272543,0.04231853805926811
CTCGAGGTCCCATTTA-D1_Stim,-0.1844975913407385,-0.020449828834543382,-0.22558179255814093,0.03586218867824975,-0.0995710256308584,-0.007541501894348102,-0.19294473739898876,0.029490620885143315
CTCGGAGAGGAGCGAG-D1_Stim,-0.08746531948031411,0.04459725062623221,-0.0687778532743728,0.06178749661597038,-0.1994554854476469,-0.042921308586642226,0.05962265963915847,0.020035964744531398
CTCGGAGCATAGGATA-D1_Stim,0.017644832561394708,0.05275128722747091,-0.19208953537813755,0.11896364752307953,-0.22851756093165676,0.05410514711614489,-0.19508852925183184,0.09162495926660519
CTCGGAGGTTTGTGTG-D1_Stim,-0.07416745278124814,-0.00525023537809588,-0.010735084509374104,0.0016699157035962031,0.02622905823061572,0.0013754371969607604,-0.049416156435899694,-0.014255040212159287
CTCGGGACACTGTCGG-D1_Stim,-0.11553842236447842,-0.04907074221419805,-0.08361742967235042,-0.12587931495280635,0.10555362313678351,-0.06181446268606727,-0.23992528037916117,-0.06572611842577913
CTCGGGACACTTCGAA-D1_Stim,0.03880638273849257,0.05478496637923236,0.15036071476966306,0.010992623972438054,0.10387232201492758,-0.11975393468770434,0.17893473463947096,0.013432562880780097
CTCGGGACATTAGCCA-D1_Stim,-0.06635516289901844,-0.0019905342610755383,-0.05622345857434752,0.028698173676820815,0.0018498925255290288,-0.028752293923457017,0.118212524936391,0.002199613583465876
CTCGGGATCTTATCTG-D1_Stim,-0.14118947723353337,-0.053944780401527836,0.004885104379457772,-0.06179905237214456,0.030615945154385926,-0.05310061355046791,-0.05586091816027405,-0.020835446402367452
CTCGTACCAGTGGAGT-D1_Stim,-0.02285691584774696,0.1830086046759689,0.001115824219484196,0.062280436742193857,0.08540933849817733,0.061358843805933816,-0.6917499708268835,0.018017964359334115
CTCGTACGTAGCTGCC-D1_Stim,-0.08130331337286911,0.04951105124802524,-0.11878440632295106,0.12505587921248384,-0.15394849133603294,0.06285029168282108,-0.20729389971861067,0.08177106917725929
CTCGTCATCACAAACC-D1_Stim,-0.0460965405832745,0.05993179842794305,-0.08963949796580728,0.15636655965368895,-0.07173334462715175,0.10062708697567935,0.24074763682422073,0.07785775287456609
CTCGTCATCTGCGACG-D1_Stim,-0.052407765647139115,0.11546519171509573,0.6195596809450201,-0.07797052065811805,0.3144116266189183,-0.2051067571930556,0.028494192069124402,-0.057005217615959225
CTCTAATAGAGACGAA-D1_Stim,-0.12303865758744159,-0.03163049699182352,-0.20616828124756204,0.007716060064476338,-0.04886539947688995,-0.011780225604432815,-0.10139803567227901,0.012350026509967194
CTCTAATAGCTCCTCT-D1_Stim,0.10915216206097433,0.16328361382326584,0.20314431529295973,0.031666808275018,-0.1122490676149166,-0.06933199596774386,-0.025528685162678144,0.043603552537359036
CTCTAATAGTGTGAAT-D1_Stim,-0.06672929817954021,-0.02627458108116798,-0.04200078532311213,-0.05699441834127583,0.09624142161276339,-0.11212244816197092,-0.08847608399651108,-0.038445805100648656
CTCTAATCAAAGCAAT-D1_Stim,-0.0495376080892207,-0.026449444262850008,-0.014863315971165747,-0.05452677278043261,0.12083735748696256,-0.04807450427375848,-0.11616865405763122,-0.04311633542570448
CTCTAATCATGGTCTA-D1_Stim,-0.07453660329645118,0.03793529338767598,-0.07945822936045221,0.0468197867153588,-0.21920130027421614,0.018493876138464316,-0.5380833136611898,0.024556641247404087
CTCTAATGTGCTGTAT-D1_Stim,-0.13397328519063478,-0.04222250503107361,-0.08685878846624018,-0.03133678745834345,0.030893444193276665,-0.058942578039454574,-0.08061658350520773,0.0006852956137919364
CTCTACGAGACTAAGT-D1_Stim,-0.03527153157791041,0.006415948338521105,-0.04924464880896906,0.011174077221856038,0.001611393197864075,0.005441361851387327,0.04608082956642434,-0.02229758703491136
CTCTACGAGTGTTGAA-D1_Stim,-0.01941793877246134,0.02768353898446918,-0.14475737784815834,0.06285900847733394,0.005657260384152707,0.10857173449354818,0.08985138458161224,0.030451099010312177
CTCTACGCATATACGC-D1_Stim,-0.05099535820620815,0.021839258622916802,-0.01079816799911093,-0.0094052087887313,0.07312759334968888,-0.02342422225611962,-0.10632368525772762,-0.002819040595138489
CTGAAACAGGCTCTTA-D1_Stim,-0.1066732835783526,-0.02076953580929164,-0.07677428778963868,-0.0723783364452455,0.050696920611535745,-0.010654497226065374,-0.18498555290741336,-0.018802932668160466
CTGAAACAGGGCATGT-D1_Stim,-0.17403008641004014,-0.005107305606504298,-0.19872965596633385,0.09918813818609884,-0.049754626929940926,-0.040426914347404974,0.6015371734315824,0.03885345144272456
CTGAAGTCAGCCACCA-D1_Stim,-0.01063959169632156,-0.02631887739352301,-0.025901393500089576,-0.12106092911504263,0.00503846154823151,0.016549853493895483,-0.1587772776686016,-0.10178713412609675
CTGATAGGTCAAAGAT-D1_Stim,0.020070732899773347,0.06545644242020288,-0.302091390386531,0.13769296709375567,-0.2565032761803039,0.04869313843166623,-0.19712642830443095,0.11241832260555285
CTGATCCTCGTGGTCG-D1_Stim,0.059169144534838125,0.10175051789070189,0.1499499262195929,0.05659747514400415,0.20609009271459655,0.14167525963521044,-0.18808993207318103,0.06648071861659588
CTGCCTAGTCAGAAGC-D1_Stim,-0.07395267197939148,0.027053059687450087,0.0007039207582444362,-0.05382109908264887,0.09548401589140809,0.014022777243445361,-0.24012557465090012,-0.0531716811374654
CTGCCTAGTTCCGTCT-D1_Stim,-0.023927915364858166,0.07295157518216477,-0.007283828124611702,0.03126953322403914,-0.18937817061280882,-0.02227790049231082,-0.37996935884244465,0.029021184623733376
CTGCGGAGTAAAGTCA-D1_Stim,-0.05319519422964092,-0.014737561021290091,-0.060774979261611684,-0.049073150703998536,0.12736771334687091,0.002548695568531656,-0.11960227218040487,-0.011107547869956491
CTGCTGTAGTCGCCGT-D1_Stim,-0.03168328289626565,-0.021578853713988266,-0.008383081790850788,-0.06354382149479498,0.13682854179711157,0.004705345096661873,-0.09714319647661895,-0.030094304206549793
CTGTTTAAGCAGACTG-D1_Stim,-0.16429377606098683,-0.009873003114476475,-0.2459180564288248,0.10715258056989896,-0.25587085025953904,0.07913917074380983,-0.06338249036845411,0.10118250983854793
CTGTTTAGTCAGAATA-D1_Stim,-0.15676445401669348,-0.05325745830111295,-0.27591893756593766,0.05262270295060212,-0.13214132888771957,-0.006174541201572126,-0.3476424900862547,0.024397090232930907
CTTAACTAGACCCACC-D1_Stim,-0.12873551887155266,0.006981405425912968,-0.16496855320029002,0.004080026687580229,-0.05743302057043387,0.013401918216782605,-0.12957865832617443,0.04393295609823156
CTTAACTCATGCCACG-D1_Stim,-0.07839240634254097,-0.023665304239882445,-0.028388851800070114,-0.06910770821451706,0.04800065753466498,-0.05854809411594886,-0.11824802694041026,-0.021752816362297978
CTTAACTTCAACGCTA-D1_Stim,-0.0481386466897753,-0.0355560940044235,0.0022004585731307813,-0.044722761682431056,-0.028937821169668254,0.003027998001845944,-0.12157128675996631,-0.031157690995451404
CTTACCGAGCTCAACT-D1_Stim,0.05467913541776426,0.07799063616647217,0.02685475080041755,0.03847848580351254,0.05148038856720838,0.09981463398408508,-0.09777144715360109,0.036772945940663604
CTTACCGCACACCGCA-D1_Stim,-0.07169419037273883,-0.014486352259995172,-0.028090721157572496,-0.03222896735321257,0.0890004760860652,0.018900685419827923,-0.20235408056337434,-0.017583047147430975
CTTAGGACAGCGAACA-D1_Stim,0.037611215117518526,0.0793700629149523,-0.0072291405197324465,0.07096640342721372,0.0654333975576531,0.10662809410703034,0.07439032698157355,0.033809345936427704
CTTAGGATCACCACCT-D1_Stim,-0.13409353052351314,-0.03913833317226256,-0.1773233558374976,-0.0009286765124230101,-0.12212638997981173,0.0233947181897598,0.17933619066302597,-0.015229729834537409
CTTAGGATCGGTGTCG-D1_Stim,-0.008854732131952758,0.037378017163478106,0.05119573607886707,0.07692173861102347,-0.002215715905734328,0.13793627557272714,0.12298956907481617,0.055713542780564396
CTTCTCTAGTACGTTC-D1_Stim,-0.022991298878075384,0.0026204411928212323,-0.011018595524578956,-0.05695592789632187,0.1706829157669425,0.01609158393900323,-0.13875975189201384,-0.036570880463797195
CTTCTCTAGTCATCCA-D1_Stim,-0.2071333541217033,-0.004852295750497504,-0.3014683818266901,0.12719711055129324,-0.2771361120885434,0.22767916744483863,0.3820298895469527,0.05030689289440993
CTTCTCTGTACATCCA-D1_Stim,-0.04517241189076593,0.03142834090919777,-0.10665513396708715,0.06693098910803563,-0.08136752246941015,0.07786090565395476,0.0162053065898089,0.00101134988232765
CTTCTCTTCCTTTCGG-D1_Stim,-0.16427589019497368,-0.041909575764686124,-0.17471959558343553,-0.020699553240799418,0.0276970323045731,-0.02176152114552643,-0.17375125989237716,0.0060086086858532894
CTTGGCTAGAGTCTGG-D1_Stim,-0.03559800570219629,0.12126035683043135,-0.1540151243124246,0.18458573467600736,-0.04055661564617985,0.16749076035818078,-0.047580615402678106,0.1399184652614629
CTTGGCTAGGAATTAC-D1_Stim,-0.08965331447559066,-0.03756621454610887,-0.09428868717041983,-0.10060117056693763,0.16658498085035056,-0.013951397417530487,-0.1679331314653396,-0.04356865319035563
CTTTGCGTCCAAGCCG-D1_Stim,-0.12588700731579294,-0.0476053360855726,-0.1247454301928057,-0.03691903514468109,0.00710761641674118,-0.06445905042557776,-0.15865140474690165,-0.008510103078766207
GAAACTCCAGCGAACA-D1_Stim,-0.15034054313159118,-0.04798728335011759,-0.30749503020899205,0.03972661356932683,-0.04818576331293123,-0.020223296628543608,-0.21117357742426535,0.03516825187838002
GAAACTCCAGTCCTTC-D1_Stim,-0.16384305436091573,0.05062025363782929,-0.26220340634002337,0.20231847198958341,-0.02172390349407749,0.17983786567202387,0.42961744148290393,0.12709755593875016
GAAACTCTCCCTTGTG-D1_Stim,-0.08080356018187906,0.020142878597802394,-0.042465063795562585,0.0332910411014975,-0.07691089886758995,-0.02408602428551987,0.26515668893256894,0.012562468815835004
GAAATGACACTCAGGC-D1_Stim,0.08645206675926786,0.10312809628292108,0.10079782722393649,0.025725530568834643,0.11819684595128344,0.14630248375869925,-0.07821919434913305,0.005145567534238893
GAAATGAGTCTCTCGT-D1_Stim,-0.024048314504531376,0.04716588752567219,-0.014170791916514602,0.0038002182266101414,0.004319688854813819,-0.053144243869775565,-0.08356311172376873,-0.011541382080931584
GAAATGAGTTAAGGGC-D1_Stim,-0.10686187424581561,-0.03758168827529573,-0.09011565840682323,-0.06829775275560657,0.08103754467260593,-0.06275724601226429,-0.1872288526872552,-0.023456086816592503
GAAATGATCCGGCACA-D1_Stim,-0.1156457355114675,0.06553263813364119,-0.1550454541548243,0.11042813515132899,-0.17731232203815495,0.025347248196128547,0.0326404364930184,0.04386720044600345
GAACATCTCCGTACAA-D1_Stim,-0.14270805514701657,-0.012293617344097285,-0.1791348074144965,0.0021835538341701266,-0.08337283408432583,0.001463057746757812,-0.10849595094823172,0.00012988412221659473
GAACCTAGTCTCTTTA-D1_Stim,-0.03973667698578254,-0.014334849050774423,-0.08944489697740643,0.10833489996136869,-0.23985921067909288,0.07453940736531095,0.08282454874916034,0.04944486201960174
GAACCTATCCGCAGTG-D1_Stim,0.02153979682244689,0.06160710347013598,-0.10872327874642718,0.04902003539970856,0.009006809807125649,0.08787110583893032,0.1854342044592201,0.01779329607609803
GAACCTATCGTTACAG-D1_Stim,-0.17800048120196088,-0.0415601993514958,-0.349408578717501,0.1810978195454762,-0.046466778057000724,0.1605155060025698,0.7589108740160206,0.03593760077038688
GAACCTATCTGCGACG-D1_Stim,-0.04580085848656168,0.019468712831450574,-0.013485792928717544,0.08233891583261155,-0.17773568875212398,-0.046232641303292965,0.15655403982031935,0.04032971551953679
GAACGGAGTACAGTTC-D1_Stim,-0.07916664548070251,0.014392607999869966,-0.12673017736920045,0.06850494861986434,-0.09973142977822747,0.1337236897116032,0.1828572354027127,0.018898532853347305
GAAGCAGAGAGGTAGA-D1_Stim,-0.022725613466565875,0.02774882495744535,-0.12371366807572404,0.08295066945187024,-0.07154470542572255,-0.020970700119921304,0.18014933817645762,0.04287899767591874
GAAGCAGAGCCAGGAT-D1_Stim,-0.115870391838369,0.05318194215697858,-0.05067555765183496,-0.02236650518882044,0.04815550875828478,0.08222853206694403,-0.4766987638658975,-0.012636513707485975
GAAGCAGAGGGTATCG-D1_Stim,-0.04307032846936032,0.01743354430139732,-0.1468787721947571,0.037214474791445795,-0.1768720512640396,-0.01996956717734122,0.015627103329748593,-0.01640160754739739
GAAGCAGCATCGGAAG-D1_Stim,-0.09988444982037947,-0.026041705539208593,-0.01384237437720337,-0.03221630893398597,-0.04831626217344365,-0.05902578972368744,-0.1542966245002546,-0.03307319642397033
GAAGCAGCATGTCTCC-D1_Stim,-0.1693855492701548,-0.03297163441721196,-0.29043621177627355,-0.062114998681277456,-0.051743009758277836,-0.027059406685760123,-0.48852555689236965,-0.016925207016763366
GAAGCAGGTAGAAGGA-D1_Stim,-0.07449093321888078,0.028864648912533042,-0.15665685554030873,-0.03691941682506261,-0.0705669338265782,0.0525678431453418,-0.6196804772238984,-0.008252499799299429
GAAGCAGGTGAAGGCT-D1_Stim,-0.0713503850929893,0.006408196188029791,-0.05228067846496742,-0.01653064785883096,0.06847076612667102,0.0028266803206804525,-0.27144819161269496,0.024242844323444146
GAAGCAGGTTCACGGC-D1_Stim,-0.1620371224139454,-0.02376304330140222,-0.315216231289952,0.08500182201248307,-0.20252778846402997,0.04513002244004127,-0.3503796073248431,0.08963643119970044
GAAGCAGTCATCACCC-D1_Stim,-0.046933978481606076,0.006777276261102472,-0.07356928679388108,-0.022418090855580886,-0.04974976135494735,-0.032774405270055595,-0.06270331999731127,-0.0379670976688562
GAAGCAGTCCAAATGC-D1_Stim,-0.07519475099694972,0.007678501421580108,0.01586885905184232,0.016808206399854697,-0.0888939517609959,-0.06317136667184897,0.16116161109245297,-0.006033476843578356
GAATAAGCAGCCAGAA-D1_Stim,-0.04668717875961015,-0.007874159122410518,-0.05716071827236391,-0.0602985286146982,0.09544341907218801,-0.030733298359214345,-0.19694437365724937,-0.0314616862893935
GAATAAGCATGTAGTC-D1_Stim,-0.03564016353440458,0.03353047365579798,-0.05407878009194711,-0.07161206724757285,0.02776311209014537,-0.08800840566789248,-0.6216191592239397,-0.030984304972623278
GAATGAACAGTGACAG-D1_Stim,-0.13223177326932856,0.018560399935847016,-0.1467513988094833,0.05063674009824659,-0.07174928037322026,-0.015529262757667084,-0.02887241474055635,0.016256322655229027
GACACGCAGGCGACAT-D1_Stim,-0.09495640344494838,-0.0034915391031873355,-0.1176169436558272,0.08345938202987924,-0.009411225944864654,-0.008044507755951003,0.3364414143688119,0.04248517474263913
GACACGCTCCCTTGCA-D1_Stim,0.06605633230963726,0.11342441400669401,0.02326759023536873,0.06300811026783926,0.10095473340108896,0.16308206140009673,-0.32571088604580467,0.0737182983925706
GACAGAGCACATCTTT-D1_Stim,-0.16121675838715355,-0.05336465465018492,-0.12644456171161433,-0.04668912797447078,-0.0032587499971405975,-0.13127390798344507,0.0033462482205806054,-0.011158361893491175
GACAGAGCACTATCTT-D1_Stim,-0.05218412339457679,0.060809406744182226,0.1214409263500329,0.002442135871634221,-0.11406534218417796,-0.06980818711614845,0.0385294373508831,0.025113729646095706
GACCAATCAACTTGAC-D1_Stim,-0.11534848097379857,0.010613937420840713,-0.13012541382312204,-0.0012403367156306189,-0.1575307567441513,-0.008660040356271992,-0.29416724996198873,0.006391612469071717
GACCTGGGTAAACGCG-D1_Stim,-0.15170717659243493,0.007807850878682743,-0.21070710404074333,0.06817124813175646,-0.04583755268694034,0.024035313425414984,0.29358767851173795,0.027394826308665188
GACCTGGGTGTGAATA-D1_Stim,-0.08066991704658477,0.07093031419044316,0.024274895267444307,0.08386421909992592,-0.2063122969114488,-0.01598276541486321,0.12257148446232691,0.05145980803929895
GACCTGGGTGTTCGAT-D1_Stim,-0.13284510313432207,-0.043144980993650606,-0.0884685298307657,-0.018859759644511698,0.02520547524174077,-0.003549951565217313,-0.19998995280191778,-0.02306734468560734
GACCTGGTCACCGGGT-D1_Stim,-0.19478278205242816,-0.06019778040346324,-0.2742053217416114,0.12694404911875345,-0.06477399991483601,0.1111899925344364,0.6593857016576319,0.023730504035656352
GACGCGTAGAGTCGGT-D1_Stim,-0.03648608083718052,0.03874730571869911,-0.28279812488098877,0.16728083672039062,-0.07853412461285991,0.10031716514387767,0.20374323218239532,0.12825878040197836
GACGCGTGTCCGAATT-D1_Stim,-0.13907849538792583,-0.030232274173158658,-0.10766120496348819,-0.03977677655152867,0.08561784689690022,-0.03879016523630874,-0.2625068187877204,-0.052170884151781394
GACGCGTGTCCGAGTC-D1_Stim,-0.08910042227010528,0.026430545303965047,0.08244788432148731,-0.11379026861305164,-0.03962292747640639,-0.10776126503452055,-0.42359994387865285,-0.08238073821788383
GACGGCTAGGCCCGTT-D1_Stim,-0.007996892553952861,0.021752442051468535,0.13967026239786762,-0.06223284827748188,0.16832415807565226,-0.122795465478303,0.021993432323577977,-0.02159675306043951
GACGTGCCATGGGACA-D1_Stim,-0.07890032796544588,-0.04351425946008369,-0.04775434456915573,-0.02828783785485811,-0.03994342209182555,-0.007544078038622004,-0.09541234656864361,-0.015520426283464062
GACGTGCCATGTTGAC-D1_Stim,-0.18488798245342686,-0.06176014341094138,-0.1093901252525118,-0.057784982770645144,0.08539034764340947,-0.06445836611540656,-0.22059665652835747,-0.010888628248844512
GACGTGCGTGCAACTT-D1_Stim,-0.0033281016797523932,0.027452738381729347,-0.019121994667985476,0.020041578534629068,0.06298676027695294,0.05886898251154982,0.007736374093248344,0.02216930517801252
GACGTTAAGGAGTTTA-D1_Stim,-0.11708669471535238,-0.02422010266198349,-0.13276517146230216,-0.00458842110738189,0.011315008644608326,-0.030276753698776915,-0.1010439450532914,-0.0030486844347699105
GACGTTAAGTCAAGGC-D1_Stim,-0.021183746075944754,0.022926983837001202,-0.022418037880806985,-0.025577940928860343,0.02689231484983523,0.04431541793679017,-0.18611280050867762,-0.02893285333216511
GACGTTAGTGATGCCC-D1_Stim,-0.025225376131766453,0.018029024788237535,-0.09161710580047977,-0.008854044666236405,0.02589052958468585,-0.020150804741406958,-0.1951906008821247,-0.015198844279845858
GACGTTATCACCACCT-D1_Stim,-0.07043210786626375,0.03013216906462013,-0.012269091428548151,0.029382087753450747,-0.12154080622739194,-0.01447941897032834,0.22382573752772217,0.009358168299307579
GACGTTATCTTCAACT-D1_Stim,-0.06636628951448209,-0.015026790066368534,-0.03327623818822367,0.016115192584262417,-0.01684954878493805,-0.041371931239657656,0.003418143571380483,0.0035189076407764475
GACTAACAGGCCCTTG-D1_Stim,0.058883315360452215,0.06383739362731156,-0.05395446314468533,0.06436172086693226,0.04428925327436595,0.06421371849536861,-0.11964198431441986,0.05462009903106413
GACTAACAGTACGCCC-D1_Stim,-0.01674348509481227,0.03326615587735837,-0.017134463502751274,0.101156113216609,0.005287207322092868,0.02139619730806075,0.10014493507448385,0.03983634202846709
GACTAACGTGTCAATC-D1_Stim,0.05632477540341796,0.03785609033772275,-0.17571012390447738,0.030277697390259206,-0.016238560109416156,0.19779341620893653,-0.2994382521879402,0.009699543851356296
GACTAACTCCTCATTA-D1_Stim,-0.10995503858440969,-0.00031775527507882373,-0.20622018129443642,0.052022720917479504,-0.01548582397663445,0.05558516539273839,-0.4814943326168297,0.03051479893539799
GACTGCGAGTTCGCGC-D1_Stim,0.09048255054748466,0.13340507271999158,0.08687955996273544,0.09540706417704214,0.09239686066142383,0.04045061144443807,-0.13146346309237167,0.04449616613161744
GACTGCGCAAGGTTTC-D1_Stim,-0.2005254016843825,-0.01772545223531985,-0.21954856664241706,0.04357172998639136,-0.14850503601604714,0.034081426071137955,-0.12935186758095085,-0.035413068471209286
GACTGCGCAGAGTGTG-D1_Stim,0.05359594281936886,0.09490748623434975,0.11364716232278127,0.013159560450416663,0.09903114632204613,0.018418447563059104,-0.27420961788854825,-0.01040450018529171
GACTGCGGTTCGCTAA-D1_Stim,-0.05081564117948645,0.01959390170680919,0.051927566099037925,-0.0041067295774954715,0.06418354410515015,0.13698639777545019,-0.2675299993675395,0.027715555128040137
GAGCAGAAGGTACTCT-D1_Stim,-0.03148238036910023,-0.039707416899529946,-0.0952494457270836,0.014364411502313601,0.00016183832392258068,-0.0025476489070843655,-0.0019629838379700004,-0.007002758061462444
GAGGTGAAGACTTTCG-D1_Stim,0.07710697951363521,0.06593795561196103,-0.008404442581077198,0.031380539200856816,0.10584385390141371,0.08667351605500784,-0.06315454687253919,0.018538165755350278
GAGGTGAAGGCAGTCA-D1_Stim,-0.025713971909141264,0.03229722364284271,0.028548255618660257,0.02010566276351966,0.08069219561385488,0.02780592471647836,-0.16920955169120333,0.0031950436648227054
GAGGTGAAGGTGTGGT-D1_Stim,-0.07513092119087084,0.013625497486334126,-0.2771962440050526,0.09659214051824172,-0.1515038259541086,0.07110421880230078,0.05740810488324044,0.0459300894212209
GAGGTGAAGTGAATTG-D1_Stim,-0.11690055039144553,-0.019589614843724235,-0.18853142962796365,0.010150584614491365,-0.06004922187798378,-0.03673104505972091,-0.11593761961183446,0.00716815260318171
GAGGTGACACCACGTG-D1_Stim,0.027178729485726194,0.13373464526674894,0.00819965950056023,0.09676359812857349,0.05554263183058694,0.15859575079618615,-0.24820368520023983,0.04455747461073578
GAGTCCGAGAACTGTA-D1_Stim,-0.12031107037192967,-0.009497167235185344,-0.07721697583637521,0.0427430735669283,-0.02251534585474424,-0.06948120250292966,0.33693585705632856,0.007849820146416775
GAGTCCGTCCTTTCTC-D1_Stim,-0.055469631712581347,0.029798732796082916,-0.02118763087420561,0.09247270919111905,-0.08607548100956564,0.1046734018350648,0.1098667351460314,0.05614776031653079
GATCAGTAGCCAGAAC-D1_Stim,-0.052152035631282345,0.007276317498535079,-0.10650144939348927,0.025029809734832043,0.005589170686654654,-0.0441012670798564,0.15075524243759908,-0.015660323305734636
GATCAGTAGGATCGCA-D1_Stim,-0.07488834580085424,0.011086932083426149,0.03853487821947432,-0.006783248305243461,0.0040055545770396606,0.007343817554039234,-0.02605991987688583,0.001457649380718351
GATCAGTTCCAAGTAC-D1_Stim,-0.06340838607532184,0.026152312146633605,-0.06922492113446044,0.047340572117864355,-0.01470634425813877,0.0642828966205169,-0.1261541813054574,0.012858365065698152
GATCGATAGCGCCTCA-D1_Stim,0.027579323448367887,0.09949287904211701,0.04148881423538597,0.08571992164915976,0.09155577265336312,0.23090277660842418,-0.40051520383062034,0.06669077958740388
GATCGATCAAGGCTCC-D1_Stim,-0.13949803515190595,-0.04312515645931647,-0.1359780674049098,-0.03594723522068399,-0.011919277286349228,-0.02992565444304951,0.03379672479092477,0.010616443699491995
GATCGATCAGGTGGAT-D1_Stim,-0.14621238211168475,-0.04726741962965164,-0.263757972584747,0.07245503459290603,-0.14928338267907648,0.053518259334508045,0.5474925967380297,-0.016208234969008473
GATCGATTCTCCAGGG-D1_Stim,-0.16067141492089299,-0.01718047277542567,-0.14211617493580775,0.023560585431358305,0.033358535435418446,-0.08290523510880377,-0.15017817759347807,0.039216889527372345
GATCGCGAGGGATCTG-D1_Stim,-0.09430291874017094,0.06445525863287926,-0.08767697241370609,0.06685315877336073,-0.2182777261229667,0.055543063593953335,-0.18522299508914486,0.06614735018739992
GATCGCGGTATAGGTA-D1_Stim,-0.0532013253478727,0.020596918153577448,-0.023758342687256295,0.04298858504713898,0.07827626780653141,0.014212517940483949,-0.029152590511685617,0.023969766759618594
GATCGCGTCAGCCTAA-D1_Stim,-0.09642301790471741,0.0370761972939917,-0.11907359227088321,0.04559570711047911,-0.2674064760366708,0.006597825811020641,0.12855074819800727,0.020278453540072405
GATCGCGTCCTAGAAC-D1_Stim,-0.1323422457523762,-0.04046070491278009,-0.10009225654346121,-0.05498697004393627,0.06799167725623434,-0.06761135006778218,-0.2094193728941498,-0.017676520860923972
GATCGTATCGGACAAG-D1_Stim,0.010500553143488744,0.06562528227002495,0.20615852031762394,0.05931735850653297,0.15018344260364636,-0.04432725954323935,0.056677624651904956,0.03585219901930081
GATCTAGAGCACCGTC-D1_Stim,-0.06956892001872106,-0.017022358508532065,-0.06431622058356101,-0.05251541892516265,0.05854926563016605,-0.01085619140879679,-0.11787258530813816,-0.006456013437297514
GATGAAAAGAAACCTA-D1_Stim,-0.04281457530341548,0.01996554741514167,-0.031902571779329314,-0.026904749923831517,0.032898453767588265,-0.026688577597752783,-0.11938653859125026,-0.03316724400233184
GATGAAAAGAGTACAT-D1_Stim,-0.10443021124892837,-0.031668749711213806,-0.0844286629762685,0.01563099290629566,-0.07529314907149498,-0.016515968991157592,0.27537697620309487,-0.002929914620864338
GATGAAACAGGCGATA-D1_Stim,-0.15957340694127176,0.006325472482924255,-0.18009909581752215,0.10279646478440263,-0.05565605754673619,0.03838368170440987,-0.04904282112724445,0.09395268703015702
GATGAAAGTCGGCACT-D1_Stim,-0.08740319542310893,0.01517317667332918,-0.1311302392990239,0.05132158234255435,-0.20963507738656162,-0.031639892134947445,-0.014387864597463107,0.0010624752446215524
GATGAGGCATAGGATA-D1_Stim,-0.2242105841617672,-0.11455853444514652,-0.2840673704313259,0.06086456712355037,-0.0007788803786894505,0.07141863066612508,0.07587268427081639,0.041595973279642706
GATGAGGTCAACACAC-D1_Stim,-0.048182247849691606,0.010160860912103331,-0.11163193954284978,0.05831631210950583,-0.060545915369733194,-0.02188965827098066,0.21360590651174505,0.01591933894304809
GATGCTACAAAGAATC-D1_Stim,-0.018504022618774485,0.037608645849255495,-0.022884657470767955,0.05880607751477562,0.05788606242959915,0.1321888415894339,-0.12724194476195194,0.0523082667050101
GATTCAGAGCCACGTC-D1_Stim,-0.06937928867722754,0.018988268514283035,-0.1987222886458646,0.15849543916653808,-0.10566477719665457,0.042272225302772526,0.4122337940172738,0.08834130754822489
GCAAACTCAACCGCCA-D1_Stim,-0.08520632645062065,-0.006789041990664657,-0.13418590962117882,0.07221680104824202,-0.060367271904885556,0.05543912548302643,0.2899176705891868,0.011804676747615872
GCAAACTCATTAGGCT-D1_Stim,0.015780312672793784,0.07889293115469798,0.4253781668801846,-0.028077127324893425,0.40930199149624613,-0.1852734627656627,0.1077719357349487,-0.025008077186793543
GCAAACTGTCTAGTGT-D1_Stim,-0.11477276262314717,-0.014801369215023286,0.01824762424769233,-0.06551216384390024,0.010881412029403847,-0.05774202926935601,-0.24916787759699943,-0.03686065309124764
GCAAACTGTTCCGGCA-D1_Stim,-0.13520167807567063,-0.049651566258713586,-0.10486665496261427,-0.02295988828024953,0.0885748103179207,-0.030305013311409112,0.05692135224046524,0.00269827531618283
GCAATCAAGCGATCCC-D1_Stim,0.048332815511230365,0.033348807302425953,-0.02236578649510168,0.02597495974077546,0.07324519782440042,0.06781516389592035,-0.11522867799757286,0.04071788039532365
GCAATCAAGTGTGGCA-D1_Stim,-0.045651366200900156,-0.0247091355543958,0.0017262232596433336,-0.06357405450961551,0.15700891861606436,0.026947455147558586,-0.09582195375189073,-0.016651892277099734
GCAATCACATCTCGCT-D1_Stim,-0.022131049772784905,0.05088435277028047,0.01219625935469626,-0.02814114413594382,0.06706555506647405,0.028545138077063825,-0.21038266976969666,-0.017437935455168585
GCAATCATCATTCACT-D1_Stim,-0.20110871554819632,-0.00410158244423009,-0.14489740241208438,0.07156676028332853,-0.0354541026034525,-0.09068812823058359,0.5735191314409303,0.01149882173581851
GCACATACACCGAAAG-D1_Stim,-0.06181719638481198,0.05771284634824703,-0.03289141795154116,0.016109212839010567,0.019987768600087108,0.011440775744613774,0.03475971136248113,-0.019029344803444204
GCACATAGTCCGACGT-D1_Stim,-0.003326503187706109,0.05516420032717484,0.06661389585015787,-0.049630445807428814,0.08945308659657591,0.006212660792398239,-0.3499670449724004,-0.05566859952835479
GCACTCTAGACTAGAT-D1_Stim,-0.09512742407508235,-0.028338057708968023,-0.01942312096758414,-0.017644732964830823,-0.016270689227836144,-0.04794330889686904,0.05572062123520638,-0.020360962406282823
GCAGCCAAGAAGGTTT-D1_Stim,-0.09512629646668636,-0.006736035572025401,-0.0627944313608344,0.06358121542439221,-0.019604678722572544,0.030226050136803906,0.08171463862925066,0.04789324331952116
GCAGCCAAGAGTAAGG-D1_Stim,-0.13758544387198945,-0.04944583712260986,-0.16446569789055587,0.01201946884417282,0.015198663001093848,0.02597909717442448,0.17679884227871412,0.05091432101431437
GCAGCCAAGCTAGCCC-D1_Stim,-0.022003274964486508,0.009441723379859823,-0.01749625023221757,0.11701495071586798,0.06657742144937906,0.23897435276380996,-0.2223572183601732,0.06789233437551623
GCAGCCAAGTTAGGTA-D1_Stim,-0.11541486453071492,-0.033240419875429694,-0.2262842449193947,-0.047480823676853134,-0.06743522857855666,-0.001236423044757018,-0.2746654992622979,-0.021118523961781932
GCAGCCACAATGTTGC-D1_Stim,-0.12179810266570357,-0.01628427795399645,-0.20813057324175155,0.07123092860338431,-0.04607399434528503,-0.03815926059289865,0.3896825703920648,0.020132692023501875
GCAGCCAGTGAAAGAG-D1_Stim,-0.06200689880245669,0.012635452641331923,-0.08826359953196938,0.06823545878043191,-0.015597592409029915,0.03982666749597108,-0.0009463536978131515,0.06173345809388309
GCAGCCATCCCGACTT-D1_Stim,-0.11569641770404715,-0.054156533697456766,-0.07158907845481277,-0.045319369656262154,-0.00297524242354541,-0.057066590015441676,-0.15931075733856304,-0.027056775456784976
GCAGCCATCTCCCTGA-D1_Stim,-0.05509882018569279,0.020341362894102488,-0.07881610111055348,0.013343996742953834,-0.04598695240396822,0.0036546815149112177,-0.038765970708592334,0.021328527190041413
GCAGTTACAGTAACGG-D1_Stim,0.0010469499121139592,0.07442393615917098,0.09989010307282786,0.041824820829369,0.12335585423394768,0.11288223424656607,-0.0866186574291099,0.0717769980625853
GCAGTTAGTCAAGCGA-D1_Stim,-0.06818888376456478,0.030178531380157025,-0.04889582744717025,-0.031965062527945065,0.16024294065128863,0.03135564264274926,-0.39996705491801876,-0.00663744482457318
GCAGTTAGTCTTCTCG-D1_Stim,-0.13193078457667973,-0.12910146939917233,-0.1674230680482749,-0.052695167725600456,-0.1164950651403256,-0.0977074598009029,-0.0037249351049979396,-0.07326506490846363
GCAGTTAGTGCGAAAC-D1_Stim,-0.09313750235931373,-0.00915796292182769,-0.10994202301182288,-0.028764876582643595,-0.021908138167781033,-0.04607966399485797,-0.30865353435719456,-0.01283027445147944
GCAGTTAGTTCGGCAC-D1_Stim,-0.0841197946083021,0.004446253467536465,-0.09125613711107317,0.0006836013273474606,0.09497450233212668,0.003053344716665407,-0.08019389809091493,-0.008127522515531282
GCATACAGTAGAGCTG-D1_Stim,-0.1382888175150061,0.0038228778087443516,-0.0006098218687151657,-0.06516821429995723,0.03228319833606541,-0.07782509152221984,-0.2149600298674521,-0.03560808317179642
GCATACAGTCGTTGTA-D1_Stim,-0.0856457919766882,-0.00038480175585675624,-0.26942059229315696,0.06316975642273626,-0.042987856792105816,0.01833251392696411,-0.18759084695386008,0.05490185750070076
GCATACAGTTCAGACT-D1_Stim,-0.12093781012247717,0.0006381497992258289,-0.11040621770677372,-0.045327435926907356,0.09399919604049778,0.03263470613400976,-0.2675665501316047,-0.017912934200914776
GCATACATCATGTCCC-D1_Stim,-0.15801322725516442,-0.03210762702510017,-0.10270714808425829,-0.034528298209624,0.019379437300553803,-0.008788613516637511,-0.20632136278310753,0.028470627941779014
GCATGCGAGGAATCGC-D1_Stim,-0.11944562953223148,-0.03449936656529751,-0.07122202272998912,0.005657547622845982,0.07595986855617376,-0.025798933045553696,-0.05000327683841377,0.03460410064325181
GCATGCGAGTACCGGA-D1_Stim,-0.03521087124487643,0.10844799310855002,-0.14021377436574234,0.12449518349144384,-0.07004120609555109,0.16222652424294282,-0.44208966314919707,0.09102227835364296
GCATGCGCAAACCTAC-D1_Stim,-0.060655938295981926,0.03835780738799777,-0.040092960800808264,-0.010016887117657802,0.10438303459100773,0.01724206840897935,-0.2303024712142303,0.010497583357665263
GCATGCGGTAGAGGAA-D1_Stim,-0.07851848016313134,0.05484648673163761,-0.09052366996108763,0.14692894626143804,-0.14017981292544235,0.04737465077853287,0.3686299846331824,0.1027198547837056
GCATGTAGTGTTGAGG-D1_Stim,-0.014783875041027628,0.0933841023758486,-0.12353450759752338,0.10898605305571074,-0.017312577779959426,0.13777506381616966,-0.3991756123387731,0.06643992673657984
GCATGTATCGCGTTTC-D1_Stim,-0.06433061337875401,0.09917912259529338,-0.1377760052200312,0.19483357522845424,-0.1702535301863577,0.09869072838647241,0.09702908222403828,0.10411642992751524
GCCAAATCAAGGACAC-D1_Stim,-0.11805726868997723,0.022267138869160874,-0.11335375721725605,0.16973755034966942,0.02364822940497291,0.1751735549143536,0.5851846357924275,0.09526834297342646
GCCTCTAGTCTGCGGT-D1_Stim,0.036700241228468045,0.10361659239178778,0.3210955966978375,-0.010632617482057682,0.24812575897830058,-0.1110912679946523,0.06797872546669659,-0.008943840247447099
GCGACCAAGATGCCTT-D1_Stim,-0.02799239025597089,0.03338863060942643,-0.18899976726641832,0.0478628420452587,-0.03411085348900933,0.05247715521483798,-0.28030648250173584,0.06517043254564037
GCGACCAAGCACACAG-D1_Stim,-0.160131947287514,4.908126699554316e-05,-0.3130781865293786,0.14350565434916263,-0.19435630497560652,0.1138387867768138,0.37733818597863866,0.09601105889022143
GCGACCAAGCACAGGT-D1_Stim,-0.09287035704445046,0.07529181664570572,-0.08881643330353661,0.18257396369855527,0.018876139001566372,0.014746836457144141,0.41303094556813846,0.056438251677020546
GCGACCAAGGGAGTAA-D1_Stim,-0.10242336712638256,-0.0032374062738718123,-0.11672445723024705,-0.007325597392140892,-0.2046581722033043,-0.018598975913251437,-0.2959679488490412,0.034380587143553853
GCGCAACAGCAAATCA-D1_Stim,-0.10258235811026317,-0.04684169604702326,-0.0916940947763738,-0.03343979807256403,0.02457757119539039,-0.060184317628591444,-0.12397461742166982,-0.026867960325583695
GCGCAACAGTAACCCT-D1_Stim,-0.16333603746777925,-0.01714605864165719,-0.11965239120472759,0.003162849261125089,-0.08496071615391365,-0.02191474832786966,-0.5078380864191914,-0.021256021949891846
GCGCAACAGTGGTAGC-D1_Stim,-0.18295776703386046,-0.035520584847285264,-0.13912144967577955,-0.023340863062550454,0.08912362887145697,-0.049494594829576855,-0.03976124222388577,0.02613511835455462
GCGCAGTCACATTTCT-D1_Stim,-0.1098534916637508,0.010812889101066148,-0.1556424158162244,0.04898579115661583,-0.0774455181677478,0.009893384941392469,-0.1758152192975615,0.07552465528377716
GCGCAGTCAGATTGCT-D1_Stim,-0.14435004329030043,-0.026820808406052166,-0.2599764841648966,0.09916669867491024,-0.20848622305137887,0.04997208186846791,-0.15617482001935556,0.0853483511007802
GCGCAGTGTTCCCGAG-D1_Stim,-0.05414283338000914,0.019122970346382218,-0.04374043610344902,0.0285605622088152,0.08867328729835755,-0.0052657317993585195,-0.1139657706410695,0.044002313079047894
GCGCCAAGTCCGAACC-D1_Stim,-0.05154572072558494,-0.009602920446212693,0.0065665667483276735,0.007366958131509449,0.09083701153824109,0.01703577974055115,0.028684845059878228,0.02539998108658814
GCGCGATCACCTATCC-D1_Stim,-0.06021653791924031,-0.0022272873655442282,-0.01452983355598203,-0.05088163514590782,0.06434370637834519,-0.01309210240967218,-0.16568118143942456,-0.024786945630502544
GCGCGATGTTGATTGC-D1_Stim,-0.09260084975381133,-0.024136265948316193,-0.0248017633667299,-0.07837633807375788,0.10522098312269534,-0.07568203143896213,-0.06007978368526068,-0.0549828206329952
GCGCGATTCTCCTATA-D1_Stim,-0.013263175124711424,0.06021923331428525,-0.11282239277663919,0.12147455091854198,-0.007854102250611561,0.18798193310341382,0.06543747199683025,0.07386313462978755
GCGGGTTAGAAGGGTA-D1_Stim,-0.11493430583837316,-0.024919768550148547,-0.22247242520427335,0.041594756242249176,-0.10225874960593906,0.12290300082396399,-0.10206666188001634,0.077265599936851
GCGGGTTGTTACGCGC-D1_Stim,-0.06065418181515092,0.11309380245326928,-0.22684834986577052,0.16494388663513426,0.049199347016744,0.12883850748960946,0.10871702080068246,0.12126054723871071
GCTCCTACATCCTAGA-D1_Stim,-0.09245790172948176,-0.03605613185145984,-0.08957156943782252,-0.06857086640848209,0.11006210463019173,-0.009064480624738636,-0.1643844072605809,-0.022074148792578185
GCTCCTAGTCAGAATA-D1_Stim,-0.06927786627243826,0.06038602640784241,-0.25946756062517906,0.10265018414739302,-0.03634149234179951,0.0665113656844376,0.01665228935624441,0.01726227043879902
GCTCTGTCACCAGCAC-D1_Stim,-0.08688121601209353,0.05451583682097727,-0.11543057440349536,0.12174835209966339,-0.24881293914845592,0.07587252587670967,0.3501193905170332,0.04564054467602752
GCTCTGTCATGAAGTA-D1_Stim,-0.14391124427603508,0.07514060693360491,-0.17257676448862025,0.15634592632398459,-0.0688913529710895,0.16556695200820748,0.16580573602857207,0.11118302747302522
GCTCTGTGTCTTGTCC-D1_Stim,-0.0625980412521212,0.05255852033597286,-0.04170153019241063,0.024820752657900513,0.006698234897676514,0.1953593522740391,-0.3552839642309138,0.030835192456770244
GCTCTGTTCAGAGGTG-D1_Stim,-0.14362028021090723,-0.031039890076367982,-0.21304074808564977,0.061988312407388335,0.004112032111745378,0.08961826569109554,0.1130172803621079,0.08260121687118449
GCTCTGTTCGACCAGC-D1_Stim,-0.13696407292003165,-0.03431855365976766,-0.09406706467445236,-0.02961942348225044,0.06256608324330948,-0.02338019227765642,-0.18510310484213122,0.016138309213937774
GCTGCAGGTACTCGCG-D1_Stim,-0.11037889496018138,-0.02618787624831498,-0.27853735010155045,0.18459432572083756,-0.06256241057390532,0.27060306018901237,0.4517256474769127,0.10111476644149597
GCTGCAGTCACTTATC-D1_Stim,-0.07169672453448683,0.006034598837249661,-0.025607327773494504,-0.04640776870403229,0.003923283359187124,-0.010297708190387667,-0.3572835263113525,-0.047659978599240205
GCTGCGAAGCCAGTAG-D1_Stim,-0.0323662881378155,-0.012313266455519667,-0.041450796449102434,0.04655667446806433,-0.028483248249502324,-0.016673817546958958,0.26121899166596485,0.0072493670389430775
GCTGCGAGTGACTCAT-D1_Stim,-0.22993794479813268,-0.08004675514718329,-0.2842222824138636,-0.06502453164386068,-0.20086208496875635,0.014004187757810982,-0.8174728961263771,-0.13031646050654366
GCTGGGTAGTGTTGAA-D1_Stim,-0.04278640566945491,-0.00865717333856253,-0.05079719756123957,-0.06209129854105022,0.06694436133174442,-0.02933758382759244,-0.10474739348015305,-0.057045477615876194
GCTGGGTTCTTACCTA-D1_Stim,-0.21726868095151808,0.026393584712431917,-0.22334355092935532,0.21105684965853655,-0.18860294492777108,0.04333124199324523,0.6236812512271506,0.10801949791900789
GCTTCCAAGCCGCCTA-D1_Stim,-0.07108572860317963,0.05069164385818148,0.1175305390054655,0.05093440549107697,0.08655064140980429,0.08892203244395169,-0.15333180810953628,0.05962248364594558
GCTTCCACAATCCAAC-D1_Stim,-0.07456309944531725,-0.03729881365493526,-0.08850316376658629,-0.08136158753982237,0.01684941489927283,0.007766631058753859,-0.14248917602301603,-0.027185117663281133
GCTTCCAGTGCCTGTG-D1_Stim,-0.126752360047373,-0.045640706929320984,-0.066377662109252,0.011225130419965978,0.06509340099853489,-0.0492437932697527,-0.057387194203737835,0.03233498555382397
GCTTGAAAGCAACGGT-D1_Stim,-0.05811307737422844,0.02477681898691131,-0.08389150812005841,0.08956462256481501,-0.04206653897588275,0.024204539374958145,-0.06470603049165646,0.07176328752014172
GCTTGAATCGTTACGA-D1_Stim,-0.1824772017254741,-0.004641863376816602,-0.23417067222104215,0.11210356327734239,-0.08250037610298655,0.034056062645616336,0.15781585763263273,0.03774255973023699
GGAAAGCAGAAGGACA-D1_Stim,-0.04354859834057834,0.006008730262578865,-0.07321297001383353,-0.04070331103891078,0.016331917883949387,0.012668605873411565,-0.10774668147269395,-0.004185689110862256
GGAAAGCTCAGCGATT-D1_Stim,-0.0878602823910164,-0.016828720925788687,-0.035578209661339066,-0.07182674172289616,0.027587721691865852,-0.025179638584582165,-0.2269541621711859,-0.02386737391070426
GGAAAGCTCCGCATAA-D1_Stim,0.050875381638491035,0.0932992688804486,0.27649257720493026,-0.05237814612577907,-0.05633602542456373,-0.2266847138940804,-0.15324625425555638,-0.0072591216185671215
GGAACTTTCGCAAGCC-D1_Stim,-0.06084222405343098,0.008229815453312028,-0.11777227240510779,0.08069305842799146,-0.02917205353753438,-0.21246628603451256,0.37171325887834605,0.03389713964526209
GGAATAAGTCTAGCGC-D1_Stim,-0.0811658472700767,-0.022738471448899844,-0.0844503918150945,-0.01291311668734707,0.05896711822668976,0.017775999318446978,-0.17988175326136613,0.022624289966463706
GGAATAATCGCACTCT-D1_Stim,-0.18307783990552018,-0.006380439146060013,-0.17995319347629213,0.0920093175586949,-0.08765446233507745,0.02688627656615239,0.5657469033269482,0.04654710818642904
GGACAAGCAGACAAGC-D1_Stim,-0.18997117702934396,-0.009529101881655677,-0.15825876457452015,0.05831993399597657,-0.058329056528508616,-0.01955784342030853,0.39510210562432313,0.01946632617054256
GGACAAGGTCTTGCGG-D1_Stim,-0.05910473970914687,-0.006090221699588838,-0.09334626547132352,0.0609094316672234,0.009246615798335966,-0.08274663023546047,0.15555750139330193,-0.0045080016915441945
GGACAGACAGACGCAA-D1_Stim,0.0892800349785361,0.09056730709304794,0.02587160833809854,0.0942698540711735,0.09423847586213974,0.22539111326578798,-0.13600464253445743,0.06585625748761359
GGACAGACAGCCTTGG-D1_Stim,-0.06908982675048136,0.05675974232164549,0.07051120473919426,-0.015512948029549278,-0.10699709210293129,-0.0544625815599904,-0.014766791433261872,-0.019606904361440414
GGACATTCACTACAGT-D1_Stim,-0.11077184159171338,-0.005401131569508166,-0.04484839210223601,-0.00913789404627785,0.10969289561169582,0.07706318374043875,-0.3067229452057916,0.014305388850599954
GGACATTGTGTGCGTC-D1_Stim,-0.04452684075875091,-0.02936618894185017,-0.03388408127770148,-0.0766800674150776,0.030761633040617298,-0.04283938667475162,-0.13609521621588172,-0.0323417434550457
GGACGTCAGAATAGGG-D1_Stim,0.01145302748035526,0.02301407281117207,0.0173453801746275,0.027672721147135704,0.0171441318439971,0.016567768989983023,0.07931915144457413,-0.022055433134248403
GGACGTCCAATCTACG-D1_Stim,-0.21311071627216016,-0.023157487295769386,-0.3301022025084901,0.14815584340651178,-0.22706355135963463,0.25505523799135865,0.5072028314908099,0.10497672817892578
GGACGTCGTAGAAGGA-D1_Stim,-0.15217727532721526,0.019603384979513194,-0.20841074558173034,0.032834572777165505,-0.1868404572553608,-0.0006346321250116915,-0.1932088854036138,0.05381126108822265
GGACGTCTCCACTCCA-D1_Stim,-0.1190276039167415,-0.01977380454668065,-0.027481775155081323,0.008654941765927404,0.09456009481081651,-0.02312677610591507,-0.09459244772362041,0.0303045580392709
GGACGTCTCTGCCCTA-D1_Stim,-0.05262293169285215,0.03927224534922402,-0.13298313619117685,0.06700037164546302,-0.10461375256535455,-0.004730886162123582,0.05505319272495157,0.01313895800303122
GGAGCAAGTATATGAG-D1_Stim,-0.039626714813989494,-0.022657013013628102,-0.0091133604656779,-0.07973941489314917,0.02710652559657767,-0.023043979855536634,-0.1413582185178548,-0.05220789310579832
GGAGCAAGTCCTAGCG-D1_Stim,-0.08302396134345713,0.010231066289771107,-0.04809363366800312,0.024751339903831493,-0.0024109976419097734,0.005396409724500728,0.19753696193420645,0.010258456967553897
GGAGCAAGTGAGCGAT-D1_Stim,-0.007019071674942978,0.05994678563741829,0.03744595515845095,-0.03507520908517492,0.04384235132566161,0.0510342705596738,-0.18497883622543831,-0.05174999694946969
GGAGCAATCTTCCTTC-D1_Stim,-0.11892678816388624,-0.01444023496516067,-0.08698283419848529,-0.014240005759978303,0.07182101875218372,-0.007923056841370624,-0.2609050107953834,0.024344117015690614
GGATGTTTCCGCGGTA-D1_Stim,-0.07670552941339714,-0.018062738885927132,-0.020550114614669823,-0.06088240446080562,0.03121673211817999,-0.01684269981018538,-0.1810925447412437,-0.06263003107240195
GGATGTTTCTTACCGC-D1_Stim,-0.15863689734661968,-0.05754683157688589,-0.08109487914734537,-0.035972801489849715,0.025644479900087447,-0.1028163168548808,-0.03243332676474964,0.0228249822926756
GGATGTTTCTTGTATC-D1_Stim,-0.09000418533448418,-0.018307391477463852,-0.0934195066851009,-0.011479398765070314,0.03353082522089501,0.03206508705217459,-0.13566934614167891,0.019479010173430567
GGATTACGTCCGTTAA-D1_Stim,-0.0641865086560145,0.0544737131566535,-0.12989928371644943,0.07171009701444753,-0.15081411452252347,0.0005854205308057914,-0.020636654360664863,0.0226929386039334
GGATTACTCTAACTTC-D1_Stim,-0.10673710410934945,0.025621415241948498,-0.2258253296514976,0.08465051716629546,-0.26002280115774923,0.01556515998118968,-0.05093943171039328,0.05368541495595203
GGCAATTAGTCATGCT-D1_Stim,-0.1040450840577023,-0.01279710390831923,-0.1828414703183352,0.09160616726481408,-0.04834538575326697,-0.08492573683010463,0.46023522861412225,0.04336497821999252
GGCAATTGTCTCATCC-D1_Stim,-0.007210974850265117,0.03855116261913416,-0.12846662424283473,-0.03576882739849374,-0.38212607699233203,-0.03804318142011276,-0.4114659069288802,-0.016335273049296717
GGCAATTTCTCTAAGG-D1_Stim,-0.08117904140888221,-0.006049542134062946,-0.22310301671820376,0.049236624149910924,-0.13225081035543695,-0.0028519060575398214,0.22585722054760815,-0.02071400049103822
GGCAATTTCTGCAGTA-D1_Stim,-0.1646726822056248,-0.03492837295857498,-0.25260073806535477,0.022017852766982315,-0.13062112452002594,-0.002467655419797765,-0.11398361919442124,0.02879033659731256
GGCCGATTCTGCGGCA-D1_Stim,-0.10920459446459319,-0.06877319907269097,0.14594582003322287,-0.1731944368861562,0.19121528477129957,-0.06094215728423258,-0.4515201518545737,-0.06577674499454034
GGCCGATTCTTAACCT-D1_Stim,-0.11172907155568623,-0.022308106658028848,-0.15993039552840038,0.031537482975044995,0.014416689264116656,0.018771470538723634,-0.18877422306125524,0.0625783853728965
GGCGACTAGCGTTGCC-D1_Stim,0.01733866453646904,0.026187129060248893,-0.006028025134710013,0.07546532232840697,-0.0013113126304045153,0.026770610631274394,0.0008942006954910653,0.04499613216688658
GGCGACTGTACCGTAT-D1_Stim,-0.18718843410266395,-0.07163996130997852,-0.21869638632378852,-0.0355426327248658,-0.05837957109264558,-0.103329775117464,-0.130715119798527,0.00502389180945606
GGCGACTTCAGTTGAC-D1_Stim,-0.02652690921172507,0.1075756700377184,-0.0349077881928368,0.09572086099619881,-0.04221957707449775,0.08426642959897102,0.0732014515487105,0.06698429399917316
GGCGTGTAGTAAGTAC-D1_Stim,-0.09855158847066647,-0.031059482038038766,-0.028358084463183886,-0.06583934792404023,0.04430824882777529,-0.08618902695120312,-0.0919589684904949,-0.05001152088316729
GGCTCGATCCGGGTGT-D1_Stim,-0.06410015621738019,0.005995633691151525,0.012802971504222604,-0.0007536271370902625,0.07726831668371403,-2.230803625735689e-05,-0.07574108502518229,-0.017344926057296206
GGGAATGAGAAGGTGA-D1_Stim,-0.08945275219629778,-0.011112911846661078,-0.2085908455562766,0.12075361968938125,-0.09218983808467307,0.15131509954884592,0.3678105932655171,0.07328245496818298
GGGACCTCATCCGTGG-D1_Stim,-0.031709401438101636,0.05723539259238386,-0.061951461645774586,0.08407263928961228,-0.1618601506564019,0.044570225482720716,0.23834805030139883,0.03980658600184306
GGGACCTGTCATTAGC-D1_Stim,0.017718946500195898,0.025859271157809616,-0.02005935594616126,0.012333616428675143,0.015119174502459032,0.025044200073276457,-0.021416774892079715,-0.010496731364183276
GGGACCTTCAACTCTT-D1_Stim,-0.021531686280475526,0.051140946021027034,-0.06931909972887773,0.041472282458880017,0.011424566538577707,0.051251021135904296,-0.17352832085382985,0.06403605909044963
GGGACCTTCGCATGAT-D1_Stim,-0.1452781428266796,-0.03188097604666851,-0.17021075609023217,-0.02359971724801113,0.03885372632351114,3.6512906572028214e-05,-0.16774061758207992,0.029124796901491834
GGGAGATAGAGAACAG-D1_Stim,-0.1829166089062717,-0.07959619574372212,-0.3500934063218848,0.06006962350797451,-0.15322044384177502,0.10450742702864169,-0.13376674312334558,-0.05279636648422681
GGGAGATAGTGTACTC-D1_Stim,-0.009776741372499842,0.11047246019188961,-0.05518900472822086,0.09684284647438801,0.005240096110776804,0.11090462254813183,0.06861047581366009,0.06741046811908191
GGGAGATCATGACATC-D1_Stim,-0.1718332212960405,0.004593920526136941,-0.22377081770934204,0.03980736068594126,-0.07046712547485967,0.03927544736513866,-0.09138335186527868,0.04815406041217862
GGGAGATTCCCGACTT-D1_Stim,-0.033118482852987796,-0.018629496373430143,-0.06038007943755819,-0.09483585859967292,0.06743284992230159,-0.011119243769371678,-0.16031514823200155,-0.039944933328429855
GGGATGAGTTTAAGCC-D1_Stim,-0.1253714190215227,0.030652030249735063,-0.10379033512749558,-0.06373400895510883,0.1407661717140538,-0.012130644509792177,-0.6783979605833217,-0.0692332012744572
GGGCACTTCGAACTGT-D1_Stim,-0.1663726092991027,-0.1298323649916142,-0.2209056186783478,-0.037454109663762836,-0.11094193326293222,-0.13164575612300844,-0.024584190001085915,-0.06576360304554285
GGGCATCCATAACCTG-D1_Stim,-0.1293713295810477,-0.047227658602210454,-0.10856333775226812,-0.05046006577860496,0.07794509837043151,0.021259945150621462,-0.194999773632496,0.010076131007881628
GGGCATCCATGCAACT-D1_Stim,-0.09552342906257927,-0.026615210883647933,-0.06681524815530171,-0.04102936948729763,0.04236888703218966,0.016304596584989284,-0.011426836329544443,0.004821797682197371
GGGCATCTCACGATGT-D1_Stim,-0.09178237769031838,0.004907834144129097,-0.19226278248330964,0.07226920795714165,-0.07421297567053564,0.08563418133112854,0.2178080017006927,0.020265173471480935
GGGTCTGAGAATCTCC-D1_Stim,-0.04772634325415481,-0.03298113843694672,0.012399343203218116,-0.08997988115954136,0.10481083828772775,-0.02163102290345975,-0.11730813019830322,-0.044700972671101624
GGGTCTGAGTCAAGCG-D1_Stim,-0.08438383885148504,0.06785649184964448,0.34624219058392214,-0.013188874905912584,0.02833442219174742,-0.14164718345996263,0.40778996969340575,0.011910743349456965
GGGTCTGTCCTATGTT-D1_Stim,-0.20456203256105,0.013336242043354929,-0.16900309114783507,0.15640223048510826,-0.14842848485968752,0.01372462071939573,0.6153067280414017,0.060569145212364006
GGGTTGCGTAGCCTAT-D1_Stim,-0.06894449714719819,0.04393961556092307,-0.01857890732599543,0.0984341000036455,-0.07029583225276781,0.042449821297539714,0.4338822448681583,0.037646961725029016
GGGTTGCTCAAGGTAA-D1_Stim,-0.11702414248143889,-0.024303136440183337,-0.08712021730313069,-0.02179624071788666,0.043822468158372985,0.012264511334247885,-0.19064219577435182,0.025343495563156182
GGGTTGCTCGCACTCT-D1_Stim,-0.0769269203729781,0.02754351742315464,0.06460143551330066,-0.0845674929471727,0.10756990491226404,-0.10547458464046855,-0.33240339754472004,-0.05861369401609373
GGTATTGAGCATCATC-D1_Stim,-0.00221560531178433,0.08388609406965308,-0.2032784637103635,0.13572780501367454,-0.12033069312834854,0.17441969677027025,0.11323732627375449,0.11593583433878507
GGTATTGAGTCTCGGC-D1_Stim,-0.006955132965510202,0.05101719969893992,0.12234363645278457,-0.007806074762495285,0.1984461887678286,-0.042561798287826136,0.07060701453189644,0.01150804326283783
GGTATTGGTTTAGGAA-D1_Stim,-0.04142690214724709,-0.029469080620678767,-0.04310665477882658,-0.09809777209356874,0.06581843511862395,-0.02013458286930181,-0.11285467347728684,-0.05137475170034733
GGTATTGTCAGAGCTT-D1_Stim,-0.10641534806826058,0.07568642572401174,-0.24658281112113745,0.14245745041788993,-0.23941967760873162,0.0888934666543193,0.0718042099980174,0.07647950442643392
GGTGAAGGTGGAAAGA-D1_Stim,-0.015956116319781444,0.10251329907550222,0.18909087003661718,0.042793906023105066,0.04683765740356094,-0.05526234400545427,0.2695934325177305,0.02770875611507151
GGTGAAGGTGTGTGCC-D1_Stim,-0.14213768848509822,0.0740488221914859,-0.2764208136657045,0.17365401066598984,-0.1580577569788879,0.0955221893457292,0.3067051346481282,0.08870403402461591
GGTGCGTCAAGTAATG-D1_Stim,-0.04055539172307476,0.011226338589747087,0.002397851165402365,-0.022078814459614904,0.038466306167189046,0.011897413335073992,-0.18937562761194116,-0.029494700732008994
GGTGCGTCAGAAGCAC-D1_Stim,-0.023076425139882062,0.07141640165709795,-0.018422782103285407,0.07688987353795085,-0.025514505401007526,0.10335244520961773,-0.1391893807842024,0.02625902313362971
GGTGCGTCATCCGTGG-D1_Stim,-0.16833319673103375,-0.07766742130159976,-0.13954532798709707,0.010802660117906981,0.04231483556293192,-0.05293867914915218,0.1278576313580082,0.02822072684878485
GGTGCGTCATTCGACA-D1_Stim,-0.09004944227534217,-0.038025290540161905,-0.03382069795944087,-0.11496147652172617,0.057391659562910036,-0.07147124561779172,-0.10724614745903693,-0.07917608047936397
GGTGCGTGTTTGTTTC-D1_Stim,-0.1659140838583273,-0.029961893343280366,-0.2305842403721865,-0.07069938635630457,-0.009719576888782555,-0.05474695533785656,-0.6073558243500088,-0.02711654003395836
GGTGTTAAGCGTCAAG-D1_Stim,-0.0839751778143949,0.020396236135860946,0.0366570196081657,0.033759007154056775,-0.06828350140065709,-0.044389422824236746,0.1198070539028464,-0.005774441438706646
GTAACGTAGATGGCGT-D1_Stim,0.00713760169681521,0.08008933015129394,0.10442603288931629,0.02492083120168509,0.061781367356219974,0.08811727681901438,-0.06946904769849382,0.037986439705141706
GTAACGTAGCTGGAAC-D1_Stim,-0.02399228089827332,-0.016000696616947252,0.059884423014587185,-0.10417974725051593,0.20624813262217678,0.012561669614600035,-0.177029317781205,-0.06668959040144706
GTAACTGGTTCGAATC-D1_Stim,-0.08427555676738585,0.008589617933791871,-0.1644241127976951,0.042937790537665776,-0.25664740952161225,0.04422464849883845,-0.33464997589050505,0.04142711139631672
GTAACTGTCAGAGGTG-D1_Stim,-0.13586329266369468,0.0050058912414066015,-0.20849586726958158,0.1298024954220196,-0.10854725262383802,0.06967718733893591,0.30482237620621433,0.06426896661409032
GTAACTGTCTCAAACG-D1_Stim,-0.1489659097935334,-0.0032706342957027346,-0.05717561607974542,0.044183462161550224,-0.05815004748804142,0.053589762120914486,0.31642084770412815,-0.0013373761821160457
GTACGTAAGGGCACTA-D1_Stim,-0.024733092269922707,0.07679507989741374,0.07982865860939192,0.07981589796202293,-0.08573589649055258,0.00028832072561080224,0.3192214015384316,0.028725204059497855
GTACGTAAGGGCTTCC-D1_Stim,-0.11692099243329857,-0.013616777891416021,-0.03548007240430451,-0.007788735522678891,0.047705453847497026,-0.07627231020321013,-0.09219075861818382,0.02030376055207661
GTACGTACAATAACGA-D1_Stim,-0.15211756581006242,-0.0015648543518338442,-0.1974632684831219,-0.0253009685163601,-0.0344799400047755,-0.024880148135137503,-0.3807940222420285,-0.028312952065070007
GTACGTATCGCGCCAA-D1_Stim,-0.13367642223822784,-0.019596953763805658,-0.27353647707080864,0.07714703745242524,-0.20680319309285622,0.05105172684289805,-0.4006203592960169,0.07306884159683236
GTACGTATCGTTTAGG-D1_Stim,-0.0762299130199473,0.00324727262365343,0.03128776809753564,0.03917318531217617,0.0695736926053403,0.081779878614201,-0.18113565748585536,0.046903297962154866
GTACTCCCATACGCTA-D1_Stim,-0.06503991156023758,0.009619052905641468,-0.05629343364326633,-0.05448493747763372,0.05744557038459419,-0.003635466872609072,-0.16540240474633094,-0.04473402313809416
GTACTCCGTCTGGTCG-D1_Stim,-0.22108662151175373,-0.07107655870354534,-0.35355837793921463,-0.03233468037935161,-0.14677487180441595,0.04281005570970642,-0.402392960658819,-0.0953900745021592
GTACTTTAGCTATGCT-D1_Stim,-0.03842007894815502,0.12320014601970364,0.21390989843631658,-0.11752652058080315,0.4051742822822817,-0.12293693234868464,-0.7199052944421958,-0.06578624198188088
GTACTTTGTGGTGTAG-D1_Stim,-0.10107740409059396,-0.03337888060215022,-0.0890777307636661,0.02548637262739817,0.10967785695366672,0.0667148002837763,-0.02556461013058353,0.05027812486091321
GTACTTTTCCTCCTAG-D1_Stim,-0.10179201405758853,0.0056701176309204016,-0.07289543093061646,0.031093430205759276,0.013560400166939601,-0.032647425484174875,0.3014858310227897,-0.002201876384892998
GTAGGCCGTACTTCTT-D1_Stim,-0.018951031904816062,0.033354988083019066,-0.05918766292739974,0.018702959907532346,-0.030468127599496242,0.017664429969793005,0.026054137154719825,0.015681955116884083
GTAGGCCGTCATCCCT-D1_Stim,-0.14300033502984988,-0.0008653312511288647,-0.18416594733622738,0.0968275494437787,-0.3547569752055555,0.02148565875131503,0.3840111872695662,0.011384551093346573
GTAGGCCTCCCTCAGT-D1_Stim,-0.036878592974291635,-0.023226744167930136,-0.004239282784576304,-0.07045473895615117,0.044175710259784395,-0.0010906444753402411,-0.18422603148311012,-0.0664549011122304
GTAGGCCTCCGTTGCT-D1_Stim,-0.06792003383230494,-0.05644244995634651,-0.10883016608653495,-0.08707295166091988,0.0805560402167611,0.004485250405922514,-0.15255761096500464,-0.021029256564272458
GTAGGCCTCTACTCAT-D1_Stim,0.06780218114433545,0.08534106070354675,-0.013233317820050772,0.055289033929859954,0.08979622365101392,0.04134586755749936,0.11491407359856431,0.07126389918734155
GTAGTCACATGGTAGG-D1_Stim,-0.04854165604706395,-0.01319851989921439,-0.0850506121822594,-0.06849658760240551,0.040945336543019906,-0.030963763391063992,-0.2242887129575344,-0.04165368934628155
GTATCTTGTGCGGTAA-D1_Stim,-0.01167495548636488,0.07384444884709573,0.004338961494642746,0.03126788417590021,0.0491997110336122,0.03550718465805147,0.17794026068308,0.027720580920814086
GTATCTTTCCACGACG-D1_Stim,-0.10712411036118752,-0.017667182454449204,-0.07600258817801109,0.0429141708238987,0.07221181649480357,0.014810101057777914,-0.06979610269285175,0.04221050152846573
GTATTCTAGCAAATCA-D1_Stim,-0.061209414923414585,-0.024428635140331778,-0.07535524575165287,-0.019065530606154013,0.09365896789811501,0.005103538127919194,-0.1504761256194378,0.013385717737879332
GTATTCTCAATGAATG-D1_Stim,-0.13164991207827903,-0.032393518562859214,-0.06255097702282342,-0.00389984154580425,0.09361801138371639,-0.05650161210440352,0.04420545990467417,0.01695983085006425
GTATTCTCATATACGC-D1_Stim,-0.13332126629207863,0.041015917034055605,-0.066951114301947,-0.009898834048351901,-0.1228435091059783,-0.0070795731853934285,-0.5302156226736265,-0.019135517097497612
GTATTCTGTGGCCCTA-D1_Stim,-0.10869335920533096,-0.03273420971117247,-0.06667530500605956,-0.0221364411153111,0.06946255430087334,-0.03501137137600452,-0.26297464121084246,0.02608163036769362
GTCACAAAGTGTACCT-D1_Stim,-0.10392013968094815,0.030980568654220164,-0.02007640377275699,0.06985572864063627,-0.20642433643368285,-0.07670107222246969,0.29743362759356806,0.024801163126943138
GTCACAACAATCACAC-D1_Stim,-0.13010040320046556,0.018106394008771787,-0.10660077490917352,0.056604670818790837,-0.06518412573574217,-0.11389604520912933,0.5894793972042027,0.026904716084052538
GTCACAAGTCACCTAA-D1_Stim,-0.061936871621664835,0.01749028335493641,-0.019403412610326853,-0.008554991257231137,-0.0013975157465093702,0.055270211444518935,-0.21521011186554873,0.012681966656543864
GTCACGGGTGCCTGGT-D1_Stim,-0.11590153971870443,-0.029089719898323096,-0.092311217533398,-0.03904368575508421,0.04218029645351429,-0.0736045579885598,-0.10367762994500396,-0.02016480911941443
GTCACGGTCTGTGCAA-D1_Stim,-0.0652097850206026,-0.011373951761841639,-0.145426285717436,0.008345764738844963,0.036814683989208064,0.04531905577788642,-0.0612168982867054,0.038744115136223556
GTCATTTAGCATGGCA-D1_Stim,-0.09066190439670763,-0.025757216061649046,-0.07103536801291721,-0.06238308551269611,0.007217920672003331,-0.06436279152727664,-0.2815144427704759,-0.0482233684263349
GTCATTTCAATGTAAG-D1_Stim,-0.09752729970574414,0.07243381724469877,-0.18403128116974088,0.0607439775288352,-0.22096479062190788,0.04460680787515514,-0.3699600876929843,0.03366184490279345
GTCATTTGTTGGAGGT-D1_Stim,-0.1027172286633764,0.06040920496016433,-0.2759577765814978,0.1536005327012795,-0.3082951813852972,0.08192019170368248,-0.08677899392192323,0.08450682990369174
GTCCTCAAGTACGTTC-D1_Stim,-0.08121782119678578,-0.008541758070945704,-0.058166010959718406,-0.007769570035780049,0.0591651724774831,-0.034728934691163005,-0.1939704577303516,0.016104174253502634
GTCCTCACACCCTATC-D1_Stim,-0.14279581375463302,0.03891230419416303,0.2223361831177879,0.005167287614677107,-0.2509085547837788,-0.20376492904377663,0.5984351566631574,-0.01873531115931293
GTCCTCAGTCTAGCCG-D1_Stim,-0.012712637226261592,0.05189160413256921,-0.06330640373481611,0.032075963513463535,-0.036179979302934484,0.08594682285548494,-0.05526750673848824,0.033658782533807496
GTCCTCATCTTCGGTC-D1_Stim,-0.13391216463786648,0.025315304253812343,-0.3421565292194231,0.16499624200720042,-0.26807617675378204,0.058743705482127595,0.2498514797781759,0.08989158717201029
GTCGGGTGTCGGGTCT-D1_Stim,-0.057632572829865225,0.07236035693811615,0.07318513817869565,0.012166706244141068,-0.15947363566314365,-0.10116507901731353,0.12448877183928708,0.0032698612926278514
GTCGGGTGTGAGGGAG-D1_Stim,-0.056234457486699085,-0.006572588107367494,-0.03372634161010879,-0.023030287527552318,0.019070008587235066,0.01413128987033474,-0.08940686283700572,0.0014436850173282778
GTCGGGTTCTTTACGT-D1_Stim,-0.00915958162892494,-0.00708923966405095,0.03578868304319993,-0.00730716513653995,0.051942403492274636,0.007665361180539065,-0.1401579174259524,-0.019229963901846503
GTCGTAAAGAGTGAGA-D1_Stim,-0.0461149148930744,0.06528915087309883,0.24212984041156105,-0.04298041168501854,0.28800447848467137,-0.0057897096941772475,0.07473110602152122,-0.04710990759177491
GTCGTAAAGGTGTGGT-D1_Stim,-0.048463275757596236,0.00971412508392433,0.050307908198700346,0.021311242890268645,0.1241603963688469,0.039925457732012504,-0.05659443311073531,0.05900269803602676
GTCGTAAGTCATGCAT-D1_Stim,-0.032280669160648756,-0.0237183471704423,-0.005184714610493302,-0.06578267875608113,0.05568994098405433,0.005127854067284332,-0.17868735719651596,-0.01845588019541644
GTCTCGTAGCAATCTC-D1_Stim,-0.09822964670058631,0.04892372192276717,-0.2310439891399847,0.11898685893486771,-0.14089409147435283,0.00950867190835325,0.14513049193167227,0.06037605370106469
GTCTCGTCAGTAAGAT-D1_Stim,-0.08976178044568606,-0.04651495082318391,-0.12509256544845915,0.007858683330502103,0.03465308230474129,-0.009715429685032362,-0.07742443472855243,-0.008653921880199533
GTCTCGTGTGGTTTCA-D1_Stim,-0.14932717189126166,-0.02857049326597405,-0.08647085825830736,-0.02956443282709209,0.08708170502375445,-0.018858211013142778,-0.2321400167562082,0.01949378791849732
GTCTCGTGTTGCGCAC-D1_Stim,0.03386301550394144,0.08596931707829114,-0.08424929788191804,0.06569037452181625,0.04312422097615176,0.09134168280863442,-0.22705757393141113,0.05897958825731564
GTCTTCGCAAGAAAGG-D1_Stim,-0.11806195051761037,-0.05137419878566796,-0.22685500691689242,-0.05263615872562788,0.13497069087067892,-0.021458151460000963,-0.14701510980136945,-0.027535532128281304
GTCTTCGCATGGTAGG-D1_Stim,-0.004526982476434682,0.06330519164703752,-0.07792983971098,0.0660882554472817,0.06787480677967928,0.17290756244752892,-0.2151014710665642,0.07018475130142221
GTCTTCGGTACCGCTG-D1_Stim,-0.15691657415579563,0.03492360734644784,-0.23341846451609705,0.1465379752218059,-0.14809225910840063,0.07706904241858581,0.4328008147027145,0.041000755582448534
GTCTTCGGTTAGGGTG-D1_Stim,-0.05418301387463487,0.040587417669360804,-0.10968352934207015,0.051509257402914344,0.09874745052126954,0.09188107191905104,0.037082325271756034,0.05352322498189466
GTCTTCGTCGGCCGAT-D1_Stim,-0.043072260700810716,0.04866594312439965,0.1308878780886804,0.039106151210248186,0.17474694709858163,-0.01799890688963579,0.339510446850122,0.011966605743383596
GTGAAGGGTACCTACA-D1_Stim,-0.08815644595980032,0.007243581264297916,-0.08719781125790238,-0.018025349986581674,-0.031935555672228944,-0.02768254421821048,-0.1262327928074427,-0.0010584577085985813
GTGAAGGTCATGTCTT-D1_Stim,-0.10095082995919746,-0.020217040925848195,-0.05470717171326456,0.002791739955315009,0.013020084584553615,-0.045346637341213025,0.0327110532942001,0.015504589486667442
GTGCAGCAGCCGGTAA-D1_Stim,-0.09911130428008619,-0.013227145086489145,-0.10354893957677103,-0.00831823383597552,0.030240985470479487,0.034638081779466035,-0.04285184830634847,0.022449619062905768
GTGCAGCAGGTAGCTG-D1_Stim,-0.035740594432178696,-0.00817526931468926,0.0012606544399060837,-0.08287326453483423,0.02691022701046286,-0.040857827928196144,-0.15149223455700067,-0.0805854516177007
GTGCAGCCAATGTTGC-D1_Stim,-0.08066973100790875,0.0027645534876015176,-0.07503006925705691,-0.06560463715475784,0.039482579876136015,-0.04570148278290276,-0.12096162768901308,-0.04920272754508659
GTGCAGCCATGGTCAT-D1_Stim,-0.07225868157958537,0.008446778706876046,-0.20741435809528408,0.04573027226985715,-0.2455105119444152,0.04555280760692071,-0.49539685932707833,0.04684386178059441
GTGCATAGTGCGATAG-D1_Stim,-0.11459448015303053,-0.0584968485992956,-0.10455498822532228,-0.08607877530462282,0.12781460813764767,-0.04789137826687195,-0.3054717316177147,-0.049487720689057824
GTGCGGTTCGTGGGAA-D1_Stim,-0.1050967414906907,-0.02684966507876041,-0.09055082728339325,-0.02895176626795859,0.10493076907888721,-0.030277123379956805,-0.17229026539506265,0.010086653350798613
GTGCGGTTCTGCTGTC-D1_Stim,-0.03714451920650497,0.01689843359930876,-0.160040652795586,0.08799802498937837,-0.017863853584856315,0.030819681755515305,-0.10418042300063846,0.08736641487839947
GTGCTTCAGGAGCGTT-D1_Stim,-0.146223954434884,-0.0559984205089723,-0.11593063032048523,-0.033988851030088085,-0.025701607629008194,-0.06865665538966859,-0.15139229763778772,-0.03362101627761227
GTGCTTCGTCGAGATG-D1_Stim,-0.06613462919558799,-0.025456156611239678,-0.009302911486743781,-0.01800372700994579,-0.007156275905444431,0.007512004394179428,-0.14104403643132457,0.006629839394046044
GTGGGTCAGTGAACAT-D1_Stim,0.06471262753898976,0.0826005157655878,0.11142024430984065,0.020582746853742506,0.10535548691824381,0.06461379852654048,-0.14258567343325268,0.013372286747360462
GTGGGTCTCACAATGC-D1_Stim,-0.18145092618279257,-0.01621496110203502,-0.17467601174796066,0.14254485564465824,-0.26569424296051736,0.008755031024744397,0.5478153445175948,0.0494063014501549
GTGTGCGGTTGTCTTT-D1_Stim,-0.058133046875918026,-0.004151533392338536,-0.22117345161950386,0.13962997993345638,-0.08395737673741088,0.10297160547971096,0.3231054736447678,0.07416195490697142
GTGTGCGTCAATCTCT-D1_Stim,-0.04017971373764517,-0.03857588892475938,-0.04303812783900707,-0.09412164036511506,0.15388400697060511,-0.0015888896306837097,-0.097077300562745,-0.03559639342319265
GTGTGCGTCGGCGCAT-D1_Stim,-0.08231889045253915,-0.0268715469275822,-0.09558698401997479,-0.0074098698348183945,0.08722154595727538,0.03492270430057687,-0.15061484834471983,0.022869439000395175
GTGTTAGCAATCTGCA-D1_Stim,-0.13167329975667563,0.0018113547374962735,-0.14217068367287045,0.050524508777490595,-0.1398402923209101,0.02940056254181833,-0.09233279028826757,0.041374721432722694
GTGTTAGGTTCGAATC-D1_Stim,-0.04339419963051938,0.0012979432614663722,0.0028243906805549557,-0.013372477228816848,0.0395949106203588,0.01819106863209896,-0.08133405744594668,-0.02550738409043518
GTGTTAGTCTATGTGG-D1_Stim,-0.11488321341592211,-0.0024876334143684176,-0.153101226824087,0.13715350244517843,-0.036554835146802134,-0.06397860346875994,0.43529335158925875,0.05988160404583631
GTTAAGCAGGGTGTTG-D1_Stim,-0.1403189592283507,0.05888617404652052,-0.25213818022687207,0.1997791644657525,-0.1394089413428361,0.17140402492783302,0.6017478734709663,0.12194556874378826
GTTAAGCCAAACGTGG-D1_Stim,-0.056280244165229476,0.06043581828771849,-0.17626265193863677,0.07491510405685275,-0.18462863274393193,0.025022594871497716,-0.15395700813393098,0.0701900458400484
GTTAAGCGTCAAACTC-D1_Stim,-0.01523816148480428,0.010075934314796697,0.03025716118180455,0.11181011109629146,0.006569722993504001,0.14511707793979056,0.2161902711589736,0.0861830375990511
GTTAAGCTCAGAAATG-D1_Stim,0.019369779521925423,0.07375356146947709,0.03733254765582217,0.029441867375053832,0.1372786146137681,0.0728903660654634,-0.13207885732667002,-0.005156538593096727
GTTAAGCTCTTAGCCC-D1_Stim,-0.07462526929138313,-0.022746186655657752,-0.11127006722393684,-0.03468383700942823,0.11690083000340401,0.011906802659897409,-0.18868482819808463,-0.021570218796874485
GTTACAGAGGGTCGAT-D1_Stim,-0.1345458010974525,0.029880575208359517,-0.1383297931514642,0.07316795200152981,-0.007131032878302079,0.009271671112747626,0.26980481790372934,0.022745757280702605
GTTACAGCAGGTCCAC-D1_Stim,-0.05040244535762639,0.088018717161372,0.6515311913080399,0.0015669627175665113,0.18041150332533995,-0.14117720453426053,0.2999160253810569,0.00426695135885069
GTTACAGGTATTAGCC-D1_Stim,0.026947212284810007,0.07839027479276872,-0.016976205947438316,0.09477168706083816,-0.025565494287665302,0.1291774679994635,0.00016309259224556172,0.04149388188309011
GTTACAGTCTGAGTGT-D1_Stim,-0.21017630056655712,-0.10129170842345303,-0.2962222614765162,-0.0439183038668407,0.017054961936914026,-0.03064319267554616,-0.18604947804578842,-0.01969569465408405
GTTCATTCAAGCGCTC-D1_Stim,-0.06575844753858462,-0.015097724402394874,-0.055068506957546504,-0.049495889202860965,0.012293466724203839,-0.004023605353024706,-0.09017542632054898,-0.01608724414929874
GTTCATTCACGGTGTC-D1_Stim,-0.009626216295908208,0.03215983739903905,0.00047350540337554037,-0.002801791168719703,-0.1396228785212763,-0.06078826198615239,-0.007867002088682185,0.008705195135318533
GTTCATTCAGTCGATT-D1_Stim,-0.09632819478859922,-0.022414224446798414,0.00506485118093547,-0.012323529147721501,0.07431560770525181,-0.012246083419832132,-0.13174576757688428,-0.004300522479054436
GTTCATTTCTTCGAGA-D1_Stim,-0.1072364288690082,0.04119268194004988,-0.2542579833565073,0.10280478137798532,-0.12486193859445827,0.03718299142798642,0.26801715886336197,0.055835777490973015
GTTCGGGAGCAATCTC-D1_Stim,0.08848189638919912,0.11902461132048359,0.282542054892847,0.0330032120053545,-0.1463091992735066,-0.013100671852368961,-0.022006832620152572,0.020444400681023822
GTTCGGGAGCACAGGT-D1_Stim,-0.11953614908979837,0.000918943869233857,-0.14439635194209277,0.02257460045518478,-0.20141813928525565,-0.029661005716803857,-0.13689890577555985,0.028390293233595543
GTTCGGGAGTGGAGAA-D1_Stim,-0.09581573709601265,0.07859523377610422,-0.2082365405425426,0.17919759911086786,-0.13384555277269605,0.12930893346582018,0.38027449326967755,0.1233471295895896
GTTCGGGTCACCGTAA-D1_Stim,-0.09479256478221565,-0.02185390281079691,-0.21484109193238066,0.006003883111397101,-0.01366795862292669,0.006041585409594319,-0.1014205532525807,-0.012219919137011814
GTTCTCGAGTCTTGCA-D1_Stim,-0.15964230397484513,0.005330533559483541,-0.3247522428213987,0.1148933265950447,-0.31317021287445357,0.03502928688792473,0.185430637559719,0.03297141751670374
GTTCTCGAGTGGACGT-D1_Stim,-0.17851291139719727,-0.07007311931549687,-0.20664729844193985,-0.05509244006253056,0.02172692666235676,-0.0502872445511553,-0.1957666102522886,-0.03520068562920109
GTTCTCGCACATGGGA-D1_Stim,-0.09058408308285237,-0.038200416931600145,-0.07312523007537042,-0.03756465973722811,0.0034369031083638646,-0.019102594453100252,-0.14790408663165877,-0.01601076815364877
GTTTCTAAGAAACGAG-D1_Stim,-0.09184167550362332,-0.026795784206663953,-0.05607368283919101,-0.009562108977934969,0.02299905811737979,-0.08354232635066161,-0.039475186832923725,-0.015708149829134044
GTTTCTACACAGGCCT-D1_Stim,-0.09696261001435502,0.07031064234542583,-0.060487812624899995,0.04073274179742192,0.078372843497716,0.17868760116676086,-0.2900937465612934,0.055887436974709104
GTTTCTACAGATGAGC-D1_Stim,-0.08416581015579538,-0.02428207335446153,-0.09051366497090374,-0.0992884581898803,0.13686355534135153,0.011774714424140242,-0.2666655747268649,-0.03443767160894318
GTTTCTAGTTTCGCTC-D1_Stim,-0.16892327810441898,-0.030526090389805915,-0.09460329566298498,0.03794490986762433,0.013807967334086513,-0.04006624945490245,-0.013573942806669237,0.034882462180744866
GTTTCTATCACTTACT-D1_Stim,-0.004809719271129609,0.04425610694246096,-0.05092088239396553,-0.05110979008630423,0.0646846462124877,0.05294980329349208,-0.24168263507651666,-0.04706811572383529
GTTTCTATCTCAAGTG-D1_Stim,-0.11880881437057589,-0.05311686865066356,-0.08162193944982299,-0.06750303687649506,0.01793546237098731,-0.05430689068706407,-0.1306932389904567,-0.037196054298005876
GTTTCTATCTGGCGTG-D1_Stim,-0.07107507584645845,-0.030090269402363035,-0.1345549820798837,-0.03560065776953536,-0.03022918365935645,-0.01042733029227172,-0.18138955598328366,-0.013401584622700469
TAAGAGAAGAGTCTGG-D1_Stim,-0.13648127685076794,-0.03276451204814812,-0.15904604172630066,0.06262246601086119,-0.20819437251605066,0.043447843484791804,0.11300507163171147,0.038578751982786486
TAAGAGAAGTCCGTAT-D1_Stim,0.0016281037299989976,-0.03615930535845635,0.018184196844296174,-0.10067915868776645,0.05553718070366642,0.021074272278669426,-0.11254499369830384,-0.07027476084198803
TAAGAGACAGACAAGC-D1_Stim,-0.17840827261596637,-0.05374189899134052,-0.29719315735552243,-0.023391966599847436,-0.03549954992167059,0.04189825314138673,-0.27989948708192003,-0.010084864527026838
TAAGCGTAGATCGATA-D1_Stim,-0.1620026150514029,-0.030947494784527407,-0.1847572756934106,-0.022494185572178083,-0.06766329819705597,0.031208160184126754,-0.20507125250037106,0.02284630319828551
TAAGCGTGTCAACTGT-D1_Stim,-0.10966408113807447,-0.04222181887393717,-0.12457641451554036,0.07581244628458883,-0.0458192079453319,0.0209007344052754,0.025491307831078558,0.055992343091253005
TAAGCGTTCACAATGC-D1_Stim,-0.09676083817840997,0.020922978128933067,-0.10732696796059038,0.0014136333105341237,-0.0687292872744365,0.0033697185166072785,-0.3289265626728355,0.03246644557059675
TAAGCGTTCCGCGTTT-D1_Stim,-0.11295169382922943,-0.029795882553935726,-0.03387798650297924,-0.00018605823737516403,0.04655366956143148,-0.06375329910438943,-0.06892249019581342,0.001201997132245225
TAAGTGCAGCACCGTC-D1_Stim,-0.10545161822505555,0.01887883662308454,-0.08278598939516524,0.05387454997454455,-0.03427223629876153,0.05250023544882332,0.37060974810701985,0.020454049124257523
TACACGAAGTTTAGGA-D1_Stim,0.015292541297206697,-0.02048052124218991,0.03387743544432453,-0.12409539811591941,0.15946685014468365,0.03580016891119797,-0.16268663036567332,-0.08536636667162512
TACACGACACTCGACG-D1_Stim,-0.16603918250996053,0.013955202130471633,-0.10530755289476357,0.05300276431432671,-0.029474397400447216,-0.0558094548718433,0.39432010155447905,0.007015404810260861
TACAGTGCAACTGCGC-D1_Stim,-0.12813592865586365,-0.031232058333758417,-0.20759034429819767,-0.01868823809107134,-0.06519325617860616,0.03034176394392496,-0.16591995547312166,0.0006129726620454079
TACAGTGGTAAAGTCA-D1_Stim,0.030646323129452924,0.02943144321904967,-0.06150977026515214,0.022146524263083833,-0.2982157426471037,-0.02169967198757128,-0.15864538758202507,0.02164915218749286
TACAGTGGTGGTACAG-D1_Stim,-0.03431330561858914,-0.023934050369444293,-0.02611154646647318,-0.08289318381177502,0.12607602292091613,-0.027630709678181375,-0.19781166642377457,-0.04354919885225428
TACCTATTCTGCCAGG-D1_Stim,-0.08380493600576955,-0.01644794157235374,-0.052605174415453426,-0.08757857764534371,0.06816074164407127,-0.02111561376254123,-0.23021362322041128,-0.029269442000991575
TACCTTACACGCTTTC-D1_Stim,-0.19725164667509354,0.01193687626213702,-0.36467044954396766,0.19362072906739947,-0.07213471647860459,0.12309506203454568,0.892270098211176,0.09503041570581239
TACCTTACAGATAATG-D1_Stim,-0.1048138299939314,-0.03265680196270537,-0.06999519561960366,-0.0716501056598915,-0.01830059543366147,-0.0782884147317322,-0.06316695819725737,-0.042083407463479716
TACGGATCAGTGGAGT-D1_Stim,-0.06644548661646965,0.0915624623015443,-0.04121108477814328,0.07135270107327862,0.07641987540349504,0.21544737490010313,-0.1545984930376676,0.07753968765064023
TACGGATTCGTTGACA-D1_Stim,-0.05767605673835696,0.022581235053975135,-0.006918263159919391,0.07425714194075006,0.057135191634591465,0.1847152904908711,-0.08423462331358067,0.09966100894406793
TACGGGCAGAGGGCTT-D1_Stim,-0.12942483420911977,0.029752729013207357,-0.2271975247646374,0.06930048500543329,-0.19228633718674537,-0.037913190409538444,-0.03618656055954439,0.025351785175564245
TACGGGCAGCCACCTG-D1_Stim,-0.10953643636796784,-0.044996800025291606,-0.09794293412408894,-0.053964135791067847,0.030496247437449497,-0.0592707202406384,-0.1098861025311102,-0.031111856847113373
TACGGGCCATGGTCAT-D1_Stim,-0.12783754371035805,-0.019619234062028923,-0.14814445838100987,0.02382953916211683,-0.005970560249073387,-0.0060671541723369415,-0.18244818305196375,0.03302775165124672
TACGGTAAGTACGCGA-D1_Stim,-0.11197765776240765,0.016918306043370634,-0.11399976074388452,-0.013545966446626423,0.0008515183259696357,0.09697053245685794,-0.4369948514352373,-0.01243240918747368
TACGGTAGTCAAAGCG-D1_Stim,-0.08301299483320612,-0.026826919620631884,-0.06229387983862633,-0.0447982276344252,0.0323843740880605,-0.00835069101081487,-0.16988482257129078,-0.005413925170683953
TACGGTATCTATCCCG-D1_Stim,-0.11562871489324422,-0.03724726736002637,-0.05875560253975198,-0.049730912988744436,0.018488802833179108,-0.031637837482582754,-0.13534571799747042,-0.013974096688594173
TACGGTATCTTGCAAG-D1_Stim,-0.03628861239587167,-0.056571228040262156,-0.20786115504633962,0.01851671724428705,-0.030245142420847415,0.07255712853004681,0.06698547948438538,-0.024494749521341674
TACTCATAGCCTTGAT-D1_Stim,0.030112630791608197,0.08962912692409475,0.18677985891456572,0.017178462288928387,-0.01001680409694039,-0.014429351761595655,-0.0005561474928743593,0.03218419166771369
TACTCATTCGAGGTAG-D1_Stim,-0.10375486592872285,-0.027445267369692772,-0.07938755534053588,0.0011965108451157391,0.08742247033577932,0.0024874402935104456,-0.0488200401169081,0.03023179334704551
TACTCGCCAGGTGCCT-D1_Stim,-0.057891356134994965,0.02218652265791654,0.19582904232035858,-0.022992226982646358,0.11061380541138277,-0.19552480641739578,0.17347806828594692,-0.007012801488931686
TACTCGCGTAAGTAGT-D1_Stim,-0.05913750308836363,-0.00994510293594253,0.006929578463852337,-0.045915049657772045,0.09124804117754337,-0.02870685852945165,-0.11199268607490964,-0.05126622134978476
TACTCGCTCACGCGGT-D1_Stim,-0.21155189945465303,-0.07657093770445478,-0.14908815007799525,-0.04866840321300181,-0.14529171253944106,-0.08312981709364209,-0.317617619254289,-0.014435007301942804
TACTCGCTCGGACAAG-D1_Stim,-0.06857237593930954,-0.0162731274018455,-0.005108283401473734,-0.007874543840376447,-0.0222016667128333,-0.03575651024986293,-0.09365318114977939,-0.015749422326015505
TACTTACCATCAGTCA-D1_Stim,-0.08025146968656927,-0.012386670695420321,-0.12807119751721086,-0.04690703146843056,0.05223440214619046,0.0341103584971556,-0.18888197544115215,-0.0002591024455149693
TACTTACGTACATGTC-D1_Stim,-0.029540538780851833,-0.03643520750436302,-0.06261921560416628,-0.0691570976670075,-0.033417067313504134,0.027035754391571132,-0.1845635095243452,-0.0430495242709501
TACTTACTCAGTTAGC-D1_Stim,-0.061081365786840536,-0.009134136921412406,-0.014942733200261848,-0.05429942014180966,0.09063907216036782,0.006836018240178987,-0.06742995782133221,-0.03929910976859574
TACTTGTGTGCATCTA-D1_Stim,-0.08597488321710678,-0.0010426773405036727,-0.0592105840761219,-0.03756111084111602,0.009868758379072418,-0.024972320222799382,-0.20543480571648232,-0.03004438255828923
TACTTGTTCACCTCGT-D1_Stim,-0.16607423317838688,-0.034353426082180505,-0.19133102426288673,0.05746870370363055,-0.08918440547741113,0.146440730744553,0.22832845206537833,0.04068556520518918
TAGACCAAGTTGAGTA-D1_Stim,0.07144299364008866,0.0794298885482636,-0.0323842529232623,0.07117578057919793,0.04144870437243675,0.12382854931346365,-0.06708439019224066,0.024677311445920225
TAGACCACACAAGTAA-D1_Stim,-0.1614454510275003,-0.01495431231576383,-0.18254375039877502,0.014933971228808574,-0.02376965232899053,-0.0032970402805414523,-0.3063218399551957,0.007430012823364862
TAGACCAGTAGGAGTC-D1_Stim,-0.16460596626123447,-0.08403103077317198,-0.2749652217767675,-0.06212816883432204,0.0027333414662447097,-0.07179347973117167,-0.24682595628849313,-0.04268467249028163
TAGACCAGTTCACGGC-D1_Stim,-0.13223378611096237,0.010222870470082412,-0.17885162551167344,0.03695451928075144,-0.026657000999172453,-0.016956762338114828,-0.3783530229433616,0.06157716858181317
TAGACCAGTTCGTGAT-D1_Stim,0.08793111626319394,0.07633992967194558,-0.0533350593980213,0.03220149552150353,-0.16891398762637166,-0.0526920108129616,-0.4220236477374275,0.010910294860376979
TAGACCATCGACGGAA-D1_Stim,-0.06453154957960017,0.01787459855630047,-0.027850241874651793,-0.04163351723866526,0.05880497489740222,-0.003747584438572815,-0.23598672768364715,-0.024848181693137406
TAGAGCTAGGTGCAAC-D1_Stim,-0.08731002088913442,0.026186592613896664,-0.14820217943022929,0.06321860672603741,-0.10534029413401846,0.047351120321852846,-0.27260345534481445,0.05294227051055067
TAGAGCTCACAGACAG-D1_Stim,-0.042298880653005355,0.022515209766167388,-0.07583603992758992,0.0694811527368806,-0.026523659683157064,0.09763715702714215,0.1992225126251217,0.02504426431080553
TAGAGCTCAGTGGAGT-D1_Stim,-0.1461408519808174,-0.044226686479929,-0.1735460118975265,0.034158168548779955,0.03761020790135028,-0.022034025688643766,-0.08994736040550677,0.023301729787926106
TAGAGCTCATCGGAAG-D1_Stim,-0.10747989247558998,-0.03969476688309648,-0.049991010268604974,-0.0650961534681862,0.13390902602545296,-0.010502713195020164,-0.3118679343191957,-0.04853205500048574
TAGAGCTTCCTCATTA-D1_Stim,-0.08527320944401318,-0.03466582077641611,-0.09279944647639837,-0.04243489293570235,0.009892119863131654,0.019463414625072062,-0.12670485099714313,-0.014147800607414496
TAGCCGGAGCCGTCGT-D1_Stim,-0.08069027840929266,0.0697675255421153,-0.055356338466979516,0.07667306739821278,0.04078348205133153,0.11803839345749445,-0.05774274811982316,0.050587699826376564
TAGCCGGCATCACCCT-D1_Stim,-0.054452358794872424,0.025577064988516085,-0.13487985053735585,0.0036407212425810798,-0.048321671252749,0.031995601456630496,-0.26399272841771193,0.023674473550345354
TAGCCGGGTAGAAAGG-D1_Stim,-0.12061118519095615,-0.03912562924558749,-0.10211362076148767,-0.014045610832303268,-0.012175537219338395,-0.10408166037278832,-0.06979654889330078,-0.00908041106809776
TAGCCGGGTGAGTGAC-D1_Stim,-0.06995880961820866,-0.021948594703333768,-0.0630554971353261,-0.057367824576669335,0.013265536223043384,-0.03060144213727156,-0.16357580540715588,-0.04166272427919715
TAGGCATAGCTGTCTA-D1_Stim,-0.1581569526201818,-0.043571801272781485,-0.2032575625205002,0.02202560705791079,-0.05809640858648457,-0.052029694038026264,-0.12666063698981844,0.04174738999705774
TAGGCATGTCATGCCG-D1_Stim,-0.10764162809290134,-0.016836141981782404,-0.20558804672323472,0.03883513723629939,0.039213530369782035,0.0763842197461333,0.03965842954944421,0.04511449704885884
TAGTGGTAGACAGAGA-D1_Stim,-0.015493210904628185,0.03659592653755617,-0.07521346132067741,0.06386173184179533,0.06393592839761553,0.05137669040758652,0.31766233738476934,0.06482042445247771
TAGTGGTTCTCCTATA-D1_Stim,-0.06334176934801583,-0.0074757885302148,-0.05232412029178768,-0.03878104501252899,-0.004983529459945402,-0.009814470571908984,-0.16134485983035063,-0.014648957958199205
TAGTGGTTCTGTCTAT-D1_Stim,-0.07658548074139482,0.05267338171341507,-0.11858845249763128,0.02793690080858724,-0.12542482303709335,0.0010505542006189472,-0.2879204042034065,0.0553710116527526
TAGTTGGAGGATATAC-D1_Stim,-0.03221776881990657,-0.0019598921513974688,-0.17451089802448116,0.10025039389143231,-0.05653598732646259,-0.0024884752746228145,0.2994397374053772,0.042871843342787486
TAGTTGGGTCTCGTTC-D1_Stim,-0.042181405452197396,-0.01211340818254314,-0.07133296345878382,-0.047388240317031816,-0.04847837694769197,0.04121570542568698,-0.17908139692525538,-0.017907377531580337
TATCAGGCACCTTGTC-D1_Stim,0.06852999587708553,0.06766368963373814,-0.13330734429573177,0.042346154793186486,-0.13363432537826903,-0.06440361188142418,0.1482226116989196,0.01207810489164629
TATCAGGTCAGCTCGG-D1_Stim,-0.04657015065348169,0.05647087123021599,-0.19376552786062096,0.1677266221427285,-0.1824761464104352,0.2695738350607062,0.1195687437900208,0.1244500945906335
TATCTCAAGCCAACAG-D1_Stim,-0.17005265324045027,-0.04971337807510956,-0.14899490951260042,-0.024155603779250967,-0.047188111028074076,-0.09262516859006986,-0.1210774864779971,0.011694525104909204
TATCTCACAAGGTGTG-D1_Stim,-0.11716169092753326,-0.014716678586287557,-0.18632137969177087,0.03082462807816455,-0.12329041715997491,-0.011490564769607303,-0.2060091340222847,0.045783272058079305
TATCTCAGTGTTTGTG-D1_Stim,-0.0735767728505703,-0.04350050674828232,-0.07378926883873937,-0.055364610447487195,0.12128360302311414,0.006125718843447814,-0.15866732749850598,-0.024955521742816344
TATGCCCAGGAGTTGC-D1_Stim,-0.09527489048936566,-0.029462413377938645,-0.05086466853630167,-0.06260845887252664,-0.006790710174746195,-0.04960607458866484,-0.015039766214254513,-0.02958959385380666
TATGCCCGTTGGTAAA-D1_Stim,-0.08015553101686734,-0.0019211320562977363,-0.037695037428695954,-0.0018741524143024435,0.03778084164822282,-0.007941329219162796,-0.21024178164146434,-0.0008766831748143744
TATGCCCTCCGGGTGT-D1_Stim,-0.1255967171994179,-0.03837717715544109,-0.16054074635466264,-0.03527070923466624,0.030225610407581982,0.010927215534008994,-0.16348168662161555,0.012564452802161341
TATTACCGTATCTGCA-D1_Stim,0.06874711800222855,0.14861555464248966,0.06198863688986034,0.07698249478089814,0.13302395753630947,0.13118053458564027,-0.4767649838474064,0.06804511414584269
TCAACGATCTGCGGCA-D1_Stim,-0.07959305931306027,0.036912041393438955,-0.21302560403969473,0.14487624279039757,-0.12134405626899003,0.24446322990735325,0.2619438473967719,0.07162071602921927
TCAATCTAGCGCTCCA-D1_Stim,-0.02010536722824341,0.029863634298919806,-0.08195397448987052,0.046466903682370386,-0.008648813657211818,-0.05909580080540522,0.21434723599836936,0.00378496000435824
TCACAAGCATCTCCCA-D1_Stim,-0.07794133190420105,-0.042553917784792006,-0.09849426153011898,-0.047941678309680213,-0.037916148949422634,-0.024034753605354453,-0.1618415997872944,-0.02774219530039268
TCACAAGTCAGCATGT-D1_Stim,-0.09779804347034293,0.013746744311081471,-0.061141237083342403,0.0765321311500351,-0.16260560791849343,-0.038350836923887854,0.2293682806010544,0.04121686796334423
TCACGAAAGATACACA-D1_Stim,-0.1522774941957934,0.01864757621605584,-0.15480015056443808,-0.010829534529383622,-0.06589967416893039,-0.05316530775858652,-0.23932410662121129,0.015473785276745033
TCACGAAGTCAGATAA-D1_Stim,-0.1931647373481873,-0.06765679357610743,-0.25131916146318645,0.003208733864587643,-0.13885144809274763,0.09556880472183948,0.24513932345056233,-0.018636205853322707
TCAGATGAGCACAGGT-D1_Stim,-0.22588538556582982,-0.012978473339259722,-0.3619299723367613,0.13311940938397804,-0.17352489793714732,0.12511686627613194,0.6357665768348539,0.0867232709587622
TCAGATGGTCACCTAA-D1_Stim,-0.08241704421705087,0.014527097765407504,-0.059185133058977435,0.07864562968400612,0.05970727418094235,0.051324554830275204,-0.03584121890393277,0.07023203462266991
TCAGATGTCGCATGGC-D1_Stim,-0.12632702303140242,-0.0650652693377598,-0.2574421739787818,0.008475430899073544,-0.03393460339505694,-0.002107252679449445,-0.029766052645239682,0.005073705907722825
TCAGATGTCTGGTTCC-D1_Stim,-0.19698995510031914,-0.09532501317369935,-0.2710463229916291,0.012720154547812612,-0.16932026719743476,0.05295360375656877,-0.2163354014886174,-0.05519495074792147
TCAGCAACACGAAATA-D1_Stim,-0.06101332782218627,0.03895998363517528,-0.013754582671346327,0.05191368304941868,-0.06260205797884666,-0.04403089136762084,0.16543079001655236,0.013721206642367534
TCAGCAATCGGCGGTT-D1_Stim,-0.02026383688941813,0.03599387917293306,0.026774478151779135,0.08973896292109806,-0.018830253527951868,-0.017343735910136715,0.23685218857280965,0.028385435980476714
TCAGCTCAGATGTGGC-D1_Stim,-0.13341944086414692,-0.012810168138283728,-0.19937984580385226,-0.02082405071156579,-0.14283991622281,-0.0009489018627508727,-0.15455266417610147,0.02462969129196857
TCAGCTCCAGGAACGT-D1_Stim,0.0004581946042367946,0.07924864028715284,-0.06755166915550248,0.029780405937339438,0.07478039292141858,-0.001557605339430168,-0.06239322973819306,0.043653970686595045
TCAGCTCCATCGATTG-D1_Stim,-0.06391576668332988,0.046646947412559925,-0.09879254647347224,0.06818917166963878,0.010058626328133258,0.079791275723192,-0.03540955843435967,0.07819325950291756
TCAGCTCGTCGCATCG-D1_Stim,-0.11380234919029242,-0.02213350301775563,-0.10773458301764371,0.02696239825335134,-0.02401018555787182,0.008141655706495499,-0.1617396070755177,0.035121463774483885
TCAGGATAGAAGGACA-D1_Stim,-0.021736414824815142,0.04223601756652151,0.06123012332768063,0.05196871126772251,0.001060785758223659,0.0021999653159419097,0.14595532495966523,0.03484206487298813
TCAGGATAGACCTAGG-D1_Stim,-0.02591792100016832,-0.014132867621048817,0.001692212906238666,-0.0727839438860407,0.08243184212398447,-0.04598994501145448,-0.09406818705350162,-0.07229159107486893
TCAGGATAGCACCGCT-D1_Stim,-0.08019060508441989,0.0022750594643294875,-0.0623446680313684,-0.03967644378873203,0.06324782647489613,-0.0826507097812712,-0.1640613537749509,-0.02590219301775143
TCAGGATGTTAAAGTG-D1_Stim,-0.08562255280809872,-0.03469704885482017,-0.05996712170766649,-0.01421410289101388,-0.02850246312202387,-0.022626911431615326,-0.10364994120022786,0.005424160395335775
TCAGGATTCCTTAATC-D1_Stim,-0.11839892234038807,0.0014803074225309132,-0.1993034328575014,0.0688996383784719,-0.04869487501437675,0.030690082909080374,-0.03898502676699067,0.059454785813988664
TCAGGTAAGTTCGCAT-D1_Stim,-0.08783540899015385,-0.03883639377638559,-0.0983250016859607,-0.08504486273367817,0.01734676829904558,-0.05720953443993615,-0.20307629597839494,-0.05465768063770149
TCAGGTAGTCTAGGTT-D1_Stim,-0.12233971628690199,0.016473545004282997,-0.33014129218418287,0.16184539814514487,-0.13683244581584297,0.18572084342038053,0.40469573271592196,0.08161954319008302
TCAGGTATCCTCTAGC-D1_Stim,0.02784459883640089,0.02049757633815652,-0.10850492693650082,-0.058167553921160575,-0.3015203333452501,-0.09712731922538609,-0.272014443220046,-0.017756405875282155
TCATTACCAAGTTGTC-D1_Stim,7.14275729976066e-05,0.01796681778545306,0.0013747025630586052,-0.014747411988819792,0.0347981392857335,0.07036326418552363,-0.04021063363566846,-0.01857432808215087
TCATTTGAGATGGCGT-D1_Stim,-0.09636540932848092,-0.00915026417598419,-0.034159507595040495,-0.052522310170783015,0.01407395278485879,-0.03068381974616763,-0.19178315672920476,-0.04549247128998957
TCATTTGAGCAATCTC-D1_Stim,-0.0736749304424098,0.015123648363438491,0.07793186333971569,0.028069955695713134,-0.1831918254202396,-0.044599778916206034,0.21817073203413706,-0.0042710658142048885
TCATTTGCACTAGTAC-D1_Stim,-0.1576932523896808,-0.06305588422716824,-0.16419290799527708,0.052176816502161216,-0.11908030782944046,0.027942812622612223,0.17312880008039144,0.058858278589291047
TCATTTGCAGCCTTTC-D1_Stim,-0.1496652270375698,-0.08208753310579908,-0.2675506864702477,-0.004330477862446003,-0.08236569902125446,0.09184112725991156,0.008647273702834468,0.012616019307129633
TCATTTGTCACGGTTA-D1_Stim,-0.10150652779642932,-0.026600091761103783,-0.0985938100112751,-0.054940897198173744,0.03054673134525565,-0.047379373848972506,-0.15062685709732193,-0.024624492991501157
TCCACACAGATGAGAG-D1_Stim,0.026706197139603205,0.09813229332162621,-0.038542071744677386,0.059133255734383994,0.005965032571058515,0.11117897882680872,-0.2342349365203802,0.006282005514652411
TCCACACGTTTAGGAA-D1_Stim,-0.17525149774664506,-0.022933126744581145,-0.2510944193396014,0.11472501003220437,-0.106895571144074,-0.04420415021323265,0.6668924909410467,0.056966811603631484
TCCACACTCTTCCTTC-D1_Stim,-0.10253839392362529,-0.014235747842265667,-0.06943176518309091,-0.03448161711505193,-0.019045133791482982,-0.03287402582904342,-0.1678973993651951,-0.027117031332242192
TCGAGGCCAACTGCTA-D1_Stim,-0.08309855921591058,-0.022906644237833618,0.014194345467115177,-0.07232533185388057,0.05850627592839075,-0.035940667906057655,-0.13722603362091945,-0.029516470721901555
TCGAGGCCAGTGAGTG-D1_Stim,-0.18136730896076614,-0.0873699134326884,-0.30992527065765785,0.1521440821595874,-0.1433272721827219,0.08809855382028609,0.7111443752081179,0.05508427440108754
TCGAGGCCATCTCGCT-D1_Stim,-0.20704849196977015,0.014706136134993386,-0.10138731321074879,0.07760211368441716,-0.04390912064336128,-0.13551468836946157,0.3707474670217632,0.04648503857700703
TCGCGAGAGGATGCGT-D1_Stim,-0.12273630768494925,0.004564263903199972,-0.15895016080574642,-0.0004361536043386849,-0.19558411143741417,-0.009444251029403716,-0.09198730183027592,-0.0031168129330119143
TCGCGAGAGTGTACTC-D1_Stim,-0.08570137349574125,0.08730453184064046,-0.1847502449903109,0.17354772416461905,-0.06314218215044143,0.18780143683645,0.3003577687886896,0.1006179954603379
TCGCGAGCAGTGGAGT-D1_Stim,-0.12286609995804909,-0.017349110399507595,-0.016318246468040698,-0.035874893239430605,0.07464582353268057,0.03943070807834381,-0.32124585926803206,-0.01338953542092014
TCGCGAGGTACTTCTT-D1_Stim,-0.07331859750786585,-0.012037301196935246,-0.05017913968648635,-0.02720131730931641,0.05827537930004745,-0.009639415256916806,-0.19622051276924424,0.006033436696565531
TCGCGAGTCCTCTAGC-D1_Stim,-0.11171769407659582,0.006572060160895177,-0.09642447113216335,0.021882987085552585,-0.18810290219421688,-0.031181096377704165,-0.12800683919787303,0.02324615838312205
TCGCGTTAGCGGATCA-D1_Stim,-0.06672817575415202,0.038380020548411053,-0.21958271472750646,0.043397480711362846,-0.24244328123983472,-0.04861264599859361,-0.2012278750700407,0.0228317345300475
TCGCGTTCAAGCCTAT-D1_Stim,-0.19384368542877795,-0.0005936518167999338,-0.21446043190005426,0.1123153071683376,-0.09372484956657345,0.06826932520676898,0.5987850977820788,0.05544811472497635
TCGCGTTCATTGCGGC-D1_Stim,-0.1609556550722857,-0.04605810181973169,-0.06879780108637412,-0.018595194610279364,0.01762399845127227,-0.06633666419938145,-0.05224577258396934,0.008302670928262756
TCGCGTTGTGCGCTTG-D1_Stim,-0.13223488610939427,0.04863882899935312,-0.1716750313236357,0.061597949797516094,-0.1813086672271922,0.02534534130114885,-0.18719844644957107,0.030327766809348233
TCGCGTTGTTAAGAAC-D1_Stim,-0.08019534210670187,-0.038937924845427574,-0.30510666423125343,0.05184044615367789,-0.2042169135334433,0.1249682494086084,-0.22897305973097914,0.022390097055632552
TCGCGTTTCCTACAGA-D1_Stim,-0.13140371376970883,0.05687715258012105,-0.18452387304620999,0.18339314399535311,-0.1213685764267467,0.06158847083359298,0.5257048203917059,0.07202639675944411
TCGGGACGTTTGTTTC-D1_Stim,0.060080738773120146,0.10741528817444213,-0.015292000627544766,0.07474973962381704,0.04512979643186377,0.15666940356865489,-0.06359344434387282,0.05080856933187938
TCGGTAAAGGATTCGG-D1_Stim,-0.02296880397753398,0.06695634017556351,-0.015987875641320315,0.02750379125478908,0.09971693309939766,0.0365905478374593,-0.047603804371863845,0.025651778342494325
TCGGTAACACAGGTTT-D1_Stim,-0.12052532246388203,-0.028971349213643194,-0.23174136520374766,0.039189392120613675,-0.12870242578574498,0.01470158179814618,-0.23587873593871223,0.05447056629568259
TCGGTAACACCCATGG-D1_Stim,-0.09570736654952938,0.04326350912660004,0.03800873047671338,0.0491302717300659,-0.20081124042218157,-0.0459345400479485,0.25361068431674205,0.0554954367234064
TCGGTAAGTAGCCTAT-D1_Stim,0.029424960674512946,0.045597843414871164,-0.09779696763621892,0.015893301278708805,-0.2605262693626873,-0.022806249494459863,-0.28112077293838134,0.020967310620514823
TCGGTAAGTCCGAACC-D1_Stim,-0.011110702713455822,0.07754344703989169,0.04958198358422905,0.05315937248081859,-0.17423331039027978,0.047551803195027276,0.20431496227251955,0.03987621568569466
TCGTACCAGTGTCCAT-D1_Stim,-0.048971465721493246,-0.0023013386938757208,-0.1582810091270046,0.1432861191043706,0.0022865913322167586,0.09947020426100295,0.20308037710182525,0.07105434085426054
TCGTACCCAATGGACG-D1_Stim,-0.06827559197607869,-0.02344427453980913,-0.008060954821018207,-0.035424565692348864,0.13770665283928807,0.015106569324613517,-0.007861428796505976,-0.001402657688377218
TCGTACCTCATGGTCA-D1_Stim,-0.08803339346586192,-0.019589568130836454,-0.011879534275332837,-0.06468689976845177,0.011872666932823961,-0.02753693533472834,-0.20151534785487257,-0.03795548668784754
TCGTAGACACGCATCG-D1_Stim,-0.08233384703488689,-0.021165563422679057,-0.09647094810445633,-0.049243133441423836,0.0448502733868672,-0.02957485923141867,-0.16576741710166942,-0.018519563262525907
TCTATTGAGTGGGATC-D1_Stim,-0.14085218232541585,-0.030371799263356536,-0.10548177164213168,-0.0686537143607957,0.08283621135584163,-0.08111100821464134,-0.07988033528344118,-0.029623014503934897
TCTATTGGTAGCAAAT-D1_Stim,-0.008570776926768886,0.06605096489683326,0.030040235567506457,0.023644424491267912,-0.21055687761722375,-0.04885403771345409,-0.01780752483998249,0.023390537031550807
TCTCATAGTCTAACGT-D1_Stim,0.10259071875674941,0.10020951827938163,-0.019240286190061795,0.08351972403765728,0.047472794982718725,0.08042857033393602,-0.26683881160248646,0.06156116295944969
TCTCATATCGGCCGAT-D1_Stim,-0.12040788910000799,-0.012165736374461389,-0.1063795046180962,-0.023002081543321395,-0.014802722714771122,0.012483850184466405,-0.26356265479085117,-0.025664559561704436
TCTCATATCTGGCGTG-D1_Stim,-0.1808426795083573,-0.049415073725255,-0.2952366933135888,0.06704362891468207,-0.11388090638857307,0.008689166471619103,-0.13268156626949335,0.0640575277626656
TCTCTAAAGTGTCCCG-D1_Stim,-0.0572757977838485,-0.006313050604733306,-0.11502554319795699,-0.0012287227461680317,-0.01964430816811813,0.025143976404995882,-0.06226093954445133,0.015970620723447126
TCTCTAACACGTCTCT-D1_Stim,0.030666160956803523,0.02286818620279263,-0.023506242912239017,-0.0009349697121052714,-0.11829567888596415,-0.02667203143191088,-0.09776113731766678,-0.0015554690742121124
TCTCTAACATGCCACG-D1_Stim,-0.16500351474631358,0.0013857461606576749,-0.23047671287166338,0.04222176539260403,-0.04270834523702227,0.018487074635919143,-0.20067195264993742,0.03458951760532614
TCTCTAATCGAATCCA-D1_Stim,-0.06693847875836134,0.05110620631290885,-0.019470850507863346,0.07931065332043197,0.040625736797341716,0.24262756609781633,-0.7016875598429078,0.035946274577730364
TCTGAGACAGCTGTTA-D1_Stim,-0.06595662096737698,-0.00237577119569643,0.049418203607099365,-0.00950620237118116,0.14378619802672432,0.009417986105143328,-0.030724509731840044,0.011622597407237478
TCTGAGATCTAACTTC-D1_Stim,-0.0034051580114891067,0.03149965681513578,0.027116119276657358,0.01655694247429551,0.06471177222187663,0.04807721632004913,-0.11589834623147865,-0.007915958367467724
TCTGGAATCCGGGTGT-D1_Stim,-0.0501676150317838,-0.022027701367600017,-0.13858247085657993,0.07223548137885061,-0.22530441393745448,0.012121585411795976,0.17835730965857977,0.04338782112178485
TCTTTCCTCCATGCTC-D1_Stim,-0.09548500575618668,0.039879660873527456,-0.09535900534649322,0.008255317402648288,-0.025331363677866037,0.17108694098163646,-0.37288114694761987,0.012401050221249932
TCTTTCCTCTTTACGT-D1_Stim,-0.05116147944574401,0.05111897510812646,-0.06999874466041867,0.02042876324865972,-0.14799374791506636,-0.02178878578345156,-0.18657041692326892,0.021242516535584954
TGAAAGACAGTCTTCC-D1_Stim,-0.08355716388058632,-0.05619195753183348,-0.12060372999764368,-0.044825054492745764,0.03926845558056513,0.02530970607058336,-0.08518089362937786,-0.01849750171157183
TGAAAGACATCGGGTC-D1_Stim,-0.08672305476040165,-0.009118775597082518,-0.12951986042874175,-0.008216414157066865,0.02591775349771197,0.052334418199581734,-0.05381508039647187,0.032456890902548
TGAAAGAGTTGCTCCT-D1_Stim,-0.13323944251948916,0.031560298889603544,-0.11932101362281955,0.19975939430245404,0.04870013774084292,0.11491191338720164,0.55876736550014,0.10217113274082124
TGAAAGATCACGATGT-D1_Stim,-0.07516346328139534,-0.004683773581945161,-0.1571411610085276,-0.0007062820804879522,-0.12535662341944764,-0.033533077323175675,-0.09129303210929862,0.007044413042970987
TGAAAGATCATGTAGC-D1_Stim,-0.05796820258968083,0.06667041968127485,-0.19037187677381073,0.15661089034935394,-0.10432450650306357,0.10661711065239743,0.23798781850813455,0.10833878359125038
TGACAACGTAGAGCTG-D1_Stim,-0.08609257149372773,-0.010799706041259682,-0.07244534539114067,0.021581857013702077,0.05225735666735787,0.003314154997017482,-0.09542068929573944,0.037506193368177065
TGACAACGTCATGCAT-D1_Stim,-0.08524187231995128,0.007509002700968992,-0.11971255129861014,0.006687572797762442,0.0432618880835971,-0.008087241074326457,0.041011495746625215,0.025924142244715398
TGACAACGTGCACTTA-D1_Stim,-0.08832859343063681,-0.03880417347283327,-0.0740628471460445,-0.009850396225814961,0.08956974443163546,0.005296494208074876,0.035016629100066865,0.022327140989856886
TGACAACTCTTGTACT-D1_Stim,-0.09814026445295099,-0.07900561939436201,-0.13866175557860583,-0.050891765446683834,0.025406518043446624,-0.023932634290455113,-0.1547909241211336,-0.05627406010154701
TGACGGCAGGCTCAGA-D1_Stim,-0.10646225497876571,0.051507341451499045,-0.14543519936830496,0.07551050281570681,-0.08061530587146315,0.04250452713683828,-0.2899187626125208,0.04819656596037625
TGACGGCCACCCAGTG-D1_Stim,-0.06091004508741449,0.0430830099722872,-0.06573010778613941,0.02022487371270465,-0.06333609519623273,-0.0280280368039314,-0.313719562401781,0.056234527041187476
TGACGGCGTATAAACG-D1_Stim,-0.05881315340671911,-0.01275137549978922,0.008974621545616124,-0.06056642277578739,0.15001587251190074,0.007904202848244779,-0.2684903345153522,-0.021305191461465256
TGACGGCGTGTGACCC-D1_Stim,0.013755846045018671,0.041115633219192205,-0.007547133233557268,0.031660897022327106,0.08051098072640173,0.07332548044224829,-0.09579421600944826,0.04159285065460239
TGACTAGGTAGCTCCG-D1_Stim,-0.05989686935877536,0.015602164978464117,0.05223924732225882,0.029285930095447554,0.014191010825300054,-0.1534798943134259,0.10900333879857449,-0.028562949199717025
TGACTAGTCGCCCTTA-D1_Stim,-0.06132464798229442,0.032162313506121976,-0.021105256609169842,0.03974610812547219,0.07843204795779712,0.0907456090321137,-0.14967637861212957,0.0605158309139906
TGACTTTAGAGATGAG-D1_Stim,0.01519958949155864,0.07579048361693275,0.03129343089104086,0.04117713804293999,0.06527991311767423,0.05158813112184113,-0.1472941751413721,-0.0015369821518280702
TGACTTTTCCGCGTTT-D1_Stim,-0.15120201614363182,0.0011573885597098155,-0.15470674490214087,0.0045294286148838125,-0.04625460683711502,-0.020377273051307654,-0.09899758644030143,0.05211071534382583
TGAGAGGAGGGCTCTC-D1_Stim,-0.2070459847656636,-0.15538674134443653,-0.3204955107756433,0.013336842665063742,0.004911593315346963,0.05124558829001913,0.35896370120083,-0.05323463179824728
TGAGCCGAGTTAGCGG-D1_Stim,-0.0974546837612067,0.01823790029215111,-0.17982575812281798,0.00833707334123801,-0.07749872819339387,0.01857024561795484,-0.1988521363720004,0.052957583922964346
TGAGCCGGTCGCGGTT-D1_Stim,-0.05512849991069224,0.0833954532367347,0.224907438621873,-0.04455406983087329,-0.1404407379420327,-0.2002254038630138,-0.12952389077779536,-0.030150112563728015
TGAGCCGTCTGGTGTA-D1_Stim,-0.041416230890343186,0.028557530478932946,-0.040714781766329367,-0.0009515127693653369,0.05004263365611905,0.004831383902681452,-0.0819918009629994,0.003141415530718561
TGAGGGATCAGTTGAC-D1_Stim,-0.026288371677704703,0.02756006777235953,-0.01847982705684892,0.012433369268757488,0.030078884654395566,0.04358798140011366,0.03236496611741124,-0.014827324893273541
TGATTTCAGGTTCCTA-D1_Stim,-0.04396415644336038,0.0530464539734421,0.003376336781764522,-0.05624093625268678,-0.10398644411370839,-0.016755767511503095,-0.3475254363929601,-0.011820637699116787
TGATTTCAGTATCTCG-D1_Stim,-0.06318156065156266,0.07011113799466351,0.07111694823481418,-0.03627683997894415,0.14248934812452063,0.036266967595851796,-0.5625715681253709,-0.025936193998008505
TGATTTCCACCAGATT-D1_Stim,-0.13143336545833684,-0.03194908670650776,-0.10446883759278691,-0.043729277604791505,-0.039896566360585695,-0.028908709544692712,-0.16771756658207337,-0.012733550497770807
TGATTTCCAGACGCTC-D1_Stim,-0.04219825839599345,0.06482724598334322,-0.10471247238681247,0.0734747472931101,-0.2137138304046733,0.09130740577714747,-0.2983819509343917,0.06049516888312567
TGCACCTAGGGTTTCT-D1_Stim,-0.00039848280449206186,0.050316127749317374,0.013518310319029503,-0.029473527239115782,0.06023643645557364,0.04763177648754002,-0.2797169521577967,-0.022789144383413174
TGCACCTGTGATGCCC-D1_Stim,-0.08095735710437602,0.03916693331348142,-0.062390407840190676,-0.005651212124783811,-0.03681782255163135,-0.004488666460916946,-0.5097125410113588,0.01395682641322793
TGCCAAAGTAAGCACG-D1_Stim,0.08834672624027462,0.1254014240902439,0.0875864441641081,0.03393317265892293,0.15955903346899625,0.10532396910418029,-0.09941865246663006,0.023757923139736903
TGCCAAAGTGAACCTT-D1_Stim,-0.16055905062199471,-0.04007053207296529,-0.22223830599344474,0.03575444578924092,0.05455160224040867,-0.06849522194451829,0.16918907037671715,0.043195759104458276
TGCCAAATCCAAAGTC-D1_Stim,-0.09632679483506124,-0.016163695114446597,-0.059245563548546265,-0.047588680397968375,0.028745756350099683,-0.07140986349805267,-0.08422341208814288,-0.040695104825010375
TGCCCTAAGTGTCCCG-D1_Stim,-0.13465683999958067,0.106919793471981,-0.22163856283685757,0.16411472426438678,-0.25273157495989373,0.10671511179401172,0.11043294030315742,0.12508677073873287
TGCCCTACAATTGCTG-D1_Stim,-0.07773666918245326,-0.0019085713019002526,-0.08678908153932596,-0.03679299342301334,0.007407079586823073,0.013019655814217046,-0.12795158267730145,0.0004811817601524382
TGCCCTAGTTCTGAAC-D1_Stim,-0.07981473878443879,-0.05179595463130049,-0.09541268205639675,-0.13383415277024469,0.1771135822487473,-0.022873504033672276,-0.2136673447717108,-0.06397369502986372
TGCCCTATCAGCTCGG-D1_Stim,-0.1689069871648048,-0.08669329743068843,-0.18903826206410823,-0.0673351229107535,-0.0024613491203648863,-0.08753246578513796,-0.21809200899104653,-0.06037462808187044
TGCGCAGAGCACCGTC-D1_Stim,-0.0044861190163842934,0.046672178025758626,-0.002815630144120007,0.026308434489843435,0.035948247114879095,0.02875030729864747,-0.276933290061546,-0.011703158535725677
TGCGGGTCAGGGAGAG-D1_Stim,-0.05923101009632248,-0.016592536203107855,-0.01147018519974008,-0.10113756447836586,0.04230867108859826,-0.028798556912594364,-0.13744065695259877,-0.040843391872178
TGCGTGGCAGATGGCA-D1_Stim,-0.13753108189570895,0.05171002844903683,-0.12607426934297905,0.11109899269314383,-0.2638795962652285,0.03755262095780054,0.3176074584987596,0.05377951105847423
TGCGTGGCAGATGGGT-D1_Stim,0.07290807031636426,0.08982026623600525,0.04197886273194307,0.07676083663263888,0.102877400079322,0.09185110597512214,-0.3129737625927227,0.06873816254136855
TGCGTGGTCGCCTGTT-D1_Stim,-0.04898877688552261,0.03596743235440414,-0.08610573807602151,0.036493818071770434,-0.032215304646038945,-0.035387645286242275,0.11293961259715779,0.023279245276647487
TGCTACCGTAGATTAG-D1_Stim,0.00975857928839119,0.0764331270750116,0.3432375817893156,-0.024232419793085214,0.41210740040232885,-0.13523684868081887,0.09271229247895008,-0.033031102842143056
TGCTACCTCTTCATGT-D1_Stim,-0.0962146581273906,0.07276452844222447,-0.184328738361339,0.12207589149034703,-0.1909333479452755,0.05672798312203575,0.052031984286848854,0.05606435035203283
TGCTGCTAGTGGGATC-D1_Stim,-0.06860622230871805,0.044751637064328165,-0.09418832091044393,0.022786674063141277,0.02758043636567642,0.06274526845977846,-0.3420690355299474,-0.008490849251110433
TGCTGCTGTAACGCGA-D1_Stim,-0.09834493826479118,0.08658237705103211,0.16659974794770527,0.009900288125409773,0.02565470049053431,-0.04258264875277007,0.4879867472778816,-0.02092148281265871
TGCTGCTGTATCAGTC-D1_Stim,-0.21935467650783025,-0.00116680644162237,-0.30252505058709644,0.19127937565507658,-0.06652544253077686,0.15365627698461992,0.5874371997341417,0.11267467975343415
TGCTGCTGTCGCATAT-D1_Stim,-0.15535426271410024,-0.02924043786558883,-0.11544369872277382,0.07871864291226949,-0.05322655561988654,-0.03273646707060429,0.5150402094123407,0.019801605234221142
TGCTGCTGTTGATTCG-D1_Stim,-0.14437435391678122,-0.02811584755449381,-0.11090324706387644,0.0013363100281011953,0.032920188410713536,-0.10318595159199795,-0.050833855281084084,0.023818705436569942
TGGACGCAGGCGCTCT-D1_Stim,-0.10250015032092819,-0.017212620548027857,-0.2274899437318263,0.007855849656060343,-0.0042714340452132404,0.05694217797364942,-0.0032846437231057735,0.030059175100140223
TGGACGCTCCGCGGTA-D1_Stim,-0.026988837729350124,0.016506335269701466,-0.09933574342079066,0.07423226189393617,0.014360392437682279,-0.1365144561924314,0.39844599638395284,0.03322709301490967
TGGCCAGCAGCCTTGG-D1_Stim,-0.08674035368226285,-0.06858357281240224,-0.06337574074558994,-0.10908417910856727,0.14138497985740273,-0.023128158533248566,-0.1460720059037648,-0.057769117641356615
TGGCCAGCATGCCACG-D1_Stim,-0.04484728668179727,-0.03156143534877387,0.022974995339821724,-0.07321687580709302,0.03871168129616365,-0.024531845463865665,-0.14905355565624134,-0.06672845090317026
TGGCGCACAGGATCGA-D1_Stim,-0.06761150352616596,-0.007162709881674445,-0.06977234109685693,0.03357234398889375,0.00914373747620445,-0.06644700361189138,0.2586706936355778,0.0102823440152644
TGGGAAGGTAGCGCAA-D1_Stim,-0.009545743944762819,0.062371810772861025,0.040502754578325195,-0.0014413284086849387,0.13607526502811673,0.033481385348341774,-0.11006427834325372,0.005206341912467494
TGGGAAGGTCAGAATA-D1_Stim,-0.016821631266275006,0.05993987674417234,-0.012022926313491666,0.08691078779462558,0.014771874154327236,0.036332847718741235,0.16525860677637905,0.04437770443954214
TGGGCGTCAGTATCTG-D1_Stim,-0.13432348094027802,-0.03366827374711434,-0.04609496845788552,-0.0628486403939128,0.10287688760730695,-0.05042343412155326,-0.21321901102553298,-0.03276142784401159
TGGGCGTTCACCTCGT-D1_Stim,-0.07430708321104262,-0.03973969394086474,-0.048044848469550594,-0.08794731899448749,0.05973898197047234,-0.02558960782529951,-0.15065124665649066,-0.031096343827524464
TGGTTAGAGACAGAGA-D1_Stim,0.006305605470807052,0.029196460770553045,0.14191832869702914,0.0911504717248981,0.06892267894021664,0.13891700542941976,0.14863342749453068,0.05704338719150748
TGGTTAGGTTCGTCTC-D1_Stim,-0.07050642133729923,-0.016910264252070206,-0.03897255802073918,-0.09315834068364737,0.13009753666185908,-0.01455385381314045,-0.35333634782126566,-0.04534014562766764
TGGTTCCAGCTGAAAT-D1_Stim,-0.1326184610002894,0.004841067838242452,-0.06865517905354945,0.026101645514954086,0.07451320716714349,-0.0009217508972554356,-0.27323445309112415,0.05228430027407249
TGGTTCCAGGTCGGAT-D1_Stim,-0.025109117730622188,-0.02155522709768043,0.03297625497746903,-0.07885680129108152,0.07169839371049136,-0.006738133128708412,-0.2153741001438405,-0.07139482697027155
TGGTTCCAGTCGAGTG-D1_Stim,-0.005793058461923906,0.0025371118375421275,-0.0403275445535769,-0.04450853421935541,0.06806626017373496,-0.004510644512661699,-0.12107116348978053,-0.017116203769779403
TGTATTCAGGCCCTTG-D1_Stim,-0.06277221636330665,0.06486393661477408,-0.07775032911315272,0.08778346103619583,-0.06045404859574788,0.11671411736721282,-0.1336396711984289,0.07381430759874519
TGTATTCCACACATGT-D1_Stim,0.0029840859236553996,0.08751012884619591,0.0015040625306461664,0.019465232998882698,-0.22023227834871584,-0.005654622603630699,-0.46433809177251284,0.03364834908030012
TGTATTCTCCGCAAGC-D1_Stim,-0.06336133209028638,-0.03725066531420396,-0.044712246391128474,-0.07801989656485375,0.0472145377605937,-0.040288294001451064,-0.11031650821067629,-0.04039431242520486
TGTCCCAAGCGCCTTG-D1_Stim,-0.01935880425065406,0.010452806299930728,-0.15370847811547783,0.12215546027286983,-0.03819006214586018,0.021179639515020554,0.28204711205154886,0.04754606618921642
TGTCCCACAGCCTTTC-D1_Stim,-0.06827601430759955,-0.048481493728724345,-0.15125293606533585,-0.05507754753784333,0.1480975019187838,0.039965323153657195,-0.1990422180650384,-0.008191778027137886
TGTCCCAGTAGCCTCG-D1_Stim,-0.06887183913631922,0.03308304472557033,-0.12564385374487053,0.050213836332657635,-0.10354697350148179,0.03273106381521629,0.340593691990021,0.036087804339851814
TGTCCCATCACCGGGT-D1_Stim,-0.03485285146687467,-0.010941326549930963,-0.084330248617011,-0.07990643994710922,0.12559441096079915,0.025605983633784746,-0.14691732836364224,-0.028627219944260318
TGTGTTTCATTGAGCT-D1_Stim,-0.12248838392534189,0.014955680704909824,-0.20213148094868938,-0.020303515138174077,-0.00049980815498607,-0.020613323672062478,-0.23785039323453816,0.010398394556572654
TGTGTTTGTATCTGCA-D1_Stim,-0.12644885357522107,0.012949761759426082,-0.19710965400471991,0.16811610391468257,-0.26020521320521794,0.013943966304468702,0.4145100920457452,0.07759836676525467
TGTGTTTTCCGTCATC-D1_Stim,0.0013564175177727122,0.08025290453487521,-0.0005188902451962463,0.06447391970628757,0.005544632548321715,0.11246754418495186,0.04046481165251947,0.021536695950505447
TGTTCCGTCAATCTCT-D1_Stim,-0.031368344634620016,-0.006634106535669204,-0.01106431188110868,-0.06099904780374388,0.056677216200835545,0.02661130952773938,-0.18823423687180352,-0.02274452117926984
TGTTCCGTCACCAGGC-D1_Stim,-0.07643211748314016,0.09166110596335741,0.08959414232599272,0.14330260744895362,0.001148493079520918,0.083443252540647,0.5541046029867704,0.118962747814777
TTAACTCAGTTCGCGC-D1_Stim,-0.11144557108859487,0.019358027675867362,-0.17825252681985582,0.06814117918438356,-0.16074094972659303,0.05283577511896276,-0.20016401292220465,0.0774492843910739
TTAACTCGTCAGATAA-D1_Stim,-0.05410917056552478,0.04467122273926094,-0.10301793511347324,0.09756644252652791,-0.08266604784815179,0.1272625042575175,-0.016317518148440513,0.10333789464230136
TTAACTCTCGGACAAG-D1_Stim,-0.07298486002298077,-0.021056208815332766,-0.2614522721303132,0.040433965089416546,0.013441390047287172,0.1200792850309913,0.21965370075657908,0.008670400107899212
TTAGGACAGGTGCAAC-D1_Stim,-0.08013312195119404,-0.026624778136154603,-0.012281680466018408,-0.0800868625503579,0.06796219153646454,-0.040261649543715805,-0.1301572374274116,-0.065532972443334
TTAGGACTCAGCCTAA-D1_Stim,0.0015419829454348388,0.04357185884278003,-0.027904642570683258,0.02570906228083203,0.04896715091997983,0.032336503501136704,-0.036448588763576595,-0.01050236258976689
TTAGGACTCCTTTACA-D1_Stim,-0.13455888337245447,0.04312722803936708,-0.16492415824310136,0.15701417064915368,-0.025090992080132324,0.059519665997576965,0.5673241053502984,0.048919867649640736
TTAGTTCAGGGATACC-D1_Stim,-0.05517958031640369,0.02845883624518919,-0.11845937810510065,0.07819460737356643,-0.116899131534419,0.07634880110087572,0.125728287009097,0.031209392945280356
TTAGTTCGTGGCTCCA-D1_Stim,0.053823492446422705,0.0731570358030158,0.2756608029494707,0.008653286484175737,-0.056517465700009595,-0.13241666576276145,0.07937775910611578,-0.001709038228669968
TTATGCTAGGGAACGG-D1_Stim,-0.1290525948008039,-0.020646398245913744,-0.13709321626378923,-0.009050562617822777,-0.02121706699938919,-0.015230349712220814,-0.06630861682941358,0.026521461015217795
TTATGCTTCGTCTGCT-D1_Stim,0.018744683699660314,0.07140651113177832,0.09480811287493118,0.05602027957057487,-0.11298522331327732,-0.009229414259776192,0.00757537309653511,0.033420443046127346
TTCCCAGAGTACTTGC-D1_Stim,-0.10643908526380308,0.06427226559358878,-0.07055722935733577,0.1577783292408963,-0.06105933735068447,0.03951711419031234,0.4833667946126088,0.08121747103933785
TTCCCAGGTCGGGTCT-D1_Stim,-0.08934605306993681,0.022964860811368837,0.017295418632789605,0.04653508886988433,0.014998849350574162,-0.18134762405591154,0.4143987582697566,-0.02523887426982263
TTCGAAGAGCCAGTTT-D1_Stim,-0.07539508772137893,0.022070210358332787,-0.20581683915362348,0.0665276912638042,0.007784424093472353,0.07365187195942191,0.009596074396792886,0.01595155698803552
TTCGAAGCAACGATGG-D1_Stim,-0.00765327736425192,0.003976129030359488,-0.0118688515753691,-0.05516571079251342,0.025027164651728384,0.04425152723775483,-0.11201778625814995,-0.0025196060898622363
TTCGAAGTCGAACTGT-D1_Stim,-0.09122344719939512,-0.01388685531977174,-0.15682225232137714,-0.02926781254904931,0.04646059382023893,0.06618675196609303,-0.277352074299138,0.02653905425032832
TTCGGTCAGTGTTTGC-D1_Stim,-0.12623064488044555,-0.01595919898938014,-0.060070083626914794,0.011828706297476899,-0.012121644984025792,0.0338088735817621,-0.05819737161889016,-0.032918627299098446
TTCGGTCGTAGATTAG-D1_Stim,-0.12052240094209665,0.061035044215030254,-0.21538122655433867,0.15295980233199025,-0.23019574074756477,0.0282950090387164,0.21954312234704965,0.0849128400087924
TTCGGTCTCCAATGGT-D1_Stim,-0.05331542624589858,-0.052049377769478156,-0.036784656268115334,-0.049508426899707914,0.024923494799960366,-0.013144799898364923,-0.015851535997803978,-0.04219660046373619
TTCTACACAGGTTTCA-D1_Stim,-0.08868954069888879,0.019397935240624165,-0.04714329869156586,0.03219177625522818,-0.2626471361939746,-0.07233051639506449,0.09738388291185807,0.02313136974914798
TTCTACACATTGAGCT-D1_Stim,-0.07876431961799035,0.016311722180207155,-0.07089492690697874,-0.004538317030249317,0.006374295679723474,0.011886346084283517,-0.16614867867496486,0.01554965997196689
TTCTCAACAACTTGAC-D1_Stim,-0.10442188062108215,0.012096723520899744,-0.1883040148936148,-0.01104430429152714,-0.14192174966046522,-0.0036306968014763186,-0.45267777614267146,0.024950500138524845
TTCTCAATCTATGTGG-D1_Stim,-0.1014095582051393,-0.018378080409965136,-0.05535782160943725,0.022587873710387285,0.04130839414796483,-0.06974980368727657,-0.03920349710834614,0.024231387962647233
TTCTTAGCAGCGTTCG-D1_Stim,-0.10183644555684523,-0.02114382930115788,-0.3343910482412644,0.08588328663320333,-0.16351397492013398,0.1000831399780413,0.14508314898404073,0.050666603407790944
TTCTTAGTCGAACGGA-D1_Stim,-0.14660696942170404,-0.037969439411696726,-0.13597173174930077,-0.055268280342330556,-0.056454591132634846,-0.02359349599341165,-0.3544992934257536,-0.10240654374016067
TTCTTAGTCGCAAGCC-D1_Stim,-0.014977826303873343,-0.00046437536115107036,-0.030012296310260922,-0.028106534191636,0.09269514685581903,0.007614572581415402,-0.18141141878907519,-0.00858823927488217
TTGAACGAGGACCACA-D1_Stim,0.037540256027396524,0.010129608586757044,0.02548137368046266,-0.07011966285138982,0.13675713599129757,0.025917559238623156,-0.14139689484931495,-0.06388242003372824
TTGAACGAGTCCAGGA-D1_Stim,-0.04131224830597624,-0.028023078204359564,-0.008514846055422964,-0.08744547700414174,0.1442273391146216,-0.036198928033080335,-0.18129278788147118,-0.05546895129380758
TTGAACGGTAAGAGGA-D1_Stim,-0.03975268271782184,0.12908920328482942,-0.025046978270327536,0.05745971394880378,0.05984559069802131,0.1929877137835021,-0.22938737650762775,0.05713431644347189
TTGAACGGTCTGCAAT-D1_Stim,-0.14577806279056205,0.02081204953687177,-0.23779630214317926,0.09615008330248109,-0.19244525485208008,0.08065188959013447,-0.027119150012104853,0.07092827194321494
TTGCCGTAGACACGAC-D1_Stim,-0.04359016837561924,0.06435728808006935,-0.09794855979932038,0.0007305125530301382,0.002073065653259931,0.07717968993647872,-0.3937146218146381,0.02256439004672295
TTGCCGTCATGGTAGG-D1_Stim,-0.08383710507950859,-0.03295544414082663,-0.07713842675109639,-0.031396494194718017,0.04521436406467494,0.003948532489394196,-0.10172130906386911,0.0027722193128507655
TTGCCGTGTGATGTCT-D1_Stim,-0.10879527587386661,-0.05227649073053797,-0.08096022719470408,-0.06716315553543772,0.01109510789498458,-0.05993245091817734,-0.12230801410778369,-0.03123725629904328
TTGGAACAGAACAACT-D1_Stim,-0.09728313696323276,-0.034472290669556926,-0.0521238022155579,-0.05339569197581007,-0.0438064498497468,-0.057680073998536585,-0.1743925798117978,-0.02986021187680521
TTGGAACGTGTAACGG-D1_Stim,-0.04134408684503299,0.06981065719761226,-0.07856850562082851,0.03988356906483759,0.026060613748080996,0.07008278036348514,-0.260593511390411,0.034056888141950736
TTGGAACTCCTCTAGC-D1_Stim,-0.12345716007423313,-0.015239804739721308,-0.30342001804719754,0.07886772638755524,-0.1053794227766538,0.21363321448882466,-0.30220699936224094,0.03366154979672764
TTGTAGGCATGGAATA-D1_Stim,-0.002887981137712714,0.04202073017670038,-0.030381686181438106,0.08573148419297993,0.03312758217213663,-0.014778143780949549,-0.25187155421487617,0.05032939927725799
TTGTAGGGTGCATCTA-D1_Stim,-0.17309965975688435,-0.05038758313856739,-0.09856027999351014,0.003311133318240067,0.08161898202008899,-0.0592863085117834,-0.12624464698637183,0.012096475990112765
TTTACTGCAGACGCTC-D1_Stim,-0.07598645222710942,0.014387826745934973,-0.18519797064157295,0.07473118689441627,-0.1411553313148719,0.07422699318761872,0.1944522288007029,0.06670637460854323
TTTACTGGTCGGCACT-D1_Stim,-0.13285614155305048,-0.042878389125201366,-0.15432331987340042,0.09561909551866243,0.00501712581991498,0.1518093877090898,0.22354077724579824,0.02234031583780549
TTTACTGTCATGGTCA-D1_Stim,0.008209110174957956,0.07321426416565124,0.016888125996887382,0.04838251991686171,-0.13769504323335013,-0.024330391608096136,-0.11343243429553684,0.015686308557397055
TTTATGCCACCTATCC-D1_Stim,-0.06960331771566786,-0.017344467639320627,-0.05603079015886081,-0.06976679107105888,0.10525204461483817,-0.03278322008886114,-0.23720922532524824,-0.020106096158409414
TTTATGCTCCGTACAA-D1_Stim,-0.08560582770583203,0.01784762185908484,-0.19875016325531902,0.057684500020034335,-0.01433331397846871,0.03479295401556115,-0.2577797025573645,0.052412518683436105
TTTCCTCAGTCGTTTG-D1_Stim,-0.06870005331816742,-0.0013242522645988686,-0.041042248609386434,0.07139412331005879,-0.024618946407796827,-0.04506151922347712,0.43862814457774313,0.01680643431118689
TTTCCTCGTACAGTTC-D1_Stim,-0.12253813153486881,-0.044806491373082125,-0.11396927409456037,-0.062297973901554116,0.0689583903176949,-0.054616292474024775,-0.1449400686044413,-0.026074602708270334
TTTCCTCTCCCAAGAT-D1_Stim,0.03990720207327492,0.02569813419781397,0.03257332242078537,0.018047451235210232,0.037139760620476636,0.030001469378191814,-0.127977031450893,-0.007043022615182082
TTTCCTCTCTAGAGTC-D1_Stim,-0.15219961579980001,-0.010687426084924567,-0.2853352768688282,0.06585450366629253,-0.22121386446510627,0.04396134942954788,-0.4098129804233963,0.0680788612614851
TTTCCTCTCTCGATGA-D1_Stim,-0.01263397576964742,0.06921208773179544,0.07921199340111329,-0.0021829943315250233,-0.11691275713570448,-0.061384863795314715,0.1230464887263274,-0.015639797092591223
TTTGGTTCAAATTGCC-D1_Stim,-0.044177186367221566,0.009728623463782782,-0.07973186197722981,0.06645285449154947,-0.010065998251887365,-0.042061673960532175,0.25037209847513076,0.022312296950028454
TTTGGTTCATTCCTCG-D1_Stim,-0.08152832186826942,-0.010051294204044936,0.00019677076249458025,0.04254528255005141,-0.17543556205528255,-0.017556849904464045,0.1112750030773828,0.02753044962485518
TTTGGTTTCCGCTGTT-D1_Stim,-0.1525620235895886,-0.0471664439941506,-0.1266649636601338,-0.0015768250767607128,-0.03771854875995295,-0.09052465948647104,-0.11305128841810586,0.041875776057423764
TTTGTCAAGGCATTGG-D1_Stim,-0.08674454949228405,0.0004746004042726071,-0.021381018030050214,-0.011761530939121911,-0.14262875679541764,-0.003479425804597369,-0.5005136862418791,-0.034106316827024585
AAACCTGGTATCTGCA-D1_NoStim,-0.27636643303523556,-0.024531502488899903,0.08611901427010693,-0.24035251942258462,0.1261802840435866,-0.25104831071367784,-0.5060552742240114,-0.2445117782604065
AAACCTGTCCTTTCTC-D1_NoStim,-0.0714778254581514,-0.03411163553769825,-0.0657009493494023,0.0005184197959664516,0.061052796550567834,0.02566805194642985,0.06469133938446703,-0.038992799344807594
AAACGGGCAGATGGGT-D1_NoStim,-0.024241074739370205,0.0020887925752290926,-0.2735924082093284,0.025267917631486725,-0.017002613395446176,0.07688618166577221,0.010330053776076653,-0.007789740173219428
AAACGGGCAGCCTATA-D1_NoStim,-0.012087138455608937,-0.0004767849129905244,-0.06622049576741418,0.028198474369618864,-0.030211088278687015,0.08027955178662438,0.0367547046337422,-0.024658550023456627
AAACGGGGTTACGCGC-D1_NoStim,-0.080924048991184,-0.054439644715893465,-0.18569439415779954,-0.006547328252192841,0.031237528828230055,0.0031345399354520964,0.05166884961254947,-0.04161174219496644
AAACGGGTCCACTCCA-D1_NoStim,0.007029884431986488,0.011235875124093297,-0.14434824976643412,0.04914892033894702,-0.05763699340274364,0.07064291503351683,0.024494343766654936,0.0093946059508756
AAAGATGGTATATGGA-D1_NoStim,-0.05493594296042126,0.055616910977811074,-0.17715212030593364,0.0200361596863452,-0.16629414966593004,-0.01475896373320218,-0.0073474546706426835,-0.04063062299595721
AAAGATGTCTTCAACT-D1_NoStim,-0.043715720900555866,0.05332605285151537,-0.05914403494276854,-0.019019012788257683,-0.11030026895761225,-0.02186354459837858,-0.003930573100808132,-0.04086884747329478
AAAGCAAAGCGATGAC-D1_NoStim,-0.11930058136274901,0.09236650730760232,-0.2570483148939253,-0.22994279330385403,0.43672307072590044,0.003680819076445019,-0.45964661557080255,-0.11947588859457525
AAAGCAAAGGAGTCTG-D1_NoStim,-0.08223797444338032,0.04712030544117596,0.09696948713342834,-0.06266239615816716,0.01888464019285152,-0.026553414295152677,-0.04874942308369512,-0.04681284635912597
AAAGCAATCGATGAGG-D1_NoStim,-0.13538393460903997,-0.031774694885895016,-0.15525273820595942,-0.027786198408977114,0.013806045078977647,-0.03062577675914291,-0.07252463219273508,-0.07862167555312816
AAAGTAGGTATAGGTA-D1_NoStim,-0.028530976760775317,0.03520446905147345,-0.17341130013090833,0.10340712866645241,-0.25413204720515736,0.022376191252284627,0.13466852222606285,-0.007895261071437787
AAATGCCTCCTCTAGC-D1_NoStim,-0.044151098351161266,0.037044778290788116,-0.16562353296076182,0.024384740987963838,-0.16306086343180937,-0.0446526610278255,-0.05903753014086277,-0.024073895792749767
AACACGTCAGTCACTA-D1_NoStim,-0.077491560011822,-0.03798101068560378,-0.23152272980130562,-0.01614973547924592,0.09624789868474437,0.03158962982286262,-0.07391021582442381,-0.044249980556296364
AACACGTTCGAGCCCA-D1_NoStim,-0.1839844546981304,-0.014656125211933713,0.04011188805319499,-0.09834415937070062,0.13584066529029748,-0.10511542859234257,-0.13485330809236107,-0.122782401226738
AACCGCGAGCAGGTCA-D1_NoStim,-0.026211250966108324,-0.07219444302801392,-0.27791498452512364,0.042927665231585976,0.06468814361199371,0.14055672997410884,0.12813337852357698,-0.015927569574405
AACGTTGTCTAACGGT-D1_NoStim,-0.12150789904220716,-0.09050758921261881,-0.372206070860031,-0.05169265000652956,-0.06293523425118686,-0.06420511030332854,-0.015346046455658957,-0.08115163675473802
AACTCAGCAGCTGTAT-D1_NoStim,-0.1206055477580481,0.038921701613979565,0.13178972993924454,-0.06763117345450986,-0.15935959741836747,-0.24044552630782334,0.10414054349507218,-0.07786928341953292
AACTCAGGTATGAAAC-D1_NoStim,-0.06957620358356564,0.030245594131958597,-0.18662592528299982,-0.01318570997248969,-0.09663556248293048,-0.005025383149081186,0.010125293212583486,-0.05337573971153908
AACTCAGGTGACCAAG-D1_NoStim,-0.050703627800006146,-0.04184017683734709,-0.19248290812771174,0.01888912993572056,0.10329781730916032,0.1273826110999643,0.04187999218268956,-0.009554206669866616
AACTCCCAGGATATAC-D1_NoStim,0.01202688460537793,0.03423244669120962,-0.20031047624647158,0.00455274262165517,0.0551293235753576,0.056858295299011985,-0.04112896848940739,-0.019600585557878247
AACTCCCTCCTCCTAG-D1_NoStim,-0.18338771062236958,0.04827065487400084,-0.002751972214895204,-0.27800905651915997,0.3573471271679338,-0.32072405928965075,-0.9996000323598393,-0.24233350101565065
AACTCTTCAATCTACG-D1_NoStim,-0.017421567769101642,0.04899815322611367,-0.1248312140957033,0.031137890904819443,-0.13131189696465917,-0.02676193253083703,-0.052444413290269054,-0.012190194682787592
AACTCTTCATGCATGT-D1_NoStim,-0.06913144712842545,-0.05003797038488855,-0.23898538452843354,0.008923341460324252,-0.020076551453795943,0.03186151055102826,0.01585774331523737,-0.03803083148935116
AACTCTTTCTAACTTC-D1_NoStim,-0.118860999644685,-0.010365958378447004,-0.22605860841611403,-0.011196826364395562,-0.04194173869602302,-0.04977777863375188,0.03373039072974926,-0.07525392360990146
AACTGGTAGGCTAGAC-D1_NoStim,-0.14574491050996485,-0.07829521472883094,-0.27587710360838713,-0.08872332302060393,-0.06356374966971501,-0.12390575019848704,-0.09424052675709049,-0.10829661293862891
AACTGGTAGTTCGCAT-D1_NoStim,-0.06792230067311245,0.005512987293151639,-0.3603597120671438,-0.022762476929404585,-0.11105080158759151,-0.024708283774422135,-0.015803271667794938,-0.0757433806142842
AACTGGTCAAGGACTG-D1_NoStim,-0.0002248200489063379,0.03368835050340557,-0.13856889090128277,0.014405070196270131,-0.07550868815531686,0.03051543659055156,-0.03804604400353373,-0.01109127671794674
AACTGGTTCACATGCA-D1_NoStim,-0.10778997549383185,0.019056536839812566,-0.14788265986910432,0.09797984683314809,-0.37648087927951934,-0.06626860930433232,0.5304806384008263,0.02221275376499854
AACTTTCAGACATAAC-D1_NoStim,-0.06840177727444008,0.04480682578222961,-0.1279102200869957,-0.031695547229768195,0.06885863872560449,0.02332301807794046,-0.014708027943619584,-0.04930387568880157
AACTTTCCACTTCTGC-D1_NoStim,-0.135046052971024,-0.05520176942088639,-0.2960929169120661,-0.11012220398899508,-0.02317671439060298,-0.1599267178703414,-0.04035916327766298,-0.0958902137874631
AACTTTCCAGTCCTTC-D1_NoStim,-0.10028381816626997,0.0408918522655064,-0.026131190919761238,-0.037083215792556246,0.04848707665355789,-0.02060175555303978,-0.07796408143714118,-0.06987572535402897
AACTTTCGTAAATGAC-D1_NoStim,-0.09234006738912726,0.017984695992117494,-0.11657967003818293,0.0038560502858207,-0.09274524000798223,0.00026192747233189095,0.05912900012246736,0.010538857421357406
AACTTTCGTGTTGGGA-D1_NoStim,-0.057921165764604154,0.06095304782350297,-0.032041744622867796,-0.013596924945886713,-0.14298644907024816,-0.102896853736139,-0.05073271829630732,-0.03550819477861111
AACTTTCTCTGGTTCC-D1_NoStim,-0.35343006099036245,-0.016349796663760685,0.196010119262084,-0.33299806299051404,0.13124927071375225,-0.3532419734881618,-0.7180789960762164,-0.29432697716531564
AAGACCTAGGCAATTA-D1_NoStim,-0.08204217316547435,-0.03775007721492862,-0.26195941911034026,0.005910406243572197,0.057474700187841066,0.051755174911761515,0.00237550098624828,-0.029164526963549875
AAGACCTTCCTTGCCA-D1_NoStim,-0.13723976865809462,-0.04847949210572011,-0.40668620380066045,-0.10089042625290112,-0.07521810619991243,-0.02134531161604425,-0.08080356298096625,-0.11495025778545376
AAGCCGCAGATTACCC-D1_NoStim,-0.14744569976519095,0.05524175337091464,0.2349061735909288,-0.16585532429744454,0.3041891559094765,-0.08109287686574618,-0.1056342609190164,-0.08194594661467747
AAGCCGCAGGTGACCA-D1_NoStim,-0.31976827946982667,-0.01732843562074038,0.22409901002643196,-0.2612790280083175,0.3545234516624056,-0.17879662494470416,-0.2858459764635617,-0.1649557758383402
AAGCCGCTCAGTTCGA-D1_NoStim,-0.16273616975764327,0.04788988140961159,-0.09568718870782256,-0.10042637349767602,0.432468195698263,0.04371770883686921,-0.07846512696260977,-0.09343082277945669
AAGCCGCTCCGCTGTT-D1_NoStim,-0.06342695212843097,0.05329274023791619,0.12531632243769764,-0.03575638678163351,-0.08710587645460421,-0.05543567477519851,-0.05969282661206243,-0.054601034672822735
AAGCCGCTCTCCTATA-D1_NoStim,-0.09042548831460273,-0.07764344712829896,-0.44748587860811995,-0.04663256662238169,-0.043038621551408696,0.02107502648651849,-0.056193172237950506,-0.08242478571047052
AAGGAGCCAACGCACC-D1_NoStim,-0.06174091523244485,0.037349947292028673,-0.40697138199791993,-0.04604765672795352,0.04200023249272533,0.12548342192373418,0.00942373963675891,-0.05312602774765196
AAGGAGCCACTGAAGG-D1_NoStim,-0.09136073991641247,-0.060395258384364325,-0.14663839684502378,-0.0015329167967177426,0.03906506897865647,-0.006313853262629898,-0.08098344118497547,-0.0855355386464236
AAGGAGCGTCATTAGC-D1_NoStim,-0.011520256478275925,0.059964199681617814,-0.0562482923876253,0.09641394732617314,-0.26639946691981464,-0.032197750207515696,0.1364152733163282,-0.021972540755212933
AAGGCAGGTACTTAGC-D1_NoStim,-0.09026681767758227,0.020350149279968477,-0.18361426102875988,0.02097949495069784,-0.1677609015713415,-0.018120580335841296,-0.0031807756983877056,-0.05774482711075102
AAGGCAGTCACTTCAT-D1_NoStim,-0.08554885227302833,0.04958689789129167,0.05111861380473215,0.09032766849245277,-0.1450277433717826,-0.06975881339549339,0.28773539878390864,-0.036019076624414836
AAGGTTCAGTCTCCTC-D1_NoStim,0.0013689814780519782,-0.008289901241820274,-0.23272438626814562,0.012687141150902193,-0.034362635884747306,0.07535308777087923,0.05204930689788512,0.013192430547663392
AAGGTTCGTGTAATGA-D1_NoStim,-0.12156585687814747,-0.014840534634656066,-0.14515103109924432,-0.0005003013576843074,-0.0012713102637551543,0.09837995083912343,0.06693665528546333,-0.08067959502829503
AAGGTTCTCGTCCAGG-D1_NoStim,-0.07928618542087307,0.06288996054022178,-0.22431837177255076,0.042606753979747225,-0.2671463448439795,-0.06434696203521462,-0.11228078405493935,-0.06205707748356559
AAGTCTGAGCTGTTCA-D1_NoStim,-0.21055473301086636,-0.03243956614958243,0.1605747351775264,-0.13406730595427163,0.1491265526722696,-0.07052272365265999,-0.04600947007075007,-0.08567302831954393
AAGTCTGCAAGAAGAG-D1_NoStim,-0.05783411046997067,-0.006192935081267947,-0.1622422189695918,-0.018295311646511436,0.07703976988358363,4.977273478345978e-05,-0.12355154748847497,-0.05852377430927547
AAGTCTGCAATAGCGG-D1_NoStim,-0.02974675806583349,-0.0017267665282485467,-0.22670743718703434,0.023929851129565805,0.010981245499593228,0.059115517078467406,0.006466188762294323,-0.02000243230750698
AAGTCTGGTAGCAAAT-D1_NoStim,-0.23709260472644544,-0.04578991822042866,-0.1946828099386213,-0.04883708116132901,-0.052976690285831296,-0.06677008517225413,-0.029860408314187126,-0.072229373568927
AATCCAGAGAGCTATA-D1_NoStim,-0.04132562937821582,-0.03825658297210488,-0.1985776780822519,0.01640252019637778,0.03623932538488717,0.04512970552976636,0.03675083215717745,-0.022719825484937672
AATCCAGCAACGCACC-D1_NoStim,-0.0011306510861839314,-0.019671856848059832,-0.24656695708722864,0.036703738300950306,-0.009848160962850017,0.0839229615181285,0.016383657981537958,-0.0050229579545320036
AATCGGTGTCGCATCG-D1_NoStim,-0.11269262165015625,-0.029220640221181426,-0.022860447093805192,-0.018180615754914697,-0.011302879932532761,0.005531099519216376,-0.025850379313172134,-0.08478069678114508
AATCGGTTCGCAGGCT-D1_NoStim,-0.04406001022686645,0.011448900068478096,-0.06439939906439207,-3.278315945465238e-05,-0.03754857613622953,0.01999063640451748,0.029396853709592108,-0.042041262463190066
ACACCAACACAGGCCT-D1_NoStim,-0.08771143118872082,0.07905217221425609,0.06142051437098495,-0.014842062681770685,-0.20964777240634902,-0.19017379411016933,-0.023443677431568055,-0.049816765113778416
ACACCAACACCCATTC-D1_NoStim,-0.18262923377969464,-0.03065003568348068,-0.030929034374711506,-0.15865849914220398,0.433906466463327,-2.1699785720308284e-05,-0.150952398713601,-0.13251068470813188
ACACCAACAGCATACT-D1_NoStim,-0.09772360769579258,0.07033986275171067,0.18857700956909085,-0.11069896809757118,0.2370706774546001,-0.16142352789914938,-0.14815009683697689,-0.07382294174954573
ACACCCTAGATCTGAA-D1_NoStim,-0.09225917389631988,-0.013201639335601811,-0.08426467182070851,-0.068041658783077,-0.09566908117800388,-0.048144167850196595,-0.10522997803425493,-0.07363336837581969
ACACCCTGTAGTACCT-D1_NoStim,0.01064334094901831,-0.02297409831537678,-0.005149068072395124,0.051223373611385625,0.024067493235584436,0.07823179662170965,0.0679830212086614,0.011788214931963026
ACACCGGTCATTTGGG-D1_NoStim,-0.040793948752341436,0.042603997533097626,-0.07587310854294316,0.04801809716658667,-0.0798470595967622,-0.01624944811207385,-0.014305871018481575,-0.000963643457204455
ACACCGGTCTCTTGAT-D1_NoStim,-0.053558207064039465,0.016590927357945873,-0.05276193395971163,0.045365852913711535,-0.13847590569912605,0.054324946235148275,0.08949996087294121,-0.029503295757963954
ACACTGACATGTCTCC-D1_NoStim,-0.029052408212988823,0.02272604628821817,-0.16861433821542704,0.0187777358167196,0.003056495558922734,0.05075145215520749,-0.07037885665390764,-0.014422961133865542
ACACTGATCGCTGATA-D1_NoStim,-0.05258999837749556,0.06260194591428814,0.4005169483992308,-0.004291780014842317,0.34860179661776414,0.045143485327163724,0.010442470820196004,-0.043904929524806846
ACACTGATCTCTGTCG-D1_NoStim,-0.029168544021249687,0.011804264643600959,-0.28550943001856766,0.009958633319438803,0.06108519088759756,0.03541095925525983,-0.04450989324700272,-0.025932811357728625
ACAGCCGCAGCGTAAG-D1_NoStim,-0.11803760395698859,0.04805796672268592,-0.3146080723155631,-0.03394475805143671,-0.20288276718180853,0.00015763688911185625,-0.10588991787194413,-0.07667743092327406
ACAGCCGGTTGATTCG-D1_NoStim,-0.006805094168083059,-0.07540741308508814,-0.18518316528626855,0.04660773460796719,0.0347207432718637,0.07470614651011154,0.07984552769915743,-0.0011070741374314963
ACAGCCGTCTGGTATG-D1_NoStim,-0.10134165200235223,0.0435175470528435,-0.0018993137572280716,-0.020666739858558714,-0.1630844852204678,-0.20317271288348415,-0.009729344655295513,-0.04235007586679096
ACAGCTAAGGGCTCTC-D1_NoStim,0.0427449042504211,0.00130137506450545,0.07868367660146447,0.031098178491538064,-0.0062900190509598275,0.060979472735441576,0.2083950597413473,-0.06305322972986893
ACAGCTAGTTATCGGT-D1_NoStim,-0.0627051972573689,0.0006985778354984262,-0.12134843117400607,0.1279015223226292,-0.11776489187580808,0.12382370967408285,0.21538403994681588,0.05305275542333732
ACATACGCAATGACCT-D1_NoStim,-0.029039552390498713,-0.03598498504941894,-0.21080068985027367,0.03980267149702854,-0.04015057188465043,0.11494217939805029,0.06390551574868786,-0.014419376952313101
ACATACGTCCACTGGG-D1_NoStim,-0.0794367599354775,0.00189141826262329,-0.3071380268418089,-0.01627294291600201,-0.0711656802578382,0.011650110139120429,-0.028909162854421133,-0.07504309211230442
ACATCAGGTACCTACA-D1_NoStim,-0.23308691107469315,-0.03716655252599388,0.1679944182098545,-0.16105248288247687,0.08730184077423786,-0.31010393811240355,-0.31879756925596325,-0.15622934115424592
ACATCAGTCCTAAGTG-D1_NoStim,-0.06218883096287975,0.05095567707382287,-0.2017003483170967,0.06003161691929648,-0.5014214819335869,-0.08908460904200943,0.2327311054536576,-0.0007289632980516103
ACATCAGTCTGCCAGG-D1_NoStim,-0.07478460771319817,-0.016730080139446102,-0.05969858942199835,-0.01864569590153131,0.04291856449798992,0.059281140905689256,0.13729547257387242,-0.043099909266430814
ACCAGTACACGGTGTC-D1_NoStim,0.05032961006158132,-0.03168538429211942,-0.2887171753978066,0.0741498833135914,0.02913369435865043,0.11356283637796594,0.04131301506574969,0.027598069573524953
ACCAGTACACTTACGA-D1_NoStim,-0.25241869265357053,-0.026636968958733576,0.0926479407048948,-0.03809058280508992,0.19951087994677508,-0.06057571002467377,-0.13935745719428727,-0.034486004706526074
ACCAGTAGTAATCACC-D1_NoStim,-0.040690690454701084,-0.07833052283898745,-0.1730994866524771,0.05999805996630769,0.049268666647499515,0.09337943206868538,0.12434807054474373,-0.029673155337357926
ACCAGTAGTCTTGCGG-D1_NoStim,-0.13580982272378783,0.02577277000755629,0.47429961883603866,-0.0031808825017183295,0.38933821232702215,-0.07494188779700295,0.08872657703983045,-0.03644949247884455
ACCAGTATCTTGTTTG-D1_NoStim,-0.024899691064401708,-0.009765176673152354,-0.1757008397066393,0.032362490180032566,-0.029812905531482414,0.058862512302026104,0.027813123155659092,-0.009872957664750714
ACCCACTAGATGCGAC-D1_NoStim,-0.19435963191891936,-0.03145756815079537,0.017808327574917016,-0.03331124627146487,0.10839776753270591,-0.12434242607821577,0.04452455183229587,-0.0793432956680924
ACCGTAAAGATATACG-D1_NoStim,-0.17457662418422792,-0.008203295611902917,-0.38636988202847533,0.15450214382897265,-0.48255426473318686,-0.0349757151067589,0.9798375932324515,0.04483697610473669
ACCGTAACATGCGCAC-D1_NoStim,-0.11285176446675926,-0.041903969281746,-0.1440025721631173,-0.025975315093353046,-0.02805746919540475,-0.02953597787113793,0.025850238283840365,-0.07359199965679863
ACCGTAAGTGAACCTT-D1_NoStim,-0.1301747901087058,0.04661536266093336,-0.2544599670589722,0.015740346454572673,-0.2858316465344295,-0.04481838194964993,-0.0529911803092995,-0.07820061115602783
ACCGTAATCTGCGGCA-D1_NoStim,-0.07971813620862633,0.07842521692917437,0.1045979456441426,-0.021638029850977958,-0.3384349865117713,-0.2040026369649688,-0.17551739032507463,-0.03552369258975041
ACCTTTACATCCCATC-D1_NoStim,-0.049074232952589725,0.06945544215244581,0.06450717008713269,-0.02546758807706695,-0.08161492019119798,-0.08295992374507222,-0.10866332867799011,-0.03555336519494645
ACGAGCCCAAATCCGT-D1_NoStim,-0.17869008901750405,-0.04683696369828283,-0.20118077500696074,0.08514163034742772,0.1903972824329525,0.10828065948818288,0.08738696313308392,-0.016099675710627537
ACGAGCCCAGCCACCA-D1_NoStim,-0.003078766032544422,-0.00023723541009879057,0.01695259887144651,-0.03195208593169063,0.13387897280900773,-0.013507466177541616,-0.03943807194496962,-0.020709182706026397
ACGAGGAAGCGTGTCC-D1_NoStim,-0.07615916974446613,0.00593918051950304,-0.14318878374903576,-0.005140136570341625,-0.021741338724629244,-0.06135605200176464,-0.050319904541551,-0.045107185293014496
ACGAGGAAGCTGCGAA-D1_NoStim,-0.028584951502857336,-0.034685370713566144,-0.26907917550367344,-0.02542036628850397,-0.03310234477539353,0.02072344743875476,-0.07033345579655403,-0.052649636667739586
ACGAGGACAACTGCGC-D1_NoStim,-0.22361339239668077,-0.004906762508474216,0.2933846856287783,-0.20187611706013087,0.45112393855236377,-0.2664928734880432,-0.45967147512929163,-0.19472475170122472
ACGAGGACACATCCAA-D1_NoStim,-0.0359895864953117,-0.008332830773976951,-0.12295838821226823,0.009741297711128638,-0.07538244905222058,0.05553202639260668,0.07674481980957548,-0.006870907709712881
ACGAGGAGTCCCTTGT-D1_NoStim,-0.02606959101000328,0.03460813226232595,0.03367466745337211,0.011285308684328754,-0.1642331468902043,-0.03976184345280309,-0.034973090094649883,-0.013711625044049214
ACGATACAGGGATACC-D1_NoStim,-0.11687796678048201,0.037746539601259954,-0.13383467646789704,0.10790466494907847,-0.24063580189207912,-0.08807207827246089,0.573181744214124,-0.025175695196129055
ACGATACGTTCCAACA-D1_NoStim,-0.03151077651554601,0.04864224032174569,-0.10801728521632725,0.06121900155382498,-0.135808020340205,-0.040785087685280885,-0.000524539779882538,0.0010414496509660864
ACGATGTCACGGTAGA-D1_NoStim,-0.002148387576191624,-0.036869897970525756,-0.24414137438854056,0.047198022119200544,-0.0024556258439822898,0.09445726293791346,0.0759530198075753,-0.0002034036983911136
ACGATGTTCTTAGCCC-D1_NoStim,-0.18675149196343632,-0.028193942363310853,-0.05890169251907906,-0.0771676421365477,0.13029850812705135,-0.06954221869488997,-0.02374260933383976,-0.11283723618133834
ACGCAGCTCAATACCG-D1_NoStim,0.016511562441650085,0.0335515012871781,-0.20185753407850626,0.0285359784496535,0.0021733170327991047,0.07306471496154643,0.06411980240369264,-0.011572043501338669
ACGCCAGCACATTCGA-D1_NoStim,-0.028832318344475638,0.030519977805653298,-0.26542654233783836,-0.07760190403404899,0.07063708551412518,-0.01601659793573873,-0.11827458576172578,-0.06818506562488658
ACGCCGACAAGAGTCG-D1_NoStim,-0.031753451558900636,-0.02384620583316277,-0.21128665877699326,0.05832297979446466,0.016792955816844923,0.06129508577242326,0.03256705717012309,0.0014138011797957262
ACGGAGAAGGAACTGC-D1_NoStim,-0.15185513899735525,-0.04414191071381879,-0.18342810603730086,-0.024878316032021175,0.1910876353429103,0.14559389303253667,0.19742197688611896,-0.04016086248884321
ACGGAGACAGATCTGT-D1_NoStim,-0.12670601385803337,0.0685224533394404,0.08821143555917388,0.018437272286487172,-0.26897733923216194,-0.11074643050100441,0.28282882118311115,-0.06413772640395976
ACGGAGATCGTTTGCC-D1_NoStim,-0.02542788355721548,0.042311746840566045,-0.10835085946232681,0.01699653814003632,-0.017783782757289757,-0.0018584790820703745,0.01602802006449089,-0.018351217000288855
ACGGAGATCTTTACAC-D1_NoStim,-0.08535035665117796,-0.035173268248380296,-0.19772363818545813,-0.0172510489324047,-0.1038004308003675,-0.0259801144689753,0.040624217205747826,-0.08243470007307607
ACGGCCAAGCAGATCG-D1_NoStim,-0.1360575349292592,-0.013534953360183621,-0.3239019375763412,-0.07135512946776856,-0.07534911482532358,-0.1437638723244783,-0.12921676850366293,-0.08243120158812012
ACGGCCAAGGCCCTCA-D1_NoStim,-0.00013671727013253587,0.02518012544486048,-0.014040860026858226,0.039058188257843796,-0.05174852349349557,0.04334380246754854,-0.01655763361263496,0.00816279625268379
ACGGCCATCCTGCTTG-D1_NoStim,-0.10193913030360946,-0.07019311478255652,-0.19755444498226993,-0.031327289532738334,-0.05851868487332901,-0.06954420800731853,-0.07563335887803024,-0.08930768941201883
ACGGGTCGTCTTGCGG-D1_NoStim,-0.11585471737087616,-0.04595279515433326,0.00998163232351068,-0.00939334399336822,0.025409282535404643,-0.004954137573463413,0.028577605575771603,-0.06532522732912227
ACGGGTCGTTGGTGGA-D1_NoStim,-0.06355986733002084,0.05145145931243178,-0.24742682926578574,-0.0466432072088061,-0.035407587780827754,0.07831937157724056,-0.05631677033948268,-0.057578786906660184
ACTATCTAGCGGATCA-D1_NoStim,-0.09572220777937446,-0.12769012391143697,-0.6091524703965341,-0.07680463744163646,-0.15387145009419,-0.030914243820121534,0.05457603453249149,-0.106524786958758
ACTATCTCAATTGCTG-D1_NoStim,-0.10707477286156752,-0.012293410006487093,-0.10852694691489617,-0.0020734592375113436,0.017818459381697238,0.02463291536334733,-0.008412774590137673,-0.03250789972565293
ACTATCTGTCCAGTTA-D1_NoStim,-0.04045262375827896,-0.04434142300499744,-0.04580099627925449,0.008657520174283562,-0.010061261280700506,0.046974349085832756,0.04006043118768954,-0.019127179992841192
ACTATCTGTCGGCACT-D1_NoStim,-0.2528770229332906,-0.044108191727957546,0.20669705689348028,0.060283360150707566,0.4429758526621974,0.052825684972813036,0.024272519779973578,-0.03770535942175357
ACTGAACAGACTTGAA-D1_NoStim,-0.08731617729159247,0.04488569475400084,-0.13687713740215202,0.0009957732171645972,-0.231254601940865,-0.056510243798864934,-0.05015687488956022,-0.07007203979796195
ACTGAACTCTAACTCT-D1_NoStim,-0.06329378602327118,0.048898521863785405,-0.30909563612321556,0.0052353260552457925,-0.2664480441115771,0.0282623137582938,-0.013077879777836365,-0.05604836190268614
ACTGAGTGTTAGTGGG-D1_NoStim,-0.13250603720723575,0.04324082556705022,-0.06315998476569007,-0.013782236757172939,-0.195441497412979,-0.023418267773193335,-0.08135158904003958,-0.07229442769767402
ACTGCTCAGCGTGAGT-D1_NoStim,0.02913683605894235,0.06905325808367735,-0.16476087493729707,0.06868170664739637,0.04347819585799506,0.07785384104973136,-0.01358309107525546,0.02300430581427726
ACTGCTCCACCAGGTC-D1_NoStim,-0.16134979838354546,0.005805622290557366,0.10512632392186205,-0.18517815175707142,0.2494187807587931,-0.07938948895612707,-0.48401952472706,-0.17137831513510982
ACTGTCCAGATTACCC-D1_NoStim,-0.005606520404448645,0.05853986532113353,-0.20066932068773724,0.05900470225328114,-0.1093849667831126,0.010418701795677165,0.007400056512877562,0.005462159583601078
ACTGTCCCATGCCACG-D1_NoStim,-0.02702617927337947,-0.029681608495550904,-0.1688891926005862,0.044087219236748965,0.110331891029821,0.11143230539821403,0.07576874498104891,-0.006220165499067676
ACTGTCCGTACGCTGC-D1_NoStim,-0.13087249314810379,0.04225421258714945,0.21082306387856775,-0.18259830224268114,0.5801466375268021,-0.053926910118526905,-0.07636151110514433,-0.0789402183847745
ACTGTCCGTGGTCCGT-D1_NoStim,-0.05701022433365743,-0.013620653865046961,-0.2464259017457664,0.023510591461626262,0.05772159383617215,0.09537774094397378,0.002418070586127641,-0.023371852823666828
ACTTACTAGAAGCCCA-D1_NoStim,0.003593621641281075,0.017569046265920818,-0.21944601116498852,0.03221506095738924,0.05103562409065887,0.14577126289809517,0.04587351512350546,-0.008194862217953514
ACTTACTAGGAACTGC-D1_NoStim,-0.1660578911715298,-0.024318743376520402,0.09925742811755356,-0.11318829439172262,0.09876865352175024,-0.12065432042404556,-0.22455353167896863,-0.14718968224459417
ACTTACTAGTGCAAGC-D1_NoStim,-0.03891235535661153,-0.05743808787714144,-0.2941914416103053,-0.01880004430469917,-0.004955443183797925,-0.026345619083504523,0.017482173590139816,-0.07856204506433606
ACTTGTTAGATCTGAA-D1_NoStim,-0.05490931223438622,0.04194580608004017,0.05361232298614027,0.019215537053019816,-0.013125619840845815,-0.07420054478582117,-0.09750990527702097,-0.012435532346765754
ACTTGTTCACCTCGGA-D1_NoStim,-0.06951736504492523,-0.053347948776862,-0.4672848435912371,-0.02669595928784929,-0.011807026724516945,-0.06391166575966256,0.12107682415411603,-0.04128130640964933
ACTTGTTGTCTCACCT-D1_NoStim,-0.13657110750608226,0.051926149377935715,0.14593167067390667,-0.1233442693511293,0.3476450749457207,-0.049163549412464036,-0.3017595488318916,-0.12158084154988025
ACTTTCACATAGAAAC-D1_NoStim,-0.06486467596504397,0.033450352572470976,0.0031240369619034425,0.010359125779961786,-0.14394338519707617,-0.012480720128115408,-0.038919703255108296,-0.013748179686691842
ACTTTCAGTTGATTGC-D1_NoStim,-0.039861990223135635,-0.0015272245906228221,-0.22159798688657872,0.03178476031362365,0.07071764437779571,0.07088783038446689,0.04521527332623165,-0.008499537712960858
ACTTTCATCCCAACGG-D1_NoStim,-0.05485490867132903,0.043664890900844355,0.1005811707917239,-0.011476973286534076,0.20563680142618956,0.015553466407144612,0.01831681191384149,-0.021866245357310632
AGAATAGAGTCGATAA-D1_NoStim,-0.05331222101085409,0.053205776171017405,-0.0950116157129095,0.012415123340518974,-0.19394078709093243,-0.018933403069686605,-0.031822639122591756,-0.026095112496786754
AGAATAGGTCGAAAGC-D1_NoStim,-0.047013080074920666,0.04863193588912118,0.009411027777581182,0.039628665221048465,-0.3317410988995029,-0.07232534163680882,-0.02842572298388557,-0.027398787008452885
AGACGTTCAAGGCTCC-D1_NoStim,0.03330481906122351,-0.04251825564260159,-0.22332009852792822,0.03291538143011685,0.0666518815913193,0.08536559480811867,-0.15427859294860902,0.002277351019023044
AGACGTTCAGACGCAA-D1_NoStim,-0.049347117495956994,0.05552334483434862,0.0894529876016179,-0.02098187081575098,-0.11572822972691199,-0.0369769071622823,-0.039220311205593994,-0.04576526255015345
AGAGCGACAATGTTGC-D1_NoStim,-0.045782367243809574,-0.0016836005772624674,-0.18276441538045063,0.000612610047234341,-0.014892073754554147,0.05034731744910115,-0.08080039290948537,-0.04457497913767661
AGAGCTTGTTCGGCAC-D1_NoStim,-0.07129997257492171,0.04678080982223598,-0.06144413607702681,-0.011761441194705569,-0.03780135377276039,-0.05485965822412098,-0.065525706109554,-0.04152569900577063
AGATCTGTCAACGGGA-D1_NoStim,-0.07349454088337737,-0.00887701562536769,-0.08182256787635112,-0.021343333609616266,-0.09558134918882999,-0.02676408817298981,-0.035393760338266134,-0.07364589080746953
AGATCTGTCCTCCTAG-D1_NoStim,-0.056261383447397506,-0.027182208417778853,-0.10029337563957341,0.018883937963222408,-0.030282877446339285,0.07262928696204263,-0.07464784993837803,-0.04232243664360347
AGATTGCAGTATCTCG-D1_NoStim,-0.00396557804212172,-0.026652933535075363,-0.09636601825330793,0.0551671246795884,-0.04581220140667597,0.1136291079304943,0.06715762726773056,0.04877236677246799
AGATTGCGTATAGGTA-D1_NoStim,0.022760263068049014,-0.06312355178834395,-0.13399208407866858,0.015279488479031045,-0.02018516056701891,0.15361867783043692,0.2295306455153634,0.014745283125375153
AGCAGCCAGCAGCGTA-D1_NoStim,-0.07591872538298894,-0.040870187882527276,-0.33033966688298655,0.025161929592050214,0.02892270702854205,0.1267915582278052,0.07796695762199102,-0.006341544054649262
AGCATACAGCGTTTAC-D1_NoStim,0.0013439565566990552,-0.047626056086496504,-0.22611483968229606,0.03325747298155157,0.05237884618246191,0.07273042486276271,0.005518626347228217,-0.010863452200068124
AGCATACGTAGTGAAT-D1_NoStim,-0.10549090796816962,-0.03305035884350893,-0.09417876484622312,-0.11657768408136526,0.01226830073661489,-0.13004564264024498,-0.5115800665773333,-0.12604281636548542
AGCATACTCCCAAGAT-D1_NoStim,-0.003047994059773629,0.026918570226728278,-0.18664015631697595,0.020282001231173297,-0.0069874514919767705,0.006137856793450247,-0.011395333086727799,0.024799779124384358
AGCATACTCGCGTTTC-D1_NoStim,-0.0753022620799122,-0.031030850422075318,-0.20343676064915073,-0.007397205223458769,-0.02701723746672613,-0.0038834026164282776,-0.04967369352274886,-0.06500379873716788
AGCATACTCTATGTGG-D1_NoStim,-0.03952567290837017,0.04635414740893751,-0.2084103567100115,0.023619342452951386,0.030460594762597992,0.0549004471613177,0.008789900013520757,-0.009526058189130993
AGCGGTCTCTCGTTTA-D1_NoStim,-0.11071519398385199,-0.048297607331409864,-0.3867534020779253,0.00951379852017098,-0.04017799253926846,0.019863021997437613,-0.08602507911379043,-0.0647717706496671
AGCGTATGTAGAGGAA-D1_NoStim,-0.0863572106276429,-0.050753626967555476,-0.17215578231847317,0.02756097700595106,0.11203441694871863,0.05559551504189475,0.014842544118748968,-0.027842145486584258
AGCGTATGTTCCGTCT-D1_NoStim,-0.027756441665443887,-0.028602960326256976,-0.19241268409099987,0.015995913479182278,-0.06598783828819421,0.03581519845087833,0.0814028393428261,-0.031734002000108674
AGCGTCGGTTGACGTT-D1_NoStim,-0.03410007209068944,0.03591126547820167,-0.14498216873864678,0.03426360188819366,0.01133622047442806,0.042722318780983315,0.05567522295161975,-0.023217702640858207
AGCTCCTCATGGGAAC-D1_NoStim,-0.11084226604968705,-0.029197229792226054,-0.1442058265978723,-0.012559691032102194,0.04724521969411022,-0.006169149077121183,-0.01865803076142214,-0.06683146037303267
AGCTCCTGTACCCAAT-D1_NoStim,-0.045988968456583734,-0.016462114411627482,-0.23013236336260334,0.02491734914628374,0.03293457014437173,0.10908797606504095,0.05640412911221748,-0.02391559259787357
AGCTCCTGTCTACCTC-D1_NoStim,0.006788006487456144,0.054425080015990446,-0.08026453943179845,0.0266267853733666,-0.06007246744928274,-0.009472510939252388,0.003772555384396803,0.0029121705654144847
AGCTCTCAGCTCCTCT-D1_NoStim,-0.09443389157558713,-0.011254584334292161,-0.11472739791628328,0.005590403643955355,0.042759554372892694,-0.0010706068072252606,0.05872846042742452,-0.04540306335011479
AGCTTGAAGAAGGTGA-D1_NoStim,-0.1105248237334937,0.04881891620451739,-0.14110887407584016,0.055351590600213996,-0.3038456114676862,-0.04594881292817199,0.167046496024029,-0.05572644633683055
AGGCCACCACGGTAAG-D1_NoStim,-0.07115733111611355,0.0447654793472978,0.1110308542023759,0.014027047294764117,-0.09326104907801991,-0.06081938240042639,0.007532407396456442,-0.04924276692880092
AGGCCACGTACACCGC-D1_NoStim,-0.016068837704107608,0.057513323924158755,-0.04004520669919387,0.028617369293677086,-0.1788906535565964,-0.07877871306806483,-0.03385690686274678,-0.014135610374312435
AGGCCACGTGAGGGTT-D1_NoStim,-0.05057683950018799,0.035943194841800974,-0.10690920369064116,0.04663646366483576,-0.1063563582585818,0.0358046441622939,-0.00803058940709711,-0.012759051386446174
AGGCCACGTGGTCCGT-D1_NoStim,-0.02717596649099896,0.060726530884849694,-0.08341219021474977,0.006169796134985361,-0.1927817050805043,-0.0242508348865762,0.005401764378602181,-0.03036613221975415
AGGCCACTCTGCGACG-D1_NoStim,-0.0465028386637627,-0.049140440775941485,-0.470133200747334,-0.04355247051930178,-0.07631442546012934,0.03441021334042382,0.025930683105138463,-0.09294899453548133
AGGCCGTAGTCATGCT-D1_NoStim,0.015863492221695807,0.015940028785850657,-0.27150969946320913,0.06624551638925169,-0.014166791202672613,0.18038051165664992,0.026813588724726944,0.007843109793299163
AGGCCGTCACCGAATT-D1_NoStim,-0.09247278606244791,-0.004172827800596579,-0.13253060464622024,-0.0072783701394598666,-0.028569374248684554,0.06780390974888029,-0.01313361371704369,-0.0666217883125686
AGGCCGTGTTCCTCCA-D1_NoStim,-0.08298218867237672,0.022245642270721788,-0.12649534594340217,0.04026460126153353,-0.29894569270695115,-0.033260151235388946,0.27426946111835093,-0.05206496302559316
AGGGAGTGTGCAGACA-D1_NoStim,-0.08685138012463511,0.02695877703390792,0.24895864445892002,-0.1975168837499499,0.16861388989378234,-0.2951126425260888,-0.4631679877774264,-0.1072012771798132
AGGGATGCAGAAGCAC-D1_NoStim,-0.019095044900030445,0.023226184184668597,-0.17125471117096858,0.05290485342676554,-0.05433166862621164,0.10373871960162706,0.0762898191209378,-0.002957843524626469
AGGGATGTCGGCTTGG-D1_NoStim,-0.07081969464735316,-0.002774399255095261,-0.22984343048821287,-0.010737560078689867,-0.09968332873037511,-0.0380529485239931,-0.055354531058514844,-0.057057293502367656
AGGGTGAAGCTATGCT-D1_NoStim,0.0608486266231445,0.06994981788617771,0.0957519185751714,0.04945117612697025,-0.07168404261850014,-0.045284012465911516,0.06006759859934796,0.03723874319638121
AGGGTGAAGGAACTGC-D1_NoStim,-0.07310255047403658,0.012956484765190623,-0.05350848276654574,0.0325434416107786,-0.04944164938649109,0.0504867113742451,0.043933579651615595,-0.0294091971992696
AGGGTGAAGGCCGAAT-D1_NoStim,-0.03680188412216445,-0.05700589593191552,-0.1372084457396081,0.016355026127211403,0.057991101770605624,0.07312770638851607,0.0590477801151259,-0.02734490270399803
AGGTCATTCACCGTAA-D1_NoStim,-0.03567392934433933,-0.023750662390272126,-0.07608233426821442,0.039178021306442545,-0.0056579580164228815,0.06252460156311113,0.06023763103624091,-0.02713932774956973
AGGTCCGAGAAGGTTT-D1_NoStim,0.0034560715165241618,-0.008484355057749582,-0.1983768679937441,0.03217576693106494,0.04810271926592691,0.05512014790439679,-0.10463711938789189,-0.01880923130551615
AGGTCCGCACGCCAGT-D1_NoStim,-0.0773541603468999,-0.009337625552197082,-0.15846616083415554,0.04186584770778978,0.009413093841416753,0.018720692107311976,0.07139929600402262,-0.047284916442453806
AGTAGTCAGTCATGCT-D1_NoStim,-0.08657575565852405,0.056352692184015396,-0.06456437239165069,0.016267431046541603,-0.27026630086632153,-0.03136508659169834,-0.04480207635574196,-0.06650052233624137
AGTAGTCCACCATGTA-D1_NoStim,-0.02661375162566415,0.033475755035484056,0.02910189684487463,0.03764997238525858,-0.13073509371446335,-0.02022893216473598,0.08244411125333961,-0.04633892377971449
AGTGAGGAGCTGATAA-D1_NoStim,-0.12209412914530127,0.038307259961923634,0.03301983244274709,-0.07344749417918273,-0.11720044010899144,-0.033645589698577894,-0.047387173040706276,-0.08069322386211653
AGTGAGGCAATGGAGC-D1_NoStim,0.003559958846343747,0.014929571976139755,-0.09970114969795674,0.018487246941115032,-0.0270553683339525,0.025202177375876822,0.010147524953022735,0.004543708047750172
AGTGGGAAGCGGATCA-D1_NoStim,-0.08100698554923191,0.022317390174473317,-0.05206674160633895,-0.0645139527896994,0.1128724335159923,0.06374205845855485,-0.05719181085571545,-0.07948921982594115
AGTGGGACATGCTAGT-D1_NoStim,-0.0699086884253699,-0.03098131840505225,-0.12702521351831564,-0.0014271192042158987,0.07043375105007144,0.05272184606754582,0.011177275400288345,-0.04743948471311832
AGTGGGAGTCCGAATT-D1_NoStim,-0.04359786054659054,-0.07338225739710502,-0.1519500369897422,0.0393294701865603,0.17289174104745086,0.0954841538303377,0.0770477265089089,-0.03972418066008743
AGTGGGATCTTGCAAG-D1_NoStim,-0.11874348824082936,0.005528180978851438,-0.02514392002995436,-0.022062306630880713,-0.01999582472944539,-0.06385309903952141,-0.01904136036600157,-0.08343379323298805
AGTGTCACATTAGCCA-D1_NoStim,0.0063649394289146954,-0.0285653183082637,-0.23925610296375766,0.03767924654942156,-0.027371413501617425,0.08225855136819771,0.022182221246533018,0.0037846829984840014
AGTGTCATCCAAGTAC-D1_NoStim,-0.07002977220740725,-0.08444479537029892,-0.3050441926714331,-0.014986612838020719,0.1763182944160171,0.07242487768499295,0.04559645990306915,-0.04075010193110096
AGTTGGTAGAAACCGC-D1_NoStim,-0.08277350037505116,-0.036947307359442405,-0.400629734162564,-0.02200653806043995,-0.08467489357990843,-0.01655378630301474,0.021415006014484206,-0.07982958356940273
AGTTGGTAGATATGGT-D1_NoStim,-0.018781065643462824,-0.006109461554590467,-0.04474251153176745,0.05185779962119064,-0.010343191212800917,0.09123306799946285,0.08097621777746067,-0.005099532260670614
AGTTGGTAGCGTAATA-D1_NoStim,-0.019887947076389523,0.022130375781214795,0.0755552127862007,-0.024831349458398932,-0.260634736651868,-0.14870364342790943,-0.08649970286380881,-0.002665226248552699
AGTTGGTCACCACGTG-D1_NoStim,-0.07279642118128216,0.051523168263191366,0.0577882045000937,-0.04014673804960367,-0.06966736100308957,-0.0613880809730869,-0.05686681481030664,-0.0481930923469136
AGTTGGTTCATGCATG-D1_NoStim,-0.02392715911608434,-0.04997038791916175,-0.29130333430448374,0.012130624793879718,-0.029535976924959684,0.09820263815082964,0.007983108959057184,-0.028143436163698965
AGTTGGTTCATTATCC-D1_NoStim,-0.08971691294296313,0.030223990615359853,-0.17783568820184392,0.062001064807150286,-0.22476221918552142,-0.0432322700377501,0.6005163907724622,-0.0008603750130493637
ATAACGCCAAGCCATT-D1_NoStim,-0.07324886154832377,-0.02161211931247564,-0.32603859053064,0.01969186028504133,-0.07646044330624413,0.03066344406511501,-0.012260833893300571,-0.03735459824933507
ATAACGCGTATTCGTG-D1_NoStim,-0.010307004167172451,0.03868838551238696,-0.1392601514508005,0.02277295061580631,-0.10129548515621245,0.017633384565284516,0.042120698343465435,0.017934223661477233
ATAAGAGCAGATGAGC-D1_NoStim,-0.13395416260394555,-0.017381793908620935,-0.1596972240378971,-0.02548975912778495,-0.013934969184155932,-0.0635046518452187,-0.03816812236881795,-0.037358502202962995
ATAAGAGTCTACTCAT-D1_NoStim,-0.12542244124881563,-0.028567453696863865,-0.18274093989860418,-0.04214082266196684,0.01567834845205418,-0.0794825536710615,-0.08708930797776393,-0.08493564189620884
ATAGACCAGACTGGGT-D1_NoStim,-0.14768207155396418,-0.02359901158789235,-0.08363016069407436,-0.05254012342392045,0.042263013217167966,0.0017284066137914778,-0.08498554736619379,-0.09029186293735769
ATAGACCGTCCCGACA-D1_NoStim,-0.0011021310697802988,0.04070048062982323,-0.0009567168451987129,0.016556693445753723,-0.00485016532014626,-0.07729068104665693,-0.10660944227831237,-0.005218778693713233
ATCACGACACCATCCT-D1_NoStim,-0.1294939208932515,0.02781374489922328,0.022994041717741,-0.180118691509497,0.15023270205026407,-0.27374601309755153,-0.6772047914420201,-0.16801443621563905
ATCACGAGTTGAACTC-D1_NoStim,-0.04415495156219151,0.005803652827362171,-0.10845279975424305,-0.003242583827338663,0.25595623152052127,0.09858468401023757,0.10751520239096646,-0.011091204471346927
ATCATCTAGTCGAGTG-D1_NoStim,-0.14192140799987563,-0.03386655196593402,-0.32838299219161726,-0.026700160191131417,-0.025988859024643318,0.001756768034275602,-0.01864861133671436,-0.08056240851726848
ATCATCTGTTGGTGGA-D1_NoStim,-0.00834837685293266,-0.01968275707346301,-0.20219909443787643,0.030258544102878204,-0.032610066946745064,0.10549264556306426,-0.018687606974358673,-0.004653529345498342
ATCATGGAGTGGTCCC-D1_NoStim,-0.1913443612029777,-0.04188643913537149,0.13020755976525322,-0.11786718741906732,0.11693086333044711,-0.11150890348766751,-0.16800772791266994,-0.15153420029369968
ATCATGGGTAGATTAG-D1_NoStim,-0.013544170540654932,0.029845662704886422,0.08239149132323575,-0.04356290669874063,0.17366936811540157,0.06585787789516928,0.08026800288957148,-0.04385648768720607
ATCATGGGTATCTGCA-D1_NoStim,-0.10937276101599736,0.04393915376856938,0.05914074422941695,-0.05598157227099598,-0.02212788230961671,-0.11781568685286636,-0.05993501883783736,-0.06229976812716309
ATCATGGGTCAGCTAT-D1_NoStim,-0.16206666200144682,-0.04667117322412295,-0.1458343654309786,-0.04460579170559775,0.018790174706257545,-0.03281203061239957,-0.009057470408362356,-0.08887622292766117
ATCATGGGTGACGCCT-D1_NoStim,-0.07493949940948497,0.04744725378675696,-0.07168421658076873,0.03752634168764857,-0.185872734211042,-0.04307459509965916,0.0690459944149131,-0.04229373594323249
ATCCACCCATTCTTAC-D1_NoStim,-0.10676863828064498,0.04138519918649486,0.057799363374650525,-0.23841915035624517,0.17054424156228087,-0.26238831650555383,-0.8519389636145709,-0.1913779036141321
ATCCACCGTCTGGTCG-D1_NoStim,-0.09961025412098223,0.05218276457508786,-0.05201391811855238,-0.01431353495254406,-0.2735357463018673,-0.07642780496123436,-0.08769503320990246,-0.08440133074351941
ATCCGAACAATTGCTG-D1_NoStim,-0.03768025809309883,0.06836919624008786,0.097838995380922,-0.013380004804862011,-0.344467965514502,-0.14665054650642517,-0.11349129133041558,-0.0057716648782157876
ATCCGAAGTAGCTGCC-D1_NoStim,-0.1145285128268334,-0.025601772877587692,-0.21937597074736104,-0.010425705022605314,0.07759651189993733,-0.012135120425197599,-0.002056595761732005,-0.05647813548272218
ATCGAGTTCGAATCCA-D1_NoStim,-0.011848808188641868,-0.030500890320835694,-0.14583336141108205,0.02257374882688623,0.0030415356729633913,0.032164173423741005,0.025982229649072153,-0.015391410289652185
ATCTACTTCAACCAAC-D1_NoStim,-0.013220401318362107,0.03490173619600334,-0.031496287097340314,0.0440507839112918,0.008692450238612537,0.053679573045386064,-0.08785862606314243,-0.003422444546510306
ATCTGCCAGCCGGTAA-D1_NoStim,-0.050688148785445364,-0.05919194874953071,-0.23040467237766116,0.020446495735489734,-0.04987037940214201,0.0625868466912376,0.13684125329111385,-0.022302303624520903
ATCTGCCCAAGACGTG-D1_NoStim,-0.1631526207484324,0.022275854891772084,0.23885407255403024,-0.1300909003147943,-0.04237014442294473,-0.0690287797089475,-0.1935648500229199,-0.11189584251855322
ATGAGGGAGGCGACAT-D1_NoStim,-0.01198337354014889,0.03149065751605917,-0.17980858669946898,0.03856443741076809,-0.02876385013101057,0.0537240608515015,-0.03534707164026152,0.038032422877993355
ATGCGATTCGTGGACC-D1_NoStim,0.017620309549581492,0.017164055738495776,-0.21561034136840185,0.042220670952243466,-0.022019876263867033,0.052744936896997,-0.0037072558419639634,0.03827686160406962
ATGGGAGAGATATACG-D1_NoStim,-0.041722313846671355,-0.0007779222331674163,-0.1942154863737109,0.03320794210937272,0.030067576171758148,0.08641029845794268,0.09886875457412225,-0.01633790544243041
ATGTGTGAGAATGTTG-D1_NoStim,-0.06995842861674717,-0.0029191193319526576,-0.12588532192445356,0.016264323751324028,-0.04372716208592209,0.0055067827697410365,-0.028351124626335267,-0.046536483464947764
ATGTGTGGTGCACCAC-D1_NoStim,-0.03419978395946188,-0.01831839514826683,-0.13595726980878453,0.026529929739957936,0.08922281047382441,0.08671116037322246,0.038478415058775806,-0.03439840087380297
ATGTGTGTCAACACCA-D1_NoStim,-0.14687352507427143,0.006235484253622303,-0.046170619980703265,-0.09120039956530057,0.23377463220372263,-0.032522912232696655,-0.16365733746158195,-0.11306072754464758
ATTACTCAGCTTATCG-D1_NoStim,-0.24947163666228356,-0.03390744655587419,0.21520194460134334,-0.13164918191171893,0.4909410551189186,-0.16055433173262834,-0.27382347223074177,-0.17304026408561413
ATTACTCGTTGATTGC-D1_NoStim,-0.017447570873633467,-0.047840778383658744,-0.19243020326540794,0.015061174677841294,-0.030293800192717768,0.0704808198760638,0.05832369705747187,0.008115885597872463
ATTATCCAGTCATCCA-D1_NoStim,-0.05492617849897563,-0.03355467567990367,-0.25553391265204795,-0.0023757876307399783,-0.04729936837134474,-0.025599298597044573,0.029331277953278168,-0.06661274217187341
ATTATCCGTCGAAAGC-D1_NoStim,-0.119218436596773,-0.03587544060818715,-0.16210264121902895,-0.034608972878041655,-0.007578065996410643,-0.03520232090825992,-0.11196951379997166,-0.06546861766589807
ATTATCCGTGGTAACG-D1_NoStim,-0.1036820041738018,-0.08465090921011154,-0.5222072539627476,-0.13039474684244112,-0.2167135340648585,-0.17338106063763536,-0.1455384060732392,-0.1295900612120029
ATTATCCTCCGTTGTC-D1_NoStim,-0.04808185271773269,0.016117890575024774,-0.18530341110910697,0.010656885182589448,-0.05040896284252128,-0.0030208187173093037,-0.0018626388099516333,-0.04264878976815467
ATTGGACTCTGACCTC-D1_NoStim,-0.11226863947962862,0.03382604002547929,0.017213310570497242,0.059269084943617045,-0.2557618555194825,-0.15213188683122603,0.3801931427149077,-0.010407410125905514
ATTGGTGCATGCGCAC-D1_NoStim,-0.06924608764822793,0.020522933699828272,-0.0010211747986907938,-0.010396106826837226,-0.12608581181381773,-0.1863151770033653,-0.19359223830852912,-0.028242508972258662
ATTGGTGGTTAAAGTG-D1_NoStim,-0.07930384824959091,-0.008829490916326677,-0.21593243642760385,-0.012733796187752944,-0.01148067716316703,0.011688437429675957,-0.05225138527308726,-0.06181128218268661
ATTTCTGAGGTGTGGT-D1_NoStim,0.0030939410321870753,0.04181989426963817,-0.0752081846285968,0.03520633184624877,-0.022228726064085436,-0.03027162065409872,0.02480346867110983,0.028993530523674593
ATTTCTGGTAAAGGAG-D1_NoStim,-0.029829417032667394,0.04871135105507918,-0.06151883368481137,0.021674387162056163,-0.01804796879349624,0.024710305699706225,0.0037752213675017465,-0.0067478948649970505
ATTTCTGGTATAGGGC-D1_NoStim,-0.05180498920158172,-0.10569255245868447,-0.2578711816033845,0.020695241383098306,0.1455567275517904,0.09482950243505783,0.07008858886750868,-0.03453107036405889
ATTTCTGGTTATGCGT-D1_NoStim,-0.026523563572039777,-0.10364956683614146,-0.2698285882580418,0.023936554777735708,0.118341501342341,0.12071205726191891,0.09704996704136626,-0.020919572086343763
ATTTCTGTCTTTAGTC-D1_NoStim,-0.1690931187752316,0.056804413340168836,-0.12995882849055818,-0.11496886105656046,0.062201412236433384,0.006971727353889179,-0.11686335146142657,-0.11122036062888441
CAACCAACACATTTCT-D1_NoStim,-0.0464212254791736,-0.009780250423672143,-0.15215792256670824,0.02726975191357006,-0.04835701273680826,0.06213944920434322,0.07354144904576554,-0.013598327551180844
CAACCAAGTGTGCCTG-D1_NoStim,-0.05009793621180236,-0.039632410726046174,-0.2306136247156232,0.02153174049452211,-0.012036062679866788,0.03917920434495947,0.012329426008290234,-0.015830261119999633
CAACCAAGTTACGTCA-D1_NoStim,-0.12618496111937283,-0.0309160792358405,0.010992384451988357,-0.035549162101848,0.04468761096701712,0.0028067122608188555,-0.05993143812824986,-0.09841814807757032
CAACCAATCACCCGAG-D1_NoStim,-0.15058113525223504,-0.016266437371580622,-0.14182344809764125,-0.06376907173732782,0.024859439606474965,-0.1456031036573293,-0.1169719722365663,-0.10680928457804839
CAACCAATCTTTACGT-D1_NoStim,-0.11390788912041394,0.013015092484073065,0.08114998666954776,-0.008524318146946541,-0.04943948599387227,-0.053663567586291094,0.16927845314079004,-0.06896218014147948
CAACTAGAGATGGGTC-D1_NoStim,-0.020761103865241992,0.021992504380110134,-0.26039423644582627,0.01795024351882013,-0.10209773126965516,0.03391057453405821,0.01518084881789239,-0.023016417827941282
CAACTAGGTCCCGACA-D1_NoStim,-0.062313613993802974,0.04602164755404203,-0.14932649502887685,-0.011537349614741288,-0.08015440349545777,0.02925786760889082,-0.036151716838817904,-0.02264982201780441
CAACTAGTCCTATGTT-D1_NoStim,-0.04275286629308894,0.004207159256978343,-0.08537142235098116,0.013030966825716916,-0.05437862780624769,0.01630055669021413,0.033110987709453976,-0.03800843709153945
CAAGAAACATTGGGCC-D1_NoStim,-0.16408506952651614,-0.0015362199050628078,-0.05510652515442516,-0.0712089485727212,0.06330062905511902,-0.11698814198748408,-0.0663411721177658,-0.08303072749054508
CAAGAAATCCTTTACA-D1_NoStim,-0.08737678196781395,-0.026122166108510925,-0.1585195023172261,-0.010930270553817678,-0.01969573973971528,-0.04273165284821445,-0.003513550010641353,-0.07025098149762421
CAAGATCTCATAGCAC-D1_NoStim,-0.063694747840362,-0.031740982914305604,-0.10866141399989715,0.013426072409027157,0.1405558595659926,0.12116546819071061,0.07225146899846502,-0.041060838525300625
CAAGATCTCTGAAAGA-D1_NoStim,-0.02003095365236085,0.023073777221632952,-0.0661901521998729,0.03503396464275177,-0.11876446277258346,0.005607289838055252,0.01883986838871632,-0.009772951448445255
CAAGGCCAGTCGAGTG-D1_NoStim,-0.047934110108046823,0.04529755881674724,-0.07659889974153877,0.01295024130251754,-0.07312155975485801,-0.02867980508307788,-0.0049675050743061,-0.027022524848057117
CAAGTTGAGTTCCACA-D1_NoStim,-0.11046758712748073,0.01568285233988931,-0.03640473484961859,-0.022704399534534403,-0.009093874034576288,0.014895220026669875,-0.03293892618299932,-0.07313542397502992
CACAAACGTCTACCTC-D1_NoStim,-0.053198840595790386,-0.029362684500405578,-0.3173769535991049,-0.03725307402060096,-0.11633795670094393,-0.09466598985000818,-0.06636843679910243,-0.06973040193736857
CACAAACGTTCGAATC-D1_NoStim,-0.10244205840659326,0.04040467365645384,0.03571895171463346,-0.010892853969300731,-0.20340960263425956,-0.08151949661295355,-0.07418293678794718,-0.06107140737397643
CACAAACGTTGGAGGT-D1_NoStim,-0.06565339376258095,0.05616143941141871,-0.035881729525762296,0.07231618899982095,-0.16286006554902954,-0.0846914056116006,0.38734507917305283,-0.01339528663496381
CACACCTTCCGATATG-D1_NoStim,-0.09528762337706986,-0.043402751544007856,-0.12289115068258383,-0.03747822619506458,0.026912925498091766,-0.04398027066431531,-0.10833960723919311,-0.07737981667561478
CACACCTTCTGTACGA-D1_NoStim,-0.004116097521894346,0.0018292165874704835,-0.23548286604711066,0.040437611015040176,-0.03640132399981155,0.07878459426792617,0.03718379511256309,-0.002812649084878771
CACACTCAGATGTTAG-D1_NoStim,0.0001255057497662193,-0.016609707430301768,-0.17162648969735628,0.018052950430019976,-0.06213093327157182,0.04685271822853743,-0.0013607511951496676,0.01569996706752974
CACACTCGTAAACCTC-D1_NoStim,0.016806215464951535,0.03421232250681605,-0.1720329760865571,0.041554135997857955,-0.19557084445001394,0.017916208184916016,-0.051164176815720275,-0.04581736919980628
CACACTCTCGGAAACG-D1_NoStim,-0.11028205602583441,-0.009647914431894833,-0.38012917948663194,-0.02375836231587769,0.12093420954256828,0.030858028752398958,-0.031127253522562626,-0.061877350410345144
CACAGGCAGCGATAGC-D1_NoStim,-0.024638232855808795,-0.02782494781723699,-0.023535062591786726,0.024903253800857783,0.07346428708296493,0.12335556210014609,0.13414198259706822,-0.036729588789510714
CACAGGCCAATGCCAT-D1_NoStim,-0.13489452657519152,-0.027940573969225113,0.08233401029567489,-0.11308757741766051,0.19274605032936343,-0.0016657772366990287,0.026960248560534694,-0.08537209552660485
CACAGTAAGTTGTAGA-D1_NoStim,-0.08031605816981902,-0.030732078877674596,-0.32659177366312875,-0.02854838041444907,-0.02958057301137451,0.02959035716766767,-0.05325030725232782,-0.06981221742299937
CACATAGAGTTGAGAT-D1_NoStim,-0.08200937631187522,-0.067216970524699,-0.28113224928790537,-0.0099603667339494,0.0988162435730473,0.07744843644832589,0.06271447325000601,-0.050038166078044455
CACATTTGTTTAGCTG-D1_NoStim,-0.11898470314126897,0.05028049577637894,0.07884066368905707,-0.13683072841598332,0.3473545655488728,-0.0732752740906033,-0.14499797429389538,-0.07386338963709882
CACCACTGTCCATCCT-D1_NoStim,-0.10986708450451133,-0.13319367956647987,-0.6761658154901049,-0.0963468650195054,-0.20333469479070843,-0.06558545771581947,-0.011497272588122165,-0.11663247429939538
CACCAGGCAACGCACC-D1_NoStim,0.022985021430075747,0.014972489036592762,-0.32601805627006897,0.05018235302108032,0.03435755588874834,0.1655032755231618,0.07155278679613453,0.012772942361518602
CACCAGGCACGTAAGG-D1_NoStim,0.02852147878096467,0.0301555306282566,-0.2851416208656694,0.04186612806287471,-0.0329760544299873,0.035647968619882064,-0.009371417826596229,0.01763946907510139
CACTCCATCAGGCAAG-D1_NoStim,-0.008948912257425334,-0.03584023676888748,-0.22097772331254184,0.040117110740808926,0.10688039399495253,0.11175038782933733,0.09062568740315324,-0.0030088466019257964
CAGAATCAGCTTTGGT-D1_NoStim,-0.11168786456894075,0.04079744302389976,-0.19706577370427425,0.02088087411909001,-0.24725675809414938,-0.020384524776840607,-0.051362792288265346,-0.06024937495864613
CAGAATCTCTAGAGTC-D1_NoStim,0.013631531976439959,0.02558503892401731,-0.1136027019451511,0.024216334430899877,-0.04462927359426949,0.04291183196993398,0.028199995267852884,0.0166677772952859
CAGAGAGGTATAGTAG-D1_NoStim,-0.05063537737818713,0.04870229435773332,0.1550713889694908,-0.021786954045390772,-0.10405727082122063,-0.09154934004644133,-0.03433807174278769,-0.03898781058767398
CAGAGAGTCCGATATG-D1_NoStim,-0.05123969195628142,-0.009925539572421371,-0.11393368481519417,0.0256719187251786,-0.10180773254590392,-0.02489519855073219,0.05428974435276146,-0.02834127616716664
CAGATCAAGTGAATTG-D1_NoStim,-0.015132878236341796,-0.04525801166724541,-0.15452179983733316,0.04073988211477797,0.06569835692341108,0.07669806274298807,0.07665911815136939,-0.0095008288869316
CAGATCAGTATATGAG-D1_NoStim,0.04240037538840724,-0.049394574159576266,-0.3791676992538733,0.06702306444654127,0.06371233093310202,0.2164363402518763,0.08369547392920174,0.00290177275333825
CAGCAGCAGAGCTTCT-D1_NoStim,-0.06350914746887781,0.04318360583843095,0.14231696334112875,-0.004922170195513331,0.19626858447843887,-0.0026098678807144893,0.015923130198665092,-0.030444739802822696
CAGCAGCTCACATACG-D1_NoStim,-0.008125411104829894,0.051549544448278084,0.020808514755429997,0.07186717524757924,-0.12648002090304722,0.044944780490165925,0.0784371367227914,-0.01930666387863056
CAGCAGCTCTGCTTGC-D1_NoStim,-0.039716054114260047,0.0016974368339752743,-0.006735761185733935,0.028052758012933054,-0.006860414170928308,0.03566621900793443,0.019657322340537853,-0.027367193148535307
CAGCATAAGACAGGCT-D1_NoStim,-0.054639758852404796,0.05917404696196371,0.06627801489277196,-0.012083050160779152,0.038956610730213725,-0.01647506696023271,0.027705248320980758,-0.03210127368020288
CAGCATACAGTAACGG-D1_NoStim,-0.08777762165797931,-0.05059030586145674,-0.324541180538624,0.017576587408864697,-0.030674364715808977,0.020465900039162932,-0.07031728999915998,-0.05348944424840418
CAGCATAGTGCTAGCC-D1_NoStim,-0.1344860828465464,-0.12404431077309397,-0.5178299516705636,-0.09784797928193534,-0.14628016784958398,-0.09514610681740354,0.012109976807296086,-0.10464264991525596
CAGCATATCCTTTACA-D1_NoStim,-0.03346233662409759,-2.8938466924088857e-05,-0.30227267336882946,-0.011405134134188089,-0.05872802294279822,-0.008285343019687197,0.015425908416030865,-0.06412423085470742
CAGCCGACACCAGATT-D1_NoStim,-0.12282323000333939,-0.05502305538312058,-0.31197501903905334,-0.06951039918823021,-0.0018057815472225514,-0.05469165416476063,0.036083677828720795,-0.07249393076270927
CAGCGACCAATAAGCA-D1_NoStim,-0.039254546725739914,0.019720088044422823,-0.12419549411854902,0.0650430974758418,-0.25731635919477647,-0.060239842371895946,0.18101048790999474,0.0061096286922524
CAGCGACGTAAGCACG-D1_NoStim,-0.01788755840777867,-0.03304299014452994,0.10869739130742673,-0.03490198690371216,0.04052593336348309,-0.030429915889439663,-0.331603146983511,-0.080259265704127
CAGCGACTCACTTCAT-D1_NoStim,-0.007858731070406577,-0.0007358786721116672,-0.09457931095973038,0.020362034347352065,0.02538595158504897,0.04742685539160174,0.01237843026245855,-0.025954846180761493
CAGCGACTCGTAGGAG-D1_NoStim,-0.11678479530569597,0.04226019836145056,0.22356986590108718,-0.054072584068466156,-0.017776442518918856,-0.12472221231031355,-0.06305988270748131,-0.06546179654125339
CAGCTAAAGTGCCATT-D1_NoStim,-0.02388389537508573,0.05355132750555214,-0.2332785211579136,0.008005816436636337,-0.021519229410476015,0.04051527128617849,-0.055559737916370366,-0.026820055674289023
CAGCTAACATCCTTGC-D1_NoStim,-0.08233761499747239,0.02236792491908801,-0.16741684593864647,0.012255392508084384,-0.0448128522873219,-0.051718159031400646,-0.05068760989151766,-0.04973999100475446
CAGCTAAGTACAGACG-D1_NoStim,-0.07849614822489848,0.03791702338447678,0.003842403469802136,0.02082217386255003,-0.16697279966965972,-0.06191641821976823,-0.04432528867074037,-0.04221111013993806
CAGCTAATCGGACAAG-D1_NoStim,-0.0840949355257159,-0.0575275888661686,-0.24085510527101306,0.01563223964706495,0.010814264388097072,0.046961567979879604,0.03841596444063633,-0.04146584912666462
CAGCTGGAGAGATGAG-D1_NoStim,0.024468969446417077,-0.019788532333036457,0.004648752004840162,-0.0178742287831426,-0.11315215961113978,0.0060180052176743715,-0.07151622611438846,-0.0292644773602877
CAGCTGGAGCCGCCTA-D1_NoStim,0.02209657918607455,-0.04791488738210603,-0.4288995453132607,0.04760995791240674,0.12328416559758004,0.22541877062670146,0.06155535422396641,0.011665272668109239
CAGGTGCGTCCTCTTG-D1_NoStim,-0.04606656051661773,0.014428670200677729,-0.10150293192821636,-0.09020012791841125,0.04103432721757372,-0.09396815043460549,-0.30393297994428803,-0.04018136072042644
CAGGTGCGTGTCTGAT-D1_NoStim,-0.0339430954742479,-0.024837763072806496,-0.19376275007734733,0.003891178388830241,0.025321854518599807,0.033417078619601526,-0.027287474035161186,-0.023874088593764498
CAGTAACAGCTCCTCT-D1_NoStim,-0.136888147079949,-0.017934480383454243,-0.21825927685324586,-0.09081130601404297,-0.11204914671167465,-0.17593040780365943,-0.19419267922561367,-0.10446011969088254
CAGTAACCATACGCCG-D1_NoStim,-0.0969673376338509,0.029891584644820668,-0.2965905923340202,-0.07426326702033847,0.2002408951430823,0.11762767701775356,-0.21266899692792673,-0.08380984080877596
CAGTAACGTCCAAGTT-D1_NoStim,-0.17640883964853948,-0.04831525948360138,-0.011386466482059987,-0.03345843307606167,0.052883959131021285,0.011346609260485252,0.015849622705763622,-0.05768093693549403
CAGTAACTCTTGACGA-D1_NoStim,-0.003566821792695407,0.05879423619573565,-0.19023104725826911,0.017062176911274207,-0.06403952655091238,-0.013431653529702103,-0.0018744017510496924,0.024312639738790054
CAGTCCTCAAGCTGTT-D1_NoStim,-0.001017666709868692,-0.018127800042984532,-0.20429641248378871,0.014703410235242131,-0.02136387653315097,0.06457865814691566,-0.03865925962894057,-0.02599769863048529
CAGTCCTCACGCATCG-D1_NoStim,-0.08468047761828679,0.033338034816775775,0.12464557615975203,-0.03729866446451702,-0.06400272786660643,-0.28990205339417763,-0.09191390441285652,-0.05304122232901065
CAGTCCTTCATACGGT-D1_NoStim,0.001219517358242328,0.06586104871966647,-0.18391760739275753,0.058774920568083644,-0.04037237016153128,0.060134802948223154,-0.05423106549008505,0.0035133753605958162
CATATGGAGGCAATTA-D1_NoStim,0.01592803070013815,0.02411902584290715,-0.2624263969938596,0.059947256105823854,-0.05565655912169021,0.11126433072333164,0.058501808859031,0.008972344417882638
CATATGGAGTTACCCA-D1_NoStim,-0.12606667151906947,0.05901751838626268,0.11742861944129857,-0.08771181439920994,-0.0747627561172699,-0.24205182257400892,-0.11652666009018464,-0.10448689804675482
CATATGGTCATGCAAC-D1_NoStim,-0.04784276137324994,-0.06687705552740653,-0.1384018274704708,0.029376141594106286,0.07655445118603588,0.1238768706068818,0.0875827366555999,-0.026090138249918127
CATATGGTCTGCGGCA-D1_NoStim,-0.06872538858523747,0.053511831618626715,-0.08454187851959105,-0.020346253836983408,-0.326733388453313,-0.24781007886546114,0.15595077490967135,-0.013040797623231626
CATATTCAGCTACCTA-D1_NoStim,-0.01950728121009604,0.04268729690415363,-0.2261914316927225,0.03986067671164584,-0.060563660890938564,0.05287297650759726,0.06016550313101554,-0.007107136036717421
CATATTCGTGCTGTAT-D1_NoStim,-0.08803817771498679,-0.019723552801243827,-0.1470996362832544,-0.010162641132172467,-0.026266096407574935,0.0049085319017185824,-0.030876565974591763,-0.048334549983314545
CATATTCTCGTTTGCC-D1_NoStim,-0.06966348463610927,-0.03490966076405577,0.048232086346519765,0.004441864490301484,0.1479461786130276,0.0972177843617068,0.11467648109042994,-0.043235646506358805
CATCAAGCATCACGTA-D1_NoStim,-0.0781877293678317,0.04940111129710445,0.08399408634602068,-0.024560405509856054,-0.08607196162412478,-0.15278461351368833,-0.08384663851628638,-0.058432982973783965
CATCAGACAGATCGGA-D1_NoStim,-0.19883007215534043,-0.004111032756977551,0.018639327918876347,-0.05141521340983779,0.09726239246613666,-0.12618859769498592,-0.10861948172024594,-0.09912747195003746
CATCCACCAGCTGTGC-D1_NoStim,-0.08554468115185543,0.026830984846723638,0.014911120355694862,0.007171807682581743,0.020082880173662332,-0.1010987451846237,-0.08194949084163383,-0.05669490153296941
CATCGAAAGAGACGAA-D1_NoStim,-0.10588215993976213,-0.011285229430320953,-0.263653825838972,-0.0127185581258491,-0.041759941923583455,-0.010538131345168011,-0.020397671642539805,-0.0746046478814133
CATCGAACAGAAGCAC-D1_NoStim,-0.09717173959211323,0.05467889448783758,-0.087141519069041,0.11606514698160986,-0.3264130995386676,-0.08034551963008063,0.4833612493211499,0.014618407863677518
CATCGGGCATAGACTC-D1_NoStim,-0.08315682039525996,0.0594162904704536,0.26309347488088974,-0.04012416397304541,-0.01510707623523011,-0.1812410938231288,-0.17974094510145822,-0.0458448663778217
CATCGGGGTAGCGTGA-D1_NoStim,0.12727598807672003,0.01066780158027747,-0.12929831943886327,0.20726319959752004,-0.2139556620384777,0.2010605020780858,0.1995779708251657,0.11111603512560997
CATGCCTAGTCGAGTG-D1_NoStim,-0.03979401065392807,-0.025080642991905933,-0.1180929376768276,0.014675752406663634,0.029102048071264264,0.0328167397910617,0.0013380016093487157,-0.018665093957499934
CATGCCTCACGTGAGA-D1_NoStim,-0.073978270887185,0.059372714422796236,-0.013438653111059295,0.009245972930511215,-0.31574527543387276,-0.09153326360378244,-0.010600114423001905,-0.027612590377435353
CATGCCTCATGCTAGT-D1_NoStim,0.003494634979228195,0.0232572730699232,-0.21007127585950514,0.094028924915035,0.01150495237665261,0.03408423144670181,0.10404232972820182,0.030999435484043047
CATGCCTTCTGAGGGA-D1_NoStim,-0.06231887957069482,0.05013858710290542,-0.2785727745901756,-0.007165062024792945,-0.1511381572763817,-0.12061821658382144,0.06933591130251848,-0.05116410918559211
CATGGCGAGACAAAGG-D1_NoStim,-0.02021114365989085,-0.02176416902652356,-0.05486242145795828,0.006062495624574282,0.2090212435466654,0.05285355905540712,-0.003343935580326196,-0.019305955310592537
CATGGCGCACATTCGA-D1_NoStim,-0.06383037520826917,-0.01778402492274722,-0.18127519260270475,0.03545852831646812,0.014651352554306385,0.08673919791931617,0.06508140731190792,-0.03326085136895962
CATGGCGTCCCTCAGT-D1_NoStim,-0.038351892486158334,0.008692069781263356,-0.18933998954906883,-0.008294314809702996,0.004351770702562874,-0.02506010425981131,0.01852575661625444,-0.05292171551316294
CATGGCGTCGGAAACG-D1_NoStim,-0.08302441245217018,0.04124186550400388,0.19500292009987952,-0.043616518866754106,-0.11919573087516255,-0.19874952859409234,-0.0955253682924262,-0.05090442905494896
CATTATCCAGACGCCT-D1_NoStim,-0.06071134919827692,0.05857069421193373,-0.043510086574444884,-0.024795799180994393,-0.1606001361665772,-0.049061737525487814,-0.004415124827382044,-0.05531949000573633
CATTATCGTTGTCTTT-D1_NoStim,-0.08312547236392831,-0.02095982755925796,-0.27441879311745865,-0.01854617926035651,0.1150911689217402,0.030632587434816116,-0.052522213226970926,-0.04388287664631996
CCACCTAAGTAGCCGA-D1_NoStim,-0.15363955739619328,-0.07176426756857168,-0.14846542792034256,-0.048457813768257196,-0.013824972220620069,-0.042960484508436814,-0.040858423312551295,-0.0807199422118785
CCACCTAAGTTGTCGT-D1_NoStim,-0.0855681520797269,0.05021089557804359,-0.1408817760445853,-0.0010298462856219714,-0.1505046609332048,-0.02215665075724438,-0.061270259612890676,-0.05423215207622434
CCACCTAGTAGTACCT-D1_NoStim,-0.08536484921721232,0.048718399703053805,-0.18497738021040533,-0.03827273086245597,-0.17339408575046278,0.0023402154427270005,-0.012316985368101996,-0.05621522306395477
CCACGGACAGCCAGAA-D1_NoStim,-0.011580240917648865,-0.01788909068995359,-0.2058607429765793,0.013416819490066345,0.019887683593157846,0.03683169829847799,-0.040526260918350765,-0.02330285747294525
CCACGGATCACATAGC-D1_NoStim,-0.09500378239160234,-0.05911247870250591,-0.21095561107817318,-0.023213170838708663,0.01415738489418139,-0.022353542187150133,-0.050158724995123194,-0.07607890397981265
CCACGGATCCTATGTT-D1_NoStim,-0.023087616234079178,-0.006950531870113963,-0.19882931042933905,0.05870525460172793,-0.007002217462794391,0.09002572333151893,0.052278198608933124,-0.005492004560418096
CCACTACAGAGGTTAT-D1_NoStim,-0.04600363599515056,0.06411572653281716,0.06743797608601554,0.07269066785839229,-0.08014089961766047,0.008160127293006525,0.15863327693397267,-0.0019492475285325384
CCACTACGTAAGGATT-D1_NoStim,-0.060896255792359355,0.02847857668673548,-0.1879862806179453,0.026694854793335665,-0.11907437491768391,0.028956756900468505,0.019543200365728985,-0.02344492383117469
CCACTACTCAGTGCAT-D1_NoStim,-0.0043016894720491194,0.04208513041662165,-0.11761034101341394,0.019795845733575845,-0.02377829406549914,-0.006670390238522117,-0.03795607838490156,-0.004638916340853783
CCAGCGAAGCTAAGAT-D1_NoStim,-0.07874160668814412,-0.04344865939434506,-0.15655322866056487,0.002027517686434166,0.04465462214969307,0.02125636528347652,0.06783426141908633,-0.03261364873678474
CCAGCGAAGTGACATA-D1_NoStim,0.0955194014105718,0.11726389492404543,0.035221524530960835,0.05980131626338547,0.05375737679648651,-0.047641206703156413,0.002495946855317399,0.05375744105476166
CCAGCGAGTAGGGTAC-D1_NoStim,-0.05533633032275809,-0.07053610793244225,-0.2361016183831346,-0.0056005498303637324,0.04992597590114478,0.15568521271267244,0.08357952166414417,-0.024765410323249526
CCAGCGAGTCCCTTGT-D1_NoStim,-0.060151525239863446,0.06182918747379773,0.027240986937192346,-0.032222120873383275,-0.15886406848793122,-0.10996948366380366,-0.08515012163902025,-0.04875352401984223
CCAGCGAGTGCGCTTG-D1_NoStim,-0.07581671295840842,-0.017982208072821138,-0.13259881085244274,0.008387114412162333,0.03526066704614017,0.019133752571764973,-0.04227140501305593,-0.051465319907823215
CCATGTCCACAACTGT-D1_NoStim,-0.025636792922067997,-0.06075342113294546,-0.24861366034013876,0.056167705050414796,0.04844143700921144,0.11842683797570519,0.10170814475500345,-0.0006583550923284776
CCATGTCGTGATGCCC-D1_NoStim,-0.07995294177002421,-0.030710825381079943,-0.15772781113097878,0.010113950465479249,-0.04309503714238083,-0.03330834341954514,-0.11618532795455572,-0.029930291363342576
CCATTCGGTATGAATG-D1_NoStim,-0.0699578424087921,-0.010994195685494645,-0.2622390564508663,-0.015495549026333322,-0.09512117556005073,-0.005893688662843566,-0.049040560971470804,-0.06792840065434547
CCATTCGGTATTACCG-D1_NoStim,-0.002221663800973772,0.013318107620127861,-0.20728689051968985,0.018352721089115676,-0.10730970898382353,0.02795875672490844,-0.005224349315729349,0.00019573318181542732
CCATTCGTCACGCATA-D1_NoStim,-0.16593889995298028,-0.025854263585451065,-0.09565563519507947,-0.12928417831299832,0.085371259926319,-0.23912628855374596,-0.270552407602044,-0.12954002689993516
CCCAATCAGAGACTAT-D1_NoStim,-0.16778424951948168,-0.09162445187799406,-0.27948288618846817,0.022305901742136314,0.03637358938656021,0.09506552579066696,0.21144890409605832,-0.043834048115382274
CCCAATCCACGGTTTA-D1_NoStim,-0.09032639433969258,-0.0726165937564609,-0.1640412208923827,-0.05808330701784037,-0.08757211340553184,-0.05815472411000844,-0.0802446476032248,-0.09470980393138184
CCCAATCCATTGGTAC-D1_NoStim,0.0031115562365311433,0.06008883950201316,-0.1477712594287226,0.06420954095416853,-0.1095226025270648,-0.006020358768886069,-0.042028748945986294,0.003599100350776041
CCCAATCGTACAGTGG-D1_NoStim,-0.053103254358843444,0.035858505094847004,-0.1459439067214987,0.007705611420735892,-0.03113542727930252,0.04897617058345283,0.014151573047780808,-0.043538933018423265
CCCAATCGTATAGGGC-D1_NoStim,-0.13450727237644244,-0.0048206792504128515,0.11651258758826621,-0.05619088719224585,0.23163538100612335,0.017249800371326174,-0.03164948024611558,-0.07456032973713533
CCCAATCGTATAGGTA-D1_NoStim,-0.0769610577281572,0.059121366199141434,-0.012009077345233266,-0.0054984359124166104,-0.13077555912625982,-0.11241043261392925,0.03856847295767718,-0.03380483788124522
CCCAATCGTTTAAGCC-D1_NoStim,-0.08751929426310845,0.05658184788898524,-0.00803418172510817,-0.008821633651296068,-0.30135782124492394,-0.2247313890725664,0.3158405476499011,-0.039498817838447664
CCCAGTTAGCTGCCCA-D1_NoStim,-0.06231048812639628,0.0033398868275096305,0.11025194342013478,-0.009035776293908171,0.0029400842826721174,-0.05402234351900681,0.08693525720291895,-0.015857104479001904
CCCAGTTCAATACGCT-D1_NoStim,-0.08406277734847656,0.0652351172140957,-0.11878195579170203,-0.0031116209348933666,-0.39796076330660846,-0.17288411318878616,-0.021264182354157946,-0.029023776354440756
CCCAGTTCACACATGT-D1_NoStim,-0.014036121506210364,-0.04412933696554333,-0.24338111108642835,-0.006029516523328837,-0.05069142275652894,0.047208714375264194,-0.06755451317457517,-0.04606750201941168
CCCATACAGCCCTAAT-D1_NoStim,-0.17212668179128876,0.04493169262819663,-0.019442432583138824,-0.10135264854918802,-0.0015326332972662726,-0.04966940845572054,-0.1028162431663171,-0.10440416557755938
CCCATACAGTCTCAAC-D1_NoStim,-0.10987204737099532,-0.0016422895304941676,0.025286751177141298,-0.06002940093616793,0.23170466156733838,0.01481450775547799,0.05162591680227413,-0.06185370550650937
CCCATACTCTGGCGTG-D1_NoStim,-0.07605896075626006,-0.01960515770088378,-0.28112490324545725,0.03455893573279134,0.007610698001725424,0.10145388062832339,0.09523660320212146,-0.00018929172808945793
CCCTCCTGTCTAAAGA-D1_NoStim,-0.018098433640194145,0.01182246341438642,-0.11099419720641279,-0.00956440123646729,-0.0938697586439794,0.006639805550039846,-0.017213769528673595,-0.05540474113410632
CCCTCCTTCTAGCACA-D1_NoStim,-0.13188357759150904,-0.060158096897623636,-0.2101872186111251,-0.06665493129888311,-0.09684807335408863,-0.06536225184774924,-0.052703568313251736,-0.07981611994396864
CCGGGATCAATGTTGC-D1_NoStim,-0.08470869216209387,0.058562693043404224,-0.1271688917893794,0.07190011634443394,-0.24034232670593525,-0.042989060052605055,0.07394557907303145,-0.029647014904874425
CCGGGATCATCACCCT-D1_NoStim,-0.021141536841010833,-0.007945779818324894,-0.20881600200685746,0.03933870090467373,0.0199110937249376,0.05897161731529188,0.016265865525212586,-0.015577660493942602
CCGGGATGTCGGCTCA-D1_NoStim,-0.10052923769293898,-0.058767642409710774,-0.2341762682254238,0.020073888130411888,0.024244888345617,0.1146153807703234,0.09674638441753691,-0.025472013041117236
CCGGTAGTCTACTTAC-D1_NoStim,-0.1629631119736512,-0.05680834372323673,-0.2673971606322745,-0.10064149887692508,-0.0692904490379469,-0.16201000039110713,-0.07289869327375609,-0.1005819479111274
CCGTACTAGTGCCAGA-D1_NoStim,0.021055494100659544,0.020630306429172407,-0.12197756810546778,0.024953391540764258,-0.009821068305653213,0.027415000444467097,-0.029145510977647948,0.022077120731385236
CCGTACTGTTCAGTAC-D1_NoStim,-0.20717406770319258,-0.044138020834731506,-0.15678020063335474,0.017267508677814902,0.02155730692276414,-0.009076970097445347,0.1054805344385299,-0.026439415345086204
CCGTTCAGTAACGACG-D1_NoStim,0.02068758103804491,0.03475858036996904,-0.08030710688506737,0.04621819745083755,0.006654596234534793,0.06229099483696299,0.02412304446136515,0.04337830637741469
CCGTTCATCCGCAGTG-D1_NoStim,-0.04219398012551423,0.026282685547037943,-0.13987113313072186,0.02630078788084589,-0.12256737496730707,0.010691005465266912,0.01707666742909897,-0.030056621155537755
CCTAAAGAGCAGCCTC-D1_NoStim,-0.35686006615121,-0.02079969033519724,0.37962141124851456,-0.15418538395059755,0.3377052864286991,-0.210547826265576,-0.3580645113669636,-0.17508483511990214
CCTAAAGTCGAGAGCA-D1_NoStim,-0.040077730098355246,0.057152506781520174,0.03469049252039902,0.04162164500197996,-0.09892500541076465,0.014955947815069592,0.14772501761023182,0.03485953255198382
CCTACACAGATCGATA-D1_NoStim,-0.07053393671214003,0.006373072390859491,-0.2569831182649054,-0.014602898120227081,-0.09373712794832478,-0.02054204825450867,-0.03631195375662699,-0.054242462284124215
CCTACACAGCATCATC-D1_NoStim,-0.11803393119323324,-0.13513547295854877,-0.6898161148711921,-0.09587915383218437,-0.18623608692067606,-0.08847456095338035,-0.02279099442077559,-0.1159588824055362
CCTACACCAACTTGAC-D1_NoStim,-0.060230622204727524,-0.07232859341290343,-0.34044973737911377,-0.0271023711590459,-0.010454497068824509,-0.014503258062663171,0.028527311703910208,-0.07846838543073176
CCTACACGTGTATGGG-D1_NoStim,-0.12136474857486412,-0.022592593997202925,-0.029173834866890402,-0.02341194389826562,-0.0069576035444622875,0.0173437711880986,0.04132277890895786,-0.05306830556796882
CCTACACTCTATCGCC-D1_NoStim,-0.08189473147815463,0.0673712469326091,-0.19168066258619376,0.0007562848589390825,-0.2092490341656017,-0.022430091544322295,-0.018571335326136307,-0.051250826423894225
CCTACCACATCAGTAC-D1_NoStim,-0.0775412999504379,0.056061369549189166,0.007960790297534714,-0.02551157151347816,-0.1443263613745671,-0.2238318789635283,-0.0011403994190288813,-0.03372788305975227
CCTACCAGTCGCTTCT-D1_NoStim,-0.12664926009658117,0.009994322253094268,0.12391997969524837,-0.16313466395915732,0.14786423138779092,-0.17376292212542044,-0.6183749605107103,-0.16678495992892195
CCTACCATCCTAAGTG-D1_NoStim,-0.07446329593318524,0.04512771879908861,-0.2518054686714457,0.0033487532395213293,-0.32098218520047084,-0.002846368112988884,-0.04778547395314625,-0.059716427714981535
CCTACCATCTCTAAGG-D1_NoStim,-0.019349612383622983,0.007125188205487021,-0.12119711764874808,0.032979062504333356,0.009266013939072337,0.04922700348165243,0.014059622686255935,-0.010611200479562655
CCTAGCTAGGTGCAAC-D1_NoStim,-0.013126130545048298,-0.028881191082259505,-0.17606201805515198,-0.06725096766562189,-0.04475938616275421,-0.04604368885966448,-0.06088625561987637,-0.07386240192020388
CCTAGCTCACAGATTC-D1_NoStim,-0.10615204544759216,-0.023219661785320866,-0.14700770329653423,-0.006846240213118193,-0.0012786520799039636,0.025065060007917417,-0.015564544058099372,-0.04495733849294403
CCTATTACAAGCCGCT-D1_NoStim,-0.052585854935010445,0.0679217031403585,-0.08860181848641702,-0.023560131002685836,-0.24435969740950725,-0.14190548774624823,0.15135875341698313,-0.013668197309829822
CCTATTACAGCTTCGG-D1_NoStim,-0.11327419982002063,-0.05049337819285071,-0.20502226718798156,-0.06372738027918956,-0.024256678403695275,-0.04172498725131213,-0.05878482118075912,-0.06585917257447527
CCTATTAGTTATTCTC-D1_NoStim,-0.03933932703723109,0.030693148086983868,-0.014727699269279526,-0.04506640872103951,0.333394143688281,0.10584934142351443,0.04435022202115757,-0.05380946432203437
CCTCAGTAGTACGCGA-D1_NoStim,-0.0724193119693819,0.03281555087728805,0.07221499749973503,-0.06993298703034156,-0.14583295446048972,-0.24252422365180415,-0.3664509149663333,-0.0660816806692619
CCTCAGTCAGCCAATT-D1_NoStim,-0.04326125837624062,-0.01990895516914115,-0.2582851583566885,0.009971305112705053,-0.0008933923309442093,0.033652994601108155,-0.027742230832366044,-0.02127979250900225
CCTCTGAAGTAATCCC-D1_NoStim,-0.13840936394452896,0.07668998129395987,-0.00950385370283513,-0.1106463670189175,0.19747193992701995,-0.1473303385870519,-0.23145001827421918,-0.09020285616652046
CCTCTGAAGTGTTAGA-D1_NoStim,-0.24549300803617768,0.031963859710106846,0.3056791505796923,-0.18747313845808122,0.30958413352663605,-0.2941288353832894,-0.5316091694409533,-0.22343848652116804
CCTCTGACATTACGAC-D1_NoStim,-0.08838135677489234,-0.04758723520723862,-0.15570712289323296,-0.039525161274720944,-0.0353655820588159,0.011394455933820602,0.0031452268678471285,-0.05050015807216113
CCTCTGATCGCCCTTA-D1_NoStim,-0.02639645292753734,-0.011814697689100484,-0.2098465289400444,0.0377679243500566,0.06142580928892727,0.05838763956577786,0.01895222714845257,-0.027545995668317502
CCTTACGGTGTGAAAT-D1_NoStim,-0.025047654652926354,0.013260663376186699,-0.27540756644012987,0.028009087363349394,0.03384414891629284,0.09680950743087102,0.016194931985555883,-0.010298306458784268
CCTTACGTCTCTAGGA-D1_NoStim,-0.15643311102017066,-0.01125195501339249,0.058297312562991976,-0.027738047164163504,-0.027928353167236963,-0.059231068943827125,-0.07976796036247524,-0.08475156527853578
CCTTACGTCTCTGAGA-D1_NoStim,-0.22913878795041853,-0.037704267511790235,0.10305590352090732,-0.036762086577772024,0.2102646912213082,-0.1078410323393344,-0.25477977708505684,-0.10417639590636973
CCTTCCCAGCCACGCT-D1_NoStim,-0.46271208445414835,-0.04033806063371692,0.1857472579973649,-0.32058638953451,0.25103690372614196,-0.38691690132165935,-0.7716596055985603,-0.32323950721386296
CCTTCCCGTACACCGC-D1_NoStim,-0.016025051715928385,0.056815381586053704,-0.3965619888891325,0.01870832134517819,-0.0948976181843193,0.04083051959184836,-0.15548467835292712,-0.01067167893285692
CCTTCCCGTAGCACGA-D1_NoStim,-0.04469842645576705,-0.0730279245576142,-0.14849115370113708,0.03819706318033411,0.07803580220098993,0.16214893930089413,0.046902091792299316,-0.015192827849142887
CCTTTCTAGTCATGCT-D1_NoStim,-0.010147649633081457,0.03349179113321554,-0.1535568460371799,0.02658188104512149,0.2229736144304333,0.09548158165289955,0.04459354815664618,-0.006752395700623026
CCTTTCTCATCCGCGA-D1_NoStim,-0.14873226165748044,-0.0051673920685377794,-0.26701321339179174,-0.14866713719017,-0.0010477046963650594,-0.23626069157566487,-0.46472170399604185,-0.1189052265327053
CCTTTCTTCGGATGGA-D1_NoStim,-0.07154601876839628,0.04070105395019041,0.046768694522286935,-0.047361800162642353,0.02901602956604421,0.013662755237557889,-0.02419399080905027,-0.042049535860103404
CGAACATGTCACTGGC-D1_NoStim,-0.03784270484480423,0.010779159716012288,-0.05509995988998284,-0.006901738902740817,0.09766447107598353,0.040373332518251814,-0.07274731182652516,-0.044237385140846186
CGAACATGTTCCACTC-D1_NoStim,0.022434664717522423,0.04681958914538775,-0.16807348630148944,0.05421463489484424,-0.30978554387759516,0.0501868070219853,0.07831697360388823,-0.021337775860004626
CGAACATTCAACACCA-D1_NoStim,-0.04400717657318687,0.042967813202006155,-0.007423474306133215,-0.006782197356100639,0.026992472363986053,-0.01725083888874579,-0.05289859238325345,-0.04037815264389977
CGAACATTCGCATGAT-D1_NoStim,-0.11022415513033934,-0.036204277894487547,-0.08884570289577809,-0.04471613842298261,0.0651381577033554,-0.055783712465237834,-0.03251838734924517,-0.07128129742793554
CGAATGTAGGGCATGT-D1_NoStim,-0.08186959901735769,-0.04454064176750272,-0.2282197837255815,0.014015980138953665,-0.12750862184582168,-0.002413960234443735,0.05476859474172269,-0.012242826205316248
CGAGAAGAGTACGTTC-D1_NoStim,0.028553441456134365,-0.016194960664613234,0.08202508763213956,0.0062527898458277775,-0.1633925917423955,0.002079219874715932,-0.14262619263055853,-0.01420731139183573
CGAGCACCACAGGCCT-D1_NoStim,-0.07358281010530732,-0.001779058553447399,-0.07793776036965738,-0.00727582223605161,0.030689998522461792,0.001412272430670214,-0.04032584645680348,-0.05576871911772763
CGAGCACGTTACTGAC-D1_NoStim,0.03977479642940551,0.04451550302537832,-0.25299401895512297,0.0830086022591896,0.0020225718379141,0.14584181420188536,0.08761344660080361,0.05538759024234885
CGAGCACTCCAAATGC-D1_NoStim,-0.23583390497378254,-0.007346745845445923,0.056425880155668295,-0.1761968685049755,0.08805231097063348,-0.18833348178154363,-0.33598788467809815,-0.16248295095256537
CGAGCCAAGTTGAGAT-D1_NoStim,0.03526310586005721,0.015922830330628912,-0.262857346498258,-0.01991665627128647,0.02170020988631549,0.06352098136903717,-0.03904036135626221,-0.03394901057627209
CGAGCCATCACCCTCA-D1_NoStim,-0.12721240189724448,0.013128293971854887,0.06657851323237196,-0.05673765166914713,-0.30680992900883375,0.007715909327345116,-0.1872074831726387,-0.10134187430577768
CGATCGGGTAAGAGAG-D1_NoStim,-0.05662139494018881,-0.007741579454320302,-0.4506174256817772,-0.04604828014442397,-0.018316173062686403,0.05999568527370158,0.012440998533495673,-0.073000576685466
CGATCGGTCAACCATG-D1_NoStim,0.0015448294123867612,-0.028332676361628728,-0.2553352903891142,0.04825088736930461,-0.058852296860512965,0.04306989629395819,-0.2563512739206022,-0.03801639608459162
CGATCGGTCCTTGGTC-D1_NoStim,-0.030008798802580117,0.04626628709475611,-0.195840408931506,-0.12206123114328626,0.04552886943312018,0.009679967972063608,-0.36106820100894765,-0.10831812979500732
CGATGGCCAGATTGCT-D1_NoStim,-0.10942923629829338,0.03799904392029596,0.002152272953603429,-0.05547278605728678,-0.11871112552296204,-0.06069526425565108,-0.07073250002084652,-0.07472988058081143
CGATGGCTCTGCAAGT-D1_NoStim,-0.05832722136366009,0.0026789388739256736,-0.17302525864479534,0.004681023746014645,0.026400603968088632,0.03137344255489882,-0.0032703598197407757,-0.03970680280360028
CGATGTACAGCTGCAC-D1_NoStim,-0.051262858482679974,-0.03054085610412116,-0.10811131539381158,-0.010366370099619715,0.05720664038725509,0.017446961029138564,0.006204898245372181,-0.061471120135362156
CGATGTATCTATCCCG-D1_NoStim,-0.0832452284605214,-0.05617421881925999,-0.320788367368241,0.008381318238203761,-0.003369720422611522,0.05656969902312525,0.11367412943234889,-0.039976142315781615
CGATTGAAGGTTACCT-D1_NoStim,-0.04257840968463533,-0.07170913368444509,-0.22328992949179494,0.03650730748271158,0.07659563341170639,0.13015342874937108,0.06805953228735495,-0.01322540917769821
CGATTGACAAGCCTAT-D1_NoStim,-0.05287224584515471,-0.04710114762628059,-0.29483198180678016,0.015095636869746798,-0.03691708090811474,0.048230294345859015,-0.014251278462273476,-0.04252653834723219
CGATTGATCAGCGATT-D1_NoStim,-0.07293618142328029,-0.006886750784151019,0.035858363228287615,-0.01028571066213324,0.02931199029050724,-0.02393945314575774,-0.0016056894660456678,-0.0014585857920366152
CGCCAAGAGGTTACCT-D1_NoStim,-0.07852748355352901,-0.09080582057124253,-0.5830309688207933,-0.08081462434314268,-0.10904882583442621,-0.059793636531606964,0.05699340485222404,-0.10878083472003297
CGCCAAGAGTGCAAGC-D1_NoStim,-0.03724321428098598,-0.030925075735350305,-0.42919961036226084,0.00034167425958386843,-0.1560298227938386,0.01356444095391307,0.12184007721534584,-0.06289971457104215
CGCCAAGTCGCAGGCT-D1_NoStim,-0.12636514001006738,0.05046753355387956,-0.0462729137125546,-0.03722904596426346,-0.17583205444587335,-0.10231280918352503,-0.08334331609479939,-0.0708801630152589
CGCCAAGTCTGCGACG-D1_NoStim,-0.017219781022195235,0.008789468273427303,-0.2457755770001775,0.013393916640804804,-0.04600218058103245,0.07585475349153015,-0.022387803348400404,-0.020132772599692927
CGCGGTACAATCTGCA-D1_NoStim,-0.08238005801507953,0.019220962960382337,-0.12649744770122773,0.02754714556951754,0.1088844400337301,-0.00786120337139451,0.017645179786148546,-0.044806363578725694
CGCGTTTAGCTGTTCA-D1_NoStim,-0.10952281918816453,0.03610160071622737,-0.11489553134423502,0.0433256059098408,-0.25306453697539766,-0.06563162239311104,0.1983028964223772,-0.046971880702924906
CGCGTTTTCGTGGGAA-D1_NoStim,-0.00847104433264434,-0.04855917535841492,-0.09517692022151536,0.06380693532265802,0.05580294300799693,0.07982850099906535,0.010426406609056471,0.00570472256457677
CGCTATCCATTGGTAC-D1_NoStim,-0.014613778908554309,0.05945437195567216,-0.16438844667224117,0.04334221959527973,-0.17605822632171808,0.03671518468687296,-0.019109954939279916,-0.012044723481231756
CGCTGGACACATCCAA-D1_NoStim,-0.07610592193463717,-0.0035955727399930026,-0.0468342640952617,-0.0030027753902110987,0.12495539048255644,0.06419126498561134,0.025407965089758733,-0.02482516032386961
CGCTTCAAGTCGATAA-D1_NoStim,-0.1946935690164242,0.0077883969801177955,0.03350546315951419,-0.10073692593820205,0.1381308641680512,0.05434075946060801,-0.006375427889088847,-0.15693677731379374
CGCTTCATCCCACTTG-D1_NoStim,-0.09968076713134089,-0.07058064299310907,-0.5036134409258111,-0.12307862844971496,-0.19550726496886206,-0.16385627774645517,-0.06655208899613729,-0.10606619597290212
CGGACACAGAGTAATC-D1_NoStim,-0.021829076633700595,-0.03143437981653463,-0.20348545206294233,0.016402252895078462,-0.012997689079840669,0.0802835962369004,0.0390887042758683,-0.04220515073902931
CGGACACGTACTTCTT-D1_NoStim,-0.07326101723390366,0.04093165225070905,-0.04127303362379031,-0.05145685264804456,0.14176341198522024,0.12770905636896224,-0.006650214344542604,-0.06519348582170181
CGGACGTAGAGGGCTT-D1_NoStim,-0.019971210471084078,-0.0010094784068055418,-0.16962241779702403,0.12015432107557089,0.027505176655729713,0.18314999010633315,0.13064339442780515,0.0547290861707026
CGGACGTAGCAGCCTC-D1_NoStim,-0.03342726331009693,0.0443540392072137,0.15912820700028085,0.02309120386335728,0.1573492185389025,0.014028210934871055,0.07107105025648508,-0.011553064245516609
CGGACGTGTCGGATCC-D1_NoStim,-0.02797582219334771,-0.009586183360799083,-0.05424698524787175,0.015590799190126958,-0.008685424423795496,0.009612504162696212,-0.012564271074655409,0.014083438841995033
CGGACGTTCATCATTC-D1_NoStim,-0.16541693042930383,0.015938918227110577,0.12132268171155758,-0.05341785558152701,0.10486702558797667,0.011483954847772537,0.1006489396670327,-0.047608599773251825
CGGACTGCATAAGACA-D1_NoStim,0.07708539990512264,0.030702652765759453,-0.2515688531194673,0.11427940933044489,-0.2124231216431216,0.09141445417391125,0.06805474108597753,-0.002295159099773514
CGGACTGTCCGAATGT-D1_NoStim,-0.08339030850087603,-0.03942330726148491,-0.3765392728005992,-0.042703212321287154,0.03099851056497016,0.006882944169891658,-0.039674506776819385,-0.0861501946225669
CGGAGCTCATTCTCAT-D1_NoStim,-0.18197180494978582,-0.02263501853387595,-0.06633667066687998,-0.12306202749263484,0.09567702156303604,-0.17004293494168277,-0.14781902082296305,-0.15007038752584556
CGGAGTCAGGTAAACT-D1_NoStim,-0.06737512698969184,-0.020538868316087644,-0.08643650137621073,-0.05039809835575504,0.10299296478329012,-0.1650071403329214,-0.10749499255905359,-0.0671017100139597
CGGCTAGAGAAGGCCT-D1_NoStim,-0.04820035430443248,-0.012165164145232055,-0.28785472925310174,-0.013707919197308627,-0.07900931196249061,-0.010438799794036058,-0.041935541071602245,-0.04571002391327639
CGGCTAGCAAGCCATT-D1_NoStim,-0.09171879812451422,0.07394286090184998,0.22404238300634738,-0.0547759806825745,0.020398575599855917,-0.26386804111712614,-0.10279972696695339,-0.06168530867175903
CGGGTCAGTACAAGTA-D1_NoStim,-0.10111344250223553,-0.009184552248632016,-0.26956435242399834,-0.015121862051129753,-0.09002099031313193,-0.02658339140269561,-0.06387634607829273,-0.06968368342402265
CGGTTAACAGCATACT-D1_NoStim,-0.04976291279450962,-0.02682929327660233,-0.08464824606393151,-0.019743270285193404,-0.013908520773755484,0.009195139510265626,-0.011114853205016928,-0.040727520305351206
CGTAGCGCAGGTCGTC-D1_NoStim,-0.10909629337807303,-0.09535568271254213,-0.438027376109396,-0.07474294586748442,-0.09080261578669102,-0.02772855214615788,0.08159790022694136,-0.08604806459197079
CGTAGCGTCTCAAGTG-D1_NoStim,-0.01770500424544963,-0.034032579614480696,-0.15803711173099444,0.025472917280030316,-0.03557513016673575,0.04472189703830409,-0.0012488137439836677,0.0005187151923475852
CGTAGGCCAAGCCATT-D1_NoStim,-0.08077703763163235,-0.03623005221716191,-0.35342658711906694,-0.023609609057238856,-0.038666123945251485,0.005675215032898251,0.06440116403713692,-0.07463855866476976
CGTAGGCGTCGGCATC-D1_NoStim,-0.05084530608603188,-0.06821632629237762,-0.17863096114686527,0.01639496184807321,0.07898367902940073,0.08048589250727112,0.09281932877197407,-0.02364000918945841
CGTCACTCAAGGACTG-D1_NoStim,-0.20329715181667396,-0.03697452383357813,-0.0736393254867469,-0.08556958129853065,-0.01799289357641065,-0.08288480041106983,-0.06797675117341484,-0.06458809979711333
CGTCACTGTAAATGTG-D1_NoStim,-0.1434969437263245,-0.06206334719950313,-0.208737016021038,-0.023386868028509866,0.03023911920785949,0.015792931917093078,0.03304942043211412,-0.057191099472593265
CGTCACTTCCCTAATT-D1_NoStim,-0.09246853967144908,-0.04219318199083766,-0.21711160063220802,-0.01833390655539091,-0.05130921515236864,0.020358038557346525,-0.11472467937997166,-0.06269532689394808
CGTGAGCTCGAGAACG-D1_NoStim,-0.13269807158463642,0.015106379289171912,-0.0805719796891875,-0.07859757910775578,0.0498630177008188,-0.21518663988132403,-0.3664011715058395,-0.07560623066965277
CGTGTAAGTCTCTCGT-D1_NoStim,-0.06522931221168804,0.04322126179577168,-0.00897619452898013,0.01831506223351198,-0.27216162214223694,-0.19379739282356034,-0.016969101672724918,-0.04339592553672489
CGTGTCTTCTTACCGC-D1_NoStim,-0.3583362038722484,-0.014172822315071443,0.2439740268960957,-0.16440725700130443,0.34253876927078863,-0.2727641107082981,-0.19039504768685545,-0.1784145153318928
CGTTAGACAAGCCCAC-D1_NoStim,0.003784612955026745,0.04102589028052073,-0.2963218302873223,0.049843420082479994,-0.03227503452134961,0.07160285795700183,0.021789991641948614,0.013362769815854492
CGTTAGACAGCGTTCG-D1_NoStim,-0.09465550860756977,0.057232145614976915,0.052083068124280985,-0.03749719234130744,-0.20674277720656775,-0.23042654771255933,-0.1632534885876309,-0.04110988998123588
CGTTAGACATTCCTCG-D1_NoStim,-0.11716616980117678,0.08006955515659442,0.1274338792351184,-0.07642681621297953,-0.13014031136258453,-0.18705549676105093,0.022540080699441134,-0.07931182226668554
CGTTAGAGTTTGTTTC-D1_NoStim,-0.03760325330478409,0.043172255980911345,-0.033980826945390064,-0.01930210167175339,-0.0760270173207136,-0.014431550195759257,-0.008291261950120976,-0.03527100779873571
CGTTAGATCGGCCGAT-D1_NoStim,-0.1399930999166159,-0.029256441778752418,-0.2358161536397958,-0.03605420010776861,0.02825966952069514,-0.0699622872329444,-0.023048246303029707,-0.09230448340208675
CGTTCTGCATAAAGGT-D1_NoStim,-0.09261523104886216,0.04700457587429874,0.1509164762673727,-0.021090667779091632,-0.10463916356517444,-0.11081374892159168,-0.016616764837670495,-0.06093751112144119
CGTTGGGAGATATGCA-D1_NoStim,0.008050289311839265,-0.03278770259513486,-0.3423242096093375,0.05118467691530704,0.08532146956783038,0.13227026421009125,0.01606370789767908,-0.008091756539226225
CGTTGGGTCGTCACGG-D1_NoStim,-0.09201133610553747,-0.015708406470848146,0.03129767552232465,-0.0003211052613245613,-0.07112163113498227,0.06554027749826119,0.03691094350135593,-0.06737531191039281
CTAACTTTCAGTCAGT-D1_NoStim,-0.09815644405388468,-0.01528329548297691,-0.041520928556590064,0.003445836270797642,-0.0034036762801061826,-0.07928817167095481,-0.025381098398945312,-0.05879659432457629
CTAACTTTCCCAGGTG-D1_NoStim,-0.04442181563852543,-0.09388410694415583,-0.18105571762712813,0.027785967839042414,0.03589664014483773,0.10450403132602304,0.13579732283318124,-0.02051955710730269
CTAATGGAGATCCTGT-D1_NoStim,-0.11214516294396759,-0.037327272326390215,-0.1477474698469159,0.002017016633921287,-0.002744226654051829,0.026660860168095546,0.019997092771760094,-0.07427276398457039
CTAATGGAGGATGGTC-D1_NoStim,-0.05504973524992529,-0.048514975548139105,-0.14830667186170388,-0.012761142683192617,-0.021877366380827823,-0.003314230971583676,0.051330671413352125,-0.032669660414574864
CTAATGGGTAATCGTC-D1_NoStim,-0.019299727177978454,0.019943419822551434,-0.0036011635109005624,0.04750451160688307,-0.07659034462084335,0.07038973410382177,0.054037901275139966,-0.00033124339358181487
CTACACCAGCACCGTC-D1_NoStim,-0.022715421220626197,0.03289342568053932,-0.07096409284729432,0.035797066438609804,-0.13129777712658353,0.008991393195930897,0.013748452364308328,-0.03686834140703432
CTACACCCACCAGTTA-D1_NoStim,-0.2794370366020047,-0.051262182274081525,0.3197483120905158,-0.12083993645286029,0.2908284665978407,-0.19731100802621881,-0.08425573642637607,-0.15564427546362758
CTACACCGTTGTCGCG-D1_NoStim,-0.008430145829136038,0.0006744623942971373,-0.2316182490789238,0.011209391596326057,-0.04537912335222671,0.045772796335977084,0.004501430548039309,-0.01677730567595148
CTACACCTCCAAAGTC-D1_NoStim,-0.06726603168723955,-0.001940881071870848,-0.2235487434609773,-0.01227930549766576,-0.11511754884640624,-0.021128570401206304,-0.03245776232321784,-0.054403269436830826
CTACACCTCGGTTAAC-D1_NoStim,-0.10061203477315317,-0.008494544079413302,0.14473137038510586,-0.10236060397039282,0.23943353594141215,0.04123526829519886,-0.12190360348331719,-0.08196529443536171
CTACATTAGTCTCAAC-D1_NoStim,-0.20345596757328543,-0.005086153004841165,-0.04636992247350946,-0.18331296120273066,0.33103519631394107,0.007048781177351415,-0.2035990905182068,-0.14656871349278155
CTACATTCACATCCGG-D1_NoStim,-0.04530034963354446,0.00669011378082196,-0.17986160392705663,0.014569053633691098,0.02885504851897025,0.07665044516601771,0.010612704736027823,-0.030741658187562138
CTACATTCATACTACG-D1_NoStim,-0.03312951147696097,-0.03311058986546911,-0.2589962590790975,0.010944121902500825,-0.06501448426254797,0.0685375064103173,0.06379302706659296,-0.022317602672634607
CTACATTGTGCAACTT-D1_NoStim,-0.04388041930162956,0.029299923342401613,-0.055054021583263335,0.02759594945637822,-0.048217991180434794,0.05375871648525532,0.07327438830151944,-0.012687221971170004
CTACCCAGTGATGTCT-D1_NoStim,-0.1511315044641499,0.053179509758018995,0.0046138291510846585,-0.10118630411439256,-0.15519488436186535,-0.05561732347690729,-0.11994694926879923,-0.10192099443819558
CTACCCAGTTGTACAC-D1_NoStim,-0.13650731922630577,-0.06700389130273621,-0.161552797694398,-0.03772200668442238,0.02915437989628522,-0.05302643291704001,-0.20889788345101135,-0.13110168861429905
CTACCCATCCTTTCTC-D1_NoStim,-0.07265667241068563,0.034950804688625325,-0.12437742046146028,0.0034937209036876027,-0.17618830995180446,-0.00636196350274254,-0.0014437319699851514,-0.05814581062801416
CTACCCATCTTGTCAT-D1_NoStim,-0.21603980227541975,0.0102586698315843,0.15885850039941118,-0.23902807019913475,0.16228029968637792,-0.27155174045007424,-0.7099941932516556,-0.21261715004204618
CTACGTCCAAGCCGCT-D1_NoStim,-0.08694626188401955,-0.005051598755065001,-0.20658382884719373,0.04021924372191421,-0.10875229138794928,0.031996250507631,-0.0044915705770991465,-0.044463286603591
CTACGTCCAATGACCT-D1_NoStim,-0.005281764263244781,-0.016306861862464217,-0.2255059765501155,0.021110818284700628,-0.05024273853104155,0.06611546274094948,0.03315317812069907,0.011831667625456177
CTAGAGTAGCTAGGCA-D1_NoStim,0.03925466742893846,0.07330277938453555,0.23004229128340903,0.0334049598491557,-0.10853176515356822,-0.06732589945308831,-0.024839458548187032,0.029699131225717323
CTAGAGTCAGGTCCAC-D1_NoStim,-0.09919105170084563,-0.05005552457372886,-0.1752170013767902,-0.02260278537666416,-0.04491535785821199,-0.024427784417269116,-0.11999703136865669,-0.049400914412755625
CTAGCCTAGCTTATCG-D1_NoStim,-0.07359138498892115,0.0014703024406745868,-0.1570489101552397,0.018430096988492295,-0.037867934412327386,0.013247440102012398,-0.053088825916480786,-0.049556387104150446
CTAGTGACAGACAAAT-D1_NoStim,-0.07250085760620806,0.034314387816229086,0.07866833027500775,0.01605271934728414,-0.053501165041378584,-0.03816490856023336,-0.056103380848481876,-0.036118925191354734
CTCACACCAAGTAATG-D1_NoStim,-0.043102268607469796,0.03228351630450099,-0.011248966376106395,0.07511747607484232,0.2487829563226125,0.04633002039307854,0.00475316325946773,0.03944973365918614
CTCATTAAGGACAGAA-D1_NoStim,-0.04671514320450676,-0.01341203502255972,-0.1644000829004426,-0.011159400275470688,0.06404283394503985,0.0341953481823154,-0.03391314953140778,-0.03422331019029379
CTCATTAGTACCGTAT-D1_NoStim,-0.05309226639549003,0.030742988736337296,-0.25156343471534015,0.03728787365224484,-0.12558063128926733,-0.008094128913137766,0.007040720082041929,-0.040351887730578184
CTCCTAGGTCTCCATC-D1_NoStim,-0.09321630653077939,0.06293873664432503,0.06583930760472612,-0.04083368213358618,0.1944702686908144,-0.13107546096199663,-0.18561411452520105,-0.05416407293031256
CTCGAAAGTCAATGTC-D1_NoStim,-0.043753568069405446,0.038583702630104355,-0.1908113431463203,0.014203201833870693,-0.08511574234351826,0.08646430684610174,0.031630004068033735,-0.025558407312198383
CTCGAAAGTCACACGC-D1_NoStim,-0.05490315125363132,-0.03359359421539132,-0.23950097236638257,0.015117181937394975,0.023488066537085572,0.03532047696866325,0.08129460613150696,-0.04519009427933263
CTCGAGGCACGGTAGA-D1_NoStim,-0.04277469998945449,-0.05494044282239763,-0.21132234888141888,0.00971166492711184,0.16405340308587846,0.03938609258425174,-0.006605655861286586,-0.0376301322358934
CTCGAGGTCCGCATAA-D1_NoStim,-0.044434428575129914,0.06430224190534162,-0.06051048955177585,0.014975240658756661,-0.19139661763367144,-0.08506682641986885,-0.08244025058875781,-0.014740912591200583
CTCGGAGGTCCTAGCG-D1_NoStim,-0.09624282568567111,-0.0324101719699037,-0.07594241153851655,0.027915787513164148,0.049646053884320196,0.07658373485718961,0.04795687155407036,-0.026507249546879663
CTCGGGAAGCCACGCT-D1_NoStim,-0.14534821299909773,-0.016690195513351824,-0.08171902321689828,-0.10753201088566477,0.08832761539184197,-0.1410682790874347,-0.027479706104019286,-0.11463963224847795
CTCGGGAAGTAGGCCA-D1_NoStim,-0.06485422274746178,0.053227235015324226,-0.03812411729096077,-0.006838597880403086,-0.19533247439356494,-0.13456858231505997,-0.08557417602162332,-0.035823933398029695
CTCGGGACACATTAGC-D1_NoStim,-0.030073566840773225,-0.025346933892635093,-0.14610458336468213,0.010364107119865906,0.07363722314417487,0.10108422394556005,0.055091940625235925,-0.02726196908569456
CTCGGGAGTCCGACGT-D1_NoStim,-0.03928052845871122,-0.006651430048892237,0.09309387595404672,-0.12957736214416116,0.13070890929718892,-0.19081334857682108,-0.3706613642693446,-0.1466138054289292
CTCGTACAGAGTAATC-D1_NoStim,0.012404128013670856,-0.028678346465914828,-0.30103532436077174,0.05191170048040483,0.010207551949575233,0.10345989514596798,0.02522860157507978,-0.005960819480131718
CTCGTCATCCGTCATC-D1_NoStim,-0.013261754727427189,-0.0262038406589582,-0.2762027777743512,0.023958755762762962,-0.04776932624722363,0.12544202499293355,-0.04141674175144594,-0.0030585058182381886
CTCTAATTCGATCCCT-D1_NoStim,-0.14686836668351688,-0.061302031643529986,-0.4386546229385413,0.10914566467209141,-0.0983165518075122,0.11676454097927369,0.41142401763234915,0.031821326136222794
CTCTACGAGAGGTACC-D1_NoStim,-0.0698343477878165,-0.024926324172728442,-0.02098955482169096,-0.004932404273427338,0.11562915562712917,0.009337160926637722,0.0010950709201891229,-0.045305228682380516
CTCTACGGTCGTGGCT-D1_NoStim,-0.15604458531532117,-0.053052586795800494,-0.24046656131545419,-0.08556544668151744,-0.08850765558124074,-0.13938991379296706,-0.16171421104144912,-0.1020096926722669
CTCTACGTCCGTAGTA-D1_NoStim,-0.08404644336004097,-0.0366917302779477,-0.06096835226171038,0.01388527191569544,0.01514250663222505,0.047750377187958826,0.053248377302208105,-0.02188756791517754
CTCTGGTGTTCTCATT-D1_NoStim,-0.0795067055028138,-0.07841787348866269,-0.4733609198539739,-0.05067315183055143,-0.01796712617831453,-0.026436291041619597,-0.05907071267504538,-0.08055816652140635
CTCTGGTTCCACGACG-D1_NoStim,-0.10667711351957188,0.04212709019756389,0.0034982050816907417,-0.021015863574477933,-0.2645968949278892,-0.19956479538444327,0.2709975749896998,-0.04342646953085705
CTGAAACCATCACGTA-D1_NoStim,-0.013307128938663482,-0.05401795400063314,-0.2288237205013317,0.012627967135349749,0.05559852331694337,0.08380858087780041,0.03436330512245167,-0.025612355983161805
CTGAAACGTAAGGATT-D1_NoStim,-0.09306161022834125,-0.04125759035598442,-0.08532593584226333,0.03704854542593239,0.04751470577224026,0.046517768181234764,0.04306465605354637,-0.03361979428743389
CTGAAACTCTAGCACA-D1_NoStim,-0.10055174457459692,0.05469903670891263,0.0007657280199175887,-0.019613053088246346,-0.01096949649425838,-0.16256795484487263,-0.11469210800591245,-0.05454054294484578
CTGAAGTCACATGGGA-D1_NoStim,-0.10914236541519173,0.021200052637277977,0.28017195108450643,0.017968722949847304,0.14023806035448239,0.03004991214533348,0.06601931557299912,-0.02819471576639998
CTGATAGGTCGCGTGT-D1_NoStim,-0.053321653104696054,-0.053786883691305576,-0.24010922766139942,0.06448682245838988,0.04304671245369818,0.16038000756809812,0.18436949076843678,0.002023827478460305
CTGATCCAGCCGGTAA-D1_NoStim,-0.2175625585827472,-0.06914305998808423,-0.08791480308087785,-0.11837948841469093,-0.007130078765024805,-0.19267347202911367,-0.21211965104971453,-0.13614664257387332
CTGCCTAAGTCTCGGC-D1_NoStim,-0.07520695330462601,0.04033108092010984,-0.0701329936621331,0.0426917560429807,-0.24202824065150708,-0.08624276105999051,0.13283550621330775,-0.0044816906343445595
CTGCCTAGTACTTGAC-D1_NoStim,-0.03865034575201598,0.03988025912043902,0.056777593095450385,0.0024406286815246148,-0.040535142236294064,-0.053457579346998685,-0.04856361551066968,-0.02782241103154348
CTGCCTAGTCTCTCTG-D1_NoStim,-0.08454249294705107,-0.02161941159938685,-0.17155488197151314,0.008450467467707057,-0.03042410004798235,-0.022049392880942875,-0.02449219266725189,-0.044482047685390214
CTGCCTATCGCCAAAT-D1_NoStim,-0.13548288902484984,0.0142730120170107,0.1621741499024747,-0.08404370961091878,0.2664040793543734,-0.006203753996917527,0.03622912418228941,-0.07041451810328425
CTGCGGAGTTCCGGCA-D1_NoStim,-0.06432267224385058,-0.06476580470921078,-0.1414291711809348,0.018221419677635353,0.019134322203829157,0.05434153981622458,0.01248850324678985,-0.039054932899178496
CTGCTGTCAATGGTCT-D1_NoStim,-0.08357674214279953,-0.05078647127375824,-0.07012457522913706,-0.019814795969328003,-0.06275657770267173,-0.0015418454876527932,-0.006537266034152722,-0.06753486614933912
CTGCTGTGTCCTCTTG-D1_NoStim,-0.22838969369138873,-0.05182553191907502,-0.12329827727402431,-0.0552349090580595,0.004586386401953746,-0.06440886806652468,0.041227093820525695,-0.12051549475764745
CTGGTCTAGAAGGTGA-D1_NoStim,0.023197947967576127,-0.03077183612305845,-0.20821965475833082,0.020669968516362047,-0.0770804475307596,0.05894656082928851,-0.060406952713983664,-0.01498467018334182
CTGGTCTCATACGCCG-D1_NoStim,-0.04493865987689283,-0.05087912239359049,-0.19929008361350853,-0.05081771104516086,-0.09612463849998143,-0.09230857500410394,0.0024113411639250515,-0.06170628149899393
CTGTGCTCACAGCGTC-D1_NoStim,-0.021539032299028094,0.04371184124088501,-0.16457138607110267,0.017904511970721515,0.015688691834057522,0.037689750456095794,-0.021355745587718467,-0.03126579990940215
CTGTGCTGTTGAGTTC-D1_NoStim,0.001918956045294351,-0.055647610012306004,-0.2502313535831373,0.0700192458073765,-0.028070942710858304,0.15519268586790247,0.058742369195891264,-0.014041440104822556
CTGTTTACACACCGAC-D1_NoStim,-0.0466519299942707,-0.007514181340500414,-0.18414075813425157,0.025088493401133505,0.0844238034045155,0.05286928180478334,0.030104204890763153,-0.033581278574082774
CTGTTTAGTACCGTAT-D1_NoStim,-0.08367826805590894,-0.1036139109890204,-0.21197253627726553,0.022801305134500183,0.036326740560543413,0.08629022308936118,0.11876748060712039,-0.04543081921131886
CTGTTTATCCAGTATG-D1_NoStim,-0.014947843155518115,0.03787057815189954,-0.06624515837007294,0.012427020472786765,-0.12028670593031698,-0.011520837068148104,-0.013449267186426361,-0.009101352237044225
CTTAACTAGCAGACTG-D1_NoStim,-0.03920973156925456,-0.020737885950335766,-0.20600638266385118,-0.0026974225602565127,0.055407873661662776,-0.004264966554495153,-0.013048328581499291,-0.033642374044204004
CTTAACTCAAGGACTG-D1_NoStim,5.478861200103324e-05,0.002648811005650842,-0.28493088915390885,0.025654395591576673,-0.06116772712486096,0.06131639060031979,-0.009342534239445754,-0.0099171631707069
CTTAACTTCAAGGCTT-D1_NoStim,-0.10720423852295724,-0.06030333764242535,-0.22757859567184013,-0.014081358864983073,-0.11673814574085206,-0.0029024763142819765,-0.04292930649072435,-0.08635327553927752
CTTAACTTCTATCGCC-D1_NoStim,-0.11979080027789557,-0.0850477922188766,-0.3856017864362826,-0.06575099902364734,-0.08625284255686871,-0.06283922244276496,0.045418647028363957,-0.09161030318137797
CTTACCGAGCTCAACT-D1_NoStim,-0.09905463995832875,0.03370963025823848,-0.10803676246955618,-0.04179181732845372,0.16722738626902256,0.028110325925297275,-0.026351565311958147,-0.07287339088231626
CTTACCGAGTTAAGTG-D1_NoStim,-0.036576371142491126,-0.055779726532660945,-0.17308248921341018,0.025496176359233402,0.01903528332836224,0.07468062530491171,0.046836090660197005,-0.009456388948676064
CTTACCGCAGATCCAT-D1_NoStim,-0.07550063387572337,0.06548472941533667,-0.028266664050603296,-0.06253467454588879,-0.24377716917301484,-0.24664977303410396,-0.010648982547087904,-0.048880448883043215
CTTACCGCATTGTGCA-D1_NoStim,-0.16479837653026053,-0.04102149406847566,-0.043340491734102926,-0.04193031788287982,0.07260435469209447,-0.045622441308534434,-0.0694831387930206,-0.11426485761144711
CTTACCGGTTGCCTCT-D1_NoStim,-0.022312682738528267,0.03251234183085394,-0.033567641605134924,0.02921490752492062,-0.09582332093042645,-0.019829415899276448,-0.0001710836451147557,0.0050417122081665156
CTTACCGTCATGCATG-D1_NoStim,-0.014051160349895397,0.04040793094168116,-0.09169408191454309,0.06295148765057057,-0.20485884085878858,0.000292045914052963,0.020505438080728133,0.008896885707713409
CTTAGGAAGTTTCCTT-D1_NoStim,-0.06348996942823248,-0.038445164231680096,-0.24657576029109407,0.010380615729316034,0.031243354781983257,0.031700682574347994,0.0863978486689474,-0.04763404776003277
CTTAGGAGTAGTAGTA-D1_NoStim,0.018002567043009066,-0.025723745395522357,-0.340051805887569,0.10276048469575727,-0.11526804447377792,0.121337792253434,0.2286094245948851,0.014592259856540224
CTTAGGAGTTCGGGCT-D1_NoStim,-0.013050412539799439,-0.015928131548538005,-0.2661767183113959,0.048483959490015494,0.08093602736621008,0.11133929630949524,0.05648350387658141,-0.01355241296366927
CTTAGGATCCCTCAGT-D1_NoStim,-0.0899704074673302,-0.040494679932916,-0.17158434564357705,-0.004942606238206082,-0.022847708725565852,-0.004444064605660714,-0.030937756645522896,-0.054062138625871725
CTTCTCTTCTCCCTGA-D1_NoStim,-0.05155564038872562,-0.004712762346841259,-0.059637554719683905,0.016604325353370086,0.06092233793446411,-0.001796782523679319,-0.049964943043070864,-0.03584546786827758
CTTGGCTAGAAAGTGG-D1_NoStim,-0.11383613694393446,0.05521419796795257,0.29810540611351755,-0.1396428697122527,0.11591432658225997,-0.1364235788483832,-0.1794375819712304,-0.07736810510927405
GAAACTCCAAGAAGAG-D1_NoStim,-0.09556649574158094,0.031731909851760776,-0.062185421009258945,0.016429119878399234,-0.18834101393215263,-0.012169275694338566,-0.04731036387581078,-0.06056323807048436
GAAACTCCAAGTCTGT-D1_NoStim,-0.03192271099424637,-0.034872663867449916,-0.17928190853172765,0.036401033954827966,0.06674786402592225,0.10574071220980219,0.0761858480856672,-0.017219186530919472
GAAACTCTCAGTACGT-D1_NoStim,-0.05365344038471598,0.001164309723543866,-0.09720895077991187,0.02049144015925819,-0.07791971125554298,0.013316479022876138,-0.03013851123379574,-0.05252675666406326
GAAACTCTCCGCGCAA-D1_NoStim,-0.05214998036795926,0.016446952377256352,-0.019094157952537216,-0.023375337555409104,-0.07205971938300237,-0.011716972029461203,-0.14725691013570064,-0.0859116283943866
GAAACTCTCTGCTTGC-D1_NoStim,-0.0741115970920827,-0.03238545643727164,-0.26573166846402785,0.0005707814536961564,-0.02380117585596686,0.038655621249620076,0.1322336633754686,-0.039170294483556134
GAAATGAAGGCTACGA-D1_NoStim,-0.19024019020945104,0.0021886966096538174,0.006072542501106781,-0.08915964572347868,0.1911391739863344,-0.13142655524084645,-0.298764562603294,-0.0921611230105217
GAAATGACAAATTGCC-D1_NoStim,-0.11066511289938141,0.04996340202500349,0.05330374713945929,-0.0016041055904754131,-0.15267045017389158,-0.22003906398206752,-0.011515411845366863,-0.052351148612013176
GAAATGATCCACGAAT-D1_NoStim,-0.20768504915980657,0.07466903839320338,0.15600012611667502,-0.18689239598971064,0.15878720998156481,-0.13371944633335886,-0.3455601028437556,-0.166586499989263
GAAATGATCTTCAACT-D1_NoStim,-0.05046243226017921,0.026913265265543274,-0.11440433442621156,0.012105503821171482,-0.08960214989792092,0.051620602444743646,0.019860308801245008,-0.03283226368754377
GAACATCAGCTATGCT-D1_NoStim,-0.037157235939311306,0.019383531795284625,-0.07931708273040883,0.008194087116395465,-0.12968853122940693,-0.013308078471941265,-0.0041948162809992695,-0.02520196877455838
GAACATCTCCTTTACA-D1_NoStim,-0.10974103613260944,-0.07297218832697183,-0.18934618063254405,-0.024322938770030333,0.00566541729254233,-0.012244046724352309,0.01789733153009454,-0.07903292367081782
GAACATCTCTCCAACC-D1_NoStim,-0.12368480140693627,-0.09158194564509081,-0.44795612832161424,-0.06733666285380124,-0.1736264911684824,-0.04172454834757833,0.019553530819735876,-0.10096321783235496
GAACCTAAGCCACCTG-D1_NoStim,-0.028264410127071926,-0.04280456264191024,-0.175730621529123,0.039597860763427306,-0.0432362693977808,0.06499916644454284,0.05910440026670738,-0.031127701206692393
GAACCTAAGGCTAGAC-D1_NoStim,0.021341943484523895,0.0075618725827055755,-0.16149699860481093,0.03289954676781903,-0.01609811680730111,0.048396604493092354,0.006049084331651855,0.01413383449245842
GAACCTAAGGCTCTTA-D1_NoStim,-0.20191278109321154,-0.08864284451371063,-0.45684651965476597,0.22771034160882664,0.1382838702337459,0.2624804521316024,0.5262101292653538,0.04910304205277605
GAACCTAAGTTTCCTT-D1_NoStim,-0.029958314026156785,0.025705830962991172,-0.11050220195290095,0.026336146022647,-0.01237146862176175,0.043204662489309875,-0.019250679229788403,-0.030585461378798584
GAACCTACATTTCACT-D1_NoStim,-0.10084282738359285,-0.11378430571614295,-0.5570359221838999,-0.01922622279234254,-0.05993520765538207,-0.016973007442243393,0.016470673321242302,-0.0967708284897455
GAACCTAGTACTCTCC-D1_NoStim,-0.023585621669951706,-0.023818303433486676,-0.1700117579457583,0.0162948617304135,-0.01689185015269956,0.014067405015746104,0.0051670149018478995,-0.030095013125936987
GAACGGACATGGTTGT-D1_NoStim,-0.059517159127720376,-0.003836258838681772,-0.11904592005291548,0.016025837354629147,-0.04405371057652907,-0.008043262723401057,0.0205642121481171,-0.03198493638705813
GAAGCAGGTCGACTGC-D1_NoStim,-0.025440053999316703,0.02692136612602347,-0.25818614267288353,0.03704066427492769,-0.015468258423062764,0.04842944446897768,0.028606407780786824,-0.008691945930808131
GAATAAGGTGTCTGAT-D1_NoStim,0.048969606298854274,0.07660504708765892,0.26698760395354704,0.0038136056201985014,0.022629894271137374,-0.16847744861624925,-0.11819284898534654,0.0021755536222887173
GAATAAGTCAAACAAG-D1_NoStim,0.02539752814863938,0.042824593053653714,-0.23228540942907472,0.020492584382683532,-0.27438545796225355,0.03251329707626027,0.02949044699647274,-0.018146234811910134
GAATAAGTCCACTCCA-D1_NoStim,-0.09058207831263765,0.06110994814487114,-0.22313591660162757,0.03614034973336189,-0.2610570412454827,-0.04456949044867997,-0.13347250925832022,-0.06675167360442025
GAATAAGTCTGCGACG-D1_NoStim,-0.027425934493933823,-0.04578924413210217,-0.24100464069153915,0.03421477951138563,0.02879959303500712,0.08994856699903764,0.039533089956962364,-0.023222633221470446
GAATGAAAGGGATCTG-D1_NoStim,-0.020201546054058994,-0.03874902831832827,-0.16705983376634848,0.022407099238561656,0.0107687942903123,0.06378780968855668,0.0135420475176673,-0.016135266639880186
GAATGAACAAGGACTG-D1_NoStim,0.025681383727727436,-0.024646023557680863,-0.24470585451792815,0.002309267537743409,0.007649130965456052,0.11833606005385455,-0.08605600074885444,-0.012983857587295589
GACACGCAGGCCCGTT-D1_NoStim,-0.06992887571557915,-0.005337169748433013,-0.24639411264618616,-0.013133985351657884,0.12241808452655256,0.052412537710197604,-0.04177108308879962,-0.037403913051957005
GACACGCCAAATCCGT-D1_NoStim,-0.09156064772718153,-0.07263356536177668,-0.14597917050600984,-0.002432491495079958,0.023135144705543453,0.013027584390643554,0.042407086139477634,-0.07819109055039952
GACACGCGTACCAGTT-D1_NoStim,-0.03314217865821867,0.026976787242423583,-0.16978537149853956,-0.06143250720680982,-0.0042794002155446265,0.049161430495667346,-0.01186768441075614,-0.06291232023298932
GACACGCGTACTTCTT-D1_NoStim,-0.0017423651511023763,0.05660303016922086,-0.08111129527157956,0.030394842455644167,-0.14698979026458403,-0.001723345445833857,-0.033809452028214615,0.006305464527502025
GACACGCGTCACACGC-D1_NoStim,-0.023114275985308907,-0.02939082297758766,-0.17918304621754189,0.038736674742434474,0.03452610269940237,0.06344675274282974,0.03695297989501878,-0.022039268270606982
GACAGAGGTTCGTCTC-D1_NoStim,-0.034625652680510655,-0.011452252023048004,-0.15149119352566487,-0.03616123892430956,0.24347459013721284,0.09256199079319494,0.014228305268648711,-0.03702953636893369
GACCAATAGTACGACG-D1_NoStim,-0.057152372317347044,0.028162251796461035,-0.2090155767257187,0.006883894591885209,-0.0642324561297496,0.007145120412500816,-0.004265713639196811,-0.047713641659365535
GACCAATTCAAGCCTA-D1_NoStim,-0.09168601121815456,0.04453217966849898,-0.12439993144583283,-0.008362836712990429,0.12157468642762836,0.015530367547890833,0.0006378975576915025,-0.032471920849703295
GACCAATTCTTGTCAT-D1_NoStim,0.0051691128188071644,0.05615065554233567,-0.2447623029708872,0.011603850061638,-0.14987838553614807,0.05224698204162159,-0.007274751775683264,-0.025616023690968603
GACCTGGAGCACAGGT-D1_NoStim,-0.08199469504520351,0.00038650116125182876,-0.06253354034743985,-0.017696839649966378,-0.012191046871874889,-0.01978673820914434,-0.017291017762583127,-0.05430667697059732
GACCTGGAGTGCTGCC-D1_NoStim,-0.044365800919067055,0.04599882616187578,0.0514108505924078,-0.01303272626257268,-0.1786806435762518,-0.16370062879536107,-0.2082449339314989,-0.0500799579844724
GACCTGGCAGCTGTAT-D1_NoStim,-0.23508084422041975,-0.0347765303905998,-0.16938874635161127,-0.1171969116871594,0.12464629115375914,-0.1735973053494133,-0.36010334719317605,-0.13999197524668716
GACGCGTAGTGGGATC-D1_NoStim,-0.06435556667669928,0.04623651127040951,-0.03144599974249829,0.01933133648756602,-0.08274130997580542,-0.04054455363078979,0.01651823360439142,-0.02824379027845403
GACGTGCAGCTATGCT-D1_NoStim,-0.017927160776155304,0.012518374267868282,0.008829445359664234,0.005881693522880482,0.029843136978918494,-0.04778861532922285,0.031060276068612058,-0.03125272503679
GACGTGCTCCAACCAA-D1_NoStim,-0.03752157602043482,0.05169394062394694,-0.06483462740958679,0.023842343966132162,-0.21925847945143495,-0.01202788831190027,0.014847821436774211,-0.0261522565117005
GACGTTAAGATGGCGT-D1_NoStim,-0.14372455192723876,0.05850024919322294,0.045330735790033216,-0.02609965222341515,-0.14843769049375055,-0.044204996111565364,-0.10855880574587484,-0.10123025361751026
GACGTTAGTACAGCAG-D1_NoStim,-0.008450489688300422,-0.06176248378697835,-0.17699452631729073,0.08195152289742502,0.048942696110716,0.1301954255753035,0.11849834737963594,0.009990849923456224
GACTAACTCACAGGCC-D1_NoStim,-0.11520125243939816,-0.034525390758714636,-0.30129811995304934,0.0008571300165005624,0.1886345951444266,0.09414108848757508,0.08151234681150044,-0.038458470085936725
GACTAACTCACCGTAA-D1_NoStim,-0.07453571971061379,-0.06325608409460237,-0.28211183827305675,-0.02043393795988635,-0.0480511655473439,0.0014467499377408544,-0.003781785043938335,-0.054860977577144254
GACTAACTCTTAACCT-D1_NoStim,-0.0856148246450168,-0.07477434549520545,-0.4726732215962812,-0.12421709097566058,-0.2561120023046808,-0.18176249099556863,-0.1739424985301401,-0.12166180761561485
GACTACAGTGGTCCGT-D1_NoStim,0.04040438486758369,0.04447824594440952,-0.05384092410227659,0.0752721832775407,0.09555245970834747,0.07265999206832152,-0.0022159946833548716,0.06091324164868972
GACTGCGCACTCTGTC-D1_NoStim,-0.0702642080424205,-0.01656042804212632,-0.182280186057314,0.0324699726043427,-0.014645881684497652,0.08764855166486107,0.049212025505120494,-0.04314188248960349
GACTGCGCATCAGTAC-D1_NoStim,-0.06044221565240093,0.03268058403858909,0.04554582142886687,-0.012205253016986717,0.022457043308165225,-0.10913956524630564,0.17300866546769988,-0.011693375355047664
GACTGCGGTTATGTGC-D1_NoStim,-0.11556011091615659,0.03458004905417589,0.04623827877073694,-0.0037069047027156188,-0.22948872835500822,-0.17261286905333328,0.12091209233680722,-0.03603173043924457
GAGCAGACAAGGACTG-D1_NoStim,-0.06674076468944357,-0.02781752171223495,-0.1740738108469415,0.034478421538938875,-0.018566758967695662,0.022453478450429998,0.05962181735630567,-0.0019021424647522878
GAGCAGAGTGATAAGT-D1_NoStim,-0.045886942852190415,0.04490003443203605,-0.061031921036779124,0.03647116294071928,-0.24113097492033653,-0.06042558494975836,-0.0171162438286796,-0.008861943144930606
GAGGTGAGTAGGGACT-D1_NoStim,-0.14649341113489278,0.06416675426943641,0.049069250324247804,-0.09740318757918942,-0.0340238503478929,-0.08172198962505206,-0.23039542570351568,-0.09622668067045304
GAGGTGAGTATGGTTC-D1_NoStim,-0.0720857301851936,0.06106923747232784,-0.243382851971079,-0.02450643374434236,-0.17151221303709363,0.003592524956818721,-0.049115777801540084,-0.06337709866152075
GAGGTGATCATCACCC-D1_NoStim,-0.18045040192179407,-0.024913015523194915,0.07591451355882306,-0.14155758418523057,0.08288241881318825,0.011391018952965126,-0.1846329254569481,-0.14920981246528164
GAGTCCGAGCTGCCCA-D1_NoStim,-0.005807130691144025,0.058368558418930405,-0.043383240678636525,0.04590030156712466,-0.2637149851081535,-0.03658637569664336,-0.058985966996773165,-0.01852997207603302
GAGTCCGCACCCAGTG-D1_NoStim,-0.05553968116138286,0.03707785887912607,0.05650465352482037,-0.018707523654981628,0.2087510241177739,0.042773468705066264,0.04952298444726022,-0.05112920763609985
GAGTCCGGTGAGGCTA-D1_NoStim,-0.11575993275363494,-0.060478124850387616,-0.19003363969583376,-0.08226522627933619,-0.1443293541871622,-0.15824492622126485,-0.21157843340585458,-0.09911993687898679
GATCAGTTCCTATTCA-D1_NoStim,-0.053479300308376665,-0.08783599578743129,-0.41658598931832813,-0.05942084676215842,-0.24816274556832063,-0.08904969406292818,-0.05086870063472215,-0.09386360876548672
GATCAGTTCGATAGAA-D1_NoStim,-0.1053374657656061,0.016038127777886046,0.03444691393303323,0.015953361924653464,-0.18609711351128055,-0.01785833110615087,0.06355347239512454,-0.054928888174648804
GATCGATGTCTGATCA-D1_NoStim,0.06664508879216235,-0.015321509565207947,-0.24353239603348698,0.06990760126848805,0.08825903630527776,0.13593629766923598,0.14199154062285757,0.034696067054806434
GATCGATTCACTCCTG-D1_NoStim,-0.12377395496011623,0.028134264381581175,-0.2802277526124115,-0.12439387556007908,0.006604544781744437,0.03316974945832385,-0.24940458392923315,-0.12248418002920936
GATCGATTCGAATGGG-D1_NoStim,-0.09201429544592798,0.024082947662741105,-0.05117217840505894,-0.028943355318236996,-0.049900583817354516,-0.02514615175666801,-0.003778180262489883,-0.0689520026212822
GATCGCGGTGAGGGAG-D1_NoStim,-0.11444224140241843,0.029636260927368596,0.15168833862534115,0.09009624772755842,-0.1859660378435386,-0.12359903963346319,0.847066734171305,-0.013655742453599018
GATCGTACAAATTGCC-D1_NoStim,-0.07785256526908313,0.047439933515670774,-0.09041490450263723,0.03334132084827246,-0.2605006425461074,-0.08419063588056375,0.03395583816165537,-0.03674352707854034
GATCGTAGTGCTAGCC-D1_NoStim,-0.04519479622945077,-0.019652013898125986,-0.2597473705971609,0.05184591757153001,0.019073339434628522,0.14008603736225833,0.09301170093372946,-0.006390169953895963
GATCTAGTCGATGAGG-D1_NoStim,-0.0377485440825609,-0.07302133390697385,-0.16049754899056978,0.017087473541559817,0.07729046289307817,0.1475328419964539,0.04022792280423371,-0.005639785684325105
GATGAAATCTGAGTGT-D1_NoStim,0.032347138518552754,0.02009959976062703,-0.11683625637742878,0.03763789540087892,0.07847715846229875,0.0696519786193539,0.0040465302999308506,0.006808415259616396
GATGAGGAGATATGCA-D1_NoStim,-0.10850274195079734,0.06364198065716842,0.06825454743012926,0.05678286106956598,-0.217983725035376,-0.12784574455093,0.11607288615846567,-0.04642984456511634
GATGAGGAGCTAACAA-D1_NoStim,-0.11039605019318444,-0.02274855791995023,-0.04589816988247364,0.012624893159289385,-0.021101291484436402,0.015053246036591972,-0.0908836897363523,-0.058395798804358634
GATGAGGCAACTGCGC-D1_NoStim,-0.06357233089128123,-0.03413523646997696,-0.22912642835814623,-0.0020376623129489957,-0.004175701981051105,0.033759808888342846,0.007414924459822281,-0.047248244267830586
GATGCTAGTCTGCAAT-D1_NoStim,0.06999682004130747,-0.02011322087224876,-0.21822621780581386,0.06583913103376737,-0.03974519107785923,0.1874409396163479,0.08355510985469827,0.034201514465904026
GATGCTATCAGAGGTG-D1_NoStim,-0.03557626152105264,0.007161083874180463,0.04281219511459611,-0.0954226727665457,0.09833922699526276,-0.12592570239976553,-0.2310401848128567,-0.05067285112494169
GATTCAGAGATCCTGT-D1_NoStim,-0.03291489714495732,-0.07940655025988619,-0.24666468911451567,0.011379155186991952,0.1321008641504573,0.13069506910613082,0.07959303876321,-0.01985338277697224
GATTCAGCAGGTCTCG-D1_NoStim,-0.16742137585354655,-0.1056487274545237,-0.6339632018184389,-0.08305129735339278,-0.12320851108941788,-0.09942384216852762,0.06756665454164335,-0.1118551449928713
GATTCAGTCTGGGCCA-D1_NoStim,0.08165107300873586,0.01594417092303324,-0.18889589852436117,0.059436069390468305,0.010155589833493295,0.07077802045348758,0.01640087555942049,0.025436232308065243
GCAAACTGTTCGGCAC-D1_NoStim,-0.0804655934702474,-0.03662477065967984,-0.1588380926984705,-0.006573443939803525,0.019882168633911235,0.023599922622327796,0.03475766218688303,-0.06048276204081482
GCAAACTTCTGCAGTA-D1_NoStim,-0.03033566718015024,-0.05101892239110484,-0.18919309588678246,-0.029998352869712974,-0.12228349425271645,-0.023393820450728242,0.0394757017930889,-0.06805513501622684
GCAATCATCGTTTAGG-D1_NoStim,-0.06418885735311441,0.03037117178922699,0.09050089620263435,-0.04672285838285539,-0.20356842497528405,-0.16293029673082415,0.10604423074710478,-0.07276726108576348
GCACATAGTTACTGAC-D1_NoStim,-0.13459920645863477,0.01637857303560253,-0.026616821336363117,-0.048571998239618,-0.12252538279117609,0.0024681922901690356,0.020517161657935823,-0.06917804424573859
GCACATATCGTTACGA-D1_NoStim,-0.08250095432985383,0.04423884121245791,-0.009203732839715428,-0.06070606491104158,-0.08965469895156986,-0.06581593179681278,-0.18009841700468332,-0.07386577227327962
GCACTCTCAGTATAAG-D1_NoStim,-0.1494870734350524,0.02825639874537167,0.07982531603867038,-0.0992709926979547,0.07335053715373263,-0.05474314076748854,-0.0479490256108388,-0.09605719389219303
GCACTCTCATTCACTT-D1_NoStim,-0.03795469304749943,0.04914125186230045,-0.019012047522741327,0.02960122905054341,-0.15526359123807865,-0.06822402460770327,-0.030946050087819366,0.0036056140744946674
GCAGCCAAGAGACGAA-D1_NoStim,-0.11589107355882433,0.0009341233679744931,0.33198164810781705,0.013963234705022032,0.31994167480625535,0.06280604472948781,0.05083768289768997,-0.02560625996181365
GCAGCCACACCACGTG-D1_NoStim,-0.04554843933986419,0.06331629222268553,-0.1192371016091851,0.008665574597520376,-0.2983862467530223,-0.21215441945955682,-0.02279280657426952,-0.04901860248870271
GCAGTTATCTTCAACT-D1_NoStim,-0.11765359901425931,-0.04129788079745289,-0.13923551593596173,-0.01804260491739562,-0.008327941102580283,-0.011775750673922225,-0.07352278810244828,-0.08258486759097217
GCATACAAGTGGTAAT-D1_NoStim,-0.0245683350131376,0.04957270203861164,-0.11177581382416335,0.025851565597482917,-0.2444681882915205,-0.008325605161363825,-0.023113102422420262,-0.03557439206048407
GCATGATGTCTGGTCG-D1_NoStim,-0.10219330901367663,0.008181871514977956,-0.29350295485133593,0.0009468420401681499,-0.05898367404231308,0.02412442439174356,0.1421769515751743,-0.04956383885722815
GCATGATGTCTTTCAT-D1_NoStim,-0.21918578822015355,0.011568197577759065,0.006055624545304283,-0.19831188965803825,0.08959002423256379,-0.269081248627141,-0.6427825060395245,-0.19524769262491226
GCATGCGGTAGCCTAT-D1_NoStim,-0.028987266038384973,-0.038096947746911525,-0.17731638007250083,0.015101467117824896,-0.008508748252525677,0.06177441059377209,0.010901022583035935,-0.026464946247868326
GCATGTAAGAAACCTA-D1_NoStim,-0.12022146429209712,-0.04430033278213941,-0.17447643283771264,-0.02053317616801209,-0.0002549204296506957,-0.020578908441524213,0.03212680680811797,-0.062012307651253096
GCATGTAAGGTGCAAC-D1_NoStim,-0.02560841921244439,0.03910729037219163,-0.09954388451525098,-0.0017860326806058424,-0.10527466182728418,0.02644831932819791,-0.019218377867500358,-0.021675018601388985
GCATGTATCGCTAGCG-D1_NoStim,-0.052530744960890274,-0.04765285483519399,-0.16877932923665284,0.016433654176134738,0.01332049606371477,0.12838170019146666,0.05953076687505865,-0.018522013175539698
GCCAAATCAGGAACGT-D1_NoStim,-0.12496294472974157,0.021351461986860443,0.17710317787080854,-0.08967332393054583,0.14075701318035883,-0.006783211631496755,-0.0036656758480004825,-0.07749803570621161
GCCAAATGTTCTGAAC-D1_NoStim,-0.08611658730890959,-0.013969472973579755,-0.24884000599589484,0.17482550384086615,0.132291135656196,0.2198650607379431,0.6613723271107004,0.04996486524214383
GCCAAATTCATCTGTT-D1_NoStim,-0.04610892781982301,-0.06226114674468519,-0.1748250162295406,0.004736633280666425,0.01081250862642591,0.029267870237927873,0.0491264863439973,-0.036551574446194834
GCCTCTACAATGACCT-D1_NoStim,-0.1353506659606456,-0.023143464456957474,-0.23112211070260003,-0.03467228100901387,-0.11097201622116515,-0.027768817233514653,0.0619802454958549,-0.08282879640204044
GCCTCTAGTTGCCTCT-D1_NoStim,0.022746290041180117,-0.033015892706711014,-0.09070957251305956,0.030443996760753933,0.10847273813489444,0.14407409341256106,0.06653265767071437,-0.004174431379254884
GCGACCAGTTGATTCG-D1_NoStim,0.08957307039953832,0.023197153411343763,-0.2752481296642113,0.17537633497551575,-0.03898375606535254,0.1672882108835081,0.23440484111053816,0.0762653911038953
GCGACCATCATTTGGG-D1_NoStim,-0.026086526266345444,0.014665304941658519,-0.11124211441232923,0.026290300331137217,-0.08671549053078742,0.038568042748376996,-0.029557279590583185,-0.0242305124634683
GCGAGAATCATCACCC-D1_NoStim,-0.0547475325896567,-0.026719198948997658,-0.04737359292879795,0.002634930338842878,0.034014173288577254,0.10729557046370619,0.03835541165530776,-0.0274996071262823
GCGAGAATCTGATTCT-D1_NoStim,-0.05307040302802157,0.02646606109669669,0.14109642320185145,-0.005897214068578904,-0.036940420719529854,-0.004084090996762768,0.050905074104063086,-0.028052875079918493
GCGCAACCATTGTGCA-D1_NoStim,-0.03516411620295479,0.036735777752516796,-0.15218368911985536,0.005230560461697564,-0.11935939909747262,-0.029872531550704906,-0.06957931378168158,-0.038616407223191374
GCGCAACGTAGTACCT-D1_NoStim,-0.008410689394802162,0.037844987780975003,-0.17427001346059612,0.05928001528659976,-0.03439869130338202,0.02320101341254066,0.04514841153133631,0.007092546354662943
GCGCAACTCAACACGT-D1_NoStim,-0.018847981821382476,0.06570059427802377,-0.047647230865376144,0.04726234436708587,-0.16004966851907376,-0.04106048979433119,-0.04540592004152533,-0.0026240576389984227
GCGCAGTAGGACATTA-D1_NoStim,-0.10630793731990096,-0.02274470751881097,0.0037009427039826903,-0.018250158901940594,-0.0486988615334365,-0.003925451951440451,0.06684832375177407,-0.0527469819764157
GCGCAGTTCCCACTTG-D1_NoStim,-0.09196240709562709,0.09408888999013065,0.2898219044751311,-0.18494604833096417,0.46551568329421755,-0.09597906268072265,-0.186812287134285,-0.058244185611968646
GCGCCAAAGATATACG-D1_NoStim,-0.027358842007636497,0.05702800535813424,-0.1514600084166453,0.03888154460709359,-0.17304393084990366,0.015538759682257819,-0.041681750741815904,-0.015359495110297772
GCGCCAACACAGAGGT-D1_NoStim,0.0245023620194722,0.03269436322391961,-0.06899658199950309,0.02545332640633191,-0.0038122124236465993,0.0429833708165237,0.016167523535703943,0.015240401709794682
GCGCCAATCTGACCTC-D1_NoStim,-0.03446410026172053,-0.02928346065466414,-0.29407187152661507,-0.04815520267706397,-0.15297182577036317,-0.020739344690412054,0.08293680302515494,-0.07971475117918736
GCGCCAATCTGCGTAA-D1_NoStim,-0.07042786725571304,0.0665153418268094,-0.0032672434745801837,0.01592827431777799,-0.18476485585521019,-0.11252025641008778,-0.11896259729091341,-0.044386131541902074
GCGCCAATCTTTAGGG-D1_NoStim,-0.16848209840900807,-0.07424137951664633,0.025621678557456562,-0.07548631762621127,0.21155873739882836,-0.07526277267548487,-0.26543010042117654,-0.11939364402701891
GCGCGATAGTTACGGG-D1_NoStim,0.02661074154567622,-0.026718486066849678,-0.26379235850634686,0.039971880655194525,0.0025313281081942307,0.08299198658978657,-0.023376978749130473,0.0010878884381639864
GCGCGATTCCTTGACC-D1_NoStim,-0.12512470573376255,-0.06633723612930531,-0.2937607962922151,-0.0611590309077954,-0.030587590133398734,-0.12067180607145023,-0.053509412784212174,-0.09948313549832655
GCGGGTTAGGCAGTCA-D1_NoStim,-0.025685670891057555,-0.02062889098625753,-0.3221574328350627,0.06566592791075188,-0.09288169747635422,0.07335898647161976,0.05979556400651331,-0.003490953080655501
GCGGGTTCATGTAGTC-D1_NoStim,-0.06458347232883632,0.03779541777941553,0.03726744589290831,0.06791415532110356,-0.2256927595915421,-0.1041220055420844,0.1758606873254287,-0.024103303864054126
GCTCCTAGTACAGCAG-D1_NoStim,-0.05545400159778069,-0.025337793713607226,-0.11596757210632092,0.028992474586356565,0.003146598533037448,0.05586873612791177,0.04544107495267369,-0.027457041158235995
GCTCTGTCAATTGCTG-D1_NoStim,0.011242486632308868,0.057408566115681126,-0.3355018438207189,0.03585377660331268,0.04645878150889793,0.12140400048225786,0.01175649892689723,0.004132755420192424
GCTCTGTCATATACCG-D1_NoStim,-0.044782108737891235,0.09741342698075428,0.4518889308939684,-0.05306865979862785,0.18111466655821218,-0.14218402670774388,-0.25161080401668734,-0.05455351264495256
GCTCTGTGTTTAGCTG-D1_NoStim,-0.12354734047173821,-0.0441438297586938,-0.1304013214072519,0.085106407401911,-0.00365950911214874,0.08597618855543487,0.3680588299927443,0.012113780060957424
GCTGCAGAGCAGCGTA-D1_NoStim,-0.04654161080532049,-0.026769686679907423,-0.1797037179298755,0.011808038780406704,0.03177957996895664,0.08677715518890494,0.01615481440766864,-0.04093146798826375
GCTGCGACAACGATGG-D1_NoStim,-0.20771164720157742,0.0083965272810822,0.23321890847155125,-0.1185387735787593,0.2900998996131747,-0.08614987672768404,-0.14154154319048828,-0.11438603726251095
GCTGCGACAAGGTTTC-D1_NoStim,0.026695256551739988,0.02215978070191227,0.08397613873584042,-0.005226422418806109,0.19601223546743896,0.04284635729709052,0.05913051667527913,3.510408904894291e-05
GCTGCGATCGTAGATC-D1_NoStim,-0.15123446201056545,-0.05838457410339437,-0.2646309312509061,-0.04814612282935471,-0.04063456200329085,-0.03302455917049052,-0.029509764859520615,-0.095418684198604
GCTGCTTAGATCACGG-D1_NoStim,-0.2956729672383869,-0.024792790911288165,0.16149080615392997,-0.19036080786519705,0.20325761734950376,-0.24067593404870902,-0.4281997700261053,-0.20340380730141128
GCTGCTTAGTCATCCA-D1_NoStim,-0.051976117621114426,0.04900894111780829,-0.0566651357224206,0.006499358176219161,-0.2503691655913425,-0.01568657376951421,-0.08360137007376967,-0.024203695112861467
GCTGGGTAGAAACCGC-D1_NoStim,-0.10547642567943782,0.05767102071934538,0.22621722288060653,-0.09291272459151934,0.007240115950864379,-0.06728967460646729,-0.11420707134573771,-0.09097193714640284
GCTGGGTAGTGAAGTT-D1_NoStim,-0.06594350751629463,-0.03753956760846755,-0.03802571167003421,-0.010915416180573345,0.014046138784927109,0.00647086379028039,-0.026671664898660907,-0.04050936072836997
GCTGGGTCAAAGGAAG-D1_NoStim,-0.06461340005863292,-0.005105151892147219,-0.15076609233374327,0.011231334887819244,-0.08620782202443777,0.020839784721644605,-0.008139372951405655,-0.04127113577486696
GCTTCCACATGGAATA-D1_NoStim,-0.02007124154485851,-0.06555202317186648,-0.20616982160500363,0.022479332726176082,0.041378000551606675,0.1523465211729027,0.06192143830139596,-0.01200995726478915
GCTTCCATCCACGACG-D1_NoStim,-0.16801154038224375,-0.02016680286054573,-0.21459654305512643,-0.05212069326191582,0.03670662702375438,-0.07275735618352641,-0.016553519054459898,-0.08116744169557855
GCTTGAATCGACCAGC-D1_NoStim,-0.15166091283367678,0.03894985503027115,0.10253786533230169,-0.07107423512683653,0.010588522721089788,-0.17982370327879948,-0.09126126918633926,-0.0766548006472032
GGAAAGCTCCCTCAGT-D1_NoStim,-0.04891493234042521,-0.05131831473731374,-0.2929728365230506,0.02995896499543349,-0.03167528963651911,0.08550316887057896,0.07214145293254548,-0.004570230414040921
GGAACTTAGGGTCGAT-D1_NoStim,-0.17335172762931172,0.02013228974295167,0.028181535655942724,-0.07930583558944804,0.0812526261512918,-0.1619027703840299,-0.18897180477083442,-0.0904733193774181
GGAATAACACTGTGTA-D1_NoStim,-0.04288330536204654,-0.07855389697797399,-0.23134768227286884,0.06702415435197118,0.10067362063537821,0.11991341879502926,0.12595510606364435,-0.01006443081394437
GGAATAAGTAGGCTGA-D1_NoStim,-0.23084168255238247,-0.07214107644393053,-0.07192869648848976,-0.08501672964248286,0.11866097910821694,-0.07222659264601194,-0.18745464405930878,-0.14370369746224831
GGACAAGCACGAGAGT-D1_NoStim,-0.05284098563714501,0.04112472044073279,0.10385200773925085,-0.01472298228629576,-0.18115057343004537,-0.08960777061674818,-0.032904622426463526,-0.03794295439676709
GGACAAGCAGACTCGC-D1_NoStim,-0.06900192446675035,-0.04076926299261885,-0.2777740930513186,0.029414218023946503,0.017322570796707737,0.11281302571940355,0.03726177347219073,-0.02497273538854472
GGACAGAGTCTCCACT-D1_NoStim,-0.2721843621360609,-0.0261526043890683,-0.06807177531865882,-0.2430418111611683,0.38237737126439697,-0.15600958193972492,-0.5101513487068745,-0.21867072491445505
GGACAGATCTTCGAGA-D1_NoStim,-0.05772260953578723,-0.09194736509987322,-0.2185053998207689,0.05179129372842972,0.06948702877732771,0.14433298386780447,0.10345436278479969,-0.03345725677462674
GGACATTAGACTGTAA-D1_NoStim,-0.1502249767340107,0.03369021573823261,0.14502566612589618,-0.20072551756848078,0.5060476651122485,-0.06203305024563477,-0.1556788948912855,-0.11019118385416604
GGACATTAGCCACCTG-D1_NoStim,-0.22210372634267195,0.01732144167423577,0.1470193268392137,-0.16762588464827566,0.3423317673890782,-0.24780779559547028,-0.5405987539385269,-0.17446823101726494
GGACGTCAGGCTCTTA-D1_NoStim,-0.11812004496736783,-0.11999356278505147,-0.5717451140037255,-0.09776761893870756,-0.1627226160798383,-0.042876815287373304,0.007934709047112243,-0.11516163232600363
GGACGTCGTTCGTCTC-D1_NoStim,-0.02914298277126548,-0.059707946601310624,-0.2013036391186862,0.018524296256032358,-0.05396023061776667,0.15183738453110696,0.06842763393109186,-0.01498531326443242
GGAGCAATCGCGCCAA-D1_NoStim,-0.10970884696414274,-0.06304405784442046,-0.25824966780940706,0.006863102728566162,0.03589612190161695,0.0820764291290601,0.062458324487462136,-0.03442061195852553
GGATGTTCAGTGGGAT-D1_NoStim,-0.013466375552768639,-0.03658702630409749,-0.27026650922420004,0.044589278647606534,0.03709538048293659,0.17873790401642875,0.04838868685822728,-0.002614714799481277
GGATTACCATCGGACC-D1_NoStim,-0.05185018162750765,-0.026753975189865997,-0.13793898196635013,0.01266086230170238,-0.006669529799589569,0.041666289002140644,0.005900636996333031,-0.03227741017067842
GGATTACTCAACTCTT-D1_NoStim,0.026840185401283634,-0.023236402486064733,-0.22520767290116694,0.051881966274955005,0.0596829391332836,0.1261707030637318,0.024703560915449785,0.009891939191023269
GGCAATTAGCATGGCA-D1_NoStim,-0.1054812514615584,0.05031227699988072,0.19525622393270758,-0.06650137275568468,-0.126385116612596,-0.24674703162494183,-0.1307143178090584,-0.06720725089661883
GGCAATTCATCGTCGG-D1_NoStim,-0.05236755130433224,-0.030283181904989576,-0.23792075024534043,0.01418360457090273,0.047752954217253674,-0.0013551292256703817,0.05154638266403122,-0.04700880202914348
GGCAATTGTCAACTGT-D1_NoStim,-0.1211825046324968,-0.05444191689993616,-0.2158709362260307,-0.02622558135948161,0.025357894955067906,-0.0034758584578566953,0.03421961132990381,-0.0765541293269365
GGCAATTGTCTAACGT-D1_NoStim,-0.07050323993356322,0.011481833447547274,-0.1476228111167508,-0.0005460613351964128,-0.07622857885628775,0.004824611660921185,-0.039677316482388925,-0.043405917985339215
GGCCGATAGACAGACC-D1_NoStim,-0.07969569024282741,0.05365543422403363,-0.32920273002661915,-0.03479359029839735,0.014896077996755963,0.014617769621388277,-0.05426613633763644,-0.06084418552235604
GGCCGATAGAGTCTGG-D1_NoStim,-0.03574158826463503,-0.028080992791682746,-0.250062135287056,0.020507952404228647,0.035862283766899594,0.08153207654927463,0.03500715078308314,-0.025985382964156756
GGCCGATAGTGGCACA-D1_NoStim,-0.1369889216163891,0.018898628774683957,0.09823449756621727,-0.12881455284761856,0.16713122645354517,0.017632400814971305,-0.24671242718321373,-0.1343582167044417
GGCCGATGTACCGTAT-D1_NoStim,-0.025860038015396825,0.005659558259910824,-0.16697315735375717,-0.010380182262078819,-0.1481172471994885,-0.021173747287342337,-0.08716349500268938,-0.02269945156739439
GGCGACTAGGCACATG-D1_NoStim,-0.11294927900373253,-0.0035161737060214193,-0.20150196120561858,0.0384725853014114,0.06578452533957346,0.005919833987758416,0.09201516643744156,-0.06270787330246996
GGCGACTCAACAACCT-D1_NoStim,-0.10117812789442127,0.05050086850203073,0.1331439805751753,-0.03309350683714385,-0.2343754029941838,-0.25126993475140225,-0.07853588970456027,-0.06867613611194301
GGCGTGTCATCACAAC-D1_NoStim,0.012386994771663495,-0.006897750900780153,-0.11085092785289419,0.044280044989676526,0.09412817736523849,0.13588814070685906,0.04872855637425477,-0.006937474319501646
GGCTCGAAGCGTGTCC-D1_NoStim,-0.08186582656949781,-0.051254145114167926,-0.1902423175605925,0.0037502030328422364,0.07197867279874792,0.06258565520890347,-0.0087324481085993,-0.04619959463878054
GGCTCGAAGGATGTAT-D1_NoStim,-0.057348867008711224,-0.0496474108031979,-0.21393557438253374,0.016862160496527778,0.046158999746468865,0.035567764830647164,0.04661846269960357,-0.022199598444382573
GGCTCGAAGGGATGGG-D1_NoStim,-0.09813380672647831,0.04232678726001993,0.15950022458219415,-0.07163395259311045,-0.009341312456232487,-0.12070167842098378,-0.11277995922196737,-0.05541511128746812
GGCTCGAAGTGGACGT-D1_NoStim,-0.14169012522761548,0.06468034624182017,0.36528899598014597,-0.25470495460412934,0.33020733288022086,-0.153897656589562,-0.43336769261507335,-0.14860572204936418
GGCTCGAGTACGACCC-D1_NoStim,0.07481840898760517,0.0747315408804674,0.06623009518743572,0.05288343207273094,0.016864700667362342,0.01568564496420244,0.009982671420822875,0.05141106512779814
GGCTCGATCGCATGGC-D1_NoStim,-0.0146313882862934,0.04003220340262459,-0.03213426991536217,-0.0053178484748670485,-0.10113075611160838,0.06685757737513853,0.043305579971370634,-0.04905668087875448
GGCTGGTCAGTTAACC-D1_NoStim,-0.06120712056514144,-0.034894475247982726,-0.30662542301898554,0.023257765488612137,-0.1317931840828468,0.04169772560631735,-0.024403387861937187,0.0024745118571942726
GGCTGGTGTAAAGTCA-D1_NoStim,-0.003030940327228393,0.023764518447322303,-0.27842409925488987,0.08725699482635285,-0.278477725075609,0.018381293688808142,0.2217677193638119,0.003137621039034144
GGGAATGAGTGTTGAA-D1_NoStim,-0.05492662918730673,0.031375942562579695,-0.13910392699473206,0.04753437576479236,-0.14643473510646565,0.024015702030132147,0.024317940515344638,-0.027174744072848256
GGGACCTAGTAGCGGT-D1_NoStim,-0.09302191178057306,0.05713637057607279,0.1920009140597987,-0.020330790691421186,0.03470320402976945,-0.053359172004576294,0.014173171012293206,-0.047038322401563804
GGGACCTGTGTTTGTG-D1_NoStim,0.012783742991210545,0.01609243050026521,-0.3524913339116882,0.08967270220127332,-0.0831854371755334,0.09034947033624796,0.2262636526140578,0.005446908488060842
GGGAGATAGCAACGGT-D1_NoStim,-0.1288903656965541,-0.05760632680145683,-0.1183233253849636,-0.020007818336610583,-0.04632170503699484,-0.03235230027228386,-0.0019516419503364801,-0.09482075421750835
GGGAGATAGGCAATTA-D1_NoStim,-0.00030796755942574805,-0.051605152801320386,-0.1935982075190381,0.028269295329135247,-0.08073712923290444,0.06814725283002154,0.04519719172074499,0.012372713063550478
GGGAGATGTTTGTTTC-D1_NoStim,-0.06298101189450378,-0.04423309979240386,-0.15134232865277752,0.014610884192560292,0.07049086193509169,0.07207453412607201,-0.017529330840541313,-0.034153164060640506
GGGAGATTCGTAGGAG-D1_NoStim,0.0006234889702749769,0.04133833942922038,-0.2469406461921153,0.030485518722528582,0.14239826711079573,0.10716835884253051,0.03881758529726831,0.00017757961432529612
GGGATGACATGGTTGT-D1_NoStim,-0.10156083902622903,0.03609199424343501,-0.2527964249658545,-0.08568368805164894,0.33069399110476994,-0.0008186042907407654,-0.09282544092751088,-0.07567755898859474
GGGCACTCATGGGACA-D1_NoStim,-0.07238134266069096,0.00480704240676566,0.09036209302172615,-0.020667867072109658,0.046664463254169064,0.011710386601992084,0.02301551121005474,-0.028102494365910502
GGGCACTTCAGGTAAA-D1_NoStim,-0.1143146342552388,-0.06073144656791385,-0.31974840904450197,-0.026644178880774305,-0.1189864331192787,0.018566962332746684,0.05896033888788388,-0.08527166787463791
GGGCACTTCCAAGCCG-D1_NoStim,-0.06526799746956158,0.022722894399905158,-0.06081469378923998,-0.010628639486451874,-0.055593232736169895,-0.06866327574704645,-0.013974813621357551,-0.0139945877845431
GGGCACTTCCCGACTT-D1_NoStim,-0.09912819802089068,-0.025864851674953115,-0.28025231052043864,-0.018569736657099156,-0.13388776742390895,-0.06135480745155597,-0.0726108940477106,-0.08222156628501587
GGGCATCCAAAGTCAA-D1_NoStim,-0.06253537371780205,-0.016943367870503323,-0.2507430751562154,-0.011756222965679797,-0.07046613694799753,-0.0058435279592190525,-0.029389579814021793,-0.04463181801119376
GGGCATCGTCGTGGCT-D1_NoStim,0.013633431025601439,0.001438406169894435,-0.16123514955766716,0.012814393303623106,-0.056306942584010145,0.048220675051410034,0.01029143297697388,0.006810260278509617
GGGCATCGTGCCTTGG-D1_NoStim,-0.03452190968892843,0.058435164406686724,-0.19385374517226417,0.020047477518041035,-0.01258434649648521,0.049331680133043676,-0.030991827650758808,-0.012700855746800244
GGGCATCTCTTCGGTC-D1_NoStim,-0.0846666384677981,0.05014456522938637,-0.06678277050766468,-0.006338960380407599,-0.13648817644049416,-0.039915425741147814,-0.05418954403478704,-0.04654611587827695
GGTATTGCACTAGTAC-D1_NoStim,-0.19437528606152377,-0.02170519434581486,0.26594117999131406,-0.06553679733990236,0.0657347747157786,-0.06481043453973001,-0.10000995302439097,-0.08018575079153045
GGTATTGGTATAAACG-D1_NoStim,-0.18588296719046404,0.001993378338102758,0.08796385034141885,-0.050853115366527035,-0.1573438386853674,-0.041782875773312966,-0.03301971778450419,-0.12902887371592264
GGTATTGGTTACGACT-D1_NoStim,-0.08298005766843453,-0.04214041424842918,-0.37149404082271786,-0.04217637195146473,-0.015166293669972575,-0.05926969281738437,0.09203514276993285,-0.052985372060510016
GGTGAAGAGCGTGAAC-D1_NoStim,-0.06061782042784536,-0.04627198488320161,0.056412195126625875,-0.00528748800140022,-0.015724272438522036,-0.03275327573037856,0.0039270613982251845,-0.02983712366824598
GGTGAAGGTTTAGCTG-D1_NoStim,0.04868736667381235,0.07498601960751294,0.2963944812173356,-0.01799179833632003,0.12329605230545226,-0.07680719633861521,-0.11726224569351196,-0.011268232503336861
GGTGCGTAGGTGACCA-D1_NoStim,-0.1139656666082125,-0.034376234358809654,-0.2485649746885592,-0.04168504752654556,-0.0383334435341709,-0.028904694989713597,-0.0763409241930253,-0.07581199791536264
GGTGCGTCACTGAAGG-D1_NoStim,-0.06943965651417017,0.05572905754322299,-0.07287823793644499,-0.01943666196489957,-0.04454246467688705,-0.04872504314906845,-0.04027598950722311,-0.02610263621258646
GGTGTTAGTACGCACC-D1_NoStim,-0.05959505496138284,0.054798259498094026,-0.15311400633846262,-0.0350248816821388,-0.23085098917736602,0.02522691970061075,-0.12218243260821726,-0.05498223843540906
GGTGTTATCTTGTATC-D1_NoStim,-0.16443968452825253,0.03795906510276126,0.20100203481843693,-0.15671247255872878,0.18355162881875664,-0.30128535835985204,-0.2970245888521097,-0.07500764780267666
GTAACGTAGACTCGGA-D1_NoStim,-0.08485369558859546,-0.028612010356116713,0.06368363480908812,-0.12426541647031009,0.15364550877059102,-0.1524318923698882,-0.14982364204578769,-0.07370696591888226
GTAACGTAGGCGACAT-D1_NoStim,-0.05833632024764235,-0.06949643419070384,-0.2761248468943869,0.004897803834937875,-0.012493094393306592,0.07854726615090435,0.05249368051818326,-0.024900544681475623
GTAACTGAGAAGCCCA-D1_NoStim,-0.07638699414270711,-0.018790256488857793,-0.08316056934085836,-0.02684977478698869,0.09547344444546546,0.020309204944066295,-0.035491102546597375,-0.051513051412403144
GTAACTGAGTCACGCC-D1_NoStim,-0.11950590447036546,0.06589706246162486,-0.05070625741532986,-0.15580272611882506,0.4411610270299384,-0.0030014611193553975,-0.3149839619182746,-0.12146528381575905
GTACGTAGTCCATGAT-D1_NoStim,-0.06599701319005824,-0.027747593378053992,-0.24761801786777582,0.03254612133891044,-0.05733006399526985,0.05572232517977671,0.1467306559691357,-0.001302132644765308
GTACGTATCCGTTGCT-D1_NoStim,-0.1370298021313232,0.02850620281446936,0.3613811979828334,-0.044210060961134445,0.13437438870644058,-0.09171827752122397,-0.31289356938270263,-0.052399590318383815
GTACTCCCACCAGTTA-D1_NoStim,-0.05821415250971107,-0.0036753877581574557,-0.08871067656270881,0.015470468778636004,-0.04147637394683201,-0.016459537492350407,-0.023880171018748175,-0.028353968378393546
GTACTCCCACTGTTAG-D1_NoStim,-0.02163301492576153,-0.005316865206413723,-0.14238383393361076,0.009927971020056603,0.12233874543304069,0.10104909394177852,0.025079496432232062,-0.04003893254622071
GTACTCCCAGACAGGT-D1_NoStim,-0.14314386332940643,0.012409036684408292,0.04571976267841471,-0.03301866770580375,0.1528272689786725,0.030132204558455555,0.13609994465713893,-0.02911149869702001
GTACTCCGTCAAACTC-D1_NoStim,-0.06481674351590883,-0.011467242732287275,-0.1606900014082946,0.006752670976371888,0.04914995323042781,0.035125790981416216,-0.005583612454997944,-0.05193268550175745
GTACTCCGTCCAGTAT-D1_NoStim,-0.05341252436972255,-0.04883027116616212,-0.26304278145608606,-0.009661445194014462,0.024653190178726803,0.04489392720238605,-0.1268167784323042,-0.04942744912267649
GTACTCCGTCTAGTCA-D1_NoStim,-0.07885438671437583,0.052005151189240095,0.0750272315060112,-0.05431011784977535,0.14112470052208437,-0.002662456018139636,-0.08088599801875151,-0.0556497940870031
GTACTTTAGGTCATCT-D1_NoStim,-0.05386693844974566,-0.050834082103143885,-0.25795035969463953,0.025318773011594686,-0.03825047094580292,0.08254467869627291,0.10233075951657344,-0.034875638572508194
GTACTTTAGTAGCGGT-D1_NoStim,-0.11227476939010117,0.07028731781093,0.06405315797140432,-0.17311731685760812,0.336561272689206,-0.1681812821222728,-0.5424435068365527,-0.08677113845970119
GTACTTTAGTGGGTTG-D1_NoStim,-0.1936125745102295,-0.01603732293281368,-0.02548566955952758,-0.15181750584157783,0.12832417896044745,-0.14940075364335748,-0.3912339512241072,-0.16931845044798877
GTAGGCCCAAGCCGTC-D1_NoStim,0.02912453344916699,0.03568644252800368,0.11183235817169646,-0.02067531601383621,0.04530617124574299,-0.05629140669388377,0.05443356328450477,-0.03250988639761765
GTAGGCCCATACCATG-D1_NoStim,-0.08317777938497173,0.06032718301478823,-0.02487657288087952,0.0469750036098624,-0.3192656754265837,-0.0956433566549979,0.06015292025812524,-0.02588084391001111
GTATCTTAGCTGCGAA-D1_NoStim,-0.0992339550358281,-0.053365996387423564,-0.13507973926461503,0.019487070854035338,0.014123702362137891,0.01894581451022681,0.04749480587205479,-0.07634420293417676
GTATTCTAGCCCAGCT-D1_NoStim,0.08871711829620033,0.06457986338458532,0.3151779153014136,0.03559536513691519,0.216823960419827,0.036882655028497524,-0.015515642152541531,0.04339252959736939
GTCAAGTAGGAATGGA-D1_NoStim,-0.02099318915960957,0.013909427934224894,-0.1567320750121226,0.027318915729100723,-0.12821415767312594,0.014334644167011135,0.0712985791945111,-0.009303437133807435
GTCAAGTTCTTAACCT-D1_NoStim,0.013154440301843096,0.1009414176633392,-0.10404234986211769,-0.26720337067460775,0.29674837830422973,0.06307670648510033,-1.0083659215515297,-0.13357826961350838
GTCACAAGTCCCTTGT-D1_NoStim,-0.02347764790590645,-0.01619614251974255,-0.2799661896992163,0.037130857683211005,0.013645724488730693,0.10744053870641146,0.07106639342802978,0.0020248381098664225
GTCACGGAGACCACGA-D1_NoStim,-0.01268102007612093,0.01787836592057701,-0.25179815554669105,0.0041571522253516235,-0.10931132854412873,0.007641915306876967,-0.003090787041657439,-0.00774167433858608
GTCACGGAGCGATTCT-D1_NoStim,-0.0229915832369052,0.12424427679609451,-0.08049898795017185,-0.2778938353862994,0.46975375661571306,-0.02333811755711146,-0.9432377573284283,-0.1537454985571305
GTCACGGTCCTGTAGA-D1_NoStim,0.0034505618362956625,0.029761484520342663,-0.29241103519766476,0.06118712952556571,-0.032166002191369,0.07860363767798173,0.05067014078920362,0.03366332019035312
GTCACGGTCTCGTATT-D1_NoStim,-0.05199861582276277,0.0633072322148358,-0.13943773046649,0.03410941872687623,-0.2532357333946518,-0.06655696049841531,0.12992452331189153,-0.016394628414809986
GTCATTTAGAATCTCC-D1_NoStim,-0.17026868382548344,-0.03765502977646129,-0.41737718791523193,-0.12096345313256229,-0.2410242631485442,-0.23362797834664306,-0.18690123990565954,-0.12751857651202414
GTCATTTTCATCACCC-D1_NoStim,-0.3176714130366953,-0.030256779114894883,0.18332573186457957,-0.16650328047624363,0.2850199142320182,-0.14480279776196348,-0.2323146948068895,-0.17589099135285835
GTCCTCACAGCCTTGG-D1_NoStim,-0.09612465865097697,-0.04330727807614565,-0.224950036107046,-0.014125010235213509,-0.0013002568597464403,-0.014084522649761233,-0.028374814180133434,-0.05341728976066129
GTCCTCATCCTCCTAG-D1_NoStim,-0.09786081432782545,0.04819173775959662,-0.22437310802108712,-0.04269301887138255,-0.1665254385061381,-0.04275161361440816,-0.014640869691978864,-0.09163457374487294
GTCGGGTCATCACGTA-D1_NoStim,-0.06014043383800072,0.05692781097788391,-0.24473098997573395,0.0014408778705554681,-0.05991004326774174,0.00186594770884696,-0.05301484763822728,-0.029217833690827533
GTCGGGTGTTCCACAA-D1_NoStim,-0.07995865370074817,0.03411205188361599,0.0774054662444712,-0.05664127252364359,-0.11125956975021722,-0.17517541375032408,-0.23800954006308928,-0.048174161128160975
GTCGGGTTCAGCTGGC-D1_NoStim,0.013538269472757491,-0.006402535460328096,-0.18079059599815572,-0.02336183460468355,-0.004220207603832904,0.10805240716007791,0.0735927044203395,-0.06596932710484893
GTCGTAACACACCGCA-D1_NoStim,0.0876518450666719,0.0788003208242749,-0.02667013138227503,0.10352117008777917,0.039904548197384315,0.11805501409358765,0.1593164376105447,0.07014617717947402
GTGAAGGTCTGCTGTC-D1_NoStim,-0.10641442395792033,-0.059594762261436784,-0.19769339327091728,-0.014644223274251189,-0.02882467544428735,0.005339940343962901,0.06072351738039394,-0.05633690247766587
GTGCAGCAGCGTCTAT-D1_NoStim,-0.05385622159236192,0.05213220447399358,0.02605546093264799,-0.019932790118625476,-0.23102587958657494,-0.1818500216260297,-0.2084635371071517,-0.04326779130998659
GTGCAGCAGGACGAAA-D1_NoStim,0.0027213887232093725,0.05251133485583104,0.0927518387146904,-0.07763092063096444,0.14447266723512442,-0.10164992254041749,-0.2287931518744326,-0.07382836222067901
GTGCAGCCAGCGTTCG-D1_NoStim,-0.07221474860564747,0.006231221932651465,-0.08061302706751405,0.005611036256809143,0.1089147772217629,0.012862503705057371,0.015045557247979069,-0.044733652296084614
GTGCAGCGTATTACCG-D1_NoStim,-0.09465208109838485,-0.010042103702879501,0.08789616387162269,-0.06814384065651247,0.043214946661304765,-0.1552675920494302,-0.13868516593971414,-0.02153690505558714
GTGCAGCGTATTCGTG-D1_NoStim,-0.12900810859255074,-0.04459854003404473,-0.2830056594984569,0.0492549645480409,0.13540041807515735,0.20637681002986064,0.2479410859588489,-0.007655495284344838
GTGCAGCGTGTTTGTG-D1_NoStim,-0.0668080010107488,-0.02700077455760841,-0.29975119615891366,0.041392977296318634,-0.11949294874549743,0.06536937757033368,0.08647083162244718,0.0034336178400096173
GTGCAGCTCGAATGGG-D1_NoStim,-0.004240434487694955,-0.03393269162777024,-0.21895010637032009,0.05503203998878803,0.01680420497702073,0.09956812157578909,0.0519216259804125,-0.0027827499417441004
GTGCATAGTGTTTGGT-D1_NoStim,0.024964802662204022,-0.03284414895261634,-0.30113342100962726,0.05603818500008195,0.009953991760879077,0.1346113511779201,0.02038854998134365,0.013041773998514472
GTGCATAGTTCAGCGC-D1_NoStim,-0.024946396457869113,0.03784961293981759,-0.19852473076083754,0.03360065568223547,-0.08844476743460206,0.05308743394966697,0.013884132291455131,-0.006478358671365925
GTGCATATCGCCAAAT-D1_NoStim,-0.06181816936603646,-0.07035513466857601,-0.3266798363948791,0.034963715404588314,0.02956298243838873,0.1671815184792429,0.08367165758638784,-0.026446227132785438
GTGCGGTTCCTGTACC-D1_NoStim,0.009328320533686707,-0.006914811175168012,-0.09237203757748524,0.03068706976457669,-0.04230233669625072,0.05149109435289301,0.007330570411034021,0.008102210789918018
GTGTGCGAGAGTCGGT-D1_NoStim,-0.06434313814406245,0.00012831221252440628,-0.13470635344587123,0.017057086427403334,-0.10756240940630057,-0.015401132905259018,-0.011927016407521585,-0.011375239642136492
GTGTGCGCAGACGCAA-D1_NoStim,-0.011215731571182275,-0.025249846008557952,-0.15007227699525671,0.019260459933303054,-0.019084600445660627,0.11703207229520984,0.061242913691670786,0.0039447801148799755
GTGTGCGTCTATCCCG-D1_NoStim,-0.12215123555632879,0.04562526653934107,-0.26678704696542255,-0.13419654139949522,0.29538945655107796,0.07585236206122481,-0.20535431544137506,-0.09036219269924928
GTGTTAGCAATCGAAA-D1_NoStim,-0.05030729151390112,0.04780288392117171,-0.00611072301250104,0.026704498285393896,-0.042393651322587544,-0.04158729451078713,-0.04957903544266706,-0.010497993472313283
GTTAAGCAGGTGATAT-D1_NoStim,-0.05819210336732361,-0.015713108566876244,-0.2761427100043008,0.021196178224336393,-0.04583461483874274,0.03832308205314483,0.048018401746271255,-0.00620383326305074
GTTAAGCCAAGGTGTG-D1_NoStim,-0.06776233470984572,-0.051526129794075004,-0.1881878825976564,-0.02034953251453331,-0.03667278786058503,-0.017310110460090122,0.0028937402265816203,-0.04964282501145156
GTTAAGCCAGACTCGC-D1_NoStim,-0.029754950587797424,0.00839075127088229,-0.17033562415310577,0.036209320055597516,-0.016408859739682313,0.057794210702281745,0.026898995364039724,-0.02421815002638006
GTTAAGCGTCAAACTC-D1_NoStim,-0.059443492064234604,-0.04863396719580315,-0.021153657128511583,-0.011282266801881491,0.012127133956330027,0.00542400263243259,-0.0747424463464812,-0.05727978499871611
GTTACAGAGGCTCTTA-D1_NoStim,-0.15152552236063954,-0.016829423788220055,-0.23185278094462625,-0.07896059559707957,0.015103530923168407,-0.14410816189784015,-0.32707305077128623,-0.13125641704453628
GTTACAGCAAGGACTG-D1_NoStim,-0.012379649580946506,0.024282079738728868,0.15471451103475964,-0.05912913292947408,0.050338890342201736,-0.006831542470829177,-0.0483913939495455,-0.024462425991956138
GTTACAGCATCCCATC-D1_NoStim,-0.11406202588573677,0.05019348938268564,-0.060422323873760675,0.003495335151558976,-0.2739717366308092,-0.05797190894699611,-0.10158137337408224,-0.07235853571732243
GTTACAGCATGAGCGA-D1_NoStim,-0.012530295007646686,-0.05570705094634931,-0.07096882890422407,0.02559853392686584,0.021592198765654658,0.05799772958251026,0.028801148569535417,-0.016861174443617344
GTTACAGGTACAGTGG-D1_NoStim,-0.03988717557209753,-0.06037606331948808,-0.21307810749669898,0.06407483770801292,0.009990390151124018,0.1941093183669267,0.178778772754562,0.002938785242866615
GTTACAGTCATTTGGG-D1_NoStim,-0.041825124049699625,-0.03889012932552838,-0.14432660243204865,-0.005902842386133145,-0.03209804560486518,0.022920785994853254,-0.023841574886972694,-0.031510710793824614
GTTACAGTCGCTAGCG-D1_NoStim,-0.09957937911533143,0.052932599172210715,0.23681817705376673,-0.0978464144468365,0.04013880421374516,-0.1811129072618911,-0.17500271781131183,-0.0651734457809976
GTTCATTCAGATGAGC-D1_NoStim,-0.1003543308162076,0.02232392787962567,-0.11883689383095941,0.011018309138780324,-0.1421956777679796,0.010538031749984356,-0.028128487121960255,-0.05848811852571956
GTTCATTGTGCGAAAC-D1_NoStim,-0.011194756578372989,0.013129449626363865,-0.22516768986891833,0.02989048363127189,-0.09468507419593308,0.028195574923302047,0.04933921987779932,0.009492108050119796
GTTCGGGCACATGTGT-D1_NoStim,-0.0835765068950387,0.03875110186339903,-0.20360058215988275,0.0036758919160604364,-0.2666547166643163,-0.02165890137228743,-0.03448247215056899,-0.060180312805689695
GTTCTCGGTCATCCCT-D1_NoStim,-0.196142610797704,-0.019408474953815258,-0.24409237737969036,-0.08634845264316837,-0.062434037278782384,-0.1574951001574929,-0.34717182333190966,-0.10338634471467678
GTTCTCGTCTTGCATT-D1_NoStim,-0.09295588415635159,0.042129974397793646,0.04493457778449361,0.022289082841044916,-0.2840580882720456,-0.09762661051391142,-0.012134662460503876,-0.03880272500173376
TAAACCGTCGAATGGG-D1_NoStim,-0.044981251293441105,0.06835169097039717,0.03759999145423798,0.03483817144270773,-0.3007795756833609,-0.07195941230839509,0.014810087713250653,-0.02296461805810779
TAAACCGTCTCCAGGG-D1_NoStim,-0.10633302140985634,-0.006862306644110916,-0.21093715773725208,-0.04802402975322018,0.07169457363175624,0.006642176798959731,-0.06377047673383807,-0.07094581844128456
TAAGAGAAGACTGTAA-D1_NoStim,-0.08139731800118888,0.03532091096725942,0.04054924904590962,-0.034353080703771965,0.11586887865006545,-0.0064282987054937735,-0.1122890841823736,-0.056748850323263156
TAAGAGAGTAGAGCTG-D1_NoStim,-0.10836658855502002,0.05240529393240223,0.10577499660760203,-0.016051828058408546,0.02106154657064252,0.02318835731724711,0.12580778443348173,-0.035526108788845434
TAAGAGATCAGCCTAA-D1_NoStim,-0.02791820697653513,-0.07070662706407305,-0.18374923874929294,0.038437521175636036,0.026080239237888492,0.0856835810632921,0.029624750587963433,-0.008768747313563807
TAAGCGTAGTCCGTAT-D1_NoStim,-0.006204076517843049,0.03642485329751999,-0.01488804722686865,0.0461983601610676,-0.04524539229818636,0.008233091663322867,0.04917940009981603,0.005595505628070541
TAAGCGTTCACGCGGT-D1_NoStim,-0.046860070669021425,-0.014614799376152732,-0.3037305837534632,0.044698123890622554,-0.004643189869280917,0.11505034668625846,0.03801809439322934,-0.019197167950379068
TAAGTGCAGTACGCGA-D1_NoStim,-0.07645976096303997,0.04265703657860698,-0.07390431729531066,0.05122374314389866,-0.13999439813853343,0.05030615464144006,0.11532744189985689,-0.03987617521947584
TAAGTGCAGTACGTTC-D1_NoStim,-0.06778683618660963,-0.010675235518201376,-0.11163416243840985,-0.0018794158284549667,0.07454705309922183,0.05063921311748931,0.008163387996083848,-0.05138556526497773
TACACGAAGAGAACAG-D1_NoStim,4.698417027171331e-05,0.030820098205788682,-0.1642954496096678,0.0514619342133269,-0.08203288931413688,0.07123575863129616,0.04523903796643314,-0.0006542909284714682
TACACGAAGGAATCGC-D1_NoStim,-0.01967608005650412,-0.022725549491374508,-0.1605278942197792,0.019752258037812,0.02309174562485694,0.03956719609841031,0.049324273242451255,0.0007215636235518019
TACACGACACGAAGCA-D1_NoStim,-0.051304349861982956,-0.06541093214895,-0.2840611144325713,0.025146867556586017,0.06999052545897122,0.10420452285412729,0.08450220824662802,-0.025408380894518245
TACAGTGAGCTAAGAT-D1_NoStim,-0.07545078111596126,0.052011306002681224,0.05853163248658966,-0.0026847650395414036,-0.023914136164460587,-0.04973028444259242,0.014105294103677224,-0.047458117842186454
TACAGTGCACTGTGTA-D1_NoStim,-0.08438420071846231,0.00980147094837669,-0.19381807502840687,-0.015774697543401217,-0.16710361203093171,0.042823761913657776,0.0025960959204240908,-0.07652350795554774
TACAGTGCATTTGCTT-D1_NoStim,-0.1040836880407614,-0.001759747239544751,-0.3710604485274942,-0.18197722228222446,0.03988594085183195,-0.17644497379737345,-0.5730964621822556,-0.1553323207066093
TACAGTGGTGACAAAT-D1_NoStim,-0.09063856915477331,-0.07185650654977316,-0.23307858876457743,-0.05897120030311598,-0.09843968074760845,-0.09302002345793259,-0.09136635707904439,-0.08757646420459331
TACAGTGTCAGTTGAC-D1_NoStim,0.032358082220982354,-0.006481643373424717,-0.09973580911629654,0.0378657283306616,-0.043108230071085885,0.10073737095636304,0.02539363016171281,0.01067192828215191
TACCTATAGGCGCTCT-D1_NoStim,-0.03680108962295314,0.03527402246906597,-0.046841166251875066,0.06961539313944165,-0.2257056425551731,-0.023687995822344377,-0.010224036809405312,-0.058281689877830445
TACCTATAGTCAAGCG-D1_NoStim,-0.06508419434248403,-0.0532560080426876,-0.12858149279648856,0.00040922795701625603,-0.022586800653405348,0.005250205200614921,-0.03500798339126021,-0.04036717146159852
TACCTATGTAGTGAAT-D1_NoStim,-0.07398385998250312,-0.03457120267453284,-0.31252173814361583,-0.026047399382969516,0.02649889892366275,0.018572424050638858,0.03804498694807901,-0.039975439143201896
TACCTATGTCGCATCG-D1_NoStim,-0.02203300878947445,0.031082888446116286,-0.22392001962642638,0.028623186045114934,-0.096741756209342,0.08746968752360651,0.016387531185391158,-0.009518515525808624
TACCTATTCTCGCATC-D1_NoStim,-0.03558209726882211,-0.028173708911044315,-0.07066560138315481,0.013010369684849366,0.01518425701521231,0.054465127876239805,0.043620484924856484,-0.04418154692105247
TACCTATTCTTCGGTC-D1_NoStim,-0.08789538456714396,0.05759559593566088,-0.3348077525280253,-0.07005030414039304,0.21519297432154616,0.09935437307920658,-0.2085815235830779,-0.08477203939415112
TACGGATTCTTGAGGT-D1_NoStim,-0.1065968841619771,0.07304814066714549,0.04927856910980388,-0.059656145961620055,0.09287199116674572,-0.095392452081132,-0.12007680796899312,-0.06820677585789525
TACGGGCAGCACACAG-D1_NoStim,-0.029510074615792803,0.03069095383295739,-0.0005893113387962501,0.029167692303149195,-0.0795628637373973,0.0067461664563222,-0.021857833915284175,-0.017397542769639784
TACGGGCGTAGTAGTA-D1_NoStim,-0.12862031422707787,-0.05695627733212305,-0.15579346305008102,-0.08263523743743484,0.015153285128148397,-0.10828449207109703,-0.13743108038507756,-0.0961813739526125
TACGGTAAGACTAAGT-D1_NoStim,-0.08299009321903306,0.06113184375446501,0.06790859907129132,-0.035843820208466326,-0.14695703298505336,-0.03771200469350866,0.014983520852797305,-0.06400321046439039
TACGGTACAATGGTCT-D1_NoStim,-0.43664996577334314,-0.05311194480797532,0.19310159566328622,-0.3201513023812801,0.2690433707167994,-0.3419569745782418,-0.6393152978415122,-0.2738379131382658
TACTCATAGCGCTTAT-D1_NoStim,-0.007835522591751243,0.00023016721472046697,-0.24208088334549593,0.12755818128663954,0.0998224846698843,0.17644175404892426,0.2492118222614419,0.0529367157364824
TACTCATCAATGCCAT-D1_NoStim,-0.05355426956920972,0.048298978889457445,-0.0207051656478896,0.012382411599508814,-0.10106917754467126,-0.06839732020956468,-0.0011787006928942745,-0.034282899337993555
TACTCATGTTTGGCGC-D1_NoStim,-0.10235549353173568,0.07423398778777646,0.13067920177744163,-0.01686928345512939,-0.041367380540521026,-0.18661825949651423,0.06872900574550922,-0.06617219372360061
TACTCGCAGACTTGAA-D1_NoStim,0.02080743933177054,0.010833902700735365,-0.0818558607340858,0.09057238756202857,-0.05372467532519032,0.12266412167200791,0.1010978738004975,0.025913912364710967
TACTCGCCAGTCAGCC-D1_NoStim,-0.03582132205714572,0.012089025154638833,-0.035737958092404654,-0.014518856448139772,-0.023642653827291582,0.022940680308044747,0.03797041863337114,-0.0065800530110387
TACTTACAGATGTGTA-D1_NoStim,-0.12393245590556745,0.023978520251224822,-0.0646913818474939,-0.03876907332657531,-0.18609919796949015,-0.02802096419003952,-0.08776537715100297,-0.0854092069648118
TACTTACAGGAATGGA-D1_NoStim,-0.039717752764545367,-0.048792801619288895,-0.2911249945409118,0.08182379129653405,-0.12965744672863977,0.09187389222681652,0.16502630888807968,0.015271010856883649
TACTTACGTACGCTGC-D1_NoStim,-0.027892342709805007,-0.012177146669328565,-0.27841780634744495,0.040287021701530534,0.05493866066066211,0.11009840572109919,0.06418135729053986,-0.007763357132054338
TACTTACGTCTCACCT-D1_NoStim,-0.047027731078234325,0.000824731897026254,-0.04878425192585567,0.004305489058030076,-0.034931656842569936,-0.005372042611297978,0.003979112801328455,-0.04619955571660128
TACTTACGTCTCCATC-D1_NoStim,-0.029106917299323243,0.06790480617719297,-0.12042403772418808,0.0012976788179610566,-0.035109653642027894,0.02282011492751046,-0.03055395058851129,-0.0242394036611433
TACTTGTCAGCCTATA-D1_NoStim,-0.05224366289427351,0.0004308987391219432,-0.10610060240674635,0.03106403731909424,-0.04148386584083141,0.04038400776924611,0.044775438145712165,-0.01790915947547589
TACTTGTCAGGCTCAC-D1_NoStim,-0.12858603855637085,0.0455046445854741,-0.0466994228775377,-0.11268949710241394,0.3938615563801733,0.015354551267982686,-0.060515307511029626,-0.07452985073332918
TACTTGTGTCCGAGTC-D1_NoStim,-0.0708057358006755,-0.016669291357024107,0.13581389714726377,-0.11283532694377918,0.3042504610323338,-0.1690209576312478,-0.42518150640774355,-0.16094397189382725
TACTTGTTCCTCATTA-D1_NoStim,-0.037476166504198716,0.04509822235724492,0.11881197008613142,-0.14563103755519258,0.3156871056959396,-0.07162752332463285,-0.4633470037360148,-0.09883271295358576
TAGACCAAGACCCACC-D1_NoStim,-0.04856384190587626,-0.042564406873198735,-0.16863182585915837,0.010151168975356839,0.03862699624357191,0.06135148283708158,-0.017115911225806357,-0.035424878869065424
TAGACCAGTCATATGC-D1_NoStim,-0.06796778749850674,0.07527329387207615,0.1437607892836077,-0.07859779365152875,0.07649511130114561,-0.20505869758092743,-0.2584725824950942,-0.06687090751858271
TAGACCAGTCTAGGTT-D1_NoStim,-0.03873046162083682,-0.023486638540232363,-0.2615793082158966,-0.0006678067936132237,0.06790356639412032,0.13360551587997005,0.14668395021287806,-0.03246597653985894
TAGACCAGTTCCGGCA-D1_NoStim,-0.09824568104072462,0.004111681430098102,-0.2353381562632002,-0.007248500100359934,-0.1345319398564655,-0.014878571698681675,-0.03959881676993415,-0.062013866117247574
TAGAGCTAGCAGGCTA-D1_NoStim,-0.11929830081933623,-0.06515096380389629,-0.12343587959577818,-0.008568172001499619,-0.10319647807214949,-0.034979722264144364,-0.08477063058565637,-0.10541663214501362
TAGAGCTCATGCATGT-D1_NoStim,-0.021713393121926217,0.014441462500315083,-0.07267873715678874,0.004300865089540196,-0.03061869196783995,0.007393305436952602,0.004211586543481083,-0.0030585109855056913
TAGAGCTGTACAAGTA-D1_NoStim,-0.022908864738612422,-0.03360327903171445,-0.1749940344311618,-0.017508194825069268,0.007201804662431144,0.0066692372129750765,0.008614218331080892,-0.038056716579975
TAGAGCTGTGCCTGTG-D1_NoStim,-0.10706963571695027,-0.023017590978211544,-0.36451342185235625,-0.050739882404151615,-0.09001756186464682,-0.14105562531525795,0.0287200869444888,-0.09647971952241186
TAGAGCTTCCCTAATT-D1_NoStim,0.029159270233382273,0.03315681472614784,-0.17157076665180604,0.04562040908700382,0.00048064481609699783,0.09520308831519131,0.017421115048028124,0.039178082003479275
TAGGCATCAATCCGAT-D1_NoStim,-0.04301996299353483,0.017987432009764603,-0.19270427342031127,-0.005934750195139671,-0.12719629006402755,0.017559983409332958,-0.07811528995515449,-0.047438754283490425
TAGGCATGTTACGCGC-D1_NoStim,0.011399589271411159,-0.026545808313260366,-0.345015716148513,0.042570609091836076,0.04521202399469182,0.1704854300105021,0.08782281219506238,0.002573242150901933
TAGGCATTCCCATTAT-D1_NoStim,-0.07324542017895297,-0.0015100857320717864,-0.3529862090524851,-0.01799413411619888,-0.12497787213282763,0.0034659552177789266,-0.049256180242823966,-0.06615691653577649
TAGTTGGAGATCACGG-D1_NoStim,-0.09617011634539985,-0.03841805944770371,-0.1606939289303284,-0.001380888641545397,0.014493353098361084,0.03536684965883108,0.05040082928116929,-0.045547874782304376
TAGTTGGTCAATCACG-D1_NoStim,-0.09734375843992993,-0.01066606304775597,-0.05927448681565295,-0.06190247767193213,0.21044361465073536,-0.011610324748994927,-0.022010681557184775,-0.07404441533613237
TAGTTGGTCCACTCCA-D1_NoStim,-0.05422567468278139,-0.005703365335785193,-0.017636908420005426,0.01830638771410875,0.029396403475507427,-0.010298167395498936,0.01145284861342466,-0.018791379918443596
TATCAGGGTCATCCCT-D1_NoStim,-0.10812120320424512,0.04857506832276215,0.02569300167714772,-0.03905315472258053,-0.02391355291447894,-0.07369574284983038,-0.07019618392473248,-0.08183331079609779
TATCTCAAGACGCAAC-D1_NoStim,-0.07722612110219984,0.0664979707597606,-0.0712789357372472,-0.020540463921355112,-0.2426984415325819,-0.09669970473710165,-0.06828740897272301,-0.06125218804489663
TATCTCAGTTCGGGCT-D1_NoStim,-0.17646456700808777,0.027649496083434144,0.19916486149285895,-0.03620832942093699,-0.030129589001045787,-0.10516741742067381,-0.04515367425404282,-0.09558507626059942
TATGCCCCAGTTCATG-D1_NoStim,-0.08631336323888483,0.07296817900436636,0.16604290408330336,-0.045236728707267915,-0.1464179062949178,-0.25752442112710305,-0.10553501727498116,-0.0520237175335545
TATGCCCGTGGTGTAG-D1_NoStim,-0.09480236987116619,-0.057467331836841495,-0.4084273466428989,-0.03388782956949399,-0.06901711286816337,0.011791822283697684,0.04994031522354181,-0.062188131382480805
TATGCCCTCCGAGCCA-D1_NoStim,-0.0739820548104948,-0.028981339175699006,-0.2684775636361607,-0.02740265655309493,-0.04523847525178226,-0.0034663459254726803,-0.0417566831626619,-0.07151919554664588
TATTACCTCCCAAGTA-D1_NoStim,-0.07587798726018491,-0.03244525792937125,-0.09680658350972493,0.01892076455111713,0.027848608604074343,0.054382088854707966,-0.002661315427043398,-0.03143145269009118
TCAACGAAGAGCAATT-D1_NoStim,-0.0025975390685015753,-0.0037007204365178126,-0.11572781453002179,0.03638039683310801,-0.03448421432537785,0.046999103989397994,0.03688020947339954,-0.012552571503087862
TCAACGATCGCATGAT-D1_NoStim,-0.03915870148218836,0.010681666052301253,-0.19913502998819865,0.015404871293446476,-0.15017465021147203,-0.02104311925653768,-0.0178205136470595,-0.0416324883479362
TCAATCTCATCGATTG-D1_NoStim,-0.04126595511105258,-0.04474902299405237,-0.1849022722837539,0.005727127232987073,-0.021980627501703154,0.015684383678849834,0.02105329943791201,-0.02513949675106275
TCACAAGCAATCTGCA-D1_NoStim,-0.01769787782722787,-0.0563610936281318,-0.19020710039159283,-0.0013709885030586122,-0.002509417040061024,0.08163505465209653,-0.0156831063813776,-0.004646936845604799
TCACAAGCATATGGTC-D1_NoStim,0.03909115647635275,0.032761981964938514,-0.03757721457657581,0.006680461276978633,-0.017184101687471198,0.02329483347800565,0.0014396426182679,0.01518543150662488
TCACAAGTCTCGCTTG-D1_NoStim,-0.07906393748637974,0.047633793483715436,-0.22352417452721163,0.027921764062602605,-0.10579545854150751,-0.007109018624682051,0.00036385348241374516,-0.054389005449532846
TCACGAATCACCTTAT-D1_NoStim,-0.011195637174747475,-0.03542270962741334,-0.2471952321221984,0.03278449508512438,-0.0060666759221756905,0.04261125141662081,-0.05626331998227396,-0.005885837473925903
TCAGCAACAAGAGTCG-D1_NoStim,-0.005178575574054989,-0.020266319378281494,-0.10062481466983897,0.00960162194134817,0.05122709107718215,0.06050479281224064,-0.03096476125837455,-0.007175558497214851
TCAGCAATCAGCGATT-D1_NoStim,-0.09339701049613502,0.08706862082395972,0.15426848258878678,-0.05278209672341205,-0.222841406591618,-0.26809197140363494,-0.2449291419926869,-0.06320616064869711
TCAGCAATCTCTAAGG-D1_NoStim,-0.03436069162389899,0.06360516733400523,0.14661833282154468,-0.0030323443739330713,-0.21698840115152151,-0.1315727742177426,-0.10643228723604636,-0.025582963833231886
TCAGCTCCACTCGACG-D1_NoStim,-0.16330554629779748,-0.06281685728128217,-0.12149065560383221,-0.04280006096388789,-0.034088217428349665,-0.06021386314898436,0.049890026670906806,-0.09799800566216454
TCAGCTCTCGAGAACG-D1_NoStim,-0.03866572499983256,-0.01599365436931066,-0.2571628486272921,0.018471020449466025,-0.03655942840804549,0.0592502439707383,0.016329157923087756,-0.02081539367716445
TCAGGATAGTAGATGT-D1_NoStim,-0.03472861876488409,0.03465515131309793,-0.19487626849778827,0.033367861134957266,-0.1439989302963447,0.02690779417804734,0.004955480028459469,-0.029162291487756065
TCAGGATCACCACCAG-D1_NoStim,0.09833654924266533,0.11148579408321169,0.1578174672087087,0.053776883061260605,-0.0346903610250866,-0.04580818362726724,0.09081694332952406,0.0239298251022948
TCAGGTAAGACGCACA-D1_NoStim,-0.045081308053324776,-0.04719602955475111,-0.1306307590060065,-0.006570232726550884,0.04998958804950959,0.018504872458541044,-0.0077496153069480656,-0.054535367852759364
TCAGGTAAGGTTCCTA-D1_NoStim,-0.08729025930744427,-0.024223619048855838,-0.16721951110790378,0.025029514447014733,-0.0005140434262962401,0.11055016709181409,0.0030560612873946624,-0.0437217318406411
TCATTTGAGGTCATCT-D1_NoStim,-0.059776033857930955,0.0048741838656152225,-0.28798148661711664,0.027497944004391428,-0.011767048325888041,0.11762167352081487,0.013602928951769844,-0.026104444139418703
TCATTTGAGTCCATAC-D1_NoStim,-0.31496472577730117,-0.022505881996917054,0.09232820999076274,-0.2350718025363463,0.36218040436240706,-0.17635985037411395,-0.4614594164249253,-0.2130250277110175
TCATTTGAGTCTTGCA-D1_NoStim,0.0010211529698569421,-0.05915039583741866,-0.28943095672129004,0.04530353183560898,0.043431428649595816,0.11993907571066487,0.07411675185716193,-0.002312941578189509
TCATTTGAGTTCGCGC-D1_NoStim,-0.1172091798358359,0.020371585126195413,0.0420310318043704,-0.08811030844501389,0.10259857800331318,-0.0871764338798684,-0.1565147364946382,-0.07944776785109653
TCATTTGCAGACAAGC-D1_NoStim,-0.09316234602319895,0.05441639481820637,-0.09647137743386658,0.01561345349371912,-0.16966216896986808,-0.01408480055304473,-0.014648280607517883,-0.053981227421930456
TCATTTGTCTCGTTTA-D1_NoStim,-0.10756285943903343,-0.024458654305988148,0.10251604654238733,-0.039690813464721586,-0.01606287079905755,0.026887299443549395,-0.017703628666257742,-0.09098504065269708
TCCACACAGGTGTTAA-D1_NoStim,-0.061018570544311146,-0.061792404835784964,-0.2781723901026858,0.026900211772586502,0.06792369255430941,0.08622107410940671,0.07040989367183803,-0.015353434159040447
TCCACACCAGTAGAGC-D1_NoStim,-0.13250236155345085,-0.06319608844592572,-0.03825686374246473,-0.05243441952402783,0.02419844964720319,-0.06674688947172136,-0.062011478616218696,-0.09953737632337578
TCCACACTCAATACCG-D1_NoStim,-0.1873335171962296,-0.08480198546950923,-0.15632121266926902,-0.1419329787259045,-0.07566837075243704,-0.19280134729287468,-0.2134559336636208,-0.15736428018263204
TCCACACTCACGCATA-D1_NoStim,0.011486811949733777,-0.02036230265139949,-0.24256394142053495,0.014071541801406795,0.002903103658745465,0.08758073106082609,0.06751528065352597,0.009578107500043842
TCCCGATCAGCTGGCT-D1_NoStim,-0.07873558309388073,0.035704128400842805,-0.13905091060305352,-0.09399829400187976,0.133249565077886,-0.21139336382058804,-0.7451871905862273,-0.13469414487973808
TCCCGATTCCAAGCCG-D1_NoStim,-0.10762503491425335,0.01110668521358349,0.019290832668740876,-0.03351678068695385,0.03971996983797865,-0.03362683136264444,-0.024835565247222746,-0.06533647024637546
TCGAGGCTCTGATACG-D1_NoStim,-0.11591694603986902,0.0456589139620025,0.2649033682799562,-0.12843211634177187,0.4006036672845319,0.009862202020210376,-0.040335431759477736,-0.0789518943516061
TCGCGAGAGATGTGGC-D1_NoStim,-0.03647999264233981,-0.02959097513592468,-0.20328160724857014,0.009927262361891565,-0.04607702324184437,0.032086611036855395,0.0590382047983713,-0.0332319578065583
TCGCGAGGTCTGCCAG-D1_NoStim,-0.3056978657839675,-0.031374427197148336,0.2854798674877177,-0.15508232774746844,0.28712361209519877,-0.22394779260626407,-0.2794978145794551,-0.18103958335246872
TCGCGAGGTTGTGGAG-D1_NoStim,-0.07628567729715208,-0.03306975506948007,-0.14414353177017603,-0.00793095484085704,0.009636281908029787,0.02442761456732878,0.04426405930938593,-0.058637386110685696
TCGCGTTGTGGCTCCA-D1_NoStim,-0.08144993571876924,0.05785407793670494,0.11469350602709127,-0.060972284213466565,0.09585688972848772,-0.17070528041614352,-0.2177627244249054,-0.06484542055778064
TCGCGTTTCCGAAGAG-D1_NoStim,-0.05398030343473259,-0.05793719914111328,-0.1717001329193053,0.03494014994235961,0.14968434896699634,0.07908637699958199,0.06681559364421075,-0.0253456847971254
TCGGTAAAGTCATCCA-D1_NoStim,-0.14665699102232566,-0.018170417477788803,-0.18455767562968894,-0.0457814762805242,-0.06049216159692783,-0.023493497716946088,-0.04277868884476366,-0.04466592922055135
TCGGTAACATTTCAGG-D1_NoStim,-0.05970807950030377,-0.07373663131407149,-0.1848156259262197,-0.021821677098900594,-0.12297841883619753,0.046471472956904236,0.02894348298588678,-0.06878910725898812
TCGTACCCAGCTGCTG-D1_NoStim,-0.058123946970621176,-0.0029183914447550308,-0.13076529482900057,0.019526341410626813,-0.014157439140122463,0.05242544685463901,0.026566661563583338,-0.023259636231980352
TCGTACCTCTATGTGG-D1_NoStim,-0.21013937156427076,0.0013040858929151966,0.27815191463463407,-0.18504840481643114,0.4088820785257603,-0.19025915739803967,-0.3360987336589991,-0.1771912380707672
TCGTAGAAGTTATCGC-D1_NoStim,-0.11801052085811214,-0.06316620462702183,-0.14013026140554885,-0.1210651720933349,0.020989420451321905,-0.16006368530136594,-0.1330641399758461,-0.09955649224187368
TCGTAGATCAAAGTAG-D1_NoStim,-0.016938410444241825,0.017974787018825822,-0.2558587409742348,0.047428906225054135,-0.0037462674813166785,0.05208901807374211,0.031381697721351465,-0.005403835219027542
TCTCATACATATGGTC-D1_NoStim,-0.10711555991185762,-0.08652305353791512,-0.2906031559461866,-0.043382545754001356,-0.13214295221487937,-0.06260907129633075,-0.008076603736167698,-0.09410568767047245
TCTCATAGTGTGAAAT-D1_NoStim,-0.08164345466627054,0.031345782781727394,-0.046829052873571086,0.005800537479300871,-0.040093971399382866,0.018081122933478966,0.0343802323860114,-0.059053034613331334
TCTCTAAGTCCGTCAG-D1_NoStim,-0.296661292992761,-0.029415720434927906,0.19331885098620738,-0.1961148368425878,0.0918689326920159,-0.11447758645040018,-0.16462945108626403,-0.18815348335737703
TCTCTAATCAGTTCGA-D1_NoStim,-0.000383200373546444,0.04037125893947113,-0.29267576577446874,0.02646524381289872,0.09237892213634424,0.13495296717761995,0.03126555503618533,0.01347575520166977
TCTGAGACACGAAATA-D1_NoStim,-0.09058252580194193,-0.0568288825497163,-0.23416495587006558,0.009464620121560685,-0.028037851673333947,0.07386853487752187,0.02710482849478657,-0.04812859675791792
TCTGAGACAGTTTACG-D1_NoStim,-0.008860900133635496,-0.020550352064644173,-0.22243223623151032,0.03230608342304464,-0.06799276091387974,0.07424748229846667,0.09553214754454409,-1.58855990317619e-05
TCTGGAAGTAGCAAAT-D1_NoStim,-0.11693223504637551,0.01936241156881202,0.04819078499515861,-0.06896243041637717,-0.06524622488490017,-0.029266596875379136,-0.41828564692751513,-0.09247894969414716
TCTGGAAGTAGCCTCG-D1_NoStim,-0.06031297103745459,-0.0031399301763439524,-0.0869463330222402,0.010246603183421854,-0.045002627194906,-0.011202069945817072,-0.051556084528944446,-0.014947991823278883
TCTTCGGAGAGACGAA-D1_NoStim,-0.051308721975738436,0.04817151423312893,-0.21458470839427157,0.05929054458719918,-0.1405010383602221,-0.038651080949549055,0.1613683577844025,-0.010882095105612777
TCTTCGGCAAGACGTG-D1_NoStim,-0.13331516594043258,-0.01489436349537776,-0.10320476495099484,-0.004458108836928432,0.0537296814216468,0.07754341401468245,-0.018096038064862263,-0.04945622145309514
TCTTTCCAGCAATCTC-D1_NoStim,-0.11115149138222691,-0.032604348748799694,-0.26907048351674234,0.02191310078976727,-0.15190578512798147,0.03865731144352402,0.0837444703376713,-0.07280801674689741
TCTTTCCAGTAGCGGT-D1_NoStim,-0.10337039676483428,-0.03927054180084255,0.08155231202444746,-0.06212758934490559,0.10795583790809005,-0.12615781298641693,-0.1318500092327195,-0.05522071550780616
TCTTTCCCAAAGGAAG-D1_NoStim,-0.03715762308925363,0.0023331179253585077,-0.08503572578635854,0.021903451238827643,-0.010222707320783897,0.08767659166392328,0.061871460464520744,-0.019903636808297875
TGAAAGAAGTCATGCT-D1_NoStim,-0.10700703979024517,-0.03751848029522975,-0.24604819771876585,-0.012145734974055244,0.09492612939957468,-0.014515330390464598,0.0832283026387941,-0.06934226786735209
TGAAAGAGTCGTTGTA-D1_NoStim,-0.13230016488126317,0.043979032695927955,0.07774534462931904,-0.06323012809995632,-0.08716933803804494,-0.09117312698252356,-0.1098449365938956,-0.07818128330874785
TGAAAGAGTCTCTTAT-D1_NoStim,0.01680829243340476,-0.04892934803193505,-0.09197690122438473,0.02359960836475672,0.003044008657163033,0.12037249656988536,-0.043209888738411806,-0.019773681049121805
TGACAACAGAGACTAT-D1_NoStim,-0.06333039863838508,-0.08481574070690989,-0.496463350367371,-0.08123760623272958,-0.24289093376643045,-0.1663217131169068,-0.056001407599990394,-0.07869092784629927
TGACAACGTGCAGGTA-D1_NoStim,-0.10545456090252614,0.03090415756838283,0.14134676704437865,-0.05624051979815192,0.19540352664624372,-0.002660885629586218,0.06973620756023236,-0.05035997876400167
TGACAACTCACTATTC-D1_NoStim,-0.1815730044585422,-0.03954263208634501,-0.10092790911913596,-0.11218569365619224,0.19697391595369673,-0.10777734749781853,-0.27204971977623327,-0.12758538332228575
TGACTAGAGTTGCAGG-D1_NoStim,-0.01712064971238547,0.05956411563924924,0.037836618270473465,0.005378714716639976,-0.05900006949829084,-0.0955722694700345,-0.17898609715642344,0.006321771956359967
TGACTAGCATGGTCTA-D1_NoStim,-0.2644425874247833,-0.004837339443241717,0.13707664744453218,-0.21371050556128424,0.0492933777127611,-0.35194709737435126,-0.5981664552293484,-0.18845045799681515
TGACTAGCATTGGTAC-D1_NoStim,-0.03501590862937576,0.028147660511725903,-0.1299965671696981,0.02600632316721274,-0.03512899188894636,0.032772256306232705,0.011894348361205509,0.00145041497456333
TGACTAGTCCGCGGTA-D1_NoStim,0.011824982077898838,0.06258271161752837,0.01909936798666756,-0.08504554651926988,-0.044566309594536335,-0.10102569864468158,-0.3941172072584447,-0.0835809032059931
TGACTTTGTCGGCACT-D1_NoStim,-0.19275457212408043,-0.06440444459423134,-0.22231681014967997,-0.021311551753740332,-0.05916240380402016,-0.007673467733314787,0.09929236506703454,-0.052052842319579185
TGAGAGGAGTTCGCGC-D1_NoStim,-0.032438147078149626,0.06216608647920552,-0.15805623290826887,0.020167669100917607,-0.06337332048991229,-0.019454017123926803,-0.06725820308261099,-0.012352069106599473
TGAGCATAGTCAAGGC-D1_NoStim,-0.07847988123691252,0.03622624122458795,0.045658964632195875,0.006175664073328591,-0.263235408749253,-0.1727161961116206,-0.131737130458232,-0.039030042008137755
TGAGCATCACTACAGT-D1_NoStim,-0.027377177437251987,0.041095419608312866,0.17115043340546343,-0.0011055262771986207,0.14336179118523518,-0.01318187128199888,-0.0009894295764096839,-0.007749323620688031
TGAGCATGTGGCTCCA-D1_NoStim,-0.056371092671614775,0.017589441565682762,-0.08413741145811926,0.0253179996717936,-0.09645634883938037,0.03401791827105072,0.04591251040639399,-0.01249386216297843
TGAGCCGCAGTTCATG-D1_NoStim,-0.11687288166982768,0.04864068821984446,0.0543821809249021,-0.010496758379293425,-0.19357174353970663,-0.02420879496360584,-0.029141844440630393,-0.06401859118527398
TGAGCCGTCAGTTAGC-D1_NoStim,-0.051531470289667425,-0.038769535260838595,-0.41792842087543747,0.09438227258759113,-0.06210155892208036,0.18182778334377403,0.30490682307729955,0.01624196847219217
TGAGGGAAGCCGGTAA-D1_NoStim,-0.09224453975520852,-0.04616341976674576,0.01898986751369236,-0.0131105311116535,-0.02066094390725759,-0.033789017129180365,-0.015911280308440467,-0.07015146599812105
TGAGGGAAGGATGCGT-D1_NoStim,-0.14096166411785305,0.023957001649128173,0.17742534053455827,-0.1711884363754148,0.32753693989119625,0.012377743554036869,-0.21882133134409898,-0.11866943651522988
TGAGGGACACAGCCCA-D1_NoStim,-0.06402446046412891,-0.04077131951169832,-0.22859089309849168,0.046356621567662515,0.005810073649380243,0.04968531391705433,0.004470576192878717,-0.02694232929533058
TGAGGGAGTTGACGTT-D1_NoStim,0.026062609756444033,-0.0002861461333836246,-0.2573893509970695,0.052362977025072865,0.06831619707035586,0.13532727132100142,0.09972713429385882,0.025524699460715894
TGAGGGATCATGCTCC-D1_NoStim,-0.09556844101120276,-0.06254694926002102,-0.3042560000065926,-0.029423384004696018,-0.20645789966089012,0.0012935523811448135,0.007868393984995947,-0.07596669951052526
TGAGGGATCTTCGGTC-D1_NoStim,-0.05361313432350556,-0.06988469431506417,-0.23118923325768037,-0.03658411724656574,-0.10696539510008307,-0.06519966806190691,0.01310311862778235,-0.06612722299186835
TGATTTCAGATCCCGC-D1_NoStim,0.06656243265748252,0.04026946489826244,-0.02204023744210737,0.09110042400286567,-0.25574750698349646,-0.07916465932619765,-0.14454379958347996,0.018242321090367497
TGATTTCGTCGTCTTC-D1_NoStim,-0.004825163167456736,-0.0031728054473560974,-0.2217239432414182,0.025239354694839733,0.0013801792640144583,0.09441162367734535,0.007731234930476116,-0.008316853544810598
TGCACCTCACGACGAA-D1_NoStim,-0.06910244454937065,0.00621006589388351,-0.1237665752466306,-0.0006430745622214573,0.07067850398437514,0.06710453389026938,-0.018710951582194824,-0.0560764840507435
TGCCAAAAGCTTATCG-D1_NoStim,-0.05242669577918768,0.020899960021408148,-0.00448703065431566,-0.0812019586449022,-0.20416089118897673,-0.16773257642657668,-0.15049961032140846,-0.04019238812810144
TGCCAAAAGTCCGGTC-D1_NoStim,-0.07160253490237345,0.052030587698320474,-0.0818891211449575,-0.03718361992230612,0.08247005536480145,-0.04096891324501861,-0.10155192636943511,-0.05063597655664864
TGCCAAAAGTGGGATC-D1_NoStim,-0.025772820485238768,0.0024055145260319932,0.17050661330418215,-0.10744226286465519,0.1513484194474266,-0.006183017273327707,0.12021808721183547,-0.059684936854509374
TGCCAAAGTCCGAACC-D1_NoStim,-0.036591897217020275,0.020205128552595042,0.15373214181826533,-0.010032187039760387,0.11645203004859006,-0.049072625195373476,0.015147490895705662,-0.04519517128448136
TGCCCATAGTGGAGTC-D1_NoStim,-0.0685475420963968,-0.004308205187268044,-0.0690693905581341,-0.02198308278829053,0.11018563945046012,0.057951645401404406,0.040626932773497604,-0.04913903801989328
TGCCCATCATCTGGTA-D1_NoStim,-0.2346569997766963,-0.08061422740218305,-0.011064467041865811,-0.07479145591415914,0.012646446664383859,-0.13880954171430027,0.0889837756834373,-0.1290752202065697
TGCCCATGTGAAATCA-D1_NoStim,-0.0003293135348645393,-0.0050234489704248375,-0.18912221473927815,0.03307426130012736,-0.013261842763959919,0.09517463230468604,-0.02747711315765322,-0.010197355871333968
TGCCCTATCTCATTCA-D1_NoStim,0.010821045870535784,0.053906594282087994,-0.380274263167788,0.02461358443265027,-0.18886320530673117,0.04430419902552174,-0.07294072676938779,-0.014406371175288868
TGCGCAGAGATGTGTA-D1_NoStim,-0.11566567714284659,0.02715111815521354,0.0702885455748774,-0.09539347206989746,-0.1409579500847702,-0.2533984523625161,-0.4503371693774456,-0.10576171933154654
TGCGCAGCACAAGTAA-D1_NoStim,-0.03518329251591901,-0.040559658857466374,-0.19117922154987177,0.034251191419755855,0.004191812538063999,0.0666320877147184,0.09508601037195774,-0.02250833790473017
TGCGCAGCACCTCGTT-D1_NoStim,-0.0800014622318912,0.055875913036048885,-0.30436892767600376,0.017544834217160243,-0.23356575971767413,-0.004775223861065214,-0.07461227071256271,-0.04669702940680587
TGCGCAGTCTACCAGA-D1_NoStim,-0.053529377526635,0.016319761364201213,-0.22499818194797072,0.032218271644236296,0.10373801536709415,0.09877185047998616,-0.01274871383670817,-0.01042745856773486
TGCGGGTAGATATGGT-D1_NoStim,0.003976416297762242,0.05980768323335717,-0.10778755182051825,0.05373450182899475,-0.2012740011587315,-0.017010669632956166,-0.027249086982584103,-0.009072248108786596
TGCGGGTCAATCGGTT-D1_NoStim,-0.030298395087239527,-0.05810975499306181,0.0017460638991000366,-0.04136175361332839,0.05969130635471309,-0.058176902056487734,-0.07991537707374174,-0.03853300853580599
TGCGGGTGTAGCGTCC-D1_NoStim,-0.07957854578143575,-0.052243942982215685,-0.12296805122752374,-0.021103947897113784,-0.04124587866341578,-0.028546119100503198,-0.023590760724990112,-0.08377476832256647
TGCGGGTTCAACGGCC-D1_NoStim,-0.0833029817953772,0.004389764354268522,-0.09868038304523985,-0.14366176567668454,0.04837931287273278,-0.13811537808018226,-0.42802872555117943,-0.1422997959828134
TGCGTGGCAGATTGCT-D1_NoStim,-0.012024376118390023,-0.03424684007095813,-0.20721488123045972,0.009996651283081803,-0.05466957396592953,0.0323309355709398,-0.04657410644221116,-0.019745841443425505
TGCGTGGTCAACCATG-D1_NoStim,-0.1338558725321679,0.04659023531142914,0.21205045819845125,-0.06911819383041617,-0.07357264472365621,-0.11168674071437046,-0.14386760868770665,-0.08810192607037592
TGCTACCCATGTTCCC-D1_NoStim,-0.06595343527822806,0.038197462566033735,-0.06763986437974623,0.05577829871618256,-0.274176934377806,-0.13074703091636053,0.3532416134853742,-0.012062799994705387
TGCTACCTCAACGCTA-D1_NoStim,-0.09409993248060111,0.019005135559785558,0.032055468227286,0.041278338964552574,-0.17872110226003102,-0.039042350746157695,0.543229601864379,-0.04321534447440989
TGCTGCTCATTCGACA-D1_NoStim,-0.15588035579517623,-0.035939206541986124,-0.2982123730632509,-0.07615896134974776,-0.058569740149296834,-0.1107937797196561,-0.11849515395737775,-0.10105066628866055
TGCTGCTGTGCTGTAT-D1_NoStim,-0.05128558323079524,0.00021088094822729886,-0.22003116387982757,-0.043205967093637554,0.27910315549605613,0.040377028337285736,0.056704362977955114,-0.06085684288648707
TGGACGCTCATTGCGA-D1_NoStim,-0.24805184056709884,0.01651995380613691,-0.11339332179078809,-0.12479863538232117,0.11468872797030905,-0.17185724809170644,-0.3265304277527745,-0.14900734154842432
TGGCCAGAGACTACAA-D1_NoStim,-0.05270796690257562,0.05805081391614664,-0.1443822855840331,0.01224966047857734,-0.1857565833487218,-0.06104228482577767,-0.03985949323399307,-0.03245234793442542
TGGCGCAAGGTAGCTG-D1_NoStim,-0.040317097126125745,-0.042477268134462065,-0.1787087132920373,0.024897956205020222,-0.07427680942609527,0.09541804840069368,0.053304889904935315,-0.004738845196600394
TGGCTGGGTCAAAGCG-D1_NoStim,-0.023890222203712952,0.051404044930757564,-0.14526351686583538,0.041801428260313855,-0.07377851752243814,0.014960879180076603,-0.021020176588443462,-0.011255219265338567
TGGCTGGTCCGTTGCT-D1_NoStim,-0.005662297317448051,0.06911080828925442,-0.4369754537508861,0.010918861384162426,-0.025447569497107025,0.052633765190604365,-0.136614811058954,-0.020115623248681658
TGGGAAGCAGATAATG-D1_NoStim,-0.0935630235930418,-0.05859326112075003,-0.09771331281000606,-0.01726131213733595,-0.027781503454924916,0.02945492266069394,0.0339219372285231,-0.04684098303616757
TGGGAAGGTACGAAAT-D1_NoStim,0.09237026774941448,0.06277173578158468,-0.12014398272177473,0.09435192351860877,-0.29622582399129094,0.0409330936498602,-0.047208547384885335,0.015182031897557735
TGGGAAGGTAGCGATG-D1_NoStim,-0.10896679136888743,0.03875302892455501,-0.17775299254869914,-0.06894093035227122,0.07198657654335605,0.006710059813737956,-0.10075774527637904,-0.0746048441492313
TGGGAAGTCAAGGCTT-D1_NoStim,0.024680601019937853,0.01754238643470707,-0.15473677824148524,-0.0028541265365262802,-0.04579034997206399,0.06231300897030145,-0.18157559456977612,-0.024145412678045375
TGGGCGTAGGGCACTA-D1_NoStim,-0.03720882101329259,0.03935533343707931,0.018049559076544597,0.02636324511018273,-0.15524641162648756,-0.004848810693347971,0.012290830601829672,-0.016996662704720222
TGGGCGTCAAGGACTG-D1_NoStim,-0.03229079344818331,0.015695155865138588,-0.05679370401398032,-0.0063794362549867145,0.027850097423472775,-0.007935420411342875,-0.024311401590739745,-0.014338618138252102
TGGGCGTCATCCGTGG-D1_NoStim,-0.06370807590045935,-0.012153721208038704,-0.07976261451365829,-0.03661201042682549,0.06287136665741322,-0.008502309181030121,-0.03542912487644756,-0.06579913022940609
TGGGCGTGTAAAGTCA-D1_NoStim,-0.03853187300313721,0.05203760708249483,-0.11950945240382183,0.022774455737275545,0.14364825729966668,0.07064653752153305,0.037584389673608776,-0.000977895525384298
TGGGCGTGTACCGGCT-D1_NoStim,-0.0773900695683647,-0.06486797895734142,-0.14892319330465398,0.011312976858398827,0.17146746501277654,0.07345490422365764,0.09681540419270895,-0.030784646623322587
TGGGCGTGTCTCACCT-D1_NoStim,-0.1152177386659794,-0.05242076672780094,-0.12325083727517594,-0.012388325829272517,-0.03701568985614401,-0.004629707036685637,0.020806851525073,-0.07146790181956852
TGGTTAGCAAAGCGGT-D1_NoStim,-0.09715000081285119,-0.07945980748246839,-0.34253524507631283,-0.05623264063675748,-0.06702684431708938,-0.04479221420489843,-0.02245372317340877,-0.06964603439399397
TGGTTCCCAAGCTGTT-D1_NoStim,-0.0875124256296207,0.001273772724530886,-0.004452891269579595,-0.018391123329545067,-0.0852295662579472,0.011695680895385863,-0.014205141552845024,-0.09043846893988317
TGTATTCCAGTAACGG-D1_NoStim,-0.06217541745626676,-0.05287859788179006,-0.17165784708838316,0.014810449392493652,0.1156551190874886,0.10588543850522747,0.05403401833081567,-0.024979076489714203
TGTATTCCATTAACCG-D1_NoStim,0.05640677781448211,-0.012779103155684979,0.032971281898131366,-0.011419370918364535,-0.059643860612268895,0.0070106098681481654,-0.24675456700499687,-0.020172617916816904
TGTCCCAAGACAAGCC-D1_NoStim,-0.009110668620762041,0.0017095144540402174,-0.2393537452258272,0.012798531498638965,0.008472376101201107,0.08064999224527725,0.017277539468009806,-0.02691072652871007
TGTCCCAAGGGCACTA-D1_NoStim,-0.06477638636339123,-0.03743063129256008,-0.23344408998303123,0.00509603242310952,0.005334744901059452,0.038444260861666635,-0.10437733251653736,-0.06085946063158687
TGTCCCAGTCCGTTAA-D1_NoStim,-0.019649339607251903,0.039717546774941326,-0.0891854206331093,-0.0013447375986679333,-0.14780178485014517,-0.02417385535968286,0.10108431617051927,-0.016345836485896825
TGTGGTACAGTGAGTG-D1_NoStim,-0.0626333331401181,-0.007604611500150682,-0.21150583439424508,0.000739845751793311,0.016863233615721285,0.00698404318204382,0.0313720469301364,-0.01870551422141986
TGTGGTACATGGGAAC-D1_NoStim,-0.03695069153014785,0.048714728628091564,-0.13852202364690314,0.032863512624544455,-0.013459279177475025,0.025035878984061455,-0.040809381511517806,-0.016912931652457885
TGTTCCGCATACTCTT-D1_NoStim,0.0033368916845137875,-0.04678333818679903,-0.1549549242396786,0.03294844349998449,0.06494767550770852,0.16263652214161883,0.0802693654260156,-0.0198392555512239
TGTTCCGGTGTTCTTT-D1_NoStim,-0.153869910293146,0.05376481089140128,0.08983832969039263,-0.06917973369760233,-0.05227457191749352,-0.11856236757296656,-0.16964328333526435,-0.0942585242811873
TGTTCCGTCCTAAGTG-D1_NoStim,-0.04336911254993048,0.06528798534383462,0.09636246731386677,-0.0019352509624379621,-0.26188180483173085,-0.13579182519171873,-0.08487095425067093,-0.046837313296386185
TTAGGACTCCACTGGG-D1_NoStim,-0.09541549643745739,-0.023839026532890273,-0.19831376990088145,0.01211712390679942,0.03968904178589305,0.04085181460969789,0.021245593815667707,-0.05139288862181424
TTAGGCAGTCCAGTAT-D1_NoStim,-0.09923704942893075,-0.009065621194800144,-0.2923742242591416,0.004955280178624122,-0.07073939632668491,-0.04581152555631007,-0.05523593483958056,-0.05861418674784957
TTAGGCAGTGCTAGCC-D1_NoStim,-0.06619240850811714,0.006231562071020491,-0.07149770904295849,0.0018336537462921854,-0.020397018657400068,0.013652902617329765,0.04762840578245564,-0.06301522562240258
TTAGGCAGTTAAGTAG-D1_NoStim,-0.17476311771246067,-0.03331061015464698,-0.25261035252912833,-0.06854771498658252,0.040365505053495454,-0.09581301438041123,-0.02693684302536159,-0.1146627249050951
TTAGGCATCGTGGTCG-D1_NoStim,-0.17468642123638745,-0.05716652494787411,-0.2056528477805717,-0.0410990583242814,0.0686693854442364,-0.07138585881730997,0.050807395627874286,-0.0838012861875761
TTATGCTAGCAGGCTA-D1_NoStim,-0.09162152796714729,0.03612082195426858,-0.04589493422863811,0.03697448391105773,-0.19000949334178685,-0.041378563152779435,-0.014157038608907158,-0.04460526619726224
TTATGCTCAATTGCTG-D1_NoStim,-0.09809614643783071,-0.06006653491020941,-0.12856600227375736,0.012321097036240403,-0.030655933738373164,0.012110207067594025,0.02604029242138939,-0.07959741288173028
TTCCCAGAGCTACCTA-D1_NoStim,-0.048095139912961216,0.025816358652575033,-0.056838297836861784,0.011479665215365031,-0.09863865627959711,-0.01679544486043838,-0.020704457864765047,-0.02864412396573357
TTCGAAGAGCTGAAAT-D1_NoStim,-0.05386726157639643,0.0047779838944066455,-0.09143286069737222,0.034182171084777835,-0.06100937819299368,0.0673951995737907,0.05154479868635997,-0.027476047376303825
TTCGAAGGTACAGTTC-D1_NoStim,-0.08436380708369029,0.05570678464657064,0.0035086289760339895,0.03212555076639845,-0.3003855494911054,-0.10857112614885445,-0.047688045092206366,-0.019145838696191575
TTCGAAGGTCTTGATG-D1_NoStim,-0.04717075930653891,0.021496127737451687,-0.05552844214129671,0.00399338487690315,-0.0884981997612222,0.04603057707769054,0.023078518490835975,-0.03618471731341977
TTCTACACAACTGCGC-D1_NoStim,-0.0013511918595021655,-0.031215345953679474,-0.23763071693540283,0.027782061656672852,-0.0012662008446273632,0.09145580488093419,-0.01596289062917311,-0.01616894198680008
TTCTACACACTCGACG-D1_NoStim,-0.02996811327421689,0.06355907545223793,-0.3879627922223641,0.0026093726022313746,-0.03317359651314078,0.056222878719509595,-0.041844006342869555,-0.00715398531498046
TTCTACATCAACACTG-D1_NoStim,-0.021358842273714984,0.017446780080083713,-0.17784246600768228,0.0216885769904529,-0.033805419928979674,0.023594127906502393,-0.024194413638607415,-0.020554513202819535
TTCTCCTCACCTCGTT-D1_NoStim,-0.16821081253242376,-0.039946578418495804,-0.08660765258004588,-0.05963537848184863,-0.03212608777913317,-0.011045207296763948,0.06650773997193671,-0.1027916783247349
TTCTCCTGTGTTGAGG-D1_NoStim,9.318033199434694e-05,-0.008973147144031302,-0.1796535173455105,0.044001916881963865,-0.02856401667762043,0.009594440744482569,0.008086224440516876,0.017192565562966777
TTCTTAGAGGTACTCT-D1_NoStim,-0.01068124802931436,-0.026157403074238417,-0.23913934906940781,-0.010849046081929714,0.02242760558905843,0.057852104544585004,0.05291066258892663,-0.04190298727522901
TTCTTAGCAAGTCTGT-D1_NoStim,-0.10257259489626946,-0.05919401891515008,-0.11193683028567492,-0.0017007194812332926,0.09201153015565211,-0.00025870059364674347,0.141980544489126,-0.03979646259034375
TTGAACGAGGCTACGA-D1_NoStim,-0.08615313214462184,0.0032209536235345837,-0.23553808821188937,-0.000944965759098082,-0.10256036152530612,-0.0063473593875302825,-0.037489509811475585,-0.05416439063001022
TTGAACGCAAAGGTGC-D1_NoStim,0.03027968655232094,-0.03765593396287947,-0.22002577525518063,0.056360647274424025,0.003131155422620324,0.12466484278729073,0.040167507382929735,0.002169573642817113
TTGACTTAGATGCCAG-D1_NoStim,-0.07882727250075483,0.06020954947552681,0.05549872019849644,-0.01612466594850126,-0.1582081440462879,-0.12210879350729442,-0.0935364818968667,-0.0599576232395318
TTGACTTAGCGTTGCC-D1_NoStim,-0.0862576964545223,0.027829913325648548,-0.18449822087140966,0.025352119827811492,-0.20872301322921416,-0.021296448881122032,0.07470785204698682,-0.06981083887397865
TTGACTTCATACCATG-D1_NoStim,-0.03423035196473023,0.06154226402492036,-0.1590466189389801,0.023836077267841205,-0.17836315134232805,-0.014716552213897671,-0.06367337640879178,-0.018962611663996043
TTGCCGTAGACCACGA-D1_NoStim,-0.17120187983908508,-0.002053196306016858,0.09337774747197614,-0.07180930838147503,0.06185861749510302,-0.0014679558360972678,-0.04792681719251046,-0.05970571082051457
TTGCCGTAGCCAGTTT-D1_NoStim,0.012149799123962524,-0.018494648474355557,-0.10981476118278266,0.020241735301061325,-0.0031110105780634,0.04501260620093195,-0.015466881369932572,0.004691723885537513
TTGCCGTGTTTGTTTC-D1_NoStim,-0.1902898033681275,0.03233516284505633,0.404140289735345,-0.18908902225344626,0.48645292136759366,-0.20371574277446935,-0.19870765484412445,-0.12575204513211702
TTGCGTCAGGGTGTTG-D1_NoStim,-0.13778029396128488,-0.037069807322982484,-0.2630799929292884,-0.04175204828253776,0.015486934376337302,-0.04798918676771535,0.0014078793134961742,-0.06647021014948429
TTGCGTCGTCGAACAG-D1_NoStim,-0.06077633883090705,0.0011267358087145851,-0.2252726536453018,0.0043917905517201206,0.1282915370064135,0.03062039192766175,-0.017376863784523966,-0.04708006883493354
TTGCGTCGTTGTGGAG-D1_NoStim,-0.035013009795260785,-0.02261761493932468,-0.274462192123174,0.028008476521597103,-0.06584199249890155,0.07285860790977416,0.07123066510186904,-0.0019116187694763198
TTGCGTCTCGTCCAGG-D1_NoStim,-0.11617072372071924,-0.06161140496296902,-0.08798886769703174,-0.041254838375163416,-0.06702625298291132,-0.040623653963901774,-0.10254543936908078,-0.11272260206724383
TTGGAACAGGGATACC-D1_NoStim,-0.27681986290374994,-0.037179125043786954,0.3440391995113181,-0.11936773804715983,0.39441033873288056,-0.19977496999884625,-0.12487493934465466,-0.158228355807573
TTGGAACTCACTTACT-D1_NoStim,0.013563980908664064,0.060026501058985104,-0.21703803360015073,0.03145990960629419,-0.03153958781991051,0.09118173143328967,0.009334319446638872,0.011310481946253503
TTGGAACTCCCATTTA-D1_NoStim,0.0805137504686062,0.054382286783431155,0.19632472801056622,-0.07098415175012285,0.01840509614932273,-0.1649373783607615,-0.16287022141734564,-0.017591665819164604
TTGGCAAGTAACGTTC-D1_NoStim,-0.043804657640732714,0.059292111276564086,-0.166189111231013,0.015868704889417273,0.02999045112452592,-0.08112697935803936,-0.12860363139413789,-0.0309934405727752
TTGTAGGGTCCGAACC-D1_NoStim,-0.07482617440655659,-0.05153553415902401,-0.18605865327022642,0.004753975519248499,-0.058291836668040276,0.0574705504126829,0.05766307431595852,-0.01820610157075464
TTGTAGGGTTCAGGCC-D1_NoStim,-0.005556407119120976,0.05139510351612131,-0.17065206470186212,0.05287028483146905,-0.10100667459946422,0.04113428304105149,0.00522329673600197,-0.008964296884020229
TTTACTGTCCGTCAAA-D1_NoStim,-0.1323611055449927,0.06049553445574851,-0.11706372146146649,0.015588093182199003,-0.3177243456958969,-0.03915204921283433,-0.047336362503106244,-0.061822580183722664
TTTACTGTCCTGCCAT-D1_NoStim,-0.07050429292997684,-0.03998859508383923,-0.0589234188175638,0.025524488386873045,0.016702316622147606,0.04359744551193412,-0.0008416362759007256,-0.04609156983076268
TTTATGCCAAAGAATC-D1_NoStim,-0.12322846517242958,0.02411025353970686,0.21860473919871204,-0.15623542606658347,0.41511569773511425,-0.1934983633683096,-0.6387140846134454,-0.16672685942515741
TTTATGCGTACCGCTG-D1_NoStim,-0.029497300839080864,-0.038067865796245215,-0.26467821523147883,0.02285364571309323,0.07386757984076908,0.0748595477359082,0.04311073568532775,-0.02080929129050091
TTTATGCTCAGTGTTG-D1_NoStim,-0.06131844381159901,-0.033362253358340865,-0.21929839417452257,-0.016125588124587864,0.04868538907637898,0.036571726369064805,0.008415670244377615,-0.04998608141871763
TTTCCTCGTCATCCCT-D1_NoStim,-0.10180934772709627,-0.02477036407747235,-0.13852994713793265,-0.008303085271979427,-0.016736268430451062,-0.004704504315710345,-0.006523089466870857,-0.053591349838251645
TTTCCTCGTTCCCTTG-D1_NoStim,-0.101380859880841,-0.10381163089815182,-0.3366515616258141,-0.060476361210771046,-0.13937661969309545,-0.030095883941633872,-0.05468409428954679,-0.09109560175896014
TTTCCTCTCGGCGGTT-D1_NoStim,-0.10173680390637152,0.03651611476627181,-0.12759168955162714,-0.07670382739953752,0.07900768037560724,-0.09726852925722795,-0.2844754651490433,-0.06487409536942224
TTTGCGCAGGAATGGA-D1_NoStim,-0.05131530249704319,0.05932042504373136,-0.29159749699990023,0.012351853185496253,-0.29505416466920664,-0.013983773245207942,-0.059790938864271226,-0.041405717489940486
TTTGCGCGTAACGCGA-D1_NoStim,0.005430838953154549,0.023882675715180213,-0.23108081031130112,0.038770760507988555,-0.053384471832499614,0.08961128538691643,0.027681925542615282,0.00022268470821451558
TTTGGTTCAAGGTGTG-D1_NoStim,-0.0353616094640099,0.04391951174156539,-0.10170220626084614,-0.018761480813058284,0.052470123063510954,-0.07053003461779994,-0.15706613261697555,-0.036886503772704415
TTTGTCAAGAAACGAG-D1_NoStim,-0.07419454873133802,0.062004401898636985,-0.15784130723356782,0.014817608768032287,-0.126593829577903,-0.06559897023288386,-0.08759815811715743,-0.03373885904180618
TTTGTCACACAGCGTC-D1_NoStim,-0.056760342272195174,-0.02281510273277121,-0.2689385919197953,0.03220843650339056,0.031398696912090074,0.06349477536932291,-0.01909217991402201,-0.02435692972349557
TTTGTCATCAATCTCT-D1_NoStim,-0.06357599508390521,0.035857035971508466,0.01589842116169926,-0.02906182217294706,0.07080530321139733,-0.006589579985682548,-0.02151995724524136,-0.052626819601291785
TTTGTCATCGTCTGAA-D1_NoStim,-0.041705319637694416,-0.057769436992701984,-0.14044217302367734,0.04065057298707053,0.08784619188213405,0.07033754605227571,0.014998393968471468,-0.017245811678616718
AAACCTGGTCGCGAAA-D2_Stim,-0.12919932044016136,-0.07771122256900398,-0.1614035002790093,-0.12368105573329835,0.21754512117393254,-0.04038969750046206,-0.2079882255463481,-0.04710032226405403
AAACCTGGTTGGTAAA-D2_Stim,0.015771820156501803,0.02439760364505439,0.007479625966515968,0.06189810178024402,-0.19062300368342022,0.019977161764325402,0.0784446790960942,0.025331824813484616
AAACGGGAGAAACCGC-D2_Stim,-0.03986116928622252,0.03916025667744627,-0.11598863035580109,0.10843420208573562,-0.08477322569987322,-0.037608655454119955,0.21117377429549222,0.05704723101932352
AAACGGGAGAATTGTG-D2_Stim,0.03787406616110722,0.05484827219877353,0.09043757201417257,0.10049683199198789,0.11014477982409865,0.06262563175998537,0.11164346307418604,0.05524651979771811
AAACGGGGTATCAGTC-D2_Stim,-0.09446912252026785,-0.05617676537368865,-0.030750868041899082,-0.12732810494879132,0.11096838840995105,-0.03307615246646556,-0.2121974670092257,-0.055668524459793645
AAAGATGCAAAGCAAT-D2_Stim,0.09897800327389383,0.11208889489130947,0.4038544641655957,-0.020162025645028336,0.18635590973725513,-0.09745876621162175,-0.08419698758554794,0.06828642384851058
AAAGATGTCACAGTAC-D2_Stim,-0.1305578518387982,0.03697916919663413,-0.29369330915793856,0.10749166144123379,-0.27944370882861413,0.025304345180160226,-0.3057754152916061,0.06676284442880842
AAAGATGTCTACTATC-D2_Stim,0.07880409638120334,0.0016400798618043666,0.10051109401585379,0.03596060983617555,0.06034695704137327,-0.03567213041825923,-0.14071998042324552,0.019731225093337912
AAAGATGTCTATCCTA-D2_Stim,-0.08450427062786581,0.05159622008446618,0.13369727178589308,-0.07497308281718418,-0.18734201026632036,-0.2734996640133094,0.11539295401848282,-0.04469211015450547
AAAGATGTCTTGGGTA-D2_Stim,-0.15222645814272262,-0.05208069762665346,-0.17404446191570777,-0.04838277916057798,0.13122303955310066,-0.03999945776724978,-0.5312904937328398,-0.0210355113342775
AAAGTAGCAGTCGTGC-D2_Stim,0.012289685576259757,0.06188608718397148,0.09932879552945728,0.08939346206045506,-0.1796039230894575,0.062113707275182506,0.10890582487656619,0.05057731797445619
AAAGTAGGTAGAGGAA-D2_Stim,-0.05474843046379796,-0.010887707411669112,-0.04806290630633825,-0.07004695768836378,0.08966778259464547,0.03759370175325394,-0.14266058555626415,-0.012538866269190763
AAAGTAGTCAGCTTAG-D2_Stim,-0.006817839374923196,0.04456300975837557,-0.09304023087140934,0.07458748012119543,-0.22161844354832283,0.028225134663950158,-0.3809223806219375,0.03032543263840104
AAAGTAGTCTATGTGG-D2_Stim,-0.1432608151572996,-0.01645238188334197,-0.16039308328467694,0.05725158713324596,-0.11700973607104714,0.02300028395596243,0.4485131826117428,0.016824188856650935
AACACGTCATGGGAAC-D2_Stim,0.06204237682872993,-0.0011371481454727217,-0.011374214343151223,0.031090136581598316,0.019518855736118113,0.029634759280382283,0.02501847995748463,0.01819070315821314
AACACGTGTCGAGTTT-D2_Stim,0.10851380501803654,0.06468950906180737,0.1056294281349981,0.07450577796886293,0.1134222341686435,0.03831014906068475,0.15730981110753994,0.049305078477331676
AACACGTTCACGAAGG-D2_Stim,-0.005350537817584211,0.02717292402247118,0.011307962203920496,-0.03275135574447141,0.0756576925527952,-0.0011026071991047104,-0.1801228170731779,-0.004325833297423642
AACACGTTCTTGTCAT-D2_Stim,0.08492381392306747,0.09478142221190566,0.09240104988913878,0.036973292274055325,-0.024147899240025694,-0.019638371602708204,0.014136382173187023,0.009703559275582307
AACCATGTCATCTGCC-D2_Stim,-0.0899171126509124,-0.0043753551874665675,-0.16774805550085325,0.024751400088053543,-0.1722370498308763,-0.07470273620601553,0.05416966113051025,0.0005078554784088141
AACCGCGTCACCTTAT-D2_Stim,0.07808084257115766,0.05307178925919942,0.1299148416764293,0.06493487822086585,0.06929676733509105,0.046871126522026074,-0.010522148260904807,0.02381743727458918
AACCGCGTCCAGAGGA-D2_Stim,-0.074905771092725,0.04522780590614239,0.09653029297485638,-0.0918218337127712,0.1343294408669724,-0.14288941885915207,-0.25797399033261215,-0.045798294185756205
AACCGCGTCTACTCAT-D2_Stim,-0.10233163189951,-0.023911071312269883,0.009004698794321087,-0.0874038941441615,-0.06342501306190229,-0.1865491607757761,-0.36669258294136675,-0.03550608228582952
AACGTTGGTAAGTTCC-D2_Stim,-0.10235519717780761,0.04101992142051181,0.00862797165259721,-0.06196072626855198,-0.026094981810441453,-0.10298440847689072,-0.7701947775944209,-0.03917816576018218
AACGTTGGTAGTGAAT-D2_Stim,0.053974209530860406,0.06314064177368373,0.07842483985685611,0.06722727276058471,0.14470344575792637,-0.03509886674394025,0.04491390377672122,0.04861225732850194
AACTCAGTCCAGAAGG-D2_Stim,-0.10208869800582754,0.03231385534839326,-0.09935299306977008,0.0016970771810651542,-0.23724607858794222,-0.08776052061531736,-0.11968616073711758,0.0033177869451446185
AACTCCCAGACCTTTG-D2_Stim,0.04931672969337875,0.02688194028134916,0.16864804846463244,0.008037825275071242,0.0033941426417865017,-0.10511166558525709,0.17521674785390662,-0.004888753131274015
AACTCCCAGAGTTGGC-D2_Stim,-0.012343226644659921,0.024321562458341717,-0.09573877487208371,0.0622397794971814,-0.13042090190135625,-0.05288114732974769,0.14792288622955851,0.03235992152526457
AACTCTTTCGGTTCGG-D2_Stim,-0.02952096745153021,0.049787461025747604,0.3075541820880101,-0.008028874115517226,0.2462843439821878,-0.07501401211256109,-0.10161449171467307,0.036950238634684496
AACTGGTAGCATCATC-D2_Stim,-0.16949759396156416,-0.0039552283090174,-0.21079226012471786,0.16186790623488356,-0.30132795672696133,-0.026486572737720593,0.8954749523912682,0.016091753935917552
AACTGGTAGGGTTTCT-D2_Stim,0.05392095788996798,0.027195531123778593,-0.004826329226281345,0.1033405736936377,0.02610804849655679,0.13339801144250352,0.2266420344505784,0.06794222170886854
AACTGGTAGTCCGTAT-D2_Stim,0.0666004464775618,0.0119087526556374,-0.027700844171894445,0.07233114681324615,0.002063168938116533,0.11195405935162839,0.1767529749224579,0.06533992503312369
AACTGGTCACCGGAAA-D2_Stim,-0.015849349057727835,0.07092789315114167,0.13537601134690647,0.04538173237382104,-0.11741135371845601,-0.07767598079893112,0.14123714826210865,0.021298134762187004
AACTGGTTCCGTTGTC-D2_Stim,-0.03465342468446231,0.05556672278775032,-0.15270594863956877,0.11030007769904948,-0.04475504820346998,0.19769183141013968,0.22336148934709676,0.09331960020647401
AACTTTCAGACGCTTT-D2_Stim,-0.034647269630809774,0.018322465761938744,0.10122502033828162,-0.013510935150794268,0.10520296947143493,0.017859963372059084,0.034110503251645774,0.0454772106069381
AACTTTCCACAAGTAA-D2_Stim,-0.16352608574062444,-0.07752985791398537,-0.10115277334755568,-0.10550106869395393,0.08073218425010253,-0.07033632158728054,-0.29413340226923523,-0.03410354252822678
AAGACCTTCCAGGGCT-D2_Stim,-0.07805916197134266,0.05263334604391012,-0.1206227114227385,0.028614075065846123,-0.4019514914074449,-0.10772430852576242,-0.023591485527551193,-0.015510890845604308
AAGACCTTCGTACCGG-D2_Stim,0.0475424525356285,0.043899031881768025,0.06960753661380537,0.09221529794647054,0.062017353361564886,0.027678572287895165,0.07538510317323066,0.06708044615147912
AAGGAGCAGGGATACC-D2_Stim,-0.04685106105858061,0.058178481470090304,0.29162240823210617,0.006543713438727394,-0.005856338365989089,-0.08446442429158019,0.08924259598426154,-0.0005914202919417022
AAGGAGCGTACGCACC-D2_Stim,0.0007873620496710032,0.0657770326622682,0.16997542343692018,-0.013995344387113917,0.0007137051257100069,-0.06842455842592621,0.017634125943274626,0.016303599832701465
AAGGCAGAGCGATAGC-D2_Stim,-0.01909006412533998,0.033367816239788795,-0.08385971453755392,0.04588563015924052,0.050887830709877235,0.05843931962803062,-0.26116891128095787,0.06456935477627823
AAGGCAGAGGCACATG-D2_Stim,-0.0181829527755184,0.045103892299625414,-0.11256795508836426,0.05654900979271282,-0.006196605058899962,0.06563429864681147,-0.209941580481523,0.04259021264725682
AAGGCAGGTAGCCTCG-D2_Stim,-0.1340499491992837,0.005057831344739583,0.0983358881374059,-0.10082563311320492,0.047247788656902046,-0.21196121303788118,-0.16836904172648914,-0.04981727564316252
AAGGCAGGTCGAGTTT-D2_Stim,0.11207503780097738,0.09119528092459639,0.31290615521911036,0.08774955951666996,0.13812842656503221,0.024195335183485156,0.041021707001474894,0.08299927064042478
AAGGTTCGTTCAGTAC-D2_Stim,-0.12741412446820277,0.01047644008235693,-0.23058306957800667,0.0329820966099561,-0.3005514787783081,-0.057686388256053434,0.339542263041384,0.028676067560754248
AAGGTTCTCTCGTTTA-D2_Stim,0.07812048818814255,0.05164540078949109,0.0407268728148491,0.10382278590936878,0.053674701915699785,0.13703591100707335,0.21823656927257318,0.08252464571468643
AAGTCTGAGGATCGCA-D2_Stim,0.03242543440414458,0.039654883861647505,0.04139254419264837,0.0723058522671085,0.10375824815511869,0.08103409097392422,-0.0099735529192575,0.012573647125588394
AAGTCTGCACGAAACG-D2_Stim,-0.052224356524154913,0.07403236186419626,0.23158887498181535,0.04810759004222831,-0.07502252222820438,-0.056222155377865235,0.20117864512855022,0.023536599831736282
AATCCAGAGTTAAGTG-D2_Stim,0.1662090498451949,0.09496120315951018,0.09135421169656333,0.12441973230458991,-0.06596167031213795,0.07897405245236655,0.1424398776449074,0.06485866242124771
AATCCAGGTGGTTTCA-D2_Stim,-0.0567050015514301,0.0071613580226674856,-0.17248692847054414,-0.04156349014914973,-0.11728112774422428,-0.09551267176092182,-0.2124669161719286,-0.028171652153648807
AATCCAGGTTCCACTC-D2_Stim,-0.06963532456900445,0.019299730418024907,0.043137919617825204,0.018198896314489232,-0.12473836639357039,-0.12992250872970423,0.09587826492208595,0.03959154566551604
AATCGGTCACCGATAT-D2_Stim,0.040621427711819535,0.08630511884930492,-0.03068990478079403,0.06627211099975483,0.04221645165883103,0.09630974058033281,-0.12879241740092695,0.052445464096321004
ACACCAACATGAAGTA-D2_Stim,0.154475470065913,0.08914428692211551,0.09692707979366233,0.11606935941838081,0.042330703019423765,0.14406624255959066,0.18657082915617007,0.07971753554044447
ACACCGGCAAAGCAAT-D2_Stim,-0.07696279609390722,0.014352159932942143,-0.08562510237880261,0.12585208372775547,0.08054382203902577,0.11502124456777452,0.13675740146095805,0.03438792844488603
ACACCGGCAATCTGCA-D2_Stim,-0.17509839690380957,-0.0160516981095018,0.03682687918709249,-0.011456317539851213,0.011416810636314167,-0.062359993427147486,0.3054450802948203,-0.011981793461639967
ACACCGGCATATACGC-D2_Stim,-0.0006246349063570023,0.009490531107964273,-0.12044155705482851,0.09286674100090586,-0.16202228968726118,0.11199058531991923,0.18937605661927748,0.05797262294827199
ACACCGGGTTCATGGT-D2_Stim,0.006578168907637405,0.04244525246368802,-0.007291390594080127,0.06319742572474674,0.07205882315163414,0.07452455158285787,0.029071495250808432,0.031978153452985936
ACACTGAAGTTGAGAT-D2_Stim,-0.11252242956947534,0.028311714870893567,-0.20475690151686976,-0.030541200383213507,-0.16771558666991382,-0.004240425015755278,-0.6194267780773881,0.004999806182816258
ACACTGACAAACGTGG-D2_Stim,-0.00600354192696706,0.02819808722919248,-0.04433675985865726,0.13872016858756453,0.0629485006685826,0.1891134847859668,0.21960761289386088,0.08876992289541086
ACACTGACACTATCTT-D2_Stim,-0.07246941791800232,0.01112302515464414,-0.07851585670540295,-0.025919735488107776,0.044663665453347434,0.018148501263301142,-0.1730804904087364,-0.024907321861517673
ACACTGAGTCTAGCCG-D2_Stim,-0.08377225900503049,-0.007746681120325505,-0.25046198675931386,0.15941357699398928,-0.032380324925672,0.23126571654306716,0.3587372125420005,0.10045295814599342
ACAGCCGTCTTCGGTC-D2_Stim,0.03342962223205603,0.04280296766673253,0.032631087067700904,0.0764814249592316,0.11401172992518838,0.04772667027000921,0.12614604043536382,0.04087899226250258
ACAGCTAAGGATGGAA-D2_Stim,-0.09083831039653667,0.03412094293742918,-0.08999631687819765,0.03424086461118314,-0.10266132048469956,-0.004828802285050671,0.2079164652790162,0.017929418004632325
ACAGCTAAGTGTGGCA-D2_Stim,-0.053136638368350475,0.037403230334534854,0.08381944885184645,0.006807698600303169,-0.0710380384147804,-0.07601163245598386,0.18189247798682473,-0.02363103967407909
ACAGCTATCTCGTTTA-D2_Stim,-0.11421756378860337,-0.04239820235468095,-0.37734786290706523,0.15415579406387891,-0.31451497140877116,0.044044807716826284,0.570281942985682,0.06559572034353423
ACATACGAGAATTGTG-D2_Stim,-0.18524444168385124,-0.052528427752362106,-0.2230252194515714,0.004984872871714785,-0.007617722403598037,-0.02798837091515516,-0.15299307106543125,0.032899886051376726
ACATACGAGGCTAGGT-D2_Stim,0.2352715974546573,0.09917589718040887,0.17630260922830132,0.07774850103591113,-0.08092483646659865,0.0902412826412462,-0.18265121104345816,0.04886988467751152
ACATCAGAGCTCCTCT-D2_Stim,-0.1588576270208062,-0.05947384276975676,-0.22280077126980835,0.05351823324575378,0.036190242977079734,0.08189832913044626,-0.20026237210146114,-0.04669466886870843
ACATCAGGTTACGACT-D2_Stim,0.025810529019802075,0.06392273680485161,0.18277881365117743,0.022709129802370498,0.11298073954489674,0.044751696297765875,0.09920430687523485,0.036099291930762334
ACATGGTAGTACCGGA-D2_Stim,-0.05797034763898701,0.08029184344912466,-0.1319608464343789,0.12664908975433775,-0.05827590837415464,0.15629641744429357,0.1526690015898371,0.06562242815936159
ACATGGTAGTACGCCC-D2_Stim,-0.1592264178955265,-0.054127890161554504,-0.022700978301189778,-0.06622271604331686,0.13924676930869673,-0.09628485762328864,-0.6528278045559901,-0.0646987258368199
ACCAGTAAGAGGTAGA-D2_Stim,-0.10094338950851167,0.016560996796094685,-0.05633037421216969,0.036974813129297956,-0.35417234579357526,-0.052500842151575355,0.06754538284211087,-0.0056185399185118
ACCAGTAAGCTCCTCT-D2_Stim,0.008862903866940997,0.05747969468984593,0.27182630442186806,-0.006805250511989769,0.22320451935451224,-0.09605061945513782,-0.06492993907080091,0.058335104621901834
ACCAGTAAGTGCCAGA-D2_Stim,0.08654256142224526,0.06338881421180709,0.19214086403215802,0.07183517741986023,0.08026548904863695,0.05432585442099125,0.21297595384334933,0.07324827082247687
ACCAGTAGTTCACCTC-D2_Stim,-0.1177846291197806,0.04054158706329147,0.027068604164771415,0.09923944578255295,-0.27018157537622756,0.00596613138076485,0.6219987486998804,0.029220621948766734
ACCAGTATCTGTGCAA-D2_Stim,-0.10256820766839247,0.01102539252381618,-0.12470128164407157,0.07238047521561164,-0.2569272586629836,-0.056683010738765915,0.2376478304403129,0.03740314622399232
ACCCACTAGATATGGT-D2_Stim,-0.007876345590819511,0.05394947054845112,0.07737017942342383,0.04626686902072663,-0.03704399382758794,0.001148178388293175,0.11214064210065366,0.02551293842575575
ACCCACTAGCGCCTCA-D2_Stim,0.12968100629768387,0.0776347391410308,0.1549407540713208,0.02570866611194944,-0.011086644291836478,-0.08618298278469183,0.049183181020064914,0.024361192941510623
ACCCACTGTGACGCCT-D2_Stim,0.0381580542811637,0.03176501354516148,0.08154858086241568,0.06185301715960456,-0.021752429816697116,0.047842091998720804,0.11509806376016751,0.04478608823015939
ACCGTAAGTCTAGGTT-D2_Stim,-0.02445314317993663,0.04438496425217764,0.4168014170016914,-0.07796165126750232,0.43486379999574787,-0.22034127024597439,0.1675775179444141,-0.05306965791025675
ACCTTTAGTACAAGTA-D2_Stim,0.036208996961610396,0.0982978944836006,0.01956652752260002,0.04725953398567384,0.05938693694487718,0.12756435154440027,-0.18322738910696046,0.048190787223402864
ACCTTTATCTCTGTCG-D2_Stim,-0.054652085411643014,0.03389661117003939,0.40698408810473374,-0.18586073691554184,-0.006611541934528731,-0.17313532261963438,-1.0734305277017118,-0.09291952571078532
ACGAGGAAGACTGTAA-D2_Stim,-0.1333446720567899,-0.0024140429673842334,-0.19128923150257027,0.06964539843510309,-0.11657761709579972,0.0009454611716481764,0.37409579100077295,0.04862678057076941
ACGAGGAAGATCCCGC-D2_Stim,-0.03926743711386571,0.02276632831081038,-0.10669691660473823,0.10767388535953515,-0.11138205122213485,0.16218018171437443,0.09875924085780508,0.058420870757833754
ACGAGGAAGCGGCTTC-D2_Stim,-0.1512725097894858,0.0003846111949670217,-0.09306098611600788,-0.008698670854975887,0.0271038717169656,-0.02662400438581969,-0.3540349212274805,0.01890330670897633
ACGAGGAAGCTTATCG-D2_Stim,0.039810823654470084,0.07197802720570223,-0.16619994885394718,0.022005188217534055,-0.24914783155811904,-0.03848005616053918,-0.3182442753276451,0.04923825765202672
ACGAGGACATCGGAAG-D2_Stim,-0.19485505345719467,-0.01241941423951154,-0.19269558786515262,-0.019797566559915936,0.05943610196561977,-0.10327128345495495,0.3478204736936945,-0.02787282415035186
ACGAGGAGTGCACTTA-D2_Stim,-0.10782790782295315,0.012376111551253288,-0.06627205058487107,0.009400179336752856,-0.09646362500473593,-0.030326818286802393,0.1881813273066104,0.002707726584169734
ACGATACAGAGATGAG-D2_Stim,0.03907556093550113,0.03615829938449977,0.04786509534530303,0.11992748545753962,0.053471838901943514,0.1000438519734903,0.2234599247324338,0.07223378276754033
ACGATACGTGCAGGTA-D2_Stim,-0.09859461635981503,0.01244857604208427,-0.06879326587563028,0.07467638408474642,-0.07460637401165826,-0.026170605047015627,0.28968960903547014,0.03460841974502138
ACGATACGTGTGACCC-D2_Stim,0.10338650938060567,0.049715377420682216,0.06991156370898288,0.14516670265744658,0.2416792886519854,0.16020002129461375,0.1959950489023381,0.0914705123666355
ACGATGTCATCGGACC-D2_Stim,0.07210226439574541,0.054601145946023166,0.07738430873563829,0.06774767178924002,0.08718441076841366,0.06305521763284894,0.09474262792547616,0.053956942371938155
ACGCAGCAGCTAGCCC-D2_Stim,-0.09301643249941627,0.03148971081657237,0.14327071598632912,-0.1079685715505132,-0.01609830551431557,-0.13455392167153235,-0.08982795591075732,-0.03796996279927711
ACGCAGCCAATTCCTT-D2_Stim,-0.1596559652496925,-0.03751212967679329,-0.0025699494009998602,-0.06714324368759961,-0.04225024013149081,-0.24437681711495074,-0.006023767168780836,-0.02355109364889607
ACGCAGCTCGAGAACG-D2_Stim,-0.05654959321622144,0.004358000798470485,-0.1887720422471304,0.050177060695290265,-0.09922834222920507,0.03728908910786366,0.10455924325491672,0.047816168004448656
ACGCCAGAGTCGTACT-D2_Stim,0.05470202983079275,0.06629072203860531,0.0626932131818343,0.06042725580738839,0.14231686214513672,0.07219158576045004,-0.020843852895374937,0.04423831866716199
ACGCCAGTCCTTTCGG-D2_Stim,-0.12708327804901565,-0.05395681393684448,-0.1619560400263147,0.08875845272672933,-0.15864695056369982,0.099589310228124,0.16718881934095453,0.038081483501981594
ACGCCGAAGGCGATAC-D2_Stim,-0.02464376004616753,0.05326750441093431,0.022388992517250017,0.014898291260967866,0.149116072654369,0.14749929262106498,-0.5264296037828249,0.016178279038427945
ACGCCGAAGTCGCCGT-D2_Stim,0.040930332013143556,0.057944708066219874,0.06136649073421019,0.05092155301875856,-0.03356789168111973,0.042233512331556256,0.09201564047972965,0.04747878288813112
ACGCCGAAGTGTACTC-D2_Stim,0.08247652776878311,0.04332093957532024,0.041750009663420684,0.06530983959723535,0.0727844802206512,0.001944033391946931,0.14598711874341408,0.0301491155663296
ACGCCGAGTCCAGTGC-D2_Stim,0.0053691890180829205,0.04145853806228317,0.10625615841536629,0.015992228880801207,0.0856824276842616,-0.11545316116419535,0.21739980352858357,0.012381067033189197
ACGCCGATCGGTGTTA-D2_Stim,-0.14471546845761374,-0.05202625698347241,-0.1876129293380071,-0.0518153182726131,0.06449355568467041,0.010183896252765834,-0.37756935342466136,-0.042725645293655745
ACGCCGATCTTAGCCC-D2_Stim,0.010614275735507661,0.045208932827868864,0.11504090628195485,0.02254834211447232,-0.11795455000313737,-0.04097277612465611,0.02121884758181647,0.03038867088499586
ACGGAGATCTGGAGCC-D2_Stim,-0.08509580605078071,0.0388531610486762,-0.14297367719546905,0.06936304690329109,-0.13674383235319176,0.13102188025645845,-0.32124222832747407,0.03390783900356098
ACGGCCACAACACCCG-D2_Stim,0.03917101154268998,0.03755184930051669,-0.011564213442117222,0.16518322035681265,0.06297385260828037,0.2613995001317857,0.30899875677291355,0.0819225303622737
ACGGCCACACGCGAAA-D2_Stim,0.04351249372396637,0.07826645884806105,0.27927698827999237,-0.036381750120828116,0.056878638560270645,-0.1212082389158784,-0.03536080643996353,0.014710610896813137
ACGGCCACATGGATGG-D2_Stim,-0.11668350674049854,0.032926164467347974,0.14361190086377462,-0.003934632282902584,-0.026242148049915315,-0.11832109995777351,0.1847497966474645,-0.01118979303293699
ACGGCCACATTAACCG-D2_Stim,0.11386679852665615,0.06368306580769456,0.07630909415187048,0.09044914860344022,0.08629731275765451,0.08345669740384132,0.1524130946323199,0.05068308804136912
ACGGCCAGTGATAAGT-D2_Stim,0.02474043710173035,0.03422683587737119,0.05749824332618836,0.05928145762493031,-0.0032135095565735128,0.026463671012409762,0.11427423032868678,0.04963462527198814
ACGGCCAGTGCTAGCC-D2_Stim,0.020788101115130075,0.005664873909163148,-0.034238204610547385,0.06315048245703281,0.008412000317953527,0.07461428992744068,0.1670456515849441,0.05191923669431553
ACGGCCATCGACGGAA-D2_Stim,0.040190231712205815,0.04130184484536592,-0.05203916840330436,0.14338438314666035,0.09146645460167058,0.15778779983207336,0.12750554113064094,0.08676161143591798
ACGGGCTTCACCTTAT-D2_Stim,-0.023698277640544774,-0.007374762605621754,0.10702518225272328,-0.10266293113624236,0.009691476342977623,-0.15848934249682856,-0.35014560722076027,-0.03412678809766234
ACGGGTCTCCAACCAA-D2_Stim,0.09609736577994177,0.09461369610701809,0.016578691781679922,0.04401244478973432,0.05256317701761226,0.02808588639216758,0.07352146188104047,0.014569988836681702
ACGGGTCTCGGAATCT-D2_Stim,0.06504878602678765,0.06926103779617421,0.03874314816966695,0.07759799366770359,0.040648881152836935,0.011120027537399935,0.13275145197285987,0.0478121684641728
ACGTCAAAGTCGCCGT-D2_Stim,0.04532981079976395,0.02004735225496468,-0.09050927847526147,-0.035911218074941686,-0.2564779237052175,-0.03682771900657045,-0.3846100385912319,-0.00707639120533976
ACTATCTCAAGCGTAG-D2_Stim,-0.08095814389364442,0.02315214301929558,-0.14114514279290713,0.005160525492343027,-0.02559913694817162,-0.0055157244380446,-0.3976333144998243,0.019898282861083416
ACTATCTCAGGAACGT-D2_Stim,0.041305023546375,-0.014760524980637513,-0.11072995364692062,-0.013081685607149396,-0.16282115036501388,-0.01675668110654449,-0.047704686972586785,-0.0007016544947706649
ACTATCTGTAGAAGGA-D2_Stim,0.00270240643681241,0.047519362665756404,0.12244661003711776,0.029858792685306668,0.024583127206783573,-0.07487716299040237,0.23779874974413318,0.022791215280406618
ACTATCTGTGACCAAG-D2_Stim,0.021747476248565434,0.03545654711224877,0.20594783198022704,0.007149078112346885,0.11023716715509124,-0.05518202182291887,0.010076374940409139,0.028143212027266884
ACTGAACAGGACAGAA-D2_Stim,-0.13399494460674255,-0.009704251550751053,-0.09292889862563314,0.02272909122576472,-0.04163744106469025,-0.08770871126809787,0.17688103165017566,-0.023185968229608278
ACTGAACAGTGAAGTT-D2_Stim,-0.1716346390643313,0.017538919517681606,-0.08916689652502896,-0.0004672296647374452,-0.12180682129946341,-0.10754010848472362,-0.10350072294217316,0.0006269096824276232
ACTGAACTCGGTTAAC-D2_Stim,0.07140886388014422,0.05285533881531812,0.10300027969491232,0.038516437334600084,0.01013960402718439,0.008156668496825503,0.1428776335563171,0.05271499574022265
ACTGAACTCTATCCCG-D2_Stim,-0.060962773860998354,0.020512105723046403,0.325466700597163,-0.09867978679762857,0.2661997810121033,-0.12451010921522965,-0.0491998865409391,-0.02935915242867715
ACTGAGTCAACGCACC-D2_Stim,0.07988078508326879,0.04661329073308451,-0.06888394619074312,-0.05096508615817896,-0.1376093404905383,-0.013190464141111136,-0.6930673853437934,-0.03229681673593454
ACTGAGTCACGAAATA-D2_Stim,0.04436875798780804,0.015168931209625924,0.005125074336351787,0.06444196799128399,-0.01590815413104174,0.06337467101090333,0.1354139551221536,0.047055982655898276
ACTGAGTCATCGATGT-D2_Stim,0.052879491373472476,0.0372070219392171,0.049603047713840276,0.03846229985424365,0.023219850614799142,-0.08158978802251937,0.15321940518173527,0.030574279209023558
ACTGAGTGTTGTGGCC-D2_Stim,-0.16209132052532205,-0.07364208189579635,-0.20252081111992926,-0.00669693105298208,0.04181382561244007,-0.06981937306016839,-0.19824701105428488,-0.01663019442520408
ACTGAGTTCAGAGGTG-D2_Stim,-0.14825829586362005,-0.04277641440700819,-0.2129295770120283,-0.0037514459453351634,0.08492262010623541,-0.008436855441626534,-0.28630059794095786,-0.010840681059791635
ACTGAGTTCTATCCCG-D2_Stim,0.032166975932350184,0.04627904363019475,0.04352000823782198,0.017455388167912034,0.07379180034469712,-0.005279318588410575,0.04252094769487336,0.022302055022960232
ACTGATGAGCCTATGT-D2_Stim,0.01778685328043572,0.06672638724112367,0.18273520754004124,0.03536160236833119,-0.13967695565636973,-0.048069110121570446,0.09867449156966934,0.028755065127413104
ACTGATGAGTACGCGA-D2_Stim,-0.1227581489906946,-0.011430318199209921,0.13814793162944294,0.005400074832451196,0.18997005693525182,-0.26604914597605145,0.13916575683256127,-0.022685599674627355
ACTGATGCACGAGGTA-D2_Stim,-0.032474244658375895,0.013750969220316378,-0.09038029133530934,0.10318576067567342,0.089240990226644,-0.04881028243346108,0.33549093330463364,0.04477135524246023
ACTGATGCACGCATCG-D2_Stim,-0.11526849087073465,-0.07258252023776457,-0.244224052907013,-0.010010592992674816,0.1716428471217526,0.12602781177854716,-0.03344649327582516,0.007370251056419974
ACTGATGCATCCAACA-D2_Stim,-0.06232725715196352,-0.005397480099791352,0.008442170219199241,-0.016769433333490014,0.09160299580773312,0.04113217834919958,-0.3289731707384824,-0.011939781359201262
ACTGCTCCATGTAAGA-D2_Stim,-0.1231730779486675,0.05566102715014054,-0.17938051641128716,0.05648470366848102,-0.23131344196548476,-0.02614940626008888,-0.028894728615744825,0.022675403431476227
ACTGCTCGTCTTTCAT-D2_Stim,0.050634160373752124,0.039276486935410304,-0.06589197457482143,0.08322828065260346,0.11714014842331011,0.19510657671599674,0.11521731736403495,0.036900735224104864
ACTGCTCGTGAGGGAG-D2_Stim,0.031241792351861974,0.08529193831827975,0.1269973681771308,0.05789557229521414,-0.07321822577610959,0.027349105049724542,0.16655685359083794,0.04398958577602485
ACTGCTCTCTAACTTC-D2_Stim,0.01181230720297144,0.027316786282590044,0.10690030900246406,0.07575130447576761,0.10655220689881162,0.031151811615286462,0.02882137377267746,0.07454251992916916
ACTGTCCCAATGACCT-D2_Stim,-0.16941184525188113,-0.024227067006783898,-0.29408708399639316,0.04194599702043078,-0.1269343421926763,0.017730427362250722,-0.5782982360156197,0.020093739934456067
ACTTACTAGCTGCAAG-D2_Stim,0.0005852185901265017,0.050338740557620554,-0.06052583793985278,0.11908954665938865,-0.08547695363595231,0.14070922049245738,0.21688942025095592,0.061022172925493834
ACTTACTCAGTACACT-D2_Stim,0.048641726149904585,0.050115542130912516,0.056729045779988496,0.09308775373552791,0.08491907336964744,0.03190973020454102,0.15070293657714906,0.07207010321596208
ACTTACTCATCGATTG-D2_Stim,-0.05775202893976861,0.01613808349793011,-0.10677493040310715,0.02962446905440963,-0.16889528310939106,0.044724963406139295,-0.06003958154494082,0.01932776827843341
ACTTTCAAGTCAATAG-D2_Stim,0.09202388983309895,0.05293466877146358,0.006925070164205849,0.14343415918803437,0.18166520530216523,0.20134688179459204,0.17175464014827568,0.09112215169937521
ACTTTCACAAGCGAGT-D2_Stim,-0.06661780153713259,0.08395679963194169,0.05007559070421941,0.052774958641212066,-0.022651199671946287,0.00823648853675607,0.24312921897009598,0.0128483875882619
ACTTTCAGTGATAAGT-D2_Stim,0.04655788624164714,0.031700342064429066,-0.01556269890490114,0.15050553614201867,0.09113987382145794,0.24435404406495564,0.18622119807187687,0.08930609338621487
ACTTTCAGTTCGAATC-D2_Stim,0.046799385678106376,0.028533747250406805,0.020786503523606115,0.07942725074141954,-0.00882983320730979,0.1596189766956133,0.1565233525864338,0.06199103468045308
ACTTTCAGTTGGGACA-D2_Stim,-0.1534330875962624,-0.047324070362247284,-0.2829442194326557,0.021965690463517262,-0.2518203568145587,-0.011203361369226172,-0.37756470264988806,-0.04968190248389881
ACTTTCAGTTGTACAC-D2_Stim,-0.03123900650677136,0.019711423106716808,-0.09612089837648519,0.1177603752298193,-0.12661196094948046,0.04324365371487815,0.16099823136734592,0.06511058948082926
AGAATAGAGAGGTACC-D2_Stim,0.04992049922463693,0.04748184697593594,-0.030323536525422412,0.12892667970826288,0.12853620552511735,0.12865913843892152,0.1996531056065658,0.07508613005711773
AGAATAGGTACAGTTC-D2_Stim,-0.01292378384308357,0.03226223564268338,-0.03855199509789031,0.07324106343305026,-0.016911169380882995,0.0957095052433985,0.14547953390931578,0.04642955659940107
AGAATAGTCACTATTC-D2_Stim,-0.05401232855997051,0.010520878785914789,-0.06586476845866329,0.119368903861373,0.08190460705491454,0.1778395724583195,0.2388039688040804,0.04839277317686275
AGACGTTAGCTTTGGT-D2_Stim,-0.12561453626813446,0.004355627541920981,-0.006997036526502853,0.022677783107582172,0.0045736750089986344,-0.20564572293126915,0.3581733693444402,-0.02442921492489525
AGACGTTCACAACGTT-D2_Stim,0.066966251322091,0.05902009635345351,0.1212945208425289,-0.004411715938012151,-0.05001481723095047,-0.014607522727400735,0.06948173275359526,0.051292338326689446
AGAGCTTAGTACGTTC-D2_Stim,0.03737230989414542,0.026947962307398043,0.020419752019350312,0.06009574396141737,0.08187901876384451,-0.13084124007367848,0.1499872221679599,0.024079011947856443
AGAGCTTCAAGCTGGA-D2_Stim,-0.04397413026445918,0.06769895733038389,0.33678854590730367,-0.02474157395079679,0.1709066785635347,-0.1673938126238017,0.10582928858315732,-0.010332237547057588
AGAGCTTGTGACCAAG-D2_Stim,-0.09991897533632965,-0.0509279442782411,-0.16708081172243094,-0.09674177119172,0.1674937922031745,0.002759249067118219,-0.25696197035645696,-0.03112482477184031
AGAGTGGCAGCATGAG-D2_Stim,-0.12803591215755894,0.00017753394964437064,-0.18591506446172712,0.04650405448263939,-0.16660856865597928,0.09857820370682902,-0.37698029652303333,0.04681926013718396
AGAGTGGGTCCCTTGT-D2_Stim,-0.11741435409705048,0.004125757813259412,-0.21901142950484154,0.06099617673233659,0.04529370851728842,0.05398298512660915,-0.22265540381831528,0.06105775990395301
AGAGTGGTCATCGATG-D2_Stim,-0.09413891001574015,0.07360646909061686,-0.2597840794235937,0.1421559528533649,-0.26098679230517696,0.11301678382686475,-0.09667112196260774,0.09360400723761231
AGAGTGGTCCTAGGGC-D2_Stim,-0.01049214716855218,0.037806436500858354,-0.07026322622171755,0.0128497802888905,-0.10773288453340157,0.03287143059612774,-0.07898956191043371,0.00826836270715603
AGATCTGAGAGCAATT-D2_Stim,0.11189672408641549,0.03871859860741189,0.1421839908187561,0.021484600173380386,0.003938232029327082,-0.0012504657826095666,0.015497813651961678,0.029159255652089655
AGATCTGAGTCAAGGC-D2_Stim,0.009245114820979339,0.05409501652045101,-0.03308363396590863,0.05749561181597862,0.04891743366641421,0.07225030324511472,0.058952906410778105,0.035486743988460745
AGATCTGAGTGCGTGA-D2_Stim,-0.13565021558105705,-0.026212696626277676,-0.29071397016628886,0.046272871306497265,-0.18153347903787598,0.003906440492810859,0.39560550947116724,0.005149163479169161
AGATCTGGTATAGTAG-D2_Stim,0.11781850768252156,0.09881979187616174,0.18211819316421796,0.05188430349387119,0.08363321126802958,-0.012249037457685574,-0.005388259777908466,0.027176369832746516
AGATTGCAGAGGGCTT-D2_Stim,-0.08045825880302537,0.009081023741581262,-0.04818005564694161,0.042201985934982034,-0.08213985322827178,0.055914559264328645,0.1038703118658324,0.035036488691988055
AGATTGCGTACATCCA-D2_Stim,-0.008868803456444141,0.043027934024269854,0.04639215812405695,0.04756095890653178,-0.16660618585647669,-0.0032717145219613997,0.009322076243776678,0.031950755473166836
AGCAGCCGTCTCTTAT-D2_Stim,0.04095829342493751,0.0865557769787415,0.18283663433638253,-0.009894527977358791,0.08207531645751409,-0.05824781649924837,0.016204027798419673,0.026148558515183495
AGCATACAGACAATAC-D2_Stim,-0.19667675974558207,-0.10618195714610046,-0.08196918554668908,-0.13533015305410956,0.17857682941480135,-0.11112644019122797,-0.4786381322864841,-0.06099532232653715
AGCATACTCGCCGTGA-D2_Stim,-0.038401280467304844,-0.006492443876886966,-0.08922119598321387,0.008065221547980173,-0.048397021503104654,0.04687869112576415,-0.07676929753084671,0.006981840479156176
AGCCTAAAGAAGAAGC-D2_Stim,-0.04814117320736244,0.06742157175441577,-0.06428529712388986,0.0005339315228702901,-0.1639690469845334,-0.07238449503850397,-0.10976850917374659,0.01569759980775487
AGCCTAAGTACTTAGC-D2_Stim,0.06253529541874947,0.049289536004739176,0.13210172124438557,0.08007805642182575,0.09277124958186711,0.0975621923526564,0.05476143664822697,0.05003426884284856
AGCCTAATCAGCATGT-D2_Stim,0.04883787977743381,-0.009108235021301425,0.14582445994221516,-0.04076372717959309,0.30571699175581557,-0.15076162345872923,0.08969838026629251,-0.002709445459778692
AGCGGTCAGTTGAGTA-D2_Stim,-0.1737109635536065,-0.010802459701713119,0.07981624791740227,-0.049234491360699906,0.047575225759130646,-0.12045746852925276,0.26364793867119474,-0.05646751924644988
AGCGGTCCACAAGACG-D2_Stim,-0.14175632823095619,-0.05805575731630874,-0.27857722874599133,-0.045367063152331966,0.13577968984284006,0.05480416457108994,-0.2081639295888138,-0.0021751532319740363
AGCGGTCGTCGTCTTC-D2_Stim,0.016928667351315596,0.05196308708821107,0.11412596187763313,-0.028004136047213635,-0.05179689623669326,-0.1274811900104158,-0.07397926078108608,0.006676982521780062
AGCGGTCTCCTTTACA-D2_Stim,-0.1469973718288191,-0.04544289658249667,-0.21449207075076782,-0.01224260423329504,0.0670582688857646,0.005532727046357877,-0.2634071735315615,0.006200920011989908
AGCGTATTCGACGGAA-D2_Stim,-0.13434593552140228,0.023385618942507236,-0.12919494377861263,0.02914224224110562,-0.18443096487002997,0.03484424515902518,-0.4248016621188402,-0.0014322193190121624
AGCGTATTCGGTGTTA-D2_Stim,0.0381722949415888,0.05759450724972481,0.32865210514495935,-0.018879400633190713,0.022848994967530345,-0.06719205785554472,-0.0785309020647853,0.02722199837119632
AGCGTCGCAGCAGTTT-D2_Stim,-0.16008344593774737,0.026081280807783713,-0.2215719787232242,0.16184744918971639,-0.07990120926076116,-0.020823002238877564,0.5737368885749454,0.09373967770333103
AGCGTCGGTCTTTCAT-D2_Stim,-0.10384475034716978,0.058417261990220126,-0.18947974872715534,0.0827503555467839,-0.17048050696785744,0.0634211764758259,-0.14859172146368316,0.035436643404324286
AGCTCCTTCATGCTCC-D2_Stim,0.06042407017701912,0.05436116488331422,0.004630005864267872,0.14988843851646116,0.06731307647130791,0.164902473575685,0.1567851924484529,0.08895867983583017
AGCTCTCAGAGACTTA-D2_Stim,0.08655743612988154,0.04890203005819593,0.13301525246428447,0.09588939564721066,0.09362134266451072,0.07590393697511288,0.12825175055985305,0.0600521660212987
AGCTCTCCATGAGCGA-D2_Stim,-0.20411662482475101,-0.04456906751355838,-0.3584590948999997,0.09981820238268746,-0.2515925141397872,0.028276312626969613,-0.2912093083910783,0.07719362786164652
AGCTCTCGTACCGGCT-D2_Stim,-0.10589061052196946,0.05838214948882836,0.08886209417466873,0.022808517099901948,-0.1536325490306325,-0.1335951346347759,0.6235601415943544,-0.03133166191778436
AGCTCTCGTGAAAGAG-D2_Stim,-0.06182675391610992,0.033155456667753214,0.11433760008008598,-0.06753833417929656,0.014897181423467742,-0.20485483677974337,-0.28947000456608585,-0.0429321404640195
AGCTCTCTCCTCCTAG-D2_Stim,0.08041475217294902,0.058897929550132844,0.03923619318098126,0.09859719546144952,0.04848284201469433,0.06870932812166686,0.24939068030483647,0.08607322029279629
AGCTTGACAACGCACC-D2_Stim,0.029300065635869288,0.1106312702075094,0.3483675465966982,-0.08029039601795596,0.09238256964547276,-0.15141490393651402,-0.06729135188438207,0.004515439494459983
AGCTTGATCAATCTCT-D2_Stim,0.07105049951802123,0.025174298026845676,0.12480215165453501,0.037888374205373054,0.045880249671716555,-0.009162185763511133,0.09295106668722575,0.039490403530948015
AGGCCACAGTTAACGA-D2_Stim,-0.018889731927142606,0.009861058525361344,-0.05673006755521648,0.055796249863387715,-0.12550150614220001,0.06306238463911029,0.149330540676889,0.04725519445721815
AGGCCACGTACCTACA-D2_Stim,-0.18839582258705612,-0.1281260869951062,-0.27563994316350193,-0.05282569303501816,-0.027414613135213983,-0.12283143358340709,-0.27061008082772275,-0.057165269575987665
AGGCCACTCCCTGACT-D2_Stim,0.04014515368326066,0.09725918918448606,-0.1359195126075461,0.12128830962442727,-0.03860489878007556,0.13010438134617885,-0.22669603926652293,0.07559731103904177
AGGCCGTTCACCTCGT-D2_Stim,-0.021288583949061746,0.007580602431776384,0.13685801236978534,-0.07518871192902488,0.044742692427565345,-0.1893661683379122,-0.29850509968499583,-0.01935685892522976
AGGGAGTAGGTACTCT-D2_Stim,-0.0028879887800901116,0.043196456532202276,-0.04833988956770874,0.10495037101128979,-0.15892927630538622,0.12021429888169344,0.0940334762468833,0.05424540739296724
AGGGATGGTACTCGCG-D2_Stim,0.10820419534719683,0.05922110890952936,0.05182863355049072,0.12317736278394342,0.1760321341475546,0.15973765659047068,0.12823076137013434,0.08155042491772768
AGGGATGGTCACTTCC-D2_Stim,-0.11878548769471209,-0.05490695836609305,-0.07695762956598262,-0.08364287736316633,0.16504389798502572,-0.05344027554596842,-0.4419293889577389,-0.0625219038965863
AGGGTGACAGTAGAGC-D2_Stim,-0.1062097237290125,0.00963108241175803,-0.10449494957969385,-0.005975452088543776,-0.14086402418003985,-0.04080239644558681,0.004517054831911338,0.010607705491489483
AGGTCATAGTCGAGTG-D2_Stim,-0.0859332398515118,-0.007046880135137101,-0.15823515978865554,0.07270991366736013,0.017879235175620067,-0.031510490427773874,0.2839601785203252,0.045078560726283357
AGGTCATGTCCGAACC-D2_Stim,-0.028212905045025494,0.03185659119375295,0.015376956187681756,0.08179337588323143,0.016599833666136377,0.1304513865212602,0.12245965538265224,0.034099174006039235
AGGTCATTCCGATATG-D2_Stim,-0.17564755720598058,0.0040245771961906485,-0.24567795351606847,0.07200827923268882,-0.22032989779826906,0.02005037490702577,-0.1767278296614272,0.08317391848999556
AGGTCCGGTGATAAGT-D2_Stim,0.03639132362083686,0.09795069599223538,0.10523810012554158,-0.03246907574700053,-0.15935631274598805,-0.1791163320605964,-0.1925588779068983,-0.02248843817081614
AGGTCCGGTTTGCATG-D2_Stim,-0.17166027682197793,-0.061065216742248296,-0.14457869675294255,-0.041522349787138424,0.0781515698482611,-0.0484621826670395,-0.30111451100984077,-0.0025558262868017323
AGGTCCGTCCGCAAGC-D2_Stim,-0.01061332707083018,0.01906877859718925,-0.06830769446003693,0.0983836924729129,-0.0658523747474149,0.11571495909485385,0.2800891136726653,0.06342401290734223
AGGTCCGTCTTCTGGC-D2_Stim,-0.21946280331999368,-0.11077172340199581,-0.23357794843544344,-0.10691760031261843,0.029952358480377583,-0.16626714510869967,-0.4548488730430975,-0.05111865034507623
AGTAGTCTCCAAACAC-D2_Stim,-0.2045955070709944,0.002732720248266318,-0.14506595760715246,0.04705533309801524,-0.0693895701700793,-0.06606560192844313,0.3023577138322633,0.001392346860336957
AGTAGTCTCGGTTAAC-D2_Stim,0.03415582959278041,0.042721183796155415,0.0636156360916118,-0.006280622200115715,0.10584878241565221,-0.14957264680590932,0.10197842959057901,0.004558779585771333
AGTCTTTCAGTGAGTG-D2_Stim,0.048610897018692256,0.07888766783263712,0.214821730581221,0.05190965465012454,0.06109871544474643,0.0001387188948278606,0.010772709442576911,0.041888206150133556
AGTCTTTGTGAGGCTA-D2_Stim,-0.09130842012632101,0.06552273569344713,0.20549869242021934,-0.07746160570355975,-0.10380675753562052,-0.28549192239369603,-0.051017428846318325,-0.042988398950594586
AGTGAGGAGCAAATCA-D2_Stim,-0.10040383028509403,-0.010526334055569464,-0.17714986800070065,-0.0439046969873047,0.15935998729086087,0.014961094928489516,-0.3638566733309325,6.449349527670734e-05
AGTGAGGAGTACCGGA-D2_Stim,0.05946560003663315,0.04874827089465228,-0.029313437740899673,0.1489089959012464,0.095172114936803,0.24186783354474706,0.1975741229821848,0.09853900146626948
AGTGAGGGTCGGCTCA-D2_Stim,-0.044567202496136105,0.029121939348964787,0.006535976576071967,0.13969190893175565,0.02748480408459386,0.18761575164448807,0.3169386598625472,0.08676873264808194
AGTGAGGGTCTTGCGG-D2_Stim,0.029313344657559526,0.057857771696497196,0.19536333000050732,-0.025622260372314187,-0.16561197138167927,-0.09177382514132404,-0.19560599857997207,0.009560495213779774
AGTGGGAAGGATATAC-D2_Stim,0.07233855368471609,0.05029045813153843,0.14863120324924672,0.025494497507006386,0.04353000706285215,0.016084460696632163,0.044533116116567406,0.03050796556297719
AGTGGGACAAAGTGCG-D2_Stim,-0.045015922989692925,0.012465007625351632,-0.047962815398815195,-0.031325621380418056,0.17584335367774528,-0.0028891326498605707,-0.703775723065819,-0.003724495625450075
AGTGGGACAAGTAATG-D2_Stim,-0.11751476400237593,0.03461179855689167,-0.13804802000559402,0.015949019030292888,0.05682150413737119,0.014502975005962426,-0.5512306430751472,0.026451334718490926
AGTGTCAAGGAGCGAG-D2_Stim,-0.12887125357718254,-0.024752884755027793,-0.08678681189381088,-0.020039298089411517,0.02160615061049498,-0.05657229894120697,0.08961632864376678,0.01052900202958007
AGTGTCATCATCGGAT-D2_Stim,-0.13965231894820285,0.004609705538186404,0.025946327638603606,0.0604909244859666,-0.11364808781742752,-0.10077192651288236,0.39620226272183956,0.005778650651873107
AGTTGGTAGAGCCTAG-D2_Stim,-0.13008791165093747,0.07249107215636919,-0.26030279614412777,0.20073525894241406,-0.29163268467682,0.10727556438611074,0.1985766184429547,0.1257626629829982
AGTTGGTCAAACAACA-D2_Stim,-0.02385384152700354,0.02372097734487255,0.015695621838800022,0.08019445510114842,0.08135390347021065,-0.08943624610219558,0.34134907726771946,0.03328824768377103
AGTTGGTCACTTCGAA-D2_Stim,-0.05530606043435604,-0.002754476568746611,-0.13221083355146845,0.0026566314863476492,-0.18144389090092794,0.04983894280577417,-0.17088329692335336,-0.00017635358313228267
AGTTGGTGTGTAACGG-D2_Stim,0.022956898198474462,0.05632858332238122,0.06549014128450992,0.07973486845796174,0.11659267593567613,0.0782691670032829,0.11636464145199099,0.07958682230775871
ATAACGCCATAAAGGT-D2_Stim,0.048642177731966996,0.039553135138003626,0.0059135437615260855,0.06570971177880836,-0.18988002046815744,0.04467687569903589,0.09588792717102201,0.031916147455262944
ATAACGCGTCTTTCAT-D2_Stim,0.09328182809055185,0.07991349001700598,0.1450785648219739,0.040808366101714455,0.017540804295482104,0.0070316947074164915,0.04994594187148227,0.015628381290889948
ATAACGCTCATTGCGA-D2_Stim,-0.025605024318906544,0.05076231033640077,0.06088045031092726,-0.02559585924056229,0.007980370252431257,-0.0832379577927167,-0.05123735661497264,-0.013549706940429118
ATAACGCTCCCTAACC-D2_Stim,0.04238541246844818,0.051207163398782285,0.08946393019396837,-0.028496783674974324,0.11211979874139288,0.046043933301740836,-0.2261774577412119,-0.025795171475841983
ATAACGCTCCTAAGTG-D2_Stim,-0.1366150343298802,0.04045539306050472,0.04928384521030793,0.00972815819542916,-0.10416926593710762,-0.009754950376615668,0.09818361734279701,0.013319700002108803
ATAAGAGTCAGGCCCA-D2_Stim,-0.007625889569519373,0.02024620457227755,0.055167034813655036,0.07532510304594453,0.0784760808962055,0.14886036751352094,0.16022465054447466,0.08717814891117115
ATAAGAGTCCTGTACC-D2_Stim,-0.07777372974274321,0.025318208607076897,-0.021215859218314037,0.052337097236854646,0.14103072266925842,0.11754241407858323,-0.3981329162927345,0.058486567397375566
ATAAGAGTCTATCGCC-D2_Stim,-0.09759082373977535,-0.0007713061437133462,-0.07874899248776401,0.019550792659561722,-0.19107203478844426,-0.020364977345476376,0.03354680539997368,0.016270734661370412
ATAGACCAGACCTAGG-D2_Stim,-0.017630357417049325,0.06099127912143665,0.07653859764069004,0.030636797553787787,-0.09573681618903152,-0.05553002241608418,-0.06826614517392748,0.015712164987697008
ATAGACCCAGTTTACG-D2_Stim,-0.07242529784023866,0.012531755070034123,-0.16454036278996043,0.1966184959867494,-0.07290186209364968,0.23440908515461167,0.15872021801292124,0.09602975521448975
ATAGACCCATATGCTG-D2_Stim,0.06417220554027026,0.06503932511620292,0.27958188834569064,0.07571400066454181,0.20763113749915618,0.005356501041406503,0.205224627721468,0.09889432821040955
ATAGACCCATCAGTAC-D2_Stim,0.04402785333012815,0.05657202113796522,0.12250716124538208,0.06569750400916874,0.11485162890450695,0.09245374276954443,0.07303137377086255,0.054704354352935525
ATCACGACATCGGGTC-D2_Stim,0.010817806604840996,0.030706156138865737,0.2137712867626682,-0.11842243829171473,0.1520665657342004,-0.0521762593363988,-0.44829265913812755,-0.06231122974108061
ATCATCTCAAGCGCTC-D2_Stim,-0.08026404130848341,0.027744592164079762,-0.033685432135007076,0.005968947374240585,-0.08705727117059503,-0.05217512984600425,-0.11836674393615443,0.007828792296788123
ATCATGGAGGAATTAC-D2_Stim,-0.19197662360134338,-0.011805756892318442,-0.19684269435639123,0.13455763775222884,0.07010122958635634,0.19831228324250816,0.4605521445485081,0.07197758464681847
ATCATGGCATGCAACT-D2_Stim,-0.07432451353043668,0.033286975747950365,-0.12928018233964433,0.004804574162417197,0.03891568508203669,0.022313113631909687,-0.3409269068981189,0.02602089378948058
ATCATGGGTAGCGATG-D2_Stim,0.04189954776887639,0.035784203793776115,0.03302625401423498,0.07395652039693701,0.050651501594947135,-0.10590968387987587,0.18162061271581642,0.04333828780289828
ATCATGGGTTGAACTC-D2_Stim,-0.12851748208769287,-0.024757732307396196,-0.16145315384968129,0.02614810352183028,-0.26974154912923964,-0.0716897284763025,-0.541332908854935,-0.043339955944839303
ATCATGGTCTACTCAT-D2_Stim,0.21394316498049548,0.0721681834728578,0.023668313084115766,0.11726324308258462,-0.12373811760223141,0.08234503187920872,-0.02912724956482826,0.0672772341920016
ATCCACCAGAGTGAGA-D2_Stim,-0.040149181522009414,0.06213202793901118,0.09791339636320373,0.0450296727010695,-0.04140214605724957,-0.04792132758823975,0.24090636735966253,0.03733718409998943
ATCCACCTCGGCATCG-D2_Stim,-0.10221369529960178,-0.02761698677415403,-0.05114889454029026,0.0002648848061301834,-0.09849860970336977,-0.08890831722438719,0.06380301511910602,0.012048026638044718
ATCCGAACAAGCTGGA-D2_Stim,-0.10253060615822918,0.000879170243807792,-0.13678467733244837,0.029917539145772665,-0.004386922983849573,-0.10410062362508832,0.35637649893646284,-0.0019142023978702127
ATCCGAATCATGCAAC-D2_Stim,-0.02795074515043794,-0.028131203190632448,-0.13626457856492635,0.12262024957546558,-0.16026234355679492,0.1357820598953552,0.42056217169093024,0.04318693879289093
ATCGAGTCAACGCACC-D2_Stim,-0.18696426781305497,-0.11660410407210797,-0.1451611035667968,-0.13599803129636712,0.11510882054269089,-0.12067052207074624,-0.37103975520533794,-0.06375325313675617
ATCGAGTCAGTATGCT-D2_Stim,0.0340883757336794,0.10435624567029222,0.27404240382041145,-0.044906218668746334,0.26129862534927284,-0.04510551103397731,-0.15533998044204544,-0.047554904636260886
ATCTGCCCACACATGT-D2_Stim,0.10544811423478428,0.056861826464750465,0.03664750436414721,-0.002340653129701664,0.0019599843444311205,0.009528411222968103,0.006444099116881041,0.007269112387200849
ATCTGCCCATATGAGA-D2_Stim,-0.17995813795471172,-0.013325107033818284,-0.3419815447043604,0.08501333645770615,-0.1612146061559283,0.04177738700733258,0.47617925955584006,0.050908333021446595
ATCTGCCTCAACGGGA-D2_Stim,0.010956385938854396,0.033252498826294996,0.0017046479943321202,0.07648033405824961,-0.07964447312611433,0.01838468029274587,0.174210324244382,0.040889390465602915
ATCTGCCTCACATGCA-D2_Stim,-0.08324211632546863,0.013124644592956258,-0.19691174969593916,0.045802412517589985,0.06912486574980115,0.03887624099289688,0.04754900973699705,0.020503949983648795
ATGAGGGTCATCGCTC-D2_Stim,-0.11930120420906043,0.015005765981255692,-0.05463391474868118,-0.07341770321257712,0.06126041302829499,-0.09553285095035946,-0.746726813762491,-0.03907692313218547
ATGCGATCAACCGCCA-D2_Stim,-0.09067618453366144,-0.01802726833332713,-0.1850874550261512,0.11038046727981232,-0.03446312578270572,0.16633489248466837,0.2077452808806628,0.057300246156732015
ATGCGATCAAGGTGTG-D2_Stim,-0.04530726307496025,0.03224118580468094,-0.07279372671560047,0.09026261579440842,-0.07092808473361245,-0.04324641223159986,0.19114558275104798,0.019085526623724647
ATGCGATCAGACAAAT-D2_Stim,-0.045698574616119814,0.014386780017895617,-0.24374861346512766,0.15252951333073916,-0.15577695707925976,0.057251775654950876,0.30898886829151984,0.07716498522704818
ATGGGAGCATCCGGGT-D2_Stim,-0.06734885080527953,0.09576253565545301,-0.1950639219411885,0.1351564382251702,-0.30840155956398974,0.07279178222158222,-0.17650066093789007,0.09289455521727419
ATGTGTGCAACGCACC-D2_Stim,0.03844074754404758,0.070838030780779,0.01397158566551937,0.03844180327540592,0.080510623669932,0.028978991439812418,0.0033546679402229884,0.037511175979185296
ATTACTCCAGGAATCG-D2_Stim,-0.07799814511125902,0.05177074769285994,-0.14571177220059095,0.09636807891538979,-0.07130987051329107,0.15567937983271385,-0.4336686809853134,0.05410588481791656
ATTACTCCATGTAGTC-D2_Stim,-0.029468418474717595,0.04086647984346925,-0.02791283527920463,0.10364550820515639,-0.05169264234118387,0.13592649095985365,0.2425229366484727,0.03953422278672747
ATTATCCCAATTCCTT-D2_Stim,-0.08173013351032843,0.01255130943496141,-0.09722316585838087,0.13584076733790162,0.04346091283911413,0.14519217633572978,0.24416335919039334,0.06670769395119791
ATTCTACCAAGTTAAG-D2_Stim,-0.04097995816923472,-0.010045176620257834,-0.08056374592690307,-0.08986001193592941,0.1587225401055452,0.008388598288696869,-0.2979386064872642,-0.05876434532537189
ATTCTACCATTCGACA-D2_Stim,-0.1625618316680324,-0.05365055487078507,-0.28341418644788163,0.10710472225485645,-0.0948863923659733,0.03553328511783249,-0.2520621020796767,0.06162873211991027
ATTGGACAGGTGCACA-D2_Stim,0.044712866385062,0.07579321166204522,0.23362731048307062,-0.012204621311187935,-0.043843948116322196,-0.08592502839996286,0.008606020024397587,0.0036410469764049935
ATTGGTGAGGCTACGA-D2_Stim,-0.10162958841213587,0.0023613905720889505,-0.09341562017816507,0.005773888773568103,-0.018012461756031328,0.027501397445162112,0.08079985445195526,0.003902724388822776
ATTGGTGGTACTCGCG-D2_Stim,-0.1700731093176291,-0.043759231638809126,-0.11676045619567788,-0.056680918215327836,0.06998398911626857,-0.06027565341709362,-0.2527317965404592,-0.005729321233596707
ATTGGTGGTGGCAAAC-D2_Stim,0.06743810191343869,0.04434814546551813,0.04332463353986249,0.11905213111776902,0.19358270145460388,0.18089002651886865,0.14778579856911556,0.08174191848295287
ATTTCTGAGGGAACGG-D2_Stim,0.10353210961064363,0.0692605315986512,0.07877661005773717,0.06823305522953227,0.10339840245147158,-0.0017332858600234147,0.027278131327044264,0.03378158975901968
ATTTCTGCAGACGCTC-D2_Stim,-0.24783129606648835,-0.06828541824638812,-0.20899929817126583,0.1464059818695933,-0.19292454725031227,0.03404610271441477,0.7442747987216407,0.0563713745531782
ATTTCTGTCCGAACGC-D2_Stim,-0.08197062517468545,0.013501184897727114,-0.12255581262677495,0.12656891938866544,-0.14201803621655174,0.16217056411436026,0.19967531900530044,0.04311670644950638
CAACCAAAGGTGCTTT-D2_Stim,-0.0758548347720076,0.020297461154338947,-0.09714717580648635,0.07199389489532315,-0.006477034380328206,-0.03271075029624093,0.2899688693825544,0.05451318793705617
CAACCAACATGGTCAT-D2_Stim,0.03594815860033407,0.04630629993537383,-0.16900190596627773,0.06766229790521727,-0.06738064747828787,0.08222010895429577,-0.5511337762034625,0.06189721540347115
CAACCAAGTGTGCCTG-D2_Stim,-0.020316481004142517,0.051555051795290296,-0.021689296641849154,0.009404464980685034,-0.11649642600482757,0.00805186703951577,-0.09140462015901285,0.004825328741420165
CAACCTCAGGGCTTCC-D2_Stim,-0.18157899343508177,0.011701544410765763,0.008771524606860481,-0.004607693564192772,0.08253216793655938,-0.1877017739803808,-0.07784196318642422,-0.007660473918951638
CAACCTCCAAATTGCC-D2_Stim,-0.08782659916704105,0.004976345164166673,-0.14017980645506078,-0.0068967306859022415,0.0799146154254835,0.03815389446129558,-0.39127724904944117,0.032072209869053125
CAACCTCGTATCACCA-D2_Stim,0.07051126095005245,0.05563708337696838,0.13257573026525726,0.036232825763477194,0.058594126675579616,0.028708493948768066,0.10262073791009296,0.06330440299943696
CAACCTCTCATCACCC-D2_Stim,-0.1380111096905967,0.011964816951794077,-0.1947817054870118,0.110442164304839,-0.09028313953865386,-0.04387796748872219,0.5308381904783701,0.07297410149278782
CAACCTCTCTTGCCGT-D2_Stim,-0.1701097010090038,-0.06226201139439169,-0.2092014205618984,0.01046956864007953,-0.17701489159117756,0.012880378073186094,-0.09927680187202625,0.05313624468109879
CAACTAGGTAAACCTC-D2_Stim,-0.09798542261384036,0.04378787127362038,0.03773439029596304,0.024733560814588884,-0.12496019772973632,-0.02136352049758017,0.09498233930596722,0.023684867387840924
CAACTAGGTCGCTTCT-D2_Stim,-0.06488872971972803,0.003341352954587151,-0.18143353755036706,0.037640747608284286,-0.007395128000009521,-0.02395505260098396,0.174952446574407,0.02834635611671743
CAACTAGGTCGTGGCT-D2_Stim,0.058999971196787016,0.0373120567346934,0.1171025750421748,0.07068839861456233,0.1609237408775055,0.036376582193938134,-0.015710630655076052,0.06185183809438932
CAACTAGGTTAGATGA-D2_Stim,0.03587296476961832,0.05198881680765233,0.12162297930344579,0.0425029178929357,0.012087071256432935,-0.05219305198166957,-0.0055497051213597715,0.028201435272288577
CAACTAGTCACTCCTG-D2_Stim,-0.05075194301464592,0.010404446127866507,-0.05691586417209038,0.018579301068527343,-0.08787906316439376,-0.06963584672273093,0.21882582353723024,-0.01927393061614069
CAACTAGTCCGCATAA-D2_Stim,-0.13102383914855054,-0.06055622555583362,-0.1737276446610272,-0.0664147968066704,0.09868406442858202,-0.05009926586852664,-0.5662349878690804,-0.022940051950840257
CAAGAAAAGAGCTGCA-D2_Stim,-0.12444395139148234,-0.010126438455369424,-0.1201877749976612,0.06088368170009595,-0.055429290652718066,-0.02715672524019297,0.3706306545859963,0.022439872869862043
CAAGAAAAGCGTGAAC-D2_Stim,0.03969640740097269,0.04916644425892969,0.019101890695937485,0.07200850493567756,0.10840027384408124,0.002602653740860106,0.15511764820875307,0.031564836084990944
CAAGAAACATGGTCAT-D2_Stim,0.003358169702188718,0.05104000514583262,0.058718713801395594,0.04321339617222897,0.0021872790872290437,0.018718586886068422,0.087896554022592,0.030372322769135707
CAAGAAAGTGCGATAG-D2_Stim,0.024768587891047744,0.09032311266333437,0.009834676141519338,0.14722368305142908,-0.009693474730280371,0.2732395032114656,-0.06520314223707935,0.05481370180873135
CAAGAAATCTTCTGGC-D2_Stim,0.0183219059074613,0.008836913475301245,-0.06959493702730057,0.046794325635289624,-0.008836524321642614,0.058518316017064365,0.19764398091982383,0.0439868003707371
CAAGATCCAGATAATG-D2_Stim,0.08262931217811698,0.05757987758712879,0.32789224782410464,0.011911244372086571,0.1773526156498786,-0.0600803129806291,-0.09100329437622445,0.07246379754847787
CAAGGCCTCTTAACCT-D2_Stim,-0.07524908410521292,0.08101767056448494,0.12362149418473933,0.004645939510613317,-0.10733570383416158,-0.013715868346183768,0.01804817220690147,0.0011321984262409046
CAAGTTGAGCATCATC-D2_Stim,-0.0005378822704482644,0.03699967901975043,-0.010419709828747514,0.08787035793350562,-0.048121162390808436,0.02959533731357844,0.15073200126970576,0.06858094332209497
CAAGTTGCATGCGCAC-D2_Stim,-0.11008400285748365,-0.0388386777450318,-0.07945773709330073,-0.02685592828849437,0.0230551468528013,-0.011008469139568433,-0.1767552096755729,0.00047879609584100535
CAAGTTGCATTGGCGC-D2_Stim,0.04904767250624609,0.023150653267677512,-0.19200449817141063,0.06645435876182226,-0.2344562382070663,0.02250370847329819,-0.07622125815190373,0.031692889214713915
CAAGTTGTCCGCGGTA-D2_Stim,-0.02073769694803218,0.062426710102299054,0.21363540262665381,-0.07885358701525291,0.05736762343013524,-0.2684122432264786,-0.4496347003711083,-0.03395527094324713
CAAGTTGTCGGTCCGA-D2_Stim,0.01464515763041696,0.05457453282627256,0.02516934417091754,0.02312839826302948,0.06225689949510915,0.06563756983076807,-0.22063504499785758,0.029936362893991486
CACAAACTCACCTTAT-D2_Stim,-0.019812914454739428,0.09755454323962454,0.12454180627223987,-0.03035520282928772,0.26591559970621326,0.15028354861219917,-0.9001912746945493,-0.05758301108504682
CACAAACTCCTTGGTC-D2_Stim,0.0848027088924237,0.050734544448095775,0.02388388569932509,0.1686982942108859,0.19095372930313026,0.16358125237884025,0.21191424221049004,0.10290261971470649
CACACAAAGAGCTATA-D2_Stim,-0.03350485142322768,0.03384517352282934,0.013154548920165432,-0.039588340756886,0.0820173164554614,-0.0083775278871272,-0.43423190767402886,-0.008402540930578795
CACACCTAGACACTAA-D2_Stim,-0.10324765748549325,-0.025276739112841895,-0.11479278336889376,-0.06520946731912325,0.08815741229403962,-0.01934595422239127,-0.10395205667476404,-0.005518566542404457
CACACCTTCTGCCAGG-D2_Stim,-0.17669390337075264,-0.025172998300341476,-0.3921421649317143,0.013841900634448123,0.04197605136955396,-0.023932557989661873,-0.5385464750295927,-0.02217435386168276
CACACCTTCTTGAGAC-D2_Stim,0.05216270154158664,0.060851340029712375,0.14979278206530466,0.03502101316064454,-0.2080393611355582,-0.07456845203616602,0.04910142544909668,0.03870833948721675
CACACTCCACGTGAGA-D2_Stim,-0.08250093055226415,0.05913075624673603,-0.008789455488638964,0.07110613796170817,-0.0685265214598445,0.013050599416535746,0.11029491370645861,0.036247641180477075
CACACTCCATCGGAAG-D2_Stim,0.039113633871949105,0.052033165852579444,0.04595166722707056,0.010320300221225764,0.13895514498678807,-0.028637238271361554,0.0127623244569941,0.06525967769998431
CACACTCGTCCCTACT-D2_Stim,-0.07438078424269001,0.0009657939664382553,-0.10503635899443431,0.12811711138767734,-0.11395319775482449,0.19557079533355193,0.2668792766046053,0.0691965549943312
CACACTCTCAGAGCTT-D2_Stim,-0.07512130609420886,0.025272516885095797,0.020367828759445317,-0.07613925488105622,0.12450752918792496,0.049175358091581245,-0.22932596279834172,-0.050246178449716794
CACAGTAAGACGCTTT-D2_Stim,-0.054999821692261364,0.057209904221204866,0.22150832216838978,-0.07139031894457482,-0.03579258265823171,-0.2375132708426797,-0.20599745852748708,-0.03663632131451067
CACAGTAAGAGGACGG-D2_Stim,-0.12040676684489426,-0.05057733621089611,-0.2616799560289991,0.17902643526005058,-0.052365770909675646,0.22473960683668537,0.3368540606663748,0.08189312566897655
CACAGTAAGCTAGCCC-D2_Stim,-0.001082917815041995,0.02831852934894208,0.1302813428983871,0.058637579415551144,0.12512933357298728,0.06286574621994134,0.20305547208452523,0.05530545793656749
CACATAGCAGTAAGCG-D2_Stim,-0.11358894451081625,0.003490089898786408,-0.15071489675359118,0.09571587204330356,-0.2523039746469884,0.022982895717154506,0.27957333502754267,0.04208125140124963
CACATAGCATGCATGT-D2_Stim,0.1265227411777996,0.05371915141327932,0.07486496383125996,0.08317098611519036,-0.014002054730390512,0.11522679162102811,0.21169572200107378,0.06410047408729547
CACATAGGTTCAGGCC-D2_Stim,-0.13731633264363907,-0.025464697999968422,0.13807397214378891,0.006591328288685361,0.37646228449183994,-0.3425895128043166,0.37644163850300316,-0.03252555290685066
CACATAGGTTGTGGAG-D2_Stim,-0.10588757609145283,0.0674152360832796,0.32803351900214217,-0.1474650960657211,0.25602298836409965,-0.18071131659990058,-0.14060822173247267,-0.08801944247872484
CACATAGTCAGTTCGA-D2_Stim,-0.09742104651087224,0.015470431817574237,0.05220674277554238,0.0504478829488928,-0.04366444961191718,0.02803744701742339,0.09090301310086435,0.03605768795833342
CACATAGTCCTCAATT-D2_Stim,-0.11638475586185493,0.03199665218326153,-0.1217643013104599,-0.02848124110415462,-0.04228303528938682,-0.09899240060436298,-0.04581439522564956,-0.018228464216276663
CACATTTAGTGCGTGA-D2_Stim,-0.014022045074490563,0.008164685407882288,-0.025084966873199832,0.1671727178115443,0.14245340360953485,0.15159900376283098,0.41035442096111385,0.08796879789485246
CACCACTCAGCTCGAC-D2_Stim,0.009592622056732836,0.016594812270582793,0.07925586623365355,0.10884775381327039,0.007279212259822643,0.13555072012796465,0.24485662541153896,0.05733856179551999
CACCAGGAGTTATCGC-D2_Stim,0.0034638869667649175,0.024865600992798775,-0.09670566710302175,0.18501018905023514,0.12158903490779593,0.21347805672380105,0.32024458567772385,0.11403237368934072
CACCAGGCAAGAGTCG-D2_Stim,0.017413444162114544,0.010653500890208889,-0.12859896926623549,0.03474896044154896,-0.33489682068992543,-0.037613079034031216,-0.012924504596423247,0.01021126065307243
CACCAGGCATATGCTG-D2_Stim,-0.010995658720196033,0.052586731443353685,0.020171164466926683,0.033492980104076864,-0.21400311081248624,-0.021731672223415543,-0.08193002191744192,0.0294214598933209
CACCAGGGTCACAAGG-D2_Stim,-0.0840153563217978,0.05410577534084027,-0.10120835787597748,-0.026163947222316963,-0.3579740072736435,-0.13689611268473278,0.03688185697781421,-0.013643562796673336
CACCTTGAGGACCACA-D2_Stim,-0.048392760188303185,0.015998300942522192,-0.13364434931053104,0.04120301342325128,-0.20847762396575575,0.011463525304071354,0.05904614206353109,0.011474306675383517
CACCTTGAGGCAATTA-D2_Stim,-0.20233611012983133,-0.07457905843673807,-0.23217284386944925,-0.05734583867481646,0.05245943719321566,-0.04496712636950129,-0.45807726987755615,-0.02899715327718866
CACCTTGTCATAAAGG-D2_Stim,0.03976495048235229,0.022808654476509815,-0.05039084970874619,0.1297920878317349,0.061734932860643355,0.17404854409293868,0.05841852342510645,0.0969735298847052
CACCTTGTCTTGTTTG-D2_Stim,-0.17400987048961092,0.016273272226074553,-0.33163075295688493,0.21832703133775233,-0.2564804635282272,0.11403578553810689,0.35719660100872197,0.14177961867566857
CAGAATCGTCTGGTCG-D2_Stim,-0.10561095612276716,-0.004260369542611997,-0.22605654520766372,0.07932364707889938,-0.17173440053873001,0.09028160095098592,0.2144252977140777,0.059406009589405784
CAGAATCGTGCGATAG-D2_Stim,0.06951900746498829,0.07684280596944149,0.23108188155989495,0.07338436389190228,0.14597040103541303,-0.0007810872887503706,0.05190845770225927,0.08837141486632483
CAGAGAGTCAGGATCT-D2_Stim,0.04969588368859412,0.0417620809043413,0.1530028892670945,0.027971467847333287,0.15328399649658486,-0.005789509784978719,-0.004241780652147753,0.07472778959499138
CAGATCATCATCATTC-D2_Stim,0.08672384182224668,0.018567083832005338,-0.0012894435569297258,0.08841819122977945,-0.05109493571795021,0.05427848837868687,0.2342987305051203,0.0661263319764629
CAGATCATCCGCGGTA-D2_Stim,0.08387408479370073,0.044865609023538866,-0.018256040162279774,0.1300069148238041,0.0971073170764516,0.1655169267960357,0.16065514599185793,0.07348650849439409
CAGCAGCGTATTCTCT-D2_Stim,-0.08328467457354805,0.054646276811714856,0.05459951203890512,-0.02554050283313103,-0.026331542237436167,-0.032108249542003975,-0.6084188155226613,0.0017932620438347868
CAGCAGCTCCATGCTC-D2_Stim,0.02916089140511602,0.04096309241285745,0.07219735967671426,0.07033101337667347,-0.04892499284320451,0.06331599944431687,0.1880034507751276,0.07151505308871897
CAGCCGAAGATGCCTT-D2_Stim,-0.05666198062542627,0.038453286518555174,0.017020403186172928,-0.054497667009277606,-0.06622070531145319,-0.05292365211888672,-0.040021139277024,-0.03860387312308511
CAGCCGAAGCGTAATA-D2_Stim,-0.05954851949819506,0.050427223437596425,0.160853883495502,-0.04219565983209783,-0.05938065630339828,-0.12014941310659566,-0.054919041446929384,-0.030420380024509086
CAGCGACCACATGACT-D2_Stim,-0.09809499910654829,0.007345156744754888,-0.20146524048162107,0.06911399415814756,-0.021092051401643275,-0.060371427099999764,0.4524365589266832,0.030885222287349023
CAGCGACGTCAGAAGC-D2_Stim,-0.11535612755509561,0.014320393254237729,0.12720156566305008,-0.07003991505271934,-0.09394086708965865,-0.191583294173153,-0.1799589230719567,-0.045607208596498694
CAGCTAAAGACACTAA-D2_Stim,0.031186136954781674,0.009996231269616018,0.09905092741501775,-0.07775207625343583,0.1111169375992187,-0.15645860512525722,-0.23926486811245873,-0.010420348312193184
CAGCTAAAGCCGATTT-D2_Stim,0.099789604674422,0.06749986988681123,0.15173571155871635,0.09612488787211149,0.1366562813523391,0.05605264785388897,0.15742447565925044,0.05793944542512364
CAGCTAAAGTACGATA-D2_Stim,0.06833434157572071,0.07745686890213221,0.3323726646627172,0.05904176724100374,0.22264733279243565,-0.017121410791546054,-0.056607629022640715,0.06484727254688849
CAGCTAATCAGCTTAG-D2_Stim,-0.19604307634507556,-0.11202737550173225,-0.16148371897153613,-0.11276617882893625,0.06315108870994735,-0.15814345639565275,-0.35448486773827526,-0.04792313212756483
CAGCTGGAGACATAAC-D2_Stim,0.04716442078794536,0.05526641257756282,0.08047998052503758,0.03605619630521417,0.017900802704279073,-0.05537144267855254,0.09761593457786066,0.019472351815322142
CAGCTGGTCAGGATCT-D2_Stim,-0.08894310063673849,0.0053928334612241,-0.24066077607113634,0.10034510369174932,-0.08277780318266892,-0.024673434303137398,0.3025929533799179,0.03817301147312868
CAGGTGCTCAACGGCC-D2_Stim,-0.007461367938951469,0.05707923594115272,0.045284477252169,0.08035745017822293,-0.04919637526347742,0.06248588320236692,0.1600712977767742,0.04198343997826903
CAGGTGCTCCCTTGTG-D2_Stim,0.048937624833472526,0.029791872467614056,0.047832225429340625,0.11085962992854625,0.34551365703869585,0.06940548072371122,0.20035810770180262,0.08466058669534782
CAGGTGCTCTCATTCA-D2_Stim,0.13913293279080285,0.03466590679061987,0.14907034740310188,0.10934271112387073,0.019552658835706893,0.11041450289674692,0.20992459454859613,0.08329601064431635
CAGTAACAGGCTACGA-D2_Stim,0.11915863968451745,0.02814905295177539,0.10645936765200226,0.08116882032852502,0.033807995172555394,0.08175927460186116,0.20952403106268225,0.07841854028551865
CAGTAACGTAGAGTGC-D2_Stim,0.0733643471667147,0.044831479347799075,0.15827924144634764,0.010227855147865839,0.056239036125907305,-0.12748399937571264,0.017080811181415356,0.013377538675509726
CAGTAACGTCCGCTGA-D2_Stim,-0.11375656064611128,-0.0016492656341764445,-0.08677689103227504,0.05670536039463059,-0.08521105805905904,0.007594071294594329,0.0937750185744406,0.007336446301286159
CAGTCCTTCAGTACGT-D2_Stim,-0.08290190429728916,-0.013695406628265516,-0.15424372410498322,0.030584985911195517,0.04351737291033153,0.05154428648341991,-0.11904619980490239,0.06764518931550434
CAGTCCTTCTCGTTTA-D2_Stim,0.023647934355167877,0.0027279324734301724,0.13484100042217495,0.005399794567301441,0.18296031984591288,-0.1521864580629284,-0.002212988964458873,-0.013000563900963158
CATATGGTCGAATCCA-D2_Stim,-0.0374791283600544,0.05538807653147515,0.15407471632332914,0.03668011133392568,-0.009736860768386535,-0.07892576561251907,0.13294595555382216,0.01735051649999164
CATATTCTCTTTAGGG-D2_Stim,0.02582669273737359,0.05533676026813339,-0.11658258252818321,0.08222327528315176,0.01205709853801018,0.09957130806352232,0.16457596760329984,0.06054529715076207
CATCAAGAGACATAAC-D2_Stim,-0.025679912352870815,0.03866976993182014,-0.01275210849385644,-0.04651536686470692,0.17761015814619796,0.0721485466016123,-0.7051943647993042,-0.07324914545798755
CATCAAGCAGGTCCAC-D2_Stim,0.05383501937405022,0.016526224278686996,0.20997791571689994,0.043821718045091274,0.22318245486191657,-0.16428759358874956,-0.013663763219529557,-0.011451949412785822
CATCAAGCATGGTCAT-D2_Stim,-0.07816546674462366,-0.023605640789019944,-0.04772224523565427,-0.01937579872815398,-0.24434489210566213,-0.05510458505018079,0.07154609235567655,-0.015278801971529532
CATCAGACACAACTGT-D2_Stim,-0.06061372838794554,0.04148824877789181,0.1778483514185858,-0.10063535149182812,-0.02826053670452211,-0.13607712485582546,-0.7002303567469372,-0.04134017022574987
CATCCACGTTGCCTCT-D2_Stim,-0.14284534027836315,-0.017803364868658633,-0.15121121571891916,0.03265422766996551,-0.10005615869098605,-0.04891527364639714,0.34200907934148894,-0.015512749753384014
CATCGAACAGCGTTCG-D2_Stim,-0.0224796426392615,0.05600469838753952,0.006984725676241865,0.054181045022993146,-0.051791293927509585,-0.025627287489740525,0.10962053696014618,0.015905616387366095
CATCGGGAGGAGCGAG-D2_Stim,-0.1650965421157391,0.04011753172465049,-0.2078319497998251,0.13601116176190864,-0.014809733113732904,0.1473840217596578,0.3197938074757882,0.09780557290644154
CATCGGGGTCCGCTGA-D2_Stim,-0.04562726374726367,0.0837950813535624,0.1768218234628609,0.03614899880981781,-0.07410686022164015,-0.029354774364980685,0.140075000418582,0.022154507378207455
CATGACACATCAGTAC-D2_Stim,-0.03312812911634566,-0.015862954655979422,-0.13035722855078014,0.0829990869851116,-0.0941815162168016,0.17889025954333881,0.23312125066091927,0.05948149095976163
CATGACAGTATCGCAT-D2_Stim,-0.15038053744005353,0.02606365830102142,0.07764046187358353,-0.07869485059045545,-0.061484875221655244,-0.24306476799139176,-0.013836838638528803,-0.044931620175182374
CATGACAGTCAACATC-D2_Stim,0.059453531300563967,0.07675968111965759,0.0818728468094978,0.06391344209069239,0.06845684626596693,0.08333643848480143,0.04155733233743053,0.039937564502963596
CATGCCTAGACTGTAA-D2_Stim,0.016970187716564666,0.0593647318593149,0.08010542824562705,0.06434387426127941,-0.04616122472024031,0.040880383016837385,0.009960116959197407,0.022486429631836558
CATGCCTAGGCGTACA-D2_Stim,-0.10147702907188005,0.005475766684003958,-0.08719920457397734,0.006021872967936659,-0.023463378144413127,-0.0717041694018512,0.14244754277388516,-0.0007480934078891721
CATGGCGGTCATCGGC-D2_Stim,-0.14024676670324787,-0.008837526801613649,-0.10659109960727164,0.05796904095277,-0.18750252844062665,0.04742481934341036,0.1761184677700527,0.05038685978728452
CATTATCCATTCCTGC-D2_Stim,-0.17437717013866205,0.026495308235062964,-0.2581496459963972,0.1313674959135689,-0.051937966525976265,0.000161479303622869,0.5160488152358642,0.07845358884066655
CATTCGCCATCTCCCA-D2_Stim,0.010561547517694336,0.022082927725417534,0.07059211128628462,0.001012014303610087,-0.009052093620955048,-0.10163698246626929,0.07033875367571518,-0.02339033124820844
CCAATCCAGGAATTAC-D2_Stim,-0.08820920429823076,-0.03207343492214676,0.08506099010977053,-0.020631022331359716,0.17190883879539065,0.005379436390743564,-0.385172108592851,-0.022846283890705976
CCAATCCGTGAGGCTA-D2_Stim,-0.03718117092630102,0.03339350106167238,-0.05325644239084859,0.001470532054398177,0.062375954667064804,-0.03331295885459262,-0.6088989880706404,0.03666894565566814
CCAATCCTCAAACGGG-D2_Stim,-0.10340465742094729,0.014275587880106855,-0.1178953018840474,0.01592674812282624,-0.21152363555253473,0.03632647732195515,-0.7194442865052686,0.0025017855475581996
CCAATCCTCTGCCAGG-D2_Stim,-0.09346309877329162,0.05490205088364242,-0.1792895447628231,0.07443782820486788,-0.05226745832939095,0.07663868606355173,-0.32249172212344135,0.07220235435848821
CCAATCCTCTTCAACT-D2_Stim,-0.06005170500785084,0.05372032383521663,0.177461667953839,0.01976236654187069,-0.007874921304798832,-0.01334371585391736,0.11401828353743859,0.025167601277168217
CCACCTAAGTCAATAG-D2_Stim,0.04647406502239981,0.06447874938991838,0.2923243663205479,-0.05799566727466754,0.08263887420606686,-0.1437678626495913,-0.1692984641044939,-0.015766622514176376
CCACCTAGTCATATCG-D2_Stim,0.0007793988855482326,-0.030778543829086402,-0.23447955619052152,0.04146402047583564,0.07330862706438523,0.13231192436903427,0.006150962607672561,0.011924079299284074
CCACCTATCAAAGACA-D2_Stim,-0.1385115178942371,0.022123691487642816,-0.24234689672272136,0.09851240481201096,-0.24435439417302973,0.05725135867660569,-0.2662488290295215,0.09060051533714919
CCACGGAGTGTTCGAT-D2_Stim,-0.025182891290786102,0.04587798623414763,-0.07493332460248503,0.024256543542755082,0.047905128938216635,0.09310240178036722,-0.3726084757975805,0.01911148727395684
CCACTACAGCCCTAAT-D2_Stim,0.10043940098215387,0.07454456215240945,0.3472719836266158,-0.035350757440754776,0.1776962184635753,-0.08305166978481715,-0.1243603181570343,0.05323928135004863
CCACTACAGGGTGTGT-D2_Stim,0.07442842341916389,0.04367429630730335,0.038203360802373965,0.05274416406160576,0.05471804610708553,0.06838540656958436,0.12262648905974327,0.049050357570068925
CCACTACCAAAGTGCG-D2_Stim,-0.12706428733287467,0.008227336264685192,-0.25407535886223265,0.026088457773660423,-0.08993851159763899,0.09135849519140748,-0.6377512603303366,-0.03421923592330245
CCACTACCAGGTCCAC-D2_Stim,-0.10718382757849554,0.017693552323711614,0.1794452094681116,-0.08556170287923415,0.2755738279951174,-0.07644462378040195,0.03169948313012494,-0.022677161649138355
CCACTACGTGCGGTAA-D2_Stim,-0.04946047443884716,0.06849086846813002,-0.05184252582086124,0.052336831976854015,0.08891105643744268,0.0972683461838777,-0.16353657507823272,0.06308040547542149
CCAGCGAAGCTAACTC-D2_Stim,-0.10869800614652725,-0.025795621666787838,-0.16473656569863504,0.010616450719751924,0.03917115350149203,0.012882137736180965,0.03685626542769427,0.03692151302770519
CCAGCGAAGGGTCGAT-D2_Stim,-0.1844083623053372,-0.025775498278674647,-0.16815431229365352,-0.035127933730517924,0.03702511872508474,-0.09546904719184468,0.35735900294997336,-0.002930645090346573
CCAGCGAGTAGCGTCC-D2_Stim,-0.05059433109706113,-0.012377444750446998,-0.09551430102064451,-0.00329986915281566,-0.20487992888863538,0.06007927488851372,-0.257838403440509,-0.00990256922000654
CCAGCGATCATCACCC-D2_Stim,0.018521602635951595,0.043040399096287985,0.24827586400078694,-0.0332642801074865,0.1762323961359229,-0.260149019588221,0.06188113309393284,-0.03213174214753778
CCAGCGATCTTCGGTC-D2_Stim,-0.0959595405814877,0.03208307865180515,-0.012919060503429947,0.06632980477433215,-0.0013848999566334896,-0.06655068275517095,0.33267404627284325,0.03145754979705728
CCATGTCAGAATCTCC-D2_Stim,-0.05843574287079889,0.022237013091036317,0.1530723055433949,-0.07335526441804774,0.01856492076769456,-0.2352084299943673,-0.26891624341982645,-0.051774476472289166
CCATGTCGTAGCGTGA-D2_Stim,0.0011640301010480414,0.054871827606225665,0.002624223963994865,0.06726615324739882,-0.029056974629590115,0.02333987195618903,0.05120728303538513,0.01609301508467098
CCATGTCTCTTACCTA-D2_Stim,0.063653418142259,0.07394555117736168,0.008574756010098383,0.08845278574885818,0.026693592273812072,0.09423515944330774,0.022045899097949295,0.034392760680148626
CCATTCGAGAAACCGC-D2_Stim,0.0007105025993130454,0.04986799792118113,-0.09392361316974807,0.06821173688752857,-0.29742096428162945,0.012790701736943078,-0.29169769028893633,0.0466845520033452
CCATTCGAGAAGGCCT-D2_Stim,0.09474861702186743,0.0854847857801122,0.05483699255799479,0.09253654592525073,0.09631501010915144,0.14552911982924677,-0.40775919005037053,0.06995906874960767
CCATTCGCAGGGAGAG-D2_Stim,0.07261877194417288,0.027540017073063083,0.10636758521297374,0.06982230764943509,0.1737390179104743,-0.016202956084164555,0.12223120689861755,0.06793027231011628
CCCAATCAGTGTTAGA-D2_Stim,-0.14425781235557977,-0.004917961573658758,-0.2402741261354322,0.12617478643279512,-0.23764128337811918,0.00012762034766744534,0.27597819565028203,0.04778949087380724
CCCAATCCAGGCAGTA-D2_Stim,-0.18306598684966424,-0.004357092744358582,-0.23257895870291279,0.16086750597942334,-0.17770472323616815,-0.010492914855953828,0.7494024992961279,0.07511938313379929
CCCAATCCATTCGACA-D2_Stim,-0.1539184600943333,-0.019172500792938862,0.05427832060758497,-0.005970257112315025,-0.003301671693328956,-0.19839135755498383,0.2716834161619852,-0.006558848409691009
CCCAGTTCAAGGGTCA-D2_Stim,-0.07648871522732215,0.03991683385009104,-0.162002716183288,0.05652859574052016,-0.04082522592948479,-0.01898070074738456,-0.18061997296006638,0.029633185341879198
CCCAGTTTCACTATTC-D2_Stim,0.14633219598755964,0.06174268335161415,0.19268381915817656,0.06356533803580966,0.08023812703197564,0.03415476567916009,0.18512187364189447,0.061201680953271165
CCCATACAGTACGCCC-D2_Stim,-0.130203179845509,-0.04239395695969428,-0.26396573527184053,0.029614378298660426,-0.060791822468061696,-0.02290545559701407,-0.2831970678368112,-0.0321724043949132
CCCTCCTAGTCTTGCA-D2_Stim,0.09689517937636793,0.07825533947037222,0.18760352083950238,0.03961312733140332,0.015676554124583575,-0.007657137377622192,0.014215427689086901,0.031160008573847264
CCCTCCTTCCACTGGG-D2_Stim,0.10523581635848167,0.04697138821164337,0.017826727648031948,0.10112075395215214,0.07681741914119833,0.13455862411905528,0.19929020485644955,0.06637049946879259
CCGGTAGAGAAGGCCT-D2_Stim,-0.15936844622025959,-0.03752233831156282,-0.1936922629208091,-0.013042520060214002,0.06875767927718712,0.06305883711611493,-0.24344849838456994,-0.048012970319140535
CCGGTAGGTCGACTAT-D2_Stim,-0.12353489190189215,-0.0069320859608428265,-0.1341597036612514,0.05645574727295255,-0.0954004664505419,-0.003418383118461321,-0.2068739932675463,0.06733777842034705
CCGGTAGGTTACTGAC-D2_Stim,-0.056699324238977056,-0.03472398175401992,-0.2910901986982033,-0.004031737234017285,-0.1910735102087262,-0.08766733397518145,-0.472164886982295,-0.04962864417287882
CCGGTAGTCAATCACG-D2_Stim,0.07096375568738722,0.0701962268292089,0.11120710003689638,0.09522431908065343,0.06376861509036047,0.03873789736456246,-0.024208881697811435,0.057264246645127415
CCGGTAGTCTAACTCT-D2_Stim,-0.09078130845072074,-0.012544568292335967,-0.17467706018525853,0.06333081654553041,-0.08463436611578423,0.025490327418765446,0.014607487788619089,0.03742605082910622
CCGTACTTCTTGGGTA-D2_Stim,-0.13338810907027998,0.005994915305992166,0.3624223666862587,-0.030730673217775006,0.3189519464505679,-0.1505207115105982,0.19780318019479104,-0.035950840963785424
CCGTGGATCCCTAATT-D2_Stim,-0.0838912816961308,0.043746738011385844,-0.20988087888885598,0.15844367328698716,-0.1149489840620781,0.07153080823378843,0.35187325649654433,0.11119973603720545
CCGTTCAGTTAGATGA-D2_Stim,-0.0733363593932772,0.04982985586861943,0.1024062318924095,-0.05317953749377935,-0.13992574906332678,-0.2545256277662631,-0.3183080901052451,-0.0567966128975943
CCTAAAGAGTCAAGCG-D2_Stim,0.1106024145894331,0.14933453894041016,0.25222267979921575,0.009778390712526175,-0.08132562258097131,-0.04041847426281109,-0.13002750488922565,0.03261296539674419
CCTAAAGCAAGCGCTC-D2_Stim,-0.062405294372352316,0.04517062300666552,0.13885841207439142,-0.05539355353901598,0.007986716164205987,-0.22008676728887444,-0.2200069966270588,-0.013902792214613768
CCTAAAGTCATGCATG-D2_Stim,-0.024387564587820876,0.051791830508879144,-0.09063012493228761,0.034433112673385224,-0.1377328833131255,-0.002550706620754184,-0.6502242784102119,0.012008856475635099
CCTACACAGACGACGT-D2_Stim,-0.0906118274646932,0.04014679833765378,-0.25428744016734317,0.05381350575523314,-0.2150127094243981,0.00248179673227078,-0.8395368081470007,0.027582565699425743
CCTACACGTGATGTGG-D2_Stim,-0.08655022791427669,0.015034724564991109,-0.006166056913240681,0.041857832658360294,-0.01573610485558241,-0.0009486924851955791,0.18207396211324856,0.01249371981479186
CCTACACGTTGTTTGG-D2_Stim,0.06055345976112392,0.04093626737326872,0.12358198499037165,0.023716322822998848,0.04426759605118313,-0.028040382819375154,0.0938251073220302,0.03333531398595113
CCTACCACACGGTAGA-D2_Stim,-0.08869301714475952,0.00018136781661937107,-0.26107709769039644,0.0722661545910146,-0.2226206793944776,0.10397341721900055,0.2198051730542261,0.02770630869424906
CCTAGCTAGAAGGTGA-D2_Stim,-0.04060446652975358,0.038891817744328705,-0.13662454943379299,0.01977387172182432,-0.08903080569795208,0.03902085084893514,-0.30500905998104955,0.059219030114695315
CCTAGCTAGACTGGGT-D2_Stim,0.031017116029119052,0.03540625327744351,0.01478628297511797,0.0946105751042765,-0.13662781315427175,0.09284039363688912,0.10177459466510808,0.05089045994532704
CCTAGCTAGCGTTCCG-D2_Stim,-0.01004093505445347,0.05269536362904148,0.08947127127568422,0.001868498732227053,-0.11835831767004024,-0.05117374384592388,-0.03890867472050896,0.013740463764726485
CCTAGCTAGGCTACGA-D2_Stim,-0.009292317784963089,0.05756971296760227,0.17190556477182284,-0.03477377017257233,-0.05559472461231074,-0.03724656949241201,-0.15617634368394562,-0.005559208372536872
CCTAGCTCACCACGTG-D2_Stim,-0.09387020582832051,0.028005545488966277,0.12769565368456348,0.024587876869174963,0.0306632753046987,-0.13169322825751628,0.37047637870172423,-0.00382724654956057
CCTAGCTTCACCACCT-D2_Stim,-0.1191561666431653,-0.06080149370272281,-0.11301763679595389,-0.10115505908507316,0.08782158941946605,-0.06675164025169522,-0.19083936709010274,-0.06820825911802153
CCTAGCTTCATTCACT-D2_Stim,0.00421556736066897,0.02151889412506769,-0.10760660879638273,0.1296269602139013,-0.11878256344244775,0.06928525353822756,0.5141256700895607,0.08546186539328815
CCTAGCTTCTCGTATT-D2_Stim,-0.09426078711453734,0.011601724904094723,-0.0201821994457676,0.02506098533891432,0.05972312413466341,-0.10810576454632681,0.35878145855425814,0.005114095148984532
CCTAGCTTCTCTAAGG-D2_Stim,-0.20423930633359788,-0.0628306520674009,-0.2690903738058035,0.04634078291348409,-0.022096564313647704,0.061778798054527684,-0.021279808474247375,0.0776313533607027
CCTATTACAACACGCC-D2_Stim,-0.0697539027389702,-0.0043201513773727385,-0.2578649111603557,0.1113196275072994,-0.03734598262608735,0.02896385588856809,0.4127435807559596,0.06930599030629203
CCTCAGTAGTCGTACT-D2_Stim,-0.08348101293302435,-0.029707335135521262,0.09921483855863578,-0.06539519872777078,-0.014975863999188377,-0.19618343837839625,-0.3195182507682963,-0.035187080074280175
CCTCTGAAGTGACATA-D2_Stim,0.06773669272838667,0.02578794703385512,-0.15239543203730577,0.1677443193812902,0.12428954353183386,0.20076275877132055,0.3536175144964133,0.097068083606894
CCTCTGAAGTTGCAGG-D2_Stim,-0.07443316315319493,0.016589749584118962,-0.09595576805740791,0.052885391166789475,0.003249254270022206,-0.0634487892839335,0.3526918641788708,0.01656075802145729
CCTCTGACAGATCGGA-D2_Stim,0.017669507833000253,0.0801182884037388,-0.12890836045688125,0.17299707183205904,-0.1521952856902562,0.06560788658939742,0.012777314792657535,0.13198701594815887
CCTCTGACAGTCGATT-D2_Stim,0.09982137018585746,0.06240342347114769,0.11260687606167252,0.08073811273000864,0.08389506726808094,0.07482283692119829,0.12324123595551661,0.07118572605475215
CCTCTGAGTCACTGGC-D2_Stim,-0.09014369723779936,0.0426403935259696,0.10699499468082507,0.06145665436514669,-0.2112060241645768,-0.02259119790377717,0.22053810231879822,0.04520504694199268
CCTCTGAGTGATGTGG-D2_Stim,-0.14929676826864835,-0.056661783932405285,-0.18117211726224802,-0.08290264324713448,0.13831248614019387,-0.06922699157160572,-0.7310573615181113,-0.06949617748648151
CCTCTGATCTGACCTC-D2_Stim,0.13248080509721483,0.04156264032780932,0.12960261770347792,0.016794036689478986,-0.016832908734755847,-0.018333173575562967,0.09898661506317463,0.041899824657175344
CCTTACGAGCAGGCTA-D2_Stim,-0.05555682133384465,0.018248912121149985,-0.04351243015534134,0.040705734886964606,0.014589940050402816,0.054287393767342706,-0.029845736523611777,0.03189062151690791
CCTTCCCAGCTGCAAG-D2_Stim,-0.06811459832856137,0.027128088735210554,-0.21384988841120833,0.04567333501501203,-0.0044985534503290125,0.041456492166410897,-0.7552281563257655,0.03679739706458385
CCTTCCCTCACTCCTG-D2_Stim,-0.06608826983507576,0.03394609105778734,-0.07391203749811126,0.01923842639851081,-0.043311310260612856,-0.021405529249195254,-0.23336869677098804,0.04974790129785944
CCTTCGAAGTATCTCG-D2_Stim,-0.1759028213307996,0.013876078457448315,0.23427607958738683,-0.1562895691714381,0.24036934811780242,-0.23132064387436735,-0.2262134708443364,-0.08042846311502494
CCTTTCTCAGATGGGT-D2_Stim,-6.40527350466158e-05,0.07259988072633661,-0.03491435178085034,-0.01667319235929554,0.07821767674838398,0.04914884130103836,-0.40604800905522254,-0.011569823715795735
CCTTTCTCAGCCACCA-D2_Stim,0.0654876271387188,0.03896286745673372,-0.055893264450464386,0.13314637375987992,0.09588553051697879,0.25520468330130974,0.1857997333557222,0.0822722484525844
CGAACATCAAGCGCTC-D2_Stim,0.08579328680732168,0.06022703703062149,0.2514949259657513,0.005007305628387471,0.03038360096640602,-0.0784200868955427,0.06988949508524822,0.022458897691040036
CGAACATGTCCAACTA-D2_Stim,0.12330692911575625,0.07745028655585351,0.24982662115970378,0.009622588022502043,0.0010272407325384592,-0.041325051167108384,-0.015635021621189793,0.024254331586146094
CGAACATTCCAAACAC-D2_Stim,-0.0016551948050551601,0.013048612313957264,-0.09626183255226906,0.11045082729012634,-0.17084677813287996,0.09627869599688665,0.27840879689365927,0.0735684052366743
CGAATGTAGATCGATA-D2_Stim,0.08160702189670133,0.08002139725538626,0.3724723893133959,0.004636788340325992,0.12348675240934703,-0.11272548489007406,-0.053139718684410475,0.052184528842669664
CGAATGTTCCACGTTC-D2_Stim,0.04929654066103417,0.04177766305210184,0.027887978694213444,0.09922195182736182,0.0337189494973309,0.10783381105295398,0.15414680527292557,0.07051028725115849
CGACCTTAGGGAGTAA-D2_Stim,-0.04362970311231784,-0.022959854011640246,-0.07561347416984354,-0.07711483736899538,0.24244522796013968,0.015880996390619018,-0.2370048521183321,-0.04831732034593195
CGACCTTCACGTGAGA-D2_Stim,-0.0069538376432696225,0.03777500165003289,0.06366694798206751,0.00927591573444353,0.055794351790028784,0.012901113997992653,0.04155055808370811,0.018944064288955786
CGACTTCAGATCCGAG-D2_Stim,-0.023811400166783514,0.04622084608491939,-0.022414966884390708,0.0024826693573078984,-0.06181090601210926,0.013812956691870326,-0.0935928601602205,0.019800996473097854
CGACTTCGTCATATCG-D2_Stim,0.03235375617122571,0.05576737070499682,-0.10862855047079556,0.04275070287562599,-0.15084618566206132,-0.08049076114287246,-0.3299249552965371,0.03631507570648829
CGACTTCGTCGGCTCA-D2_Stim,0.01963387610299172,0.020484174695734936,0.200030486112329,-0.031837755711940474,0.2165688002385231,-0.1743732322968441,0.06401422944166324,-0.031141391219705383
CGACTTCGTTTGACAC-D2_Stim,-0.07291273602031367,0.05481390797823593,0.1576617373846485,-0.02712030824745426,0.05718757113835693,-0.020175591051605934,0.3065968094087044,-0.022989395003607527
CGACTTCTCTGGAGCC-D2_Stim,-0.15868048268927026,0.003409058127815001,-0.2499084377717633,0.05871604889700599,-0.06852924304222974,-0.033200574125968885,0.6038118789735929,0.026556093837736938
CGAGAAGGTTCCACTC-D2_Stim,-0.14589137138375818,-0.012250569364638864,-0.12234378123334011,0.08780934481984204,0.039100995776744085,-0.12611205400177283,0.37788925641428683,0.016082099719412213
CGAGCCATCACGGTTA-D2_Stim,-0.17633017995695788,0.0035705110318282607,-0.15996577274484558,0.0316477038399281,-0.044477167967643894,-0.10303935074919757,0.3129356064769446,0.009742389087971759
CGAGCCATCTTCATGT-D2_Stim,0.09232085541539448,0.0626929812488477,0.15753335496637355,0.07695575935773391,0.06940406731678017,0.07843532960079713,0.09011879611586604,0.04569407870984321
CGATCGGAGAAACCAT-D2_Stim,0.03713134760725012,0.0509039457264997,0.1351487672010947,-0.0033499610676592795,0.26212602937518525,-0.15201206339179052,0.06993772097578344,-0.01609065912690788
CGATCGGAGAGCTGCA-D2_Stim,-0.01925380670959953,0.042553812589355644,0.0806990769845477,-0.03604837288425422,-0.04992900153703417,-0.1412515498020337,-0.0696519175235073,0.0026906468399179317
CGATCGGTCCCTTGTG-D2_Stim,-0.028795698250515755,0.09031377781641403,0.17013138897827673,-0.03926750944768642,-0.15257146774298036,-0.1432394729837405,-0.26244082429305315,-0.010473701346587205
CGATCGGTCCTCGCAT-D2_Stim,0.022298023637944198,0.052476516526651196,-0.047314011161812886,0.07103830811959888,0.1129565272191897,0.1524620571403421,0.13408278146517638,0.06828243708928028
CGATGGCAGAATTGTG-D2_Stim,-0.12059919347058745,-0.03467264197794151,-0.06734472288439441,-0.04870992580047684,0.05027704966622615,-0.05845739817589468,-0.13982510429259687,-0.02240913377742082
CGATGGCCAATGACCT-D2_Stim,-0.04519126324395373,-0.0026170265565337303,0.04366968513065572,-0.029925405211034928,0.0750428912109733,-0.06548920120906665,-0.08463512918507288,-0.010594552048017292
CGATGGCCAGCTGTGC-D2_Stim,-0.05714732310238979,0.03778134019881563,-0.130666066417219,0.04531272223683125,0.005084224632790679,0.06778497511821335,-0.247071449070825,0.03924098083338734
CGATGGCTCATTGCGA-D2_Stim,-0.11856359438992747,0.04363729851726461,0.17763171162843072,-0.06613528464260199,0.02829390148388633,-0.185936706322277,-1.1284032858955406,-0.06197305615945048
CGATGTAAGTGTACGG-D2_Stim,0.0553914676051086,0.00649101919350592,-0.03509673647283229,0.1556419087145624,0.025043558090153795,0.16416582762630938,0.29970395176205766,0.10224541124405384
CGATTGAGTACCGGCT-D2_Stim,0.00017387139386038086,0.019565481930310824,0.011970765603489752,0.0230016433968796,-0.07165633516054015,-0.04706650262435552,0.07523466979434623,-0.009337712299632983
CGATTGAGTGTTCTTT-D2_Stim,-0.07322896774375032,0.062475416172114606,-0.02148822223427338,-0.06523954729804693,-0.28489257777544275,-0.22834883233144332,-0.31814603477166337,-0.044057266516363214
CGCCAAGCACCTCGTT-D2_Stim,-0.01974839094420311,0.03212092504889519,-0.02858769874679723,0.10503463593461859,-0.028702399995600203,0.08255467032723374,0.17311492188415212,0.06883850022354565
CGCCAAGTCCCTAATT-D2_Stim,0.09513867921773134,0.054869212014763136,0.15304173041829294,0.059295504591517556,0.11553087546252172,0.05565281093989327,0.18281408674927135,0.04364788692338273
CGCCAAGTCTATGTGG-D2_Stim,-0.023210178728225728,0.05503570625067411,0.033697216931603435,-0.02128280180485831,-0.10670484963006999,-0.0630537116918326,-0.4471899447084944,-0.0034068698370575135
CGCGGTAAGGGCTCTC-D2_Stim,-0.028634036682415598,0.05595564954446175,0.02123222809179559,0.04338518039047834,0.03793621661410107,-0.012672407507348993,0.18692043491796007,0.0214262993709049
CGCGGTAGTCCTCCAT-D2_Stim,-0.04999811954695943,0.06091330307118348,-0.09531378490334763,-0.0020914992118008513,0.03267880383192079,0.02196323001881595,-0.08394818294603823,0.02850445725112749
CGCGGTAGTCTCCCTA-D2_Stim,-0.10595919099230677,-0.015794665668115826,-0.21600048304239827,-0.03518240044851595,-0.20761759139944758,-0.05755514078967394,-0.46026735531963325,-0.041043122386668074
CGCGGTAGTTACGTCA-D2_Stim,-0.12476920171395456,-0.06949329335984977,-0.16397942199506588,-0.05721757542364081,0.0783922383117357,-0.05138404766283422,-0.35336779052656553,-0.03325829919636725
CGCGTTTAGATGTAAC-D2_Stim,-0.04186402022314617,0.05609104673612464,0.1751903956581291,0.022880156154579723,-0.12011382894789335,-0.05006718568451518,0.1151781664576248,0.03147151541887894
CGCGTTTGTGAGTGAC-D2_Stim,-0.10436002878783057,-0.004856589083274798,0.06728530955345668,-0.08874649417733771,0.11856423038750208,-0.17325520597620425,-0.3360013037429388,-0.05952574541464273
CGCTATCAGAGACTAT-D2_Stim,-0.018457278324349957,0.02158826148620463,0.08125763092001925,0.08470054936413796,0.21491301635611926,-0.015831905818327385,0.03426500406678201,0.052819997682197695
CGCTATCCATGTAAGA-D2_Stim,-0.13860105587785654,-0.015208257856194507,-0.06610712895329307,-0.030853842618103755,-0.12320181475314662,-0.0729544246264755,0.005707620125970259,0.013765166401400464
CGCTATCTCAACACCA-D2_Stim,0.16858178407282587,0.04766234918995771,0.18408958880387338,0.09339395918214954,0.03838219015445965,0.13494698256560156,0.20146447908413556,0.09070592540489031
CGCTGGAAGCGTGTCC-D2_Stim,-0.204447313628906,-0.0643005110429975,-0.27528509337691887,0.15856817291738246,-0.22246164529473944,0.05197012110572885,0.621012068964621,0.05974136899301641
CGCTGGAAGGCTCTTA-D2_Stim,0.15458085930731436,0.014763940865350378,0.014674548182494362,0.08514140074849053,-0.13150242642623944,0.13935239979552172,-0.09253716933616118,0.04882809748875516
CGCTGGACATTAACCG-D2_Stim,0.05053792456758721,0.028739151057044054,0.014000046514386355,0.042334413757272316,0.07249510992166996,0.0022482551769638093,0.1634846678854487,0.03715670818000305
CGCTGGAGTCGCGGTT-D2_Stim,-0.16374603157710865,0.01658350288251853,-0.04490710452640112,-0.016009641222375137,-0.010841877905233943,-0.1539048426978642,0.24527035952487886,-0.03916853920688368
CGCTGGATCAACACAC-D2_Stim,-0.2075381799630307,-0.022968276508843033,-0.24110961923355578,0.02826060000617403,-0.19012176329983177,0.005786272579832996,-0.42764864281189574,0.04321954648771964
CGCTGGATCATCGGAT-D2_Stim,0.08484274732784591,0.06588940614068761,0.07022117411621842,0.08947564122341412,0.13153986279317387,0.12412362922885833,0.15926020155409848,0.06371748075553896
CGCTGGATCCGGCACA-D2_Stim,0.05106542911363121,0.04406308198829656,0.0638196027246476,0.08522495372504402,0.06127007097554937,0.14922070542338872,0.18787527287267025,0.05665743774213894
CGCTTCAAGTGAACGC-D2_Stim,-0.18438673195372068,-0.10632311131334404,-0.24243654783634572,-0.0539229291887402,0.04368139878896393,-0.08046245611216207,-0.20684015256828658,-0.045935695789523834
CGCTTCACATTACGAC-D2_Stim,-0.0854740854631384,0.002010270881923404,-0.1760144285786378,0.08891568573327824,-0.08808246191407498,-0.0015087528828452434,0.23598873359859063,0.03772789799606002
CGCTTCAGTACTCGCG-D2_Stim,0.04900316869274235,0.04879858428004091,0.04378595302243404,0.13888672283069958,0.10853172606467076,0.10890551488873257,0.25051194485813877,0.07852553595684775
CGGACACCAGCGTCCA-D2_Stim,-0.03158849662342078,0.018918488936098043,-0.10754542410005641,0.1460492433006042,0.06261204974918755,0.26031851518770566,0.20565050694031317,0.0613204964329821
CGGACACTCAATCACG-D2_Stim,-0.14727879167765856,-0.06674642903539585,-0.08090053130344188,-0.10583488610792813,0.012373249289318267,-0.1845581628151418,-0.2750089162231504,-0.0484638296276696
CGGACACTCGCCTGAG-D2_Stim,-0.07136856273192826,-0.008573775618051727,-0.07555584818631367,-0.029251053590224174,0.134730547246388,0.013655960904653597,-0.16795628661581574,0.0011401802167689823
CGGACGTTCCGTCAAA-D2_Stim,0.08119511966354231,0.06786444383961587,0.1518965268140242,0.06698752039681466,0.12436713148035317,0.007087164111094779,0.08429111714687298,0.05005262101741437
CGGACTGCAGCCAGAA-D2_Stim,-0.05186200146256681,0.00822505704254084,-0.21968267058370827,0.0976248759139331,-0.06237706577348057,0.1189775792580896,0.1130454635647471,0.016851808961490633
CGGACTGGTTATTCTC-D2_Stim,0.021269380998882426,0.059336743055659724,0.1417824680233366,0.07157944911544867,0.09969058138715425,0.09212402844380208,0.15797513009354436,0.04607824038625097
CGGAGCTCATCCAACA-D2_Stim,-0.08501418558126694,0.014219888102065426,-0.12014886847655504,0.07018363330526967,-0.1618091198231575,-0.014606314234807627,0.07538357272688856,0.015206668560949765
CGGAGCTCATCGTCGG-D2_Stim,0.06277553838800465,0.05699697743214216,0.002167015633911973,0.07204756906759613,-0.04723874616275836,0.05414485625186671,0.05490018665340557,0.03465425222602292
CGGAGCTTCCTAGGGC-D2_Stim,-0.15485594666164815,-0.01848261180233912,-0.16852108589619164,0.07570067536283354,-0.0759323189367258,-0.04752101170642753,0.43627474918736553,0.0012926636631505062
CGGAGTCAGCGTTGCC-D2_Stim,0.06456818235057682,0.10630095217196356,0.3237244348350963,0.010764079702164864,0.1692616020799278,-0.07929494105983892,-0.08477068171860491,0.04589771972394452
CGGAGTCCAGGTCGTC-D2_Stim,-0.0368005337306716,0.053967149141238124,0.017038316921704322,0.06033320319906288,0.04950780646453978,0.05679712924283464,-0.17056810168343617,0.034045731025415193
CGGCTAGGTCATCCCT-D2_Stim,-0.11555126955459016,-0.007382829173701921,0.33948878106564706,-0.159290545425673,-0.11456319709333229,-0.168911659822788,-0.8398853782915179,-0.1018721583586526
CGGCTAGGTCCTAGCG-D2_Stim,-0.189445448639308,-0.03249907940928587,-0.29306141778487493,0.15717605727476958,-0.13389983553757823,0.07386962718734047,0.6223737734379835,0.08568834240815804
CGGTTAAGTAGGGTAC-D2_Stim,0.047974176767869636,0.047968582878461064,0.14293051036020898,0.018160194017072584,-0.0833509393106997,-0.07816012662739347,0.03254304121962104,0.00023800192660594632
CGGTTAATCAGAAATG-D2_Stim,-0.007426322868871793,0.04367801926282944,0.04625277379936321,0.0751786567906354,-0.10752108398066085,0.055926164554453095,0.21050259917690806,0.04784964261045488
CGTAGCGCATACGCTA-D2_Stim,0.011570740239355004,0.04408286635627867,0.1283378598647893,-0.07597835632108207,0.06936783016520565,-0.1558499223296348,0.04259941407792489,-0.05605321614891601
CGTAGGCTCCGATATG-D2_Stim,0.05301317704257258,0.06880992965186117,-0.020291079130723588,0.0724524902709831,0.05615232138133308,0.1660137446166967,-0.22680232828821367,0.06368611681983438
CGTCACTGTAGCGTGA-D2_Stim,-0.01968323351267287,0.029268388052379635,0.22019267863713932,0.0036404524475930344,0.2687882906078922,-0.18019110203366928,0.27940427871342965,-0.005972293764378023
CGTCAGGAGCACAGGT-D2_Stim,-0.0005564436379330573,0.07403894165373792,0.5477812069725125,-0.03838678507431581,0.4276007045426855,-0.1295455420958227,0.2997233445960106,-0.0338506281087394
CGTCAGGCATGACATC-D2_Stim,-0.04366545276505995,0.08442965046817008,0.19845019305041234,0.02647430592928579,-0.09494795367183961,-0.07619533010812063,0.029434832212182016,-0.007632923889190124
CGTCAGGTCTCCAACC-D2_Stim,-0.09533573224424963,0.061047534482751686,-0.2019312591397071,0.11046374716427643,-0.25701214678207585,0.09052236024411364,-0.20847577014565744,0.11256231790098248
CGTCCATAGGAGCGTT-D2_Stim,0.08953871305427619,0.06411227782377615,0.1375585040425129,0.027547943905990024,-0.0014340280197959743,-0.09614817010071164,0.0675965014944575,0.019875459510188875
CGTCCATGTAGCGTAG-D2_Stim,0.04230120531863335,0.050149046281507736,0.29824278200980636,-0.016211414217325526,-0.007149637642859474,-0.08937136138924551,-0.04604685482748039,-0.029140349385023967
CGTCCATGTGTTGAGG-D2_Stim,-0.04095249869844153,0.05651673403603574,-0.0004853613787787481,0.0932181124226048,-0.22942125854375917,-0.05195823021623802,0.36527220288205875,0.038100969290328024
CGTCCATGTGTTTGTG-D2_Stim,-0.09773713178648968,-0.04929038893528315,-0.024800685786736665,-0.13300654286818592,0.17037190677847924,-0.00578010219970615,-0.26291279625496955,-0.044190274305467625
CGTCCATTCACGCATA-D2_Stim,0.001429533547376849,0.0541939743696922,0.04341579644369897,-0.04709607873542687,0.06446866018736408,0.04903157400673663,-0.28863195687910803,-0.029774948612933727
CGTCTACCACGTTGGC-D2_Stim,0.05607086097217362,0.05953320058719136,0.20018309685214852,-0.022203438465385972,-0.09650511618449542,-0.11319692821340333,-0.003575774126426623,-0.013391432809051196
CGTCTACGTCTTGATG-D2_Stim,-0.11234209172032372,0.05047115931049717,-0.02681558651214111,0.033576362839921714,-0.1313578272650524,-0.05533246069575526,0.15386207030728283,0.0006214859982733856
CGTGAGCCATCACGTA-D2_Stim,-0.026593708529466298,-0.007604818335082086,0.09120961227707447,-0.10231868505514541,0.17341327420803232,-0.01220443740854904,-0.3276762642877582,-0.06064661792064463
CGTGAGCGTAATCACC-D2_Stim,-0.15390581179446627,-0.06594384027279254,-0.11233090910298049,-0.08649701743683025,0.05705112353260233,-0.0614730121331597,-0.22382936793503205,-0.041319575979697376
CGTGAGCGTGGGTATG-D2_Stim,-0.027215875576082738,0.02890023169736189,0.10910981566903288,0.0016579086093262418,-0.004873188931888706,-0.012735571496245157,0.08034212889618164,0.02943695740793295
CGTGAGCTCGGATGTT-D2_Stim,-0.024998429865181748,0.11365574445362547,0.12707883771552098,0.026163114940823462,-0.12238120092865223,-0.08736657377028578,-0.09060019320552826,0.029416651503492375
CGTGTAAAGACGCACA-D2_Stim,-0.017534986093416194,0.0493312411305471,0.12744527432140984,0.09506850842388737,0.1160254073912963,0.10679113061197576,0.27983781794410145,0.059597209695960274
CGTGTAATCTGGGCCA-D2_Stim,-0.08645734646948533,0.08251859821089091,-0.18031835835122134,0.13250124356526705,-0.1565380986428746,0.1193032368397855,-0.46561671930695603,0.0786972557065706
CGTGTCTAGATGCCTT-D2_Stim,-0.055005716569771934,0.0013208456911986133,-0.12429341975273367,0.012088282626747215,-0.05082705357839856,-0.0033149897953119734,-0.1233722951183509,0.02919706786872034
CGTGTCTAGCAGACTG-D2_Stim,-0.10077026255669352,0.006730662343528593,-0.05878618514559619,0.030117427641451755,-0.07620309286130222,-0.0984163830464091,0.03770182736032268,0.007059738308623054
CGTGTCTAGCTGTCTA-D2_Stim,-0.06283292512509675,-0.01042744986203914,-0.14232578730193346,0.09723966049446098,-0.0387192561657379,0.1607502657783897,0.24381688564649817,0.056562419708956924
CGTGTCTGTCTTCGTC-D2_Stim,0.08724396849092386,0.08314223212516936,0.027211966861786507,0.07924121934239459,0.0011508691657304837,0.10620358959856269,-0.1710976363109058,0.03439692794757221
CGTTAGAAGCGTTCCG-D2_Stim,-0.11130392229817865,0.05683818460600776,-0.12113606128379395,-0.00726646921358487,-0.4590326027442231,-0.17260658416560126,0.01872613048332994,-0.046438709090656616
CGTTAGAAGGCATTGG-D2_Stim,-0.020080265479569093,0.025428872376371814,-0.10082009856331453,0.16548720999448996,0.02861761575183941,0.25812314347566456,0.18744674768546155,0.08452331737590768
CGTTAGAGTCGCATCG-D2_Stim,-0.054422679634086535,0.012966953082875321,-0.10383979458115355,-0.04290356016134389,0.04137717905033611,-0.08406761886082847,0.18328616782788565,-0.022631266993196064
CGTTCTGAGATGTCGG-D2_Stim,0.1249741150881718,0.05075877122324357,-0.0200760485649063,0.13513034413737834,-0.11042465169439808,0.13339406387959407,0.1737652911790697,0.06781543069022788
CGTTCTGTCGTCCGTT-D2_Stim,0.060208023110650544,0.04303054182432575,0.04337458526438809,0.09825332357770655,0.0642093739242462,0.06704086436327472,0.12414857392117895,0.04346847852140279
CGTTGGGAGTGCTGCC-D2_Stim,-0.009483380551076337,0.014170953704647715,0.05556380005565664,0.03643955357100559,0.008271956731494612,0.03310877978640825,0.00649628089008214,0.02693534141681475
CGTTGGGCACTGTGTA-D2_Stim,-0.08043261674223601,0.009481542025728373,-0.2014412936741934,0.06302852313802809,-0.2308260223612688,-0.044751579470000635,0.018070578618935684,0.030915665325649044
CGTTGGGCATGACATC-D2_Stim,0.08295309729928135,0.19005651904209664,-0.007935177932292703,0.13680080431142727,0.18271796192359346,0.20878980420411253,-0.4417353073019914,0.0785460565855356
CGTTGGGTCAGTCCCT-D2_Stim,-0.053825659391382175,0.031110158175339464,-0.013075553735021117,0.04870252730484026,-0.061059471661280895,0.043529969770609966,0.017819379808524438,0.022658754234369027
CTAACTTCACAAGTAA-D2_Stim,-0.016379756287483005,0.034092529390692405,0.05617114219928965,0.06590049224970862,-0.1459867587405732,-0.039584304881785215,0.07968898540937452,0.03984531761079779
CTAACTTTCGTAGGTT-D2_Stim,-0.1764413710781927,-0.06021920992485441,-0.4264657745116569,0.13009318010792192,-0.12550657688237088,0.0894777215534841,0.6476875146354484,0.03080159251202197
CTAACTTTCTGCGGCA-D2_Stim,-0.008332935448196466,0.03637781553037556,0.11755306597458492,-0.05338039075065559,0.0864389672860657,-0.08266045266677224,-0.08047486134036586,0.0006451440102157591
CTAAGACAGCAGACTG-D2_Stim,0.030184523354629178,0.048973064908036434,0.02428189832984451,0.07605120530596743,0.07398154181355743,0.13582225666404213,0.11746009105842603,0.055327846954433824
CTAAGACCAGCGTCCA-D2_Stim,-0.12198947838262164,-0.012490173352668776,-0.13442803690783567,0.04408398966728733,-0.034709529796408845,-0.1507189438566101,0.4259899855247795,0.01326297967942125
CTAAGACCAGTATAAG-D2_Stim,0.01381240194332456,0.08207748119708391,-0.030041597493577044,-0.0015339970121921453,0.13148739190319603,0.10239576897088831,-0.6614896364760234,0.011948998588948712
CTAAGACCATCCGCGA-D2_Stim,-0.10052400416516782,-0.05618063233700177,-0.17059487574155874,0.10407406876022485,-0.03607780024769447,0.22534026602376755,0.177666701146606,0.08875949986274279
CTAAGACCATGACATC-D2_Stim,0.2356227025414288,0.10876502539677091,0.2433051669040065,0.0704967671728145,-0.00095498214088785,0.019774273534203246,-0.0901330924122945,0.06459566234868497
CTAAGACTCTGCGTAA-D2_Stim,-0.17374673891546344,0.01237423324324105,-0.2630878108067094,0.1459677040678553,-0.11083410950873862,0.12458196110011954,0.09398826522966175,0.14581548611560002
CTAATGGTCGTTTATC-D2_Stim,0.0022593167074465015,0.0914158123070603,-0.19156230635417693,0.11140725193792633,-0.2951041977173787,0.060973937179760185,-0.24732843534751403,0.08457547615261163
CTACACCAGAAACGAG-D2_Stim,0.07128263554615444,0.04764662267289488,0.058397531211907605,0.09237199111287353,0.06422258620952448,0.11845982098719965,0.10143608059893783,0.07306863612822845
CTACATTAGCACACAG-D2_Stim,0.02173055346570507,0.04832309546191205,0.051886530440535594,0.07898801316505022,-0.05982204918120715,0.06672299645637914,0.07034589172083727,0.044379812571186505
CTACATTCAATCTGCA-D2_Stim,-0.15776455801556466,-0.07832831759361092,-0.022018037313337402,-0.10447692884595661,0.19828137572478965,-0.08242964352841398,-0.3427281907806936,-0.060371479301513986
CTACATTCATGCATGT-D2_Stim,-0.11340388515575128,0.021909532351548577,-0.24824305001843783,0.1563547997352348,-0.18286656312770688,0.04400675543647736,0.11306490585810103,0.08543461790626772
CTACCCAGTAAGTTCC-D2_Stim,-0.09048917185274874,0.009023946793947246,-0.15259352537058923,0.13297513751583878,-0.05960536882331802,0.07406829431458384,0.5683006974787403,0.07362477891243024
CTACCCATCCTCGCAT-D2_Stim,0.040187640008305436,0.08300550521671468,0.039752368828324336,0.0587595287471494,-0.11960064541301385,-0.0038245925028022043,0.062029732169180285,0.03782530949079188
CTACCCATCCTGTACC-D2_Stim,-0.03750576206944345,0.06566542939195763,0.6819401303217756,-0.11990451064157703,0.34592823112740945,-0.30419427935028054,-0.11284409324786893,-0.035915617751674844
CTACGTCAGCAGGTCA-D2_Stim,0.05566220891714835,0.11419632919574063,0.23356213733996078,-0.006392177937861732,-0.08198256748555366,-0.13939601939380708,-0.03650583887107839,0.012965282925851085
CTACGTCCAAATACAG-D2_Stim,-0.008274820252504256,0.026382027147713316,-0.05666376128788286,0.1136295259178084,0.07434148622533066,0.06692959104734086,0.21229282062317445,0.06474478832222985
CTACGTCTCAGTCAGT-D2_Stim,-0.13879276017918407,-0.021844161193925515,0.20973668516287347,-0.1633709093984983,0.14705467119153504,-0.26302095952156535,-0.30913030747593595,-0.06312005070714655
CTACGTCTCGGATGGA-D2_Stim,-0.032120028066074724,0.026934693226445816,-0.06683787574743949,-0.017576441923310426,0.10516981103127065,0.01388049041085715,-0.212882300281521,-0.020377456806009775
CTAGAGTGTTGCCTCT-D2_Stim,-0.0727844768378123,0.003305550016087011,0.04978791701408802,-0.040533595866049765,-0.09226888259114396,-0.05871604438118894,-0.024861636734140546,0.007819811829447687
CTAGAGTTCAGCCTAA-D2_Stim,0.038917297831693176,0.04098519392286093,0.007144198396899171,0.09822438976107506,0.10220701143729194,0.06085627658073811,0.19688378001356988,0.0836198522250946
CTAGCCTAGTTCCACA-D2_Stim,-0.08003997664010498,-0.0025029225679293887,-0.15103966637419486,0.00634846744444495,0.053618087239982515,0.015961247492167985,-0.2984502136588887,0.028806258879823687
CTAGCCTCAAGACACG-D2_Stim,0.06682175351315678,0.07595629271432713,0.09067232744382281,0.08899313949944698,0.09470786846461898,0.04407166077051983,0.10135620025268377,0.04813986141021509
CTAGCCTCACGTGAGA-D2_Stim,0.0008607878748332354,-0.0014720731921613606,-0.008530967024899638,-0.03294993363325993,0.009708237554990617,-0.1392514176829014,0.055371135863899745,-0.018409613609023268
CTAGCCTCAGACGCTC-D2_Stim,0.011878996114747409,0.052569212093660056,0.15455758155660604,0.019983345662366148,0.023733459263381107,-0.01964014538648229,-0.039712055435392024,0.003960784079151125
CTAGCCTGTATTCTCT-D2_Stim,-0.10275662806628105,-0.008841397403196893,-0.02748787932353025,-0.031143104054836,-0.06495448993828035,-0.17976524626456403,-0.0734483628831768,-0.020153778800462874
CTAGCCTGTTTGTTGG-D2_Stim,0.07974438013825846,0.011448300313704252,0.17360897807592401,0.04075832190958728,0.12176658342683666,0.02686591059083554,0.19525305726206543,0.02907568484426548
CTAGTGACAAGGTTCT-D2_Stim,0.03159539936134337,0.03709738852864497,0.043252023281214136,0.09086142659795904,-0.017779879190355175,0.08284465018453169,0.1771218373539174,0.06549738497975888
CTAGTGATCTGGTTCC-D2_Stim,-0.07865454700557528,0.012262322769981182,0.006156756370687688,-0.0720072368432838,-0.06189844305150416,-0.07055768896358217,-0.17338253307820128,-0.022278192966917132
CTCAGAAAGAGCTGCA-D2_Stim,-0.13724080518755066,0.014372535560561062,-0.15665894389182178,0.0027175015779175027,0.06383409332330459,-0.013297044957042203,-0.07810450601397712,0.004418168085390306
CTCAGAAAGCTAGCCC-D2_Stim,0.0947162717901886,0.12821805944386888,0.23282676218288323,0.07864386318502525,0.0109734732465121,0.016079088466167235,0.09088449732494386,0.06484974816239664
CTCAGAACATCGATTG-D2_Stim,0.003002222451970127,0.013967657151805923,-0.061985656769968145,0.049684408715398476,-0.03947602975848419,0.05152437774708751,0.29535285365331276,0.008155342039136926
CTCAGAATCCCAAGAT-D2_Stim,0.0860884622730822,0.061950576044791816,0.16662701677243597,0.08266321925748699,0.043707252826735044,0.04987862693837464,0.11617849443538297,0.07559902322322465
CTCATTAAGAGGTAGA-D2_Stim,-0.012087036304473386,0.07312364148013017,-0.06242639874601963,-0.028100200903649508,0.18393532568078186,0.07506075045223781,-0.6345868225064368,-0.006307433847169364
CTCATTAAGATGCGAC-D2_Stim,0.15266834697070308,0.07342758295555818,0.3077097115377203,0.04932483851366776,0.08956102112799691,0.03314755771356381,0.10629400273409928,0.05803970695782468
CTCATTAGTTACCGAT-D2_Stim,-0.0014326707036467212,0.07757632965695116,0.14510486427495728,0.05290273612220986,-0.0770213395811652,-0.079171437795031,-0.21724422747722816,0.014774561937644037
CTCCTAGAGATGTTAG-D2_Stim,-0.02255776361224271,-0.0096380236904281,-0.07352356138051874,0.009899210144830306,0.04694690794021561,-0.04728725464946493,0.10730446708740615,0.012549856208993404
CTCGAGGAGCGCTCCA-D2_Stim,-0.023232372731285977,0.07001791805831203,-0.15103171995677478,0.1722397431888485,-0.06006624877528033,0.24901487964717006,0.0027880857976274598,0.08947586795972562
CTCGAGGAGGGTTCCC-D2_Stim,0.16792654034833454,0.19975673207801492,0.12073446209626759,0.21882830394976338,0.09247760932950122,0.4268018676347225,-0.2211504673146898,0.12815063969446605
CTCGAGGGTTTCCACC-D2_Stim,-0.12825909788029755,0.002180919253348179,-0.0892973072403338,0.10110260874479415,0.06419218383429204,-0.07939397371880297,0.608709920735814,0.01968411274299875
CTCGGAGAGCCCTAAT-D2_Stim,-0.0553023443348426,0.013575037976423232,-0.11904687954250548,0.09595484668640886,0.07499059371329153,-0.10093271492644185,0.4387267163434041,0.05416379903849311
CTCGGAGCAGCTTCGG-D2_Stim,-0.01763303291483176,0.03429594075470277,-0.016583469619416036,0.06720316500523005,-0.07293836930173114,-0.06851741674364753,0.28064768670417806,0.027321868669879734
CTCGGAGGTTCAGGCC-D2_Stim,0.003942273444303979,0.047408402389249815,0.03615811100388555,0.10292519228510066,-0.012137834947793635,0.059263317867049636,0.2578858147514165,0.05408733675447053
CTCGGAGTCGTGGGAA-D2_Stim,-0.11721535010301842,0.018254352794306428,0.03311888772358884,-0.11248307547376513,0.015113326138914474,-0.06193449515542859,-0.7557058047403942,-0.029961659926428297
CTCGGAGTCTCGCTTG-D2_Stim,-0.023185751668194143,0.05524119177842479,0.04094747482696626,-0.043278628517597895,-0.05636525241570567,-0.10066249822546425,-0.2837428990746771,0.005199976907341863
CTCGGGAAGCGCTTAT-D2_Stim,-0.04163342533520087,0.018801880740289434,0.008463273946405891,-0.024331195782806958,-0.1926633853666928,-0.14774533945883128,-0.21906049009190376,-0.02459969622417546
CTCGGGACACCGAATT-D2_Stim,0.024291912635387547,0.06838580921440851,0.13720786373778893,0.09827307474460589,0.13481026166731525,0.04973660237210353,0.2632193874147237,0.09262374129696838
CTCGGGATCTAACCGA-D2_Stim,-0.06815252367324298,0.04073978079477136,0.34066828859380216,-0.055794664133200556,-0.12677605645980883,-0.19520775612801522,0.021941370045331254,-0.04390667513964175
CTCGTACAGAGCTTCT-D2_Stim,-0.0555847065084496,0.0043043014149688474,-0.06319478518657817,-0.0016352114862616673,-0.19147445043427958,-0.057506201977819416,-0.09005875796463414,-0.001511620123471502
CTCGTACGTGTGACGA-D2_Stim,-0.06736628190165028,-0.038260013272056526,-0.036829906971371784,-0.10380046367098394,0.08371607582671992,-0.032781762775897505,-0.21858300283625098,-0.0612499112422924
CTCGTACTCCTGCCAT-D2_Stim,-0.040424831748692824,0.037474347849599354,0.06656568818074149,-0.030002969953571323,-0.13683608934225155,-0.07849333917432944,-0.23620607479140254,-0.012727596919114958
CTCGTCATCCCTAATT-D2_Stim,0.019906425330530553,0.025466922554837623,0.02236307038868013,0.0033197441586612086,0.06853186670626776,-0.020819160395729952,-0.03809543930061565,0.01791009228898055
CTCTAATAGCAATCTC-D2_Stim,-0.034929749167687874,0.0469482740153051,-0.1167623015746706,0.040930893069802465,-0.19451484447040812,-0.007484800252834489,-0.37365923674077095,0.060102194687738475
CTCTAATAGGACCACA-D2_Stim,-0.12128031582708054,-0.004045257516072098,-0.13796005578963388,0.0007283645055462529,-0.20790106308829692,-0.08587752832218243,-0.564584587502166,-0.0378336154757104
CTCTAATCAGGTCTCG-D2_Stim,0.06034413279030382,0.0610818139175322,0.12125513587795922,0.053011229528845405,-0.016050971142368198,-0.03186335871859747,0.06625310875136758,0.03266441347966342
CTCTAATGTGATGCCC-D2_Stim,-0.03159121293137801,0.021864101237722977,0.027463535630166902,0.047194391318898354,0.05044521054053064,0.19126286582010188,0.08530639786156424,0.046692882849638906
CTCTAATTCTCCCTGA-D2_Stim,0.14750317268119062,0.05443576966368724,0.15603459735233827,0.07178069383426688,-0.08556295153728044,0.04759183383264087,-0.06863630942653565,0.03314911209725402
CTCTACGCATCCCACT-D2_Stim,0.0022099684670404685,0.0239870612387314,0.011503015076160139,0.019195303104682537,-0.0780668749124569,-0.049739769010491486,0.03146263760306489,-0.0014915913762187927
CTCTACGTCGCCCTTA-D2_Stim,-0.09019536931365124,-0.00595661260843805,-0.08147786147271496,-0.037933422324686106,-0.03823801508728408,-0.039540306441388395,0.0344361127676196,-0.020148938671551875
CTCTGGTAGTGGAGTC-D2_Stim,0.07390120499785091,0.06223140168357766,0.17984579810247325,0.026255201847108722,0.15053783000691467,-0.04733594203477054,0.05938969472053479,0.012525134470520172
CTCTGGTTCCACGTTC-D2_Stim,-0.1242602228842653,0.0038481252502240437,-0.15475763465781167,0.052288432421338626,-0.0930319129799404,0.0305249783141619,0.18658721974960457,-0.0007766773441844066
CTGAAACAGTACGTTC-D2_Stim,0.1184773718017258,0.08939620414845706,0.30659041219550254,0.024583376874694807,0.1607785352911808,-0.09883175703600422,0.0216493748444897,0.057632469344204296
CTGAAACAGTAGGTGC-D2_Stim,-0.21746516559712248,-0.1163257757664713,-0.13208559956691523,-0.06037576474487416,0.03591722666594066,-0.10965211326530522,-0.37303696685349763,-0.06135078968178398
CTGAAACCACCCTATC-D2_Stim,0.08660441457155343,0.07004838323131324,0.24981215683523317,0.011065482816514205,0.10535132953268267,-0.06158708614620778,0.04148958581494888,0.01248396522159645
CTGAAACTCGTATCAG-D2_Stim,-0.09563832906841263,0.06312020635483684,-0.06596369335251673,0.05641907265278867,-0.23857020304514087,-0.017173905711279858,-0.22767021471243964,0.01857494052615749
CTGAAGTAGCTCCTCT-D2_Stim,0.06149511574179378,0.055617554117310064,0.08038105261766049,0.06186796875952538,0.0466267573755772,0.057604233011504746,0.08954174707436113,0.056421864426338786
CTGATAGGTCACAAGG-D2_Stim,0.07958872024722474,0.07886928412351679,0.2204467591010264,0.018873832886898256,0.017007856136405763,-0.11408688631619768,-0.015103827667095615,0.014226258025606953
CTGATCCCAGGCTCAC-D2_Stim,-0.11823165676069891,0.05923044977292591,-0.030654843021308054,-0.04589813179986635,-0.041430383817111505,0.019963564794954536,-0.8467589753649403,0.005399920722174656
CTGATCCTCATGTCTT-D2_Stim,-0.11577550701430717,0.013827900734090903,-0.21440885010515132,0.10898541293729913,-0.2776876564040567,0.05297203444264831,0.19854076145077926,0.04797645758626068
CTGATCCTCCACGTGG-D2_Stim,-0.18208603098328346,-0.022734049622105346,-0.3029558029177064,0.17158609407231928,-0.17611200853153974,0.11211840933790995,0.4714384495016848,0.08870764909629791
CTGCCTAAGAGTAAGG-D2_Stim,-0.10267683146504858,0.0598398181251909,-0.10498220834384497,0.04219626581291358,-0.3758275993715188,-0.1283959050285155,0.4819889058571363,0.006840059329434212
CTGCCTAAGATATACG-D2_Stim,-0.09768527728575371,0.07895056734657757,0.18269261099156608,-0.0025354571391655867,0.001424869137130358,-0.11880364112118791,0.01598373459383584,0.006266713323981321
CTGCCTATCTTTACAC-D2_Stim,0.026494944361260764,0.04783403716576551,0.06929411962510557,0.04356621085092982,-0.0815780094004932,-0.07292839051951105,0.059087731775917085,0.03305717104277228
CTGCGGACATGTAAGA-D2_Stim,0.11325171181798765,0.061259189874371955,0.08759026732155917,0.08939214936184392,0.1661503934855446,0.08193399612760821,0.08215104271919138,0.05495614792817527
CTGCGGAGTCTGATTG-D2_Stim,-0.02666321232382174,0.021731064355927643,0.05954844428939943,0.014359338862748317,0.0445941287841265,-0.033500978327626996,-0.022239007209635453,0.049190637317652275
CTGCTGTAGATCTGAA-D2_Stim,-0.05069165372259832,-0.03235453133913069,-0.05772785171507433,-0.11023217380139982,0.21621712354706446,0.032735008674388055,-0.27215170704394964,-0.0614454392714876
CTGGTCTAGGCTCTTA-D2_Stim,-0.07669531787357542,0.019222082979798216,0.05317261017404995,-0.08423112138459743,-0.049365157546493066,-0.06162631190018253,-0.17109980894612686,-0.013570844479257715
CTGGTCTAGGTAAACT-D2_Stim,0.07045451228639976,0.04460138358660437,0.016387398715446366,0.15843260182824004,0.07889190174799054,0.16389695261452353,0.16380128129648064,0.08624179859170411
CTGGTCTCAGATGGGT-D2_Stim,-0.017696894205801783,0.045336659139845636,0.021237019465885965,0.05971977432833775,-0.13427765170022354,-0.02773680466045292,0.1154419318718869,0.036006367955904395
CTGGTCTTCAACACTG-D2_Stim,0.037380208128931613,0.05246561901302549,0.050647413207956404,0.10602009926978795,0.11613350308030412,0.07453753123026097,0.14666217891561129,0.06812980863504947
CTGTGCTCACGCTTTC-D2_Stim,-0.20918136745198268,-0.05342687418589698,-0.12478378095591225,-0.013393297218481592,0.022649516186271867,-0.045672933395863424,-0.5580387311805666,-0.04710497809374026
CTGTGCTTCCTGTAGA-D2_Stim,-0.00632543453435197,0.04147159692620406,0.011088559766914585,0.05476337828802791,-0.17767344388900952,0.009225022692449514,0.16076128776708387,0.051010507222631674
CTTAACTTCTTAACCT-D2_Stim,-0.08854640944755054,0.021131443442524045,-0.17261486771546863,0.07998187629646658,-0.20921335563424925,0.0641029723694242,0.1030381501907991,0.02856228574691322
CTTACCGAGTAAGTAC-D2_Stim,-0.025838920957660605,0.04129580754187323,0.21432298681163253,-0.07125421456869852,0.11794034908130335,-0.14571004037411583,-0.21180402509523333,-0.03678261677154815
CTTACCGTCGGAGCAA-D2_Stim,-0.04068042573178765,0.039784041222205246,0.06627397450871797,0.032656211423590875,0.016244637904209824,-0.04125864267533785,0.18988726503661368,-0.01874965512742044
CTTAGGACACCACCAG-D2_Stim,-0.08056213536680978,0.07646967340819799,-0.05335599656828105,0.09022355077775224,0.031642177848462794,0.21116817972559687,-0.18343897122380426,0.08753316272563794
CTTAGGAGTAGCTTGT-D2_Stim,-0.06880485104863077,0.07126821928665628,0.021704929513610693,0.042934252472624834,-0.28506388988498976,-0.12703227628528246,0.1559881630975406,-0.02496722209154356
CTTAGGATCACCAGGC-D2_Stim,-0.06500216046778462,0.030267329721130665,0.30527768521826104,-0.0652738434950404,0.2587531149531106,-0.1923485383544392,0.10377209315312896,-0.05077536967316476
CTTAGGATCTGCAAGT-D2_Stim,-0.1633106906094497,-0.01161929795426353,0.023375267693706903,0.009537182862340288,0.052811498990150696,-0.11489588686716701,0.2933307483792884,-0.0140654981112327
CTTCTCTAGTCGAGTG-D2_Stim,-0.10551553576807216,0.023420125926339352,-0.018461455052337428,0.0034884027106834026,-0.06974617234217995,-0.15393410208243274,-0.2525616794057024,-0.012064071700594425
CTTGGCTAGACTGTAA-D2_Stim,-0.08783758179934864,0.001138613869228422,-0.06964430186908821,0.01217496460527201,-0.23343340353296682,-0.0705785433452828,-0.5095636492892375,-0.043258105214126985
CTTGGCTAGCGATGAC-D2_Stim,-0.12631266666364382,-0.07476537189631216,-0.03835125836156017,-0.14614407302021704,0.20627600855465644,-0.02855521333963118,-0.3872499888922718,-0.05094788335202338
CTTGGCTCACTACAGT-D2_Stim,-0.1938822138110794,-0.09670971362694836,-0.1896166087187492,-0.08840115611227617,0.08816914152991728,-0.098311027211329,-0.26452165307916786,-0.052678992597609664
CTTGGCTCATGTAGTC-D2_Stim,0.05625100133816652,0.04732379737080805,0.20188759908855403,0.028129942881685466,0.07598695353672547,-0.05077079787933769,0.11674051298208354,0.023779198370867505
CTTGGCTGTGGACGAT-D2_Stim,0.0910878873315859,0.05000007408444063,-0.011784512219092491,0.12202719586339938,0.09528531007297403,0.09785353659860441,0.1325802316811293,0.07259775064247087
CTTTGCGCACTCAGGC-D2_Stim,-0.02506300572733622,0.019485298136787677,0.06445774457929687,0.09625552450654062,0.10592528363802423,0.04664416540194871,0.08234014827657887,0.04457510423236499
CTTTGCGGTCATTAGC-D2_Stim,0.04903956369008711,0.056179304977133526,0.16445454679621818,0.040479593451040685,0.1601048618310834,-0.009482083590652834,0.02804079677825211,0.07213393853242955
CTTTGCGGTTCACCTC-D2_Stim,-0.09387920574074116,0.031108619802049375,-0.05751330630836371,0.0539233219340165,-0.009091094412447376,0.06139329435055885,0.2092939923372814,0.02743083188879325
CTTTGCGTCGGTGTCG-D2_Stim,-0.11465237813454898,0.04809522664447563,-0.1433896810518167,0.15440085823643201,-0.0054669132527536135,0.30645248825896587,0.34849270015465983,0.12514173592545497
GAAACTCAGGCTAGGT-D2_Stim,-0.12035826291627849,-0.039092743277132413,-0.189546790451117,0.01590690676154871,-0.03562117004975285,-0.0012087562847256095,-0.1470007425012092,0.020363214293357856
GAAACTCGTACAGTTC-D2_Stim,-0.029307884992610056,0.03761844688884075,0.0861368281314725,0.046371712073378646,-0.15898106822922742,-0.012125177499649809,0.20591469439168542,0.047914597669153736
GAAATGATCGCTTGTC-D2_Stim,-0.07145092766812766,0.041496810230933434,0.02790563890485842,-0.03465267099600844,0.15444608956113193,0.11260324645741449,-0.4570478605023318,-0.0047995997028245085
GAACATCAGGATGGAA-D2_Stim,0.04922417650879218,0.08486734238394789,0.18110048526189182,-0.03432764265321353,0.009304377690325438,-0.1515385736610977,-0.17345410600459665,-0.00479319909564957
GAACCTAAGGAATCGC-D2_Stim,-0.17944311286063375,-0.033326730008866434,-0.1910274867567665,-0.023379897865337895,0.07258434957688031,-0.028225399148707808,-0.17465029694414014,0.03423829817512214
GAACCTATCATGTAGC-D2_Stim,-0.10932796168507153,-0.015616697250555589,-0.07459621439930686,-0.08100595478513561,-0.14857000003478937,-0.10916263648683788,-0.1703076308885345,-0.029477061443767383
GAACCTATCCGGGTGT-D2_Stim,-0.08294759925781747,0.027975349922478188,0.016082241365127814,-0.04275025488158413,0.05803290336576339,-0.027764217663856172,-0.06102423892315478,-0.021386607266306257
GAACGGAGTCACCCAG-D2_Stim,-0.014239159138103474,0.03507262839259262,0.015763886282742945,0.07168782427001652,-0.05486376075774402,0.0481934254112204,0.14581630017507674,0.04268174169623151
GAACGGAGTGACTACT-D2_Stim,-0.12448013771118838,0.025884921796395233,-0.03554065118935057,0.08469586207089819,0.03510418916363456,-0.12053079575945169,0.48390666103672686,0.005799820768130459
GAACGGATCACTCCTG-D2_Stim,-0.04405802526541258,0.030428343644295808,0.17235653905171766,0.0613298871040584,0.16278039432978986,0.018810723818623032,0.2271681690360925,0.06963195752090634
GAAGCAGAGGTTACCT-D2_Stim,-0.0622155561227018,0.034634535107221254,-0.1846161747734243,0.05994166712845228,-0.11114314938354575,0.013510857609933424,0.34685216696130183,0.020059816820284126
GAAGCAGGTCCGACGT-D2_Stim,0.05949516446637659,0.049837847900148446,-0.019046805535808176,0.14403602276255434,0.11899933033309118,0.24229763082004752,0.20277991000526896,0.08259626966429323
GAAGCAGGTTCGGCAC-D2_Stim,-0.20356352422517077,-0.007030985838431647,-0.22286847486804628,0.05700906422361207,-0.03388300840160596,-0.04096241939470069,0.2691566116550792,0.047409988744117726
GAATAAGTCAAACGGG-D2_Stim,0.04538487465320351,0.09899635413182928,0.07129444324605849,0.013315400777546671,-0.06517633395630362,-0.11832018374890652,-0.11503181408720575,0.0057182381552269845
GAATGAAAGTGTTGAA-D2_Stim,0.10204354741122401,0.08913626921480144,0.05741008884749377,0.14935778826808388,0.09294282956186528,0.08344610131529251,0.13729789353059196,0.09713415037919049
GAATGAAGTAAATGTG-D2_Stim,-0.22767523243792986,-0.020023741485516666,-0.015456023161694254,0.040500925198138304,0.017239891964317522,-0.22578491453431582,0.29437630694641115,-0.0029856329519262204
GAATGAATCAGGCCCA-D2_Stim,-0.03853734000085218,-0.00036010360792460006,-0.006704006470397594,-0.040394409268580844,0.0776420609074755,-0.07924087220351517,0.1022653456599496,-0.026257647490613323
GAATGAATCGCGATCG-D2_Stim,0.05377697809229254,0.12814542699442555,0.1261830879063348,0.09505435131701212,0.10719402337174344,0.23281008974637452,-0.2652796411830636,0.055459358146583426
GACACGCAGGAGTACC-D2_Stim,0.020479823103404016,0.009819291091853088,0.07365097444326096,0.03681124603162189,0.004970570234496208,-0.017561938303883196,0.0975307770874565,0.01802505602418414
GACAGAGGTCAAACTC-D2_Stim,0.0997064324810033,0.06615528690093875,0.10763192595905835,0.06915189631298624,0.04789808264605888,0.05936857649327898,0.06341270630567397,0.05782673977828168
GACAGAGGTCGAGTTT-D2_Stim,-0.21149476586015403,-0.0868428665636447,-0.26847102083443364,-0.02528401144075154,-0.007620676164686202,-0.04627580765564865,-0.4196531835782338,-0.02197568716265863
GACAGAGGTCTAGGTT-D2_Stim,0.028540921484101034,0.034795963391969664,-0.07640238504828645,0.10864280408088156,0.09455964211247547,0.09290692866728456,0.265310768105838,0.05892648080040175
GACAGAGTCTACGAGT-D2_Stim,-0.047388998184747066,0.03353198999159801,0.018276252860191633,-0.0759024350229236,0.11212386161795784,0.02403200294925334,-0.2650948403941875,-0.038837917858110416
GACCAATGTATATCCG-D2_Stim,-0.10949607142164552,-0.03019392461717807,-0.23860485014233745,-0.02236086889596578,-0.19762792376619132,-0.08739074921657952,-0.7157681735371249,-0.0721345324153102
GACCAATTCCCAACGG-D2_Stim,-0.021193613957079194,0.05319048933883508,0.08391547582763259,-0.009063499379440287,0.07081384081978115,-0.02726105833878556,-0.13843168126577865,0.007232792681454825
GACCTGGCATGTAAGA-D2_Stim,-0.016925851278882575,0.020709455468043814,-0.07664026287976711,0.06245983656721954,-0.1515349465885194,0.07167879629012397,0.03096557854561155,0.023594255961018717
GACCTGGGTTGATTGC-D2_Stim,-0.1055576344125626,-0.0177321032486617,-0.16278595849931765,0.09491084779586068,-0.005258847084562035,-0.0545301199276107,0.4363673971286577,0.04618052867157907
GACCTGGTCTTAACCT-D2_Stim,-0.04145225444564815,0.10382947076872284,-0.15270158552034907,0.0958372028214658,-0.2736963779742947,0.06143487187836705,-0.26478628657326553,0.0887407648755918
GACGCGTGTTGAACTC-D2_Stim,-0.06884568282695191,-0.022946284749982837,-0.13457618499425905,0.05513164747980959,0.015512098456728296,-0.09745296175306883,0.3094345979537083,0.025378682108133432
GACGGCTAGCGTGTCC-D2_Stim,-0.08318646907551575,0.008344187480574305,0.06992379835721785,0.01501419818006866,-0.05734006877661635,0.013438869172476942,0.10748074794885554,0.028734848516258182
GACGGCTGTCTGGTCG-D2_Stim,-0.09807118850159036,-0.03261968268003912,-0.17691737957939146,0.09271672668958963,-0.14520181955725597,0.05823159965479441,0.5234920340621887,0.034030223915904045
GACTAACCACGGCCAT-D2_Stim,-0.10257812939650712,0.02632161858953097,0.1396055438532482,0.06436117069201863,0.0037391233895149867,-0.0064016402421192,0.13337580583564446,0.020756637596644367
GACTACAAGGTGTGGT-D2_Stim,-0.21382586350891764,-0.07249423156142143,-0.32865774539126225,0.08749585086400558,-0.22943704029605527,-0.020019954281442764,-0.18490686357735342,0.03742599568927929
GACTACACAGGTGCCT-D2_Stim,0.03481712566189188,0.031142161543522562,0.07815541061091125,0.04540845353915124,0.03932097092266851,-0.06931078490437059,0.2726788738922785,0.016803430043555778
GACTACACATCGGGTC-D2_Stim,-0.0496150215591733,0.019119616120729432,-0.06660164051768014,0.05544162378066453,-0.033313335810902345,-0.06082279390120604,0.13520711301033916,0.025774358054659885
GACTGCGCAAGTACCT-D2_Stim,-0.09060831610207387,0.005574014695444163,0.07374688802927043,0.025507630213283505,0.0765436964184989,-0.12795644411471585,0.2661500149947127,-0.00870812529352527
GAGCAGAAGAATGTGT-D2_Stim,-0.11828271524439238,-0.018465915988572945,-0.1075371625987529,0.03933026921496463,-0.0992622985626479,-0.059370168587571825,0.2220489058930255,0.00605963791886488
GAGGTGATCACGACTA-D2_Stim,-0.14849681256382574,-0.030673578558326753,-0.22757500965907873,-0.02904539692735142,-0.1696148105078148,0.006743051916812348,-0.5057488489327131,-0.06263482245367413
GAGTCCGAGATGCCTT-D2_Stim,-0.1892714657016441,-0.10423762085727262,-0.3543507322592241,0.08278657632784103,-0.05319688899239239,0.020022435970846075,0.343766421023739,-0.01484376755013983
GAGTCCGAGGGTATCG-D2_Stim,-0.18950000564724334,-0.02170110877656839,-0.1513861363818627,0.04554495098161482,-0.09303524275892094,-0.021135152159239112,0.2874750266744446,0.013083160864679755
GAGTCCGAGTAGTGCG-D2_Stim,-0.17229690881166704,-0.025914784425392412,-0.22846322982217693,0.0803973090627732,-0.07101384743445394,0.040580289150776494,0.016151705733516764,0.07232194759431643
GAGTCCGCACAACGCC-D2_Stim,0.05292623053802892,0.0855704373330024,0.13873941563181447,0.03293074345267932,0.08228408404820442,0.04458319171989178,-0.05329040768296789,0.06795495754979797
GAGTCCGGTCATGCAT-D2_Stim,-0.04467985840811828,0.02728941800647533,-0.040813207773894966,0.08510156191549356,0.06345542918363556,0.1388420074513501,-0.19983354888798388,0.10159346269372627
GATCAGTTCGGAATCT-D2_Stim,-0.013485851253317804,0.017086927916382777,-0.039027943006603394,0.09404114115942086,0.006218962315823973,0.13936409812392547,0.232449422010915,0.07403495185658215
GATCGATAGAGACTAT-D2_Stim,-0.18809264028852013,-0.10748475849924688,-0.11578449929460444,-0.12187318513695011,0.14889225122521665,-0.0935722399849368,-0.31109178346152433,-0.04221295567779215
GATCGATCAGACGCAA-D2_Stim,-0.0833340942592038,-0.023116561524853196,-0.08342102863546241,-0.029472043550700988,0.14211561927664462,0.025949164769372146,-0.19158017132851768,0.0008632447590191106
GATCGATGTAATCGTC-D2_Stim,-0.14336175738789692,-0.08118379516538177,-0.08759067018248956,-0.056582355830787634,0.18238787328841077,-0.047691497016847606,-0.3350378612760707,-0.015819503816755898
GATCGCGAGTGGGTTG-D2_Stim,-0.15536728942435474,-0.08428955642795444,-0.20497788898125968,-0.07383656181098353,0.08296386241609532,-0.05437584525275341,-0.3229064580252441,-0.014450650429855827
GATCGCGCAGGGTTAG-D2_Stim,-0.06531709453472878,0.02774079439703847,-0.20712608051405734,-0.023232160431716053,-0.19415631171870373,0.022312740704659717,-0.7970094881024199,-0.012906317031808001
GATCGCGCATCGACGC-D2_Stim,0.00021316742596688698,0.013671828283458254,-0.05200339072741933,0.08091943894534737,0.030351978717225947,0.16026750191220174,0.1453305705860899,0.04571587339665051
GATCGCGCATTGGGCC-D2_Stim,-0.1305055521442373,-0.04079938269206984,-0.15551361206430947,0.03075085594811,-0.04505287401017988,0.06425663488001021,-0.37791891443626824,-0.06113807362374679
GATCGCGGTAGCGTCC-D2_Stim,0.05908376185563924,0.0483128440928251,0.01647534687152863,0.1549693700687378,0.079112328653963,0.18797017861659882,0.23598800225601124,0.08921399355094195
GATCGCGTCACTGGGC-D2_Stim,-0.17862261812411084,-0.05025964923182791,-0.20437369378357495,0.07970021047333198,-0.016985288086683425,-0.1809791047842335,0.3323573601875882,0.0073331085968231235
GATCGTAAGAAGATTC-D2_Stim,0.12008859059319299,0.06112993994565308,0.14611753853661824,0.10036129939528671,0.04203207648798468,-0.057199088112037444,-0.13966199080369535,0.056390334032517586
GATCGTAAGTGACATA-D2_Stim,-0.023576550321875445,0.07181327851233377,0.19055529672796823,0.024103905113914692,-0.17107576831567606,-0.049957739328499784,0.13895414158644925,0.02014991735682159
GATCGTATCCCAGGTG-D2_Stim,-0.1828099305400528,-0.004487996014296058,-0.12710842611782525,0.0634003068775062,0.019390482849182433,-0.04258788591200613,0.5290867683757927,0.018621874909307223
GATCGTATCTTAGAGC-D2_Stim,-0.023505661874528627,0.00946340954915037,0.20394917469595342,-0.10238910713971627,-0.023141532324350678,-0.17442026083251427,-0.37968359444048794,-0.056891057693878366
GATCTAGAGTCTCAAC-D2_Stim,-0.007017217356033001,0.03220237371753498,-0.04916964770709953,0.03493126535401636,-0.08398272306181909,-0.01752065369940503,-0.03053871316875245,2.4507165335307945e-05
GATCTAGGTCGGATCC-D2_Stim,0.04470696237308758,0.06765072841551678,0.22030928747902934,0.05816609323018618,0.18300913454934964,0.06043762198463121,0.25282002552606997,0.0920495342552865
GATCTAGTCACTTACT-D2_Stim,-0.0033863997987886307,0.09155856444469102,0.23882186136588146,-0.0043698276081993725,-0.18700645756491063,-0.1688530176189893,-0.1778391703522404,0.0029984107723990405
GATCTAGTCGCATGAT-D2_Stim,0.05049477508791611,0.0696528699334511,0.11948071549725015,-0.003652050715459154,0.052125566823852054,-0.09867499941763391,-0.060661774252661615,0.036882420544289474
GATGAAAAGGCACATG-D2_Stim,0.053771238504278784,0.04081044516501109,0.10026732677723338,0.0366114315574837,0.009308753354968502,-0.08635986365177928,0.13531708451825608,0.010815012553109682
GATGAAATCACCTCGT-D2_Stim,0.16096224168809492,0.051975299111859385,0.14661528587087602,0.07477578426836118,-0.03944430637299767,0.08652853149539474,-0.032966637812632094,0.06715333556457459
GATGAGGGTGCGAAAC-D2_Stim,-0.20845807544544037,-0.07973030159590522,-0.09282290666077131,-0.05709165359712465,-0.08728991383689433,-0.08292657182979823,-0.5034882283215474,-0.013576479024937527
GATGCTAAGGAGCGTT-D2_Stim,-0.07272198221176573,0.0065220107969103935,-0.14356431352071652,-0.00919291915935716,0.05916673941328554,-0.03948987922873215,0.22414658327392623,-0.010793596858391652
GATGCTATCCTTTCGG-D2_Stim,0.10471946670586085,0.06968854328047236,0.14730288848503115,0.10675125460678103,0.11410356130970634,0.0943253822781891,0.08633797692947631,0.056136303399014764
GATGCTATCTCTGTCG-D2_Stim,-0.029181778315248152,-0.01832136035375065,-0.09178253789669277,-0.011499730702558608,-0.19714049362092823,0.0033645312752721424,-0.08294253926534267,-0.01845189083504728
GATTCAGCAGAGTGTG-D2_Stim,-0.004443970815719567,0.036395230706574466,-0.02339469556433471,0.09088283967954247,0.07569934889595764,0.1508437700092724,0.1103356983217445,0.03473085544078991
GATTCAGGTGTAATGA-D2_Stim,-0.11236217389939362,0.010733155196037458,0.0725004923343393,-0.11558121788831777,0.1209989209828013,-0.04503693017036703,-0.38430662014051187,-0.06720382064258423
GATTCAGTCCTCAATT-D2_Stim,0.04105056777998506,0.08340559515263024,0.17965387240004738,0.07037456874677872,-0.12133438202025282,0.02748029024440335,-0.06473392376563147,0.027551968201706245
GCAAACTCAAGTAATG-D2_Stim,-0.2252828787020995,-0.08227450274800141,-0.2928312998094773,-0.0378549317276029,0.14022395772813923,-0.00860573883548632,-0.37632123044613053,-0.001267625408166495
GCAAACTGTAGAGGAA-D2_Stim,-0.10058918621283297,-0.01283110889551331,-0.1423545113032887,0.007341095979134238,0.16332461352758187,0.11261590728821957,-0.041693885180858814,0.08391289207115982
GCAAACTTCAGTTAGC-D2_Stim,-0.12254631575159536,-0.06185207974333018,-0.06022103991378458,-0.13570324780367216,0.17428754114855494,-0.04138090975784259,-0.2832034482621566,-0.057248320741008385
GCACATAAGCGCTCCA-D2_Stim,0.03694812408030046,0.04591349986679383,0.16331715373838307,0.00756573601678312,0.098534285396088,-0.19782232895251894,0.01931968177331722,-0.006364434233820049
GCACATAAGGCTAGGT-D2_Stim,0.07115217058721868,0.07579005288491203,0.2690879126901127,0.027944597176979613,0.1468247295860987,-0.11359417472859512,0.04805831389211246,0.02113417846671517
GCACATAAGTCACGCC-D2_Stim,0.06433753252974483,0.10435344047945172,0.16250307830996213,0.10286630039798439,-0.10478505605605726,0.011354360812070752,0.11078632497844332,0.03826923879210575
GCACATAAGTTACGGG-D2_Stim,-0.07010707389823345,-0.035055631969754586,-0.1639487783037783,0.11235108786970294,-0.15371375107045893,0.15899889674335554,0.35338502907240077,0.06657211588769663
GCACATACAGACGCTC-D2_Stim,0.02484296302957567,0.04607555881391612,0.1040664927059538,0.04918957620513709,0.07560354674436098,0.003524548965044616,0.06254518661217912,0.0074136657879240175
GCACATACAGCTTAAC-D2_Stim,0.021363871875701435,0.052202914975177706,0.032590928435567434,0.04557044121201592,-0.0007006828723863379,-0.07735035371946175,0.10659798712784863,0.04647328715552845
GCACATATCAGCTCTC-D2_Stim,-0.04715073287004756,0.030321814672955583,-0.09878445079382736,0.01012497101802623,0.002607766905278197,0.04698294949377768,-0.12254179287285893,-0.005941074671541813
GCACATATCTTTCCTC-D2_Stim,-0.10241089544297743,-0.009641018864712692,-0.037945432986516536,-0.032490427272676925,0.15540649321920874,-0.007765456315354413,0.02776991224910308,-0.006820726496545859
GCACTCTAGTACCGGA-D2_Stim,0.13080778018488637,0.06782703553779257,0.24732781163706008,0.06121403901068234,0.14780163128287072,-0.029586035353460716,-0.12257182611247952,0.056885477243827864
GCACTCTCAGGTCTCG-D2_Stim,-0.033821872510653606,0.0365352820714655,0.07688423300409752,0.04318948616504947,-0.1743899108396878,-0.0019283362182598296,0.16733480503856946,0.056257017850990465
GCACTCTTCGGCATCG-D2_Stim,-0.15799807045606684,-0.016298483833409705,-0.08496919986567697,0.023129184336681874,-0.008028547957071197,-0.09861146210536198,0.2840947296797225,0.003835272488471375
GCAGCCACAACTGGCC-D2_Stim,-0.03527966479794031,-0.0053438298279750995,0.1987720506835764,0.06047834922653905,0.12149320624586224,0.07350635696218255,0.20929942961612813,0.10573853723708915
GCAGCCAGTGCAACTT-D2_Stim,-0.005270177627016537,0.0032076677386729813,0.16603658492249806,0.024261479086987947,0.1601701973936489,-0.20151127263885193,0.3723376622999588,-0.005571677906173633
GCAGTTAGTGTTAAGA-D2_Stim,0.08967744390978716,0.0538721276003713,-0.08586299188233681,0.05675294844130008,-0.3091985834269586,0.02615797823639099,-0.3419994707396423,0.048878340893173444
GCATACACACGGACAA-D2_Stim,0.00922589599336554,0.04170468900169766,0.018801216057816816,0.035854867924760114,0.1516501735338771,0.19991487212313608,-0.30746194460786036,0.020323812986916323
GCATGATAGACAAAGG-D2_Stim,0.00957547398758507,0.04886993585219912,0.04139083538684751,0.05955619970924353,-0.08986072046042892,0.053476860422428274,0.09443794672107853,0.05137661788331016
GCATGATGTACCGCTG-D2_Stim,-0.06672734023295313,0.020122166556824084,-0.12436700929530975,0.012844382352389161,0.08534049533377619,0.023498979402772235,-0.48300804571786493,-0.013591470410251105
GCATGATTCTTGTACT-D2_Stim,-0.028729636382443857,0.02994140643564691,0.06490706474305696,0.035580888050109394,-0.10296930888910083,0.00467708340032047,0.26244458662840664,0.000281248964103753
GCATGCGAGTTCCACA-D2_Stim,0.039992509773483675,0.05488254887760213,0.024397150974431625,0.05372460554834646,-0.012388996835412058,-0.03418544021194592,0.03488818551746853,0.045342705781136416
GCATGCGCAATCCGAT-D2_Stim,0.02528553111039855,0.024410333242300908,-0.01847941212951376,-0.007242213410325604,-0.3230781731541814,-0.08401267114896882,-0.3620193992516789,-0.013647548657580444
GCATGCGTCCGTTGTC-D2_Stim,-0.28766860679168893,-0.04292022928747663,0.28905221490548527,-0.015215428182900226,0.30249432638429496,-0.3099202057188428,0.3084645678297857,-0.046945613169535605
GCATGTAGTTGTGGCC-D2_Stim,-0.22961921499689808,-0.08922572230606285,-0.23694081665852806,-0.028567562158629656,0.060024494422563635,-0.13883258065088278,-0.3979324129594488,-0.01910191901081859
GCATGTATCCCTTGCA-D2_Stim,-0.09700011873490233,-0.0075509523334424955,-0.1846028277658096,0.09127608635759366,-0.0828273008470859,0.1760903631067876,0.13548663898237123,0.050951117977678706
GCCAAATAGGCATTGG-D2_Stim,-0.1502299485881835,0.013211341801158127,-0.14462109431596026,-0.01771594351279404,0.036873832814995566,0.0033099853316826966,-0.6138742271838584,-0.014845738562190292
GCCTCTAAGAGTTGGC-D2_Stim,0.05105483323022142,0.06208694287528793,0.05956866098979674,0.08286752098604744,0.22762149991993397,0.15531160523348575,0.12332946191129857,0.07432750219802209
GCGACCAAGACACGAC-D2_Stim,-0.12015448487213298,-0.003794638208768575,-0.0944124574457561,0.09732303763753336,0.05190479140120807,-0.11033751663729952,0.399952566028384,0.023406427761733184
GCGACCAGTGAGCGAT-D2_Stim,0.04008609941040753,0.04956115020754126,-0.0007668992241978145,0.011022736251883103,0.02538871739737303,-0.02215472207971736,0.06953268881868091,0.02444939994128248
GCGAGAAAGAAACCGC-D2_Stim,0.030917767289542653,0.04217602459847569,0.0923786440383374,-0.03185104327228849,0.11324908833705294,-0.04625442930201551,-0.00832871758279996,0.018487343921790966
GCGAGAACAAGTAATG-D2_Stim,-0.025528623480617796,0.08057169286964871,0.19057451118748503,-0.057780192264218044,-0.033237147143589496,-0.1571856558855167,-0.11839900526578795,-0.0026742517173428126
GCGCAACCAAGCCTAT-D2_Stim,-0.11026025856716615,-0.03993146956685223,-0.0835395113347479,-0.002012377290375511,0.054641487362367513,0.013101161550881812,-0.01095094232459104,0.03633825426605419
GCGCAACGTGCTCTTC-D2_Stim,0.043040205382357755,0.06125071206110988,0.17357556006619745,0.06275212152649345,0.1398129981122196,0.09679210554685547,0.018432571088233374,0.05476488675919278
GCGCAACTCCGTTGTC-D2_Stim,-0.02417469849623899,0.054041698317384146,-0.027266012657819694,-0.033070106340531424,0.003562894174423903,0.06157433676798263,-0.32054589988597826,-0.01048496029155288
GCGCAGTCACGAGAGT-D2_Stim,-0.11530304860570517,0.010197003476385191,0.03128343090249075,0.00042050197684062596,0.14801708773073052,-0.10607355029038601,0.3943115607538523,-0.006253962596190377
GCGCAGTCATTGGCGC-D2_Stim,0.058339872350337885,0.041866588788867176,0.09808564836915856,0.04445975528942725,0.03602511718619006,-0.11258423763950987,0.17912857302915253,0.028742147944106122
GCGCAGTGTAGCAAAT-D2_Stim,-0.0202114146933301,0.027268371411775405,0.034163655105508894,0.09793263579663503,0.012117417168092004,0.10184312453391264,0.27191609740778677,0.07498276393345016
GCGCAGTTCTACTATC-D2_Stim,-0.08139100105534425,0.0053293711951099,-0.023493678359812087,-0.09002926390041566,0.22584860801685913,0.01473281287675654,-0.3547978100821929,-0.0386992669013555
GCGCCAAAGTAGGTGC-D2_Stim,-0.003009616313967456,0.0856602051703419,0.2683525830893245,-0.06801365614285793,0.023070267448536796,-0.21560782516419508,-0.23860365769909198,-0.02744600825989707
GCGCCAAAGTTGCAGG-D2_Stim,-0.026721614556970863,0.11436478445144616,0.4909349089015702,-0.09222656380656069,0.14541251264975408,-0.2161775868782989,-0.3318058753467241,-0.033086030813885614
GCGCCAACACACAGAG-D2_Stim,-0.07947266911470585,0.04094911659959877,-0.09359406298639517,-0.027174561820380916,0.13536661978073994,0.03970210416587072,-0.3452826247884744,0.008020462318997446
GCGCCAACACGAAACG-D2_Stim,-0.03633076410238267,0.062352073779528894,0.2715537899922662,-0.0031519030238946755,0.014764813730899107,-0.08416623879490004,-0.057124701877668826,0.006738141747289816
GCGCGATCAGGCTCAC-D2_Stim,-0.05739269158284621,0.00319428464269933,-0.0726216081009996,-0.037809938049328196,0.11439011312902103,-0.11700492898680537,0.08403263005726203,-0.033221396072404374
GCGCGATGTATAGTAG-D2_Stim,-0.06634330906665298,0.01772949454678674,-0.029004468090935376,-0.05056117216152067,-0.020934361592704676,-0.07249168958862384,-0.09352908474662858,-0.01716977493301819
GCGCGATGTTGGAGGT-D2_Stim,0.07717442574395861,0.05205763175053946,0.12143295751887528,0.023209838881211198,0.039390097627228116,-0.12308138169372285,0.1451095944710099,0.016979588479831165
GCGGGTTAGCGGATCA-D2_Stim,0.06489586469891329,0.04279180107260672,0.04563052487465491,0.0745913883026752,0.06977931782416569,0.06595823739148443,0.06786496509919182,0.03360289775117131
GCGGGTTAGGAGTTTA-D2_Stim,-0.01839581899171172,0.039907717262313014,-0.061730116833627946,0.08024011393872676,-0.2940236719886524,-0.06307239889808258,0.16445275716351127,0.0032540273978636236
GCGGGTTGTAGATTAG-D2_Stim,-0.09364827132566944,-0.0012988568983214321,0.004310554953082857,-0.06823514244566908,-0.07195465353945174,-0.1863004589914894,-0.314749356139183,-0.015219191337447313
GCGGGTTTCTGCTGTC-D2_Stim,0.08747742654546009,0.06093503442690462,0.18019306657771317,0.0769118317153854,0.16315662352904248,0.04244339574060163,0.09379467543658038,0.03127534478496585
GCTCCTACACCACCAG-D2_Stim,0.09522622395615699,0.06018501919577979,0.07048157362386043,0.11628961871022625,0.11643191237354067,0.0654846709817214,0.15028875944648235,0.08307869246015898
GCTCCTAGTCCGAATT-D2_Stim,-0.11401290728832691,0.040171180392826855,-0.26523861291601936,0.12746242662451124,-0.1978815171775441,0.1480866887329224,0.43886688031749976,0.10102989958386921
GCTCCTAGTGGTTTCA-D2_Stim,0.0027546166143057604,0.033782884791143886,-0.043038141948837705,0.055678533412924835,-0.09334483775935354,-0.03884748902279256,0.0726037436770195,0.031628768204905455
GCTCCTATCCAAATGC-D2_Stim,-0.14326423239075403,-0.014292933728949464,-0.1674212410510858,-0.02674377712485132,-0.14873844565101102,-0.10931121686617651,0.12010404004619346,0.000513732331922867
GCTCCTATCGTGGTCG-D2_Stim,0.10053441372576444,0.0804742833265415,0.19801571059718093,0.0313359703900602,0.2136659294874157,0.012386803870070295,-0.10283204277962188,0.06578756447954426
GCTCTGTGTGCCTGTG-D2_Stim,0.0942674657094198,0.06922102181968626,0.03560311107325198,0.1124479467363475,0.13065885860823023,0.12412192544150358,0.1559369756327511,0.0785573726450508
GCTCTGTTCAGTCAGT-D2_Stim,0.04633327194515324,0.0485564162890153,-0.020414652656130627,0.0832235197152098,0.09199240007060361,0.08316476996886024,0.08465172878345228,0.04165035466087019
GCTGCAGCACGACTCG-D2_Stim,-0.08152243486923894,0.0056873830947754556,-0.16049084617639942,0.10219721977119889,-0.26391596979212295,0.018707512638542312,0.24937032092869416,0.009675571590197052
GCTGCAGCAGCGATCC-D2_Stim,-0.016036482494218518,0.0043520890690231795,0.160159424885987,0.012350973767070172,0.22906643920118164,-0.3099920053590939,0.20856219923822206,-0.02168871723712762
GCTGCAGCATACAGCT-D2_Stim,0.007730524873794664,0.03191638851398082,-0.036827202436436224,0.10422269811012974,-0.06022664550843615,0.09191349278185967,0.24686255488785847,0.0835419639845707
GCTGCAGCATTCTCAT-D2_Stim,0.0001933801702254101,0.05055072248068093,-0.0077443312021916455,0.05283424684870397,-0.0712692556911918,0.0015665597146021781,-0.018078335898844777,0.0364537485378591
GCTGCAGGTACTCTCC-D2_Stim,-0.1460498399016945,-0.06920847382252937,-0.023624006184429724,-0.059644496967973026,0.13318139329962442,-0.07727226243758345,-0.27243398634496785,-0.048334666487571454
GCTGCAGTCAACACTG-D2_Stim,-0.12386788627563305,0.024762806242078383,-0.19238433130507016,0.09979359377310004,-0.1776718798856649,0.1292062270076748,0.14199702146907534,0.08074174838098713
GCTGCGATCTGTACGA-D2_Stim,0.006326738147745203,0.00231051878425248,-0.01432236960481248,0.05641992537224283,-0.002662572290248022,-0.04280681275475118,0.19661050932105795,0.03568258206936825
GCTGCTTAGGCTATCT-D2_Stim,0.012803639900040409,0.030569733407595834,0.0953404459666558,-0.03911658874688406,-0.007123524386262403,-0.0967191030782697,-0.146319964763995,-0.005906250064191099
GCTGCTTCACCTTGTC-D2_Stim,-0.15805619019477746,-0.002195252445526208,0.022140121414846448,0.035409989754342064,0.13819134720107407,-0.2852397463043168,0.3235139360534074,-0.017417029849097432
GCTGCTTGTCAGAAGC-D2_Stim,-0.08113201719818086,0.05978629159583271,0.27707543094330056,-0.09123103908663488,0.28406054063008845,-0.16279589939056294,-0.12518045411523904,-0.04420154076443872
GCTGGGTGTTGCCTCT-D2_Stim,-0.17348417617079903,-0.04169208322687723,-0.21362797143303602,-0.08308527476016359,0.11513199793871998,-0.04003216518335684,-0.3799498088167681,-0.024960017123342837
GCTGGGTTCAGCCTAA-D2_Stim,-0.1355206812884795,0.0006350701914463741,-0.2360032884766472,0.07098773233734512,-0.09299647647126719,-0.09317872161812879,0.546599002133588,0.010449194447447852
GCTTCCAAGAGTAAGG-D2_Stim,0.05780425734306682,0.0908742390229147,0.22102988193087647,-0.007633763713904784,0.15085897099915968,-0.10202009027033299,-0.04181425124317961,0.01639746573855838
GCTTCCAAGAGTACAT-D2_Stim,-0.16111982626707366,-0.013521189649001286,-0.11823070903410837,0.014848334826606191,0.023635460148959453,-0.11056657854176244,0.36952147585460793,0.0024881812338275466
GCTTCCACATTATCTC-D2_Stim,0.04051772091500361,0.011178636830365463,0.1555600580737213,0.12311061610843232,0.26851714080578404,0.19408616257985933,0.15814797009443637,0.06716019643162952
GCTTCCAGTCAGGACA-D2_Stim,-0.049825919603836866,0.05174653837094034,0.07646341306854332,0.029352939648878973,6.862680052677206e-05,-0.09764095800444572,0.007970139784903019,0.005982062087046103
GCTTGAAAGGCTCTTA-D2_Stim,-0.1594477295326726,-0.04091972320955506,-0.11751054737160338,-0.042917561891695044,-0.0351866117003059,-0.01498593034041562,-0.35056329439210643,-0.08845662174819324
GCTTGAACATTAGGCT-D2_Stim,-0.12541443608728464,-0.02668721664547391,-0.13380912593462924,-0.030356520444136947,0.07963492285669815,0.02976501135805698,-0.263122185236643,0.02035258289130404
GCTTGAATCGCCTGTT-D2_Stim,-0.03924710408164778,0.03245539700293776,-0.058271019118940615,0.022915419862128417,-0.228278604846329,-0.044506272219546616,-0.19643226214441967,0.01024337221219973
GGAAAGCAGAATGTTG-D2_Stim,-0.03394953885974239,0.03857362788556351,-0.012019547938576736,0.02582281089865468,-0.0638954835664105,0.02125593395110492,0.04427993374805084,0.010215187231185752
GGAAAGCCAGCCTTGG-D2_Stim,0.0017242526528349345,0.041564506958660985,0.04530044665749422,0.05703275709495159,-0.07545169046301226,-0.00577172246327784,0.12117544136035541,0.029210391861152374
GGAACTTAGACTGGGT-D2_Stim,0.05442347740307163,0.04042619508124545,0.21633562950110985,0.08553113972785908,0.13134956270820375,0.0031037952846748595,0.11940956454803242,0.04672201211336713
GGACAAGAGCGCCTCA-D2_Stim,-0.0235076892607875,0.04403128970119674,-0.01526323885293479,0.06492554388036709,-0.13215599385102905,-0.013218747327300662,0.0021411110445956893,0.04070691251049752
GGACAAGCATGGTCTA-D2_Stim,-0.08556051080411997,0.0025477345557476383,0.06388184106160999,-0.12040319965821134,0.05752853910592037,-0.026151451228813016,-0.9582717760365362,-0.056944320843314244
GGACAAGGTTGGAGGT-D2_Stim,0.039423855986008505,0.06120414190880297,0.09184967335724714,0.08600259485506356,-0.0016299312220908746,0.08019806511141958,0.13033115650318994,0.052503579773519604
GGACAAGTCGGCCGAT-D2_Stim,-0.009919106961440605,0.029094742613494873,-0.008334158017740734,0.12148689502965837,0.002040710085319475,0.14221110343209098,0.2123465908865496,0.06321129698326367
GGACAGAAGGGTGTTG-D2_Stim,-0.04553496014353975,0.10019195581817186,0.33766984383973586,-0.04169185202476022,0.16007230478523304,-0.1279738924107381,0.19577588457725703,-0.021285572883606108
GGACAGACAACCGCCA-D2_Stim,-0.0660207549530547,-0.02340958639844537,-0.21578045478592855,0.1055901362706706,-0.1346787381450394,0.1116611159731633,0.21540732928780226,0.039211919721571675
GGACAGACATCCCATC-D2_Stim,-0.21625062013268703,-0.004432777548426969,-0.10967985377654532,0.0006008139383357758,-0.017396578193734413,-0.21164057838682027,0.18540690886288402,0.0020394964943744043
GGACAGAGTCGGATCC-D2_Stim,0.044318299417486884,0.051346747153900196,0.059176162968402224,0.0778967383459932,0.028701219131564315,0.08256165660550074,0.12567848563808415,0.04327380439725381
GGACATTAGGATATAC-D2_Stim,0.04704051862120906,0.04720873244996682,0.28563135536751716,-0.001854520599794185,0.2027776881474992,-0.12747079374534565,0.14587505066556794,-0.023211585380973787
GGACATTAGGCAGGTT-D2_Stim,0.1021197189691847,0.060126912532613375,0.24053355390627473,0.020661754940070054,0.07116208485304298,-0.03891498475464772,0.12500972868748939,0.04453975128546617
GGACATTCACAAGACG-D2_Stim,0.06417960821504565,0.055204584688878455,0.1802433012203437,0.005638564779282262,-0.005395511719845203,-0.09064734319743373,0.004666484125577242,0.004370584815605483
GGACATTGTACCGTTA-D2_Stim,-0.06463043240422905,0.026128865564791326,-0.10323250094799441,0.10967310727731139,0.06942446755640574,0.14471103283555742,0.2648639453927366,0.05195256243587565
GGACATTTCGACAGCC-D2_Stim,0.08669501589229434,0.08369971092381867,0.08054512144585146,0.04369862493757992,0.1109897170340588,-0.0004732974217009911,-0.005286052351874737,0.04053947736676733
GGACGTCAGCGTCTAT-D2_Stim,-0.018021335508258574,0.07662823442978883,0.012856088597606785,0.04134255485885596,-0.025733588526160034,0.0584508073567811,0.1573466007676041,0.024868515527291635
GGACGTCAGTACGTTC-D2_Stim,-0.09233259352508405,0.014644096922138417,0.329118344897136,-0.07749439070462039,-0.015212447359774117,-0.2052312999619872,-1.1205374429969002,-0.05915667881643216
GGACGTCAGTGCCATT-D2_Stim,-0.10743938232452166,-0.000870911631309923,0.05952157436622585,0.01669700197652446,0.16438070434590557,-0.0929372317274737,0.38678549566060205,-0.0029514922128335286
GGACGTCCACGAGGTA-D2_Stim,-0.10442072826010573,0.07020494050796522,0.1760563315475796,-0.07471547350393593,0.02554241186636297,-0.18785349962462128,-0.19378747548298847,-0.02202379832584178
GGAGCAACACCGATAT-D2_Stim,-0.05222357306828407,0.01951476255096729,-0.003586505498994086,0.05084526988750504,-0.09450916327646297,0.0881188962438042,0.043227571174639046,0.046748359164029196
GGAGCAATCGACAGCC-D2_Stim,-0.12589123376138822,0.004113904751976705,-0.29553206217363304,0.0734491192105935,-0.2334486077510718,0.0574174304849322,-0.11578646024490524,0.011634863759896419
GGATGTTAGACACTAA-D2_Stim,-0.04103264867356948,0.10570578795988972,0.514527965478262,-0.08942706540237921,0.2097599637233909,-0.21588472689326288,-0.07258468578174071,-0.03837087038805187
GGATGTTCATGCAATC-D2_Stim,-0.007441797349780899,0.04556457411615078,0.20672710026794583,-0.011987764362938691,0.26333628074461757,-0.27713221261193155,0.08241428128422079,-0.03985981787666937
GGCAATTCATTGCGGC-D2_Stim,-0.08595043851657636,-0.009573074643595803,-0.06599445313404217,0.03423890499951021,-0.14559914863200873,0.04530475514001786,-0.41475663107469884,0.04943354543360989
GGCAATTTCGAATCCA-D2_Stim,-0.11937634597921232,-0.025331400895758804,-0.13801151424788216,0.02439552272155865,-0.0029797968959339727,-0.09817106183847102,0.22264970935086303,0.02175816906146011
GGCCGATAGACAGGCT-D2_Stim,-0.16994961200119718,-0.09285201374931873,-0.13906699243211218,-0.010306369297838458,0.0702227655913994,-0.07196345913474467,-0.2554900630331254,-0.03506767683669487
GGCCGATAGTCGTTTG-D2_Stim,0.05104594596681444,0.024127782050756608,0.021689925593218362,0.03989995217163411,0.0494602193938114,-0.06648945967712194,0.16311499020562437,0.026750680671286275
GGCCGATTCGTACCGG-D2_Stim,-0.05232425431777976,0.03973005789098316,0.026719555738073275,0.0476141203788103,0.06844405905421347,-0.11901696761273683,0.2781672636285677,0.021940110014927683
GGCGACTCACAACGCC-D2_Stim,0.06486005070041756,0.023685867606893396,-0.011597094344059755,-0.004910470285194535,-0.3020487801554612,-0.018703068489996255,-0.269385965196026,0.008810985296253904
GGCGACTGTGGCAAAC-D2_Stim,0.04697035060156374,0.039226917383793136,0.024546620171559397,0.08266638725976172,-0.03479094672999139,0.10428377961773627,0.2574152631930007,0.06297658917361737
GGCGTGTTCCCTTGCA-D2_Stim,-0.0084640641840803,0.034247470454555895,-0.05353058941521471,0.05610122898666958,0.0013757145760155964,-0.0902204865440801,0.2563645408843014,0.02458764863155949
GGCTCGAAGCAGATCG-D2_Stim,0.005138701525762457,-0.005460033755797511,0.07275990475152838,-0.054150862766976005,-0.06095023679824152,-0.09710451090188776,-0.022892238134538445,-0.02525507600534027
GGCTCGAAGTGTCCAT-D2_Stim,0.05204411890026961,0.06311927399644723,0.146160085702018,0.08682690307164265,-0.04966083412351452,0.042275313553171046,0.1276052864133863,0.06837873559634389
GGCTCGACATAGACTC-D2_Stim,-0.06809658481325442,0.0625587502075966,0.3310567129997768,-0.06203316343462184,-0.01730176605221523,-0.16638856786835632,-0.23707352619377708,-0.0339752209949058
GGCTCGAGTATAATGG-D2_Stim,-0.08077112694542166,-0.013996108154094244,-0.13722471760453203,0.05084054557660522,0.0002766218056287073,0.05355658565591348,0.07714963334794334,0.019534124682994758
GGCTGGTGTGCCTGGT-D2_Stim,-0.10877575613113244,0.0011732498156646898,-0.14491832841414087,0.09740833397930793,-0.11515800093426876,-0.04914096798754031,0.6299638818192417,0.049613303644205686
GGCTGGTGTTACAGAA-D2_Stim,0.07780824854011215,0.08872206121585435,0.2395735999635864,-0.02940909612863507,0.17547902238890778,-0.08557782053667395,-0.1143965048103679,0.0372416838564078
GGCTGGTGTTCCCTTG-D2_Stim,-0.16317854347699345,0.0016211790862907804,0.07161821479899189,0.09248375870887493,0.1778306259891167,-0.17386728702955345,0.5774029545027233,0.025792503101417452
GGGAATGAGGTGTGGT-D2_Stim,-0.1271073014470243,-0.030705979137875872,-0.22041971624300682,0.003937629908014273,0.031479851301112305,0.07944804774065162,-0.1984139712001003,0.05359206803299976
GGGAATGGTCCAGTGC-D2_Stim,-0.04924255734639438,0.06331738390149866,0.03663840729297618,0.027506921275167073,-0.24572977767075876,-0.015634123311667025,0.1328186651957246,0.006602900944514545
GGGAATGGTGTAATGA-D2_Stim,-0.050181991310301655,0.030024649100401035,0.16205808321247694,0.02669510723220192,0.03271995986778187,-0.18376970068097442,-0.07750026144754596,0.013460829437461186
GGGAATGGTGTGACCC-D2_Stim,-0.11155289732415241,-0.02060064376038362,0.05582714240382547,0.04098341886524004,0.34370943290753786,-0.1726653581103541,0.5489669314358459,0.010726420976462592
GGGACCTAGTAACCCT-D2_Stim,-0.0351417006613719,-0.016011246533446766,-0.05879606864686515,-0.00631476287021826,-0.17761969398901378,-0.01630915934371835,-0.06370127242735535,-0.02524376913580184
GGGACCTAGTGTTTGC-D2_Stim,0.0319105549752603,0.04096228901608967,-0.032969349576465135,0.07214060271042833,0.0701888963033035,0.0788682568021759,0.010504983727636308,0.05275209389581015
GGGACCTCATGCAATC-D2_Stim,-0.22072289907398535,0.009846012487196631,-0.20511901228036056,0.10209438460299047,-0.08838113439813888,-0.05209750690466741,0.51729618655955,0.049141454021357944
GGGAGATGTGGTTTCA-D2_Stim,0.007720352052933421,0.05098697716777423,0.0027970635974945424,0.07746563183091659,0.12605370446192588,0.04693866016464199,0.10893545330361132,0.04357634535052313
GGGATGACAGGGTACA-D2_Stim,-0.0808747732400068,-0.009678063317013041,-0.10043901799788024,0.04836885670309066,-0.04446332006890508,-0.056781954389563793,0.1621145094688945,0.004094788362124291
GGGATGAGTGCAACTT-D2_Stim,0.10302954541854525,0.1398026830845751,0.16009120524804743,0.13520699971991235,0.20174264553348564,0.3080082842017635,-0.42169334626864874,0.08706213120753681
GGGATGATCCACGACG-D2_Stim,-0.09384557927484671,-0.0316015433340624,-0.19123237394132975,0.05918399782998485,0.0339278821203326,-0.0035534665909899843,-0.1643819771654087,0.06737541266587854
GGGATGATCCCTCTTT-D2_Stim,-0.07579112987852632,0.015604304250681267,-0.15942615435693241,0.0033978965659091642,-0.4009857682341824,-0.04356639927502215,0.04546686084096763,0.0009838541032909376
GGGCACTGTAGCTGCC-D2_Stim,-0.047127086099648,0.00403299828737147,-0.22463933303651018,0.04323905600311306,0.02507545783912235,0.06251942094724328,0.022853042938125512,-0.0062094442512865555
GGGCATCGTGGGTATG-D2_Stim,0.06441335809927473,0.05860548917360653,0.1415691026203998,0.08177316947532276,-0.035165326024163335,-0.008820500149575139,0.13759992944309118,0.06372298809067978
GGGCATCTCTGCTTGC-D2_Stim,0.04372054343002674,0.03298843981914246,0.025383601115091636,0.07237162570810796,0.09341752014177729,0.11461041797217497,0.17733920957485605,0.057305643721004884
GGGTCTGTCCTCCTAG-D2_Stim,-0.05385867156015145,0.019497519815487863,-0.045487023236529645,0.0004893178936562492,-0.029006445083792798,0.03141126611412304,-0.09796767339997103,0.0058665049570656436
GGGTTGCGTGAAAGAG-D2_Stim,-0.16799000881666792,-0.0560436413807075,-0.22552842475653367,-0.011420423872827712,0.08685904390573995,-0.012065867848127354,-0.39524682731028093,0.0032361616629170697
GGGTTGCTCGAACTGT-D2_Stim,0.023901642687530256,0.06469422093828037,0.26815730434648266,0.0013910438205417819,0.10788979282761169,-0.1581052414942654,0.1552303595192619,0.016917337205301308
GGTATTGCACTTCGAA-D2_Stim,-0.021381635042320823,0.018940540546664053,0.15429277643672812,0.058747621753603596,0.07085141361243608,-0.017372947505663205,0.04126600221663068,0.04651754078904524
GGTATTGCATTCGACA-D2_Stim,-0.04756996419448889,0.021101424102793587,-0.008717726699380535,0.11965468005509194,0.05821248174084026,0.189344278946189,0.27242489123675995,0.08848847015285699
GGTGAAGCAAGTTCTG-D2_Stim,0.03108064714446357,0.02825531978072604,-0.015094021132497915,0.08250785014292994,0.08028172556318403,0.06456074330450257,0.12875822350623878,0.03040176050200749
GGTGAAGCACCGTTGG-D2_Stim,0.09049409848627121,0.05958388168545348,0.15196071709713443,0.01774681487431984,0.15215703222799704,-0.025174792523419143,-0.04095818084121117,0.04146367264638684
GGTGAAGGTCTCCACT-D2_Stim,0.0259589118912249,0.05800126055097543,0.10477995994119915,-0.023681850065297994,0.07245229274236564,-0.1384941524187795,0.005802616541944694,-0.0028312666835841327
GGTGCGTCAATGAAAC-D2_Stim,-0.06764907124563102,-0.010858669769179485,-0.22547398568518418,0.07377546507207633,-0.21754806814824867,-0.034493042744937696,0.26378408911260465,0.0035583400453127467
GGTGCGTTCATAAAGG-D2_Stim,-0.020119330457413653,0.0393049665470091,0.18003778410215254,0.016316020987718005,0.19502056994537753,-0.058964039806980395,0.031220618895622998,0.0019975070129518713
GGTGCGTTCTTGTACT-D2_Stim,0.043241732040138814,0.05308877218442731,0.05840311100579143,0.04708853687522385,0.04103331595323567,-0.05388677199187519,0.12359741483608566,0.033593368619648345
GGTGTTAGTTGAGGTG-D2_Stim,-0.058827111918390074,0.011556756790254141,0.059035326694283796,0.0002766573396879579,-0.1534339536909446,-0.05873884208650004,0.030552535445442786,0.00390788010711951
GTAACGTCATGACGGA-D2_Stim,-0.06207517900423376,0.04878003830293132,-0.18644028408953695,0.012491010171247652,-0.3304024442467437,-0.08316045411701367,0.3574891392016921,0.00815606874603425
GTAACGTGTGTCCTCT-D2_Stim,0.0791057894608489,0.06637567245031484,-0.0180389410355275,0.12983435195980064,0.15107421491647877,0.21845333954416546,0.12828950088855695,0.09022166704265544
GTAACGTTCTTCCTTC-D2_Stim,-0.06015915266469918,0.01341321256937178,-0.02316215480362338,0.02754466370361186,-0.03367112439623021,-0.005659715218595096,0.23004931805048656,-0.023456151998811237
GTACGTAAGTTCGCAT-D2_Stim,-0.08897955949083602,0.041430580114978355,-0.25207610906292555,0.11135205772552581,-0.2989187135316964,0.05834768763668663,-0.20714714016975577,0.09202999597738959
GTACTCCAGTGTCCCG-D2_Stim,-0.04962841731913237,-0.005470546263252274,-0.06440720518379628,-0.023615982304006522,-0.08683916569030892,-0.08378481602939125,-0.12444682009498287,-0.01937495233816655
GTACTCCCACCAACCG-D2_Stim,0.03840157822595103,0.06621551484077592,0.257951742173244,0.04870236396609329,0.15861591773843742,-0.02721490447501118,-0.05321941744445713,0.04903561352746877
GTACTCCCAGCTGTGC-D2_Stim,-0.16606312316729976,0.01095360975306292,-0.17193069313446685,0.04288751594256901,-0.05757257478772004,-0.00304403239558404,-0.2738440265370059,0.04599411444194956
GTACTCCGTAGTACCT-D2_Stim,0.08407352825511616,0.05699733121748096,0.22765939238700028,0.04892082246815477,0.23862526759589286,0.021006633868321245,-0.057722293956439685,0.05816114834525443
GTAGGCCAGCACCGCT-D2_Stim,0.0555230624094083,0.03696988353224917,0.06456138290488056,0.12346400645636635,0.11013612171239373,0.16041158490548213,0.10846023003113725,0.05118452398346207
GTAGGCCTCCTGTACC-D2_Stim,0.047317468481621106,0.03229755713957694,0.02557952903490701,0.023191044101215752,-0.1995156916973002,-0.019454030699790792,-0.015732547960634946,0.04399387804249422
GTAGGCCTCGATCCCT-D2_Stim,-0.07907175355216012,-0.0047875069759353295,-0.13803947947473283,0.010026606102234936,-0.02051573399076112,-0.009303207480760634,0.0291638517135544,-0.001467713188791464
GTAGTCAAGCAACGGT-D2_Stim,-0.10262853542561068,-0.022924685164570135,-0.17034021387327858,-0.03643561186351185,0.1181859130031171,0.01771586842776074,-0.6262538203848464,0.008205996581835961
GTAGTCACAAGAGTCG-D2_Stim,-0.029804984614358432,0.029589737627834012,0.48570124729473996,-0.07017565351987542,0.14963119444568207,-0.17675638118214465,0.030487725351383332,-0.025234531368919733
GTAGTCATCCGCAAGC-D2_Stim,-0.08630474812753341,0.05458684749148368,-0.21135330579660128,0.09852263922801718,-0.2586611962369805,0.08257534473960781,-0.2975643302298767,0.09467406903430664
GTATCTTCACACAGAG-D2_Stim,-0.007347642552776534,0.020857266551468356,-0.007280568596173431,-0.04487026194336963,0.05247115957010173,0.08004247267046871,-0.4262970624715834,-0.009880175980022443
GTATTCTGTTTGTTGG-D2_Stim,-0.07239780994851763,-0.05221362099647031,-0.26819247469185115,0.12086052658614754,-0.06999249788228568,0.1425527940286777,0.4473604146410164,0.05028996803748598
GTCAAGTCAAGGCTCC-D2_Stim,-0.000530647782627014,0.08845273398396714,0.23203135551798226,-0.04194719641737166,0.01885491504716441,-0.09702680992521451,-0.1669571373151033,-0.02386286547238825
GTCAAGTCACGGTAGA-D2_Stim,-0.07470333101081295,0.053554489089336244,0.1550075158993227,0.03100376840842678,-0.006825741230976234,-0.08531894161445663,0.09831358177570237,0.01876356159332282
GTCACAAAGATCACGG-D2_Stim,-0.007148654487059147,0.04279925451410094,0.07453608419756641,0.074406796243073,0.12301041380627886,0.02125254477540217,0.0917584595238008,0.09310454588145056
GTCACAAAGCGATAGC-D2_Stim,0.039677112219655086,0.04799833766159978,0.028302267708516737,0.11104023585363265,0.1098422640259642,0.05866286802005227,0.24565907198684922,0.07065085281659833
GTCACAAAGTGGTAGC-D2_Stim,-0.05993153180030575,0.03417127593430713,-0.006156300358107103,0.07787513686517933,-0.00739408441173417,-0.03322146885463795,0.32883495044938904,0.042526596877801026
GTCACAACAGTCTTCC-D2_Stim,-0.06019834990292061,0.025472159968208175,-0.11054208051351466,0.0028659640404029574,-0.24491130103698922,-0.06918539671515056,0.231531590528947,-0.02120327082192297
GTCACGGAGTGCCAGA-D2_Stim,-0.15902651015075087,-0.025553030448962843,-0.2089701358518079,0.004527841958047674,-0.08329822090997574,-0.0198105135382729,-0.5610168240900464,-0.001106682929602698
GTCATTTAGACGCTTT-D2_Stim,-0.09198001575474635,0.058896134307463655,0.19057921988920512,-0.09682433712781169,0.03547490249836649,-0.2662026542532807,-0.20392618566349974,-0.058427523595350195
GTCATTTAGTTACGGG-D2_Stim,0.022226183764120222,0.022837091967135237,0.0412844862279087,0.043950282842587285,0.07519415592309464,-0.16995956560920789,0.18071122149823093,0.00028197824742193234
GTCATTTGTAGCGTAG-D2_Stim,0.08355995595558241,0.08138294384628253,0.06085136540903058,0.009401323000254536,-0.018135125484612047,-0.07002198512643965,-0.04347565314517343,-0.00855611909121734
GTCCTCAAGCTAACTC-D2_Stim,0.0810238938276413,0.08975136050243471,0.3620389147878491,0.05184324581574806,0.19949229086551767,-0.06261274260346461,-0.13380037197373884,0.06757261044364071
GTCCTCAAGGAGTTGC-D2_Stim,0.08208171251984275,0.049593539313551815,0.22519763869217435,0.07070555402209067,0.15192040798369177,0.003983891286367225,0.20359818908352256,0.07544502296085831
GTCCTCAGTATGAAAC-D2_Stim,-0.09092812642643366,-0.0012819596770068387,0.16187944973417956,-0.028914616177084795,0.07417710059383431,-0.114211492764138,0.2292261587351181,-0.06363881044748432
GTCCTCATCGTTACGA-D2_Stim,-0.06940203921044663,-0.026178826605837813,-0.20022042139607876,0.03829859494259047,-0.10116991952857468,0.11407280101588313,0.024016293669373745,0.009962686420351474
GTCGGGTCACTTCTGC-D2_Stim,-0.09617827747901408,0.012010926382632903,-0.10986142319420544,0.15574240578628817,0.06363279619344375,0.27886235459707187,0.2866259828067159,0.07445272465602493
GTCGGGTGTGTGACGA-D2_Stim,-0.04193544278107986,0.008708810057054706,-0.12434734386310531,0.14728101534510074,0.06907844859858159,0.19765756471813134,0.17330885077103364,0.07761428768633216
GTCGTAAAGGTTCCTA-D2_Stim,-0.1454450929603066,0.023622639527346223,-0.2155043086183106,0.0116017793945975,-0.022937210343242143,-0.011022396019221503,-0.2855858764932364,0.04285082538249796
GTCGTAAGTAAACGCG-D2_Stim,-0.09102027287263503,-0.05282075210577908,-0.4238388019162631,0.18383806551575432,-0.28041132104575617,0.19011477973594282,0.5831367492756101,0.05606323916669176
GTCTCGTGTGTAACGG-D2_Stim,-0.07976869352040339,0.09608734024371834,0.298462484651731,-0.099168285550439,0.013197557316040331,-0.22619048804739705,-0.3530063710562752,-0.06480972516543204
GTCTCGTTCAAACCGT-D2_Stim,-0.07449268638078443,0.009475399140825402,-0.0724288901932102,-0.03516622001950509,0.11018940427227264,-0.04133725450782677,-0.1786890611655778,-0.0023816178146027767
GTCTTCGAGCTAACAA-D2_Stim,-0.08045521182110171,0.01764868636421113,0.020156582476568374,0.012043711431347859,-0.10970715938363362,-0.03633829653093379,0.20948591837716357,-0.019353387482649254
GTCTTCGGTCAGAGGT-D2_Stim,0.03862716573348912,0.030088132848582916,-0.07973329892875292,0.11667710886848326,-0.011285193110225578,0.1328157405012238,0.1383109528140043,0.08119732149670789
GTGAAGGAGACCCACC-D2_Stim,-0.11402641632042076,-0.018557380514542032,-0.2376954873154009,0.13213031894464677,-0.242098130761363,0.13348071326033129,0.2703946662379817,0.06590770384734768
GTGAAGGAGCGCTCCA-D2_Stim,-0.16183045308812716,-0.010576357840855977,-0.09665182339676459,-0.0006294334406415913,-0.04519165592834895,-0.07243962396692005,0.024826693799274935,-0.0113944453657151
GTGAAGGAGCTTATCG-D2_Stim,-0.05031707535775176,0.0415962621672854,-0.07343997487405929,0.07765743576224438,-0.037316418017281805,-0.0019321452125549143,0.13477571942235667,0.06969192699297722
GTGAAGGAGGATGCGT-D2_Stim,0.11717592642528452,0.05582961275115572,0.14369999724611837,0.12251243935934042,0.12744294818584656,0.09891997507427064,0.15912551927588137,0.07838924040014916
GTGAAGGCACGTCAGC-D2_Stim,-0.08589034128692674,0.0005633448205948355,0.04677379754651323,0.014461878567146869,0.049119675067410995,-0.1838686609763336,0.21298587833165783,-0.0059684366471319805
GTGAAGGCATATGAGA-D2_Stim,0.0148044884944607,0.019112769595240664,0.06821949354718182,-0.06126668013672898,0.1100506850881704,-0.03258833210895418,-0.2536873317664998,-0.0592052710793709
GTGAAGGGTTCATGGT-D2_Stim,-0.0021062575219019664,0.03406875675051246,0.03610080283520034,0.04922064026607842,-0.09117040630886031,-0.016975327366896664,0.035688359872709796,0.04576595231909408
GTGCAGCTCCTCCTAG-D2_Stim,-0.06505410051356542,0.03131100736222159,-0.03827967837882795,0.07413839246105347,0.08021052358198588,-0.08881280441969963,0.2073804632278815,0.030320944374288672
GTGCAGCTCTTACCTA-D2_Stim,-0.15474093095110675,-0.007860637808175142,-0.16659700432825364,0.10163194839965506,-0.16173048469442186,0.04392080798630715,0.032091139432690596,0.10085458046552098
GTGCATAAGGTTACCT-D2_Stim,-0.0675297296112074,0.0193163346525278,0.07345616529846133,-0.003756898188077784,-0.01874242722085029,0.039705630375561185,-0.04420175264396775,0.01537271160179543
GTGCATATCAAACCAC-D2_Stim,0.14838698432397202,0.06736591708184747,0.1360001110848863,0.03738571433967586,0.017999934426123687,-0.006787165504768211,0.13022790275629248,0.0489688203724814
GTGCGGTCAAAGTCAA-D2_Stim,0.09276519935333916,0.0544358283647437,0.1611790525054495,0.030328942520929658,0.04736704457923935,-0.022059464497072412,0.05750871679431402,0.043496127908479565
GTGCGGTCACACAGAG-D2_Stim,-0.10613635849881398,-0.031701487120429306,-0.11852971463083506,0.0577651905813088,-0.025693134788303595,0.04542018013945892,0.24355993822409694,0.02217873961712158
GTGCGGTTCCCATTAT-D2_Stim,-0.0529437088161302,0.007562923267222743,-0.16395803993608205,0.06963242119903512,-0.1825748397856568,0.05209899109797966,0.04089455890933724,0.025469510727049283
GTGCGGTTCTCGGACG-D2_Stim,-0.12861532342023985,-0.02923093078815775,-0.14944954644431618,0.06389366184874135,0.022496544282553543,0.06081425728625689,0.4803446040591748,0.0077345012300114035
GTGCTTCGTCCTCCAT-D2_Stim,0.09121140420667118,0.06221000890440287,0.015422381353067394,0.08321437162336487,0.1420316854013457,0.11864169802783664,0.11050205940029034,0.06466162202410253
GTGCTTCTCCAACCAA-D2_Stim,-0.10587735760660522,0.026964905004101425,-0.08720010672166723,0.11892308652119254,0.06649074416216649,-0.05502016733825599,0.48815917429414846,0.049277496154269684
GTGGGTCAGATGCCTT-D2_Stim,-0.007008009311959995,0.07556014719266813,0.1830912082761067,0.011329084393619127,0.022966921622121106,-0.03516921975555576,-0.09915760532354057,0.014798153963702987
GTGGGTCCAACACGCC-D2_Stim,-0.1384534468601739,-0.05272509213774512,-0.17088213702347943,-0.029832742524327216,0.07938007426899496,-0.01885340805237945,-0.20259185705497984,0.004549832458595304
GTGGGTCCAAGCCATT-D2_Stim,-0.08680167452964405,0.009018306047430258,-0.1533205160720872,0.09592074324095456,-0.2587817458882533,0.036892726510606266,0.1647559479087528,0.04224562977866597
GTGTGCGCACGAGGTA-D2_Stim,-0.16843119981814425,-0.023781318441900012,0.06424635765077724,-0.08251463270535808,0.04800022064092424,-0.12232592309050361,-0.5128839195003998,-0.003550709565846688
GTGTGCGTCTCTGCTG-D2_Stim,-0.07524750456620843,0.04680170567522346,-0.1623141829670418,0.10540312416925524,-0.20393194213370514,0.04175873648920003,0.01654646211655475,0.08878546330198134
GTGTTAGAGATAGGAG-D2_Stim,0.09385501896465875,0.037976788129197914,0.03982199732544345,0.07526992028140889,0.06578749660506666,0.11604308467540037,0.1697935933155028,0.07139075809311102
GTGTTAGCAAGCTGGA-D2_Stim,-0.08725030488379026,0.047483747655398645,0.13149370839703778,-0.04414605541186134,-0.2964460902820907,-0.2934231318994538,-0.08301333986705384,-0.05742093977331919
GTGTTAGCAATAGAGT-D2_Stim,-0.11074127477332318,0.025205139014701672,-0.0459165936068473,0.07824390413075832,-0.14556317468292335,-0.05493622716303648,0.40769193156767436,0.011234603609700855
GTGTTAGCAGAAGCAC-D2_Stim,0.09624255177168273,0.017501161724561953,-0.061778294876322803,0.09297675065287159,0.049608253802805535,0.10183276256585394,0.17067457488486681,0.05383347890759005
GTGTTAGGTTGAGGTG-D2_Stim,-0.15590805570005983,-0.07775858554157011,-0.3219672653075527,0.020600294826557786,0.12431255183903289,0.033739880827726054,-0.16737379148597853,-0.027311102827612288
GTGTTAGTCGAATCCA-D2_Stim,-0.08143428214365578,0.020689622084001158,-0.06430668400179318,-0.045340503739522475,0.042717216163177696,0.015741011477086175,-0.2234902293937182,-0.003686966298133143
GTTAAGCGTGCTGTAT-D2_Stim,-0.010287302088599404,0.06077488603335013,0.04665004316388277,0.04201261905265952,0.006990205938212313,-0.008875562148844551,0.10395864380726927,0.03779076175944063
GTTAAGCTCTTCGAGA-D2_Stim,-0.0841056410830916,0.011751961143804834,-0.08532012649384946,0.08463160778872769,-0.020364143179781635,0.006530677815009156,0.2532887222815674,0.04238564907618425
GTTACAGCATAGACTC-D2_Stim,-0.026872594886960144,0.019160710867021535,0.07101690661617432,0.09476445724531679,0.03764843994025924,0.10130854450134485,0.2617097335552323,0.05336106125770712
GTTACAGCATTCTCAT-D2_Stim,0.023766044063684433,0.039281053126591914,0.09360787921594138,0.005681682709077762,0.01516946271355124,-0.03456209050738934,0.09372484741014375,0.018851625544742845
GTTACAGTCTATCGCC-D2_Stim,-0.051411340120315785,0.009176792124566902,0.1832047303223625,-0.026126624276463062,-0.05300079073978203,-0.05671108670537528,-0.047196691603089924,0.026736579606250643
GTTCATTGTATTCTCT-D2_Stim,-0.1031407293638722,-0.04913888765132057,-0.035638174182286875,-0.08777906677528868,0.012797829446736131,-0.11947515598610536,-0.19599725643683197,-0.019056508960792584
GTTCATTGTTCCGTCT-D2_Stim,-0.06453713934558358,-0.022670195026563533,0.05010898589945523,-0.015415075897411867,0.07097218667694882,0.013586756594198945,-0.27324143791842914,-0.006589130637769003
GTTCATTTCCGCGGTA-D2_Stim,0.04077183957484287,0.03431883562832283,-0.07810776927619578,0.013101634225330727,0.017850413020568112,-0.09829781473619903,0.07076368383051701,0.02441885204695815
GTTCATTTCGTTTATC-D2_Stim,-0.012616314163993891,0.05290290358715666,0.1725928240451946,0.055388160705225786,0.275655821662383,0.01093268718483742,0.09110741223818142,0.044702530388009976
GTTCGGGAGAGGACGG-D2_Stim,0.049476430673198735,0.06551896489361475,-0.018550132533091457,0.05553035751850821,0.03356989837284985,0.14023223404114127,-0.2596023581376503,-0.0026643852014771596
GTTCGGGGTCTCCCTA-D2_Stim,0.06423685191218453,0.03866693842987523,0.1970474715991255,-0.0026683196634511575,0.07184228365504453,-0.05201747756771802,0.0550843942032575,0.02751045769650773
GTTCTCGAGACTAGGC-D2_Stim,0.014175039386950417,0.05990380151884622,0.12659025140130176,0.0069481552585894946,-0.09704742153144075,-0.09803877131473904,0.11415390092141742,0.020826901236265627
GTTCTCGAGTGTCTCA-D2_Stim,-0.05088257414047881,0.0012661419620751957,-0.08678843004354242,0.04184147577528741,-0.02044601264903001,-0.07693747156857,0.1842440770824787,0.026856096531203022
GTTCTCGGTAACGCGA-D2_Stim,0.07059769958688733,0.061050195566478394,0.1456783598169249,0.0303130181031257,0.14076009852236737,-0.05908505513439444,0.09012470271480844,0.013235610823619126
GTTCTCGGTAGGAGTC-D2_Stim,0.05443446299339705,0.05924270654732311,-0.05856173705220691,0.10910903924509263,0.09916017121212661,0.16724327569369457,0.18964228667851746,0.06483667402258142
GTTCTCGTCACCCGAG-D2_Stim,0.18481032285241383,0.10775638118257191,0.2786743856405085,0.04907567230149823,-0.032683781671991596,-0.08819430805478135,-0.21071806561033402,0.025259547059304666
GTTTCTATCCCAACGG-D2_Stim,-0.11840956041461581,-0.004457832030645648,-0.2200581014948524,0.06532770124428389,-0.04674916725460676,0.04554754324272636,0.38027585264359764,0.05704909485976728
TAAACCGCAGCTTCGG-D2_Stim,0.03811420543015842,0.028869620832594478,-0.0014726337069213002,0.1286660910155497,0.0947777316832017,0.14965679407049848,0.10707885555603891,0.05240277013205841
TAAACCGCAGTTTACG-D2_Stim,-0.0721738337426796,-0.00040099552808214867,-0.08717015609870771,-0.03018509080966325,-0.12237776644973053,-0.08982492077717019,-0.10196690322988378,0.001564299095910826
TAAGAGACAACTGCTA-D2_Stim,0.0568320598112404,0.05239039922103039,0.06309713230594483,0.03475876897195995,0.1625207832360438,0.014285241888844169,-0.07906942571014541,0.038849748599854905
TAAGAGACAGCTCCGA-D2_Stim,-0.08060191253944993,0.002888972486630337,-0.06379548602740037,0.05297618756818956,-0.11734223727874671,-0.004497248534246268,0.11290055883165451,0.027072569656057865
TAAGAGAGTAGAGGAA-D2_Stim,-0.09844169597115027,0.02207065783561646,-0.21883614288281983,0.053806747500257046,-0.2045397588236213,0.0022082664593892076,-0.006233839325239465,0.013499679092408456
TAAGAGATCTGGGCCA-D2_Stim,0.008486902145852682,0.08313366523137411,0.1366561173686076,0.010023079318896677,-0.21578443610377995,-0.07839796296330093,-0.047815039928905456,0.0289945686365769
TAAGAGATCTTGTATC-D2_Stim,0.08783090902957191,0.0909565673960735,0.276703018678651,0.012311798619279557,0.049892132014127455,-0.05808928072502262,0.041501925516783444,0.035331593466066735
TAAGCGTCACAGACAG-D2_Stim,0.0771183539502811,0.06087190303480128,0.12228988292027942,0.07756771292974385,0.13996761906440902,-0.011516346956870649,0.08645572113193722,0.030334940025500856
TAAGCGTCATAACCTG-D2_Stim,-0.03524791751797274,0.04384791808199928,-0.09209785224840772,0.09143469156044937,0.04891696185759109,0.09397600054405686,0.2266778222911352,0.04973563360962885
TAAGCGTTCACGCGGT-D2_Stim,-0.10027520103681553,0.06738340523765807,0.35516016701790143,-0.09589295478296656,0.15298173627704337,-0.1665474416447701,0.17297987860419362,-0.0419922095876597
TAAGTGCAGGTGTGGT-D2_Stim,-0.038593202036173224,-0.007924949598825393,0.18406341804362647,0.04484553293031368,0.27653023929320675,0.06605836720490821,0.0840219722767781,0.0035147253144298674
TAAGTGCCATGGTCTA-D2_Stim,0.011003787587760883,0.04638699823058445,0.12257607542033,0.037787664088945405,-0.07076293691733682,0.01892078240795314,0.13821967061450113,0.023418117063206623
TACACGAAGAAGGACA-D2_Stim,-0.12787601298794193,0.0035470528274270663,0.1342264065355412,-0.08602502892354735,0.0023363445874373667,-0.2287026357691211,-0.1012968902564042,-0.02206739252792289
TACACGAAGCGAGAAA-D2_Stim,-0.011114399580938183,0.03270495069254764,0.06735705532447689,0.04917093668361083,0.15041011963436368,0.17415397181836134,0.18943227691479603,0.012007679224508294
TACACGAGTATGGTTC-D2_Stim,-0.04041393489220724,0.028919853794134198,0.013866073025026182,0.0724179814167023,0.11077785005400109,-0.09807926667187239,0.27597154343270613,0.005713097740892792
TACACGAGTGTTTGTG-D2_Stim,-0.08200731515832871,0.03199929805901114,0.011713824961091746,0.057754591329779004,-0.16949551200669077,-0.06269590551070081,0.38966172343371497,0.00920367843277603
TACACGATCAAACCAC-D2_Stim,-0.020894542618842493,0.09852184008324372,0.227747119770628,-0.04017109517004691,-0.03763345562482989,-0.21570714065444818,-0.21166781588281047,-0.00745782822766472
TACACGATCACAATGC-D2_Stim,-0.05828783619691791,0.03697441205267182,-0.0865426399612419,0.1438505596351458,0.04298149015151154,0.012485455742412555,0.4694308566461203,0.08873967050090847
TACACGATCACCAGGC-D2_Stim,0.02268962259616991,0.03844354478179568,0.022146285214956762,0.12859416675391877,0.050076683634223684,0.17342753836325997,0.16512675242601915,0.08504585079611182
TACACGATCACGCATA-D2_Stim,-0.005124133943906983,0.06809583441495981,-0.131330724257114,0.16481054544684248,-0.02941961976409857,0.2118645192720887,0.249563858012678,0.09180456324347652
TACAGTGGTCGAGATG-D2_Stim,-0.03886067895297174,0.0002533100506774133,0.05505646688786037,-0.03629580651847064,-0.028525609749795677,-0.0907418831824689,-0.18177400088944484,-0.028507762099645007
TACAGTGGTGTGCGTC-D2_Stim,-0.048241355461010826,0.014864994785876107,0.007133478881176103,-0.006670559118788333,-0.17635058422271577,-0.01722918932006401,0.07854112584543849,0.01117117544706936
TACCTATGTCCGCTGA-D2_Stim,-0.03619721061791914,-0.009222424184994082,-0.3176076937059431,0.016616211053181118,-0.13337306304832275,0.0937396210961925,-0.05046510341366428,-0.0009516827043345444
TACCTATGTTAAGACA-D2_Stim,0.05190767030207688,0.06510113907703818,0.15136711407457248,0.023801956903046317,0.14388957907732625,-0.011149356087777562,-0.09173745620039497,0.03718277390382063
TACCTTAAGAAGGGTA-D2_Stim,-0.12008515418651555,-0.03402032932415722,0.06761708390018306,-0.13221227913370548,0.10208459940883863,-0.15465717280974722,-0.23362637087499216,-0.0335755062401617
TACCTTACAGCTGCAC-D2_Stim,-0.21100624186221495,-0.0021651024616726744,-0.3251038661169412,0.1945234495154633,-0.1338869133836269,0.11028719017733124,0.6962187626668808,0.09189495511455803
TACGGATCATGAAGTA-D2_Stim,-0.07200762587923393,0.02514905284219715,0.11473694077898156,-0.11889982640192542,0.12246905735514524,-0.08026897842782965,-0.3500378773089814,-0.06960170775527352
TACGGATTCGAATGCT-D2_Stim,-0.21897168939045208,-0.11380285627998177,-0.22862733941610625,-0.05828122138246883,0.05093897892096777,-0.08961983595697376,-0.4505220869733897,-0.05887134163472396
TACGGGCAGAACAACT-D2_Stim,-0.02438948952992881,0.06894691625127436,0.14210162940295312,0.022487821175399603,0.0239962774069582,-0.02295906459597319,0.22841130199546633,0.0029043524110168306
TACGGGCAGCTCTCGG-D2_Stim,0.019108900982896415,0.06054930430911831,0.3441159804543954,-0.04562115557301816,0.15590657876833802,-0.11761747323351202,0.0448953017055338,-0.0049869717223405274
TACGGGCTCATAAAGG-D2_Stim,-0.1734249240265715,-0.005106983772121154,-0.1774175215646423,0.11798751472793967,-0.078331457211549,-0.00522766172830913,0.6782826231159849,0.05966555311626642
TACGGTATCTCGATGA-D2_Stim,0.09769528480526724,0.1682559973796085,0.0971375312339191,0.10399588306572838,0.09041537848253967,0.19323097774540443,-0.3734451117020914,0.08311595194673416
TACTCATCATGTCTCC-D2_Stim,-0.2247551314669458,-0.08151388918475355,-0.29564549983920774,-0.052129840673771355,0.06761512751936927,-0.10333423123581476,-0.3451246623103934,-0.02785780119177872
TACTCATGTGAACCTT-D2_Stim,-0.12887884400429073,-0.020537932436528905,0.04085708167995428,0.031207415375281045,0.1986486539607526,-0.22001789395160287,0.2699046562055223,-0.017298594168950743
TACTCATTCACAAACC-D2_Stim,-0.0339883202660225,0.009243635533369599,-0.09610072084354115,0.07828518637457016,-0.13183595656668246,-0.02114498559497946,0.1913373810178456,0.021285488078488513
TACTCATTCCAAACTG-D2_Stim,0.00160344071038665,0.010031863188151746,-0.11623518746275785,0.051307314485598,-0.13418898614183128,0.0770955973561378,0.027018919016536636,0.030211122249166777
TACTCGCCATAAAGGT-D2_Stim,-0.11106845158193224,-0.023605388683916928,-0.10833604311743628,-0.041913259232636335,0.0683004313786828,-0.010460799416529554,-0.22621034200597734,0.008452756308868103
TACTCGCGTCGGCACT-D2_Stim,-0.19161500356982764,-0.007671922311368817,-0.20573507425356397,0.05165398907857899,-0.09476492768310685,-0.0651686123691313,0.5012033112501904,0.031536532465997524
TACTCGCGTGACGGTA-D2_Stim,0.040718091713500826,0.05143368786081837,0.1598715687948502,0.038379585857143184,0.10051263737690874,-0.0392841607183918,0.06101765857598451,0.010827956176701292
TACTTACAGTATTGGA-D2_Stim,-0.12748283988744546,-0.020888834255478272,0.052830506877901584,0.027676947612169656,0.1068426575668795,-0.16840522636934452,0.30522976764753196,-0.005371131095001758
TACTTACTCGAACGGA-D2_Stim,-0.12236323523725012,0.09479232841644958,0.4943621888548897,-0.1458819522382928,0.39179670848212034,-0.2634718557939095,0.0631266058683968,-0.0675530804872988
TACTTGTAGAAAGTGG-D2_Stim,0.12272872861579032,0.07870255930639125,-0.006090967710498774,0.037592721471702006,-0.1481921341843151,0.034657208260449934,-0.1627116719343391,0.02207322070751694
TACTTGTAGCATGGCA-D2_Stim,-0.037144108215430904,0.0892423116076202,-0.042471832149958644,0.07626068679166664,0.03707889783767904,0.11119213433978459,-0.13299739297226942,0.06253976138709127
TACTTGTTCATCACCC-D2_Stim,0.019410731758689792,0.00505077687365052,0.03722094736118642,0.06420846372923705,0.034015787777610385,0.14962317043169016,0.1751123536249075,0.05637540665710716
TAGACCAAGGACCACA-D2_Stim,0.03740228816796609,0.038861240325710256,0.09175509043830843,0.07272918075207002,0.017890627753899935,0.0797003860110106,0.14245439653026892,0.051027321423044114
TAGACCACATATACGC-D2_Stim,-0.01596049092869478,0.033017803384854716,-0.02310819684556442,0.05602298379677961,-0.008755855060208262,-0.04538177895082107,0.3238245001231448,0.038923689363757674
TAGACCAGTGGACGAT-D2_Stim,-0.013994406690848393,0.06543436609122999,-0.03905696584261076,0.029659385962091278,0.057901047135205275,0.02698007059868779,-0.27068797261270205,0.05054152400525069
TAGAGCTCAGCCAGAA-D2_Stim,-0.16040729316008395,0.008635916027568413,-0.12364934836488839,0.07320079089896403,-0.0878769506746675,-0.05036591116946809,0.49284602393651866,0.04616919690801957
TAGAGCTTCCCGGATG-D2_Stim,-0.11179762424755779,0.006810752728947378,-0.26384564784575915,0.12688873930784972,-0.28422973745397684,0.03709966640045792,0.39730350981285056,0.060278298939476116
TAGCCGGAGATCCCAT-D2_Stim,-0.07276672417204644,0.033238225331460924,-0.2422887581110249,0.0388183232199939,-0.32623032888306014,-0.0209140730579076,-0.07544950687324103,0.023016085101033923
TAGCCGGTCGCTAGCG-D2_Stim,-0.05897605164205366,0.051005157969267856,-0.0862899278307756,0.06540357088969984,0.05768426678999461,0.06632516980595327,-0.21428042616678766,0.05104044981502831
TAGGCATGTGTGCCTG-D2_Stim,-0.07063588970770063,0.03508879632231121,0.09647264483328932,-0.03329181809885284,0.1812695553964101,0.11218029000923835,-0.5638609923098734,-0.0009124432838429897
TAGGCATTCGGCGCAT-D2_Stim,-0.009939810800382531,0.017284164603916352,0.1074077529012385,0.01553526760760171,0.05843555352544172,-0.02840297379066392,-0.006881708245817464,0.05550033711199909
TAGTGGTGTCGTCTTC-D2_Stim,0.09364242953140867,0.05996477094097585,0.18854527146705635,0.011008191265593936,0.06828804085675344,-0.12647997809238198,0.06635489757388324,0.030531371761364667
TAGTTGGCAGGCTCAC-D2_Stim,-0.09435050130100642,0.007262206661136972,-0.07224404105676996,-0.05627526357148405,-0.14582125925027434,-0.13370417371626075,-0.20703524160109144,-0.029674570853735815
TAGTTGGTCGGCTACG-D2_Stim,-0.08862137714595697,0.05126754186378868,-0.05593385901883963,-0.002506613895139509,-0.2547124406767054,-0.09782243070061192,-0.05175120926779009,-0.011454452896536793
TATCAGGCATCACCCT-D2_Stim,0.04999148210862181,0.0536709511421698,0.06048760757251692,0.09787488265017963,-0.012328106404149608,0.08952171952517674,0.1698676453083081,0.07055164274936132
TATCTCACACTTCTGC-D2_Stim,0.018126175079469675,0.03881054879298773,0.10865763748702939,0.05382960568131523,0.10732835230769311,0.0334622347925535,0.05906967808684538,0.04059978136915987
TATGCCCAGATATACG-D2_Stim,-0.11010607784523607,0.051056810226947746,0.04382301776823638,-0.026221052966198144,-0.3079860553451894,-0.142723738892661,0.27145757808390236,-0.012164204049032179
TATGCCCAGATGCCTT-D2_Stim,0.03499544032375823,-0.018519616231376546,-0.20039036017748657,0.045664382573065154,-0.26529168279127724,0.05797054061655338,0.005312679777414786,0.01420119157624633
TATGCCCGTCGCGAAA-D2_Stim,-0.06561528333086386,0.02500575201712607,-0.011571896004529236,0.03207152759027743,0.1440062707254821,0.11273947262921702,-0.409882651454069,0.042246705352422254
TATGCCCGTGCTCTTC-D2_Stim,-0.08878283503927875,0.05532034543682407,-0.179745579771315,0.07539530474467426,-0.18906940197075883,0.05018337231377501,-0.17397449820060373,0.08949864665076213
TATTACCGTACGCACC-D2_Stim,0.11569976849577301,0.0724131077435235,0.27178739459770895,-0.00742117168138634,-0.06960926117381128,-0.1263921665763057,0.04096027655072021,0.00399049216529157
TATTACCGTCCGAATT-D2_Stim,-0.04103432645979588,0.07068058033659419,0.13224958966375944,-0.008211482979525897,0.03306161665250684,-0.04458280128168646,-0.02135596957539665,0.0047312225055442525
TATTACCGTGTTGGGA-D2_Stim,-0.14267445027703474,0.00511918769436015,-0.094223534854871,0.045228279254081016,-0.20557082629823675,-0.06709954732527912,0.46519664855297727,0.009160908713628402
TATTACCGTTGCTCCT-D2_Stim,-0.016204521636508318,0.0008305630099041394,-0.0696361345240053,0.007772914843423351,-0.05441841217680121,0.01522913320101793,0.004744652773167601,0.02027853948691849
TATTACCGTTGGTGGA-D2_Stim,-0.16544865397091257,-0.023758544343550625,-0.003574374383880752,-0.04694163667332418,-0.06573352295798074,-0.032959380086122536,-0.6685174646826137,-0.060556484812440914
TCAACGAAGAAACCAT-D2_Stim,-0.059249438029040036,0.03160345387505892,-0.018873476394936972,0.033949587373710344,-0.1372341499104781,-0.03695403042030776,-0.00789137798694206,0.006884515048373174
TCAACGAAGCGTGAAC-D2_Stim,0.010817355309512777,0.07082352766990141,0.36351300729574554,0.007081954580369754,0.2048978954520546,-0.061625750053435624,0.11905191043843111,-0.0068801288159665575
TCAACGAAGGTGCTAG-D2_Stim,-0.05120111896874313,0.006278766884671327,-0.011186534082887611,-0.03528200101062495,0.09567135084012257,-0.01338581166920072,-0.14846025358262338,-0.039364090839741905
TCACAAGAGGGCTTGA-D2_Stim,0.021442443575752534,0.036058721673379424,0.042776735355166906,0.04614719973437431,-0.11098631711597662,0.0022749705138984666,0.05976791539343651,0.036179199507330395
TCACAAGCAGATCTGT-D2_Stim,-0.12197298122008426,-0.06279006526060016,-0.10164229237644129,-0.052838327756667525,0.05088333027194025,-0.06481913009832674,-0.23147628183801672,-0.029084281225811637
TCACAAGCATTTGCCC-D2_Stim,-0.06996279516462067,0.02360250477866721,-0.08857371739103748,0.0948486701832909,-0.2768688817776219,-0.0014324117571096195,0.24011284549752965,0.05178795382416723
TCACGAAAGTAGTGCG-D2_Stim,-0.04507580091535779,0.04041380686001084,-0.07023665074909324,0.015352418271584511,-0.06712523089515265,-0.011779511097600448,-0.2132780368177123,0.0007421582847566555
TCACGAACACCAACCG-D2_Stim,-0.04058128800995853,0.03794892019451801,0.06598972887754506,-0.06624910913263093,-0.06132092567438896,-0.1105100969349202,-0.20551614970092658,-0.015039455102808574
TCACGAATCGCTTGTC-D2_Stim,-0.08627963731547261,-0.01663055267392366,0.032874424888921006,0.006758569319988084,0.11776796420667246,-0.14866419632351402,0.31480578290975636,-0.007056243814449914
TCAGATGCAAAGCGGT-D2_Stim,0.11467851845332788,0.06757695366913907,0.21621006196793502,0.06446512584856734,0.13551569829632726,-0.0482733289106978,0.09887213979096998,0.0394486197004742
TCAGCAACAAGCGAGT-D2_Stim,-0.08988876547378588,-0.0036450108192482844,0.11856089401370973,-0.056003099811267276,0.04276806725077442,-0.23075634775377019,-0.27877084830530663,-0.04073814478595139
TCAGCAACAAGGACTG-D2_Stim,-0.1138646911245651,0.04806040697236824,-0.18787134940590988,-0.027328579764509087,-0.09194225307286175,0.07132630237950366,-0.6560482993636558,-0.018226542506647903
TCAGCAACAGGTCCAC-D2_Stim,0.08669645766700995,0.04194964727301809,0.10334096790385416,0.08018538597974967,0.0618064222667325,0.08756967718744946,0.1473287177414404,0.046697358311229564
TCAGCAAGTCACAAGG-D2_Stim,0.017319551534944466,0.026878007826494965,-0.015138340947290274,0.1165476105036376,-0.10889320710191264,0.15414055319905096,0.26165629125798073,0.06745413557135294
TCAGCAAGTTAAAGAC-D2_Stim,-0.20639103672933068,-0.0020863997080216024,-0.09364817986159757,0.01937287966969059,-0.05386151841807951,-0.06568395289407292,0.3654940660993695,0.015656570553154836
TCAGCAATCTCCAGGG-D2_Stim,-0.06428899049042336,0.00873499555127033,-0.058857501862505046,0.09414805711167773,-0.05371494760900575,0.1398393991197402,0.27951114218260287,0.050305299410942084
TCAGCTCCACGAGAGT-D2_Stim,-0.19642247396043722,-0.07074247208715256,-0.31792581085502647,-0.020690119224312298,0.07562329560114733,-0.009283678235592063,-0.6173617117681189,-0.007372775791974817
TCAGCTCGTCACTTCC-D2_Stim,-0.11948240063938265,-0.006715980841184077,-0.19505454737752714,0.1305952962758017,-0.27166717921480554,0.04537012612281899,-0.18574163880207095,0.09838880115311532
TCAGCTCTCGCCTGAG-D2_Stim,-0.2029625619094908,0.011380710584331766,-0.061831671436685554,-0.043866204316163504,-0.007011502954776816,-0.1420754318069406,0.4154352535633983,-0.031529573096230834
TCAGGATAGCCCGAAA-D2_Stim,-0.07946836051804063,0.0568564420684563,0.2074532183789195,-0.07656905349479004,-0.012247803840029547,-0.2441258463178233,-0.3418679929490933,-0.02171648748025845
TCAGGATTCATCATTC-D2_Stim,0.008250272649352297,0.046180145844793685,0.012491655182961026,0.04882187304697361,-0.1525557367087078,-0.009792865836919518,0.08239942813764767,0.03279567385058435
TCAGGATTCTGCGACG-D2_Stim,-0.16142457053531167,-0.0059839208811762745,-0.294897771051291,0.11805277493147592,-0.09472787078863476,-0.017201374867282127,0.5158378062586113,0.07110580505355912
TCAGGTAAGGACAGAA-D2_Stim,0.057311731379618536,0.08415312443211498,0.1510168567044392,0.011785282650938811,0.0768371270972068,-0.03578285694844041,-0.08189645000123402,0.03614018806404218
TCAGGTAAGTGGTAAT-D2_Stim,0.09379246297321586,0.08472808933516873,0.2765349524160765,0.03304062661745988,0.18001323526729607,-0.056012030345851116,-0.011141033955621715,0.04961876829633738
TCATTACGTTACGTCA-D2_Stim,-0.024047662533263292,-0.03086383423881678,-0.0433132578491815,-0.03566186116894876,-0.0011020528110741168,-0.11275981116142297,-0.17608856741777057,-0.0305728565436425
TCCACACTCCGCATCT-D2_Stim,-0.0006784289278467526,-0.05415746908792762,-0.23863067492895773,0.15629891916696792,0.009093760979652643,0.1320164149147054,0.5089452173043227,0.07769661721798293
TCCACACTCGTTACGA-D2_Stim,0.08040729723853524,0.05724607149808847,0.16684207807320028,0.045854807093542505,0.05104582149868975,0.050055064860238474,0.07839761152567704,0.04919195149868116
TCCCGATCAACTGCTA-D2_Stim,-0.17889126845715886,-0.0027991556067341605,-0.24862744014658844,0.06896066501023235,-0.04049011643022382,-0.010894976533018408,-0.2400842394321998,0.05626851230800689
TCGAGGCGTCCCTTGT-D2_Stim,-0.12307074592050427,-0.00858427030239639,0.058060859899439876,-0.04298849547077488,-0.14670615102066265,-0.10316506485549937,-0.024779267216028522,0.013343595505679318
TCGAGGCGTGTTGGGA-D2_Stim,0.043588605531875046,0.04142544895007383,-0.007252472197119886,0.08812485955947125,0.1284181557432209,0.1148114309145285,0.15506957893681506,0.044498403215875726
TCGAGGCTCGCACTCT-D2_Stim,0.06177553081866094,0.056365400470381744,0.05133314259157906,0.12542083255531722,0.09353202030877661,0.055426271057191556,0.006539319379903041,0.07183229167836558
TCGCGAGCAAACCCAT-D2_Stim,0.013749959783396548,0.07989335127689223,0.09126916094371929,-0.008996892621967234,0.17603586670081128,-0.004680477726013876,0.10007952813621745,0.03831227319553854
TCGCGAGCACCCATTC-D2_Stim,-0.055346354883074156,0.016052670032680183,0.10667366777708231,-0.08128129734411793,0.011911566512608829,-0.16428269770554849,-0.29405793629307464,-0.04585038228117888
TCGCGAGGTTGATTGC-D2_Stim,0.11959865529936486,0.07979387082552769,0.2300656538615531,0.023532791230779893,0.03039360015470116,-0.014631395561645277,0.14101731742405033,0.03978219497943414
TCGCGAGTCCCACTTG-D2_Stim,0.03746941349576005,0.03290687968481265,0.06634703622022009,0.0688898260168358,-0.004680996078823441,-0.015574425627375987,0.13785218228755447,0.04963877331353039
TCGCGTTCAGACGCTC-D2_Stim,0.10462533994357415,0.07118342655749998,0.014790325215038536,0.06836721617247576,0.1337337014537301,0.12615202037794226,-0.1009695836315796,0.03193194449477055
TCGCGTTTCATCGCTC-D2_Stim,0.033983139970569454,0.04228764657824158,-0.07599413455883486,0.13690824000723367,0.10345333673024548,0.25346418508217816,0.1999039054628975,0.09912854995232045
TCGGGACAGTTGTCGT-D2_Stim,-0.024952926984669332,0.04436124978712641,0.11559225500809234,0.045216412933633876,0.10316102922507397,-0.12487205384021571,0.3088180923750059,0.013087263406296401
TCGGGACTCACAACGT-D2_Stim,0.09364632922322436,0.07431758800432142,-0.003951879722077223,0.037986173551983526,-0.07988883147894654,-0.02653219961385922,0.00643964135325259,0.014932637195144594
TCGGGACTCGTGGGAA-D2_Stim,-0.09601235207108694,0.042072209207479005,-0.016145484779265473,-0.02873179203204934,0.080281215644046,0.045808363333369684,-0.182035850379469,0.0018048951868863128
TCGGTAAGTACATGTC-D2_Stim,-0.07277365544027248,-0.007017300829268436,-0.13093536212799517,0.11442044582133626,-0.017664161130472422,-0.009236266294017526,0.3874285058726379,0.05384187155065234
TCGTACCAGCTGCAAG-D2_Stim,-0.047191730928473063,0.03439986072727663,0.01858679114752526,0.0013806363806025956,-0.27087753593824004,-0.0257549247523432,-0.4189940295410537,0.001709625258877523
TCGTACCCACAAGACG-D2_Stim,-0.11085396794360314,0.055106107158946926,0.24481605637053683,-0.050403256601223134,0.11433143007682212,-0.14478938198499058,0.0352792129010604,-0.01489282870045372
TCGTACCCAGGAATGC-D2_Stim,-0.140090495197013,0.013600737747658798,-0.2107409043126367,0.14475350677481735,-0.07057729011176939,0.053269923667143004,0.45021795989968183,0.07083776969118283
TCGTAGAAGACAGACC-D2_Stim,-0.023855190331378395,0.03017761448245615,0.026526312174247835,0.042746060223024074,-0.1377903577769235,-0.031093000285656203,0.07797050518480209,0.018546560014566893
TCGTAGATCCGCAGTG-D2_Stim,-0.08812333615821366,-0.0377147047401305,0.09447370616392625,-0.13319409531130866,0.11693586300464531,-0.21366756687868005,-0.19500020552256725,-0.054290297190865644
TCTATTGAGCCTATGT-D2_Stim,-0.19260809689821023,-0.08882790117900541,-0.016913142499261014,-0.1284188026564781,0.1248320669277021,-0.12620705549022482,-0.57556217494459,-0.0858281195304631
TCTATTGAGGGAACGG-D2_Stim,-0.05870498831315096,0.016242801006200125,0.07489480530585801,0.012806738574095533,-0.05632450248801035,-0.14765265261971372,0.37275122371034364,-0.014330352546069847
TCTATTGCAAGTACCT-D2_Stim,-0.13116663291327946,-0.023767958187514537,-0.048372839280407476,-0.07871309033615859,-0.1588671846002665,-0.0701106712892603,-0.20383596158130413,-0.019027630192148592
TCTATTGGTCGCGAAA-D2_Stim,0.013710165834213583,0.038737845339403165,0.14453567451789517,0.07541811333790172,0.11542653197295571,-0.06313917954476089,0.21433327392584367,0.04092540852491133
TCTATTGGTGGTTTCA-D2_Stim,-0.07938755792334007,-0.004007112722799633,-0.026407683178149455,0.08699169063593182,0.10778028145785079,0.02716155345239457,0.539685961523511,0.11910749570218293
TCTCATACAATGAAAC-D2_Stim,-0.04623203448569413,0.05963533869980964,0.06584472371313232,0.04366428946335077,-0.02894511113206022,-0.041353924570186607,-0.014767637695131342,-0.0015603190030955005
TCTCATACATCCCACT-D2_Stim,-0.15610322739341953,0.013285881995994231,-0.1542303765102453,0.06605935017029374,-0.055120377318786495,-0.028864029538503644,-0.4886798336143521,0.027481855462641036
TCTCATATCATCGATG-D2_Stim,-0.04189042301138812,-0.01830722027045084,0.01564382368749051,0.014720697043694386,-0.08586081281939784,-0.032248275126542936,0.004258844015755159,-0.008355172689284984
TCTCTAAGTGCCTGGT-D2_Stim,0.040214580181460846,0.06968920088000452,0.07477943661952047,-0.022482211370732585,0.08249183871219579,-0.11489204039868106,-0.13463484219812738,0.011825784006367357
TCTCTAATCACTATTC-D2_Stim,-0.02602451855847754,0.023988787006176793,0.016432507721454215,0.01956212757605691,-0.04247457283600653,-0.03761293878727123,0.08159679337883752,0.012843726582699944
TCTCTAATCGTGGGAA-D2_Stim,0.08438963489734341,0.056355517303382285,0.16382216892133172,0.07179099342866202,0.0988251477532689,0.07294621697347736,0.19908751152241777,0.07134608266712661
TCTCTAATCTGGCGAC-D2_Stim,0.009907240812486506,0.04692360879317725,0.23495573974172856,0.05258635239051124,0.0373125613324099,-0.021508649262630186,0.1261514271570645,0.03600757346369221
TCTGAGACAGGGAGAG-D2_Stim,-0.11603822872277902,0.01049960918797943,-0.13864218419427754,0.03373080850795773,-0.01384439343437549,0.031188932335913577,-0.16457643878922212,0.08219913525102918
TCTGAGACAGTCAGAG-D2_Stim,-0.08334372757228437,-0.0038819014927966577,-0.08967524086857281,0.040481163595970315,-0.04857903609811309,-0.026719428276972934,0.32171856386955966,0.002575617742675007
TCTGAGAGTTGAGGTG-D2_Stim,-0.1658464827998074,-0.01897509633518446,-0.1942760533563428,0.07127176516865497,-0.021077647802169253,-0.1271908066042684,0.3869534337827396,0.024180603793489297
TCTGGAACAATCCAAC-D2_Stim,-0.12926341557493437,0.02304938614243568,-0.19513575073462253,0.1489032434539368,-0.14455952654362036,0.13046404148001578,0.22156416209509544,0.11149231551437211
TCTTCGGCACCCATGG-D2_Stim,-0.1795157440028099,6.531906126383547e-05,-0.0747473384136157,0.01727089291262729,-0.004719925771890843,-0.10782103169812629,0.4675837069097124,-0.022787307990430605
TCTTCGGTCCATTCTA-D2_Stim,-0.10758339657548355,0.049719112648389796,-0.319566828517889,0.19838157100292975,-0.10372435176258321,0.13781084640024766,0.5983834254651992,0.09732308014199198
TCTTCGGTCCTTAATC-D2_Stim,-0.06546945539617788,-0.005693834065876757,-0.10901799166949822,0.03611184546466362,-0.02574901669427554,-0.04060367544365029,0.18762213612412815,0.016931568056449464
TCTTCGGTCTCCCTGA-D2_Stim,-0.06329696548601937,0.02484998896572499,-0.04593479917772836,-0.04263042307663767,0.19184280705726486,-0.0010151657413022264,-0.5449314679651316,-0.034134701385072574
TCTTTCCAGGCAGTCA-D2_Stim,-0.1524233970649309,0.017165538032639205,-0.22439474924592506,0.07993682006118341,-0.10771574390423488,0.026978633652312567,-0.3985521846735338,0.06143700767061233
TGAAAGAGTCAGAAGC-D2_Stim,0.059264899844452046,0.0370458458564773,-0.02460608344958537,-0.04607098002908039,-0.06661263939156825,0.018791264838608157,-0.7208685615557453,-0.053470231304611815
TGACAACAGCGGCTTC-D2_Stim,-0.06570580969464146,-0.009513651321585215,0.030946005293307266,-0.04221832062240338,-0.2695338258286597,-0.10724094634577241,-0.03960404893516589,-0.028118445519998758
TGACAACCATATACCG-D2_Stim,-0.03345535321373205,0.04847042064153584,-0.15830491535051294,0.045760870098362716,-0.1893364439873455,-0.06335886742880525,-0.01337309474063808,-0.011260305091633782
TGACAACCATCACCCT-D2_Stim,0.07286247671760826,0.13546093139834348,0.011621133406809925,0.10888301582861715,0.07182112754474979,0.13117159561135416,-0.4340072811676272,0.05834069391588059
TGACAACTCACAAACC-D2_Stim,-0.1478167101124015,-0.022175975805325265,-0.22505630731604676,0.07119078473445128,-0.02531775449573459,-0.03926597957344846,0.46787939168013004,0.015773334151536034
TGACGGCAGCTCCCAG-D2_Stim,-0.14688479527575815,0.018186475845583416,-0.1867713240762905,0.09359142761617179,-0.1441028589932234,0.03296626526806179,-0.057199713819997555,0.07172116695080888
TGACGGCCAGCTGGCT-D2_Stim,-0.08277481557481359,0.00796440149305333,-0.2818856823996434,0.00932437220964566,-0.040201854685927074,0.0260476655496511,-0.45704522376902723,-0.03716235757915953
TGACGGCTCGGCTTGG-D2_Stim,-0.058346270237148445,0.01439738411841951,-0.10810655753461518,0.15684005892992303,0.03487731947866912,0.09295012045131656,0.2531339225341984,0.08982818122118097
TGACGGCTCTCCGGTT-D2_Stim,-0.0562365310642452,0.042833587908887694,0.028468471435603604,0.02496970642031293,-0.19713349111311018,-0.04238153134558331,0.15802683455020006,0.040390289740896534
TGACTAGCAATGGTCT-D2_Stim,-0.11892220741735393,0.03390936017986057,0.14244090138876686,-0.13933148439833865,0.4301388518736946,-0.06165661156697588,-0.05322039862460137,-0.06678307992840615
TGACTAGTCACCCTCA-D2_Stim,-0.16638938196801334,0.017387927071307985,-0.13373959827675108,0.0768683300972377,0.06461514831532078,-0.026582707574679176,0.29006343509901455,0.041827375990624915
TGACTTTAGGCTATCT-D2_Stim,-0.10318099882013954,-0.01704204661262132,-0.15107523418861746,-0.046267375837214075,0.1008660894054696,-0.013105154773214167,-0.3481353854516023,0.0019818265597049134
TGACTTTAGTGGTCCC-D2_Stim,-0.10439450789963978,-0.00770681692850772,-0.14307553265493134,-0.01826751531618065,-0.07656295810440028,-0.10046644895662915,-0.1084107263341556,-0.014683723804697735
TGACTTTGTCACAAGG-D2_Stim,-0.014604126041501075,0.0207447275848871,0.042690553762611216,0.09362511955496622,0.0444772347764939,0.1318296419299383,0.2160533393872397,0.06867449261589975
TGACTTTGTCTCACCT-D2_Stim,0.0007072487382107084,0.039247010481039624,0.07935728103914741,0.02606713995235488,0.08280987687862584,0.0020236079484892144,0.10335704367257126,0.05459662741802873
TGACTTTTCTGCTGCT-D2_Stim,0.20801924614039358,0.06039027880055592,0.33098194776305156,0.02840489894864895,0.28210395592988036,-0.004938108618658177,-0.004642270520456293,0.032815143892221954
TGAGCATTCTGGTTCC-D2_Stim,0.025603533620254026,0.05846911414101896,0.012270899397420543,0.013239426525535336,0.035679519800774884,0.05603565463499294,-0.20168582382276767,-0.004426580107072198
TGAGCCGCACCGGAAA-D2_Stim,-0.15250287181789624,0.0002946033984638774,-0.18255055665786912,0.10886303016029508,-0.05895827290934186,0.025950553358669026,0.5575106384737385,0.03046830263203404
TGAGCCGGTTGATTGC-D2_Stim,0.062079493434879396,0.04155822438762691,0.06870603228206562,0.08395546257587938,-0.09635881335267449,0.11432316088786898,0.12089257458606895,0.06297702757189327
TGAGGGAAGTACGTTC-D2_Stim,-0.062234000485313246,0.04202573777446261,0.2280229776054128,-0.005544000291855866,0.11131926208368625,-0.20330443647091023,0.13338569796491662,-0.008874906419897854
TGAGGGACAGGTGCCT-D2_Stim,-0.06728358101290866,0.026931602647270125,-0.119219888283979,-0.008956485168182482,0.10488423275645964,0.06002523254801062,-0.3480424444472163,0.03923376790601374
TGATTTCAGAAAGTGG-D2_Stim,-0.13196539723643497,-0.021097904358629904,0.015893404864002036,-0.04936381257497935,-0.04945980382036019,-0.1755829974103058,-0.7758580816859979,-0.029309759310757855
TGATTTCAGGCGTACA-D2_Stim,0.07728939306582916,0.034229432338957366,0.04945035097495243,0.057635692258184434,-0.021221290003529347,0.02911309739285528,0.08860864531519663,0.05471466621094834
TGCACCTAGGGCATGT-D2_Stim,-0.08725277800751385,-0.009016399015655097,0.11595076610484689,-0.05741178136849179,-0.059393477117129834,-0.20839265546266894,-0.16131562410041056,-0.028630394419691285
TGCACCTCACTAAGTC-D2_Stim,-0.08606582619822234,-0.020160049953664938,-0.0795384173331577,-0.0589432273398085,0.09788154794729031,-0.021123983784708145,-0.5189552306385004,-0.038401312150554645
TGCACCTCATCCTAGA-D2_Stim,-0.01811832464312424,0.05716346470832434,0.20921925250858742,-0.07300561034344177,-0.057741466359523486,-0.18269330716565868,-0.20468448580640253,-0.02356526011525162
TGCCAAACAAGAGTCG-D2_Stim,-0.05245813648740061,0.058146056491183984,0.1573249300752444,-0.02568640132499489,-0.14780604043640366,-0.16157808416659947,-0.0716546867925647,-0.011448443664773933
TGCCAAACATTCCTGC-D2_Stim,0.07356473987515066,0.06169458049967602,0.1209298602806328,0.08924959552064848,0.0882701994351951,0.058198489961514,0.06454372470275338,0.06282856528622638
TGCCAAATCAGTACGT-D2_Stim,-0.09337828290832917,0.04046156336235818,-0.10649194635901615,0.12772005286868904,-0.08575771299291546,0.053134387000085326,0.0005772802713739367,0.09086742843216555
TGCCCATAGGTGCAAC-D2_Stim,0.015486211543789707,-0.002084654208012182,0.02924310649053119,0.05573605838428186,0.009339411616476667,-0.10533980031701162,0.1043610791596965,0.008524640221391877
TGCCCATGTTACAGAA-D2_Stim,-0.10673227647582628,-0.026260879728434716,-0.21815045697382018,0.10067158965237155,-0.21599603580694016,0.061740238726137875,0.6097815892633864,0.06407061410170733
TGCCCATTCTCCAGGG-D2_Stim,-0.0812381818385095,0.046665668576091335,-0.0699412156534116,-0.024040918797423316,-0.15425899933753406,-0.10821170982283057,-0.12659759282297234,-0.016341365492026583
TGCCCTAAGTCAAGGC-D2_Stim,-0.04392816696286417,0.06004680087791492,0.16183315546189903,0.033641127129337534,-0.037542640970967156,-0.031155861961366327,0.06284479132960108,0.03138772651514188
TGCCCTACAACAACCT-D2_Stim,-0.01360517770119074,0.020820964392177288,-0.05535133030958228,0.037895753933936405,0.0004156906164229923,0.012857676394540718,0.08327415320571507,0.03575085955728596
TGCCCTATCAAGATCC-D2_Stim,-0.07033880364917522,0.02167767140492316,-0.09679809893169278,0.11745351072270971,0.016363946130875107,0.11085708375079228,0.3165751051045005,0.07135016539770334
TGCCCTATCGCCAGCA-D2_Stim,0.029799287494542526,0.027762264897578603,0.014936227999928775,0.07560932196632564,0.07105016042888224,0.13402527480574022,0.1379366583138948,0.04363986871463155
TGCGCAGAGCGAGAAA-D2_Stim,0.07122561874078315,0.12649609262456174,0.07006101565313028,0.10672055793745905,0.11246082021552972,0.24869360526871098,-0.5212377158329797,0.04701023312281194
TGCGCAGCACTGCCAG-D2_Stim,0.046461432843786454,0.09520742823935535,0.13014489825681252,0.06861194995300934,0.1461429735123545,-0.02363021364990381,0.029474233661420435,0.05571956691687596
TGCGCAGCAGGGTATG-D2_Stim,-0.11818236346227806,0.02714052952604007,0.1629567451217433,-0.10609790253824691,0.0464523778919812,-0.28901449847575655,-0.3678717681361592,-0.05698186424741358
TGCGGGTTCAACGCTA-D2_Stim,-0.1934815916283963,-0.08838192421014135,-0.16083206188506338,-0.05062522565160954,-0.023433985641249322,-0.14043757079563868,-0.5684694246530881,-0.035293230820318655
TGCGGGTTCCGCATAA-D2_Stim,-0.177339231960163,-0.08306793276822333,-0.07787191929586346,-0.08350739078892389,0.10297784047145164,-0.09697988972335381,-0.31005196734298224,-0.04353176357131616
TGCGGGTTCGCTTAGA-D2_Stim,-0.109745336422856,0.006602319977698556,-0.10211672780743974,0.08713443345343386,-0.1897232379519167,0.060100229754636914,0.1931814034529138,0.05646924619257021
TGCTACCAGGTTCCTA-D2_Stim,-0.128204851837058,-0.028016846869528322,-0.2225068780365973,0.06500978009997738,-0.09738781332056057,0.006663820630841144,0.36454732138419743,0.009076955162422351
TGCTACCCAGCTGCTG-D2_Stim,-0.08591137173187136,0.027994543729318977,0.03571121380575093,0.07362756546404547,-0.1809775116526282,-0.0626910788946482,0.42471591810026155,0.04993032277941367
TGCTACCGTAAACACA-D2_Stim,-0.00818955314564107,0.03886031744628582,-0.0521131279737741,0.12418261257658436,0.057157254855733086,0.15141496659332887,0.24918270220078576,0.07676476359748108
TGCTACCGTCCGTCAG-D2_Stim,-0.06519621182553159,-0.01581874421925633,-0.1290860878350779,-0.05497510780217496,0.11147411144531993,-0.011126307806142322,-0.4207372173456143,-0.014669430149073293
TGCTACCTCGTCCAGG-D2_Stim,0.10658674843207372,0.05174979365494714,0.0910377289674944,0.05782420347765971,0.15709949738148055,0.043844015274961734,0.0447897117008349,0.054536354365300355
TGCTGCTAGATCGATA-D2_Stim,-0.03604464440609867,0.02300244040555377,0.04371929728582202,0.05336794132628597,0.02335073068335447,0.08642553727501756,0.0829916882241255,0.014796759869977194
TGGACGCAGGCTCTTA-D2_Stim,-0.1472812690230345,-0.012340459560203243,-0.1135469080292335,0.043317100175753964,-0.003924115755401303,-0.06419339626698495,0.4421626618329153,0.0025377823331407257
TGGACGCCATATGAGA-D2_Stim,-0.15526640966702665,0.018271456984722434,-0.2298286093597497,0.09569942802382414,-0.01524256985403838,0.04954746045469349,0.34283325511641927,0.06828750713680343
TGGACGCGTACCGAGA-D2_Stim,-0.10972257896860249,0.030652869119100146,-0.10668526083974506,0.08584842801448112,-0.21510029974428235,0.04278696322520581,0.12826158548873678,0.04712976771845234
TGGACGCGTATGAAAC-D2_Stim,0.05039215045716183,0.07566347204218538,0.06984141225996865,0.05118082732960616,0.043376561107923095,0.05261907166086388,0.0240070859839685,0.04848813309294364
TGGACGCTCCATGCTC-D2_Stim,0.05414427006286893,0.054105134679408806,0.12860754804240138,0.04347912038743651,0.1266998189087989,0.014630060291530356,-0.10062212850334884,0.04648961913558658
TGGACGCTCCGAATGT-D2_Stim,0.08011383344400258,0.04824393220481049,0.07164713190402239,0.06328715585934219,0.08968319054433493,0.037806493980504285,0.14583590875654817,0.04716602526695013
TGGACGCTCCTTTCTC-D2_Stim,-0.1438948344071278,0.029605253015839494,-0.22911841750276718,0.11819840463140174,-0.16810487493307313,0.05022466644435397,-0.19640139809249568,0.09923070988428506
TGGCGCAGTACGAAAT-D2_Stim,-0.013342518600783393,0.05280814727194105,-0.07349205776746981,0.08025323154241093,-0.02148046412168725,0.11134688435415896,-0.19788643745698664,0.033297448391230944
TGGCGCAGTGCGAAAC-D2_Stim,0.03023491816499302,0.08484219916569735,0.14716062270639263,0.012665045734912894,-0.14133768245446987,-0.06084809991303075,-0.013680122741371648,0.03191720290676692
TGGCGCATCAGCAACT-D2_Stim,-0.2050010555440398,-0.08294774693505502,-0.2108826906376846,-0.08192805483323795,0.10345729384803093,-0.12500040864323303,-0.4066307976410677,-0.05376698548052872
TGGCTGGCACGTTGGC-D2_Stim,0.011930039822573235,0.08130434264904984,0.20377550006026368,-0.002175905090187058,-0.09573663516629516,-0.04790509132606324,0.07741407644033949,0.0065411150698277964
TGGCTGGGTCCAGTTA-D2_Stim,-0.10986040170124234,0.04563515890870207,0.274326006446012,-0.13411400999073386,0.26837382701049606,-0.15585292065133594,-0.15324832826877088,-0.06027851532823014
TGGCTGGTCTCGTATT-D2_Stim,-0.17766922468682012,-0.06611302683528386,-0.24451797631497207,-0.05864145824746281,0.04759659748785339,-0.08735083191716164,-0.4566438295304458,-0.017933500053375795
TGGGAAGAGATGTGGC-D2_Stim,-0.042122661231550396,0.03962547323950716,0.13718084088716687,0.09518581771955859,0.12630726392380254,-0.014771526599776763,0.25354483763231084,0.056626190367181195
TGGGAAGAGCCAGAAC-D2_Stim,-0.0789375457823489,0.022141113271096913,-0.013721499176454266,0.015036414889744165,0.13655733508650414,0.06823189759885828,-0.3381870657607777,0.05132536790385167
TGGGAAGGTCCGTGAC-D2_Stim,-0.013205172738629756,0.018763927173109707,0.17830706887571068,0.045853555845189575,0.17486915538643188,-0.03634956642612863,0.32885290634952824,0.07251201318096889
TGGGAAGTCTCGTTTA-D2_Stim,-0.19572015121897302,-0.014263291538984646,-0.039350542819387435,0.004762316028910973,-0.02244658740663219,-0.08680839988659628,0.37408055391989414,-0.031016462430532243
TGGGCGTCAAAGCGGT-D2_Stim,0.08686994939992587,0.049043529825164356,0.11080429283305548,0.06650078187619712,0.07313755267012745,-0.010720279739331318,0.1304277479434779,0.046934521377004046
TGGGCGTCACAGCCCA-D2_Stim,0.00911394803265786,0.04891650519846813,0.04187141986335874,0.06957960636109384,-0.15142752043489338,0.052999471509899365,0.06778362004360794,0.04958023710707771
TGGTTAGCAAAGAATC-D2_Stim,-0.0852705243380143,0.053129052997269,0.09727962608564766,-0.06316583190975145,-0.23534225752483273,-0.24673336446375416,0.40105195122082815,-0.012742765397652178
TGGTTCCAGCGTGAGT-D2_Stim,-0.19088938885330364,-0.032085758261011676,-0.04867855363382301,0.03768980285827439,0.03848991631873133,-0.24381563276201312,0.26183196260063113,-0.0022810401466273333
TGGTTCCCAAGCCCAC-D2_Stim,0.018414860313352932,0.019382233282826178,-0.008181800894586644,0.04991779703985699,0.028655249834855567,-0.10799073734935227,0.23073157175689918,0.026513910997746137
TGGTTCCCATTGCGGC-D2_Stim,0.05638773777713446,0.04837681854481524,0.14678706740255265,0.05600190048270015,-0.05838312246367039,0.03848122279670463,0.07693354003560415,0.044690394125222355
TGGTTCCGTGCTCTTC-D2_Stim,0.1051898728082552,0.02162001271199543,-0.0399541003746986,0.0983179930149376,-0.001308287074836656,0.08754291785375301,0.18198076853336698,0.06766571209130845
TGGTTCCTCACGCATA-D2_Stim,-0.1817261880045642,-0.05611127788084502,-0.26250774023926216,0.02656230108103763,0.07370243784324693,0.06391530295574022,-0.006347311776629283,0.06390770906168797
TGTATTCGTTGTGGAG-D2_Stim,0.11268455958653156,0.03439625556088366,0.10863605211269167,0.023464603289005126,-0.059505031757529636,0.0058389736939741255,0.008665067726859377,0.02565364458887842
TGTCCCAGTCACACGC-D2_Stim,0.09459760487878022,0.07944056868162264,0.0915596639232028,0.06517769628542958,0.05547196923928155,0.05555151683720716,0.0794726031953843,0.04535069702738248
TGTGGTAAGATCCGAG-D2_Stim,-0.019361332501322437,0.013133679745452653,-0.012040504106908045,-0.014265182602033022,-0.10808773764891733,-0.08656509510030119,-0.02106194085114943,-0.01933872487678201
TGTGGTACACGTTGGC-D2_Stim,0.12430486338454116,0.05062319828703821,0.10676268106676456,0.049459566506719455,0.17721215945710433,-0.18926280554821773,0.06642263952658922,-0.0009781932520755987
TGTGGTAGTCTCTTTA-D2_Stim,-0.055944253967219026,0.03919065209479733,0.12211721649928187,-0.04978654893375456,0.11148402691805792,-0.23899123525910504,-0.009210674841695798,-0.01960925761954435
TGTGTTTTCAGTACGT-D2_Stim,-0.21799806153540047,-5.97441641350116e-05,-0.30257543228503714,0.13540789908645046,-0.1509644861214241,-0.03274869314495277,0.6240374656885166,0.06218174917596819
TGTTCCGGTTGTGGCC-D2_Stim,-0.012565305791209624,0.0024472199271539097,0.010390106138157051,-0.056458718562593546,-0.02775470366416144,-0.082973081776748,-0.11514117950472169,-0.03291765192952312
TGTTCCGTCATGTAGC-D2_Stim,-0.19818748995152724,-0.0007953331008572206,-0.1119932954580598,0.0641235244537608,-0.02745203149262032,-0.034002634244265195,0.43312444250590687,0.014177629000045044
TTAACTCCAATGAAAC-D2_Stim,0.056976182285671584,0.02236882192568146,-0.09436203742063398,0.042529082996122014,0.009713764630259192,-0.06058460473427019,0.19947776439815534,0.009308960673337197
TTAACTCCAGGGATTG-D2_Stim,0.020741293847551745,0.0984806488169152,-0.009618224668027864,0.08498401666996713,0.10872359571169454,0.1951693833166388,-0.4830991688953805,0.05506309589995517
TTAACTCGTCTGCCAG-D2_Stim,-0.12378172603859383,-0.011085727867659045,-0.17366983921196777,0.033355279860904474,-0.052344567313991064,0.0425158887206063,0.28502756748765634,0.023668329023994517
TTAACTCTCCGTTGCT-D2_Stim,-0.05736169464972285,0.030894930800615228,0.09975248337044285,0.14419810912887776,0.09185660332581413,0.04418624668459614,0.3132952778091118,0.06757744600258242
TTAGGACAGCGATCCC-D2_Stim,0.08623628198927058,0.03595121875675211,0.032145542019483386,-0.013302893056014398,-0.05818072898748561,-0.10685655906904934,-0.042977413115258045,-0.007933935536780012
TTAGGACCATTCCTGC-D2_Stim,-0.1074418110615305,0.06736925504388402,-0.19576914326673567,0.10580718530264477,-0.21640195458909162,0.09505266738996987,-0.26094970151435604,0.07091837216874985
TTAGGCATCAGTGCAT-D2_Stim,-0.01622273619692116,0.014322679557821516,0.3073300885703443,0.03302273869097405,-0.01954431780779764,-0.12923735664853453,-0.021760884932573887,0.03876747763610844
TTAGGCATCATGCATG-D2_Stim,0.058239538021085835,0.10364097513429904,0.010265113685019145,0.018710192727150243,0.026103116845222374,-0.09461176064780297,-0.06395022427503516,0.007484352443150044
TTAGGCATCATTGCCC-D2_Stim,-0.05331333585480813,0.09389459184673044,0.1829380523543911,-0.021176168919716076,-0.01711505608825803,-0.17375856399202583,0.010674616215500699,0.011246929041249132
TTAGTTCGTGTTGGGA-D2_Stim,0.017495333315423522,0.007000586850107737,-0.07512952297420661,0.12783156462506362,0.05478684594769412,0.2106751362722452,0.2382044621877304,0.07583669346924182
TTAGTTCTCCGTTGTC-D2_Stim,-0.13969045365106147,0.07310631748149987,0.14171159193243277,-0.07154081884676167,-0.15472429858234626,-0.1765566426248384,0.12585196528015885,-0.08194030991216117
TTATGCTCAGACTCGC-D2_Stim,0.058353075260296094,0.04519696824714359,0.05281999824678252,0.09584431569844654,0.05149415174745009,-0.011400012859571262,0.07137998294046,0.0386991738765321
TTATGCTCATCCGTGG-D2_Stim,-0.15388427378788272,-0.08431285175913494,-0.25978033630735275,0.14037034877182997,-0.1339959638087329,0.03393930607877138,1.0907420680925508,0.014295136818805787
TTATGCTGTGTGGTTT-D2_Stim,-0.12582184686507247,-0.002766779281817122,0.05903891201144962,-0.06793433854849873,0.09621847771395409,-0.08170992593034043,0.23490987338187175,-0.06662487207251999
TTATGCTTCACTCCTG-D2_Stim,-0.08111659996272813,-0.006143268927569778,0.06396684552014165,-0.014255870113993652,-0.08606443982507805,-0.11481416310589054,0.2414147500601942,-0.05033906532550958
TTCCCAGAGAGTTGGC-D2_Stim,0.07471530765521273,0.055842332376398574,-0.03889650464724248,0.039328617474383876,0.11480423545430618,0.20792469912969302,-0.14000767746027343,0.01813221665262965
TTCCCAGAGTCCGGTC-D2_Stim,-0.04592414465875194,0.026966069029141337,-0.09682450629134465,0.04508561056411331,-0.23271422713311196,0.025445598343759812,-0.23137200557500215,0.03120635228071933
TTCCCAGGTTGATTGC-D2_Stim,0.04636448971779039,0.03690009999180788,0.04791819531239305,-0.003770589449448636,-0.13800407629142697,-0.002782130538705019,0.05583475776348834,-0.006607150003556939
TTCGAAGTCTGCGTAA-D2_Stim,-0.12250726276284496,-0.01632425247270497,-0.3671365931171646,0.12045677191401971,-0.18845347172977434,0.00019513088745171103,0.5064215844966657,0.03673828684044622
TTCGGTCAGTGTGGCA-D2_Stim,-0.127572493529442,0.01964728872276922,-0.17532747623680933,0.026418996192202115,-0.12015352545818203,-0.037096500758527995,-0.23985808552542665,-0.007019466540773678
TTCGGTCCAGGAATCG-D2_Stim,-0.028650272180572145,0.02798548812918611,0.5781084142051736,-0.017277598599960697,0.5654536174625271,-0.27518781104267553,0.19711913831051397,-0.04300665017576044
TTCTACAAGCTAAGAT-D2_Stim,-0.07766981693896113,0.022311259655142024,0.031324849230044194,0.07579842361308664,0.008869559033776397,0.09575133072582886,0.387550580520454,0.038816492006585435
TTCTACACAGGTCCAC-D2_Stim,0.051250152419042294,0.055877275105638446,0.06427704767109077,0.02522196871241711,0.08267664159490984,0.026024870467692196,0.025259403719238627,0.06076469925365835
TTCTACAGTCCGAAGA-D2_Stim,0.018876741639973105,0.07955772947577877,0.05376608252188397,-0.09247775586676887,-0.0003655372316409,-0.10833459353844077,-0.2506236877495036,-0.024777325672499018
TTCTACAGTGCTTCTC-D2_Stim,-0.028448068127467252,-0.008771411307492372,0.027509438695123123,-0.02935488743041148,0.03829263675183725,-0.052388269584453084,-0.023773458206241216,-0.01577745563638544
TTCTACATCACCATAG-D2_Stim,-0.11622807259960588,-0.001050114952739989,-0.10497480499557188,0.0464604542351541,-0.06009880392241307,-0.06260469273551195,0.30823241574487525,0.020759775292059857
TTCTCAAAGTCGAGTG-D2_Stim,-0.09404521103736485,0.012868639807072313,0.004404772225994336,-0.09932975652952436,0.16313603661957998,-0.0008857860892419467,-0.02305222989982525,-0.04774492445695344
TTCTCAACAGTAGAGC-D2_Stim,0.07470443278053551,0.03492375622687938,0.0013324066673199297,-0.04233066752312098,-0.2672684265996015,-0.01678369139920477,-0.4272242217434883,-0.010287468266161781
TTCTCCTAGATAGTCA-D2_Stim,-0.050656944030398776,0.022429949320763143,-0.0420263255087896,0.13000755573795608,0.23211745301825637,0.22809550042831717,0.1522753196014559,0.05172126348647588
TTCTTAGAGCGATAGC-D2_Stim,-0.056409756743166284,0.029574325230630194,-0.12825577807125654,0.04453288685638768,0.04715054161124499,-0.03855888475260194,0.21131449830197901,0.018746621394951646
TTCTTAGCATCTGGTA-D2_Stim,-0.04009343021959566,0.0238687069705108,0.0030048341840878123,0.058680442970372226,-0.02158253415998601,-0.09883527348713805,0.33301523721743287,0.021354862517339868
TTCTTAGGTTCTGGTA-D2_Stim,-0.1452408400350258,-0.06698636852227224,-0.1628689916456878,-0.07369480522213223,0.02838384104692615,-0.06452469794486326,-0.18950132868922154,-0.03545639765477482
TTCTTAGTCTGGCGTG-D2_Stim,0.02358587267917045,0.04276127671573349,0.12495482814389725,0.1397323590659827,0.1999555513882818,0.07798316584626441,0.25150963500130086,0.03573583971518879
TTGAACGAGCATCATC-D2_Stim,-0.07732496310146608,0.08492167330480527,0.1096825465798279,-0.08871800410160269,-0.14615488835494084,-0.2170597563732013,-0.047571378316073165,-0.06292950602729164
TTGAACGCAAGCTGAG-D2_Stim,-0.07397812447094765,-0.015645278146536157,0.13169379262653536,0.006034062277523233,-0.012512098142316574,-0.1426595461661595,-0.15311530398899809,-0.02752290214536046
TTGAACGGTATGGTTC-D2_Stim,0.23612675945285133,0.11717328583475428,0.13112875778126565,0.0680836992477829,-0.16583293012936196,0.07546853745382975,0.04947862080156007,0.06775883058193877
TTGAACGTCGGTCCGA-D2_Stim,-0.14686868326127112,-0.05363092580829765,-0.12859580122137348,-0.04006836501875988,0.102211297821313,-0.03988686261567764,-0.5329407570825246,-0.03487774011755995
TTGACTTAGCTAAACA-D2_Stim,-0.020189117928678613,0.038347307744016845,-0.2827639866358904,0.10000468573656995,-0.46293633730810946,0.05697839059437548,0.213905936002039,0.020349248012806243
TTGACTTGTATATGAG-D2_Stim,-0.10681801228902188,0.015303711082086835,-0.09802203063946457,-0.009281561335242827,-0.09542406627580391,-0.09899246443673704,-0.04173784541092207,-0.0015980292410571195
TTGACTTTCCAGTATG-D2_Stim,-0.09841185711971612,0.01766956098182426,-0.15229320116001333,0.009982225412686674,-0.1354152546376639,-0.09742642613382735,-0.2095717716713983,-0.001142970265830101
TTGCCGTGTCGCGAAA-D2_Stim,0.041195770642204366,-0.027902564048703837,-0.06638117494574836,0.026615427996947716,-0.16909915289357258,0.03261429716198094,0.032941740505416206,0.009595573489923126
TTGCCGTTCCTTTCGG-D2_Stim,0.04933576881646573,0.016446823907479313,-0.04180342457663322,0.1751486729939593,0.16923252246002995,0.21376414522521436,0.28561002565032645,0.0872953428262484
TTGCCGTTCTGGCGTG-D2_Stim,0.021537438079368698,0.10361150224830595,-0.07026794562585614,0.07758939420529742,0.09331754222224653,0.13049564619847231,-0.1639210298505489,0.06927801515242749
TTGGAACAGTTAACGA-D2_Stim,0.02322641796848579,0.022975115123790246,-0.0037495434256182847,0.08721399661264329,-0.040557996689420506,0.12581961799623897,0.24552310073146266,0.061070865085868675
TTGGAACGTCTGCCAG-D2_Stim,-0.04841227548975091,0.003738949942016845,0.0028568327475824162,0.05025109695583119,0.05393871348997514,0.04024621974095233,0.167559588791387,0.060153495157784675
TTGGCAAAGAGCAATT-D2_Stim,-0.09830936855775718,0.021855718489979026,0.1862175154929009,-0.05931839490162183,-0.03579403073336174,-0.17691841574388434,-0.197698729774487,-0.017252546084550957
TTGGCAAAGCCACTAT-D2_Stim,0.0313972424666602,0.030147640972980838,0.11511874078428619,0.022548329567952052,0.11737023000850222,-0.12443547130791899,0.15337162693329986,-0.002576929851381138
TTGGCAAAGTCCGGTC-D2_Stim,-0.1874635295722893,-0.053424619303537924,-0.21865968789217316,0.04221918136562408,0.03354464365335019,0.04041790241038079,0.010507045035495821,0.06917435698277785
TTGGCAATCAATACCG-D2_Stim,0.12112872507525729,0.06957231912358708,0.12102513940541115,0.08587972900841478,0.12033041815246825,0.03432161953387869,0.16082994385137717,0.06051039792670743
TTGTAGGCAGCATACT-D2_Stim,-0.20824298850167366,-0.0872014213875989,-0.09066724339685361,-0.03326011720601585,0.11350320356807764,-0.03458168401505901,-0.2244311378481072,-0.009437482244210926
TTTACTGCATGCCCGA-D2_Stim,-0.09186263222290236,-0.02537847864833509,-0.13085394144772167,-0.012372268753473747,0.14086087751960896,0.03265533733695669,0.15511594936063045,0.0010250373400548796
TTTACTGGTCATCGGC-D2_Stim,-0.0039976411112849775,0.05424507685279423,0.29072343071202056,0.01307470000010369,0.037889201259527994,-0.13700726434931276,-0.0455327436432027,0.004669618062651537
TTTACTGGTGACAAAT-D2_Stim,0.036513864093212334,0.05871172290165205,0.12895396979641305,0.023414608899193112,-0.09617818822730939,-0.08142561694917383,-0.029939183142790426,0.006884913889992461
TTTATGCAGAGCTATA-D2_Stim,-0.09531971095384151,-0.04322890034297444,-0.16817583330730734,0.0377640717733172,-0.20472841459941726,-0.025814824204742237,0.08709124790890499,0.0007834016483574402
TTTATGCAGCGTAGTG-D2_Stim,-0.059741090724289236,-0.019254488917765045,-0.05441512933904313,-0.08383068541405692,0.10091369778561621,-0.0070253581978292345,-0.15039808055841775,-0.028059571835076014
TTTATGCAGTTAGCGG-D2_Stim,0.03594404384490346,0.07540777893661499,0.19737935385700034,0.05016356207775097,-0.028949283176320506,-0.03148576111595425,0.07338909430769114,0.041706568846038294
TTTATGCGTACCGCTG-D2_Stim,0.0802572486623383,0.058176991905545705,0.029817349701998452,0.0944687754003688,0.09653785404667303,0.17880579440830857,0.10954420587405078,0.07731835191466097
TTTATGCGTCGCCATG-D2_Stim,0.0942527153372481,0.08179790986371493,0.20839367287267585,0.04226583741743184,0.13989769852484457,-0.03559851678861392,0.021680906766087915,0.03810011139147562
TTTCCTCCAAGGACTG-D2_Stim,-0.13180728378694262,-0.018513519548793766,-0.09424756857428207,-0.09510022767414306,0.08118347661978831,-0.034241631852289345,-0.5811766018390223,-0.038765676420494444
TTTGCGCAGAAACGCC-D2_Stim,-0.12502526286986537,0.020214427580141248,-0.27208153675460345,0.05981378213897237,-0.3204772111471659,0.0016892479480716815,0.11147991346697239,0.0058651083392291525
TTTGCGCAGGTGATAT-D2_Stim,-0.18660051513422893,-0.026132084405867673,0.058336366092241576,-0.029960570933571518,-0.03507545861702255,-0.13482408966008919,-0.4640105064669342,-0.015452814503271739
TTTGCGCAGTGGGATC-D2_Stim,-0.007832689856650532,0.05003445192459566,0.22309984161373286,-0.05452196199590276,0.03677806512391513,-0.15689967682457961,-0.0937946436866346,-0.008731332284952487
TTTGGTTAGCCGTCGT-D2_Stim,-0.005869478903239411,0.07592902384923761,0.14644581759097264,-0.01488510233593665,0.07035352139075535,-0.07425262393895338,-0.08667132457973281,-0.0003854653954658005
TTTGGTTCAGTTAACC-D2_Stim,0.013746265157505988,0.061970961315569895,0.22745029783279236,-0.028797313329690155,0.010679366972778936,-0.15953964094382833,-0.04110660865486793,0.023891144337376602
TTTGTCAAGAGGGCTT-D2_Stim,-0.045219675576230856,0.026666850265121056,0.26527889900864743,-0.012502500755587675,0.17807940179747206,-0.09137818255433494,0.1439231469175155,-0.009710933985342507
TTTGTCAAGTTCGATC-D2_Stim,-0.134927751675594,-0.07206204023756868,-0.11034174380250672,-0.12708954170029507,0.17696087426335794,-0.08696252249279368,-0.3257880353528968,-0.06306803304425657
TTTGTCACAAGTACCT-D2_Stim,0.06365086656323093,0.032767740721645566,0.14756945515623165,0.04497705232807547,-0.018091312685998062,0.037887246917447825,0.163454019302951,0.03900792800273045
TTTGTCACACGACTCG-D2_Stim,-0.1438754587084059,-0.07674880767375214,-0.11064021298343718,-0.12125487170963467,0.20506281006837845,-0.05134176348398256,-0.3191157919028136,-0.053348218310933504
AAACCTGAGGACATTA-D2_NoStim,0.07652422422274441,0.06623729079307061,0.08614864586057358,0.05157040041349248,0.09576326243213096,0.003690348908032881,-0.10039366363424396,0.058775946302443316
AAACCTGAGTACGTAA-D2_NoStim,-0.019651312309292734,0.01139349826276792,-0.14819615520793228,0.044630744541906964,-0.07395779058133023,0.1300170873964941,0.1184805827481954,0.024474211028504556
AAACGGGCACATAACC-D2_NoStim,-0.11593735415512008,0.007571318428567508,0.012599248770335691,-0.17920534039140001,0.7047771323388794,-0.09661282768766455,-0.2335150298189692,-0.10897767904350886
AAACGGGCAGGGTTAG-D2_NoStim,0.022610266420883818,-0.007477303583604211,-0.09589590175996854,0.03114256461256737,-0.021999292987532115,0.01435113136497268,0.03657331162690536,0.014190188548139915
AAACGGGGTGCGATAG-D2_NoStim,0.002952560960819639,0.0676823682900185,0.17258639143033783,0.07411804691329671,0.07694801829740072,0.1074844105248598,0.05836658846191334,0.022872090486490748
AAACGGGTCTATCCTA-D2_NoStim,-0.046665315683615205,-0.027790634335945086,-0.34835367339531054,0.0283901131330051,-0.11064616087989698,0.04846055382852921,0.04914410848490558,-0.007699002083560558
AAAGATGCACGCCAGT-D2_NoStim,0.022305843413263915,0.03418469602458707,-0.1842613856351054,0.1573321653348021,0.11266871778573773,0.16434660443215776,0.3310481070264837,0.07670063211284273
AAAGATGGTGCTAGCC-D2_NoStim,0.10851737448439636,0.10032849926700038,0.19496628265119043,0.05957897320743122,0.1584759855234914,0.052177551903888286,0.03783871007183359,0.06936686321599339
AAAGCAACAGCCAGAA-D2_NoStim,-0.047062698915555146,-0.031060285831520318,-0.22181133078906612,0.006113399880328885,-0.041624779086459895,0.03894727656730179,0.01335210079800131,-0.02045748454359142
AAAGCAAGTGATGATA-D2_NoStim,-0.14772367803829312,0.03037496982264365,0.29619215347591776,-0.0286739607107247,0.2126570697234076,0.016936999900457828,0.005615323723426435,-0.062260584357332505
AAAGTAGCAAGTCTGT-D2_NoStim,-0.1132968740478475,-0.028797863937302992,0.07556080031690904,-0.09292472646187377,-0.05284319629079093,-0.17046467358363593,-0.22876890773944503,-0.03416726919908619
AAAGTAGGTAAAGTCA-D2_NoStim,0.06036366705815688,0.07746452713321439,0.030129822819230156,0.07003602689139221,0.08857146041861164,0.028694884784894015,0.030156587273958202,0.04886586535244497
AAAGTAGGTATCTGCA-D2_NoStim,0.010380770189307498,0.008372696381513833,-0.19197874278138372,0.043388760951643235,0.05827772783858087,0.0848799207623614,0.021949149274637758,-0.003906276670214481
AAAGTAGGTCCTCCAT-D2_NoStim,-0.03598933369703339,-0.05355178933547755,-0.29518604879996246,0.025155253977699132,0.007101765086295231,0.0855473854477431,0.03723326502039592,-0.014918983805264574
AAAGTAGTCTAAGCCA-D2_NoStim,0.14702391840697793,0.1402144845183333,0.2506717835561325,0.07573758222329197,0.1025831319815147,0.00020247981824894623,-0.0634650496685305,0.07575410753763556
AACACGTCAATGGTCT-D2_NoStim,0.07298526085030588,0.07230719479434633,0.21147841490476083,0.06003894122492426,0.10253159529867517,0.02358315666125943,0.03920687657599009,0.06830878430911191
AACACGTTCCAGGGCT-D2_NoStim,0.0434189378587746,0.10630533684359023,0.1789104668087571,0.03857668233364997,-0.09745397131315414,-0.09159292485331605,-0.009589848939282497,0.03501477674610065
AACCATGTCTCGTATT-D2_NoStim,-0.10313873010276708,-0.011130871277826415,-0.06293132614067254,0.03327916885141491,0.14964301691383675,0.05548323572905112,0.06335306708320232,-0.005869381120092498
AACCGCGCAAGTACCT-D2_NoStim,0.10448968429893846,0.09607071145186019,0.18559763436205223,0.07386331577557925,0.10703449338612536,0.07010366765205323,0.0700601669921106,0.07011168289155023
AACCGCGTCTGGTTCC-D2_NoStim,0.13635522324029736,0.12056063939178152,0.2642168477576927,0.07976888241003088,0.15098368918317284,0.038399156864598716,-0.02024423340178849,0.08800547398569769
AACGTTGAGGTGCAAC-D2_NoStim,-0.10288572191033474,0.08359827631795369,0.21541521495865723,-0.09274665599486553,-0.13727305322043826,-0.25487695622035034,-0.12499943934619306,-0.07054483561703329
AACTCAGGTAGCGATG-D2_NoStim,-0.216188744195831,-0.056335960747572855,-0.38672575698182143,0.16031579399619744,0.1525159518606518,0.10966137001270759,0.22266275977494487,-0.0010797191440286014
AACTCTTCACCAGATT-D2_NoStim,0.01845488628365821,0.05002441438754168,-0.0816362727306803,0.06177211427150908,0.053790024188447916,0.07273649516112624,-0.018244019657008614,0.018532002125137836
AACTCTTGTCTTCGTC-D2_NoStim,-0.014235216701312225,0.026093970871047034,-0.18694143360796467,0.08229849886492069,0.09137764211379995,0.07322793602299527,-0.06695316596670642,0.04277625463349821
AACTGGTAGCACCGCT-D2_NoStim,0.021090779359596468,-0.046198408336410424,-0.2578432910487223,0.0405246559322876,0.016217868717932404,0.05659852469733906,0.028986248807822967,0.006836796788279642
AACTGGTTCACTTCAT-D2_NoStim,0.047241369915967724,0.035133580141435417,0.10854492948928751,0.07859723296451016,0.11341727690411219,0.04192706580705963,0.10017685330669579,0.07034590596186696
AACTTTCCACGAAATA-D2_NoStim,-0.013834555256776682,-0.021640090277601942,-0.1557351278192307,0.037818442284100584,-0.12807661370463563,0.0389540778610451,0.055612366180460615,0.019006939130838063
AACTTTCCAGGATCGA-D2_NoStim,0.06566229853674344,-0.019655880899518863,-0.17841328336816886,0.0596345623596406,0.04541083259892531,0.11271387904403518,0.037309620744399474,0.021564726459638806
AACTTTCGTCATCCCT-D2_NoStim,-0.12327387116231847,-0.03654466170861781,0.014430377922350246,-0.023090894903493364,0.13389031920879724,-0.01315960127829996,-0.024039913657241563,-0.05172550332378201
AACTTTCGTCGACTGC-D2_NoStim,0.040823256557130705,0.07525401169208834,0.13866927296117382,0.03203185471863712,0.07068002121826744,-0.014907346889030393,-0.007132856871190363,0.0417096543301394
AACTTTCTCGCGTTTC-D2_NoStim,-0.00610978817845087,-0.051005817609677706,-0.27273883684712885,-0.002853235254061559,-0.03759496904113924,0.030912403302588487,-0.08206617936350025,-0.011564067631086417
AAGGAGCAGTCGAGTG-D2_NoStim,-0.09254777982471651,0.06090802433208786,0.26968488909437127,-0.060859176785156066,-0.08974658902371857,-0.2787967516654124,-0.1806842131189379,-0.06534571619236296
AAGGTTCAGGAGTTTA-D2_NoStim,0.06288194470895725,0.11816392366536022,0.18588076447027646,0.04057566470506657,0.12177385744115377,-0.021719975225242827,0.02032138916964188,0.06113409479588583
AAGTCTGAGAGCCTAG-D2_NoStim,-0.053812739702589596,0.006348196923507743,-0.12791661105180197,0.013175705690539274,-0.06910069889757331,0.017382566434559266,-0.11259725341466709,-0.01870493646449134
AATCCAGAGCCCGAAA-D2_NoStim,0.0455214928973966,0.12488339767632262,-0.16940058463431562,0.16437579348059828,0.010009425129718252,0.15078358694301386,0.2545619436097768,0.05676432728041547
AATCGGTAGACTCGGA-D2_NoStim,-0.029797886635440918,0.045436527199264276,-0.03752864369620568,-0.014908169329629573,-0.07745801463501145,-0.04534422555246742,-0.025505309977360113,0.001983152433711055
AATCGGTCACGTCTCT-D2_NoStim,0.020267161877395523,0.08135308685961995,0.3199319766851101,-0.02178446782045107,0.10789368510197939,-0.164908484452166,-0.08015821868302853,0.046046632792927866
AATCGGTTCAAGGTAA-D2_NoStim,0.10051203092598016,0.11623225178267305,0.10274483623813424,0.061253970506951916,0.08324975118651246,-0.03814594107425684,0.010830542345053651,0.05798974644367938
ACACCCTCATCCTAGA-D2_NoStim,0.01630365820225954,0.06513763090210922,-0.021072419079811056,0.05402258024870399,0.0288949768865443,0.08968355328621413,-0.005363828150393601,0.042437467406085005
ACACCGGCAGGGATTG-D2_NoStim,0.05114046926300375,0.058701501081205976,0.14307686426185562,0.04156706406678978,0.06419641672579601,0.027466886899537357,0.059749439234712654,0.0449279855067104
ACACCGGTCAGGCCCA-D2_NoStim,-0.09713268337318937,0.008081361102577844,-0.04032109824481189,-0.12864525274276595,0.29102736813511676,-0.08333943003892763,-0.15700085309377965,-0.09270635994971421
ACAGCCGCATCACAAC-D2_NoStim,0.09141878050945351,0.10294180661473895,0.13887030413818735,0.06830018828275541,0.010894634017155624,-0.04492729549548358,-0.01690495787903501,0.06028733388118468
ACAGCCGGTACGACCC-D2_NoStim,-0.07692702330952272,-0.032362758496613964,-0.18596878753280421,-0.008352849850584931,0.13562859419873163,0.05819059835886442,0.08098313521436307,-0.038566318370026664
ACATACGCATTGGGCC-D2_NoStim,0.01542129680209925,-0.004720994503388809,-0.23609095533322133,0.024708153271394195,0.025548477001791525,0.03451456043076284,-0.04579405769404765,-0.012728763836552304
ACATCAGAGCTATGCT-D2_NoStim,-0.05485831038589062,0.02116214542697925,0.043618936542054954,0.006971896482218298,-0.09149202990695571,-0.08587539552826584,-0.09528857081532038,-0.03332553493929602
ACATCAGCATTCTTAC-D2_NoStim,-0.1407993775300369,0.061170332052091325,-0.08413946267910077,-0.006781992501590395,-0.20179163359492946,-0.060522829627192465,-0.10303008187630702,-0.06821021626310397
ACATCAGGTAACGTTC-D2_NoStim,-0.01636031407156402,0.06573488209300571,0.023803481493981593,-0.01460872148754433,-0.013655974724088082,-0.03143485325773199,-0.027795915012021055,0.012952257495475905
ACATCAGGTGACCAAG-D2_NoStim,-0.005729724574544903,0.007972824308446036,0.23205924630663688,0.0534359750585498,0.3042306367228118,0.10123155795043104,0.10105425617417119,0.026342548620558404
ACATGGTGTATATGAG-D2_NoStim,0.04862010876830247,0.054660725502508,-0.020190326788704027,0.020875374701590843,-0.019874485547278553,0.019240222476618385,-0.010763337194524603,0.009459412419388968
ACATGGTTCAAGAAGT-D2_NoStim,0.023537543995420407,0.046453555434085914,-0.06930301920256277,0.14333638501200952,0.09260650507834711,0.202010068065948,0.2924668685028431,0.08120816238133344
ACCAGTAAGAAACGCC-D2_NoStim,0.04555193733728302,0.12990479816160772,0.07596092290947709,0.056198194120332445,-0.010038862197502496,-0.019262835211091733,0.00588208164003845,0.07132734415747066
ACCAGTACATAACCTG-D2_NoStim,0.07134183614900635,0.0354113559324194,-0.16357113070487017,0.06835354016654627,0.007761786129533377,0.15243200981568972,0.11526262632466899,0.05110455213787013
ACCGTAACACTGTGTA-D2_NoStim,-0.007908223195487452,0.003488555940258209,-0.22474039782959032,0.06649576333079743,-0.013400906116249445,0.15364596060252644,0.1272652112764172,0.01795590095892763
ACCGTAATCACGCATA-D2_NoStim,-0.14237652667443612,-0.02144017686301858,-0.33112409356877137,0.16025603895857898,0.10000285312418455,0.1695832425441246,0.25324050535834886,0.017201989027718412
ACCTTTAGTACAAGTA-D2_NoStim,0.020422275686694746,0.07342007530742123,0.009766944158403845,0.03401731131639174,-0.07236330319198281,0.015422738027389471,0.05295377529003886,0.0254141447173879
ACGAGCCGTACGCACC-D2_NoStim,0.05620293085045347,0.07536099579677824,-0.03161800435780826,0.12800423156324037,0.13746479130684186,0.16396190229084517,0.2014280334475469,0.08411551771769865
ACGAGCCTCATCACCC-D2_NoStim,-0.04003900482033451,0.03468483114673049,0.19017601633894898,0.031975222255718805,0.08563543857881406,-0.08096501042304105,0.03818018896875053,-0.009207360489547511
ACGAGGAGTATAAACG-D2_NoStim,-0.07388149420506629,0.019845972353197183,0.16715182908007797,-0.050261770796032224,0.2584257399207619,0.04536378594778867,0.05280437879570821,-0.04219742875332955
ACGAGGATCACTTACT-D2_NoStim,0.0035000467139667535,-0.003095945602655803,-0.30752772093696557,0.05571202294331279,-0.04988686241083151,0.08953144262170287,0.045839277653993094,0.00212516249460748
ACGATACCATCGATTG-D2_NoStim,-0.032991807723147915,0.042634098851422664,0.12580354982185327,-0.019442002170777073,0.0073465719109968575,-0.05911816932343861,-0.09455197285728989,-0.03562590067640947
ACGATACGTAGCCTAT-D2_NoStim,0.011359654118493268,0.05080178864719187,-0.12462454801757872,0.0473249096695838,0.07319543306012122,0.06720555773781633,-0.01444605177564151,0.03939288233765659
ACGATACGTGCAACTT-D2_NoStim,-0.0732213008151259,0.03962305485703865,0.22656211966766016,-0.11917545256357975,0.11016742860144824,-0.17520112642955077,-0.2659675505848371,-0.06770826762298121
ACGATGTAGATGCCAG-D2_NoStim,-0.0430459931753564,0.015370794082912198,-0.14890339327489777,-0.07474928057966146,-0.09793015497247737,-0.17599020779974595,-0.23547293688173276,-0.060133030664097475
ACGATGTAGCGATAGC-D2_NoStim,0.02863166945285478,0.05417959687341245,0.06273956118748103,0.05106357431209929,-0.10546874051858346,-0.01844650508693846,0.006232046716204032,0.029073959569723584
ACGATGTTCTCTAGGA-D2_NoStim,0.03703797967799538,0.07620678169367423,-0.06698796017125552,0.06225377222284045,-0.14615531369730128,0.024464933830506297,0.0431261594466541,0.027146870681963975
ACGCAGCAGTGCCATT-D2_NoStim,-0.19139371461804267,-0.007090569265862712,0.07171409658230665,-0.0498479176990152,0.13258791204300202,-0.15253059506797495,-0.20029430513345936,-0.13326789560168883
ACGCAGCCAGGCTGAA-D2_NoStim,0.025962181069870027,0.07114033058151215,0.29725259489389444,0.09404863272087738,0.1851834164049322,0.04825638037156477,0.1874742278305659,0.07239357228724153
ACGCAGCTCGTACGGC-D2_NoStim,0.0549523122269413,0.06394542639556988,0.1750650350685703,0.0688397008846362,0.12688738714797942,0.04912279407928821,0.060630537445404364,0.06483083703264825
ACGCCAGTCAAGCCTA-D2_NoStim,0.0498707925689299,0.05518521691500844,-0.2226081744202162,0.07504857356000016,0.025195246823056294,0.13906026265178717,0.03506103370976099,0.06320548162644002
ACGCCGAGTCTGCAAT-D2_NoStim,0.12446099917276143,0.11291761590529603,0.14764507375446634,0.08098684733523775,0.08497914213833369,0.007253235671103475,-0.057211677366603375,0.07757124404568572
ACGCCGATCGCAAACT-D2_NoStim,-0.08075730634068634,0.07380117685839238,0.1597738547305898,-0.08892617364617728,-0.023676792141893443,-0.1546360572409604,-0.2077631460969691,-0.0699193636445532
ACGGAGAAGATGTCGG-D2_NoStim,0.027599008648195422,-0.003069792876070565,0.0020788389496431137,0.031040554478115823,0.007696759384979046,-0.0060740686275622124,0.033982342108954455,-0.0008495147134794934
ACGGAGACAAGCTGGA-D2_NoStim,-0.024062541177180208,0.010669259605329273,-0.1229403006485601,-0.04514664048966743,0.018008509894277935,-0.016784975361163745,-0.08910706046604755,-0.028750746008890715
ACGGAGAGTGATAAGT-D2_NoStim,0.03242364191813785,-0.026960956705094574,-0.17918256081678763,0.028204192319432053,0.08165569175424636,0.14465654945794704,0.060121583097604514,0.002987551575536429
ACGGCCACACCACGTG-D2_NoStim,0.07363787668483823,0.03437917378428956,0.26358087554221576,0.1286332688263876,0.17416127983112695,0.10769302560496374,0.32128781262577455,0.07648013638561224
ACGGCCATCCAAGTAC-D2_NoStim,-0.09371384661921667,-0.0008864399476102847,-0.07283888535694416,-0.04175058305775359,0.015644883843567214,-0.0466378803369647,0.027236585040613548,-0.04748961725236711
ACGGGCTCAGTAAGAT-D2_NoStim,0.14852317337156506,0.05624256619383061,0.13071431262740063,0.09575563778483875,0.07973295650015544,0.0843642947092551,0.23514006362208661,0.08357476911106154
ACGGGTCAGACACTAA-D2_NoStim,0.02637490274086396,0.05764217803209526,0.029334502231685988,0.04701000630118912,-0.04915863608975002,0.06712070963708339,0.03882405792475163,0.04655736723792536
ACGGGTCCAAGTAATG-D2_NoStim,0.018419820731146785,0.018780399217755317,-0.27185428083923924,0.03199097766406034,-0.02749556561790456,0.10149354317220194,0.028828272513888642,-0.006254105403781907
ACGGGTCCAGCGAACA-D2_NoStim,0.11393433432667877,0.12084111487355642,0.1494209463470515,0.05257437137245091,0.08309866784177622,0.019199445699186413,-0.02676416138268145,0.06411876090624347
ACGGGTCTCCCAACGG-D2_NoStim,0.02654552803332244,0.018668389891201898,-0.2095069927781381,0.18987073158360346,0.06111917649372245,0.18099169667796566,0.26204687363443924,0.09476892442529206
ACGTCAACAAGCGAGT-D2_NoStim,0.02435232083210792,0.024226177039862407,0.09251951825173954,0.04603637223150692,0.061837777616068124,0.023514004840591518,0.022263192323511927,0.05141022992807187
ACGTCAATCGAGAACG-D2_NoStim,0.08490019433392249,0.08317953244154452,0.32153333255401684,0.08096888421755644,0.18922339721014758,0.011424002934059985,0.058484323268440885,0.08471039897020916
ACTATCTCAAGCCTAT-D2_NoStim,-0.12550088036023332,-0.04515332932730054,-0.36216218562319114,-0.06520722472869167,-0.0007019532235830184,0.007887634326601223,0.1019762538109541,-0.0728385987816047
ACTATCTCAGAGTGTG-D2_NoStim,0.10052858274531218,0.052357324860810905,0.17006174764817672,0.10215491893726636,0.18944372664250508,0.08340968544383642,0.05652455591093375,0.07523300611216754
ACTGAGTAGGGTTTCT-D2_NoStim,0.006591508531883505,0.03955842501550144,-0.04158401936370204,0.04182913408256006,-0.0011314328702223264,0.03128044645356187,0.052127446114140774,0.03949585741621675
ACTGAGTCAAGTTCTG-D2_NoStim,-0.11967201530995375,0.06634978326612107,0.1144649257738255,-0.06033781592376286,-0.21447187620650254,-0.2527096330977656,-0.052689500008375134,-0.06955219741161756
ACTGAGTCACCGAATT-D2_NoStim,-0.01187225646485679,0.025410127528562754,0.32502664386039015,0.05682467099226862,0.1895753763072463,0.011877890075046693,0.03614850143877035,0.0589733088550517
ACTGATGCAGAAGCAC-D2_NoStim,0.11879189581809868,0.07168839043369069,-0.14759860217418996,0.12059189184070007,0.15101788601651833,0.20635177608896615,0.10275416772658019,0.06924997978776481
ACTGATGCATTCCTGC-D2_NoStim,-0.005727222487800887,0.04227997087426871,-0.07548192013635457,0.06086444035723737,-0.004741283818257003,0.04905868363340993,-0.015232060088981036,0.035565900869826805
ACTGATGGTATCACCA-D2_NoStim,0.05408344078459315,0.060686139199379596,-0.12756171031245067,0.034731532207993965,-0.13518332067718752,0.13082765102629246,0.08633654881210351,0.027651499904777666
ACTGATGGTGATGCCC-D2_NoStim,-0.014177849604580572,0.04046699817882349,0.03216275130443158,-0.03646200357114893,0.01131217021096198,-0.08775493554585267,-0.03053799512689981,0.00011611806720068785
ACTGCTCGTAGCGCAA-D2_NoStim,0.08332704750266906,0.06922836343068361,0.24594799085772223,0.11123024773616841,0.16781723138963045,0.09274881811653568,0.13612607556258016,0.09758479792376562
ACTGCTCTCTTGCAAG-D2_NoStim,0.05615107796542773,0.07752615813234165,0.0028080705833950503,0.04776099781457077,0.01956876634850957,0.041629883831401315,0.028311332111615517,0.04063841537638169
ACTGTCCGTACTTGAC-D2_NoStim,-0.11353302439415458,0.06020944770854264,0.01649121733835912,-0.002287737445810123,0.13416895298426468,0.024250809008968588,-0.1431162917402613,-0.054921130070560764
ACTGTCCTCCTCGCAT-D2_NoStim,-0.059032293643264566,-0.07347571268708464,-0.2068698558703037,0.03328425712833827,-0.11861768880043577,0.15955442932948305,0.04265381434631621,-0.01346490207302864
ACTTACTAGTCGTTTG-D2_NoStim,0.007080181234746519,0.09201320060784113,0.09329300224300141,0.013699698799126026,0.07287872720707433,-0.012766542057768504,-0.00828610070639213,0.017889821854009114
ACTTGTTAGACAGAGA-D2_NoStim,0.0654945874175148,0.05432572552359716,-0.17618716229032216,0.0888924711684016,-0.11427575406025703,0.057181457690652415,0.08384903238326569,0.034893161103548564
ACTTGTTAGCGTGTCC-D2_NoStim,0.14827378853492412,0.08224095532391473,0.06592792481114884,0.1115127818186572,0.17909294085663774,0.16098397551863908,0.02297679522568785,0.0933362428783937
ACTTGTTTCACGCGGT-D2_NoStim,0.05932759397176035,0.058405418463708614,-0.32288076913620856,0.06376376332218925,-0.052853936294489756,0.11749989541533701,0.02590168458532016,0.015424852886544826
ACTTTCAAGACGCTTT-D2_NoStim,-0.018596741677971096,0.05064556565931255,-0.14293606687271776,0.0803384591706493,0.11208017258526226,0.1373057028948601,-0.003121060596040337,0.0610644424048683
ACTTTCACACGCTTTC-D2_NoStim,-0.05754051821732453,0.023309045436558762,0.0759573743332016,0.0072890124102240605,-0.22414119640766295,-0.02392067968064815,0.056158262052391716,-0.009624136674837303
ACTTTCAGTAAACGCG-D2_NoStim,-0.004985356668049334,0.052206051542965426,0.1728454859567563,-0.025580549936828234,0.02514238605313679,-0.03339668281960684,0.009986675846181292,-0.001063401003079889
ACTTTCATCCGCTGTT-D2_NoStim,-0.08629740317709889,-0.03885549400513533,-0.13640724021542106,0.003775299407882571,-0.09726439859329084,0.04457470925088103,0.07625020881449762,-0.004167406626269354
ACTTTCATCTGTCTCG-D2_NoStim,-0.013884392001516588,-0.01949667158507218,-0.21248384659049435,0.05290549685796364,-0.0719924465863695,0.021844037377842795,0.10877501286783353,0.024114226423810337
AGAATAGTCTAACTCT-D2_NoStim,0.052818362597870205,0.11913939107806648,0.03423150465806302,0.04219463862515305,-0.035775890505723495,-0.0301290117667925,0.011743694142746897,0.06660030868561329
AGAGCGACAAGGGTCA-D2_NoStim,0.08643436503540691,0.06889752765723856,0.2440162073906329,0.0738637583553583,0.15065452014116865,0.04408365826085614,0.06760488246045737,0.06929506766211979
AGAGCGACATACCATG-D2_NoStim,0.19192206605950624,0.14279944318485782,0.22460991747683678,0.0826563947862482,0.043180914461089515,-0.01805383048666087,-0.022157385250632267,0.05900604499549189
AGATTGCTCATTATCC-D2_NoStim,-0.04126470632303558,0.03550483965442375,0.37530538452346995,0.023851098874423826,0.22537905624525045,0.04584924239580879,0.046378337935717884,-0.0045955178102268235
AGCAGCCAGACTAGAT-D2_NoStim,0.12534619556475057,0.11409830424305767,0.22452965330421293,0.08937061086306386,0.052384442051458535,0.02332739673927975,0.07854391052808651,0.06263070928516434
AGCATACAGGCTAGGT-D2_NoStim,-0.09057756615802326,0.042112637366967576,0.10836248888362476,-0.0889670546280854,0.03013064791307407,-0.06410310175477818,-0.018502824411285257,-0.05326671235665259
AGCATACGTACCGGCT-D2_NoStim,-0.008793217147479382,0.00811766083951504,-0.10903547069693076,0.1301052326180141,0.04252355879339653,0.1776950807765374,0.23653326876080438,0.049916749548506445
AGCCTAAAGCGATAGC-D2_NoStim,0.0617322962277882,0.05082477176970457,0.15235280226438697,0.1221194050928851,0.1745862497059516,0.06952038943459904,0.5218229279405691,0.09130262815717316
AGCCTAATCCTGTAGA-D2_NoStim,-0.0071502782726149405,-0.027685856541561193,-0.10788000918353902,0.040215985453349035,-0.03834407895882741,0.0626426961152804,0.02046732413898189,0.0012117773103419438
AGCGGTCAGTACGTTC-D2_NoStim,-0.13908378328993543,-0.06068023110134568,0.2746582286235153,0.11426891879938061,0.20863657805076308,0.107534648270466,0.615417756273219,0.030966113397902006
AGCGGTCAGTTGTAGA-D2_NoStim,0.0008948364281859966,0.0708288619755848,-0.025232208000913303,0.027935985282717013,-0.01841779599736526,0.03287915256779961,0.016492372168181113,0.02983320483199492
AGCGGTCCACGAGAGT-D2_NoStim,0.04542569417952613,0.040678425883010405,0.2908439127311979,0.08933666493334336,0.19288321513998952,0.07677034940494742,0.14302240430182156,0.08299000729376615
AGCGGTCCACGGCGTT-D2_NoStim,-0.05596708664773864,-0.09282096664175477,-0.24383372121830682,0.06438679236626221,-0.00257776671116261,0.09491388094868825,0.09463055372316331,-0.02040805626025488
AGCGGTCGTTGTCTTT-D2_NoStim,-0.03258760536393979,0.04842409668483505,0.0995204585514351,-0.014942496802609284,0.09668940302897155,-0.057996952337495244,-0.04370718372629101,0.00093993642125767
AGCGTATGTTATGCGT-D2_NoStim,-0.01787052037182235,0.048148568619552634,-0.16880869939941867,0.13242403647010903,0.19618172999193462,0.1747758407003417,0.3059853515074815,0.05847275493891324
AGCGTATTCGCCCTTA-D2_NoStim,-0.04944498246200979,-0.034304930807998346,-0.23677781592941471,-0.0036267439820498737,0.0214605409453128,0.051121166504814575,-0.02669845865938525,-0.01956458647625503
AGCGTCGCATGGTCAT-D2_NoStim,0.05124390445793381,0.05899639058870143,0.16665854785701661,0.0874838412313963,0.13573828578027225,0.05488240272181333,0.04077498582710515,0.0843274770976894
AGCGTCGCATGTTGAC-D2_NoStim,0.09158372957118566,0.0014757665928524233,-0.034885964712874085,0.07097676849419088,-0.05535019542456432,0.05631791697289401,0.25752084981873224,0.060451029298913994
AGCTCTCAGAGCTGGT-D2_NoStim,0.07486884488835877,0.06836668126481982,0.1544669256941198,0.06268708275045398,0.06630311459354665,0.019128400263527467,0.029892474530683444,0.050057340997772926
AGCTCTCGTACATGTC-D2_NoStim,-0.06025036464487066,0.03416925081207722,0.15044243830624104,-0.018455537978285363,0.14383454714175414,-0.11947789270342923,-0.0638785864436553,-0.04125568940611579
AGCTCTCTCGCGTTTC-D2_NoStim,-0.006110942139669007,-0.021845880711241605,-0.21200262195067765,0.02791800594459204,0.013012407585391017,0.07868938880010123,-0.031357180900361215,0.0036741074492123715
AGCTCTCTCTGTCCGT-D2_NoStim,-0.06441252660297003,-0.062221135145680506,-0.1226376942533225,-0.0006544791537717032,-0.028270114581321337,0.0639657581877362,-0.06639576157638505,-0.03464663036849913
AGCTTGAAGTCCTCCT-D2_NoStim,-0.0487941351083645,-0.05300973288125732,-0.1989907541746092,0.03881762061794802,0.0982578081818275,0.08423498262464513,0.02856945841277181,-0.021187295496950753
AGCTTGATCTTTAGTC-D2_NoStim,-0.0725362998702277,0.048613867135690825,-0.04442923931948073,0.01583757029990096,-0.276492641852478,-0.11527299372013289,-0.09844912059393796,-0.03261201532579605
AGGCCACCAGGTCTCG-D2_NoStim,-0.04702805319480596,0.024025904158806455,0.07871382739734045,-0.025988290831101324,0.04232844559844118,0.006087030250075287,0.0030896429770392864,-0.020280420858828307
AGGCCACGTCTTCAAG-D2_NoStim,-0.02593362063375615,0.05146373248253866,-0.362409030854991,0.001127862367637178,-0.1481286111710176,-0.044477434717983044,-0.03476175466519216,-0.04332514910079155
AGGCCGTAGGAATTAC-D2_NoStim,-0.019150380062665562,-0.044436437703918585,-0.17849117865010022,0.027310983653137555,-0.0636008263455139,0.13370625222792132,0.05796660101031481,0.006521382735863668
AGGCCGTCACCTCGGA-D2_NoStim,0.09233165347806604,0.09414339576098918,0.13672831254162432,0.06670823882611998,-0.10181776366770379,-0.0011619265039435334,0.09341451642913068,0.03991830083216641
AGGCCGTGTAAACGCG-D2_NoStim,-0.19133246716221564,0.009296507907084361,0.36542926904910544,-0.12259827862513539,0.22318815540724124,-0.17135221794585753,-0.17796015710574453,-0.1043224572814676
AGGCCGTTCGCTTAGA-D2_NoStim,0.03600815918586875,0.04832994348874031,0.18647931770453852,0.07775357461837729,0.15473223219072452,0.05276357192167769,0.04970305842683631,0.06387330717049089
AGGGAGTGTCCGTCAG-D2_NoStim,-0.041634976910200905,0.030628059001333696,-0.05164214609560425,0.16941870179855378,0.04392500704888924,0.14507591729372038,0.6679774201979845,0.0981436207400943
AGGGAGTGTTCATGGT-D2_NoStim,-0.046248397655219264,0.0044979033397591905,-0.21724225496966731,0.04059190636855803,0.048953778006959325,0.05568192828674157,0.03635493374969023,-0.01929217767737157
AGGGATGAGAACTCGG-D2_NoStim,0.0925214566044179,0.06782880219175702,0.24751422465201323,0.08253429379838728,0.1222356241263256,0.04313680067314696,0.07677347781315147,0.07062186054234765
AGGGATGGTCTAAAGA-D2_NoStim,0.07454901143004022,0.09359448124559755,-0.0427493958858296,0.05846765944083465,-0.017702288827571522,-0.011937387605373218,0.03539727646662216,0.04889542557233284
AGGGATGGTTCCGGCA-D2_NoStim,-0.07114277601107055,-0.03291075633832996,-0.27710533885400324,-0.02266464957737213,0.006478983881059719,0.02855643656534923,-0.051214816170937816,-0.03993575922379833
AGGTCATAGAACTCGG-D2_NoStim,-0.031005556052852157,0.018901365542392412,-0.16468821477834794,0.022402534815507025,-0.054326679381221155,0.05541140793150312,0.08134018535695997,-0.007940627436441972
AGGTCCGCATCTCCCA-D2_NoStim,-0.04080194221276301,0.041456076511300566,0.026669054838896145,-0.013912369450405748,0.1552281500263053,0.0776475938950103,0.09261946857626002,-0.04424156317480765
AGGTCCGTCTGTACGA-D2_NoStim,0.05655047776452804,0.07661817639912627,0.029635097419717482,0.044272120547724114,0.08382589374730642,0.01843399299609949,0.041639021348247596,0.045942073390833116
AGTCTTTGTGCGATAG-D2_NoStim,0.022937807152940692,0.0723204304038596,-0.22804538203809166,0.07123617973658547,-0.10935763417712963,0.03523626259466983,0.01848664724249005,0.03958731071647037
AGTCTTTTCTACGAGT-D2_NoStim,0.06509535342735262,0.08810105309755834,0.06173073696520248,0.05468537194445844,0.07073895992795087,0.048846226538795,0.03537073503172472,0.05257547538166207
AGTCTTTTCTGATTCT-D2_NoStim,0.02231266427230061,-0.0170291615906617,-0.1369338316707669,0.022574080228935145,-0.03126763696627499,0.04579962604645882,0.01842204022216265,0.013056195011222016
AGTGAGGTCTTTACGT-D2_NoStim,-0.18399269762930537,-0.11692111119337767,-0.29414736090027915,0.14143323213386516,0.08298683595248768,0.035256169166040685,0.4020027546970377,-0.01769862928318844
AGTGGGAGTCGAGATG-D2_NoStim,0.08768770357632327,0.045072686183086574,-0.029328021685449457,0.11260942353404424,0.1572778052479027,0.18412800446422217,0.16206981072489057,0.07554760478468836
AGTGGGATCATTTGGG-D2_NoStim,0.0838951813152562,0.07846546415855826,0.15439146525691783,0.06545944837084683,0.1053648179083293,0.01986325476939932,0.058186064012268,0.06455714816906344
AGTGTCAAGGCCCGTT-D2_NoStim,-0.02575118789394537,0.012721713458807571,-0.30548749857182145,0.04298804937342027,-0.044909787119735256,0.06932481325547091,0.05878003502888163,0.008847537391497795
AGTTGGTTCATTCACT-D2_NoStim,0.07291685438508289,0.055908167763558225,0.03273948620517686,0.023945573721629643,-0.060972226921775174,0.020717281216068528,0.054082547358202504,0.02044092067708725
ATAACGCGTAAAGTCA-D2_NoStim,0.043162704239158245,0.04907108618921363,0.026578657315377896,0.07756174401511018,0.07294278751361283,0.06909407181130067,0.044301916403145736,0.06677609759259084
ATAGACCAGATAGTCA-D2_NoStim,-0.2183506100935464,-0.016655592055952795,0.40891906122582533,-0.07976853959990216,0.4418058076500202,-0.055125619284267735,-0.036073380357398044,-0.1293476089656398
ATCATCTGTGTATGGG-D2_NoStim,0.016308026396444575,0.058803017608349606,-0.19950393669714472,0.06523465500805692,-0.10544184466318285,0.03202034473591375,0.04487128916327521,0.013560034506472363
ATCATGGAGATATACG-D2_NoStim,0.1137252202798873,0.10229793610072768,0.37751255375995285,0.0916758751788116,0.1859345164956583,0.030380480005418598,0.24686635163258064,0.08329446651755568
ATCATGGAGGATGGAA-D2_NoStim,0.025815965308481736,0.09438967784053354,0.061451919573793035,0.045412887841258964,0.028226719732302286,0.05084477968615886,0.058127877436557895,0.03450429338585259
ATCATGGAGTGGACGT-D2_NoStim,-0.015915413117165045,0.07395113891166716,-0.005749188746911216,0.06384253639509474,0.04373498516708629,-0.013010120913633294,0.06532707505806012,0.03438273852128937
ATCATGGGTTCTGTTT-D2_NoStim,-0.28669703266635693,-0.04576045885270119,0.2404258169285054,-0.055352378308068495,0.26163958943057253,-0.1815943593486118,-0.015539643778606838,-0.13361731658230802
ATCATGGTCTCGAGTA-D2_NoStim,-0.0840850622539282,0.04025306660176575,0.07495114444958872,-0.012581351505565053,-0.172929820516881,-0.23599111139696838,-0.23457685915163218,-0.026811978155299343
ATCCACCAGTCGTTTG-D2_NoStim,0.0844098650473839,0.07655420442339533,0.36221124511954095,0.03803215614261646,0.2255742396485214,0.02886070840090582,-0.006033898652093583,0.05389539396465537
ATCCGAACAATGGATA-D2_NoStim,-0.05718060321748375,0.07491003891403913,-0.011581198469018616,0.09253250100096366,-0.07986484622248824,-0.05808401403515795,0.47575649749972726,0.06887694152396939
ATCTACTGTGCTGTAT-D2_NoStim,-0.1540477419472417,-0.064909304057581,-0.35950922116322204,-0.10528654841625418,-0.027782740672218864,-0.12431978778376163,-0.007071136718623805,-0.10915903136359795
ATGAGGGGTAGCAAAT-D2_NoStim,0.06416336736707962,0.06867605729577164,0.3569808946919544,0.11954741413241621,0.1327645132858084,0.03131382415432871,0.16799375064911137,0.08601104659618031
ATGCGATAGATGCGAC-D2_NoStim,-0.026017068839417234,-0.017750183642514017,-0.06574687024219195,0.00924825410858432,0.028055359525382073,0.037904444935433546,-0.024411212172209318,-0.02566699546032858
ATGCGATGTCTGCCAG-D2_NoStim,0.08333264816085695,0.08480949734970622,0.0817911429082443,0.06665800954162826,0.07758552795912621,0.042291039899759575,0.027389336133865516,0.06665016435036897
ATGCGATTCACGAAGG-D2_NoStim,0.0270596369253866,0.06765768132178884,-0.10781947722028029,0.053778990025785234,-0.07200216373772683,0.0035419540243664116,-0.003940934839050669,0.03196372828901772
ATGTGTGCAATAAGCA-D2_NoStim,-0.07928333046405633,0.05450465521236225,-0.18055547330255095,0.010780038282868887,0.07683722091928935,0.02707118820740284,0.030436944583536185,-0.03250970520763374
ATGTGTGCAGCCTGTG-D2_NoStim,0.03301440353110863,0.09699841831555744,0.22431810997811752,0.0345167425629711,0.12239734743415909,-0.06856907303621185,-0.03354745869021869,0.059700401836625616
ATTACTCGTCAATGTC-D2_NoStim,0.04787346198798659,0.04423748641584524,0.25527172388471087,0.16518722337585245,0.1720814451423891,0.11162798267784702,0.16285971784384046,0.1076254420776479
ATTATCCAGTCCATAC-D2_NoStim,-0.014139124678658632,-0.04940748713532095,-0.29781368868386693,0.02849424005592205,0.02116455376894244,0.11489201498966661,-0.01727178874617774,-0.01784628493741458
ATTATCCCACATTCGA-D2_NoStim,-0.026562517512665806,0.03362955665842371,-0.15778787996650756,0.03768444917671765,-0.08407976648473259,0.07406529615206559,0.03571759260040697,0.00047361064147466436
ATTCTACCAAGGTTCT-D2_NoStim,-0.1528427641501331,0.07724023185424223,0.06187202468044006,-0.007943709752595396,-0.00922256881011485,-0.16843734778231578,-0.11337675856752982,-0.07057308833644349
ATTCTACGTCAATGTC-D2_NoStim,0.047340467899863015,0.0563534201716962,-0.056988873790572825,0.0867001192150525,-0.017878690779442152,0.10741209167924115,0.03380614131969928,0.03919906811959528
ATTGGTGGTTTCCACC-D2_NoStim,0.004537346448598711,0.06164277827533482,0.2721563606984141,0.05115366931605614,0.10668655074228539,0.02566988674332471,-0.026290257801692807,0.04731539887549552
ATTTCTGCAGTCGATT-D2_NoStim,-0.06671198602117379,0.07033051198051332,0.42833508265912634,-0.10647068991209174,0.32452665172258577,-0.1079026864282131,-0.16713640135805097,-0.05389130354194194
CAACCAAGTCAATACC-D2_NoStim,0.07605224986540549,0.08081170580646635,0.005437103557801137,0.07017578247792144,0.08722439975126228,0.03398508771284092,-0.04779572348163175,0.04889328188944653
CAACTAGAGACAGACC-D2_NoStim,0.07520359585808123,0.07022567447842398,-0.05355839671742224,0.12783327306598835,0.1552960326873034,0.18769022572856908,0.08004789371050602,0.07476653782640064
CAACTAGAGGACCACA-D2_NoStim,0.012912200116339534,0.0012217277584305464,-0.16877745858316828,0.055087995499411235,-0.08203231593102345,0.0957641268609013,0.08017018667145726,0.014829217378137471
CAAGATCAGAATTGTG-D2_NoStim,-0.029740206339603503,-0.007305540970369506,-0.33088150511265546,0.07534987541989757,-0.07655959335732909,0.17094328010993465,0.03523911863566109,0.02142914008799579
CAAGATCGTTAAGTAG-D2_NoStim,-0.06870882364295916,0.06624950673428565,0.169896521767674,-0.03656280989928362,-0.13977741531154209,-0.22620308656572874,-0.25696553670993527,-0.05521533058435679
CAAGGCCGTAGGCTGA-D2_NoStim,0.014193684052727917,0.03592148744614754,-0.07896532730193329,0.008556314291130462,0.060787473697439864,0.02159198575311816,0.0016883272103829228,0.0026393737114371874
CAAGTTGCACTTGGAT-D2_NoStim,0.06006253083889135,0.06586986707690201,0.2563461969978409,0.15349269512847918,0.19154098700230726,0.14027856106367764,0.2417305907990297,0.11159374958533519
CACAAACAGGCTAGAC-D2_NoStim,0.07691356295102558,0.0792090138552961,-0.1418486285657572,0.10453079225032091,0.1236030586971335,0.16130965536551134,0.023352405780252106,0.07026428069688961
CACAAACGTGATGTGG-D2_NoStim,-0.01802916263391552,0.02367989040769558,-0.09167285642977951,0.03755078249648314,-0.05173201932275617,0.03593424863161232,0.0715603145556698,-0.006834638368411916
CACACAACAATGAATG-D2_NoStim,-0.08422921253044535,-0.06643966882197105,-0.28987327240097294,0.06883976835537986,-0.07749733979262352,0.06898938237482177,0.2514225906529468,0.0121969298803144
CACACAATCCAAATGC-D2_NoStim,0.027201447493082398,0.07485716161655809,-0.01299742597073461,0.07877473450043482,0.28009329106409453,0.0920427878087704,0.020574965555539837,0.06281210606732301
CACACCTTCTTAACCT-D2_NoStim,-0.15513970479884875,-0.05254845802996222,0.08070499325776304,-0.08848464176199222,0.27573784543081103,-0.0737962349788912,0.11924472265613151,-0.11976924533472122
CACAGGCCAAAGCAAT-D2_NoStim,-0.03779802540874222,0.029130686317396126,0.042841411583300015,-0.02500851126742276,0.24560609874949257,0.03821286344022212,0.09249664732126739,-0.04168282331061768
CACAGGCGTACAGCAG-D2_NoStim,0.05241160991885252,0.06738909892925449,0.07461488047120746,0.097990955208628,0.08854095465621015,0.08361579257127172,0.13494445708492364,0.06532517277624628
CACAGGCGTCCGAACC-D2_NoStim,0.014274484004541677,0.04404617107340414,0.20593726061693474,0.06098633598171155,0.062473578578840616,0.04595673514142895,0.12760296252315184,0.03032029878209741
CACAGTACAATAGAGT-D2_NoStim,0.021827946636548745,0.10430946218965254,-0.11773153946633386,0.03998472024379218,-0.02845190768540462,0.0017231254054435041,-0.005982430802434546,0.04281886089878739
CACATAGCACGTCAGC-D2_NoStim,-0.0975772884866224,0.04848433978893141,0.0692338337309586,-0.10738079085591856,0.008199302938665554,-0.06668026009614891,-0.09734446414356146,-0.06917376461519176
CACATAGTCTCTGAGA-D2_NoStim,0.028309892261438208,0.07836969268317162,0.11394411852541886,0.04217468041014527,-0.02440557390578313,0.026610515646048327,0.03307905828226865,0.02784351340888591
CACATTTCAAGCTGTT-D2_NoStim,-0.02976939147895763,0.04786215501404989,0.09450281041055142,-0.007321416050858787,0.015489160684319714,-0.11995911687404082,-0.2272195264626875,-0.006610622750946149
CACATTTCATCGATTG-D2_NoStim,0.08222517221728687,0.07219027240035913,0.07031156163148466,0.06609472012556772,0.100032527230832,0.04000689923246625,0.007330395412393553,0.0561938737349319
CACATTTTCGAACGGA-D2_NoStim,-0.1438497123513791,-0.01151154509908281,-0.24647422212688141,-0.06593256702884709,0.0214229447418397,-0.08549641808740471,-0.07466494890865416,-0.10897788206340842
CACCACTCAACTGGCC-D2_NoStim,0.0338946556889983,0.02030215126177559,0.27260337249393807,0.06834764400488957,0.13015757086311375,0.09092211477900047,0.054074826335953396,0.01589115640604355
CACCACTGTCAAGCGA-D2_NoStim,-0.08640580383021401,0.06102992082745118,0.22805310499202314,-0.13562205166920727,0.30989529970840124,-0.1036425349052319,-0.18114551621366193,-0.07334807605500693
CACCACTGTTCAGGCC-D2_NoStim,0.00367455168969677,-0.012000292568437487,-0.17497900240352493,0.04151407200297186,0.040543622188494055,0.07532539179667364,-0.018807922959688916,-0.0038155796929455477
CACCAGGTCCTTTCTC-D2_NoStim,-0.022466397732845422,0.00836765972250042,-0.13309379953802747,0.03580389763850178,-0.042944643576074526,0.08174085555836008,0.04645170965479828,0.00787007699650033
CACCTTGAGTGGTCCC-D2_NoStim,0.06318638593727854,0.06945730326534516,-0.07503044775885215,0.053558666691658985,0.05018230893158737,0.14744122682201066,-0.026897380484726785,0.05583741988088775
CACCTTGGTACAAGTA-D2_NoStim,-0.03273431967793705,-0.037594615230128525,-0.26173045396196315,0.057448230783291976,-0.004927970590866693,0.08288257578431324,0.04405897693915417,0.003915120631194924
CACCTTGGTTGGAGGT-D2_NoStim,0.014601403605480456,0.020585782968636224,-0.2506463851261671,0.050834754675280536,-0.11730221519255046,0.0855092382649767,0.08529702854315424,0.03833847324681727
CAGAATCAGCGATGAC-D2_NoStim,0.013816092595803298,0.09222972281588326,-0.06957687210119978,0.10331896297742915,0.07263928151369115,0.09958620557647357,0.18967668599276788,0.04852574297510159
CAGAATCGTCGCGTGT-D2_NoStim,0.0825982584284457,-0.003136525824512404,-0.2527070027395091,0.07285236531864214,-0.014168459123283128,0.12195205613364024,-0.03095677513427475,0.023138500175308607
CAGAATCGTTATGCGT-D2_NoStim,0.09945550726069463,0.050345351400528315,0.11577880256299267,0.12857946190012548,0.12427561468588522,0.13999937484105462,0.15879472640399062,0.08805671344672206
CAGATCAGTAGATTAG-D2_NoStim,0.019910867146171185,0.05472991309952313,-0.12991815016044583,0.03978769336455201,-0.08627422586926059,0.05850011948131151,0.025061033949425937,0.020276606883326664
CAGATCAGTGGCGAAT-D2_NoStim,0.023888294315193903,0.029715255133130114,-0.23109416172946773,0.0611793119951507,-0.08896611193092774,0.06575853286156974,0.045422105405538815,0.020019727343598248
CAGCAGCAGACGACGT-D2_NoStim,0.14473475214404274,0.06406725041290784,-0.0492870625483004,0.11162858229178951,0.001033078012822486,0.0610297114831706,0.1363149013553473,0.07242542453029088
CAGCCGAAGATGTGGC-D2_NoStim,-0.05460884495363949,0.06470338588576752,-0.0255588586978881,0.030997937760565364,-0.2011344246065363,-0.08400899621312163,0.05909927249987135,-0.001740066285561781
CAGCCGACAAGCCCAC-D2_NoStim,-0.17627591529299913,-0.0013617239350711685,0.17817627297361582,-0.069282381997823,0.26181825938864556,0.0558834991780639,0.04805096788481622,-0.05933512843117228
CAGCCGATCATAGCAC-D2_NoStim,-0.023211088721835083,-0.04597329906002656,-0.14915574530800058,0.03480181061809873,0.04350450677631912,0.12212105333570555,0.044305699223984085,-0.016780592400749583
CAGCCGATCGTTTGCC-D2_NoStim,0.03645606456654349,0.022231662262310437,-0.16984716914248388,0.1384001107089876,0.0680689672064041,0.1721599738543862,-0.002309552457017361,0.08099750922790605
CAGCGACCAAGTCATC-D2_NoStim,-0.1239798990501253,-0.037211328044767455,-0.2489951008436293,0.05019737398764512,0.07272610083648168,0.03724877845691843,0.14771615995852727,-0.02174651405209893
CAGCGACCAATGGAGC-D2_NoStim,0.009325333593393381,0.06074744211203864,0.05714134530888515,0.051589595494750284,-0.15314923378360135,0.014182941222648182,-0.00040932113377767365,0.004107594553666161
CAGCGACCACTCTGTC-D2_NoStim,0.011103037471944077,-0.011477205038199045,-0.2086970532370902,0.06233805548271576,0.054012736539782225,0.09295460538737288,0.082131852433458,0.01704053625113211
CAGCTGGCAGGAATGC-D2_NoStim,0.04891365061709685,0.05923314130539836,0.17857833413429347,0.062110929882143395,0.03386971759038104,0.0648880155931586,0.055658408930179704,0.04787755807440419
CAGGTGCTCTCTAAGG-D2_NoStim,-0.016812070043426885,-0.07959099476484965,0.019490714956230448,-0.035339525580100783,0.23313676013302498,-0.07717259359932704,-0.1393672647745019,-0.03406324354399182
CATATGGTCTTTACAC-D2_NoStim,-0.004762317562924778,0.04624459201563624,-0.06143600667939175,0.03656903013935775,-0.016582663109145912,0.03970888064719169,0.08858143862591072,0.0007000500374356733
CATCAAGAGAATAGGG-D2_NoStim,0.1139011514671111,0.11018678483116773,0.004275250984038692,0.08489172268807899,0.07699352940383086,0.040604329819738716,0.10219199090759545,0.06902693955006711
CATCAAGCATGCCTTC-D2_NoStim,0.009704660384093344,0.057971902662092845,0.1827068489237771,0.07370969126546356,0.0060113289363901146,0.026350445720787263,0.03573593039728751,0.035157949464304394
CATCAGAAGGCATGTG-D2_NoStim,0.1010294198294428,0.07850363955916606,0.30795580370011777,0.08336110365109128,0.1936983454860819,0.028840127875353616,0.060960852068108196,0.082167681918202
CATCAGACAAATTGCC-D2_NoStim,0.038182914821229375,0.1243063897116432,0.10688231131055659,0.03873506859220832,0.03593957541432857,-0.08433372755666291,0.0031903242106339214,0.055343718912544304
CATCAGAGTAGGACAC-D2_NoStim,0.013158489210969293,0.03507789813152584,-0.0344560316154805,0.07095461915384504,0.03573416502376503,0.07741378808512955,0.06509560348925003,0.030882329322178492
CATCCACAGCCATCGC-D2_NoStim,-0.0035702683053635553,0.02437358833410741,-0.21660502621599953,0.10082746467295323,0.09456617915387255,0.1446028026755828,0.18317140843068813,0.020939263154019727
CATCCACTCCAGAGGA-D2_NoStim,-0.014735839385991767,0.03470330245884412,-0.15993230067440578,0.0068466554082018405,-0.10132454636060473,-0.04236120811867394,-0.08425434053275538,-0.027095051699435047
CATCGAATCTCCAGGG-D2_NoStim,-0.01425795655736195,-0.013836440148908835,-0.022196153456109258,0.057957122154007834,0.04198599589503438,0.1097854350905676,0.1327429900797359,0.03300318341896258
CATGCCTCAGTAAGAT-D2_NoStim,-0.03266547388129659,0.036348280323494464,0.06346946655001595,0.08128177779076928,0.07839540512954457,0.07549985438257334,0.1349516202759551,0.05207248698820521
CATGGCGCATATGCTG-D2_NoStim,-0.0441274621089196,0.006827281516624595,-0.18600960032642533,0.02204296953629914,-0.07054893915088378,0.07002212964466459,0.0211460776725918,-0.02425976985672129
CATTATCCAGTAAGCG-D2_NoStim,-0.0024911648156429322,0.05176293193322401,-0.1143083925899262,0.037759636786715234,-0.09603841400460844,0.0366562097162495,0.04157288701399642,0.00728693142268888
CATTATCCATGTAAGA-D2_NoStim,0.08462821544338084,0.06882679444839823,0.1553858363894527,0.15497477632136203,0.2396923025116937,0.13857968803331744,0.18311288652322855,0.09068360036017786
CATTCGCGTGATGTCT-D2_NoStim,-0.017757098818158568,0.03632397888136474,0.25095777294874644,0.02633450334939802,0.15346885940621746,0.07163627976062958,0.06473234772599046,0.025158819112084174
CATTCGCTCACAATGC-D2_NoStim,0.013510613307445851,-0.01196112151226103,-0.4626547081747088,0.09601648997181478,-0.07688993003368161,0.19185894515739488,0.15633013451781208,0.04057282926376615
CCAATCCCAGACAAGC-D2_NoStim,0.004865072419026006,0.038073028666470776,-0.007120621375882763,0.035357407334238644,-0.05813285049882211,-0.013978807875270505,0.03160099334898314,0.02506517386155238
CCAATCCCAGTTCATG-D2_NoStim,0.037388103533039896,0.06642668784827066,-0.17283242828192158,0.04107243159032059,-0.038348694827602614,0.04098219188347496,0.037808569571697426,0.044256531049821746
CCACCTAAGACTAGGC-D2_NoStim,0.03922258208559626,0.04052159361345531,0.38684352620366624,0.11075493609270026,0.16745399415528261,0.10958685194099616,0.205171729361882,0.08906901176875337
CCACCTACACGAAGCA-D2_NoStim,0.06398833964847661,0.06205961937095239,0.12979296705984922,0.11506911815412302,0.1721764475959784,0.08298075833582264,0.18298291321765658,0.08662260588146786
CCACCTAGTACCGTAT-D2_NoStim,0.0031773382155364516,0.027596041904217827,0.20604031495722808,0.006037354401735584,0.2961503884829373,0.05786880805767325,0.151756285298978,-0.017074530156964585
CCACCTAGTGCGAAAC-D2_NoStim,0.007448325242254583,0.05331613912811939,-0.08469740810672555,0.029856752443690127,-0.020441572336869385,0.07688320675517346,0.033073896812107595,0.036340919558861984
CCACCTATCAGTCAGT-D2_NoStim,-0.10274119958381789,-0.06271486642737045,-0.2987580989137477,-0.12488041077321377,-0.0840263753811108,-0.18693733918972288,-0.15466935499592527,-0.11578947676790108
CCACGGACAGATTGCT-D2_NoStim,0.041012610193231325,0.05080617096917628,0.16407856848691083,0.08259800572184872,-0.06318562110243242,0.020710699002625788,0.05802912698897522,0.021272623789418077
CCACGGAGTCTTCAAG-D2_NoStim,0.035257683281976426,-0.011901277312929892,-0.07033870408917942,0.09592965645238394,-0.06724441376998769,0.09437890594600695,0.19487437703123778,0.05589487689192474
CCACTACGTAACGTTC-D2_NoStim,-0.025713707859315704,-0.018410136246568953,-0.17049565176130876,0.04960621487528272,-0.05320123517239672,0.09592529876758693,0.1492756044172765,0.0149376387386706
CCCAATCAGAGTGACC-D2_NoStim,0.03103231054482869,0.07668927689265637,0.058913056767464056,0.06255345926131639,0.01186620736249644,0.07950175861255104,0.1014980831118768,0.04546915649308936
CCCAGTTCATCCGGGT-D2_NoStim,-0.09374029538809836,-0.023206372906301453,-0.34871675000592717,-0.04396921933388498,0.03991207832296517,0.02969205758129778,0.01647452013669426,-0.05705604042254819
CCCAGTTCATTACCTT-D2_NoStim,-0.0880526710222771,0.03337418366236555,0.2627059640380498,0.04512842513611304,0.30051245286539796,0.029266777053136295,0.12229267200264093,0.035723474134556454
CCCAGTTGTGTTTGGT-D2_NoStim,0.055594327546677036,-0.03550178907180701,-0.19646631255216285,0.07250299861588161,-0.13487046643120415,0.14236513578172794,0.3115989099431449,0.046817547942399784
CCCAGTTTCATAACCG-D2_NoStim,0.03605522265567451,0.06930787931320559,0.069976485824224,0.04935733773002049,-0.005992997495514629,0.03253121875762499,0.02326625156893014,0.044585181555401476
CCCATACAGTGTTAGA-D2_NoStim,-0.030449202824124555,-0.012025723793907872,-0.17325752415669093,0.10988036118058986,0.07836225028345467,0.147276024816132,0.1524445622708397,0.028765519621122948
CCCATACCAACTTGAC-D2_NoStim,0.10245649720401673,0.08896537557481743,0.3367967824765987,0.05008140046265552,0.18457994667943645,-0.032485021838516204,-0.07604360121821774,0.06891811801305003
CCCTCCTCACTGTCGG-D2_NoStim,-0.18677775003523678,-0.03329561402158099,0.1805677189409085,0.00044540704115370033,0.2645769363286128,0.07612187204101861,-0.05101060792493417,-0.04618631596568257
CCCTCCTGTAAACCTC-D2_NoStim,-0.0010807851456711148,0.029930805024186213,-0.08057928821765259,0.07943828976247325,0.04667251908134418,0.07006336737999685,0.12782087241703843,0.05194074325836873
CCCTCCTGTCTCTCGT-D2_NoStim,0.11752391434195175,0.0821016216671051,0.2597798195200056,0.07582824770002539,0.15875162060863524,0.027075313486892405,0.09371901118982517,0.07805040249087547
CCCTCCTTCCAGATCA-D2_NoStim,-0.0661605919322934,0.002293258647162233,-0.1476918566400407,-0.008404237940515813,-0.027182581176477427,0.015378025211252755,0.028335486646569485,-0.05228804321097691
CCGGGATAGACACTAA-D2_NoStim,0.1284712617097572,0.09998330680488365,0.10079989386268551,0.053429604192322344,0.09281648544913246,0.01412994985217697,-0.12317713777339545,0.06314853188554181
CCGGGATAGGGCTCTC-D2_NoStim,-0.04888367952240458,0.03801972384892238,0.19826797342041225,0.07482250419243286,0.21700663888302252,0.13100187153867093,0.2881668187542781,0.013685454916901207
CCGGGATGTTCGGGCT-D2_NoStim,-0.09744675650133416,0.029875896305300742,0.3205555815669907,-0.07735894100826535,0.4845478936144847,0.011398055749680225,0.05227874049334247,-0.04806140395793257
CCGGGATTCTCGAGTA-D2_NoStim,-0.19615181213905153,-0.14466786838498358,-0.3616885173516948,0.010072175182711973,-0.09566931600338258,0.0838322336182884,-0.040281432613577195,-0.04526799042618812
CCGGTAGGTCCGTCAG-D2_NoStim,-0.04539772751339477,-0.05430577489864774,-0.20559475137791594,0.027061246555703633,0.10663188870561946,0.08659755887988219,0.08679994006373803,-0.025428076533259514
CCGGTAGGTTTGGGCC-D2_NoStim,0.021890745833585967,0.0678853046118082,-0.00977679244509666,0.11690526228019316,0.07326748328082644,0.046171093827102716,0.17637050785101493,0.0695903684824728
CCGTACTGTTGGGACA-D2_NoStim,0.037216106699199614,0.05020595064156019,-0.2930816115382573,0.07732399413061586,-0.006221076711112161,0.06936044584588874,0.10370082503920575,0.052502119097933786
CCGTGGAAGACTGTAA-D2_NoStim,0.07000965531340952,0.10429599934818867,0.2177596381353748,0.04815265107096067,0.07697526327598503,0.0027213245209125603,0.011814142517597936,0.04950963356515814
CCGTGGAAGAGTCGGT-D2_NoStim,-0.07260192474482707,0.03534471958709595,0.3840736449534248,-0.10244874101089607,0.22979529310797275,-0.11176585796757621,-0.09966003965533332,-0.040779025611664466
CCGTTCACACAGCCCA-D2_NoStim,0.0023632689256274375,-0.0010847023686846313,-0.2628110521735607,0.05539275876518701,-0.027016581536468465,0.08584660490019225,0.11183679705956084,0.010557768783817423
CCGTTCAGTTGACGTT-D2_NoStim,0.006448309679408126,0.024994743732342783,0.038383823377470705,-0.002026874564201364,-0.08003724343761398,-0.1246633077456174,-0.08079537956694516,-0.01793155289764492
CCGTTCATCCGCTGTT-D2_NoStim,-0.09343149699163078,0.04346149067118965,0.04809083894812183,-0.08246986661698585,-0.07310747770752002,-0.14280557579488296,-0.26645099313233,-0.07610076871261917
CCTAAAGAGTGTTGAA-D2_NoStim,0.002445276671002361,-0.04105000927840585,-0.2685885037878908,0.03616735964396156,0.00887716579511455,0.13987409084071345,0.045833108271995826,-0.002781846951039668
CCTAAAGTCACCGGGT-D2_NoStim,-0.12938651528785527,-0.03812269543356095,0.06388831967077557,-0.050928211093763665,0.19740788620378957,-0.05064718679890312,-0.07174634553401393,-0.06613553938001004
CCTAAAGTCTTGTTTG-D2_NoStim,-0.00030695781399359134,0.009089539531002444,-0.2952949076602014,0.041959931665056516,-0.11551673976230248,0.06730135853633445,0.03399794713467097,0.0013198512191667788
CCTACACGTTAAGATG-D2_NoStim,-0.1388893229488044,-0.051795326783143025,0.10499683863213605,0.09629872270054207,0.24543043590068514,0.09199837876395733,0.27236028328168427,-0.008222785385065379
CCTACCACAGTATCTG-D2_NoStim,-0.017597324719213603,0.006033808341960878,-0.14768568392360493,0.032398782877946175,-0.058371560384548715,0.059985803163495,0.03668127148589928,0.01028648176793645
CCTAGCTGTCCAGTGC-D2_NoStim,-0.02804176727786789,0.041438768330772646,0.012328060202650093,-0.011011259383232996,-0.07876893711200239,-0.029256889274176245,-0.07745457998624339,0.009528751251689727
CCTAGCTTCATCATTC-D2_NoStim,-0.11295869133924441,-0.026718237098972253,-0.08842406379657675,-0.058439989426897654,0.052337153976949935,-0.06084274308874704,-0.0327790467754383,-0.06867091345834098
CCTATTACAGCGTTCG-D2_NoStim,-0.01518215483196883,0.0832156361611105,0.02987188555217557,0.008224678616128855,-0.055333168262205135,-0.02358121058604823,0.04771455775210587,0.0009320775741965548
CCTATTAGTTATCGGT-D2_NoStim,-0.025989245481104817,-0.011862684562659709,-0.02889329034205801,0.015502883654209043,-0.07201734883292055,0.05437034297746912,-0.001954164157550231,0.014543933771836492
CCTCTGACACGAGGTA-D2_NoStim,0.0625461529038489,0.06836558158342321,0.29373509161576017,0.07129587733929732,0.184618999711736,0.09325791896580693,0.0959258065518318,0.08260019948172292
CCTCTGATCCTTGACC-D2_NoStim,-0.08717195060687288,-0.0034987912266242205,-0.1222986213296231,0.08682923767946171,-0.03902569230923447,0.05901155285844428,0.17261573540227726,0.043921835478066384
CCTTCCCTCCCAACGG-D2_NoStim,-0.010239666280313031,-0.017519091914671492,-0.20183384933342197,0.02725678122012809,-0.04488484542139837,0.0726625014708473,0.021486374899062355,-0.0034966287513444883
CCTTCGAGTATCTGCA-D2_NoStim,0.003319209877506779,0.09767230527750037,0.1918786355887132,0.04392878481657725,0.0607439141462347,-0.02758939394322546,0.05475543568118724,0.06968147299692262
CCTTTCTAGATGGCGT-D2_NoStim,-0.16948392360987974,0.050315160052285535,-0.2688402407279815,0.16572129195261454,-0.17229099875038933,0.09589262078923788,0.2346822815465277,0.1053263164256002
CCTTTCTAGTGGCACA-D2_NoStim,0.01759795477701509,-0.03159430071344538,-0.13039699204738042,0.03704480654371878,0.04228448370334803,0.05577604954869386,-0.00784685587023315,-0.0002926247273293825
CCTTTCTTCTAGCACA-D2_NoStim,-0.12869318770122362,-0.03761991770048212,-0.25110450133151474,-0.040720620547185504,-0.019718258535517563,-0.022423705876517097,0.12549499306782064,-0.05894392995041109
CCTTTCTTCTCATTCA-D2_NoStim,-0.13956203376529075,-0.011318889452642367,-0.2071247465138768,-0.031554540366283135,0.1651349911968527,0.06256534932386959,0.02403447909162537,-0.07442818212179603
CGAACATAGCAATCTC-D2_NoStim,0.027384682341958566,0.014168658997350647,-0.13011014468408,0.1076976260200837,0.015049593474259382,0.12960101444649563,0.10987124343540167,0.03920405728067955
CGAACATAGTGTTAGA-D2_NoStim,-0.07369172767936583,-0.011838300646562772,-0.10036649096640993,0.0506919621626416,-0.2100529303300469,0.07366888169947217,0.08373946897878959,-0.0015244881063036786
CGAACATGTCAATGTC-D2_NoStim,-0.08328885972171207,-0.06767440394691349,-0.21748471510829503,0.026504279046324797,0.20346325740979765,0.12364469485103058,0.09051804314696721,-0.02327849612520083
CGAACATTCGGACAAG-D2_NoStim,0.1029620492133212,0.08272649396445608,0.014807247843686255,0.049648747245431224,-0.09941301999123198,-0.01202952860270834,0.060705179651941776,0.024092281502888113
CGACCTTAGCGTAGTG-D2_NoStim,0.01452473556227929,-0.015782476964021797,-0.18509802347973192,0.05510356881419831,0.010149309089380054,0.07379009225081923,0.027748321682696364,0.004695314497405789
CGACCTTAGGTGCTTT-D2_NoStim,0.0017209084752369819,0.014134610039093332,-0.0863233622868993,0.0303625445682858,-0.11013617069282056,0.06233881386816531,0.04203520209265443,0.013321107042663982
CGACCTTCAATAACGA-D2_NoStim,0.10649605158182673,0.11516567952129719,-0.0044553695274451854,0.08033667698963676,-0.0311842127463553,0.0588865733606081,-0.04892731589842647,0.048816944067374024
CGACCTTGTATAAACG-D2_NoStim,0.061242964878026385,0.0891417016637508,0.09295507378945445,0.0633453586938515,-0.1150759542292743,0.006087480381861354,0.09598997953142518,0.04186159931850497
CGACCTTTCAGGCCCA-D2_NoStim,0.09395189986829067,0.08589807407495265,-0.00581028185665744,0.05567633875985045,0.04914855333262835,0.04179538688010265,0.004324497584574871,0.03817427227842174
CGACTTCGTAATAGCA-D2_NoStim,-0.1355197662373424,-0.02635473754531681,0.19780393535131857,0.005963783644951093,0.2681950991310895,0.028322019370575546,0.05563914187199703,-0.09297051805648593
CGACTTCTCCAGATCA-D2_NoStim,-0.00930436934186929,0.004576530603230822,-0.12984615355333595,0.05051241459766054,-0.07821424778531316,0.03210442610675024,0.07605201620435853,0.01207474665269892
CGAGCACGTAACGTTC-D2_NoStim,0.00989388769148647,0.0565601308520467,-0.12854371213090232,0.03826699517404819,-0.0740378797138419,0.038074648335192585,0.010863884937153845,0.01793648973245965
CGAGCACGTACCGTAT-D2_NoStim,0.015233028467958931,0.08356412771765065,0.16079235256861146,0.017606661213172003,0.0865404262691527,-0.0677639244973296,-0.08513353069256091,0.02341726754864304
CGAGCCAGTATATGAG-D2_NoStim,-0.11930501745864319,-0.0024011801712475744,0.2395184633594436,0.03410403493742464,0.3148110686864065,0.009119674987730697,0.08515285879585299,-0.03810026373608544
CGAGCCAGTTAGATGA-D2_NoStim,0.05887685104712226,0.09778523190364297,0.24773214801864363,0.027205669181972425,0.031120717777586293,-0.1366675346270494,-0.05397069096339813,0.02919411718450249
CGATCGGGTTGATTGC-D2_NoStim,-0.14092794749561932,-0.033248031051847704,0.14723611848904383,0.006694509665996051,0.3000354204581104,0.04955018467241956,0.1231594858601941,-0.07047330322608225
CGATCGGTCGGAATCT-D2_NoStim,0.09997020349498875,0.08418360835467809,-0.017614553877793426,0.10170926903172628,0.038691376356625895,0.03864684815239716,0.013448634424072736,0.06100254113783521
CGATGGCAGAGTTGGC-D2_NoStim,0.0038833476339288353,0.027582683256467178,-0.17913143114923358,0.012264221963086186,0.0003557577391610778,0.033814413122648546,0.01888849024609973,0.0006577325802421541
CGATGGCCATTTGCTT-D2_NoStim,0.038104609377352716,0.050119874381296725,-0.09814993473065492,0.0644297477119693,-0.10205099813241958,0.08346104778108998,0.03176067780090186,0.013341633950499698
CGATGGCTCGTTACGA-D2_NoStim,0.10527182903356547,0.1038257363957058,0.061037714923303454,0.07770449373976973,0.08437306558195168,0.12642345593691928,-0.010297632898715214,0.08306454120143947
CGCCAAGGTGGTACAG-D2_NoStim,-0.18697288832899517,-0.03797743048889579,0.2626567186153448,-0.008785472222207602,0.3639192114919805,-0.027882833518984462,0.1733009450688785,-0.10236355643142936
CGCGGTAAGTGGAGTC-D2_NoStim,-0.002099573748488126,0.004768964882110538,0.3743785841658642,0.117384728284323,0.2401769909803928,0.1001164220306503,0.568600941810181,0.037536521696765135
CGCGGTACAGGCTCAC-D2_NoStim,0.043553790118282976,0.07071776743977942,-0.051668106163766936,0.1056814401661601,0.07797025913429145,0.1527513950801609,0.08835006035121751,0.001224924179803466
CGCGTTTAGCTAACTC-D2_NoStim,-0.04099522996245142,0.04580826506598079,0.05730975868135779,-0.045203804472338405,-0.04233391554102717,-0.09360261729711716,-0.07687256728750036,-0.025063911405894146
CGCGTTTGTAAACGCG-D2_NoStim,0.0666676609624055,-0.03269763957265326,-0.26313014941413115,0.10475731013050726,-0.09008622216581941,0.12295077647249553,0.3169308781207967,0.04968940296097557
CGCTATCAGCCAGGAT-D2_NoStim,-0.087382892271334,0.07013589514086505,0.0388602215392595,-0.05402730111587495,-0.26042119934500363,-0.21034109850146443,-0.16570030621396992,-0.06316592434175661
CGCTATCAGCGTTGCC-D2_NoStim,-0.21682245457805926,0.04709040807945364,0.33102041789402037,-0.17792807133661626,0.24640378686282638,-0.2727739741543793,-0.50152164192182,-0.1973412298872237
CGCTATCTCATGTCTT-D2_NoStim,0.018020915621601574,-0.012637850360237124,-0.12221372445162615,0.03392542707049273,0.012681381387046997,0.10862161212705423,0.0033151773333268686,-0.015989415674056318
CGCTTCAAGACACGAC-D2_NoStim,0.007896602151907572,0.0035064442183916356,-0.20405777131936098,0.05572656783314578,-0.06653941167729727,0.09634210091672823,0.04729197739884672,0.013655464404081386
CGCTTCAAGGAGTCTG-D2_NoStim,-0.18206601640292064,-0.07085151039331805,0.2653761860758106,0.05435185910473095,0.38516157260518646,0.018901348801991347,0.20946856248681023,-0.01011020156862763
CGCTTCACATTAGGCT-D2_NoStim,0.008558481156427433,0.004476296083312903,-0.04294565268293482,0.03507899662524672,0.0017515766765328067,0.0267882095026728,0.03429670815791219,0.006001117679060641
CGCTTCAGTCGGCACT-D2_NoStim,0.07298667857548757,0.052748739684632895,0.21923303618846113,0.07619487029419325,0.1539078274348178,0.005552875326698015,0.028720370341138945,0.06388209256787647
CGCTTCATCTTCCTTC-D2_NoStim,-0.073078642714135,-0.0678286091259821,-0.24870903293654933,0.0013834958139131714,-0.03132464364871801,0.024126074278254528,0.12061219677603052,-0.045396729473818453
CGGACACCATCTCGCT-D2_NoStim,0.03444017817732359,0.06627842871357004,-0.03667466832219013,0.03971302394991838,0.028972165797934935,0.031619816630616526,0.018274509589818244,0.037311458440671075
CGGACACTCCTTGCCA-D2_NoStim,0.06793358023494633,0.03831696114245986,0.06780086552866749,0.0881207669435895,0.07024788964023365,0.07471252441104781,0.05134756092755932,0.061545191148509204
CGGACACTCTTTCCTC-D2_NoStim,0.038876248531781954,0.08062561246589084,-0.1799404072657289,0.09357411269184013,0.034950896919706764,0.1456548831313711,0.023293565954712214,0.06746174801843985
CGGACGTAGAAACGAG-D2_NoStim,0.045190943377274806,0.05724253705334981,-0.019016686645414893,0.05533807675712765,-0.011836779914736084,0.0556499203086922,0.06004849048727934,0.03716942251358901
CGGACTGAGAACAACT-D2_NoStim,0.06343725143507939,0.05549104407258909,-0.19535567059210202,0.06717390516339528,-0.06328169344068613,0.052589649608055566,0.0319719903704363,0.040327328014104324
CGGACTGCACAACTGT-D2_NoStim,-0.08529934197180822,0.03453891919740215,0.28688506493529076,-0.10120716184124134,0.24266617082084707,-0.10737030578720308,-0.07683751772556224,-0.055519294647817574
CGGAGCTAGTTCGCAT-D2_NoStim,0.0789957722955279,0.11436360189343553,-0.013899359581454718,0.07362582709553145,0.007961018407858234,0.016850622670647297,-0.011196614335868382,0.0673225555702448
CGGAGCTCAAGCGATG-D2_NoStim,-0.04148190596676571,-0.011967038640289474,-0.2062121608253058,0.024663361521026772,-0.018452900859356802,0.05944160325848902,-0.004074816916536328,-0.01292510171001382
CGGAGTCAGCCAGGAT-D2_NoStim,-0.01119563795205103,0.04477831070404292,-0.13647952729865231,0.03196376153031011,-0.0526528335630978,0.005175678601986533,0.016039836555445053,0.0205774991715586
CGGAGTCGTGCTAGCC-D2_NoStim,0.0807965675744029,0.06780430133566817,0.3674429165674411,0.1036061932980985,0.2732405272398175,0.09547546311160016,0.13583328353481017,0.07729786025175223
CGGCTAGGTAGCTCCG-D2_NoStim,-0.04150482080796536,0.05293484979484653,0.13000967282515496,-0.04021774292442615,0.009299543319771786,-0.11756792216806744,-0.06558853161867084,0.005499939396656828
CGGCTAGTCTATCGCC-D2_NoStim,0.028538988344513072,0.08212161143876173,0.2141201154891661,0.00016851432012998657,0.0904870445939725,-0.08644226488782714,0.03256514075480199,0.06291702080151751
CGGGTCAGTCGAAAGC-D2_NoStim,0.08870544373524325,0.10117574151774633,0.11428446205113474,0.09170662023033671,-0.07614400598956905,0.013312256426440072,0.038212269725952375,0.06556690950593946
CGGTTAATCACTTACT-D2_NoStim,0.08598808455866802,0.05345651115902861,-0.14924844063188836,0.100225825736457,0.053870830388456525,0.1376622296629577,0.11626739333544389,0.05118009603826934
CGGTTAATCCATGAAC-D2_NoStim,0.04272764852427002,0.05120895045476814,-0.06087735398362604,0.05407946287082588,0.01926108309534591,0.03219028948085345,0.04742619545942617,0.04266151791172135
CGGTTAATCTCAACTT-D2_NoStim,0.024615974650888717,0.0755342116674722,0.016973364644233158,0.059025969885700746,0.03671310307568909,0.07116503829965737,0.08402084019720046,0.05551717096511233
CGTAGCGGTACGAAAT-D2_NoStim,0.049875123798143406,0.0773850467544559,0.00558089487332758,0.04651979008952445,-0.06152044441401294,0.10589937480172118,0.0717577599740089,0.037158482315321706
CGTAGCGTCCTTTACA-D2_NoStim,-0.07110819511829547,0.04345604258067581,0.23543692831750995,0.021645975402575957,0.11706776210599834,0.030952936919963925,0.03574811004386236,0.013401346323913543
CGTAGCGTCGTTACAG-D2_NoStim,-0.009569720588052277,0.11408718909650162,0.3836240494752641,-0.02423801889423416,0.13266408600178003,-0.17930838804143256,-0.2197718195617231,-0.025400612022417945
CGTAGGCAGCCACGCT-D2_NoStim,0.007693460038241895,0.04480172067689381,0.05111278716658063,0.047288422060850266,-0.12386267821607788,-0.009206605081237385,0.007671192140900729,0.003713093760907782
CGTCACTTCTCTGTCG-D2_NoStim,0.08191674303902019,0.1028460947875125,0.2431203599236902,0.017563147406287172,0.13681868805064745,-0.010773123646043103,-0.0326363153368332,0.05463834449343885
CGTCAGGAGTACGTTC-D2_NoStim,0.10356697625035416,0.08109942321372898,0.4196869576873805,0.06630624584623845,0.15912536371961217,0.006214310706380566,0.05275092593121489,0.09676249918622304
CGTCCATCACTGTGTA-D2_NoStim,-0.04295949629778484,0.049966655565132356,-0.12345984700419166,0.053892526077584435,-0.05343219600226767,0.06325823098944205,0.0017428972727362435,-0.012281488238055971
CGTCCATTCGATAGAA-D2_NoStim,-0.05903408010628297,-0.01611805668566113,-0.10846320003009424,0.001699632518105787,0.0969946923260494,0.02896716566082347,0.01569143464444256,-0.04063987712812711
CGTCTACCAGACTCGC-D2_NoStim,0.04224878999668391,0.07282000873728123,0.39769207199553946,0.08053401487306111,0.268675383940268,0.13605851069916586,0.11946152874935567,0.05426348928376434
CGTGAGCAGTTGTAGA-D2_NoStim,0.006381729691625537,0.0731766628377315,0.005663627251431436,0.022222741424188897,-0.04726552137177542,0.015753553370872808,0.02509223592335008,0.02991439676774199
CGTGAGCCATGTTGAC-D2_NoStim,-0.06612684330963603,0.09014206061257823,0.42155479535718854,-0.07567470982854019,0.25292816838262766,-0.08921484363906629,-0.17475937268066133,-0.04446122248447537
CGTGAGCTCGGACAAG-D2_NoStim,0.13334084556614378,0.06626383987351225,0.24204775180309035,0.06574712343918243,0.15473660735788464,0.06336509080765307,0.05059787753917977,0.06767508230787911
CGTGTAAAGGGTCTCC-D2_NoStim,0.10318042713296371,0.06855378800697842,0.32918470921337395,0.11363171459500876,0.14038427722965174,0.08600350250185862,0.12066004733960778,0.10159510984586362
CGTTAGACACACGCTG-D2_NoStim,-0.10252188571845977,-0.04112710258488583,-0.17202116252242483,0.07632867138827493,0.11504092861303228,0.14759464323624982,0.16945287090895267,-0.019622102644037298
CGTTAGACACGTCAGC-D2_NoStim,0.01094585590283792,0.05461215129422392,-0.18351146502760507,0.05357813746916662,-0.12445230763962556,0.08367216496356367,0.034029084500184936,0.022684614785765334
CGTTCTGCAAGCGATG-D2_NoStim,0.0663077437761519,0.07338728090462254,0.18095951535460486,0.04988192950398407,0.1820406637294596,0.02195578396429898,0.04604245582795752,0.06362195552384797
CGTTGGGCATTGAGCT-D2_NoStim,-0.077876760186534,-0.036528951753187044,-0.13952277710157368,-0.06208239751996203,-0.08604456728665077,-0.1137539004709307,-0.13813987301149488,-0.032514186949081036
CTAACTTAGGGTGTTG-D2_NoStim,-0.007672039045123924,0.01802557129994753,-0.23271670212216833,0.035308857092017476,-0.009645341028310384,0.04214423044437421,0.031100208087376124,-0.010183306236807965
CTAACTTCACGACGAA-D2_NoStim,0.017462478026240902,0.01988938502327464,-0.2635490974496122,0.021562960260688158,-0.06119493816832211,0.035568354059487994,0.012177588071354606,0.032570188637791375
CTAACTTCATCGGTTA-D2_NoStim,0.03572079620000679,0.051818582220720444,0.2549623333531308,0.07817860943788801,0.15022647582428483,0.05634413447708031,0.11966294008141354,0.08029358507617523
CTAAGACCACGCGAAA-D2_NoStim,0.07993029633307813,0.0387119176469195,0.29252384522911257,0.10343711878151218,0.1850646421992419,0.053566379225216565,0.17888813304502316,0.09239684070514542
CTAAGACGTTCTCATT-D2_NoStim,-0.08337912235592704,-0.05358532430512675,-0.11925446970179365,0.002955728214319109,-0.035841201500140585,0.04033474390520997,0.06216017707307131,-0.013279910085438829
CTAATGGAGCGTGAAC-D2_NoStim,-0.0019226063027701912,0.06052268677773753,0.1509739760976334,0.0391236345758319,0.04974601864545214,-0.0015205748725435342,0.049414552383206356,0.03279133357422914
CTAATGGAGGTTACCT-D2_NoStim,0.08164613239336482,0.057973013679623264,-0.18287980929910042,0.10975685178856054,0.1685072157604175,0.14053257154071375,0.13542905533818494,0.07840847987393751
CTAATGGTCAACGGGA-D2_NoStim,-0.019710005161979183,0.013128775943632931,-0.18430879710385284,0.003320461669110486,-0.09138056459205934,0.01835651068171451,0.026745970767572125,0.000646222291512899
CTACACCAGCCACGTC-D2_NoStim,-0.14396760845161083,-0.012356682545496156,-0.3684837465112345,-0.0515489522841186,0.010517122365047982,-0.11384009941874851,-0.031250700873630244,-0.09215524669256858
CTACATTAGAGCTATA-D2_NoStim,0.021276022818600637,0.07645726825839638,-0.09504193323759225,0.02889256499683235,-0.04746186376278949,-0.00661583413937894,0.0155656980646528,0.03368388123486099
CTACATTCATCCCACT-D2_NoStim,0.10513469090480676,0.06575076141687752,0.3456623242393544,0.08081844452335751,0.11889223942495164,0.0288055498884372,0.003704992689484321,0.07507027331672766
CTACCCAAGCCAGTTT-D2_NoStim,-0.06216739482119493,-0.014732947965514498,-0.08998199885622782,0.1024691576850163,0.10635534914806932,0.13061438882578003,0.12194953048139379,0.03471695900933014
CTACCCAAGGACTGGT-D2_NoStim,0.06662324416818066,0.07017154622272237,-0.1294492437133048,0.08604278302103552,0.06569329149288805,0.05220009357833977,0.08789877506817678,0.06492623743196368
CTACCCAAGTTCGCAT-D2_NoStim,-0.07126367784558063,-0.005199534673124617,0.226238634218765,0.017140769086379848,0.3171960191915879,0.10325469342492788,0.012085282408341058,-0.012626246527547735
CTACGTCCACCGAATT-D2_NoStim,0.09242533731129043,0.052836331033518036,0.1391938586511383,0.10841164842159934,0.0883370053671122,0.08421467755675494,0.11985216542683697,0.06636883258674509
CTAGAGTAGCGTAGTG-D2_NoStim,-0.015364655190975185,0.09772459190280891,0.11564180111457212,-0.10977688665438912,0.27071350412137285,-0.09031791055830496,-0.8330391659435046,-0.14478639244535252
CTAGAGTCAGGTCTCG-D2_NoStim,0.1076807090604337,0.04899531182302397,0.2063954853305514,0.10410589288940031,0.11839408608692636,0.11726262009705302,0.04110647660777378,0.06534666385426924
CTAGAGTGTCGCTTTC-D2_NoStim,0.05068177422918119,0.09047606210525139,0.1918225961644957,0.07507269495089908,0.07125028835332792,0.07526797148661935,0.0030710547315893066,0.08377636780379127
CTAGCCTTCGGAGGTA-D2_NoStim,0.061812357473270296,-0.002431787335979152,-0.03022637899819003,0.05398645096915011,0.002396118033306749,0.07747571228192562,0.05297959665175345,0.003793438867907284
CTCACACAGTACCGGA-D2_NoStim,0.05264694638328393,0.05026838064261874,-0.1461838780016329,0.033409791683565615,0.0042954479060473005,0.00866120370566037,0.02022386240431384,0.041752376598614305
CTCACACGTGTTCGAT-D2_NoStim,-0.03994859435287523,0.04456680902564081,-0.18095776408899944,0.013964313440871123,-0.330753855345268,-0.022315037207553345,0.059825412605270856,-0.0217383935962836
CTCAGAAGTATTCTCT-D2_NoStim,-0.10981612861898782,-0.02434937430750317,-0.3438097891340881,0.147113125427067,0.11122193357139132,0.16335714828658254,0.12194778146854013,0.024189086629171186
CTCATTAAGCCAGTAG-D2_NoStim,-0.03452345705723303,0.018078235194005643,-0.0329063306362638,0.02681381638707414,-0.0797889390953177,0.04806720577004775,-0.021881749696591513,0.00042935706909830174
CTCATTAAGTCGAGTG-D2_NoStim,0.025401318579564958,0.07928114126138475,0.0280852430874301,0.02442722300268052,0.03950553732365236,0.03374816621277876,-0.004087562263127786,0.03641068121162583
CTCATTAGTCTCCCTA-D2_NoStim,-0.02237005544056636,-0.035488315357783407,-0.24075232495507137,0.0340068233528914,0.05149589952927336,0.09481939513720583,0.1252707177932466,-0.01925242430206353
CTCCTAGCACGGTGTC-D2_NoStim,0.008567105797183672,0.04672323699359282,-0.0022511195060541667,0.12842740249318751,0.1390910929826923,0.1410854052099273,0.4056225642963467,0.058783615754240515
CTCCTAGGTGATGTCT-D2_NoStim,-0.021322860177873437,-0.023136725078195752,-0.05180459072610688,0.0037566760762022255,0.017032522155572494,0.0197052293901816,0.05925937086569766,0.0007769258633345544
CTCCTAGTCGCGCCAA-D2_NoStim,0.016166793834599957,0.0689990562788978,0.30287794853216,0.016619697280935597,0.12695122887125265,-0.021205057990616005,0.05858764674511452,0.07106683279220505
CTCGAAAAGATACACA-D2_NoStim,0.04030917345508911,0.07596241075649068,0.054756033169987006,0.04193034009376184,-0.051226861013683234,0.03526423280615365,0.01244357502737481,0.038908200264531345
CTCGAAATCGACCAGC-D2_NoStim,-0.08923235181363331,-0.03206797554675411,-0.24427271762771774,0.00959463490884005,-0.04169005080716737,-0.029653600301283944,0.05730820451529173,-0.005979932327983661
CTCGGAGAGCGTGAGT-D2_NoStim,0.012130030447753626,0.00039215129568503926,-0.09667808805413891,0.026368140404949614,-0.04789800229670149,0.1040414324759995,0.010647683133009345,0.0009900808989868892
CTCGGAGCAGCTGTTA-D2_NoStim,-0.05136496281790315,-0.0011670520059787748,-0.3679908423123681,0.09681403028336888,-0.11148953788111271,0.19289127702981546,0.12307385311358487,0.029412822951647044
CTCGGGAAGTCGATAA-D2_NoStim,-0.03488437937178368,0.056301659254780034,0.06963975638977438,0.030164642640958306,-0.037051893229140376,-0.026233923733671283,0.018049989076594386,0.023594186192914535
CTCGGGACACTGTCGG-D2_NoStim,0.07010113649706184,0.08146452092518786,0.32132290555543896,0.07614977763580022,0.14938896452010297,0.038056978490493165,0.06389027850343076,0.09737525197954255
CTCGGGACATCCCACT-D2_NoStim,0.01795833895060106,0.04831127630642662,0.26050699007831746,0.06687422167741275,0.22314830752325499,0.07607951650650868,0.062178666751784295,0.051577131362833484
CTCGGGAGTATTCTCT-D2_NoStim,0.12714837917667055,0.08284886861712337,0.3222749660385684,0.0798048494779664,0.19430116074860138,0.01726567986430627,-0.04500381697109468,0.0856369224057012
CTCGTACCAAGGTTTC-D2_NoStim,0.023029398208619156,0.036934877303339775,-0.12276446380183792,0.1150863342739381,0.07873598086368716,0.11043577398331195,0.23673028252810457,0.0662306894607756
CTCGTACGTGTGGTTT-D2_NoStim,0.07736096677746929,0.06922348438114234,0.3030825463500548,0.05971529435757539,0.14821620709555106,0.034416491860872256,0.04144252306924656,0.06093993398482134
CTCGTACTCGGCCGAT-D2_NoStim,-0.07426503690241404,0.030990657520561626,-0.11908518264163703,0.05315710431685794,-0.16796204497010692,-0.05106407071811603,0.022327433465569868,-0.02092145969509218
CTCGTCAAGCCCGAAA-D2_NoStim,0.1140292894336028,0.1103874010146555,0.20225612972122597,0.06536849938130018,0.10252500974313783,0.044912075723713585,-0.043309449872722006,0.06712708182580585
CTCGTCAAGTGTCCAT-D2_NoStim,0.08241412470472298,0.07023867926852034,0.060242541533119365,0.0723739510753223,0.06819341684892244,0.07635810287245448,0.07331229741465783,0.0658217391814393
CTCGTCATCTTAACCT-D2_NoStim,0.001505148769590292,-0.05235455995207339,-0.33322161881203627,0.05577219465858185,0.18547212423252724,0.18889101136931075,0.1163191316031491,-0.0006911836580059116
CTCTAATGTCCATCCT-D2_NoStim,-0.0586428431431969,-0.007153446955532772,-0.21071582946220602,0.021296662018146506,-0.0507675400082217,-0.006787273955408679,0.01201487138530366,0.009037268982293511
CTCTAATGTCGCTTCT-D2_NoStim,0.03709494432145988,0.016317928411176297,-0.17247264338149293,0.0350144602551552,-0.027725254333981653,0.06631734600887107,-0.006037405305471477,0.02350284783872425
CTCTACGTCAAACGGG-D2_NoStim,0.03816727778549911,0.037331513607684386,-0.0442297189921792,0.07954321192610969,0.0028069797383345474,0.05603262739796566,0.049479143915857726,0.04040970160107982
CTCTGGTCAGTCACTA-D2_NoStim,0.010890065867565468,0.001592135457244126,-0.12620117045279144,0.05991837299095337,-0.06831069875009099,0.04527256052253392,0.038595360524959155,0.017328029696725977
CTCTGGTGTAAATGAC-D2_NoStim,0.02276713986925749,0.024234857802731824,-0.25319446012103874,0.060270829695062034,-0.038099217687014075,0.07149538385796195,0.172723260437186,0.026838229285104376
CTGAAACAGGCATTGG-D2_NoStim,0.04393082348431321,0.08084858661513472,0.044904407000551316,0.02811845929301704,-0.1196244256826482,-0.05900311716236395,0.053564582605466704,0.0011887764831719494
CTGAAACGTCAATACC-D2_NoStim,0.04125070122172225,0.0683265600823173,-0.089686428797771,0.030131912050668674,0.05105693477324458,0.008572914710178736,0.052003409253926325,0.02782793191821753
CTGAAACTCGGAGCAA-D2_NoStim,-0.0728210953173356,0.03666116565947597,0.195071493338153,-0.06125346740268789,0.1104658578261759,-0.08011469320237374,-0.034393365017474586,-0.03406393970516319
CTGATAGGTTCGGGCT-D2_NoStim,0.11925549038659256,0.11037767452125635,0.10075005226518208,0.09351023650344281,0.08824485035492025,0.08013534418579393,-0.04309252181041057,0.07169559604670184
CTGATAGTCTCGGACG-D2_NoStim,0.007851644756989629,0.07305544327953939,0.12139152420537158,0.031644003429939005,0.040521481819425276,0.10219004590997383,-0.11491382234001346,0.04582177357772288
CTGATAGTCTCTTATG-D2_NoStim,0.01291152807253404,0.02625389161577729,-0.02856705539815252,0.040677410634174294,0.05731748232284062,0.084469670154947,0.10880452234187299,0.03868160790228359
CTGCGGACACGTAAGG-D2_NoStim,-0.05556326118894894,0.014389601834425392,-0.11090091092728471,-0.008016151747252565,0.06560369891028373,0.013590777530657405,-0.017646845353079144,-0.051439250037377704
CTGCGGAGTAGCGATG-D2_NoStim,0.12588957014053115,0.09573937478076644,0.23836992936141677,0.05417702416853665,0.1449178960329789,0.047376325289651966,0.020742982904864427,0.07014434153940918
CTGCGGATCTTAACCT-D2_NoStim,0.15458120034035616,0.05739084841425246,-0.03784823712617147,0.057772008257188645,-0.1899600593600521,0.15857614835184286,0.12779305197354418,0.06289554923746898
CTGCTGTAGGTGCAAC-D2_NoStim,-0.19586276656603907,-0.00067571993375104,0.2400903815603037,-0.04614824852460231,0.31134412444555437,-0.03352240494398995,-0.08217383725343641,-0.12942565359137959
CTGCTGTAGTCCGGTC-D2_NoStim,0.06327301863948165,0.0646592926570051,0.13508861045104403,0.060904456626968084,0.1201425817974684,0.08734904965282908,0.057527137713511145,0.04644019393954757
CTGCTGTTCAATCTCT-D2_NoStim,-0.021140491161519392,0.016418026032226862,-0.02728061906397805,0.11678607732620172,0.22614014302758179,0.1304759406007685,0.11975770637634486,0.05627267943508052
CTGGTCTAGCTAAGAT-D2_NoStim,-0.051727302831592326,0.062353517163399985,-0.02898793460020599,0.03291970731341998,-0.11360431291536166,-0.040686410776139326,0.02104743660663022,-0.0166963205121764
CTGTGCTAGAAGGTTT-D2_NoStim,0.0353056009817454,0.04113557475309726,-0.135911238298128,0.050869486538996256,-0.06226492085410129,0.06357429131013603,0.1325447293797959,0.050605773649463615
CTGTGCTGTATAGGGC-D2_NoStim,-0.004802747183566325,0.04854704253532027,-0.11308546371196826,0.015032165696769795,-0.049273666044179265,-0.004074140833006723,0.039428200931224566,0.02563635867406866
CTGTTTAAGTTAGCGG-D2_NoStim,-0.06712672742821546,0.05078189766172336,0.14867293465229459,-0.11960990111137626,0.11176454675419834,-0.12765738767573787,-0.10498528817715869,-0.022034576806138517
CTGTTTACAGGCGATA-D2_NoStim,-0.09531514158395105,0.05353181981116428,0.10449043466898367,-0.006471253016304246,0.2630839805182177,0.08937517818858787,0.036746607295314426,-0.037589545259820056
CTTAACTAGATCGATA-D2_NoStim,-0.016755476485236898,0.015185777005539691,-0.13914112916728527,0.037088406507438165,-0.03110246825985996,0.10470420241061262,0.051639845973495024,-0.009357591274216759
CTTAACTAGCTAGCCC-D2_NoStim,-0.0361032548972009,-0.022201382564153604,-0.1630655593193886,0.09707872624302816,-0.03507440501492631,0.10697537686290648,0.15557489935868052,0.026485190996798025
CTTAACTTCGAGGTAG-D2_NoStim,0.08979359680405885,0.0750974768852366,0.017946788367947164,0.04397395948305238,-0.010075401590675881,0.07739311201851251,-0.11589313333964313,0.025099619126045525
CTTACCGGTCGACTGC-D2_NoStim,0.010177289155048896,0.089883968147916,0.39526884330468093,-0.035880021468125634,0.060829791373022246,-0.10333985025668468,-0.24508030117913826,-0.02810477836306724
CTTAGGAAGTGGTAGC-D2_NoStim,0.0017637065801121565,0.04255629956626272,0.23586426774698666,0.08659808752663878,0.19074298150859725,0.09816312254999104,0.011562511902272199,0.039049966940973846
CTTAGGAGTACAGCAG-D2_NoStim,0.07721618887558712,0.1000089975979197,0.06082946116895016,0.06661686904367237,-0.021662630995349375,-0.021882003742773826,0.005301259042291839,0.052623041156865114
CTTAGGAGTACCCAAT-D2_NoStim,0.035941304557177034,0.0832761400867259,-0.0397467707495931,0.047462500720534706,0.0026356954528399257,0.055212579484680724,-0.005201281786535006,0.041073293401714395
CTTCTCTAGCGATAGC-D2_NoStim,0.021512717197635922,0.030201523783293993,-0.1857478626651723,0.04311793963249144,-0.03846756556108488,0.05703530705840887,-0.0005703364652505094,0.028143290258833886
CTTGGCTTCACGCATA-D2_NoStim,-0.08574019596304616,-0.03332223190421857,-0.16085570662020743,0.09733864678194593,0.07595248691649203,0.11786374363377128,0.22571035851105314,0.025615600701488717
CTTTGCGTCAGGCAAG-D2_NoStim,0.10276443306070782,0.10166966317771475,0.1674507658789075,0.11104997759359492,0.11115297742914976,0.1307552315041276,0.2376318919546332,0.08151846258087758
GAAACTCGTAGTAGTA-D2_NoStim,-0.015649373799867305,0.02777476656186728,-0.2621838838229458,0.07025801301131196,-0.10154025256391286,0.13401501677343042,0.04944034274299014,0.022935824916510583
GAAATGAAGGCACATG-D2_NoStim,-0.07989233082727054,0.03074631471201883,0.29868997498791217,0.017605984860159296,0.2758555280728423,0.012446974247119158,-0.010696503694794135,-0.011842566899478157
GAAATGAGTCAACATC-D2_NoStim,-0.03654352081339063,0.03727160247046868,-0.01075971343639992,0.0021107612942294907,-0.08102719399024672,-0.06523582797402483,-0.018209637004884982,-0.010142932893764112
GAAATGAGTGTGCCTG-D2_NoStim,0.011692270321420395,0.001334770236612215,-0.11917558374074488,0.034929091949232216,-0.02556171580114075,0.07506455523594013,0.03495679595523349,0.014415463217252622
GAACCTAAGGATGCGT-D2_NoStim,0.05187869354026198,0.06889841372410288,0.12269700440167775,0.06011227755808868,0.08003066009493054,0.02958785387721896,0.024351290076938703,0.03895525072891637
GAACGGACACGTCAGC-D2_NoStim,0.03473730118019347,0.0745907100487706,0.09320573723865166,0.043780338043164946,0.05634702797112645,0.0020145607055619408,0.0021762892395011946,0.058550253341485003
GAACGGACAGTTTACG-D2_NoStim,0.09525477268202565,-0.06664379048335611,-0.3661965888293981,0.16936782912372017,-0.09802643429705071,0.28619026282322757,0.37312593316215903,0.04669258135980847
GAACGGAGTGCAACGA-D2_NoStim,-0.10596710082438854,0.0489745556512986,0.3703954492611068,-0.08795553813116008,0.320099780785597,-0.13346635789081418,-0.07539521428555762,-0.07087759862156418
GAACGGATCGTCTGAA-D2_NoStim,-0.04121099955206553,0.05013569343904045,0.2044788068088117,-0.041213688958688266,-0.09459806396192683,-0.21437726082040598,-0.20776672830049048,-0.042754358440090456
GAAGCAGAGACCTTTG-D2_NoStim,-0.013358026765018849,0.019694570683672197,-0.21281538278360124,0.09893436287581991,0.10181735693119265,0.09748816803713378,0.11810263947094679,0.06527892969541504
GAAGCAGAGTGTCCAT-D2_NoStim,0.03112456427283483,0.0704930791204923,0.1901928021290935,0.009666545111301161,0.13667146007188258,0.005856265199041033,-0.10533904513403325,0.054040015293509214
GAAGCAGCACCAGGTC-D2_NoStim,-0.0032260164317285955,0.09496112429853554,0.22024529940398452,-0.03336489461799452,-0.008965289599602855,-0.1708999119808663,-0.09946858073780263,-0.027956367320447484
GAATGAAAGGCTCTTA-D2_NoStim,-0.00278792350258783,0.01988974357303519,-0.2930139386733366,0.03142671840210376,-0.0972779996772477,0.08964739159154611,0.016992902401926635,0.028510711770449504
GAATGAACACGGTGTC-D2_NoStim,0.07154905713245086,0.08712831854814951,0.12191789596142577,0.08532322292645134,0.05114451269728626,0.10878808704235965,-0.03573713716492666,0.03327343145129191
GACACGCCAGCGAACA-D2_NoStim,-0.02422051513158685,-0.0029630026788431962,-0.2974729360437216,0.1294011403929627,0.01592771396576964,0.14487990648646054,0.2291542964821387,0.0364909438396257
GACACGCTCCTTTCTC-D2_NoStim,0.0007173993992690697,-0.03796565986501399,-0.13104175358087033,0.048622573982523676,0.013955402634715952,0.11711027699637988,0.04199387788247444,-0.003593940589329492
GACAGAGCAGGCTGAA-D2_NoStim,-0.17002955931985042,0.02565662866929941,0.31887210852259074,-0.024920430681810046,0.10730477105646052,-0.04717128986796304,-0.03888123997429638,-0.02375930540429927
GACAGAGGTGTAAGTA-D2_NoStim,0.001919855382183755,-0.041608822537085643,-0.1769582230379676,0.03964975726827724,-0.015513412921743353,0.09533660020044632,0.019707105389920265,-0.002145886306811562
GACAGAGGTTTCCACC-D2_NoStim,0.004897729532391537,0.009946358873056838,-0.10157736871932777,0.09072453663206126,0.11291140257476329,0.13582689430494632,0.04071459864755367,0.04017630416836404
GACAGAGTCGGCGCTA-D2_NoStim,-0.0020574700517492772,0.027902171574444523,-0.12258789821228966,0.0628502784460565,-0.037452692382901276,0.12424808898223016,0.14597798051039046,0.027621936926797375
GACCAATCACACCGAC-D2_NoStim,0.056548651618550494,0.05391844173088778,0.4173147501565513,0.062169995114494725,0.2085204115600483,0.007400462938048413,-0.05769953329999833,0.05199620880007849
GACCAATGTAGCTGCC-D2_NoStim,0.01272758143391961,0.030019813821342112,-0.033937252078848346,0.03595670682458163,-0.04622440301448094,0.02691952067467973,0.058179090974012304,0.001654704159751219
GACCAATTCACTCCTG-D2_NoStim,-0.022119527760576574,-0.044739181532134964,-0.19606678711098624,0.04757351260823128,0.0969177361432223,0.14255340299522778,0.07724669624844793,-0.001605360989337612
GACCTGGAGGTGACCA-D2_NoStim,0.03259135252093337,0.0820278888807433,0.10418263085436585,0.034457241633591096,-0.07512522780786846,-0.01918640266977789,0.025204478246427797,0.03955199550325972
GACCTGGCAAGAGGCT-D2_NoStim,-0.062043715029931334,-0.034915453034642496,-0.15656966906966474,0.04636125963769011,-0.05055821428816287,0.039231420722178,0.09764397496854826,-0.011375793671231094
GACCTGGGTGAAATCA-D2_NoStim,0.09243636535147637,0.049939961664282606,0.29829516204877216,0.10214913221136612,0.20713172622249232,0.08664881939356839,0.12396774256996412,0.08573267167654564
GACCTGGTCTGCGTAA-D2_NoStim,-0.07828267695313329,0.015832425907124303,0.24374821002164282,-0.0849360484169388,0.20281441163107772,-0.15954769592469908,-0.26270175647487726,-0.047361954268291484
GACGCGTCAAGAAGAG-D2_NoStim,0.08313647654652812,0.07215410599639682,0.16919656235610248,0.10668057084359894,0.18388283912090309,0.09576988230184114,0.07619257973431459,0.0875345412217392
GACGCGTCAAGTCATC-D2_NoStim,-0.027714893453897105,0.02391569124575632,0.007974988477384315,0.04133971360926303,0.017911845430081286,-0.011151316308017911,-0.029732967237025676,0.009816822626321553
GACGCGTTCACAACGT-D2_NoStim,-0.043511595457268015,-0.04222604305479827,-0.09036624473816168,0.05214427849486647,-0.04681085967786203,0.05599466282503851,0.06362230642796485,-0.001502858806125218
GACGCGTTCACTCTTA-D2_NoStim,-0.009018614847832396,0.025907512929267185,0.24910435613322512,0.024922482416226188,0.09345178684379896,0.022396944422873766,0.10170805381983827,0.041651679994556545
GACGCGTTCTGTTGAG-D2_NoStim,-0.08932847954960188,-0.03247830758101955,0.30663357730538365,0.09281088030883922,0.24612637965182138,0.08964987800926316,0.4403179701162987,0.054640448441368505
GACGGCTTCGGATGTT-D2_NoStim,0.08763828707167676,0.020865502120168244,0.2922601368451261,0.14687499375996715,0.19198695028845414,0.021002662998050425,0.31135601005331637,0.10823217607049429
GACGTGCCACAACGCC-D2_NoStim,-0.04628248620186426,-0.0259355579064664,-0.07740803905536531,0.02281112040390454,0.017154701430872166,0.04389663856043846,-0.018284413104757036,0.0011263374800183357
GACGTGCCACTAGTAC-D2_NoStim,0.07523115447557949,0.08778842247178531,0.24944910807264087,0.10587278357743912,0.10893207104294156,0.08642244225204099,0.17332746130309662,0.0726259279549133
GACGTGCCATTGCGGC-D2_NoStim,-0.08126304325400646,0.040806010524429226,0.03207288334934866,-0.0755647374696764,0.03441315059602168,-0.14432170362401386,-0.10830193302865165,-0.045799723895189715
GACGTGCGTCCGTGAC-D2_NoStim,-0.12140593627679763,0.040868387635015324,0.303257690232412,-0.0638159914619898,0.22082450298443135,-0.08270899446211999,0.007337822540360861,-0.07205229922846179
GACGTTAAGCCCAATT-D2_NoStim,0.11535252881570557,0.11187564974779107,0.1536161275996335,0.06512971351226504,0.05314495565701982,-0.004752227295957923,-0.03030875070336503,0.06797215457741501
GACGTTACACCAGGTC-D2_NoStim,-0.0172386432675129,0.05225325998151931,0.12429654041359228,0.03278900979068844,0.11960533342836577,-0.054350324351998935,0.018566153377281402,0.017036957122481766
GACTAACAGTACGCGA-D2_NoStim,0.11144891779227883,0.1269788618847265,0.2140847567314026,0.09085691201339863,0.07331632171752389,-0.04110736344073107,0.03843078922713783,0.07737464676946182
GACTAACTCATCGGAT-D2_NoStim,0.13305756564104598,0.07687107714885855,0.3106955597043246,0.06723224049692078,0.22226010429475274,0.02136129892542904,-0.006312545577030093,0.09360883725176272
GACTACAAGTTAGGTA-D2_NoStim,-0.019490783338957485,0.039209353923482126,-0.06096515500772881,0.046177261127917646,-0.15956932676876256,0.004953378770800043,0.06136013259971973,-0.004637445852841537
GACTACATCGCATGAT-D2_NoStim,-0.009304191738220169,0.03977467743193763,0.2750296944227788,0.087540664295787,0.14509062626003733,0.01767583749131596,0.08135098741334668,0.06002304619504173
GACTGCGCAGCCTGTG-D2_NoStim,-0.11819908815965974,-0.004261821206396732,0.037383455344574656,-0.01479670493204388,0.11564400288119892,0.04302603482417133,0.09036843351002588,-0.04587596679808037
GACTGCGGTCCGTGAC-D2_NoStim,-0.06332102401679052,0.04464538209576929,0.023929089411273807,0.02478989272219323,-0.09017499730287248,-0.08574380329051934,0.05597529797703693,-0.029988457169496385
GACTGCGGTTGGTGGA-D2_NoStim,-0.0009365718057647854,-0.02126065983980041,-0.18192728979533968,0.03951718118886838,-0.055112132055263885,0.11296631661041179,0.04286085185503996,-0.004140841480365864
GAGTCCGCAATGGAGC-D2_NoStim,0.046844760268863084,0.07520908566316642,0.16859793857478422,0.043861982406568245,-0.019518758824666804,0.002268215652746264,0.02889868435270948,0.0397107754015984
GAGTCCGGTGTCGCTG-D2_NoStim,0.022073943456138778,0.0252911984847497,-0.07807082052260661,0.05235754854326835,-0.057255355511815154,0.04083622552288002,0.0577494003176362,0.027162479136968898
GAGTCCGTCGTTTATC-D2_NoStim,-0.16532279226426105,-0.047381976483007904,0.09276638212324251,0.19433990402819923,0.2848107465366212,0.12625770074679465,0.2801131128261174,0.03155459981718778
GATCAGTGTCCGCTGA-D2_NoStim,0.02605325318730145,0.06244359515950393,0.2869195912542253,0.07058217272794742,0.04186795184515013,0.037237608446952564,0.08036294551263268,0.03304199542464481
GATCGATAGAGCAATT-D2_NoStim,0.13903364395201123,0.09980888732490456,0.017988939211818433,0.10219839726133806,-0.1477075448644829,0.09953385057885455,0.19121976626707937,0.03492232539344542
GATCGATCAGTATCTG-D2_NoStim,0.06546238519666225,0.050271903636648574,0.04162601775264463,0.0495796690787369,-0.06381565866615624,0.018891086096992638,-0.03258713620578835,0.014811589567218064
GATCGATGTAAGAGAG-D2_NoStim,0.01911320336677491,0.03932273869582126,-0.20392848355560567,0.05781154780917852,0.002938246376730902,0.06650622420301566,0.015804027085287498,0.041634288739734515
GATCGATGTCTAGGTT-D2_NoStim,0.06773304488062593,0.10277322007076783,-0.11270745696205609,0.06723165018232002,-0.042297501245425195,0.03136487556088685,0.05055871569105985,0.06562844655108435
GATCGATGTGACTCAT-D2_NoStim,-0.050958013853806605,-0.005701252016391933,0.02256007696418294,-0.003852312209797759,-0.014605782203995332,-0.04972982375861257,0.0002772991408308556,-0.009833667652046074
GATCGCGGTCGAATCT-D2_NoStim,0.01670917957848772,0.01112561531322065,-0.20517102756793726,0.05758198673865422,-0.038016543307151096,0.029445962122938596,0.037234497050879334,0.03556622007661758
GATCGTATCTAACTGG-D2_NoStim,-0.1146392122083082,0.06620086573940576,0.1614656642593708,-0.058261766032371654,0.0926993468556887,-0.13027953199054032,-0.13842276622132665,-0.04372676875053294
GATCGTATCTTGAGAC-D2_NoStim,-0.02526811328712597,0.03381743387332392,-0.21854942399440525,0.06316251533061212,-0.22682342184199555,-0.014001049347179162,0.24362222784004484,0.01088370410744055
GATCTAGGTAAACGCG-D2_NoStim,0.11866342565746457,0.11454041677303195,0.26183594767875285,0.07759352852279733,0.14755675533220902,0.02722121540558131,0.062076357280360206,0.09266388514513402
GATCTAGGTCCTGCTT-D2_NoStim,0.11877374912967653,0.05974733517947328,0.3151389456533824,0.11054556520222292,0.18047119480627316,0.09677826239961362,0.042332550210697484,0.09303761633062635
GATGAAATCCGCGCAA-D2_NoStim,0.017358281483732085,0.01425808499835135,-0.0642205129377782,0.0356773170662148,0.062196593982404735,0.022095465094546185,0.019373565618254318,-0.005970690453766636
GATGAGGCACCAGGTC-D2_NoStim,0.05309864487440663,0.06464016413673868,-0.0397862835964542,0.05126219356180073,0.03105186770815216,0.03132186762498268,-0.04525955532321824,0.045807402040292544
GATGAGGTCAGTCAGT-D2_NoStim,-0.055824795780742065,0.04964422736938623,0.057900902453720704,0.04928873556137425,-0.008803497768193225,0.056345648423924644,0.11002599972886973,0.03088909402289275
GATTCAGAGCCTATGT-D2_NoStim,-0.07659434536918752,0.04804172338460688,0.05971450664634581,-0.03581395123469555,-0.14076084277247958,-0.1637483680193732,-0.1113057087956344,-0.025181510626955728
GATTCAGGTCATTAGC-D2_NoStim,0.059318888049949337,0.10189461351676954,0.1287084151170319,0.0659203430389983,-0.0777551572123425,0.0203573113875688,0.0828396790115109,0.04817613305820778
GCAAACTCAGGAATGC-D2_NoStim,0.0035976987148149675,0.0340416362366458,-0.17559292388659564,0.03329108868764763,0.11601082971994359,0.07773673600570508,0.048481526212897474,-0.005210710751994085
GCAAACTTCCGGGTGT-D2_NoStim,0.1011565259528151,0.06614757972563545,-0.2407874831317649,0.14937536885889813,0.03950562580166306,0.1852603588209254,0.12466006653833706,0.08381284168663328
GCAATCAGTAAACGCG-D2_NoStim,0.029379000558362733,0.06915319420340715,0.23134446891450366,0.07899808761408877,0.1644883098636445,0.113992192216676,0.09824779089148894,0.060990131294447636
GCACATAAGCGCTTAT-D2_NoStim,-0.00814745256823457,0.019443473993428384,-0.30597081428402184,0.037028775758544796,-0.1254818241152158,0.0657429079127736,0.07354034248928754,0.003030026019802179
GCACATAAGGCGCTCT-D2_NoStim,0.08447564275262387,0.08361559911612204,0.17152489503827084,0.06648553192623474,0.07732382485810518,0.05906727384169841,0.05221570264196718,0.07097263158094336
GCACATAAGTTGTAGA-D2_NoStim,0.08762472940888699,0.05887507969092809,-0.04099562294918435,0.14514514611648544,0.12443432023201062,0.12587179358718892,0.2340866497555938,0.09472613187158885
GCACATAGTTCGTTGA-D2_NoStim,-0.035136841197244806,0.04448968324225788,-0.12180357900197336,-0.0035822725278524814,-0.11693762779007777,-0.00773976659542619,0.053635393158878664,-0.004836521297027829
GCACATATCTGATACG-D2_NoStim,-0.048431730615007496,-0.043324385414003075,-0.20810390632427556,-0.002055763439912539,-0.013407513710744112,0.027772950033241983,0.026105728438921005,-0.01638089879966209
GCACTCTCAATCTGCA-D2_NoStim,-0.024289351983476593,0.03866840292625362,-0.09359444479995283,0.04470885108839617,-0.14067926432670674,-0.023174090444955553,0.0162636503746878,-0.010178770274904991
GCACTCTCAGTAACGG-D2_NoStim,-0.21271605629682888,-0.027476773419207845,0.27591878858372,-0.12832968082466856,0.40165411894534486,-0.09301821812521816,-0.09496026618241693,-0.11452289587595921
GCACTCTTCAGTACGT-D2_NoStim,0.11323687927883519,0.10915084995077073,-0.07574878173639021,0.10292477744668282,0.09605649117694881,0.17311157315955583,0.025292341466066404,0.08212103155337225
GCAGCCATCCTGCAGG-D2_NoStim,-0.04309834553829006,0.005534038018412346,-0.2616343169112838,0.09624127583657582,0.11493055516171857,0.20968319356975407,0.2913559837529798,0.02312775766651498
GCAGTTACATGGTAGG-D2_NoStim,-0.13164381343164422,-0.02155408883939991,0.06726062071578554,0.0346691585216643,0.14532212028676383,-0.007348472840791764,0.05292412077133868,-0.01812264607732139
GCAGTTAGTAGGCATG-D2_NoStim,0.05877356701040348,0.08388824468401168,0.23064467437314384,0.02679224516474399,0.08997022068206384,-0.02423401081586718,-0.03500755324989546,0.04516902650378718
GCAGTTATCCGATATG-D2_NoStim,0.10690134330406842,0.061663391202708695,0.04174361845733543,0.14012335825713862,0.14821709380481174,0.11203655487140374,0.2773496667627908,0.08947168808981054
GCAGTTATCTTCGAGA-D2_NoStim,-0.10725146341287939,-0.09591349023350837,-0.3892088391130777,-0.06716925746199287,-0.11697836785694626,-0.03829501610162378,-0.05680752302291303,-0.09055043175986732
GCATACACACCAGGCT-D2_NoStim,-0.013140276250755534,-0.006479137634824994,-0.15948833638917925,0.05337205540893564,-0.06699368716835785,0.03512647858556761,0.04917575070680291,0.013099077841296491
GCATACACACGGATAG-D2_NoStim,0.11645271434627347,0.09120402129122596,0.1920131764776194,0.0986154552464864,0.1423123263672057,0.07094766337120273,0.03873866876490606,0.08514065495544365
GCATGCGAGGACATTA-D2_NoStim,0.04072909623270071,0.07664116530652976,0.24691282929316039,0.0597162117508141,0.20637591112273057,0.07497794051320383,-0.08865506273338708,0.08071962233914931
GCATGCGGTGATGATA-D2_NoStim,-0.03740454261280135,0.01952428645427773,-0.05811126148218193,0.007771248045896684,-0.10254814972776671,-0.017620550333571572,0.018517381320867,0.009045971358261795
GCATGTACACAGGCCT-D2_NoStim,0.03635094874181277,0.09676090858448028,0.2537113844740162,0.038174817591169585,0.09749505388228563,-0.04786369250028244,-0.052210685563622405,0.04357868642668272
GCATGTACAGTTCATG-D2_NoStim,-0.02768151683489961,0.008936975205392272,-0.06602061786957414,0.05430448794442988,0.051092528442564955,0.0817045822005289,0.07534967906685397,0.06060416339439101
GCCAAATTCGGTCTAA-D2_NoStim,-0.07565656304319646,0.04347694337912067,0.19602736425634326,-0.08907829547512769,0.38995068475063377,-0.10550925133290168,-0.7377411703702581,-0.13452926661520337
GCCTCTACAGGATCGA-D2_NoStim,0.06878069751608784,0.07887858155866212,0.14209287679462612,0.043368990796004425,0.0825659934635361,0.06749579814943019,0.047112955291328085,0.039262264085158094
GCCTCTAGTCTCAACA-D2_NoStim,-0.21384425250726657,-0.06215174324746897,-0.08923824107906597,-0.05725668829795261,0.07121827034947437,-0.038854147323788446,-0.03650121227049663,-0.09556648020627101
GCGACCAGTAGAAAGG-D2_NoStim,-0.10110928058995583,0.008193860257454944,0.346950822575268,0.05239737046307624,0.2339688785574623,0.01975730686538757,0.19652022204112196,0.002833343396371646
GCGAGAAAGACTAGAT-D2_NoStim,-0.1403670261582679,-0.009831625474852501,-0.023944563680066366,-0.11455149299687761,0.43166300883546604,0.06047139090963771,-0.023343810576474056,-0.09988130001829276
GCGCAACTCAAACAAG-D2_NoStim,0.09808364666603886,0.07117650970362988,0.3066278404523892,0.09113073795728965,0.15797251296142711,0.07420856721758096,0.07701816987168453,0.09360638939213572
GCGCAGTAGACTACAA-D2_NoStim,0.1094106315128851,0.0524018032700333,0.3781924075677221,0.09814450076890857,0.1505048578849486,0.04128937758897333,0.23697298283685253,0.09616400640015499
GCGCAGTTCCAAGTAC-D2_NoStim,-0.18845491396725755,-0.0077469429467917905,0.21184995102134074,0.013316044678472139,0.2604914000666767,0.07384686506625737,0.006428375529247354,-0.03358308843287894
GCGCCAAAGCAGCCTC-D2_NoStim,0.045442789773019854,0.09428212141669157,0.2163917349671145,0.05549366626829766,0.1094325314643374,0.015646769295679874,0.029603075574068605,0.0625963379568013
GCGCGATAGCAACGGT-D2_NoStim,-0.17361096907626639,-0.010911101680401103,0.1903432705028525,0.0022630273690662506,0.4249700027463099,-0.031169287521248812,0.18807866372120152,-0.12254028249075333
GCGCGATTCAATACCG-D2_NoStim,0.056726891043499705,0.10415327305249633,0.061090258364044914,0.06334372472017336,0.03896383387744784,-0.002955885066062258,0.025957168465744473,0.04715949313365719
GCGGGTTAGCGTGTCC-D2_NoStim,-0.03051616109567945,-0.04010322524532839,-0.27324306567966516,0.0259692754443126,-0.00989227078392041,0.05592129934241896,0.06960411188379023,-0.010356626329542706
GCGGGTTAGTTGAGAT-D2_NoStim,-0.12599061383590104,0.04201313150103125,0.0579737650384633,-0.04131761254531341,0.07610850949135717,0.01394262898643106,-0.2427300881349872,-0.01834290340159761
GCGGGTTGTAGCTAAA-D2_NoStim,0.03841614284290884,0.08201620339892912,-0.1584867873184237,0.05816925331787637,-0.07647850467306228,0.0352496074235118,0.04888347814703797,0.033521780077258256
GCGGGTTGTCGCATAT-D2_NoStim,0.01056372168525499,-0.0010151299924689994,-0.1192915967108501,0.07562359471771885,-0.10600085543816462,0.07617190718584776,0.07020059367493481,0.011304471056650556
GCTCCTAAGACTAGGC-D2_NoStim,0.006388357839782088,0.07716078353081102,0.1652056005135627,0.01100159205524065,-0.049556224761966305,-0.10753244530260453,-0.012709094902807472,0.006133128374358421
GCTCCTAAGAGACTTA-D2_NoStim,0.029503086724661287,0.10797398225175847,-0.06667059896575989,0.049683621402596856,0.0663241338600713,0.12879986289873635,-0.47497215873693577,0.048117729637224826
GCTCCTACACATCCGG-D2_NoStim,-0.08491544475158719,-0.066420181638982,-0.5134844381838839,-0.06562939420017244,-0.13421232721596432,-0.12179770916117238,-0.052084482182724656,-0.06669505161126565
GCTCCTAGTGACAAAT-D2_NoStim,-0.10173981721920278,-0.020143325945092272,-0.15253846268283944,0.01928025531267963,-0.023311611992648196,0.04408694295883908,0.13924302847315495,0.0017613906019704473
GCTCCTAGTGACGCCT-D2_NoStim,0.017966180163375256,0.06143815099401628,0.26900890843753444,0.07155586768652533,0.1861032302061929,0.06169283401837511,0.04599845351050558,0.016593459807040745
GCTCCTAGTGCCTGTG-D2_NoStim,0.12225700503830517,0.07065270645295563,0.221857444409558,0.12223575886107163,0.14237188276052848,0.11032334549410905,0.13288254525866083,0.09249548747726877
GCTCCTAGTTCTCATT-D2_NoStim,0.05925286206142388,0.09352217825158782,-0.10847749411782281,0.05269112974895407,0.02356309467601747,0.03319538211327533,-0.033964843882263285,0.04746096721883397
GCTCCTATCAGGCGAA-D2_NoStim,0.08830875617040412,0.07975056280879933,-0.04042810514755857,0.07493462452010569,-0.15139366928638864,0.05200611185533077,0.10160540787691907,0.04032851231551504
GCTCCTATCGGCGCAT-D2_NoStim,-0.00101028295847172,0.07728505737263269,-0.07231763242722344,0.030196816461531384,-0.007258782046083212,0.03873056098580907,0.020110950351019508,0.022785635295880624
GCTGCAGGTTTAGGAA-D2_NoStim,-0.030882590134162058,0.05634573880042204,-0.12687073670950433,0.013290260864286196,-0.214921651038539,-0.06913962680417818,-0.013508646423687765,-0.021488584572896485
GCTGCGAGTCATATGC-D2_NoStim,0.045354598599335105,0.018356764359484856,0.29937135899712963,0.10777936366804752,0.13853229648697507,0.058814394768296197,0.3214740594891685,0.10621557825587757
GCTGCTTAGTTAGGTA-D2_NoStim,0.005073731276908688,0.061999298379015855,-0.07099281440305916,0.010019859512047091,-0.0151603667512763,-0.05877852547398099,0.02435243511960561,0.014832778624956688
GCTGGGTTCTGTCTAT-D2_NoStim,-0.10353360198429584,0.042977828804607654,0.19916458433681683,-0.06866640100932031,0.058818613248080354,-0.04106910810053499,-0.008714286746660527,-0.05088298589251394
GCTTCCAAGGGTATCG-D2_NoStim,0.05887070610040013,0.07857106433031191,0.13565898426759482,0.052914611225295616,0.06663410763502675,0.023715087556064773,0.0451692235683816,0.048510172512742145
GCTTCCAGTTGAGGTG-D2_NoStim,0.030817325541104168,0.052778844619645326,-0.010929207664927887,0.13776671425867626,0.06988604698018896,0.11509193273815832,0.3540603482697051,0.08203404554659954
GCTTCCATCACCCGAG-D2_NoStim,-0.1659651451041686,-0.05109266553090208,-0.3007361612805912,0.08721573904478142,0.18897361409524116,0.17440204344404897,0.268156230320967,0.006540635894337399
GGAAAGCCATTGGGCC-D2_NoStim,0.012011109532611641,-0.014103241603439898,-0.2638373304634598,0.034477534410985555,0.04118393037297707,0.05136817503899049,-0.038088698501344886,0.00537445571383266
GGAAAGCTCAGTTCGA-D2_NoStim,-0.052745153649084386,0.02858518035591473,-0.16328794635610855,0.018648657485579534,0.05400733422311177,0.02821020749256231,0.0037334603790979415,-0.015871933842225516
GGAACTTAGAGCTGCA-D2_NoStim,0.014149448984097646,0.014341167146683986,-0.22019313721614964,0.034722926508155894,-0.06831344635953407,0.07458947760377832,0.04750125799209037,-0.008131585850904344
GGAACTTCACTACAGT-D2_NoStim,-0.08153042863047588,-0.07353379375162561,-0.22315953713470726,0.042249160213764014,0.08477240447559886,0.16600873814500083,0.12106671761077026,-0.0162163060427698
GGAACTTGTACCGAGA-D2_NoStim,-0.08119223821506338,-0.024645987056127083,0.1094457107838771,-0.0716142208837347,0.0495906939495363,-0.25195371403296285,-0.30213453009428815,-0.04602179676890472
GGAACTTGTCCTCTTG-D2_NoStim,0.0265941810607071,0.021734507210902976,-0.07849702254952895,0.0018041421907870614,-0.009593683757373128,0.014521902738408698,-0.08511476671948781,0.0028681875315204053
GGAACTTGTGCAGGTA-D2_NoStim,-0.039583154920602936,0.0005567691241044059,-0.1803713893238097,0.023760107762212712,-0.002620235460527809,0.07500999278166276,0.0558020980114553,0.024235594036998265
GGAACTTGTTCGTTGA-D2_NoStim,-0.011493202089415178,-0.06935340078003804,-0.16970241653988438,0.04942259682554351,0.09109144698597049,0.16687120551895696,0.09611828415871981,-0.008965449871318754
GGAATAACATCGTCGG-D2_NoStim,0.08505295909875343,0.10424883072096769,0.103968554138266,0.02726660467232378,0.021611239272544935,0.020183628655109587,-0.038020459042526156,0.040272829070739036
GGAATAATCAACACCA-D2_NoStim,0.07900438116215014,0.08496517946402271,0.1189381088472441,0.10387660638404839,0.13647092481972578,0.06776030001321232,0.13388772766035117,0.08268769575197332
GGACATTCAGCATGAG-D2_NoStim,0.02369978852554766,0.11541698914803256,0.07563709513370931,0.041768152624182875,-0.0740906651877431,-0.03435549749006839,0.016984773310741108,0.025559901399621054
GGACATTTCATAACCG-D2_NoStim,-0.044086626021851316,0.09152326434479185,0.11384720696827699,-0.00997913355817559,-0.18094462287584712,-0.16537269002352417,-0.23544028221689128,-0.026460238794726365
GGACGTCCAAGCGAGT-D2_NoStim,-0.11328447007566389,0.029334267097102185,0.016791269016705357,0.07329412365675658,0.2078942305919771,0.1604803366346088,0.2967024200816972,-0.013660301664906171
GGACGTCTCGCATGGC-D2_NoStim,-0.11609834517169482,0.009214344647361372,0.35207658826596244,0.0039084937940856435,0.2377802514274716,0.027631436273755305,0.030690503959473592,-0.0026061983213772066
GGAGCAAAGAGAACAG-D2_NoStim,0.07463641179918667,0.04720853195347452,0.16103568610064656,0.06764163659935818,0.00999552284855909,0.06689061202572333,0.12506346159643345,0.05365471163746527
GGAGCAAAGATGTCGG-D2_NoStim,-0.09607007125356937,0.0566368195852931,0.4930640259625889,-0.14587936041006344,0.4671226513196487,-0.16703944963616202,-0.0954815357631924,-0.052873796124060846
GGAGCAAGTCGACTGC-D2_NoStim,-0.02908279256859636,-0.00023693042438743817,-0.26372048018005145,0.06403742001013057,-0.1249725797712884,0.19021798810444057,0.09461596443381914,0.02504713658752955
GGAGCAATCACAGTAC-D2_NoStim,-0.054841117864164346,-0.05567766647146222,-0.21433641383885238,0.05588633698399725,-0.029299786096558478,0.10684191751261096,0.09315301613428595,-0.011541518867090872
GGATGTTAGATCCGAG-D2_NoStim,0.1508238866574061,0.1150328111931671,0.0993107184176214,0.08998688138452948,0.0574089936057085,0.046281236591093844,0.021052834372083495,0.06304909021618599
GGATGTTCAAGTTAAG-D2_NoStim,0.11386866827048436,0.010090973741164078,-0.20120191340041949,0.12621904102475767,-0.003412853599281007,0.13104239230221193,0.2329668157544793,0.08769443369111052
GGATGTTTCTTTACGT-D2_NoStim,-0.031209048099116288,-0.037039401935965444,-0.0017064194249982734,0.023190262796950023,-0.11543361032707011,-0.008354205260429737,0.001639619053861452,-0.02291643644012531
GGATTACCATTCGACA-D2_NoStim,0.04337392253011352,0.03744876181500345,0.30041311236944246,0.10383507505368961,0.23677553506641225,0.09076543134148451,0.13996690053225525,0.037891724191158715
GGCCGATCAGCTCGCA-D2_NoStim,-0.024909261234233426,0.018174956435386136,0.1914319310136996,0.15508821782531257,0.1324839512836391,0.11511696348940603,0.4576709398751433,0.0988424159619008
GGCGTGTAGACTAAGT-D2_NoStim,-0.029190798037545207,0.010926778965171025,0.17626186545673583,0.0009416182642851822,0.1333828408674762,0.03712400531677318,-0.03671159880610819,0.031446308272709445
GGCGTGTAGTGTCTCA-D2_NoStim,0.025892156964584245,0.002289030577175666,0.15448624725925164,0.08677731377043152,0.24865068832279924,-0.003924236578816576,0.21176510122849823,0.030112437653261992
GGCTCGAGTGAAATCA-D2_NoStim,0.13102599412917826,0.07516281554154958,0.15653914822456905,0.057288795667536974,0.12114370864662227,0.06335457286374968,0.007520230494635349,0.0632201788304716
GGCTGGTAGAGACTAT-D2_NoStim,-0.11874825828394897,-0.023105541724779854,0.10851692279234904,-0.06299162608133457,0.007198608365611037,-0.20504671020680476,-0.35622123484247936,-0.04016538899025335
GGCTGGTTCACAAACC-D2_NoStim,0.07778753206224565,0.04865105167932704,-0.1305911859309905,0.14139905661860475,0.0473252327749627,0.2123903061772161,0.16987847739144346,0.08917998910039415
GGGAATGCATAACCTG-D2_NoStim,0.08594302589682457,0.07312161666881778,-0.09473060152612334,0.08553076977777252,-0.17086415376100383,0.07384626431756303,0.10655619524383741,0.02565691210339871
GGGACCTGTTACGTCA-D2_NoStim,0.14995674405154702,0.06718195593049714,0.014264048304504229,0.09420392864047855,0.055096990525148826,0.07745135589469854,0.1394783745442636,0.07426105068546995
GGGACCTTCACAACGT-D2_NoStim,-0.005759680331372863,-0.03651421668502941,-0.19597830401991523,0.039222294963508375,-0.043369002935861545,0.09887175593765196,0.12354450126642158,-0.0012699796189643564
GGGAGATCAAGGTGTG-D2_NoStim,0.08807609040692199,0.06370713898374802,-0.030121064770892048,0.10668513654217548,0.1356667875494324,0.133689509279578,-0.01647242931104298,0.08242141460171482
GGGAGATGTGGGTCAA-D2_NoStim,-0.003993910510413201,0.06844854964779223,0.07453614328442448,0.025131969606134064,0.07015637664891372,0.019566311460480712,0.02474318425255273,0.02898138621031343
GGGAGATGTTTAGCTG-D2_NoStim,0.005311076688624183,0.030835193438184305,0.3282174780861151,0.10430752475103766,0.18119897910973393,0.12426628156111974,0.18973338968326736,0.06924712363367291
GGGAGATTCGGCTTGG-D2_NoStim,0.09719596839736333,0.13082945096638632,0.29084820873785056,0.02626593766789931,0.09953402534468836,-0.03184362966048848,-0.05756366136379043,0.07896279080001989
GGGATGATCGGTGTTA-D2_NoStim,-0.011963419535602426,0.04081230999014096,-0.12518842661591023,0.03749303720525887,-0.04802432123669931,0.010426608275926341,0.04004288008238399,-0.0021037633668630207
GGGCACTTCAAAGTAG-D2_NoStim,-0.003423436193877194,0.035632259297882385,-0.11599080375289361,0.04576019857931968,0.029220322151635614,0.07222736074206892,0.06685218001019466,0.003943458215257323
GGGCATCGTTTCGCTC-D2_NoStim,-0.04721659790612698,0.09559350660201815,0.23506079446401706,-0.05395271637673105,-0.05642824988710515,-0.1776298388171771,-0.1448904081936524,-0.04852959468258433
GGGCATCTCATAACCG-D2_NoStim,-0.04372885455654085,0.01096654561888677,-0.20585311713640841,0.03809084340165114,-0.05285650107358997,0.02317646765257564,0.00784144663771702,-0.014545398653494246
GGGCATCTCCTATTCA-D2_NoStim,-0.05288622060007242,0.03201133537891643,0.09831449802605263,-0.06864214662336288,0.2092198127797822,-0.09399137515629263,-0.13001917314405897,-0.05270195323510407
GGGTTGCAGTACCGGA-D2_NoStim,0.05770133718882775,0.055293857805329694,0.26791327055983594,0.0767817379528477,0.12117396950957726,0.024634997224578292,0.1287652170693656,0.07225858006457742
GGGTTGCTCGCGGATC-D2_NoStim,0.010392937383693734,0.055131052728517815,-0.17981928401908043,0.023778125878727963,-0.08502303415166246,-0.0008391023550169407,0.005685338001374607,0.01668555917403758
GGTATTGAGCCGCCTA-D2_NoStim,-0.059163161990628765,-0.013483571075301626,0.10676901561539154,-0.015567701569317194,0.06758453706806122,-0.08990736496269669,-0.0827579363968356,-0.039548346504895804
GGTGCGTTCGCCAGCA-D2_NoStim,0.14177665490925406,0.08877511930311499,0.2531785300875171,0.10960774375850413,0.1451724655926263,0.10467170950386251,0.05722887478964411,0.08921952118615195
GGTGTTAAGTTAGCGG-D2_NoStim,0.023532777038377972,0.05819737819521009,-0.111799263258618,0.0679256038723004,-0.0018911659216236387,0.0831590343275792,-0.012781916663402892,0.035180780055837246
GTAACGTAGACTGGGT-D2_NoStim,0.1413363682993296,0.09142219187780931,0.19997610197174964,0.049559981006428444,0.040150676930606366,0.05672114742311685,-0.07660755564164301,0.026889896064375307
GTAACGTCAACTGCTA-D2_NoStim,-0.20672646869053501,-0.06405324838973314,0.29538219740372007,-0.05907762550428508,0.4537165917059003,-0.0894082604030606,-0.043161644868406235,-0.12330296547155228
GTAACGTTCACTCTTA-D2_NoStim,0.035923114579412996,0.0010173570267753007,-0.10342627043589658,0.0267852533807158,-0.03955935161668478,0.0974055544107637,0.072808519141212,0.0016879537845273518
GTAACTGTCGGATGGA-D2_NoStim,-0.05573269542661485,0.034805077752686486,0.027552746706017928,-0.04654333607561334,-0.05289551698621153,-0.0649591814229904,0.0065623351043111455,-0.05348725124404474
GTAACTGTCGGTCCGA-D2_NoStim,-0.01851814783584871,0.01864478348348264,0.1396423158086133,0.020915125122726863,0.16071014910927062,0.020425532431009863,-0.04662588861711692,0.028102904567653297
GTACGTAAGCTTATCG-D2_NoStim,-0.007401495144156556,0.05823058621509247,-0.013999041742502882,0.008883364813375039,0.16614433608323864,-0.013845566145551658,0.051520078591805074,-0.01690045567932863
GTACGTACACAGGTTT-D2_NoStim,-0.043729155711695,-0.04902408748203335,-0.05653203349696412,0.055010183934715684,0.012032418082432272,0.02582191337438111,0.10270735261248376,-0.004719083508993194
GTACGTACATAGGATA-D2_NoStim,0.014188345046271422,0.07157950124093837,-0.06311858263474157,0.025031011767538303,-0.038050867583473647,-0.028563092035242654,-0.0029774493210990016,0.02968014559018428
GTACTCCCATCACCCT-D2_NoStim,0.0808104114960404,0.020325691939682144,0.23081025366895602,0.0023991289405191907,0.14422217292600337,-0.150592346015344,0.00214184373431614,-0.005043202875810948
GTACTCCGTGAGTATA-D2_NoStim,-0.013965448083904874,0.06715778729361688,-0.030391838392748838,0.054079244096650214,0.10238689679157353,0.0027725020338333906,-0.02953906866153133,0.039996802442930246
GTACTTTAGGCCGAAT-D2_NoStim,-0.008796433658623926,0.017672369224499107,-0.15294042240947547,0.03271989232466943,0.1831975584076595,0.11465326234977091,0.08710180364815301,0.0016666744371285347
GTACTTTTCCTATGTT-D2_NoStim,0.016245314054247117,-0.028315789826027782,-0.2044347475086905,0.08391348472398619,0.0016370285625821879,0.13200733059950753,0.20433534598898895,0.0046124129460682894
GTAGGCCAGACACTAA-D2_NoStim,0.10441185620510929,0.059271061238227674,0.026802148166085615,0.044458463354386524,-0.04078352396928331,0.010531672901175071,0.10568797608866554,0.03903148936774059
GTAGGCCAGTTCCACA-D2_NoStim,0.018730526304647555,0.05208576149758137,0.32571250477140623,0.0575929076227073,0.23445728893087825,0.11029813818128353,0.10402313068736424,0.028574233056072984
GTAGGCCCACATCCGG-D2_NoStim,-0.18907787788609554,-0.02100889747454282,-0.17483046883026532,0.003577292468076365,0.19501336476783315,0.002812868873092178,-0.0951866297053856,-0.08745366043213032
GTAGGCCGTGCCTGGT-D2_NoStim,0.0211237839255638,0.014963551786173923,-0.21301614458036866,0.06921281840391025,-0.10105877685668041,0.10374371536564286,0.06091214843952164,0.020839987074831257
GTAGTCACAGGGATTG-D2_NoStim,0.07459272353879776,0.07078619271591258,0.1209716011041504,0.07724076092109478,0.06929133037813884,0.04476918160975352,0.021868052319740094,0.06816561745045568
GTAGTCAGTGCAACTT-D2_NoStim,0.07118367679213655,0.09023631013244682,0.13204109704778766,0.08529414613607322,-0.03932550540835145,0.025162562481547468,0.09097652630783548,0.05352767086319332
GTCAAGTGTGCATCTA-D2_NoStim,0.025518778428732958,0.09380726195817424,-0.02926684559874637,0.04820307423784165,-0.004820975829542107,0.005185217544553922,0.03012458307519328,0.04244608847793785
GTCACAACAGCTGTGC-D2_NoStim,-0.06709171635131028,-0.012331420328514753,-0.15740454943649596,0.0025993060163322923,-0.0030462498676104843,0.05029284852966054,0.009521814417361885,-0.03962692517739441
GTCACGGGTAGGGTAC-D2_NoStim,0.13898560425487538,0.05005001832259737,0.03510061646047191,0.1367670149703475,-0.083146549747795,0.13784612177605204,0.2280675192696613,0.062110223533590414
GTCACGGGTGTTGGGA-D2_NoStim,0.11728444380507241,0.1052498039663039,0.04347333454394153,0.0821206887132977,0.10592028778787466,0.10414202210748869,0.0003440426275966857,0.0791684051966719
GTCACGGTCCAATGGT-D2_NoStim,0.060537852021735006,0.07716985169493462,0.10020934145661009,0.06222079219726773,0.08876092266880065,0.02623431688741551,0.05282197813663103,0.05034123435312132
GTCATTTAGACTTGAA-D2_NoStim,-0.041697808206956566,0.026775973673732523,-0.12489357045313021,0.10237942894753438,0.11645735504571064,0.18344712199018787,0.3269501062944604,-0.020899764240001062
GTCATTTAGGATTCGG-D2_NoStim,-0.11218666318595716,-0.011460485975064216,0.14250735548390203,-0.03516354433776492,0.3474178140200319,-0.10153857514747688,-0.10099940664403562,-0.12844850976793687
GTCATTTGTAAAGGAG-D2_NoStim,0.13888843617959878,-0.0019563208338713167,-0.34340428324647654,0.12534211857825817,-0.1306818851799143,0.19294185992289137,0.32698997285587517,0.05871398939708605
GTCCTCACATAGGATA-D2_NoStim,-0.12487434681406917,-0.029860406402617556,-0.20646699359468634,0.02176104553034719,0.00800865359325087,0.03582513570713264,0.07221711898353345,-0.031180484684405485
GTCCTCAGTTTAAGCC-D2_NoStim,-0.08289015156927348,-0.03362358175414748,-0.15843360494407932,-0.005120274684363935,-0.014254876824104201,0.03571760176892802,0.001445224825467939,-0.0352061355648523
GTCGTAAAGAGTCTGG-D2_NoStim,0.030908331462434546,0.022886408228069755,-0.33480837240132644,0.097064149349956,-0.11830688014723734,0.09213623318000064,0.10311049982313358,0.05448067611430041
GTCGTAAAGTACGTAA-D2_NoStim,0.10047233604731254,0.09739283879724958,-0.11308604586973559,0.09212514603986754,0.09364562635968099,0.1493730864675875,0.0005080230008425168,0.06986457645718502
GTCGTAACAAGGACAC-D2_NoStim,0.1371389105961569,0.1150444244339095,0.26998250481013386,0.0362322564856008,0.09600349390242435,-0.030496083440183952,-0.14556399965082445,0.05286605961473789
GTCTCGTAGAGAGCTC-D2_NoStim,0.028037728191824485,0.05375763972750747,0.12406678735396959,0.011585612075036167,0.12208531319251215,-0.03239921869460183,-0.06696587460688708,0.0325320323565883
GTCTCGTCATGTTGAC-D2_NoStim,-0.048189424584467844,-0.019675022106806495,-0.3361930537802227,0.16031149854472027,0.15427615339834944,0.23343289413659907,0.3507383325894544,0.06191283317408747
GTCTCGTCATTAACCG-D2_NoStim,-0.03529587887173946,0.0038365443992081083,-0.11430610333345115,0.03370443818743318,0.11758504174291318,0.08988201250452654,-0.019275504236594188,0.0009198750040830816
GTCTTCGCAAGCCGTC-D2_NoStim,0.029449341582536093,0.03476986496416501,-0.17363508219513513,0.13474923112702442,0.07985930764684213,0.14329446917055666,0.30476938798739894,0.05332389141565663
GTCTTCGTCATGCATG-D2_NoStim,0.00209333168238679,0.058292184748825804,-0.1790224517591561,0.01411008314543416,-0.11387734760789492,0.023722378188739235,0.00946441570319223,0.01834244029097043
GTGAAGGCAGCTTAAC-D2_NoStim,-0.012542102688925638,0.0023912487181441122,0.09725351670847715,0.011746018496168631,0.022436521244353358,-0.05566832068236671,-0.03832078024159724,-0.012303717032054351
GTGAAGGTCTTCCTTC-D2_NoStim,-0.21857604679240694,-0.002141786105593013,0.2713810553500604,-0.2450794540020489,0.26801541386113037,-0.29553926868077873,-0.6478954205623415,-0.2342770900932294
GTGCAGCTCCAGAAGG-D2_NoStim,0.056071498829856736,0.0803927590044573,0.25640395636817814,0.08349424916713488,0.11724882637492229,0.04757049392973034,0.14647217336071527,0.06994385932816805
GTGCATAAGGATATAC-D2_NoStim,-0.06996375721148951,0.032859711978517225,-0.0954398842697799,0.06826155552264623,-0.017057037200215674,-0.03799783691723313,0.25005799199542444,0.05095830768881626
GTGCATATCGCTTGTC-D2_NoStim,-0.020591676366855438,0.09182887512293547,-0.09370816935476611,0.05721370036034479,0.015783942840192466,0.12500019324478195,-0.5363775460360003,0.058881279367431816
GTGCGGTGTCCAAGTT-D2_NoStim,0.05263636539350358,0.10443270549890471,0.17298182179698252,0.025176839580522525,0.006123870177002999,-0.0786242543967326,-0.04708479552418421,0.024933102785171357
GTGCTTCAGCGTGTCC-D2_NoStim,-0.08130572985723994,0.0968896728666131,0.07475410520772563,-0.017970856673093394,-0.26115142750700393,-0.22771614709374433,-0.1472046783988974,-0.03566126021724969
GTGCTTCTCAAGATCC-D2_NoStim,0.014418373790228145,0.0023224656929858867,-0.03320305609852525,-0.04768393139024418,-0.016761867359115,-0.06417063897097108,-0.4429850858404629,-0.020258165731041444
GTGGGTCCAAAGGAAG-D2_NoStim,0.028709320910872194,0.08460664811925689,0.12603823032619133,-0.05022970436047025,-0.05458036088006857,-0.146789431532806,-0.16637249358939066,0.003802549833290314
GTGGGTCCATCCGTGG-D2_NoStim,0.053991276084376594,0.09644059995551757,0.03134376516152848,0.04501864688776891,-0.06751134893905864,-0.02050474535542257,-0.0002511568188499069,0.042576295648727225
GTGTGCGCATAGGATA-D2_NoStim,0.06201915109862455,0.06490065878490192,-0.03856513097429115,0.0356750143242337,-0.03924723338550429,-0.006317300648314372,0.012901811257580498,0.031484467713534414
GTGTGCGCATGCCTAA-D2_NoStim,0.047884063270918986,0.054412810672985756,-0.1623637798043518,0.08208491665863704,0.010635358548048757,0.11153508672918466,0.04842689889421825,0.053467628617923424
GTGTGCGGTAGAGGAA-D2_NoStim,0.016486109432124252,0.058186346094387886,0.03563455690696138,0.038677754133262354,-0.10859853147871412,-0.006546089265127009,0.0019453872444690212,0.015325189518522464
GTTACAGCATCGGTTA-D2_NoStim,0.0064130531534036805,0.02255885009557801,-0.20331233188379372,0.1426747312667196,0.14435493074671157,0.15996097297464296,0.19773588279400922,0.059195879619011293
GTTACAGGTCGCGTGT-D2_NoStim,-0.0255842963002042,0.01788992223145236,-0.09848755375852569,0.03452512429336174,-0.08157406231311626,0.05568304741299901,-0.012214412723465795,0.022329033417614497
GTTACAGTCACGCGGT-D2_NoStim,-0.051923784330531575,-0.049572737320019655,-0.11443805849637911,0.02262906365353956,0.07012118319421212,0.13461225526501863,0.08579533438512454,-0.0329898204424417
GTTACAGTCCTTTCTC-D2_NoStim,-0.00973676269906143,0.029599984554689485,-0.14696780579158464,0.02100617044516717,-0.07259647288006121,0.01596522619817975,0.022718093271307804,0.02387966200628
GTTCATTAGCAGACTG-D2_NoStim,-0.05926371736250857,0.07640789668468351,0.2001865129698821,-0.030986391582088046,-0.0383549278338684,-0.09918958344842643,-0.11734878671059246,-0.024197482146146143
GTTCATTAGCTGAAAT-D2_NoStim,0.027468776811927498,0.03334841137068523,-0.0768332920517345,0.16246391641927893,0.0920744182361144,0.18659760075970055,0.40333906060293767,0.06925670630266012
GTTCATTAGTGTTTGC-D2_NoStim,-0.035694736911471736,0.06586622784847584,0.06542772359206772,-0.0037539723317205898,0.03363236369550826,-0.040091101319550404,-0.02741417015026304,-0.0455519338036936
GTTCATTTCTGGCGTG-D2_NoStim,-0.11361890467477131,0.0314825661484015,0.158526497692268,0.03684249374246029,0.05312531778048246,-0.1118419265445425,0.23644855926231934,0.013058400804666803
GTTCGGGTCCGTACAA-D2_NoStim,0.09214449195987129,0.009883403799255674,-0.09951752710584927,0.056797828632369374,-0.15128905992451536,0.021171867476269313,0.24314783708856247,0.03431426993111231
GTTCTCGCAAGTTAAG-D2_NoStim,-0.03725343935499659,0.07429018766468154,0.2857237255680314,-0.040300010856787694,0.03840189733728927,-0.1149060524012171,-0.19331166872198224,-0.0222980729444604
GTTCTCGCATAAAGGT-D2_NoStim,-0.015899944955981127,0.03643535662393482,-0.17467019717075694,0.011363732724840148,-0.11433355712030924,0.0314307687911608,0.0709550493561606,0.012531141383083977
GTTCTCGCATGACATC-D2_NoStim,-0.0019102923740383915,0.004525201194811146,-0.09057488316431517,0.03472776509920905,-0.0736641196242136,0.01792826343344789,-0.010248893744892129,0.022283847867162976
GTTTCTAGTCCGAACC-D2_NoStim,-0.20785757013108785,-0.10266145036041863,-0.33657707630742806,0.2136863458011895,0.16136093494835357,0.246262483676416,0.7697479019361051,0.07153428700272357
GTTTCTAGTCTCTTTA-D2_NoStim,0.0024377437006037894,-0.02169367414006551,-0.22670546042685658,0.04609425864323313,-0.041520445910906645,0.08427072707841887,0.24858291661241338,-0.007870250687467717
GTTTCTAGTTAAGACA-D2_NoStim,-0.019312753995736287,-0.013865624672391164,-0.11154448698898278,0.013144567536047091,-0.03730187416371855,0.06790271345835563,0.030549540268548725,-0.006091236777873377
TAAACCGCAGCCAGAA-D2_NoStim,-0.09150788726515557,0.12575583485258335,0.3947765028562831,-0.32427895130095585,0.5846434002749348,-0.19282247659302065,-1.1538768934342087,-0.1633140697983535
TAAACCGGTAGCCTCG-D2_NoStim,0.12359756255679955,0.1474738641429969,0.2554036476012431,0.07263481687643036,0.09723960188716418,-0.0010404685744678233,0.015445866543704057,0.08279200674261489
TAAGAGAAGCCCAGCT-D2_NoStim,0.0885322489155449,0.08260464604157924,0.3483141077999683,0.014350618590755815,0.25938315223911346,0.01940633642680467,-0.13650854274383306,0.0585677786450276
TAAGAGAAGTTGAGAT-D2_NoStim,0.11617114029454711,0.06392785176506699,0.31527941530230486,0.09219944997633611,0.11895567195208834,0.07723617557042406,-0.015087920529365029,0.06891589506792073
TAAGCGTAGACAGGCT-D2_NoStim,0.05016870881157587,0.07009062461256121,-0.10822889705206684,0.08074550734076524,0.0560254313193731,0.19844098624391115,-0.03740125265659788,0.047310560834233684
TAAGCGTTCTTAACCT-D2_NoStim,-0.0013259947932962035,-0.006180865427701576,-0.3249335189248157,0.04789597963761594,-0.12342203946687746,0.12061118690676054,0.06693499541687098,0.02081589037953613
TAAGTGCAGTCCATAC-D2_NoStim,-0.04004685314059664,0.011445441641921406,-0.2033305597869841,0.01781967527323225,-0.06531799182470088,0.024697596917499176,-0.006821955494763721,0.005866419703165704
TAAGTGCCACGAAACG-D2_NoStim,0.00649783997718778,0.026779286682044656,-0.21974915837152054,0.14819494010996692,0.04564053507376542,0.16890150630685064,0.19326896224133883,0.06310505684397683
TAAGTGCGTCAGAATA-D2_NoStim,0.09838083164279254,0.11296921282690953,0.1698292262977077,0.07519531751226438,0.06310141880973319,0.04178764325487716,0.04991856761830826,0.07647779048653724
TAAGTGCTCTGGGCCA-D2_NoStim,0.05652252204454378,0.05142339743033553,0.2743303886465096,0.05842657792606332,0.12937209364918267,0.03416874110307244,0.14723239880678296,0.06903851499214397
TACACGAAGTTTGCGT-D2_NoStim,-0.008604720158475132,0.031065094329251863,0.2627433273878861,0.13918444059222246,0.23602603128825805,0.11450516453397341,0.33147104770744296,0.07671386894326027
TACACGACATATGGTC-D2_NoStim,-0.04296182412084093,0.03386914791341589,-0.20299766062080948,0.039764717399666694,0.05277179238284013,0.07428498904308434,-0.054626941953265895,-0.0443842303967088
TACAGTGGTCTTCGTC-D2_NoStim,0.03873499638177691,0.037883994809917,-0.2543571513871985,0.13465960660126797,-0.0007176726054503035,0.14928829482644979,0.18578093533413575,0.05481574699408576
TACCTATAGACCACGA-D2_NoStim,0.00783558994359801,0.09658568437556703,0.10340845187014835,0.01854482742586505,-0.06397380391047491,-0.0008488161570747721,-0.054878599401281036,0.025792704047047366
TACCTTAGTCTAAACC-D2_NoStim,-0.056449766012445224,-0.054569192975861824,-0.3460804410808187,0.017520040802709858,-0.01837140028478501,0.07463675780461898,0.0811634356239006,-0.0175287264349695
TACGGATTCCTCTAGC-D2_NoStim,0.0637890940507031,0.056709382361814775,0.2563116800225149,0.07199832996045963,0.17463544144859355,0.08285758401551213,0.11753902238607239,0.05635080203059317
TACGGGCTCTGTCAAG-D2_NoStim,-0.025114301917215087,-0.020277132105581686,0.24277737463991222,0.0720849380057409,0.3140391191262264,0.08112386736598687,0.20717783096941478,0.02779042973810064
TACGGTAAGGGCTTGA-D2_NoStim,-0.025931010489117057,0.053590069096479453,0.08348738462379579,0.011071732388012734,0.06389459972442602,-0.0011910780545054678,0.004105029666960469,0.025652028191297305
TACGGTACAAGTAGTA-D2_NoStim,0.04937299469680667,0.04812832913692766,0.01423182726732719,0.04151102618282643,0.0182439389757576,0.01587030960336655,0.05510517324659414,0.027717037616834972
TACGGTAGTTATTCTC-D2_NoStim,0.019717588724704527,0.028891745149358883,-0.10875620200748948,0.06790101108112268,-2.3141775024271283e-05,0.0332368606396356,0.0390653985086189,0.030501720807455612
TACGGTAGTTCTCATT-D2_NoStim,-0.09164016040624112,0.00290389703254057,-0.1614823419314515,-0.00263896981342171,-0.014700291504013308,0.014670784127724268,0.024262033862989973,-0.03709951729342187
TACTCATCAAACTGCT-D2_NoStim,0.040286339057917786,0.06187298599148505,-0.20885069524627475,0.06803228019104424,-0.07828896200604873,0.05590907939289913,0.09760699708910314,0.025981997492110054
TACTCATTCGGTTAAC-D2_NoStim,0.08536040971930525,0.06593892618450425,0.37398818163988423,0.12664944719875137,0.19753166822255785,0.02714648584815471,0.27092090620477016,0.08209936730118983
TACTCGCCAGACGTAG-D2_NoStim,0.04641899766473756,0.07973590469583414,0.039991409438218994,0.041959374512607894,0.056863715867397246,0.007625241443658837,0.03229412143487753,0.04165642163293448
TACTCGCGTCCTAGCG-D2_NoStim,0.03587638716350661,0.047489967042730896,0.2738079091973411,0.05550537639986963,0.1751392622619914,0.05018394391840353,0.07356670633468898,0.053026896096152853
TACTCGCGTCTTGATG-D2_NoStim,0.005371535752127343,0.03475261602606494,0.2915672494782875,0.062118084772865956,0.2007819066951413,0.05426009606197013,0.20928485621216764,0.03579084413032341
TACTTACTCGTGGTCG-D2_NoStim,0.029635805380264557,0.04931806640633063,-0.016412746669173472,0.0623644424030374,0.038827503579607736,0.07099692818087178,0.11452686216520291,0.04061442816707306
TACTTGTAGATATACG-D2_NoStim,-0.059916441032211054,0.03288290113408898,0.1407588472354906,-0.05922446949444016,0.034723636818878134,0.0697555868099613,-0.05037118081377301,-0.07128907323795985
TACTTGTGTCCTCCAT-D2_NoStim,-0.08015641998160028,0.03345588042951064,0.11700505352097679,-0.037076636750802194,-0.1941462764678601,-0.2684302859081793,-0.1242193159482552,-0.07175166043122694
TAGACCAGTCTAAAGA-D2_NoStim,0.008205953421388301,0.040418808977010556,-0.16786674487872055,0.15446404866518115,0.1222564255695957,0.1643654516885391,0.14628303035824874,0.07678064475318713
TAGAGCTCAGCGAACA-D2_NoStim,-0.03715170619745045,-0.0031172099307710255,-0.2665995670089192,0.08050118559943797,-0.05865904370987174,0.06315759504877505,0.16154369791611778,0.013395384571490254
TAGAGCTCAGTATAAG-D2_NoStim,0.07985933444002669,0.05805793374561752,-0.042286726819112275,0.07464452527513643,0.023228956743899687,0.03200863506931917,-0.02942763128667636,0.05182858687734182
TAGAGCTGTTTCGCTC-D2_NoStim,-0.017548567128894632,0.05861480021914289,-0.0492135444828925,0.030133233280148275,-0.09394757520766817,0.0012152001853396044,0.0151200252941881,0.017196106947370282
TAGCCGGAGTGCGATG-D2_NoStim,-0.019119589260364833,0.006109392424836102,-0.18917713844162876,0.01940780818578247,-0.0017904071873378058,0.04956739663760956,-0.0007689412368154791,-0.01232825697571549
TAGCCGGGTCAGCTAT-D2_NoStim,-0.0407219977043507,0.004693800030914019,-0.23393146459171987,0.042240213887435374,-0.05427620114177145,0.09195966940587219,-0.04878247736654373,-0.001294376972490241
TAGCCGGGTCGACTAT-D2_NoStim,0.03644834234205874,0.05993295189991166,0.34590589247420844,0.08168654892206995,0.28960769603265213,0.030892181616377634,-0.04366146785757419,0.07910222909578302
TAGGCATAGAAGGCCT-D2_NoStim,0.06323105589128986,0.0696616458854411,0.1009608169960785,0.04522706680726252,0.1036485948156276,0.06573096156969527,0.04961012132062237,0.04946307441127473
TAGGCATAGACTGTAA-D2_NoStim,0.048484423873233595,0.04350924988950311,0.055747767496031386,0.18574659135428462,0.15221448073236488,0.1331672135601849,0.5036109136881173,0.08912270267934197
TAGGCATCACGGCGTT-D2_NoStim,0.0277076772810112,0.02692624265086252,-0.11243165644073194,0.020666549087497543,-0.11068757538308915,0.016104658694139573,0.07573771804136076,-0.0017058192900165636
TAGGCATCACTTCGAA-D2_NoStim,-0.04869970212799224,-0.00985076293143372,-0.18936184046139992,0.07011533887371968,0.08087984079465116,0.08844685112092598,0.02024624195346636,0.027042352481281284
TAGGCATCATTTGCTT-D2_NoStim,0.0021345969298049994,0.005855168649585352,-0.05949596363771548,0.08323924766542667,0.07482836743997368,0.09847344205865838,0.09897529159274843,0.060245183950229375
TAGGCATTCAATACCG-D2_NoStim,-0.04833180530419412,-0.03472367889284733,-0.19255409985349203,0.009516128470970386,-0.05365708752819742,0.04243110332422084,0.049299701359420744,-0.050229326415477615
TAGTGGTTCCCTCAGT-D2_NoStim,-0.11856712621933063,-0.035821074018755894,-0.3010052550812574,0.1613258452993147,0.05235196308860779,0.15901140891974475,0.2955724939947739,0.03162969748362876
TAGTTGGAGTGTCCAT-D2_NoStim,-0.026896439695519803,-0.0043317153953612575,-0.0849931980135068,0.06971491124004636,-0.01303490592030876,0.0868262389376131,0.08127010944458846,2.7525125410932105e-05
TAGTTGGGTAGCTCCG-D2_NoStim,-0.11275383937892514,0.01740992648136519,0.23591085393759847,0.01704729998747645,0.20789408218801952,-0.05167634825335021,0.2537880980348177,-0.09847152535254544
TATCAGGCAGATGGGT-D2_NoStim,0.11124482951824533,0.12896382827551633,0.2471718281081685,0.08900144744295346,0.07251209394072333,0.06603657827833942,-0.0485934961075829,0.08634577402878918
TATCTCAGTACACCGC-D2_NoStim,-0.013569508765471028,0.007203872865064298,0.1395529305199048,0.15221812295977344,0.19482300605072744,0.15603964963504513,0.23646639716078255,0.05206337388175086
TATCTCATCAGTGCAT-D2_NoStim,-0.1523860865021458,-0.03596542014779658,-0.21522830060601272,0.025918026823420703,0.00797733235943987,-0.007893718887249435,0.03298724379624929,-0.04313150660217069
TATCTCATCGGAGCAA-D2_NoStim,-0.019346811382186857,0.027523007805314137,0.030193107693342824,0.001176529376200719,0.1050676267806736,0.03548744659406822,0.08665380634942998,-0.024377331674450886
TATGCCCCAAGCGATG-D2_NoStim,-6.807680970055685e-06,-0.02172843069950936,-0.22820952255387184,0.03276090028478151,-0.039887565395202884,0.013000409477887054,0.01690912555976265,-0.0038326487742619264
TATGCCCCACGAAAGC-D2_NoStim,0.20457074574200362,0.1182757371533949,0.19486050957398326,0.07242041163172885,-0.04814730495699848,0.008777530723094173,0.017759396129696015,0.07229664426685822
TATTACCCAACACCTA-D2_NoStim,0.020323274386898404,0.05185474056628436,-0.11376116358454169,0.05207788922388623,-0.07246516458778807,0.03572178470369014,0.04520202580202959,0.030399053282744504
TATTACCGTGCGAAAC-D2_NoStim,-0.0975934717134006,-0.05286619320008512,-0.3100697946901363,-0.05160481392237237,-0.08360586687998861,-0.03239644400409247,0.1019312712489624,-0.060194828496966224
TATTACCTCCGTTGTC-D2_NoStim,0.05977970559404433,0.04468885115997345,-0.18435733574743907,0.1679948535704625,0.13311892854304475,0.2241806834218929,0.22194035388689937,0.060766940410708514
TCAACGAAGTCAAGGC-D2_NoStim,0.1689055279272118,0.17376154744536976,0.20876434909193087,0.09296622531092957,0.11262232781312775,0.04918225639341944,-0.0975564066094643,0.0861046780098107
TCAATCTTCGCTGATA-D2_NoStim,-0.008324701237242493,0.007995782851677902,-0.1291054565445684,0.01736803272462062,-0.01386495145184341,0.09112010012227678,0.060888489619217445,-0.008547989512727838
TCACAAGGTGATGTCT-D2_NoStim,0.00407797040900526,0.04725857821067869,-0.00809957935947736,0.044432732675174336,-0.1396372279176532,0.0047523695387319265,-0.010708715752227427,0.008328341161588426
TCACAAGGTTACAGAA-D2_NoStim,0.05470566951622935,0.06793786494884912,0.14842967020304876,0.0472188767836208,0.10737977498717477,0.042329733416303306,-0.011004880242533321,0.0643510968590526
TCAGATGAGCTGGAAC-D2_NoStim,0.04184819894914682,0.046870517710647874,-0.20927840571351553,0.22418979191501087,0.11063456917340453,0.22745488882242082,0.439266122842203,0.08446077141424979
TCAGATGCATCAGTAC-D2_NoStim,0.1850481874985821,0.16398471053621932,0.12156576249719286,0.1134456277741922,-0.1669876082259254,-0.027744807449593623,0.07659956644894894,0.08239261460295033
TCAGATGGTACCGCTG-D2_NoStim,0.015492769425772934,0.054488432434641965,0.0025494003816426414,0.052318722146191377,0.07852362849872918,0.011690579094010722,0.11297713956440081,0.04874169574583043
TCAGATGTCACCATAG-D2_NoStim,-0.013623340092170366,-0.0020782778450847417,-0.16193564940484073,0.03877618592482257,-0.10419616278981714,0.16496097366463847,0.0688289341866235,0.0004591634285358026
TCAGCAAAGCCGATTT-D2_NoStim,-0.0025760629541693447,0.023682446672832924,-0.2219487093022252,0.027419987813621205,-0.17663203840623254,0.07597742004161656,0.004001077019497146,0.012643938459127924
TCAGCTCAGAGCTGGT-D2_NoStim,0.022110290787587417,0.05408564610284472,-0.20149924234008054,0.04709532075485612,-0.10141402757425766,0.06202628904335228,-0.005465294778227658,0.009897379936536055
TCAGCTCCAACTTGAC-D2_NoStim,0.053883736397763116,0.0679953584446995,0.08091687052034402,0.07834957139608711,0.12294576127645129,0.031069697477673408,0.000553600081455663,0.0695743664393973
TCAGCTCGTACAGTGG-D2_NoStim,0.08025130828177929,0.0549866935218013,0.046534561587481704,0.09350196664052035,0.09304643975493931,0.11058723477146959,0.16704766749475652,0.07071841367914367
TCAGGATGTCGCTTTC-D2_NoStim,0.045733846768019504,0.0786402079898405,-0.03129094407123745,0.053349596821474776,-0.022609526293075888,0.04628179235091956,0.01705128272441936,0.04414232017368391
TCAGGATTCGTACGGC-D2_NoStim,0.04081224507874737,-0.009944029075708016,-0.23934932569325618,0.045255779786700145,-0.09147375987629403,0.1111049048778252,0.07213474375091122,0.03139820354706835
TCATTACGTAGCTCCG-D2_NoStim,-0.05167263625711627,-0.0453456245909436,-0.19172563578467816,0.009897698235983299,-0.020118656878569396,0.02480874030229785,0.05094780850645808,-0.0336303655043686
TCATTACTCTCATTCA-D2_NoStim,0.032488573620636174,0.0013061423903142355,-0.13457213490397635,0.0516417405755778,-0.09098271942866631,0.05771366711801651,0.00614684609940408,0.01767226887883311
TCATTTGAGGATCGCA-D2_NoStim,-0.0291966983441192,0.05616752884884946,0.1414945061021946,-0.021920627756015776,-0.0503476024482854,-0.11136776703551021,-0.11108658698016871,-0.016511256723143575
TCATTTGAGGTTACCT-D2_NoStim,0.07030955458179733,0.07729344415924544,-0.1305754935227359,0.07811974190715176,0.037076514728033416,0.11090848311709411,-0.01965925036665972,0.049888897246011865
TCATTTGAGTCCTCCT-D2_NoStim,-0.1227054778539518,-0.03991452564944176,-0.22504107330139078,-0.053956849982776944,-0.0636808259578352,-0.07368577582619995,0.019524010285572935,-0.07330502957192131
TCATTTGCAGGGTACA-D2_NoStim,-0.07131956867705469,0.00626744833022741,-0.14140466466492185,0.07230078257650696,0.08984035588203021,0.07140999762816858,-0.05989711633634709,0.024574780405570706
TCCACACGTACCAGTT-D2_NoStim,-0.11909337944012854,-0.015245185415734497,-0.19060490525038176,-0.09913145859303363,-0.021416653756350712,-0.17968020339151547,-0.16245212152572108,-0.09690513635646525
TCCACACGTCTAGCGC-D2_NoStim,0.04890913789419038,0.06580857829841591,0.03557240446983556,0.17102096775609787,0.08072898631146863,0.12561078726033514,0.4081800006776648,0.08680637231008781
TCCCGATGTGGTACAG-D2_NoStim,-0.08825666707970115,0.07363718611620307,0.0016728297019970029,-0.014848482919813222,-0.09244048381927783,-0.10839967842148468,-0.10478114954276041,-0.05162296925378129
TCGAGGCAGTAGCGGT-D2_NoStim,0.01996600454390851,0.03499660720438591,0.022456538351203648,0.022796905833407877,-0.03829500636889094,0.056273993002931455,-0.0002792790388159716,0.0257062167073272
TCGAGGCCAGATGGCA-D2_NoStim,0.03597944596469027,0.07302028747109546,-0.12310134556268792,0.03791665294852642,-0.10148460401775594,0.03684647445757605,0.04036624564743718,0.03820674174214389
TCGAGGCTCGGATGGA-D2_NoStim,0.01193349204994476,0.04087250422998778,-0.20871455480099854,0.05421889875609587,-0.12703454346746312,0.09083676617862046,0.05216893192334293,0.0023245739979600444
TCGCGAGTCCACTCCA-D2_NoStim,0.05998645398990732,0.0022993392659707013,-0.058368585200003764,0.010803605060052845,0.07560899971054269,0.09267606841584985,-0.029586708361999392,0.036235785360084094
TCGCGTTCAATCTGCA-D2_NoStim,0.06107726604216701,0.07103992038693008,0.25777524910543015,0.03276317153868469,0.08799771259712408,-0.03707063048174142,0.0374153162787394,0.06341293393405856
TCGCGTTTCCAAGTAC-D2_NoStim,0.058617909388367195,0.0860921701106463,0.043006150833472034,0.05692073626866012,0.07258651736374588,0.0023946766031821554,0.003332985659565857,0.06401881756626437
TCGGGACCAACACGCC-D2_NoStim,0.0211224817325526,0.059468009663159904,-0.1376859000068329,0.05854488091471488,-0.09991466618775924,0.052740717679121474,0.05386372402675166,0.029304228550103062
TCGGGACCACGGTAGA-D2_NoStim,-0.17613106389931588,-0.036862983988037,0.16827827106552817,0.15042355393182483,0.27355213983321747,0.16653447784443287,0.3187847219393811,0.0593531626135384
TCGGGACTCCTTGCCA-D2_NoStim,-0.08205795051838649,-0.0750759519511277,-0.146725868343772,0.03554048728333292,0.14514339029427958,0.09815817551855766,0.0846975411828268,-0.02732766186502289
TCGGTAACACATGACT-D2_NoStim,-0.005843822458379222,0.053069092366651915,-0.0651030161823023,0.03202532028260485,-0.12116379682482581,-0.0011041123223964888,0.013200916181911992,-0.007013334278184402
TCGGTAACAGCCAATT-D2_NoStim,0.07222696547322727,0.15446890728191676,0.17624605304103014,0.007884815372644738,0.07852949727217151,-0.028283320372708864,-0.08703534521231493,0.05268386570313055
TCGGTAATCAGTTGAC-D2_NoStim,0.030836073496972816,0.03809423714544735,-0.1327572237944974,0.2023540937540016,0.12170438605937761,0.1972541430331498,0.2858390057882314,0.09256092402959482
TCGTACCCATAGAAAC-D2_NoStim,-0.043054104167939755,-0.05439626341517467,-0.23520313522258185,0.033498101169350036,0.07096082800423353,0.05739343375052108,0.05996657672842698,-0.00298906290056955
TCGTACCGTCAAAGAT-D2_NoStim,0.1701527146157069,0.14776029816891345,0.20926459564871358,0.09421573373364289,0.1475238630349054,0.05654530794666002,-0.05827681577657007,0.08338088984620207
TCTATTGAGAGGTACC-D2_NoStim,0.06598596816957603,0.04551359386099563,0.29864510385375986,0.051853225867866115,0.09865553022813423,0.010151576590485156,-0.008719090820095587,0.07816806511251784
TCTATTGTCAGCTTAG-D2_NoStim,0.20358250787152166,0.17313843505053228,0.15565124643480033,0.11114556900311712,0.030855523278344066,0.06792190512171992,0.060137979246245976,0.09422306627559429
TCTCATACAACTGCGC-D2_NoStim,0.034633055784279776,0.016204118763386788,0.07125001858128144,0.060930476300665504,0.06807299137383716,0.07658101383342775,0.018810070161755732,0.041262245998414215
TCTCTAAAGCGACGTA-D2_NoStim,0.022477852803600484,0.10531749400899315,0.06537389737687782,0.027979791064238313,0.021338167861191693,-0.00981953666662605,-0.02006958630897593,0.010064813636910586
TCTGAGACAGTACACT-D2_NoStim,0.015273026940421985,0.013799665115145743,-0.24948059934974864,0.057107847642152265,-0.060359268784145215,0.09872610934115045,0.0068077099309205025,0.022038679026122665
TCTTCGGAGCCCTAAT-D2_NoStim,0.05509623461962576,0.07608551042556932,0.21754799315810658,0.04581894407410836,0.07532571689386636,-0.028038550148078656,0.02606230755572092,0.054943919735007896
TCTTCGGAGGCAAAGA-D2_NoStim,0.028110940746424617,0.05835398643733569,0.16929427486677362,0.0762786861237128,0.23982229385649845,0.08865433328547567,0.04716223919560125,0.04588796339189827
TCTTCGGCATGTCCTC-D2_NoStim,-0.23357363950484533,-0.04544340853822604,0.06934007747052995,-0.012571755325666345,0.26045755611906074,-0.09486174677951364,-0.19763785089181507,-0.10512827787758638
TCTTCGGTCTTCGGTC-D2_NoStim,0.030093437003340995,0.03242777391466234,-0.062064220095004785,0.032893719433554125,-0.03620415371286789,0.07387001643209867,-0.0017132011022749083,0.012558656834318782
TGAAAGACACAACGCC-D2_NoStim,-0.03558990378823523,0.022542112419484894,0.09841364991276258,0.019581160185786928,0.08684099850046145,-0.04270150528432204,0.08472363922120829,-0.011512687389366505
TGAAAGACAGGCGATA-D2_NoStim,-0.09400374011894286,-0.030189536453464783,-0.08793886750307145,-0.004916670659598665,0.16064545740504776,0.07437073405330707,0.02135159569002365,-0.037419690814514794
TGACAACCAGTTCATG-D2_NoStim,-0.21134120127389444,-0.025663290162695418,0.32377689177328683,-0.015725579272945822,0.3200781739084757,0.00783148980192827,0.06585564070446814,-0.07339255729461236
TGACGGCAGCCAGTTT-D2_NoStim,-0.11579968279369801,-0.0689223875913445,-0.3541972735374479,-0.10284949855028103,-0.146654531893061,-0.13890997440927055,-0.11108858708384517,-0.10505940227044164
TGACTAGAGATCGATA-D2_NoStim,-0.08371367953698616,-0.04201929211711075,-0.12174496290050385,0.1409384954347157,0.15159417429448396,0.19320017336637285,0.3670104080296035,0.042414424674021234
TGACTAGGTAGGGTAC-D2_NoStim,0.004873436631047667,0.04284159661141551,-0.06771257844562051,0.056025098412927576,-0.1210453911284155,-0.01357810375021451,0.038284849391324816,0.015960133657307196
TGACTTTGTATTCTCT-D2_NoStim,-0.14261893281205396,-0.04923673782063176,-0.25011269182182083,-0.02683751248970978,-0.0005567520324696318,-0.0842298348975401,-0.12764758700751067,-0.08189258973433056
TGAGCATAGGGTATCG-D2_NoStim,0.038084862510881834,0.06927514865317441,0.08379378183271768,0.05789228067991914,0.016782740050393485,0.03167363270219603,0.08356357694284089,0.03761785699673226
TGAGCCGCATTGGCGC-D2_NoStim,-0.040649675970140464,0.05360320917235484,0.09348794144125705,-0.050560198535213985,-0.03195592954091886,-0.09584551221271553,-0.05452242390816142,0.01936111111819372
TGAGCCGGTAGAAGGA-D2_NoStim,0.07924958646888669,0.05903614470503271,0.12183695300086583,0.10499231526195274,0.12907797059936854,0.07388614207255895,0.15549100678618188,0.08150986819878447
TGAGCCGTCAGCAACT-D2_NoStim,-0.09448964539190996,0.03413737471848144,0.1039538304058194,-0.04307374917223683,0.21937019692796866,0.0008968498726176222,0.04410501462658356,-0.05665535211959494
TGAGGGAGTCCATGAT-D2_NoStim,0.12287955003656315,0.11579868881849009,0.24074404700191465,0.027693679221140854,0.09460534063986081,-0.04855043771668477,-0.09327323807060495,0.050286002392210705
TGAGGGAGTTATGTGC-D2_NoStim,-0.03487792720795646,0.020210304552835012,-0.12340357530572454,0.1264668919208578,0.09293411241946714,0.17240463158198693,0.20344814445421822,0.04485407952785714
TGATTTCAGCGCTCCA-D2_NoStim,0.13781590284911793,0.10063450558519804,0.15006622698538763,0.0825047840754376,0.09927660908893543,0.06608075944313718,0.04398007324562059,0.07006447551181694
TGATTTCTCCTTTCTC-D2_NoStim,-0.062370665219809496,0.06404380537424181,0.009334148803723963,0.026831537855024123,-0.2912227425281593,-0.19368256635560321,-0.15687995781112196,-0.013663021882074133
TGCCAAACACGACGAA-D2_NoStim,-0.0703613267480705,0.06386879814890101,-0.04681468918864162,0.06960229543025243,-0.3265455366938177,-0.1669486478471871,0.6484023805148924,0.008749915467923586
TGCCCATCACATCCAA-D2_NoStim,0.10498022524023476,0.06941637470955975,0.24975793834541982,0.09623924455882715,0.12303251816809357,0.02350044082704006,0.050338703949445396,0.08265565387262441
TGCCCATGTCCCGACA-D2_NoStim,-0.11482125794168496,0.055853282684843464,0.13091848526709526,-0.05478566794468165,-0.0817802463952777,-0.18553466823507314,-0.2070959236084624,-0.07308763079374181
TGCCCTAAGACTAGAT-D2_NoStim,0.08452354694042974,0.07019415743695845,0.364226269013745,0.1277031862474498,0.2261896367065912,0.07899501118252683,0.27541578295176183,0.11388604909362954
TGCCCTACAATCCAAC-D2_NoStim,0.0775181527064337,0.06478474208379303,0.014538540528892696,0.12756810874018676,0.12525250544519118,0.13351739985004585,0.12271502770995468,0.07509040419962609
TGCCCTAGTTATCACG-D2_NoStim,-0.09342709505031621,0.023522322060969714,0.23937195474715267,0.015112313354558538,0.07389763552580852,0.12317659143854165,-0.021041276129302844,-0.015042453020358337
TGCGGGTCATCTGGTA-D2_NoStim,0.03801756860060124,0.08208854094665341,-0.02267518393361989,0.04454112924181253,-0.13966239196698638,-0.019495314064449154,0.033923460150107054,0.031837899215688026
TGCTACCAGCTCAACT-D2_NoStim,0.07833009040777128,0.0513017735110779,0.052953140849426816,0.09413655615802341,0.11542976295088181,0.07458840390487609,0.07821565100237038,0.07355951312248088
TGCTACCAGTGCGTGA-D2_NoStim,-0.022938822071337128,0.027824594722613227,0.13926218316032113,-0.0020468759385661173,0.2484817622545048,-0.06660642861238308,-0.051913765770536635,-0.037241852888783455
TGCTACCCATGGGACA-D2_NoStim,-0.20194993260232863,-0.021077162997768184,0.33965739235462067,-0.09064110152838012,0.4115304363172072,0.005751030154869774,-0.23874476231011688,-0.09833644449114942
TGCTACCTCAATAAGG-D2_NoStim,0.09970001489454106,0.1294243309819869,-0.03980886914746584,0.09756776312429949,0.07493250428279374,0.1413426575455663,-0.040299198943371195,0.08157519632590216
TGCTGCTAGGTGCTTT-D2_NoStim,0.06490665597033285,0.06381424372118794,0.09519978953421848,0.02944683979890428,0.06556156274028879,-0.034279715187487625,0.09409991601772649,0.04771804313355865
TGCTGCTTCAACCAAC-D2_NoStim,0.12830295114082446,0.14044534159639,0.13756657649954107,0.07308258987606031,0.026596562118323064,-0.020794679964206253,-0.016727248574634146,0.061710059111748095
TGGACGCAGACAGGCT-D2_NoStim,-0.04940203097869755,0.0026169742484221103,-0.26594747098693894,-0.009306757916620612,-0.15799371966669185,0.0019263724318001607,0.013267368022387593,-0.019520947419444212
TGGACGCGTCTAGCGC-D2_NoStim,0.09450408595835746,0.10614672554115678,0.17873655661674093,0.058191950176345486,0.11220555243597907,0.01577711346810684,0.0427491124102275,0.06626059590225886
TGGACGCTCCCTCAGT-D2_NoStim,-0.015785878568559397,-0.0312032557055808,-0.2768766986756308,0.05981157782711222,-0.06103601792455393,0.08617015071162548,0.07201657746041201,-0.0010847393226018909
TGGACGCTCTCACATT-D2_NoStim,-0.055734706401938894,0.0018946389275278364,-0.20646516222520717,-0.01421730042435776,0.06315421392478449,0.06645400629243703,0.04162248771812571,-0.029278765783177008
TGGCCAGAGACAGGCT-D2_NoStim,-0.13916157914309402,-0.0597658980477469,-0.2347614210794262,-0.06833800032197068,-0.0313529366581875,-0.0812365596018152,-0.08042122569678778,-0.09904214616000395
TGGCCAGTCCTGCCAT-D2_NoStim,-0.1476149774683364,0.05419828748443223,0.3612777310394133,-0.09871964952026424,-0.038790340897735476,-0.3442352112804681,-0.12580778879466248,-0.08259861009348946
TGGCTGGAGAGCTGCA-D2_NoStim,0.07646374087078378,0.07411156194919499,0.24294710451265367,0.03918922086050536,0.055602695263248236,-0.011007913353702214,0.10288344086769285,0.05885255051039984
TGGGAAGCAAAGCAAT-D2_NoStim,0.045309872395062456,-0.015326375455201102,-0.07434618387416592,0.06167076070836863,0.04558857983528419,0.06829004344323408,0.016214977509690698,0.008187937583597815
TGGGCGTAGGGCTTGA-D2_NoStim,0.09618309801966518,0.09420576156506222,0.05205972609855003,0.08400584737917605,0.12022640978876353,0.04561886921877267,-0.028734701572931787,0.06932352754055415
TGGGCGTAGTGCGATG-D2_NoStim,0.11668076778320291,0.1155844632836942,0.25464179856832025,0.054493752593122835,0.10782866713503125,0.02150685043118017,0.04379289056558999,0.07572726682475306
TGGGCGTCACTAAGTC-D2_NoStim,0.0138734050927809,0.042535307956731216,0.1534688711480232,0.08179133278785855,0.15890983357934907,0.0709092037554182,0.1744325961719655,0.07550490697430767
TGGGCGTCAGCAGTTT-D2_NoStim,0.08648199972915727,0.044821097430814305,-0.0727810972691163,0.12886194349834135,0.09237670489652139,0.161205523761482,0.08284053621317522,0.0698791362475859
TGGTTAGAGTTGTAGA-D2_NoStim,0.08878698657714956,0.015064375828437448,-0.08481621247033111,0.05834246641544105,0.014498587126647422,0.05870354381588072,0.07523688416257901,0.06920842653233628
TGGTTAGCAGACAAGC-D2_NoStim,0.010583728538444248,0.020987372590630216,-0.09343446996186167,0.1277377972401066,0.0704318510516373,0.11290552368588713,0.12086873733944703,0.05749939793625636
TGGTTCCTCAGGTAAA-D2_NoStim,0.1354047207194622,0.14903426875766534,0.18301793539967548,0.09637338742911261,0.1092377642906861,0.04522078462283563,-0.05537547558314415,0.08929632128648102
TGGTTCCTCGGAGCAA-D2_NoStim,-0.05318621224716047,0.007699175140864156,0.057193471441388866,-0.06554001893704964,-0.07473942758800156,-0.07605027494360961,-0.041806243648716546,-0.006407219107240181
TGGTTCCTCTGCTGCT-D2_NoStim,-0.018207451339186775,-0.0129908322103649,-0.18019163895892554,0.04313582454272513,-0.067378761995748,0.06364913525197036,0.0921015185094114,0.012476136613660316
TGTATTCCAGTCACTA-D2_NoStim,0.11557750977697623,0.07323110559289425,-0.027751049897403846,0.16194863231960355,0.17462574242059503,0.23774195937291154,0.1392284910419841,0.10429613625255207
TGTATTCCATGTTGAC-D2_NoStim,0.04273029833274222,0.04862125025422159,0.09645921257837387,0.07739429960415833,-0.1378129755921158,0.062124351046842996,0.09082271442504597,0.03415558958295151
TGTATTCGTGACAAAT-D2_NoStim,-0.04661201792874259,0.0495968537052498,0.10163133531287016,0.033421146977602234,0.03279643112499642,0.07948077376805696,0.1305350001480181,0.04514654114798411
TGTATTCGTTTGCATG-D2_NoStim,0.053725615345902256,0.07570515891536367,-0.07233307841921999,0.05689063287320195,-0.11291257740529304,0.060214494151861864,0.03780222163564417,0.04585562549496025
TGTCCCAAGGGATGGG-D2_NoStim,-0.004952299428065743,0.03417450105590092,-0.21705198727858743,0.02432097884816642,-0.11531357252075125,0.04328078616420061,0.011515452997529874,0.005059429196450083
TGTCCCATCAGCAACT-D2_NoStim,-0.04933892055362499,-0.0400164946680821,-0.0924105399202837,0.03421830128691994,0.06705950446514031,0.06574332139147643,0.05304371155316545,-0.032954742141173554
TGTCCCATCGCAGGCT-D2_NoStim,-0.009556244125972668,0.05207133977105194,-0.02040713731260624,0.006914884983372005,0.2092244572444919,0.04616040946263844,0.07543203849584934,-0.015232812637922422
TGTGGTAAGAATGTTG-D2_NoStim,-0.12680505422129684,0.04878505919603704,0.04009112324472319,0.043839662671180335,-0.2614705871977616,-0.10950169389603204,0.07277247376730145,-0.03242146795372847
TGTGGTACACACCGCA-D2_NoStim,-0.05025691949984257,0.05093257735770074,-0.015034343680264683,-0.022548684870518088,-0.10981268256340648,-0.04553918443350824,0.011524109423599604,-0.017612580566625624
TGTGGTACACCCTATC-D2_NoStim,0.12758836174132782,0.13019581897567,0.2306226831998277,0.06305049927111916,0.0711591711527646,0.013800708209021906,-0.004599878809033342,0.07882694343910224
TGTGGTACAGTGAGTG-D2_NoStim,-0.02540804228353899,-0.013694668903289298,-0.1557805633041447,0.03196200990328535,0.11468894549465425,0.10962807538777586,0.08758458967859539,-0.005890443319184868
TGTGGTAGTCTTCTCG-D2_NoStim,-0.0840356012627943,0.05602903732496323,0.18688359573310898,-0.050886149888299315,0.19612693403695225,-0.1318228086669464,-0.15993320657737176,-0.034446633535313964
TGTGTTTCAGAGTGTG-D2_NoStim,0.12046157790903855,0.06112882864664648,0.11422473340519446,0.11708508501665982,0.0958276839025114,0.09753537316480276,0.18830220434869105,0.0931473316550413
TGTTCCGGTTCAGGCC-D2_NoStim,0.0018261644278396716,0.005120643642426259,-0.17406907082590095,0.1389834478328673,0.08442394731013536,0.14666563653215814,0.15479468357197845,0.06604574189895906
TTAACTCGTCTTGCGG-D2_NoStim,0.09263622632345658,0.04587882427078682,-0.21654336912252248,0.14590095608042652,0.116860414828027,0.19781728887660766,0.08914576378028194,0.08237980668562273
TTAGGACTCGCACTCT-D2_NoStim,-0.05953044636584259,-0.021593406547891547,-0.2153415507355092,0.03378846619228426,-0.07009982758865618,0.046102304328901056,0.08654027711117251,0.0010069082832178111
TTAGTTCCAACACCCG-D2_NoStim,0.042566396252457395,0.016929280424113458,-0.16163987278942216,0.07282839727783141,-0.1058034907786265,0.09149019023132521,0.047031165993979496,0.01525313541065998
TTAGTTCCATTAGCCA-D2_NoStim,-0.05390360710266684,-0.0381601215095273,-0.2868408889006453,0.20055809276675873,0.11288339949347481,0.20302899992968282,0.31030702628105367,0.0749698569018431
TTAGTTCTCTTGCAAG-D2_NoStim,-0.00522281869680441,0.0058923561381512,-0.33062341662643036,0.0409432814154691,-0.10908956061846453,0.10146977786688716,-0.0034302949774080993,0.02602300814657177
TTCCCAGGTGAGTATA-D2_NoStim,-0.13487618874742502,0.04478184091645865,0.11151910702950651,-0.0324438562214997,0.01362625925726313,-0.06203412892736182,0.005904952723434942,-0.06307657076912321
TTCCCAGTCGAACGGA-D2_NoStim,0.05877520413352677,0.0478198267022556,0.21701220160795032,0.06172940835687157,0.0988561385262301,0.05893142450475963,0.08389670760185286,0.033159178212274654
TTCGAAGTCATGTAGC-D2_NoStim,0.008151074674984216,0.05144242654635889,-0.27257760183138124,0.04724032968171521,-0.13788158090452818,0.07845367191731878,0.02572596789730275,0.011609910709607263
TTCGAAGTCGGCGCTA-D2_NoStim,-0.04231507917416977,0.037349618110821936,0.19791586914693404,0.053156247254193545,0.027634594901606135,0.05140969481810842,0.08413336278425598,0.020464045771452888
TTCGGTCAGGTGCACA-D2_NoStim,0.0638511809733675,0.07143140783451152,-0.07881540659659336,0.07457192776960753,0.052701466675159736,0.1177630311999005,0.06245283821193581,0.05413505861210233
TTCTACACATTCCTGC-D2_NoStim,-0.0038472705345462543,-0.05071027698870623,-0.102682794900403,0.03771619130785453,0.028628957906263963,0.15129699053588386,0.052769024306428935,-0.006624181099944337
TTCTCAAAGAGTAATC-D2_NoStim,-0.03418449780060051,-0.05174515226491927,-0.14173908933909551,0.03837912246173758,0.1312517226282619,0.067549151603151,0.06925549678431864,-0.02098002793428755
TTCTCAAAGGCACATG-D2_NoStim,0.07183838187316027,0.09870616442051272,0.026499386433552985,0.08276356243714211,0.11031819324568026,0.11149690125076539,-0.008430770312037428,0.08276205298721706
TTCTCAATCCACGCAG-D2_NoStim,0.03494515075671423,0.09206085337613779,-0.11982623367952172,0.036019624904810144,-0.0005580949143606517,-0.021296137397841086,0.0038683105355836744,0.0343917948181609
TTCTCCTCAACTGCTA-D2_NoStim,0.009803961645081571,0.0018595058318133795,-0.16320204532725313,0.03723738831561896,-0.02682090155123973,0.07455020959679981,-0.011328610772185499,0.004162236185219825
TTCTCCTGTAAGGGAA-D2_NoStim,-0.09333405835937647,-0.014776751427163504,-0.20734265177296685,0.11628913125412232,0.14456470145077382,0.07156411439676624,0.2012003571767753,-0.0009685316002094879
TTGAACGCAATGTAAG-D2_NoStim,0.03209325845919331,0.079356107812389,0.17174374065973375,0.04067180449190566,-0.06137277538647368,-0.011783125154819274,0.025818924038915725,0.02744496750083414
TTGAACGCATAGAAAC-D2_NoStim,0.0191783231194389,0.04557681300708438,-0.05261688705694212,0.048279034316529135,0.009198811514465888,0.0745327186097633,-0.03852190428185631,0.037825688708986505
TTGAACGCATGACGGA-D2_NoStim,0.09390898612834242,0.10344200813332805,0.16319821518822053,0.06436933478200935,-0.0009515539930742278,-0.0064798278733473325,0.016122297974974664,0.05560157990876924
TTGAACGGTCCGTCAG-D2_NoStim,-0.11572665638206026,0.050574899553806674,0.2603461231362001,-0.18210786519294864,0.3253146739546686,-0.07392327403412402,-0.14841924203255186,-0.08908177083995206
TTGAACGTCACGCGGT-D2_NoStim,0.0677423466328424,0.07538111575929385,0.1361129655055624,0.05402165602779618,0.11972104811701101,0.0012455131779383066,0.03989868134537655,0.08054074569685632
TTGAACGTCTTAACCT-D2_NoStim,-0.024229645488418328,-0.02457132108886384,-0.07130264766972871,0.03495480455293709,0.055020339366308235,0.057959877029301055,0.06097675393850377,-0.0131476032624267
TTGACTTTCTGAGGGA-D2_NoStim,-0.16302072669958712,0.04894614755189508,0.0884886851100557,-0.014349512645070561,0.19083587545049596,-0.13224391649960587,-0.13087433709230467,-0.0803078809038027
TTGCCGTAGATGTAAC-D2_NoStim,0.020129739239237665,0.0032622028097772926,-0.2267654005414137,0.002346657448466516,-0.03656371600957797,0.04298353167468516,-0.13575187666942679,-0.006489044309788028
TTGCCGTCAGGGCATA-D2_NoStim,0.028591939520477894,0.03737574818206468,-0.1819594795836501,0.08875590678102974,-0.1140312019918106,0.15414116127143096,0.09193621912530103,0.029788126774057844
TTGCGTCCACCATGTA-D2_NoStim,0.09368355175192633,0.09736250614715125,0.250785748724244,0.09360059287491929,0.08878183876137768,0.06500419283409009,0.05589638282653375,0.06866669251950697
TTGCGTCCAGGGTATG-D2_NoStim,0.12968228451856056,0.12378966580951989,0.07231439849756782,0.1034302354582497,0.11663605488772966,0.04399849612780571,0.04354966351664569,0.08069015436415228
TTGCGTCTCCCTTGTG-D2_NoStim,-0.03142921936532339,-0.032832539471016275,-0.09001479393097434,0.019450696489711206,-0.04509105549819026,0.009299350604584866,0.0671481445534563,-0.011841075250377031
TTGCGTCTCTGCTGTC-D2_NoStim,0.034593371911597615,0.06935904083864308,0.2644362310307482,0.0003678361748384873,-0.017906161056526315,-0.04132054430064436,-0.06045166325915563,0.032896553250401084
TTGGAACAGATGTGGC-D2_NoStim,-0.015842839749032223,-0.00367078896753803,-0.12569718647928063,0.02337145331993362,-0.07709439950711428,0.061441214315385295,0.015647700176796064,-0.00018431409654695585
TTGGCAACAGTCTTCC-D2_NoStim,-0.10500122182501492,-0.007835908645345668,-0.2032903575907934,0.10100450684483064,0.14521625265633098,0.06886122632866698,0.21160342679370991,0.029142831334727504
TTGGCAATCTAAGCCA-D2_NoStim,-0.11479805613905825,0.025690660455776282,0.1348314616322277,-0.07326939215415607,0.03961676548449056,-0.08017960570434113,-0.0205656535070049,-0.0872534164325991
TTGTAGGGTCTGGAGA-D2_NoStim,-0.27448293473606356,-0.045476919135412075,0.18748161928105667,-0.10949657619009656,0.2689392395302779,-0.20069999267911065,-0.07817041241095346,-0.1426517795549902
TTTATGCAGTCCTCCT-D2_NoStim,-0.084872355133502,-0.04294403728199114,-0.3649882041218451,0.13177756904127236,-0.08688843580678096,0.1963022235848193,0.46929025254697,0.04881026374154018
TTTATGCGTTACTGAC-D2_NoStim,0.08781008596589501,0.04453982321114225,0.2561497976678062,0.10105434237128996,0.1634513237852655,0.0637906751084687,0.11175878704036002,0.0792906466401
TTTATGCTCCGCATAA-D2_NoStim,-0.05064230367102418,-0.022543095959774107,0.01605694375027511,0.05424074341803653,0.09613817844119588,0.08886135771956294,0.10645550252315594,0.03530159365175223
TTTGCGCAGAATTGTG-D2_NoStim,-0.06798167243374031,0.00661667700006241,-0.21417788722957098,0.00048151001189111753,0.05850429136759594,0.02317476994272294,0.026384522943061484,-0.04080742567069251
TTTGCGCTCACGCGGT-D2_NoStim,-0.08121352934189652,-0.015855815473321044,-0.11642551362002962,0.030552636541772316,0.04137043888354164,0.039049302295154575,0.08206906135748016,-0.025036945906094843
TTTGTCAAGATAGGAG-D2_NoStim,0.07361993944630285,0.0694301604671157,0.2180367882035945,0.12733933870872782,0.08686944256951712,0.08680823602522914,0.2764609099446744,0.09001410331929272
TTTGTCACACATGTGT-D2_NoStim,-0.006766734761480819,0.016849619218957557,-0.20497143105008853,0.08589285729534524,-0.10934139237661,0.053947788644284955,0.14464329758425531,0.03178127173817913
TTTGTCAGTTCGCGAC-D2_NoStim,-0.0379236602161086,0.05256977419393394,0.0450526370044706,0.023833297082870075,0.18957132238189622,0.008586265268007764,0.012312775793435371,0.008749231871988172
