,Gene_set,Term,Overlap,P-value,Adjusted P-value,Old P-value,Old Adjusted P-value,Odds Ratio,Combined Score,Genes
0,GO_Biological_Process_2023,Oxygen Transport,0.5,2.230118159073867e-12,7.371332848677345e-10,0,0,712.9285714285714,19127.136792351124,HBZ;HBG2;HBG1;HBA1;HBD
1,GO_Biological_Process_2023,Carbon Dioxide Transport,0.45454545454545453,4.0838409133946506e-12,7.371332848677345e-10,0,0,594.077380952381,15579.075239778886,HBZ;HBG2;HBG1;HBA1;HBD
2,GO_Biological_Process_2023,Gas Transport,0.3333333333333333,2.6422452858383547e-11,3.1795018272921524e-09,0,0,356.375,8680.15708756004,HBZ;HBG2;HBG1;HBA1;HBD
3,GO_Biological_Process_2023,Hydrogen Peroxide Catabolic Process,0.25,1.3562559690037347e-10,1.2240210120258704e-08,0,0,237.52380952380952,5396.8076893708285,HBZ;HBG2;HBG1;HBA1;HBD
4,GO_Biological_Process_2023,One-Carbon Compound Transport,0.14285714285714285,2.7906643215629542e-09,2.014859640168453e-07,0,0,118.67261904761904,2337.492935114402,HBZ;HBG2;HBG1;HBA1;HBD
5,GO_Biological_Process_2023,Positive Regulation Of Cell Death,0.1,1.7897949498221093e-08,1.0768599614763022e-06,0,0,79.05555555555556,1410.238827227498,HBZ;HBG2;HBG1;HBA1;HBD
6,GO_Biological_Process_2023,Regulation Of Cell Death,0.0847457627118644,4.184908474794598e-08,2.158217084858357e-06,0,0,65.84986772486772,1118.7363034301152,HBZ;HBG2;HBG1;HBA1;HBD
7,GO_Biological_Process_2023,Response To Reactive Oxygen Species,0.045454545454545456,0.0001744626073320664,0.0078726251558594,0,0,31.593650793650795,273.4051391529914,GSTP1;HBA1;APOE
8,GO_Biological_Process_2023,Organonitrogen Compound Biosynthetic Process,0.024390243902439025,0.0010822928962036,0.0434119706143913,0,0,16.539166666666667,112.94056807513653,ALAS2;GSTP1;APOE
