,Gene_set,Term,Overlap,P-value,Adjusted P-value,Old P-value,Old Adjusted P-value,Odds Ratio,Combined Score,Genes
0,GO_Biological_Process_2023,Polyamine Metabolic Process,0.18181818181818182,8.193318465282479e-05,0.0101191970855149,0,0,192.9082125603865,1815.1903638966749,ODC1;SRM
1,GO_Biological_Process_2023,Biogenic Amine Metabolic Process,0.16666666666666666,9.824463189820386e-05,0.0101191970855149,0,0,173.6086956521739,1602.0697145166423,ODC1;SRM
2,GO_Biological_Process_2023,DNA Replication Checkpoint Signaling,0.11764705882352941,0.00020167031602328324,0.0138480283669321,0,0,115.71014492753623,984.5633090082882,CDC45;CLSPN
3,GO_Biological_Process_2023,DNA Replication Initiation,0.09523809523809523,0.00031045069158490754,0.0159882106166227,0,0,91.33180778032036,737.731350520009,CDC45;ORC6
