,Gene_set,Term,Overlap,P-value,Adjusted P-value,Old P-value,Old Adjusted P-value,Odds Ratio,Combined Score,Genes
0,KEGG_2021_Human,Lysosome,0.0859375,1.4914833551693051e-09,2.416203035374274e-07,0,0,14.502136752136751,294.7340990121816,CD164;ASAH1;ATP6AP1;CTSL;NPC2;NEU1;PSAP;CTSZ;CLTA;CTSC;CTSB
1,KEGG_2021_Human,Antigen processing and presentation,0.0641025641025641,0.0002119747604355869,0.0171699555952825,0,0,10.114496013085258,85.5589601867991,HSPA8;CTSL;PSME1;HLA-C;CTSB
