,Gene_set,Term,Overlap,P-value,Adjusted P-value,Old P-value,Old Adjusted P-value,Odds Ratio,Combined Score,Genes
0,KEGG_2021_Human,Protein processing in endoplasmic reticulum,0.03508771929824561,1.454143931095187e-06,0.00014396024917842352,0,0,19.992929292929293,268.7268258473754,DNAJC3;PPP1R15A;HSP90AB1;HSPA5;CALR;HSP90B1
1,KEGG_2021_Human,Antigen processing and presentation,0.038461538461538464,0.0005871230009292265,0.0273940194806014,0,0,20.392820512820517,151.7282174890631,HSP90AB1;HSPA5;CALR
2,KEGG_2021_Human,Lipid and atherosclerosis,0.018604651162790697,0.0010554659282084,0.0273940194806014,0,0,9.851334497380892,67.51881011071659,CDC42;HSP90AB1;HSPA5;HSP90B1
3,KEGG_2021_Human,Prostate cancer,0.030927835051546393,0.0011068290699232,0.0273940194806014,0,0,16.25531914893617,110.6378642299196,HSP90AB1;CTNNB1;HSP90B1
4,KEGG_2021_Human,Salmonella infection,0.01606425702811245,0.0018106103222769,0.0358500843810834,0,0,8.469602577873255,53.477843916796814,CDC42;HSP90AB1;CTNNB1;HSP90B1
