,Gene_set,Term,Overlap,P-value,Adjusted P-value,Old P-value,Old Adjusted P-value,Odds Ratio,Combined Score,Genes
0,KEGG_2021_Human,Malaria,0.1,1.7897949498221093e-08,4.653466869537483e-07,0,0,79.05555555555556,1410.238827227498,GYPA;GYPC;GYPB;HBA2;HBA1
1,KEGG_2021_Human,Riboflavin metabolism,0.25,7.34634191149693e-05,0.0009550244484946008,0,0,214.63440860215053,2043.045476334213,ACP5;BLVRB
2,KEGG_2021_Human,African trypanosomiasis,0.05405405405405406,0.0016958957284412,0.0146977629798237,0,0,36.7410138248848,234.3909225442032,HBA2;HBA1
3,KEGG_2021_Human,Porphyrin and chlorophyll metabolism,0.046511627906976744,0.0022852225093912,0.0148539463110428,0,0,31.35483870967742,190.6779260779712,ALAS2;BLVRB
