,Gene_set,Term,Overlap,P-value,Adjusted P-value,Old P-value,Old Adjusted P-value,Odds Ratio,Combined Score,Genes
0,KEGG_2021_Human,Ribosome,0.02531645569620253,3.528661726958001e-06,0.00014467513080527807,0,0,51.51168831168831,646.7082234464089,RPS4X;RPL3;RPS6;RPL7
1,KEGG_2021_Human,Coronavirus disease,0.017241379310344827,1.611930944318958e-05,0.0003304458435853864,0,0,34.66315789473684,382.52502453071526,RPS4X;RPL3;RPS6;RPL7
